representation,repeat,fold,inchikey,name,T_K,hbd,hbond_donor_count,target,prediction,onsager_epsilon,applicability_domain
Morgan,0,0,BTANRVKWQNVYAZ-UHFFFAOYSA-N,butan-2-ol,298.15,1,1,16.6,10.0917692184,8.35397764198,outside_associated_liquid
Morgan,0,0,CRVGTESFCCXCTH-UHFFFAOYSA-N,N-methyldiethanolamine,300.65,2,2,22.12,23.4431686401,10.6262172267,outside_associated_liquid
Morgan,0,0,DKGAVHZHDRPRBM-UHFFFAOYSA-N,2-methylpropan-2-ol,298.15,1,1,12.49,13.0601243973,6.90436439321,outside_associated_liquid
Morgan,0,0,DURPTKYDGMDSBL-UHFFFAOYSA-N,dibutyl ether,298.15,0,0,3.106,3.92127847672,2.81657790905,inside_domain
Morgan,0,0,HQWOEDCLDNFWEV-UHFFFAOYSA-M,1-ethyl-3-methylimidazolium diethyl phosphate,298.15,0,0,16.9,16.1731643677,96.6466343683,inside_domain
Morgan,0,0,IEJIGPNLZYLLBP-UHFFFAOYSA-N,dimethyl carbonate,298.15,0,0,3.134,15.6793985367,1.5899816096,inside_domain
Morgan,0,0,LYCAIKOWRPUZTN-UHFFFAOYSA-N,"1,2-ethanediol",303.15,2,2,39.84,23.4431686401,15.3073129364,outside_associated_liquid
Morgan,0,0,PEDCQBHIVMGVHV-UHFFFAOYSA-N,glycerol,303.15,3,3,41.17,33.8228225708,13.4501001088,outside_associated_liquid
Morgan,0,0,SBZXBUIDTXKZTM-UHFFFAOYSA-N,"2,5,8-trioxanonane",298.15,0,0,7.3815,7.55787992477,14.0264717054,inside_domain
Morgan,0,0,UAEPNZWRGJTJPN-UHFFFAOYSA-N,methylcyclohexane,298.2,0,0,2.01,9.83333396912,1.10998539605,inside_domain
Morgan,0,0,UEEJHVSXFDXPFK-UHFFFAOYSA-N,"2-(N,N-dimethylamino)ethanol",303.15,1,1,17.18,24.3173046112,2.86613042866,outside_associated_liquid
Morgan,0,0,UODQEMVTULZGKO-UHFFFAOYSA-N,"1-pentyl-1-methylpyrrolidinium 1,1,1-trifluoro-N-[(trifluoromethyl)sulfonyl]methanesulfonamide",298.15,0,0,12.5,12.2564916611,24.4937811978,inside_domain
Morgan,0,0,UPCXAARSWVHVLY-UHFFFAOYSA-N,triethanolammonium acetate,298.15,4,4,31,48.658870697,11.4536548979,outside_associated_liquid
Morgan,0,0,VRFOKYHDLYBVAL-UHFFFAOYSA-M,1-ethyl-3-methylimidazolium ethyl sulfate,298.15,0,0,35,16.1731643677,45.7566800107,inside_domain
Morgan,0,0,XLYOFNOQVPJJNP-UHFFFAOYSA-N,water,297.575,0,1,78.87,20.5378913879,40.4474006258,outside_associated_liquid
Morgan,0,0,YEJRWHAVMIAJKC-UHFFFAOYSA-N,.gamma.-butyrolactone,295.65,0,0,41.99,16.8924331665,50.6116986269,inside_domain
Morgan,0,0,YFMFNYKEUDLDTL-UHFFFAOYSA-N,"1,1,1,2,3,3,3-heptafluoropropane",302.85,0,0,4.1348,9.83333396912,7.17247104625,inside_domain
Morgan,0,0,YIWUKEYIRIRTPP-UHFFFAOYSA-N,2-ethyl-1-hexanol,298.2,1,1,7.353,15.8180103302,5.01442556827,outside_associated_liquid
Morgan,0,0,ZUHZGEOKBKGPSW-UHFFFAOYSA-N,"2,5,8,11,14-pentaoxapentadecane",298.15,0,0,7.798,7.55787992477,10.2230813729,inside_domain
Morgan,0,0,HXDLWJWIAHWIKI-UHFFFAOYSA-N,beta-Hydroxyethyl acetate (Glycol monoacetate),303.15,1,1,13,37.1422538757,9.74097362491,outside_associated_liquid
Morgan,0,0,IYXGSMUGOJNHAZ-UHFFFAOYSA-N,Diethyl malonate,298.15,0,0,8.03,12.1986436844,9.74006290335,inside_domain
Morgan,0,0,KXKVLQRXCPHEJC-UHFFFAOYSA-N,Methyl acetate,298.15,0,0,6.68,15.6793985367,11.7371732209,inside_domain
Morgan,0,0,XEKOWRVHYACXOJ-UHFFFAOYSA-N,Ethyl acetate,298.15,0,0,6.02,9.62282657623,9.7831231174,inside_domain
Morgan,0,0,YNAVUWVOSKDBBP-UHFFFAOYSA-N,Morpholine,298.15,1,1,7.33,9.83333396912,5.3942637877,outside_associated_liquid
Morgan,0,0,NKKMVIVFRUYPLQ-NSCUHMNNSA-N,Crotononitrile (bp 108 C),293.15,0,0,36.1,26.1117019653,48.0153469112,inside_domain
Morgan,0,0,LFSAPCRASZRSKS-UHFFFAOYSA-N,2-Methylcyclohexanone,293.15,0,0,14,16.8924331665,15.7212749253,inside_domain
Morgan,0,0,VGVHNLRUAMRIEW-UHFFFAOYSA-N,4-Methylcyclohexanone,293.15,0,0,12.4,16.8924331665,18.1666231408,inside_domain
Morgan,0,0,NDVWOBYBJYUSMF-UHFFFAOYSA-N,2-Methylcyclohexanol,293.15,1,1,13.3,11.6502008438,5.23202446322,outside_associated_liquid
Morgan,0,0,HTSABYAWKQAHBT-UHFFFAOYSA-N,3-Methylcyclohexanol,293.15,1,1,12.3,11.6502008438,4.10543593176,outside_associated_liquid
Morgan,0,0,YWAKXRMUMFPDSH-UHFFFAOYSA-N,1-Pentene,293.15,0,0,2.1,4.18902206421,1.29861209178,inside_domain
Morgan,0,0,RGSFGYAAUTVSQA-UHFFFAOYSA-N,Cyclopentane,293.15,0,0,1.965,9.83333396912,1.10560773191,inside_domain
Morgan,0,0,HGCIXCUEYOPUTN-UHFFFAOYSA-N,Cyclohexene,298.15,0,0,2.22,9.83333396912,1.24380093714,inside_domain
Morgan,0,0,ZQDPJFUHLCOCRG-WAYWQWQTSA-N,cis-3-Hexene,298.15,0,0,2.062,6.47726249695,1.19258064684,inside_domain
Morgan,0,0,VLKZOEOYAKHREP-UHFFFAOYSA-N,n-Hexane,293.15,0,0,1.89,5.9885597229,1.10385792273,inside_domain
Morgan,0,0,GETTZEONDQJALK-UHFFFAOYSA-N,"alpha,alpha,alpha-Trifluorotoluene",303.15,0,0,9.18,7.72822141647,23.2671758909,inside_domain
Morgan,0,0,JSRLURSZEMLAFO-UHFFFAOYSA-N,m-Dibromobenzene,293.15,0,0,4.8,7.72822141647,15.1734627111,inside_domain
Morgan,0,0,WQAQPCDUOCURKW-UHFFFAOYSA-N,1-Butanethiol,298.15,1,1,4.95,6.19673633575,12.2942625019,outside_associated_liquid
Morgan,0,0,PAYRUJLWNCNPSJ-UHFFFAOYSA-N,Aniline,293.15,1,1,6.89,7.72822141647,7.45516883493,outside_associated_liquid
Morgan,0,0,OSOUNOBYRMOXQQ-UHFFFAOYSA-N,m-Chlorotoluene,293.15,0,0,5.55,6.79610824585,8.19037794732,inside_domain
Morgan,0,0,NPDACUSDTOMAMK-UHFFFAOYSA-N,p-Chlorotoluene,293.15,0,0,6.08,6.79610824585,9.81647562753,inside_domain
Morgan,0,0,APPOKADJQUIAHP-UHFFFAOYSA-N,"2,4-Hexadiene",298.15,0,0,2.22,9.83333396912,1.31910733263,inside_domain
Physical,0,0,BTANRVKWQNVYAZ-UHFFFAOYSA-N,butan-2-ol,298.15,1,1,16.6,11.9277992249,8.35397764198,outside_associated_liquid
Physical,0,0,CRVGTESFCCXCTH-UHFFFAOYSA-N,N-methyldiethanolamine,300.65,2,2,22.12,18.7433166504,10.6262172267,outside_associated_liquid
Physical,0,0,DKGAVHZHDRPRBM-UHFFFAOYSA-N,2-methylpropan-2-ol,298.15,1,1,12.49,12.2145042419,6.90436439321,outside_associated_liquid
Physical,0,0,DURPTKYDGMDSBL-UHFFFAOYSA-N,dibutyl ether,298.15,0,0,3.106,2.79613447189,2.81657790905,inside_domain
Physical,0,0,HQWOEDCLDNFWEV-UHFFFAOYSA-M,1-ethyl-3-methylimidazolium diethyl phosphate,298.15,0,0,16.9,22.0148735046,96.6466343683,inside_domain
Physical,0,0,IEJIGPNLZYLLBP-UHFFFAOYSA-N,dimethyl carbonate,298.15,0,0,3.134,23.5331726074,1.5899816096,inside_domain
Physical,0,0,LYCAIKOWRPUZTN-UHFFFAOYSA-N,"1,2-ethanediol",303.15,2,2,39.84,47.8306655884,15.3073129364,outside_associated_liquid
Physical,0,0,PEDCQBHIVMGVHV-UHFFFAOYSA-N,glycerol,303.15,3,3,41.17,27.8145771027,13.4501001088,outside_associated_liquid
Physical,0,0,SBZXBUIDTXKZTM-UHFFFAOYSA-N,"2,5,8-trioxanonane",298.15,0,0,7.3815,9.06373310089,14.0264717054,inside_domain
Physical,0,0,UAEPNZWRGJTJPN-UHFFFAOYSA-N,methylcyclohexane,298.2,0,0,2.01,2.56008982658,1.10998539605,inside_domain
Physical,0,0,UEEJHVSXFDXPFK-UHFFFAOYSA-N,"2-(N,N-dimethylamino)ethanol",303.15,1,1,17.18,25.19688797,2.86613042866,outside_associated_liquid
Physical,0,0,UODQEMVTULZGKO-UHFFFAOYSA-N,"1-pentyl-1-methylpyrrolidinium 1,1,1-trifluoro-N-[(trifluoromethyl)sulfonyl]methanesulfonamide",298.15,0,0,12.5,17.0592880249,24.4937811978,inside_domain
Physical,0,0,UPCXAARSWVHVLY-UHFFFAOYSA-N,triethanolammonium acetate,298.15,4,4,31,54.5133514404,11.4536548979,outside_associated_liquid
Physical,0,0,VRFOKYHDLYBVAL-UHFFFAOYSA-M,1-ethyl-3-methylimidazolium ethyl sulfate,298.15,0,0,35,19.892660141,45.7566800107,inside_domain
Physical,0,0,XLYOFNOQVPJJNP-UHFFFAOYSA-N,water,297.575,0,1,78.87,38.1709327698,40.4474006258,outside_associated_liquid
Physical,0,0,YEJRWHAVMIAJKC-UHFFFAOYSA-N,.gamma.-butyrolactone,295.65,0,0,41.99,28.3148384094,50.6116986269,inside_domain
Physical,0,0,YFMFNYKEUDLDTL-UHFFFAOYSA-N,"1,1,1,2,3,3,3-heptafluoropropane",302.85,0,0,4.1348,2.92587852478,7.17247104625,inside_domain
Physical,0,0,YIWUKEYIRIRTPP-UHFFFAOYSA-N,2-ethyl-1-hexanol,298.2,1,1,7.353,10.6428642273,5.01442556827,outside_associated_liquid
Physical,0,0,ZUHZGEOKBKGPSW-UHFFFAOYSA-N,"2,5,8,11,14-pentaoxapentadecane",298.15,0,0,7.798,13.2565689087,10.2230813729,inside_domain
Physical,0,0,HXDLWJWIAHWIKI-UHFFFAOYSA-N,beta-Hydroxyethyl acetate (Glycol monoacetate),303.15,1,1,13,22.8853569031,9.74097362491,outside_associated_liquid
Physical,0,0,IYXGSMUGOJNHAZ-UHFFFAOYSA-N,Diethyl malonate,298.15,0,0,8.03,13.0425653458,9.74006290335,inside_domain
Physical,0,0,KXKVLQRXCPHEJC-UHFFFAOYSA-N,Methyl acetate,298.15,0,0,6.68,24.4434967041,11.7371732209,inside_domain
Physical,0,0,XEKOWRVHYACXOJ-UHFFFAOYSA-N,Ethyl acetate,298.15,0,0,6.02,9.50109291077,9.7831231174,inside_domain
Physical,0,0,YNAVUWVOSKDBBP-UHFFFAOYSA-N,Morpholine,298.15,1,1,7.33,14.6250524521,5.3942637877,outside_associated_liquid
Physical,0,0,NKKMVIVFRUYPLQ-NSCUHMNNSA-N,Crotononitrile (bp 108 C),293.15,0,0,36.1,45.7028503418,48.0153469112,inside_domain
Physical,0,0,LFSAPCRASZRSKS-UHFFFAOYSA-N,2-Methylcyclohexanone,293.15,0,0,14,11.2105398178,15.7212749253,inside_domain
Physical,0,0,VGVHNLRUAMRIEW-UHFFFAOYSA-N,4-Methylcyclohexanone,293.15,0,0,12.4,12.3799819946,18.1666231408,inside_domain
Physical,0,0,NDVWOBYBJYUSMF-UHFFFAOYSA-N,2-Methylcyclohexanol,293.15,1,1,13.3,10.6001691818,5.23202446322,outside_associated_liquid
Physical,0,0,HTSABYAWKQAHBT-UHFFFAOYSA-N,3-Methylcyclohexanol,293.15,1,1,12.3,11.2046403885,4.10543593176,outside_associated_liquid
Physical,0,0,YWAKXRMUMFPDSH-UHFFFAOYSA-N,1-Pentene,293.15,0,0,2.1,1.22912478447,1.29861209178,inside_domain
Physical,0,0,RGSFGYAAUTVSQA-UHFFFAOYSA-N,Cyclopentane,293.15,0,0,1.965,3.22682762146,1.10560773191,inside_domain
Physical,0,0,HGCIXCUEYOPUTN-UHFFFAOYSA-N,Cyclohexene,298.15,0,0,2.22,1.93026661873,1.24380093714,inside_domain
Physical,0,0,ZQDPJFUHLCOCRG-WAYWQWQTSA-N,cis-3-Hexene,298.15,0,0,2.062,1.57536184788,1.19258064684,inside_domain
Physical,0,0,VLKZOEOYAKHREP-UHFFFAOYSA-N,n-Hexane,293.15,0,0,1.89,2.58116960526,1.10385792273,inside_domain
Physical,0,0,GETTZEONDQJALK-UHFFFAOYSA-N,"alpha,alpha,alpha-Trifluorotoluene",303.15,0,0,9.18,14.4003734589,23.2671758909,inside_domain
Physical,0,0,JSRLURSZEMLAFO-UHFFFAOYSA-N,m-Dibromobenzene,293.15,0,0,4.8,3.98073530197,15.1734627111,inside_domain
Physical,0,0,WQAQPCDUOCURKW-UHFFFAOYSA-N,1-Butanethiol,298.15,1,1,4.95,11.243516922,12.2942625019,outside_associated_liquid
Physical,0,0,PAYRUJLWNCNPSJ-UHFFFAOYSA-N,Aniline,293.15,1,1,6.89,14.2057914734,7.45516883493,outside_associated_liquid
Physical,0,0,OSOUNOBYRMOXQQ-UHFFFAOYSA-N,m-Chlorotoluene,293.15,0,0,5.55,3.44071054459,8.19037794732,inside_domain
Physical,0,0,NPDACUSDTOMAMK-UHFFFAOYSA-N,p-Chlorotoluene,293.15,0,0,6.08,3.44071054459,9.81647562753,inside_domain
Physical,0,0,APPOKADJQUIAHP-UHFFFAOYSA-N,"2,4-Hexadiene",298.15,0,0,2.22,1.78512179852,1.31910733263,inside_domain
Morgan+Physical,0,0,BTANRVKWQNVYAZ-UHFFFAOYSA-N,butan-2-ol,298.15,1,1,16.6,11.0097846985,8.35397764198,outside_associated_liquid
Morgan+Physical,0,0,CRVGTESFCCXCTH-UHFFFAOYSA-N,N-methyldiethanolamine,300.65,2,2,22.12,21.0932426453,10.6262172267,outside_associated_liquid
Morgan+Physical,0,0,DKGAVHZHDRPRBM-UHFFFAOYSA-N,2-methylpropan-2-ol,298.15,1,1,12.49,12.6373138428,6.90436439321,outside_associated_liquid
Morgan+Physical,0,0,DURPTKYDGMDSBL-UHFFFAOYSA-N,dibutyl ether,298.15,0,0,3.106,3.3587064743,2.81657790905,inside_domain
Morgan+Physical,0,0,HQWOEDCLDNFWEV-UHFFFAOYSA-M,1-ethyl-3-methylimidazolium diethyl phosphate,298.15,0,0,16.9,19.0940189362,96.6466343683,inside_domain
Morgan+Physical,0,0,IEJIGPNLZYLLBP-UHFFFAOYSA-N,dimethyl carbonate,298.15,0,0,3.134,19.6062850952,1.5899816096,inside_domain
Morgan+Physical,0,0,LYCAIKOWRPUZTN-UHFFFAOYSA-N,"1,2-ethanediol",303.15,2,2,39.84,35.6369171143,15.3073129364,outside_associated_liquid
Morgan+Physical,0,0,PEDCQBHIVMGVHV-UHFFFAOYSA-N,glycerol,303.15,3,3,41.17,30.8186988831,13.4501001088,outside_associated_liquid
Morgan+Physical,0,0,SBZXBUIDTXKZTM-UHFFFAOYSA-N,"2,5,8-trioxanonane",298.15,0,0,7.3815,8.31080627441,14.0264717054,inside_domain
Morgan+Physical,0,0,UAEPNZWRGJTJPN-UHFFFAOYSA-N,methylcyclohexane,298.2,0,0,2.01,6.19671201706,1.10998539605,inside_domain
Morgan+Physical,0,0,UEEJHVSXFDXPFK-UHFFFAOYSA-N,"2-(N,N-dimethylamino)ethanol",303.15,1,1,17.18,24.7570953369,2.86613042866,outside_associated_liquid
Morgan+Physical,0,0,UODQEMVTULZGKO-UHFFFAOYSA-N,"1-pentyl-1-methylpyrrolidinium 1,1,1-trifluoro-N-[(trifluoromethyl)sulfonyl]methanesulfonamide",298.15,0,0,12.5,14.6578903198,24.4937811978,inside_domain
Morgan+Physical,0,0,UPCXAARSWVHVLY-UHFFFAOYSA-N,triethanolammonium acetate,298.15,4,4,31,51.5861129761,11.4536548979,outside_associated_liquid
Morgan+Physical,0,0,VRFOKYHDLYBVAL-UHFFFAOYSA-M,1-ethyl-3-methylimidazolium ethyl sulfate,298.15,0,0,35,18.032913208,45.7566800107,inside_domain
Morgan+Physical,0,0,XLYOFNOQVPJJNP-UHFFFAOYSA-N,water,297.575,0,1,78.87,29.3544120789,40.4474006258,outside_associated_liquid
Morgan+Physical,0,0,YEJRWHAVMIAJKC-UHFFFAOYSA-N,.gamma.-butyrolactone,295.65,0,0,41.99,22.603635788,50.6116986269,inside_domain
Morgan+Physical,0,0,YFMFNYKEUDLDTL-UHFFFAOYSA-N,"1,1,1,2,3,3,3-heptafluoropropane",302.85,0,0,4.1348,6.37960624695,7.17247104625,inside_domain
Morgan+Physical,0,0,YIWUKEYIRIRTPP-UHFFFAOYSA-N,2-ethyl-1-hexanol,298.2,1,1,7.353,13.2304372787,5.01442556827,outside_associated_liquid
Morgan+Physical,0,0,ZUHZGEOKBKGPSW-UHFFFAOYSA-N,"2,5,8,11,14-pentaoxapentadecane",298.15,0,0,7.798,10.4072246552,10.2230813729,inside_domain
Morgan+Physical,0,0,HXDLWJWIAHWIKI-UHFFFAOYSA-N,beta-Hydroxyethyl acetate (Glycol monoacetate),303.15,1,1,13,30.0138053894,9.74097362491,outside_associated_liquid
Morgan+Physical,0,0,IYXGSMUGOJNHAZ-UHFFFAOYSA-N,Diethyl malonate,298.15,0,0,8.03,12.6206045151,9.74006290335,inside_domain
Morgan+Physical,0,0,KXKVLQRXCPHEJC-UHFFFAOYSA-N,Methyl acetate,298.15,0,0,6.68,20.0614471436,11.7371732209,inside_domain
Morgan+Physical,0,0,XEKOWRVHYACXOJ-UHFFFAOYSA-N,Ethyl acetate,298.15,0,0,6.02,9.56196022034,9.7831231174,inside_domain
Morgan+Physical,0,0,YNAVUWVOSKDBBP-UHFFFAOYSA-N,Morpholine,298.15,1,1,7.33,12.2291927338,5.3942637877,outside_associated_liquid
Morgan+Physical,0,0,NKKMVIVFRUYPLQ-NSCUHMNNSA-N,Crotononitrile (bp 108 C),293.15,0,0,36.1,35.9072761536,48.0153469112,inside_domain
Morgan+Physical,0,0,LFSAPCRASZRSKS-UHFFFAOYSA-N,2-Methylcyclohexanone,293.15,0,0,14,14.051486969,15.7212749253,inside_domain
Morgan+Physical,0,0,VGVHNLRUAMRIEW-UHFFFAOYSA-N,4-Methylcyclohexanone,293.15,0,0,12.4,14.6362075806,18.1666231408,inside_domain
Morgan+Physical,0,0,NDVWOBYBJYUSMF-UHFFFAOYSA-N,2-Methylcyclohexanol,293.15,1,1,13.3,11.1251850128,5.23202446322,outside_associated_liquid
Morgan+Physical,0,0,HTSABYAWKQAHBT-UHFFFAOYSA-N,3-Methylcyclohexanol,293.15,1,1,12.3,11.4274206161,4.10543593176,outside_associated_liquid
Morgan+Physical,0,0,YWAKXRMUMFPDSH-UHFFFAOYSA-N,1-Pentene,293.15,0,0,2.1,2.70907354355,1.29861209178,inside_domain
Morgan+Physical,0,0,RGSFGYAAUTVSQA-UHFFFAOYSA-N,Cyclopentane,293.15,0,0,1.965,6.53008079529,1.10560773191,inside_domain
Morgan+Physical,0,0,HGCIXCUEYOPUTN-UHFFFAOYSA-N,Cyclohexene,298.15,0,0,2.22,5.88180017471,1.24380093714,inside_domain
Morgan+Physical,0,0,ZQDPJFUHLCOCRG-WAYWQWQTSA-N,cis-3-Hexene,298.15,0,0,2.062,4.02631235123,1.19258064684,inside_domain
Morgan+Physical,0,0,VLKZOEOYAKHREP-UHFFFAOYSA-N,n-Hexane,293.15,0,0,1.89,4.28486442566,1.10385792273,inside_domain
Morgan+Physical,0,0,GETTZEONDQJALK-UHFFFAOYSA-N,"alpha,alpha,alpha-Trifluorotoluene",303.15,0,0,9.18,11.0642976761,23.2671758909,inside_domain
Morgan+Physical,0,0,JSRLURSZEMLAFO-UHFFFAOYSA-N,m-Dibromobenzene,293.15,0,0,4.8,5.85447835922,15.1734627111,inside_domain
Morgan+Physical,0,0,WQAQPCDUOCURKW-UHFFFAOYSA-N,1-Butanethiol,298.15,1,1,4.95,8.72012710571,12.2942625019,outside_associated_liquid
Morgan+Physical,0,0,PAYRUJLWNCNPSJ-UHFFFAOYSA-N,Aniline,293.15,1,1,6.89,10.9670066833,7.45516883493,outside_associated_liquid
Morgan+Physical,0,0,OSOUNOBYRMOXQQ-UHFFFAOYSA-N,m-Chlorotoluene,293.15,0,0,5.55,5.1184091568,8.19037794732,inside_domain
Morgan+Physical,0,0,NPDACUSDTOMAMK-UHFFFAOYSA-N,p-Chlorotoluene,293.15,0,0,6.08,5.1184091568,9.81647562753,inside_domain
Morgan+Physical,0,0,APPOKADJQUIAHP-UHFFFAOYSA-N,"2,4-Hexadiene",298.15,0,0,2.22,5.80922794342,1.31910733263,inside_domain
Morgan,0,1,BDERNNFJNOPAEC-UHFFFAOYSA-N,propan-1-ol,298.15,1,1,21.3,14.9324846268,10.28867817,outside_associated_liquid
Morgan,0,1,CBTVGIZVANVGBH-UHFFFAOYSA-N,2-amino-2-methylpropan-1-ol,303.15,2,2,20.59,19.7117385864,3.826071455,outside_associated_liquid
Morgan,0,1,FRZPYEHDSAQGAS-UHFFFAOYSA-M,1-butyl-3-methylimidazolium trifluoromethanesulfonate,298.15,0,0,12.9,19.8758010864,53.1539772418,inside_domain
Morgan,0,1,HPXRVTGHNJAIIH-UHFFFAOYSA-N,cyclohexanol,298.15,1,1,15.71,12.7599611282,6.99300079031,outside_associated_liquid
Morgan,0,1,HXJUTPCZVOIRIF-UHFFFAOYSA-N,sulfolane,298.15,0,0,44,14.7829284668,54.0253899274,inside_domain
Morgan,0,1,IAZDPXIOMUYVGZ-UHFFFAOYSA-N,dimethyl sulfoxide,298,0,0,46.05,12.6106510162,39.3405912447,inside_domain
Morgan,0,1,IIRFCWANHMSDCG-UHFFFAOYSA-N,cyclooctanone,300.65,0,0,14.38,14.7829284668,13.5668987419,inside_domain
Morgan,0,1,JYPJLAPMBJKRDG-UHFFFAOYSA-M,1-ethyl-3-methylimidazolium butylsulfonate,298.15,0,0,30,19.92710495,153.401832604,inside_domain
Morgan,0,1,KLTUZFZUYLXTFF-UHFFFAOYSA-N,1-(2-hydroxyethyl)-3-methylimidazolium tetrafluoroborate,298.15,1,1,23.3,22.9880580902,82.1073071673,outside_associated_liquid
Morgan,0,1,LLEVMYXEJUDBTA-UHFFFAOYSA-N,heptanedinitrile,298.15,0,0,29.71,31.7756080627,22.0308625381,inside_domain
Morgan,0,1,LRHPLDYGYMQRHN-UHFFFAOYSA-N,butan-1-ol,298.15,1,1,18.03,14.8032712936,8.39006069244,outside_associated_liquid
Morgan,0,1,OHLUUHNLEMFGTQ-UHFFFAOYSA-N,N-methylacetamide,303.15,1,1,178.47,9.71994304657,5.9744908461,outside_associated_liquid
Morgan,0,1,QRCRANRUHQKZME-UHFFFAOYSA-N,"3-butyl-1,2,4,5-tetramethyl-1H-imidazol-3-ium tetrafluoroborate",298.15,0,0,12,6.6251502037,90.2035313888,inside_domain
Morgan,0,1,UCCKRVYTJPMHRO-UHFFFAOYSA-N,"1-butyl-2,3-dimethyl-1H-imidazolium bis(trifluoromethylsulfonyl)amide",298.15,0,0,14,13.9505825043,11.4813553141,inside_domain
Morgan,0,1,WYJOVVXUZNRJQY-UHFFFAOYSA-N,2-acetylthiophene,298.15,0,0,29.19,14.6126890182,26.4529603231,inside_domain
Morgan,0,1,WZLFPVPRZGTCKP-UHFFFAOYSA-N,"1,1,1,3,3-pentafluorobutane",298.115,0,0,11.8861,5.80384063721,6.83236100939,inside_domain
Morgan,0,1,XDTMQSROBMDMFD-UHFFFAOYSA-N,cyclohexane,298.15,0,0,2.02,8.41701507568,1.10684113993,inside_domain
Morgan,0,1,ZIBGPFATKBEMQZ-UHFFFAOYSA-N,triethylene glycol,298.15,2,2,23.07,22.0422420502,12.1409402443,outside_associated_liquid
Morgan,0,1,ZSIAUFGUXNUGDI-UHFFFAOYSA-N,hexan-1-ol,298.15,1,1,14.26,13.1963768005,5.23133673613,outside_associated_liquid
Morgan,0,1,ZXEKIIBDNHEJCQ-UHFFFAOYSA-N,2-methyl-1-propanol,298.15,1,1,17.96,18.4199314117,5.2814866108,outside_associated_liquid
Morgan,0,1,GJRQTCIYDGXPES-UHFFFAOYSA-N,Isobutyl acetate,293.15,0,0,5.29,9.15738105774,8.50004501778,inside_domain
Morgan,0,1,NTIZESTWPVYFNL-UHFFFAOYSA-N,4-Methyl-2-pentanone,293.15,0,0,13.11,14.3670854568,14.6513704727,inside_domain
Morgan,0,1,JFDZBHWFFUWGJE-UHFFFAOYSA-N,Benzonitrile,298.15,0,0,25.2,32.2842979431,29.6694423151,inside_domain
Morgan,0,1,DTQVDTLACAAQTR-UHFFFAOYSA-N,Trifluoroacetic acid,293.15,1,1,39.5,18.3738460541,28.7487569677,outside_associated_liquid
Morgan,0,1,FERIUCNNQQJTOY-UHFFFAOYSA-N,Butyric acid,293.15,1,1,2.97,12.5477809906,7.21717286495,outside_associated_liquid
Morgan,0,1,GWYFCOCPABKNJV-UHFFFAOYSA-N,Isovaleric acid,293.15,1,1,2.64,14.9814987183,5.90016995209,outside_associated_liquid
Morgan,0,1,ISPYQTSUDJAMAB-UHFFFAOYSA-N,o-Chlorophenol,298.15,1,1,6.31,10.7346925735,2.71741653544,outside_associated_liquid
Morgan,0,1,QJPJQTDYNZXKQF-UHFFFAOYSA-N,p-Bromoanisole,303.15,0,0,7.06,5.68243741989,27.3339480411,inside_domain
Morgan,0,1,MSXVEPNJUHWQHW-UHFFFAOYSA-N,2-Methyl-2-butanol,298.15,1,1,5.82,8.12010574341,5.55405564062,outside_associated_liquid
Morgan,0,1,POLCUAVZOMRGSN-UHFFFAOYSA-N,Propyl ether,299.15,0,0,3.39,3.92425942421,3.4892418063,inside_domain
Morgan,0,1,WVDDGKGOMKODPV-UHFFFAOYSA-N,Benzyl alcohol,293.15,1,1,13.1,20.0490951538,5.77594569883,outside_associated_liquid
Morgan,0,1,QWVGKYWNOKOFNN-UHFFFAOYSA-N,o-Cresol,298.15,1,1,11.5,8.97327041626,6.74466929489,outside_associated_liquid
Morgan,0,1,UJBOOUHRTQVGRU-UHFFFAOYSA-N,3-Methylcyclohexanone,293.15,0,0,12.4,14.4109554291,17.8915575672,inside_domain
Morgan,0,1,MHNNAWXXUZQSNM-UHFFFAOYSA-N,2-Methyl-1-butene,293.15,0,0,2.197,7.73851394653,1.69384086029,inside_domain
Morgan,0,1,OFBQJSOFQDEBGM-UHFFFAOYSA-N,n-Pentane,293.15,0,0,1.844,3.8893198967,1.1048859414,inside_domain
Morgan,0,1,CYTYCFOTNPOANT-UHFFFAOYSA-N,Tetrachloroethylene,298.15,0,0,2.3,12.3287658691,1.12045182946,inside_domain
Morgan,0,1,UQEAIHBTYFGYIE-UHFFFAOYSA-N,Hexamethyldisiloxane,293.15,0,0,2.17,5.99678087234,1.21737241547,inside_domain
Morgan,0,1,JRGGUPZKKTVKOV-UHFFFAOYSA-N,1-Bromo-3-chlorobenzene,293.15,0,0,4.58,6.65383863449,13.6465698801,inside_domain
Morgan,0,1,WQONPSCCEXUXTQ-UHFFFAOYSA-N,o-Dibromobenzene,293.15,0,0,7.35,6.65383863449,35.3981532236,inside_domain
Morgan,0,1,ZPQOPVIELGIULI-UHFFFAOYSA-N,m-Dichlorobenzene,298.15,0,0,5.04,6.65383863449,4.80631156245,inside_domain
Morgan,0,1,SFPQFQUXAJOWNF-UHFFFAOYSA-N,m-Diiodobenzene,298.15,0,0,4.25,6.65383863449,13.6499299113,inside_domain
Physical,0,1,BDERNNFJNOPAEC-UHFFFAOYSA-N,propan-1-ol,298.15,1,1,21.3,13.9380502701,10.28867817,outside_associated_liquid
Physical,0,1,CBTVGIZVANVGBH-UHFFFAOYSA-N,2-amino-2-methylpropan-1-ol,303.15,2,2,20.59,34.3612327576,3.826071455,outside_associated_liquid
Physical,0,1,FRZPYEHDSAQGAS-UHFFFAOYSA-M,1-butyl-3-methylimidazolium trifluoromethanesulfonate,298.15,0,0,12.9,21.2356891632,53.1539772418,inside_domain
Physical,0,1,HPXRVTGHNJAIIH-UHFFFAOYSA-N,cyclohexanol,298.15,1,1,15.71,10.9274816513,6.99300079031,outside_associated_liquid
Physical,0,1,HXJUTPCZVOIRIF-UHFFFAOYSA-N,sulfolane,298.15,0,0,44,27.2802734375,54.0253899274,inside_domain
Physical,0,1,IAZDPXIOMUYVGZ-UHFFFAOYSA-N,dimethyl sulfoxide,298,0,0,46.05,31.0910339355,39.3405912447,inside_domain
Physical,0,1,IIRFCWANHMSDCG-UHFFFAOYSA-N,cyclooctanone,300.65,0,0,14.38,9.6606388092,13.5668987419,inside_domain
Physical,0,1,JYPJLAPMBJKRDG-UHFFFAOYSA-M,1-ethyl-3-methylimidazolium butylsulfonate,298.15,0,0,30,20.183139801,153.401832604,inside_domain
Physical,0,1,KLTUZFZUYLXTFF-UHFFFAOYSA-N,1-(2-hydroxyethyl)-3-methylimidazolium tetrafluoroborate,298.15,1,1,23.3,25.0628623962,82.1073071673,outside_associated_liquid
Physical,0,1,LLEVMYXEJUDBTA-UHFFFAOYSA-N,heptanedinitrile,298.15,0,0,29.71,18.1013793945,22.0308625381,inside_domain
Physical,0,1,LRHPLDYGYMQRHN-UHFFFAOYSA-N,butan-1-ol,298.15,1,1,18.03,13.2483615875,8.39006069244,outside_associated_liquid
Physical,0,1,OHLUUHNLEMFGTQ-UHFFFAOYSA-N,N-methylacetamide,303.15,1,1,178.47,15.6580209732,5.9744908461,outside_associated_liquid
Physical,0,1,QRCRANRUHQKZME-UHFFFAOYSA-N,"3-butyl-1,2,4,5-tetramethyl-1H-imidazol-3-ium tetrafluoroborate",298.15,0,0,12,21.4868488312,90.2035313888,inside_domain
Physical,0,1,UCCKRVYTJPMHRO-UHFFFAOYSA-N,"1-butyl-2,3-dimethyl-1H-imidazolium bis(trifluoromethylsulfonyl)amide",298.15,0,0,14,16.9400844574,11.4813553141,inside_domain
Physical,0,1,WYJOVVXUZNRJQY-UHFFFAOYSA-N,2-acetylthiophene,298.15,0,0,29.19,14.2234182358,26.4529603231,inside_domain
Physical,0,1,WZLFPVPRZGTCKP-UHFFFAOYSA-N,"1,1,1,3,3-pentafluorobutane",298.115,0,0,11.8861,6.08562469482,6.83236100939,inside_domain
Physical,0,1,XDTMQSROBMDMFD-UHFFFAOYSA-N,cyclohexane,298.15,0,0,2.02,2.14101099968,1.10684113993,inside_domain
Physical,0,1,ZIBGPFATKBEMQZ-UHFFFAOYSA-N,triethylene glycol,298.15,2,2,23.07,22.3485527039,12.1409402443,outside_associated_liquid
Physical,0,1,ZSIAUFGUXNUGDI-UHFFFAOYSA-N,hexan-1-ol,298.15,1,1,14.26,11.4035787582,5.23133673613,outside_associated_liquid
Physical,0,1,ZXEKIIBDNHEJCQ-UHFFFAOYSA-N,2-methyl-1-propanol,298.15,1,1,17.96,12.6672058105,5.2814866108,outside_associated_liquid
Physical,0,1,GJRQTCIYDGXPES-UHFFFAOYSA-N,Isobutyl acetate,293.15,0,0,5.29,8.69808387756,8.50004501778,inside_domain
Physical,0,1,NTIZESTWPVYFNL-UHFFFAOYSA-N,4-Methyl-2-pentanone,293.15,0,0,13.11,9.79826259613,14.6513704727,inside_domain
Physical,0,1,JFDZBHWFFUWGJE-UHFFFAOYSA-N,Benzonitrile,298.15,0,0,25.2,23.7500019073,29.6694423151,inside_domain
Physical,0,1,DTQVDTLACAAQTR-UHFFFAOYSA-N,Trifluoroacetic acid,293.15,1,1,39.5,21.0453491211,28.7487569677,outside_associated_liquid
Physical,0,1,FERIUCNNQQJTOY-UHFFFAOYSA-N,Butyric acid,293.15,1,1,2.97,11.4128456116,7.21717286495,outside_associated_liquid
Physical,0,1,GWYFCOCPABKNJV-UHFFFAOYSA-N,Isovaleric acid,293.15,1,1,2.64,9.58681297302,5.90016995209,outside_associated_liquid
Physical,0,1,ISPYQTSUDJAMAB-UHFFFAOYSA-N,o-Chlorophenol,298.15,1,1,6.31,9.83814620972,2.71741653544,outside_associated_liquid
Physical,0,1,QJPJQTDYNZXKQF-UHFFFAOYSA-N,p-Bromoanisole,303.15,0,0,7.06,16.0265216827,27.3339480411,inside_domain
Physical,0,1,MSXVEPNJUHWQHW-UHFFFAOYSA-N,2-Methyl-2-butanol,298.15,1,1,5.82,13.8196897507,5.55405564062,outside_associated_liquid
Physical,0,1,POLCUAVZOMRGSN-UHFFFAOYSA-N,Propyl ether,299.15,0,0,3.39,4.8196606636,3.4892418063,inside_domain
Physical,0,1,WVDDGKGOMKODPV-UHFFFAOYSA-N,Benzyl alcohol,293.15,1,1,13.1,10.256061554,5.77594569883,outside_associated_liquid
Physical,0,1,QWVGKYWNOKOFNN-UHFFFAOYSA-N,o-Cresol,298.15,1,1,11.5,10.2723379135,6.74466929489,outside_associated_liquid
Physical,0,1,UJBOOUHRTQVGRU-UHFFFAOYSA-N,3-Methylcyclohexanone,293.15,0,0,12.4,12.2938690186,17.8915575672,inside_domain
Physical,0,1,MHNNAWXXUZQSNM-UHFFFAOYSA-N,2-Methyl-1-butene,293.15,0,0,2.197,2.87717485428,1.69384086029,inside_domain
Physical,0,1,OFBQJSOFQDEBGM-UHFFFAOYSA-N,n-Pentane,293.15,0,0,1.844,2.8069691658,1.1048859414,inside_domain
Physical,0,1,CYTYCFOTNPOANT-UHFFFAOYSA-N,Tetrachloroethylene,298.15,0,0,2.3,1.97785151005,1.12045182946,inside_domain
Physical,0,1,UQEAIHBTYFGYIE-UHFFFAOYSA-N,Hexamethyldisiloxane,293.15,0,0,2.17,1.95986521244,1.21737241547,inside_domain
Physical,0,1,JRGGUPZKKTVKOV-UHFFFAOYSA-N,1-Bromo-3-chlorobenzene,293.15,0,0,4.58,5.20113801956,13.6465698801,inside_domain
Physical,0,1,WQONPSCCEXUXTQ-UHFFFAOYSA-N,o-Dibromobenzene,293.15,0,0,7.35,18.159784317,35.3981532236,inside_domain
Physical,0,1,ZPQOPVIELGIULI-UHFFFAOYSA-N,m-Dichlorobenzene,298.15,0,0,5.04,4.61535215378,4.80631156245,inside_domain
Physical,0,1,SFPQFQUXAJOWNF-UHFFFAOYSA-N,m-Diiodobenzene,298.15,0,0,4.25,4.8442697525,13.6499299113,inside_domain
Morgan+Physical,0,1,BDERNNFJNOPAEC-UHFFFAOYSA-N,propan-1-ol,298.15,1,1,21.3,14.4352674484,10.28867817,outside_associated_liquid
Morgan+Physical,0,1,CBTVGIZVANVGBH-UHFFFAOYSA-N,2-amino-2-methylpropan-1-ol,303.15,2,2,20.59,27.036485672,3.826071455,outside_associated_liquid
Morgan+Physical,0,1,FRZPYEHDSAQGAS-UHFFFAOYSA-M,1-butyl-3-methylimidazolium trifluoromethanesulfonate,298.15,0,0,12.9,20.5557441711,53.1539772418,inside_domain
Morgan+Physical,0,1,HPXRVTGHNJAIIH-UHFFFAOYSA-N,cyclohexanol,298.15,1,1,15.71,11.8437213898,6.99300079031,outside_associated_liquid
Morgan+Physical,0,1,HXJUTPCZVOIRIF-UHFFFAOYSA-N,sulfolane,298.15,0,0,44,21.0316009521,54.0253899274,inside_domain
Morgan+Physical,0,1,IAZDPXIOMUYVGZ-UHFFFAOYSA-N,dimethyl sulfoxide,298,0,0,46.05,21.8508415222,39.3405912447,inside_domain
Morgan+Physical,0,1,IIRFCWANHMSDCG-UHFFFAOYSA-N,cyclooctanone,300.65,0,0,14.38,12.221783638,13.5668987419,inside_domain
Morgan+Physical,0,1,JYPJLAPMBJKRDG-UHFFFAOYSA-M,1-ethyl-3-methylimidazolium butylsulfonate,298.15,0,0,30,20.0551223755,153.401832604,inside_domain
Morgan+Physical,0,1,KLTUZFZUYLXTFF-UHFFFAOYSA-N,1-(2-hydroxyethyl)-3-methylimidazolium tetrafluoroborate,298.15,1,1,23.3,24.0254592896,82.1073071673,outside_associated_liquid
Morgan+Physical,0,1,LLEVMYXEJUDBTA-UHFFFAOYSA-N,heptanedinitrile,298.15,0,0,29.71,24.9384937286,22.0308625381,inside_domain
Morgan+Physical,0,1,LRHPLDYGYMQRHN-UHFFFAOYSA-N,butan-1-ol,298.15,1,1,18.03,14.0258159637,8.39006069244,outside_associated_liquid
Morgan+Physical,0,1,OHLUUHNLEMFGTQ-UHFFFAOYSA-N,N-methylacetamide,303.15,1,1,178.47,12.6889820099,5.9744908461,outside_associated_liquid
Morgan+Physical,0,1,QRCRANRUHQKZME-UHFFFAOYSA-N,"3-butyl-1,2,4,5-tetramethyl-1H-imidazol-3-ium tetrafluoroborate",298.15,0,0,12,14.0559997559,90.2035313888,inside_domain
Morgan+Physical,0,1,UCCKRVYTJPMHRO-UHFFFAOYSA-N,"1-butyl-2,3-dimethyl-1H-imidazolium bis(trifluoromethylsulfonyl)amide",298.15,0,0,14,15.4453334808,11.4813553141,inside_domain
Morgan+Physical,0,1,WYJOVVXUZNRJQY-UHFFFAOYSA-N,2-acetylthiophene,298.15,0,0,29.19,14.418053627,26.4529603231,inside_domain
Morgan+Physical,0,1,WZLFPVPRZGTCKP-UHFFFAOYSA-N,"1,1,1,3,3-pentafluorobutane",298.115,0,0,11.8861,5.94473266602,6.83236100939,inside_domain
Morgan+Physical,0,1,XDTMQSROBMDMFD-UHFFFAOYSA-N,cyclohexane,298.15,0,0,2.02,5.27901315689,1.10684113993,inside_domain
Morgan+Physical,0,1,ZIBGPFATKBEMQZ-UHFFFAOYSA-N,triethylene glycol,298.15,2,2,23.07,22.1953964233,12.1409402443,outside_associated_liquid
Morgan+Physical,0,1,ZSIAUFGUXNUGDI-UHFFFAOYSA-N,hexan-1-ol,298.15,1,1,14.26,12.2999782562,5.23133673613,outside_associated_liquid
Morgan+Physical,0,1,ZXEKIIBDNHEJCQ-UHFFFAOYSA-N,2-methyl-1-propanol,298.15,1,1,17.96,15.5435686111,5.2814866108,outside_associated_liquid
Morgan+Physical,0,1,GJRQTCIYDGXPES-UHFFFAOYSA-N,Isobutyl acetate,293.15,0,0,5.29,8.92773246765,8.50004501778,inside_domain
Morgan+Physical,0,1,NTIZESTWPVYFNL-UHFFFAOYSA-N,4-Methyl-2-pentanone,293.15,0,0,13.11,12.0826740265,14.6513704727,inside_domain
Morgan+Physical,0,1,JFDZBHWFFUWGJE-UHFFFAOYSA-N,Benzonitrile,298.15,0,0,25.2,28.0171508789,29.6694423151,inside_domain
Morgan+Physical,0,1,DTQVDTLACAAQTR-UHFFFAOYSA-N,Trifluoroacetic acid,293.15,1,1,39.5,19.7095985413,28.7487569677,outside_associated_liquid
Morgan+Physical,0,1,FERIUCNNQQJTOY-UHFFFAOYSA-N,Butyric acid,293.15,1,1,2.97,11.9803133011,7.21717286495,outside_associated_liquid
Morgan+Physical,0,1,GWYFCOCPABKNJV-UHFFFAOYSA-N,Isovaleric acid,293.15,1,1,2.64,12.2841558456,5.90016995209,outside_associated_liquid
Morgan+Physical,0,1,ISPYQTSUDJAMAB-UHFFFAOYSA-N,o-Chlorophenol,298.15,1,1,6.31,10.2864189148,2.71741653544,outside_associated_liquid
Morgan+Physical,0,1,QJPJQTDYNZXKQF-UHFFFAOYSA-N,p-Bromoanisole,303.15,0,0,7.06,10.8544797897,27.3339480411,inside_domain
Morgan+Physical,0,1,MSXVEPNJUHWQHW-UHFFFAOYSA-N,2-Methyl-2-butanol,298.15,1,1,5.82,10.9698982239,5.55405564062,outside_associated_liquid
Morgan+Physical,0,1,POLCUAVZOMRGSN-UHFFFAOYSA-N,Propyl ether,299.15,0,0,3.39,4.37196016312,3.4892418063,inside_domain
Morgan+Physical,0,1,WVDDGKGOMKODPV-UHFFFAOYSA-N,Benzyl alcohol,293.15,1,1,13.1,15.1525783539,5.77594569883,outside_associated_liquid
Morgan+Physical,0,1,QWVGKYWNOKOFNN-UHFFFAOYSA-N,o-Cresol,298.15,1,1,11.5,9.62280464172,6.74466929489,outside_associated_liquid
Morgan+Physical,0,1,UJBOOUHRTQVGRU-UHFFFAOYSA-N,3-Methylcyclohexanone,293.15,0,0,12.4,13.3524122238,17.8915575672,inside_domain
Morgan+Physical,0,1,MHNNAWXXUZQSNM-UHFFFAOYSA-N,2-Methyl-1-butene,293.15,0,0,2.197,5.30784416199,1.69384086029,inside_domain
Morgan+Physical,0,1,OFBQJSOFQDEBGM-UHFFFAOYSA-N,n-Pentane,293.15,0,0,1.844,3.34814453125,1.1048859414,inside_domain
Morgan+Physical,0,1,CYTYCFOTNPOANT-UHFFFAOYSA-N,Tetrachloroethylene,298.15,0,0,2.3,7.15330886841,1.12045182946,inside_domain
Morgan+Physical,0,1,UQEAIHBTYFGYIE-UHFFFAOYSA-N,Hexamethyldisiloxane,293.15,0,0,2.17,3.97832298279,1.21737241547,inside_domain
Morgan+Physical,0,1,JRGGUPZKKTVKOV-UHFFFAOYSA-N,1-Bromo-3-chlorobenzene,293.15,0,0,4.58,5.92748832703,13.6465698801,inside_domain
Morgan+Physical,0,1,WQONPSCCEXUXTQ-UHFFFAOYSA-N,o-Dibromobenzene,293.15,0,0,7.35,12.4068117142,35.3981532236,inside_domain
Morgan+Physical,0,1,ZPQOPVIELGIULI-UHFFFAOYSA-N,m-Dichlorobenzene,298.15,0,0,5.04,5.63459539413,4.80631156245,inside_domain
Morgan+Physical,0,1,SFPQFQUXAJOWNF-UHFFFAOYSA-N,m-Diiodobenzene,298.15,0,0,4.25,5.74905395508,13.6499299113,inside_domain
Morgan,0,2,AFBPFSWMIHJQDM-UHFFFAOYSA-N,N-methylaniline,300.15,1,1,5.878,7.24093770981,7.11572078225,outside_associated_liquid
Morgan,0,2,AMQJEAYHLZJPGS-UHFFFAOYSA-N,pentan-1-ol,298.15,1,1,15.736,14.1992301941,5.16365543529,outside_associated_liquid
Morgan,0,2,BBMCTIGTTCKYKF-UHFFFAOYSA-N,heptan-1-ol,298.15,1,1,12.65,14.1992301941,4.96304294304,outside_associated_liquid
Morgan,0,2,BGTOWKSIORTVQH-UHFFFAOYSA-N,cyclopentanone,298.15,0,0,13.505,16.399564743,20.9054049662,inside_domain
Morgan,0,2,BTGRAWJCKBQKAO-UHFFFAOYSA-N,hexanedinitrile,298.15,0,0,32.12,31.4612941742,46.5421430104,inside_domain
Morgan,0,2,BTNXBLUGMAMSSH-UHFFFAOYSA-N,octanedinitrile,298.15,0,0,25.94,31.4612941742,22.1540981947,inside_domain
Morgan,0,2,GRYUVYIMDGRRLN-UHFFFAOYSA-N,"1-butyl-2,3,4,5-tetramethylimidazolium bis(trifluoromethylsulfonyl)imide",298.15,0,0,15,15.2723407745,18.8149235057,inside_domain
Morgan,0,2,HZAXFHJVJLSVMW-UHFFFAOYSA-N,2-aminoethan-1-ol,303.15,2,2,31.46,34.5094642639,25.2714322229,outside_associated_liquid
Morgan,0,2,IMNFDUFMRHMDMM-UHFFFAOYSA-N,heptane,298.15,0,0,1.93,5.73561811447,1.10583566295,inside_domain
Morgan,0,2,JHIVVAPYMSGYDF-UHFFFAOYSA-N,cyclohexanone,298.15,0,0,15.79,16.1100139618,19.6553000971,inside_domain
Morgan,0,2,KBPLFHHGFOOTCA-UHFFFAOYSA-N,octan-1-ol,298.15,1,1,10.66,14.1992301941,4.22641786179,outside_associated_liquid
Morgan,0,2,LZJIBRSVPKKOSI-UHFFFAOYSA-O,ethanolammonium nitrate,298.15,2,2,60.9,25.2787265778,20.8289438764,outside_associated_liquid
Morgan,0,2,SHQSVMDWKBRBGB-UHFFFAOYSA-N,cyclobutanone,298.15,0,0,14.96,16.399564743,24.058855292,inside_domain
Morgan,0,2,SIXHYMZEOJSYQH-UHFFFAOYSA-M,1-butyl-3-methylimidazolium thiocyanate,298.15,0,0,13.7,32.8342514038,27.3242655698,inside_domain
Morgan,0,2,TVMXDCGIABBOFY-UHFFFAOYSA-N,octane,298.15,0,0,1.961,5.73561811447,1.1076211483,inside_domain
Morgan,0,2,UWHCKJMYHZGTIT-UHFFFAOYSA-N,tetraethylene glycol,298.15,2,2,19.91,22.0151996613,16.8875268244,outside_associated_liquid
Morgan,0,2,XDJYSDBSJWNTQT-UHFFFAOYSA-N,"1-ethyl-2,3-dimethylimidazolium bis[(trifluoromethyl)sulfonyl]imide",298.15,0,0,12.8,18.4200763702,44.2192801694,inside_domain
Morgan,0,2,YFNKIDBQEZZDLK-UHFFFAOYSA-N,"2,5,8,11-tetraoxadodecane",298.15,0,0,7.604,8.83407497406,11.1446264552,inside_domain
Morgan,0,2,XNLICIUVMPYHGG-UHFFFAOYSA-N,2-Pentanone,293.15,0,0,15.45,12.0756282806,17.6741821348,inside_domain
Morgan,0,2,HEBKCHPVOIAQTA-NGQZWQHPSA-N,Xylitol,293.15,5,5,40,36.5538253784,16.2882582546,outside_associated_liquid
Morgan,0,2,NVJBFARDFTXOTO-UHFFFAOYSA-N,Ethyl sulfite,293.15,0,0,15.9,18.2114562988,15.9704051889,inside_domain
Morgan,0,2,WFCLYEAZTHWNEH-UHFFFAOYSA-N,Ethyl thiocyanate,294.15,0,0,29.3,27.9548149109,32.9129822647,inside_domain
Morgan,0,2,YPFDHNVEDLHUCE-UHFFFAOYSA-N,"1,3-Propanediol",293.15,2,2,35,23.3403873444,1.44673551362,outside_associated_liquid
Morgan,0,2,SPEUIVXLLWOEMJ-UHFFFAOYSA-N,"1,1-Dimethoxyethane",293.15,0,0,3.49,8.48484897614,8.95630913771,inside_domain
Morgan,0,2,SVTBMSDMJJWYQN-UHFFFAOYSA-N,"2-Methyl-2,4-pentanediol",303.15,2,2,24.4,16.2495174408,19.5363125491,outside_associated_liquid
Morgan,0,2,DHKHKXVYLBGOIT-UHFFFAOYSA-N,"1,1-Diethoxyethane",298.15,0,0,3.8,6.13515901566,6.97488629158,inside_domain
Morgan,0,2,PHTQWCKDNZKARW-UHFFFAOYSA-N,3-Methyl-1-butanol,298.15,1,1,14.7,19.0761928558,4.92575324719,outside_associated_liquid
Morgan,0,2,ZAFNJMIOTHYJRJ-UHFFFAOYSA-N,Isopropyl ether,298.15,0,0,3.88,8.48484897614,2.80531678598,inside_domain
Morgan,0,2,RLSSMJSEOOYNOY-UHFFFAOYSA-N,m-Cresol,298.15,1,1,11.8,8.22861671448,6.72405719621,outside_associated_liquid
Morgan,0,2,MQWCXKGKQLNYQG-UHFFFAOYSA-N,4-Methylcyclohexanol,293.15,1,1,13.3,10.7636785507,4.28546106184,outside_associated_liquid
Morgan,0,2,LCZUOKDVTBMCMX-UHFFFAOYSA-N,"2,5-Dimethylpyrazine",293.15,0,0,2.436,9.40801048279,1.11662360242,inside_domain
Morgan,0,2,ZQDPJFUHLCOCRG-AATRIKPKSA-N,trans-3-Hexene,298.15,0,0,2,6.67403793335,1.10808604929,inside_domain
Morgan,0,2,KFUSEUYYWQURPO-OWOJBTEDSA-N,"trans-1,2-Dichloroethylene",298.15,0,0,2.14,9.82229995728,1.11523574299,inside_domain
Morgan,0,2,LJSQFQKUNVCTIA-UHFFFAOYSA-N,Ethyl sulfide,298.15,0,0,5.72,6.67403793335,10.37513043,inside_domain
Morgan,0,2,JUJWROOIHBZHMG-UHFFFAOYSA-N,Pyridine,298.15,0,0,12.3,11.1858720779,9.88027991812,inside_domain
Morgan,0,2,ZRKMQKLGEQPLNS-UHFFFAOYSA-N,1-Pentanethiol,298.15,1,1,4.55,6.10361146927,9.12891097269,outside_associated_liquid
Morgan,0,2,ZMANZCXQSJIPKH-UHFFFAOYSA-N,Triethylamine,298.15,0,0,2.42,11.687871933,1.58318603892,inside_domain
Morgan,0,2,MMZYCBHLNZVROM-UHFFFAOYSA-N,o-Fluorotoluene,303.15,0,0,4.22,8.9770526886,6.12573643678,inside_domain
Morgan,0,2,QQONPFPTGQHPMA-UHFFFAOYSA-N,Propene,293.15,0,0,1.875,9.68139648438,1.56210378661,inside_domain
Morgan,0,2,PMJHHCWVYXUKFD-SNAWJCMRSA-N,"1,3-Pentadiene",298.15,0,0,2.32,9.68139648438,1.87012388355,inside_domain
Morgan,0,2,RCJMVGJKROQDCB-UHFFFAOYSA-N,"2-Methyl-1,3-pentadiene",298.15,0,0,2.42,10.1048822403,2.15098593997,inside_domain
Physical,0,2,AFBPFSWMIHJQDM-UHFFFAOYSA-N,N-methylaniline,300.15,1,1,5.878,9.40176200867,7.11572078225,outside_associated_liquid
Physical,0,2,AMQJEAYHLZJPGS-UHFFFAOYSA-N,pentan-1-ol,298.15,1,1,15.736,11.6358146667,5.16365543529,outside_associated_liquid
Physical,0,2,BBMCTIGTTCKYKF-UHFFFAOYSA-N,heptan-1-ol,298.15,1,1,12.65,13.1850366592,4.96304294304,outside_associated_liquid
Physical,0,2,BGTOWKSIORTVQH-UHFFFAOYSA-N,cyclopentanone,298.15,0,0,13.505,14.3527622223,20.9054049662,inside_domain
Physical,0,2,BTGRAWJCKBQKAO-UHFFFAOYSA-N,hexanedinitrile,298.15,0,0,32.12,28.5261287689,46.5421430104,inside_domain
Physical,0,2,BTNXBLUGMAMSSH-UHFFFAOYSA-N,octanedinitrile,298.15,0,0,25.94,17.5602798462,22.1540981947,inside_domain
Physical,0,2,GRYUVYIMDGRRLN-UHFFFAOYSA-N,"1-butyl-2,3,4,5-tetramethylimidazolium bis(trifluoromethylsulfonyl)imide",298.15,0,0,15,17.6553249359,18.8149235057,inside_domain
Physical,0,2,HZAXFHJVJLSVMW-UHFFFAOYSA-N,2-aminoethan-1-ol,303.15,2,2,31.46,58.4602394104,25.2714322229,outside_associated_liquid
Physical,0,2,IMNFDUFMRHMDMM-UHFFFAOYSA-N,heptane,298.15,0,0,1.93,2.609333992,1.10583566295,inside_domain
Physical,0,2,JHIVVAPYMSGYDF-UHFFFAOYSA-N,cyclohexanone,298.15,0,0,15.79,12.7162094116,19.6553000971,inside_domain
Physical,0,2,KBPLFHHGFOOTCA-UHFFFAOYSA-N,octan-1-ol,298.15,1,1,10.66,8.57870864868,4.22641786179,outside_associated_liquid
Physical,0,2,LZJIBRSVPKKOSI-UHFFFAOYSA-O,ethanolammonium nitrate,298.15,2,2,60.9,64.5639877319,20.8289438764,outside_associated_liquid
Physical,0,2,SHQSVMDWKBRBGB-UHFFFAOYSA-N,cyclobutanone,298.15,0,0,14.96,22.6824741364,24.058855292,inside_domain
Physical,0,2,SIXHYMZEOJSYQH-UHFFFAOYSA-M,1-butyl-3-methylimidazolium thiocyanate,298.15,0,0,13.7,44.5157852173,27.3242655698,inside_domain
Physical,0,2,TVMXDCGIABBOFY-UHFFFAOYSA-N,octane,298.15,0,0,1.961,2.51364326477,1.1076211483,inside_domain
Physical,0,2,UWHCKJMYHZGTIT-UHFFFAOYSA-N,tetraethylene glycol,298.15,2,2,19.91,17.6659965515,16.8875268244,outside_associated_liquid
Physical,0,2,XDJYSDBSJWNTQT-UHFFFAOYSA-N,"1-ethyl-2,3-dimethylimidazolium bis[(trifluoromethyl)sulfonyl]imide",298.15,0,0,12.8,25.0711135864,44.2192801694,inside_domain
Physical,0,2,YFNKIDBQEZZDLK-UHFFFAOYSA-N,"2,5,8,11-tetraoxadodecane",298.15,0,0,7.604,8.24502658844,11.1446264552,inside_domain
Physical,0,2,XNLICIUVMPYHGG-UHFFFAOYSA-N,2-Pentanone,293.15,0,0,15.45,12.9442987442,17.6741821348,inside_domain
Physical,0,2,HEBKCHPVOIAQTA-NGQZWQHPSA-N,Xylitol,293.15,5,5,40,35.5154037476,16.2882582546,outside_associated_liquid
Physical,0,2,NVJBFARDFTXOTO-UHFFFAOYSA-N,Ethyl sulfite,293.15,0,0,15.9,14.1403408051,15.9704051889,inside_domain
Physical,0,2,WFCLYEAZTHWNEH-UHFFFAOYSA-N,Ethyl thiocyanate,294.15,0,0,29.3,22.3892021179,32.9129822647,inside_domain
Physical,0,2,YPFDHNVEDLHUCE-UHFFFAOYSA-N,"1,3-Propanediol",293.15,2,2,35,19.6600513458,1.44673551362,outside_associated_liquid
Physical,0,2,SPEUIVXLLWOEMJ-UHFFFAOYSA-N,"1,1-Dimethoxyethane",293.15,0,0,3.49,8.883934021,8.95630913771,inside_domain
Physical,0,2,SVTBMSDMJJWYQN-UHFFFAOYSA-N,"2-Methyl-2,4-pentanediol",303.15,2,2,24.4,20.0943832397,19.5363125491,outside_associated_liquid
Physical,0,2,DHKHKXVYLBGOIT-UHFFFAOYSA-N,"1,1-Diethoxyethane",298.15,0,0,3.8,8.01055335999,6.97488629158,inside_domain
Physical,0,2,PHTQWCKDNZKARW-UHFFFAOYSA-N,3-Methyl-1-butanol,298.15,1,1,14.7,15.9800186157,4.92575324719,outside_associated_liquid
Physical,0,2,ZAFNJMIOTHYJRJ-UHFFFAOYSA-N,Isopropyl ether,298.15,0,0,3.88,3.26584744453,2.80531678598,inside_domain
Physical,0,2,RLSSMJSEOOYNOY-UHFFFAOYSA-N,m-Cresol,298.15,1,1,11.8,11.9071846008,6.72405719621,outside_associated_liquid
Physical,0,2,MQWCXKGKQLNYQG-UHFFFAOYSA-N,4-Methylcyclohexanol,293.15,1,1,13.3,12.6728849411,4.28546106184,outside_associated_liquid
Physical,0,2,LCZUOKDVTBMCMX-UHFFFAOYSA-N,"2,5-Dimethylpyrazine",293.15,0,0,2.436,7.16994476318,1.11662360242,inside_domain
Physical,0,2,ZQDPJFUHLCOCRG-AATRIKPKSA-N,trans-3-Hexene,298.15,0,0,2,1.6414334774,1.10808604929,inside_domain
Physical,0,2,KFUSEUYYWQURPO-OWOJBTEDSA-N,"trans-1,2-Dichloroethylene",298.15,0,0,2.14,9.54714107513,1.11523574299,inside_domain
Physical,0,2,LJSQFQKUNVCTIA-UHFFFAOYSA-N,Ethyl sulfide,298.15,0,0,5.72,5.4381313324,10.37513043,inside_domain
Physical,0,2,JUJWROOIHBZHMG-UHFFFAOYSA-N,Pyridine,298.15,0,0,12.3,14.1157417297,9.88027991812,inside_domain
Physical,0,2,ZRKMQKLGEQPLNS-UHFFFAOYSA-N,1-Pentanethiol,298.15,1,1,4.55,6.37882089615,9.12891097269,outside_associated_liquid
Physical,0,2,ZMANZCXQSJIPKH-UHFFFAOYSA-N,Triethylamine,298.15,0,0,2.42,2.44436144829,1.58318603892,inside_domain
Physical,0,2,MMZYCBHLNZVROM-UHFFFAOYSA-N,o-Fluorotoluene,303.15,0,0,4.22,12.541100502,6.12573643678,inside_domain
Physical,0,2,QQONPFPTGQHPMA-UHFFFAOYSA-N,Propene,293.15,0,0,1.875,1.71727383137,1.56210378661,inside_domain
Physical,0,2,PMJHHCWVYXUKFD-SNAWJCMRSA-N,"1,3-Pentadiene",298.15,0,0,2.32,3.83199691772,1.87012388355,inside_domain
Physical,0,2,RCJMVGJKROQDCB-UHFFFAOYSA-N,"2-Methyl-1,3-pentadiene",298.15,0,0,2.42,3.51655650139,2.15098593997,inside_domain
Morgan+Physical,0,2,AFBPFSWMIHJQDM-UHFFFAOYSA-N,N-methylaniline,300.15,1,1,5.878,8.32135009766,7.11572078225,outside_associated_liquid
Morgan+Physical,0,2,AMQJEAYHLZJPGS-UHFFFAOYSA-N,pentan-1-ol,298.15,1,1,15.736,12.9175224304,5.16365543529,outside_associated_liquid
Morgan+Physical,0,2,BBMCTIGTTCKYKF-UHFFFAOYSA-N,heptan-1-ol,298.15,1,1,12.65,13.6921329498,4.96304294304,outside_associated_liquid
Morgan+Physical,0,2,BGTOWKSIORTVQH-UHFFFAOYSA-N,cyclopentanone,298.15,0,0,13.505,15.3761634827,20.9054049662,inside_domain
Morgan+Physical,0,2,BTGRAWJCKBQKAO-UHFFFAOYSA-N,hexanedinitrile,298.15,0,0,32.12,29.9937114716,46.5421430104,inside_domain
Morgan+Physical,0,2,BTNXBLUGMAMSSH-UHFFFAOYSA-N,octanedinitrile,298.15,0,0,25.94,24.5107879639,22.1540981947,inside_domain
Morgan+Physical,0,2,GRYUVYIMDGRRLN-UHFFFAOYSA-N,"1-butyl-2,3,4,5-tetramethylimidazolium bis(trifluoromethylsulfonyl)imide",298.15,0,0,15,16.4638328552,18.8149235057,inside_domain
Morgan+Physical,0,2,HZAXFHJVJLSVMW-UHFFFAOYSA-N,2-aminoethan-1-ol,303.15,2,2,31.46,46.4848518372,25.2714322229,outside_associated_liquid
Morgan+Physical,0,2,IMNFDUFMRHMDMM-UHFFFAOYSA-N,heptane,298.15,0,0,1.93,4.17247581482,1.10583566295,inside_domain
Morgan+Physical,0,2,JHIVVAPYMSGYDF-UHFFFAOYSA-N,cyclohexanone,298.15,0,0,15.79,14.4131116867,19.6553000971,inside_domain
Morgan+Physical,0,2,KBPLFHHGFOOTCA-UHFFFAOYSA-N,octan-1-ol,298.15,1,1,10.66,11.3889694214,4.22641786179,outside_associated_liquid
Morgan+Physical,0,2,LZJIBRSVPKKOSI-UHFFFAOYSA-O,ethanolammonium nitrate,298.15,2,2,60.9,44.9213562012,20.8289438764,outside_associated_liquid
Morgan+Physical,0,2,SHQSVMDWKBRBGB-UHFFFAOYSA-N,cyclobutanone,298.15,0,0,14.96,19.5410194397,24.058855292,inside_domain
Morgan+Physical,0,2,SIXHYMZEOJSYQH-UHFFFAOYSA-M,1-butyl-3-methylimidazolium thiocyanate,298.15,0,0,13.7,38.6750183105,27.3242655698,inside_domain
Morgan+Physical,0,2,TVMXDCGIABBOFY-UHFFFAOYSA-N,octane,298.15,0,0,1.961,4.12463092804,1.1076211483,inside_domain
Morgan+Physical,0,2,UWHCKJMYHZGTIT-UHFFFAOYSA-N,tetraethylene glycol,298.15,2,2,19.91,19.8405990601,16.8875268244,outside_associated_liquid
Morgan+Physical,0,2,XDJYSDBSJWNTQT-UHFFFAOYSA-N,"1-ethyl-2,3-dimethylimidazolium bis[(trifluoromethyl)sulfonyl]imide",298.15,0,0,12.8,21.7455940247,44.2192801694,inside_domain
Morgan+Physical,0,2,YFNKIDBQEZZDLK-UHFFFAOYSA-N,"2,5,8,11-tetraoxadodecane",298.15,0,0,7.604,8.53955078125,11.1446264552,inside_domain
Morgan+Physical,0,2,XNLICIUVMPYHGG-UHFFFAOYSA-N,2-Pentanone,293.15,0,0,15.45,12.5099639893,17.6741821348,inside_domain
Morgan+Physical,0,2,HEBKCHPVOIAQTA-NGQZWQHPSA-N,Xylitol,293.15,5,5,40,36.034614563,16.2882582546,outside_associated_liquid
Morgan+Physical,0,2,NVJBFARDFTXOTO-UHFFFAOYSA-N,Ethyl sulfite,293.15,0,0,15.9,16.1758995056,15.9704051889,inside_domain
Morgan+Physical,0,2,WFCLYEAZTHWNEH-UHFFFAOYSA-N,Ethyl thiocyanate,294.15,0,0,29.3,25.1720085144,32.9129822647,inside_domain
Morgan+Physical,0,2,YPFDHNVEDLHUCE-UHFFFAOYSA-N,"1,3-Propanediol",293.15,2,2,35,21.5002193451,1.44673551362,outside_associated_liquid
Morgan+Physical,0,2,SPEUIVXLLWOEMJ-UHFFFAOYSA-N,"1,1-Dimethoxyethane",293.15,0,0,3.49,8.68439102173,8.95630913771,inside_domain
Morgan+Physical,0,2,SVTBMSDMJJWYQN-UHFFFAOYSA-N,"2-Methyl-2,4-pentanediol",303.15,2,2,24.4,18.1719512939,19.5363125491,outside_associated_liquid
Morgan+Physical,0,2,DHKHKXVYLBGOIT-UHFFFAOYSA-N,"1,1-Diethoxyethane",298.15,0,0,3.8,7.0728559494,6.97488629158,inside_domain
Morgan+Physical,0,2,PHTQWCKDNZKARW-UHFFFAOYSA-N,3-Methyl-1-butanol,298.15,1,1,14.7,17.5281066895,4.92575324719,outside_associated_liquid
Morgan+Physical,0,2,ZAFNJMIOTHYJRJ-UHFFFAOYSA-N,Isopropyl ether,298.15,0,0,3.88,5.87534809113,2.80531678598,inside_domain
Morgan+Physical,0,2,RLSSMJSEOOYNOY-UHFFFAOYSA-N,m-Cresol,298.15,1,1,11.8,10.0679006577,6.72405719621,outside_associated_liquid
Morgan+Physical,0,2,MQWCXKGKQLNYQG-UHFFFAOYSA-N,4-Methylcyclohexanol,293.15,1,1,13.3,11.7182817459,4.28546106184,outside_associated_liquid
Morgan+Physical,0,2,LCZUOKDVTBMCMX-UHFFFAOYSA-N,"2,5-Dimethylpyrazine",293.15,0,0,2.436,8.28897762299,1.11662360242,inside_domain
Morgan+Physical,0,2,ZQDPJFUHLCOCRG-AATRIKPKSA-N,trans-3-Hexene,298.15,0,0,2,4.15773582458,1.10808604929,inside_domain
Morgan+Physical,0,2,KFUSEUYYWQURPO-OWOJBTEDSA-N,"trans-1,2-Dichloroethylene",298.15,0,0,2.14,9.68472099304,1.11523574299,inside_domain
Morgan+Physical,0,2,LJSQFQKUNVCTIA-UHFFFAOYSA-N,Ethyl sulfide,298.15,0,0,5.72,6.05608463287,10.37513043,inside_domain
Morgan+Physical,0,2,JUJWROOIHBZHMG-UHFFFAOYSA-N,Pyridine,298.15,0,0,12.3,12.650806427,9.88027991812,inside_domain
Morgan+Physical,0,2,ZRKMQKLGEQPLNS-UHFFFAOYSA-N,1-Pentanethiol,298.15,1,1,4.55,6.24121618271,9.12891097269,outside_associated_liquid
Morgan+Physical,0,2,ZMANZCXQSJIPKH-UHFFFAOYSA-N,Triethylamine,298.15,0,0,2.42,7.06611680984,1.58318603892,inside_domain
Morgan+Physical,0,2,MMZYCBHLNZVROM-UHFFFAOYSA-N,o-Fluorotoluene,303.15,0,0,4.22,10.7590770721,6.12573643678,inside_domain
Morgan+Physical,0,2,QQONPFPTGQHPMA-UHFFFAOYSA-N,Propene,293.15,0,0,1.875,5.69933509827,1.56210378661,inside_domain
Morgan+Physical,0,2,PMJHHCWVYXUKFD-SNAWJCMRSA-N,"1,3-Pentadiene",298.15,0,0,2.32,6.75669670105,1.87012388355,inside_domain
Morgan+Physical,0,2,RCJMVGJKROQDCB-UHFFFAOYSA-N,"2-Methyl-1,3-pentadiene",298.15,0,0,2.42,6.81071949005,2.15098593997,inside_domain
Morgan,0,3,BAPJBEWLBFYGME-UHFFFAOYSA-N,methyl propenoate,298.15,0,0,7.021,11.9117975235,7.29190026496,inside_domain
Morgan,0,3,BKIMMITUMNQMOS-UHFFFAOYSA-N,nonane,298.15,0,0,1.98,4.68548059464,1.10532080108,inside_domain
Morgan,0,3,BMRWNKZVCUKKSR-UHFFFAOYSA-N,"1,2-butanediol",298.2,2,2,22.143,24.6470413208,13.5953058324,outside_associated_liquid
Morgan,0,3,CGZZMOTZOONQIA-UHFFFAOYSA-N,cycloheptanone,298.15,0,0,12.92,18.5186157227,15.0978362101,inside_domain
Morgan,0,3,DNIAPMSPPWPWGF-UHFFFAOYSA-N,"1,2-propanediol",303.15,2,2,27.87,26.5235557556,15.9608369814,outside_associated_liquid
Morgan,0,3,GSEJCLTVZPLZKY-UHFFFAOYSA-N,triethanolamine,303.15,3,3,28.11,39.350353241,8.50333947546,outside_associated_liquid
Morgan,0,3,HZKDSQCZNUUQIF-UHFFFAOYSA-M,1-ethyl-3-methylimidazolium hydrogen sulfate,298.15,1,1,18.4,21.4486427307,15.1917971963,outside_associated_liquid
Morgan,0,3,JIGUQPWFLRLWPJ-UHFFFAOYSA-N,ethyl propenoate,298.15,0,0,6.209,7.67039108276,13.7902225059,inside_domain
Morgan,0,3,LBHLGZNUPKUZJC-UHFFFAOYSA-N,1-butyl-1-methylpyrrolidinium dicyanamide,298.15,0,0,18,25.0265083313,116.153845674,inside_domain
Morgan,0,3,LFQSCWFLJHTTHZ-UHFFFAOYSA-N,ethanol,298.15,1,1,25.02,12.6877059937,9.55039595517,outside_associated_liquid
Morgan,0,3,LSBXQLQATZTAPE-UHFFFAOYSA-N,1-butyl-3-methylimidazolium tetrafluoroborate,298.15,0,0,13.9,4.86656856537,142.089757341,inside_domain
Morgan,0,3,LVTYICIALWPMFW-UHFFFAOYSA-N,N-(2-hydroxypropyl)-2-hydroxy-1-propanamine,303.15,3,3,13.87,17.5334663391,21.6555806344,outside_associated_liquid
Morgan,0,3,MCTWTZJPVLRJOU-UHFFFAOYSA-N,1-methylimidazole,298,0,0,39.78,9.72409248352,38.1478273189,inside_domain
Morgan,0,3,MWKFXSUHUHTGQN-UHFFFAOYSA-N,decan-1-ol,298.15,1,1,7.74,14.4545345306,3.3156322585,outside_associated_liquid
Morgan,0,3,OKKJLVBELUTLKV-UHFFFAOYSA-N,methanol,298.15,1,1,33.6,8.2963142395,16.5823957018,outside_associated_liquid
Morgan,0,3,RYHBNJHYFVUHQT-UHFFFAOYSA-N,"1,4-dioxane",298.2,0,0,2.228,11.7964572906,1.10125989107,inside_domain
Morgan,0,3,VFTFKUDGYRBSAL-UHFFFAOYSA-N,"1,4,7,10,13-pentaoxacyclopentadecane",298.15,0,0,15.48,11.7964572906,14.8444868881,inside_domain
Morgan,0,3,XQQZRZQVBFHBHL-UHFFFAOYSA-N,"1,4,7,10-tetraoxacyclododecane",299.4,0,0,10.76,11.7964572906,11.613237056,inside_domain
Morgan,0,3,XTHFKEDIFFGKHM-UHFFFAOYSA-N,"1,2-dimethoxyethane",298.15,0,0,7.0695,5.96195077896,5.4993455063,inside_domain
Morgan,0,3,YEYKMVJDLWJFOA-UHFFFAOYSA-N,2-propoxyethanol,298.15,1,1,11.5,16.1394329071,11.5122504605,outside_associated_liquid
Morgan,0,3,ZHNUHDYFZUAESO-UHFFFAOYSA-N,formamide,303.15,2,2,106.14,9.89298248291,1.63244107371,outside_associated_liquid
Morgan,0,3,ZMXDDKWLCZADIW-UHFFFAOYSA-N,dimethylformamide,302.73,0,0,36.55,15.1474227905,44.913135379,inside_domain
Morgan,0,3,ZTOMUSMDRMJOTH-UHFFFAOYSA-N,pentanedinitrile,298.15,0,0,34.6,29.7862815857,26.6601988036,inside_domain
Morgan,0,3,XNWFRZJHXBZDAG-UHFFFAOYSA-N,2-Methoxyethanol,303.15,1,1,16,19.0441799164,12.9838712423,outside_associated_liquid
Morgan,0,3,RTZKZFJDLAIYFH-UHFFFAOYSA-N,Ethyl ether,293.15,0,0,4.335,4.40049982071,4.44489704395,inside_domain
Morgan,0,3,FDPIMTJIUBPUKL-UHFFFAOYSA-N,3-Pentanone,293.15,0,0,17,12.6223983765,20.6156153797,inside_domain
Morgan,0,3,NQPDZGIKBAWPEJ-UHFFFAOYSA-N,Valeric acid,293.15,1,1,2.66,11.2842826843,5.73031614295,outside_associated_liquid
Morgan,0,3,FVSKHRXBFJPNKK-UHFFFAOYSA-N,Propionitrile,293.15,0,0,27.2,26.3187408447,38.9694829474,inside_domain
Morgan,0,3,ZWEHNKRNPOVVGH-UHFFFAOYSA-N,2-Butanone,293.15,0,0,18.51,12.6223983765,22.1880711838,inside_domain
Morgan,0,3,RDOXTESZEPMUJZ-UHFFFAOYSA-N,Methoxybenzene (Anisole),298.15,0,0,4.33,5.7527384758,3.78240490407,inside_domain
Morgan,0,3,FOTXAJDDGPYIFU-UHFFFAOYSA-N,Ethylcyclopropane,293.15,0,0,1.933,5.17043828964,1.15468220207,inside_domain
Morgan,0,3,UHOVQNZJYSORNB-UHFFFAOYSA-N,Benzene,293.15,0,0,2.284,7.84917593002,1.12590545146,inside_domain
Morgan,0,3,NEZRFXZYPAIZAD-UHFFFAOYSA-N,Ethylcyclobutane,293.15,0,0,1.965,5.17043828964,1.12524438408,inside_domain
Morgan,0,3,RWNKSTSCBHKHTB-UHFFFAOYSA-N,"Hexachloro-1,3-butadiene",298.15,0,0,2.55,28.495098114,1.1593863388,inside_domain
Morgan,0,3,QBELEDRHMPMKHP-UHFFFAOYSA-N,1-Bromo-2-chlorobenzene,293.15,0,0,6.8,7.43560934067,24.1815742763,inside_domain
Morgan,0,3,RFFLAFLAYFXFSW-UHFFFAOYSA-N,o-Dichlorobenzene,298.15,0,0,9.93,7.10984706879,10.2507478883,inside_domain
Morgan,0,3,YLQBMQCUIZJEEH-UHFFFAOYSA-N,Furan,298.15,0,0,2.95,7.84917593002,1.38878820797,inside_domain
Morgan,0,3,OEPRBXUJOQLYID-UHFFFAOYSA-N,1-Fluoropentane,293.15,0,0,4.24,5.59920215607,9.3663047404,inside_domain
Morgan,0,3,HLLCNVLEVVFTJB-UHFFFAOYSA-N,2-Fluoro-2-methylbutane,293.15,0,0,5.89,5.46512842178,9.61421135256,inside_domain
Morgan,0,3,PYLWMHQQBFSUBP-UHFFFAOYSA-N,Fluorobenzene,298.15,0,0,5.42,7.43560934067,9.55831440066,inside_domain
Morgan,0,3,SNHMUERNLJLMHN-UHFFFAOYSA-N,Iodobenzene,293.15,0,0,4.63,7.43560934067,20.9443272724,inside_domain
Physical,0,3,BAPJBEWLBFYGME-UHFFFAOYSA-N,methyl propenoate,298.15,0,0,7.021,11.3675031662,7.29190026496,inside_domain
Physical,0,3,BKIMMITUMNQMOS-UHFFFAOYSA-N,nonane,298.15,0,0,1.98,3.07210230827,1.10532080108,inside_domain
Physical,0,3,BMRWNKZVCUKKSR-UHFFFAOYSA-N,"1,2-butanediol",298.2,2,2,22.143,22.4806137085,13.5953058324,outside_associated_liquid
Physical,0,3,CGZZMOTZOONQIA-UHFFFAOYSA-N,cycloheptanone,298.15,0,0,12.92,10.990562439,15.0978362101,inside_domain
Physical,0,3,DNIAPMSPPWPWGF-UHFFFAOYSA-N,"1,2-propanediol",303.15,2,2,27.87,64.9368286133,15.9608369814,outside_associated_liquid
Physical,0,3,GSEJCLTVZPLZKY-UHFFFAOYSA-N,triethanolamine,303.15,3,3,28.11,28.1531524658,8.50333947546,outside_associated_liquid
Physical,0,3,HZKDSQCZNUUQIF-UHFFFAOYSA-M,1-ethyl-3-methylimidazolium hydrogen sulfate,298.15,1,1,18.4,22.1101093292,15.1917971963,outside_associated_liquid
Physical,0,3,JIGUQPWFLRLWPJ-UHFFFAOYSA-N,ethyl propenoate,298.15,0,0,6.209,12.4802770615,13.7902225059,inside_domain
Physical,0,3,LBHLGZNUPKUZJC-UHFFFAOYSA-N,1-butyl-1-methylpyrrolidinium dicyanamide,298.15,0,0,18,23.2798137665,116.153845674,inside_domain
Physical,0,3,LFQSCWFLJHTTHZ-UHFFFAOYSA-N,ethanol,298.15,1,1,25.02,14.7751502991,9.55039595517,outside_associated_liquid
Physical,0,3,LSBXQLQATZTAPE-UHFFFAOYSA-N,1-butyl-3-methylimidazolium tetrafluoroborate,298.15,0,0,13.9,14.4879264832,142.089757341,inside_domain
Physical,0,3,LVTYICIALWPMFW-UHFFFAOYSA-N,N-(2-hydroxypropyl)-2-hydroxy-1-propanamine,303.15,3,3,13.87,33.3994293213,21.6555806344,outside_associated_liquid
Physical,0,3,MCTWTZJPVLRJOU-UHFFFAOYSA-N,1-methylimidazole,298,0,0,39.78,35.0568580627,38.1478273189,inside_domain
Physical,0,3,MWKFXSUHUHTGQN-UHFFFAOYSA-N,decan-1-ol,298.15,1,1,7.74,10.328125,3.3156322585,outside_associated_liquid
Physical,0,3,OKKJLVBELUTLKV-UHFFFAOYSA-N,methanol,298.15,1,1,33.6,19.4650783539,16.5823957018,outside_associated_liquid
Physical,0,3,RYHBNJHYFVUHQT-UHFFFAOYSA-N,"1,4-dioxane",298.2,0,0,2.228,8.02135848999,1.10125989107,inside_domain
Physical,0,3,VFTFKUDGYRBSAL-UHFFFAOYSA-N,"1,4,7,10,13-pentaoxacyclopentadecane",298.15,0,0,15.48,17.7511463165,14.8444868881,inside_domain
Physical,0,3,XQQZRZQVBFHBHL-UHFFFAOYSA-N,"1,4,7,10-tetraoxacyclododecane",299.4,0,0,10.76,14.8913898468,11.613237056,inside_domain
Physical,0,3,XTHFKEDIFFGKHM-UHFFFAOYSA-N,"1,2-dimethoxyethane",298.15,0,0,7.0695,5.94871711731,5.4993455063,inside_domain
Physical,0,3,YEYKMVJDLWJFOA-UHFFFAOYSA-N,2-propoxyethanol,298.15,1,1,11.5,19.2727661133,11.5122504605,outside_associated_liquid
Physical,0,3,ZHNUHDYFZUAESO-UHFFFAOYSA-N,formamide,303.15,2,2,106.14,52.7333908081,1.63244107371,outside_associated_liquid
Physical,0,3,ZMXDDKWLCZADIW-UHFFFAOYSA-N,dimethylformamide,302.73,0,0,36.55,62.8159446716,44.913135379,inside_domain
Physical,0,3,ZTOMUSMDRMJOTH-UHFFFAOYSA-N,pentanedinitrile,298.15,0,0,34.6,26.2512588501,26.6601988036,inside_domain
Physical,0,3,XNWFRZJHXBZDAG-UHFFFAOYSA-N,2-Methoxyethanol,303.15,1,1,16,60.7345046997,12.9838712423,outside_associated_liquid
Physical,0,3,RTZKZFJDLAIYFH-UHFFFAOYSA-N,Ethyl ether,293.15,0,0,4.335,2.37860703468,4.44489704395,inside_domain
Physical,0,3,FDPIMTJIUBPUKL-UHFFFAOYSA-N,3-Pentanone,293.15,0,0,17,11.9106912613,20.6156153797,inside_domain
Physical,0,3,NQPDZGIKBAWPEJ-UHFFFAOYSA-N,Valeric acid,293.15,1,1,2.66,14.1591453552,5.73031614295,outside_associated_liquid
Physical,0,3,FVSKHRXBFJPNKK-UHFFFAOYSA-N,Propionitrile,293.15,0,0,27.2,30.2265338898,38.9694829474,inside_domain
Physical,0,3,ZWEHNKRNPOVVGH-UHFFFAOYSA-N,2-Butanone,293.15,0,0,18.51,22.1184177399,22.1880711838,inside_domain
Physical,0,3,RDOXTESZEPMUJZ-UHFFFAOYSA-N,Methoxybenzene (Anisole),298.15,0,0,4.33,1.80063652992,3.78240490407,inside_domain
Physical,0,3,FOTXAJDDGPYIFU-UHFFFAOYSA-N,Ethylcyclopropane,293.15,0,0,1.933,3.90881061554,1.15468220207,inside_domain
Physical,0,3,UHOVQNZJYSORNB-UHFFFAOYSA-N,Benzene,293.15,0,0,2.284,1,1.12590545146,inside_domain
Physical,0,3,NEZRFXZYPAIZAD-UHFFFAOYSA-N,Ethylcyclobutane,293.15,0,0,1.965,2.06169462204,1.12524438408,inside_domain
Physical,0,3,RWNKSTSCBHKHTB-UHFFFAOYSA-N,"Hexachloro-1,3-butadiene",298.15,0,0,2.55,3.21529579163,1.1593863388,inside_domain
Physical,0,3,QBELEDRHMPMKHP-UHFFFAOYSA-N,1-Bromo-2-chlorobenzene,293.15,0,0,6.8,8.68874168396,24.1815742763,inside_domain
Physical,0,3,RFFLAFLAYFXFSW-UHFFFAOYSA-N,o-Dichlorobenzene,298.15,0,0,9.93,3.55303239822,10.2507478883,inside_domain
Physical,0,3,YLQBMQCUIZJEEH-UHFFFAOYSA-N,Furan,298.15,0,0,2.95,11.690955162,1.38878820797,inside_domain
Physical,0,3,OEPRBXUJOQLYID-UHFFFAOYSA-N,1-Fluoropentane,293.15,0,0,4.24,4.37294530869,9.3663047404,inside_domain
Physical,0,3,HLLCNVLEVVFTJB-UHFFFAOYSA-N,2-Fluoro-2-methylbutane,293.15,0,0,5.89,4.37294530869,9.61421135256,inside_domain
Physical,0,3,PYLWMHQQBFSUBP-UHFFFAOYSA-N,Fluorobenzene,298.15,0,0,5.42,3.31355953217,9.55831440066,inside_domain
Physical,0,3,SNHMUERNLJLMHN-UHFFFAOYSA-N,Iodobenzene,293.15,0,0,4.63,7.6442232132,20.9443272724,inside_domain
Morgan+Physical,0,3,BAPJBEWLBFYGME-UHFFFAOYSA-N,methyl propenoate,298.15,0,0,7.021,11.6396503448,7.29190026496,inside_domain
Morgan+Physical,0,3,BKIMMITUMNQMOS-UHFFFAOYSA-N,nonane,298.15,0,0,1.98,3.87879133224,1.10532080108,inside_domain
Morgan+Physical,0,3,BMRWNKZVCUKKSR-UHFFFAOYSA-N,"1,2-butanediol",298.2,2,2,22.143,23.5638275146,13.5953058324,outside_associated_liquid
Morgan+Physical,0,3,CGZZMOTZOONQIA-UHFFFAOYSA-N,cycloheptanone,298.15,0,0,12.92,14.7545890808,15.0978362101,inside_domain
Morgan+Physical,0,3,DNIAPMSPPWPWGF-UHFFFAOYSA-N,"1,2-propanediol",303.15,2,2,27.87,45.7301940918,15.9608369814,outside_associated_liquid
Morgan+Physical,0,3,GSEJCLTVZPLZKY-UHFFFAOYSA-N,triethanolamine,303.15,3,3,28.11,33.7517547607,8.50333947546,outside_associated_liquid
Morgan+Physical,0,3,HZKDSQCZNUUQIF-UHFFFAOYSA-M,1-ethyl-3-methylimidazolium hydrogen sulfate,298.15,1,1,18.4,21.7793769836,15.1917971963,outside_associated_liquid
Morgan+Physical,0,3,JIGUQPWFLRLWPJ-UHFFFAOYSA-N,ethyl propenoate,298.15,0,0,6.209,10.075334549,13.7902225059,inside_domain
Morgan+Physical,0,3,LBHLGZNUPKUZJC-UHFFFAOYSA-N,1-butyl-1-methylpyrrolidinium dicyanamide,298.15,0,0,18,24.1531600952,116.153845674,inside_domain
Morgan+Physical,0,3,LFQSCWFLJHTTHZ-UHFFFAOYSA-N,ethanol,298.15,1,1,25.02,13.7314281464,9.55039595517,outside_associated_liquid
Morgan+Physical,0,3,LSBXQLQATZTAPE-UHFFFAOYSA-N,1-butyl-3-methylimidazolium tetrafluoroborate,298.15,0,0,13.9,9.6772480011,142.089757341,inside_domain
Morgan+Physical,0,3,LVTYICIALWPMFW-UHFFFAOYSA-N,N-(2-hydroxypropyl)-2-hydroxy-1-propanamine,303.15,3,3,13.87,25.4664478302,21.6555806344,outside_associated_liquid
Morgan+Physical,0,3,MCTWTZJPVLRJOU-UHFFFAOYSA-N,1-methylimidazole,298,0,0,39.78,22.3904762268,38.1478273189,inside_domain
Morgan+Physical,0,3,MWKFXSUHUHTGQN-UHFFFAOYSA-N,decan-1-ol,298.15,1,1,7.74,12.3913297653,3.3156322585,outside_associated_liquid
Morgan+Physical,0,3,OKKJLVBELUTLKV-UHFFFAOYSA-N,methanol,298.15,1,1,33.6,13.8806962967,16.5823957018,outside_associated_liquid
Morgan+Physical,0,3,RYHBNJHYFVUHQT-UHFFFAOYSA-N,"1,4-dioxane",298.2,0,0,2.228,9.90890789032,1.10125989107,inside_domain
Morgan+Physical,0,3,VFTFKUDGYRBSAL-UHFFFAOYSA-N,"1,4,7,10,13-pentaoxacyclopentadecane",298.15,0,0,15.48,14.7738018036,14.8444868881,inside_domain
Morgan+Physical,0,3,XQQZRZQVBFHBHL-UHFFFAOYSA-N,"1,4,7,10-tetraoxacyclododecane",299.4,0,0,10.76,13.3439235687,11.613237056,inside_domain
Morgan+Physical,0,3,XTHFKEDIFFGKHM-UHFFFAOYSA-N,"1,2-dimethoxyethane",298.15,0,0,7.0695,5.95533370972,5.4993455063,inside_domain
Morgan+Physical,0,3,YEYKMVJDLWJFOA-UHFFFAOYSA-N,2-propoxyethanol,298.15,1,1,11.5,17.7061004639,11.5122504605,outside_associated_liquid
Morgan+Physical,0,3,ZHNUHDYFZUAESO-UHFFFAOYSA-N,formamide,303.15,2,2,106.14,31.3131866455,1.63244107371,outside_associated_liquid
Morgan+Physical,0,3,ZMXDDKWLCZADIW-UHFFFAOYSA-N,dimethylformamide,302.73,0,0,36.55,38.9816818237,44.913135379,inside_domain
Morgan+Physical,0,3,ZTOMUSMDRMJOTH-UHFFFAOYSA-N,pentanedinitrile,298.15,0,0,34.6,28.0187702179,26.6601988036,inside_domain
Morgan+Physical,0,3,XNWFRZJHXBZDAG-UHFFFAOYSA-N,2-Methoxyethanol,303.15,1,1,16,39.8893432617,12.9838712423,outside_associated_liquid
Morgan+Physical,0,3,RTZKZFJDLAIYFH-UHFFFAOYSA-N,Ethyl ether,293.15,0,0,4.335,3.38955354691,4.44489704395,inside_domain
Morgan+Physical,0,3,FDPIMTJIUBPUKL-UHFFFAOYSA-N,3-Pentanone,293.15,0,0,17,12.266544342,20.6156153797,inside_domain
Morgan+Physical,0,3,NQPDZGIKBAWPEJ-UHFFFAOYSA-N,Valeric acid,293.15,1,1,2.66,12.7217140198,5.73031614295,outside_associated_liquid
Morgan+Physical,0,3,FVSKHRXBFJPNKK-UHFFFAOYSA-N,Propionitrile,293.15,0,0,27.2,28.2726364136,38.9694829474,inside_domain
Morgan+Physical,0,3,ZWEHNKRNPOVVGH-UHFFFAOYSA-N,2-Butanone,293.15,0,0,18.51,17.3704071045,22.1880711838,inside_domain
Morgan+Physical,0,3,RDOXTESZEPMUJZ-UHFFFAOYSA-N,Methoxybenzene (Anisole),298.15,0,0,4.33,3.77668762207,3.78240490407,inside_domain
Morgan+Physical,0,3,FOTXAJDDGPYIFU-UHFFFAOYSA-N,Ethylcyclopropane,293.15,0,0,1.933,4.53962421417,1.15468220207,inside_domain
Morgan+Physical,0,3,UHOVQNZJYSORNB-UHFFFAOYSA-N,Benzene,293.15,0,0,2.284,4.24085140228,1.12590545146,inside_domain
Morgan+Physical,0,3,NEZRFXZYPAIZAD-UHFFFAOYSA-N,Ethylcyclobutane,293.15,0,0,1.965,3.61606645584,1.12524438408,inside_domain
Morgan+Physical,0,3,RWNKSTSCBHKHTB-UHFFFAOYSA-N,"Hexachloro-1,3-butadiene",298.15,0,0,2.55,15.8551969528,1.1593863388,inside_domain
Morgan+Physical,0,3,QBELEDRHMPMKHP-UHFFFAOYSA-N,1-Bromo-2-chlorobenzene,293.15,0,0,6.8,8.06217575073,24.1815742763,inside_domain
Morgan+Physical,0,3,RFFLAFLAYFXFSW-UHFFFAOYSA-N,o-Dichlorobenzene,298.15,0,0,9.93,5.33143997192,10.2507478883,inside_domain
Morgan+Physical,0,3,YLQBMQCUIZJEEH-UHFFFAOYSA-N,Furan,298.15,0,0,2.95,9.77006530762,1.38878820797,inside_domain
Morgan+Physical,0,3,OEPRBXUJOQLYID-UHFFFAOYSA-N,1-Fluoropentane,293.15,0,0,4.24,4.98607349396,9.3663047404,inside_domain
Morgan+Physical,0,3,HLLCNVLEVVFTJB-UHFFFAOYSA-N,2-Fluoro-2-methylbutane,293.15,0,0,5.89,4.91903686523,9.61421135256,inside_domain
Morgan+Physical,0,3,PYLWMHQQBFSUBP-UHFFFAOYSA-N,Fluorobenzene,298.15,0,0,5.42,5.374584198,9.55831440066,inside_domain
Morgan+Physical,0,3,SNHMUERNLJLMHN-UHFFFAOYSA-N,Iodobenzene,293.15,0,0,4.63,7.53991603851,20.9443272724,inside_domain
Morgan,0,4,ALYCOCULEAWWJO-UHFFFAOYSA-N,triethylpentylammonium bis(trifluoromethylsulfonyl)imide,298.15,0,0,12.5,11.7518177032,6.67840629363,inside_domain
Morgan,0,4,CQEYYJKEWSMYFG-UHFFFAOYSA-N,butyl 2-propenoate,298.15,0,0,5.31,7.3367562294,8.81943541722,inside_domain
Morgan,0,4,FXHOOIRPVKKKFG-UHFFFAOYSA-N,"N,N-dimethylethanamide",303.15,0,0,37.72,20.6500263214,35.5309250609,inside_domain
Morgan,0,4,FYIRUPZTYPILDH-UHFFFAOYSA-N,"1,1,1,2,3,3-hexafluoropropane",302.85,0,0,5.3105,11.732178688,14.0370858022,inside_domain
Morgan,0,4,KFZMGEQAYNKOFK-UHFFFAOYSA-N,propan-2-ol,299.15,1,1,18.845,14.7966985703,10.0046688096,outside_associated_liquid
Morgan,0,4,MTHSVFCYNBDYFN-UHFFFAOYSA-N,diethylene glycol,298.15,2,2,30.95,24.0522003174,11.7806957518,outside_associated_liquid
Morgan,0,4,NEQXUPRFDXNNTA-UHFFFAOYSA-N,2-hydroxyethylammonium lactate,298.15,4,4,85.6,25.1392631531,5.97933023131,outside_associated_liquid
Morgan,0,4,OIFBSDVPJOWBCH-UHFFFAOYSA-N,diethyl carbonate,298.15,0,0,2.834,8.65946674347,1.35579310568,inside_domain
Morgan,0,4,OOKUTCYPKPJYFV-UHFFFAOYSA-N,1-methylimidazolium bromide,298.15,0,0,16.6,21.561706543,28.8470050896,inside_domain
Morgan,0,4,QTBSBXVTEAMEQO-UHFFFAOYSA-N,acetic acid,293.15,1,1,6.15,18.5472145081,12.6069173441,outside_associated_liquid
Morgan,0,4,RJQQOKKINHMXIM-UHFFFAOYSA-N,triethanolamine lactate,298.15,5,5,59.7,28.6560955048,27.2818406975,outside_associated_liquid
Morgan,0,4,STCBHSHARMAIOM-UHFFFAOYSA-N,1-methylimidazolium chloride,298.15,0,0,13.8,21.561706543,31.9681461493,inside_domain
Morgan,0,4,VCAIYEJBOWHUGP-UHFFFAOYSA-N,"1-butyl-2,3-dimethylimidazolium tetrafluoroborate",298.15,0,0,13.3,7.62292337418,2.20117467965,inside_domain
Morgan,0,4,VVLAIYIMMFWRFW-UHFFFAOYSA-N,2-hydroxyethylammonium acetate,298.15,3,3,58.3,24.1134128571,4.76933191054,outside_associated_liquid
Morgan,0,4,YXFVVABEGXRONW-UHFFFAOYSA-N,toluene,297.385,0,0,2.40445,7.72421360016,1.46990395237,inside_domain
Morgan,0,4,ZBCBWPMODOFKDW-UHFFFAOYSA-N,diethanolamine,303.15,3,3,24.69,27.1898517609,10.034846241,outside_associated_liquid
Morgan,0,4,ZPTRYWVRCNOTAS-UHFFFAOYSA-M,1-ethyl-3-methylimidazolium trifluoromethanesulfonate,298.15,0,0,16.5,20.957901001,17.4010984828,inside_domain
Morgan,0,4,SVONRAPFKPVNKG-UHFFFAOYSA-N,"beta-Ethoxyethyl acetate (""Cellosolve"" acetate)",303.15,0,0,7.57,8.65946674347,10.1866881025,inside_domain
Morgan,0,4,DIQMPQMYFZXDAX-UHFFFAOYSA-N,Amyl formate,298.15,0,0,6.49,8.66854953766,8.4969957051,inside_domain
Morgan,0,4,DKPFZGUDAPQIHT-UHFFFAOYSA-N,Butyl acetate,293.15,0,0,5.01,7.88664674759,10.0231968887,inside_domain
Morgan,0,4,SWXVUIWOUIDPGS-UHFFFAOYSA-N,4-Hydroxy-4-methyl-2-pentanone (Diacetone alcohol),298.15,1,1,18.2,18.3001403809,16.6441767483,outside_associated_liquid
Morgan,0,4,CSCPPACGZOOCGX-UHFFFAOYSA-N,Acetone,298.15,0,0,20.7,16.4739551544,29.9937881156,inside_domain
Morgan,0,4,SQYNKIJPMDEDEG-UHFFFAOYSA-N,Paraldehyde,298.15,0,0,13.9,8.68932056427,1.56759076609,inside_domain
Morgan,0,4,WERYXYBDKMZEQL-UHFFFAOYSA-N,"1,4-Butanediol",303.15,2,2,30.2,27.1898517609,11.955624374,outside_associated_liquid
Morgan,0,4,WEVYAHXRMPXWCK-UHFFFAOYSA-N,Acetonitrile,293.15,0,0,37.5,28.7898616791,53.5642531651,inside_domain
Morgan,0,4,LCGLNKUTAGEVQW-UHFFFAOYSA-N,Methyl ether,298.15,0,0,5.02,6.57642269135,8.12045219138,inside_domain
Morgan,0,4,XCIXKGXIYUWCLL-UHFFFAOYSA-N,Cyclopentanol,293.15,1,1,18,14.8144350052,6.20107699779,outside_associated_liquid
Morgan,0,4,QGJOPFRUJISHPQ-UHFFFAOYSA-N,Carbon disulfide,293.15,0,0,2.641,12.4692640305,1.14604082971,inside_domain
Morgan,0,4,MVPPADPHJFYWMZ-UHFFFAOYSA-N,Chlorobenzene,298.15,0,0,5.621,6.64661216736,6.2681341664,inside_domain
Morgan,0,4,QWTDNUCVQCZILF-UHFFFAOYSA-N,2-Methylbutane,293.15,0,0,1.843,6.29814624786,1.10396118598,inside_domain
Morgan,0,4,GDOPTJXRTPNYNR-UHFFFAOYSA-N,Methylcyclopentane,293.15,0,0,1.985,8.02299785614,1.11100262715,inside_domain
Morgan,0,4,KFUSEUYYWQURPO-UPHRSURJSA-N,"cis-1,2-Dichloroethylene",298.15,0,0,9.2,8.71864700317,9.01512393578,inside_domain
Morgan,0,4,PIICEJLVQHRZGT-UHFFFAOYSA-N,"1,2-Ethanediamine",293.15,2,2,14.2,11.5884723663,1.53256228944,outside_associated_liquid
Morgan,0,4,ROSDSFDQCJNGOL-UHFFFAOYSA-N,Dimethylamine,298.15,1,1,5.26,8.68932056427,4.58015414622,outside_associated_liquid
Morgan,0,4,GETQZCLCWQTVFV-UHFFFAOYSA-N,Trimethylamine,298.15,0,0,2.44,12.8653917313,2.6946634545,inside_domain
Morgan,0,4,QARVLSVVCXYDNA-UHFFFAOYSA-N,Bromobenzene,298.15,0,0,5.4,7.56821107864,21.0611689365,inside_domain
Morgan,0,4,IBSQPLPBRSHTTG-UHFFFAOYSA-N,o-Chlorotoluene,293.15,0,0,4.45,7.4476313591,4.30209983232,inside_domain
Morgan,0,4,BTQZKHUEUDPRST-UHFFFAOYSA-N,m-Fluorotoluene,303.15,0,0,5.42,7.72421360016,10.8674299419,inside_domain
Morgan,0,4,WRWPPGUCZBJXKX-UHFFFAOYSA-N,p-Fluorotoluene,303.15,0,0,5.86,7.72421360016,12.7592051561,inside_domain
Morgan,0,4,RRHGJUQNOFWUDK-UHFFFAOYSA-N,"2-Methyl-1,3-butadiene (Isoprene)",298.15,0,0,2.1,11.5522279739,1.33056486908,inside_domain
Morgan,0,4,BOGRNZQRTNVZCZ-AATRIKPKSA-N,"3-Methyl-1,3-pentadiene",298.15,0,0,2.43,10.484869957,1.66039772435,inside_domain
Physical,0,4,ALYCOCULEAWWJO-UHFFFAOYSA-N,triethylpentylammonium bis(trifluoromethylsulfonyl)imide,298.15,0,0,12.5,12.7424688339,6.67840629363,inside_domain
Physical,0,4,CQEYYJKEWSMYFG-UHFFFAOYSA-N,butyl 2-propenoate,298.15,0,0,5.31,9.29505443573,8.81943541722,inside_domain
Physical,0,4,FXHOOIRPVKKKFG-UHFFFAOYSA-N,"N,N-dimethylethanamide",303.15,0,0,37.72,21.6413707733,35.5309250609,inside_domain
Physical,0,4,FYIRUPZTYPILDH-UHFFFAOYSA-N,"1,1,1,2,3,3-hexafluoropropane",302.85,0,0,5.3105,2.2722094059,14.0370858022,inside_domain
Physical,0,4,KFZMGEQAYNKOFK-UHFFFAOYSA-N,propan-2-ol,299.15,1,1,18.845,19.8932819366,10.0046688096,outside_associated_liquid
Physical,0,4,MTHSVFCYNBDYFN-UHFFFAOYSA-N,diethylene glycol,298.15,2,2,30.95,19.8360462189,11.7806957518,outside_associated_liquid
Physical,0,4,NEQXUPRFDXNNTA-UHFFFAOYSA-N,2-hydroxyethylammonium lactate,298.15,4,4,85.6,30.6657104492,5.97933023131,outside_associated_liquid
Physical,0,4,OIFBSDVPJOWBCH-UHFFFAOYSA-N,diethyl carbonate,298.15,0,0,2.834,10.3248548508,1.35579310568,inside_domain
Physical,0,4,OOKUTCYPKPJYFV-UHFFFAOYSA-N,1-methylimidazolium bromide,298.15,0,0,16.6,21.7992610931,28.8470050896,inside_domain
Physical,0,4,QTBSBXVTEAMEQO-UHFFFAOYSA-N,acetic acid,293.15,1,1,6.15,37.6473426819,12.6069173441,outside_associated_liquid
Physical,0,4,RJQQOKKINHMXIM-UHFFFAOYSA-N,triethanolamine lactate,298.15,5,5,59.7,33.1919517517,27.2818406975,outside_associated_liquid
Physical,0,4,STCBHSHARMAIOM-UHFFFAOYSA-N,1-methylimidazolium chloride,298.15,0,0,13.8,21.9266414642,31.9681461493,inside_domain
Physical,0,4,VCAIYEJBOWHUGP-UHFFFAOYSA-N,"1-butyl-2,3-dimethylimidazolium tetrafluoroborate",298.15,0,0,13.3,1,2.20117467965,inside_domain
Physical,0,4,VVLAIYIMMFWRFW-UHFFFAOYSA-N,2-hydroxyethylammonium acetate,298.15,3,3,58.3,24.9525032043,4.76933191054,outside_associated_liquid
Physical,0,4,YXFVVABEGXRONW-UHFFFAOYSA-N,toluene,297.385,0,0,2.40445,1.99605464935,1.46990395237,inside_domain
Physical,0,4,ZBCBWPMODOFKDW-UHFFFAOYSA-N,diethanolamine,303.15,3,3,24.69,21.5667629242,10.034846241,outside_associated_liquid
Physical,0,4,ZPTRYWVRCNOTAS-UHFFFAOYSA-M,1-ethyl-3-methylimidazolium trifluoromethanesulfonate,298.15,0,0,16.5,19.6999416351,17.4010984828,inside_domain
Physical,0,4,SVONRAPFKPVNKG-UHFFFAOYSA-N,"beta-Ethoxyethyl acetate (""Cellosolve"" acetate)",303.15,0,0,7.57,21.344083786,10.1866881025,inside_domain
Physical,0,4,DIQMPQMYFZXDAX-UHFFFAOYSA-N,Amyl formate,298.15,0,0,6.49,9.37856674194,8.4969957051,inside_domain
Physical,0,4,DKPFZGUDAPQIHT-UHFFFAOYSA-N,Butyl acetate,293.15,0,0,5.01,9.51151847839,10.0231968887,inside_domain
Physical,0,4,SWXVUIWOUIDPGS-UHFFFAOYSA-N,4-Hydroxy-4-methyl-2-pentanone (Diacetone alcohol),298.15,1,1,18.2,15.3729810715,16.6441767483,outside_associated_liquid
Physical,0,4,CSCPPACGZOOCGX-UHFFFAOYSA-N,Acetone,298.15,0,0,20.7,20.1192569733,29.9937881156,inside_domain
Physical,0,4,SQYNKIJPMDEDEG-UHFFFAOYSA-N,Paraldehyde,298.15,0,0,13.9,8.78766536713,1.56759076609,inside_domain
Physical,0,4,WERYXYBDKMZEQL-UHFFFAOYSA-N,"1,4-Butanediol",303.15,2,2,30.2,16.4811592102,11.955624374,outside_associated_liquid
Physical,0,4,WEVYAHXRMPXWCK-UHFFFAOYSA-N,Acetonitrile,293.15,0,0,37.5,46.2441825867,53.5642531651,inside_domain
Physical,0,4,LCGLNKUTAGEVQW-UHFFFAOYSA-N,Methyl ether,298.15,0,0,5.02,18.6971073151,8.12045219138,inside_domain
Physical,0,4,XCIXKGXIYUWCLL-UHFFFAOYSA-N,Cyclopentanol,293.15,1,1,18,11.9548187256,6.20107699779,outside_associated_liquid
Physical,0,4,QGJOPFRUJISHPQ-UHFFFAOYSA-N,Carbon disulfide,293.15,0,0,2.641,13.3682785034,1.14604082971,inside_domain
Physical,0,4,MVPPADPHJFYWMZ-UHFFFAOYSA-N,Chlorobenzene,298.15,0,0,5.621,5.89635515213,6.2681341664,inside_domain
Physical,0,4,QWTDNUCVQCZILF-UHFFFAOYSA-N,2-Methylbutane,293.15,0,0,1.843,2.45349740982,1.10396118598,inside_domain
Physical,0,4,GDOPTJXRTPNYNR-UHFFFAOYSA-N,Methylcyclopentane,293.15,0,0,1.985,2.26209211349,1.11100262715,inside_domain
Physical,0,4,KFUSEUYYWQURPO-UPHRSURJSA-N,"cis-1,2-Dichloroethylene",298.15,0,0,9.2,16.1159934998,9.01512393578,inside_domain
Physical,0,4,PIICEJLVQHRZGT-UHFFFAOYSA-N,"1,2-Ethanediamine",293.15,2,2,14.2,47.4147377014,1.53256228944,outside_associated_liquid
Physical,0,4,ROSDSFDQCJNGOL-UHFFFAOYSA-N,Dimethylamine,298.15,1,1,5.26,14.8302612305,4.58015414622,outside_associated_liquid
Physical,0,4,GETQZCLCWQTVFV-UHFFFAOYSA-N,Trimethylamine,298.15,0,0,2.44,4.70680618286,2.6946634545,inside_domain
Physical,0,4,QARVLSVVCXYDNA-UHFFFAOYSA-N,Bromobenzene,298.15,0,0,5.4,8.25000572205,21.0611689365,inside_domain
Physical,0,4,IBSQPLPBRSHTTG-UHFFFAOYSA-N,o-Chlorotoluene,293.15,0,0,4.45,6.92958784103,4.30209983232,inside_domain
Physical,0,4,BTQZKHUEUDPRST-UHFFFAOYSA-N,m-Fluorotoluene,303.15,0,0,5.42,7.87683391571,10.8674299419,inside_domain
Physical,0,4,WRWPPGUCZBJXKX-UHFFFAOYSA-N,p-Fluorotoluene,303.15,0,0,5.86,15.5153169632,12.7592051561,inside_domain
Physical,0,4,RRHGJUQNOFWUDK-UHFFFAOYSA-N,"2-Methyl-1,3-butadiene (Isoprene)",298.15,0,0,2.1,1.04880714417,1.33056486908,inside_domain
Physical,0,4,BOGRNZQRTNVZCZ-AATRIKPKSA-N,"3-Methyl-1,3-pentadiene",298.15,0,0,2.43,1.54163348675,1.66039772435,inside_domain
Morgan+Physical,0,4,ALYCOCULEAWWJO-UHFFFAOYSA-N,triethylpentylammonium bis(trifluoromethylsulfonyl)imide,298.15,0,0,12.5,12.2471427917,6.67840629363,inside_domain
Morgan+Physical,0,4,CQEYYJKEWSMYFG-UHFFFAOYSA-N,butyl 2-propenoate,298.15,0,0,5.31,8.31590557098,8.81943541722,inside_domain
Morgan+Physical,0,4,FXHOOIRPVKKKFG-UHFFFAOYSA-N,"N,N-dimethylethanamide",303.15,0,0,37.72,21.1456985474,35.5309250609,inside_domain
Morgan+Physical,0,4,FYIRUPZTYPILDH-UHFFFAOYSA-N,"1,1,1,2,3,3-hexafluoropropane",302.85,0,0,5.3105,7.00219392776,14.0370858022,inside_domain
Morgan+Physical,0,4,KFZMGEQAYNKOFK-UHFFFAOYSA-N,propan-2-ol,299.15,1,1,18.845,17.3449897766,10.0046688096,outside_associated_liquid
Morgan+Physical,0,4,MTHSVFCYNBDYFN-UHFFFAOYSA-N,diethylene glycol,298.15,2,2,30.95,21.9441223145,11.7806957518,outside_associated_liquid
Morgan+Physical,0,4,NEQXUPRFDXNNTA-UHFFFAOYSA-N,2-hydroxyethylammonium lactate,298.15,4,4,85.6,27.9024868011,5.97933023131,outside_associated_liquid
Morgan+Physical,0,4,OIFBSDVPJOWBCH-UHFFFAOYSA-N,diethyl carbonate,298.15,0,0,2.834,9.49216079712,1.35579310568,inside_domain
Morgan+Physical,0,4,OOKUTCYPKPJYFV-UHFFFAOYSA-N,1-methylimidazolium bromide,298.15,0,0,16.6,21.6804847717,28.8470050896,inside_domain
Morgan+Physical,0,4,QTBSBXVTEAMEQO-UHFFFAOYSA-N,acetic acid,293.15,1,1,6.15,28.097278595,12.6069173441,outside_associated_liquid
Morgan+Physical,0,4,RJQQOKKINHMXIM-UHFFFAOYSA-N,triethanolamine lactate,298.15,5,5,59.7,30.9240226746,27.2818406975,outside_associated_liquid
Morgan+Physical,0,4,STCBHSHARMAIOM-UHFFFAOYSA-N,1-methylimidazolium chloride,298.15,0,0,13.8,21.7441749573,31.9681461493,inside_domain
Morgan+Physical,0,4,VCAIYEJBOWHUGP-UHFFFAOYSA-N,"1-butyl-2,3-dimethylimidazolium tetrafluoroborate",298.15,0,0,13.3,3.69017219543,2.20117467965,inside_domain
Morgan+Physical,0,4,VVLAIYIMMFWRFW-UHFFFAOYSA-N,2-hydroxyethylammonium acetate,298.15,3,3,58.3,24.5329589844,4.76933191054,outside_associated_liquid
Morgan+Physical,0,4,YXFVVABEGXRONW-UHFFFAOYSA-N,toluene,297.385,0,0,2.40445,4.86013412476,1.46990395237,inside_domain
Morgan+Physical,0,4,ZBCBWPMODOFKDW-UHFFFAOYSA-N,diethanolamine,303.15,3,3,24.69,24.3783073425,10.034846241,outside_associated_liquid
Morgan+Physical,0,4,ZPTRYWVRCNOTAS-UHFFFAOYSA-M,1-ethyl-3-methylimidazolium trifluoromethanesulfonate,298.15,0,0,16.5,20.3289222717,17.4010984828,inside_domain
Morgan+Physical,0,4,SVONRAPFKPVNKG-UHFFFAOYSA-N,"beta-Ethoxyethyl acetate (""Cellosolve"" acetate)",303.15,0,0,7.57,15.0017757416,10.1866881025,inside_domain
Morgan+Physical,0,4,DIQMPQMYFZXDAX-UHFFFAOYSA-N,Amyl formate,298.15,0,0,6.49,9.02355766296,8.4969957051,inside_domain
Morgan+Physical,0,4,DKPFZGUDAPQIHT-UHFFFAOYSA-N,Butyl acetate,293.15,0,0,5.01,8.69908237457,10.0231968887,inside_domain
Morgan+Physical,0,4,SWXVUIWOUIDPGS-UHFFFAOYSA-N,4-Hydroxy-4-methyl-2-pentanone (Diacetone alcohol),298.15,1,1,18.2,16.836561203,16.6441767483,outside_associated_liquid
Morgan+Physical,0,4,CSCPPACGZOOCGX-UHFFFAOYSA-N,Acetone,298.15,0,0,20.7,18.2966060638,29.9937881156,inside_domain
Morgan+Physical,0,4,SQYNKIJPMDEDEG-UHFFFAOYSA-N,Paraldehyde,298.15,0,0,13.9,8.7384929657,1.56759076609,inside_domain
Morgan+Physical,0,4,WERYXYBDKMZEQL-UHFFFAOYSA-N,"1,4-Butanediol",303.15,2,2,30.2,21.8355064392,11.955624374,outside_associated_liquid
Morgan+Physical,0,4,WEVYAHXRMPXWCK-UHFFFAOYSA-N,Acetonitrile,293.15,0,0,37.5,37.5170211792,53.5642531651,inside_domain
Morgan+Physical,0,4,LCGLNKUTAGEVQW-UHFFFAOYSA-N,Methyl ether,298.15,0,0,5.02,12.6367645264,8.12045219138,inside_domain
Morgan+Physical,0,4,XCIXKGXIYUWCLL-UHFFFAOYSA-N,Cyclopentanol,293.15,1,1,18,13.3846263885,6.20107699779,outside_associated_liquid
Morgan+Physical,0,4,QGJOPFRUJISHPQ-UHFFFAOYSA-N,Carbon disulfide,293.15,0,0,2.641,12.9187717438,1.14604082971,inside_domain
Morgan+Physical,0,4,MVPPADPHJFYWMZ-UHFFFAOYSA-N,Chlorobenzene,298.15,0,0,5.621,6.27148342133,6.2681341664,inside_domain
Morgan+Physical,0,4,QWTDNUCVQCZILF-UHFFFAOYSA-N,2-Methylbutane,293.15,0,0,1.843,4.37582206726,1.10396118598,inside_domain
Morgan+Physical,0,4,GDOPTJXRTPNYNR-UHFFFAOYSA-N,Methylcyclopentane,293.15,0,0,1.985,5.1425447464,1.11100262715,inside_domain
Morgan+Physical,0,4,KFUSEUYYWQURPO-UPHRSURJSA-N,"cis-1,2-Dichloroethylene",298.15,0,0,9.2,12.4173202515,9.01512393578,inside_domain
Morgan+Physical,0,4,PIICEJLVQHRZGT-UHFFFAOYSA-N,"1,2-Ethanediamine",293.15,2,2,14.2,29.5016059875,1.53256228944,outside_associated_liquid
Morgan+Physical,0,4,ROSDSFDQCJNGOL-UHFFFAOYSA-N,Dimethylamine,298.15,1,1,5.26,11.7597904205,4.58015414622,outside_associated_liquid
Morgan+Physical,0,4,GETQZCLCWQTVFV-UHFFFAOYSA-N,Trimethylamine,298.15,0,0,2.44,8.78609848022,2.6946634545,inside_domain
Morgan+Physical,0,4,QARVLSVVCXYDNA-UHFFFAOYSA-N,Bromobenzene,298.15,0,0,5.4,7.90910816193,21.0611689365,inside_domain
Morgan+Physical,0,4,IBSQPLPBRSHTTG-UHFFFAOYSA-N,o-Chlorotoluene,293.15,0,0,4.45,7.18860960007,4.30209983232,inside_domain
Morgan+Physical,0,4,BTQZKHUEUDPRST-UHFFFAOYSA-N,m-Fluorotoluene,303.15,0,0,5.42,7.80052375793,10.8674299419,inside_domain
Morgan+Physical,0,4,WRWPPGUCZBJXKX-UHFFFAOYSA-N,p-Fluorotoluene,303.15,0,0,5.86,11.6197652817,12.7592051561,inside_domain
Morgan+Physical,0,4,RRHGJUQNOFWUDK-UHFFFAOYSA-N,"2-Methyl-1,3-butadiene (Isoprene)",298.15,0,0,2.1,6.30051755905,1.33056486908,inside_domain
Morgan+Physical,0,4,BOGRNZQRTNVZCZ-AATRIKPKSA-N,"3-Methyl-1,3-pentadiene",298.15,0,0,2.43,6.01325178146,1.66039772435,inside_domain
Morgan,1,0,BBMCTIGTTCKYKF-UHFFFAOYSA-N,heptan-1-ol,298.15,1,1,12.65,16.0332984924,4.96304294304,outside_associated_liquid
Morgan,1,0,BTANRVKWQNVYAZ-UHFFFAOYSA-N,butan-2-ol,298.15,1,1,16.6,13.2186698914,8.35397764198,outside_associated_liquid
Morgan,1,0,BTNXBLUGMAMSSH-UHFFFAOYSA-N,octanedinitrile,298.15,0,0,25.94,28.9277706146,22.1540981947,inside_domain
Morgan,1,0,CGZZMOTZOONQIA-UHFFFAOYSA-N,cycloheptanone,298.15,0,0,12.92,17.5225887299,15.0978362101,inside_domain
Morgan,1,0,CQEYYJKEWSMYFG-UHFFFAOYSA-N,butyl 2-propenoate,298.15,0,0,5.31,8.10202121735,8.81943541722,inside_domain
Morgan,1,0,IEJIGPNLZYLLBP-UHFFFAOYSA-N,dimethyl carbonate,298.15,0,0,3.134,15.1681976318,1.5899816096,inside_domain
Morgan,1,0,JHIVVAPYMSGYDF-UHFFFAOYSA-N,cyclohexanone,298.15,0,0,15.79,17.5225887299,19.6553000971,inside_domain
Morgan,1,0,LFQSCWFLJHTTHZ-UHFFFAOYSA-N,ethanol,298.15,1,1,25.02,14.7179908752,9.55039595517,outside_associated_liquid
Morgan,1,0,PEDCQBHIVMGVHV-UHFFFAOYSA-N,glycerol,303.15,3,3,41.17,34.6564788818,13.4501001088,outside_associated_liquid
Morgan,1,0,QRCRANRUHQKZME-UHFFFAOYSA-N,"3-butyl-1,2,4,5-tetramethyl-1H-imidazol-3-ium tetrafluoroborate",298.15,0,0,12,7.73188686371,90.2035313888,inside_domain
Morgan,1,0,SHQSVMDWKBRBGB-UHFFFAOYSA-N,cyclobutanone,298.15,0,0,14.96,17.5225887299,24.058855292,inside_domain
Morgan,1,0,TVMXDCGIABBOFY-UHFFFAOYSA-N,octane,298.15,0,0,1.961,5.5952706337,1.1076211483,inside_domain
Morgan,1,0,UWHCKJMYHZGTIT-UHFFFAOYSA-N,tetraethylene glycol,298.15,2,2,19.91,24.4665851593,16.8875268244,outside_associated_liquid
Morgan,1,0,VFTFKUDGYRBSAL-UHFFFAOYSA-N,"1,4,7,10,13-pentaoxacyclopentadecane",298.15,0,0,15.48,9.26808738708,14.8444868881,inside_domain
Morgan,1,0,VRFOKYHDLYBVAL-UHFFFAOYSA-M,1-ethyl-3-methylimidazolium ethyl sulfate,298.15,0,0,35,15.765583992,45.7566800107,inside_domain
Morgan,1,0,XDJYSDBSJWNTQT-UHFFFAOYSA-N,"1-ethyl-2,3-dimethylimidazolium bis[(trifluoromethyl)sulfonyl]imide",298.15,0,0,12.8,14.9958791733,44.2192801694,inside_domain
Morgan,1,0,YEJRWHAVMIAJKC-UHFFFAOYSA-N,.gamma.-butyrolactone,295.65,0,0,41.99,17.5225887299,50.6116986269,inside_domain
Morgan,1,0,YIWUKEYIRIRTPP-UHFFFAOYSA-N,2-ethyl-1-hexanol,298.2,1,1,7.353,14.7179908752,5.01442556827,outside_associated_liquid
Morgan,1,0,YXFVVABEGXRONW-UHFFFAOYSA-N,toluene,297.385,0,0,2.40445,7.34043741226,1.46990395237,inside_domain
Morgan,1,0,ZIBGPFATKBEMQZ-UHFFFAOYSA-N,triethylene glycol,298.15,2,2,23.07,24.4665851593,12.1409402443,outside_associated_liquid
Morgan,1,0,ZSIAUFGUXNUGDI-UHFFFAOYSA-N,hexan-1-ol,298.15,1,1,14.26,16.0332984924,5.23133673613,outside_associated_liquid
Morgan,1,0,SVONRAPFKPVNKG-UHFFFAOYSA-N,"beta-Ethoxyethyl acetate (""Cellosolve"" acetate)",303.15,0,0,7.57,8.75358867645,10.1866881025,inside_domain
Morgan,1,0,KXKVLQRXCPHEJC-UHFFFAOYSA-N,Methyl acetate,298.15,0,0,6.68,15.1681976318,11.7371732209,inside_domain
Morgan,1,0,DIQMPQMYFZXDAX-UHFFFAOYSA-N,Amyl formate,298.15,0,0,6.49,9.77426433563,8.4969957051,inside_domain
Morgan,1,0,XNWFRZJHXBZDAG-UHFFFAOYSA-N,2-Methoxyethanol,303.15,1,1,16,19.1438484192,12.9838712423,outside_associated_liquid
Morgan,1,0,WFCLYEAZTHWNEH-UHFFFAOYSA-N,Ethyl thiocyanate,294.15,0,0,29.3,24.2486152649,32.9129822647,inside_domain
Morgan,1,0,YNAVUWVOSKDBBP-UHFFFAOYSA-N,Morpholine,298.15,1,1,7.33,9.26808738708,5.3942637877,outside_associated_liquid
Morgan,1,0,NKKMVIVFRUYPLQ-NSCUHMNNSA-N,Crotononitrile (bp 108 C),293.15,0,0,36.1,30.5336170197,48.0153469112,inside_domain
Morgan,1,0,XCIXKGXIYUWCLL-UHFFFAOYSA-N,Cyclopentanol,293.15,1,1,18,13.1617469788,6.20107699779,outside_associated_liquid
Morgan,1,0,POLCUAVZOMRGSN-UHFFFAOYSA-N,Propyl ether,299.15,0,0,3.39,4.61667728424,3.4892418063,inside_domain
Morgan,1,0,QWVGKYWNOKOFNN-UHFFFAOYSA-N,o-Cresol,298.15,1,1,11.5,9.86916160583,6.74466929489,outside_associated_liquid
Morgan,1,0,VGVHNLRUAMRIEW-UHFFFAOYSA-N,4-Methylcyclohexanone,293.15,0,0,12.4,16.4057617188,18.1666231408,inside_domain
Morgan,1,0,MHNNAWXXUZQSNM-UHFFFAOYSA-N,2-Methyl-1-butene,293.15,0,0,2.197,5.8199672699,1.69384086029,inside_domain
Morgan,1,0,NEZRFXZYPAIZAD-UHFFFAOYSA-N,Ethylcyclobutane,293.15,0,0,1.965,5.04082965851,1.12524438408,inside_domain
Morgan,1,0,JRGGUPZKKTVKOV-UHFFFAOYSA-N,1-Bromo-3-chlorobenzene,293.15,0,0,4.58,6.93943881989,13.6465698801,inside_domain
Morgan,1,0,WQONPSCCEXUXTQ-UHFFFAOYSA-N,o-Dibromobenzene,293.15,0,0,7.35,8.06287670135,35.3981532236,inside_domain
Morgan,1,0,JSRLURSZEMLAFO-UHFFFAOYSA-N,m-Dibromobenzene,293.15,0,0,4.8,8.06287670135,15.1734627111,inside_domain
Morgan,1,0,RFFLAFLAYFXFSW-UHFFFAOYSA-N,o-Dichlorobenzene,298.15,0,0,9.93,6.93943881989,10.2507478883,inside_domain
Morgan,1,0,OEPRBXUJOQLYID-UHFFFAOYSA-N,1-Fluoropentane,293.15,0,0,4.24,8.01968574524,9.3663047404,inside_domain
Morgan,1,0,SNHMUERNLJLMHN-UHFFFAOYSA-N,Iodobenzene,293.15,0,0,4.63,8.06287670135,20.9443272724,inside_domain
Morgan,1,0,WRWPPGUCZBJXKX-UHFFFAOYSA-N,p-Fluorotoluene,303.15,0,0,5.86,7.34043741226,12.7592051561,inside_domain
Physical,1,0,BBMCTIGTTCKYKF-UHFFFAOYSA-N,heptan-1-ol,298.15,1,1,12.65,11.1650314331,4.96304294304,outside_associated_liquid
Physical,1,0,BTANRVKWQNVYAZ-UHFFFAOYSA-N,butan-2-ol,298.15,1,1,16.6,11.0331249237,8.35397764198,outside_associated_liquid
Physical,1,0,BTNXBLUGMAMSSH-UHFFFAOYSA-N,octanedinitrile,298.15,0,0,25.94,16.092420578,22.1540981947,inside_domain
Physical,1,0,CGZZMOTZOONQIA-UHFFFAOYSA-N,cycloheptanone,298.15,0,0,12.92,9.77976036072,15.0978362101,inside_domain
Physical,1,0,CQEYYJKEWSMYFG-UHFFFAOYSA-N,butyl 2-propenoate,298.15,0,0,5.31,8.02233600616,8.81943541722,inside_domain
Physical,1,0,IEJIGPNLZYLLBP-UHFFFAOYSA-N,dimethyl carbonate,298.15,0,0,3.134,31.5790748596,1.5899816096,inside_domain
Physical,1,0,JHIVVAPYMSGYDF-UHFFFAOYSA-N,cyclohexanone,298.15,0,0,15.79,13.6405277252,19.6553000971,inside_domain
Physical,1,0,LFQSCWFLJHTTHZ-UHFFFAOYSA-N,ethanol,298.15,1,1,25.02,15.5959262848,9.55039595517,outside_associated_liquid
Physical,1,0,PEDCQBHIVMGVHV-UHFFFAOYSA-N,glycerol,303.15,3,3,41.17,25.8434009552,13.4501001088,outside_associated_liquid
Physical,1,0,QRCRANRUHQKZME-UHFFFAOYSA-N,"3-butyl-1,2,4,5-tetramethyl-1H-imidazol-3-ium tetrafluoroborate",298.15,0,0,12,18.5996608734,90.2035313888,inside_domain
Physical,1,0,SHQSVMDWKBRBGB-UHFFFAOYSA-N,cyclobutanone,298.15,0,0,14.96,29.2120456696,24.058855292,inside_domain
Physical,1,0,TVMXDCGIABBOFY-UHFFFAOYSA-N,octane,298.15,0,0,1.961,1.97174882889,1.1076211483,inside_domain
Physical,1,0,UWHCKJMYHZGTIT-UHFFFAOYSA-N,tetraethylene glycol,298.15,2,2,19.91,18.5735492706,16.8875268244,outside_associated_liquid
Physical,1,0,VFTFKUDGYRBSAL-UHFFFAOYSA-N,"1,4,7,10,13-pentaoxacyclopentadecane",298.15,0,0,15.48,11.3433866501,14.8444868881,inside_domain
Physical,1,0,VRFOKYHDLYBVAL-UHFFFAOYSA-M,1-ethyl-3-methylimidazolium ethyl sulfate,298.15,0,0,35,19.6986160278,45.7566800107,inside_domain
Physical,1,0,XDJYSDBSJWNTQT-UHFFFAOYSA-N,"1-ethyl-2,3-dimethylimidazolium bis[(trifluoromethyl)sulfonyl]imide",298.15,0,0,12.8,20.3752441406,44.2192801694,inside_domain
Physical,1,0,YEJRWHAVMIAJKC-UHFFFAOYSA-N,.gamma.-butyrolactone,295.65,0,0,41.99,32.4044532776,50.6116986269,inside_domain
Physical,1,0,YIWUKEYIRIRTPP-UHFFFAOYSA-N,2-ethyl-1-hexanol,298.2,1,1,7.353,9.43113803864,5.01442556827,outside_associated_liquid
Physical,1,0,YXFVVABEGXRONW-UHFFFAOYSA-N,toluene,297.385,0,0,2.40445,1.88057458401,1.46990395237,inside_domain
Physical,1,0,ZIBGPFATKBEMQZ-UHFFFAOYSA-N,triethylene glycol,298.15,2,2,23.07,21.3649559021,12.1409402443,outside_associated_liquid
Physical,1,0,ZSIAUFGUXNUGDI-UHFFFAOYSA-N,hexan-1-ol,298.15,1,1,14.26,10.382897377,5.23133673613,outside_associated_liquid
Physical,1,0,SVONRAPFKPVNKG-UHFFFAOYSA-N,"beta-Ethoxyethyl acetate (""Cellosolve"" acetate)",303.15,0,0,7.57,12.8724021912,10.1866881025,inside_domain
Physical,1,0,KXKVLQRXCPHEJC-UHFFFAOYSA-N,Methyl acetate,298.15,0,0,6.68,25.8317966461,11.7371732209,inside_domain
Physical,1,0,DIQMPQMYFZXDAX-UHFFFAOYSA-N,Amyl formate,298.15,0,0,6.49,8.25593280792,8.4969957051,inside_domain
Physical,1,0,XNWFRZJHXBZDAG-UHFFFAOYSA-N,2-Methoxyethanol,303.15,1,1,16,30.8665103912,12.9838712423,outside_associated_liquid
Physical,1,0,WFCLYEAZTHWNEH-UHFFFAOYSA-N,Ethyl thiocyanate,294.15,0,0,29.3,26.3791122437,32.9129822647,inside_domain
Physical,1,0,YNAVUWVOSKDBBP-UHFFFAOYSA-N,Morpholine,298.15,1,1,7.33,15.6552581787,5.3942637877,outside_associated_liquid
Physical,1,0,NKKMVIVFRUYPLQ-NSCUHMNNSA-N,Crotononitrile (bp 108 C),293.15,0,0,36.1,53.0320472717,48.0153469112,inside_domain
Physical,1,0,XCIXKGXIYUWCLL-UHFFFAOYSA-N,Cyclopentanol,293.15,1,1,18,12.5912599564,6.20107699779,outside_associated_liquid
Physical,1,0,POLCUAVZOMRGSN-UHFFFAOYSA-N,Propyl ether,299.15,0,0,3.39,5.23927783966,3.4892418063,inside_domain
Physical,1,0,QWVGKYWNOKOFNN-UHFFFAOYSA-N,o-Cresol,298.15,1,1,11.5,13.2616176605,6.74466929489,outside_associated_liquid
Physical,1,0,VGVHNLRUAMRIEW-UHFFFAOYSA-N,4-Methylcyclohexanone,293.15,0,0,12.4,13.5211763382,18.1666231408,inside_domain
Physical,1,0,MHNNAWXXUZQSNM-UHFFFAOYSA-N,2-Methyl-1-butene,293.15,0,0,2.197,1.90301072598,1.69384086029,inside_domain
Physical,1,0,NEZRFXZYPAIZAD-UHFFFAOYSA-N,Ethylcyclobutane,293.15,0,0,1.965,2.38076090813,1.12524438408,inside_domain
Physical,1,0,JRGGUPZKKTVKOV-UHFFFAOYSA-N,1-Bromo-3-chlorobenzene,293.15,0,0,4.58,4.12652873993,13.6465698801,inside_domain
Physical,1,0,WQONPSCCEXUXTQ-UHFFFAOYSA-N,o-Dibromobenzene,293.15,0,0,7.35,15.1819810867,35.3981532236,inside_domain
Physical,1,0,JSRLURSZEMLAFO-UHFFFAOYSA-N,m-Dibromobenzene,293.15,0,0,4.8,4.51899957657,15.1734627111,inside_domain
Physical,1,0,RFFLAFLAYFXFSW-UHFFFAOYSA-N,o-Dichlorobenzene,298.15,0,0,9.93,3.81261539459,10.2507478883,inside_domain
Physical,1,0,OEPRBXUJOQLYID-UHFFFAOYSA-N,1-Fluoropentane,293.15,0,0,4.24,4.65849637985,9.3663047404,inside_domain
Physical,1,0,SNHMUERNLJLMHN-UHFFFAOYSA-N,Iodobenzene,293.15,0,0,4.63,9.447889328,20.9443272724,inside_domain
Physical,1,0,WRWPPGUCZBJXKX-UHFFFAOYSA-N,p-Fluorotoluene,303.15,0,0,5.86,8.04033565521,12.7592051561,inside_domain
Morgan+Physical,1,0,BBMCTIGTTCKYKF-UHFFFAOYSA-N,heptan-1-ol,298.15,1,1,12.65,13.5991649628,4.96304294304,outside_associated_liquid
Morgan+Physical,1,0,BTANRVKWQNVYAZ-UHFFFAOYSA-N,butan-2-ol,298.15,1,1,16.6,12.1258974075,8.35397764198,outside_associated_liquid
Morgan+Physical,1,0,BTNXBLUGMAMSSH-UHFFFAOYSA-N,octanedinitrile,298.15,0,0,25.94,22.5100955963,22.1540981947,inside_domain
Morgan+Physical,1,0,CGZZMOTZOONQIA-UHFFFAOYSA-N,cycloheptanone,298.15,0,0,12.92,13.6511745453,15.0978362101,inside_domain
Morgan+Physical,1,0,CQEYYJKEWSMYFG-UHFFFAOYSA-N,butyl 2-propenoate,298.15,0,0,5.31,8.06217861176,8.81943541722,inside_domain
Morgan+Physical,1,0,IEJIGPNLZYLLBP-UHFFFAOYSA-N,dimethyl carbonate,298.15,0,0,3.134,23.3736362457,1.5899816096,inside_domain
Morgan+Physical,1,0,JHIVVAPYMSGYDF-UHFFFAOYSA-N,cyclohexanone,298.15,0,0,15.79,15.5815582275,19.6553000971,inside_domain
Morgan+Physical,1,0,LFQSCWFLJHTTHZ-UHFFFAOYSA-N,ethanol,298.15,1,1,25.02,15.15695858,9.55039595517,outside_associated_liquid
Morgan+Physical,1,0,PEDCQBHIVMGVHV-UHFFFAOYSA-N,glycerol,303.15,3,3,41.17,30.2499389648,13.4501001088,outside_associated_liquid
Morgan+Physical,1,0,QRCRANRUHQKZME-UHFFFAOYSA-N,"3-butyl-1,2,4,5-tetramethyl-1H-imidazol-3-ium tetrafluoroborate",298.15,0,0,12,13.1657733917,90.2035313888,inside_domain
Morgan+Physical,1,0,SHQSVMDWKBRBGB-UHFFFAOYSA-N,cyclobutanone,298.15,0,0,14.96,23.3673171997,24.058855292,inside_domain
Morgan+Physical,1,0,TVMXDCGIABBOFY-UHFFFAOYSA-N,octane,298.15,0,0,1.961,3.78350973129,1.1076211483,inside_domain
Morgan+Physical,1,0,UWHCKJMYHZGTIT-UHFFFAOYSA-N,tetraethylene glycol,298.15,2,2,19.91,21.520067215,16.8875268244,outside_associated_liquid
Morgan+Physical,1,0,VFTFKUDGYRBSAL-UHFFFAOYSA-N,"1,4,7,10,13-pentaoxacyclopentadecane",298.15,0,0,15.48,10.3057365417,14.8444868881,inside_domain
Morgan+Physical,1,0,VRFOKYHDLYBVAL-UHFFFAOYSA-M,1-ethyl-3-methylimidazolium ethyl sulfate,298.15,0,0,35,17.7320995331,45.7566800107,inside_domain
Morgan+Physical,1,0,XDJYSDBSJWNTQT-UHFFFAOYSA-N,"1-ethyl-2,3-dimethylimidazolium bis[(trifluoromethyl)sulfonyl]imide",298.15,0,0,12.8,17.6855621338,44.2192801694,inside_domain
Morgan+Physical,1,0,YEJRWHAVMIAJKC-UHFFFAOYSA-N,.gamma.-butyrolactone,295.65,0,0,41.99,24.96352005,50.6116986269,inside_domain
Morgan+Physical,1,0,YIWUKEYIRIRTPP-UHFFFAOYSA-N,2-ethyl-1-hexanol,298.2,1,1,7.353,12.0745639801,5.01442556827,outside_associated_liquid
Morgan+Physical,1,0,YXFVVABEGXRONW-UHFFFAOYSA-N,toluene,297.385,0,0,2.40445,4.61050605774,1.46990395237,inside_domain
Morgan+Physical,1,0,ZIBGPFATKBEMQZ-UHFFFAOYSA-N,triethylene glycol,298.15,2,2,23.07,22.9157714844,12.1409402443,outside_associated_liquid
Morgan+Physical,1,0,ZSIAUFGUXNUGDI-UHFFFAOYSA-N,hexan-1-ol,298.15,1,1,14.26,13.2080974579,5.23133673613,outside_associated_liquid
Morgan+Physical,1,0,SVONRAPFKPVNKG-UHFFFAOYSA-N,"beta-Ethoxyethyl acetate (""Cellosolve"" acetate)",303.15,0,0,7.57,10.8129959106,10.1866881025,inside_domain
Morgan+Physical,1,0,KXKVLQRXCPHEJC-UHFFFAOYSA-N,Methyl acetate,298.15,0,0,6.68,20.4999961853,11.7371732209,inside_domain
Morgan+Physical,1,0,DIQMPQMYFZXDAX-UHFFFAOYSA-N,Amyl formate,298.15,0,0,6.49,9.01509857178,8.4969957051,inside_domain
Morgan+Physical,1,0,XNWFRZJHXBZDAG-UHFFFAOYSA-N,2-Methoxyethanol,303.15,1,1,16,25.0051803589,12.9838712423,outside_associated_liquid
Morgan+Physical,1,0,WFCLYEAZTHWNEH-UHFFFAOYSA-N,Ethyl thiocyanate,294.15,0,0,29.3,25.3138637543,32.9129822647,inside_domain
Morgan+Physical,1,0,YNAVUWVOSKDBBP-UHFFFAOYSA-N,Morpholine,298.15,1,1,7.33,12.4616727829,5.3942637877,outside_associated_liquid
Morgan+Physical,1,0,NKKMVIVFRUYPLQ-NSCUHMNNSA-N,Crotononitrile (bp 108 C),293.15,0,0,36.1,41.7828330994,48.0153469112,inside_domain
Morgan+Physical,1,0,XCIXKGXIYUWCLL-UHFFFAOYSA-N,Cyclopentanol,293.15,1,1,18,12.8765029907,6.20107699779,outside_associated_liquid
Morgan+Physical,1,0,POLCUAVZOMRGSN-UHFFFAOYSA-N,Propyl ether,299.15,0,0,3.39,4.92797756195,3.4892418063,inside_domain
Morgan+Physical,1,0,QWVGKYWNOKOFNN-UHFFFAOYSA-N,o-Cresol,298.15,1,1,11.5,11.5653896332,6.74466929489,outside_associated_liquid
Morgan+Physical,1,0,VGVHNLRUAMRIEW-UHFFFAOYSA-N,4-Methylcyclohexanone,293.15,0,0,12.4,14.9634685516,18.1666231408,inside_domain
Morgan+Physical,1,0,MHNNAWXXUZQSNM-UHFFFAOYSA-N,2-Methyl-1-butene,293.15,0,0,2.197,3.86148905754,1.69384086029,inside_domain
Morgan+Physical,1,0,NEZRFXZYPAIZAD-UHFFFAOYSA-N,Ethylcyclobutane,293.15,0,0,1.965,3.71079540253,1.12524438408,inside_domain
Morgan+Physical,1,0,JRGGUPZKKTVKOV-UHFFFAOYSA-N,1-Bromo-3-chlorobenzene,293.15,0,0,4.58,5.53298377991,13.6465698801,inside_domain
Morgan+Physical,1,0,WQONPSCCEXUXTQ-UHFFFAOYSA-N,o-Dibromobenzene,293.15,0,0,7.35,11.622428894,35.3981532236,inside_domain
Morgan+Physical,1,0,JSRLURSZEMLAFO-UHFFFAOYSA-N,m-Dibromobenzene,293.15,0,0,4.8,6.29093837738,15.1734627111,inside_domain
Morgan+Physical,1,0,RFFLAFLAYFXFSW-UHFFFAOYSA-N,o-Dichlorobenzene,298.15,0,0,9.93,5.37602710724,10.2507478883,inside_domain
Morgan+Physical,1,0,OEPRBXUJOQLYID-UHFFFAOYSA-N,1-Fluoropentane,293.15,0,0,4.24,6.33909130096,9.3663047404,inside_domain
Morgan+Physical,1,0,SNHMUERNLJLMHN-UHFFFAOYSA-N,Iodobenzene,293.15,0,0,4.63,8.75538253784,20.9443272724,inside_domain
Morgan+Physical,1,0,WRWPPGUCZBJXKX-UHFFFAOYSA-N,p-Fluorotoluene,303.15,0,0,5.86,7.69038677216,12.7592051561,inside_domain
Morgan,1,1,AFBPFSWMIHJQDM-UHFFFAOYSA-N,N-methylaniline,300.15,1,1,5.878,7.36115550995,7.11572078225,outside_associated_liquid
Morgan,1,1,CBTVGIZVANVGBH-UHFFFAOYSA-N,2-amino-2-methylpropan-1-ol,303.15,2,2,20.59,16.7420253754,3.826071455,outside_associated_liquid
Morgan,1,1,CRVGTESFCCXCTH-UHFFFAOYSA-N,N-methyldiethanolamine,300.65,2,2,22.12,22.4837226868,10.6262172267,outside_associated_liquid
Morgan,1,1,DNIAPMSPPWPWGF-UHFFFAOYSA-N,"1,2-propanediol",303.15,2,2,27.87,26.0699157715,15.9608369814,outside_associated_liquid
Morgan,1,1,FRZPYEHDSAQGAS-UHFFFAOYSA-M,1-butyl-3-methylimidazolium trifluoromethanesulfonate,298.15,0,0,12.9,15.9156227112,53.1539772418,inside_domain
Morgan,1,1,GRYUVYIMDGRRLN-UHFFFAOYSA-N,"1-butyl-2,3,4,5-tetramethylimidazolium bis(trifluoromethylsulfonyl)imide",298.15,0,0,15,15.3040561676,18.8149235057,inside_domain
Morgan,1,1,HPXRVTGHNJAIIH-UHFFFAOYSA-N,cyclohexanol,298.15,1,1,15.71,11.1754522324,6.99300079031,outside_associated_liquid
Morgan,1,1,HQWOEDCLDNFWEV-UHFFFAOYSA-M,1-ethyl-3-methylimidazolium diethyl phosphate,298.15,0,0,16.9,17.1793422699,96.6466343683,inside_domain
Morgan,1,1,HZKDSQCZNUUQIF-UHFFFAOYSA-M,1-ethyl-3-methylimidazolium hydrogen sulfate,298.15,1,1,18.4,20.5482807159,15.1917971963,outside_associated_liquid
Morgan,1,1,IIRFCWANHMSDCG-UHFFFAOYSA-N,cyclooctanone,300.65,0,0,14.38,15.2952518463,13.5668987419,inside_domain
Morgan,1,1,JYPJLAPMBJKRDG-UHFFFAOYSA-M,1-ethyl-3-methylimidazolium butylsulfonate,298.15,0,0,30,19.6035404205,153.401832604,inside_domain
Morgan,1,1,LBHLGZNUPKUZJC-UHFFFAOYSA-N,1-butyl-1-methylpyrrolidinium dicyanamide,298.15,0,0,18,25.1459560394,116.153845674,inside_domain
Morgan,1,1,LRHPLDYGYMQRHN-UHFFFAOYSA-N,butan-1-ol,298.15,1,1,18.03,15.0027637482,8.39006069244,outside_associated_liquid
Morgan,1,1,LVTYICIALWPMFW-UHFFFAOYSA-N,N-(2-hydroxypropyl)-2-hydroxy-1-propanamine,303.15,3,3,13.87,18.5099983215,21.6555806344,outside_associated_liquid
Morgan,1,1,LZJIBRSVPKKOSI-UHFFFAOYSA-O,ethanolammonium nitrate,298.15,2,2,60.9,23.1745300293,20.8289438764,outside_associated_liquid
Morgan,1,1,MWKFXSUHUHTGQN-UHFFFAOYSA-N,decan-1-ol,298.15,1,1,7.74,14.5959806442,3.3156322585,outside_associated_liquid
Morgan,1,1,OOKUTCYPKPJYFV-UHFFFAOYSA-N,1-methylimidazolium bromide,298.15,0,0,16.6,22.2434520721,28.8470050896,inside_domain
Morgan,1,1,QTBSBXVTEAMEQO-UHFFFAOYSA-N,acetic acid,293.15,1,1,6.15,21.9164924622,12.6069173441,outside_associated_liquid
Morgan,1,1,SIXHYMZEOJSYQH-UHFFFAOYSA-M,1-butyl-3-methylimidazolium thiocyanate,298.15,0,0,13.7,32.1326942444,27.3242655698,inside_domain
Morgan,1,1,UAEPNZWRGJTJPN-UHFFFAOYSA-N,methylcyclohexane,298.2,0,0,2.01,8.17740726471,1.10998539605,inside_domain
Morgan,1,1,VCAIYEJBOWHUGP-UHFFFAOYSA-N,"1-butyl-2,3-dimethylimidazolium tetrafluoroborate",298.15,0,0,13.3,10.9639530182,2.20117467965,inside_domain
Morgan,1,1,WZLFPVPRZGTCKP-UHFFFAOYSA-N,"1,1,1,3,3-pentafluorobutane",298.115,0,0,11.8861,8.17740726471,6.83236100939,inside_domain
Morgan,1,1,XDTMQSROBMDMFD-UHFFFAOYSA-N,cyclohexane,298.15,0,0,2.02,8.17740726471,1.10684113993,inside_domain
Morgan,1,1,XLYOFNOQVPJJNP-UHFFFAOYSA-N,water,297.575,0,1,78.87,21.5322284698,40.4474006258,outside_associated_liquid
Morgan,1,1,XQQZRZQVBFHBHL-UHFFFAOYSA-N,"1,4,7,10-tetraoxacyclododecane",299.4,0,0,10.76,10.5912399292,11.613237056,inside_domain
Morgan,1,1,YFMFNYKEUDLDTL-UHFFFAOYSA-N,"1,1,1,2,3,3,3-heptafluoropropane",302.85,0,0,4.1348,8.17740726471,7.17247104625,inside_domain
Morgan,1,1,ZMXDDKWLCZADIW-UHFFFAOYSA-N,dimethylformamide,302.73,0,0,36.55,16.5589084625,44.913135379,inside_domain
Morgan,1,1,ZTOMUSMDRMJOTH-UHFFFAOYSA-N,pentanedinitrile,298.15,0,0,34.6,26.5086097717,26.6601988036,inside_domain
Morgan,1,1,SWXVUIWOUIDPGS-UHFFFAOYSA-N,4-Hydroxy-4-methyl-2-pentanone (Diacetone alcohol),298.15,1,1,18.2,19.6779212952,16.6441767483,outside_associated_liquid
Morgan,1,1,CSCPPACGZOOCGX-UHFFFAOYSA-N,Acetone,298.15,0,0,20.7,16.3902263641,29.9937881156,inside_domain
Morgan,1,1,FDPIMTJIUBPUKL-UHFFFAOYSA-N,3-Pentanone,293.15,0,0,17,12.8439445496,20.6156153797,inside_domain
Morgan,1,1,SQYNKIJPMDEDEG-UHFFFAOYSA-N,Paraldehyde,298.15,0,0,13.9,7.57315158844,1.56759076609,inside_domain
Morgan,1,1,YPFDHNVEDLHUCE-UHFFFAOYSA-N,"1,3-Propanediol",293.15,2,2,35,22.3729534149,1.44673551362,outside_associated_liquid
Morgan,1,1,WERYXYBDKMZEQL-UHFFFAOYSA-N,"1,4-Butanediol",303.15,2,2,30.2,22.3729534149,11.955624374,outside_associated_liquid
Morgan,1,1,ISPYQTSUDJAMAB-UHFFFAOYSA-N,o-Chlorophenol,298.15,1,1,6.31,9.89663600922,2.71741653544,outside_associated_liquid
Morgan,1,1,SVTBMSDMJJWYQN-UHFFFAOYSA-N,"2-Methyl-2,4-pentanediol",303.15,2,2,24.4,18.5099983215,19.5363125491,outside_associated_liquid
Morgan,1,1,MVPPADPHJFYWMZ-UHFFFAOYSA-N,Chlorobenzene,298.15,0,0,5.621,6.89859008789,6.2681341664,inside_domain
Morgan,1,1,OFBQJSOFQDEBGM-UHFFFAOYSA-N,n-Pentane,293.15,0,0,1.844,5.70482158661,1.1048859414,inside_domain
Morgan,1,1,VLKZOEOYAKHREP-UHFFFAOYSA-N,n-Hexane,293.15,0,0,1.89,5.70482158661,1.10385792273,inside_domain
Morgan,1,1,ZRKMQKLGEQPLNS-UHFFFAOYSA-N,1-Pentanethiol,298.15,1,1,4.55,6.30907487869,9.12891097269,outside_associated_liquid
Morgan,1,1,BOGRNZQRTNVZCZ-AATRIKPKSA-N,"3-Methyl-1,3-pentadiene",298.15,0,0,2.43,8.77156829834,1.66039772435,inside_domain
Physical,1,1,AFBPFSWMIHJQDM-UHFFFAOYSA-N,N-methylaniline,300.15,1,1,5.878,10.1363954544,7.11572078225,outside_associated_liquid
Physical,1,1,CBTVGIZVANVGBH-UHFFFAOYSA-N,2-amino-2-methylpropan-1-ol,303.15,2,2,20.59,41.9511909485,3.826071455,outside_associated_liquid
Physical,1,1,CRVGTESFCCXCTH-UHFFFAOYSA-N,N-methyldiethanolamine,300.65,2,2,22.12,22.1768188477,10.6262172267,outside_associated_liquid
Physical,1,1,DNIAPMSPPWPWGF-UHFFFAOYSA-N,"1,2-propanediol",303.15,2,2,27.87,48.0038719177,15.9608369814,outside_associated_liquid
Physical,1,1,FRZPYEHDSAQGAS-UHFFFAOYSA-M,1-butyl-3-methylimidazolium trifluoromethanesulfonate,298.15,0,0,12.9,22.6221008301,53.1539772418,inside_domain
Physical,1,1,GRYUVYIMDGRRLN-UHFFFAOYSA-N,"1-butyl-2,3,4,5-tetramethylimidazolium bis(trifluoromethylsulfonyl)imide",298.15,0,0,15,15.393040657,18.8149235057,inside_domain
Physical,1,1,HPXRVTGHNJAIIH-UHFFFAOYSA-N,cyclohexanol,298.15,1,1,15.71,10.3178129196,6.99300079031,outside_associated_liquid
Physical,1,1,HQWOEDCLDNFWEV-UHFFFAOYSA-M,1-ethyl-3-methylimidazolium diethyl phosphate,298.15,0,0,16.9,23.3165454865,96.6466343683,inside_domain
Physical,1,1,HZKDSQCZNUUQIF-UHFFFAOYSA-M,1-ethyl-3-methylimidazolium hydrogen sulfate,298.15,1,1,18.4,20.7416954041,15.1917971963,outside_associated_liquid
Physical,1,1,IIRFCWANHMSDCG-UHFFFAOYSA-N,cyclooctanone,300.65,0,0,14.38,8.93169403076,13.5668987419,inside_domain
Physical,1,1,JYPJLAPMBJKRDG-UHFFFAOYSA-M,1-ethyl-3-methylimidazolium butylsulfonate,298.15,0,0,30,23.5923023224,153.401832604,inside_domain
Physical,1,1,LBHLGZNUPKUZJC-UHFFFAOYSA-N,1-butyl-1-methylpyrrolidinium dicyanamide,298.15,0,0,18,24.2922821045,116.153845674,inside_domain
Physical,1,1,LRHPLDYGYMQRHN-UHFFFAOYSA-N,butan-1-ol,298.15,1,1,18.03,10.4407577515,8.39006069244,outside_associated_liquid
Physical,1,1,LVTYICIALWPMFW-UHFFFAOYSA-N,N-(2-hydroxypropyl)-2-hydroxy-1-propanamine,303.15,3,3,13.87,33.0078544617,21.6555806344,outside_associated_liquid
Physical,1,1,LZJIBRSVPKKOSI-UHFFFAOYSA-O,ethanolammonium nitrate,298.15,2,2,60.9,58.4791221619,20.8289438764,outside_associated_liquid
Physical,1,1,MWKFXSUHUHTGQN-UHFFFAOYSA-N,decan-1-ol,298.15,1,1,7.74,10.2042226791,3.3156322585,outside_associated_liquid
Physical,1,1,OOKUTCYPKPJYFV-UHFFFAOYSA-N,1-methylimidazolium bromide,298.15,0,0,16.6,19.9577255249,28.8470050896,inside_domain
Physical,1,1,QTBSBXVTEAMEQO-UHFFFAOYSA-N,acetic acid,293.15,1,1,6.15,26.0888462067,12.6069173441,outside_associated_liquid
Physical,1,1,SIXHYMZEOJSYQH-UHFFFAOYSA-M,1-butyl-3-methylimidazolium thiocyanate,298.15,0,0,13.7,58.0738677979,27.3242655698,inside_domain
Physical,1,1,UAEPNZWRGJTJPN-UHFFFAOYSA-N,methylcyclohexane,298.2,0,0,2.01,1.65610122681,1.10998539605,inside_domain
Physical,1,1,VCAIYEJBOWHUGP-UHFFFAOYSA-N,"1-butyl-2,3-dimethylimidazolium tetrafluoroborate",298.15,0,0,13.3,1.80330109596,2.20117467965,inside_domain
Physical,1,1,WZLFPVPRZGTCKP-UHFFFAOYSA-N,"1,1,1,3,3-pentafluorobutane",298.115,0,0,11.8861,4.2993478775,6.83236100939,inside_domain
Physical,1,1,XDTMQSROBMDMFD-UHFFFAOYSA-N,cyclohexane,298.15,0,0,2.02,2.23821377754,1.10684113993,inside_domain
Physical,1,1,XLYOFNOQVPJJNP-UHFFFAOYSA-N,water,297.575,0,1,78.87,46.1039009094,40.4474006258,outside_associated_liquid
Physical,1,1,XQQZRZQVBFHBHL-UHFFFAOYSA-N,"1,4,7,10-tetraoxacyclododecane",299.4,0,0,10.76,12.4237737656,11.613237056,inside_domain
Physical,1,1,YFMFNYKEUDLDTL-UHFFFAOYSA-N,"1,1,1,2,3,3,3-heptafluoropropane",302.85,0,0,4.1348,2.28557610512,7.17247104625,inside_domain
Physical,1,1,ZMXDDKWLCZADIW-UHFFFAOYSA-N,dimethylformamide,302.73,0,0,36.55,55.4843025208,44.913135379,inside_domain
Physical,1,1,ZTOMUSMDRMJOTH-UHFFFAOYSA-N,pentanedinitrile,298.15,0,0,34.6,26.8647956848,26.6601988036,inside_domain
Physical,1,1,SWXVUIWOUIDPGS-UHFFFAOYSA-N,4-Hydroxy-4-methyl-2-pentanone (Diacetone alcohol),298.15,1,1,18.2,18.1784114838,16.6441767483,outside_associated_liquid
Physical,1,1,CSCPPACGZOOCGX-UHFFFAOYSA-N,Acetone,298.15,0,0,20.7,24.5165405273,29.9937881156,inside_domain
Physical,1,1,FDPIMTJIUBPUKL-UHFFFAOYSA-N,3-Pentanone,293.15,0,0,17,12.8261356354,20.6156153797,inside_domain
Physical,1,1,SQYNKIJPMDEDEG-UHFFFAOYSA-N,Paraldehyde,298.15,0,0,13.9,5.70915126801,1.56759076609,inside_domain
Physical,1,1,YPFDHNVEDLHUCE-UHFFFAOYSA-N,"1,3-Propanediol",293.15,2,2,35,29.1985836029,1.44673551362,outside_associated_liquid
Physical,1,1,WERYXYBDKMZEQL-UHFFFAOYSA-N,"1,4-Butanediol",303.15,2,2,30.2,21.7658119202,11.955624374,outside_associated_liquid
Physical,1,1,ISPYQTSUDJAMAB-UHFFFAOYSA-N,o-Chlorophenol,298.15,1,1,6.31,13.5779914856,2.71741653544,outside_associated_liquid
Physical,1,1,SVTBMSDMJJWYQN-UHFFFAOYSA-N,"2-Methyl-2,4-pentanediol",303.15,2,2,24.4,21.2626438141,19.5363125491,outside_associated_liquid
Physical,1,1,MVPPADPHJFYWMZ-UHFFFAOYSA-N,Chlorobenzene,298.15,0,0,5.621,4.08239936829,6.2681341664,inside_domain
Physical,1,1,OFBQJSOFQDEBGM-UHFFFAOYSA-N,n-Pentane,293.15,0,0,1.844,1.85836577415,1.1048859414,inside_domain
Physical,1,1,VLKZOEOYAKHREP-UHFFFAOYSA-N,n-Hexane,293.15,0,0,1.89,2.11903738976,1.10385792273,inside_domain
Physical,1,1,ZRKMQKLGEQPLNS-UHFFFAOYSA-N,1-Pentanethiol,298.15,1,1,4.55,8.42282104492,9.12891097269,outside_associated_liquid
Physical,1,1,BOGRNZQRTNVZCZ-AATRIKPKSA-N,"3-Methyl-1,3-pentadiene",298.15,0,0,2.43,2.11983680725,1.66039772435,inside_domain
Morgan+Physical,1,1,AFBPFSWMIHJQDM-UHFFFAOYSA-N,N-methylaniline,300.15,1,1,5.878,8.74877548218,7.11572078225,outside_associated_liquid
Morgan+Physical,1,1,CBTVGIZVANVGBH-UHFFFAOYSA-N,2-amino-2-methylpropan-1-ol,303.15,2,2,20.59,29.3466072083,3.826071455,outside_associated_liquid
Morgan+Physical,1,1,CRVGTESFCCXCTH-UHFFFAOYSA-N,N-methyldiethanolamine,300.65,2,2,22.12,22.3302707672,10.6262172267,outside_associated_liquid
Morgan+Physical,1,1,DNIAPMSPPWPWGF-UHFFFAOYSA-N,"1,2-propanediol",303.15,2,2,27.87,37.036895752,15.9608369814,outside_associated_liquid
Morgan+Physical,1,1,FRZPYEHDSAQGAS-UHFFFAOYSA-M,1-butyl-3-methylimidazolium trifluoromethanesulfonate,298.15,0,0,12.9,19.2688617706,53.1539772418,inside_domain
Morgan+Physical,1,1,GRYUVYIMDGRRLN-UHFFFAOYSA-N,"1-butyl-2,3,4,5-tetramethylimidazolium bis(trifluoromethylsulfonyl)imide",298.15,0,0,15,15.3485488892,18.8149235057,inside_domain
Morgan+Physical,1,1,HPXRVTGHNJAIIH-UHFFFAOYSA-N,cyclohexanol,298.15,1,1,15.71,10.746632576,6.99300079031,outside_associated_liquid
Morgan+Physical,1,1,HQWOEDCLDNFWEV-UHFFFAOYSA-M,1-ethyl-3-methylimidazolium diethyl phosphate,298.15,0,0,16.9,20.2479438782,96.6466343683,inside_domain
Morgan+Physical,1,1,HZKDSQCZNUUQIF-UHFFFAOYSA-M,1-ethyl-3-methylimidazolium hydrogen sulfate,298.15,1,1,18.4,20.6449890137,15.1917971963,outside_associated_liquid
Morgan+Physical,1,1,IIRFCWANHMSDCG-UHFFFAOYSA-N,cyclooctanone,300.65,0,0,14.38,12.1134729385,13.5668987419,inside_domain
Morgan+Physical,1,1,JYPJLAPMBJKRDG-UHFFFAOYSA-M,1-ethyl-3-methylimidazolium butylsulfonate,298.15,0,0,30,21.5979213715,153.401832604,inside_domain
Morgan+Physical,1,1,LBHLGZNUPKUZJC-UHFFFAOYSA-N,1-butyl-1-methylpyrrolidinium dicyanamide,298.15,0,0,18,24.7191200256,116.153845674,inside_domain
Morgan+Physical,1,1,LRHPLDYGYMQRHN-UHFFFAOYSA-N,butan-1-ol,298.15,1,1,18.03,12.7217607498,8.39006069244,outside_associated_liquid
Morgan+Physical,1,1,LVTYICIALWPMFW-UHFFFAOYSA-N,N-(2-hydroxypropyl)-2-hydroxy-1-propanamine,303.15,3,3,13.87,25.7589263916,21.6555806344,outside_associated_liquid
Morgan+Physical,1,1,LZJIBRSVPKKOSI-UHFFFAOYSA-O,ethanolammonium nitrate,298.15,2,2,60.9,40.8268280029,20.8289438764,outside_associated_liquid
Morgan+Physical,1,1,MWKFXSUHUHTGQN-UHFFFAOYSA-N,decan-1-ol,298.15,1,1,7.74,12.4001016617,3.3156322585,outside_associated_liquid
Morgan+Physical,1,1,OOKUTCYPKPJYFV-UHFFFAOYSA-N,1-methylimidazolium bromide,298.15,0,0,16.6,21.1005897522,28.8470050896,inside_domain
Morgan+Physical,1,1,QTBSBXVTEAMEQO-UHFFFAOYSA-N,acetic acid,293.15,1,1,6.15,24.0026702881,12.6069173441,outside_associated_liquid
Morgan+Physical,1,1,SIXHYMZEOJSYQH-UHFFFAOYSA-M,1-butyl-3-methylimidazolium thiocyanate,298.15,0,0,13.7,45.1032791138,27.3242655698,inside_domain
Morgan+Physical,1,1,UAEPNZWRGJTJPN-UHFFFAOYSA-N,methylcyclohexane,298.2,0,0,2.01,4.91675424576,1.10998539605,inside_domain
Morgan+Physical,1,1,VCAIYEJBOWHUGP-UHFFFAOYSA-N,"1-butyl-2,3-dimethylimidazolium tetrafluoroborate",298.15,0,0,13.3,6.38362693787,2.20117467965,inside_domain
Morgan+Physical,1,1,WZLFPVPRZGTCKP-UHFFFAOYSA-N,"1,1,1,3,3-pentafluorobutane",298.115,0,0,11.8861,6.23837757111,6.83236100939,inside_domain
Morgan+Physical,1,1,XDTMQSROBMDMFD-UHFFFAOYSA-N,cyclohexane,298.15,0,0,2.02,5.20781040192,1.10684113993,inside_domain
Morgan+Physical,1,1,XLYOFNOQVPJJNP-UHFFFAOYSA-N,water,297.575,0,1,78.87,33.8180656433,40.4474006258,outside_associated_liquid
Morgan+Physical,1,1,XQQZRZQVBFHBHL-UHFFFAOYSA-N,"1,4,7,10-tetraoxacyclododecane",299.4,0,0,10.76,11.5075073242,11.613237056,inside_domain
Morgan+Physical,1,1,YFMFNYKEUDLDTL-UHFFFAOYSA-N,"1,1,1,2,3,3,3-heptafluoropropane",302.85,0,0,4.1348,5.2314915657,7.17247104625,inside_domain
Morgan+Physical,1,1,ZMXDDKWLCZADIW-UHFFFAOYSA-N,dimethylformamide,302.73,0,0,36.55,36.0216064453,44.913135379,inside_domain
Morgan+Physical,1,1,ZTOMUSMDRMJOTH-UHFFFAOYSA-N,pentanedinitrile,298.15,0,0,34.6,26.6867027283,26.6601988036,inside_domain
Morgan+Physical,1,1,SWXVUIWOUIDPGS-UHFFFAOYSA-N,4-Hydroxy-4-methyl-2-pentanone (Diacetone alcohol),298.15,1,1,18.2,18.9281654358,16.6441767483,outside_associated_liquid
Morgan+Physical,1,1,CSCPPACGZOOCGX-UHFFFAOYSA-N,Acetone,298.15,0,0,20.7,20.4533843994,29.9937881156,inside_domain
Morgan+Physical,1,1,FDPIMTJIUBPUKL-UHFFFAOYSA-N,3-Pentanone,293.15,0,0,17,12.8350400925,20.6156153797,inside_domain
Morgan+Physical,1,1,SQYNKIJPMDEDEG-UHFFFAOYSA-N,Paraldehyde,298.15,0,0,13.9,6.64115142822,1.56759076609,inside_domain
Morgan+Physical,1,1,YPFDHNVEDLHUCE-UHFFFAOYSA-N,"1,3-Propanediol",293.15,2,2,35,25.7857685089,1.44673551362,outside_associated_liquid
Morgan+Physical,1,1,WERYXYBDKMZEQL-UHFFFAOYSA-N,"1,4-Butanediol",303.15,2,2,30.2,22.0693817139,11.955624374,outside_associated_liquid
Morgan+Physical,1,1,ISPYQTSUDJAMAB-UHFFFAOYSA-N,o-Chlorophenol,298.15,1,1,6.31,11.7373142242,2.71741653544,outside_associated_liquid
Morgan+Physical,1,1,SVTBMSDMJJWYQN-UHFFFAOYSA-N,"2-Methyl-2,4-pentanediol",303.15,2,2,24.4,19.8863220215,19.5363125491,outside_associated_liquid
Morgan+Physical,1,1,MVPPADPHJFYWMZ-UHFFFAOYSA-N,Chlorobenzene,298.15,0,0,5.621,5.49049472809,6.2681341664,inside_domain
Morgan+Physical,1,1,OFBQJSOFQDEBGM-UHFFFAOYSA-N,n-Pentane,293.15,0,0,1.844,3.78159379959,1.1048859414,inside_domain
Morgan+Physical,1,1,VLKZOEOYAKHREP-UHFFFAOYSA-N,n-Hexane,293.15,0,0,1.89,3.91192960739,1.10385792273,inside_domain
Morgan+Physical,1,1,ZRKMQKLGEQPLNS-UHFFFAOYSA-N,1-Pentanethiol,298.15,1,1,4.55,7.36594772339,9.12891097269,outside_associated_liquid
Morgan+Physical,1,1,BOGRNZQRTNVZCZ-AATRIKPKSA-N,"3-Methyl-1,3-pentadiene",298.15,0,0,2.43,5.4457025528,1.66039772435,inside_domain
Morgan,1,2,BAPJBEWLBFYGME-UHFFFAOYSA-N,methyl propenoate,298.15,0,0,7.021,9.38173103333,7.29190026496,inside_domain
Morgan,1,2,BDERNNFJNOPAEC-UHFFFAOYSA-N,propan-1-ol,298.15,1,1,21.3,14.9921522141,10.28867817,outside_associated_liquid
Morgan,1,2,DURPTKYDGMDSBL-UHFFFAOYSA-N,dibutyl ether,298.15,0,0,3.106,4.24564981461,2.81657790905,inside_domain
Morgan,1,2,FYIRUPZTYPILDH-UHFFFAOYSA-N,"1,1,1,2,3,3-hexafluoropropane",302.85,0,0,5.3105,8.8991689682,14.0370858022,inside_domain
Morgan,1,2,HXJUTPCZVOIRIF-UHFFFAOYSA-N,sulfolane,298.15,0,0,44,13.300163269,54.0253899274,inside_domain
Morgan,1,2,HZAXFHJVJLSVMW-UHFFFAOYSA-N,2-aminoethan-1-ol,303.15,2,2,31.46,24.0013504028,25.2714322229,outside_associated_liquid
Morgan,1,2,IAZDPXIOMUYVGZ-UHFFFAOYSA-N,dimethyl sulfoxide,298,0,0,46.05,12.8542699814,39.3405912447,inside_domain
Morgan,1,2,JIGUQPWFLRLWPJ-UHFFFAOYSA-N,ethyl propenoate,298.15,0,0,6.209,7.95016479492,13.7902225059,inside_domain
Morgan,1,2,LSBXQLQATZTAPE-UHFFFAOYSA-N,1-butyl-3-methylimidazolium tetrafluoroborate,298.15,0,0,13.9,7.19528388977,142.089757341,inside_domain
Morgan,1,2,LYCAIKOWRPUZTN-UHFFFAOYSA-N,"1,2-ethanediol",303.15,2,2,39.84,23.7643566132,15.3073129364,outside_associated_liquid
Morgan,1,2,MTHSVFCYNBDYFN-UHFFFAOYSA-N,diethylene glycol,298.15,2,2,30.95,20.4505500793,11.7806957518,outside_associated_liquid
Morgan,1,2,NEQXUPRFDXNNTA-UHFFFAOYSA-N,2-hydroxyethylammonium lactate,298.15,4,4,85.6,43.6063346863,5.97933023131,outside_associated_liquid
Morgan,1,2,OIFBSDVPJOWBCH-UHFFFAOYSA-N,diethyl carbonate,298.15,0,0,2.834,10.6064033508,1.35579310568,inside_domain
Morgan,1,2,RJQQOKKINHMXIM-UHFFFAOYSA-N,triethanolamine lactate,298.15,5,5,59.7,38.5853652954,27.2818406975,outside_associated_liquid
Morgan,1,2,SBZXBUIDTXKZTM-UHFFFAOYSA-N,"2,5,8-trioxanonane",298.15,0,0,7.3815,6.77346324921,14.0264717054,inside_domain
Morgan,1,2,STCBHSHARMAIOM-UHFFFAOYSA-N,1-methylimidazolium chloride,298.15,0,0,13.8,21.6471710205,31.9681461493,inside_domain
Morgan,1,2,WYJOVVXUZNRJQY-UHFFFAOYSA-N,2-acetylthiophene,298.15,0,0,29.19,15.0504379272,26.4529603231,inside_domain
Morgan,1,2,YFNKIDBQEZZDLK-UHFFFAOYSA-N,"2,5,8,11-tetraoxadodecane",298.15,0,0,7.604,6.77346324921,11.1446264552,inside_domain
Morgan,1,2,ZBCBWPMODOFKDW-UHFFFAOYSA-N,diethanolamine,303.15,3,3,24.69,23.2963104248,10.034846241,outside_associated_liquid
Morgan,1,2,XEKOWRVHYACXOJ-UHFFFAOYSA-N,Ethyl acetate,298.15,0,0,6.02,10.6064033508,9.7831231174,inside_domain
Morgan,1,2,GJRQTCIYDGXPES-UHFFFAOYSA-N,Isobutyl acetate,293.15,0,0,5.29,12.4579916,8.50004501778,inside_domain
Morgan,1,2,RTZKZFJDLAIYFH-UHFFFAOYSA-N,Ethyl ether,293.15,0,0,4.335,5.25263261795,4.44489704395,inside_domain
Morgan,1,2,DTQVDTLACAAQTR-UHFFFAOYSA-N,Trifluoroacetic acid,293.15,1,1,39.5,16.8942375183,28.7487569677,outside_associated_liquid
Morgan,1,2,HEBKCHPVOIAQTA-NGQZWQHPSA-N,Xylitol,293.15,5,5,40,35.7971725464,16.2882582546,outside_associated_liquid
Morgan,1,2,GWYFCOCPABKNJV-UHFFFAOYSA-N,Isovaleric acid,293.15,1,1,2.64,15.9016571045,5.90016995209,outside_associated_liquid
Morgan,1,2,WEVYAHXRMPXWCK-UHFFFAOYSA-N,Acetonitrile,293.15,0,0,37.5,30.2420520782,53.5642531651,inside_domain
Morgan,1,2,ZWEHNKRNPOVVGH-UHFFFAOYSA-N,2-Butanone,293.15,0,0,18.51,12.2553014755,22.1880711838,inside_domain
Morgan,1,2,PHTQWCKDNZKARW-UHFFFAOYSA-N,3-Methyl-1-butanol,298.15,1,1,14.7,19.7160816193,4.92575324719,outside_associated_liquid
Morgan,1,2,RLSSMJSEOOYNOY-UHFFFAOYSA-N,m-Cresol,298.15,1,1,11.8,10.7781887054,6.72405719621,outside_associated_liquid
Morgan,1,2,RDOXTESZEPMUJZ-UHFFFAOYSA-N,Methoxybenzene (Anisole),298.15,0,0,4.33,5.18899106979,3.78240490407,inside_domain
Morgan,1,2,YWAKXRMUMFPDSH-UHFFFAOYSA-N,1-Pentene,293.15,0,0,2.1,3.23493146896,1.29861209178,inside_domain
Morgan,1,2,FOTXAJDDGPYIFU-UHFFFAOYSA-N,Ethylcyclopropane,293.15,0,0,1.933,5.98889160156,1.15468220207,inside_domain
Morgan,1,2,RWNKSTSCBHKHTB-UHFFFAOYSA-N,"Hexachloro-1,3-butadiene",298.15,0,0,2.55,25.036075592,1.1593863388,inside_domain
Morgan,1,2,ZPQOPVIELGIULI-UHFFFAOYSA-N,m-Dichlorobenzene,298.15,0,0,5.04,7.40393257141,4.80631156245,inside_domain
Morgan,1,2,QARVLSVVCXYDNA-UHFFFAOYSA-N,Bromobenzene,298.15,0,0,5.4,6.90014886856,21.0611689365,inside_domain
Morgan,1,2,PAYRUJLWNCNPSJ-UHFFFAOYSA-N,Aniline,293.15,1,1,6.89,6.90014886856,7.45516883493,outside_associated_liquid
Morgan,1,2,IBSQPLPBRSHTTG-UHFFFAOYSA-N,o-Chlorotoluene,293.15,0,0,4.45,7.37258243561,4.30209983232,inside_domain
Morgan,1,2,OSOUNOBYRMOXQQ-UHFFFAOYSA-N,m-Chlorotoluene,293.15,0,0,5.55,7.37258243561,8.19037794732,inside_domain
Morgan,1,2,NPDACUSDTOMAMK-UHFFFAOYSA-N,p-Chlorotoluene,293.15,0,0,6.08,7.37258243561,9.81647562753,inside_domain
Morgan,1,2,MMZYCBHLNZVROM-UHFFFAOYSA-N,o-Fluorotoluene,303.15,0,0,4.22,9.03162956238,6.12573643678,inside_domain
Morgan,1,2,APPOKADJQUIAHP-UHFFFAOYSA-N,"2,4-Hexadiene",298.15,0,0,2.22,8.52056503296,1.31910733263,inside_domain
Physical,1,2,BAPJBEWLBFYGME-UHFFFAOYSA-N,methyl propenoate,298.15,0,0,7.021,10.6557579041,7.29190026496,inside_domain
Physical,1,2,BDERNNFJNOPAEC-UHFFFAOYSA-N,propan-1-ol,298.15,1,1,21.3,16.4183769226,10.28867817,outside_associated_liquid
Physical,1,2,DURPTKYDGMDSBL-UHFFFAOYSA-N,dibutyl ether,298.15,0,0,3.106,4.39149856567,2.81657790905,inside_domain
Physical,1,2,FYIRUPZTYPILDH-UHFFFAOYSA-N,"1,1,1,2,3,3-hexafluoropropane",302.85,0,0,5.3105,4.40878868103,14.0370858022,inside_domain
Physical,1,2,HXJUTPCZVOIRIF-UHFFFAOYSA-N,sulfolane,298.15,0,0,44,25.1544456482,54.0253899274,inside_domain
Physical,1,2,HZAXFHJVJLSVMW-UHFFFAOYSA-N,2-aminoethan-1-ol,303.15,2,2,31.46,90.7890853882,25.2714322229,outside_associated_liquid
Physical,1,2,IAZDPXIOMUYVGZ-UHFFFAOYSA-N,dimethyl sulfoxide,298,0,0,46.05,33.2996635437,39.3405912447,inside_domain
Physical,1,2,JIGUQPWFLRLWPJ-UHFFFAOYSA-N,ethyl propenoate,298.15,0,0,6.209,13.1819782257,13.7902225059,inside_domain
Physical,1,2,LSBXQLQATZTAPE-UHFFFAOYSA-N,1-butyl-3-methylimidazolium tetrafluoroborate,298.15,0,0,13.9,15.5300960541,142.089757341,inside_domain
Physical,1,2,LYCAIKOWRPUZTN-UHFFFAOYSA-N,"1,2-ethanediol",303.15,2,2,39.84,91.5996170044,15.3073129364,outside_associated_liquid
Physical,1,2,MTHSVFCYNBDYFN-UHFFFAOYSA-N,diethylene glycol,298.15,2,2,30.95,21.3331604004,11.7806957518,outside_associated_liquid
Physical,1,2,NEQXUPRFDXNNTA-UHFFFAOYSA-N,2-hydroxyethylammonium lactate,298.15,4,4,85.6,36.2190093994,5.97933023131,outside_associated_liquid
Physical,1,2,OIFBSDVPJOWBCH-UHFFFAOYSA-N,diethyl carbonate,298.15,0,0,2.834,9.49498081207,1.35579310568,inside_domain
Physical,1,2,RJQQOKKINHMXIM-UHFFFAOYSA-N,triethanolamine lactate,298.15,5,5,59.7,39.2919616699,27.2818406975,outside_associated_liquid
Physical,1,2,SBZXBUIDTXKZTM-UHFFFAOYSA-N,"2,5,8-trioxanonane",298.15,0,0,7.3815,11.6116504669,14.0264717054,inside_domain
Physical,1,2,STCBHSHARMAIOM-UHFFFAOYSA-N,1-methylimidazolium chloride,298.15,0,0,13.8,19.0701389313,31.9681461493,inside_domain
Physical,1,2,WYJOVVXUZNRJQY-UHFFFAOYSA-N,2-acetylthiophene,298.15,0,0,29.19,16.1245307922,26.4529603231,inside_domain
Physical,1,2,YFNKIDBQEZZDLK-UHFFFAOYSA-N,"2,5,8,11-tetraoxadodecane",298.15,0,0,7.604,9.71121120453,11.1446264552,inside_domain
Physical,1,2,ZBCBWPMODOFKDW-UHFFFAOYSA-N,diethanolamine,303.15,3,3,24.69,28.1206321716,10.034846241,outside_associated_liquid
Physical,1,2,XEKOWRVHYACXOJ-UHFFFAOYSA-N,Ethyl acetate,298.15,0,0,6.02,8.96729183197,9.7831231174,inside_domain
Physical,1,2,GJRQTCIYDGXPES-UHFFFAOYSA-N,Isobutyl acetate,293.15,0,0,5.29,8.15221786499,8.50004501778,inside_domain
Physical,1,2,RTZKZFJDLAIYFH-UHFFFAOYSA-N,Ethyl ether,293.15,0,0,4.335,6.13045167923,4.44489704395,inside_domain
Physical,1,2,DTQVDTLACAAQTR-UHFFFAOYSA-N,Trifluoroacetic acid,293.15,1,1,39.5,22.212310791,28.7487569677,outside_associated_liquid
Physical,1,2,HEBKCHPVOIAQTA-NGQZWQHPSA-N,Xylitol,293.15,5,5,40,28.6877593994,16.2882582546,outside_associated_liquid
Physical,1,2,GWYFCOCPABKNJV-UHFFFAOYSA-N,Isovaleric acid,293.15,1,1,2.64,10.4310045242,5.90016995209,outside_associated_liquid
Physical,1,2,WEVYAHXRMPXWCK-UHFFFAOYSA-N,Acetonitrile,293.15,0,0,37.5,42.1495170593,53.5642531651,inside_domain
Physical,1,2,ZWEHNKRNPOVVGH-UHFFFAOYSA-N,2-Butanone,293.15,0,0,18.51,19.9435329437,22.1880711838,inside_domain
Physical,1,2,PHTQWCKDNZKARW-UHFFFAOYSA-N,3-Methyl-1-butanol,298.15,1,1,14.7,12.3169574738,4.92575324719,outside_associated_liquid
Physical,1,2,RLSSMJSEOOYNOY-UHFFFAOYSA-N,m-Cresol,298.15,1,1,11.8,12.2820482254,6.72405719621,outside_associated_liquid
Physical,1,2,RDOXTESZEPMUJZ-UHFFFAOYSA-N,Methoxybenzene (Anisole),298.15,0,0,4.33,4.49299001694,3.78240490407,inside_domain
Physical,1,2,YWAKXRMUMFPDSH-UHFFFAOYSA-N,1-Pentene,293.15,0,0,2.1,1.68896222115,1.29861209178,inside_domain
Physical,1,2,FOTXAJDDGPYIFU-UHFFFAOYSA-N,Ethylcyclopropane,293.15,0,0,1.933,2.77373147011,1.15468220207,inside_domain
Physical,1,2,RWNKSTSCBHKHTB-UHFFFAOYSA-N,"Hexachloro-1,3-butadiene",298.15,0,0,2.55,2.38421630859,1.1593863388,inside_domain
Physical,1,2,ZPQOPVIELGIULI-UHFFFAOYSA-N,m-Dichlorobenzene,298.15,0,0,5.04,3.98837685585,4.80631156245,inside_domain
Physical,1,2,QARVLSVVCXYDNA-UHFFFAOYSA-N,Bromobenzene,298.15,0,0,5.4,10.0001649857,21.0611689365,inside_domain
Physical,1,2,PAYRUJLWNCNPSJ-UHFFFAOYSA-N,Aniline,293.15,1,1,6.89,12.9008741379,7.45516883493,outside_associated_liquid
Physical,1,2,IBSQPLPBRSHTTG-UHFFFAOYSA-N,o-Chlorotoluene,293.15,0,0,4.45,6.30765199661,4.30209983232,inside_domain
Physical,1,2,OSOUNOBYRMOXQQ-UHFFFAOYSA-N,m-Chlorotoluene,293.15,0,0,5.55,3.62716197968,8.19037794732,inside_domain
Physical,1,2,NPDACUSDTOMAMK-UHFFFAOYSA-N,p-Chlorotoluene,293.15,0,0,6.08,3.62716197968,9.81647562753,inside_domain
Physical,1,2,MMZYCBHLNZVROM-UHFFFAOYSA-N,o-Fluorotoluene,303.15,0,0,4.22,8.98256778717,6.12573643678,inside_domain
Physical,1,2,APPOKADJQUIAHP-UHFFFAOYSA-N,"2,4-Hexadiene",298.15,0,0,2.22,2.72282171249,1.31910733263,inside_domain
Morgan+Physical,1,2,BAPJBEWLBFYGME-UHFFFAOYSA-N,methyl propenoate,298.15,0,0,7.021,10.0187444687,7.29190026496,inside_domain
Morgan+Physical,1,2,BDERNNFJNOPAEC-UHFFFAOYSA-N,propan-1-ol,298.15,1,1,21.3,15.7052650452,10.28867817,outside_associated_liquid
Morgan+Physical,1,2,DURPTKYDGMDSBL-UHFFFAOYSA-N,dibutyl ether,298.15,0,0,3.106,4.31857395172,2.81657790905,inside_domain
Morgan+Physical,1,2,FYIRUPZTYPILDH-UHFFFAOYSA-N,"1,1,1,2,3,3-hexafluoropropane",302.85,0,0,5.3105,6.65397882462,14.0370858022,inside_domain
Morgan+Physical,1,2,HXJUTPCZVOIRIF-UHFFFAOYSA-N,sulfolane,298.15,0,0,44,19.2273044586,54.0253899274,inside_domain
Morgan+Physical,1,2,HZAXFHJVJLSVMW-UHFFFAOYSA-N,2-aminoethan-1-ol,303.15,2,2,31.46,57.3952178955,25.2714322229,outside_associated_liquid
Morgan+Physical,1,2,IAZDPXIOMUYVGZ-UHFFFAOYSA-N,dimethyl sulfoxide,298,0,0,46.05,23.0769672394,39.3405912447,inside_domain
Morgan+Physical,1,2,JIGUQPWFLRLWPJ-UHFFFAOYSA-N,ethyl propenoate,298.15,0,0,6.209,10.5660715103,13.7902225059,inside_domain
Morgan+Physical,1,2,LSBXQLQATZTAPE-UHFFFAOYSA-N,1-butyl-3-methylimidazolium tetrafluoroborate,298.15,0,0,13.9,11.3626899719,142.089757341,inside_domain
Morgan+Physical,1,2,LYCAIKOWRPUZTN-UHFFFAOYSA-N,"1,2-ethanediol",303.15,2,2,39.84,57.6819877625,15.3073129364,outside_associated_liquid
Morgan+Physical,1,2,MTHSVFCYNBDYFN-UHFFFAOYSA-N,diethylene glycol,298.15,2,2,30.95,20.8918552399,11.7806957518,outside_associated_liquid
Morgan+Physical,1,2,NEQXUPRFDXNNTA-UHFFFAOYSA-N,2-hydroxyethylammonium lactate,298.15,4,4,85.6,39.9126739502,5.97933023131,outside_associated_liquid
Morgan+Physical,1,2,OIFBSDVPJOWBCH-UHFFFAOYSA-N,diethyl carbonate,298.15,0,0,2.834,10.0506916046,1.35579310568,inside_domain
Morgan+Physical,1,2,RJQQOKKINHMXIM-UHFFFAOYSA-N,triethanolamine lactate,298.15,5,5,59.7,38.9386634827,27.2818406975,outside_associated_liquid
Morgan+Physical,1,2,SBZXBUIDTXKZTM-UHFFFAOYSA-N,"2,5,8-trioxanonane",298.15,0,0,7.3815,9.19255638123,14.0264717054,inside_domain
Morgan+Physical,1,2,STCBHSHARMAIOM-UHFFFAOYSA-N,1-methylimidazolium chloride,298.15,0,0,13.8,20.3586540222,31.9681461493,inside_domain
Morgan+Physical,1,2,WYJOVVXUZNRJQY-UHFFFAOYSA-N,2-acetylthiophene,298.15,0,0,29.19,15.5874843597,26.4529603231,inside_domain
Morgan+Physical,1,2,YFNKIDBQEZZDLK-UHFFFAOYSA-N,"2,5,8,11-tetraoxadodecane",298.15,0,0,7.604,8.24233722687,11.1446264552,inside_domain
Morgan+Physical,1,2,ZBCBWPMODOFKDW-UHFFFAOYSA-N,diethanolamine,303.15,3,3,24.69,25.7084712982,10.034846241,outside_associated_liquid
Morgan+Physical,1,2,XEKOWRVHYACXOJ-UHFFFAOYSA-N,Ethyl acetate,298.15,0,0,6.02,9.78684806824,9.7831231174,inside_domain
Morgan+Physical,1,2,GJRQTCIYDGXPES-UHFFFAOYSA-N,Isobutyl acetate,293.15,0,0,5.29,10.3051052094,8.50004501778,inside_domain
Morgan+Physical,1,2,RTZKZFJDLAIYFH-UHFFFAOYSA-N,Ethyl ether,293.15,0,0,4.335,5.69154214859,4.44489704395,inside_domain
Morgan+Physical,1,2,DTQVDTLACAAQTR-UHFFFAOYSA-N,Trifluoroacetic acid,293.15,1,1,39.5,19.5532741547,28.7487569677,outside_associated_liquid
Morgan+Physical,1,2,HEBKCHPVOIAQTA-NGQZWQHPSA-N,Xylitol,293.15,5,5,40,32.2424659729,16.2882582546,outside_associated_liquid
Morgan+Physical,1,2,GWYFCOCPABKNJV-UHFFFAOYSA-N,Isovaleric acid,293.15,1,1,2.64,13.1663303375,5.90016995209,outside_associated_liquid
Morgan+Physical,1,2,WEVYAHXRMPXWCK-UHFFFAOYSA-N,Acetonitrile,293.15,0,0,37.5,36.1957855225,53.5642531651,inside_domain
Morgan+Physical,1,2,ZWEHNKRNPOVVGH-UHFFFAOYSA-N,2-Butanone,293.15,0,0,18.51,16.0994167328,22.1880711838,inside_domain
Morgan+Physical,1,2,PHTQWCKDNZKARW-UHFFFAOYSA-N,3-Methyl-1-butanol,298.15,1,1,14.7,16.0165195465,4.92575324719,outside_associated_liquid
Morgan+Physical,1,2,RLSSMJSEOOYNOY-UHFFFAOYSA-N,m-Cresol,298.15,1,1,11.8,11.5301189423,6.72405719621,outside_associated_liquid
Morgan+Physical,1,2,RDOXTESZEPMUJZ-UHFFFAOYSA-N,Methoxybenzene (Anisole),298.15,0,0,4.33,4.84099054337,3.78240490407,inside_domain
Morgan+Physical,1,2,YWAKXRMUMFPDSH-UHFFFAOYSA-N,1-Pentene,293.15,0,0,2.1,2.46194696426,1.29861209178,inside_domain
Morgan+Physical,1,2,FOTXAJDDGPYIFU-UHFFFAOYSA-N,Ethylcyclopropane,293.15,0,0,1.933,4.38131141663,1.15468220207,inside_domain
Morgan+Physical,1,2,RWNKSTSCBHKHTB-UHFFFAOYSA-N,"Hexachloro-1,3-butadiene",298.15,0,0,2.55,13.7101459503,1.1593863388,inside_domain
Morgan+Physical,1,2,ZPQOPVIELGIULI-UHFFFAOYSA-N,m-Dichlorobenzene,298.15,0,0,5.04,5.69615459442,4.80631156245,inside_domain
Morgan+Physical,1,2,QARVLSVVCXYDNA-UHFFFAOYSA-N,Bromobenzene,298.15,0,0,5.4,8.45015716553,21.0611689365,inside_domain
Morgan+Physical,1,2,PAYRUJLWNCNPSJ-UHFFFAOYSA-N,Aniline,293.15,1,1,6.89,9.90051174164,7.45516883493,outside_associated_liquid
Morgan+Physical,1,2,IBSQPLPBRSHTTG-UHFFFAOYSA-N,o-Chlorotoluene,293.15,0,0,4.45,6.84011745453,4.30209983232,inside_domain
Morgan+Physical,1,2,OSOUNOBYRMOXQQ-UHFFFAOYSA-N,m-Chlorotoluene,293.15,0,0,5.55,5.49987220764,8.19037794732,inside_domain
Morgan+Physical,1,2,NPDACUSDTOMAMK-UHFFFAOYSA-N,p-Chlorotoluene,293.15,0,0,6.08,5.49987220764,9.81647562753,inside_domain
Morgan+Physical,1,2,MMZYCBHLNZVROM-UHFFFAOYSA-N,o-Fluorotoluene,303.15,0,0,4.22,9.00709915161,6.12573643678,inside_domain
Morgan+Physical,1,2,APPOKADJQUIAHP-UHFFFAOYSA-N,"2,4-Hexadiene",298.15,0,0,2.22,5.62169361115,1.31910733263,inside_domain
Morgan,1,3,ALYCOCULEAWWJO-UHFFFAOYSA-N,triethylpentylammonium bis(trifluoromethylsulfonyl)imide,298.15,0,0,12.5,13.5296468735,6.67840629363,inside_domain
Morgan,1,3,BGTOWKSIORTVQH-UHFFFAOYSA-N,cyclopentanone,298.15,0,0,13.505,21.1481285095,20.9054049662,inside_domain
Morgan,1,3,BKIMMITUMNQMOS-UHFFFAOYSA-N,nonane,298.15,0,0,1.98,5.72242212296,1.10532080108,inside_domain
Morgan,1,3,BMRWNKZVCUKKSR-UHFFFAOYSA-N,"1,2-butanediol",298.2,2,2,22.143,26.6447658539,13.5953058324,outside_associated_liquid
Morgan,1,3,DKGAVHZHDRPRBM-UHFFFAOYSA-N,2-methylpropan-2-ol,298.15,1,1,12.49,10.3627462387,6.90436439321,outside_associated_liquid
Morgan,1,3,FXHOOIRPVKKKFG-UHFFFAOYSA-N,"N,N-dimethylethanamide",303.15,0,0,37.72,15.9752588272,35.5309250609,inside_domain
Morgan,1,3,IMNFDUFMRHMDMM-UHFFFAOYSA-N,heptane,298.15,0,0,1.93,5.72242212296,1.10583566295,inside_domain
Morgan,1,3,KBPLFHHGFOOTCA-UHFFFAOYSA-N,octan-1-ol,298.15,1,1,10.66,14.4282922745,4.22641786179,outside_associated_liquid
Morgan,1,3,MCTWTZJPVLRJOU-UHFFFAOYSA-N,1-methylimidazole,298,0,0,39.78,9.39918804169,38.1478273189,inside_domain
Morgan,1,3,OKKJLVBELUTLKV-UHFFFAOYSA-N,methanol,298.15,1,1,33.6,8.9679479599,16.5823957018,outside_associated_liquid
Morgan,1,3,RYHBNJHYFVUHQT-UHFFFAOYSA-N,"1,4-dioxane",298.2,0,0,2.228,13.5882711411,1.10125989107,inside_domain
Morgan,1,3,UCCKRVYTJPMHRO-UHFFFAOYSA-N,"1-butyl-2,3-dimethyl-1H-imidazolium bis(trifluoromethylsulfonyl)amide",298.15,0,0,14,13.8567838669,11.4813553141,inside_domain
Morgan,1,3,VVLAIYIMMFWRFW-UHFFFAOYSA-N,2-hydroxyethylammonium acetate,298.15,3,3,58.3,39.2667884827,4.76933191054,outside_associated_liquid
Morgan,1,3,YEYKMVJDLWJFOA-UHFFFAOYSA-N,2-propoxyethanol,298.15,1,1,11.5,14.5510492325,11.5122504605,outside_associated_liquid
Morgan,1,3,IYXGSMUGOJNHAZ-UHFFFAOYSA-N,Diethyl malonate,298.15,0,0,8.03,12.2790651321,9.74006290335,inside_domain
Morgan,1,3,XNLICIUVMPYHGG-UHFFFAOYSA-N,2-Pentanone,293.15,0,0,15.45,12.4422340393,17.6741821348,inside_domain
Morgan,1,3,NTIZESTWPVYFNL-UHFFFAOYSA-N,4-Methyl-2-pentanone,293.15,0,0,13.11,14.5356559753,14.6513704727,inside_domain
Morgan,1,3,JFDZBHWFFUWGJE-UHFFFAOYSA-N,Benzonitrile,298.15,0,0,25.2,30.152381897,29.6694423151,inside_domain
Morgan,1,3,FERIUCNNQQJTOY-UHFFFAOYSA-N,Butyric acid,293.15,1,1,2.97,13.0814685822,7.21717286495,outside_associated_liquid
Morgan,1,3,LCGLNKUTAGEVQW-UHFFFAOYSA-N,Methyl ether,298.15,0,0,5.02,6.30836772919,8.12045219138,inside_domain
Morgan,1,3,FVSKHRXBFJPNKK-UHFFFAOYSA-N,Propionitrile,293.15,0,0,27.2,24.6819934845,38.9694829474,inside_domain
Morgan,1,3,MSXVEPNJUHWQHW-UHFFFAOYSA-N,2-Methyl-2-butanol,298.15,1,1,5.82,9.17136573792,5.55405564062,outside_associated_liquid
Morgan,1,3,WVDDGKGOMKODPV-UHFFFAOYSA-N,Benzyl alcohol,293.15,1,1,13.1,17.6859169006,5.77594569883,outside_associated_liquid
Morgan,1,3,MQWCXKGKQLNYQG-UHFFFAOYSA-N,4-Methylcyclohexanol,293.15,1,1,13.3,8.89681148529,4.28546106184,outside_associated_liquid
Morgan,1,3,QGJOPFRUJISHPQ-UHFFFAOYSA-N,Carbon disulfide,293.15,0,0,2.641,13.8949041367,1.14604082971,inside_domain
Morgan,1,3,RGSFGYAAUTVSQA-UHFFFAOYSA-N,Cyclopentane,293.15,0,0,1.965,12.0066509247,1.10560773191,inside_domain
Morgan,1,3,QWTDNUCVQCZILF-UHFFFAOYSA-N,2-Methylbutane,293.15,0,0,1.843,6.65372228622,1.10396118598,inside_domain
Morgan,1,3,ZQDPJFUHLCOCRG-WAYWQWQTSA-N,cis-3-Hexene,298.15,0,0,2.062,6.77473783493,1.19258064684,inside_domain
Morgan,1,3,CYTYCFOTNPOANT-UHFFFAOYSA-N,Tetrachloroethylene,298.15,0,0,2.3,18.3080348969,1.12045182946,inside_domain
Morgan,1,3,GETTZEONDQJALK-UHFFFAOYSA-N,"alpha,alpha,alpha-Trifluorotoluene",303.15,0,0,9.18,7.83018016815,23.2671758909,inside_domain
Morgan,1,3,KFUSEUYYWQURPO-UPHRSURJSA-N,"cis-1,2-Dichloroethylene",298.15,0,0,9.2,13.8170995712,9.01512393578,inside_domain
Morgan,1,3,KFUSEUYYWQURPO-OWOJBTEDSA-N,"trans-1,2-Dichloroethylene",298.15,0,0,2.14,13.8170995712,1.11523574299,inside_domain
Morgan,1,3,QBELEDRHMPMKHP-UHFFFAOYSA-N,1-Bromo-2-chlorobenzene,293.15,0,0,6.8,7.29978466034,24.1815742763,inside_domain
Morgan,1,3,SFPQFQUXAJOWNF-UHFFFAOYSA-N,m-Diiodobenzene,298.15,0,0,4.25,7.83018016815,13.6499299113,inside_domain
Morgan,1,3,ROSDSFDQCJNGOL-UHFFFAOYSA-N,Dimethylamine,298.15,1,1,5.26,7.84510183334,4.58015414622,outside_associated_liquid
Morgan,1,3,YLQBMQCUIZJEEH-UHFFFAOYSA-N,Furan,298.15,0,0,2.95,8.22074985504,1.38878820797,inside_domain
Morgan,1,3,JUJWROOIHBZHMG-UHFFFAOYSA-N,Pyridine,298.15,0,0,12.3,8.22074985504,9.88027991812,inside_domain
Morgan,1,3,PYLWMHQQBFSUBP-UHFFFAOYSA-N,Fluorobenzene,298.15,0,0,5.42,7.83018016815,9.55831440066,inside_domain
Morgan,1,3,ZMANZCXQSJIPKH-UHFFFAOYSA-N,Triethylamine,298.15,0,0,2.42,8.09332466125,1.58318603892,inside_domain
Morgan,1,3,PMJHHCWVYXUKFD-SNAWJCMRSA-N,"1,3-Pentadiene",298.15,0,0,2.32,7.27562093735,1.87012388355,inside_domain
Morgan,1,3,RRHGJUQNOFWUDK-UHFFFAOYSA-N,"2-Methyl-1,3-butadiene (Isoprene)",298.15,0,0,2.1,8.39846611023,1.33056486908,inside_domain
Physical,1,3,ALYCOCULEAWWJO-UHFFFAOYSA-N,triethylpentylammonium bis(trifluoromethylsulfonyl)imide,298.15,0,0,12.5,14.8148536682,6.67840629363,inside_domain
Physical,1,3,BGTOWKSIORTVQH-UHFFFAOYSA-N,cyclopentanone,298.15,0,0,13.505,14.127035141,20.9054049662,inside_domain
Physical,1,3,BKIMMITUMNQMOS-UHFFFAOYSA-N,nonane,298.15,0,0,1.98,3.81903505325,1.10532080108,inside_domain
Physical,1,3,BMRWNKZVCUKKSR-UHFFFAOYSA-N,"1,2-butanediol",298.2,2,2,22.143,22.0843162537,13.5953058324,outside_associated_liquid
Physical,1,3,DKGAVHZHDRPRBM-UHFFFAOYSA-N,2-methylpropan-2-ol,298.15,1,1,12.49,16.8785018921,6.90436439321,outside_associated_liquid
Physical,1,3,FXHOOIRPVKKKFG-UHFFFAOYSA-N,"N,N-dimethylethanamide",303.15,0,0,37.72,20.5080871582,35.5309250609,inside_domain
Physical,1,3,IMNFDUFMRHMDMM-UHFFFAOYSA-N,heptane,298.15,0,0,1.93,3.04074573517,1.10583566295,inside_domain
Physical,1,3,KBPLFHHGFOOTCA-UHFFFAOYSA-N,octan-1-ol,298.15,1,1,10.66,9.59435462952,4.22641786179,outside_associated_liquid
Physical,1,3,MCTWTZJPVLRJOU-UHFFFAOYSA-N,1-methylimidazole,298,0,0,39.78,34.5742111206,38.1478273189,inside_domain
Physical,1,3,OKKJLVBELUTLKV-UHFFFAOYSA-N,methanol,298.15,1,1,33.6,41.9092025757,16.5823957018,outside_associated_liquid
Physical,1,3,RYHBNJHYFVUHQT-UHFFFAOYSA-N,"1,4-dioxane",298.2,0,0,2.228,9.11874675751,1.10125989107,inside_domain
Physical,1,3,UCCKRVYTJPMHRO-UHFFFAOYSA-N,"1-butyl-2,3-dimethyl-1H-imidazolium bis(trifluoromethylsulfonyl)amide",298.15,0,0,14,17.8158149719,11.4813553141,inside_domain
Physical,1,3,VVLAIYIMMFWRFW-UHFFFAOYSA-N,2-hydroxyethylammonium acetate,298.15,3,3,58.3,34.8615074158,4.76933191054,outside_associated_liquid
Physical,1,3,YEYKMVJDLWJFOA-UHFFFAOYSA-N,2-propoxyethanol,298.15,1,1,11.5,13.1098403931,11.5122504605,outside_associated_liquid
Physical,1,3,IYXGSMUGOJNHAZ-UHFFFAOYSA-N,Diethyl malonate,298.15,0,0,8.03,14.4171409607,9.74006290335,inside_domain
Physical,1,3,XNLICIUVMPYHGG-UHFFFAOYSA-N,2-Pentanone,293.15,0,0,15.45,10.5590934753,17.6741821348,inside_domain
Physical,1,3,NTIZESTWPVYFNL-UHFFFAOYSA-N,4-Methyl-2-pentanone,293.15,0,0,13.11,9.69081687927,14.6513704727,inside_domain
Physical,1,3,JFDZBHWFFUWGJE-UHFFFAOYSA-N,Benzonitrile,298.15,0,0,25.2,17.8423023224,29.6694423151,inside_domain
Physical,1,3,FERIUCNNQQJTOY-UHFFFAOYSA-N,Butyric acid,293.15,1,1,2.97,16.3850650787,7.21717286495,outside_associated_liquid
Physical,1,3,LCGLNKUTAGEVQW-UHFFFAOYSA-N,Methyl ether,298.15,0,0,5.02,27.3309383392,8.12045219138,inside_domain
Physical,1,3,FVSKHRXBFJPNKK-UHFFFAOYSA-N,Propionitrile,293.15,0,0,27.2,17.4331912994,38.9694829474,inside_domain
Physical,1,3,MSXVEPNJUHWQHW-UHFFFAOYSA-N,2-Methyl-2-butanol,298.15,1,1,5.82,11.7667999268,5.55405564062,outside_associated_liquid
Physical,1,3,WVDDGKGOMKODPV-UHFFFAOYSA-N,Benzyl alcohol,293.15,1,1,13.1,10.2038507462,5.77594569883,outside_associated_liquid
Physical,1,3,MQWCXKGKQLNYQG-UHFFFAOYSA-N,4-Methylcyclohexanol,293.15,1,1,13.3,10.4101247787,4.28546106184,outside_associated_liquid
Physical,1,3,QGJOPFRUJISHPQ-UHFFFAOYSA-N,Carbon disulfide,293.15,0,0,2.641,24.660238266,1.14604082971,inside_domain
Physical,1,3,RGSFGYAAUTVSQA-UHFFFAOYSA-N,Cyclopentane,293.15,0,0,1.965,3.63977909088,1.10560773191,inside_domain
Physical,1,3,QWTDNUCVQCZILF-UHFFFAOYSA-N,2-Methylbutane,293.15,0,0,1.843,2.76859712601,1.10396118598,inside_domain
Physical,1,3,ZQDPJFUHLCOCRG-WAYWQWQTSA-N,cis-3-Hexene,298.15,0,0,2.062,2.15303897858,1.19258064684,inside_domain
Physical,1,3,CYTYCFOTNPOANT-UHFFFAOYSA-N,Tetrachloroethylene,298.15,0,0,2.3,2.10076999664,1.12045182946,inside_domain
Physical,1,3,GETTZEONDQJALK-UHFFFAOYSA-N,"alpha,alpha,alpha-Trifluorotoluene",303.15,0,0,9.18,10.8380594254,23.2671758909,inside_domain
Physical,1,3,KFUSEUYYWQURPO-UPHRSURJSA-N,"cis-1,2-Dichloroethylene",298.15,0,0,9.2,21.213684082,9.01512393578,inside_domain
Physical,1,3,KFUSEUYYWQURPO-OWOJBTEDSA-N,"trans-1,2-Dichloroethylene",298.15,0,0,2.14,25.4509391785,1.11523574299,inside_domain
Physical,1,3,QBELEDRHMPMKHP-UHFFFAOYSA-N,1-Bromo-2-chlorobenzene,293.15,0,0,6.8,10.396490097,24.1815742763,inside_domain
Physical,1,3,SFPQFQUXAJOWNF-UHFFFAOYSA-N,m-Diiodobenzene,298.15,0,0,4.25,3.98845720291,13.6499299113,inside_domain
Physical,1,3,ROSDSFDQCJNGOL-UHFFFAOYSA-N,Dimethylamine,298.15,1,1,5.26,16.1628322601,4.58015414622,outside_associated_liquid
Physical,1,3,YLQBMQCUIZJEEH-UHFFFAOYSA-N,Furan,298.15,0,0,2.95,15.998623848,1.38878820797,inside_domain
Physical,1,3,JUJWROOIHBZHMG-UHFFFAOYSA-N,Pyridine,298.15,0,0,12.3,22.0569591522,9.88027991812,inside_domain
Physical,1,3,PYLWMHQQBFSUBP-UHFFFAOYSA-N,Fluorobenzene,298.15,0,0,5.42,6.91140413284,9.55831440066,inside_domain
Physical,1,3,ZMANZCXQSJIPKH-UHFFFAOYSA-N,Triethylamine,298.15,0,0,2.42,2.25612878799,1.58318603892,inside_domain
Physical,1,3,PMJHHCWVYXUKFD-SNAWJCMRSA-N,"1,3-Pentadiene",298.15,0,0,2.32,5.27672624588,1.87012388355,inside_domain
Physical,1,3,RRHGJUQNOFWUDK-UHFFFAOYSA-N,"2-Methyl-1,3-butadiene (Isoprene)",298.15,0,0,2.1,4.82117033005,1.33056486908,inside_domain
Morgan+Physical,1,3,ALYCOCULEAWWJO-UHFFFAOYSA-N,triethylpentylammonium bis(trifluoromethylsulfonyl)imide,298.15,0,0,12.5,14.1722507477,6.67840629363,inside_domain
Morgan+Physical,1,3,BGTOWKSIORTVQH-UHFFFAOYSA-N,cyclopentanone,298.15,0,0,13.505,17.6375808716,20.9054049662,inside_domain
Morgan+Physical,1,3,BKIMMITUMNQMOS-UHFFFAOYSA-N,nonane,298.15,0,0,1.98,4.7707285881,1.10532080108,inside_domain
Morgan+Physical,1,3,BMRWNKZVCUKKSR-UHFFFAOYSA-N,"1,2-butanediol",298.2,2,2,22.143,24.3645401001,13.5953058324,outside_associated_liquid
Morgan+Physical,1,3,DKGAVHZHDRPRBM-UHFFFAOYSA-N,2-methylpropan-2-ol,298.15,1,1,12.49,13.6206245422,6.90436439321,outside_associated_liquid
Morgan+Physical,1,3,FXHOOIRPVKKKFG-UHFFFAOYSA-N,"N,N-dimethylethanamide",303.15,0,0,37.72,18.2416725159,35.5309250609,inside_domain
Morgan+Physical,1,3,IMNFDUFMRHMDMM-UHFFFAOYSA-N,heptane,298.15,0,0,1.93,4.38158416748,1.10583566295,inside_domain
Morgan+Physical,1,3,KBPLFHHGFOOTCA-UHFFFAOYSA-N,octan-1-ol,298.15,1,1,10.66,12.0113239288,4.22641786179,outside_associated_liquid
Morgan+Physical,1,3,MCTWTZJPVLRJOU-UHFFFAOYSA-N,1-methylimidazole,298,0,0,39.78,21.986700058,38.1478273189,inside_domain
Morgan+Physical,1,3,OKKJLVBELUTLKV-UHFFFAOYSA-N,methanol,298.15,1,1,33.6,25.4385757446,16.5823957018,outside_associated_liquid
Morgan+Physical,1,3,RYHBNJHYFVUHQT-UHFFFAOYSA-N,"1,4-dioxane",298.2,0,0,2.228,11.3535089493,1.10125989107,inside_domain
Morgan+Physical,1,3,UCCKRVYTJPMHRO-UHFFFAOYSA-N,"1-butyl-2,3-dimethyl-1H-imidazolium bis(trifluoromethylsulfonyl)amide",298.15,0,0,14,15.8362998962,11.4813553141,inside_domain
Morgan+Physical,1,3,VVLAIYIMMFWRFW-UHFFFAOYSA-N,2-hydroxyethylammonium acetate,298.15,3,3,58.3,37.0641479492,4.76933191054,outside_associated_liquid
Morgan+Physical,1,3,YEYKMVJDLWJFOA-UHFFFAOYSA-N,2-propoxyethanol,298.15,1,1,11.5,13.8304443359,11.5122504605,outside_associated_liquid
Morgan+Physical,1,3,IYXGSMUGOJNHAZ-UHFFFAOYSA-N,Diethyl malonate,298.15,0,0,8.03,13.3481025696,9.74006290335,inside_domain
Morgan+Physical,1,3,XNLICIUVMPYHGG-UHFFFAOYSA-N,2-Pentanone,293.15,0,0,15.45,11.5006637573,17.6741821348,inside_domain
Morgan+Physical,1,3,NTIZESTWPVYFNL-UHFFFAOYSA-N,4-Methyl-2-pentanone,293.15,0,0,13.11,12.1132364273,14.6513704727,inside_domain
Morgan+Physical,1,3,JFDZBHWFFUWGJE-UHFFFAOYSA-N,Benzonitrile,298.15,0,0,25.2,23.997341156,29.6694423151,inside_domain
Morgan+Physical,1,3,FERIUCNNQQJTOY-UHFFFAOYSA-N,Butyric acid,293.15,1,1,2.97,14.7332668304,7.21717286495,outside_associated_liquid
Morgan+Physical,1,3,LCGLNKUTAGEVQW-UHFFFAOYSA-N,Methyl ether,298.15,0,0,5.02,16.8196525574,8.12045219138,inside_domain
Morgan+Physical,1,3,FVSKHRXBFJPNKK-UHFFFAOYSA-N,Propionitrile,293.15,0,0,27.2,21.057592392,38.9694829474,inside_domain
Morgan+Physical,1,3,MSXVEPNJUHWQHW-UHFFFAOYSA-N,2-Methyl-2-butanol,298.15,1,1,5.82,10.4690828323,5.55405564062,outside_associated_liquid
Morgan+Physical,1,3,WVDDGKGOMKODPV-UHFFFAOYSA-N,Benzyl alcohol,293.15,1,1,13.1,13.9448833466,5.77594569883,outside_associated_liquid
Morgan+Physical,1,3,MQWCXKGKQLNYQG-UHFFFAOYSA-N,4-Methylcyclohexanol,293.15,1,1,13.3,9.65346813202,4.28546106184,outside_associated_liquid
Morgan+Physical,1,3,QGJOPFRUJISHPQ-UHFFFAOYSA-N,Carbon disulfide,293.15,0,0,2.641,19.2775707245,1.14604082971,inside_domain
Morgan+Physical,1,3,RGSFGYAAUTVSQA-UHFFFAOYSA-N,Cyclopentane,293.15,0,0,1.965,7.82321500778,1.10560773191,inside_domain
Morgan+Physical,1,3,QWTDNUCVQCZILF-UHFFFAOYSA-N,2-Methylbutane,293.15,0,0,1.843,4.71115970612,1.10396118598,inside_domain
Morgan+Physical,1,3,ZQDPJFUHLCOCRG-WAYWQWQTSA-N,cis-3-Hexene,298.15,0,0,2.062,4.46388816833,1.19258064684,inside_domain
Morgan+Physical,1,3,CYTYCFOTNPOANT-UHFFFAOYSA-N,Tetrachloroethylene,298.15,0,0,2.3,10.2044029236,1.12045182946,inside_domain
Morgan+Physical,1,3,GETTZEONDQJALK-UHFFFAOYSA-N,"alpha,alpha,alpha-Trifluorotoluene",303.15,0,0,9.18,9.33411979675,23.2671758909,inside_domain
Morgan+Physical,1,3,KFUSEUYYWQURPO-UPHRSURJSA-N,"cis-1,2-Dichloroethylene",298.15,0,0,9.2,17.5153923035,9.01512393578,inside_domain
Morgan+Physical,1,3,KFUSEUYYWQURPO-OWOJBTEDSA-N,"trans-1,2-Dichloroethylene",298.15,0,0,2.14,19.6340198517,1.11523574299,inside_domain
Morgan+Physical,1,3,QBELEDRHMPMKHP-UHFFFAOYSA-N,1-Bromo-2-chlorobenzene,293.15,0,0,6.8,8.84813690186,24.1815742763,inside_domain
Morgan+Physical,1,3,SFPQFQUXAJOWNF-UHFFFAOYSA-N,m-Diiodobenzene,298.15,0,0,4.25,5.90931892395,13.6499299113,inside_domain
Morgan+Physical,1,3,ROSDSFDQCJNGOL-UHFFFAOYSA-N,Dimethylamine,298.15,1,1,5.26,12.0039672852,4.58015414622,outside_associated_liquid
Morgan+Physical,1,3,YLQBMQCUIZJEEH-UHFFFAOYSA-N,Furan,298.15,0,0,2.95,12.1096868515,1.38878820797,inside_domain
Morgan+Physical,1,3,JUJWROOIHBZHMG-UHFFFAOYSA-N,Pyridine,298.15,0,0,12.3,15.1388549805,9.88027991812,inside_domain
Morgan+Physical,1,3,PYLWMHQQBFSUBP-UHFFFAOYSA-N,Fluorobenzene,298.15,0,0,5.42,7.37079238892,9.55831440066,inside_domain
Morgan+Physical,1,3,ZMANZCXQSJIPKH-UHFFFAOYSA-N,Triethylamine,298.15,0,0,2.42,5.17472648621,1.58318603892,inside_domain
Morgan+Physical,1,3,PMJHHCWVYXUKFD-SNAWJCMRSA-N,"1,3-Pentadiene",298.15,0,0,2.32,6.27617359161,1.87012388355,inside_domain
Morgan+Physical,1,3,RRHGJUQNOFWUDK-UHFFFAOYSA-N,"2-Methyl-1,3-butadiene (Isoprene)",298.15,0,0,2.1,6.60981845856,1.33056486908,inside_domain
Morgan,1,4,AMQJEAYHLZJPGS-UHFFFAOYSA-N,pentan-1-ol,298.15,1,1,15.736,13.9951381683,5.16365543529,outside_associated_liquid
Morgan,1,4,BTGRAWJCKBQKAO-UHFFFAOYSA-N,hexanedinitrile,298.15,0,0,32.12,31.6096954346,46.5421430104,inside_domain
Morgan,1,4,GSEJCLTVZPLZKY-UHFFFAOYSA-N,triethanolamine,303.15,3,3,28.11,33.0084991455,8.50333947546,outside_associated_liquid
Morgan,1,4,KFZMGEQAYNKOFK-UHFFFAOYSA-N,propan-2-ol,299.15,1,1,18.845,13.7398700714,10.0046688096,outside_associated_liquid
Morgan,1,4,KLTUZFZUYLXTFF-UHFFFAOYSA-N,1-(2-hydroxyethyl)-3-methylimidazolium tetrafluoroborate,298.15,1,1,23.3,23.7937335968,82.1073071673,outside_associated_liquid
Morgan,1,4,LLEVMYXEJUDBTA-UHFFFAOYSA-N,heptanedinitrile,298.15,0,0,29.71,31.6096954346,22.0308625381,inside_domain
Morgan,1,4,OHLUUHNLEMFGTQ-UHFFFAOYSA-N,N-methylacetamide,303.15,1,1,178.47,9.54973220825,5.9744908461,outside_associated_liquid
Morgan,1,4,UEEJHVSXFDXPFK-UHFFFAOYSA-N,"2-(N,N-dimethylamino)ethanol",303.15,1,1,17.18,29.5059280396,2.86613042866,outside_associated_liquid
Morgan,1,4,UODQEMVTULZGKO-UHFFFAOYSA-N,"1-pentyl-1-methylpyrrolidinium 1,1,1-trifluoro-N-[(trifluoromethyl)sulfonyl]methanesulfonamide",298.15,0,0,12.5,12.5706987381,24.4937811978,inside_domain
Morgan,1,4,UPCXAARSWVHVLY-UHFFFAOYSA-N,triethanolammonium acetate,298.15,4,4,31,52.2277641296,11.4536548979,outside_associated_liquid
Morgan,1,4,XTHFKEDIFFGKHM-UHFFFAOYSA-N,"1,2-dimethoxyethane",298.15,0,0,7.0695,6.21522331238,5.4993455063,inside_domain
Morgan,1,4,ZHNUHDYFZUAESO-UHFFFAOYSA-N,formamide,303.15,2,2,106.14,9.50683879852,1.63244107371,outside_associated_liquid
Morgan,1,4,ZPTRYWVRCNOTAS-UHFFFAOYSA-M,1-ethyl-3-methylimidazolium trifluoromethanesulfonate,298.15,0,0,16.5,24.3999557495,17.4010984828,inside_domain
Morgan,1,4,ZUHZGEOKBKGPSW-UHFFFAOYSA-N,"2,5,8,11,14-pentaoxapentadecane",298.15,0,0,7.798,6.51615953445,10.2230813729,inside_domain
Morgan,1,4,ZXEKIIBDNHEJCQ-UHFFFAOYSA-N,2-methyl-1-propanol,298.15,1,1,17.96,17.084651947,5.2814866108,outside_associated_liquid
Morgan,1,4,HXDLWJWIAHWIKI-UHFFFAOYSA-N,beta-Hydroxyethyl acetate (Glycol monoacetate),303.15,1,1,13,40.9971733093,9.74097362491,outside_associated_liquid
Morgan,1,4,DKPFZGUDAPQIHT-UHFFFAOYSA-N,Butyl acetate,293.15,0,0,5.01,7.09864282608,10.0231968887,inside_domain
Morgan,1,4,NVJBFARDFTXOTO-UHFFFAOYSA-N,Ethyl sulfite,293.15,0,0,15.9,22.0639362335,15.9704051889,inside_domain
Morgan,1,4,SPEUIVXLLWOEMJ-UHFFFAOYSA-N,"1,1-Dimethoxyethane",293.15,0,0,3.49,6.41044521332,8.95630913771,inside_domain
Morgan,1,4,NQPDZGIKBAWPEJ-UHFFFAOYSA-N,Valeric acid,293.15,1,1,2.66,9.90778636932,5.73031614295,outside_associated_liquid
Morgan,1,4,DHKHKXVYLBGOIT-UHFFFAOYSA-N,"1,1-Diethoxyethane",298.15,0,0,3.8,7.38124799728,6.97488629158,inside_domain
Morgan,1,4,QJPJQTDYNZXKQF-UHFFFAOYSA-N,p-Bromoanisole,303.15,0,0,7.06,5.48915910721,27.3339480411,inside_domain
Morgan,1,4,ZAFNJMIOTHYJRJ-UHFFFAOYSA-N,Isopropyl ether,298.15,0,0,3.88,6.40321207047,2.80531678598,inside_domain
Morgan,1,4,LFSAPCRASZRSKS-UHFFFAOYSA-N,2-Methylcyclohexanone,293.15,0,0,14,16.9015445709,15.7212749253,inside_domain
Morgan,1,4,UJBOOUHRTQVGRU-UHFFFAOYSA-N,3-Methylcyclohexanone,293.15,0,0,12.4,19.6815681458,17.8915575672,inside_domain
Morgan,1,4,NDVWOBYBJYUSMF-UHFFFAOYSA-N,2-Methylcyclohexanol,293.15,1,1,13.3,8.80055713654,5.23202446322,outside_associated_liquid
Morgan,1,4,HTSABYAWKQAHBT-UHFFFAOYSA-N,3-Methylcyclohexanol,293.15,1,1,12.3,9.17926025391,4.10543593176,outside_associated_liquid
Morgan,1,4,LCZUOKDVTBMCMX-UHFFFAOYSA-N,"2,5-Dimethylpyrazine",293.15,0,0,2.436,7.92891836166,1.11662360242,inside_domain
Morgan,1,4,UHOVQNZJYSORNB-UHFFFAOYSA-N,Benzene,293.15,0,0,2.284,7.2186999321,1.12590545146,inside_domain
Morgan,1,4,HGCIXCUEYOPUTN-UHFFFAOYSA-N,Cyclohexene,298.15,0,0,2.22,8.39339351654,1.24380093714,inside_domain
Morgan,1,4,GDOPTJXRTPNYNR-UHFFFAOYSA-N,Methylcyclopentane,293.15,0,0,1.985,8.06904506683,1.11100262715,inside_domain
Morgan,1,4,ZQDPJFUHLCOCRG-AATRIKPKSA-N,trans-3-Hexene,298.15,0,0,2,5.10784292221,1.10808604929,inside_domain
Morgan,1,4,UQEAIHBTYFGYIE-UHFFFAOYSA-N,Hexamethyldisiloxane,293.15,0,0,2.17,6.89822769165,1.21737241547,inside_domain
Morgan,1,4,PIICEJLVQHRZGT-UHFFFAOYSA-N,"1,2-Ethanediamine",293.15,2,2,14.2,9.39312171936,1.53256228944,outside_associated_liquid
Morgan,1,4,GETQZCLCWQTVFV-UHFFFAOYSA-N,Trimethylamine,298.15,0,0,2.44,20.0781517029,2.6946634545,inside_domain
Morgan,1,4,WQAQPCDUOCURKW-UHFFFAOYSA-N,1-Butanethiol,298.15,1,1,4.95,4.71737957001,12.2942625019,outside_associated_liquid
Morgan,1,4,LJSQFQKUNVCTIA-UHFFFAOYSA-N,Ethyl sulfide,298.15,0,0,5.72,5.10784292221,10.37513043,inside_domain
Morgan,1,4,HLLCNVLEVVFTJB-UHFFFAOYSA-N,2-Fluoro-2-methylbutane,293.15,0,0,5.89,5.34163808823,9.61421135256,inside_domain
Morgan,1,4,BTQZKHUEUDPRST-UHFFFAOYSA-N,m-Fluorotoluene,303.15,0,0,5.42,6.71755456924,10.8674299419,inside_domain
Morgan,1,4,QQONPFPTGQHPMA-UHFFFAOYSA-N,Propene,293.15,0,0,1.875,7.48521852493,1.56210378661,inside_domain
Morgan,1,4,RCJMVGJKROQDCB-UHFFFAOYSA-N,"2-Methyl-1,3-pentadiene",298.15,0,0,2.42,7.59779930115,2.15098593997,inside_domain
Physical,1,4,AMQJEAYHLZJPGS-UHFFFAOYSA-N,pentan-1-ol,298.15,1,1,15.736,12.4307870865,5.16365543529,outside_associated_liquid
Physical,1,4,BTGRAWJCKBQKAO-UHFFFAOYSA-N,hexanedinitrile,298.15,0,0,32.12,33.4519195557,46.5421430104,inside_domain
Physical,1,4,GSEJCLTVZPLZKY-UHFFFAOYSA-N,triethanolamine,303.15,3,3,28.11,26.7702636719,8.50333947546,outside_associated_liquid
Physical,1,4,KFZMGEQAYNKOFK-UHFFFAOYSA-N,propan-2-ol,299.15,1,1,18.845,17.3315143585,10.0046688096,outside_associated_liquid
Physical,1,4,KLTUZFZUYLXTFF-UHFFFAOYSA-N,1-(2-hydroxyethyl)-3-methylimidazolium tetrafluoroborate,298.15,1,1,23.3,28.1345996857,82.1073071673,outside_associated_liquid
Physical,1,4,LLEVMYXEJUDBTA-UHFFFAOYSA-N,heptanedinitrile,298.15,0,0,29.71,16.7866420746,22.0308625381,inside_domain
Physical,1,4,OHLUUHNLEMFGTQ-UHFFFAOYSA-N,N-methylacetamide,303.15,1,1,178.47,10.0907926559,5.9744908461,outside_associated_liquid
Physical,1,4,UEEJHVSXFDXPFK-UHFFFAOYSA-N,"2-(N,N-dimethylamino)ethanol",303.15,1,1,17.18,8.51385879517,2.86613042866,outside_associated_liquid
Physical,1,4,UODQEMVTULZGKO-UHFFFAOYSA-N,"1-pentyl-1-methylpyrrolidinium 1,1,1-trifluoro-N-[(trifluoromethyl)sulfonyl]methanesulfonamide",298.15,0,0,12.5,13.4798765182,24.4937811978,inside_domain
Physical,1,4,UPCXAARSWVHVLY-UHFFFAOYSA-N,triethanolammonium acetate,298.15,4,4,31,43.3972206116,11.4536548979,outside_associated_liquid
Physical,1,4,XTHFKEDIFFGKHM-UHFFFAOYSA-N,"1,2-dimethoxyethane",298.15,0,0,7.0695,10.3520870209,5.4993455063,inside_domain
Physical,1,4,ZHNUHDYFZUAESO-UHFFFAOYSA-N,formamide,303.15,2,2,106.14,23.9278945923,1.63244107371,outside_associated_liquid
Physical,1,4,ZPTRYWVRCNOTAS-UHFFFAOYSA-M,1-ethyl-3-methylimidazolium trifluoromethanesulfonate,298.15,0,0,16.5,17.9478034973,17.4010984828,inside_domain
Physical,1,4,ZUHZGEOKBKGPSW-UHFFFAOYSA-N,"2,5,8,11,14-pentaoxapentadecane",298.15,0,0,7.798,9.55637836456,10.2230813729,inside_domain
Physical,1,4,ZXEKIIBDNHEJCQ-UHFFFAOYSA-N,2-methyl-1-propanol,298.15,1,1,17.96,12.7446231842,5.2814866108,outside_associated_liquid
Physical,1,4,HXDLWJWIAHWIKI-UHFFFAOYSA-N,beta-Hydroxyethyl acetate (Glycol monoacetate),303.15,1,1,13,14.5614585876,9.74097362491,outside_associated_liquid
Physical,1,4,DKPFZGUDAPQIHT-UHFFFAOYSA-N,Butyl acetate,293.15,0,0,5.01,8.74135112762,10.0231968887,inside_domain
Physical,1,4,NVJBFARDFTXOTO-UHFFFAOYSA-N,Ethyl sulfite,293.15,0,0,15.9,10.0854148865,15.9704051889,inside_domain
Physical,1,4,SPEUIVXLLWOEMJ-UHFFFAOYSA-N,"1,1-Dimethoxyethane",293.15,0,0,3.49,10.9418916702,8.95630913771,inside_domain
Physical,1,4,NQPDZGIKBAWPEJ-UHFFFAOYSA-N,Valeric acid,293.15,1,1,2.66,8.08203315735,5.73031614295,outside_associated_liquid
Physical,1,4,DHKHKXVYLBGOIT-UHFFFAOYSA-N,"1,1-Diethoxyethane",298.15,0,0,3.8,10.6699619293,6.97488629158,inside_domain
Physical,1,4,QJPJQTDYNZXKQF-UHFFFAOYSA-N,p-Bromoanisole,303.15,0,0,7.06,12.4947013855,27.3339480411,inside_domain
Physical,1,4,ZAFNJMIOTHYJRJ-UHFFFAOYSA-N,Isopropyl ether,298.15,0,0,3.88,3.56226372719,2.80531678598,inside_domain
Physical,1,4,LFSAPCRASZRSKS-UHFFFAOYSA-N,2-Methylcyclohexanone,293.15,0,0,14,11.414059639,15.7212749253,inside_domain
Physical,1,4,UJBOOUHRTQVGRU-UHFFFAOYSA-N,3-Methylcyclohexanone,293.15,0,0,12.4,13.3589324951,17.8915575672,inside_domain
Physical,1,4,NDVWOBYBJYUSMF-UHFFFAOYSA-N,2-Methylcyclohexanol,293.15,1,1,13.3,11.5300149918,5.23202446322,outside_associated_liquid
Physical,1,4,HTSABYAWKQAHBT-UHFFFAOYSA-N,3-Methylcyclohexanol,293.15,1,1,12.3,11.332862854,4.10543593176,outside_associated_liquid
Physical,1,4,LCZUOKDVTBMCMX-UHFFFAOYSA-N,"2,5-Dimethylpyrazine",293.15,0,0,2.436,7.6537103653,1.11662360242,inside_domain
Physical,1,4,UHOVQNZJYSORNB-UHFFFAOYSA-N,Benzene,293.15,0,0,2.284,2.24429249763,1.12590545146,inside_domain
Physical,1,4,HGCIXCUEYOPUTN-UHFFFAOYSA-N,Cyclohexene,298.15,0,0,2.22,2.05873394012,1.24380093714,inside_domain
Physical,1,4,GDOPTJXRTPNYNR-UHFFFAOYSA-N,Methylcyclopentane,293.15,0,0,1.985,2.36792612076,1.11100262715,inside_domain
Physical,1,4,ZQDPJFUHLCOCRG-AATRIKPKSA-N,trans-3-Hexene,298.15,0,0,2,2.05873394012,1.10808604929,inside_domain
Physical,1,4,UQEAIHBTYFGYIE-UHFFFAOYSA-N,Hexamethyldisiloxane,293.15,0,0,2.17,1.6499478817,1.21737241547,inside_domain
Physical,1,4,PIICEJLVQHRZGT-UHFFFAOYSA-N,"1,2-Ethanediamine",293.15,2,2,14.2,23.154094696,1.53256228944,outside_associated_liquid
Physical,1,4,GETQZCLCWQTVFV-UHFFFAOYSA-N,Trimethylamine,298.15,0,0,2.44,2.58741545677,2.6946634545,inside_domain
Physical,1,4,WQAQPCDUOCURKW-UHFFFAOYSA-N,1-Butanethiol,298.15,1,1,4.95,6.23070669174,12.2942625019,outside_associated_liquid
Physical,1,4,LJSQFQKUNVCTIA-UHFFFAOYSA-N,Ethyl sulfide,298.15,0,0,5.72,5.80720806122,10.37513043,inside_domain
Physical,1,4,HLLCNVLEVVFTJB-UHFFFAOYSA-N,2-Fluoro-2-methylbutane,293.15,0,0,5.89,7.00449800491,9.61421135256,inside_domain
Physical,1,4,BTQZKHUEUDPRST-UHFFFAOYSA-N,m-Fluorotoluene,303.15,0,0,5.42,5.75390005112,10.8674299419,inside_domain
Physical,1,4,QQONPFPTGQHPMA-UHFFFAOYSA-N,Propene,293.15,0,0,1.875,1.55016577244,1.56210378661,inside_domain
Physical,1,4,RCJMVGJKROQDCB-UHFFFAOYSA-N,"2-Methyl-1,3-pentadiene",298.15,0,0,2.42,3.0645506382,2.15098593997,inside_domain
Morgan+Physical,1,4,AMQJEAYHLZJPGS-UHFFFAOYSA-N,pentan-1-ol,298.15,1,1,15.736,13.2129631042,5.16365543529,outside_associated_liquid
Morgan+Physical,1,4,BTGRAWJCKBQKAO-UHFFFAOYSA-N,hexanedinitrile,298.15,0,0,32.12,32.5308074951,46.5421430104,inside_domain
Morgan+Physical,1,4,GSEJCLTVZPLZKY-UHFFFAOYSA-N,triethanolamine,303.15,3,3,28.11,29.8893814087,8.50333947546,outside_associated_liquid
Morgan+Physical,1,4,KFZMGEQAYNKOFK-UHFFFAOYSA-N,propan-2-ol,299.15,1,1,18.845,15.535692215,10.0046688096,outside_associated_liquid
Morgan+Physical,1,4,KLTUZFZUYLXTFF-UHFFFAOYSA-N,1-(2-hydroxyethyl)-3-methylimidazolium tetrafluoroborate,298.15,1,1,23.3,25.9641666412,82.1073071673,outside_associated_liquid
Morgan+Physical,1,4,LLEVMYXEJUDBTA-UHFFFAOYSA-N,heptanedinitrile,298.15,0,0,29.71,24.1981697083,22.0308625381,inside_domain
Morgan+Physical,1,4,OHLUUHNLEMFGTQ-UHFFFAOYSA-N,N-methylacetamide,303.15,1,1,178.47,9.82026290894,5.9744908461,outside_associated_liquid
Morgan+Physical,1,4,UEEJHVSXFDXPFK-UHFFFAOYSA-N,"2-(N,N-dimethylamino)ethanol",303.15,1,1,17.18,19.0098934174,2.86613042866,outside_associated_liquid
Morgan+Physical,1,4,UODQEMVTULZGKO-UHFFFAOYSA-N,"1-pentyl-1-methylpyrrolidinium 1,1,1-trifluoro-N-[(trifluoromethyl)sulfonyl]methanesulfonamide",298.15,0,0,12.5,13.0252876282,24.4937811978,inside_domain
Morgan+Physical,1,4,UPCXAARSWVHVLY-UHFFFAOYSA-N,triethanolammonium acetate,298.15,4,4,31,47.8124923706,11.4536548979,outside_associated_liquid
Morgan+Physical,1,4,XTHFKEDIFFGKHM-UHFFFAOYSA-N,"1,2-dimethoxyethane",298.15,0,0,7.0695,8.28365516663,5.4993455063,inside_domain
Morgan+Physical,1,4,ZHNUHDYFZUAESO-UHFFFAOYSA-N,formamide,303.15,2,2,106.14,16.7173671722,1.63244107371,outside_associated_liquid
Morgan+Physical,1,4,ZPTRYWVRCNOTAS-UHFFFAOYSA-M,1-ethyl-3-methylimidazolium trifluoromethanesulfonate,298.15,0,0,16.5,21.1738796234,17.4010984828,inside_domain
Morgan+Physical,1,4,ZUHZGEOKBKGPSW-UHFFFAOYSA-N,"2,5,8,11,14-pentaoxapentadecane",298.15,0,0,7.798,8.03626918793,10.2230813729,inside_domain
Morgan+Physical,1,4,ZXEKIIBDNHEJCQ-UHFFFAOYSA-N,2-methyl-1-propanol,298.15,1,1,17.96,14.9146375656,5.2814866108,outside_associated_liquid
Morgan+Physical,1,4,HXDLWJWIAHWIKI-UHFFFAOYSA-N,beta-Hydroxyethyl acetate (Glycol monoacetate),303.15,1,1,13,27.7793159485,9.74097362491,outside_associated_liquid
Morgan+Physical,1,4,DKPFZGUDAPQIHT-UHFFFAOYSA-N,Butyl acetate,293.15,0,0,5.01,7.91999721527,10.0231968887,inside_domain
Morgan+Physical,1,4,NVJBFARDFTXOTO-UHFFFAOYSA-N,Ethyl sulfite,293.15,0,0,15.9,16.0746765137,15.9704051889,inside_domain
Morgan+Physical,1,4,SPEUIVXLLWOEMJ-UHFFFAOYSA-N,"1,1-Dimethoxyethane",293.15,0,0,3.49,8.67616844177,8.95630913771,inside_domain
Morgan+Physical,1,4,NQPDZGIKBAWPEJ-UHFFFAOYSA-N,Valeric acid,293.15,1,1,2.66,8.9949092865,5.73031614295,outside_associated_liquid
Morgan+Physical,1,4,DHKHKXVYLBGOIT-UHFFFAOYSA-N,"1,1-Diethoxyethane",298.15,0,0,3.8,9.02560520172,6.97488629158,inside_domain
Morgan+Physical,1,4,QJPJQTDYNZXKQF-UHFFFAOYSA-N,p-Bromoanisole,303.15,0,0,7.06,8.99193000793,27.3339480411,inside_domain
Morgan+Physical,1,4,ZAFNJMIOTHYJRJ-UHFFFAOYSA-N,Isopropyl ether,298.15,0,0,3.88,4.98273801804,2.80531678598,inside_domain
Morgan+Physical,1,4,LFSAPCRASZRSKS-UHFFFAOYSA-N,2-Methylcyclohexanone,293.15,0,0,14,14.1578025818,15.7212749253,inside_domain
Morgan+Physical,1,4,UJBOOUHRTQVGRU-UHFFFAOYSA-N,3-Methylcyclohexanone,293.15,0,0,12.4,16.5202503204,17.8915575672,inside_domain
Morgan+Physical,1,4,NDVWOBYBJYUSMF-UHFFFAOYSA-N,2-Methylcyclohexanol,293.15,1,1,13.3,10.1652860641,5.23202446322,outside_associated_liquid
Morgan+Physical,1,4,HTSABYAWKQAHBT-UHFFFAOYSA-N,3-Methylcyclohexanol,293.15,1,1,12.3,10.256061554,4.10543593176,outside_associated_liquid
Morgan+Physical,1,4,LCZUOKDVTBMCMX-UHFFFAOYSA-N,"2,5-Dimethylpyrazine",293.15,0,0,2.436,7.79131412506,1.11662360242,inside_domain
Morgan+Physical,1,4,UHOVQNZJYSORNB-UHFFFAOYSA-N,Benzene,293.15,0,0,2.284,4.73149633408,1.12590545146,inside_domain
Morgan+Physical,1,4,HGCIXCUEYOPUTN-UHFFFAOYSA-N,Cyclohexene,298.15,0,0,2.22,5.22606372833,1.24380093714,inside_domain
Morgan+Physical,1,4,GDOPTJXRTPNYNR-UHFFFAOYSA-N,Methylcyclopentane,293.15,0,0,1.985,5.21848583221,1.11100262715,inside_domain
Morgan+Physical,1,4,ZQDPJFUHLCOCRG-AATRIKPKSA-N,trans-3-Hexene,298.15,0,0,2,3.58328843117,1.10808604929,inside_domain
Morgan+Physical,1,4,UQEAIHBTYFGYIE-UHFFFAOYSA-N,Hexamethyldisiloxane,293.15,0,0,2.17,4.27408790588,1.21737241547,inside_domain
Morgan+Physical,1,4,PIICEJLVQHRZGT-UHFFFAOYSA-N,"1,2-Ethanediamine",293.15,2,2,14.2,16.2736091614,1.53256228944,outside_associated_liquid
Morgan+Physical,1,4,GETQZCLCWQTVFV-UHFFFAOYSA-N,Trimethylamine,298.15,0,0,2.44,11.332783699,2.6946634545,inside_domain
Morgan+Physical,1,4,WQAQPCDUOCURKW-UHFFFAOYSA-N,1-Butanethiol,298.15,1,1,4.95,5.47404289246,12.2942625019,outside_associated_liquid
Morgan+Physical,1,4,LJSQFQKUNVCTIA-UHFFFAOYSA-N,Ethyl sulfide,298.15,0,0,5.72,5.4575252533,10.37513043,inside_domain
Morgan+Physical,1,4,HLLCNVLEVVFTJB-UHFFFAOYSA-N,2-Fluoro-2-methylbutane,293.15,0,0,5.89,6.17306804657,9.61421135256,inside_domain
Morgan+Physical,1,4,BTQZKHUEUDPRST-UHFFFAOYSA-N,m-Fluorotoluene,303.15,0,0,5.42,6.23572731018,10.8674299419,inside_domain
Morgan+Physical,1,4,QQONPFPTGQHPMA-UHFFFAOYSA-N,Propene,293.15,0,0,1.875,4.51769208908,1.56210378661,inside_domain
Morgan+Physical,1,4,RCJMVGJKROQDCB-UHFFFAOYSA-N,"2-Methyl-1,3-pentadiene",298.15,0,0,2.42,5.33117485046,2.15098593997,inside_domain
Morgan,2,0,AMQJEAYHLZJPGS-UHFFFAOYSA-N,pentan-1-ol,298.15,1,1,15.736,14.112080574,5.16365543529,outside_associated_liquid
Morgan,2,0,BDERNNFJNOPAEC-UHFFFAOYSA-N,propan-1-ol,298.15,1,1,21.3,14.112080574,10.28867817,outside_associated_liquid
Morgan,2,0,CQEYYJKEWSMYFG-UHFFFAOYSA-N,butyl 2-propenoate,298.15,0,0,5.31,7.07179546356,8.81943541722,inside_domain
Morgan,2,0,FRZPYEHDSAQGAS-UHFFFAOYSA-M,1-butyl-3-methylimidazolium trifluoromethanesulfonate,298.15,0,0,12.9,23.5509567261,53.1539772418,inside_domain
Morgan,2,0,HXJUTPCZVOIRIF-UHFFFAOYSA-N,sulfolane,298.15,0,0,44,15.4501934052,54.0253899274,inside_domain
Morgan,2,0,IIRFCWANHMSDCG-UHFFFAOYSA-N,cyclooctanone,300.65,0,0,14.38,15.4501934052,13.5668987419,inside_domain
Morgan,2,0,LBHLGZNUPKUZJC-UHFFFAOYSA-N,1-butyl-1-methylpyrrolidinium dicyanamide,298.15,0,0,18,25.7617034912,116.153845674,inside_domain
Morgan,2,0,LFQSCWFLJHTTHZ-UHFFFAOYSA-N,ethanol,298.15,1,1,25.02,14.3620319366,9.55039595517,outside_associated_liquid
Morgan,2,0,MWKFXSUHUHTGQN-UHFFFAOYSA-N,decan-1-ol,298.15,1,1,7.74,14.112080574,3.3156322585,outside_associated_liquid
Morgan,2,0,NEQXUPRFDXNNTA-UHFFFAOYSA-N,2-hydroxyethylammonium lactate,298.15,4,4,85.6,48.8575515747,5.97933023131,outside_associated_liquid
Morgan,2,0,OKKJLVBELUTLKV-UHFFFAOYSA-N,methanol,298.15,1,1,33.6,9.46875572205,16.5823957018,outside_associated_liquid
Morgan,2,0,PEDCQBHIVMGVHV-UHFFFAOYSA-N,glycerol,303.15,3,3,41.17,33.5679969788,13.4501001088,outside_associated_liquid
Morgan,2,0,RYHBNJHYFVUHQT-UHFFFAOYSA-N,"1,4-dioxane",298.2,0,0,2.228,9.78397750854,1.10125989107,inside_domain
Morgan,2,0,WZLFPVPRZGTCKP-UHFFFAOYSA-N,"1,1,1,3,3-pentafluorobutane",298.115,0,0,11.8861,8.98007965088,6.83236100939,inside_domain
Morgan,2,0,XDJYSDBSJWNTQT-UHFFFAOYSA-N,"1-ethyl-2,3-dimethylimidazolium bis[(trifluoromethyl)sulfonyl]imide",298.15,0,0,12.8,13.7339677811,44.2192801694,inside_domain
Morgan,2,0,YEJRWHAVMIAJKC-UHFFFAOYSA-N,.gamma.-butyrolactone,295.65,0,0,41.99,17.0371570587,50.6116986269,inside_domain
Morgan,2,0,ZIBGPFATKBEMQZ-UHFFFAOYSA-N,triethylene glycol,298.15,2,2,23.07,24.7256507874,12.1409402443,outside_associated_liquid
Morgan,2,0,HXDLWJWIAHWIKI-UHFFFAOYSA-N,beta-Hydroxyethyl acetate (Glycol monoacetate),303.15,1,1,13,36.3747673035,9.74097362491,outside_associated_liquid
Morgan,2,0,DKPFZGUDAPQIHT-UHFFFAOYSA-N,Butyl acetate,293.15,0,0,5.01,11.633813858,10.0231968887,inside_domain
Morgan,2,0,XNLICIUVMPYHGG-UHFFFAOYSA-N,2-Pentanone,293.15,0,0,15.45,10.1011266708,17.6741821348,inside_domain
Morgan,2,0,FDPIMTJIUBPUKL-UHFFFAOYSA-N,3-Pentanone,293.15,0,0,17,10.1011266708,20.6156153797,inside_domain
Morgan,2,0,NTIZESTWPVYFNL-UHFFFAOYSA-N,4-Methyl-2-pentanone,293.15,0,0,13.11,15.1349716187,14.6513704727,inside_domain
Morgan,2,0,JFDZBHWFFUWGJE-UHFFFAOYSA-N,Benzonitrile,298.15,0,0,25.2,28.5227355957,29.6694423151,inside_domain
Morgan,2,0,NVJBFARDFTXOTO-UHFFFAOYSA-N,Ethyl sulfite,293.15,0,0,15.9,18.4294586182,15.9704051889,inside_domain
Morgan,2,0,LCGLNKUTAGEVQW-UHFFFAOYSA-N,Methyl ether,298.15,0,0,5.02,7.63863897324,8.12045219138,inside_domain
Morgan,2,0,XCIXKGXIYUWCLL-UHFFFAOYSA-N,Cyclopentanol,293.15,1,1,18,11.0373687744,6.20107699779,outside_associated_liquid
Morgan,2,0,RLSSMJSEOOYNOY-UHFFFAOYSA-N,m-Cresol,298.15,1,1,11.8,7.78812456131,6.72405719621,outside_associated_liquid
Morgan,2,0,MQWCXKGKQLNYQG-UHFFFAOYSA-N,4-Methylcyclohexanol,293.15,1,1,13.3,9.46875572205,4.28546106184,outside_associated_liquid
Morgan,2,0,QGJOPFRUJISHPQ-UHFFFAOYSA-N,Carbon disulfide,293.15,0,0,2.641,11.8634614944,1.14604082971,inside_domain
Morgan,2,0,LCZUOKDVTBMCMX-UHFFFAOYSA-N,"2,5-Dimethylpyrazine",293.15,0,0,2.436,10.2177200317,1.11662360242,inside_domain
Morgan,2,0,MVPPADPHJFYWMZ-UHFFFAOYSA-N,Chlorobenzene,298.15,0,0,5.621,7.09205341339,6.2681341664,inside_domain
Morgan,2,0,ZQDPJFUHLCOCRG-WAYWQWQTSA-N,cis-3-Hexene,298.15,0,0,2.062,5.43342828751,1.19258064684,inside_domain
Morgan,2,0,ZQDPJFUHLCOCRG-AATRIKPKSA-N,trans-3-Hexene,298.15,0,0,2,5.43342828751,1.10808604929,inside_domain
Morgan,2,0,UQEAIHBTYFGYIE-UHFFFAOYSA-N,Hexamethyldisiloxane,293.15,0,0,2.17,8.87627696991,1.21737241547,inside_domain
Morgan,2,0,KFUSEUYYWQURPO-UPHRSURJSA-N,"cis-1,2-Dichloroethylene",298.15,0,0,9.2,8.17806243896,9.01512393578,inside_domain
Morgan,2,0,QBELEDRHMPMKHP-UHFFFAOYSA-N,1-Bromo-2-chlorobenzene,293.15,0,0,6.8,7.09205341339,24.1815742763,inside_domain
Morgan,2,0,SFPQFQUXAJOWNF-UHFFFAOYSA-N,m-Diiodobenzene,298.15,0,0,4.25,7.49085140228,13.6499299113,inside_domain
Morgan,2,0,ROSDSFDQCJNGOL-UHFFFAOYSA-N,Dimethylamine,298.15,1,1,5.26,8.98007965088,4.58015414622,outside_associated_liquid
Morgan,2,0,GETQZCLCWQTVFV-UHFFFAOYSA-N,Trimethylamine,298.15,0,0,2.44,18.4693088531,2.6946634545,inside_domain
Morgan,2,0,PYLWMHQQBFSUBP-UHFFFAOYSA-N,Fluorobenzene,298.15,0,0,5.42,7.49085140228,9.55831440066,inside_domain
Morgan,2,0,WRWPPGUCZBJXKX-UHFFFAOYSA-N,p-Fluorotoluene,303.15,0,0,5.86,7.29944753647,12.7592051561,inside_domain
Physical,2,0,AMQJEAYHLZJPGS-UHFFFAOYSA-N,pentan-1-ol,298.15,1,1,15.736,10.4153709412,5.16365543529,outside_associated_liquid
Physical,2,0,BDERNNFJNOPAEC-UHFFFAOYSA-N,propan-1-ol,298.15,1,1,21.3,17.4293041229,10.28867817,outside_associated_liquid
Physical,2,0,CQEYYJKEWSMYFG-UHFFFAOYSA-N,butyl 2-propenoate,298.15,0,0,5.31,7.88935947418,8.81943541722,inside_domain
Physical,2,0,FRZPYEHDSAQGAS-UHFFFAOYSA-M,1-butyl-3-methylimidazolium trifluoromethanesulfonate,298.15,0,0,12.9,22.7141857147,53.1539772418,inside_domain
Physical,2,0,HXJUTPCZVOIRIF-UHFFFAOYSA-N,sulfolane,298.15,0,0,44,20.4849071503,54.0253899274,inside_domain
Physical,2,0,IIRFCWANHMSDCG-UHFFFAOYSA-N,cyclooctanone,300.65,0,0,14.38,8.86630344391,13.5668987419,inside_domain
Physical,2,0,LBHLGZNUPKUZJC-UHFFFAOYSA-N,1-butyl-1-methylpyrrolidinium dicyanamide,298.15,0,0,18,25.5994586945,116.153845674,inside_domain
Physical,2,0,LFQSCWFLJHTTHZ-UHFFFAOYSA-N,ethanol,298.15,1,1,25.02,16.9155769348,9.55039595517,outside_associated_liquid
Physical,2,0,MWKFXSUHUHTGQN-UHFFFAOYSA-N,decan-1-ol,298.15,1,1,7.74,9.67432689667,3.3156322585,outside_associated_liquid
Physical,2,0,NEQXUPRFDXNNTA-UHFFFAOYSA-N,2-hydroxyethylammonium lactate,298.15,4,4,85.6,41.6996994019,5.97933023131,outside_associated_liquid
Physical,2,0,OKKJLVBELUTLKV-UHFFFAOYSA-N,methanol,298.15,1,1,33.6,39.6460838318,16.5823957018,outside_associated_liquid
Physical,2,0,PEDCQBHIVMGVHV-UHFFFAOYSA-N,glycerol,303.15,3,3,41.17,27.1469955444,13.4501001088,outside_associated_liquid
Physical,2,0,RYHBNJHYFVUHQT-UHFFFAOYSA-N,"1,4-dioxane",298.2,0,0,2.228,6.2254524231,1.10125989107,inside_domain
Physical,2,0,WZLFPVPRZGTCKP-UHFFFAOYSA-N,"1,1,1,3,3-pentafluorobutane",298.115,0,0,11.8861,4.49683618546,6.83236100939,inside_domain
Physical,2,0,XDJYSDBSJWNTQT-UHFFFAOYSA-N,"1-ethyl-2,3-dimethylimidazolium bis[(trifluoromethyl)sulfonyl]imide",298.15,0,0,12.8,23.5978088379,44.2192801694,inside_domain
Physical,2,0,YEJRWHAVMIAJKC-UHFFFAOYSA-N,.gamma.-butyrolactone,295.65,0,0,41.99,22.8706188202,50.6116986269,inside_domain
Physical,2,0,ZIBGPFATKBEMQZ-UHFFFAOYSA-N,triethylene glycol,298.15,2,2,23.07,21.2533359528,12.1409402443,outside_associated_liquid
Physical,2,0,HXDLWJWIAHWIKI-UHFFFAOYSA-N,beta-Hydroxyethyl acetate (Glycol monoacetate),303.15,1,1,13,20.1171913147,9.74097362491,outside_associated_liquid
Physical,2,0,DKPFZGUDAPQIHT-UHFFFAOYSA-N,Butyl acetate,293.15,0,0,5.01,7.1309261322,10.0231968887,inside_domain
Physical,2,0,XNLICIUVMPYHGG-UHFFFAOYSA-N,2-Pentanone,293.15,0,0,15.45,10.7730140686,17.6741821348,inside_domain
Physical,2,0,FDPIMTJIUBPUKL-UHFFFAOYSA-N,3-Pentanone,293.15,0,0,17,10.9793195724,20.6156153797,inside_domain
Physical,2,0,NTIZESTWPVYFNL-UHFFFAOYSA-N,4-Methyl-2-pentanone,293.15,0,0,13.11,9.83350944519,14.6513704727,inside_domain
Physical,2,0,JFDZBHWFFUWGJE-UHFFFAOYSA-N,Benzonitrile,298.15,0,0,25.2,21.1991767883,29.6694423151,inside_domain
Physical,2,0,NVJBFARDFTXOTO-UHFFFAOYSA-N,Ethyl sulfite,293.15,0,0,15.9,12.1527023315,15.9704051889,inside_domain
Physical,2,0,LCGLNKUTAGEVQW-UHFFFAOYSA-N,Methyl ether,298.15,0,0,5.02,11.3065223694,8.12045219138,inside_domain
Physical,2,0,XCIXKGXIYUWCLL-UHFFFAOYSA-N,Cyclopentanol,293.15,1,1,18,14.5636854172,6.20107699779,outside_associated_liquid
Physical,2,0,RLSSMJSEOOYNOY-UHFFFAOYSA-N,m-Cresol,298.15,1,1,11.8,12.4291696548,6.72405719621,outside_associated_liquid
Physical,2,0,MQWCXKGKQLNYQG-UHFFFAOYSA-N,4-Methylcyclohexanol,293.15,1,1,13.3,10.0175704956,4.28546106184,outside_associated_liquid
Physical,2,0,QGJOPFRUJISHPQ-UHFFFAOYSA-N,Carbon disulfide,293.15,0,0,2.641,6.95063638687,1.14604082971,inside_domain
Physical,2,0,LCZUOKDVTBMCMX-UHFFFAOYSA-N,"2,5-Dimethylpyrazine",293.15,0,0,2.436,7.30018091202,1.11662360242,inside_domain
Physical,2,0,MVPPADPHJFYWMZ-UHFFFAOYSA-N,Chlorobenzene,298.15,0,0,5.621,3.47216510773,6.2681341664,inside_domain
Physical,2,0,ZQDPJFUHLCOCRG-WAYWQWQTSA-N,cis-3-Hexene,298.15,0,0,2.062,1.13458025455,1.19258064684,inside_domain
Physical,2,0,ZQDPJFUHLCOCRG-AATRIKPKSA-N,trans-3-Hexene,298.15,0,0,2,1.13458025455,1.10808604929,inside_domain
Physical,2,0,UQEAIHBTYFGYIE-UHFFFAOYSA-N,Hexamethyldisiloxane,293.15,0,0,2.17,1.59460377693,1.21737241547,inside_domain
Physical,2,0,KFUSEUYYWQURPO-UPHRSURJSA-N,"cis-1,2-Dichloroethylene",298.15,0,0,9.2,2.27127075195,9.01512393578,inside_domain
Physical,2,0,QBELEDRHMPMKHP-UHFFFAOYSA-N,1-Bromo-2-chlorobenzene,293.15,0,0,6.8,10.8971300125,24.1815742763,inside_domain
Physical,2,0,SFPQFQUXAJOWNF-UHFFFAOYSA-N,m-Diiodobenzene,298.15,0,0,4.25,3.07981324196,13.6499299113,inside_domain
Physical,2,0,ROSDSFDQCJNGOL-UHFFFAOYSA-N,Dimethylamine,298.15,1,1,5.26,6.18666601181,4.58015414622,outside_associated_liquid
Physical,2,0,GETQZCLCWQTVFV-UHFFFAOYSA-N,Trimethylamine,298.15,0,0,2.44,22.1796092987,2.6946634545,inside_domain
Physical,2,0,PYLWMHQQBFSUBP-UHFFFAOYSA-N,Fluorobenzene,298.15,0,0,5.42,3.10426807404,9.55831440066,inside_domain
Physical,2,0,WRWPPGUCZBJXKX-UHFFFAOYSA-N,p-Fluorotoluene,303.15,0,0,5.86,15.5881958008,12.7592051561,inside_domain
Morgan+Physical,2,0,AMQJEAYHLZJPGS-UHFFFAOYSA-N,pentan-1-ol,298.15,1,1,15.736,12.2637252808,5.16365543529,outside_associated_liquid
Morgan+Physical,2,0,BDERNNFJNOPAEC-UHFFFAOYSA-N,propan-1-ol,298.15,1,1,21.3,15.7706928253,10.28867817,outside_associated_liquid
Morgan+Physical,2,0,CQEYYJKEWSMYFG-UHFFFAOYSA-N,butyl 2-propenoate,298.15,0,0,5.31,7.48057746887,8.81943541722,inside_domain
Morgan+Physical,2,0,FRZPYEHDSAQGAS-UHFFFAOYSA-M,1-butyl-3-methylimidazolium trifluoromethanesulfonate,298.15,0,0,12.9,23.1325721741,53.1539772418,inside_domain
Morgan+Physical,2,0,HXJUTPCZVOIRIF-UHFFFAOYSA-N,sulfolane,298.15,0,0,44,17.9675502777,54.0253899274,inside_domain
Morgan+Physical,2,0,IIRFCWANHMSDCG-UHFFFAOYSA-N,cyclooctanone,300.65,0,0,14.38,12.1582489014,13.5668987419,inside_domain
Morgan+Physical,2,0,LBHLGZNUPKUZJC-UHFFFAOYSA-N,1-butyl-1-methylpyrrolidinium dicyanamide,298.15,0,0,18,25.6805801392,116.153845674,inside_domain
Morgan+Physical,2,0,LFQSCWFLJHTTHZ-UHFFFAOYSA-N,ethanol,298.15,1,1,25.02,15.6388044357,9.55039595517,outside_associated_liquid
Morgan+Physical,2,0,MWKFXSUHUHTGQN-UHFFFAOYSA-N,decan-1-ol,298.15,1,1,7.74,11.8932037354,3.3156322585,outside_associated_liquid
Morgan+Physical,2,0,NEQXUPRFDXNNTA-UHFFFAOYSA-N,2-hydroxyethylammonium lactate,298.15,4,4,85.6,45.2786254883,5.97933023131,outside_associated_liquid
Morgan+Physical,2,0,OKKJLVBELUTLKV-UHFFFAOYSA-N,methanol,298.15,1,1,33.6,24.5574188232,16.5823957018,outside_associated_liquid
Morgan+Physical,2,0,PEDCQBHIVMGVHV-UHFFFAOYSA-N,glycerol,303.15,3,3,41.17,30.3574962616,13.4501001088,outside_associated_liquid
Morgan+Physical,2,0,RYHBNJHYFVUHQT-UHFFFAOYSA-N,"1,4-dioxane",298.2,0,0,2.228,8.00471496582,1.10125989107,inside_domain
Morgan+Physical,2,0,WZLFPVPRZGTCKP-UHFFFAOYSA-N,"1,1,1,3,3-pentafluorobutane",298.115,0,0,11.8861,6.73845767975,6.83236100939,inside_domain
Morgan+Physical,2,0,XDJYSDBSJWNTQT-UHFFFAOYSA-N,"1-ethyl-2,3-dimethylimidazolium bis[(trifluoromethyl)sulfonyl]imide",298.15,0,0,12.8,18.6658878326,44.2192801694,inside_domain
Morgan+Physical,2,0,YEJRWHAVMIAJKC-UHFFFAOYSA-N,.gamma.-butyrolactone,295.65,0,0,41.99,19.9538879395,50.6116986269,inside_domain
Morgan+Physical,2,0,ZIBGPFATKBEMQZ-UHFFFAOYSA-N,triethylene glycol,298.15,2,2,23.07,22.9894943237,12.1409402443,outside_associated_liquid
Morgan+Physical,2,0,HXDLWJWIAHWIKI-UHFFFAOYSA-N,beta-Hydroxyethyl acetate (Glycol monoacetate),303.15,1,1,13,28.2459793091,9.74097362491,outside_associated_liquid
Morgan+Physical,2,0,DKPFZGUDAPQIHT-UHFFFAOYSA-N,Butyl acetate,293.15,0,0,5.01,9.38236999512,10.0231968887,inside_domain
Morgan+Physical,2,0,XNLICIUVMPYHGG-UHFFFAOYSA-N,2-Pentanone,293.15,0,0,15.45,10.4370708466,17.6741821348,inside_domain
Morgan+Physical,2,0,FDPIMTJIUBPUKL-UHFFFAOYSA-N,3-Pentanone,293.15,0,0,17,10.5402231216,20.6156153797,inside_domain
Morgan+Physical,2,0,NTIZESTWPVYFNL-UHFFFAOYSA-N,4-Methyl-2-pentanone,293.15,0,0,13.11,12.4842405319,14.6513704727,inside_domain
Morgan+Physical,2,0,JFDZBHWFFUWGJE-UHFFFAOYSA-N,Benzonitrile,298.15,0,0,25.2,24.860956192,29.6694423151,inside_domain
Morgan+Physical,2,0,NVJBFARDFTXOTO-UHFFFAOYSA-N,Ethyl sulfite,293.15,0,0,15.9,15.2910804749,15.9704051889,inside_domain
Morgan+Physical,2,0,LCGLNKUTAGEVQW-UHFFFAOYSA-N,Methyl ether,298.15,0,0,5.02,9.47258090973,8.12045219138,inside_domain
Morgan+Physical,2,0,XCIXKGXIYUWCLL-UHFFFAOYSA-N,Cyclopentanol,293.15,1,1,18,12.8005275726,6.20107699779,outside_associated_liquid
Morgan+Physical,2,0,RLSSMJSEOOYNOY-UHFFFAOYSA-N,m-Cresol,298.15,1,1,11.8,10.1086473465,6.72405719621,outside_associated_liquid
Morgan+Physical,2,0,MQWCXKGKQLNYQG-UHFFFAOYSA-N,4-Methylcyclohexanol,293.15,1,1,13.3,9.74316310883,4.28546106184,outside_associated_liquid
Morgan+Physical,2,0,QGJOPFRUJISHPQ-UHFFFAOYSA-N,Carbon disulfide,293.15,0,0,2.641,9.40704917908,1.14604082971,inside_domain
Morgan+Physical,2,0,LCZUOKDVTBMCMX-UHFFFAOYSA-N,"2,5-Dimethylpyrazine",293.15,0,0,2.436,8.75895023346,1.11662360242,inside_domain
Morgan+Physical,2,0,MVPPADPHJFYWMZ-UHFFFAOYSA-N,Chlorobenzene,298.15,0,0,5.621,5.28210926056,6.2681341664,inside_domain
Morgan+Physical,2,0,ZQDPJFUHLCOCRG-WAYWQWQTSA-N,cis-3-Hexene,298.15,0,0,2.062,3.28400421143,1.19258064684,inside_domain
Morgan+Physical,2,0,ZQDPJFUHLCOCRG-AATRIKPKSA-N,trans-3-Hexene,298.15,0,0,2,3.28400421143,1.10808604929,inside_domain
Morgan+Physical,2,0,UQEAIHBTYFGYIE-UHFFFAOYSA-N,Hexamethyldisiloxane,293.15,0,0,2.17,5.23544025421,1.21737241547,inside_domain
Morgan+Physical,2,0,KFUSEUYYWQURPO-UPHRSURJSA-N,"cis-1,2-Dichloroethylene",298.15,0,0,9.2,5.22466659546,9.01512393578,inside_domain
Morgan+Physical,2,0,QBELEDRHMPMKHP-UHFFFAOYSA-N,1-Bromo-2-chlorobenzene,293.15,0,0,6.8,8.99459171295,24.1815742763,inside_domain
Morgan+Physical,2,0,SFPQFQUXAJOWNF-UHFFFAOYSA-N,m-Diiodobenzene,298.15,0,0,4.25,5.28533220291,13.6499299113,inside_domain
Morgan+Physical,2,0,ROSDSFDQCJNGOL-UHFFFAOYSA-N,Dimethylamine,298.15,1,1,5.26,7.58337306976,4.58015414622,outside_associated_liquid
Morgan+Physical,2,0,GETQZCLCWQTVFV-UHFFFAOYSA-N,Trimethylamine,298.15,0,0,2.44,20.3244590759,2.6946634545,inside_domain
Morgan+Physical,2,0,PYLWMHQQBFSUBP-UHFFFAOYSA-N,Fluorobenzene,298.15,0,0,5.42,5.29755973816,9.55831440066,inside_domain
Morgan+Physical,2,0,WRWPPGUCZBJXKX-UHFFFAOYSA-N,p-Fluorotoluene,303.15,0,0,5.86,11.443821907,12.7592051561,inside_domain
Morgan,2,1,BBMCTIGTTCKYKF-UHFFFAOYSA-N,heptan-1-ol,298.15,1,1,12.65,14.4488916397,4.96304294304,outside_associated_liquid
Morgan,2,1,BMRWNKZVCUKKSR-UHFFFAOYSA-N,"1,2-butanediol",298.2,2,2,22.143,25.603931427,13.5953058324,outside_associated_liquid
Morgan,2,1,BTGRAWJCKBQKAO-UHFFFAOYSA-N,hexanedinitrile,298.15,0,0,32.12,30.4140892029,46.5421430104,inside_domain
Morgan,2,1,CGZZMOTZOONQIA-UHFFFAOYSA-N,cycloheptanone,298.15,0,0,12.92,19.5197868347,15.0978362101,inside_domain
Morgan,2,1,DNIAPMSPPWPWGF-UHFFFAOYSA-N,"1,2-propanediol",303.15,2,2,27.87,30.8927898407,15.9608369814,outside_associated_liquid
Morgan,2,1,HPXRVTGHNJAIIH-UHFFFAOYSA-N,cyclohexanol,298.15,1,1,15.71,11.4592838287,6.99300079031,outside_associated_liquid
Morgan,2,1,HZAXFHJVJLSVMW-UHFFFAOYSA-N,2-aminoethan-1-ol,303.15,2,2,31.46,40.2238388062,25.2714322229,outside_associated_liquid
Morgan,2,1,IEJIGPNLZYLLBP-UHFFFAOYSA-N,dimethyl carbonate,298.15,0,0,3.134,14.1945886612,1.5899816096,inside_domain
Morgan,2,1,KFZMGEQAYNKOFK-UHFFFAOYSA-N,propan-2-ol,299.15,1,1,18.845,19.2885932922,10.0046688096,outside_associated_liquid
Morgan,2,1,LLEVMYXEJUDBTA-UHFFFAOYSA-N,heptanedinitrile,298.15,0,0,29.71,30.4140892029,22.0308625381,inside_domain
Morgan,2,1,LVTYICIALWPMFW-UHFFFAOYSA-N,N-(2-hydroxypropyl)-2-hydroxy-1-propanamine,303.15,3,3,13.87,18.7695274353,21.6555806344,outside_associated_liquid
Morgan,2,1,OHLUUHNLEMFGTQ-UHFFFAOYSA-N,N-methylacetamide,303.15,1,1,178.47,8.17959690094,5.9744908461,outside_associated_liquid
Morgan,2,1,OIFBSDVPJOWBCH-UHFFFAOYSA-N,diethyl carbonate,298.15,0,0,2.834,9.72130775452,1.35579310568,inside_domain
Morgan,2,1,QRCRANRUHQKZME-UHFFFAOYSA-N,"3-butyl-1,2,4,5-tetramethyl-1H-imidazol-3-ium tetrafluoroborate",298.15,0,0,12,5.31616544724,90.2035313888,inside_domain
Morgan,2,1,RJQQOKKINHMXIM-UHFFFAOYSA-N,triethanolamine lactate,298.15,5,5,59.7,53.9341468811,27.2818406975,outside_associated_liquid
Morgan,2,1,SBZXBUIDTXKZTM-UHFFFAOYSA-N,"2,5,8-trioxanonane",298.15,0,0,7.3815,7.16836118698,14.0264717054,inside_domain
Morgan,2,1,UAEPNZWRGJTJPN-UHFFFAOYSA-N,methylcyclohexane,298.2,0,0,2.01,8.67022132874,1.10998539605,inside_domain
Morgan,2,1,UPCXAARSWVHVLY-UHFFFAOYSA-N,triethanolammonium acetate,298.15,4,4,31,40.8589630127,11.4536548979,outside_associated_liquid
Morgan,2,1,UWHCKJMYHZGTIT-UHFFFAOYSA-N,tetraethylene glycol,298.15,2,2,19.91,25.1045646667,16.8875268244,outside_associated_liquid
Morgan,2,1,VCAIYEJBOWHUGP-UHFFFAOYSA-N,"1-butyl-2,3-dimethylimidazolium tetrafluoroborate",298.15,0,0,13.3,6.4090886116,2.20117467965,inside_domain
Morgan,2,1,XDTMQSROBMDMFD-UHFFFAOYSA-N,cyclohexane,298.15,0,0,2.02,10.1742839813,1.10684113993,inside_domain
Morgan,2,1,ZXEKIIBDNHEJCQ-UHFFFAOYSA-N,2-methyl-1-propanol,298.15,1,1,17.96,17.8303451538,5.2814866108,outside_associated_liquid
Morgan,2,1,XEKOWRVHYACXOJ-UHFFFAOYSA-N,Ethyl acetate,298.15,0,0,6.02,7.32070684433,9.7831231174,inside_domain
Morgan,2,1,SWXVUIWOUIDPGS-UHFFFAOYSA-N,4-Hydroxy-4-methyl-2-pentanone (Diacetone alcohol),298.15,1,1,18.2,17.7980556488,16.6441767483,outside_associated_liquid
Morgan,2,1,CSCPPACGZOOCGX-UHFFFAOYSA-N,Acetone,298.15,0,0,20.7,17.2527503967,29.9937881156,inside_domain
Morgan,2,1,RTZKZFJDLAIYFH-UHFFFAOYSA-N,Ethyl ether,293.15,0,0,4.335,4.26260900497,4.44489704395,inside_domain
Morgan,2,1,YNAVUWVOSKDBBP-UHFFFAOYSA-N,Morpholine,298.15,1,1,7.33,14.7231340408,5.3942637877,outside_associated_liquid
Morgan,2,1,SPEUIVXLLWOEMJ-UHFFFAOYSA-N,"1,1-Dimethoxyethane",293.15,0,0,3.49,7.16121053696,8.95630913771,inside_domain
Morgan,2,1,FVSKHRXBFJPNKK-UHFFFAOYSA-N,Propionitrile,293.15,0,0,27.2,25.0938472748,38.9694829474,inside_domain
Morgan,2,1,ZWEHNKRNPOVVGH-UHFFFAOYSA-N,2-Butanone,293.15,0,0,18.51,13.5920095444,22.1880711838,inside_domain
Morgan,2,1,ZAFNJMIOTHYJRJ-UHFFFAOYSA-N,Isopropyl ether,298.15,0,0,3.88,6.85661554337,2.80531678598,inside_domain
Morgan,2,1,QWVGKYWNOKOFNN-UHFFFAOYSA-N,o-Cresol,298.15,1,1,11.5,6.55514287949,6.74466929489,outside_associated_liquid
Morgan,2,1,VGVHNLRUAMRIEW-UHFFFAOYSA-N,4-Methylcyclohexanone,293.15,0,0,12.4,17.1002311707,18.1666231408,inside_domain
Morgan,2,1,HTSABYAWKQAHBT-UHFFFAOYSA-N,3-Methylcyclohexanol,293.15,1,1,12.3,9.56962013245,4.10543593176,outside_associated_liquid
Morgan,2,1,GDOPTJXRTPNYNR-UHFFFAOYSA-N,Methylcyclopentane,293.15,0,0,1.985,8.67022132874,1.11100262715,inside_domain
Morgan,2,1,NEZRFXZYPAIZAD-UHFFFAOYSA-N,Ethylcyclobutane,293.15,0,0,1.965,5.80355119705,1.12524438408,inside_domain
Morgan,2,1,VLKZOEOYAKHREP-UHFFFAOYSA-N,n-Hexane,293.15,0,0,1.89,4.17071485519,1.10385792273,inside_domain
Morgan,2,1,KFUSEUYYWQURPO-OWOJBTEDSA-N,"trans-1,2-Dichloroethylene",298.15,0,0,2.14,9.95175933838,1.11523574299,inside_domain
Morgan,2,1,JUJWROOIHBZHMG-UHFFFAOYSA-N,Pyridine,298.15,0,0,12.3,15.295668602,9.88027991812,inside_domain
Morgan,2,1,BTQZKHUEUDPRST-UHFFFAOYSA-N,m-Fluorotoluene,303.15,0,0,5.42,5.93123102188,10.8674299419,inside_domain
Morgan,2,1,QQONPFPTGQHPMA-UHFFFAOYSA-N,Propene,293.15,0,0,1.875,7.55107450485,1.56210378661,inside_domain
Physical,2,1,BBMCTIGTTCKYKF-UHFFFAOYSA-N,heptan-1-ol,298.15,1,1,12.65,11.0398464203,4.96304294304,outside_associated_liquid
Physical,2,1,BMRWNKZVCUKKSR-UHFFFAOYSA-N,"1,2-butanediol",298.2,2,2,22.143,28.4374351501,13.5953058324,outside_associated_liquid
Physical,2,1,BTGRAWJCKBQKAO-UHFFFAOYSA-N,hexanedinitrile,298.15,0,0,32.12,30.9332447052,46.5421430104,inside_domain
Physical,2,1,CGZZMOTZOONQIA-UHFFFAOYSA-N,cycloheptanone,298.15,0,0,12.92,10.6095628738,15.0978362101,inside_domain
Physical,2,1,DNIAPMSPPWPWGF-UHFFFAOYSA-N,"1,2-propanediol",303.15,2,2,27.87,33.8692436218,15.9608369814,outside_associated_liquid
Physical,2,1,HPXRVTGHNJAIIH-UHFFFAOYSA-N,cyclohexanol,298.15,1,1,15.71,11.4036388397,6.99300079031,outside_associated_liquid
Physical,2,1,HZAXFHJVJLSVMW-UHFFFAOYSA-N,2-aminoethan-1-ol,303.15,2,2,31.46,36.7863235474,25.2714322229,outside_associated_liquid
Physical,2,1,IEJIGPNLZYLLBP-UHFFFAOYSA-N,dimethyl carbonate,298.15,0,0,3.134,11.6865272522,1.5899816096,inside_domain
Physical,2,1,KFZMGEQAYNKOFK-UHFFFAOYSA-N,propan-2-ol,299.15,1,1,18.845,16.5271148682,10.0046688096,outside_associated_liquid
Physical,2,1,LLEVMYXEJUDBTA-UHFFFAOYSA-N,heptanedinitrile,298.15,0,0,29.71,20.0734863281,22.0308625381,inside_domain
Physical,2,1,LVTYICIALWPMFW-UHFFFAOYSA-N,N-(2-hydroxypropyl)-2-hydroxy-1-propanamine,303.15,3,3,13.87,34.3912315369,21.6555806344,outside_associated_liquid
Physical,2,1,OHLUUHNLEMFGTQ-UHFFFAOYSA-N,N-methylacetamide,303.15,1,1,178.47,14.5701675415,5.9744908461,outside_associated_liquid
Physical,2,1,OIFBSDVPJOWBCH-UHFFFAOYSA-N,diethyl carbonate,298.15,0,0,2.834,7.21273899078,1.35579310568,inside_domain
Physical,2,1,QRCRANRUHQKZME-UHFFFAOYSA-N,"3-butyl-1,2,4,5-tetramethyl-1H-imidazol-3-ium tetrafluoroborate",298.15,0,0,12,15.4631414413,90.2035313888,inside_domain
Physical,2,1,RJQQOKKINHMXIM-UHFFFAOYSA-N,triethanolamine lactate,298.15,5,5,59.7,71.7340240479,27.2818406975,outside_associated_liquid
Physical,2,1,SBZXBUIDTXKZTM-UHFFFAOYSA-N,"2,5,8-trioxanonane",298.15,0,0,7.3815,9.7028875351,14.0264717054,inside_domain
Physical,2,1,UAEPNZWRGJTJPN-UHFFFAOYSA-N,methylcyclohexane,298.2,0,0,2.01,3.23450899124,1.10998539605,inside_domain
Physical,2,1,UPCXAARSWVHVLY-UHFFFAOYSA-N,triethanolammonium acetate,298.15,4,4,31,62.343044281,11.4536548979,outside_associated_liquid
Physical,2,1,UWHCKJMYHZGTIT-UHFFFAOYSA-N,tetraethylene glycol,298.15,2,2,19.91,28.9925365448,16.8875268244,outside_associated_liquid
Physical,2,1,VCAIYEJBOWHUGP-UHFFFAOYSA-N,"1-butyl-2,3-dimethylimidazolium tetrafluoroborate",298.15,0,0,13.3,1.57159245014,2.20117467965,inside_domain
Physical,2,1,XDTMQSROBMDMFD-UHFFFAOYSA-N,cyclohexane,298.15,0,0,2.02,3.21565771103,1.10684113993,inside_domain
Physical,2,1,ZXEKIIBDNHEJCQ-UHFFFAOYSA-N,2-methyl-1-propanol,298.15,1,1,17.96,12.5731096268,5.2814866108,outside_associated_liquid
Physical,2,1,XEKOWRVHYACXOJ-UHFFFAOYSA-N,Ethyl acetate,298.15,0,0,6.02,9.28059101105,9.7831231174,inside_domain
Physical,2,1,SWXVUIWOUIDPGS-UHFFFAOYSA-N,4-Hydroxy-4-methyl-2-pentanone (Diacetone alcohol),298.15,1,1,18.2,12.5320920944,16.6441767483,outside_associated_liquid
Physical,2,1,CSCPPACGZOOCGX-UHFFFAOYSA-N,Acetone,298.15,0,0,20.7,26.8009853363,29.9937881156,inside_domain
Physical,2,1,RTZKZFJDLAIYFH-UHFFFAOYSA-N,Ethyl ether,293.15,0,0,4.335,2.63262867928,4.44489704395,inside_domain
Physical,2,1,YNAVUWVOSKDBBP-UHFFFAOYSA-N,Morpholine,298.15,1,1,7.33,11.5130405426,5.3942637877,outside_associated_liquid
Physical,2,1,SPEUIVXLLWOEMJ-UHFFFAOYSA-N,"1,1-Dimethoxyethane",293.15,0,0,3.49,9.79681110382,8.95630913771,inside_domain
Physical,2,1,FVSKHRXBFJPNKK-UHFFFAOYSA-N,Propionitrile,293.15,0,0,27.2,30.8075809479,38.9694829474,inside_domain
Physical,2,1,ZWEHNKRNPOVVGH-UHFFFAOYSA-N,2-Butanone,293.15,0,0,18.51,17.4227561951,22.1880711838,inside_domain
Physical,2,1,ZAFNJMIOTHYJRJ-UHFFFAOYSA-N,Isopropyl ether,298.15,0,0,3.88,3.79129552841,2.80531678598,inside_domain
Physical,2,1,QWVGKYWNOKOFNN-UHFFFAOYSA-N,o-Cresol,298.15,1,1,11.5,9.66232299805,6.74466929489,outside_associated_liquid
Physical,2,1,VGVHNLRUAMRIEW-UHFFFAOYSA-N,4-Methylcyclohexanone,293.15,0,0,12.4,12.5523386002,18.1666231408,inside_domain
Physical,2,1,HTSABYAWKQAHBT-UHFFFAOYSA-N,3-Methylcyclohexanol,293.15,1,1,12.3,9.62852668762,4.10543593176,outside_associated_liquid
Physical,2,1,GDOPTJXRTPNYNR-UHFFFAOYSA-N,Methylcyclopentane,293.15,0,0,1.985,2.84594297409,1.11100262715,inside_domain
Physical,2,1,NEZRFXZYPAIZAD-UHFFFAOYSA-N,Ethylcyclobutane,293.15,0,0,1.965,3.14654684067,1.12524438408,inside_domain
Physical,2,1,VLKZOEOYAKHREP-UHFFFAOYSA-N,n-Hexane,293.15,0,0,1.89,2.8647942543,1.10385792273,inside_domain
Physical,2,1,KFUSEUYYWQURPO-OWOJBTEDSA-N,"trans-1,2-Dichloroethylene",298.15,0,0,2.14,4.46022319794,1.11523574299,inside_domain
Physical,2,1,JUJWROOIHBZHMG-UHFFFAOYSA-N,Pyridine,298.15,0,0,12.3,7.02406835556,9.88027991812,inside_domain
Physical,2,1,BTQZKHUEUDPRST-UHFFFAOYSA-N,m-Fluorotoluene,303.15,0,0,5.42,4.96668958664,10.8674299419,inside_domain
Physical,2,1,QQONPFPTGQHPMA-UHFFFAOYSA-N,Propene,293.15,0,0,1.875,1,1.56210378661,inside_domain
Morgan+Physical,2,1,BBMCTIGTTCKYKF-UHFFFAOYSA-N,heptan-1-ol,298.15,1,1,12.65,12.7443695068,4.96304294304,outside_associated_liquid
Morgan+Physical,2,1,BMRWNKZVCUKKSR-UHFFFAOYSA-N,"1,2-butanediol",298.2,2,2,22.143,27.0206832886,13.5953058324,outside_associated_liquid
Morgan+Physical,2,1,BTGRAWJCKBQKAO-UHFFFAOYSA-N,hexanedinitrile,298.15,0,0,32.12,30.6736679077,46.5421430104,inside_domain
Morgan+Physical,2,1,CGZZMOTZOONQIA-UHFFFAOYSA-N,cycloheptanone,298.15,0,0,12.92,15.0646743774,15.0978362101,inside_domain
Morgan+Physical,2,1,DNIAPMSPPWPWGF-UHFFFAOYSA-N,"1,2-propanediol",303.15,2,2,27.87,32.3810157776,15.9608369814,outside_associated_liquid
Morgan+Physical,2,1,HPXRVTGHNJAIIH-UHFFFAOYSA-N,cyclohexanol,298.15,1,1,15.71,11.4314613342,6.99300079031,outside_associated_liquid
Morgan+Physical,2,1,HZAXFHJVJLSVMW-UHFFFAOYSA-N,2-aminoethan-1-ol,303.15,2,2,31.46,38.5050811768,25.2714322229,outside_associated_liquid
Morgan+Physical,2,1,IEJIGPNLZYLLBP-UHFFFAOYSA-N,dimethyl carbonate,298.15,0,0,3.134,12.9405574799,1.5899816096,inside_domain
Morgan+Physical,2,1,KFZMGEQAYNKOFK-UHFFFAOYSA-N,propan-2-ol,299.15,1,1,18.845,17.9078540802,10.0046688096,outside_associated_liquid
Morgan+Physical,2,1,LLEVMYXEJUDBTA-UHFFFAOYSA-N,heptanedinitrile,298.15,0,0,29.71,25.2437877655,22.0308625381,inside_domain
Morgan+Physical,2,1,LVTYICIALWPMFW-UHFFFAOYSA-N,N-(2-hydroxypropyl)-2-hydroxy-1-propanamine,303.15,3,3,13.87,26.5803794861,21.6555806344,outside_associated_liquid
Morgan+Physical,2,1,OHLUUHNLEMFGTQ-UHFFFAOYSA-N,N-methylacetamide,303.15,1,1,178.47,11.3748817444,5.9744908461,outside_associated_liquid
Morgan+Physical,2,1,OIFBSDVPJOWBCH-UHFFFAOYSA-N,diethyl carbonate,298.15,0,0,2.834,8.46702384949,1.35579310568,inside_domain
Morgan+Physical,2,1,QRCRANRUHQKZME-UHFFFAOYSA-N,"3-butyl-1,2,4,5-tetramethyl-1H-imidazol-3-ium tetrafluoroborate",298.15,0,0,12,10.3896532059,90.2035313888,inside_domain
Morgan+Physical,2,1,RJQQOKKINHMXIM-UHFFFAOYSA-N,triethanolamine lactate,298.15,5,5,59.7,62.8340835571,27.2818406975,outside_associated_liquid
Morgan+Physical,2,1,SBZXBUIDTXKZTM-UHFFFAOYSA-N,"2,5,8-trioxanonane",298.15,0,0,7.3815,8.43562412262,14.0264717054,inside_domain
Morgan+Physical,2,1,UAEPNZWRGJTJPN-UHFFFAOYSA-N,methylcyclohexane,298.2,0,0,2.01,5.95236492157,1.10998539605,inside_domain
Morgan+Physical,2,1,UPCXAARSWVHVLY-UHFFFAOYSA-N,triethanolammonium acetate,298.15,4,4,31,51.6010055542,11.4536548979,outside_associated_liquid
Morgan+Physical,2,1,UWHCKJMYHZGTIT-UHFFFAOYSA-N,tetraethylene glycol,298.15,2,2,19.91,27.0485496521,16.8875268244,outside_associated_liquid
Morgan+Physical,2,1,VCAIYEJBOWHUGP-UHFFFAOYSA-N,"1-butyl-2,3-dimethylimidazolium tetrafluoroborate",298.15,0,0,13.3,3.99034047127,2.20117467965,inside_domain
Morgan+Physical,2,1,XDTMQSROBMDMFD-UHFFFAOYSA-N,cyclohexane,298.15,0,0,2.02,6.69497108459,1.10684113993,inside_domain
Morgan+Physical,2,1,ZXEKIIBDNHEJCQ-UHFFFAOYSA-N,2-methyl-1-propanol,298.15,1,1,17.96,15.2017269135,5.2814866108,outside_associated_liquid
Morgan+Physical,2,1,XEKOWRVHYACXOJ-UHFFFAOYSA-N,Ethyl acetate,298.15,0,0,6.02,8.30064868927,9.7831231174,inside_domain
Morgan+Physical,2,1,SWXVUIWOUIDPGS-UHFFFAOYSA-N,4-Hydroxy-4-methyl-2-pentanone (Diacetone alcohol),298.15,1,1,18.2,15.1650733948,16.6441767483,outside_associated_liquid
Morgan+Physical,2,1,CSCPPACGZOOCGX-UHFFFAOYSA-N,Acetone,298.15,0,0,20.7,22.0268669128,29.9937881156,inside_domain
Morgan+Physical,2,1,RTZKZFJDLAIYFH-UHFFFAOYSA-N,Ethyl ether,293.15,0,0,4.335,3.44761896133,4.44489704395,inside_domain
Morgan+Physical,2,1,YNAVUWVOSKDBBP-UHFFFAOYSA-N,Morpholine,298.15,1,1,7.33,13.1180877686,5.3942637877,outside_associated_liquid
Morgan+Physical,2,1,SPEUIVXLLWOEMJ-UHFFFAOYSA-N,"1,1-Dimethoxyethane",293.15,0,0,3.49,8.47901058197,8.95630913771,inside_domain
Morgan+Physical,2,1,FVSKHRXBFJPNKK-UHFFFAOYSA-N,Propionitrile,293.15,0,0,27.2,27.9507141113,38.9694829474,inside_domain
Morgan+Physical,2,1,ZWEHNKRNPOVVGH-UHFFFAOYSA-N,2-Butanone,293.15,0,0,18.51,15.5073833466,22.1880711838,inside_domain
Morgan+Physical,2,1,ZAFNJMIOTHYJRJ-UHFFFAOYSA-N,Isopropyl ether,298.15,0,0,3.88,5.32395553589,2.80531678598,inside_domain
Morgan+Physical,2,1,QWVGKYWNOKOFNN-UHFFFAOYSA-N,o-Cresol,298.15,1,1,11.5,8.10873317719,6.74466929489,outside_associated_liquid
Morgan+Physical,2,1,VGVHNLRUAMRIEW-UHFFFAOYSA-N,4-Methylcyclohexanone,293.15,0,0,12.4,14.8262844086,18.1666231408,inside_domain
Morgan+Physical,2,1,HTSABYAWKQAHBT-UHFFFAOYSA-N,3-Methylcyclohexanol,293.15,1,1,12.3,9.59907341003,4.10543593176,outside_associated_liquid
Morgan+Physical,2,1,GDOPTJXRTPNYNR-UHFFFAOYSA-N,Methylcyclopentane,293.15,0,0,1.985,5.75808238983,1.11100262715,inside_domain
Morgan+Physical,2,1,NEZRFXZYPAIZAD-UHFFFAOYSA-N,Ethylcyclobutane,293.15,0,0,1.965,4.47504901886,1.12524438408,inside_domain
Morgan+Physical,2,1,VLKZOEOYAKHREP-UHFFFAOYSA-N,n-Hexane,293.15,0,0,1.89,3.51775455475,1.10385792273,inside_domain
Morgan+Physical,2,1,KFUSEUYYWQURPO-OWOJBTEDSA-N,"trans-1,2-Dichloroethylene",298.15,0,0,2.14,7.20599126816,1.11523574299,inside_domain
Morgan+Physical,2,1,JUJWROOIHBZHMG-UHFFFAOYSA-N,Pyridine,298.15,0,0,12.3,11.1598682404,9.88027991812,inside_domain
Morgan+Physical,2,1,BTQZKHUEUDPRST-UHFFFAOYSA-N,m-Fluorotoluene,303.15,0,0,5.42,5.44896030426,10.8674299419,inside_domain
Morgan+Physical,2,1,QQONPFPTGQHPMA-UHFFFAOYSA-N,Propene,293.15,0,0,1.875,3.35514974594,1.56210378661,inside_domain
Morgan,2,2,BGTOWKSIORTVQH-UHFFFAOYSA-N,cyclopentanone,298.15,0,0,13.505,16.7943687439,20.9054049662,inside_domain
Morgan,2,2,BKIMMITUMNQMOS-UHFFFAOYSA-N,nonane,298.15,0,0,1.98,5.75332450867,1.10532080108,inside_domain
Morgan,2,2,CBTVGIZVANVGBH-UHFFFAOYSA-N,2-amino-2-methylpropan-1-ol,303.15,2,2,20.59,19.9538497925,3.826071455,outside_associated_liquid
Morgan,2,2,DKGAVHZHDRPRBM-UHFFFAOYSA-N,2-methylpropan-2-ol,298.15,1,1,12.49,11.1681747437,6.90436439321,outside_associated_liquid
Morgan,2,2,FXHOOIRPVKKKFG-UHFFFAOYSA-N,"N,N-dimethylethanamide",303.15,0,0,37.72,14.7279415131,35.5309250609,inside_domain
Morgan,2,2,HQWOEDCLDNFWEV-UHFFFAOYSA-M,1-ethyl-3-methylimidazolium diethyl phosphate,298.15,0,0,16.9,20.7663345337,96.6466343683,inside_domain
Morgan,2,2,IAZDPXIOMUYVGZ-UHFFFAOYSA-N,dimethyl sulfoxide,298,0,0,46.05,13.0894298553,39.3405912447,inside_domain
Morgan,2,2,JIGUQPWFLRLWPJ-UHFFFAOYSA-N,ethyl propenoate,298.15,0,0,6.209,8.06391334534,13.7902225059,inside_domain
Morgan,2,2,JYPJLAPMBJKRDG-UHFFFAOYSA-M,1-ethyl-3-methylimidazolium butylsulfonate,298.15,0,0,30,21.3049278259,153.401832604,inside_domain
Morgan,2,2,KBPLFHHGFOOTCA-UHFFFAOYSA-N,octan-1-ol,298.15,1,1,10.66,16.4875125885,4.22641786179,outside_associated_liquid
Morgan,2,2,MTHSVFCYNBDYFN-UHFFFAOYSA-N,diethylene glycol,298.15,2,2,30.95,21.1602897644,11.7806957518,outside_associated_liquid
Morgan,2,2,OOKUTCYPKPJYFV-UHFFFAOYSA-N,1-methylimidazolium bromide,298.15,0,0,16.6,22.4995326996,28.8470050896,inside_domain
Morgan,2,2,STCBHSHARMAIOM-UHFFFAOYSA-N,1-methylimidazolium chloride,298.15,0,0,13.8,22.4995326996,31.9681461493,inside_domain
Morgan,2,2,UEEJHVSXFDXPFK-UHFFFAOYSA-N,"2-(N,N-dimethylamino)ethanol",303.15,1,1,17.18,20.5641365051,2.86613042866,outside_associated_liquid
Morgan,2,2,VFTFKUDGYRBSAL-UHFFFAOYSA-N,"1,4,7,10,13-pentaoxacyclopentadecane",298.15,0,0,15.48,18.6626987457,14.8444868881,inside_domain
Morgan,2,2,VVLAIYIMMFWRFW-UHFFFAOYSA-N,2-hydroxyethylammonium acetate,298.15,3,3,58.3,40.3743095398,4.76933191054,outside_associated_liquid
Morgan,2,2,XQQZRZQVBFHBHL-UHFFFAOYSA-N,"1,4,7,10-tetraoxacyclododecane",299.4,0,0,10.76,18.6626987457,11.613237056,inside_domain
Morgan,2,2,XTHFKEDIFFGKHM-UHFFFAOYSA-N,"1,2-dimethoxyethane",298.15,0,0,7.0695,6.48604249954,5.4993455063,inside_domain
Morgan,2,2,YIWUKEYIRIRTPP-UHFFFAOYSA-N,2-ethyl-1-hexanol,298.2,1,1,7.353,16.223443985,5.01442556827,outside_associated_liquid
Morgan,2,2,YXFVVABEGXRONW-UHFFFAOYSA-N,toluene,297.385,0,0,2.40445,7.0075545311,1.46990395237,inside_domain
Morgan,2,2,IYXGSMUGOJNHAZ-UHFFFAOYSA-N,Diethyl malonate,298.15,0,0,8.03,10.0062246323,9.74006290335,inside_domain
Morgan,2,2,DIQMPQMYFZXDAX-UHFFFAOYSA-N,Amyl formate,298.15,0,0,6.49,9.09545516968,8.4969957051,inside_domain
Morgan,2,2,GJRQTCIYDGXPES-UHFFFAOYSA-N,Isobutyl acetate,293.15,0,0,5.29,9.41233921051,8.50004501778,inside_domain
Morgan,2,2,DTQVDTLACAAQTR-UHFFFAOYSA-N,Trifluoroacetic acid,293.15,1,1,39.5,19.3675899506,28.7487569677,outside_associated_liquid
Morgan,2,2,YPFDHNVEDLHUCE-UHFFFAOYSA-N,"1,3-Propanediol",293.15,2,2,35,23.5857486725,1.44673551362,outside_associated_liquid
Morgan,2,2,WEVYAHXRMPXWCK-UHFFFAOYSA-N,Acetonitrile,293.15,0,0,37.5,30.5934276581,53.5642531651,inside_domain
Morgan,2,2,NKKMVIVFRUYPLQ-NSCUHMNNSA-N,Crotononitrile (bp 108 C),293.15,0,0,36.1,30.3433132172,48.0153469112,inside_domain
Morgan,2,2,YWAKXRMUMFPDSH-UHFFFAOYSA-N,1-Pentene,293.15,0,0,2.1,5.79545211792,1.29861209178,inside_domain
Morgan,2,2,FOTXAJDDGPYIFU-UHFFFAOYSA-N,Ethylcyclopropane,293.15,0,0,1.933,6.18935060501,1.15468220207,inside_domain
Morgan,2,2,OFBQJSOFQDEBGM-UHFFFAOYSA-N,n-Pentane,293.15,0,0,1.844,5.75332450867,1.1048859414,inside_domain
Morgan,2,2,PIICEJLVQHRZGT-UHFFFAOYSA-N,"1,2-Ethanediamine",293.15,2,2,14.2,15.4416265488,1.53256228944,outside_associated_liquid
Morgan,2,2,JSRLURSZEMLAFO-UHFFFAOYSA-N,m-Dibromobenzene,293.15,0,0,4.8,7.04614830017,15.1734627111,inside_domain
Morgan,2,2,RFFLAFLAYFXFSW-UHFFFAOYSA-N,o-Dichlorobenzene,298.15,0,0,9.93,6.14866781235,10.2507478883,inside_domain
Morgan,2,2,ZPQOPVIELGIULI-UHFFFAOYSA-N,m-Dichlorobenzene,298.15,0,0,5.04,6.14866781235,4.80631156245,inside_domain
Morgan,2,2,OEPRBXUJOQLYID-UHFFFAOYSA-N,1-Fluoropentane,293.15,0,0,4.24,9.99286174774,9.3663047404,inside_domain
Morgan,2,2,QARVLSVVCXYDNA-UHFFFAOYSA-N,Bromobenzene,298.15,0,0,5.4,7.04614830017,21.0611689365,inside_domain
Morgan,2,2,PAYRUJLWNCNPSJ-UHFFFAOYSA-N,Aniline,293.15,1,1,6.89,8.30570793152,7.45516883493,outside_associated_liquid
Morgan,2,2,IBSQPLPBRSHTTG-UHFFFAOYSA-N,o-Chlorotoluene,293.15,0,0,4.45,7.0075545311,4.30209983232,inside_domain
Morgan,2,2,MMZYCBHLNZVROM-UHFFFAOYSA-N,o-Fluorotoluene,303.15,0,0,4.22,7.0075545311,6.12573643678,inside_domain
Morgan,2,2,PMJHHCWVYXUKFD-SNAWJCMRSA-N,"1,3-Pentadiene",298.15,0,0,2.32,7.38013553619,1.87012388355,inside_domain
Morgan,2,2,RCJMVGJKROQDCB-UHFFFAOYSA-N,"2-Methyl-1,3-pentadiene",298.15,0,0,2.42,9.60355567932,2.15098593997,inside_domain
Physical,2,2,BGTOWKSIORTVQH-UHFFFAOYSA-N,cyclopentanone,298.15,0,0,13.505,16.0516014099,20.9054049662,inside_domain
Physical,2,2,BKIMMITUMNQMOS-UHFFFAOYSA-N,nonane,298.15,0,0,1.98,2.17647218704,1.10532080108,inside_domain
Physical,2,2,CBTVGIZVANVGBH-UHFFFAOYSA-N,2-amino-2-methylpropan-1-ol,303.15,2,2,20.59,67.0756988525,3.826071455,outside_associated_liquid
Physical,2,2,DKGAVHZHDRPRBM-UHFFFAOYSA-N,2-methylpropan-2-ol,298.15,1,1,12.49,12.2057542801,6.90436439321,outside_associated_liquid
Physical,2,2,FXHOOIRPVKKKFG-UHFFFAOYSA-N,"N,N-dimethylethanamide",303.15,0,0,37.72,25.5313549042,35.5309250609,inside_domain
Physical,2,2,HQWOEDCLDNFWEV-UHFFFAOYSA-M,1-ethyl-3-methylimidazolium diethyl phosphate,298.15,0,0,16.9,21.0378875732,96.6466343683,inside_domain
Physical,2,2,IAZDPXIOMUYVGZ-UHFFFAOYSA-N,dimethyl sulfoxide,298,0,0,46.05,34.0783615112,39.3405912447,inside_domain
Physical,2,2,JIGUQPWFLRLWPJ-UHFFFAOYSA-N,ethyl propenoate,298.15,0,0,6.209,12.6178197861,13.7902225059,inside_domain
Physical,2,2,JYPJLAPMBJKRDG-UHFFFAOYSA-M,1-ethyl-3-methylimidazolium butylsulfonate,298.15,0,0,30,21.1995735168,153.401832604,inside_domain
Physical,2,2,KBPLFHHGFOOTCA-UHFFFAOYSA-N,octan-1-ol,298.15,1,1,10.66,11.2318611145,4.22641786179,outside_associated_liquid
Physical,2,2,MTHSVFCYNBDYFN-UHFFFAOYSA-N,diethylene glycol,298.15,2,2,30.95,22.0274524689,11.7806957518,outside_associated_liquid
Physical,2,2,OOKUTCYPKPJYFV-UHFFFAOYSA-N,1-methylimidazolium bromide,298.15,0,0,16.6,19.2663803101,28.8470050896,inside_domain
Physical,2,2,STCBHSHARMAIOM-UHFFFAOYSA-N,1-methylimidazolium chloride,298.15,0,0,13.8,20.3543434143,31.9681461493,inside_domain
Physical,2,2,UEEJHVSXFDXPFK-UHFFFAOYSA-N,"2-(N,N-dimethylamino)ethanol",303.15,1,1,17.18,42.1802330017,2.86613042866,outside_associated_liquid
Physical,2,2,VFTFKUDGYRBSAL-UHFFFAOYSA-N,"1,4,7,10,13-pentaoxacyclopentadecane",298.15,0,0,15.48,16.0493183136,14.8444868881,inside_domain
Physical,2,2,VVLAIYIMMFWRFW-UHFFFAOYSA-N,2-hydroxyethylammonium acetate,298.15,3,3,58.3,38.6000556946,4.76933191054,outside_associated_liquid
Physical,2,2,XQQZRZQVBFHBHL-UHFFFAOYSA-N,"1,4,7,10-tetraoxacyclododecane",299.4,0,0,10.76,13.6035909653,11.613237056,inside_domain
Physical,2,2,XTHFKEDIFFGKHM-UHFFFAOYSA-N,"1,2-dimethoxyethane",298.15,0,0,7.0695,5.96377277374,5.4993455063,inside_domain
Physical,2,2,YIWUKEYIRIRTPP-UHFFFAOYSA-N,2-ethyl-1-hexanol,298.2,1,1,7.353,11.0510911942,5.01442556827,outside_associated_liquid
Physical,2,2,YXFVVABEGXRONW-UHFFFAOYSA-N,toluene,297.385,0,0,2.40445,2.01406979561,1.46990395237,inside_domain
Physical,2,2,IYXGSMUGOJNHAZ-UHFFFAOYSA-N,Diethyl malonate,298.15,0,0,8.03,10.3388280869,9.74006290335,inside_domain
Physical,2,2,DIQMPQMYFZXDAX-UHFFFAOYSA-N,Amyl formate,298.15,0,0,6.49,8.99045658112,8.4969957051,inside_domain
Physical,2,2,GJRQTCIYDGXPES-UHFFFAOYSA-N,Isobutyl acetate,293.15,0,0,5.29,8.63074684143,8.50004501778,inside_domain
Physical,2,2,DTQVDTLACAAQTR-UHFFFAOYSA-N,Trifluoroacetic acid,293.15,1,1,39.5,21.2515449524,28.7487569677,outside_associated_liquid
Physical,2,2,YPFDHNVEDLHUCE-UHFFFAOYSA-N,"1,3-Propanediol",293.15,2,2,35,35.6043319702,1.44673551362,outside_associated_liquid
Physical,2,2,WEVYAHXRMPXWCK-UHFFFAOYSA-N,Acetonitrile,293.15,0,0,37.5,40.92029953,53.5642531651,inside_domain
Physical,2,2,NKKMVIVFRUYPLQ-NSCUHMNNSA-N,Crotononitrile (bp 108 C),293.15,0,0,36.1,33.3736228943,48.0153469112,inside_domain
Physical,2,2,YWAKXRMUMFPDSH-UHFFFAOYSA-N,1-Pentene,293.15,0,0,2.1,1.95725893974,1.29861209178,inside_domain
Physical,2,2,FOTXAJDDGPYIFU-UHFFFAOYSA-N,Ethylcyclopropane,293.15,0,0,1.933,3.09764385223,1.15468220207,inside_domain
Physical,2,2,OFBQJSOFQDEBGM-UHFFFAOYSA-N,n-Pentane,293.15,0,0,1.844,3.24027276039,1.1048859414,inside_domain
Physical,2,2,PIICEJLVQHRZGT-UHFFFAOYSA-N,"1,2-Ethanediamine",293.15,2,2,14.2,49.9290771484,1.53256228944,outside_associated_liquid
Physical,2,2,JSRLURSZEMLAFO-UHFFFAOYSA-N,m-Dibromobenzene,293.15,0,0,4.8,6.21606016159,15.1734627111,inside_domain
Physical,2,2,RFFLAFLAYFXFSW-UHFFFAOYSA-N,o-Dichlorobenzene,298.15,0,0,9.93,4.12787151337,10.2507478883,inside_domain
Physical,2,2,ZPQOPVIELGIULI-UHFFFAOYSA-N,m-Dichlorobenzene,298.15,0,0,5.04,3.34905672073,4.80631156245,inside_domain
Physical,2,2,OEPRBXUJOQLYID-UHFFFAOYSA-N,1-Fluoropentane,293.15,0,0,4.24,5.61926460266,9.3663047404,inside_domain
Physical,2,2,QARVLSVVCXYDNA-UHFFFAOYSA-N,Bromobenzene,298.15,0,0,5.4,10.0327196121,21.0611689365,inside_domain
Physical,2,2,PAYRUJLWNCNPSJ-UHFFFAOYSA-N,Aniline,293.15,1,1,6.89,12.6161575317,7.45516883493,outside_associated_liquid
Physical,2,2,IBSQPLPBRSHTTG-UHFFFAOYSA-N,o-Chlorotoluene,293.15,0,0,4.45,6.34464216232,4.30209983232,inside_domain
Physical,2,2,MMZYCBHLNZVROM-UHFFFAOYSA-N,o-Fluorotoluene,303.15,0,0,4.22,10.0392036438,6.12573643678,inside_domain
Physical,2,2,PMJHHCWVYXUKFD-SNAWJCMRSA-N,"1,3-Pentadiene",298.15,0,0,2.32,2.70545315742,1.87012388355,inside_domain
Physical,2,2,RCJMVGJKROQDCB-UHFFFAOYSA-N,"2-Methyl-1,3-pentadiene",298.15,0,0,2.42,2.44588971138,2.15098593997,inside_domain
Morgan+Physical,2,2,BGTOWKSIORTVQH-UHFFFAOYSA-N,cyclopentanone,298.15,0,0,13.505,16.4229850769,20.9054049662,inside_domain
Morgan+Physical,2,2,BKIMMITUMNQMOS-UHFFFAOYSA-N,nonane,298.15,0,0,1.98,3.96489834785,1.10532080108,inside_domain
Morgan+Physical,2,2,CBTVGIZVANVGBH-UHFFFAOYSA-N,2-amino-2-methylpropan-1-ol,303.15,2,2,20.59,43.5147743225,3.826071455,outside_associated_liquid
Morgan+Physical,2,2,DKGAVHZHDRPRBM-UHFFFAOYSA-N,2-methylpropan-2-ol,298.15,1,1,12.49,11.686964035,6.90436439321,outside_associated_liquid
Morgan+Physical,2,2,FXHOOIRPVKKKFG-UHFFFAOYSA-N,"N,N-dimethylethanamide",303.15,0,0,37.72,20.1296482086,35.5309250609,inside_domain
Morgan+Physical,2,2,HQWOEDCLDNFWEV-UHFFFAOYSA-M,1-ethyl-3-methylimidazolium diethyl phosphate,298.15,0,0,16.9,20.9021110535,96.6466343683,inside_domain
Morgan+Physical,2,2,IAZDPXIOMUYVGZ-UHFFFAOYSA-N,dimethyl sulfoxide,298,0,0,46.05,23.583896637,39.3405912447,inside_domain
Morgan+Physical,2,2,JIGUQPWFLRLWPJ-UHFFFAOYSA-N,ethyl propenoate,298.15,0,0,6.209,10.3408660889,13.7902225059,inside_domain
Morgan+Physical,2,2,JYPJLAPMBJKRDG-UHFFFAOYSA-M,1-ethyl-3-methylimidazolium butylsulfonate,298.15,0,0,30,21.2522506714,153.401832604,inside_domain
Morgan+Physical,2,2,KBPLFHHGFOOTCA-UHFFFAOYSA-N,octan-1-ol,298.15,1,1,10.66,13.8596868515,4.22641786179,outside_associated_liquid
Morgan+Physical,2,2,MTHSVFCYNBDYFN-UHFFFAOYSA-N,diethylene glycol,298.15,2,2,30.95,21.5938720703,11.7806957518,outside_associated_liquid
Morgan+Physical,2,2,OOKUTCYPKPJYFV-UHFFFAOYSA-N,1-methylimidazolium bromide,298.15,0,0,16.6,20.8829574585,28.8470050896,inside_domain
Morgan+Physical,2,2,STCBHSHARMAIOM-UHFFFAOYSA-N,1-methylimidazolium chloride,298.15,0,0,13.8,21.4269371033,31.9681461493,inside_domain
Morgan+Physical,2,2,UEEJHVSXFDXPFK-UHFFFAOYSA-N,"2-(N,N-dimethylamino)ethanol",303.15,1,1,17.18,31.3721847534,2.86613042866,outside_associated_liquid
Morgan+Physical,2,2,VFTFKUDGYRBSAL-UHFFFAOYSA-N,"1,4,7,10,13-pentaoxacyclopentadecane",298.15,0,0,15.48,17.3560085297,14.8444868881,inside_domain
Morgan+Physical,2,2,VVLAIYIMMFWRFW-UHFFFAOYSA-N,2-hydroxyethylammonium acetate,298.15,3,3,58.3,39.4871826172,4.76933191054,outside_associated_liquid
Morgan+Physical,2,2,XQQZRZQVBFHBHL-UHFFFAOYSA-N,"1,4,7,10-tetraoxacyclododecane",299.4,0,0,10.76,16.1331443787,11.613237056,inside_domain
Morgan+Physical,2,2,XTHFKEDIFFGKHM-UHFFFAOYSA-N,"1,2-dimethoxyethane",298.15,0,0,7.0695,6.22490787506,5.4993455063,inside_domain
Morgan+Physical,2,2,YIWUKEYIRIRTPP-UHFFFAOYSA-N,2-ethyl-1-hexanol,298.2,1,1,7.353,13.6372680664,5.01442556827,outside_associated_liquid
Morgan+Physical,2,2,YXFVVABEGXRONW-UHFFFAOYSA-N,toluene,297.385,0,0,2.40445,4.51081228256,1.46990395237,inside_domain
Morgan+Physical,2,2,IYXGSMUGOJNHAZ-UHFFFAOYSA-N,Diethyl malonate,298.15,0,0,8.03,10.1725263596,9.74006290335,inside_domain
Morgan+Physical,2,2,DIQMPQMYFZXDAX-UHFFFAOYSA-N,Amyl formate,298.15,0,0,6.49,9.04295539856,8.4969957051,inside_domain
Morgan+Physical,2,2,GJRQTCIYDGXPES-UHFFFAOYSA-N,Isobutyl acetate,293.15,0,0,5.29,9.02154350281,8.50004501778,inside_domain
Morgan+Physical,2,2,DTQVDTLACAAQTR-UHFFFAOYSA-N,Trifluoroacetic acid,293.15,1,1,39.5,20.3095664978,28.7487569677,outside_associated_liquid
Morgan+Physical,2,2,YPFDHNVEDLHUCE-UHFFFAOYSA-N,"1,3-Propanediol",293.15,2,2,35,29.5950393677,1.44673551362,outside_associated_liquid
Morgan+Physical,2,2,WEVYAHXRMPXWCK-UHFFFAOYSA-N,Acetonitrile,293.15,0,0,37.5,35.7568626404,53.5642531651,inside_domain
Morgan+Physical,2,2,NKKMVIVFRUYPLQ-NSCUHMNNSA-N,Crotononitrile (bp 108 C),293.15,0,0,36.1,31.8584671021,48.0153469112,inside_domain
Morgan+Physical,2,2,YWAKXRMUMFPDSH-UHFFFAOYSA-N,1-Pentene,293.15,0,0,2.1,3.87635564804,1.29861209178,inside_domain
Morgan+Physical,2,2,FOTXAJDDGPYIFU-UHFFFAOYSA-N,Ethylcyclopropane,293.15,0,0,1.933,4.64349746704,1.15468220207,inside_domain
Morgan+Physical,2,2,OFBQJSOFQDEBGM-UHFFFAOYSA-N,n-Pentane,293.15,0,0,1.844,4.49679851532,1.1048859414,inside_domain
Morgan+Physical,2,2,PIICEJLVQHRZGT-UHFFFAOYSA-N,"1,2-Ethanediamine",293.15,2,2,14.2,32.6853523254,1.53256228944,outside_associated_liquid
Morgan+Physical,2,2,JSRLURSZEMLAFO-UHFFFAOYSA-N,m-Dibromobenzene,293.15,0,0,4.8,6.6311044693,15.1734627111,inside_domain
Morgan+Physical,2,2,RFFLAFLAYFXFSW-UHFFFAOYSA-N,o-Dichlorobenzene,298.15,0,0,9.93,5.13826942444,10.2507478883,inside_domain
Morgan+Physical,2,2,ZPQOPVIELGIULI-UHFFFAOYSA-N,m-Dichlorobenzene,298.15,0,0,5.04,4.74886226654,4.80631156245,inside_domain
Morgan+Physical,2,2,OEPRBXUJOQLYID-UHFFFAOYSA-N,1-Fluoropentane,293.15,0,0,4.24,7.8060631752,9.3663047404,inside_domain
Morgan+Physical,2,2,QARVLSVVCXYDNA-UHFFFAOYSA-N,Bromobenzene,298.15,0,0,5.4,8.53943443298,21.0611689365,inside_domain
Morgan+Physical,2,2,PAYRUJLWNCNPSJ-UHFFFAOYSA-N,Aniline,293.15,1,1,6.89,10.4609327316,7.45516883493,outside_associated_liquid
Morgan+Physical,2,2,IBSQPLPBRSHTTG-UHFFFAOYSA-N,o-Chlorotoluene,293.15,0,0,4.45,6.67609834671,4.30209983232,inside_domain
Morgan+Physical,2,2,MMZYCBHLNZVROM-UHFFFAOYSA-N,o-Fluorotoluene,303.15,0,0,4.22,8.52337932587,6.12573643678,inside_domain
Morgan+Physical,2,2,PMJHHCWVYXUKFD-SNAWJCMRSA-N,"1,3-Pentadiene",298.15,0,0,2.32,5.0427942276,1.87012388355,inside_domain
Morgan+Physical,2,2,RCJMVGJKROQDCB-UHFFFAOYSA-N,"2-Methyl-1,3-pentadiene",298.15,0,0,2.42,6.02472257614,2.15098593997,inside_domain
Morgan,2,3,ALYCOCULEAWWJO-UHFFFAOYSA-N,triethylpentylammonium bis(trifluoromethylsulfonyl)imide,298.15,0,0,12.5,12.9080762863,6.67840629363,inside_domain
Morgan,2,3,BAPJBEWLBFYGME-UHFFFAOYSA-N,methyl propenoate,298.15,0,0,7.021,12.3031406403,7.29190026496,inside_domain
Morgan,2,3,BTANRVKWQNVYAZ-UHFFFAOYSA-N,butan-2-ol,298.15,1,1,16.6,10.435092926,8.35397764198,outside_associated_liquid
Morgan,2,3,BTNXBLUGMAMSSH-UHFFFAOYSA-N,octanedinitrile,298.15,0,0,25.94,25.5259418488,22.1540981947,inside_domain
Morgan,2,3,GSEJCLTVZPLZKY-UHFFFAOYSA-N,triethanolamine,303.15,3,3,28.11,40.0918617249,8.50333947546,outside_associated_liquid
Morgan,2,3,IMNFDUFMRHMDMM-UHFFFAOYSA-N,heptane,298.15,0,0,1.93,6.23165988922,1.10583566295,inside_domain
Morgan,2,3,KLTUZFZUYLXTFF-UHFFFAOYSA-N,1-(2-hydroxyethyl)-3-methylimidazolium tetrafluoroborate,298.15,1,1,23.3,19.0469455719,82.1073071673,outside_associated_liquid
Morgan,2,3,LRHPLDYGYMQRHN-UHFFFAOYSA-N,butan-1-ol,298.15,1,1,18.03,14.0521745682,8.39006069244,outside_associated_liquid
Morgan,2,3,LSBXQLQATZTAPE-UHFFFAOYSA-N,1-butyl-3-methylimidazolium tetrafluoroborate,298.15,0,0,13.9,7.52403259277,142.089757341,inside_domain
Morgan,2,3,LYCAIKOWRPUZTN-UHFFFAOYSA-N,"1,2-ethanediol",303.15,2,2,39.84,23.9475593567,15.3073129364,outside_associated_liquid
Morgan,2,3,TVMXDCGIABBOFY-UHFFFAOYSA-N,octane,298.15,0,0,1.961,6.23165988922,1.1076211483,inside_domain
Morgan,2,3,UCCKRVYTJPMHRO-UHFFFAOYSA-N,"1-butyl-2,3-dimethyl-1H-imidazolium bis(trifluoromethylsulfonyl)amide",298.15,0,0,14,13.7134189606,11.4813553141,inside_domain
Morgan,2,3,VRFOKYHDLYBVAL-UHFFFAOYSA-M,1-ethyl-3-methylimidazolium ethyl sulfate,298.15,0,0,35,14.846616745,45.7566800107,inside_domain
Morgan,2,3,XLYOFNOQVPJJNP-UHFFFAOYSA-N,water,297.575,0,1,78.87,19.0676689148,40.4474006258,outside_associated_liquid
Morgan,2,3,YEYKMVJDLWJFOA-UHFFFAOYSA-N,2-propoxyethanol,298.15,1,1,11.5,12.2150087357,11.5122504605,outside_associated_liquid
Morgan,2,3,YFMFNYKEUDLDTL-UHFFFAOYSA-N,"1,1,1,2,3,3,3-heptafluoropropane",302.85,0,0,4.1348,9.89023113251,7.17247104625,inside_domain
Morgan,2,3,ZSIAUFGUXNUGDI-UHFFFAOYSA-N,hexan-1-ol,298.15,1,1,14.26,14.0521745682,5.23133673613,outside_associated_liquid
Morgan,2,3,ZTOMUSMDRMJOTH-UHFFFAOYSA-N,pentanedinitrile,298.15,0,0,34.6,25.5259418488,26.6601988036,inside_domain
Morgan,2,3,SVONRAPFKPVNKG-UHFFFAOYSA-N,"beta-Ethoxyethyl acetate (""Cellosolve"" acetate)",303.15,0,0,7.57,6.83846950531,10.1866881025,inside_domain
Morgan,2,3,KXKVLQRXCPHEJC-UHFFFAOYSA-N,Methyl acetate,298.15,0,0,6.68,12.7902240753,11.7371732209,inside_domain
Morgan,2,3,HEBKCHPVOIAQTA-NGQZWQHPSA-N,Xylitol,293.15,5,5,40,39.3183555603,16.2882582546,outside_associated_liquid
Morgan,2,3,GWYFCOCPABKNJV-UHFFFAOYSA-N,Isovaleric acid,293.15,1,1,2.64,22.0819721222,5.90016995209,outside_associated_liquid
Morgan,2,3,DHKHKXVYLBGOIT-UHFFFAOYSA-N,"1,1-Diethoxyethane",298.15,0,0,3.8,7.6930065155,6.97488629158,inside_domain
Morgan,2,3,PHTQWCKDNZKARW-UHFFFAOYSA-N,3-Methyl-1-butanol,298.15,1,1,14.7,18.8005962372,4.92575324719,outside_associated_liquid
Morgan,2,3,POLCUAVZOMRGSN-UHFFFAOYSA-N,Propyl ether,299.15,0,0,3.39,4.6754283905,3.4892418063,inside_domain
Morgan,2,3,RDOXTESZEPMUJZ-UHFFFAOYSA-N,Methoxybenzene (Anisole),298.15,0,0,4.33,5.04649066925,3.78240490407,inside_domain
Morgan,2,3,RGSFGYAAUTVSQA-UHFFFAOYSA-N,Cyclopentane,293.15,0,0,1.965,9.89023113251,1.10560773191,inside_domain
Morgan,2,3,UHOVQNZJYSORNB-UHFFFAOYSA-N,Benzene,293.15,0,0,2.284,8.72896957397,1.12590545146,inside_domain
Morgan,2,3,HGCIXCUEYOPUTN-UHFFFAOYSA-N,Cyclohexene,298.15,0,0,2.22,9.89023113251,1.24380093714,inside_domain
Morgan,2,3,RWNKSTSCBHKHTB-UHFFFAOYSA-N,"Hexachloro-1,3-butadiene",298.15,0,0,2.55,31.9405326843,1.1593863388,inside_domain
Morgan,2,3,CYTYCFOTNPOANT-UHFFFAOYSA-N,Tetrachloroethylene,298.15,0,0,2.3,17.9525623322,1.12045182946,inside_domain
Morgan,2,3,GETTZEONDQJALK-UHFFFAOYSA-N,"alpha,alpha,alpha-Trifluorotoluene",303.15,0,0,9.18,7.38910102844,23.2671758909,inside_domain
Morgan,2,3,WQONPSCCEXUXTQ-UHFFFAOYSA-N,o-Dibromobenzene,293.15,0,0,7.35,7.66960144043,35.3981532236,inside_domain
Morgan,2,3,YLQBMQCUIZJEEH-UHFFFAOYSA-N,Furan,298.15,0,0,2.95,9.00946998596,1.38878820797,inside_domain
Morgan,2,3,LJSQFQKUNVCTIA-UHFFFAOYSA-N,Ethyl sulfide,298.15,0,0,5.72,6.61120605469,10.37513043,inside_domain
Morgan,2,3,ZRKMQKLGEQPLNS-UHFFFAOYSA-N,1-Pentanethiol,298.15,1,1,4.55,6.23165988922,9.12891097269,outside_associated_liquid
Morgan,2,3,SNHMUERNLJLMHN-UHFFFAOYSA-N,Iodobenzene,293.15,0,0,4.63,7.38910102844,20.9443272724,inside_domain
Morgan,2,3,OSOUNOBYRMOXQQ-UHFFFAOYSA-N,m-Chlorotoluene,293.15,0,0,5.55,7.49409198761,8.19037794732,inside_domain
Morgan,2,3,RRHGJUQNOFWUDK-UHFFFAOYSA-N,"2-Methyl-1,3-butadiene (Isoprene)",298.15,0,0,2.1,11.4866485596,1.33056486908,inside_domain
Morgan,2,3,APPOKADJQUIAHP-UHFFFAOYSA-N,"2,4-Hexadiene",298.15,0,0,2.22,9.43947315216,1.31910733263,inside_domain
Morgan,2,3,BOGRNZQRTNVZCZ-AATRIKPKSA-N,"3-Methyl-1,3-pentadiene",298.15,0,0,2.43,11.211400032,1.66039772435,inside_domain
Physical,2,3,ALYCOCULEAWWJO-UHFFFAOYSA-N,triethylpentylammonium bis(trifluoromethylsulfonyl)imide,298.15,0,0,12.5,16.4810314178,6.67840629363,inside_domain
Physical,2,3,BAPJBEWLBFYGME-UHFFFAOYSA-N,methyl propenoate,298.15,0,0,7.021,10.4279603958,7.29190026496,inside_domain
Physical,2,3,BTANRVKWQNVYAZ-UHFFFAOYSA-N,butan-2-ol,298.15,1,1,16.6,11.3306026459,8.35397764198,outside_associated_liquid
Physical,2,3,BTNXBLUGMAMSSH-UHFFFAOYSA-N,octanedinitrile,298.15,0,0,25.94,16.2480010986,22.1540981947,inside_domain
Physical,2,3,GSEJCLTVZPLZKY-UHFFFAOYSA-N,triethanolamine,303.15,3,3,28.11,26.1434955597,8.50333947546,outside_associated_liquid
Physical,2,3,IMNFDUFMRHMDMM-UHFFFAOYSA-N,heptane,298.15,0,0,1.93,2.82781100273,1.10583566295,inside_domain
Physical,2,3,KLTUZFZUYLXTFF-UHFFFAOYSA-N,1-(2-hydroxyethyl)-3-methylimidazolium tetrafluoroborate,298.15,1,1,23.3,26.3007240295,82.1073071673,outside_associated_liquid
Physical,2,3,LRHPLDYGYMQRHN-UHFFFAOYSA-N,butan-1-ol,298.15,1,1,18.03,11.3306026459,8.39006069244,outside_associated_liquid
Physical,2,3,LSBXQLQATZTAPE-UHFFFAOYSA-N,1-butyl-3-methylimidazolium tetrafluoroborate,298.15,0,0,13.9,19.0396976471,142.089757341,inside_domain
Physical,2,3,LYCAIKOWRPUZTN-UHFFFAOYSA-N,"1,2-ethanediol",303.15,2,2,39.84,51.1874313354,15.3073129364,outside_associated_liquid
Physical,2,3,TVMXDCGIABBOFY-UHFFFAOYSA-N,octane,298.15,0,0,1.961,2.79110693932,1.1076211483,inside_domain
Physical,2,3,UCCKRVYTJPMHRO-UHFFFAOYSA-N,"1-butyl-2,3-dimethyl-1H-imidazolium bis(trifluoromethylsulfonyl)amide",298.15,0,0,14,18.8782043457,11.4813553141,inside_domain
Physical,2,3,VRFOKYHDLYBVAL-UHFFFAOYSA-M,1-ethyl-3-methylimidazolium ethyl sulfate,298.15,0,0,35,18.5164051056,45.7566800107,inside_domain
Physical,2,3,XLYOFNOQVPJJNP-UHFFFAOYSA-N,water,297.575,0,1,78.87,48.9514007568,40.4474006258,outside_associated_liquid
Physical,2,3,YEYKMVJDLWJFOA-UHFFFAOYSA-N,2-propoxyethanol,298.15,1,1,11.5,14.331700325,11.5122504605,outside_associated_liquid
Physical,2,3,YFMFNYKEUDLDTL-UHFFFAOYSA-N,"1,1,1,2,3,3,3-heptafluoropropane",302.85,0,0,4.1348,5.53660964966,7.17247104625,inside_domain
Physical,2,3,ZSIAUFGUXNUGDI-UHFFFAOYSA-N,hexan-1-ol,298.15,1,1,14.26,11.631975174,5.23133673613,outside_associated_liquid
Physical,2,3,ZTOMUSMDRMJOTH-UHFFFAOYSA-N,pentanedinitrile,298.15,0,0,34.6,21.6846256256,26.6601988036,inside_domain
Physical,2,3,SVONRAPFKPVNKG-UHFFFAOYSA-N,"beta-Ethoxyethyl acetate (""Cellosolve"" acetate)",303.15,0,0,7.57,16.9601306915,10.1866881025,inside_domain
Physical,2,3,KXKVLQRXCPHEJC-UHFFFAOYSA-N,Methyl acetate,298.15,0,0,6.68,21.2960529327,11.7371732209,inside_domain
Physical,2,3,HEBKCHPVOIAQTA-NGQZWQHPSA-N,Xylitol,293.15,5,5,40,33.5871353149,16.2882582546,outside_associated_liquid
Physical,2,3,GWYFCOCPABKNJV-UHFFFAOYSA-N,Isovaleric acid,293.15,1,1,2.64,14.1192874908,5.90016995209,outside_associated_liquid
Physical,2,3,DHKHKXVYLBGOIT-UHFFFAOYSA-N,"1,1-Diethoxyethane",298.15,0,0,3.8,7.95062303543,6.97488629158,inside_domain
Physical,2,3,PHTQWCKDNZKARW-UHFFFAOYSA-N,3-Methyl-1-butanol,298.15,1,1,14.7,13.1908006668,4.92575324719,outside_associated_liquid
Physical,2,3,POLCUAVZOMRGSN-UHFFFAOYSA-N,Propyl ether,299.15,0,0,3.39,4.43259763718,3.4892418063,inside_domain
Physical,2,3,RDOXTESZEPMUJZ-UHFFFAOYSA-N,Methoxybenzene (Anisole),298.15,0,0,4.33,3.20079088211,3.78240490407,inside_domain
Physical,2,3,RGSFGYAAUTVSQA-UHFFFAOYSA-N,Cyclopentane,293.15,0,0,1.965,2.62213397026,1.10560773191,inside_domain
Physical,2,3,UHOVQNZJYSORNB-UHFFFAOYSA-N,Benzene,293.15,0,0,2.284,3.65200638771,1.12590545146,inside_domain
Physical,2,3,HGCIXCUEYOPUTN-UHFFFAOYSA-N,Cyclohexene,298.15,0,0,2.22,1.47041714191,1.24380093714,inside_domain
Physical,2,3,RWNKSTSCBHKHTB-UHFFFAOYSA-N,"Hexachloro-1,3-butadiene",298.15,0,0,2.55,3.9328546524,1.1593863388,inside_domain
Physical,2,3,CYTYCFOTNPOANT-UHFFFAOYSA-N,Tetrachloroethylene,298.15,0,0,2.3,2.08866643906,1.12045182946,inside_domain
Physical,2,3,GETTZEONDQJALK-UHFFFAOYSA-N,"alpha,alpha,alpha-Trifluorotoluene",303.15,0,0,9.18,12.2358608246,23.2671758909,inside_domain
Physical,2,3,WQONPSCCEXUXTQ-UHFFFAOYSA-N,o-Dibromobenzene,293.15,0,0,7.35,13.3394851685,35.3981532236,inside_domain
Physical,2,3,YLQBMQCUIZJEEH-UHFFFAOYSA-N,Furan,298.15,0,0,2.95,18.4083576202,1.38878820797,inside_domain
Physical,2,3,LJSQFQKUNVCTIA-UHFFFAOYSA-N,Ethyl sulfide,298.15,0,0,5.72,4.93263053894,10.37513043,inside_domain
Physical,2,3,ZRKMQKLGEQPLNS-UHFFFAOYSA-N,1-Pentanethiol,298.15,1,1,4.55,6.23934078217,9.12891097269,outside_associated_liquid
Physical,2,3,SNHMUERNLJLMHN-UHFFFAOYSA-N,Iodobenzene,293.15,0,0,4.63,8.80492973328,20.9443272724,inside_domain
Physical,2,3,OSOUNOBYRMOXQQ-UHFFFAOYSA-N,m-Chlorotoluene,293.15,0,0,5.55,4.02250814438,8.19037794732,inside_domain
Physical,2,3,RRHGJUQNOFWUDK-UHFFFAOYSA-N,"2-Methyl-1,3-butadiene (Isoprene)",298.15,0,0,2.1,3.28622055054,1.33056486908,inside_domain
Physical,2,3,APPOKADJQUIAHP-UHFFFAOYSA-N,"2,4-Hexadiene",298.15,0,0,2.22,2.34540271759,1.31910733263,inside_domain
Physical,2,3,BOGRNZQRTNVZCZ-AATRIKPKSA-N,"3-Methyl-1,3-pentadiene",298.15,0,0,2.43,2.34540271759,1.66039772435,inside_domain
Morgan+Physical,2,3,ALYCOCULEAWWJO-UHFFFAOYSA-N,triethylpentylammonium bis(trifluoromethylsulfonyl)imide,298.15,0,0,12.5,14.6945533752,6.67840629363,inside_domain
Morgan+Physical,2,3,BAPJBEWLBFYGME-UHFFFAOYSA-N,methyl propenoate,298.15,0,0,7.021,11.3655509949,7.29190026496,inside_domain
Morgan+Physical,2,3,BTANRVKWQNVYAZ-UHFFFAOYSA-N,butan-2-ol,298.15,1,1,16.6,10.8828477859,8.35397764198,outside_associated_liquid
Morgan+Physical,2,3,BTNXBLUGMAMSSH-UHFFFAOYSA-N,octanedinitrile,298.15,0,0,25.94,20.88697052,22.1540981947,inside_domain
Morgan+Physical,2,3,GSEJCLTVZPLZKY-UHFFFAOYSA-N,triethanolamine,303.15,3,3,28.11,33.1176795959,8.50333947546,outside_associated_liquid
Morgan+Physical,2,3,IMNFDUFMRHMDMM-UHFFFAOYSA-N,heptane,298.15,0,0,1.93,4.52973556519,1.10583566295,inside_domain
Morgan+Physical,2,3,KLTUZFZUYLXTFF-UHFFFAOYSA-N,1-(2-hydroxyethyl)-3-methylimidazolium tetrafluoroborate,298.15,1,1,23.3,22.6738357544,82.1073071673,outside_associated_liquid
Morgan+Physical,2,3,LRHPLDYGYMQRHN-UHFFFAOYSA-N,butan-1-ol,298.15,1,1,18.03,12.6913890839,8.39006069244,outside_associated_liquid
Morgan+Physical,2,3,LSBXQLQATZTAPE-UHFFFAOYSA-N,1-butyl-3-methylimidazolium tetrafluoroborate,298.15,0,0,13.9,13.2818651199,142.089757341,inside_domain
Morgan+Physical,2,3,LYCAIKOWRPUZTN-UHFFFAOYSA-N,"1,2-ethanediol",303.15,2,2,39.84,37.5674972534,15.3073129364,outside_associated_liquid
Morgan+Physical,2,3,TVMXDCGIABBOFY-UHFFFAOYSA-N,octane,298.15,0,0,1.961,4.51138353348,1.1076211483,inside_domain
Morgan+Physical,2,3,UCCKRVYTJPMHRO-UHFFFAOYSA-N,"1-butyl-2,3-dimethyl-1H-imidazolium bis(trifluoromethylsulfonyl)amide",298.15,0,0,14,16.2958106995,11.4813553141,inside_domain
Morgan+Physical,2,3,VRFOKYHDLYBVAL-UHFFFAOYSA-M,1-ethyl-3-methylimidazolium ethyl sulfate,298.15,0,0,35,16.6815109253,45.7566800107,inside_domain
Morgan+Physical,2,3,XLYOFNOQVPJJNP-UHFFFAOYSA-N,water,297.575,0,1,78.87,34.0095367432,40.4474006258,outside_associated_liquid
Morgan+Physical,2,3,YEYKMVJDLWJFOA-UHFFFAOYSA-N,2-propoxyethanol,298.15,1,1,11.5,13.2733545303,11.5122504605,outside_associated_liquid
Morgan+Physical,2,3,YFMFNYKEUDLDTL-UHFFFAOYSA-N,"1,1,1,2,3,3,3-heptafluoropropane",302.85,0,0,4.1348,7.71342039108,7.17247104625,inside_domain
Morgan+Physical,2,3,ZSIAUFGUXNUGDI-UHFFFAOYSA-N,hexan-1-ol,298.15,1,1,14.26,12.8420753479,5.23133673613,outside_associated_liquid
Morgan+Physical,2,3,ZTOMUSMDRMJOTH-UHFFFAOYSA-N,pentanedinitrile,298.15,0,0,34.6,23.6052837372,26.6601988036,inside_domain
Morgan+Physical,2,3,SVONRAPFKPVNKG-UHFFFAOYSA-N,"beta-Ethoxyethyl acetate (""Cellosolve"" acetate)",303.15,0,0,7.57,11.8992996216,10.1866881025,inside_domain
Morgan+Physical,2,3,KXKVLQRXCPHEJC-UHFFFAOYSA-N,Methyl acetate,298.15,0,0,6.68,17.043138504,11.7371732209,inside_domain
Morgan+Physical,2,3,HEBKCHPVOIAQTA-NGQZWQHPSA-N,Xylitol,293.15,5,5,40,36.4527435303,16.2882582546,outside_associated_liquid
Morgan+Physical,2,3,GWYFCOCPABKNJV-UHFFFAOYSA-N,Isovaleric acid,293.15,1,1,2.64,18.1006298065,5.90016995209,outside_associated_liquid
Morgan+Physical,2,3,DHKHKXVYLBGOIT-UHFFFAOYSA-N,"1,1-Diethoxyethane",298.15,0,0,3.8,7.82181453705,6.97488629158,inside_domain
Morgan+Physical,2,3,PHTQWCKDNZKARW-UHFFFAOYSA-N,3-Methyl-1-butanol,298.15,1,1,14.7,15.9956989288,4.92575324719,outside_associated_liquid
Morgan+Physical,2,3,POLCUAVZOMRGSN-UHFFFAOYSA-N,Propyl ether,299.15,0,0,3.39,4.55401325226,3.4892418063,inside_domain
Morgan+Physical,2,3,RDOXTESZEPMUJZ-UHFFFAOYSA-N,Methoxybenzene (Anisole),298.15,0,0,4.33,4.1236410141,3.78240490407,inside_domain
Morgan+Physical,2,3,RGSFGYAAUTVSQA-UHFFFAOYSA-N,Cyclopentane,293.15,0,0,1.965,6.25618267059,1.10560773191,inside_domain
Morgan+Physical,2,3,UHOVQNZJYSORNB-UHFFFAOYSA-N,Benzene,293.15,0,0,2.284,6.19048786163,1.12590545146,inside_domain
Morgan+Physical,2,3,HGCIXCUEYOPUTN-UHFFFAOYSA-N,Cyclohexene,298.15,0,0,2.22,5.68032407761,1.24380093714,inside_domain
Morgan+Physical,2,3,RWNKSTSCBHKHTB-UHFFFAOYSA-N,"Hexachloro-1,3-butadiene",298.15,0,0,2.55,17.9366931915,1.1593863388,inside_domain
Morgan+Physical,2,3,CYTYCFOTNPOANT-UHFFFAOYSA-N,Tetrachloroethylene,298.15,0,0,2.3,10.020614624,1.12045182946,inside_domain
Morgan+Physical,2,3,GETTZEONDQJALK-UHFFFAOYSA-N,"alpha,alpha,alpha-Trifluorotoluene",303.15,0,0,9.18,9.81248092651,23.2671758909,inside_domain
Morgan+Physical,2,3,WQONPSCCEXUXTQ-UHFFFAOYSA-N,o-Dibromobenzene,293.15,0,0,7.35,10.5045433044,35.3981532236,inside_domain
Morgan+Physical,2,3,YLQBMQCUIZJEEH-UHFFFAOYSA-N,Furan,298.15,0,0,2.95,13.7089138031,1.38878820797,inside_domain
Morgan+Physical,2,3,LJSQFQKUNVCTIA-UHFFFAOYSA-N,Ethyl sulfide,298.15,0,0,5.72,5.77191829681,10.37513043,inside_domain
Morgan+Physical,2,3,ZRKMQKLGEQPLNS-UHFFFAOYSA-N,1-Pentanethiol,298.15,1,1,4.55,6.23550033569,9.12891097269,outside_associated_liquid
Morgan+Physical,2,3,SNHMUERNLJLMHN-UHFFFAOYSA-N,Iodobenzene,293.15,0,0,4.63,8.09701538086,20.9443272724,inside_domain
Morgan+Physical,2,3,OSOUNOBYRMOXQQ-UHFFFAOYSA-N,m-Chlorotoluene,293.15,0,0,5.55,5.75829982758,8.19037794732,inside_domain
Morgan+Physical,2,3,RRHGJUQNOFWUDK-UHFFFAOYSA-N,"2-Methyl-1,3-butadiene (Isoprene)",298.15,0,0,2.1,7.38643455505,1.33056486908,inside_domain
Morgan+Physical,2,3,APPOKADJQUIAHP-UHFFFAOYSA-N,"2,4-Hexadiene",298.15,0,0,2.22,5.89243793488,1.31910733263,inside_domain
Morgan+Physical,2,3,BOGRNZQRTNVZCZ-AATRIKPKSA-N,"3-Methyl-1,3-pentadiene",298.15,0,0,2.43,6.77840137482,1.66039772435,inside_domain
Morgan,2,4,AFBPFSWMIHJQDM-UHFFFAOYSA-N,N-methylaniline,300.15,1,1,5.878,6.31765604019,7.11572078225,outside_associated_liquid
Morgan,2,4,CRVGTESFCCXCTH-UHFFFAOYSA-N,N-methyldiethanolamine,300.65,2,2,22.12,23.9855709076,10.6262172267,outside_associated_liquid
Morgan,2,4,DURPTKYDGMDSBL-UHFFFAOYSA-N,dibutyl ether,298.15,0,0,3.106,3.9646282196,2.81657790905,inside_domain
Morgan,2,4,FYIRUPZTYPILDH-UHFFFAOYSA-N,"1,1,1,2,3,3-hexafluoropropane",302.85,0,0,5.3105,8.31192588806,14.0370858022,inside_domain
Morgan,2,4,GRYUVYIMDGRRLN-UHFFFAOYSA-N,"1-butyl-2,3,4,5-tetramethylimidazolium bis(trifluoromethylsulfonyl)imide",298.15,0,0,15,15.0016698837,18.8149235057,inside_domain
Morgan,2,4,HZKDSQCZNUUQIF-UHFFFAOYSA-M,1-ethyl-3-methylimidazolium hydrogen sulfate,298.15,1,1,18.4,24.8259506226,15.1917971963,outside_associated_liquid
Morgan,2,4,JHIVVAPYMSGYDF-UHFFFAOYSA-N,cyclohexanone,298.15,0,0,15.79,15.5857114792,19.6553000971,inside_domain
Morgan,2,4,LZJIBRSVPKKOSI-UHFFFAOYSA-O,ethanolammonium nitrate,298.15,2,2,60.9,24.1881923676,20.8289438764,outside_associated_liquid
Morgan,2,4,MCTWTZJPVLRJOU-UHFFFAOYSA-N,1-methylimidazole,298,0,0,39.78,11.2395401001,38.1478273189,inside_domain
Morgan,2,4,QTBSBXVTEAMEQO-UHFFFAOYSA-N,acetic acid,293.15,1,1,6.15,22.908788681,12.6069173441,outside_associated_liquid
Morgan,2,4,SHQSVMDWKBRBGB-UHFFFAOYSA-N,cyclobutanone,298.15,0,0,14.96,15.5857114792,24.058855292,inside_domain
Morgan,2,4,SIXHYMZEOJSYQH-UHFFFAOYSA-M,1-butyl-3-methylimidazolium thiocyanate,298.15,0,0,13.7,31.1398220062,27.3242655698,inside_domain
Morgan,2,4,UODQEMVTULZGKO-UHFFFAOYSA-N,"1-pentyl-1-methylpyrrolidinium 1,1,1-trifluoro-N-[(trifluoromethyl)sulfonyl]methanesulfonamide",298.15,0,0,12.5,13.0736761093,24.4937811978,inside_domain
Morgan,2,4,WYJOVVXUZNRJQY-UHFFFAOYSA-N,2-acetylthiophene,298.15,0,0,29.19,15.5196809769,26.4529603231,inside_domain
Morgan,2,4,YFNKIDBQEZZDLK-UHFFFAOYSA-N,"2,5,8,11-tetraoxadodecane",298.15,0,0,7.604,5.05466032028,11.1446264552,inside_domain
Morgan,2,4,ZBCBWPMODOFKDW-UHFFFAOYSA-N,diethanolamine,303.15,3,3,24.69,24.1934661865,10.034846241,outside_associated_liquid
Morgan,2,4,ZHNUHDYFZUAESO-UHFFFAOYSA-N,formamide,303.15,2,2,106.14,8.92956352234,1.63244107371,outside_associated_liquid
Morgan,2,4,ZMXDDKWLCZADIW-UHFFFAOYSA-N,dimethylformamide,302.73,0,0,36.55,17.5658226013,44.913135379,inside_domain
Morgan,2,4,ZPTRYWVRCNOTAS-UHFFFAOYSA-M,1-ethyl-3-methylimidazolium trifluoromethanesulfonate,298.15,0,0,16.5,19.8260498047,17.4010984828,inside_domain
Morgan,2,4,ZUHZGEOKBKGPSW-UHFFFAOYSA-N,"2,5,8,11,14-pentaoxapentadecane",298.15,0,0,7.798,5.05466032028,10.2230813729,inside_domain
Morgan,2,4,XNWFRZJHXBZDAG-UHFFFAOYSA-N,2-Methoxyethanol,303.15,1,1,16,15.2436342239,12.9838712423,outside_associated_liquid
Morgan,2,4,SQYNKIJPMDEDEG-UHFFFAOYSA-N,Paraldehyde,298.15,0,0,13.9,7.1172337532,1.56759076609,inside_domain
Morgan,2,4,WFCLYEAZTHWNEH-UHFFFAOYSA-N,Ethyl thiocyanate,294.15,0,0,29.3,27.5706443787,32.9129822647,inside_domain
Morgan,2,4,FERIUCNNQQJTOY-UHFFFAOYSA-N,Butyric acid,293.15,1,1,2.97,20.7880630493,7.21717286495,outside_associated_liquid
Morgan,2,4,WERYXYBDKMZEQL-UHFFFAOYSA-N,"1,4-Butanediol",303.15,2,2,30.2,24.256023407,11.955624374,outside_associated_liquid
Morgan,2,4,NQPDZGIKBAWPEJ-UHFFFAOYSA-N,Valeric acid,293.15,1,1,2.66,20.5865936279,5.73031614295,outside_associated_liquid
Morgan,2,4,ISPYQTSUDJAMAB-UHFFFAOYSA-N,o-Chlorophenol,298.15,1,1,6.31,8.83807182312,2.71741653544,outside_associated_liquid
Morgan,2,4,SVTBMSDMJJWYQN-UHFFFAOYSA-N,"2-Methyl-2,4-pentanediol",303.15,2,2,24.4,19.1216278076,19.5363125491,outside_associated_liquid
Morgan,2,4,QJPJQTDYNZXKQF-UHFFFAOYSA-N,p-Bromoanisole,303.15,0,0,7.06,5.96020364761,27.3339480411,inside_domain
Morgan,2,4,MSXVEPNJUHWQHW-UHFFFAOYSA-N,2-Methyl-2-butanol,298.15,1,1,5.82,7.82384157181,5.55405564062,outside_associated_liquid
Morgan,2,4,WVDDGKGOMKODPV-UHFFFAOYSA-N,Benzyl alcohol,293.15,1,1,13.1,17.6458454132,5.77594569883,outside_associated_liquid
Morgan,2,4,LFSAPCRASZRSKS-UHFFFAOYSA-N,2-Methylcyclohexanone,293.15,0,0,14,12.9333944321,15.7212749253,inside_domain
Morgan,2,4,UJBOOUHRTQVGRU-UHFFFAOYSA-N,3-Methylcyclohexanone,293.15,0,0,12.4,13.2236013412,17.8915575672,inside_domain
Morgan,2,4,NDVWOBYBJYUSMF-UHFFFAOYSA-N,2-Methylcyclohexanol,293.15,1,1,13.3,8.91224861145,5.23202446322,outside_associated_liquid
Morgan,2,4,MHNNAWXXUZQSNM-UHFFFAOYSA-N,2-Methyl-1-butene,293.15,0,0,2.197,7.82384157181,1.69384086029,inside_domain
Morgan,2,4,QWTDNUCVQCZILF-UHFFFAOYSA-N,2-Methylbutane,293.15,0,0,1.843,6.1924533844,1.10396118598,inside_domain
Morgan,2,4,JRGGUPZKKTVKOV-UHFFFAOYSA-N,1-Bromo-3-chlorobenzene,293.15,0,0,4.58,7.20668411255,13.6465698801,inside_domain
Morgan,2,4,WQAQPCDUOCURKW-UHFFFAOYSA-N,1-Butanethiol,298.15,1,1,4.95,5.85495138168,12.2942625019,outside_associated_liquid
Morgan,2,4,HLLCNVLEVVFTJB-UHFFFAOYSA-N,2-Fluoro-2-methylbutane,293.15,0,0,5.89,6.1924533844,9.61421135256,inside_domain
Morgan,2,4,ZMANZCXQSJIPKH-UHFFFAOYSA-N,Triethylamine,298.15,0,0,2.42,9.62020301819,1.58318603892,inside_domain
Morgan,2,4,NPDACUSDTOMAMK-UHFFFAOYSA-N,p-Chlorotoluene,293.15,0,0,6.08,7.00916194916,9.81647562753,inside_domain
Physical,2,4,AFBPFSWMIHJQDM-UHFFFAOYSA-N,N-methylaniline,300.15,1,1,5.878,13.3218593597,7.11572078225,outside_associated_liquid
Physical,2,4,CRVGTESFCCXCTH-UHFFFAOYSA-N,N-methyldiethanolamine,300.65,2,2,22.12,18.7419815063,10.6262172267,outside_associated_liquid
Physical,2,4,DURPTKYDGMDSBL-UHFFFAOYSA-N,dibutyl ether,298.15,0,0,3.106,3.31947398186,2.81657790905,inside_domain
Physical,2,4,FYIRUPZTYPILDH-UHFFFAOYSA-N,"1,1,1,2,3,3-hexafluoropropane",302.85,0,0,5.3105,6.24639225006,14.0370858022,inside_domain
Physical,2,4,GRYUVYIMDGRRLN-UHFFFAOYSA-N,"1-butyl-2,3,4,5-tetramethylimidazolium bis(trifluoromethylsulfonyl)imide",298.15,0,0,15,17.8078632355,18.8149235057,inside_domain
Physical,2,4,HZKDSQCZNUUQIF-UHFFFAOYSA-M,1-ethyl-3-methylimidazolium hydrogen sulfate,298.15,1,1,18.4,24.4863872528,15.1917971963,outside_associated_liquid
Physical,2,4,JHIVVAPYMSGYDF-UHFFFAOYSA-N,cyclohexanone,298.15,0,0,15.79,12.683675766,19.6553000971,inside_domain
Physical,2,4,LZJIBRSVPKKOSI-UHFFFAOYSA-O,ethanolammonium nitrate,298.15,2,2,60.9,51.9690093994,20.8289438764,outside_associated_liquid
Physical,2,4,MCTWTZJPVLRJOU-UHFFFAOYSA-N,1-methylimidazole,298,0,0,39.78,32.2492408752,38.1478273189,inside_domain
Physical,2,4,QTBSBXVTEAMEQO-UHFFFAOYSA-N,acetic acid,293.15,1,1,6.15,29.9984283447,12.6069173441,outside_associated_liquid
Physical,2,4,SHQSVMDWKBRBGB-UHFFFAOYSA-N,cyclobutanone,298.15,0,0,14.96,23.4991397858,24.058855292,inside_domain
Physical,2,4,SIXHYMZEOJSYQH-UHFFFAOYSA-M,1-butyl-3-methylimidazolium thiocyanate,298.15,0,0,13.7,72.0640945435,27.3242655698,inside_domain
Physical,2,4,UODQEMVTULZGKO-UHFFFAOYSA-N,"1-pentyl-1-methylpyrrolidinium 1,1,1-trifluoro-N-[(trifluoromethyl)sulfonyl]methanesulfonamide",298.15,0,0,12.5,16.6846675873,24.4937811978,inside_domain
Physical,2,4,WYJOVVXUZNRJQY-UHFFFAOYSA-N,2-acetylthiophene,298.15,0,0,29.19,12.5783109665,26.4529603231,inside_domain
Physical,2,4,YFNKIDBQEZZDLK-UHFFFAOYSA-N,"2,5,8,11-tetraoxadodecane",298.15,0,0,7.604,10.4116687775,11.1446264552,inside_domain
Physical,2,4,ZBCBWPMODOFKDW-UHFFFAOYSA-N,diethanolamine,303.15,3,3,24.69,30.2543964386,10.034846241,outside_associated_liquid
Physical,2,4,ZHNUHDYFZUAESO-UHFFFAOYSA-N,formamide,303.15,2,2,106.14,33.2991256714,1.63244107371,outside_associated_liquid
Physical,2,4,ZMXDDKWLCZADIW-UHFFFAOYSA-N,dimethylformamide,302.73,0,0,36.55,60.9715423584,44.913135379,inside_domain
Physical,2,4,ZPTRYWVRCNOTAS-UHFFFAOYSA-M,1-ethyl-3-methylimidazolium trifluoromethanesulfonate,298.15,0,0,16.5,20.6644363403,17.4010984828,inside_domain
Physical,2,4,ZUHZGEOKBKGPSW-UHFFFAOYSA-N,"2,5,8,11,14-pentaoxapentadecane",298.15,0,0,7.798,10.7810306549,10.2230813729,inside_domain
Physical,2,4,XNWFRZJHXBZDAG-UHFFFAOYSA-N,2-Methoxyethanol,303.15,1,1,16,33.3017196655,12.9838712423,outside_associated_liquid
Physical,2,4,SQYNKIJPMDEDEG-UHFFFAOYSA-N,Paraldehyde,298.15,0,0,13.9,6.31522893906,1.56759076609,inside_domain
Physical,2,4,WFCLYEAZTHWNEH-UHFFFAOYSA-N,Ethyl thiocyanate,294.15,0,0,29.3,18.2974967957,32.9129822647,inside_domain
Physical,2,4,FERIUCNNQQJTOY-UHFFFAOYSA-N,Butyric acid,293.15,1,1,2.97,20.2809867859,7.21717286495,outside_associated_liquid
Physical,2,4,WERYXYBDKMZEQL-UHFFFAOYSA-N,"1,4-Butanediol",303.15,2,2,30.2,23.2526130676,11.955624374,outside_associated_liquid
Physical,2,4,NQPDZGIKBAWPEJ-UHFFFAOYSA-N,Valeric acid,293.15,1,1,2.66,17.8496303558,5.73031614295,outside_associated_liquid
Physical,2,4,ISPYQTSUDJAMAB-UHFFFAOYSA-N,o-Chlorophenol,298.15,1,1,6.31,13.5062589645,2.71741653544,outside_associated_liquid
Physical,2,4,SVTBMSDMJJWYQN-UHFFFAOYSA-N,"2-Methyl-2,4-pentanediol",303.15,2,2,24.4,17.3079013824,19.5363125491,outside_associated_liquid
Physical,2,4,QJPJQTDYNZXKQF-UHFFFAOYSA-N,p-Bromoanisole,303.15,0,0,7.06,21.8229866028,27.3339480411,inside_domain
Physical,2,4,MSXVEPNJUHWQHW-UHFFFAOYSA-N,2-Methyl-2-butanol,298.15,1,1,5.82,13.2427663803,5.55405564062,outside_associated_liquid
Physical,2,4,WVDDGKGOMKODPV-UHFFFAOYSA-N,Benzyl alcohol,293.15,1,1,13.1,11.4701776505,5.77594569883,outside_associated_liquid
Physical,2,4,LFSAPCRASZRSKS-UHFFFAOYSA-N,2-Methylcyclohexanone,293.15,0,0,14,9.78571033478,15.7212749253,inside_domain
Physical,2,4,UJBOOUHRTQVGRU-UHFFFAOYSA-N,3-Methylcyclohexanone,293.15,0,0,12.4,12.5378808975,17.8915575672,inside_domain
Physical,2,4,NDVWOBYBJYUSMF-UHFFFAOYSA-N,2-Methylcyclohexanol,293.15,1,1,13.3,11.5639200211,5.23202446322,outside_associated_liquid
Physical,2,4,MHNNAWXXUZQSNM-UHFFFAOYSA-N,2-Methyl-1-butene,293.15,0,0,2.197,2.10589432716,1.69384086029,inside_domain
Physical,2,4,QWTDNUCVQCZILF-UHFFFAOYSA-N,2-Methylbutane,293.15,0,0,1.843,2.68365216255,1.10396118598,inside_domain
Physical,2,4,JRGGUPZKKTVKOV-UHFFFAOYSA-N,1-Bromo-3-chlorobenzene,293.15,0,0,4.58,4.22822952271,13.6465698801,inside_domain
Physical,2,4,WQAQPCDUOCURKW-UHFFFAOYSA-N,1-Butanethiol,298.15,1,1,4.95,8.9786272049,12.2942625019,outside_associated_liquid
Physical,2,4,HLLCNVLEVVFTJB-UHFFFAOYSA-N,2-Fluoro-2-methylbutane,293.15,0,0,5.89,4.96132183075,9.61421135256,inside_domain
Physical,2,4,ZMANZCXQSJIPKH-UHFFFAOYSA-N,Triethylamine,298.15,0,0,2.42,1.73412692547,1.58318603892,inside_domain
Physical,2,4,NPDACUSDTOMAMK-UHFFFAOYSA-N,p-Chlorotoluene,293.15,0,0,6.08,3.69046449661,9.81647562753,inside_domain
Morgan+Physical,2,4,AFBPFSWMIHJQDM-UHFFFAOYSA-N,N-methylaniline,300.15,1,1,5.878,9.81975746155,7.11572078225,outside_associated_liquid
Morgan+Physical,2,4,CRVGTESFCCXCTH-UHFFFAOYSA-N,N-methyldiethanolamine,300.65,2,2,22.12,21.3637771606,10.6262172267,outside_associated_liquid
Morgan+Physical,2,4,DURPTKYDGMDSBL-UHFFFAOYSA-N,dibutyl ether,298.15,0,0,3.106,3.64205121994,2.81657790905,inside_domain
Morgan+Physical,2,4,FYIRUPZTYPILDH-UHFFFAOYSA-N,"1,1,1,2,3,3-hexafluoropropane",302.85,0,0,5.3105,7.27915906906,14.0370858022,inside_domain
Morgan+Physical,2,4,GRYUVYIMDGRRLN-UHFFFAOYSA-N,"1-butyl-2,3,4,5-tetramethylimidazolium bis(trifluoromethylsulfonyl)imide",298.15,0,0,15,16.4047660828,18.8149235057,inside_domain
Morgan+Physical,2,4,HZKDSQCZNUUQIF-UHFFFAOYSA-M,1-ethyl-3-methylimidazolium hydrogen sulfate,298.15,1,1,18.4,24.6561698914,15.1917971963,outside_associated_liquid
Morgan+Physical,2,4,JHIVVAPYMSGYDF-UHFFFAOYSA-N,cyclohexanone,298.15,0,0,15.79,14.1346931458,19.6553000971,inside_domain
Morgan+Physical,2,4,LZJIBRSVPKKOSI-UHFFFAOYSA-O,ethanolammonium nitrate,298.15,2,2,60.9,38.0786018372,20.8289438764,outside_associated_liquid
Morgan+Physical,2,4,MCTWTZJPVLRJOU-UHFFFAOYSA-N,1-methylimidazole,298,0,0,39.78,21.7443904877,38.1478273189,inside_domain
Morgan+Physical,2,4,QTBSBXVTEAMEQO-UHFFFAOYSA-N,acetic acid,293.15,1,1,6.15,26.4536094666,12.6069173441,outside_associated_liquid
Morgan+Physical,2,4,SHQSVMDWKBRBGB-UHFFFAOYSA-N,cyclobutanone,298.15,0,0,14.96,19.5424251556,24.058855292,inside_domain
Morgan+Physical,2,4,SIXHYMZEOJSYQH-UHFFFAOYSA-M,1-butyl-3-methylimidazolium thiocyanate,298.15,0,0,13.7,51.6019592285,27.3242655698,inside_domain
Morgan+Physical,2,4,UODQEMVTULZGKO-UHFFFAOYSA-N,"1-pentyl-1-methylpyrrolidinium 1,1,1-trifluoro-N-[(trifluoromethyl)sulfonyl]methanesulfonamide",298.15,0,0,12.5,14.8791713715,24.4937811978,inside_domain
Morgan+Physical,2,4,WYJOVVXUZNRJQY-UHFFFAOYSA-N,2-acetylthiophene,298.15,0,0,29.19,14.0489959717,26.4529603231,inside_domain
Morgan+Physical,2,4,YFNKIDBQEZZDLK-UHFFFAOYSA-N,"2,5,8,11-tetraoxadodecane",298.15,0,0,7.604,7.73316478729,11.1446264552,inside_domain
Morgan+Physical,2,4,ZBCBWPMODOFKDW-UHFFFAOYSA-N,diethanolamine,303.15,3,3,24.69,27.2239303589,10.034846241,outside_associated_liquid
Morgan+Physical,2,4,ZHNUHDYFZUAESO-UHFFFAOYSA-N,formamide,303.15,2,2,106.14,21.1143455505,1.63244107371,outside_associated_liquid
Morgan+Physical,2,4,ZMXDDKWLCZADIW-UHFFFAOYSA-N,dimethylformamide,302.73,0,0,36.55,39.2686843872,44.913135379,inside_domain
Morgan+Physical,2,4,ZPTRYWVRCNOTAS-UHFFFAOYSA-M,1-ethyl-3-methylimidazolium trifluoromethanesulfonate,298.15,0,0,16.5,20.2452430725,17.4010984828,inside_domain
Morgan+Physical,2,4,ZUHZGEOKBKGPSW-UHFFFAOYSA-N,"2,5,8,11,14-pentaoxapentadecane",298.15,0,0,7.798,7.91784572601,10.2230813729,inside_domain
Morgan+Physical,2,4,XNWFRZJHXBZDAG-UHFFFAOYSA-N,2-Methoxyethanol,303.15,1,1,16,24.2726764679,12.9838712423,outside_associated_liquid
Morgan+Physical,2,4,SQYNKIJPMDEDEG-UHFFFAOYSA-N,Paraldehyde,298.15,0,0,13.9,6.71623134613,1.56759076609,inside_domain
Morgan+Physical,2,4,WFCLYEAZTHWNEH-UHFFFAOYSA-N,Ethyl thiocyanate,294.15,0,0,29.3,22.9340705872,32.9129822647,inside_domain
Morgan+Physical,2,4,FERIUCNNQQJTOY-UHFFFAOYSA-N,Butyric acid,293.15,1,1,2.97,20.5345249176,7.21717286495,outside_associated_liquid
Morgan+Physical,2,4,WERYXYBDKMZEQL-UHFFFAOYSA-N,"1,4-Butanediol",303.15,2,2,30.2,23.7543182373,11.955624374,outside_associated_liquid
Morgan+Physical,2,4,NQPDZGIKBAWPEJ-UHFFFAOYSA-N,Valeric acid,293.15,1,1,2.66,19.2181129456,5.73031614295,outside_associated_liquid
Morgan+Physical,2,4,ISPYQTSUDJAMAB-UHFFFAOYSA-N,o-Chlorophenol,298.15,1,1,6.31,11.172164917,2.71741653544,outside_associated_liquid
Morgan+Physical,2,4,SVTBMSDMJJWYQN-UHFFFAOYSA-N,"2-Methyl-2,4-pentanediol",303.15,2,2,24.4,18.2147636414,19.5363125491,outside_associated_liquid
Morgan+Physical,2,4,QJPJQTDYNZXKQF-UHFFFAOYSA-N,p-Bromoanisole,303.15,0,0,7.06,13.8915948868,27.3339480411,inside_domain
Morgan+Physical,2,4,MSXVEPNJUHWQHW-UHFFFAOYSA-N,2-Methyl-2-butanol,298.15,1,1,5.82,10.5333042145,5.55405564062,outside_associated_liquid
Morgan+Physical,2,4,WVDDGKGOMKODPV-UHFFFAOYSA-N,Benzyl alcohol,293.15,1,1,13.1,14.5580120087,5.77594569883,outside_associated_liquid
Morgan+Physical,2,4,LFSAPCRASZRSKS-UHFFFAOYSA-N,2-Methylcyclohexanone,293.15,0,0,14,11.3595523834,15.7212749253,inside_domain
Morgan+Physical,2,4,UJBOOUHRTQVGRU-UHFFFAOYSA-N,3-Methylcyclohexanone,293.15,0,0,12.4,12.8807411194,17.8915575672,inside_domain
Morgan+Physical,2,4,NDVWOBYBJYUSMF-UHFFFAOYSA-N,2-Methylcyclohexanol,293.15,1,1,13.3,10.2380847931,5.23202446322,outside_associated_liquid
Morgan+Physical,2,4,MHNNAWXXUZQSNM-UHFFFAOYSA-N,2-Methyl-1-butene,293.15,0,0,2.197,4.9648680687,1.69384086029,inside_domain
Morgan+Physical,2,4,QWTDNUCVQCZILF-UHFFFAOYSA-N,2-Methylbutane,293.15,0,0,1.843,4.43805265427,1.10396118598,inside_domain
Morgan+Physical,2,4,JRGGUPZKKTVKOV-UHFFFAOYSA-N,1-Bromo-3-chlorobenzene,293.15,0,0,4.58,5.71745681763,13.6465698801,inside_domain
Morgan+Physical,2,4,WQAQPCDUOCURKW-UHFFFAOYSA-N,1-Butanethiol,298.15,1,1,4.95,7.41678905487,12.2942625019,outside_associated_liquid
Morgan+Physical,2,4,HLLCNVLEVVFTJB-UHFFFAOYSA-N,2-Fluoro-2-methylbutane,293.15,0,0,5.89,5.57688760757,9.61421135256,inside_domain
Morgan+Physical,2,4,ZMANZCXQSJIPKH-UHFFFAOYSA-N,Triethylamine,298.15,0,0,2.42,5.67716503143,1.58318603892,inside_domain
Morgan+Physical,2,4,NPDACUSDTOMAMK-UHFFFAOYSA-N,p-Chlorotoluene,293.15,0,0,6.08,5.3498134613,9.81647562753,inside_domain
Morgan,3,0,BGTOWKSIORTVQH-UHFFFAOYSA-N,cyclopentanone,298.15,0,0,13.505,17.7669429779,20.9054049662,inside_domain
Morgan,3,0,BMRWNKZVCUKKSR-UHFFFAOYSA-N,"1,2-butanediol",298.2,2,2,22.143,22.3337745667,13.5953058324,outside_associated_liquid
Morgan,3,0,DNIAPMSPPWPWGF-UHFFFAOYSA-N,"1,2-propanediol",303.15,2,2,27.87,26.9896945953,15.9608369814,outside_associated_liquid
Morgan,3,0,DURPTKYDGMDSBL-UHFFFAOYSA-N,dibutyl ether,298.15,0,0,3.106,3.73269438744,2.81657790905,inside_domain
Morgan,3,0,FYIRUPZTYPILDH-UHFFFAOYSA-N,"1,1,1,2,3,3-hexafluoropropane",302.85,0,0,5.3105,10.5642814636,14.0370858022,inside_domain
Morgan,3,0,HPXRVTGHNJAIIH-UHFFFAOYSA-N,cyclohexanol,298.15,1,1,15.71,13.2659387589,6.99300079031,outside_associated_liquid
Morgan,3,0,IEJIGPNLZYLLBP-UHFFFAOYSA-N,dimethyl carbonate,298.15,0,0,3.134,16.4148578644,1.5899816096,inside_domain
Morgan,3,0,JYPJLAPMBJKRDG-UHFFFAOYSA-M,1-ethyl-3-methylimidazolium butylsulfonate,298.15,0,0,30,18.4389953613,153.401832604,inside_domain
Morgan,3,0,LBHLGZNUPKUZJC-UHFFFAOYSA-N,1-butyl-1-methylpyrrolidinium dicyanamide,298.15,0,0,18,24.3393878937,116.153845674,inside_domain
Morgan,3,0,LRHPLDYGYMQRHN-UHFFFAOYSA-N,butan-1-ol,298.15,1,1,18.03,15.6006774902,8.39006069244,outside_associated_liquid
Morgan,3,0,MCTWTZJPVLRJOU-UHFFFAOYSA-N,1-methylimidazole,298,0,0,39.78,9.24228954315,38.1478273189,inside_domain
Morgan,3,0,UPCXAARSWVHVLY-UHFFFAOYSA-N,triethanolammonium acetate,298.15,4,4,31,46.7185707092,11.4536548979,outside_associated_liquid
Morgan,3,0,XDTMQSROBMDMFD-UHFFFAOYSA-N,cyclohexane,298.15,0,0,2.02,10.1608514786,1.10684113993,inside_domain
Morgan,3,0,YEYKMVJDLWJFOA-UHFFFAOYSA-N,2-propoxyethanol,298.15,1,1,11.5,14.1151685715,11.5122504605,outside_associated_liquid
Morgan,3,0,YIWUKEYIRIRTPP-UHFFFAOYSA-N,2-ethyl-1-hexanol,298.2,1,1,7.353,14.9743452072,5.01442556827,outside_associated_liquid
Morgan,3,0,ZIBGPFATKBEMQZ-UHFFFAOYSA-N,triethylene glycol,298.15,2,2,23.07,22.3619403839,12.1409402443,outside_associated_liquid
Morgan,3,0,ZPTRYWVRCNOTAS-UHFFFAOYSA-M,1-ethyl-3-methylimidazolium trifluoromethanesulfonate,298.15,0,0,16.5,19.4099178314,17.4010984828,inside_domain
Morgan,3,0,ZXEKIIBDNHEJCQ-UHFFFAOYSA-N,2-methyl-1-propanol,298.15,1,1,17.96,19.7749023438,5.2814866108,outside_associated_liquid
Morgan,3,0,SVONRAPFKPVNKG-UHFFFAOYSA-N,"beta-Ethoxyethyl acetate (""Cellosolve"" acetate)",303.15,0,0,7.57,11.3455381393,10.1866881025,inside_domain
Morgan,3,0,DKPFZGUDAPQIHT-UHFFFAOYSA-N,Butyl acetate,293.15,0,0,5.01,10.0502309799,10.0231968887,inside_domain
Morgan,3,0,SWXVUIWOUIDPGS-UHFFFAOYSA-N,4-Hydroxy-4-methyl-2-pentanone (Diacetone alcohol),298.15,1,1,18.2,23.5663070679,16.6441767483,outside_associated_liquid
Morgan,3,0,XNLICIUVMPYHGG-UHFFFAOYSA-N,2-Pentanone,293.15,0,0,15.45,12.5466279984,17.6741821348,inside_domain
Morgan,3,0,FDPIMTJIUBPUKL-UHFFFAOYSA-N,3-Pentanone,293.15,0,0,17,14.169295311,20.6156153797,inside_domain
Morgan,3,0,NVJBFARDFTXOTO-UHFFFAOYSA-N,Ethyl sulfite,293.15,0,0,15.9,19.3360366821,15.9704051889,inside_domain
Morgan,3,0,GWYFCOCPABKNJV-UHFFFAOYSA-N,Isovaleric acid,293.15,1,1,2.64,22.717710495,5.90016995209,outside_associated_liquid
Morgan,3,0,DHKHKXVYLBGOIT-UHFFFAOYSA-N,"1,1-Diethoxyethane",298.15,0,0,3.8,4.49969673157,6.97488629158,inside_domain
Morgan,3,0,QJPJQTDYNZXKQF-UHFFFAOYSA-N,p-Bromoanisole,303.15,0,0,7.06,5.45115041733,27.3339480411,inside_domain
Morgan,3,0,LCGLNKUTAGEVQW-UHFFFAOYSA-N,Methyl ether,298.15,0,0,5.02,7.37848758698,8.12045219138,inside_domain
Morgan,3,0,MSXVEPNJUHWQHW-UHFFFAOYSA-N,2-Methyl-2-butanol,298.15,1,1,5.82,9.35594367981,5.55405564062,outside_associated_liquid
Morgan,3,0,ZAFNJMIOTHYJRJ-UHFFFAOYSA-N,Isopropyl ether,298.15,0,0,3.88,7.37848758698,2.80531678598,inside_domain
Morgan,3,0,LCZUOKDVTBMCMX-UHFFFAOYSA-N,"2,5-Dimethylpyrazine",293.15,0,0,2.436,8.69365406036,1.11662360242,inside_domain
Morgan,3,0,QWTDNUCVQCZILF-UHFFFAOYSA-N,2-Methylbutane,293.15,0,0,1.843,5.77018213272,1.10396118598,inside_domain
Morgan,3,0,CYTYCFOTNPOANT-UHFFFAOYSA-N,Tetrachloroethylene,298.15,0,0,2.3,17.0069713593,1.12045182946,inside_domain
Morgan,3,0,GETTZEONDQJALK-UHFFFAOYSA-N,"alpha,alpha,alpha-Trifluorotoluene",303.15,0,0,9.18,7.64488935471,23.2671758909,inside_domain
Morgan,3,0,GETQZCLCWQTVFV-UHFFFAOYSA-N,Trimethylamine,298.15,0,0,2.44,14.0821886063,2.6946634545,inside_domain
Morgan,3,0,OEPRBXUJOQLYID-UHFFFAOYSA-N,1-Fluoropentane,293.15,0,0,4.24,7.98636627197,9.3663047404,inside_domain
Morgan,3,0,OSOUNOBYRMOXQQ-UHFFFAOYSA-N,m-Chlorotoluene,293.15,0,0,5.55,6.63744258881,8.19037794732,inside_domain
Morgan,3,0,NPDACUSDTOMAMK-UHFFFAOYSA-N,p-Chlorotoluene,293.15,0,0,6.08,6.63744258881,9.81647562753,inside_domain
Morgan,3,0,WRWPPGUCZBJXKX-UHFFFAOYSA-N,p-Fluorotoluene,303.15,0,0,5.86,6.97385168076,12.7592051561,inside_domain
Morgan,3,0,QQONPFPTGQHPMA-UHFFFAOYSA-N,Propene,293.15,0,0,1.875,7.31250429153,1.56210378661,inside_domain
Morgan,3,0,RCJMVGJKROQDCB-UHFFFAOYSA-N,"2-Methyl-1,3-pentadiene",298.15,0,0,2.42,9.62922668457,2.15098593997,inside_domain
Physical,3,0,BGTOWKSIORTVQH-UHFFFAOYSA-N,cyclopentanone,298.15,0,0,13.505,12.0662889481,20.9054049662,inside_domain
Physical,3,0,BMRWNKZVCUKKSR-UHFFFAOYSA-N,"1,2-butanediol",298.2,2,2,22.143,19.8309421539,13.5953058324,outside_associated_liquid
Physical,3,0,DNIAPMSPPWPWGF-UHFFFAOYSA-N,"1,2-propanediol",303.15,2,2,27.87,36.4355392456,15.9608369814,outside_associated_liquid
Physical,3,0,DURPTKYDGMDSBL-UHFFFAOYSA-N,dibutyl ether,298.15,0,0,3.106,3.21582889557,2.81657790905,inside_domain
Physical,3,0,FYIRUPZTYPILDH-UHFFFAOYSA-N,"1,1,1,2,3,3-hexafluoropropane",302.85,0,0,5.3105,5.31658935547,14.0370858022,inside_domain
Physical,3,0,HPXRVTGHNJAIIH-UHFFFAOYSA-N,cyclohexanol,298.15,1,1,15.71,11.3076887131,6.99300079031,outside_associated_liquid
Physical,3,0,IEJIGPNLZYLLBP-UHFFFAOYSA-N,dimethyl carbonate,298.15,0,0,3.134,17.4443492889,1.5899816096,inside_domain
Physical,3,0,JYPJLAPMBJKRDG-UHFFFAOYSA-M,1-ethyl-3-methylimidazolium butylsulfonate,298.15,0,0,30,19.4412822723,153.401832604,inside_domain
Physical,3,0,LBHLGZNUPKUZJC-UHFFFAOYSA-N,1-butyl-1-methylpyrrolidinium dicyanamide,298.15,0,0,18,21.223197937,116.153845674,inside_domain
Physical,3,0,LRHPLDYGYMQRHN-UHFFFAOYSA-N,butan-1-ol,298.15,1,1,18.03,13.9742908478,8.39006069244,outside_associated_liquid
Physical,3,0,MCTWTZJPVLRJOU-UHFFFAOYSA-N,1-methylimidazole,298,0,0,39.78,26.575510025,38.1478273189,inside_domain
Physical,3,0,UPCXAARSWVHVLY-UHFFFAOYSA-N,triethanolammonium acetate,298.15,4,4,31,46.2370185852,11.4536548979,outside_associated_liquid
Physical,3,0,XDTMQSROBMDMFD-UHFFFAOYSA-N,cyclohexane,298.15,0,0,2.02,2.73444151878,1.10684113993,inside_domain
Physical,3,0,YEYKMVJDLWJFOA-UHFFFAOYSA-N,2-propoxyethanol,298.15,1,1,11.5,8.64048671722,11.5122504605,outside_associated_liquid
Physical,3,0,YIWUKEYIRIRTPP-UHFFFAOYSA-N,2-ethyl-1-hexanol,298.2,1,1,7.353,10.6463308334,5.01442556827,outside_associated_liquid
Physical,3,0,ZIBGPFATKBEMQZ-UHFFFAOYSA-N,triethylene glycol,298.15,2,2,23.07,18.699886322,12.1409402443,outside_associated_liquid
Physical,3,0,ZPTRYWVRCNOTAS-UHFFFAOYSA-M,1-ethyl-3-methylimidazolium trifluoromethanesulfonate,298.15,0,0,16.5,17.0671920776,17.4010984828,inside_domain
Physical,3,0,ZXEKIIBDNHEJCQ-UHFFFAOYSA-N,2-methyl-1-propanol,298.15,1,1,17.96,19.0364990234,5.2814866108,outside_associated_liquid
Physical,3,0,SVONRAPFKPVNKG-UHFFFAOYSA-N,"beta-Ethoxyethyl acetate (""Cellosolve"" acetate)",303.15,0,0,7.57,38.1485595703,10.1866881025,inside_domain
Physical,3,0,DKPFZGUDAPQIHT-UHFFFAOYSA-N,Butyl acetate,293.15,0,0,5.01,7.68860721588,10.0231968887,inside_domain
Physical,3,0,SWXVUIWOUIDPGS-UHFFFAOYSA-N,4-Hydroxy-4-methyl-2-pentanone (Diacetone alcohol),298.15,1,1,18.2,17.9947357178,16.6441767483,outside_associated_liquid
Physical,3,0,XNLICIUVMPYHGG-UHFFFAOYSA-N,2-Pentanone,293.15,0,0,15.45,11.277346611,17.6741821348,inside_domain
Physical,3,0,FDPIMTJIUBPUKL-UHFFFAOYSA-N,3-Pentanone,293.15,0,0,17,11.8104143143,20.6156153797,inside_domain
Physical,3,0,NVJBFARDFTXOTO-UHFFFAOYSA-N,Ethyl sulfite,293.15,0,0,15.9,15.0742769241,15.9704051889,inside_domain
Physical,3,0,GWYFCOCPABKNJV-UHFFFAOYSA-N,Isovaleric acid,293.15,1,1,2.64,14.9715747833,5.90016995209,outside_associated_liquid
Physical,3,0,DHKHKXVYLBGOIT-UHFFFAOYSA-N,"1,1-Diethoxyethane",298.15,0,0,3.8,6.42988109589,6.97488629158,inside_domain
Physical,3,0,QJPJQTDYNZXKQF-UHFFFAOYSA-N,p-Bromoanisole,303.15,0,0,7.06,41.9829940796,27.3339480411,inside_domain
Physical,3,0,LCGLNKUTAGEVQW-UHFFFAOYSA-N,Methyl ether,298.15,0,0,5.02,14.5427322388,8.12045219138,inside_domain
Physical,3,0,MSXVEPNJUHWQHW-UHFFFAOYSA-N,2-Methyl-2-butanol,298.15,1,1,5.82,11.8932828903,5.55405564062,outside_associated_liquid
Physical,3,0,ZAFNJMIOTHYJRJ-UHFFFAOYSA-N,Isopropyl ether,298.15,0,0,3.88,2.79315829277,2.80531678598,inside_domain
Physical,3,0,LCZUOKDVTBMCMX-UHFFFAOYSA-N,"2,5-Dimethylpyrazine",293.15,0,0,2.436,6.85646009445,1.11662360242,inside_domain
Physical,3,0,QWTDNUCVQCZILF-UHFFFAOYSA-N,2-Methylbutane,293.15,0,0,1.843,2.76939487457,1.10396118598,inside_domain
Physical,3,0,CYTYCFOTNPOANT-UHFFFAOYSA-N,Tetrachloroethylene,298.15,0,0,2.3,2.16813111305,1.12045182946,inside_domain
Physical,3,0,GETTZEONDQJALK-UHFFFAOYSA-N,"alpha,alpha,alpha-Trifluorotoluene",303.15,0,0,9.18,17.5040740967,23.2671758909,inside_domain
Physical,3,0,GETQZCLCWQTVFV-UHFFFAOYSA-N,Trimethylamine,298.15,0,0,2.44,7.2544927597,2.6946634545,inside_domain
Physical,3,0,OEPRBXUJOQLYID-UHFFFAOYSA-N,1-Fluoropentane,293.15,0,0,4.24,4.93178844452,9.3663047404,inside_domain
Physical,3,0,OSOUNOBYRMOXQQ-UHFFFAOYSA-N,m-Chlorotoluene,293.15,0,0,5.55,4.14474248886,8.19037794732,inside_domain
Physical,3,0,NPDACUSDTOMAMK-UHFFFAOYSA-N,p-Chlorotoluene,293.15,0,0,6.08,4.14474248886,9.81647562753,inside_domain
Physical,3,0,WRWPPGUCZBJXKX-UHFFFAOYSA-N,p-Fluorotoluene,303.15,0,0,5.86,32.4062995911,12.7592051561,inside_domain
Physical,3,0,QQONPFPTGQHPMA-UHFFFAOYSA-N,Propene,293.15,0,0,1.875,1.09109902382,1.56210378661,inside_domain
Physical,3,0,RCJMVGJKROQDCB-UHFFFAOYSA-N,"2-Methyl-1,3-pentadiene",298.15,0,0,2.42,2.9168047905,2.15098593997,inside_domain
Morgan+Physical,3,0,BGTOWKSIORTVQH-UHFFFAOYSA-N,cyclopentanone,298.15,0,0,13.505,14.9166164398,20.9054049662,inside_domain
Morgan+Physical,3,0,BMRWNKZVCUKKSR-UHFFFAOYSA-N,"1,2-butanediol",298.2,2,2,22.143,21.082359314,13.5953058324,outside_associated_liquid
Morgan+Physical,3,0,DNIAPMSPPWPWGF-UHFFFAOYSA-N,"1,2-propanediol",303.15,2,2,27.87,31.7126159668,15.9608369814,outside_associated_liquid
Morgan+Physical,3,0,DURPTKYDGMDSBL-UHFFFAOYSA-N,dibutyl ether,298.15,0,0,3.106,3.47426176071,2.81657790905,inside_domain
Morgan+Physical,3,0,FYIRUPZTYPILDH-UHFFFAOYSA-N,"1,1,1,2,3,3-hexafluoropropane",302.85,0,0,5.3105,7.94043540955,14.0370858022,inside_domain
Morgan+Physical,3,0,HPXRVTGHNJAIIH-UHFFFAOYSA-N,cyclohexanol,298.15,1,1,15.71,12.286813736,6.99300079031,outside_associated_liquid
Morgan+Physical,3,0,IEJIGPNLZYLLBP-UHFFFAOYSA-N,dimethyl carbonate,298.15,0,0,3.134,16.9296035767,1.5899816096,inside_domain
Morgan+Physical,3,0,JYPJLAPMBJKRDG-UHFFFAOYSA-M,1-ethyl-3-methylimidazolium butylsulfonate,298.15,0,0,30,18.9401397705,153.401832604,inside_domain
Morgan+Physical,3,0,LBHLGZNUPKUZJC-UHFFFAOYSA-N,1-butyl-1-methylpyrrolidinium dicyanamide,298.15,0,0,18,22.7812919617,116.153845674,inside_domain
Morgan+Physical,3,0,LRHPLDYGYMQRHN-UHFFFAOYSA-N,butan-1-ol,298.15,1,1,18.03,14.787484169,8.39006069244,outside_associated_liquid
Morgan+Physical,3,0,MCTWTZJPVLRJOU-UHFFFAOYSA-N,1-methylimidazole,298,0,0,39.78,17.9088993073,38.1478273189,inside_domain
Morgan+Physical,3,0,UPCXAARSWVHVLY-UHFFFAOYSA-N,triethanolammonium acetate,298.15,4,4,31,46.4777946472,11.4536548979,outside_associated_liquid
Morgan+Physical,3,0,XDTMQSROBMDMFD-UHFFFAOYSA-N,cyclohexane,298.15,0,0,2.02,6.44764661789,1.10684113993,inside_domain
Morgan+Physical,3,0,YEYKMVJDLWJFOA-UHFFFAOYSA-N,2-propoxyethanol,298.15,1,1,11.5,11.3778276443,11.5122504605,outside_associated_liquid
Morgan+Physical,3,0,YIWUKEYIRIRTPP-UHFFFAOYSA-N,2-ethyl-1-hexanol,298.2,1,1,7.353,12.8103380203,5.01442556827,outside_associated_liquid
Morgan+Physical,3,0,ZIBGPFATKBEMQZ-UHFFFAOYSA-N,triethylene glycol,298.15,2,2,23.07,20.5309143066,12.1409402443,outside_associated_liquid
Morgan+Physical,3,0,ZPTRYWVRCNOTAS-UHFFFAOYSA-M,1-ethyl-3-methylimidazolium trifluoromethanesulfonate,298.15,0,0,16.5,18.2385559082,17.4010984828,inside_domain
Morgan+Physical,3,0,ZXEKIIBDNHEJCQ-UHFFFAOYSA-N,2-methyl-1-propanol,298.15,1,1,17.96,19.4057006836,5.2814866108,outside_associated_liquid
Morgan+Physical,3,0,SVONRAPFKPVNKG-UHFFFAOYSA-N,"beta-Ethoxyethyl acetate (""Cellosolve"" acetate)",303.15,0,0,7.57,24.7470493317,10.1866881025,inside_domain
Morgan+Physical,3,0,DKPFZGUDAPQIHT-UHFFFAOYSA-N,Butyl acetate,293.15,0,0,5.01,8.8694190979,10.0231968887,inside_domain
Morgan+Physical,3,0,SWXVUIWOUIDPGS-UHFFFAOYSA-N,4-Hydroxy-4-methyl-2-pentanone (Diacetone alcohol),298.15,1,1,18.2,20.7805213928,16.6441767483,outside_associated_liquid
Morgan+Physical,3,0,XNLICIUVMPYHGG-UHFFFAOYSA-N,2-Pentanone,293.15,0,0,15.45,11.9119873047,17.6741821348,inside_domain
Morgan+Physical,3,0,FDPIMTJIUBPUKL-UHFFFAOYSA-N,3-Pentanone,293.15,0,0,17,12.9898548126,20.6156153797,inside_domain
Morgan+Physical,3,0,NVJBFARDFTXOTO-UHFFFAOYSA-N,Ethyl sulfite,293.15,0,0,15.9,17.2051563263,15.9704051889,inside_domain
Morgan+Physical,3,0,GWYFCOCPABKNJV-UHFFFAOYSA-N,Isovaleric acid,293.15,1,1,2.64,18.8446426392,5.90016995209,outside_associated_liquid
Morgan+Physical,3,0,DHKHKXVYLBGOIT-UHFFFAOYSA-N,"1,1-Diethoxyethane",298.15,0,0,3.8,5.46478891373,6.97488629158,inside_domain
Morgan+Physical,3,0,QJPJQTDYNZXKQF-UHFFFAOYSA-N,p-Bromoanisole,303.15,0,0,7.06,23.7170715332,27.3339480411,inside_domain
Morgan+Physical,3,0,LCGLNKUTAGEVQW-UHFFFAOYSA-N,Methyl ether,298.15,0,0,5.02,10.960609436,8.12045219138,inside_domain
Morgan+Physical,3,0,MSXVEPNJUHWQHW-UHFFFAOYSA-N,2-Methyl-2-butanol,298.15,1,1,5.82,10.6246128082,5.55405564062,outside_associated_liquid
Morgan+Physical,3,0,ZAFNJMIOTHYJRJ-UHFFFAOYSA-N,Isopropyl ether,298.15,0,0,3.88,5.08582305908,2.80531678598,inside_domain
Morgan+Physical,3,0,LCZUOKDVTBMCMX-UHFFFAOYSA-N,"2,5-Dimethylpyrazine",293.15,0,0,2.436,7.77505683899,1.11662360242,inside_domain
Morgan+Physical,3,0,QWTDNUCVQCZILF-UHFFFAOYSA-N,2-Methylbutane,293.15,0,0,1.843,4.26978874207,1.10396118598,inside_domain
Morgan+Physical,3,0,CYTYCFOTNPOANT-UHFFFAOYSA-N,Tetrachloroethylene,298.15,0,0,2.3,9.58755111694,1.12045182946,inside_domain
Morgan+Physical,3,0,GETTZEONDQJALK-UHFFFAOYSA-N,"alpha,alpha,alpha-Trifluorotoluene",303.15,0,0,9.18,12.5744819641,23.2671758909,inside_domain
Morgan+Physical,3,0,GETQZCLCWQTVFV-UHFFFAOYSA-N,Trimethylamine,298.15,0,0,2.44,10.668340683,2.6946634545,inside_domain
Morgan+Physical,3,0,OEPRBXUJOQLYID-UHFFFAOYSA-N,1-Fluoropentane,293.15,0,0,4.24,6.45907735825,9.3663047404,inside_domain
Morgan+Physical,3,0,OSOUNOBYRMOXQQ-UHFFFAOYSA-N,m-Chlorotoluene,293.15,0,0,5.55,5.39109230042,8.19037794732,inside_domain
Morgan+Physical,3,0,NPDACUSDTOMAMK-UHFFFAOYSA-N,p-Chlorotoluene,293.15,0,0,6.08,5.39109230042,9.81647562753,inside_domain
Morgan+Physical,3,0,WRWPPGUCZBJXKX-UHFFFAOYSA-N,p-Fluorotoluene,303.15,0,0,5.86,19.6900749207,12.7592051561,inside_domain
Morgan+Physical,3,0,QQONPFPTGQHPMA-UHFFFAOYSA-N,Propene,293.15,0,0,1.875,4.20180177689,1.56210378661,inside_domain
Morgan+Physical,3,0,RCJMVGJKROQDCB-UHFFFAOYSA-N,"2-Methyl-1,3-pentadiene",298.15,0,0,2.42,6.27301597595,2.15098593997,inside_domain
Morgan,3,1,ALYCOCULEAWWJO-UHFFFAOYSA-N,triethylpentylammonium bis(trifluoromethylsulfonyl)imide,298.15,0,0,12.5,13.0958843231,6.67840629363,inside_domain
Morgan,3,1,CBTVGIZVANVGBH-UHFFFAOYSA-N,2-amino-2-methylpropan-1-ol,303.15,2,2,20.59,21.470161438,3.826071455,outside_associated_liquid
Morgan,3,1,CQEYYJKEWSMYFG-UHFFFAOYSA-N,butyl 2-propenoate,298.15,0,0,5.31,7.65718650818,8.81943541722,inside_domain
Morgan,3,1,GSEJCLTVZPLZKY-UHFFFAOYSA-N,triethanolamine,303.15,3,3,28.11,31.2866649628,8.50333947546,outside_associated_liquid
Morgan,3,1,HZKDSQCZNUUQIF-UHFFFAOYSA-M,1-ethyl-3-methylimidazolium hydrogen sulfate,298.15,1,1,18.4,23.1527290344,15.1917971963,outside_associated_liquid
Morgan,3,1,KFZMGEQAYNKOFK-UHFFFAOYSA-N,propan-2-ol,299.15,1,1,18.845,14.3970317841,10.0046688096,outside_associated_liquid
Morgan,3,1,LLEVMYXEJUDBTA-UHFFFAOYSA-N,heptanedinitrile,298.15,0,0,29.71,29.5601425171,22.0308625381,inside_domain
Morgan,3,1,OHLUUHNLEMFGTQ-UHFFFAOYSA-N,N-methylacetamide,303.15,1,1,178.47,8.21178531647,5.9744908461,outside_associated_liquid
Morgan,3,1,QRCRANRUHQKZME-UHFFFAOYSA-N,"3-butyl-1,2,4,5-tetramethyl-1H-imidazol-3-ium tetrafluoroborate",298.15,0,0,12,6.26855897903,90.2035313888,inside_domain
Morgan,3,1,STCBHSHARMAIOM-UHFFFAOYSA-N,1-methylimidazolium chloride,298.15,0,0,13.8,21.8844470978,31.9681461493,inside_domain
Morgan,3,1,UAEPNZWRGJTJPN-UHFFFAOYSA-N,methylcyclohexane,298.2,0,0,2.01,6.06931495667,1.10998539605,inside_domain
Morgan,3,1,UCCKRVYTJPMHRO-UHFFFAOYSA-N,"1-butyl-2,3-dimethyl-1H-imidazolium bis(trifluoromethylsulfonyl)amide",298.15,0,0,14,14.4571275711,11.4813553141,inside_domain
Morgan,3,1,UEEJHVSXFDXPFK-UHFFFAOYSA-N,"2-(N,N-dimethylamino)ethanol",303.15,1,1,17.18,27.3836708069,2.86613042866,outside_associated_liquid
Morgan,3,1,UWHCKJMYHZGTIT-UHFFFAOYSA-N,tetraethylene glycol,298.15,2,2,19.91,26.139289856,16.8875268244,outside_associated_liquid
Morgan,3,1,VVLAIYIMMFWRFW-UHFFFAOYSA-N,2-hydroxyethylammonium acetate,298.15,3,3,58.3,38.5682258606,4.76933191054,outside_associated_liquid
Morgan,3,1,WYJOVVXUZNRJQY-UHFFFAOYSA-N,2-acetylthiophene,298.15,0,0,29.19,14.8002166748,26.4529603231,inside_domain
Morgan,3,1,ZBCBWPMODOFKDW-UHFFFAOYSA-N,diethanolamine,303.15,3,3,24.69,28.2600440979,10.034846241,outside_associated_liquid
Morgan,3,1,DIQMPQMYFZXDAX-UHFFFAOYSA-N,Amyl formate,298.15,0,0,6.49,10.2277355194,8.4969957051,inside_domain
Morgan,3,1,XNWFRZJHXBZDAG-UHFFFAOYSA-N,2-Methoxyethanol,303.15,1,1,16,19.2782306671,12.9838712423,outside_associated_liquid
Morgan,3,1,CSCPPACGZOOCGX-UHFFFAOYSA-N,Acetone,298.15,0,0,20.7,14.6160936356,29.9937881156,inside_domain
Morgan,3,1,FERIUCNNQQJTOY-UHFFFAOYSA-N,Butyric acid,293.15,1,1,2.97,14.5265960693,7.21717286495,outside_associated_liquid
Morgan,3,1,SPEUIVXLLWOEMJ-UHFFFAOYSA-N,"1,1-Dimethoxyethane",293.15,0,0,3.49,5.84851312637,8.95630913771,inside_domain
Morgan,3,1,NQPDZGIKBAWPEJ-UHFFFAOYSA-N,Valeric acid,293.15,1,1,2.66,14.3593740463,5.73031614295,outside_associated_liquid
Morgan,3,1,WEVYAHXRMPXWCK-UHFFFAOYSA-N,Acetonitrile,293.15,0,0,37.5,32.5683822632,53.5642531651,inside_domain
Morgan,3,1,FVSKHRXBFJPNKK-UHFFFAOYSA-N,Propionitrile,293.15,0,0,27.2,23.7240123749,38.9694829474,inside_domain
Morgan,3,1,NKKMVIVFRUYPLQ-NSCUHMNNSA-N,Crotononitrile (bp 108 C),293.15,0,0,36.1,32.2671813965,48.0153469112,inside_domain
Morgan,3,1,WVDDGKGOMKODPV-UHFFFAOYSA-N,Benzyl alcohol,293.15,1,1,13.1,21.5903015137,5.77594569883,outside_associated_liquid
Morgan,3,1,QGJOPFRUJISHPQ-UHFFFAOYSA-N,Carbon disulfide,293.15,0,0,2.641,10.9549865723,1.14604082971,inside_domain
Morgan,3,1,MHNNAWXXUZQSNM-UHFFFAOYSA-N,2-Methyl-1-butene,293.15,0,0,2.197,7.04455518723,1.69384086029,inside_domain
Morgan,3,1,ZQDPJFUHLCOCRG-WAYWQWQTSA-N,cis-3-Hexene,298.15,0,0,2.062,5.03504896164,1.19258064684,inside_domain
Morgan,3,1,VLKZOEOYAKHREP-UHFFFAOYSA-N,n-Hexane,293.15,0,0,1.89,5.16902971268,1.10385792273,inside_domain
Morgan,3,1,PIICEJLVQHRZGT-UHFFFAOYSA-N,"1,2-Ethanediamine",293.15,2,2,14.2,13.1175985336,1.53256228944,outside_associated_liquid
Morgan,3,1,ZPQOPVIELGIULI-UHFFFAOYSA-N,m-Dichlorobenzene,298.15,0,0,5.04,5.06536149979,4.80631156245,inside_domain
Morgan,3,1,ROSDSFDQCJNGOL-UHFFFAOYSA-N,Dimethylamine,298.15,1,1,5.26,6.47341299057,4.58015414622,outside_associated_liquid
Morgan,3,1,WQAQPCDUOCURKW-UHFFFAOYSA-N,1-Butanethiol,298.15,1,1,4.95,5.53281021118,12.2942625019,outside_associated_liquid
Morgan,3,1,LJSQFQKUNVCTIA-UHFFFAOYSA-N,Ethyl sulfide,298.15,0,0,5.72,5.33625173569,10.37513043,inside_domain
Morgan,3,1,JUJWROOIHBZHMG-UHFFFAOYSA-N,Pyridine,298.15,0,0,12.3,15.5904054642,9.88027991812,inside_domain
Morgan,3,1,ZRKMQKLGEQPLNS-UHFFFAOYSA-N,1-Pentanethiol,298.15,1,1,4.55,5.53281021118,9.12891097269,outside_associated_liquid
Morgan,3,1,QARVLSVVCXYDNA-UHFFFAOYSA-N,Bromobenzene,298.15,0,0,5.4,6.73698806763,21.0611689365,inside_domain
Morgan,3,1,RRHGJUQNOFWUDK-UHFFFAOYSA-N,"2-Methyl-1,3-butadiene (Isoprene)",298.15,0,0,2.1,8.04652881622,1.33056486908,inside_domain
Morgan,3,1,APPOKADJQUIAHP-UHFFFAOYSA-N,"2,4-Hexadiene",298.15,0,0,2.22,6.17221021652,1.31910733263,inside_domain
Physical,3,1,ALYCOCULEAWWJO-UHFFFAOYSA-N,triethylpentylammonium bis(trifluoromethylsulfonyl)imide,298.15,0,0,12.5,10.8942661285,6.67840629363,inside_domain
Physical,3,1,CBTVGIZVANVGBH-UHFFFAOYSA-N,2-amino-2-methylpropan-1-ol,303.15,2,2,20.59,39.333316803,3.826071455,outside_associated_liquid
Physical,3,1,CQEYYJKEWSMYFG-UHFFFAOYSA-N,butyl 2-propenoate,298.15,0,0,5.31,8.84329032898,8.81943541722,inside_domain
Physical,3,1,GSEJCLTVZPLZKY-UHFFFAOYSA-N,triethanolamine,303.15,3,3,28.11,24.0949878693,8.50333947546,outside_associated_liquid
Physical,3,1,HZKDSQCZNUUQIF-UHFFFAOYSA-M,1-ethyl-3-methylimidazolium hydrogen sulfate,298.15,1,1,18.4,12.2979536057,15.1917971963,outside_associated_liquid
Physical,3,1,KFZMGEQAYNKOFK-UHFFFAOYSA-N,propan-2-ol,299.15,1,1,18.845,14.8750400543,10.0046688096,outside_associated_liquid
Physical,3,1,LLEVMYXEJUDBTA-UHFFFAOYSA-N,heptanedinitrile,298.15,0,0,29.71,17.9808864594,22.0308625381,inside_domain
Physical,3,1,OHLUUHNLEMFGTQ-UHFFFAOYSA-N,N-methylacetamide,303.15,1,1,178.47,14.3075637817,5.9744908461,outside_associated_liquid
Physical,3,1,QRCRANRUHQKZME-UHFFFAOYSA-N,"3-butyl-1,2,4,5-tetramethyl-1H-imidazol-3-ium tetrafluoroborate",298.15,0,0,12,17.8227386475,90.2035313888,inside_domain
Physical,3,1,STCBHSHARMAIOM-UHFFFAOYSA-N,1-methylimidazolium chloride,298.15,0,0,13.8,25.2096290588,31.9681461493,inside_domain
Physical,3,1,UAEPNZWRGJTJPN-UHFFFAOYSA-N,methylcyclohexane,298.2,0,0,2.01,2.64538025856,1.10998539605,inside_domain
Physical,3,1,UCCKRVYTJPMHRO-UHFFFAOYSA-N,"1-butyl-2,3-dimethyl-1H-imidazolium bis(trifluoromethylsulfonyl)amide",298.15,0,0,14,15.0800228119,11.4813553141,inside_domain
Physical,3,1,UEEJHVSXFDXPFK-UHFFFAOYSA-N,"2-(N,N-dimethylamino)ethanol",303.15,1,1,17.18,8.8749961853,2.86613042866,outside_associated_liquid
Physical,3,1,UWHCKJMYHZGTIT-UHFFFAOYSA-N,tetraethylene glycol,298.15,2,2,19.91,21.7004947662,16.8875268244,outside_associated_liquid
Physical,3,1,VVLAIYIMMFWRFW-UHFFFAOYSA-N,2-hydroxyethylammonium acetate,298.15,3,3,58.3,51.1152954102,4.76933191054,outside_associated_liquid
Physical,3,1,WYJOVVXUZNRJQY-UHFFFAOYSA-N,2-acetylthiophene,298.15,0,0,29.19,15.9628915787,26.4529603231,inside_domain
Physical,3,1,ZBCBWPMODOFKDW-UHFFFAOYSA-N,diethanolamine,303.15,3,3,24.69,30.7588653564,10.034846241,outside_associated_liquid
Physical,3,1,DIQMPQMYFZXDAX-UHFFFAOYSA-N,Amyl formate,298.15,0,0,6.49,8.88726234436,8.4969957051,inside_domain
Physical,3,1,XNWFRZJHXBZDAG-UHFFFAOYSA-N,2-Methoxyethanol,303.15,1,1,16,13.61606884,12.9838712423,outside_associated_liquid
Physical,3,1,CSCPPACGZOOCGX-UHFFFAOYSA-N,Acetone,298.15,0,0,20.7,29.5844631195,29.9937881156,inside_domain
Physical,3,1,FERIUCNNQQJTOY-UHFFFAOYSA-N,Butyric acid,293.15,1,1,2.97,11.6101741791,7.21717286495,outside_associated_liquid
Physical,3,1,SPEUIVXLLWOEMJ-UHFFFAOYSA-N,"1,1-Dimethoxyethane",293.15,0,0,3.49,9.42857933044,8.95630913771,inside_domain
Physical,3,1,NQPDZGIKBAWPEJ-UHFFFAOYSA-N,Valeric acid,293.15,1,1,2.66,10.7308063507,5.73031614295,outside_associated_liquid
Physical,3,1,WEVYAHXRMPXWCK-UHFFFAOYSA-N,Acetonitrile,293.15,0,0,37.5,76.2417068481,53.5642531651,inside_domain
Physical,3,1,FVSKHRXBFJPNKK-UHFFFAOYSA-N,Propionitrile,293.15,0,0,27.2,38.2022399902,38.9694829474,inside_domain
Physical,3,1,NKKMVIVFRUYPLQ-NSCUHMNNSA-N,Crotononitrile (bp 108 C),293.15,0,0,36.1,37.3007278442,48.0153469112,inside_domain
Physical,3,1,WVDDGKGOMKODPV-UHFFFAOYSA-N,Benzyl alcohol,293.15,1,1,13.1,10.4046592712,5.77594569883,outside_associated_liquid
Physical,3,1,QGJOPFRUJISHPQ-UHFFFAOYSA-N,Carbon disulfide,293.15,0,0,2.641,19.3167381287,1.14604082971,inside_domain
Physical,3,1,MHNNAWXXUZQSNM-UHFFFAOYSA-N,2-Methyl-1-butene,293.15,0,0,2.197,2.29586482048,1.69384086029,inside_domain
Physical,3,1,ZQDPJFUHLCOCRG-WAYWQWQTSA-N,cis-3-Hexene,298.15,0,0,2.062,1.62023603916,1.19258064684,inside_domain
Physical,3,1,VLKZOEOYAKHREP-UHFFFAOYSA-N,n-Hexane,293.15,0,0,1.89,2.44943904877,1.10385792273,inside_domain
Physical,3,1,PIICEJLVQHRZGT-UHFFFAOYSA-N,"1,2-Ethanediamine",293.15,2,2,14.2,40.6750450134,1.53256228944,outside_associated_liquid
Physical,3,1,ZPQOPVIELGIULI-UHFFFAOYSA-N,m-Dichlorobenzene,298.15,0,0,5.04,4.67847681046,4.80631156245,inside_domain
Physical,3,1,ROSDSFDQCJNGOL-UHFFFAOYSA-N,Dimethylamine,298.15,1,1,5.26,5.39493751526,4.58015414622,outside_associated_liquid
Physical,3,1,WQAQPCDUOCURKW-UHFFFAOYSA-N,1-Butanethiol,298.15,1,1,4.95,6.8679151535,12.2942625019,outside_associated_liquid
Physical,3,1,LJSQFQKUNVCTIA-UHFFFAOYSA-N,Ethyl sulfide,298.15,0,0,5.72,5.63135814667,10.37513043,inside_domain
Physical,3,1,JUJWROOIHBZHMG-UHFFFAOYSA-N,Pyridine,298.15,0,0,12.3,6.78411817551,9.88027991812,inside_domain
Physical,3,1,ZRKMQKLGEQPLNS-UHFFFAOYSA-N,1-Pentanethiol,298.15,1,1,4.55,6.60683917999,9.12891097269,outside_associated_liquid
Physical,3,1,QARVLSVVCXYDNA-UHFFFAOYSA-N,Bromobenzene,298.15,0,0,5.4,8.79409503937,21.0611689365,inside_domain
Physical,3,1,RRHGJUQNOFWUDK-UHFFFAOYSA-N,"2-Methyl-1,3-butadiene (Isoprene)",298.15,0,0,2.1,2.08471417427,1.33056486908,inside_domain
Physical,3,1,APPOKADJQUIAHP-UHFFFAOYSA-N,"2,4-Hexadiene",298.15,0,0,2.22,2.01372861862,1.31910733263,inside_domain
Morgan+Physical,3,1,ALYCOCULEAWWJO-UHFFFAOYSA-N,triethylpentylammonium bis(trifluoromethylsulfonyl)imide,298.15,0,0,12.5,11.9950752258,6.67840629363,inside_domain
Morgan+Physical,3,1,CBTVGIZVANVGBH-UHFFFAOYSA-N,2-amino-2-methylpropan-1-ol,303.15,2,2,20.59,30.4017391205,3.826071455,outside_associated_liquid
Morgan+Physical,3,1,CQEYYJKEWSMYFG-UHFFFAOYSA-N,butyl 2-propenoate,298.15,0,0,5.31,8.25023841858,8.81943541722,inside_domain
Morgan+Physical,3,1,GSEJCLTVZPLZKY-UHFFFAOYSA-N,triethanolamine,303.15,3,3,28.11,27.690826416,8.50333947546,outside_associated_liquid
Morgan+Physical,3,1,HZKDSQCZNUUQIF-UHFFFAOYSA-M,1-ethyl-3-methylimidazolium hydrogen sulfate,298.15,1,1,18.4,17.7253417969,15.1917971963,outside_associated_liquid
Morgan+Physical,3,1,KFZMGEQAYNKOFK-UHFFFAOYSA-N,propan-2-ol,299.15,1,1,18.845,14.6360359192,10.0046688096,outside_associated_liquid
Morgan+Physical,3,1,LLEVMYXEJUDBTA-UHFFFAOYSA-N,heptanedinitrile,298.15,0,0,29.71,23.7705154419,22.0308625381,inside_domain
Morgan+Physical,3,1,OHLUUHNLEMFGTQ-UHFFFAOYSA-N,N-methylacetamide,303.15,1,1,178.47,11.2596740723,5.9744908461,outside_associated_liquid
Morgan+Physical,3,1,QRCRANRUHQKZME-UHFFFAOYSA-N,"3-butyl-1,2,4,5-tetramethyl-1H-imidazol-3-ium tetrafluoroborate",298.15,0,0,12,12.0456485748,90.2035313888,inside_domain
Morgan+Physical,3,1,STCBHSHARMAIOM-UHFFFAOYSA-N,1-methylimidazolium chloride,298.15,0,0,13.8,23.547039032,31.9681461493,inside_domain
Morgan+Physical,3,1,UAEPNZWRGJTJPN-UHFFFAOYSA-N,methylcyclohexane,298.2,0,0,2.01,4.3573474884,1.10998539605,inside_domain
Morgan+Physical,3,1,UCCKRVYTJPMHRO-UHFFFAOYSA-N,"1-butyl-2,3-dimethyl-1H-imidazolium bis(trifluoromethylsulfonyl)amide",298.15,0,0,14,14.7685756683,11.4813553141,inside_domain
Morgan+Physical,3,1,UEEJHVSXFDXPFK-UHFFFAOYSA-N,"2-(N,N-dimethylamino)ethanol",303.15,1,1,17.18,18.1293334961,2.86613042866,outside_associated_liquid
Morgan+Physical,3,1,UWHCKJMYHZGTIT-UHFFFAOYSA-N,tetraethylene glycol,298.15,2,2,19.91,23.9198913574,16.8875268244,outside_associated_liquid
Morgan+Physical,3,1,VVLAIYIMMFWRFW-UHFFFAOYSA-N,2-hydroxyethylammonium acetate,298.15,3,3,58.3,44.841758728,4.76933191054,outside_associated_liquid
Morgan+Physical,3,1,WYJOVVXUZNRJQY-UHFFFAOYSA-N,2-acetylthiophene,298.15,0,0,29.19,15.3815536499,26.4529603231,inside_domain
Morgan+Physical,3,1,ZBCBWPMODOFKDW-UHFFFAOYSA-N,diethanolamine,303.15,3,3,24.69,29.5094547272,10.034846241,outside_associated_liquid
Morgan+Physical,3,1,DIQMPQMYFZXDAX-UHFFFAOYSA-N,Amyl formate,298.15,0,0,6.49,9.55749893188,8.4969957051,inside_domain
Morgan+Physical,3,1,XNWFRZJHXBZDAG-UHFFFAOYSA-N,2-Methoxyethanol,303.15,1,1,16,16.4471492767,12.9838712423,outside_associated_liquid
Morgan+Physical,3,1,CSCPPACGZOOCGX-UHFFFAOYSA-N,Acetone,298.15,0,0,20.7,22.1002788544,29.9937881156,inside_domain
Morgan+Physical,3,1,FERIUCNNQQJTOY-UHFFFAOYSA-N,Butyric acid,293.15,1,1,2.97,13.0683851242,7.21717286495,outside_associated_liquid
Morgan+Physical,3,1,SPEUIVXLLWOEMJ-UHFFFAOYSA-N,"1,1-Dimethoxyethane",293.15,0,0,3.49,7.63854598999,8.95630913771,inside_domain
Morgan+Physical,3,1,NQPDZGIKBAWPEJ-UHFFFAOYSA-N,Valeric acid,293.15,1,1,2.66,12.5450897217,5.73031614295,outside_associated_liquid
Morgan+Physical,3,1,WEVYAHXRMPXWCK-UHFFFAOYSA-N,Acetonitrile,293.15,0,0,37.5,54.4050445557,53.5642531651,inside_domain
Morgan+Physical,3,1,FVSKHRXBFJPNKK-UHFFFAOYSA-N,Propionitrile,293.15,0,0,27.2,30.9631271362,38.9694829474,inside_domain
Morgan+Physical,3,1,NKKMVIVFRUYPLQ-NSCUHMNNSA-N,Crotononitrile (bp 108 C),293.15,0,0,36.1,34.7839546204,48.0153469112,inside_domain
Morgan+Physical,3,1,WVDDGKGOMKODPV-UHFFFAOYSA-N,Benzyl alcohol,293.15,1,1,13.1,15.9974803925,5.77594569883,outside_associated_liquid
Morgan+Physical,3,1,QGJOPFRUJISHPQ-UHFFFAOYSA-N,Carbon disulfide,293.15,0,0,2.641,15.1358623505,1.14604082971,inside_domain
Morgan+Physical,3,1,MHNNAWXXUZQSNM-UHFFFAOYSA-N,2-Methyl-1-butene,293.15,0,0,2.197,4.67020988464,1.69384086029,inside_domain
Morgan+Physical,3,1,ZQDPJFUHLCOCRG-WAYWQWQTSA-N,cis-3-Hexene,298.15,0,0,2.062,3.3276424408,1.19258064684,inside_domain
Morgan+Physical,3,1,VLKZOEOYAKHREP-UHFFFAOYSA-N,n-Hexane,293.15,0,0,1.89,3.80923438072,1.10385792273,inside_domain
Morgan+Physical,3,1,PIICEJLVQHRZGT-UHFFFAOYSA-N,"1,2-Ethanediamine",293.15,2,2,14.2,26.8963222504,1.53256228944,outside_associated_liquid
Morgan+Physical,3,1,ZPQOPVIELGIULI-UHFFFAOYSA-N,m-Dichlorobenzene,298.15,0,0,5.04,4.87191915512,4.80631156245,inside_domain
Morgan+Physical,3,1,ROSDSFDQCJNGOL-UHFFFAOYSA-N,Dimethylamine,298.15,1,1,5.26,5.93417549133,4.58015414622,outside_associated_liquid
Morgan+Physical,3,1,WQAQPCDUOCURKW-UHFFFAOYSA-N,1-Butanethiol,298.15,1,1,4.95,6.20036268234,12.2942625019,outside_associated_liquid
Morgan+Physical,3,1,LJSQFQKUNVCTIA-UHFFFAOYSA-N,Ethyl sulfide,298.15,0,0,5.72,5.48380470276,10.37513043,inside_domain
Morgan+Physical,3,1,JUJWROOIHBZHMG-UHFFFAOYSA-N,Pyridine,298.15,0,0,12.3,11.1872615814,9.88027991812,inside_domain
Morgan+Physical,3,1,ZRKMQKLGEQPLNS-UHFFFAOYSA-N,1-Pentanethiol,298.15,1,1,4.55,6.06982469559,9.12891097269,outside_associated_liquid
Morgan+Physical,3,1,QARVLSVVCXYDNA-UHFFFAOYSA-N,Bromobenzene,298.15,0,0,5.4,7.7655415535,21.0611689365,inside_domain
Morgan+Physical,3,1,RRHGJUQNOFWUDK-UHFFFAOYSA-N,"2-Methyl-1,3-butadiene (Isoprene)",298.15,0,0,2.1,5.06562137604,1.33056486908,inside_domain
Morgan+Physical,3,1,APPOKADJQUIAHP-UHFFFAOYSA-N,"2,4-Hexadiene",298.15,0,0,2.22,4.09296941757,1.31910733263,inside_domain
Morgan,3,2,BAPJBEWLBFYGME-UHFFFAOYSA-N,methyl propenoate,298.15,0,0,7.021,11.5102729797,7.29190026496,inside_domain
Morgan,3,2,BDERNNFJNOPAEC-UHFFFAOYSA-N,propan-1-ol,298.15,1,1,21.3,14.9435052872,10.28867817,outside_associated_liquid
Morgan,3,2,DKGAVHZHDRPRBM-UHFFFAOYSA-N,2-methylpropan-2-ol,298.15,1,1,12.49,11.8509254456,6.90436439321,outside_associated_liquid
Morgan,3,2,GRYUVYIMDGRRLN-UHFFFAOYSA-N,"1-butyl-2,3,4,5-tetramethylimidazolium bis(trifluoromethylsulfonyl)imide",298.15,0,0,15,13.2522974014,18.8149235057,inside_domain
Morgan,3,2,IIRFCWANHMSDCG-UHFFFAOYSA-N,cyclooctanone,300.65,0,0,14.38,15.1954593658,13.5668987419,inside_domain
Morgan,3,2,JHIVVAPYMSGYDF-UHFFFAOYSA-N,cyclohexanone,298.15,0,0,15.79,15.1954593658,19.6553000971,inside_domain
Morgan,3,2,KBPLFHHGFOOTCA-UHFFFAOYSA-N,octan-1-ol,298.15,1,1,10.66,14.9435052872,4.22641786179,outside_associated_liquid
Morgan,3,2,KLTUZFZUYLXTFF-UHFFFAOYSA-N,1-(2-hydroxyethyl)-3-methylimidazolium tetrafluoroborate,298.15,1,1,23.3,20.5531139374,82.1073071673,outside_associated_liquid
Morgan,3,2,LVTYICIALWPMFW-UHFFFAOYSA-N,N-(2-hydroxypropyl)-2-hydroxy-1-propanamine,303.15,3,3,13.87,15.8686914444,21.6555806344,outside_associated_liquid
Morgan,3,2,MWKFXSUHUHTGQN-UHFFFAOYSA-N,decan-1-ol,298.15,1,1,7.74,14.9435052872,3.3156322585,outside_associated_liquid
Morgan,3,2,NEQXUPRFDXNNTA-UHFFFAOYSA-N,2-hydroxyethylammonium lactate,298.15,4,4,85.6,45.2846069336,5.97933023131,outside_associated_liquid
Morgan,3,2,OIFBSDVPJOWBCH-UHFFFAOYSA-N,diethyl carbonate,298.15,0,0,2.834,9.54167556763,1.35579310568,inside_domain
Morgan,3,2,OOKUTCYPKPJYFV-UHFFFAOYSA-N,1-methylimidazolium bromide,298.15,0,0,16.6,18.8788280487,28.8470050896,inside_domain
Morgan,3,2,SHQSVMDWKBRBGB-UHFFFAOYSA-N,cyclobutanone,298.15,0,0,14.96,15.1954593658,24.058855292,inside_domain
Morgan,3,2,UODQEMVTULZGKO-UHFFFAOYSA-N,"1-pentyl-1-methylpyrrolidinium 1,1,1-trifluoro-N-[(trifluoromethyl)sulfonyl]methanesulfonamide",298.15,0,0,12.5,12.4143323898,24.4937811978,inside_domain
Morgan,3,2,VCAIYEJBOWHUGP-UHFFFAOYSA-N,"1-butyl-2,3-dimethylimidazolium tetrafluoroborate",298.15,0,0,13.3,7.43642950058,2.20117467965,inside_domain
Morgan,3,2,VFTFKUDGYRBSAL-UHFFFAOYSA-N,"1,4,7,10,13-pentaoxacyclopentadecane",298.15,0,0,15.48,8.93028640747,14.8444868881,inside_domain
Morgan,3,2,WZLFPVPRZGTCKP-UHFFFAOYSA-N,"1,1,1,3,3-pentafluorobutane",298.115,0,0,11.8861,8.48424720764,6.83236100939,inside_domain
Morgan,3,2,XDJYSDBSJWNTQT-UHFFFAOYSA-N,"1-ethyl-2,3-dimethylimidazolium bis[(trifluoromethyl)sulfonyl]imide",298.15,0,0,12.8,13.2823877335,44.2192801694,inside_domain
Morgan,3,2,XQQZRZQVBFHBHL-UHFFFAOYSA-N,"1,4,7,10-tetraoxacyclododecane",299.4,0,0,10.76,8.93028640747,11.613237056,inside_domain
Morgan,3,2,YEJRWHAVMIAJKC-UHFFFAOYSA-N,.gamma.-butyrolactone,295.65,0,0,41.99,16.4681911469,50.6116986269,inside_domain
Morgan,3,2,YXFVVABEGXRONW-UHFFFAOYSA-N,toluene,297.385,0,0,2.40445,7.02070045471,1.46990395237,inside_domain
Morgan,3,2,ZSIAUFGUXNUGDI-UHFFFAOYSA-N,hexan-1-ol,298.15,1,1,14.26,14.9435052872,5.23133673613,outside_associated_liquid
Morgan,3,2,ZTOMUSMDRMJOTH-UHFFFAOYSA-N,pentanedinitrile,298.15,0,0,34.6,29.752363205,26.6601988036,inside_domain
Morgan,3,2,ZUHZGEOKBKGPSW-UHFFFAOYSA-N,"2,5,8,11,14-pentaoxapentadecane",298.15,0,0,7.798,7.37078142166,10.2230813729,inside_domain
Morgan,3,2,DTQVDTLACAAQTR-UHFFFAOYSA-N,Trifluoroacetic acid,293.15,1,1,39.5,17.6521530151,28.7487569677,outside_associated_liquid
Morgan,3,2,YNAVUWVOSKDBBP-UHFFFAOYSA-N,Morpholine,298.15,1,1,7.33,8.93028640747,5.3942637877,outside_associated_liquid
Morgan,3,2,ISPYQTSUDJAMAB-UHFFFAOYSA-N,o-Chlorophenol,298.15,1,1,6.31,8.99695682526,2.71741653544,outside_associated_liquid
Morgan,3,2,XCIXKGXIYUWCLL-UHFFFAOYSA-N,Cyclopentanol,293.15,1,1,18,10.7830410004,6.20107699779,outside_associated_liquid
Morgan,3,2,POLCUAVZOMRGSN-UHFFFAOYSA-N,Propyl ether,299.15,0,0,3.39,4.0903878212,3.4892418063,inside_domain
Morgan,3,2,RLSSMJSEOOYNOY-UHFFFAOYSA-N,m-Cresol,298.15,1,1,11.8,8.87345981598,6.72405719621,outside_associated_liquid
Morgan,3,2,HTSABYAWKQAHBT-UHFFFAOYSA-N,3-Methylcyclohexanol,293.15,1,1,12.3,10.3370018005,4.10543593176,outside_associated_liquid
Morgan,3,2,OFBQJSOFQDEBGM-UHFFFAOYSA-N,n-Pentane,293.15,0,0,1.844,4.79949855804,1.1048859414,inside_domain
Morgan,3,2,NEZRFXZYPAIZAD-UHFFFAOYSA-N,Ethylcyclobutane,293.15,0,0,1.965,6.51391077042,1.12524438408,inside_domain
Morgan,3,2,UQEAIHBTYFGYIE-UHFFFAOYSA-N,Hexamethyldisiloxane,293.15,0,0,2.17,7.79600524902,1.21737241547,inside_domain
Morgan,3,2,KFUSEUYYWQURPO-UPHRSURJSA-N,"cis-1,2-Dichloroethylene",298.15,0,0,9.2,8.93028640747,9.01512393578,inside_domain
Morgan,3,2,KFUSEUYYWQURPO-OWOJBTEDSA-N,"trans-1,2-Dichloroethylene",298.15,0,0,2.14,8.93028640747,1.11523574299,inside_domain
Morgan,3,2,WQONPSCCEXUXTQ-UHFFFAOYSA-N,o-Dibromobenzene,293.15,0,0,7.35,7.14419698715,35.3981532236,inside_domain
Morgan,3,2,SFPQFQUXAJOWNF-UHFFFAOYSA-N,m-Diiodobenzene,298.15,0,0,4.25,7.14419698715,13.6499299113,inside_domain
Morgan,3,2,PAYRUJLWNCNPSJ-UHFFFAOYSA-N,Aniline,293.15,1,1,6.89,7.57148694992,7.45516883493,outside_associated_liquid
Morgan,3,2,ZMANZCXQSJIPKH-UHFFFAOYSA-N,Triethylamine,298.15,0,0,2.42,6.98264741898,1.58318603892,inside_domain
Physical,3,2,BAPJBEWLBFYGME-UHFFFAOYSA-N,methyl propenoate,298.15,0,0,7.021,8.38453769684,7.29190026496,inside_domain
Physical,3,2,BDERNNFJNOPAEC-UHFFFAOYSA-N,propan-1-ol,298.15,1,1,21.3,14.1204872131,10.28867817,outside_associated_liquid
Physical,3,2,DKGAVHZHDRPRBM-UHFFFAOYSA-N,2-methylpropan-2-ol,298.15,1,1,12.49,11.4889497757,6.90436439321,outside_associated_liquid
Physical,3,2,GRYUVYIMDGRRLN-UHFFFAOYSA-N,"1-butyl-2,3,4,5-tetramethylimidazolium bis(trifluoromethylsulfonyl)imide",298.15,0,0,15,19.1858253479,18.8149235057,inside_domain
Physical,3,2,IIRFCWANHMSDCG-UHFFFAOYSA-N,cyclooctanone,300.65,0,0,14.38,8.1580581665,13.5668987419,inside_domain
Physical,3,2,JHIVVAPYMSGYDF-UHFFFAOYSA-N,cyclohexanone,298.15,0,0,15.79,12.746840477,19.6553000971,inside_domain
Physical,3,2,KBPLFHHGFOOTCA-UHFFFAOYSA-N,octan-1-ol,298.15,1,1,10.66,10.4393043518,4.22641786179,outside_associated_liquid
Physical,3,2,KLTUZFZUYLXTFF-UHFFFAOYSA-N,1-(2-hydroxyethyl)-3-methylimidazolium tetrafluoroborate,298.15,1,1,23.3,25.2852802277,82.1073071673,outside_associated_liquid
Physical,3,2,LVTYICIALWPMFW-UHFFFAOYSA-N,N-(2-hydroxypropyl)-2-hydroxy-1-propanamine,303.15,3,3,13.87,29.7093029022,21.6555806344,outside_associated_liquid
Physical,3,2,MWKFXSUHUHTGQN-UHFFFAOYSA-N,decan-1-ol,298.15,1,1,7.74,11.0745267868,3.3156322585,outside_associated_liquid
Physical,3,2,NEQXUPRFDXNNTA-UHFFFAOYSA-N,2-hydroxyethylammonium lactate,298.15,4,4,85.6,43.8398666382,5.97933023131,outside_associated_liquid
Physical,3,2,OIFBSDVPJOWBCH-UHFFFAOYSA-N,diethyl carbonate,298.15,0,0,2.834,11.5215473175,1.35579310568,inside_domain
Physical,3,2,OOKUTCYPKPJYFV-UHFFFAOYSA-N,1-methylimidazolium bromide,298.15,0,0,16.6,21.0555267334,28.8470050896,inside_domain
Physical,3,2,SHQSVMDWKBRBGB-UHFFFAOYSA-N,cyclobutanone,298.15,0,0,14.96,28.1054649353,24.058855292,inside_domain
Physical,3,2,UODQEMVTULZGKO-UHFFFAOYSA-N,"1-pentyl-1-methylpyrrolidinium 1,1,1-trifluoro-N-[(trifluoromethyl)sulfonyl]methanesulfonamide",298.15,0,0,12.5,19.2410430908,24.4937811978,inside_domain
Physical,3,2,VCAIYEJBOWHUGP-UHFFFAOYSA-N,"1-butyl-2,3-dimethylimidazolium tetrafluoroborate",298.15,0,0,13.3,1,2.20117467965,inside_domain
Physical,3,2,VFTFKUDGYRBSAL-UHFFFAOYSA-N,"1,4,7,10,13-pentaoxacyclopentadecane",298.15,0,0,15.48,13.8767356873,14.8444868881,inside_domain
Physical,3,2,WZLFPVPRZGTCKP-UHFFFAOYSA-N,"1,1,1,3,3-pentafluorobutane",298.115,0,0,11.8861,5.222905159,6.83236100939,inside_domain
Physical,3,2,XDJYSDBSJWNTQT-UHFFFAOYSA-N,"1-ethyl-2,3-dimethylimidazolium bis[(trifluoromethyl)sulfonyl]imide",298.15,0,0,12.8,24.6396808624,44.2192801694,inside_domain
Physical,3,2,XQQZRZQVBFHBHL-UHFFFAOYSA-N,"1,4,7,10-tetraoxacyclododecane",299.4,0,0,10.76,10.5362644196,11.613237056,inside_domain
Physical,3,2,YEJRWHAVMIAJKC-UHFFFAOYSA-N,.gamma.-butyrolactone,295.65,0,0,41.99,25.4590454102,50.6116986269,inside_domain
Physical,3,2,YXFVVABEGXRONW-UHFFFAOYSA-N,toluene,297.385,0,0,2.40445,1.74020814896,1.46990395237,inside_domain
Physical,3,2,ZSIAUFGUXNUGDI-UHFFFAOYSA-N,hexan-1-ol,298.15,1,1,14.26,10.9956035614,5.23133673613,outside_associated_liquid
Physical,3,2,ZTOMUSMDRMJOTH-UHFFFAOYSA-N,pentanedinitrile,298.15,0,0,34.6,23.3302001953,26.6601988036,inside_domain
Physical,3,2,ZUHZGEOKBKGPSW-UHFFFAOYSA-N,"2,5,8,11,14-pentaoxapentadecane",298.15,0,0,7.798,9.89991283417,10.2230813729,inside_domain
Physical,3,2,DTQVDTLACAAQTR-UHFFFAOYSA-N,Trifluoroacetic acid,293.15,1,1,39.5,32.2851753235,28.7487569677,outside_associated_liquid
Physical,3,2,YNAVUWVOSKDBBP-UHFFFAOYSA-N,Morpholine,298.15,1,1,7.33,16.0601882935,5.3942637877,outside_associated_liquid
Physical,3,2,ISPYQTSUDJAMAB-UHFFFAOYSA-N,o-Chlorophenol,298.15,1,1,6.31,18.2493591309,2.71741653544,outside_associated_liquid
Physical,3,2,XCIXKGXIYUWCLL-UHFFFAOYSA-N,Cyclopentanol,293.15,1,1,18,15.7047080994,6.20107699779,outside_associated_liquid
Physical,3,2,POLCUAVZOMRGSN-UHFFFAOYSA-N,Propyl ether,299.15,0,0,3.39,4.08266353607,3.4892418063,inside_domain
Physical,3,2,RLSSMJSEOOYNOY-UHFFFAOYSA-N,m-Cresol,298.15,1,1,11.8,13.9580135345,6.72405719621,outside_associated_liquid
Physical,3,2,HTSABYAWKQAHBT-UHFFFAOYSA-N,3-Methylcyclohexanol,293.15,1,1,12.3,16.75207901,4.10543593176,outside_associated_liquid
Physical,3,2,OFBQJSOFQDEBGM-UHFFFAOYSA-N,n-Pentane,293.15,0,0,1.844,2.64456391335,1.1048859414,inside_domain
Physical,3,2,NEZRFXZYPAIZAD-UHFFFAOYSA-N,Ethylcyclobutane,293.15,0,0,1.965,2.15911984444,1.12524438408,inside_domain
Physical,3,2,UQEAIHBTYFGYIE-UHFFFAOYSA-N,Hexamethyldisiloxane,293.15,0,0,2.17,1.0009469986,1.21737241547,inside_domain
Physical,3,2,KFUSEUYYWQURPO-UPHRSURJSA-N,"cis-1,2-Dichloroethylene",298.15,0,0,9.2,6.09770679474,9.01512393578,inside_domain
Physical,3,2,KFUSEUYYWQURPO-OWOJBTEDSA-N,"trans-1,2-Dichloroethylene",298.15,0,0,2.14,4.24574279785,1.11523574299,inside_domain
Physical,3,2,WQONPSCCEXUXTQ-UHFFFAOYSA-N,o-Dibromobenzene,293.15,0,0,7.35,16.1225566864,35.3981532236,inside_domain
Physical,3,2,SFPQFQUXAJOWNF-UHFFFAOYSA-N,m-Diiodobenzene,298.15,0,0,4.25,2.93730998039,13.6499299113,inside_domain
Physical,3,2,PAYRUJLWNCNPSJ-UHFFFAOYSA-N,Aniline,293.15,1,1,6.89,13.7401742935,7.45516883493,outside_associated_liquid
Physical,3,2,ZMANZCXQSJIPKH-UHFFFAOYSA-N,Triethylamine,298.15,0,0,2.42,2.21164560318,1.58318603892,inside_domain
Morgan+Physical,3,2,BAPJBEWLBFYGME-UHFFFAOYSA-N,methyl propenoate,298.15,0,0,7.021,9.94740486145,7.29190026496,inside_domain
Morgan+Physical,3,2,BDERNNFJNOPAEC-UHFFFAOYSA-N,propan-1-ol,298.15,1,1,21.3,14.5319957733,10.28867817,outside_associated_liquid
Morgan+Physical,3,2,DKGAVHZHDRPRBM-UHFFFAOYSA-N,2-methylpropan-2-ol,298.15,1,1,12.49,11.6699371338,6.90436439321,outside_associated_liquid
Morgan+Physical,3,2,GRYUVYIMDGRRLN-UHFFFAOYSA-N,"1-butyl-2,3,4,5-tetramethylimidazolium bis(trifluoromethylsulfonyl)imide",298.15,0,0,15,16.2190608978,18.8149235057,inside_domain
Morgan+Physical,3,2,IIRFCWANHMSDCG-UHFFFAOYSA-N,cyclooctanone,300.65,0,0,14.38,11.6767587662,13.5668987419,inside_domain
Morgan+Physical,3,2,JHIVVAPYMSGYDF-UHFFFAOYSA-N,cyclohexanone,298.15,0,0,15.79,13.9711494446,19.6553000971,inside_domain
Morgan+Physical,3,2,KBPLFHHGFOOTCA-UHFFFAOYSA-N,octan-1-ol,298.15,1,1,10.66,12.6914043427,4.22641786179,outside_associated_liquid
Morgan+Physical,3,2,KLTUZFZUYLXTFF-UHFFFAOYSA-N,1-(2-hydroxyethyl)-3-methylimidazolium tetrafluoroborate,298.15,1,1,23.3,22.9191970825,82.1073071673,outside_associated_liquid
Morgan+Physical,3,2,LVTYICIALWPMFW-UHFFFAOYSA-N,N-(2-hydroxypropyl)-2-hydroxy-1-propanamine,303.15,3,3,13.87,22.7889976501,21.6555806344,outside_associated_liquid
Morgan+Physical,3,2,MWKFXSUHUHTGQN-UHFFFAOYSA-N,decan-1-ol,298.15,1,1,7.74,13.009016037,3.3156322585,outside_associated_liquid
Morgan+Physical,3,2,NEQXUPRFDXNNTA-UHFFFAOYSA-N,2-hydroxyethylammonium lactate,298.15,4,4,85.6,44.5622367859,5.97933023131,outside_associated_liquid
Morgan+Physical,3,2,OIFBSDVPJOWBCH-UHFFFAOYSA-N,diethyl carbonate,298.15,0,0,2.834,10.5316114426,1.35579310568,inside_domain
Morgan+Physical,3,2,OOKUTCYPKPJYFV-UHFFFAOYSA-N,1-methylimidazolium bromide,298.15,0,0,16.6,19.9671783447,28.8470050896,inside_domain
Morgan+Physical,3,2,SHQSVMDWKBRBGB-UHFFFAOYSA-N,cyclobutanone,298.15,0,0,14.96,21.6504631042,24.058855292,inside_domain
Morgan+Physical,3,2,UODQEMVTULZGKO-UHFFFAOYSA-N,"1-pentyl-1-methylpyrrolidinium 1,1,1-trifluoro-N-[(trifluoromethyl)sulfonyl]methanesulfonamide",298.15,0,0,12.5,15.8276882172,24.4937811978,inside_domain
Morgan+Physical,3,2,VCAIYEJBOWHUGP-UHFFFAOYSA-N,"1-butyl-2,3-dimethylimidazolium tetrafluoroborate",298.15,0,0,13.3,4.11828899384,2.20117467965,inside_domain
Morgan+Physical,3,2,VFTFKUDGYRBSAL-UHFFFAOYSA-N,"1,4,7,10,13-pentaoxacyclopentadecane",298.15,0,0,15.48,11.4035110474,14.8444868881,inside_domain
Morgan+Physical,3,2,WZLFPVPRZGTCKP-UHFFFAOYSA-N,"1,1,1,3,3-pentafluorobutane",298.115,0,0,11.8861,6.85357618332,6.83236100939,inside_domain
Morgan+Physical,3,2,XDJYSDBSJWNTQT-UHFFFAOYSA-N,"1-ethyl-2,3-dimethylimidazolium bis[(trifluoromethyl)sulfonyl]imide",298.15,0,0,12.8,18.9610347748,44.2192801694,inside_domain
Morgan+Physical,3,2,XQQZRZQVBFHBHL-UHFFFAOYSA-N,"1,4,7,10-tetraoxacyclododecane",299.4,0,0,10.76,9.73327541351,11.613237056,inside_domain
Morgan+Physical,3,2,YEJRWHAVMIAJKC-UHFFFAOYSA-N,.gamma.-butyrolactone,295.65,0,0,41.99,20.9636192322,50.6116986269,inside_domain
Morgan+Physical,3,2,YXFVVABEGXRONW-UHFFFAOYSA-N,toluene,297.385,0,0,2.40445,4.38045406342,1.46990395237,inside_domain
Morgan+Physical,3,2,ZSIAUFGUXNUGDI-UHFFFAOYSA-N,hexan-1-ol,298.15,1,1,14.26,12.9695549011,5.23133673613,outside_associated_liquid
Morgan+Physical,3,2,ZTOMUSMDRMJOTH-UHFFFAOYSA-N,pentanedinitrile,298.15,0,0,34.6,26.5412826538,26.6601988036,inside_domain
Morgan+Physical,3,2,ZUHZGEOKBKGPSW-UHFFFAOYSA-N,"2,5,8,11,14-pentaoxapentadecane",298.15,0,0,7.798,8.63534736633,10.2230813729,inside_domain
Morgan+Physical,3,2,DTQVDTLACAAQTR-UHFFFAOYSA-N,Trifluoroacetic acid,293.15,1,1,39.5,24.9686641693,28.7487569677,outside_associated_liquid
Morgan+Physical,3,2,YNAVUWVOSKDBBP-UHFFFAOYSA-N,Morpholine,298.15,1,1,7.33,12.4952373505,5.3942637877,outside_associated_liquid
Morgan+Physical,3,2,ISPYQTSUDJAMAB-UHFFFAOYSA-N,o-Chlorophenol,298.15,1,1,6.31,13.6231575012,2.71741653544,outside_associated_liquid
Morgan+Physical,3,2,XCIXKGXIYUWCLL-UHFFFAOYSA-N,Cyclopentanol,293.15,1,1,18,13.2438745499,6.20107699779,outside_associated_liquid
Morgan+Physical,3,2,POLCUAVZOMRGSN-UHFFFAOYSA-N,Propyl ether,299.15,0,0,3.39,4.08652591705,3.4892418063,inside_domain
Morgan+Physical,3,2,RLSSMJSEOOYNOY-UHFFFAOYSA-N,m-Cresol,298.15,1,1,11.8,11.4157371521,6.72405719621,outside_associated_liquid
Morgan+Physical,3,2,HTSABYAWKQAHBT-UHFFFAOYSA-N,3-Methylcyclohexanol,293.15,1,1,12.3,13.5445404053,4.10543593176,outside_associated_liquid
Morgan+Physical,3,2,OFBQJSOFQDEBGM-UHFFFAOYSA-N,n-Pentane,293.15,0,0,1.844,3.72203111649,1.1048859414,inside_domain
Morgan+Physical,3,2,NEZRFXZYPAIZAD-UHFFFAOYSA-N,Ethylcyclobutane,293.15,0,0,1.965,4.33651542664,1.12524438408,inside_domain
Morgan+Physical,3,2,UQEAIHBTYFGYIE-UHFFFAOYSA-N,Hexamethyldisiloxane,293.15,0,0,2.17,4.39847612381,1.21737241547,inside_domain
Morgan+Physical,3,2,KFUSEUYYWQURPO-UPHRSURJSA-N,"cis-1,2-Dichloroethylene",298.15,0,0,9.2,7.5139966011,9.01512393578,inside_domain
Morgan+Physical,3,2,KFUSEUYYWQURPO-OWOJBTEDSA-N,"trans-1,2-Dichloroethylene",298.15,0,0,2.14,6.58801460266,1.11523574299,inside_domain
Morgan+Physical,3,2,WQONPSCCEXUXTQ-UHFFFAOYSA-N,o-Dibromobenzene,293.15,0,0,7.35,11.6333770752,35.3981532236,inside_domain
Morgan+Physical,3,2,SFPQFQUXAJOWNF-UHFFFAOYSA-N,m-Diiodobenzene,298.15,0,0,4.25,5.04075336456,13.6499299113,inside_domain
Morgan+Physical,3,2,PAYRUJLWNCNPSJ-UHFFFAOYSA-N,Aniline,293.15,1,1,6.89,10.6558303833,7.45516883493,outside_associated_liquid
Morgan+Physical,3,2,ZMANZCXQSJIPKH-UHFFFAOYSA-N,Triethylamine,298.15,0,0,2.42,4.59714651108,1.58318603892,inside_domain
Morgan,3,3,BBMCTIGTTCKYKF-UHFFFAOYSA-N,heptan-1-ol,298.15,1,1,12.65,13.9456672668,4.96304294304,outside_associated_liquid
Morgan,3,3,BKIMMITUMNQMOS-UHFFFAOYSA-N,nonane,298.15,0,0,1.98,5.1536822319,1.10532080108,inside_domain
Morgan,3,3,BTANRVKWQNVYAZ-UHFFFAOYSA-N,butan-2-ol,298.15,1,1,16.6,12.0698547363,8.35397764198,outside_associated_liquid
Morgan,3,3,BTGRAWJCKBQKAO-UHFFFAOYSA-N,hexanedinitrile,298.15,0,0,32.12,29.6765632629,46.5421430104,inside_domain
Morgan,3,3,FXHOOIRPVKKKFG-UHFFFAOYSA-N,"N,N-dimethylethanamide",303.15,0,0,37.72,13.9898700714,35.5309250609,inside_domain
Morgan,3,3,HQWOEDCLDNFWEV-UHFFFAOYSA-M,1-ethyl-3-methylimidazolium diethyl phosphate,298.15,0,0,16.9,23.4252052307,96.6466343683,inside_domain
Morgan,3,3,HXJUTPCZVOIRIF-UHFFFAOYSA-N,sulfolane,298.15,0,0,44,14.0874195099,54.0253899274,inside_domain
Morgan,3,3,HZAXFHJVJLSVMW-UHFFFAOYSA-N,2-aminoethan-1-ol,303.15,2,2,31.46,42.0830039978,25.2714322229,outside_associated_liquid
Morgan,3,3,IAZDPXIOMUYVGZ-UHFFFAOYSA-N,dimethyl sulfoxide,298,0,0,46.05,12.0202083588,39.3405912447,inside_domain
Morgan,3,3,IMNFDUFMRHMDMM-UHFFFAOYSA-N,heptane,298.15,0,0,1.93,5.1536822319,1.10583566295,inside_domain
Morgan,3,3,JIGUQPWFLRLWPJ-UHFFFAOYSA-N,ethyl propenoate,298.15,0,0,6.209,8.47162628174,13.7902225059,inside_domain
Morgan,3,3,LFQSCWFLJHTTHZ-UHFFFAOYSA-N,ethanol,298.15,1,1,25.02,13.7051429749,9.55039595517,outside_associated_liquid
Morgan,3,3,LYCAIKOWRPUZTN-UHFFFAOYSA-N,"1,2-ethanediol",303.15,2,2,39.84,22.1459255219,15.3073129364,outside_associated_liquid
Morgan,3,3,RJQQOKKINHMXIM-UHFFFAOYSA-N,triethanolamine lactate,298.15,5,5,59.7,48.0975570679,27.2818406975,outside_associated_liquid
Morgan,3,3,RYHBNJHYFVUHQT-UHFFFAOYSA-N,"1,4-dioxane",298.2,0,0,2.228,13.9304990768,1.10125989107,inside_domain
Morgan,3,3,SIXHYMZEOJSYQH-UHFFFAOYSA-M,1-butyl-3-methylimidazolium thiocyanate,298.15,0,0,13.7,29.3718566895,27.3242655698,inside_domain
Morgan,3,3,TVMXDCGIABBOFY-UHFFFAOYSA-N,octane,298.15,0,0,1.961,5.1536822319,1.1076211483,inside_domain
Morgan,3,3,XTHFKEDIFFGKHM-UHFFFAOYSA-N,"1,2-dimethoxyethane",298.15,0,0,7.0695,6.66232776642,5.4993455063,inside_domain
Morgan,3,3,YFMFNYKEUDLDTL-UHFFFAOYSA-N,"1,1,1,2,3,3,3-heptafluoropropane",302.85,0,0,4.1348,8.02871131897,7.17247104625,inside_domain
Morgan,3,3,YFNKIDBQEZZDLK-UHFFFAOYSA-N,"2,5,8,11-tetraoxadodecane",298.15,0,0,7.604,6.66232776642,11.1446264552,inside_domain
Morgan,3,3,ZHNUHDYFZUAESO-UHFFFAOYSA-N,formamide,303.15,2,2,106.14,9.73442268372,1.63244107371,outside_associated_liquid
Morgan,3,3,ZMXDDKWLCZADIW-UHFFFAOYSA-N,dimethylformamide,302.73,0,0,36.55,11.7726516724,44.913135379,inside_domain
Morgan,3,3,HXDLWJWIAHWIKI-UHFFFAOYSA-N,beta-Hydroxyethyl acetate (Glycol monoacetate),303.15,1,1,13,28.0489006042,9.74097362491,outside_associated_liquid
Morgan,3,3,IYXGSMUGOJNHAZ-UHFFFAOYSA-N,Diethyl malonate,298.15,0,0,8.03,12.759478569,9.74006290335,inside_domain
Morgan,3,3,KXKVLQRXCPHEJC-UHFFFAOYSA-N,Methyl acetate,298.15,0,0,6.68,13.2290496826,11.7371732209,inside_domain
Morgan,3,3,GJRQTCIYDGXPES-UHFFFAOYSA-N,Isobutyl acetate,293.15,0,0,5.29,13.2290496826,8.50004501778,inside_domain
Morgan,3,3,RTZKZFJDLAIYFH-UHFFFAOYSA-N,Ethyl ether,293.15,0,0,4.335,4.93509864807,4.44489704395,inside_domain
Morgan,3,3,NTIZESTWPVYFNL-UHFFFAOYSA-N,4-Methyl-2-pentanone,293.15,0,0,13.11,13.9898700714,14.6513704727,inside_domain
Morgan,3,3,HEBKCHPVOIAQTA-NGQZWQHPSA-N,Xylitol,293.15,5,5,40,33.6628684998,16.2882582546,outside_associated_liquid
Morgan,3,3,YPFDHNVEDLHUCE-UHFFFAOYSA-N,"1,3-Propanediol",293.15,2,2,35,21.7956733704,1.44673551362,outside_associated_liquid
Morgan,3,3,WERYXYBDKMZEQL-UHFFFAOYSA-N,"1,4-Butanediol",303.15,2,2,30.2,21.7956733704,11.955624374,outside_associated_liquid
Morgan,3,3,SVTBMSDMJJWYQN-UHFFFAOYSA-N,"2-Methyl-2,4-pentanediol",303.15,2,2,24.4,17.2951774597,19.5363125491,outside_associated_liquid
Morgan,3,3,PHTQWCKDNZKARW-UHFFFAOYSA-N,3-Methyl-1-butanol,298.15,1,1,14.7,18.8491420746,4.92575324719,outside_associated_liquid
Morgan,3,3,QWVGKYWNOKOFNN-UHFFFAOYSA-N,o-Cresol,298.15,1,1,11.5,8.24216747284,6.74466929489,outside_associated_liquid
Morgan,3,3,UJBOOUHRTQVGRU-UHFFFAOYSA-N,3-Methylcyclohexanone,293.15,0,0,12.4,16.2384719849,17.8915575672,inside_domain
Morgan,3,3,RGSFGYAAUTVSQA-UHFFFAOYSA-N,Cyclopentane,293.15,0,0,1.965,7.64293718338,1.10560773191,inside_domain
Morgan,3,3,JRGGUPZKKTVKOV-UHFFFAOYSA-N,1-Bromo-3-chlorobenzene,293.15,0,0,4.58,6.39809989929,13.6465698801,inside_domain
Morgan,3,3,RFFLAFLAYFXFSW-UHFFFAOYSA-N,o-Dichlorobenzene,298.15,0,0,9.93,6.02949953079,10.2507478883,inside_domain
Morgan,3,3,YLQBMQCUIZJEEH-UHFFFAOYSA-N,Furan,298.15,0,0,2.95,6.96312999725,1.38878820797,inside_domain
Morgan,3,3,MMZYCBHLNZVROM-UHFFFAOYSA-N,o-Fluorotoluene,303.15,0,0,4.22,8.11808395386,6.12573643678,inside_domain
Morgan,3,3,PMJHHCWVYXUKFD-SNAWJCMRSA-N,"1,3-Pentadiene",298.15,0,0,2.32,6.24996948242,1.87012388355,inside_domain
Physical,3,3,BBMCTIGTTCKYKF-UHFFFAOYSA-N,heptan-1-ol,298.15,1,1,12.65,12.7395553589,4.96304294304,outside_associated_liquid
Physical,3,3,BKIMMITUMNQMOS-UHFFFAOYSA-N,nonane,298.15,0,0,1.98,1.7937349081,1.10532080108,inside_domain
Physical,3,3,BTANRVKWQNVYAZ-UHFFFAOYSA-N,butan-2-ol,298.15,1,1,16.6,12.9118261337,8.35397764198,outside_associated_liquid
Physical,3,3,BTGRAWJCKBQKAO-UHFFFAOYSA-N,hexanedinitrile,298.15,0,0,32.12,25.5223999023,46.5421430104,inside_domain
Physical,3,3,FXHOOIRPVKKKFG-UHFFFAOYSA-N,"N,N-dimethylethanamide",303.15,0,0,37.72,23.4326114655,35.5309250609,inside_domain
Physical,3,3,HQWOEDCLDNFWEV-UHFFFAOYSA-M,1-ethyl-3-methylimidazolium diethyl phosphate,298.15,0,0,16.9,22.9622249603,96.6466343683,inside_domain
Physical,3,3,HXJUTPCZVOIRIF-UHFFFAOYSA-N,sulfolane,298.15,0,0,44,77.3502807617,54.0253899274,inside_domain
Physical,3,3,HZAXFHJVJLSVMW-UHFFFAOYSA-N,2-aminoethan-1-ol,303.15,2,2,31.46,48.0143890381,25.2714322229,outside_associated_liquid
Physical,3,3,IAZDPXIOMUYVGZ-UHFFFAOYSA-N,dimethyl sulfoxide,298,0,0,46.05,30.8317432404,39.3405912447,inside_domain
Physical,3,3,IMNFDUFMRHMDMM-UHFFFAOYSA-N,heptane,298.15,0,0,1.93,1.68426716328,1.10583566295,inside_domain
Physical,3,3,JIGUQPWFLRLWPJ-UHFFFAOYSA-N,ethyl propenoate,298.15,0,0,6.209,10.9914398193,13.7902225059,inside_domain
Physical,3,3,LFQSCWFLJHTTHZ-UHFFFAOYSA-N,ethanol,298.15,1,1,25.02,17.9667510986,9.55039595517,outside_associated_liquid
Physical,3,3,LYCAIKOWRPUZTN-UHFFFAOYSA-N,"1,2-ethanediol",303.15,2,2,39.84,44.2302970886,15.3073129364,outside_associated_liquid
Physical,3,3,RJQQOKKINHMXIM-UHFFFAOYSA-N,triethanolamine lactate,298.15,5,5,59.7,66.491355896,27.2818406975,outside_associated_liquid
Physical,3,3,RYHBNJHYFVUHQT-UHFFFAOYSA-N,"1,4-dioxane",298.2,0,0,2.228,8.33827114105,1.10125989107,inside_domain
Physical,3,3,SIXHYMZEOJSYQH-UHFFFAOYSA-M,1-butyl-3-methylimidazolium thiocyanate,298.15,0,0,13.7,76.2484970093,27.3242655698,inside_domain
Physical,3,3,TVMXDCGIABBOFY-UHFFFAOYSA-N,octane,298.15,0,0,1.961,1.85211539268,1.1076211483,inside_domain
Physical,3,3,XTHFKEDIFFGKHM-UHFFFAOYSA-N,"1,2-dimethoxyethane",298.15,0,0,7.0695,9.25275802612,5.4993455063,inside_domain
Physical,3,3,YFMFNYKEUDLDTL-UHFFFAOYSA-N,"1,1,1,2,3,3,3-heptafluoropropane",302.85,0,0,4.1348,1.67312836647,7.17247104625,inside_domain
Physical,3,3,YFNKIDBQEZZDLK-UHFFFAOYSA-N,"2,5,8,11-tetraoxadodecane",298.15,0,0,7.604,10.3504371643,11.1446264552,inside_domain
Physical,3,3,ZHNUHDYFZUAESO-UHFFFAOYSA-N,formamide,303.15,2,2,106.14,45.1425514221,1.63244107371,outside_associated_liquid
Physical,3,3,ZMXDDKWLCZADIW-UHFFFAOYSA-N,dimethylformamide,302.73,0,0,36.55,63.2035331726,44.913135379,inside_domain
Physical,3,3,HXDLWJWIAHWIKI-UHFFFAOYSA-N,beta-Hydroxyethyl acetate (Glycol monoacetate),303.15,1,1,13,19.4404010773,9.74097362491,outside_associated_liquid
Physical,3,3,IYXGSMUGOJNHAZ-UHFFFAOYSA-N,Diethyl malonate,298.15,0,0,8.03,14.0519866943,9.74006290335,inside_domain
Physical,3,3,KXKVLQRXCPHEJC-UHFFFAOYSA-N,Methyl acetate,298.15,0,0,6.68,21.9239768982,11.7371732209,inside_domain
Physical,3,3,GJRQTCIYDGXPES-UHFFFAOYSA-N,Isobutyl acetate,293.15,0,0,5.29,9.26837444305,8.50004501778,inside_domain
Physical,3,3,RTZKZFJDLAIYFH-UHFFFAOYSA-N,Ethyl ether,293.15,0,0,4.335,5.33805322647,4.44489704395,inside_domain
Physical,3,3,NTIZESTWPVYFNL-UHFFFAOYSA-N,4-Methyl-2-pentanone,293.15,0,0,13.11,12.9275798798,14.6513704727,inside_domain
Physical,3,3,HEBKCHPVOIAQTA-NGQZWQHPSA-N,Xylitol,293.15,5,5,40,31.4381885529,16.2882582546,outside_associated_liquid
Physical,3,3,YPFDHNVEDLHUCE-UHFFFAOYSA-N,"1,3-Propanediol",293.15,2,2,35,13.0610084534,1.44673551362,outside_associated_liquid
Physical,3,3,WERYXYBDKMZEQL-UHFFFAOYSA-N,"1,4-Butanediol",303.15,2,2,30.2,23.2454280853,11.955624374,outside_associated_liquid
Physical,3,3,SVTBMSDMJJWYQN-UHFFFAOYSA-N,"2-Methyl-2,4-pentanediol",303.15,2,2,24.4,18.7698001862,19.5363125491,outside_associated_liquid
Physical,3,3,PHTQWCKDNZKARW-UHFFFAOYSA-N,3-Methyl-1-butanol,298.15,1,1,14.7,12.3033475876,4.92575324719,outside_associated_liquid
Physical,3,3,QWVGKYWNOKOFNN-UHFFFAOYSA-N,o-Cresol,298.15,1,1,11.5,13.9459810257,6.74466929489,outside_associated_liquid
Physical,3,3,UJBOOUHRTQVGRU-UHFFFAOYSA-N,3-Methylcyclohexanone,293.15,0,0,12.4,12.7669792175,17.8915575672,inside_domain
Physical,3,3,RGSFGYAAUTVSQA-UHFFFAOYSA-N,Cyclopentane,293.15,0,0,1.965,2.13862013817,1.10560773191,inside_domain
Physical,3,3,JRGGUPZKKTVKOV-UHFFFAOYSA-N,1-Bromo-3-chlorobenzene,293.15,0,0,4.58,4.61828756332,13.6465698801,inside_domain
Physical,3,3,RFFLAFLAYFXFSW-UHFFFAOYSA-N,o-Dichlorobenzene,298.15,0,0,9.93,3.84635567665,10.2507478883,inside_domain
Physical,3,3,YLQBMQCUIZJEEH-UHFFFAOYSA-N,Furan,298.15,0,0,2.95,11.7383728027,1.38878820797,inside_domain
Physical,3,3,MMZYCBHLNZVROM-UHFFFAOYSA-N,o-Fluorotoluene,303.15,0,0,4.22,9.94308185577,6.12573643678,inside_domain
Physical,3,3,PMJHHCWVYXUKFD-SNAWJCMRSA-N,"1,3-Pentadiene",298.15,0,0,2.32,2.28094434738,1.87012388355,inside_domain
Morgan+Physical,3,3,BBMCTIGTTCKYKF-UHFFFAOYSA-N,heptan-1-ol,298.15,1,1,12.65,13.3426113129,4.96304294304,outside_associated_liquid
Morgan+Physical,3,3,BKIMMITUMNQMOS-UHFFFAOYSA-N,nonane,298.15,0,0,1.98,3.47370862961,1.10532080108,inside_domain
Morgan+Physical,3,3,BTANRVKWQNVYAZ-UHFFFAOYSA-N,butan-2-ol,298.15,1,1,16.6,12.4908409119,8.35397764198,outside_associated_liquid
Morgan+Physical,3,3,BTGRAWJCKBQKAO-UHFFFAOYSA-N,hexanedinitrile,298.15,0,0,32.12,27.5994815826,46.5421430104,inside_domain
Morgan+Physical,3,3,FXHOOIRPVKKKFG-UHFFFAOYSA-N,"N,N-dimethylethanamide",303.15,0,0,37.72,18.7112407684,35.5309250609,inside_domain
Morgan+Physical,3,3,HQWOEDCLDNFWEV-UHFFFAOYSA-M,1-ethyl-3-methylimidazolium diethyl phosphate,298.15,0,0,16.9,23.1937141418,96.6466343683,inside_domain
Morgan+Physical,3,3,HXJUTPCZVOIRIF-UHFFFAOYSA-N,sulfolane,298.15,0,0,44,45.7188491821,54.0253899274,inside_domain
Morgan+Physical,3,3,HZAXFHJVJLSVMW-UHFFFAOYSA-N,2-aminoethan-1-ol,303.15,2,2,31.46,45.0486984253,25.2714322229,outside_associated_liquid
Morgan+Physical,3,3,IAZDPXIOMUYVGZ-UHFFFAOYSA-N,dimethyl sulfoxide,298,0,0,46.05,21.4259757996,39.3405912447,inside_domain
Morgan+Physical,3,3,IMNFDUFMRHMDMM-UHFFFAOYSA-N,heptane,298.15,0,0,1.93,3.41897463799,1.10583566295,inside_domain
Morgan+Physical,3,3,JIGUQPWFLRLWPJ-UHFFFAOYSA-N,ethyl propenoate,298.15,0,0,6.209,9.73153305054,13.7902225059,inside_domain
Morgan+Physical,3,3,LFQSCWFLJHTTHZ-UHFFFAOYSA-N,ethanol,298.15,1,1,25.02,15.8359470367,9.55039595517,outside_associated_liquid
Morgan+Physical,3,3,LYCAIKOWRPUZTN-UHFFFAOYSA-N,"1,2-ethanediol",303.15,2,2,39.84,33.1881103516,15.3073129364,outside_associated_liquid
Morgan+Physical,3,3,RJQQOKKINHMXIM-UHFFFAOYSA-N,triethanolamine lactate,298.15,5,5,59.7,57.2944564819,27.2818406975,outside_associated_liquid
Morgan+Physical,3,3,RYHBNJHYFVUHQT-UHFFFAOYSA-N,"1,4-dioxane",298.2,0,0,2.228,11.1343851089,1.10125989107,inside_domain
Morgan+Physical,3,3,SIXHYMZEOJSYQH-UHFFFAOYSA-M,1-butyl-3-methylimidazolium thiocyanate,298.15,0,0,13.7,52.8101768494,27.3242655698,inside_domain
Morgan+Physical,3,3,TVMXDCGIABBOFY-UHFFFAOYSA-N,octane,298.15,0,0,1.961,3.50289869308,1.1076211483,inside_domain
Morgan+Physical,3,3,XTHFKEDIFFGKHM-UHFFFAOYSA-N,"1,2-dimethoxyethane",298.15,0,0,7.0695,7.95754289627,5.4993455063,inside_domain
Morgan+Physical,3,3,YFMFNYKEUDLDTL-UHFFFAOYSA-N,"1,1,1,2,3,3,3-heptafluoropropane",302.85,0,0,4.1348,4.85091972351,7.17247104625,inside_domain
Morgan+Physical,3,3,YFNKIDBQEZZDLK-UHFFFAOYSA-N,"2,5,8,11-tetraoxadodecane",298.15,0,0,7.604,8.50638198853,11.1446264552,inside_domain
Morgan+Physical,3,3,ZHNUHDYFZUAESO-UHFFFAOYSA-N,formamide,303.15,2,2,106.14,27.4384880066,1.63244107371,outside_associated_liquid
Morgan+Physical,3,3,ZMXDDKWLCZADIW-UHFFFAOYSA-N,dimethylformamide,302.73,0,0,36.55,37.4880905151,44.913135379,inside_domain
Morgan+Physical,3,3,HXDLWJWIAHWIKI-UHFFFAOYSA-N,beta-Hydroxyethyl acetate (Glycol monoacetate),303.15,1,1,13,23.7446517944,9.74097362491,outside_associated_liquid
Morgan+Physical,3,3,IYXGSMUGOJNHAZ-UHFFFAOYSA-N,Diethyl malonate,298.15,0,0,8.03,13.4057331085,9.74006290335,inside_domain
Morgan+Physical,3,3,KXKVLQRXCPHEJC-UHFFFAOYSA-N,Methyl acetate,298.15,0,0,6.68,17.5765132904,11.7371732209,inside_domain
Morgan+Physical,3,3,GJRQTCIYDGXPES-UHFFFAOYSA-N,Isobutyl acetate,293.15,0,0,5.29,11.2487125397,8.50004501778,inside_domain
Morgan+Physical,3,3,RTZKZFJDLAIYFH-UHFFFAOYSA-N,Ethyl ether,293.15,0,0,4.335,5.13657569885,4.44489704395,inside_domain
Morgan+Physical,3,3,NTIZESTWPVYFNL-UHFFFAOYSA-N,4-Methyl-2-pentanone,293.15,0,0,13.11,13.4587249756,14.6513704727,inside_domain
Morgan+Physical,3,3,HEBKCHPVOIAQTA-NGQZWQHPSA-N,Xylitol,293.15,5,5,40,32.55052948,16.2882582546,outside_associated_liquid
Morgan+Physical,3,3,YPFDHNVEDLHUCE-UHFFFAOYSA-N,"1,3-Propanediol",293.15,2,2,35,17.4283409119,1.44673551362,outside_associated_liquid
Morgan+Physical,3,3,WERYXYBDKMZEQL-UHFFFAOYSA-N,"1,4-Butanediol",303.15,2,2,30.2,22.5205497742,11.955624374,outside_associated_liquid
Morgan+Physical,3,3,SVTBMSDMJJWYQN-UHFFFAOYSA-N,"2-Methyl-2,4-pentanediol",303.15,2,2,24.4,18.0324897766,19.5363125491,outside_associated_liquid
Morgan+Physical,3,3,PHTQWCKDNZKARW-UHFFFAOYSA-N,3-Methyl-1-butanol,298.15,1,1,14.7,15.5762443542,4.92575324719,outside_associated_liquid
Morgan+Physical,3,3,QWVGKYWNOKOFNN-UHFFFAOYSA-N,o-Cresol,298.15,1,1,11.5,11.0940742493,6.74466929489,outside_associated_liquid
Morgan+Physical,3,3,UJBOOUHRTQVGRU-UHFFFAOYSA-N,3-Methylcyclohexanone,293.15,0,0,12.4,14.5027256012,17.8915575672,inside_domain
Morgan+Physical,3,3,RGSFGYAAUTVSQA-UHFFFAOYSA-N,Cyclopentane,293.15,0,0,1.965,4.89077854156,1.10560773191,inside_domain
Morgan+Physical,3,3,JRGGUPZKKTVKOV-UHFFFAOYSA-N,1-Bromo-3-chlorobenzene,293.15,0,0,4.58,5.50819396973,13.6465698801,inside_domain
Morgan+Physical,3,3,RFFLAFLAYFXFSW-UHFFFAOYSA-N,o-Dichlorobenzene,298.15,0,0,9.93,4.93792772293,10.2507478883,inside_domain
Morgan+Physical,3,3,YLQBMQCUIZJEEH-UHFFFAOYSA-N,Furan,298.15,0,0,2.95,9.35075187683,1.38878820797,inside_domain
Morgan+Physical,3,3,MMZYCBHLNZVROM-UHFFFAOYSA-N,o-Fluorotoluene,303.15,0,0,4.22,9.03058242798,6.12573643678,inside_domain
Morgan+Physical,3,3,PMJHHCWVYXUKFD-SNAWJCMRSA-N,"1,3-Pentadiene",298.15,0,0,2.32,4.26545715332,1.87012388355,inside_domain
Morgan,3,4,AFBPFSWMIHJQDM-UHFFFAOYSA-N,N-methylaniline,300.15,1,1,5.878,7.88615846634,7.11572078225,outside_associated_liquid
Morgan,3,4,AMQJEAYHLZJPGS-UHFFFAOYSA-N,pentan-1-ol,298.15,1,1,15.736,13.7522010803,5.16365543529,outside_associated_liquid
Morgan,3,4,BTNXBLUGMAMSSH-UHFFFAOYSA-N,octanedinitrile,298.15,0,0,25.94,26.9417743683,22.1540981947,inside_domain
Morgan,3,4,CGZZMOTZOONQIA-UHFFFAOYSA-N,cycloheptanone,298.15,0,0,12.92,17.9444503784,15.0978362101,inside_domain
Morgan,3,4,CRVGTESFCCXCTH-UHFFFAOYSA-N,N-methyldiethanolamine,300.65,2,2,22.12,23.6851100922,10.6262172267,outside_associated_liquid
Morgan,3,4,FRZPYEHDSAQGAS-UHFFFAOYSA-M,1-butyl-3-methylimidazolium trifluoromethanesulfonate,298.15,0,0,12.9,16.6945018768,53.1539772418,inside_domain
Morgan,3,4,LSBXQLQATZTAPE-UHFFFAOYSA-N,1-butyl-3-methylimidazolium tetrafluoroborate,298.15,0,0,13.9,9.95698928833,142.089757341,inside_domain
Morgan,3,4,LZJIBRSVPKKOSI-UHFFFAOYSA-O,ethanolammonium nitrate,298.15,2,2,60.9,23.5468711853,20.8289438764,outside_associated_liquid
Morgan,3,4,MTHSVFCYNBDYFN-UHFFFAOYSA-N,diethylene glycol,298.15,2,2,30.95,21.8610630035,11.7806957518,outside_associated_liquid
Morgan,3,4,OKKJLVBELUTLKV-UHFFFAOYSA-N,methanol,298.15,1,1,33.6,10.5942640305,16.5823957018,outside_associated_liquid
Morgan,3,4,PEDCQBHIVMGVHV-UHFFFAOYSA-N,glycerol,303.15,3,3,41.17,38.0426635742,13.4501001088,outside_associated_liquid
Morgan,3,4,QTBSBXVTEAMEQO-UHFFFAOYSA-N,acetic acid,293.15,1,1,6.15,26.5797939301,12.6069173441,outside_associated_liquid
Morgan,3,4,SBZXBUIDTXKZTM-UHFFFAOYSA-N,"2,5,8-trioxanonane",298.15,0,0,7.3815,6.77279949188,14.0264717054,inside_domain
Morgan,3,4,VRFOKYHDLYBVAL-UHFFFAOYSA-M,1-ethyl-3-methylimidazolium ethyl sulfate,298.15,0,0,35,12.3583784103,45.7566800107,inside_domain
Morgan,3,4,XLYOFNOQVPJJNP-UHFFFAOYSA-N,water,297.575,0,1,78.87,17.6747398376,40.4474006258,outside_associated_liquid
Morgan,3,4,XEKOWRVHYACXOJ-UHFFFAOYSA-N,Ethyl acetate,298.15,0,0,6.02,6.41277265549,9.7831231174,inside_domain
Morgan,3,4,JFDZBHWFFUWGJE-UHFFFAOYSA-N,Benzonitrile,298.15,0,0,25.2,25.4266300201,29.6694423151,inside_domain
Morgan,3,4,SQYNKIJPMDEDEG-UHFFFAOYSA-N,Paraldehyde,298.15,0,0,13.9,8.64517879486,1.56759076609,inside_domain
Morgan,3,4,WFCLYEAZTHWNEH-UHFFFAOYSA-N,Ethyl thiocyanate,294.15,0,0,29.3,23.4954509735,32.9129822647,inside_domain
Morgan,3,4,ZWEHNKRNPOVVGH-UHFFFAOYSA-N,2-Butanone,293.15,0,0,18.51,12.2772006989,22.1880711838,inside_domain
Morgan,3,4,RDOXTESZEPMUJZ-UHFFFAOYSA-N,Methoxybenzene (Anisole),298.15,0,0,4.33,5.82033395767,3.78240490407,inside_domain
Morgan,3,4,LFSAPCRASZRSKS-UHFFFAOYSA-N,2-Methylcyclohexanone,293.15,0,0,14,17.5095233917,15.7212749253,inside_domain
Morgan,3,4,VGVHNLRUAMRIEW-UHFFFAOYSA-N,4-Methylcyclohexanone,293.15,0,0,12.4,17.5095233917,18.1666231408,inside_domain
Morgan,3,4,NDVWOBYBJYUSMF-UHFFFAOYSA-N,2-Methylcyclohexanol,293.15,1,1,13.3,10.4107942581,5.23202446322,outside_associated_liquid
Morgan,3,4,MQWCXKGKQLNYQG-UHFFFAOYSA-N,4-Methylcyclohexanol,293.15,1,1,13.3,10.4107942581,4.28546106184,outside_associated_liquid
Morgan,3,4,MVPPADPHJFYWMZ-UHFFFAOYSA-N,Chlorobenzene,298.15,0,0,5.621,7.94997549057,6.2681341664,inside_domain
Morgan,3,4,YWAKXRMUMFPDSH-UHFFFAOYSA-N,1-Pentene,293.15,0,0,2.1,4.89354991913,1.29861209178,inside_domain
Morgan,3,4,FOTXAJDDGPYIFU-UHFFFAOYSA-N,Ethylcyclopropane,293.15,0,0,1.933,6.30884313583,1.15468220207,inside_domain
Morgan,3,4,UHOVQNZJYSORNB-UHFFFAOYSA-N,Benzene,293.15,0,0,2.284,8.07165813446,1.12590545146,inside_domain
Morgan,3,4,HGCIXCUEYOPUTN-UHFFFAOYSA-N,Cyclohexene,298.15,0,0,2.22,8.89663791656,1.24380093714,inside_domain
Morgan,3,4,GDOPTJXRTPNYNR-UHFFFAOYSA-N,Methylcyclopentane,293.15,0,0,1.985,8.46170902252,1.11100262715,inside_domain
Morgan,3,4,ZQDPJFUHLCOCRG-AATRIKPKSA-N,trans-3-Hexene,298.15,0,0,2,7.3190112114,1.10808604929,inside_domain
Morgan,3,4,RWNKSTSCBHKHTB-UHFFFAOYSA-N,"Hexachloro-1,3-butadiene",298.15,0,0,2.55,29.7702770233,1.1593863388,inside_domain
Morgan,3,4,QBELEDRHMPMKHP-UHFFFAOYSA-N,1-Bromo-2-chlorobenzene,293.15,0,0,6.8,7.84135723114,24.1815742763,inside_domain
Morgan,3,4,JSRLURSZEMLAFO-UHFFFAOYSA-N,m-Dibromobenzene,293.15,0,0,4.8,7.9630408287,15.1734627111,inside_domain
Morgan,3,4,HLLCNVLEVVFTJB-UHFFFAOYSA-N,2-Fluoro-2-methylbutane,293.15,0,0,5.89,6.49231290817,9.61421135256,inside_domain
Morgan,3,4,PYLWMHQQBFSUBP-UHFFFAOYSA-N,Fluorobenzene,298.15,0,0,5.42,8.07165813446,9.55831440066,inside_domain
Morgan,3,4,SNHMUERNLJLMHN-UHFFFAOYSA-N,Iodobenzene,293.15,0,0,4.63,8.07165813446,20.9443272724,inside_domain
Morgan,3,4,IBSQPLPBRSHTTG-UHFFFAOYSA-N,o-Chlorotoluene,293.15,0,0,4.45,7.6558599472,4.30209983232,inside_domain
Morgan,3,4,BTQZKHUEUDPRST-UHFFFAOYSA-N,m-Fluorotoluene,303.15,0,0,5.42,7.77754259109,10.8674299419,inside_domain
Morgan,3,4,BOGRNZQRTNVZCZ-AATRIKPKSA-N,"3-Methyl-1,3-pentadiene",298.15,0,0,2.43,8.46015071869,1.66039772435,inside_domain
Physical,3,4,AFBPFSWMIHJQDM-UHFFFAOYSA-N,N-methylaniline,300.15,1,1,5.878,10.2965764999,7.11572078225,outside_associated_liquid
Physical,3,4,AMQJEAYHLZJPGS-UHFFFAOYSA-N,pentan-1-ol,298.15,1,1,15.736,11.7079401016,5.16365543529,outside_associated_liquid
Physical,3,4,BTNXBLUGMAMSSH-UHFFFAOYSA-N,octanedinitrile,298.15,0,0,25.94,15.7633180618,22.1540981947,inside_domain
Physical,3,4,CGZZMOTZOONQIA-UHFFFAOYSA-N,cycloheptanone,298.15,0,0,12.92,9.95500564575,15.0978362101,inside_domain
Physical,3,4,CRVGTESFCCXCTH-UHFFFAOYSA-N,N-methyldiethanolamine,300.65,2,2,22.12,19.0601577759,10.6262172267,outside_associated_liquid
Physical,3,4,FRZPYEHDSAQGAS-UHFFFAOYSA-M,1-butyl-3-methylimidazolium trifluoromethanesulfonate,298.15,0,0,12.9,20.8803119659,53.1539772418,inside_domain
Physical,3,4,LSBXQLQATZTAPE-UHFFFAOYSA-N,1-butyl-3-methylimidazolium tetrafluoroborate,298.15,0,0,13.9,16.3870792389,142.089757341,inside_domain
Physical,3,4,LZJIBRSVPKKOSI-UHFFFAOYSA-O,ethanolammonium nitrate,298.15,2,2,60.9,63.4583091736,20.8289438764,outside_associated_liquid
Physical,3,4,MTHSVFCYNBDYFN-UHFFFAOYSA-N,diethylene glycol,298.15,2,2,30.95,17.8768596649,11.7806957518,outside_associated_liquid
Physical,3,4,OKKJLVBELUTLKV-UHFFFAOYSA-N,methanol,298.15,1,1,33.6,30.9688415527,16.5823957018,outside_associated_liquid
Physical,3,4,PEDCQBHIVMGVHV-UHFFFAOYSA-N,glycerol,303.15,3,3,41.17,27.652141571,13.4501001088,outside_associated_liquid
Physical,3,4,QTBSBXVTEAMEQO-UHFFFAOYSA-N,acetic acid,293.15,1,1,6.15,27.1577091217,12.6069173441,outside_associated_liquid
Physical,3,4,SBZXBUIDTXKZTM-UHFFFAOYSA-N,"2,5,8-trioxanonane",298.15,0,0,7.3815,7.67376184464,14.0264717054,inside_domain
Physical,3,4,VRFOKYHDLYBVAL-UHFFFAOYSA-M,1-ethyl-3-methylimidazolium ethyl sulfate,298.15,0,0,35,19.9338665009,45.7566800107,inside_domain
Physical,3,4,XLYOFNOQVPJJNP-UHFFFAOYSA-N,water,297.575,0,1,78.87,44.6115722656,40.4474006258,outside_associated_liquid
Physical,3,4,XEKOWRVHYACXOJ-UHFFFAOYSA-N,Ethyl acetate,298.15,0,0,6.02,6.2714715004,9.7831231174,inside_domain
Physical,3,4,JFDZBHWFFUWGJE-UHFFFAOYSA-N,Benzonitrile,298.15,0,0,25.2,19.1809844971,29.6694423151,inside_domain
Physical,3,4,SQYNKIJPMDEDEG-UHFFFAOYSA-N,Paraldehyde,298.15,0,0,13.9,4.65585184097,1.56759076609,inside_domain
Physical,3,4,WFCLYEAZTHWNEH-UHFFFAOYSA-N,Ethyl thiocyanate,294.15,0,0,29.3,26.1783428192,32.9129822647,inside_domain
Physical,3,4,ZWEHNKRNPOVVGH-UHFFFAOYSA-N,2-Butanone,293.15,0,0,18.51,14.9127750397,22.1880711838,inside_domain
Physical,3,4,RDOXTESZEPMUJZ-UHFFFAOYSA-N,Methoxybenzene (Anisole),298.15,0,0,4.33,3.88532352448,3.78240490407,inside_domain
Physical,3,4,LFSAPCRASZRSKS-UHFFFAOYSA-N,2-Methylcyclohexanone,293.15,0,0,14,9.97718715668,15.7212749253,inside_domain
Physical,3,4,VGVHNLRUAMRIEW-UHFFFAOYSA-N,4-Methylcyclohexanone,293.15,0,0,12.4,12.3678407669,18.1666231408,inside_domain
Physical,3,4,NDVWOBYBJYUSMF-UHFFFAOYSA-N,2-Methylcyclohexanol,293.15,1,1,13.3,9.7924823761,5.23202446322,outside_associated_liquid
Physical,3,4,MQWCXKGKQLNYQG-UHFFFAOYSA-N,4-Methylcyclohexanol,293.15,1,1,13.3,10.1227550507,4.28546106184,outside_associated_liquid
Physical,3,4,MVPPADPHJFYWMZ-UHFFFAOYSA-N,Chlorobenzene,298.15,0,0,5.621,5.30037546158,6.2681341664,inside_domain
Physical,3,4,YWAKXRMUMFPDSH-UHFFFAOYSA-N,1-Pentene,293.15,0,0,2.1,1.12612307072,1.29861209178,inside_domain
Physical,3,4,FOTXAJDDGPYIFU-UHFFFAOYSA-N,Ethylcyclopropane,293.15,0,0,1.933,4.17171573639,1.15468220207,inside_domain
Physical,3,4,UHOVQNZJYSORNB-UHFFFAOYSA-N,Benzene,293.15,0,0,2.284,3.08103489876,1.12590545146,inside_domain
Physical,3,4,HGCIXCUEYOPUTN-UHFFFAOYSA-N,Cyclohexene,298.15,0,0,2.22,1.00641751289,1.24380093714,inside_domain
Physical,3,4,GDOPTJXRTPNYNR-UHFFFAOYSA-N,Methylcyclopentane,293.15,0,0,1.985,2.04117059708,1.11100262715,inside_domain
Physical,3,4,ZQDPJFUHLCOCRG-AATRIKPKSA-N,trans-3-Hexene,298.15,0,0,2,1.56159329414,1.10808604929,inside_domain
Physical,3,4,RWNKSTSCBHKHTB-UHFFFAOYSA-N,"Hexachloro-1,3-butadiene",298.15,0,0,2.55,1.03705883026,1.1593863388,inside_domain
Physical,3,4,QBELEDRHMPMKHP-UHFFFAOYSA-N,1-Bromo-2-chlorobenzene,293.15,0,0,6.8,9.65031147003,24.1815742763,inside_domain
Physical,3,4,JSRLURSZEMLAFO-UHFFFAOYSA-N,m-Dibromobenzene,293.15,0,0,4.8,4.720079422,15.1734627111,inside_domain
Physical,3,4,HLLCNVLEVVFTJB-UHFFFAOYSA-N,2-Fluoro-2-methylbutane,293.15,0,0,5.89,5.48164558411,9.61421135256,inside_domain
Physical,3,4,PYLWMHQQBFSUBP-UHFFFAOYSA-N,Fluorobenzene,298.15,0,0,5.42,4.61107540131,9.55831440066,inside_domain
Physical,3,4,SNHMUERNLJLMHN-UHFFFAOYSA-N,Iodobenzene,293.15,0,0,4.63,9.68096160889,20.9443272724,inside_domain
Physical,3,4,IBSQPLPBRSHTTG-UHFFFAOYSA-N,o-Chlorotoluene,293.15,0,0,4.45,3.99894165993,4.30209983232,inside_domain
Physical,3,4,BTQZKHUEUDPRST-UHFFFAOYSA-N,m-Fluorotoluene,303.15,0,0,5.42,8.58899688721,10.8674299419,inside_domain
Physical,3,4,BOGRNZQRTNVZCZ-AATRIKPKSA-N,"3-Methyl-1,3-pentadiene",298.15,0,0,2.43,1.71652448177,1.66039772435,inside_domain
Morgan+Physical,3,4,AFBPFSWMIHJQDM-UHFFFAOYSA-N,N-methylaniline,300.15,1,1,5.878,9.09136772156,7.11572078225,outside_associated_liquid
Morgan+Physical,3,4,AMQJEAYHLZJPGS-UHFFFAOYSA-N,pentan-1-ol,298.15,1,1,15.736,12.7300701141,5.16365543529,outside_associated_liquid
Morgan+Physical,3,4,BTNXBLUGMAMSSH-UHFFFAOYSA-N,octanedinitrile,298.15,0,0,25.94,21.3525466919,22.1540981947,inside_domain
Morgan+Physical,3,4,CGZZMOTZOONQIA-UHFFFAOYSA-N,cycloheptanone,298.15,0,0,12.92,13.9497280121,15.0978362101,inside_domain
Morgan+Physical,3,4,CRVGTESFCCXCTH-UHFFFAOYSA-N,N-methyldiethanolamine,300.65,2,2,22.12,21.3726348877,10.6262172267,outside_associated_liquid
Morgan+Physical,3,4,FRZPYEHDSAQGAS-UHFFFAOYSA-M,1-butyl-3-methylimidazolium trifluoromethanesulfonate,298.15,0,0,12.9,18.7874069214,53.1539772418,inside_domain
Morgan+Physical,3,4,LSBXQLQATZTAPE-UHFFFAOYSA-N,1-butyl-3-methylimidazolium tetrafluoroborate,298.15,0,0,13.9,13.1720342636,142.089757341,inside_domain
Morgan+Physical,3,4,LZJIBRSVPKKOSI-UHFFFAOYSA-O,ethanolammonium nitrate,298.15,2,2,60.9,43.5025901794,20.8289438764,outside_associated_liquid
Morgan+Physical,3,4,MTHSVFCYNBDYFN-UHFFFAOYSA-N,diethylene glycol,298.15,2,2,30.95,19.8689613342,11.7806957518,outside_associated_liquid
Morgan+Physical,3,4,OKKJLVBELUTLKV-UHFFFAOYSA-N,methanol,298.15,1,1,33.6,20.7815532684,16.5823957018,outside_associated_liquid
Morgan+Physical,3,4,PEDCQBHIVMGVHV-UHFFFAOYSA-N,glycerol,303.15,3,3,41.17,32.84740448,13.4501001088,outside_associated_liquid
Morgan+Physical,3,4,QTBSBXVTEAMEQO-UHFFFAOYSA-N,acetic acid,293.15,1,1,6.15,26.8687515259,12.6069173441,outside_associated_liquid
Morgan+Physical,3,4,SBZXBUIDTXKZTM-UHFFFAOYSA-N,"2,5,8-trioxanonane",298.15,0,0,7.3815,7.22328090668,14.0264717054,inside_domain
Morgan+Physical,3,4,VRFOKYHDLYBVAL-UHFFFAOYSA-M,1-ethyl-3-methylimidazolium ethyl sulfate,298.15,0,0,35,16.1461219788,45.7566800107,inside_domain
Morgan+Physical,3,4,XLYOFNOQVPJJNP-UHFFFAOYSA-N,water,297.575,0,1,78.87,31.1431560516,40.4474006258,outside_associated_liquid
Morgan+Physical,3,4,XEKOWRVHYACXOJ-UHFFFAOYSA-N,Ethyl acetate,298.15,0,0,6.02,6.34212207794,9.7831231174,inside_domain
Morgan+Physical,3,4,JFDZBHWFFUWGJE-UHFFFAOYSA-N,Benzonitrile,298.15,0,0,25.2,22.3038063049,29.6694423151,inside_domain
Morgan+Physical,3,4,SQYNKIJPMDEDEG-UHFFFAOYSA-N,Paraldehyde,298.15,0,0,13.9,6.65051555634,1.56759076609,inside_domain
Morgan+Physical,3,4,WFCLYEAZTHWNEH-UHFFFAOYSA-N,Ethyl thiocyanate,294.15,0,0,29.3,24.8368968964,32.9129822647,inside_domain
Morgan+Physical,3,4,ZWEHNKRNPOVVGH-UHFFFAOYSA-N,2-Butanone,293.15,0,0,18.51,13.5949878693,22.1880711838,inside_domain
Morgan+Physical,3,4,RDOXTESZEPMUJZ-UHFFFAOYSA-N,Methoxybenzene (Anisole),298.15,0,0,4.33,4.85282897949,3.78240490407,inside_domain
Morgan+Physical,3,4,LFSAPCRASZRSKS-UHFFFAOYSA-N,2-Methylcyclohexanone,293.15,0,0,14,13.7433547974,15.7212749253,inside_domain
Morgan+Physical,3,4,VGVHNLRUAMRIEW-UHFFFAOYSA-N,4-Methylcyclohexanone,293.15,0,0,12.4,14.9386825562,18.1666231408,inside_domain
Morgan+Physical,3,4,NDVWOBYBJYUSMF-UHFFFAOYSA-N,2-Methylcyclohexanol,293.15,1,1,13.3,10.1016387939,5.23202446322,outside_associated_liquid
Morgan+Physical,3,4,MQWCXKGKQLNYQG-UHFFFAOYSA-N,4-Methylcyclohexanol,293.15,1,1,13.3,10.2667751312,4.28546106184,outside_associated_liquid
Morgan+Physical,3,4,MVPPADPHJFYWMZ-UHFFFAOYSA-N,Chlorobenzene,298.15,0,0,5.621,6.62517547607,6.2681341664,inside_domain
Morgan+Physical,3,4,YWAKXRMUMFPDSH-UHFFFAOYSA-N,1-Pentene,293.15,0,0,2.1,3.00983643532,1.29861209178,inside_domain
Morgan+Physical,3,4,FOTXAJDDGPYIFU-UHFFFAOYSA-N,Ethylcyclopropane,293.15,0,0,1.933,5.24027919769,1.15468220207,inside_domain
Morgan+Physical,3,4,UHOVQNZJYSORNB-UHFFFAOYSA-N,Benzene,293.15,0,0,2.284,5.5763463974,1.12590545146,inside_domain
Morgan+Physical,3,4,HGCIXCUEYOPUTN-UHFFFAOYSA-N,Cyclohexene,298.15,0,0,2.22,4.95152759552,1.24380093714,inside_domain
Morgan+Physical,3,4,GDOPTJXRTPNYNR-UHFFFAOYSA-N,Methylcyclopentane,293.15,0,0,1.985,5.25144004822,1.11100262715,inside_domain
Morgan+Physical,3,4,ZQDPJFUHLCOCRG-AATRIKPKSA-N,trans-3-Hexene,298.15,0,0,2,4.44030237198,1.10808604929,inside_domain
Morgan+Physical,3,4,RWNKSTSCBHKHTB-UHFFFAOYSA-N,"Hexachloro-1,3-butadiene",298.15,0,0,2.55,15.40366745,1.1593863388,inside_domain
Morgan+Physical,3,4,QBELEDRHMPMKHP-UHFFFAOYSA-N,1-Bromo-2-chlorobenzene,293.15,0,0,6.8,8.74583435059,24.1815742763,inside_domain
Morgan+Physical,3,4,JSRLURSZEMLAFO-UHFFFAOYSA-N,m-Dibromobenzene,293.15,0,0,4.8,6.34156036377,15.1734627111,inside_domain
Morgan+Physical,3,4,HLLCNVLEVVFTJB-UHFFFAOYSA-N,2-Fluoro-2-methylbutane,293.15,0,0,5.89,5.98697948456,9.61421135256,inside_domain
Morgan+Physical,3,4,PYLWMHQQBFSUBP-UHFFFAOYSA-N,Fluorobenzene,298.15,0,0,5.42,6.34136676788,9.55831440066,inside_domain
Morgan+Physical,3,4,SNHMUERNLJLMHN-UHFFFAOYSA-N,Iodobenzene,293.15,0,0,4.63,8.87631034851,20.9443272724,inside_domain
Morgan+Physical,3,4,IBSQPLPBRSHTTG-UHFFFAOYSA-N,o-Chlorotoluene,293.15,0,0,4.45,5.82740068436,4.30209983232,inside_domain
Morgan+Physical,3,4,BTQZKHUEUDPRST-UHFFFAOYSA-N,m-Fluorotoluene,303.15,0,0,5.42,8.18326950073,10.8674299419,inside_domain
Morgan+Physical,3,4,BOGRNZQRTNVZCZ-AATRIKPKSA-N,"3-Methyl-1,3-pentadiene",298.15,0,0,2.43,5.08833742142,1.66039772435,inside_domain
Morgan,4,0,CRVGTESFCCXCTH-UHFFFAOYSA-N,N-methyldiethanolamine,300.65,2,2,22.12,22.5385036469,10.6262172267,outside_associated_liquid
Morgan,4,0,HXJUTPCZVOIRIF-UHFFFAOYSA-N,sulfolane,298.15,0,0,44,16.3696365356,54.0253899274,inside_domain
Morgan,4,0,IIRFCWANHMSDCG-UHFFFAOYSA-N,cyclooctanone,300.65,0,0,14.38,16.1269721985,13.5668987419,inside_domain
Morgan,4,0,LRHPLDYGYMQRHN-UHFFFAOYSA-N,butan-1-ol,298.15,1,1,18.03,14.8086671829,8.39006069244,outside_associated_liquid
Morgan,4,0,LYCAIKOWRPUZTN-UHFFFAOYSA-N,"1,2-ethanediol",303.15,2,2,39.84,24.0620193481,15.3073129364,outside_associated_liquid
Morgan,4,0,MCTWTZJPVLRJOU-UHFFFAOYSA-N,1-methylimidazole,298,0,0,39.78,9.93000888824,38.1478273189,inside_domain
Morgan,4,0,OHLUUHNLEMFGTQ-UHFFFAOYSA-N,N-methylacetamide,303.15,1,1,178.47,9.13354206085,5.9744908461,outside_associated_liquid
Morgan,4,0,QTBSBXVTEAMEQO-UHFFFAOYSA-N,acetic acid,293.15,1,1,6.15,17.0786857605,12.6069173441,outside_associated_liquid
Morgan,4,0,SBZXBUIDTXKZTM-UHFFFAOYSA-N,"2,5,8-trioxanonane",298.15,0,0,7.3815,6.69536161423,14.0264717054,inside_domain
Morgan,4,0,UODQEMVTULZGKO-UHFFFAOYSA-N,"1-pentyl-1-methylpyrrolidinium 1,1,1-trifluoro-N-[(trifluoromethyl)sulfonyl]methanesulfonamide",298.15,0,0,12.5,11.7993850708,24.4937811978,inside_domain
Morgan,4,0,UWHCKJMYHZGTIT-UHFFFAOYSA-N,tetraethylene glycol,298.15,2,2,19.91,22.182346344,16.8875268244,outside_associated_liquid
Morgan,4,0,VRFOKYHDLYBVAL-UHFFFAOYSA-M,1-ethyl-3-methylimidazolium ethyl sulfate,298.15,0,0,35,14.7941360474,45.7566800107,inside_domain
Morgan,4,0,WYJOVVXUZNRJQY-UHFFFAOYSA-N,2-acetylthiophene,298.15,0,0,29.19,16.5316944122,26.4529603231,inside_domain
Morgan,4,0,XTHFKEDIFFGKHM-UHFFFAOYSA-N,"1,2-dimethoxyethane",298.15,0,0,7.0695,6.69536161423,5.4993455063,inside_domain
Morgan,4,0,YIWUKEYIRIRTPP-UHFFFAOYSA-N,2-ethyl-1-hexanol,298.2,1,1,7.353,12.9632377625,5.01442556827,outside_associated_liquid
Morgan,4,0,YXFVVABEGXRONW-UHFFFAOYSA-N,toluene,297.385,0,0,2.40445,6.63305568695,1.46990395237,inside_domain
Morgan,4,0,ZBCBWPMODOFKDW-UHFFFAOYSA-N,diethanolamine,303.15,3,3,24.69,24.0620193481,10.034846241,outside_associated_liquid
Morgan,4,0,ZUHZGEOKBKGPSW-UHFFFAOYSA-N,"2,5,8,11,14-pentaoxapentadecane",298.15,0,0,7.798,6.40987110138,10.2230813729,inside_domain
Morgan,4,0,HXDLWJWIAHWIKI-UHFFFAOYSA-N,beta-Hydroxyethyl acetate (Glycol monoacetate),303.15,1,1,13,31.0596065521,9.74097362491,outside_associated_liquid
Morgan,4,0,SVONRAPFKPVNKG-UHFFFAOYSA-N,"beta-Ethoxyethyl acetate (""Cellosolve"" acetate)",303.15,0,0,7.57,9.83374214172,10.1866881025,inside_domain
Morgan,4,0,DIQMPQMYFZXDAX-UHFFFAOYSA-N,Amyl formate,298.15,0,0,6.49,6.36858844757,8.4969957051,inside_domain
Morgan,4,0,GJRQTCIYDGXPES-UHFFFAOYSA-N,Isobutyl acetate,293.15,0,0,5.29,11.0844087601,8.50004501778,inside_domain
Morgan,4,0,XNWFRZJHXBZDAG-UHFFFAOYSA-N,2-Methoxyethanol,303.15,1,1,16,20.1925430298,12.9838712423,outside_associated_liquid
Morgan,4,0,XNLICIUVMPYHGG-UHFFFAOYSA-N,2-Pentanone,293.15,0,0,15.45,12.7302465439,17.6741821348,inside_domain
Morgan,4,0,DTQVDTLACAAQTR-UHFFFAOYSA-N,Trifluoroacetic acid,293.15,1,1,39.5,18.9226875305,28.7487569677,outside_associated_liquid
Morgan,4,0,NVJBFARDFTXOTO-UHFFFAOYSA-N,Ethyl sulfite,293.15,0,0,15.9,20.5876274109,15.9704051889,inside_domain
Morgan,4,0,FERIUCNNQQJTOY-UHFFFAOYSA-N,Butyric acid,293.15,1,1,2.97,13.8538284302,7.21717286495,outside_associated_liquid
Morgan,4,0,GWYFCOCPABKNJV-UHFFFAOYSA-N,Isovaleric acid,293.15,1,1,2.64,17.1726989746,5.90016995209,outside_associated_liquid
Morgan,4,0,NKKMVIVFRUYPLQ-NSCUHMNNSA-N,Crotononitrile (bp 108 C),293.15,0,0,36.1,30.8312568665,48.0153469112,inside_domain
Morgan,4,0,ZWEHNKRNPOVVGH-UHFFFAOYSA-N,2-Butanone,293.15,0,0,18.51,12.7302465439,22.1880711838,inside_domain
Morgan,4,0,NDVWOBYBJYUSMF-UHFFFAOYSA-N,2-Methylcyclohexanol,293.15,1,1,13.3,9.13482570648,5.23202446322,outside_associated_liquid
Morgan,4,0,YWAKXRMUMFPDSH-UHFFFAOYSA-N,1-Pentene,293.15,0,0,2.1,4.10165548325,1.29861209178,inside_domain
Morgan,4,0,GDOPTJXRTPNYNR-UHFFFAOYSA-N,Methylcyclopentane,293.15,0,0,1.985,7.06459188461,1.11100262715,inside_domain
Morgan,4,0,ZQDPJFUHLCOCRG-WAYWQWQTSA-N,cis-3-Hexene,298.15,0,0,2.062,4.8136048317,1.19258064684,inside_domain
Morgan,4,0,RWNKSTSCBHKHTB-UHFFFAOYSA-N,"Hexachloro-1,3-butadiene",298.15,0,0,2.55,22.523645401,1.1593863388,inside_domain
Morgan,4,0,JRGGUPZKKTVKOV-UHFFFAOYSA-N,1-Bromo-3-chlorobenzene,293.15,0,0,4.58,6.69506216049,13.6465698801,inside_domain
Morgan,4,0,WQONPSCCEXUXTQ-UHFFFAOYSA-N,o-Dibromobenzene,293.15,0,0,7.35,6.69506216049,35.3981532236,inside_domain
Morgan,4,0,JSRLURSZEMLAFO-UHFFFAOYSA-N,m-Dibromobenzene,293.15,0,0,4.8,6.69506216049,15.1734627111,inside_domain
Morgan,4,0,JUJWROOIHBZHMG-UHFFFAOYSA-N,Pyridine,298.15,0,0,12.3,17.1080932617,9.88027991812,inside_domain
Morgan,4,0,PYLWMHQQBFSUBP-UHFFFAOYSA-N,Fluorobenzene,298.15,0,0,5.42,6.55559110641,9.55831440066,inside_domain
Morgan,4,0,WRWPPGUCZBJXKX-UHFFFAOYSA-N,p-Fluorotoluene,303.15,0,0,5.86,6.77252674103,12.7592051561,inside_domain
Physical,4,0,CRVGTESFCCXCTH-UHFFFAOYSA-N,N-methyldiethanolamine,300.65,2,2,22.12,22.1630458832,10.6262172267,outside_associated_liquid
Physical,4,0,HXJUTPCZVOIRIF-UHFFFAOYSA-N,sulfolane,298.15,0,0,44,25.6892814636,54.0253899274,inside_domain
Physical,4,0,IIRFCWANHMSDCG-UHFFFAOYSA-N,cyclooctanone,300.65,0,0,14.38,8.99440383911,13.5668987419,inside_domain
Physical,4,0,LRHPLDYGYMQRHN-UHFFFAOYSA-N,butan-1-ol,298.15,1,1,18.03,14.1586637497,8.39006069244,outside_associated_liquid
Physical,4,0,LYCAIKOWRPUZTN-UHFFFAOYSA-N,"1,2-ethanediol",303.15,2,2,39.84,31.0682067871,15.3073129364,outside_associated_liquid
Physical,4,0,MCTWTZJPVLRJOU-UHFFFAOYSA-N,1-methylimidazole,298,0,0,39.78,32.1455383301,38.1478273189,inside_domain
Physical,4,0,OHLUUHNLEMFGTQ-UHFFFAOYSA-N,N-methylacetamide,303.15,1,1,178.47,14.0809288025,5.9744908461,outside_associated_liquid
Physical,4,0,QTBSBXVTEAMEQO-UHFFFAOYSA-N,acetic acid,293.15,1,1,6.15,16.9815807343,12.6069173441,outside_associated_liquid
Physical,4,0,SBZXBUIDTXKZTM-UHFFFAOYSA-N,"2,5,8-trioxanonane",298.15,0,0,7.3815,9.24266624451,14.0264717054,inside_domain
Physical,4,0,UODQEMVTULZGKO-UHFFFAOYSA-N,"1-pentyl-1-methylpyrrolidinium 1,1,1-trifluoro-N-[(trifluoromethyl)sulfonyl]methanesulfonamide",298.15,0,0,12.5,13.5995559692,24.4937811978,inside_domain
Physical,4,0,UWHCKJMYHZGTIT-UHFFFAOYSA-N,tetraethylene glycol,298.15,2,2,19.91,23.0656223297,16.8875268244,outside_associated_liquid
Physical,4,0,VRFOKYHDLYBVAL-UHFFFAOYSA-M,1-ethyl-3-methylimidazolium ethyl sulfate,298.15,0,0,35,21.7946357727,45.7566800107,inside_domain
Physical,4,0,WYJOVVXUZNRJQY-UHFFFAOYSA-N,2-acetylthiophene,298.15,0,0,29.19,19.0821800232,26.4529603231,inside_domain
Physical,4,0,XTHFKEDIFFGKHM-UHFFFAOYSA-N,"1,2-dimethoxyethane",298.15,0,0,7.0695,8.21682453156,5.4993455063,inside_domain
Physical,4,0,YIWUKEYIRIRTPP-UHFFFAOYSA-N,2-ethyl-1-hexanol,298.2,1,1,7.353,11.0696382523,5.01442556827,outside_associated_liquid
Physical,4,0,YXFVVABEGXRONW-UHFFFAOYSA-N,toluene,297.385,0,0,2.40445,2.77578377724,1.46990395237,inside_domain
Physical,4,0,ZBCBWPMODOFKDW-UHFFFAOYSA-N,diethanolamine,303.15,3,3,24.69,30.0578994751,10.034846241,outside_associated_liquid
Physical,4,0,ZUHZGEOKBKGPSW-UHFFFAOYSA-N,"2,5,8,11,14-pentaoxapentadecane",298.15,0,0,7.798,10.199971199,10.2230813729,inside_domain
Physical,4,0,HXDLWJWIAHWIKI-UHFFFAOYSA-N,beta-Hydroxyethyl acetate (Glycol monoacetate),303.15,1,1,13,17.3797969818,9.74097362491,outside_associated_liquid
Physical,4,0,SVONRAPFKPVNKG-UHFFFAOYSA-N,"beta-Ethoxyethyl acetate (""Cellosolve"" acetate)",303.15,0,0,7.57,8.77860927582,10.1866881025,inside_domain
Physical,4,0,DIQMPQMYFZXDAX-UHFFFAOYSA-N,Amyl formate,298.15,0,0,6.49,9.73832607269,8.4969957051,inside_domain
Physical,4,0,GJRQTCIYDGXPES-UHFFFAOYSA-N,Isobutyl acetate,293.15,0,0,5.29,9.34086227417,8.50004501778,inside_domain
Physical,4,0,XNWFRZJHXBZDAG-UHFFFAOYSA-N,2-Methoxyethanol,303.15,1,1,16,15.3977565765,12.9838712423,outside_associated_liquid
Physical,4,0,XNLICIUVMPYHGG-UHFFFAOYSA-N,2-Pentanone,293.15,0,0,15.45,13.477935791,17.6741821348,inside_domain
Physical,4,0,DTQVDTLACAAQTR-UHFFFAOYSA-N,Trifluoroacetic acid,293.15,1,1,39.5,19.6916923523,28.7487569677,outside_associated_liquid
Physical,4,0,NVJBFARDFTXOTO-UHFFFAOYSA-N,Ethyl sulfite,293.15,0,0,15.9,11.898683548,15.9704051889,inside_domain
Physical,4,0,FERIUCNNQQJTOY-UHFFFAOYSA-N,Butyric acid,293.15,1,1,2.97,11.1204805374,7.21717286495,outside_associated_liquid
Physical,4,0,GWYFCOCPABKNJV-UHFFFAOYSA-N,Isovaleric acid,293.15,1,1,2.64,9.95028114319,5.90016995209,outside_associated_liquid
Physical,4,0,NKKMVIVFRUYPLQ-NSCUHMNNSA-N,Crotononitrile (bp 108 C),293.15,0,0,36.1,33.654499054,48.0153469112,inside_domain
Physical,4,0,ZWEHNKRNPOVVGH-UHFFFAOYSA-N,2-Butanone,293.15,0,0,18.51,15.6300182343,22.1880711838,inside_domain
Physical,4,0,NDVWOBYBJYUSMF-UHFFFAOYSA-N,2-Methylcyclohexanol,293.15,1,1,13.3,11.162320137,5.23202446322,outside_associated_liquid
Physical,4,0,YWAKXRMUMFPDSH-UHFFFAOYSA-N,1-Pentene,293.15,0,0,2.1,1.95827376842,1.29861209178,inside_domain
Physical,4,0,GDOPTJXRTPNYNR-UHFFFAOYSA-N,Methylcyclopentane,293.15,0,0,1.985,2.37149739265,1.11100262715,inside_domain
Physical,4,0,ZQDPJFUHLCOCRG-WAYWQWQTSA-N,cis-3-Hexene,298.15,0,0,2.062,2.22166180611,1.19258064684,inside_domain
Physical,4,0,RWNKSTSCBHKHTB-UHFFFAOYSA-N,"Hexachloro-1,3-butadiene",298.15,0,0,2.55,1.41464805603,1.1593863388,inside_domain
Physical,4,0,JRGGUPZKKTVKOV-UHFFFAOYSA-N,1-Bromo-3-chlorobenzene,293.15,0,0,4.58,4.56091499329,13.6465698801,inside_domain
Physical,4,0,WQONPSCCEXUXTQ-UHFFFAOYSA-N,o-Dibromobenzene,293.15,0,0,7.35,13.5359249115,35.3981532236,inside_domain
Physical,4,0,JSRLURSZEMLAFO-UHFFFAOYSA-N,m-Dibromobenzene,293.15,0,0,4.8,4.95311260223,15.1734627111,inside_domain
Physical,4,0,JUJWROOIHBZHMG-UHFFFAOYSA-N,Pyridine,298.15,0,0,12.3,5.96878576279,9.88027991812,inside_domain
Physical,4,0,PYLWMHQQBFSUBP-UHFFFAOYSA-N,Fluorobenzene,298.15,0,0,5.42,5.24857473373,9.55831440066,inside_domain
Physical,4,0,WRWPPGUCZBJXKX-UHFFFAOYSA-N,p-Fluorotoluene,303.15,0,0,5.86,5.5952706337,12.7592051561,inside_domain
Morgan+Physical,4,0,CRVGTESFCCXCTH-UHFFFAOYSA-N,N-methyldiethanolamine,300.65,2,2,22.12,22.350774765,10.6262172267,outside_associated_liquid
Morgan+Physical,4,0,HXJUTPCZVOIRIF-UHFFFAOYSA-N,sulfolane,298.15,0,0,44,21.0294589996,54.0253899274,inside_domain
Morgan+Physical,4,0,IIRFCWANHMSDCG-UHFFFAOYSA-N,cyclooctanone,300.65,0,0,14.38,12.5606880188,13.5668987419,inside_domain
Morgan+Physical,4,0,LRHPLDYGYMQRHN-UHFFFAOYSA-N,butan-1-ol,298.15,1,1,18.03,14.4836654663,8.39006069244,outside_associated_liquid
Morgan+Physical,4,0,LYCAIKOWRPUZTN-UHFFFAOYSA-N,"1,2-ethanediol",303.15,2,2,39.84,27.5651130676,15.3073129364,outside_associated_liquid
Morgan+Physical,4,0,MCTWTZJPVLRJOU-UHFFFAOYSA-N,1-methylimidazole,298,0,0,39.78,21.0377731323,38.1478273189,inside_domain
Morgan+Physical,4,0,OHLUUHNLEMFGTQ-UHFFFAOYSA-N,N-methylacetamide,303.15,1,1,178.47,11.6072349548,5.9744908461,outside_associated_liquid
Morgan+Physical,4,0,QTBSBXVTEAMEQO-UHFFFAOYSA-N,acetic acid,293.15,1,1,6.15,17.0301322937,12.6069173441,outside_associated_liquid
Morgan+Physical,4,0,SBZXBUIDTXKZTM-UHFFFAOYSA-N,"2,5,8-trioxanonane",298.15,0,0,7.3815,7.96901416779,14.0264717054,inside_domain
Morgan+Physical,4,0,UODQEMVTULZGKO-UHFFFAOYSA-N,"1-pentyl-1-methylpyrrolidinium 1,1,1-trifluoro-N-[(trifluoromethyl)sulfonyl]methanesulfonamide",298.15,0,0,12.5,12.69947052,24.4937811978,inside_domain
Morgan+Physical,4,0,UWHCKJMYHZGTIT-UHFFFAOYSA-N,tetraethylene glycol,298.15,2,2,19.91,22.6239852905,16.8875268244,outside_associated_liquid
Morgan+Physical,4,0,VRFOKYHDLYBVAL-UHFFFAOYSA-M,1-ethyl-3-methylimidazolium ethyl sulfate,298.15,0,0,35,18.29438591,45.7566800107,inside_domain
Morgan+Physical,4,0,WYJOVVXUZNRJQY-UHFFFAOYSA-N,2-acetylthiophene,298.15,0,0,29.19,17.8069381714,26.4529603231,inside_domain
Morgan+Physical,4,0,XTHFKEDIFFGKHM-UHFFFAOYSA-N,"1,2-dimethoxyethane",298.15,0,0,7.0695,7.45609283447,5.4993455063,inside_domain
Morgan+Physical,4,0,YIWUKEYIRIRTPP-UHFFFAOYSA-N,2-ethyl-1-hexanol,298.2,1,1,7.353,12.0164375305,5.01442556827,outside_associated_liquid
Morgan+Physical,4,0,YXFVVABEGXRONW-UHFFFAOYSA-N,toluene,297.385,0,0,2.40445,4.70441961288,1.46990395237,inside_domain
Morgan+Physical,4,0,ZBCBWPMODOFKDW-UHFFFAOYSA-N,diethanolamine,303.15,3,3,24.69,27.0599594116,10.034846241,outside_associated_liquid
Morgan+Physical,4,0,ZUHZGEOKBKGPSW-UHFFFAOYSA-N,"2,5,8,11,14-pentaoxapentadecane",298.15,0,0,7.798,8.30492115021,10.2230813729,inside_domain
Morgan+Physical,4,0,HXDLWJWIAHWIKI-UHFFFAOYSA-N,beta-Hydroxyethyl acetate (Glycol monoacetate),303.15,1,1,13,24.219701767,9.74097362491,outside_associated_liquid
Morgan+Physical,4,0,SVONRAPFKPVNKG-UHFFFAOYSA-N,"beta-Ethoxyethyl acetate (""Cellosolve"" acetate)",303.15,0,0,7.57,9.30617523193,10.1866881025,inside_domain
Morgan+Physical,4,0,DIQMPQMYFZXDAX-UHFFFAOYSA-N,Amyl formate,298.15,0,0,6.49,8.05345726013,8.4969957051,inside_domain
Morgan+Physical,4,0,GJRQTCIYDGXPES-UHFFFAOYSA-N,Isobutyl acetate,293.15,0,0,5.29,10.2126350403,8.50004501778,inside_domain
Morgan+Physical,4,0,XNWFRZJHXBZDAG-UHFFFAOYSA-N,2-Methoxyethanol,303.15,1,1,16,17.7951507568,12.9838712423,outside_associated_liquid
Morgan+Physical,4,0,XNLICIUVMPYHGG-UHFFFAOYSA-N,2-Pentanone,293.15,0,0,15.45,13.1040916443,17.6741821348,inside_domain
Morgan+Physical,4,0,DTQVDTLACAAQTR-UHFFFAOYSA-N,Trifluoroacetic acid,293.15,1,1,39.5,19.3071899414,28.7487569677,outside_associated_liquid
Morgan+Physical,4,0,NVJBFARDFTXOTO-UHFFFAOYSA-N,Ethyl sulfite,293.15,0,0,15.9,16.2431564331,15.9704051889,inside_domain
Morgan+Physical,4,0,FERIUCNNQQJTOY-UHFFFAOYSA-N,Butyric acid,293.15,1,1,2.97,12.487154007,7.21717286495,outside_associated_liquid
Morgan+Physical,4,0,GWYFCOCPABKNJV-UHFFFAOYSA-N,Isovaleric acid,293.15,1,1,2.64,13.5614900589,5.90016995209,outside_associated_liquid
Morgan+Physical,4,0,NKKMVIVFRUYPLQ-NSCUHMNNSA-N,Crotononitrile (bp 108 C),293.15,0,0,36.1,32.2428779602,48.0153469112,inside_domain
Morgan+Physical,4,0,ZWEHNKRNPOVVGH-UHFFFAOYSA-N,2-Butanone,293.15,0,0,18.51,14.1801319122,22.1880711838,inside_domain
Morgan+Physical,4,0,NDVWOBYBJYUSMF-UHFFFAOYSA-N,2-Methylcyclohexanol,293.15,1,1,13.3,10.1485729218,5.23202446322,outside_associated_liquid
Morgan+Physical,4,0,YWAKXRMUMFPDSH-UHFFFAOYSA-N,1-Pentene,293.15,0,0,2.1,3.02996468544,1.29861209178,inside_domain
Morgan+Physical,4,0,GDOPTJXRTPNYNR-UHFFFAOYSA-N,Methylcyclopentane,293.15,0,0,1.985,4.71804475784,1.11100262715,inside_domain
Morgan+Physical,4,0,ZQDPJFUHLCOCRG-WAYWQWQTSA-N,cis-3-Hexene,298.15,0,0,2.062,3.51763343811,1.19258064684,inside_domain
Morgan+Physical,4,0,RWNKSTSCBHKHTB-UHFFFAOYSA-N,"Hexachloro-1,3-butadiene",298.15,0,0,2.55,11.9691467285,1.1593863388,inside_domain
Morgan+Physical,4,0,JRGGUPZKKTVKOV-UHFFFAOYSA-N,1-Bromo-3-chlorobenzene,293.15,0,0,4.58,5.62798881531,13.6465698801,inside_domain
Morgan+Physical,4,0,WQONPSCCEXUXTQ-UHFFFAOYSA-N,o-Dibromobenzene,293.15,0,0,7.35,10.1154937744,35.3981532236,inside_domain
Morgan+Physical,4,0,JSRLURSZEMLAFO-UHFFFAOYSA-N,m-Dibromobenzene,293.15,0,0,4.8,5.82408714294,15.1734627111,inside_domain
Morgan+Physical,4,0,JUJWROOIHBZHMG-UHFFFAOYSA-N,Pyridine,298.15,0,0,12.3,11.5384397507,9.88027991812,inside_domain
Morgan+Physical,4,0,PYLWMHQQBFSUBP-UHFFFAOYSA-N,Fluorobenzene,298.15,0,0,5.42,5.90208292007,9.55831440066,inside_domain
Morgan+Physical,4,0,WRWPPGUCZBJXKX-UHFFFAOYSA-N,p-Fluorotoluene,303.15,0,0,5.86,6.18389892578,12.7592051561,inside_domain
Morgan,4,1,ALYCOCULEAWWJO-UHFFFAOYSA-N,triethylpentylammonium bis(trifluoromethylsulfonyl)imide,298.15,0,0,12.5,11.1926240921,6.67840629363,inside_domain
Morgan,4,1,BMRWNKZVCUKKSR-UHFFFAOYSA-N,"1,2-butanediol",298.2,2,2,22.143,23.4005241394,13.5953058324,outside_associated_liquid
Morgan,4,1,FYIRUPZTYPILDH-UHFFFAOYSA-N,"1,1,1,2,3,3-hexafluoropropane",302.85,0,0,5.3105,8.98119068146,14.0370858022,inside_domain
Morgan,4,1,GSEJCLTVZPLZKY-UHFFFAOYSA-N,triethanolamine,303.15,3,3,28.11,34.5441894531,8.50333947546,outside_associated_liquid
Morgan,4,1,HZKDSQCZNUUQIF-UHFFFAOYSA-M,1-ethyl-3-methylimidazolium hydrogen sulfate,298.15,1,1,18.4,26.9021873474,15.1917971963,outside_associated_liquid
Morgan,4,1,IAZDPXIOMUYVGZ-UHFFFAOYSA-N,dimethyl sulfoxide,298,0,0,46.05,12.8599824905,39.3405912447,inside_domain
Morgan,4,1,JIGUQPWFLRLWPJ-UHFFFAOYSA-N,ethyl propenoate,298.15,0,0,6.209,7.22282361984,13.7902225059,inside_domain
Morgan,4,1,LFQSCWFLJHTTHZ-UHFFFAOYSA-N,ethanol,298.15,1,1,25.02,14.3303575516,9.55039595517,outside_associated_liquid
Morgan,4,1,MTHSVFCYNBDYFN-UHFFFAOYSA-N,diethylene glycol,298.15,2,2,30.95,20.9166374207,11.7806957518,outside_associated_liquid
Morgan,4,1,OIFBSDVPJOWBCH-UHFFFAOYSA-N,diethyl carbonate,298.15,0,0,2.834,7.49332761765,1.35579310568,inside_domain
Morgan,4,1,OKKJLVBELUTLKV-UHFFFAOYSA-N,methanol,298.15,1,1,33.6,9.07097530365,16.5823957018,outside_associated_liquid
Morgan,4,1,RYHBNJHYFVUHQT-UHFFFAOYSA-N,"1,4-dioxane",298.2,0,0,2.228,18.6810932159,1.10125989107,inside_domain
Morgan,4,1,SIXHYMZEOJSYQH-UHFFFAOYSA-M,1-butyl-3-methylimidazolium thiocyanate,298.15,0,0,13.7,25.118680954,27.3242655698,inside_domain
Morgan,4,1,TVMXDCGIABBOFY-UHFFFAOYSA-N,octane,298.15,0,0,1.961,5.54353666306,1.1076211483,inside_domain
Morgan,4,1,VCAIYEJBOWHUGP-UHFFFAOYSA-N,"1-butyl-2,3-dimethylimidazolium tetrafluoroborate",298.15,0,0,13.3,8.29925346375,2.20117467965,inside_domain
Morgan,4,1,VFTFKUDGYRBSAL-UHFFFAOYSA-N,"1,4,7,10,13-pentaoxacyclopentadecane",298.15,0,0,15.48,18.6810932159,14.8444868881,inside_domain
Morgan,4,1,XLYOFNOQVPJJNP-UHFFFAOYSA-N,water,297.575,0,1,78.87,20.0129146576,40.4474006258,outside_associated_liquid
Morgan,4,1,XQQZRZQVBFHBHL-UHFFFAOYSA-N,"1,4,7,10-tetraoxacyclododecane",299.4,0,0,10.76,18.6810932159,11.613237056,inside_domain
Morgan,4,1,YFMFNYKEUDLDTL-UHFFFAOYSA-N,"1,1,1,2,3,3,3-heptafluoropropane",302.85,0,0,4.1348,8.98119068146,7.17247104625,inside_domain
Morgan,4,1,ZIBGPFATKBEMQZ-UHFFFAOYSA-N,triethylene glycol,298.15,2,2,23.07,20.4800815582,12.1409402443,outside_associated_liquid
Morgan,4,1,ZPTRYWVRCNOTAS-UHFFFAOYSA-M,1-ethyl-3-methylimidazolium trifluoromethanesulfonate,298.15,0,0,16.5,25.0152854919,17.4010984828,inside_domain
Morgan,4,1,DKPFZGUDAPQIHT-UHFFFAOYSA-N,Butyl acetate,293.15,0,0,5.01,9.30684661865,10.0231968887,inside_domain
Morgan,4,1,CSCPPACGZOOCGX-UHFFFAOYSA-N,Acetone,298.15,0,0,20.7,14.1450386047,29.9937881156,inside_domain
Morgan,4,1,SQYNKIJPMDEDEG-UHFFFAOYSA-N,Paraldehyde,298.15,0,0,13.9,7.48967885971,1.56759076609,inside_domain
Morgan,4,1,FVSKHRXBFJPNKK-UHFFFAOYSA-N,Propionitrile,293.15,0,0,27.2,23.9311466217,38.9694829474,inside_domain
Morgan,4,1,XCIXKGXIYUWCLL-UHFFFAOYSA-N,Cyclopentanol,293.15,1,1,18,10.5624856949,6.20107699779,outside_associated_liquid
Morgan,4,1,PHTQWCKDNZKARW-UHFFFAOYSA-N,3-Methyl-1-butanol,298.15,1,1,14.7,18.9298782349,4.92575324719,outside_associated_liquid
Morgan,4,1,RLSSMJSEOOYNOY-UHFFFAOYSA-N,m-Cresol,298.15,1,1,11.8,8.32220649719,6.72405719621,outside_associated_liquid
Morgan,4,1,LFSAPCRASZRSKS-UHFFFAOYSA-N,2-Methylcyclohexanone,293.15,0,0,14,12.8599824905,15.7212749253,inside_domain
Morgan,4,1,HTSABYAWKQAHBT-UHFFFAOYSA-N,3-Methylcyclohexanol,293.15,1,1,12.3,9.07097530365,4.10543593176,outside_associated_liquid
Morgan,4,1,MVPPADPHJFYWMZ-UHFFFAOYSA-N,Chlorobenzene,298.15,0,0,5.621,6.38697385788,6.2681341664,inside_domain
Morgan,4,1,QWTDNUCVQCZILF-UHFFFAOYSA-N,2-Methylbutane,293.15,0,0,1.843,5.76589727402,1.10396118598,inside_domain
Morgan,4,1,CYTYCFOTNPOANT-UHFFFAOYSA-N,Tetrachloroethylene,298.15,0,0,2.3,11.6098985672,1.12045182946,inside_domain
Morgan,4,1,PIICEJLVQHRZGT-UHFFFAOYSA-N,"1,2-Ethanediamine",293.15,2,2,14.2,11.7807865143,1.53256228944,outside_associated_liquid
Morgan,4,1,QBELEDRHMPMKHP-UHFFFAOYSA-N,1-Bromo-2-chlorobenzene,293.15,0,0,6.8,6.38697385788,24.1815742763,inside_domain
Morgan,4,1,RFFLAFLAYFXFSW-UHFFFAOYSA-N,o-Dichlorobenzene,298.15,0,0,9.93,4.92868280411,10.2507478883,inside_domain
Morgan,4,1,ZPQOPVIELGIULI-UHFFFAOYSA-N,m-Dichlorobenzene,298.15,0,0,5.04,4.92868280411,4.80631156245,inside_domain
Morgan,4,1,ZRKMQKLGEQPLNS-UHFFFAOYSA-N,1-Pentanethiol,298.15,1,1,4.55,5.54353666306,9.12891097269,outside_associated_liquid
Morgan,4,1,ZMANZCXQSJIPKH-UHFFFAOYSA-N,Triethylamine,298.15,0,0,2.42,9.72228622437,1.58318603892,inside_domain
Morgan,4,1,MMZYCBHLNZVROM-UHFFFAOYSA-N,o-Fluorotoluene,303.15,0,0,4.22,7.33856010437,6.12573643678,inside_domain
Morgan,4,1,QQONPFPTGQHPMA-UHFFFAOYSA-N,Propene,293.15,0,0,1.875,6.92620706558,1.56210378661,inside_domain
Physical,4,1,ALYCOCULEAWWJO-UHFFFAOYSA-N,triethylpentylammonium bis(trifluoromethylsulfonyl)imide,298.15,0,0,12.5,17.0582313538,6.67840629363,inside_domain
Physical,4,1,BMRWNKZVCUKKSR-UHFFFAOYSA-N,"1,2-butanediol",298.2,2,2,22.143,19.8515300751,13.5953058324,outside_associated_liquid
Physical,4,1,FYIRUPZTYPILDH-UHFFFAOYSA-N,"1,1,1,2,3,3-hexafluoropropane",302.85,0,0,5.3105,7.17334604263,14.0370858022,inside_domain
Physical,4,1,GSEJCLTVZPLZKY-UHFFFAOYSA-N,triethanolamine,303.15,3,3,28.11,20.5660495758,8.50333947546,outside_associated_liquid
Physical,4,1,HZKDSQCZNUUQIF-UHFFFAOYSA-M,1-ethyl-3-methylimidazolium hydrogen sulfate,298.15,1,1,18.4,19.414937973,15.1917971963,outside_associated_liquid
Physical,4,1,IAZDPXIOMUYVGZ-UHFFFAOYSA-N,dimethyl sulfoxide,298,0,0,46.05,34.4844665527,39.3405912447,inside_domain
Physical,4,1,JIGUQPWFLRLWPJ-UHFFFAOYSA-N,ethyl propenoate,298.15,0,0,6.209,11.5599279404,13.7902225059,inside_domain
Physical,4,1,LFQSCWFLJHTTHZ-UHFFFAOYSA-N,ethanol,298.15,1,1,25.02,18.8273887634,9.55039595517,outside_associated_liquid
Physical,4,1,MTHSVFCYNBDYFN-UHFFFAOYSA-N,diethylene glycol,298.15,2,2,30.95,19.9139251709,11.7806957518,outside_associated_liquid
Physical,4,1,OIFBSDVPJOWBCH-UHFFFAOYSA-N,diethyl carbonate,298.15,0,0,2.834,8.7739572525,1.35579310568,inside_domain
Physical,4,1,OKKJLVBELUTLKV-UHFFFAOYSA-N,methanol,298.15,1,1,33.6,28.9238853455,16.5823957018,outside_associated_liquid
Physical,4,1,RYHBNJHYFVUHQT-UHFFFAOYSA-N,"1,4-dioxane",298.2,0,0,2.228,5.89561796188,1.10125989107,inside_domain
Physical,4,1,SIXHYMZEOJSYQH-UHFFFAOYSA-M,1-butyl-3-methylimidazolium thiocyanate,298.15,0,0,13.7,61.7255516052,27.3242655698,inside_domain
Physical,4,1,TVMXDCGIABBOFY-UHFFFAOYSA-N,octane,298.15,0,0,1.961,2.42884230614,1.1076211483,inside_domain
Physical,4,1,VCAIYEJBOWHUGP-UHFFFAOYSA-N,"1-butyl-2,3-dimethylimidazolium tetrafluoroborate",298.15,0,0,13.3,2.35298609734,2.20117467965,inside_domain
Physical,4,1,VFTFKUDGYRBSAL-UHFFFAOYSA-N,"1,4,7,10,13-pentaoxacyclopentadecane",298.15,0,0,15.48,15.443022728,14.8444868881,inside_domain
Physical,4,1,XLYOFNOQVPJJNP-UHFFFAOYSA-N,water,297.575,0,1,78.87,40.8692092896,40.4474006258,outside_associated_liquid
Physical,4,1,XQQZRZQVBFHBHL-UHFFFAOYSA-N,"1,4,7,10-tetraoxacyclododecane",299.4,0,0,10.76,11.7496414185,11.613237056,inside_domain
Physical,4,1,YFMFNYKEUDLDTL-UHFFFAOYSA-N,"1,1,1,2,3,3,3-heptafluoropropane",302.85,0,0,4.1348,5.21338367462,7.17247104625,inside_domain
Physical,4,1,ZIBGPFATKBEMQZ-UHFFFAOYSA-N,triethylene glycol,298.15,2,2,23.07,17.4876689911,12.1409402443,outside_associated_liquid
Physical,4,1,ZPTRYWVRCNOTAS-UHFFFAOYSA-M,1-ethyl-3-methylimidazolium trifluoromethanesulfonate,298.15,0,0,16.5,18.5213241577,17.4010984828,inside_domain
Physical,4,1,DKPFZGUDAPQIHT-UHFFFAOYSA-N,Butyl acetate,293.15,0,0,5.01,6.44970417023,10.0231968887,inside_domain
Physical,4,1,CSCPPACGZOOCGX-UHFFFAOYSA-N,Acetone,298.15,0,0,20.7,22.6522941589,29.9937881156,inside_domain
Physical,4,1,SQYNKIJPMDEDEG-UHFFFAOYSA-N,Paraldehyde,298.15,0,0,13.9,4.89348602295,1.56759076609,inside_domain
Physical,4,1,FVSKHRXBFJPNKK-UHFFFAOYSA-N,Propionitrile,293.15,0,0,27.2,26.4654216766,38.9694829474,inside_domain
Physical,4,1,XCIXKGXIYUWCLL-UHFFFAOYSA-N,Cyclopentanol,293.15,1,1,18,14.7545728683,6.20107699779,outside_associated_liquid
Physical,4,1,PHTQWCKDNZKARW-UHFFFAOYSA-N,3-Methyl-1-butanol,298.15,1,1,14.7,16.4395561218,4.92575324719,outside_associated_liquid
Physical,4,1,RLSSMJSEOOYNOY-UHFFFAOYSA-N,m-Cresol,298.15,1,1,11.8,17.0270404816,6.72405719621,outside_associated_liquid
Physical,4,1,LFSAPCRASZRSKS-UHFFFAOYSA-N,2-Methylcyclohexanone,293.15,0,0,14,10.7969369888,15.7212749253,inside_domain
Physical,4,1,HTSABYAWKQAHBT-UHFFFAOYSA-N,3-Methylcyclohexanol,293.15,1,1,12.3,12.4433994293,4.10543593176,outside_associated_liquid
Physical,4,1,MVPPADPHJFYWMZ-UHFFFAOYSA-N,Chlorobenzene,298.15,0,0,5.621,8.70536231995,6.2681341664,inside_domain
Physical,4,1,QWTDNUCVQCZILF-UHFFFAOYSA-N,2-Methylbutane,293.15,0,0,1.843,2.74438667297,1.10396118598,inside_domain
Physical,4,1,CYTYCFOTNPOANT-UHFFFAOYSA-N,Tetrachloroethylene,298.15,0,0,2.3,1.80324554443,1.12045182946,inside_domain
Physical,4,1,PIICEJLVQHRZGT-UHFFFAOYSA-N,"1,2-Ethanediamine",293.15,2,2,14.2,40.0676727295,1.53256228944,outside_associated_liquid
Physical,4,1,QBELEDRHMPMKHP-UHFFFAOYSA-N,1-Bromo-2-chlorobenzene,293.15,0,0,6.8,9.3190612793,24.1815742763,inside_domain
Physical,4,1,RFFLAFLAYFXFSW-UHFFFAOYSA-N,o-Dichlorobenzene,298.15,0,0,9.93,3.61961722374,10.2507478883,inside_domain
Physical,4,1,ZPQOPVIELGIULI-UHFFFAOYSA-N,m-Dichlorobenzene,298.15,0,0,5.04,4.62431526184,4.80631156245,inside_domain
Physical,4,1,ZRKMQKLGEQPLNS-UHFFFAOYSA-N,1-Pentanethiol,298.15,1,1,4.55,6.82015323639,9.12891097269,outside_associated_liquid
Physical,4,1,ZMANZCXQSJIPKH-UHFFFAOYSA-N,Triethylamine,298.15,0,0,2.42,1.68944191933,1.58318603892,inside_domain
Physical,4,1,MMZYCBHLNZVROM-UHFFFAOYSA-N,o-Fluorotoluene,303.15,0,0,4.22,12.3721904755,6.12573643678,inside_domain
Physical,4,1,QQONPFPTGQHPMA-UHFFFAOYSA-N,Propene,293.15,0,0,1.875,1.66617357731,1.56210378661,inside_domain
Morgan+Physical,4,1,ALYCOCULEAWWJO-UHFFFAOYSA-N,triethylpentylammonium bis(trifluoromethylsulfonyl)imide,298.15,0,0,12.5,14.1254272461,6.67840629363,inside_domain
Morgan+Physical,4,1,BMRWNKZVCUKKSR-UHFFFAOYSA-N,"1,2-butanediol",298.2,2,2,22.143,21.6260261536,13.5953058324,outside_associated_liquid
Morgan+Physical,4,1,FYIRUPZTYPILDH-UHFFFAOYSA-N,"1,1,1,2,3,3-hexafluoropropane",302.85,0,0,5.3105,8.07726860046,14.0370858022,inside_domain
Morgan+Physical,4,1,GSEJCLTVZPLZKY-UHFFFAOYSA-N,triethanolamine,303.15,3,3,28.11,27.5551185608,8.50333947546,outside_associated_liquid
Morgan+Physical,4,1,HZKDSQCZNUUQIF-UHFFFAOYSA-M,1-ethyl-3-methylimidazolium hydrogen sulfate,298.15,1,1,18.4,23.1585617065,15.1917971963,outside_associated_liquid
Morgan+Physical,4,1,IAZDPXIOMUYVGZ-UHFFFAOYSA-N,dimethyl sulfoxide,298,0,0,46.05,23.6722240448,39.3405912447,inside_domain
Morgan+Physical,4,1,JIGUQPWFLRLWPJ-UHFFFAOYSA-N,ethyl propenoate,298.15,0,0,6.209,9.39137554169,13.7902225059,inside_domain
Morgan+Physical,4,1,LFQSCWFLJHTTHZ-UHFFFAOYSA-N,ethanol,298.15,1,1,25.02,16.5788726807,9.55039595517,outside_associated_liquid
Morgan+Physical,4,1,MTHSVFCYNBDYFN-UHFFFAOYSA-N,diethylene glycol,298.15,2,2,30.95,20.4152812958,11.7806957518,outside_associated_liquid
Morgan+Physical,4,1,OIFBSDVPJOWBCH-UHFFFAOYSA-N,diethyl carbonate,298.15,0,0,2.834,8.13364219666,1.35579310568,inside_domain
Morgan+Physical,4,1,OKKJLVBELUTLKV-UHFFFAOYSA-N,methanol,298.15,1,1,33.6,18.9974308014,16.5823957018,outside_associated_liquid
Morgan+Physical,4,1,RYHBNJHYFVUHQT-UHFFFAOYSA-N,"1,4-dioxane",298.2,0,0,2.228,12.2883558273,1.10125989107,inside_domain
Morgan+Physical,4,1,SIXHYMZEOJSYQH-UHFFFAOYSA-M,1-butyl-3-methylimidazolium thiocyanate,298.15,0,0,13.7,43.4221153259,27.3242655698,inside_domain
Morgan+Physical,4,1,TVMXDCGIABBOFY-UHFFFAOYSA-N,octane,298.15,0,0,1.961,3.98618936539,1.1076211483,inside_domain
Morgan+Physical,4,1,VCAIYEJBOWHUGP-UHFFFAOYSA-N,"1-butyl-2,3-dimethylimidazolium tetrafluoroborate",298.15,0,0,13.3,5.32611989975,2.20117467965,inside_domain
Morgan+Physical,4,1,VFTFKUDGYRBSAL-UHFFFAOYSA-N,"1,4,7,10,13-pentaoxacyclopentadecane",298.15,0,0,15.48,17.0620574951,14.8444868881,inside_domain
Morgan+Physical,4,1,XLYOFNOQVPJJNP-UHFFFAOYSA-N,water,297.575,0,1,78.87,30.4410629272,40.4474006258,outside_associated_liquid
Morgan+Physical,4,1,XQQZRZQVBFHBHL-UHFFFAOYSA-N,"1,4,7,10-tetraoxacyclododecane",299.4,0,0,10.76,15.2153673172,11.613237056,inside_domain
Morgan+Physical,4,1,YFMFNYKEUDLDTL-UHFFFAOYSA-N,"1,1,1,2,3,3,3-heptafluoropropane",302.85,0,0,4.1348,7.09728717804,7.17247104625,inside_domain
Morgan+Physical,4,1,ZIBGPFATKBEMQZ-UHFFFAOYSA-N,triethylene glycol,298.15,2,2,23.07,18.9838752747,12.1409402443,outside_associated_liquid
Morgan+Physical,4,1,ZPTRYWVRCNOTAS-UHFFFAOYSA-M,1-ethyl-3-methylimidazolium trifluoromethanesulfonate,298.15,0,0,16.5,21.7683048248,17.4010984828,inside_domain
Morgan+Physical,4,1,DKPFZGUDAPQIHT-UHFFFAOYSA-N,Butyl acetate,293.15,0,0,5.01,7.87827539444,10.0231968887,inside_domain
Morgan+Physical,4,1,CSCPPACGZOOCGX-UHFFFAOYSA-N,Acetone,298.15,0,0,20.7,18.3986663818,29.9937881156,inside_domain
Morgan+Physical,4,1,SQYNKIJPMDEDEG-UHFFFAOYSA-N,Paraldehyde,298.15,0,0,13.9,6.19158267975,1.56759076609,inside_domain
Morgan+Physical,4,1,FVSKHRXBFJPNKK-UHFFFAOYSA-N,Propionitrile,293.15,0,0,27.2,25.1982841492,38.9694829474,inside_domain
Morgan+Physical,4,1,XCIXKGXIYUWCLL-UHFFFAOYSA-N,Cyclopentanol,293.15,1,1,18,12.6585292816,6.20107699779,outside_associated_liquid
Morgan+Physical,4,1,PHTQWCKDNZKARW-UHFFFAOYSA-N,3-Methyl-1-butanol,298.15,1,1,14.7,17.6847171783,4.92575324719,outside_associated_liquid
Morgan+Physical,4,1,RLSSMJSEOOYNOY-UHFFFAOYSA-N,m-Cresol,298.15,1,1,11.8,12.6746234894,6.72405719621,outside_associated_liquid
Morgan+Physical,4,1,LFSAPCRASZRSKS-UHFFFAOYSA-N,2-Methylcyclohexanone,293.15,0,0,14,11.8284597397,15.7212749253,inside_domain
Morgan+Physical,4,1,HTSABYAWKQAHBT-UHFFFAOYSA-N,3-Methylcyclohexanol,293.15,1,1,12.3,10.7571868896,4.10543593176,outside_associated_liquid
Morgan+Physical,4,1,MVPPADPHJFYWMZ-UHFFFAOYSA-N,Chlorobenzene,298.15,0,0,5.621,7.54616832733,6.2681341664,inside_domain
Morgan+Physical,4,1,QWTDNUCVQCZILF-UHFFFAOYSA-N,2-Methylbutane,293.15,0,0,1.843,4.25514221191,1.10396118598,inside_domain
Morgan+Physical,4,1,CYTYCFOTNPOANT-UHFFFAOYSA-N,Tetrachloroethylene,298.15,0,0,2.3,6.70657205582,1.12045182946,inside_domain
Morgan+Physical,4,1,PIICEJLVQHRZGT-UHFFFAOYSA-N,"1,2-Ethanediamine",293.15,2,2,14.2,25.9242286682,1.53256228944,outside_associated_liquid
Morgan+Physical,4,1,QBELEDRHMPMKHP-UHFFFAOYSA-N,1-Bromo-2-chlorobenzene,293.15,0,0,6.8,7.85301780701,24.1815742763,inside_domain
Morgan+Physical,4,1,RFFLAFLAYFXFSW-UHFFFAOYSA-N,o-Dichlorobenzene,298.15,0,0,9.93,4.27414989471,10.2507478883,inside_domain
Morgan+Physical,4,1,ZPQOPVIELGIULI-UHFFFAOYSA-N,m-Dichlorobenzene,298.15,0,0,5.04,4.77649879456,4.80631156245,inside_domain
Morgan+Physical,4,1,ZRKMQKLGEQPLNS-UHFFFAOYSA-N,1-Pentanethiol,298.15,1,1,4.55,6.1818447113,9.12891097269,outside_associated_liquid
Morgan+Physical,4,1,ZMANZCXQSJIPKH-UHFFFAOYSA-N,Triethylamine,298.15,0,0,2.42,5.70586395264,1.58318603892,inside_domain
Morgan+Physical,4,1,MMZYCBHLNZVROM-UHFFFAOYSA-N,o-Fluorotoluene,303.15,0,0,4.22,9.85537528992,6.12573643678,inside_domain
Morgan+Physical,4,1,QQONPFPTGQHPMA-UHFFFAOYSA-N,Propene,293.15,0,0,1.875,4.29619026184,1.56210378661,inside_domain
Morgan,4,2,BBMCTIGTTCKYKF-UHFFFAOYSA-N,heptan-1-ol,298.15,1,1,12.65,15.9994058609,4.96304294304,outside_associated_liquid
Morgan,4,2,BTANRVKWQNVYAZ-UHFFFAOYSA-N,butan-2-ol,298.15,1,1,16.6,11.5689496994,8.35397764198,outside_associated_liquid
Morgan,4,2,BTGRAWJCKBQKAO-UHFFFAOYSA-N,hexanedinitrile,298.15,0,0,32.12,30.1856746674,46.5421430104,inside_domain
Morgan,4,2,BTNXBLUGMAMSSH-UHFFFAOYSA-N,octanedinitrile,298.15,0,0,25.94,30.1856746674,22.1540981947,inside_domain
Morgan,4,2,DURPTKYDGMDSBL-UHFFFAOYSA-N,dibutyl ether,298.15,0,0,3.106,4.36885166168,2.81657790905,inside_domain
Morgan,4,2,FRZPYEHDSAQGAS-UHFFFAOYSA-M,1-butyl-3-methylimidazolium trifluoromethanesulfonate,298.15,0,0,12.9,24.6382026672,53.1539772418,inside_domain
Morgan,4,2,GRYUVYIMDGRRLN-UHFFFAOYSA-N,"1-butyl-2,3,4,5-tetramethylimidazolium bis(trifluoromethylsulfonyl)imide",298.15,0,0,15,13.8322811127,18.8149235057,inside_domain
Morgan,4,2,KBPLFHHGFOOTCA-UHFFFAOYSA-N,octan-1-ol,298.15,1,1,10.66,15.9994058609,4.22641786179,outside_associated_liquid
Morgan,4,2,LVTYICIALWPMFW-UHFFFAOYSA-N,N-(2-hydroxypropyl)-2-hydroxy-1-propanamine,303.15,3,3,13.87,15.1290521622,21.6555806344,outside_associated_liquid
Morgan,4,2,MWKFXSUHUHTGQN-UHFFFAOYSA-N,decan-1-ol,298.15,1,1,7.74,15.9994058609,3.3156322585,outside_associated_liquid
Morgan,4,2,NEQXUPRFDXNNTA-UHFFFAOYSA-N,2-hydroxyethylammonium lactate,298.15,4,4,85.6,47.4561920166,5.97933023131,outside_associated_liquid
Morgan,4,2,QRCRANRUHQKZME-UHFFFAOYSA-N,"3-butyl-1,2,4,5-tetramethyl-1H-imidazol-3-ium tetrafluoroborate",298.15,0,0,12,7.22302055359,90.2035313888,inside_domain
Morgan,4,2,WZLFPVPRZGTCKP-UHFFFAOYSA-N,"1,1,1,3,3-pentafluorobutane",298.115,0,0,11.8861,8.36725330353,6.83236100939,inside_domain
Morgan,4,2,ZHNUHDYFZUAESO-UHFFFAOYSA-N,formamide,303.15,2,2,106.14,9.70216751099,1.63244107371,outside_associated_liquid
Morgan,4,2,ZXEKIIBDNHEJCQ-UHFFFAOYSA-N,2-methyl-1-propanol,298.15,1,1,17.96,18.0847225189,5.2814866108,outside_associated_liquid
Morgan,4,2,XEKOWRVHYACXOJ-UHFFFAOYSA-N,Ethyl acetate,298.15,0,0,6.02,8.19261074066,9.7831231174,inside_domain
Morgan,4,2,WFCLYEAZTHWNEH-UHFFFAOYSA-N,Ethyl thiocyanate,294.15,0,0,29.3,24.6286792755,32.9129822647,inside_domain
Morgan,4,2,WERYXYBDKMZEQL-UHFFFAOYSA-N,"1,4-Butanediol",303.15,2,2,30.2,25.9538516998,11.955624374,outside_associated_liquid
Morgan,4,2,SPEUIVXLLWOEMJ-UHFFFAOYSA-N,"1,1-Dimethoxyethane",293.15,0,0,3.49,8.14275741577,8.95630913771,inside_domain
Morgan,4,2,NQPDZGIKBAWPEJ-UHFFFAOYSA-N,Valeric acid,293.15,1,1,2.66,11.4105262756,5.73031614295,outside_associated_liquid
Morgan,4,2,DHKHKXVYLBGOIT-UHFFFAOYSA-N,"1,1-Diethoxyethane",298.15,0,0,3.8,7.55566644669,6.97488629158,inside_domain
Morgan,4,2,QJPJQTDYNZXKQF-UHFFFAOYSA-N,p-Bromoanisole,303.15,0,0,7.06,5.76998758316,27.3339480411,inside_domain
Morgan,4,2,MSXVEPNJUHWQHW-UHFFFAOYSA-N,2-Methyl-2-butanol,298.15,1,1,5.82,9.37024974823,5.55405564062,outside_associated_liquid
Morgan,4,2,RDOXTESZEPMUJZ-UHFFFAOYSA-N,Methoxybenzene (Anisole),298.15,0,0,4.33,5.56305170059,3.78240490407,inside_domain
Morgan,4,2,MQWCXKGKQLNYQG-UHFFFAOYSA-N,4-Methylcyclohexanol,293.15,1,1,13.3,9.30505371094,4.28546106184,outside_associated_liquid
Morgan,4,2,QGJOPFRUJISHPQ-UHFFFAOYSA-N,Carbon disulfide,293.15,0,0,2.641,10.5050125122,1.14604082971,inside_domain
Morgan,4,2,RGSFGYAAUTVSQA-UHFFFAOYSA-N,Cyclopentane,293.15,0,0,1.965,9.89889621735,1.10560773191,inside_domain
Morgan,4,2,FOTXAJDDGPYIFU-UHFFFAOYSA-N,Ethylcyclopropane,293.15,0,0,1.933,6.01837968826,1.15468220207,inside_domain
Morgan,4,2,OFBQJSOFQDEBGM-UHFFFAOYSA-N,n-Pentane,293.15,0,0,1.844,5.64598751068,1.1048859414,inside_domain
Morgan,4,2,ZQDPJFUHLCOCRG-AATRIKPKSA-N,trans-3-Hexene,298.15,0,0,2,5.45111513138,1.10808604929,inside_domain
Morgan,4,2,VLKZOEOYAKHREP-UHFFFAOYSA-N,n-Hexane,293.15,0,0,1.89,5.64598751068,1.10385792273,inside_domain
Morgan,4,2,UQEAIHBTYFGYIE-UHFFFAOYSA-N,Hexamethyldisiloxane,293.15,0,0,2.17,7.48663473129,1.21737241547,inside_domain
Morgan,4,2,KFUSEUYYWQURPO-UPHRSURJSA-N,"cis-1,2-Dichloroethylene",298.15,0,0,9.2,9.33163166046,9.01512393578,inside_domain
Morgan,4,2,KFUSEUYYWQURPO-OWOJBTEDSA-N,"trans-1,2-Dichloroethylene",298.15,0,0,2.14,9.33163166046,1.11523574299,inside_domain
Morgan,4,2,SFPQFQUXAJOWNF-UHFFFAOYSA-N,m-Diiodobenzene,298.15,0,0,4.25,7.33666563034,13.6499299113,inside_domain
Morgan,4,2,GETQZCLCWQTVFV-UHFFFAOYSA-N,Trimethylamine,298.15,0,0,2.44,18.0570526123,2.6946634545,inside_domain
Morgan,4,2,LJSQFQKUNVCTIA-UHFFFAOYSA-N,Ethyl sulfide,298.15,0,0,5.72,6.01837968826,10.37513043,inside_domain
Morgan,4,2,QARVLSVVCXYDNA-UHFFFAOYSA-N,Bromobenzene,298.15,0,0,5.4,7.12972974777,21.0611689365,inside_domain
Morgan,4,2,PAYRUJLWNCNPSJ-UHFFFAOYSA-N,Aniline,293.15,1,1,6.89,7.51591014862,7.45516883493,outside_associated_liquid
Morgan,4,2,BTQZKHUEUDPRST-UHFFFAOYSA-N,m-Fluorotoluene,303.15,0,0,5.42,7.21787643433,10.8674299419,inside_domain
Morgan,4,2,APPOKADJQUIAHP-UHFFFAOYSA-N,"2,4-Hexadiene",298.15,0,0,2.22,8.36725330353,1.31910733263,inside_domain
Physical,4,2,BBMCTIGTTCKYKF-UHFFFAOYSA-N,heptan-1-ol,298.15,1,1,12.65,11.1722898483,4.96304294304,outside_associated_liquid
Physical,4,2,BTANRVKWQNVYAZ-UHFFFAOYSA-N,butan-2-ol,298.15,1,1,16.6,12.4452209473,8.35397764198,outside_associated_liquid
Physical,4,2,BTGRAWJCKBQKAO-UHFFFAOYSA-N,hexanedinitrile,298.15,0,0,32.12,29.7556915283,46.5421430104,inside_domain
Physical,4,2,BTNXBLUGMAMSSH-UHFFFAOYSA-N,octanedinitrile,298.15,0,0,25.94,19.3115959167,22.1540981947,inside_domain
Physical,4,2,DURPTKYDGMDSBL-UHFFFAOYSA-N,dibutyl ether,298.15,0,0,3.106,3.50061631203,2.81657790905,inside_domain
Physical,4,2,FRZPYEHDSAQGAS-UHFFFAOYSA-M,1-butyl-3-methylimidazolium trifluoromethanesulfonate,298.15,0,0,12.9,21.0468292236,53.1539772418,inside_domain
Physical,4,2,GRYUVYIMDGRRLN-UHFFFAOYSA-N,"1-butyl-2,3,4,5-tetramethylimidazolium bis(trifluoromethylsulfonyl)imide",298.15,0,0,15,15.4026021957,18.8149235057,inside_domain
Physical,4,2,KBPLFHHGFOOTCA-UHFFFAOYSA-N,octan-1-ol,298.15,1,1,10.66,11.2442731857,4.22641786179,outside_associated_liquid
Physical,4,2,LVTYICIALWPMFW-UHFFFAOYSA-N,N-(2-hydroxypropyl)-2-hydroxy-1-propanamine,303.15,3,3,13.87,32.524471283,21.6555806344,outside_associated_liquid
Physical,4,2,MWKFXSUHUHTGQN-UHFFFAOYSA-N,decan-1-ol,298.15,1,1,7.74,11.3342647552,3.3156322585,outside_associated_liquid
Physical,4,2,NEQXUPRFDXNNTA-UHFFFAOYSA-N,2-hydroxyethylammonium lactate,298.15,4,4,85.6,44.7447776794,5.97933023131,outside_associated_liquid
Physical,4,2,QRCRANRUHQKZME-UHFFFAOYSA-N,"3-butyl-1,2,4,5-tetramethyl-1H-imidazol-3-ium tetrafluoroborate",298.15,0,0,12,20.4303894043,90.2035313888,inside_domain
Physical,4,2,WZLFPVPRZGTCKP-UHFFFAOYSA-N,"1,1,1,3,3-pentafluorobutane",298.115,0,0,11.8861,3.41064286232,6.83236100939,inside_domain
Physical,4,2,ZHNUHDYFZUAESO-UHFFFAOYSA-N,formamide,303.15,2,2,106.14,41.2747383118,1.63244107371,outside_associated_liquid
Physical,4,2,ZXEKIIBDNHEJCQ-UHFFFAOYSA-N,2-methyl-1-propanol,298.15,1,1,17.96,13.1006059647,5.2814866108,outside_associated_liquid
Physical,4,2,XEKOWRVHYACXOJ-UHFFFAOYSA-N,Ethyl acetate,298.15,0,0,6.02,6.00259113312,9.7831231174,inside_domain
Physical,4,2,WFCLYEAZTHWNEH-UHFFFAOYSA-N,Ethyl thiocyanate,294.15,0,0,29.3,28.481054306,32.9129822647,inside_domain
Physical,4,2,WERYXYBDKMZEQL-UHFFFAOYSA-N,"1,4-Butanediol",303.15,2,2,30.2,20.794511795,11.955624374,outside_associated_liquid
Physical,4,2,SPEUIVXLLWOEMJ-UHFFFAOYSA-N,"1,1-Dimethoxyethane",293.15,0,0,3.49,7.26185274124,8.95630913771,inside_domain
Physical,4,2,NQPDZGIKBAWPEJ-UHFFFAOYSA-N,Valeric acid,293.15,1,1,2.66,12.996922493,5.73031614295,outside_associated_liquid
Physical,4,2,DHKHKXVYLBGOIT-UHFFFAOYSA-N,"1,1-Diethoxyethane",298.15,0,0,3.8,6.37318658829,6.97488629158,inside_domain
Physical,4,2,QJPJQTDYNZXKQF-UHFFFAOYSA-N,p-Bromoanisole,303.15,0,0,7.06,22.9959487915,27.3339480411,inside_domain
Physical,4,2,MSXVEPNJUHWQHW-UHFFFAOYSA-N,2-Methyl-2-butanol,298.15,1,1,5.82,12.3118572235,5.55405564062,outside_associated_liquid
Physical,4,2,RDOXTESZEPMUJZ-UHFFFAOYSA-N,Methoxybenzene (Anisole),298.15,0,0,4.33,3.02172136307,3.78240490407,inside_domain
Physical,4,2,MQWCXKGKQLNYQG-UHFFFAOYSA-N,4-Methylcyclohexanol,293.15,1,1,13.3,11.3734283447,4.28546106184,outside_associated_liquid
Physical,4,2,QGJOPFRUJISHPQ-UHFFFAOYSA-N,Carbon disulfide,293.15,0,0,2.641,5.77468252182,1.14604082971,inside_domain
Physical,4,2,RGSFGYAAUTVSQA-UHFFFAOYSA-N,Cyclopentane,293.15,0,0,1.965,2.64257979393,1.10560773191,inside_domain
Physical,4,2,FOTXAJDDGPYIFU-UHFFFAOYSA-N,Ethylcyclopropane,293.15,0,0,1.933,4.24776601791,1.15468220207,inside_domain
Physical,4,2,OFBQJSOFQDEBGM-UHFFFAOYSA-N,n-Pentane,293.15,0,0,1.844,3.21761703491,1.1048859414,inside_domain
Physical,4,2,ZQDPJFUHLCOCRG-AATRIKPKSA-N,trans-3-Hexene,298.15,0,0,2,2.00510001183,1.10808604929,inside_domain
Physical,4,2,VLKZOEOYAKHREP-UHFFFAOYSA-N,n-Hexane,293.15,0,0,1.89,3.42577672005,1.10385792273,inside_domain
Physical,4,2,UQEAIHBTYFGYIE-UHFFFAOYSA-N,Hexamethyldisiloxane,293.15,0,0,2.17,1,1.21737241547,inside_domain
Physical,4,2,KFUSEUYYWQURPO-UPHRSURJSA-N,"cis-1,2-Dichloroethylene",298.15,0,0,9.2,5.4068403244,9.01512393578,inside_domain
Physical,4,2,KFUSEUYYWQURPO-OWOJBTEDSA-N,"trans-1,2-Dichloroethylene",298.15,0,0,2.14,3.37909603119,1.11523574299,inside_domain
Physical,4,2,SFPQFQUXAJOWNF-UHFFFAOYSA-N,m-Diiodobenzene,298.15,0,0,4.25,3.45496582985,13.6499299113,inside_domain
Physical,4,2,GETQZCLCWQTVFV-UHFFFAOYSA-N,Trimethylamine,298.15,0,0,2.44,6.49338674545,2.6946634545,inside_domain
Physical,4,2,LJSQFQKUNVCTIA-UHFFFAOYSA-N,Ethyl sulfide,298.15,0,0,5.72,4.01266908646,10.37513043,inside_domain
Physical,4,2,QARVLSVVCXYDNA-UHFFFAOYSA-N,Bromobenzene,298.15,0,0,5.4,8.30888080597,21.0611689365,inside_domain
Physical,4,2,PAYRUJLWNCNPSJ-UHFFFAOYSA-N,Aniline,293.15,1,1,6.89,14.6334524155,7.45516883493,outside_associated_liquid
Physical,4,2,BTQZKHUEUDPRST-UHFFFAOYSA-N,m-Fluorotoluene,303.15,0,0,5.42,6.8195939064,10.8674299419,inside_domain
Physical,4,2,APPOKADJQUIAHP-UHFFFAOYSA-N,"2,4-Hexadiene",298.15,0,0,2.22,2.72896027565,1.31910733263,inside_domain
Morgan+Physical,4,2,BBMCTIGTTCKYKF-UHFFFAOYSA-N,heptan-1-ol,298.15,1,1,12.65,13.5858478546,4.96304294304,outside_associated_liquid
Morgan+Physical,4,2,BTANRVKWQNVYAZ-UHFFFAOYSA-N,butan-2-ol,298.15,1,1,16.6,12.0070858002,8.35397764198,outside_associated_liquid
Morgan+Physical,4,2,BTGRAWJCKBQKAO-UHFFFAOYSA-N,hexanedinitrile,298.15,0,0,32.12,29.9706840515,46.5421430104,inside_domain
Morgan+Physical,4,2,BTNXBLUGMAMSSH-UHFFFAOYSA-N,octanedinitrile,298.15,0,0,25.94,24.7486343384,22.1540981947,inside_domain
Morgan+Physical,4,2,DURPTKYDGMDSBL-UHFFFAOYSA-N,dibutyl ether,298.15,0,0,3.106,3.93473386765,2.81657790905,inside_domain
Morgan+Physical,4,2,FRZPYEHDSAQGAS-UHFFFAOYSA-M,1-butyl-3-methylimidazolium trifluoromethanesulfonate,298.15,0,0,12.9,22.8425159454,53.1539772418,inside_domain
Morgan+Physical,4,2,GRYUVYIMDGRRLN-UHFFFAOYSA-N,"1-butyl-2,3,4,5-tetramethylimidazolium bis(trifluoromethylsulfonyl)imide",298.15,0,0,15,14.6174411774,18.8149235057,inside_domain
Morgan+Physical,4,2,KBPLFHHGFOOTCA-UHFFFAOYSA-N,octan-1-ol,298.15,1,1,10.66,13.6218395233,4.22641786179,outside_associated_liquid
Morgan+Physical,4,2,LVTYICIALWPMFW-UHFFFAOYSA-N,N-(2-hydroxypropyl)-2-hydroxy-1-propanamine,303.15,3,3,13.87,23.8267612457,21.6555806344,outside_associated_liquid
Morgan+Physical,4,2,MWKFXSUHUHTGQN-UHFFFAOYSA-N,decan-1-ol,298.15,1,1,7.74,13.6668357849,3.3156322585,outside_associated_liquid
Morgan+Physical,4,2,NEQXUPRFDXNNTA-UHFFFAOYSA-N,2-hydroxyethylammonium lactate,298.15,4,4,85.6,46.1004867554,5.97933023131,outside_associated_liquid
Morgan+Physical,4,2,QRCRANRUHQKZME-UHFFFAOYSA-N,"3-butyl-1,2,4,5-tetramethyl-1H-imidazol-3-ium tetrafluoroborate",298.15,0,0,12,13.8267049789,90.2035313888,inside_domain
Morgan+Physical,4,2,WZLFPVPRZGTCKP-UHFFFAOYSA-N,"1,1,1,3,3-pentafluorobutane",298.115,0,0,11.8861,5.88894796371,6.83236100939,inside_domain
Morgan+Physical,4,2,ZHNUHDYFZUAESO-UHFFFAOYSA-N,formamide,303.15,2,2,106.14,25.4884529114,1.63244107371,outside_associated_liquid
Morgan+Physical,4,2,ZXEKIIBDNHEJCQ-UHFFFAOYSA-N,2-methyl-1-propanol,298.15,1,1,17.96,15.5926647186,5.2814866108,outside_associated_liquid
Morgan+Physical,4,2,XEKOWRVHYACXOJ-UHFFFAOYSA-N,Ethyl acetate,298.15,0,0,6.02,7.09760093689,9.7831231174,inside_domain
Morgan+Physical,4,2,WFCLYEAZTHWNEH-UHFFFAOYSA-N,Ethyl thiocyanate,294.15,0,0,29.3,26.5548667908,32.9129822647,inside_domain
Morgan+Physical,4,2,WERYXYBDKMZEQL-UHFFFAOYSA-N,"1,4-Butanediol",303.15,2,2,30.2,23.3741817474,11.955624374,outside_associated_liquid
Morgan+Physical,4,2,SPEUIVXLLWOEMJ-UHFFFAOYSA-N,"1,1-Dimethoxyethane",293.15,0,0,3.49,7.70230484009,8.95630913771,inside_domain
Morgan+Physical,4,2,NQPDZGIKBAWPEJ-UHFFFAOYSA-N,Valeric acid,293.15,1,1,2.66,12.2037239075,5.73031614295,outside_associated_liquid
Morgan+Physical,4,2,DHKHKXVYLBGOIT-UHFFFAOYSA-N,"1,1-Diethoxyethane",298.15,0,0,3.8,6.96442651749,6.97488629158,inside_domain
Morgan+Physical,4,2,QJPJQTDYNZXKQF-UHFFFAOYSA-N,p-Bromoanisole,303.15,0,0,7.06,14.3829679489,27.3339480411,inside_domain
Morgan+Physical,4,2,MSXVEPNJUHWQHW-UHFFFAOYSA-N,2-Methyl-2-butanol,298.15,1,1,5.82,10.841053009,5.55405564062,outside_associated_liquid
Morgan+Physical,4,2,RDOXTESZEPMUJZ-UHFFFAOYSA-N,Methoxybenzene (Anisole),298.15,0,0,4.33,4.29238653183,3.78240490407,inside_domain
Morgan+Physical,4,2,MQWCXKGKQLNYQG-UHFFFAOYSA-N,4-Methylcyclohexanol,293.15,1,1,13.3,10.3392410278,4.28546106184,outside_associated_liquid
Morgan+Physical,4,2,QGJOPFRUJISHPQ-UHFFFAOYSA-N,Carbon disulfide,293.15,0,0,2.641,8.13984775543,1.14604082971,inside_domain
Morgan+Physical,4,2,RGSFGYAAUTVSQA-UHFFFAOYSA-N,Cyclopentane,293.15,0,0,1.965,6.27073812485,1.10560773191,inside_domain
Morgan+Physical,4,2,FOTXAJDDGPYIFU-UHFFFAOYSA-N,Ethylcyclopropane,293.15,0,0,1.933,5.13307285309,1.15468220207,inside_domain
Morgan+Physical,4,2,OFBQJSOFQDEBGM-UHFFFAOYSA-N,n-Pentane,293.15,0,0,1.844,4.4318022728,1.1048859414,inside_domain
Morgan+Physical,4,2,ZQDPJFUHLCOCRG-AATRIKPKSA-N,trans-3-Hexene,298.15,0,0,2,3.72810745239,1.10808604929,inside_domain
Morgan+Physical,4,2,VLKZOEOYAKHREP-UHFFFAOYSA-N,n-Hexane,293.15,0,0,1.89,4.53588199615,1.10385792273,inside_domain
Morgan+Physical,4,2,UQEAIHBTYFGYIE-UHFFFAOYSA-N,Hexamethyldisiloxane,293.15,0,0,2.17,4.13889741898,1.21737241547,inside_domain
Morgan+Physical,4,2,KFUSEUYYWQURPO-UPHRSURJSA-N,"cis-1,2-Dichloroethylene",298.15,0,0,9.2,7.36923599243,9.01512393578,inside_domain
Morgan+Physical,4,2,KFUSEUYYWQURPO-OWOJBTEDSA-N,"trans-1,2-Dichloroethylene",298.15,0,0,2.14,6.35536384583,1.11523574299,inside_domain
Morgan+Physical,4,2,SFPQFQUXAJOWNF-UHFFFAOYSA-N,m-Diiodobenzene,298.15,0,0,4.25,5.3958158493,13.6499299113,inside_domain
Morgan+Physical,4,2,GETQZCLCWQTVFV-UHFFFAOYSA-N,Trimethylamine,298.15,0,0,2.44,12.2752199173,2.6946634545,inside_domain
Morgan+Physical,4,2,LJSQFQKUNVCTIA-UHFFFAOYSA-N,Ethyl sulfide,298.15,0,0,5.72,5.01552438736,10.37513043,inside_domain
Morgan+Physical,4,2,QARVLSVVCXYDNA-UHFFFAOYSA-N,Bromobenzene,298.15,0,0,5.4,7.71930503845,21.0611689365,inside_domain
Morgan+Physical,4,2,PAYRUJLWNCNPSJ-UHFFFAOYSA-N,Aniline,293.15,1,1,6.89,11.074681282,7.45516883493,outside_associated_liquid
Morgan+Physical,4,2,BTQZKHUEUDPRST-UHFFFAOYSA-N,m-Fluorotoluene,303.15,0,0,5.42,7.01873493195,10.8674299419,inside_domain
Morgan+Physical,4,2,APPOKADJQUIAHP-UHFFFAOYSA-N,"2,4-Hexadiene",298.15,0,0,2.22,5.54810667038,1.31910733263,inside_domain
Morgan,4,3,BAPJBEWLBFYGME-UHFFFAOYSA-N,methyl propenoate,298.15,0,0,7.021,16.2029914856,7.29190026496,inside_domain
Morgan,4,3,BDERNNFJNOPAEC-UHFFFAOYSA-N,propan-1-ol,298.15,1,1,21.3,16.1465301514,10.28867817,outside_associated_liquid
Morgan,4,3,FXHOOIRPVKKKFG-UHFFFAOYSA-N,"N,N-dimethylethanamide",303.15,0,0,37.72,17.4170207977,35.5309250609,inside_domain
Morgan,4,3,IEJIGPNLZYLLBP-UHFFFAOYSA-N,dimethyl carbonate,298.15,0,0,3.134,16.0100307465,1.5899816096,inside_domain
Morgan,4,3,IMNFDUFMRHMDMM-UHFFFAOYSA-N,heptane,298.15,0,0,1.93,5.47669792175,1.10583566295,inside_domain
Morgan,4,3,JHIVVAPYMSGYDF-UHFFFAOYSA-N,cyclohexanone,298.15,0,0,15.79,16.2200756073,19.6553000971,inside_domain
Morgan,4,3,LBHLGZNUPKUZJC-UHFFFAOYSA-N,1-butyl-1-methylpyrrolidinium dicyanamide,298.15,0,0,18,24.8075733185,116.153845674,inside_domain
Morgan,4,3,LLEVMYXEJUDBTA-UHFFFAOYSA-N,heptanedinitrile,298.15,0,0,29.71,29.6531505585,22.0308625381,inside_domain
Morgan,4,3,OOKUTCYPKPJYFV-UHFFFAOYSA-N,1-methylimidazolium bromide,298.15,0,0,16.6,20.9014415741,28.8470050896,inside_domain
Morgan,4,3,RJQQOKKINHMXIM-UHFFFAOYSA-N,triethanolamine lactate,298.15,5,5,59.7,59.0462112427,27.2818406975,outside_associated_liquid
Morgan,4,3,SHQSVMDWKBRBGB-UHFFFAOYSA-N,cyclobutanone,298.15,0,0,14.96,16.2200756073,24.058855292,inside_domain
Morgan,4,3,STCBHSHARMAIOM-UHFFFAOYSA-N,1-methylimidazolium chloride,298.15,0,0,13.8,20.9014415741,31.9681461493,inside_domain
Morgan,4,3,UAEPNZWRGJTJPN-UHFFFAOYSA-N,methylcyclohexane,298.2,0,0,2.01,8.81970024109,1.10998539605,inside_domain
Morgan,4,3,UCCKRVYTJPMHRO-UHFFFAOYSA-N,"1-butyl-2,3-dimethyl-1H-imidazolium bis(trifluoromethylsulfonyl)amide",298.15,0,0,14,12.8763256073,11.4813553141,inside_domain
Morgan,4,3,UPCXAARSWVHVLY-UHFFFAOYSA-N,triethanolammonium acetate,298.15,4,4,31,36.6027259827,11.4536548979,outside_associated_liquid
Morgan,4,3,VVLAIYIMMFWRFW-UHFFFAOYSA-N,2-hydroxyethylammonium acetate,298.15,3,3,58.3,39.4772834778,4.76933191054,outside_associated_liquid
Morgan,4,3,XDTMQSROBMDMFD-UHFFFAOYSA-N,cyclohexane,298.15,0,0,2.02,10.8915052414,1.10684113993,inside_domain
Morgan,4,3,YEJRWHAVMIAJKC-UHFFFAOYSA-N,.gamma.-butyrolactone,295.65,0,0,41.99,16.2200756073,50.6116986269,inside_domain
Morgan,4,3,YEYKMVJDLWJFOA-UHFFFAOYSA-N,2-propoxyethanol,298.15,1,1,11.5,14.69643116,11.5122504605,outside_associated_liquid
Morgan,4,3,ZMXDDKWLCZADIW-UHFFFAOYSA-N,dimethylformamide,302.73,0,0,36.55,14.7526702881,44.913135379,inside_domain
Morgan,4,3,ZSIAUFGUXNUGDI-UHFFFAOYSA-N,hexan-1-ol,298.15,1,1,14.26,15.1425113678,5.23133673613,outside_associated_liquid
Morgan,4,3,ZTOMUSMDRMJOTH-UHFFFAOYSA-N,pentanedinitrile,298.15,0,0,34.6,29.6531505585,26.6601988036,inside_domain
Morgan,4,3,KXKVLQRXCPHEJC-UHFFFAOYSA-N,Methyl acetate,298.15,0,0,6.68,16.0100307465,11.7371732209,inside_domain
Morgan,4,3,NTIZESTWPVYFNL-UHFFFAOYSA-N,4-Methyl-2-pentanone,293.15,0,0,13.11,16.7996253967,14.6513704727,inside_domain
Morgan,4,3,YNAVUWVOSKDBBP-UHFFFAOYSA-N,Morpholine,298.15,1,1,7.33,10.8915052414,5.3942637877,outside_associated_liquid
Morgan,4,3,LCGLNKUTAGEVQW-UHFFFAOYSA-N,Methyl ether,298.15,0,0,5.02,8.06149673462,8.12045219138,inside_domain
Morgan,4,3,POLCUAVZOMRGSN-UHFFFAOYSA-N,Propyl ether,299.15,0,0,3.39,5.0472445488,3.4892418063,inside_domain
Morgan,4,3,ZAFNJMIOTHYJRJ-UHFFFAOYSA-N,Isopropyl ether,298.15,0,0,3.88,7.44410085678,2.80531678598,inside_domain
Morgan,4,3,WVDDGKGOMKODPV-UHFFFAOYSA-N,Benzyl alcohol,293.15,1,1,13.1,20.3516292572,5.77594569883,outside_associated_liquid
Morgan,4,3,QWVGKYWNOKOFNN-UHFFFAOYSA-N,o-Cresol,298.15,1,1,11.5,10.627538681,6.74466929489,outside_associated_liquid
Morgan,4,3,VGVHNLRUAMRIEW-UHFFFAOYSA-N,4-Methylcyclohexanone,293.15,0,0,12.4,13.542930603,18.1666231408,inside_domain
Morgan,4,3,UHOVQNZJYSORNB-UHFFFAOYSA-N,Benzene,293.15,0,0,2.284,10.8915052414,1.12590545146,inside_domain
Morgan,4,3,HGCIXCUEYOPUTN-UHFFFAOYSA-N,Cyclohexene,298.15,0,0,2.22,10.8915052414,1.24380093714,inside_domain
Morgan,4,3,NEZRFXZYPAIZAD-UHFFFAOYSA-N,Ethylcyclobutane,293.15,0,0,1.965,5.66966438293,1.12524438408,inside_domain
Morgan,4,3,YLQBMQCUIZJEEH-UHFFFAOYSA-N,Furan,298.15,0,0,2.95,10.8915052414,1.38878820797,inside_domain
Morgan,4,3,WQAQPCDUOCURKW-UHFFFAOYSA-N,1-Butanethiol,298.15,1,1,4.95,5.66966438293,12.2942625019,outside_associated_liquid
Morgan,4,3,SNHMUERNLJLMHN-UHFFFAOYSA-N,Iodobenzene,293.15,0,0,4.63,8.35556602478,20.9443272724,inside_domain
Morgan,4,3,PMJHHCWVYXUKFD-SNAWJCMRSA-N,"1,3-Pentadiene",298.15,0,0,2.32,8.81970024109,1.87012388355,inside_domain
Morgan,4,3,RRHGJUQNOFWUDK-UHFFFAOYSA-N,"2-Methyl-1,3-butadiene (Isoprene)",298.15,0,0,2.1,12.750919342,1.33056486908,inside_domain
Morgan,4,3,RCJMVGJKROQDCB-UHFFFAOYSA-N,"2-Methyl-1,3-pentadiene",298.15,0,0,2.42,12.5579528809,2.15098593997,inside_domain
Morgan,4,3,BOGRNZQRTNVZCZ-AATRIKPKSA-N,"3-Methyl-1,3-pentadiene",298.15,0,0,2.43,12.5579528809,1.66039772435,inside_domain
Physical,4,3,BAPJBEWLBFYGME-UHFFFAOYSA-N,methyl propenoate,298.15,0,0,7.021,10.761929512,7.29190026496,inside_domain
Physical,4,3,BDERNNFJNOPAEC-UHFFFAOYSA-N,propan-1-ol,298.15,1,1,21.3,13.5633163452,10.28867817,outside_associated_liquid
Physical,4,3,FXHOOIRPVKKKFG-UHFFFAOYSA-N,"N,N-dimethylethanamide",303.15,0,0,37.72,20.2840938568,35.5309250609,inside_domain
Physical,4,3,IEJIGPNLZYLLBP-UHFFFAOYSA-N,dimethyl carbonate,298.15,0,0,3.134,20.8476676941,1.5899816096,inside_domain
Physical,4,3,IMNFDUFMRHMDMM-UHFFFAOYSA-N,heptane,298.15,0,0,1.93,2.94864940643,1.10583566295,inside_domain
Physical,4,3,JHIVVAPYMSGYDF-UHFFFAOYSA-N,cyclohexanone,298.15,0,0,15.79,13.0538816452,19.6553000971,inside_domain
Physical,4,3,LBHLGZNUPKUZJC-UHFFFAOYSA-N,1-butyl-1-methylpyrrolidinium dicyanamide,298.15,0,0,18,22.8470039368,116.153845674,inside_domain
Physical,4,3,LLEVMYXEJUDBTA-UHFFFAOYSA-N,heptanedinitrile,298.15,0,0,29.71,18.0246810913,22.0308625381,inside_domain
Physical,4,3,OOKUTCYPKPJYFV-UHFFFAOYSA-N,1-methylimidazolium bromide,298.15,0,0,16.6,17.4961853027,28.8470050896,inside_domain
Physical,4,3,RJQQOKKINHMXIM-UHFFFAOYSA-N,triethanolamine lactate,298.15,5,5,59.7,69.6102218628,27.2818406975,outside_associated_liquid
Physical,4,3,SHQSVMDWKBRBGB-UHFFFAOYSA-N,cyclobutanone,298.15,0,0,14.96,27.3067054749,24.058855292,inside_domain
Physical,4,3,STCBHSHARMAIOM-UHFFFAOYSA-N,1-methylimidazolium chloride,298.15,0,0,13.8,21.2121887207,31.9681461493,inside_domain
Physical,4,3,UAEPNZWRGJTJPN-UHFFFAOYSA-N,methylcyclohexane,298.2,0,0,2.01,2.76502728462,1.10998539605,inside_domain
Physical,4,3,UCCKRVYTJPMHRO-UHFFFAOYSA-N,"1-butyl-2,3-dimethyl-1H-imidazolium bis(trifluoromethylsulfonyl)amide",298.15,0,0,14,14.104596138,11.4813553141,inside_domain
Physical,4,3,UPCXAARSWVHVLY-UHFFFAOYSA-N,triethanolammonium acetate,298.15,4,4,31,51.5118522644,11.4536548979,outside_associated_liquid
Physical,4,3,VVLAIYIMMFWRFW-UHFFFAOYSA-N,2-hydroxyethylammonium acetate,298.15,3,3,58.3,38.5796127319,4.76933191054,outside_associated_liquid
Physical,4,3,XDTMQSROBMDMFD-UHFFFAOYSA-N,cyclohexane,298.15,0,0,2.02,2.93379569054,1.10684113993,inside_domain
Physical,4,3,YEJRWHAVMIAJKC-UHFFFAOYSA-N,.gamma.-butyrolactone,295.65,0,0,41.99,30.1245918274,50.6116986269,inside_domain
Physical,4,3,YEYKMVJDLWJFOA-UHFFFAOYSA-N,2-propoxyethanol,298.15,1,1,11.5,10.9166488647,11.5122504605,outside_associated_liquid
Physical,4,3,ZMXDDKWLCZADIW-UHFFFAOYSA-N,dimethylformamide,302.73,0,0,36.55,74.0126266479,44.913135379,inside_domain
Physical,4,3,ZSIAUFGUXNUGDI-UHFFFAOYSA-N,hexan-1-ol,298.15,1,1,14.26,11.0479764938,5.23133673613,outside_associated_liquid
Physical,4,3,ZTOMUSMDRMJOTH-UHFFFAOYSA-N,pentanedinitrile,298.15,0,0,34.6,18.4613361359,26.6601988036,inside_domain
Physical,4,3,KXKVLQRXCPHEJC-UHFFFAOYSA-N,Methyl acetate,298.15,0,0,6.68,26.6471195221,11.7371732209,inside_domain
Physical,4,3,NTIZESTWPVYFNL-UHFFFAOYSA-N,4-Methyl-2-pentanone,293.15,0,0,13.11,12.9781589508,14.6513704727,inside_domain
Physical,4,3,YNAVUWVOSKDBBP-UHFFFAOYSA-N,Morpholine,298.15,1,1,7.33,13.4957704544,5.3942637877,outside_associated_liquid
Physical,4,3,LCGLNKUTAGEVQW-UHFFFAOYSA-N,Methyl ether,298.15,0,0,5.02,20.2986526489,8.12045219138,inside_domain
Physical,4,3,POLCUAVZOMRGSN-UHFFFAOYSA-N,Propyl ether,299.15,0,0,3.39,4.72012424469,3.4892418063,inside_domain
Physical,4,3,ZAFNJMIOTHYJRJ-UHFFFAOYSA-N,Isopropyl ether,298.15,0,0,3.88,2.79127764702,2.80531678598,inside_domain
Physical,4,3,WVDDGKGOMKODPV-UHFFFAOYSA-N,Benzyl alcohol,293.15,1,1,13.1,11.8031139374,5.77594569883,outside_associated_liquid
Physical,4,3,QWVGKYWNOKOFNN-UHFFFAOYSA-N,o-Cresol,298.15,1,1,11.5,12.581152916,6.74466929489,outside_associated_liquid
Physical,4,3,VGVHNLRUAMRIEW-UHFFFAOYSA-N,4-Methylcyclohexanone,293.15,0,0,12.4,12.5669202805,18.1666231408,inside_domain
Physical,4,3,UHOVQNZJYSORNB-UHFFFAOYSA-N,Benzene,293.15,0,0,2.284,1.20869970322,1.12590545146,inside_domain
Physical,4,3,HGCIXCUEYOPUTN-UHFFFAOYSA-N,Cyclohexene,298.15,0,0,2.22,1.7545876503,1.24380093714,inside_domain
Physical,4,3,NEZRFXZYPAIZAD-UHFFFAOYSA-N,Ethylcyclobutane,293.15,0,0,1.965,2.9439098835,1.12524438408,inside_domain
Physical,4,3,YLQBMQCUIZJEEH-UHFFFAOYSA-N,Furan,298.15,0,0,2.95,16.7588233948,1.38878820797,inside_domain
Physical,4,3,WQAQPCDUOCURKW-UHFFFAOYSA-N,1-Butanethiol,298.15,1,1,4.95,10.763171196,12.2942625019,outside_associated_liquid
Physical,4,3,SNHMUERNLJLMHN-UHFFFAOYSA-N,Iodobenzene,293.15,0,0,4.63,8.06985187531,20.9443272724,inside_domain
Physical,4,3,PMJHHCWVYXUKFD-SNAWJCMRSA-N,"1,3-Pentadiene",298.15,0,0,2.32,4.01967382431,1.87012388355,inside_domain
Physical,4,3,RRHGJUQNOFWUDK-UHFFFAOYSA-N,"2-Methyl-1,3-butadiene (Isoprene)",298.15,0,0,2.1,3.81859564781,1.33056486908,inside_domain
Physical,4,3,RCJMVGJKROQDCB-UHFFFAOYSA-N,"2-Methyl-1,3-pentadiene",298.15,0,0,2.42,3.62920498848,2.15098593997,inside_domain
Physical,4,3,BOGRNZQRTNVZCZ-AATRIKPKSA-N,"3-Methyl-1,3-pentadiene",298.15,0,0,2.43,3.62920498848,1.66039772435,inside_domain
Morgan+Physical,4,3,BAPJBEWLBFYGME-UHFFFAOYSA-N,methyl propenoate,298.15,0,0,7.021,13.482460022,7.29190026496,inside_domain
Morgan+Physical,4,3,BDERNNFJNOPAEC-UHFFFAOYSA-N,propan-1-ol,298.15,1,1,21.3,14.8549232483,10.28867817,outside_associated_liquid
Morgan+Physical,4,3,FXHOOIRPVKKKFG-UHFFFAOYSA-N,"N,N-dimethylethanamide",303.15,0,0,37.72,18.8505573273,35.5309250609,inside_domain
Morgan+Physical,4,3,IEJIGPNLZYLLBP-UHFFFAOYSA-N,dimethyl carbonate,298.15,0,0,3.134,18.4288482666,1.5899816096,inside_domain
Morgan+Physical,4,3,IMNFDUFMRHMDMM-UHFFFAOYSA-N,heptane,298.15,0,0,1.93,4.21267366409,1.10583566295,inside_domain
Morgan+Physical,4,3,JHIVVAPYMSGYDF-UHFFFAOYSA-N,cyclohexanone,298.15,0,0,15.79,14.6369781494,19.6553000971,inside_domain
Morgan+Physical,4,3,LBHLGZNUPKUZJC-UHFFFAOYSA-N,1-butyl-1-methylpyrrolidinium dicyanamide,298.15,0,0,18,23.8272895813,116.153845674,inside_domain
Morgan+Physical,4,3,LLEVMYXEJUDBTA-UHFFFAOYSA-N,heptanedinitrile,298.15,0,0,29.71,23.8389167786,22.0308625381,inside_domain
Morgan+Physical,4,3,OOKUTCYPKPJYFV-UHFFFAOYSA-N,1-methylimidazolium bromide,298.15,0,0,16.6,19.1988143921,28.8470050896,inside_domain
Morgan+Physical,4,3,RJQQOKKINHMXIM-UHFFFAOYSA-N,triethanolamine lactate,298.15,5,5,59.7,64.3282165527,27.2818406975,outside_associated_liquid
Morgan+Physical,4,3,SHQSVMDWKBRBGB-UHFFFAOYSA-N,cyclobutanone,298.15,0,0,14.96,21.7633895874,24.058855292,inside_domain
Morgan+Physical,4,3,STCBHSHARMAIOM-UHFFFAOYSA-N,1-methylimidazolium chloride,298.15,0,0,13.8,21.0568161011,31.9681461493,inside_domain
Morgan+Physical,4,3,UAEPNZWRGJTJPN-UHFFFAOYSA-N,methylcyclohexane,298.2,0,0,2.01,5.79236364365,1.10998539605,inside_domain
Morgan+Physical,4,3,UCCKRVYTJPMHRO-UHFFFAOYSA-N,"1-butyl-2,3-dimethyl-1H-imidazolium bis(trifluoromethylsulfonyl)amide",298.15,0,0,14,13.4904613495,11.4813553141,inside_domain
Morgan+Physical,4,3,UPCXAARSWVHVLY-UHFFFAOYSA-N,triethanolammonium acetate,298.15,4,4,31,44.0572891235,11.4536548979,outside_associated_liquid
Morgan+Physical,4,3,VVLAIYIMMFWRFW-UHFFFAOYSA-N,2-hydroxyethylammonium acetate,298.15,3,3,58.3,39.0284500122,4.76933191054,outside_associated_liquid
Morgan+Physical,4,3,XDTMQSROBMDMFD-UHFFFAOYSA-N,cyclohexane,298.15,0,0,2.02,6.91265058517,1.10684113993,inside_domain
Morgan+Physical,4,3,YEJRWHAVMIAJKC-UHFFFAOYSA-N,.gamma.-butyrolactone,295.65,0,0,41.99,23.1723327637,50.6116986269,inside_domain
Morgan+Physical,4,3,YEYKMVJDLWJFOA-UHFFFAOYSA-N,2-propoxyethanol,298.15,1,1,11.5,12.8065395355,11.5122504605,outside_associated_liquid
Morgan+Physical,4,3,ZMXDDKWLCZADIW-UHFFFAOYSA-N,dimethylformamide,302.73,0,0,36.55,44.382648468,44.913135379,inside_domain
Morgan+Physical,4,3,ZSIAUFGUXNUGDI-UHFFFAOYSA-N,hexan-1-ol,298.15,1,1,14.26,13.095243454,5.23133673613,outside_associated_liquid
Morgan+Physical,4,3,ZTOMUSMDRMJOTH-UHFFFAOYSA-N,pentanedinitrile,298.15,0,0,34.6,24.0572433472,26.6601988036,inside_domain
Morgan+Physical,4,3,KXKVLQRXCPHEJC-UHFFFAOYSA-N,Methyl acetate,298.15,0,0,6.68,21.3285751343,11.7371732209,inside_domain
Morgan+Physical,4,3,NTIZESTWPVYFNL-UHFFFAOYSA-N,4-Methyl-2-pentanone,293.15,0,0,13.11,14.8888921738,14.6513704727,inside_domain
Morgan+Physical,4,3,YNAVUWVOSKDBBP-UHFFFAOYSA-N,Morpholine,298.15,1,1,7.33,12.1936378479,5.3942637877,outside_associated_liquid
Morgan+Physical,4,3,LCGLNKUTAGEVQW-UHFFFAOYSA-N,Methyl ether,298.15,0,0,5.02,14.1800746918,8.12045219138,inside_domain
Morgan+Physical,4,3,POLCUAVZOMRGSN-UHFFFAOYSA-N,Propyl ether,299.15,0,0,3.39,4.88368415833,3.4892418063,inside_domain
Morgan+Physical,4,3,ZAFNJMIOTHYJRJ-UHFFFAOYSA-N,Isopropyl ether,298.15,0,0,3.88,5.11768913269,2.80531678598,inside_domain
Morgan+Physical,4,3,WVDDGKGOMKODPV-UHFFFAOYSA-N,Benzyl alcohol,293.15,1,1,13.1,16.0773715973,5.77594569883,outside_associated_liquid
Morgan+Physical,4,3,QWVGKYWNOKOFNN-UHFFFAOYSA-N,o-Cresol,298.15,1,1,11.5,11.6043453217,6.74466929489,outside_associated_liquid
Morgan+Physical,4,3,VGVHNLRUAMRIEW-UHFFFAOYSA-N,4-Methylcyclohexanone,293.15,0,0,12.4,13.0549259186,18.1666231408,inside_domain
Morgan+Physical,4,3,UHOVQNZJYSORNB-UHFFFAOYSA-N,Benzene,293.15,0,0,2.284,6.05010223389,1.12590545146,inside_domain
Morgan+Physical,4,3,HGCIXCUEYOPUTN-UHFFFAOYSA-N,Cyclohexene,298.15,0,0,2.22,6.32304668427,1.24380093714,inside_domain
Morgan+Physical,4,3,NEZRFXZYPAIZAD-UHFFFAOYSA-N,Ethylcyclobutane,293.15,0,0,1.965,4.30678701401,1.12524438408,inside_domain
Morgan+Physical,4,3,YLQBMQCUIZJEEH-UHFFFAOYSA-N,Furan,298.15,0,0,2.95,13.8251647949,1.38878820797,inside_domain
Morgan+Physical,4,3,WQAQPCDUOCURKW-UHFFFAOYSA-N,1-Butanethiol,298.15,1,1,4.95,8.21641731262,12.2942625019,outside_associated_liquid
Morgan+Physical,4,3,SNHMUERNLJLMHN-UHFFFAOYSA-N,Iodobenzene,293.15,0,0,4.63,8.21270942688,20.9443272724,inside_domain
Morgan+Physical,4,3,PMJHHCWVYXUKFD-SNAWJCMRSA-N,"1,3-Pentadiene",298.15,0,0,2.32,6.41968727112,1.87012388355,inside_domain
Morgan+Physical,4,3,RRHGJUQNOFWUDK-UHFFFAOYSA-N,"2-Methyl-1,3-butadiene (Isoprene)",298.15,0,0,2.1,8.28475761414,1.33056486908,inside_domain
Morgan+Physical,4,3,RCJMVGJKROQDCB-UHFFFAOYSA-N,"2-Methyl-1,3-pentadiene",298.15,0,0,2.42,8.0935792923,2.15098593997,inside_domain
Morgan+Physical,4,3,BOGRNZQRTNVZCZ-AATRIKPKSA-N,"3-Methyl-1,3-pentadiene",298.15,0,0,2.43,8.0935792923,1.66039772435,inside_domain
Morgan,4,4,AFBPFSWMIHJQDM-UHFFFAOYSA-N,N-methylaniline,300.15,1,1,5.878,7.20352315903,7.11572078225,outside_associated_liquid
Morgan,4,4,AMQJEAYHLZJPGS-UHFFFAOYSA-N,pentan-1-ol,298.15,1,1,15.736,14.615694046,5.16365543529,outside_associated_liquid
Morgan,4,4,BGTOWKSIORTVQH-UHFFFAOYSA-N,cyclopentanone,298.15,0,0,13.505,17.5444869995,20.9054049662,inside_domain
Morgan,4,4,BKIMMITUMNQMOS-UHFFFAOYSA-N,nonane,298.15,0,0,1.98,5.3755645752,1.10532080108,inside_domain
Morgan,4,4,CBTVGIZVANVGBH-UHFFFAOYSA-N,2-amino-2-methylpropan-1-ol,303.15,2,2,20.59,15.4612197876,3.826071455,outside_associated_liquid
Morgan,4,4,CGZZMOTZOONQIA-UHFFFAOYSA-N,cycloheptanone,298.15,0,0,12.92,17.5444869995,15.0978362101,inside_domain
Morgan,4,4,CQEYYJKEWSMYFG-UHFFFAOYSA-N,butyl 2-propenoate,298.15,0,0,5.31,6.19905471802,8.81943541722,inside_domain
Morgan,4,4,DKGAVHZHDRPRBM-UHFFFAOYSA-N,2-methylpropan-2-ol,298.15,1,1,12.49,10.2920455933,6.90436439321,outside_associated_liquid
Morgan,4,4,DNIAPMSPPWPWGF-UHFFFAOYSA-N,"1,2-propanediol",303.15,2,2,27.87,20.8103904724,15.9608369814,outside_associated_liquid
Morgan,4,4,HPXRVTGHNJAIIH-UHFFFAOYSA-N,cyclohexanol,298.15,1,1,15.71,10.5076198578,6.99300079031,outside_associated_liquid
Morgan,4,4,HQWOEDCLDNFWEV-UHFFFAOYSA-M,1-ethyl-3-methylimidazolium diethyl phosphate,298.15,0,0,16.9,13.8477716446,96.6466343683,inside_domain
Morgan,4,4,HZAXFHJVJLSVMW-UHFFFAOYSA-N,2-aminoethan-1-ol,303.15,2,2,31.46,34.0547714233,25.2714322229,outside_associated_liquid
Morgan,4,4,JYPJLAPMBJKRDG-UHFFFAOYSA-M,1-ethyl-3-methylimidazolium butylsulfonate,298.15,0,0,30,17.6927757263,153.401832604,inside_domain
Morgan,4,4,KFZMGEQAYNKOFK-UHFFFAOYSA-N,propan-2-ol,299.15,1,1,18.845,12.5901203156,10.0046688096,outside_associated_liquid
Morgan,4,4,KLTUZFZUYLXTFF-UHFFFAOYSA-N,1-(2-hydroxyethyl)-3-methylimidazolium tetrafluoroborate,298.15,1,1,23.3,20.7110939026,82.1073071673,outside_associated_liquid
Morgan,4,4,LSBXQLQATZTAPE-UHFFFAOYSA-N,1-butyl-3-methylimidazolium tetrafluoroborate,298.15,0,0,13.9,8.39099025726,142.089757341,inside_domain
Morgan,4,4,LZJIBRSVPKKOSI-UHFFFAOYSA-O,ethanolammonium nitrate,298.15,2,2,60.9,24.4310512543,20.8289438764,outside_associated_liquid
Morgan,4,4,PEDCQBHIVMGVHV-UHFFFAOYSA-N,glycerol,303.15,3,3,41.17,29.4956817627,13.4501001088,outside_associated_liquid
Morgan,4,4,UEEJHVSXFDXPFK-UHFFFAOYSA-N,"2-(N,N-dimethylamino)ethanol",303.15,1,1,17.18,22.7062187195,2.86613042866,outside_associated_liquid
Morgan,4,4,XDJYSDBSJWNTQT-UHFFFAOYSA-N,"1-ethyl-2,3-dimethylimidazolium bis[(trifluoromethyl)sulfonyl]imide",298.15,0,0,12.8,17.7283287048,44.2192801694,inside_domain
Morgan,4,4,YFNKIDBQEZZDLK-UHFFFAOYSA-N,"2,5,8,11-tetraoxadodecane",298.15,0,0,7.604,7.06773900986,11.1446264552,inside_domain
Morgan,4,4,IYXGSMUGOJNHAZ-UHFFFAOYSA-N,Diethyl malonate,298.15,0,0,8.03,12.2338905334,9.74006290335,inside_domain
Morgan,4,4,SWXVUIWOUIDPGS-UHFFFAOYSA-N,4-Hydroxy-4-methyl-2-pentanone (Diacetone alcohol),298.15,1,1,18.2,18.1989002228,16.6441767483,outside_associated_liquid
Morgan,4,4,RTZKZFJDLAIYFH-UHFFFAOYSA-N,Ethyl ether,293.15,0,0,4.335,5.13319778442,4.44489704395,inside_domain
Morgan,4,4,FDPIMTJIUBPUKL-UHFFFAOYSA-N,3-Pentanone,293.15,0,0,17,13.6711540222,20.6156153797,inside_domain
Morgan,4,4,JFDZBHWFFUWGJE-UHFFFAOYSA-N,Benzonitrile,298.15,0,0,25.2,28.8481388092,29.6694423151,inside_domain
Morgan,4,4,HEBKCHPVOIAQTA-NGQZWQHPSA-N,Xylitol,293.15,5,5,40,29.4956817627,16.2882582546,outside_associated_liquid
Morgan,4,4,YPFDHNVEDLHUCE-UHFFFAOYSA-N,"1,3-Propanediol",293.15,2,2,35,23.5136051178,1.44673551362,outside_associated_liquid
Morgan,4,4,ISPYQTSUDJAMAB-UHFFFAOYSA-N,o-Chlorophenol,298.15,1,1,6.31,8.77589225769,2.71741653544,outside_associated_liquid
Morgan,4,4,SVTBMSDMJJWYQN-UHFFFAOYSA-N,"2-Methyl-2,4-pentanediol",303.15,2,2,24.4,15.1219272614,19.5363125491,outside_associated_liquid
Morgan,4,4,WEVYAHXRMPXWCK-UHFFFAOYSA-N,Acetonitrile,293.15,0,0,37.5,30.2159519196,53.5642531651,inside_domain
Morgan,4,4,UJBOOUHRTQVGRU-UHFFFAOYSA-N,3-Methylcyclohexanone,293.15,0,0,12.4,18.9503879547,17.8915575672,inside_domain
Morgan,4,4,LCZUOKDVTBMCMX-UHFFFAOYSA-N,"2,5-Dimethylpyrazine",293.15,0,0,2.436,7.95484161377,1.11662360242,inside_domain
Morgan,4,4,MHNNAWXXUZQSNM-UHFFFAOYSA-N,2-Methyl-1-butene,293.15,0,0,2.197,6.58142328262,1.69384086029,inside_domain
Morgan,4,4,GETTZEONDQJALK-UHFFFAOYSA-N,"alpha,alpha,alpha-Trifluorotoluene",303.15,0,0,9.18,7.41720151901,23.2671758909,inside_domain
Morgan,4,4,ROSDSFDQCJNGOL-UHFFFAOYSA-N,Dimethylamine,298.15,1,1,5.26,8.36898040771,4.58015414622,outside_associated_liquid
Morgan,4,4,OEPRBXUJOQLYID-UHFFFAOYSA-N,1-Fluoropentane,293.15,0,0,4.24,8.75907230377,9.3663047404,inside_domain
Morgan,4,4,HLLCNVLEVVFTJB-UHFFFAOYSA-N,2-Fluoro-2-methylbutane,293.15,0,0,5.89,6.37303972244,9.61421135256,inside_domain
Morgan,4,4,IBSQPLPBRSHTTG-UHFFFAOYSA-N,o-Chlorotoluene,293.15,0,0,4.45,7.20352315903,4.30209983232,inside_domain
Morgan,4,4,OSOUNOBYRMOXQQ-UHFFFAOYSA-N,m-Chlorotoluene,293.15,0,0,5.55,7.20352315903,8.19037794732,inside_domain
Morgan,4,4,NPDACUSDTOMAMK-UHFFFAOYSA-N,p-Chlorotoluene,293.15,0,0,6.08,7.20352315903,9.81647562753,inside_domain
Physical,4,4,AFBPFSWMIHJQDM-UHFFFAOYSA-N,N-methylaniline,300.15,1,1,5.878,8.50951576233,7.11572078225,outside_associated_liquid
Physical,4,4,AMQJEAYHLZJPGS-UHFFFAOYSA-N,pentan-1-ol,298.15,1,1,15.736,12.184794426,5.16365543529,outside_associated_liquid
Physical,4,4,BGTOWKSIORTVQH-UHFFFAOYSA-N,cyclopentanone,298.15,0,0,13.505,12.8202877045,20.9054049662,inside_domain
Physical,4,4,BKIMMITUMNQMOS-UHFFFAOYSA-N,nonane,298.15,0,0,1.98,1.98233807087,1.10532080108,inside_domain
Physical,4,4,CBTVGIZVANVGBH-UHFFFAOYSA-N,2-amino-2-methylpropan-1-ol,303.15,2,2,20.59,61.7891426086,3.826071455,outside_associated_liquid
Physical,4,4,CGZZMOTZOONQIA-UHFFFAOYSA-N,cycloheptanone,298.15,0,0,12.92,10.3563652039,15.0978362101,inside_domain
Physical,4,4,CQEYYJKEWSMYFG-UHFFFAOYSA-N,butyl 2-propenoate,298.15,0,0,5.31,9.20508670807,8.81943541722,inside_domain
Physical,4,4,DKGAVHZHDRPRBM-UHFFFAOYSA-N,2-methylpropan-2-ol,298.15,1,1,12.49,13.1659355164,6.90436439321,outside_associated_liquid
Physical,4,4,DNIAPMSPPWPWGF-UHFFFAOYSA-N,"1,2-propanediol",303.15,2,2,27.87,35.3504905701,15.9608369814,outside_associated_liquid
Physical,4,4,HPXRVTGHNJAIIH-UHFFFAOYSA-N,cyclohexanol,298.15,1,1,15.71,11.6848659515,6.99300079031,outside_associated_liquid
Physical,4,4,HQWOEDCLDNFWEV-UHFFFAOYSA-M,1-ethyl-3-methylimidazolium diethyl phosphate,298.15,0,0,16.9,20.9841270447,96.6466343683,inside_domain
Physical,4,4,HZAXFHJVJLSVMW-UHFFFAOYSA-N,2-aminoethan-1-ol,303.15,2,2,31.46,51.8917388916,25.2714322229,outside_associated_liquid
Physical,4,4,JYPJLAPMBJKRDG-UHFFFAOYSA-M,1-ethyl-3-methylimidazolium butylsulfonate,298.15,0,0,30,20.2998695374,153.401832604,inside_domain
Physical,4,4,KFZMGEQAYNKOFK-UHFFFAOYSA-N,propan-2-ol,299.15,1,1,18.845,18.0597286224,10.0046688096,outside_associated_liquid
Physical,4,4,KLTUZFZUYLXTFF-UHFFFAOYSA-N,1-(2-hydroxyethyl)-3-methylimidazolium tetrafluoroborate,298.15,1,1,23.3,22.4376506805,82.1073071673,outside_associated_liquid
Physical,4,4,LSBXQLQATZTAPE-UHFFFAOYSA-N,1-butyl-3-methylimidazolium tetrafluoroborate,298.15,0,0,13.9,16.6627788544,142.089757341,inside_domain
Physical,4,4,LZJIBRSVPKKOSI-UHFFFAOYSA-O,ethanolammonium nitrate,298.15,2,2,60.9,64.5671768188,20.8289438764,outside_associated_liquid
Physical,4,4,PEDCQBHIVMGVHV-UHFFFAOYSA-N,glycerol,303.15,3,3,41.17,27.0044956207,13.4501001088,outside_associated_liquid
Physical,4,4,UEEJHVSXFDXPFK-UHFFFAOYSA-N,"2-(N,N-dimethylamino)ethanol",303.15,1,1,17.18,49.8932304382,2.86613042866,outside_associated_liquid
Physical,4,4,XDJYSDBSJWNTQT-UHFFFAOYSA-N,"1-ethyl-2,3-dimethylimidazolium bis[(trifluoromethyl)sulfonyl]imide",298.15,0,0,12.8,23.113243103,44.2192801694,inside_domain
Physical,4,4,YFNKIDBQEZZDLK-UHFFFAOYSA-N,"2,5,8,11-tetraoxadodecane",298.15,0,0,7.604,10.1752872467,11.1446264552,inside_domain
Physical,4,4,IYXGSMUGOJNHAZ-UHFFFAOYSA-N,Diethyl malonate,298.15,0,0,8.03,13.053358078,9.74006290335,inside_domain
Physical,4,4,SWXVUIWOUIDPGS-UHFFFAOYSA-N,4-Hydroxy-4-methyl-2-pentanone (Diacetone alcohol),298.15,1,1,18.2,18.8376598358,16.6441767483,outside_associated_liquid
Physical,4,4,RTZKZFJDLAIYFH-UHFFFAOYSA-N,Ethyl ether,293.15,0,0,4.335,3.67921233177,4.44489704395,inside_domain
Physical,4,4,FDPIMTJIUBPUKL-UHFFFAOYSA-N,3-Pentanone,293.15,0,0,17,11.373298645,20.6156153797,inside_domain
Physical,4,4,JFDZBHWFFUWGJE-UHFFFAOYSA-N,Benzonitrile,298.15,0,0,25.2,20.9403457642,29.6694423151,inside_domain
Physical,4,4,HEBKCHPVOIAQTA-NGQZWQHPSA-N,Xylitol,293.15,5,5,40,30.613899231,16.2882582546,outside_associated_liquid
Physical,4,4,YPFDHNVEDLHUCE-UHFFFAOYSA-N,"1,3-Propanediol",293.15,2,2,35,27.6687335968,1.44673551362,outside_associated_liquid
Physical,4,4,ISPYQTSUDJAMAB-UHFFFAOYSA-N,o-Chlorophenol,298.15,1,1,6.31,16.3710803986,2.71741653544,outside_associated_liquid
Physical,4,4,SVTBMSDMJJWYQN-UHFFFAOYSA-N,"2-Methyl-2,4-pentanediol",303.15,2,2,24.4,22.4393005371,19.5363125491,outside_associated_liquid
Physical,4,4,WEVYAHXRMPXWCK-UHFFFAOYSA-N,Acetonitrile,293.15,0,0,37.5,41.429359436,53.5642531651,inside_domain
Physical,4,4,UJBOOUHRTQVGRU-UHFFFAOYSA-N,3-Methylcyclohexanone,293.15,0,0,12.4,11.2157726288,17.8915575672,inside_domain
Physical,4,4,LCZUOKDVTBMCMX-UHFFFAOYSA-N,"2,5-Dimethylpyrazine",293.15,0,0,2.436,6.44987821579,1.11662360242,inside_domain
Physical,4,4,MHNNAWXXUZQSNM-UHFFFAOYSA-N,2-Methyl-1-butene,293.15,0,0,2.197,2.29835414886,1.69384086029,inside_domain
Physical,4,4,GETTZEONDQJALK-UHFFFAOYSA-N,"alpha,alpha,alpha-Trifluorotoluene",303.15,0,0,9.18,10.0492916107,23.2671758909,inside_domain
Physical,4,4,ROSDSFDQCJNGOL-UHFFFAOYSA-N,Dimethylamine,298.15,1,1,5.26,9.49052715302,4.58015414622,outside_associated_liquid
Physical,4,4,OEPRBXUJOQLYID-UHFFFAOYSA-N,1-Fluoropentane,293.15,0,0,4.24,5.49061393738,9.3663047404,inside_domain
Physical,4,4,HLLCNVLEVVFTJB-UHFFFAOYSA-N,2-Fluoro-2-methylbutane,293.15,0,0,5.89,5.49061393738,9.61421135256,inside_domain
Physical,4,4,IBSQPLPBRSHTTG-UHFFFAOYSA-N,o-Chlorotoluene,293.15,0,0,4.45,5.58798360825,4.30209983232,inside_domain
Physical,4,4,OSOUNOBYRMOXQQ-UHFFFAOYSA-N,m-Chlorotoluene,293.15,0,0,5.55,4.17446374893,8.19037794732,inside_domain
Physical,4,4,NPDACUSDTOMAMK-UHFFFAOYSA-N,p-Chlorotoluene,293.15,0,0,6.08,4.4702796936,9.81647562753,inside_domain
Morgan+Physical,4,4,AFBPFSWMIHJQDM-UHFFFAOYSA-N,N-methylaniline,300.15,1,1,5.878,7.8565196991,7.11572078225,outside_associated_liquid
Morgan+Physical,4,4,AMQJEAYHLZJPGS-UHFFFAOYSA-N,pentan-1-ol,298.15,1,1,15.736,13.4002437592,5.16365543529,outside_associated_liquid
Morgan+Physical,4,4,BGTOWKSIORTVQH-UHFFFAOYSA-N,cyclopentanone,298.15,0,0,13.505,15.182387352,20.9054049662,inside_domain
Morgan+Physical,4,4,BKIMMITUMNQMOS-UHFFFAOYSA-N,nonane,298.15,0,0,1.98,3.67895126343,1.10532080108,inside_domain
Morgan+Physical,4,4,CBTVGIZVANVGBH-UHFFFAOYSA-N,2-amino-2-methylpropan-1-ol,303.15,2,2,20.59,38.6251831055,3.826071455,outside_associated_liquid
Morgan+Physical,4,4,CGZZMOTZOONQIA-UHFFFAOYSA-N,cycloheptanone,298.15,0,0,12.92,13.9504261017,15.0978362101,inside_domain
Morgan+Physical,4,4,CQEYYJKEWSMYFG-UHFFFAOYSA-N,butyl 2-propenoate,298.15,0,0,5.31,7.70207071304,8.81943541722,inside_domain
Morgan+Physical,4,4,DKGAVHZHDRPRBM-UHFFFAOYSA-N,2-methylpropan-2-ol,298.15,1,1,12.49,11.7289905548,6.90436439321,outside_associated_liquid
Morgan+Physical,4,4,DNIAPMSPPWPWGF-UHFFFAOYSA-N,"1,2-propanediol",303.15,2,2,27.87,28.0804405212,15.9608369814,outside_associated_liquid
Morgan+Physical,4,4,HPXRVTGHNJAIIH-UHFFFAOYSA-N,cyclohexanol,298.15,1,1,15.71,11.0962429047,6.99300079031,outside_associated_liquid
Morgan+Physical,4,4,HQWOEDCLDNFWEV-UHFFFAOYSA-M,1-ethyl-3-methylimidazolium diethyl phosphate,298.15,0,0,16.9,17.4159488678,96.6466343683,inside_domain
Morgan+Physical,4,4,HZAXFHJVJLSVMW-UHFFFAOYSA-N,2-aminoethan-1-ol,303.15,2,2,31.46,42.9732551575,25.2714322229,outside_associated_liquid
Morgan+Physical,4,4,JYPJLAPMBJKRDG-UHFFFAOYSA-M,1-ethyl-3-methylimidazolium butylsulfonate,298.15,0,0,30,18.9963226318,153.401832604,inside_domain
Morgan+Physical,4,4,KFZMGEQAYNKOFK-UHFFFAOYSA-N,propan-2-ol,299.15,1,1,18.845,15.324924469,10.0046688096,outside_associated_liquid
Morgan+Physical,4,4,KLTUZFZUYLXTFF-UHFFFAOYSA-N,1-(2-hydroxyethyl)-3-methylimidazolium tetrafluoroborate,298.15,1,1,23.3,21.5743713379,82.1073071673,outside_associated_liquid
Morgan+Physical,4,4,LSBXQLQATZTAPE-UHFFFAOYSA-N,1-butyl-3-methylimidazolium tetrafluoroborate,298.15,0,0,13.9,12.526884079,142.089757341,inside_domain
Morgan+Physical,4,4,LZJIBRSVPKKOSI-UHFFFAOYSA-O,ethanolammonium nitrate,298.15,2,2,60.9,44.4991149902,20.8289438764,outside_associated_liquid
Morgan+Physical,4,4,PEDCQBHIVMGVHV-UHFFFAOYSA-N,glycerol,303.15,3,3,41.17,28.250087738,13.4501001088,outside_associated_liquid
Morgan+Physical,4,4,UEEJHVSXFDXPFK-UHFFFAOYSA-N,"2-(N,N-dimethylamino)ethanol",303.15,1,1,17.18,36.2997245789,2.86613042866,outside_associated_liquid
Morgan+Physical,4,4,XDJYSDBSJWNTQT-UHFFFAOYSA-N,"1-ethyl-2,3-dimethylimidazolium bis[(trifluoromethyl)sulfonyl]imide",298.15,0,0,12.8,20.4207859039,44.2192801694,inside_domain
Morgan+Physical,4,4,YFNKIDBQEZZDLK-UHFFFAOYSA-N,"2,5,8,11-tetraoxadodecane",298.15,0,0,7.604,8.6215133667,11.1446264552,inside_domain
Morgan+Physical,4,4,IYXGSMUGOJNHAZ-UHFFFAOYSA-N,Diethyl malonate,298.15,0,0,8.03,12.6436243057,9.74006290335,inside_domain
Morgan+Physical,4,4,SWXVUIWOUIDPGS-UHFFFAOYSA-N,4-Hydroxy-4-methyl-2-pentanone (Diacetone alcohol),298.15,1,1,18.2,18.5182800293,16.6441767483,outside_associated_liquid
Morgan+Physical,4,4,RTZKZFJDLAIYFH-UHFFFAOYSA-N,Ethyl ether,293.15,0,0,4.335,4.40620517731,4.44489704395,inside_domain
Morgan+Physical,4,4,FDPIMTJIUBPUKL-UHFFFAOYSA-N,3-Pentanone,293.15,0,0,17,12.5222263336,20.6156153797,inside_domain
Morgan+Physical,4,4,JFDZBHWFFUWGJE-UHFFFAOYSA-N,Benzonitrile,298.15,0,0,25.2,24.894241333,29.6694423151,inside_domain
Morgan+Physical,4,4,HEBKCHPVOIAQTA-NGQZWQHPSA-N,Xylitol,293.15,5,5,40,30.0547904968,16.2882582546,outside_associated_liquid
Morgan+Physical,4,4,YPFDHNVEDLHUCE-UHFFFAOYSA-N,"1,3-Propanediol",293.15,2,2,35,25.5911693573,1.44673551362,outside_associated_liquid
Morgan+Physical,4,4,ISPYQTSUDJAMAB-UHFFFAOYSA-N,o-Chlorophenol,298.15,1,1,6.31,12.5734863281,2.71741653544,outside_associated_liquid
Morgan+Physical,4,4,SVTBMSDMJJWYQN-UHFFFAOYSA-N,"2-Methyl-2,4-pentanediol",303.15,2,2,24.4,18.7806129456,19.5363125491,outside_associated_liquid
Morgan+Physical,4,4,WEVYAHXRMPXWCK-UHFFFAOYSA-N,Acetonitrile,293.15,0,0,37.5,35.8226547241,53.5642531651,inside_domain
Morgan+Physical,4,4,UJBOOUHRTQVGRU-UHFFFAOYSA-N,3-Methylcyclohexanone,293.15,0,0,12.4,15.0830802917,17.8915575672,inside_domain
Morgan+Physical,4,4,LCZUOKDVTBMCMX-UHFFFAOYSA-N,"2,5-Dimethylpyrazine",293.15,0,0,2.436,7.2023601532,1.11662360242,inside_domain
Morgan+Physical,4,4,MHNNAWXXUZQSNM-UHFFFAOYSA-N,2-Methyl-1-butene,293.15,0,0,2.197,4.43988895416,1.69384086029,inside_domain
Morgan+Physical,4,4,GETTZEONDQJALK-UHFFFAOYSA-N,"alpha,alpha,alpha-Trifluorotoluene",303.15,0,0,9.18,8.73324680328,23.2671758909,inside_domain
Morgan+Physical,4,4,ROSDSFDQCJNGOL-UHFFFAOYSA-N,Dimethylamine,298.15,1,1,5.26,8.9297542572,4.58015414622,outside_associated_liquid
Morgan+Physical,4,4,OEPRBXUJOQLYID-UHFFFAOYSA-N,1-Fluoropentane,293.15,0,0,4.24,7.12484312057,9.3663047404,inside_domain
Morgan+Physical,4,4,HLLCNVLEVVFTJB-UHFFFAOYSA-N,2-Fluoro-2-methylbutane,293.15,0,0,5.89,5.93182659149,9.61421135256,inside_domain
Morgan+Physical,4,4,IBSQPLPBRSHTTG-UHFFFAOYSA-N,o-Chlorotoluene,293.15,0,0,4.45,6.39575338364,4.30209983232,inside_domain
Morgan+Physical,4,4,OSOUNOBYRMOXQQ-UHFFFAOYSA-N,m-Chlorotoluene,293.15,0,0,5.55,5.68899345398,8.19037794732,inside_domain
Morgan+Physical,4,4,NPDACUSDTOMAMK-UHFFFAOYSA-N,p-Chlorotoluene,293.15,0,0,6.08,5.83690166473,9.81647562753,inside_domain
Morgan,5,0,AMQJEAYHLZJPGS-UHFFFAOYSA-N,pentan-1-ol,298.15,1,1,15.736,16.5822105408,5.16365543529,outside_associated_liquid
Morgan,5,0,BAPJBEWLBFYGME-UHFFFAOYSA-N,methyl propenoate,298.15,0,0,7.021,14.1873445511,7.29190026496,inside_domain
Morgan,5,0,BDERNNFJNOPAEC-UHFFFAOYSA-N,propan-1-ol,298.15,1,1,21.3,16.5822105408,10.28867817,outside_associated_liquid
Morgan,5,0,BKIMMITUMNQMOS-UHFFFAOYSA-N,nonane,298.15,0,0,1.98,5.14217662811,1.10532080108,inside_domain
Morgan,5,0,BTNXBLUGMAMSSH-UHFFFAOYSA-N,octanedinitrile,298.15,0,0,25.94,26.5436420441,22.1540981947,inside_domain
Morgan,5,0,KLTUZFZUYLXTFF-UHFFFAOYSA-N,1-(2-hydroxyethyl)-3-methylimidazolium tetrafluoroborate,298.15,1,1,23.3,20.383398056,82.1073071673,outside_associated_liquid
Morgan,5,0,LLEVMYXEJUDBTA-UHFFFAOYSA-N,heptanedinitrile,298.15,0,0,29.71,26.5436420441,22.0308625381,inside_domain
Morgan,5,0,LSBXQLQATZTAPE-UHFFFAOYSA-N,1-butyl-3-methylimidazolium tetrafluoroborate,298.15,0,0,13.9,6.64466094971,142.089757341,inside_domain
Morgan,5,0,MCTWTZJPVLRJOU-UHFFFAOYSA-N,1-methylimidazole,298,0,0,39.78,8.74918556213,38.1478273189,inside_domain
Morgan,5,0,MWKFXSUHUHTGQN-UHFFFAOYSA-N,decan-1-ol,298.15,1,1,7.74,15.5995101929,3.3156322585,outside_associated_liquid
Morgan,5,0,QTBSBXVTEAMEQO-UHFFFAOYSA-N,acetic acid,293.15,1,1,6.15,23.9288902283,12.6069173441,outside_associated_liquid
Morgan,5,0,SHQSVMDWKBRBGB-UHFFFAOYSA-N,cyclobutanone,298.15,0,0,14.96,18.5403060913,24.058855292,inside_domain
Morgan,5,0,TVMXDCGIABBOFY-UHFFFAOYSA-N,octane,298.15,0,0,1.961,5.14217662811,1.1076211483,inside_domain
Morgan,5,0,XLYOFNOQVPJJNP-UHFFFAOYSA-N,water,297.575,0,1,78.87,13.7539463043,40.4474006258,outside_associated_liquid
Morgan,5,0,XQQZRZQVBFHBHL-UHFFFAOYSA-N,"1,4,7,10-tetraoxacyclododecane",299.4,0,0,10.76,9.10029029846,11.613237056,inside_domain
Morgan,5,0,YEYKMVJDLWJFOA-UHFFFAOYSA-N,2-propoxyethanol,298.15,1,1,11.5,15.6907310486,11.5122504605,outside_associated_liquid
Morgan,5,0,YFMFNYKEUDLDTL-UHFFFAOYSA-N,"1,1,1,2,3,3,3-heptafluoropropane",302.85,0,0,4.1348,9.11810874939,7.17247104625,inside_domain
Morgan,5,0,ZBCBWPMODOFKDW-UHFFFAOYSA-N,diethanolamine,303.15,3,3,24.69,26.1948318481,10.034846241,outside_associated_liquid
Morgan,5,0,HXDLWJWIAHWIKI-UHFFFAOYSA-N,beta-Hydroxyethyl acetate (Glycol monoacetate),303.15,1,1,13,32.5129890442,9.74097362491,outside_associated_liquid
Morgan,5,0,IYXGSMUGOJNHAZ-UHFFFAOYSA-N,Diethyl malonate,298.15,0,0,8.03,15.1731615067,9.74006290335,inside_domain
Morgan,5,0,XEKOWRVHYACXOJ-UHFFFAOYSA-N,Ethyl acetate,298.15,0,0,6.02,10.4749965668,9.7831231174,inside_domain
Morgan,5,0,DIQMPQMYFZXDAX-UHFFFAOYSA-N,Amyl formate,298.15,0,0,6.49,10.1840381622,8.4969957051,inside_domain
Morgan,5,0,CSCPPACGZOOCGX-UHFFFAOYSA-N,Acetone,298.15,0,0,20.7,18.8854694366,29.9937881156,inside_domain
Morgan,5,0,NTIZESTWPVYFNL-UHFFFAOYSA-N,4-Methyl-2-pentanone,293.15,0,0,13.11,17.9027576447,14.6513704727,inside_domain
Morgan,5,0,JFDZBHWFFUWGJE-UHFFFAOYSA-N,Benzonitrile,298.15,0,0,25.2,25.3350925446,29.6694423151,inside_domain
Morgan,5,0,NVJBFARDFTXOTO-UHFFFAOYSA-N,Ethyl sulfite,293.15,0,0,15.9,21.3909358978,15.9704051889,inside_domain
Morgan,5,0,DHKHKXVYLBGOIT-UHFFFAOYSA-N,"1,1-Diethoxyethane",298.15,0,0,3.8,5.82982444763,6.97488629158,inside_domain
Morgan,5,0,MSXVEPNJUHWQHW-UHFFFAOYSA-N,2-Methyl-2-butanol,298.15,1,1,5.82,9.39797687531,5.55405564062,outside_associated_liquid
Morgan,5,0,QGJOPFRUJISHPQ-UHFFFAOYSA-N,Carbon disulfide,293.15,0,0,2.641,19.6171417236,1.14604082971,inside_domain
Morgan,5,0,NEZRFXZYPAIZAD-UHFFFAOYSA-N,Ethylcyclobutane,293.15,0,0,1.965,7.01390647888,1.12524438408,inside_domain
Morgan,5,0,ZQDPJFUHLCOCRG-WAYWQWQTSA-N,cis-3-Hexene,298.15,0,0,2.062,6.94757175446,1.19258064684,inside_domain
Morgan,5,0,UQEAIHBTYFGYIE-UHFFFAOYSA-N,Hexamethyldisiloxane,293.15,0,0,2.17,6.66999149323,1.21737241547,inside_domain
Morgan,5,0,KFUSEUYYWQURPO-UPHRSURJSA-N,"cis-1,2-Dichloroethylene",298.15,0,0,9.2,4.85332679749,9.01512393578,inside_domain
Morgan,5,0,PIICEJLVQHRZGT-UHFFFAOYSA-N,"1,2-Ethanediamine",293.15,2,2,14.2,9.74084281921,1.53256228944,outside_associated_liquid
Morgan,5,0,QBELEDRHMPMKHP-UHFFFAOYSA-N,1-Bromo-2-chlorobenzene,293.15,0,0,6.8,6.62472629547,24.1815742763,inside_domain
Morgan,5,0,RFFLAFLAYFXFSW-UHFFFAOYSA-N,o-Dichlorobenzene,298.15,0,0,9.93,3.3647749424,10.2507478883,inside_domain
Morgan,5,0,ZPQOPVIELGIULI-UHFFFAOYSA-N,m-Dichlorobenzene,298.15,0,0,5.04,3.3647749424,4.80631156245,inside_domain
Morgan,5,0,YLQBMQCUIZJEEH-UHFFFAOYSA-N,Furan,298.15,0,0,2.95,8.76453590393,1.38878820797,inside_domain
Morgan,5,0,PYLWMHQQBFSUBP-UHFFFAOYSA-N,Fluorobenzene,298.15,0,0,5.42,8.30852508545,9.55831440066,inside_domain
Morgan,5,0,PAYRUJLWNCNPSJ-UHFFFAOYSA-N,Aniline,293.15,1,1,6.89,8.93126106262,7.45516883493,outside_associated_liquid
Morgan,5,0,IBSQPLPBRSHTTG-UHFFFAOYSA-N,o-Chlorotoluene,293.15,0,0,4.45,7.17017269135,4.30209983232,inside_domain
Physical,5,0,AMQJEAYHLZJPGS-UHFFFAOYSA-N,pentan-1-ol,298.15,1,1,15.736,10.6215238571,5.16365543529,outside_associated_liquid
Physical,5,0,BAPJBEWLBFYGME-UHFFFAOYSA-N,methyl propenoate,298.15,0,0,7.021,9.60116481781,7.29190026496,inside_domain
Physical,5,0,BDERNNFJNOPAEC-UHFFFAOYSA-N,propan-1-ol,298.15,1,1,21.3,15.6399564743,10.28867817,outside_associated_liquid
Physical,5,0,BKIMMITUMNQMOS-UHFFFAOYSA-N,nonane,298.15,0,0,1.98,2.50982809067,1.10532080108,inside_domain
Physical,5,0,BTNXBLUGMAMSSH-UHFFFAOYSA-N,octanedinitrile,298.15,0,0,25.94,15.943564415,22.1540981947,inside_domain
Physical,5,0,KLTUZFZUYLXTFF-UHFFFAOYSA-N,1-(2-hydroxyethyl)-3-methylimidazolium tetrafluoroborate,298.15,1,1,23.3,29.1178283691,82.1073071673,outside_associated_liquid
Physical,5,0,LLEVMYXEJUDBTA-UHFFFAOYSA-N,heptanedinitrile,298.15,0,0,29.71,16.8563613892,22.0308625381,inside_domain
Physical,5,0,LSBXQLQATZTAPE-UHFFFAOYSA-N,1-butyl-3-methylimidazolium tetrafluoroborate,298.15,0,0,13.9,18.7153491974,142.089757341,inside_domain
Physical,5,0,MCTWTZJPVLRJOU-UHFFFAOYSA-N,1-methylimidazole,298,0,0,39.78,29.1573143005,38.1478273189,inside_domain
Physical,5,0,MWKFXSUHUHTGQN-UHFFFAOYSA-N,decan-1-ol,298.15,1,1,7.74,10.3225460052,3.3156322585,outside_associated_liquid
Physical,5,0,QTBSBXVTEAMEQO-UHFFFAOYSA-N,acetic acid,293.15,1,1,6.15,29.3791751862,12.6069173441,outside_associated_liquid
Physical,5,0,SHQSVMDWKBRBGB-UHFFFAOYSA-N,cyclobutanone,298.15,0,0,14.96,31.9026088715,24.058855292,inside_domain
Physical,5,0,TVMXDCGIABBOFY-UHFFFAOYSA-N,octane,298.15,0,0,1.961,2.64127516747,1.1076211483,inside_domain
Physical,5,0,XLYOFNOQVPJJNP-UHFFFAOYSA-N,water,297.575,0,1,78.87,59.1877632141,40.4474006258,outside_associated_liquid
Physical,5,0,XQQZRZQVBFHBHL-UHFFFAOYSA-N,"1,4,7,10-tetraoxacyclododecane",299.4,0,0,10.76,11.3394231796,11.613237056,inside_domain
Physical,5,0,YEYKMVJDLWJFOA-UHFFFAOYSA-N,2-propoxyethanol,298.15,1,1,11.5,21.4256381989,11.5122504605,outside_associated_liquid
Physical,5,0,YFMFNYKEUDLDTL-UHFFFAOYSA-N,"1,1,1,2,3,3,3-heptafluoropropane",302.85,0,0,4.1348,1.99792230129,7.17247104625,inside_domain
Physical,5,0,ZBCBWPMODOFKDW-UHFFFAOYSA-N,diethanolamine,303.15,3,3,24.69,25.7741165161,10.034846241,outside_associated_liquid
Physical,5,0,HXDLWJWIAHWIKI-UHFFFAOYSA-N,beta-Hydroxyethyl acetate (Glycol monoacetate),303.15,1,1,13,25.257352829,9.74097362491,outside_associated_liquid
Physical,5,0,IYXGSMUGOJNHAZ-UHFFFAOYSA-N,Diethyl malonate,298.15,0,0,8.03,11.0546808243,9.74006290335,inside_domain
Physical,5,0,XEKOWRVHYACXOJ-UHFFFAOYSA-N,Ethyl acetate,298.15,0,0,6.02,7.48676347733,9.7831231174,inside_domain
Physical,5,0,DIQMPQMYFZXDAX-UHFFFAOYSA-N,Amyl formate,298.15,0,0,6.49,9.77090835571,8.4969957051,inside_domain
Physical,5,0,CSCPPACGZOOCGX-UHFFFAOYSA-N,Acetone,298.15,0,0,20.7,29.548538208,29.9937881156,inside_domain
Physical,5,0,NTIZESTWPVYFNL-UHFFFAOYSA-N,4-Methyl-2-pentanone,293.15,0,0,13.11,10.2478523254,14.6513704727,inside_domain
Physical,5,0,JFDZBHWFFUWGJE-UHFFFAOYSA-N,Benzonitrile,298.15,0,0,25.2,18.7413768768,29.6694423151,inside_domain
Physical,5,0,NVJBFARDFTXOTO-UHFFFAOYSA-N,Ethyl sulfite,293.15,0,0,15.9,14.5297670364,15.9704051889,inside_domain
Physical,5,0,DHKHKXVYLBGOIT-UHFFFAOYSA-N,"1,1-Diethoxyethane",298.15,0,0,3.8,5.40584659576,6.97488629158,inside_domain
Physical,5,0,MSXVEPNJUHWQHW-UHFFFAOYSA-N,2-Methyl-2-butanol,298.15,1,1,5.82,10.1027383804,5.55405564062,outside_associated_liquid
Physical,5,0,QGJOPFRUJISHPQ-UHFFFAOYSA-N,Carbon disulfide,293.15,0,0,2.641,21.9111862183,1.14604082971,inside_domain
Physical,5,0,NEZRFXZYPAIZAD-UHFFFAOYSA-N,Ethylcyclobutane,293.15,0,0,1.965,2.44735622406,1.12524438408,inside_domain
Physical,5,0,ZQDPJFUHLCOCRG-WAYWQWQTSA-N,cis-3-Hexene,298.15,0,0,2.062,1.30981743336,1.19258064684,inside_domain
Physical,5,0,UQEAIHBTYFGYIE-UHFFFAOYSA-N,Hexamethyldisiloxane,293.15,0,0,2.17,2.2216835022,1.21737241547,inside_domain
Physical,5,0,KFUSEUYYWQURPO-UPHRSURJSA-N,"cis-1,2-Dichloroethylene",298.15,0,0,9.2,6.33920526505,9.01512393578,inside_domain
Physical,5,0,PIICEJLVQHRZGT-UHFFFAOYSA-N,"1,2-Ethanediamine",293.15,2,2,14.2,40.6185760498,1.53256228944,outside_associated_liquid
Physical,5,0,QBELEDRHMPMKHP-UHFFFAOYSA-N,1-Bromo-2-chlorobenzene,293.15,0,0,6.8,8.0622253418,24.1815742763,inside_domain
Physical,5,0,RFFLAFLAYFXFSW-UHFFFAOYSA-N,o-Dichlorobenzene,298.15,0,0,9.93,3.61283040047,10.2507478883,inside_domain
Physical,5,0,ZPQOPVIELGIULI-UHFFFAOYSA-N,m-Dichlorobenzene,298.15,0,0,5.04,3.13156175613,4.80631156245,inside_domain
Physical,5,0,YLQBMQCUIZJEEH-UHFFFAOYSA-N,Furan,298.15,0,0,2.95,19.5907974243,1.38878820797,inside_domain
Physical,5,0,PYLWMHQQBFSUBP-UHFFFAOYSA-N,Fluorobenzene,298.15,0,0,5.42,3.50726556778,9.55831440066,inside_domain
Physical,5,0,PAYRUJLWNCNPSJ-UHFFFAOYSA-N,Aniline,293.15,1,1,6.89,14.619726181,7.45516883493,outside_associated_liquid
Physical,5,0,IBSQPLPBRSHTTG-UHFFFAOYSA-N,o-Chlorotoluene,293.15,0,0,4.45,6.47720241547,4.30209983232,inside_domain
Morgan+Physical,5,0,AMQJEAYHLZJPGS-UHFFFAOYSA-N,pentan-1-ol,298.15,1,1,15.736,13.6018676758,5.16365543529,outside_associated_liquid
Morgan+Physical,5,0,BAPJBEWLBFYGME-UHFFFAOYSA-N,methyl propenoate,298.15,0,0,7.021,11.8942546844,7.29190026496,inside_domain
Morgan+Physical,5,0,BDERNNFJNOPAEC-UHFFFAOYSA-N,propan-1-ol,298.15,1,1,21.3,16.1110839844,10.28867817,outside_associated_liquid
Morgan+Physical,5,0,BKIMMITUMNQMOS-UHFFFAOYSA-N,nonane,298.15,0,0,1.98,3.82600235939,1.10532080108,inside_domain
Morgan+Physical,5,0,BTNXBLUGMAMSSH-UHFFFAOYSA-N,octanedinitrile,298.15,0,0,25.94,21.2436027527,22.1540981947,inside_domain
Morgan+Physical,5,0,KLTUZFZUYLXTFF-UHFFFAOYSA-N,1-(2-hydroxyethyl)-3-methylimidazolium tetrafluoroborate,298.15,1,1,23.3,24.7506141663,82.1073071673,outside_associated_liquid
Morgan+Physical,5,0,LLEVMYXEJUDBTA-UHFFFAOYSA-N,heptanedinitrile,298.15,0,0,29.71,21.7000007629,22.0308625381,inside_domain
Morgan+Physical,5,0,LSBXQLQATZTAPE-UHFFFAOYSA-N,1-butyl-3-methylimidazolium tetrafluoroborate,298.15,0,0,13.9,12.6800050735,142.089757341,inside_domain
Morgan+Physical,5,0,MCTWTZJPVLRJOU-UHFFFAOYSA-N,1-methylimidazole,298,0,0,39.78,18.953250885,38.1478273189,inside_domain
Morgan+Physical,5,0,MWKFXSUHUHTGQN-UHFFFAOYSA-N,decan-1-ol,298.15,1,1,7.74,12.9610280991,3.3156322585,outside_associated_liquid
Morgan+Physical,5,0,QTBSBXVTEAMEQO-UHFFFAOYSA-N,acetic acid,293.15,1,1,6.15,26.6540336609,12.6069173441,outside_associated_liquid
Morgan+Physical,5,0,SHQSVMDWKBRBGB-UHFFFAOYSA-N,cyclobutanone,298.15,0,0,14.96,25.2214584351,24.058855292,inside_domain
Morgan+Physical,5,0,TVMXDCGIABBOFY-UHFFFAOYSA-N,octane,298.15,0,0,1.961,3.891726017,1.1076211483,inside_domain
Morgan+Physical,5,0,XLYOFNOQVPJJNP-UHFFFAOYSA-N,water,297.575,0,1,78.87,36.4708557129,40.4474006258,outside_associated_liquid
Morgan+Physical,5,0,XQQZRZQVBFHBHL-UHFFFAOYSA-N,"1,4,7,10-tetraoxacyclododecane",299.4,0,0,10.76,10.2198562622,11.613237056,inside_domain
Morgan+Physical,5,0,YEYKMVJDLWJFOA-UHFFFAOYSA-N,2-propoxyethanol,298.15,1,1,11.5,18.5581855774,11.5122504605,outside_associated_liquid
Morgan+Physical,5,0,YFMFNYKEUDLDTL-UHFFFAOYSA-N,"1,1,1,2,3,3,3-heptafluoropropane",302.85,0,0,4.1348,5.55801534653,7.17247104625,inside_domain
Morgan+Physical,5,0,ZBCBWPMODOFKDW-UHFFFAOYSA-N,diethanolamine,303.15,3,3,24.69,25.9844741821,10.034846241,outside_associated_liquid
Morgan+Physical,5,0,HXDLWJWIAHWIKI-UHFFFAOYSA-N,beta-Hydroxyethyl acetate (Glycol monoacetate),303.15,1,1,13,28.8851699829,9.74097362491,outside_associated_liquid
Morgan+Physical,5,0,IYXGSMUGOJNHAZ-UHFFFAOYSA-N,Diethyl malonate,298.15,0,0,8.03,13.1139211655,9.74006290335,inside_domain
Morgan+Physical,5,0,XEKOWRVHYACXOJ-UHFFFAOYSA-N,Ethyl acetate,298.15,0,0,6.02,8.98087978363,9.7831231174,inside_domain
Morgan+Physical,5,0,DIQMPQMYFZXDAX-UHFFFAOYSA-N,Amyl formate,298.15,0,0,6.49,9.97747325897,8.4969957051,inside_domain
Morgan+Physical,5,0,CSCPPACGZOOCGX-UHFFFAOYSA-N,Acetone,298.15,0,0,20.7,24.2170028687,29.9937881156,inside_domain
Morgan+Physical,5,0,NTIZESTWPVYFNL-UHFFFAOYSA-N,4-Methyl-2-pentanone,293.15,0,0,13.11,14.075304985,14.6513704727,inside_domain
Morgan+Physical,5,0,JFDZBHWFFUWGJE-UHFFFAOYSA-N,Benzonitrile,298.15,0,0,25.2,22.0382347107,29.6694423151,inside_domain
Morgan+Physical,5,0,NVJBFARDFTXOTO-UHFFFAOYSA-N,Ethyl sulfite,293.15,0,0,15.9,17.960351944,15.9704051889,inside_domain
Morgan+Physical,5,0,DHKHKXVYLBGOIT-UHFFFAOYSA-N,"1,1-Diethoxyethane",298.15,0,0,3.8,5.6178355217,6.97488629158,inside_domain
Morgan+Physical,5,0,MSXVEPNJUHWQHW-UHFFFAOYSA-N,2-Methyl-2-butanol,298.15,1,1,5.82,9.75035762787,5.55405564062,outside_associated_liquid
Morgan+Physical,5,0,QGJOPFRUJISHPQ-UHFFFAOYSA-N,Carbon disulfide,293.15,0,0,2.641,20.7641639709,1.14604082971,inside_domain
Morgan+Physical,5,0,NEZRFXZYPAIZAD-UHFFFAOYSA-N,Ethylcyclobutane,293.15,0,0,1.965,4.73063135147,1.12524438408,inside_domain
Morgan+Physical,5,0,ZQDPJFUHLCOCRG-WAYWQWQTSA-N,cis-3-Hexene,298.15,0,0,2.062,4.1286945343,1.19258064684,inside_domain
Morgan+Physical,5,0,UQEAIHBTYFGYIE-UHFFFAOYSA-N,Hexamethyldisiloxane,293.15,0,0,2.17,4.44583749771,1.21737241547,inside_domain
Morgan+Physical,5,0,KFUSEUYYWQURPO-UPHRSURJSA-N,"cis-1,2-Dichloroethylene",298.15,0,0,9.2,5.59626579285,9.01512393578,inside_domain
Morgan+Physical,5,0,PIICEJLVQHRZGT-UHFFFAOYSA-N,"1,2-Ethanediamine",293.15,2,2,14.2,25.1797103882,1.53256228944,outside_associated_liquid
Morgan+Physical,5,0,QBELEDRHMPMKHP-UHFFFAOYSA-N,1-Bromo-2-chlorobenzene,293.15,0,0,6.8,7.34347581863,24.1815742763,inside_domain
Morgan+Physical,5,0,RFFLAFLAYFXFSW-UHFFFAOYSA-N,o-Dichlorobenzene,298.15,0,0,9.93,3.48880267143,10.2507478883,inside_domain
Morgan+Physical,5,0,ZPQOPVIELGIULI-UHFFFAOYSA-N,m-Dichlorobenzene,298.15,0,0,5.04,3.24816846848,4.80631156245,inside_domain
Morgan+Physical,5,0,YLQBMQCUIZJEEH-UHFFFAOYSA-N,Furan,298.15,0,0,2.95,14.1776666641,1.38878820797,inside_domain
Morgan+Physical,5,0,PYLWMHQQBFSUBP-UHFFFAOYSA-N,Fluorobenzene,298.15,0,0,5.42,5.9078950882,9.55831440066,inside_domain
Morgan+Physical,5,0,PAYRUJLWNCNPSJ-UHFFFAOYSA-N,Aniline,293.15,1,1,6.89,11.7754936218,7.45516883493,outside_associated_liquid
Morgan+Physical,5,0,IBSQPLPBRSHTTG-UHFFFAOYSA-N,o-Chlorotoluene,293.15,0,0,4.45,6.82368755341,4.30209983232,inside_domain
Morgan,5,1,CBTVGIZVANVGBH-UHFFFAOYSA-N,2-amino-2-methylpropan-1-ol,303.15,2,2,20.59,17.4554405212,3.826071455,outside_associated_liquid
Morgan,5,1,CGZZMOTZOONQIA-UHFFFAOYSA-N,cycloheptanone,298.15,0,0,12.92,15.1786279678,15.0978362101,inside_domain
Morgan,5,1,CRVGTESFCCXCTH-UHFFFAOYSA-N,N-methyldiethanolamine,300.65,2,2,22.12,21.2753219604,10.6262172267,outside_associated_liquid
Morgan,5,1,DNIAPMSPPWPWGF-UHFFFAOYSA-N,"1,2-propanediol",303.15,2,2,27.87,25.6520500183,15.9608369814,outside_associated_liquid
Morgan,5,1,DURPTKYDGMDSBL-UHFFFAOYSA-N,dibutyl ether,298.15,0,0,3.106,4.60807752609,2.81657790905,inside_domain
Morgan,5,1,FRZPYEHDSAQGAS-UHFFFAOYSA-M,1-butyl-3-methylimidazolium trifluoromethanesulfonate,298.15,0,0,12.9,22.9557094574,53.1539772418,inside_domain
Morgan,5,1,FYIRUPZTYPILDH-UHFFFAOYSA-N,"1,1,1,2,3,3-hexafluoropropane",302.85,0,0,5.3105,9.49047279358,14.0370858022,inside_domain
Morgan,5,1,HZAXFHJVJLSVMW-UHFFFAOYSA-N,2-aminoethan-1-ol,303.15,2,2,31.46,30.2497596741,25.2714322229,outside_associated_liquid
Morgan,5,1,IAZDPXIOMUYVGZ-UHFFFAOYSA-N,dimethyl sulfoxide,298,0,0,46.05,13.4670715332,39.3405912447,inside_domain
Morgan,5,1,IIRFCWANHMSDCG-UHFFFAOYSA-N,cyclooctanone,300.65,0,0,14.38,15.1786279678,13.5668987419,inside_domain
Morgan,5,1,LVTYICIALWPMFW-UHFFFAOYSA-N,N-(2-hydroxypropyl)-2-hydroxy-1-propanamine,303.15,3,3,13.87,17.8607177734,21.6555806344,outside_associated_liquid
Morgan,5,1,MTHSVFCYNBDYFN-UHFFFAOYSA-N,diethylene glycol,298.15,2,2,30.95,20.2150020599,11.7806957518,outside_associated_liquid
Morgan,5,1,PEDCQBHIVMGVHV-UHFFFAOYSA-N,glycerol,303.15,3,3,41.17,37.3900985718,13.4501001088,outside_associated_liquid
Morgan,5,1,SBZXBUIDTXKZTM-UHFFFAOYSA-N,"2,5,8-trioxanonane",298.15,0,0,7.3815,7.37891817093,14.0264717054,inside_domain
Morgan,5,1,STCBHSHARMAIOM-UHFFFAOYSA-N,1-methylimidazolium chloride,298.15,0,0,13.8,19.342792511,31.9681461493,inside_domain
Morgan,5,1,UCCKRVYTJPMHRO-UHFFFAOYSA-N,"1-butyl-2,3-dimethyl-1H-imidazolium bis(trifluoromethylsulfonyl)amide",298.15,0,0,14,15.0431861877,11.4813553141,inside_domain
Morgan,5,1,UPCXAARSWVHVLY-UHFFFAOYSA-N,triethanolammonium acetate,298.15,4,4,31,46.2179450989,11.4536548979,outside_associated_liquid
Morgan,5,1,WZLFPVPRZGTCKP-UHFFFAOYSA-N,"1,1,1,3,3-pentafluorobutane",298.115,0,0,11.8861,8.7224445343,6.83236100939,inside_domain
Morgan,5,1,XDJYSDBSJWNTQT-UHFFFAOYSA-N,"1-ethyl-2,3-dimethylimidazolium bis[(trifluoromethyl)sulfonyl]imide",298.15,0,0,12.8,15.4646072388,44.2192801694,inside_domain
Morgan,5,1,XDTMQSROBMDMFD-UHFFFAOYSA-N,cyclohexane,298.15,0,0,2.02,9.49047279358,1.10684113993,inside_domain
Morgan,5,1,YEJRWHAVMIAJKC-UHFFFAOYSA-N,.gamma.-butyrolactone,295.65,0,0,41.99,17.3906421661,50.6116986269,inside_domain
Morgan,5,1,YXFVVABEGXRONW-UHFFFAOYSA-N,toluene,297.385,0,0,2.40445,6.93058252335,1.46990395237,inside_domain
Morgan,5,1,ZSIAUFGUXNUGDI-UHFFFAOYSA-N,hexan-1-ol,298.15,1,1,14.26,14.7325458527,5.23133673613,outside_associated_liquid
Morgan,5,1,ZUHZGEOKBKGPSW-UHFFFAOYSA-N,"2,5,8,11,14-pentaoxapentadecane",298.15,0,0,7.798,7.37891817093,10.2230813729,inside_domain
Morgan,5,1,GJRQTCIYDGXPES-UHFFFAOYSA-N,Isobutyl acetate,293.15,0,0,5.29,10.9285268784,8.50004501778,inside_domain
Morgan,5,1,DTQVDTLACAAQTR-UHFFFAOYSA-N,Trifluoroacetic acid,293.15,1,1,39.5,20.3140144348,28.7487569677,outside_associated_liquid
Morgan,5,1,YPFDHNVEDLHUCE-UHFFFAOYSA-N,"1,3-Propanediol",293.15,2,2,35,22.3712692261,1.44673551362,outside_associated_liquid
Morgan,5,1,YNAVUWVOSKDBBP-UHFFFAOYSA-N,Morpholine,298.15,1,1,7.33,10.1262397766,5.3942637877,outside_associated_liquid
Morgan,5,1,NQPDZGIKBAWPEJ-UHFFFAOYSA-N,Valeric acid,293.15,1,1,2.66,13.0152168274,5.73031614295,outside_associated_liquid
Morgan,5,1,POLCUAVZOMRGSN-UHFFFAOYSA-N,Propyl ether,299.15,0,0,3.39,4.93242788315,3.4892418063,inside_domain
Morgan,5,1,ZAFNJMIOTHYJRJ-UHFFFAOYSA-N,Isopropyl ether,298.15,0,0,3.88,7.51714324951,2.80531678598,inside_domain
Morgan,5,1,RDOXTESZEPMUJZ-UHFFFAOYSA-N,Methoxybenzene (Anisole),298.15,0,0,4.33,6.12979984283,3.78240490407,inside_domain
Morgan,5,1,LFSAPCRASZRSKS-UHFFFAOYSA-N,2-Methylcyclohexanone,293.15,0,0,14,13.8745203018,15.7212749253,inside_domain
Morgan,5,1,VGVHNLRUAMRIEW-UHFFFAOYSA-N,4-Methylcyclohexanone,293.15,0,0,12.4,14.6297254562,18.1666231408,inside_domain
Morgan,5,1,NDVWOBYBJYUSMF-UHFFFAOYSA-N,2-Methylcyclohexanol,293.15,1,1,13.3,10.9113960266,5.23202446322,outside_associated_liquid
Morgan,5,1,LCZUOKDVTBMCMX-UHFFFAOYSA-N,"2,5-Dimethylpyrazine",293.15,0,0,2.436,8.92596340179,1.11662360242,inside_domain
Morgan,5,1,MVPPADPHJFYWMZ-UHFFFAOYSA-N,Chlorobenzene,298.15,0,0,5.621,7.04426717758,6.2681341664,inside_domain
Morgan,5,1,FOTXAJDDGPYIFU-UHFFFAOYSA-N,Ethylcyclopropane,293.15,0,0,1.933,6.84893226624,1.15468220207,inside_domain
Morgan,5,1,ZRKMQKLGEQPLNS-UHFFFAOYSA-N,1-Pentanethiol,298.15,1,1,4.55,5.84514045715,9.12891097269,outside_associated_liquid
Morgan,5,1,ZMANZCXQSJIPKH-UHFFFAOYSA-N,Triethylamine,298.15,0,0,2.42,6.73107528687,1.58318603892,inside_domain
Morgan,5,1,OSOUNOBYRMOXQQ-UHFFFAOYSA-N,m-Chlorotoluene,293.15,0,0,5.55,6.49536371231,8.19037794732,inside_domain
Physical,5,1,CBTVGIZVANVGBH-UHFFFAOYSA-N,2-amino-2-methylpropan-1-ol,303.15,2,2,20.59,57.6151428223,3.826071455,outside_associated_liquid
Physical,5,1,CGZZMOTZOONQIA-UHFFFAOYSA-N,cycloheptanone,298.15,0,0,12.92,11.0969800949,15.0978362101,inside_domain
Physical,5,1,CRVGTESFCCXCTH-UHFFFAOYSA-N,N-methyldiethanolamine,300.65,2,2,22.12,20.7839565277,10.6262172267,outside_associated_liquid
Physical,5,1,DNIAPMSPPWPWGF-UHFFFAOYSA-N,"1,2-propanediol",303.15,2,2,27.87,40.7567596436,15.9608369814,outside_associated_liquid
Physical,5,1,DURPTKYDGMDSBL-UHFFFAOYSA-N,dibutyl ether,298.15,0,0,3.106,5.3012509346,2.81657790905,inside_domain
Physical,5,1,FRZPYEHDSAQGAS-UHFFFAOYSA-M,1-butyl-3-methylimidazolium trifluoromethanesulfonate,298.15,0,0,12.9,22.8604335785,53.1539772418,inside_domain
Physical,5,1,FYIRUPZTYPILDH-UHFFFAOYSA-N,"1,1,1,2,3,3-hexafluoropropane",302.85,0,0,5.3105,1,14.0370858022,inside_domain
Physical,5,1,HZAXFHJVJLSVMW-UHFFFAOYSA-N,2-aminoethan-1-ol,303.15,2,2,31.46,52.3670883179,25.2714322229,outside_associated_liquid
Physical,5,1,IAZDPXIOMUYVGZ-UHFFFAOYSA-N,dimethyl sulfoxide,298,0,0,46.05,31.9376792908,39.3405912447,inside_domain
Physical,5,1,IIRFCWANHMSDCG-UHFFFAOYSA-N,cyclooctanone,300.65,0,0,14.38,9.45161151886,13.5668987419,inside_domain
Physical,5,1,LVTYICIALWPMFW-UHFFFAOYSA-N,N-(2-hydroxypropyl)-2-hydroxy-1-propanamine,303.15,3,3,13.87,31.3567428589,21.6555806344,outside_associated_liquid
Physical,5,1,MTHSVFCYNBDYFN-UHFFFAOYSA-N,diethylene glycol,298.15,2,2,30.95,17.0963535309,11.7806957518,outside_associated_liquid
Physical,5,1,PEDCQBHIVMGVHV-UHFFFAOYSA-N,glycerol,303.15,3,3,41.17,25.6010627747,13.4501001088,outside_associated_liquid
Physical,5,1,SBZXBUIDTXKZTM-UHFFFAOYSA-N,"2,5,8-trioxanonane",298.15,0,0,7.3815,7.59383249283,14.0264717054,inside_domain
Physical,5,1,STCBHSHARMAIOM-UHFFFAOYSA-N,1-methylimidazolium chloride,298.15,0,0,13.8,19.8313064575,31.9681461493,inside_domain
Physical,5,1,UCCKRVYTJPMHRO-UHFFFAOYSA-N,"1-butyl-2,3-dimethyl-1H-imidazolium bis(trifluoromethylsulfonyl)amide",298.15,0,0,14,25.952796936,11.4813553141,inside_domain
Physical,5,1,UPCXAARSWVHVLY-UHFFFAOYSA-N,triethanolammonium acetate,298.15,4,4,31,44.8527069092,11.4536548979,outside_associated_liquid
Physical,5,1,WZLFPVPRZGTCKP-UHFFFAOYSA-N,"1,1,1,3,3-pentafluorobutane",298.115,0,0,11.8861,2.96470713615,6.83236100939,inside_domain
Physical,5,1,XDJYSDBSJWNTQT-UHFFFAOYSA-N,"1-ethyl-2,3-dimethylimidazolium bis[(trifluoromethyl)sulfonyl]imide",298.15,0,0,12.8,25.2130241394,44.2192801694,inside_domain
Physical,5,1,XDTMQSROBMDMFD-UHFFFAOYSA-N,cyclohexane,298.15,0,0,2.02,2.61376667023,1.10684113993,inside_domain
Physical,5,1,YEJRWHAVMIAJKC-UHFFFAOYSA-N,.gamma.-butyrolactone,295.65,0,0,41.99,30.2948951721,50.6116986269,inside_domain
Physical,5,1,YXFVVABEGXRONW-UHFFFAOYSA-N,toluene,297.385,0,0,2.40445,2.12144684792,1.46990395237,inside_domain
Physical,5,1,ZSIAUFGUXNUGDI-UHFFFAOYSA-N,hexan-1-ol,298.15,1,1,14.26,13.2083072662,5.23133673613,outside_associated_liquid
Physical,5,1,ZUHZGEOKBKGPSW-UHFFFAOYSA-N,"2,5,8,11,14-pentaoxapentadecane",298.15,0,0,7.798,11.508398056,10.2230813729,inside_domain
Physical,5,1,GJRQTCIYDGXPES-UHFFFAOYSA-N,Isobutyl acetate,293.15,0,0,5.29,6.23318910599,8.50004501778,inside_domain
Physical,5,1,DTQVDTLACAAQTR-UHFFFAOYSA-N,Trifluoroacetic acid,293.15,1,1,39.5,19.1451797485,28.7487569677,outside_associated_liquid
Physical,5,1,YPFDHNVEDLHUCE-UHFFFAOYSA-N,"1,3-Propanediol",293.15,2,2,35,21.64884758,1.44673551362,outside_associated_liquid
Physical,5,1,YNAVUWVOSKDBBP-UHFFFAOYSA-N,Morpholine,298.15,1,1,7.33,14.9191293716,5.3942637877,outside_associated_liquid
Physical,5,1,NQPDZGIKBAWPEJ-UHFFFAOYSA-N,Valeric acid,293.15,1,1,2.66,10.557472229,5.73031614295,outside_associated_liquid
Physical,5,1,POLCUAVZOMRGSN-UHFFFAOYSA-N,Propyl ether,299.15,0,0,3.39,5.71312761307,3.4892418063,inside_domain
Physical,5,1,ZAFNJMIOTHYJRJ-UHFFFAOYSA-N,Isopropyl ether,298.15,0,0,3.88,5.67617416382,2.80531678598,inside_domain
Physical,5,1,RDOXTESZEPMUJZ-UHFFFAOYSA-N,Methoxybenzene (Anisole),298.15,0,0,4.33,6.03308820724,3.78240490407,inside_domain
Physical,5,1,LFSAPCRASZRSKS-UHFFFAOYSA-N,2-Methylcyclohexanone,293.15,0,0,14,10.7738866806,15.7212749253,inside_domain
Physical,5,1,VGVHNLRUAMRIEW-UHFFFAOYSA-N,4-Methylcyclohexanone,293.15,0,0,12.4,12.4959363937,18.1666231408,inside_domain
Physical,5,1,NDVWOBYBJYUSMF-UHFFFAOYSA-N,2-Methylcyclohexanol,293.15,1,1,13.3,11.0823392868,5.23202446322,outside_associated_liquid
Physical,5,1,LCZUOKDVTBMCMX-UHFFFAOYSA-N,"2,5-Dimethylpyrazine",293.15,0,0,2.436,5.64031934738,1.11662360242,inside_domain
Physical,5,1,MVPPADPHJFYWMZ-UHFFFAOYSA-N,Chlorobenzene,298.15,0,0,5.621,4.46985435486,6.2681341664,inside_domain
Physical,5,1,FOTXAJDDGPYIFU-UHFFFAOYSA-N,Ethylcyclopropane,293.15,0,0,1.933,3.94756436348,1.15468220207,inside_domain
Physical,5,1,ZRKMQKLGEQPLNS-UHFFFAOYSA-N,1-Pentanethiol,298.15,1,1,4.55,6.90046358109,9.12891097269,outside_associated_liquid
Physical,5,1,ZMANZCXQSJIPKH-UHFFFAOYSA-N,Triethylamine,298.15,0,0,2.42,1.69125103951,1.58318603892,inside_domain
Physical,5,1,OSOUNOBYRMOXQQ-UHFFFAOYSA-N,m-Chlorotoluene,293.15,0,0,5.55,4.1467590332,8.19037794732,inside_domain
Morgan+Physical,5,1,CBTVGIZVANVGBH-UHFFFAOYSA-N,2-amino-2-methylpropan-1-ol,303.15,2,2,20.59,37.5352935791,3.826071455,outside_associated_liquid
Morgan+Physical,5,1,CGZZMOTZOONQIA-UHFFFAOYSA-N,cycloheptanone,298.15,0,0,12.92,13.1378040314,15.0978362101,inside_domain
Morgan+Physical,5,1,CRVGTESFCCXCTH-UHFFFAOYSA-N,N-methyldiethanolamine,300.65,2,2,22.12,21.0296401978,10.6262172267,outside_associated_liquid
Morgan+Physical,5,1,DNIAPMSPPWPWGF-UHFFFAOYSA-N,"1,2-propanediol",303.15,2,2,27.87,33.2044067383,15.9608369814,outside_associated_liquid
Morgan+Physical,5,1,DURPTKYDGMDSBL-UHFFFAOYSA-N,dibutyl ether,298.15,0,0,3.106,4.95466423035,2.81657790905,inside_domain
Morgan+Physical,5,1,FRZPYEHDSAQGAS-UHFFFAOYSA-M,1-butyl-3-methylimidazolium trifluoromethanesulfonate,298.15,0,0,12.9,22.9080715179,53.1539772418,inside_domain
Morgan+Physical,5,1,FYIRUPZTYPILDH-UHFFFAOYSA-N,"1,1,1,2,3,3-hexafluoropropane",302.85,0,0,5.3105,4.21608924866,14.0370858022,inside_domain
Morgan+Physical,5,1,HZAXFHJVJLSVMW-UHFFFAOYSA-N,2-aminoethan-1-ol,303.15,2,2,31.46,41.3084259033,25.2714322229,outside_associated_liquid
Morgan+Physical,5,1,IAZDPXIOMUYVGZ-UHFFFAOYSA-N,dimethyl sulfoxide,298,0,0,46.05,22.702375412,39.3405912447,inside_domain
Morgan+Physical,5,1,IIRFCWANHMSDCG-UHFFFAOYSA-N,cyclooctanone,300.65,0,0,14.38,12.3151197433,13.5668987419,inside_domain
Morgan+Physical,5,1,LVTYICIALWPMFW-UHFFFAOYSA-N,N-(2-hydroxypropyl)-2-hydroxy-1-propanamine,303.15,3,3,13.87,24.6087303162,21.6555806344,outside_associated_liquid
Morgan+Physical,5,1,MTHSVFCYNBDYFN-UHFFFAOYSA-N,diethylene glycol,298.15,2,2,30.95,18.6556777954,11.7806957518,outside_associated_liquid
Morgan+Physical,5,1,PEDCQBHIVMGVHV-UHFFFAOYSA-N,glycerol,303.15,3,3,41.17,31.4955806732,13.4501001088,outside_associated_liquid
Morgan+Physical,5,1,SBZXBUIDTXKZTM-UHFFFAOYSA-N,"2,5,8-trioxanonane",298.15,0,0,7.3815,7.48637533188,14.0264717054,inside_domain
Morgan+Physical,5,1,STCBHSHARMAIOM-UHFFFAOYSA-N,1-methylimidazolium chloride,298.15,0,0,13.8,19.5870494843,31.9681461493,inside_domain
Morgan+Physical,5,1,UCCKRVYTJPMHRO-UHFFFAOYSA-N,"1-butyl-2,3-dimethyl-1H-imidazolium bis(trifluoromethylsulfonyl)amide",298.15,0,0,14,20.4979915619,11.4813553141,inside_domain
Morgan+Physical,5,1,UPCXAARSWVHVLY-UHFFFAOYSA-N,triethanolammonium acetate,298.15,4,4,31,45.5353240967,11.4536548979,outside_associated_liquid
Morgan+Physical,5,1,WZLFPVPRZGTCKP-UHFFFAOYSA-N,"1,1,1,3,3-pentafluorobutane",298.115,0,0,11.8861,5.84357595444,6.83236100939,inside_domain
Morgan+Physical,5,1,XDJYSDBSJWNTQT-UHFFFAOYSA-N,"1-ethyl-2,3-dimethylimidazolium bis[(trifluoromethyl)sulfonyl]imide",298.15,0,0,12.8,20.3388156891,44.2192801694,inside_domain
Morgan+Physical,5,1,XDTMQSROBMDMFD-UHFFFAOYSA-N,cyclohexane,298.15,0,0,2.02,6.0521197319,1.10684113993,inside_domain
Morgan+Physical,5,1,YEJRWHAVMIAJKC-UHFFFAOYSA-N,.gamma.-butyrolactone,295.65,0,0,41.99,23.8427696228,50.6116986269,inside_domain
Morgan+Physical,5,1,YXFVVABEGXRONW-UHFFFAOYSA-N,toluene,297.385,0,0,2.40445,4.52601480484,1.46990395237,inside_domain
Morgan+Physical,5,1,ZSIAUFGUXNUGDI-UHFFFAOYSA-N,hexan-1-ol,298.15,1,1,14.26,13.9704265594,5.23133673613,outside_associated_liquid
Morgan+Physical,5,1,ZUHZGEOKBKGPSW-UHFFFAOYSA-N,"2,5,8,11,14-pentaoxapentadecane",298.15,0,0,7.798,9.44365787506,10.2230813729,inside_domain
Morgan+Physical,5,1,GJRQTCIYDGXPES-UHFFFAOYSA-N,Isobutyl acetate,293.15,0,0,5.29,8.58085823059,8.50004501778,inside_domain
Morgan+Physical,5,1,DTQVDTLACAAQTR-UHFFFAOYSA-N,Trifluoroacetic acid,293.15,1,1,39.5,19.7295970917,28.7487569677,outside_associated_liquid
Morgan+Physical,5,1,YPFDHNVEDLHUCE-UHFFFAOYSA-N,"1,3-Propanediol",293.15,2,2,35,22.0100593567,1.44673551362,outside_associated_liquid
Morgan+Physical,5,1,YNAVUWVOSKDBBP-UHFFFAOYSA-N,Morpholine,298.15,1,1,7.33,12.5226840973,5.3942637877,outside_associated_liquid
Morgan+Physical,5,1,NQPDZGIKBAWPEJ-UHFFFAOYSA-N,Valeric acid,293.15,1,1,2.66,11.7863445282,5.73031614295,outside_associated_liquid
Morgan+Physical,5,1,POLCUAVZOMRGSN-UHFFFAOYSA-N,Propyl ether,299.15,0,0,3.39,5.32277774811,3.4892418063,inside_domain
Morgan+Physical,5,1,ZAFNJMIOTHYJRJ-UHFFFAOYSA-N,Isopropyl ether,298.15,0,0,3.88,6.59665870667,2.80531678598,inside_domain
Morgan+Physical,5,1,RDOXTESZEPMUJZ-UHFFFAOYSA-N,Methoxybenzene (Anisole),298.15,0,0,4.33,6.08144378662,3.78240490407,inside_domain
Morgan+Physical,5,1,LFSAPCRASZRSKS-UHFFFAOYSA-N,2-Methylcyclohexanone,293.15,0,0,14,12.3242034912,15.7212749253,inside_domain
Morgan+Physical,5,1,VGVHNLRUAMRIEW-UHFFFAOYSA-N,4-Methylcyclohexanone,293.15,0,0,12.4,13.562830925,18.1666231408,inside_domain
Morgan+Physical,5,1,NDVWOBYBJYUSMF-UHFFFAOYSA-N,2-Methylcyclohexanol,293.15,1,1,13.3,10.9968681335,5.23202446322,outside_associated_liquid
Morgan+Physical,5,1,LCZUOKDVTBMCMX-UHFFFAOYSA-N,"2,5-Dimethylpyrazine",293.15,0,0,2.436,7.28314113617,1.11662360242,inside_domain
Morgan+Physical,5,1,MVPPADPHJFYWMZ-UHFFFAOYSA-N,Chlorobenzene,298.15,0,0,5.621,5.75706100464,6.2681341664,inside_domain
Morgan+Physical,5,1,FOTXAJDDGPYIFU-UHFFFAOYSA-N,Ethylcyclopropane,293.15,0,0,1.933,5.39824819565,1.15468220207,inside_domain
Morgan+Physical,5,1,ZRKMQKLGEQPLNS-UHFFFAOYSA-N,1-Pentanethiol,298.15,1,1,4.55,6.3728017807,9.12891097269,outside_associated_liquid
Morgan+Physical,5,1,ZMANZCXQSJIPKH-UHFFFAOYSA-N,Triethylamine,298.15,0,0,2.42,4.21116304398,1.58318603892,inside_domain
Morgan+Physical,5,1,OSOUNOBYRMOXQQ-UHFFFAOYSA-N,m-Chlorotoluene,293.15,0,0,5.55,5.32106113434,8.19037794732,inside_domain
Morgan,5,2,ALYCOCULEAWWJO-UHFFFAOYSA-N,triethylpentylammonium bis(trifluoromethylsulfonyl)imide,298.15,0,0,12.5,11.1365795135,6.67840629363,inside_domain
Morgan,5,2,BGTOWKSIORTVQH-UHFFFAOYSA-N,cyclopentanone,298.15,0,0,13.505,19.0919342041,20.9054049662,inside_domain
Morgan,5,2,BMRWNKZVCUKKSR-UHFFFAOYSA-N,"1,2-butanediol",298.2,2,2,22.143,25.3039855957,13.5953058324,outside_associated_liquid
Morgan,5,2,DKGAVHZHDRPRBM-UHFFFAOYSA-N,2-methylpropan-2-ol,298.15,1,1,12.49,9.70572090149,6.90436439321,outside_associated_liquid
Morgan,5,2,GSEJCLTVZPLZKY-UHFFFAOYSA-N,triethanolamine,303.15,3,3,28.11,32.8441200256,8.50333947546,outside_associated_liquid
Morgan,5,2,HPXRVTGHNJAIIH-UHFFFAOYSA-N,cyclohexanol,298.15,1,1,15.71,13.6229629517,6.99300079031,outside_associated_liquid
Morgan,5,2,JHIVVAPYMSGYDF-UHFFFAOYSA-N,cyclohexanone,298.15,0,0,15.79,17.8146095276,19.6553000971,inside_domain
Morgan,5,2,JIGUQPWFLRLWPJ-UHFFFAOYSA-N,ethyl propenoate,298.15,0,0,6.209,7.13428735733,13.7902225059,inside_domain
Morgan,5,2,OHLUUHNLEMFGTQ-UHFFFAOYSA-N,N-methylacetamide,303.15,1,1,178.47,9.4560918808,5.9744908461,outside_associated_liquid
Morgan,5,2,OIFBSDVPJOWBCH-UHFFFAOYSA-N,diethyl carbonate,298.15,0,0,2.834,8.33067703247,1.35579310568,inside_domain
Morgan,5,2,OKKJLVBELUTLKV-UHFFFAOYSA-N,methanol,298.15,1,1,33.6,8.53545093536,16.5823957018,outside_associated_liquid
Morgan,5,2,OOKUTCYPKPJYFV-UHFFFAOYSA-N,1-methylimidazolium bromide,298.15,0,0,16.6,23.8944988251,28.8470050896,inside_domain
Morgan,5,2,QRCRANRUHQKZME-UHFFFAOYSA-N,"3-butyl-1,2,4,5-tetramethyl-1H-imidazol-3-ium tetrafluoroborate",298.15,0,0,12,7.33835315704,90.2035313888,inside_domain
Morgan,5,2,RJQQOKKINHMXIM-UHFFFAOYSA-N,triethanolamine lactate,298.15,5,5,59.7,61.5139083862,27.2818406975,outside_associated_liquid
Morgan,5,2,SIXHYMZEOJSYQH-UHFFFAOYSA-M,1-butyl-3-methylimidazolium thiocyanate,298.15,0,0,13.7,28.5265350342,27.3242655698,inside_domain
Morgan,5,2,UWHCKJMYHZGTIT-UHFFFAOYSA-N,tetraethylene glycol,298.15,2,2,19.91,26.6615180969,16.8875268244,outside_associated_liquid
Morgan,5,2,VFTFKUDGYRBSAL-UHFFFAOYSA-N,"1,4,7,10,13-pentaoxacyclopentadecane",298.15,0,0,15.48,11.2903938293,14.8444868881,inside_domain
Morgan,5,2,VVLAIYIMMFWRFW-UHFFFAOYSA-N,2-hydroxyethylammonium acetate,298.15,3,3,58.3,41.8294219971,4.76933191054,outside_associated_liquid
Morgan,5,2,XTHFKEDIFFGKHM-UHFFFAOYSA-N,"1,2-dimethoxyethane",298.15,0,0,7.0695,6.25378465652,5.4993455063,inside_domain
Morgan,5,2,YIWUKEYIRIRTPP-UHFFFAOYSA-N,2-ethyl-1-hexanol,298.2,1,1,7.353,14.2173290253,5.01442556827,outside_associated_liquid
Morgan,5,2,ZIBGPFATKBEMQZ-UHFFFAOYSA-N,triethylene glycol,298.15,2,2,23.07,26.6615180969,12.1409402443,outside_associated_liquid
Morgan,5,2,ZPTRYWVRCNOTAS-UHFFFAOYSA-M,1-ethyl-3-methylimidazolium trifluoromethanesulfonate,298.15,0,0,16.5,23.86860466,17.4010984828,inside_domain
Morgan,5,2,SQYNKIJPMDEDEG-UHFFFAOYSA-N,Paraldehyde,298.15,0,0,13.9,6.97204208374,1.56759076609,inside_domain
Morgan,5,2,GWYFCOCPABKNJV-UHFFFAOYSA-N,Isovaleric acid,293.15,1,1,2.64,17.1283340454,5.90016995209,outside_associated_liquid
Morgan,5,2,ISPYQTSUDJAMAB-UHFFFAOYSA-N,o-Chlorophenol,298.15,1,1,6.31,11.3326683044,2.71741653544,outside_associated_liquid
Morgan,5,2,QJPJQTDYNZXKQF-UHFFFAOYSA-N,p-Bromoanisole,303.15,0,0,7.06,4.90543699265,27.3339480411,inside_domain
Morgan,5,2,LCGLNKUTAGEVQW-UHFFFAOYSA-N,Methyl ether,298.15,0,0,5.02,6.0316028595,8.12045219138,inside_domain
Morgan,5,2,FVSKHRXBFJPNKK-UHFFFAOYSA-N,Propionitrile,293.15,0,0,27.2,26.296754837,38.9694829474,inside_domain
Morgan,5,2,XCIXKGXIYUWCLL-UHFFFAOYSA-N,Cyclopentanol,293.15,1,1,18,14.9002866745,6.20107699779,outside_associated_liquid
Morgan,5,2,RLSSMJSEOOYNOY-UHFFFAOYSA-N,m-Cresol,298.15,1,1,11.8,7.40927839279,6.72405719621,outside_associated_liquid
Morgan,5,2,UJBOOUHRTQVGRU-UHFFFAOYSA-N,3-Methylcyclohexanone,293.15,0,0,12.4,14.5308589935,17.8915575672,inside_domain
Morgan,5,2,QWTDNUCVQCZILF-UHFFFAOYSA-N,2-Methylbutane,293.15,0,0,1.843,5.21665287018,1.10396118598,inside_domain
Morgan,5,2,HGCIXCUEYOPUTN-UHFFFAOYSA-N,Cyclohexene,298.15,0,0,2.22,8.75856590271,1.24380093714,inside_domain
Morgan,5,2,VLKZOEOYAKHREP-UHFFFAOYSA-N,n-Hexane,293.15,0,0,1.89,4.85389232635,1.10385792273,inside_domain
Morgan,5,2,RWNKSTSCBHKHTB-UHFFFAOYSA-N,"Hexachloro-1,3-butadiene",298.15,0,0,2.55,24.7268695831,1.1593863388,inside_domain
Morgan,5,2,CYTYCFOTNPOANT-UHFFFAOYSA-N,Tetrachloroethylene,298.15,0,0,2.3,17.1462364197,1.12045182946,inside_domain
Morgan,5,2,GETTZEONDQJALK-UHFFFAOYSA-N,"alpha,alpha,alpha-Trifluorotoluene",303.15,0,0,9.18,6.61298894882,23.2671758909,inside_domain
Morgan,5,2,KFUSEUYYWQURPO-OWOJBTEDSA-N,"trans-1,2-Dichloroethylene",298.15,0,0,2.14,10.6839599609,1.11523574299,inside_domain
Morgan,5,2,JSRLURSZEMLAFO-UHFFFAOYSA-N,m-Dibromobenzene,293.15,0,0,4.8,6.69795084,15.1734627111,inside_domain
Morgan,5,2,GETQZCLCWQTVFV-UHFFFAOYSA-N,Trimethylamine,298.15,0,0,2.44,17.7367153168,2.6946634545,inside_domain
Morgan,5,2,HLLCNVLEVVFTJB-UHFFFAOYSA-N,2-Fluoro-2-methylbutane,293.15,0,0,5.89,5.21665287018,9.61421135256,inside_domain
Physical,5,2,ALYCOCULEAWWJO-UHFFFAOYSA-N,triethylpentylammonium bis(trifluoromethylsulfonyl)imide,298.15,0,0,12.5,7.80224514008,6.67840629363,inside_domain
Physical,5,2,BGTOWKSIORTVQH-UHFFFAOYSA-N,cyclopentanone,298.15,0,0,13.505,13.93176651,20.9054049662,inside_domain
Physical,5,2,BMRWNKZVCUKKSR-UHFFFAOYSA-N,"1,2-butanediol",298.2,2,2,22.143,24.5095100403,13.5953058324,outside_associated_liquid
Physical,5,2,DKGAVHZHDRPRBM-UHFFFAOYSA-N,2-methylpropan-2-ol,298.15,1,1,12.49,13.6141214371,6.90436439321,outside_associated_liquid
Physical,5,2,GSEJCLTVZPLZKY-UHFFFAOYSA-N,triethanolamine,303.15,3,3,28.11,22.4367961884,8.50333947546,outside_associated_liquid
Physical,5,2,HPXRVTGHNJAIIH-UHFFFAOYSA-N,cyclohexanol,298.15,1,1,15.71,12.1394443512,6.99300079031,outside_associated_liquid
Physical,5,2,JHIVVAPYMSGYDF-UHFFFAOYSA-N,cyclohexanone,298.15,0,0,15.79,13.6953134537,19.6553000971,inside_domain
Physical,5,2,JIGUQPWFLRLWPJ-UHFFFAOYSA-N,ethyl propenoate,298.15,0,0,6.209,12.0431919098,13.7902225059,inside_domain
Physical,5,2,OHLUUHNLEMFGTQ-UHFFFAOYSA-N,N-methylacetamide,303.15,1,1,178.47,14.203461647,5.9744908461,outside_associated_liquid
Physical,5,2,OIFBSDVPJOWBCH-UHFFFAOYSA-N,diethyl carbonate,298.15,0,0,2.834,6.00037956238,1.35579310568,inside_domain
Physical,5,2,OKKJLVBELUTLKV-UHFFFAOYSA-N,methanol,298.15,1,1,33.6,71.7925643921,16.5823957018,outside_associated_liquid
Physical,5,2,OOKUTCYPKPJYFV-UHFFFAOYSA-N,1-methylimidazolium bromide,298.15,0,0,16.6,25.1997432709,28.8470050896,inside_domain
Physical,5,2,QRCRANRUHQKZME-UHFFFAOYSA-N,"3-butyl-1,2,4,5-tetramethyl-1H-imidazol-3-ium tetrafluoroborate",298.15,0,0,12,18.0792217255,90.2035313888,inside_domain
Physical,5,2,RJQQOKKINHMXIM-UHFFFAOYSA-N,triethanolamine lactate,298.15,5,5,59.7,73.523727417,27.2818406975,outside_associated_liquid
Physical,5,2,SIXHYMZEOJSYQH-UHFFFAOYSA-M,1-butyl-3-methylimidazolium thiocyanate,298.15,0,0,13.7,22.9809780121,27.3242655698,inside_domain
Physical,5,2,UWHCKJMYHZGTIT-UHFFFAOYSA-N,tetraethylene glycol,298.15,2,2,19.91,24.74193573,16.8875268244,outside_associated_liquid
Physical,5,2,VFTFKUDGYRBSAL-UHFFFAOYSA-N,"1,4,7,10,13-pentaoxacyclopentadecane",298.15,0,0,15.48,11.627122879,14.8444868881,inside_domain
Physical,5,2,VVLAIYIMMFWRFW-UHFFFAOYSA-N,2-hydroxyethylammonium acetate,298.15,3,3,58.3,44.5747566223,4.76933191054,outside_associated_liquid
Physical,5,2,XTHFKEDIFFGKHM-UHFFFAOYSA-N,"1,2-dimethoxyethane",298.15,0,0,7.0695,9.14790439606,5.4993455063,inside_domain
Physical,5,2,YIWUKEYIRIRTPP-UHFFFAOYSA-N,2-ethyl-1-hexanol,298.2,1,1,7.353,10.242313385,5.01442556827,outside_associated_liquid
Physical,5,2,ZIBGPFATKBEMQZ-UHFFFAOYSA-N,triethylene glycol,298.15,2,2,23.07,22.2959213257,12.1409402443,outside_associated_liquid
Physical,5,2,ZPTRYWVRCNOTAS-UHFFFAOYSA-M,1-ethyl-3-methylimidazolium trifluoromethanesulfonate,298.15,0,0,16.5,18.3620910645,17.4010984828,inside_domain
Physical,5,2,SQYNKIJPMDEDEG-UHFFFAOYSA-N,Paraldehyde,298.15,0,0,13.9,6.03643226624,1.56759076609,inside_domain
Physical,5,2,GWYFCOCPABKNJV-UHFFFAOYSA-N,Isovaleric acid,293.15,1,1,2.64,8.74068164825,5.90016995209,outside_associated_liquid
Physical,5,2,ISPYQTSUDJAMAB-UHFFFAOYSA-N,o-Chlorophenol,298.15,1,1,6.31,9.8511133194,2.71741653544,outside_associated_liquid
Physical,5,2,QJPJQTDYNZXKQF-UHFFFAOYSA-N,p-Bromoanisole,303.15,0,0,7.06,17.8561019897,27.3339480411,inside_domain
Physical,5,2,LCGLNKUTAGEVQW-UHFFFAOYSA-N,Methyl ether,298.15,0,0,5.02,10.6517353058,8.12045219138,inside_domain
Physical,5,2,FVSKHRXBFJPNKK-UHFFFAOYSA-N,Propionitrile,293.15,0,0,27.2,31.8477668762,38.9694829474,inside_domain
Physical,5,2,XCIXKGXIYUWCLL-UHFFFAOYSA-N,Cyclopentanol,293.15,1,1,18,11.5566062927,6.20107699779,outside_associated_liquid
Physical,5,2,RLSSMJSEOOYNOY-UHFFFAOYSA-N,m-Cresol,298.15,1,1,11.8,10.8406829834,6.72405719621,outside_associated_liquid
Physical,5,2,UJBOOUHRTQVGRU-UHFFFAOYSA-N,3-Methylcyclohexanone,293.15,0,0,12.4,13.8980770111,17.8915575672,inside_domain
Physical,5,2,QWTDNUCVQCZILF-UHFFFAOYSA-N,2-Methylbutane,293.15,0,0,1.843,2.35661554337,1.10396118598,inside_domain
Physical,5,2,HGCIXCUEYOPUTN-UHFFFAOYSA-N,Cyclohexene,298.15,0,0,2.22,2.2575097084,1.24380093714,inside_domain
Physical,5,2,VLKZOEOYAKHREP-UHFFFAOYSA-N,n-Hexane,293.15,0,0,1.89,2.27677845955,1.10385792273,inside_domain
Physical,5,2,RWNKSTSCBHKHTB-UHFFFAOYSA-N,"Hexachloro-1,3-butadiene",298.15,0,0,2.55,2.53913736343,1.1593863388,inside_domain
Physical,5,2,CYTYCFOTNPOANT-UHFFFAOYSA-N,Tetrachloroethylene,298.15,0,0,2.3,2.38829565048,1.12045182946,inside_domain
Physical,5,2,GETTZEONDQJALK-UHFFFAOYSA-N,"alpha,alpha,alpha-Trifluorotoluene",303.15,0,0,9.18,12.8872013092,23.2671758909,inside_domain
Physical,5,2,KFUSEUYYWQURPO-OWOJBTEDSA-N,"trans-1,2-Dichloroethylene",298.15,0,0,2.14,4.2188243866,1.11523574299,inside_domain
Physical,5,2,JSRLURSZEMLAFO-UHFFFAOYSA-N,m-Dibromobenzene,293.15,0,0,4.8,4.89991760254,15.1734627111,inside_domain
Physical,5,2,GETQZCLCWQTVFV-UHFFFAOYSA-N,Trimethylamine,298.15,0,0,2.44,4.33741760254,2.6946634545,inside_domain
Physical,5,2,HLLCNVLEVVFTJB-UHFFFAOYSA-N,2-Fluoro-2-methylbutane,293.15,0,0,5.89,5.98162460327,9.61421135256,inside_domain
Morgan+Physical,5,2,ALYCOCULEAWWJO-UHFFFAOYSA-N,triethylpentylammonium bis(trifluoromethylsulfonyl)imide,298.15,0,0,12.5,9.46941184998,6.67840629363,inside_domain
Morgan+Physical,5,2,BGTOWKSIORTVQH-UHFFFAOYSA-N,cyclopentanone,298.15,0,0,13.505,16.5118503571,20.9054049662,inside_domain
Morgan+Physical,5,2,BMRWNKZVCUKKSR-UHFFFAOYSA-N,"1,2-butanediol",298.2,2,2,22.143,24.906747818,13.5953058324,outside_associated_liquid
Morgan+Physical,5,2,DKGAVHZHDRPRBM-UHFFFAOYSA-N,2-methylpropan-2-ol,298.15,1,1,12.49,11.6599216461,6.90436439321,outside_associated_liquid
Morgan+Physical,5,2,GSEJCLTVZPLZKY-UHFFFAOYSA-N,triethanolamine,303.15,3,3,28.11,27.6404571533,8.50333947546,outside_associated_liquid
Morgan+Physical,5,2,HPXRVTGHNJAIIH-UHFFFAOYSA-N,cyclohexanol,298.15,1,1,15.71,12.8812036514,6.99300079031,outside_associated_liquid
Morgan+Physical,5,2,JHIVVAPYMSGYDF-UHFFFAOYSA-N,cyclohexanone,298.15,0,0,15.79,15.7549610138,19.6553000971,inside_domain
Morgan+Physical,5,2,JIGUQPWFLRLWPJ-UHFFFAOYSA-N,ethyl propenoate,298.15,0,0,6.209,9.58873939514,13.7902225059,inside_domain
Morgan+Physical,5,2,OHLUUHNLEMFGTQ-UHFFFAOYSA-N,N-methylacetamide,303.15,1,1,178.47,11.8297767639,5.9744908461,outside_associated_liquid
Morgan+Physical,5,2,OIFBSDVPJOWBCH-UHFFFAOYSA-N,diethyl carbonate,298.15,0,0,2.834,7.16552829742,1.35579310568,inside_domain
Morgan+Physical,5,2,OKKJLVBELUTLKV-UHFFFAOYSA-N,methanol,298.15,1,1,33.6,40.1640090942,16.5823957018,outside_associated_liquid
Morgan+Physical,5,2,OOKUTCYPKPJYFV-UHFFFAOYSA-N,1-methylimidazolium bromide,298.15,0,0,16.6,24.547121048,28.8470050896,inside_domain
Morgan+Physical,5,2,QRCRANRUHQKZME-UHFFFAOYSA-N,"3-butyl-1,2,4,5-tetramethyl-1H-imidazol-3-ium tetrafluoroborate",298.15,0,0,12,12.7087879181,90.2035313888,inside_domain
Morgan+Physical,5,2,RJQQOKKINHMXIM-UHFFFAOYSA-N,triethanolamine lactate,298.15,5,5,59.7,67.5188140869,27.2818406975,outside_associated_liquid
Morgan+Physical,5,2,SIXHYMZEOJSYQH-UHFFFAOYSA-M,1-butyl-3-methylimidazolium thiocyanate,298.15,0,0,13.7,25.7537574768,27.3242655698,inside_domain
Morgan+Physical,5,2,UWHCKJMYHZGTIT-UHFFFAOYSA-N,tetraethylene glycol,298.15,2,2,19.91,25.7017269135,16.8875268244,outside_associated_liquid
Morgan+Physical,5,2,VFTFKUDGYRBSAL-UHFFFAOYSA-N,"1,4,7,10,13-pentaoxacyclopentadecane",298.15,0,0,15.48,11.4587583542,14.8444868881,inside_domain
Morgan+Physical,5,2,VVLAIYIMMFWRFW-UHFFFAOYSA-N,2-hydroxyethylammonium acetate,298.15,3,3,58.3,43.2020874023,4.76933191054,outside_associated_liquid
Morgan+Physical,5,2,XTHFKEDIFFGKHM-UHFFFAOYSA-N,"1,2-dimethoxyethane",298.15,0,0,7.0695,7.70084476471,5.4993455063,inside_domain
Morgan+Physical,5,2,YIWUKEYIRIRTPP-UHFFFAOYSA-N,2-ethyl-1-hexanol,298.2,1,1,7.353,12.2298212051,5.01442556827,outside_associated_liquid
Morgan+Physical,5,2,ZIBGPFATKBEMQZ-UHFFFAOYSA-N,triethylene glycol,298.15,2,2,23.07,24.4787197113,12.1409402443,outside_associated_liquid
Morgan+Physical,5,2,ZPTRYWVRCNOTAS-UHFFFAOYSA-M,1-ethyl-3-methylimidazolium trifluoromethanesulfonate,298.15,0,0,16.5,21.1153488159,17.4010984828,inside_domain
Morgan+Physical,5,2,SQYNKIJPMDEDEG-UHFFFAOYSA-N,Paraldehyde,298.15,0,0,13.9,6.50423717499,1.56759076609,inside_domain
Morgan+Physical,5,2,GWYFCOCPABKNJV-UHFFFAOYSA-N,Isovaleric acid,293.15,1,1,2.64,12.93450737,5.90016995209,outside_associated_liquid
Morgan+Physical,5,2,ISPYQTSUDJAMAB-UHFFFAOYSA-N,o-Chlorophenol,298.15,1,1,6.31,10.5918903351,2.71741653544,outside_associated_liquid
Morgan+Physical,5,2,QJPJQTDYNZXKQF-UHFFFAOYSA-N,p-Bromoanisole,303.15,0,0,7.06,11.3807697296,27.3339480411,inside_domain
Morgan+Physical,5,2,LCGLNKUTAGEVQW-UHFFFAOYSA-N,Methyl ether,298.15,0,0,5.02,8.34166908264,8.12045219138,inside_domain
Morgan+Physical,5,2,FVSKHRXBFJPNKK-UHFFFAOYSA-N,Propionitrile,293.15,0,0,27.2,29.0722618103,38.9694829474,inside_domain
Morgan+Physical,5,2,XCIXKGXIYUWCLL-UHFFFAOYSA-N,Cyclopentanol,293.15,1,1,18,13.2284469604,6.20107699779,outside_associated_liquid
Morgan+Physical,5,2,RLSSMJSEOOYNOY-UHFFFAOYSA-N,m-Cresol,298.15,1,1,11.8,9.12498092651,6.72405719621,outside_associated_liquid
Morgan+Physical,5,2,UJBOOUHRTQVGRU-UHFFFAOYSA-N,3-Methylcyclohexanone,293.15,0,0,12.4,14.2144680023,17.8915575672,inside_domain
Morgan+Physical,5,2,QWTDNUCVQCZILF-UHFFFAOYSA-N,2-Methylbutane,293.15,0,0,1.843,3.78663420677,1.10396118598,inside_domain
Morgan+Physical,5,2,HGCIXCUEYOPUTN-UHFFFAOYSA-N,Cyclohexene,298.15,0,0,2.22,5.50803756714,1.24380093714,inside_domain
Morgan+Physical,5,2,VLKZOEOYAKHREP-UHFFFAOYSA-N,n-Hexane,293.15,0,0,1.89,3.56533527374,1.10385792273,inside_domain
Morgan+Physical,5,2,RWNKSTSCBHKHTB-UHFFFAOYSA-N,"Hexachloro-1,3-butadiene",298.15,0,0,2.55,13.6330032349,1.1593863388,inside_domain
Morgan+Physical,5,2,CYTYCFOTNPOANT-UHFFFAOYSA-N,Tetrachloroethylene,298.15,0,0,2.3,9.7672662735,1.12045182946,inside_domain
Morgan+Physical,5,2,GETTZEONDQJALK-UHFFFAOYSA-N,"alpha,alpha,alpha-Trifluorotoluene",303.15,0,0,9.18,9.75009536743,23.2671758909,inside_domain
Morgan+Physical,5,2,KFUSEUYYWQURPO-OWOJBTEDSA-N,"trans-1,2-Dichloroethylene",298.15,0,0,2.14,7.45139217377,1.11523574299,inside_domain
Morgan+Physical,5,2,JSRLURSZEMLAFO-UHFFFAOYSA-N,m-Dibromobenzene,293.15,0,0,4.8,5.79893398285,15.1734627111,inside_domain
Morgan+Physical,5,2,GETQZCLCWQTVFV-UHFFFAOYSA-N,Trimethylamine,298.15,0,0,2.44,11.0370664597,2.6946634545,inside_domain
Morgan+Physical,5,2,HLLCNVLEVVFTJB-UHFFFAOYSA-N,2-Fluoro-2-methylbutane,293.15,0,0,5.89,5.59913873672,9.61421135256,inside_domain
Morgan,5,3,AFBPFSWMIHJQDM-UHFFFAOYSA-N,N-methylaniline,300.15,1,1,5.878,6.84189414978,7.11572078225,outside_associated_liquid
Morgan,5,3,BTGRAWJCKBQKAO-UHFFFAOYSA-N,hexanedinitrile,298.15,0,0,32.12,29.8426570892,46.5421430104,inside_domain
Morgan,5,3,FXHOOIRPVKKKFG-UHFFFAOYSA-N,"N,N-dimethylethanamide",303.15,0,0,37.72,14.4944219589,35.5309250609,inside_domain
Morgan,5,3,GRYUVYIMDGRRLN-UHFFFAOYSA-N,"1-butyl-2,3,4,5-tetramethylimidazolium bis(trifluoromethylsulfonyl)imide",298.15,0,0,15,11.817738533,18.8149235057,inside_domain
Morgan,5,3,HXJUTPCZVOIRIF-UHFFFAOYSA-N,sulfolane,298.15,0,0,44,14.6479320526,54.0253899274,inside_domain
Morgan,5,3,HZKDSQCZNUUQIF-UHFFFAOYSA-M,1-ethyl-3-methylimidazolium hydrogen sulfate,298.15,1,1,18.4,23.3351230621,15.1917971963,outside_associated_liquid
Morgan,5,3,IEJIGPNLZYLLBP-UHFFFAOYSA-N,dimethyl carbonate,298.15,0,0,3.134,13.1643800735,1.5899816096,inside_domain
Morgan,5,3,KBPLFHHGFOOTCA-UHFFFAOYSA-N,octan-1-ol,298.15,1,1,10.66,15.1363105774,4.22641786179,outside_associated_liquid
Morgan,5,3,LBHLGZNUPKUZJC-UHFFFAOYSA-N,1-butyl-1-methylpyrrolidinium dicyanamide,298.15,0,0,18,24.9800434113,116.153845674,inside_domain
Morgan,5,3,LFQSCWFLJHTTHZ-UHFFFAOYSA-N,ethanol,298.15,1,1,25.02,15.2843408585,9.55039595517,outside_associated_liquid
Morgan,5,3,LYCAIKOWRPUZTN-UHFFFAOYSA-N,"1,2-ethanediol",303.15,2,2,39.84,23.479719162,15.3073129364,outside_associated_liquid
Morgan,5,3,NEQXUPRFDXNNTA-UHFFFAOYSA-N,2-hydroxyethylammonium lactate,298.15,4,4,85.6,49.5656890869,5.97933023131,outside_associated_liquid
Morgan,5,3,RYHBNJHYFVUHQT-UHFFFAOYSA-N,"1,4-dioxane",298.2,0,0,2.228,15.0111560822,1.10125989107,inside_domain
Morgan,5,3,UODQEMVTULZGKO-UHFFFAOYSA-N,"1-pentyl-1-methylpyrrolidinium 1,1,1-trifluoro-N-[(trifluoromethyl)sulfonyl]methanesulfonamide",298.15,0,0,12.5,11.0446567535,24.4937811978,inside_domain
Morgan,5,3,VCAIYEJBOWHUGP-UHFFFAOYSA-N,"1-butyl-2,3-dimethylimidazolium tetrafluoroborate",298.15,0,0,13.3,5.90534925461,2.20117467965,inside_domain
Morgan,5,3,ZHNUHDYFZUAESO-UHFFFAOYSA-N,formamide,303.15,2,2,106.14,9.10190105438,1.63244107371,outside_associated_liquid
Morgan,5,3,ZMXDDKWLCZADIW-UHFFFAOYSA-N,dimethylformamide,302.73,0,0,36.55,12.2163515091,44.913135379,inside_domain
Morgan,5,3,SVONRAPFKPVNKG-UHFFFAOYSA-N,"beta-Ethoxyethyl acetate (""Cellosolve"" acetate)",303.15,0,0,7.57,7.24821996689,10.1866881025,inside_domain
Morgan,5,3,KXKVLQRXCPHEJC-UHFFFAOYSA-N,Methyl acetate,298.15,0,0,6.68,12.9070615768,11.7371732209,inside_domain
Morgan,5,3,DKPFZGUDAPQIHT-UHFFFAOYSA-N,Butyl acetate,293.15,0,0,5.01,6.88675498962,10.0231968887,inside_domain
Morgan,5,3,XNWFRZJHXBZDAG-UHFFFAOYSA-N,2-Methoxyethanol,303.15,1,1,16,19.1625175476,12.9838712423,outside_associated_liquid
Morgan,5,3,SWXVUIWOUIDPGS-UHFFFAOYSA-N,4-Hydroxy-4-methyl-2-pentanone (Diacetone alcohol),298.15,1,1,18.2,15.7136220932,16.6441767483,outside_associated_liquid
Morgan,5,3,XNLICIUVMPYHGG-UHFFFAOYSA-N,2-Pentanone,293.15,0,0,15.45,10.9864740372,17.6741821348,inside_domain
Morgan,5,3,FDPIMTJIUBPUKL-UHFFFAOYSA-N,3-Pentanone,293.15,0,0,17,11.6242446899,20.6156153797,inside_domain
Morgan,5,3,FERIUCNNQQJTOY-UHFFFAOYSA-N,Butyric acid,293.15,1,1,2.97,10.1125354767,7.21717286495,outside_associated_liquid
Morgan,5,3,WERYXYBDKMZEQL-UHFFFAOYSA-N,"1,4-Butanediol",303.15,2,2,30.2,23.479719162,11.955624374,outside_associated_liquid
Morgan,5,3,SVTBMSDMJJWYQN-UHFFFAOYSA-N,"2-Methyl-2,4-pentanediol",303.15,2,2,24.4,15.7753925323,19.5363125491,outside_associated_liquid
Morgan,5,3,NKKMVIVFRUYPLQ-NSCUHMNNSA-N,Crotononitrile (bp 108 C),293.15,0,0,36.1,28.0246524811,48.0153469112,inside_domain
Morgan,5,3,ZWEHNKRNPOVVGH-UHFFFAOYSA-N,2-Butanone,293.15,0,0,18.51,11.1791744232,22.1880711838,inside_domain
Morgan,5,3,WVDDGKGOMKODPV-UHFFFAOYSA-N,Benzyl alcohol,293.15,1,1,13.1,18.4831047058,5.77594569883,outside_associated_liquid
Morgan,5,3,HTSABYAWKQAHBT-UHFFFAOYSA-N,3-Methylcyclohexanol,293.15,1,1,12.3,9.31924819946,4.10543593176,outside_associated_liquid
Morgan,5,3,MQWCXKGKQLNYQG-UHFFFAOYSA-N,4-Methylcyclohexanol,293.15,1,1,13.3,9.31924819946,4.28546106184,outside_associated_liquid
Morgan,5,3,YWAKXRMUMFPDSH-UHFFFAOYSA-N,1-Pentene,293.15,0,0,2.1,3.43162798882,1.29861209178,inside_domain
Morgan,5,3,MHNNAWXXUZQSNM-UHFFFAOYSA-N,2-Methyl-1-butene,293.15,0,0,2.197,5.21933841705,1.69384086029,inside_domain
Morgan,5,3,GDOPTJXRTPNYNR-UHFFFAOYSA-N,Methylcyclopentane,293.15,0,0,1.985,7.96997690201,1.11100262715,inside_domain
Morgan,5,3,JRGGUPZKKTVKOV-UHFFFAOYSA-N,1-Bromo-3-chlorobenzene,293.15,0,0,4.58,7.21325349808,13.6465698801,inside_domain
Morgan,5,3,WQONPSCCEXUXTQ-UHFFFAOYSA-N,o-Dibromobenzene,293.15,0,0,7.35,7.47377920151,35.3981532236,inside_domain
Morgan,5,3,LJSQFQKUNVCTIA-UHFFFAOYSA-N,Ethyl sulfide,298.15,0,0,5.72,4.64179229736,10.37513043,inside_domain
Morgan,5,3,OEPRBXUJOQLYID-UHFFFAOYSA-N,1-Fluoropentane,293.15,0,0,4.24,8.23001384735,9.3663047404,inside_domain
Morgan,5,3,QARVLSVVCXYDNA-UHFFFAOYSA-N,Bromobenzene,298.15,0,0,5.4,7.47377920151,21.0611689365,inside_domain
Morgan,5,3,WRWPPGUCZBJXKX-UHFFFAOYSA-N,p-Fluorotoluene,303.15,0,0,5.86,6.84189414978,12.7592051561,inside_domain
Physical,5,3,AFBPFSWMIHJQDM-UHFFFAOYSA-N,N-methylaniline,300.15,1,1,5.878,10.7318191528,7.11572078225,outside_associated_liquid
Physical,5,3,BTGRAWJCKBQKAO-UHFFFAOYSA-N,hexanedinitrile,298.15,0,0,32.12,25.4430465698,46.5421430104,inside_domain
Physical,5,3,FXHOOIRPVKKKFG-UHFFFAOYSA-N,"N,N-dimethylethanamide",303.15,0,0,37.72,22.2912502289,35.5309250609,inside_domain
Physical,5,3,GRYUVYIMDGRRLN-UHFFFAOYSA-N,"1-butyl-2,3,4,5-tetramethylimidazolium bis(trifluoromethylsulfonyl)imide",298.15,0,0,15,15.9135541916,18.8149235057,inside_domain
Physical,5,3,HXJUTPCZVOIRIF-UHFFFAOYSA-N,sulfolane,298.15,0,0,44,20.4117145538,54.0253899274,inside_domain
Physical,5,3,HZKDSQCZNUUQIF-UHFFFAOYSA-M,1-ethyl-3-methylimidazolium hydrogen sulfate,298.15,1,1,18.4,30.0318546295,15.1917971963,outside_associated_liquid
Physical,5,3,IEJIGPNLZYLLBP-UHFFFAOYSA-N,dimethyl carbonate,298.15,0,0,3.134,38.8211555481,1.5899816096,inside_domain
Physical,5,3,KBPLFHHGFOOTCA-UHFFFAOYSA-N,octan-1-ol,298.15,1,1,10.66,9.1021604538,4.22641786179,outside_associated_liquid
Physical,5,3,LBHLGZNUPKUZJC-UHFFFAOYSA-N,1-butyl-1-methylpyrrolidinium dicyanamide,298.15,0,0,18,22.5593261719,116.153845674,inside_domain
Physical,5,3,LFQSCWFLJHTTHZ-UHFFFAOYSA-N,ethanol,298.15,1,1,25.02,18.446056366,9.55039595517,outside_associated_liquid
Physical,5,3,LYCAIKOWRPUZTN-UHFFFAOYSA-N,"1,2-ethanediol",303.15,2,2,39.84,41.7599983215,15.3073129364,outside_associated_liquid
Physical,5,3,NEQXUPRFDXNNTA-UHFFFAOYSA-N,2-hydroxyethylammonium lactate,298.15,4,4,85.6,40.6123771667,5.97933023131,outside_associated_liquid
Physical,5,3,RYHBNJHYFVUHQT-UHFFFAOYSA-N,"1,4-dioxane",298.2,0,0,2.228,10.0427722931,1.10125989107,inside_domain
Physical,5,3,UODQEMVTULZGKO-UHFFFAOYSA-N,"1-pentyl-1-methylpyrrolidinium 1,1,1-trifluoro-N-[(trifluoromethyl)sulfonyl]methanesulfonamide",298.15,0,0,12.5,15.9343729019,24.4937811978,inside_domain
Physical,5,3,VCAIYEJBOWHUGP-UHFFFAOYSA-N,"1-butyl-2,3-dimethylimidazolium tetrafluoroborate",298.15,0,0,13.3,1.89489209652,2.20117467965,inside_domain
Physical,5,3,ZHNUHDYFZUAESO-UHFFFAOYSA-N,formamide,303.15,2,2,106.14,46.8438606262,1.63244107371,outside_associated_liquid
Physical,5,3,ZMXDDKWLCZADIW-UHFFFAOYSA-N,dimethylformamide,302.73,0,0,36.55,76.9827346802,44.913135379,inside_domain
Physical,5,3,SVONRAPFKPVNKG-UHFFFAOYSA-N,"beta-Ethoxyethyl acetate (""Cellosolve"" acetate)",303.15,0,0,7.57,11.8778562546,10.1866881025,inside_domain
Physical,5,3,KXKVLQRXCPHEJC-UHFFFAOYSA-N,Methyl acetate,298.15,0,0,6.68,23.6417541504,11.7371732209,inside_domain
Physical,5,3,DKPFZGUDAPQIHT-UHFFFAOYSA-N,Butyl acetate,293.15,0,0,5.01,7.43867015839,10.0231968887,inside_domain
Physical,5,3,XNWFRZJHXBZDAG-UHFFFAOYSA-N,2-Methoxyethanol,303.15,1,1,16,42.2661857605,12.9838712423,outside_associated_liquid
Physical,5,3,SWXVUIWOUIDPGS-UHFFFAOYSA-N,4-Hydroxy-4-methyl-2-pentanone (Diacetone alcohol),298.15,1,1,18.2,18.7520217896,16.6441767483,outside_associated_liquid
Physical,5,3,XNLICIUVMPYHGG-UHFFFAOYSA-N,2-Pentanone,293.15,0,0,15.45,14.3823041916,17.6741821348,inside_domain
Physical,5,3,FDPIMTJIUBPUKL-UHFFFAOYSA-N,3-Pentanone,293.15,0,0,17,15.1651029587,20.6156153797,inside_domain
Physical,5,3,FERIUCNNQQJTOY-UHFFFAOYSA-N,Butyric acid,293.15,1,1,2.97,13.6493606567,7.21717286495,outside_associated_liquid
Physical,5,3,WERYXYBDKMZEQL-UHFFFAOYSA-N,"1,4-Butanediol",303.15,2,2,30.2,22.5780258179,11.955624374,outside_associated_liquid
Physical,5,3,SVTBMSDMJJWYQN-UHFFFAOYSA-N,"2-Methyl-2,4-pentanediol",303.15,2,2,24.4,16.4104042053,19.5363125491,outside_associated_liquid
Physical,5,3,NKKMVIVFRUYPLQ-NSCUHMNNSA-N,Crotononitrile (bp 108 C),293.15,0,0,36.1,50.3696365356,48.0153469112,inside_domain
Physical,5,3,ZWEHNKRNPOVVGH-UHFFFAOYSA-N,2-Butanone,293.15,0,0,18.51,23.3905467987,22.1880711838,inside_domain
Physical,5,3,WVDDGKGOMKODPV-UHFFFAOYSA-N,Benzyl alcohol,293.15,1,1,13.1,9.40965080261,5.77594569883,outside_associated_liquid
Physical,5,3,HTSABYAWKQAHBT-UHFFFAOYSA-N,3-Methylcyclohexanol,293.15,1,1,12.3,9.10161495209,4.10543593176,outside_associated_liquid
Physical,5,3,MQWCXKGKQLNYQG-UHFFFAOYSA-N,4-Methylcyclohexanol,293.15,1,1,13.3,9.76757144928,4.28546106184,outside_associated_liquid
Physical,5,3,YWAKXRMUMFPDSH-UHFFFAOYSA-N,1-Pentene,293.15,0,0,2.1,1.72448945045,1.29861209178,inside_domain
Physical,5,3,MHNNAWXXUZQSNM-UHFFFAOYSA-N,2-Methyl-1-butene,293.15,0,0,2.197,2.15328884125,1.69384086029,inside_domain
Physical,5,3,GDOPTJXRTPNYNR-UHFFFAOYSA-N,Methylcyclopentane,293.15,0,0,1.985,2.83223462105,1.11100262715,inside_domain
Physical,5,3,JRGGUPZKKTVKOV-UHFFFAOYSA-N,1-Bromo-3-chlorobenzene,293.15,0,0,4.58,3.58236050606,13.6465698801,inside_domain
Physical,5,3,WQONPSCCEXUXTQ-UHFFFAOYSA-N,o-Dibromobenzene,293.15,0,0,7.35,14.5699691772,35.3981532236,inside_domain
Physical,5,3,LJSQFQKUNVCTIA-UHFFFAOYSA-N,Ethyl sulfide,298.15,0,0,5.72,4.89440774918,10.37513043,inside_domain
Physical,5,3,OEPRBXUJOQLYID-UHFFFAOYSA-N,1-Fluoropentane,293.15,0,0,4.24,6.60507154465,9.3663047404,inside_domain
Physical,5,3,QARVLSVVCXYDNA-UHFFFAOYSA-N,Bromobenzene,298.15,0,0,5.4,9.25133323669,21.0611689365,inside_domain
Physical,5,3,WRWPPGUCZBJXKX-UHFFFAOYSA-N,p-Fluorotoluene,303.15,0,0,5.86,6.83591938019,12.7592051561,inside_domain
Morgan+Physical,5,3,AFBPFSWMIHJQDM-UHFFFAOYSA-N,N-methylaniline,300.15,1,1,5.878,8.78685665131,7.11572078225,outside_associated_liquid
Morgan+Physical,5,3,BTGRAWJCKBQKAO-UHFFFAOYSA-N,hexanedinitrile,298.15,0,0,32.12,27.6428527832,46.5421430104,inside_domain
Morgan+Physical,5,3,FXHOOIRPVKKKFG-UHFFFAOYSA-N,"N,N-dimethylethanamide",303.15,0,0,37.72,18.3928356171,35.5309250609,inside_domain
Morgan+Physical,5,3,GRYUVYIMDGRRLN-UHFFFAOYSA-N,"1-butyl-2,3,4,5-tetramethylimidazolium bis(trifluoromethylsulfonyl)imide",298.15,0,0,15,13.8656463623,18.8149235057,inside_domain
Morgan+Physical,5,3,HXJUTPCZVOIRIF-UHFFFAOYSA-N,sulfolane,298.15,0,0,44,17.5298233032,54.0253899274,inside_domain
Morgan+Physical,5,3,HZKDSQCZNUUQIF-UHFFFAOYSA-M,1-ethyl-3-methylimidazolium hydrogen sulfate,298.15,1,1,18.4,26.6834888458,15.1917971963,outside_associated_liquid
Morgan+Physical,5,3,IEJIGPNLZYLLBP-UHFFFAOYSA-N,dimethyl carbonate,298.15,0,0,3.134,25.992767334,1.5899816096,inside_domain
Morgan+Physical,5,3,KBPLFHHGFOOTCA-UHFFFAOYSA-N,octan-1-ol,298.15,1,1,10.66,12.1192359924,4.22641786179,outside_associated_liquid
Morgan+Physical,5,3,LBHLGZNUPKUZJC-UHFFFAOYSA-N,1-butyl-1-methylpyrrolidinium dicyanamide,298.15,0,0,18,23.7696838379,116.153845674,inside_domain
Morgan+Physical,5,3,LFQSCWFLJHTTHZ-UHFFFAOYSA-N,ethanol,298.15,1,1,25.02,16.8651981354,9.55039595517,outside_associated_liquid
Morgan+Physical,5,3,LYCAIKOWRPUZTN-UHFFFAOYSA-N,"1,2-ethanediol",303.15,2,2,39.84,32.6198577881,15.3073129364,outside_associated_liquid
Morgan+Physical,5,3,NEQXUPRFDXNNTA-UHFFFAOYSA-N,2-hydroxyethylammonium lactate,298.15,4,4,85.6,45.0890350342,5.97933023131,outside_associated_liquid
Morgan+Physical,5,3,RYHBNJHYFVUHQT-UHFFFAOYSA-N,"1,4-dioxane",298.2,0,0,2.228,12.5269641876,1.10125989107,inside_domain
Morgan+Physical,5,3,UODQEMVTULZGKO-UHFFFAOYSA-N,"1-pentyl-1-methylpyrrolidinium 1,1,1-trifluoro-N-[(trifluoromethyl)sulfonyl]methanesulfonamide",298.15,0,0,12.5,13.4895153046,24.4937811978,inside_domain
Morgan+Physical,5,3,VCAIYEJBOWHUGP-UHFFFAOYSA-N,"1-butyl-2,3-dimethylimidazolium tetrafluoroborate",298.15,0,0,13.3,3.90012073517,2.20117467965,inside_domain
Morgan+Physical,5,3,ZHNUHDYFZUAESO-UHFFFAOYSA-N,formamide,303.15,2,2,106.14,27.9728813171,1.63244107371,outside_associated_liquid
Morgan+Physical,5,3,ZMXDDKWLCZADIW-UHFFFAOYSA-N,dimethylformamide,302.73,0,0,36.55,44.5995445251,44.913135379,inside_domain
Morgan+Physical,5,3,SVONRAPFKPVNKG-UHFFFAOYSA-N,"beta-Ethoxyethyl acetate (""Cellosolve"" acetate)",303.15,0,0,7.57,9.56303787231,10.1866881025,inside_domain
Morgan+Physical,5,3,KXKVLQRXCPHEJC-UHFFFAOYSA-N,Methyl acetate,298.15,0,0,6.68,18.2744083405,11.7371732209,inside_domain
Morgan+Physical,5,3,DKPFZGUDAPQIHT-UHFFFAOYSA-N,Butyl acetate,293.15,0,0,5.01,7.16271257401,10.0231968887,inside_domain
Morgan+Physical,5,3,XNWFRZJHXBZDAG-UHFFFAOYSA-N,2-Methoxyethanol,303.15,1,1,16,30.7143516541,12.9838712423,outside_associated_liquid
Morgan+Physical,5,3,SWXVUIWOUIDPGS-UHFFFAOYSA-N,4-Hydroxy-4-methyl-2-pentanone (Diacetone alcohol),298.15,1,1,18.2,17.2328224182,16.6441767483,outside_associated_liquid
Morgan+Physical,5,3,XNLICIUVMPYHGG-UHFFFAOYSA-N,2-Pentanone,293.15,0,0,15.45,12.6843891144,17.6741821348,inside_domain
Morgan+Physical,5,3,FDPIMTJIUBPUKL-UHFFFAOYSA-N,3-Pentanone,293.15,0,0,17,13.3946743011,20.6156153797,inside_domain
Morgan+Physical,5,3,FERIUCNNQQJTOY-UHFFFAOYSA-N,Butyric acid,293.15,1,1,2.97,11.8809480667,7.21717286495,outside_associated_liquid
Morgan+Physical,5,3,WERYXYBDKMZEQL-UHFFFAOYSA-N,"1,4-Butanediol",303.15,2,2,30.2,23.0288734436,11.955624374,outside_associated_liquid
Morgan+Physical,5,3,SVTBMSDMJJWYQN-UHFFFAOYSA-N,"2-Methyl-2,4-pentanediol",303.15,2,2,24.4,16.0928993225,19.5363125491,outside_associated_liquid
Morgan+Physical,5,3,NKKMVIVFRUYPLQ-NSCUHMNNSA-N,Crotononitrile (bp 108 C),293.15,0,0,36.1,39.1971435547,48.0153469112,inside_domain
Morgan+Physical,5,3,ZWEHNKRNPOVVGH-UHFFFAOYSA-N,2-Butanone,293.15,0,0,18.51,17.284860611,22.1880711838,inside_domain
Morgan+Physical,5,3,WVDDGKGOMKODPV-UHFFFAOYSA-N,Benzyl alcohol,293.15,1,1,13.1,13.9463777542,5.77594569883,outside_associated_liquid
Morgan+Physical,5,3,HTSABYAWKQAHBT-UHFFFAOYSA-N,3-Methylcyclohexanol,293.15,1,1,12.3,9.21043205261,4.10543593176,outside_associated_liquid
Morgan+Physical,5,3,MQWCXKGKQLNYQG-UHFFFAOYSA-N,4-Methylcyclohexanol,293.15,1,1,13.3,9.54340934753,4.28546106184,outside_associated_liquid
Morgan+Physical,5,3,YWAKXRMUMFPDSH-UHFFFAOYSA-N,1-Pentene,293.15,0,0,2.1,2.57805871964,1.29861209178,inside_domain
Morgan+Physical,5,3,MHNNAWXXUZQSNM-UHFFFAOYSA-N,2-Methyl-1-butene,293.15,0,0,2.197,3.68631362915,1.69384086029,inside_domain
Morgan+Physical,5,3,GDOPTJXRTPNYNR-UHFFFAOYSA-N,Methylcyclopentane,293.15,0,0,1.985,5.40110588074,1.11100262715,inside_domain
Morgan+Physical,5,3,JRGGUPZKKTVKOV-UHFFFAOYSA-N,1-Bromo-3-chlorobenzene,293.15,0,0,4.58,5.39780712128,13.6465698801,inside_domain
Morgan+Physical,5,3,WQONPSCCEXUXTQ-UHFFFAOYSA-N,o-Dibromobenzene,293.15,0,0,7.35,11.0218744278,35.3981532236,inside_domain
Morgan+Physical,5,3,LJSQFQKUNVCTIA-UHFFFAOYSA-N,Ethyl sulfide,298.15,0,0,5.72,4.76809978485,10.37513043,inside_domain
Morgan+Physical,5,3,OEPRBXUJOQLYID-UHFFFAOYSA-N,1-Fluoropentane,293.15,0,0,4.24,7.41754245758,9.3663047404,inside_domain
Morgan+Physical,5,3,QARVLSVVCXYDNA-UHFFFAOYSA-N,Bromobenzene,298.15,0,0,5.4,8.36255645752,21.0611689365,inside_domain
Morgan+Physical,5,3,WRWPPGUCZBJXKX-UHFFFAOYSA-N,p-Fluorotoluene,303.15,0,0,5.86,6.83890676498,12.7592051561,inside_domain
Morgan,5,4,BBMCTIGTTCKYKF-UHFFFAOYSA-N,heptan-1-ol,298.15,1,1,12.65,14.7617473602,4.96304294304,outside_associated_liquid
Morgan,5,4,BTANRVKWQNVYAZ-UHFFFAOYSA-N,butan-2-ol,298.15,1,1,16.6,11.5154314041,8.35397764198,outside_associated_liquid
Morgan,5,4,CQEYYJKEWSMYFG-UHFFFAOYSA-N,butyl 2-propenoate,298.15,0,0,5.31,6.47631454468,8.81943541722,inside_domain
Morgan,5,4,HQWOEDCLDNFWEV-UHFFFAOYSA-M,1-ethyl-3-methylimidazolium diethyl phosphate,298.15,0,0,16.9,7.64651918411,96.6466343683,inside_domain
Morgan,5,4,IMNFDUFMRHMDMM-UHFFFAOYSA-N,heptane,298.15,0,0,1.93,6.19832324982,1.10583566295,inside_domain
Morgan,5,4,JYPJLAPMBJKRDG-UHFFFAOYSA-M,1-ethyl-3-methylimidazolium butylsulfonate,298.15,0,0,30,12.9439840317,153.401832604,inside_domain
Morgan,5,4,KFZMGEQAYNKOFK-UHFFFAOYSA-N,propan-2-ol,299.15,1,1,18.845,15.9336223602,10.0046688096,outside_associated_liquid
Morgan,5,4,LRHPLDYGYMQRHN-UHFFFAOYSA-N,butan-1-ol,298.15,1,1,18.03,15.1669597626,8.39006069244,outside_associated_liquid
Morgan,5,4,LZJIBRSVPKKOSI-UHFFFAOYSA-O,ethanolammonium nitrate,298.15,2,2,60.9,23.8074150085,20.8289438764,outside_associated_liquid
Morgan,5,4,UAEPNZWRGJTJPN-UHFFFAOYSA-N,methylcyclohexane,298.2,0,0,2.01,10.6165132523,1.10998539605,inside_domain
Morgan,5,4,UEEJHVSXFDXPFK-UHFFFAOYSA-N,"2-(N,N-dimethylamino)ethanol",303.15,1,1,17.18,26.4032917023,2.86613042866,outside_associated_liquid
Morgan,5,4,VRFOKYHDLYBVAL-UHFFFAOYSA-M,1-ethyl-3-methylimidazolium ethyl sulfate,298.15,0,0,35,8.31754779816,45.7566800107,inside_domain
Morgan,5,4,WYJOVVXUZNRJQY-UHFFFAOYSA-N,2-acetylthiophene,298.15,0,0,29.19,16.2457904816,26.4529603231,inside_domain
Morgan,5,4,YFNKIDBQEZZDLK-UHFFFAOYSA-N,"2,5,8,11-tetraoxadodecane",298.15,0,0,7.604,8.852684021,11.1446264552,inside_domain
Morgan,5,4,ZTOMUSMDRMJOTH-UHFFFAOYSA-N,pentanedinitrile,298.15,0,0,34.6,27.6220188141,26.6601988036,inside_domain
Morgan,5,4,ZXEKIIBDNHEJCQ-UHFFFAOYSA-N,2-methyl-1-propanol,298.15,1,1,17.96,18.7241516113,5.2814866108,outside_associated_liquid
Morgan,5,4,RTZKZFJDLAIYFH-UHFFFAOYSA-N,Ethyl ether,293.15,0,0,4.335,4.65764760971,4.44489704395,inside_domain
Morgan,5,4,HEBKCHPVOIAQTA-NGQZWQHPSA-N,Xylitol,293.15,5,5,40,38.2046585083,16.2882582546,outside_associated_liquid
Morgan,5,4,WFCLYEAZTHWNEH-UHFFFAOYSA-N,Ethyl thiocyanate,294.15,0,0,29.3,22.7230796814,32.9129822647,inside_domain
Morgan,5,4,SPEUIVXLLWOEMJ-UHFFFAOYSA-N,"1,1-Dimethoxyethane",293.15,0,0,3.49,8.852684021,8.95630913771,inside_domain
Morgan,5,4,WEVYAHXRMPXWCK-UHFFFAOYSA-N,Acetonitrile,293.15,0,0,37.5,28.3961238861,53.5642531651,inside_domain
Morgan,5,4,PHTQWCKDNZKARW-UHFFFAOYSA-N,3-Methyl-1-butanol,298.15,1,1,14.7,19.5851554871,4.92575324719,outside_associated_liquid
Morgan,5,4,QWVGKYWNOKOFNN-UHFFFAOYSA-N,o-Cresol,298.15,1,1,11.5,10.3032560349,6.74466929489,outside_associated_liquid
Morgan,5,4,RGSFGYAAUTVSQA-UHFFFAOYSA-N,Cyclopentane,293.15,0,0,1.965,11.0972623825,1.10560773191,inside_domain
Morgan,5,4,OFBQJSOFQDEBGM-UHFFFAOYSA-N,n-Pentane,293.15,0,0,1.844,6.19832324982,1.1048859414,inside_domain
Morgan,5,4,UHOVQNZJYSORNB-UHFFFAOYSA-N,Benzene,293.15,0,0,2.284,8.60012817383,1.12590545146,inside_domain
Morgan,5,4,ZQDPJFUHLCOCRG-AATRIKPKSA-N,trans-3-Hexene,298.15,0,0,2,6.19832324982,1.10808604929,inside_domain
Morgan,5,4,SFPQFQUXAJOWNF-UHFFFAOYSA-N,m-Diiodobenzene,298.15,0,0,4.25,7.61610507965,13.6499299113,inside_domain
Morgan,5,4,ROSDSFDQCJNGOL-UHFFFAOYSA-N,Dimethylamine,298.15,1,1,5.26,10.6165132523,4.58015414622,outside_associated_liquid
Morgan,5,4,WQAQPCDUOCURKW-UHFFFAOYSA-N,1-Butanethiol,298.15,1,1,4.95,6.19832324982,12.2942625019,outside_associated_liquid
Morgan,5,4,JUJWROOIHBZHMG-UHFFFAOYSA-N,Pyridine,298.15,0,0,12.3,10.1128864288,9.88027991812,inside_domain
Morgan,5,4,SNHMUERNLJLMHN-UHFFFAOYSA-N,Iodobenzene,293.15,0,0,4.63,7.61610507965,20.9443272724,inside_domain
Morgan,5,4,NPDACUSDTOMAMK-UHFFFAOYSA-N,p-Chlorotoluene,293.15,0,0,6.08,6.50629091263,9.81647562753,inside_domain
Morgan,5,4,MMZYCBHLNZVROM-UHFFFAOYSA-N,o-Fluorotoluene,303.15,0,0,4.22,7.52322721481,6.12573643678,inside_domain
Morgan,5,4,BTQZKHUEUDPRST-UHFFFAOYSA-N,m-Fluorotoluene,303.15,0,0,5.42,7.52322721481,10.8674299419,inside_domain
Morgan,5,4,QQONPFPTGQHPMA-UHFFFAOYSA-N,Propene,293.15,0,0,1.875,10.6165132523,1.56210378661,inside_domain
Morgan,5,4,PMJHHCWVYXUKFD-SNAWJCMRSA-N,"1,3-Pentadiene",298.15,0,0,2.32,10.6165132523,1.87012388355,inside_domain
Morgan,5,4,RRHGJUQNOFWUDK-UHFFFAOYSA-N,"2-Methyl-1,3-butadiene (Isoprene)",298.15,0,0,2.1,13.3965396881,1.33056486908,inside_domain
Morgan,5,4,APPOKADJQUIAHP-UHFFFAOYSA-N,"2,4-Hexadiene",298.15,0,0,2.22,10.6165132523,1.31910733263,inside_domain
Morgan,5,4,RCJMVGJKROQDCB-UHFFFAOYSA-N,"2-Methyl-1,3-pentadiene",298.15,0,0,2.42,13.3965396881,2.15098593997,inside_domain
Morgan,5,4,BOGRNZQRTNVZCZ-AATRIKPKSA-N,"3-Methyl-1,3-pentadiene",298.15,0,0,2.43,13.3965396881,1.66039772435,inside_domain
Physical,5,4,BBMCTIGTTCKYKF-UHFFFAOYSA-N,heptan-1-ol,298.15,1,1,12.65,10.8666620255,4.96304294304,outside_associated_liquid
Physical,5,4,BTANRVKWQNVYAZ-UHFFFAOYSA-N,butan-2-ol,298.15,1,1,16.6,10.0808048248,8.35397764198,outside_associated_liquid
Physical,5,4,CQEYYJKEWSMYFG-UHFFFAOYSA-N,butyl 2-propenoate,298.15,0,0,5.31,8.491106987,8.81943541722,inside_domain
Physical,5,4,HQWOEDCLDNFWEV-UHFFFAOYSA-M,1-ethyl-3-methylimidazolium diethyl phosphate,298.15,0,0,16.9,16.9318981171,96.6466343683,inside_domain
Physical,5,4,IMNFDUFMRHMDMM-UHFFFAOYSA-N,heptane,298.15,0,0,1.93,2.98008847237,1.10583566295,inside_domain
Physical,5,4,JYPJLAPMBJKRDG-UHFFFAOYSA-M,1-ethyl-3-methylimidazolium butylsulfonate,298.15,0,0,30,16.8171405792,153.401832604,inside_domain
Physical,5,4,KFZMGEQAYNKOFK-UHFFFAOYSA-N,propan-2-ol,299.15,1,1,18.845,16.0776290894,10.0046688096,outside_associated_liquid
Physical,5,4,LRHPLDYGYMQRHN-UHFFFAOYSA-N,butan-1-ol,298.15,1,1,18.03,11.0351791382,8.39006069244,outside_associated_liquid
Physical,5,4,LZJIBRSVPKKOSI-UHFFFAOYSA-O,ethanolammonium nitrate,298.15,2,2,60.9,55.8096466064,20.8289438764,outside_associated_liquid
Physical,5,4,UAEPNZWRGJTJPN-UHFFFAOYSA-N,methylcyclohexane,298.2,0,0,2.01,2.37375593185,1.10998539605,inside_domain
Physical,5,4,UEEJHVSXFDXPFK-UHFFFAOYSA-N,"2-(N,N-dimethylamino)ethanol",303.15,1,1,17.18,30.52784729,2.86613042866,outside_associated_liquid
Physical,5,4,VRFOKYHDLYBVAL-UHFFFAOYSA-M,1-ethyl-3-methylimidazolium ethyl sulfate,298.15,0,0,35,16.7576980591,45.7566800107,inside_domain
Physical,5,4,WYJOVVXUZNRJQY-UHFFFAOYSA-N,2-acetylthiophene,298.15,0,0,29.19,12.1700248718,26.4529603231,inside_domain
Physical,5,4,YFNKIDBQEZZDLK-UHFFFAOYSA-N,"2,5,8,11-tetraoxadodecane",298.15,0,0,7.604,8.61304855347,11.1446264552,inside_domain
Physical,5,4,ZTOMUSMDRMJOTH-UHFFFAOYSA-N,pentanedinitrile,298.15,0,0,34.6,18.399597168,26.6601988036,inside_domain
Physical,5,4,ZXEKIIBDNHEJCQ-UHFFFAOYSA-N,2-methyl-1-propanol,298.15,1,1,17.96,11.7324781418,5.2814866108,outside_associated_liquid
Physical,5,4,RTZKZFJDLAIYFH-UHFFFAOYSA-N,Ethyl ether,293.15,0,0,4.335,4.16733455658,4.44489704395,inside_domain
Physical,5,4,HEBKCHPVOIAQTA-NGQZWQHPSA-N,Xylitol,293.15,5,5,40,35.5118865967,16.2882582546,outside_associated_liquid
Physical,5,4,WFCLYEAZTHWNEH-UHFFFAOYSA-N,Ethyl thiocyanate,294.15,0,0,29.3,24.0079975128,32.9129822647,inside_domain
Physical,5,4,SPEUIVXLLWOEMJ-UHFFFAOYSA-N,"1,1-Dimethoxyethane",293.15,0,0,3.49,8.00120067596,8.95630913771,inside_domain
Physical,5,4,WEVYAHXRMPXWCK-UHFFFAOYSA-N,Acetonitrile,293.15,0,0,37.5,49.8044967651,53.5642531651,inside_domain
Physical,5,4,PHTQWCKDNZKARW-UHFFFAOYSA-N,3-Methyl-1-butanol,298.15,1,1,14.7,13.1335306168,4.92575324719,outside_associated_liquid
Physical,5,4,QWVGKYWNOKOFNN-UHFFFAOYSA-N,o-Cresol,298.15,1,1,11.5,13.5464324951,6.74466929489,outside_associated_liquid
Physical,5,4,RGSFGYAAUTVSQA-UHFFFAOYSA-N,Cyclopentane,293.15,0,0,1.965,2.38325548172,1.10560773191,inside_domain
Physical,5,4,OFBQJSOFQDEBGM-UHFFFAOYSA-N,n-Pentane,293.15,0,0,1.844,2.8330450058,1.1048859414,inside_domain
Physical,5,4,UHOVQNZJYSORNB-UHFFFAOYSA-N,Benzene,293.15,0,0,2.284,1,1.12590545146,inside_domain
Physical,5,4,ZQDPJFUHLCOCRG-AATRIKPKSA-N,trans-3-Hexene,298.15,0,0,2,1.57656085491,1.10808604929,inside_domain
Physical,5,4,SFPQFQUXAJOWNF-UHFFFAOYSA-N,m-Diiodobenzene,298.15,0,0,4.25,5.00803279877,13.6499299113,inside_domain
Physical,5,4,ROSDSFDQCJNGOL-UHFFFAOYSA-N,Dimethylamine,298.15,1,1,5.26,6.28683137894,4.58015414622,outside_associated_liquid
Physical,5,4,WQAQPCDUOCURKW-UHFFFAOYSA-N,1-Butanethiol,298.15,1,1,4.95,8.12794399261,12.2942625019,outside_associated_liquid
Physical,5,4,JUJWROOIHBZHMG-UHFFFAOYSA-N,Pyridine,298.15,0,0,12.3,10.4059925079,9.88027991812,inside_domain
Physical,5,4,SNHMUERNLJLMHN-UHFFFAOYSA-N,Iodobenzene,293.15,0,0,4.63,7.66358804703,20.9443272724,inside_domain
Physical,5,4,NPDACUSDTOMAMK-UHFFFAOYSA-N,p-Chlorotoluene,293.15,0,0,6.08,4.64627075195,9.81647562753,inside_domain
Physical,5,4,MMZYCBHLNZVROM-UHFFFAOYSA-N,o-Fluorotoluene,303.15,0,0,4.22,19.892829895,6.12573643678,inside_domain
Physical,5,4,BTQZKHUEUDPRST-UHFFFAOYSA-N,m-Fluorotoluene,303.15,0,0,5.42,10.4206962585,10.8674299419,inside_domain
Physical,5,4,QQONPFPTGQHPMA-UHFFFAOYSA-N,Propene,293.15,0,0,1.875,1,1.56210378661,inside_domain
Physical,5,4,PMJHHCWVYXUKFD-SNAWJCMRSA-N,"1,3-Pentadiene",298.15,0,0,2.32,1,1.87012388355,inside_domain
Physical,5,4,RRHGJUQNOFWUDK-UHFFFAOYSA-N,"2-Methyl-1,3-butadiene (Isoprene)",298.15,0,0,2.1,1,1.33056486908,inside_domain
Physical,5,4,APPOKADJQUIAHP-UHFFFAOYSA-N,"2,4-Hexadiene",298.15,0,0,2.22,2.18685698509,1.31910733263,inside_domain
Physical,5,4,RCJMVGJKROQDCB-UHFFFAOYSA-N,"2-Methyl-1,3-pentadiene",298.15,0,0,2.42,2.18685698509,2.15098593997,inside_domain
Physical,5,4,BOGRNZQRTNVZCZ-AATRIKPKSA-N,"3-Methyl-1,3-pentadiene",298.15,0,0,2.43,2.18685698509,1.66039772435,inside_domain
Morgan+Physical,5,4,BBMCTIGTTCKYKF-UHFFFAOYSA-N,heptan-1-ol,298.15,1,1,12.65,12.8142051697,4.96304294304,outside_associated_liquid
Morgan+Physical,5,4,BTANRVKWQNVYAZ-UHFFFAOYSA-N,butan-2-ol,298.15,1,1,16.6,10.7981185913,8.35397764198,outside_associated_liquid
Morgan+Physical,5,4,CQEYYJKEWSMYFG-UHFFFAOYSA-N,butyl 2-propenoate,298.15,0,0,5.31,7.48371076584,8.81943541722,inside_domain
Morgan+Physical,5,4,HQWOEDCLDNFWEV-UHFFFAOYSA-M,1-ethyl-3-methylimidazolium diethyl phosphate,298.15,0,0,16.9,12.2892084122,96.6466343683,inside_domain
Morgan+Physical,5,4,IMNFDUFMRHMDMM-UHFFFAOYSA-N,heptane,298.15,0,0,1.93,4.58920574188,1.10583566295,inside_domain
Morgan+Physical,5,4,JYPJLAPMBJKRDG-UHFFFAOYSA-M,1-ethyl-3-methylimidazolium butylsulfonate,298.15,0,0,30,14.8805618286,153.401832604,inside_domain
Morgan+Physical,5,4,KFZMGEQAYNKOFK-UHFFFAOYSA-N,propan-2-ol,299.15,1,1,18.845,16.0056266785,10.0046688096,outside_associated_liquid
Morgan+Physical,5,4,LRHPLDYGYMQRHN-UHFFFAOYSA-N,butan-1-ol,298.15,1,1,18.03,13.1010694504,8.39006069244,outside_associated_liquid
Morgan+Physical,5,4,LZJIBRSVPKKOSI-UHFFFAOYSA-O,ethanolammonium nitrate,298.15,2,2,60.9,39.8085327148,20.8289438764,outside_associated_liquid
Morgan+Physical,5,4,UAEPNZWRGJTJPN-UHFFFAOYSA-N,methylcyclohexane,298.2,0,0,2.01,6.49513435364,1.10998539605,inside_domain
Morgan+Physical,5,4,UEEJHVSXFDXPFK-UHFFFAOYSA-N,"2-(N,N-dimethylamino)ethanol",303.15,1,1,17.18,28.4655685425,2.86613042866,outside_associated_liquid
Morgan+Physical,5,4,VRFOKYHDLYBVAL-UHFFFAOYSA-M,1-ethyl-3-methylimidazolium ethyl sulfate,298.15,0,0,35,12.5376224518,45.7566800107,inside_domain
Morgan+Physical,5,4,WYJOVVXUZNRJQY-UHFFFAOYSA-N,2-acetylthiophene,298.15,0,0,29.19,14.2079076767,26.4529603231,inside_domain
Morgan+Physical,5,4,YFNKIDBQEZZDLK-UHFFFAOYSA-N,"2,5,8,11-tetraoxadodecane",298.15,0,0,7.604,8.73286628723,11.1446264552,inside_domain
Morgan+Physical,5,4,ZTOMUSMDRMJOTH-UHFFFAOYSA-N,pentanedinitrile,298.15,0,0,34.6,23.0108070374,26.6601988036,inside_domain
Morgan+Physical,5,4,ZXEKIIBDNHEJCQ-UHFFFAOYSA-N,2-methyl-1-propanol,298.15,1,1,17.96,15.2283153534,5.2814866108,outside_associated_liquid
Morgan+Physical,5,4,RTZKZFJDLAIYFH-UHFFFAOYSA-N,Ethyl ether,293.15,0,0,4.335,4.41249084473,4.44489704395,inside_domain
Morgan+Physical,5,4,HEBKCHPVOIAQTA-NGQZWQHPSA-N,Xylitol,293.15,5,5,40,36.8582725525,16.2882582546,outside_associated_liquid
Morgan+Physical,5,4,WFCLYEAZTHWNEH-UHFFFAOYSA-N,Ethyl thiocyanate,294.15,0,0,29.3,23.3655395508,32.9129822647,inside_domain
Morgan+Physical,5,4,SPEUIVXLLWOEMJ-UHFFFAOYSA-N,"1,1-Dimethoxyethane",293.15,0,0,3.49,8.42694282532,8.95630913771,inside_domain
Morgan+Physical,5,4,WEVYAHXRMPXWCK-UHFFFAOYSA-N,Acetonitrile,293.15,0,0,37.5,39.1003112793,53.5642531651,inside_domain
Morgan+Physical,5,4,PHTQWCKDNZKARW-UHFFFAOYSA-N,3-Methyl-1-butanol,298.15,1,1,14.7,16.3593425751,4.92575324719,outside_associated_liquid
Morgan+Physical,5,4,QWVGKYWNOKOFNN-UHFFFAOYSA-N,o-Cresol,298.15,1,1,11.5,11.9248447418,6.74466929489,outside_associated_liquid
Morgan+Physical,5,4,RGSFGYAAUTVSQA-UHFFFAOYSA-N,Cyclopentane,293.15,0,0,1.965,6.74025917053,1.10560773191,inside_domain
Morgan+Physical,5,4,OFBQJSOFQDEBGM-UHFFFAOYSA-N,n-Pentane,293.15,0,0,1.844,4.51568412781,1.1048859414,inside_domain
Morgan+Physical,5,4,UHOVQNZJYSORNB-UHFFFAOYSA-N,Benzene,293.15,0,0,2.284,4.76193857193,1.12590545146,inside_domain
Morgan+Physical,5,4,ZQDPJFUHLCOCRG-AATRIKPKSA-N,trans-3-Hexene,298.15,0,0,2,3.88744211197,1.10808604929,inside_domain
Morgan+Physical,5,4,SFPQFQUXAJOWNF-UHFFFAOYSA-N,m-Diiodobenzene,298.15,0,0,4.25,6.31206893921,13.6499299113,inside_domain
Morgan+Physical,5,4,ROSDSFDQCJNGOL-UHFFFAOYSA-N,Dimethylamine,298.15,1,1,5.26,8.45167255402,4.58015414622,outside_associated_liquid
Morgan+Physical,5,4,WQAQPCDUOCURKW-UHFFFAOYSA-N,1-Butanethiol,298.15,1,1,4.95,7.16313362122,12.2942625019,outside_associated_liquid
Morgan+Physical,5,4,JUJWROOIHBZHMG-UHFFFAOYSA-N,Pyridine,298.15,0,0,12.3,10.2594394684,9.88027991812,inside_domain
Morgan+Physical,5,4,SNHMUERNLJLMHN-UHFFFAOYSA-N,Iodobenzene,293.15,0,0,4.63,7.63984680176,20.9443272724,inside_domain
Morgan+Physical,5,4,NPDACUSDTOMAMK-UHFFFAOYSA-N,p-Chlorotoluene,293.15,0,0,6.08,5.57628059387,9.81647562753,inside_domain
Morgan+Physical,5,4,MMZYCBHLNZVROM-UHFFFAOYSA-N,o-Fluorotoluene,303.15,0,0,4.22,13.7080287933,6.12573643678,inside_domain
Morgan+Physical,5,4,BTQZKHUEUDPRST-UHFFFAOYSA-N,m-Fluorotoluene,303.15,0,0,5.42,8.9719619751,10.8674299419,inside_domain
Morgan+Physical,5,4,QQONPFPTGQHPMA-UHFFFAOYSA-N,Propene,293.15,0,0,1.875,5.33157062531,1.56210378661,inside_domain
Morgan+Physical,5,4,PMJHHCWVYXUKFD-SNAWJCMRSA-N,"1,3-Pentadiene",298.15,0,0,2.32,5.59536457062,1.87012388355,inside_domain
Morgan+Physical,5,4,RRHGJUQNOFWUDK-UHFFFAOYSA-N,"2-Methyl-1,3-butadiene (Isoprene)",298.15,0,0,2.1,6.98537778854,1.33056486908,inside_domain
Morgan+Physical,5,4,APPOKADJQUIAHP-UHFFFAOYSA-N,"2,4-Hexadiene",298.15,0,0,2.22,6.40168523788,1.31910733263,inside_domain
Morgan+Physical,5,4,RCJMVGJKROQDCB-UHFFFAOYSA-N,"2-Methyl-1,3-pentadiene",298.15,0,0,2.42,7.79169845581,2.15098593997,inside_domain
Morgan+Physical,5,4,BOGRNZQRTNVZCZ-AATRIKPKSA-N,"3-Methyl-1,3-pentadiene",298.15,0,0,2.43,7.79169845581,1.66039772435,inside_domain
Morgan,6,0,CBTVGIZVANVGBH-UHFFFAOYSA-N,2-amino-2-methylpropan-1-ol,303.15,2,2,20.59,23.1509399414,3.826071455,outside_associated_liquid
Morgan,6,0,HZAXFHJVJLSVMW-UHFFFAOYSA-N,2-aminoethan-1-ol,303.15,2,2,31.46,35.4577980042,25.2714322229,outside_associated_liquid
Morgan,6,0,IAZDPXIOMUYVGZ-UHFFFAOYSA-N,dimethyl sulfoxide,298,0,0,46.05,13.0070266724,39.3405912447,inside_domain
Morgan,6,0,KFZMGEQAYNKOFK-UHFFFAOYSA-N,propan-2-ol,299.15,1,1,18.845,13.1549386978,10.0046688096,outside_associated_liquid
Morgan,6,0,MCTWTZJPVLRJOU-UHFFFAOYSA-N,1-methylimidazole,298,0,0,39.78,11.4625711441,38.1478273189,inside_domain
Morgan,6,0,OHLUUHNLEMFGTQ-UHFFFAOYSA-N,N-methylacetamide,303.15,1,1,178.47,7.42654705048,5.9744908461,outside_associated_liquid
Morgan,6,0,RYHBNJHYFVUHQT-UHFFFAOYSA-N,"1,4-dioxane",298.2,0,0,2.228,12.5393466949,1.10125989107,inside_domain
Morgan,6,0,SIXHYMZEOJSYQH-UHFFFAOYSA-M,1-butyl-3-methylimidazolium thiocyanate,298.15,0,0,13.7,27.3336353302,27.3242655698,inside_domain
Morgan,6,0,UEEJHVSXFDXPFK-UHFFFAOYSA-N,"2-(N,N-dimethylamino)ethanol",303.15,1,1,17.18,30.7629013062,2.86613042866,outside_associated_liquid
Morgan,6,0,VCAIYEJBOWHUGP-UHFFFAOYSA-N,"1-butyl-2,3-dimethylimidazolium tetrafluoroborate",298.15,0,0,13.3,6.59248876572,2.20117467965,inside_domain
Morgan,6,0,XDJYSDBSJWNTQT-UHFFFAOYSA-N,"1-ethyl-2,3-dimethylimidazolium bis[(trifluoromethyl)sulfonyl]imide",298.15,0,0,12.8,13.9762353897,44.2192801694,inside_domain
Morgan,6,0,XLYOFNOQVPJJNP-UHFFFAOYSA-N,water,297.575,0,1,78.87,11.2382192612,40.4474006258,outside_associated_liquid
Morgan,6,0,YEYKMVJDLWJFOA-UHFFFAOYSA-N,2-propoxyethanol,298.15,1,1,11.5,16.3185749054,11.5122504605,outside_associated_liquid
Morgan,6,0,ZBCBWPMODOFKDW-UHFFFAOYSA-N,diethanolamine,303.15,3,3,24.69,26.8865718842,10.034846241,outside_associated_liquid
Morgan,6,0,ZHNUHDYFZUAESO-UHFFFAOYSA-N,formamide,303.15,2,2,106.14,9.93776988983,1.63244107371,outside_associated_liquid
Morgan,6,0,ZUHZGEOKBKGPSW-UHFFFAOYSA-N,"2,5,8,11,14-pentaoxapentadecane",298.15,0,0,7.798,6.38473701477,10.2230813729,inside_domain
Morgan,6,0,KXKVLQRXCPHEJC-UHFFFAOYSA-N,Methyl acetate,298.15,0,0,6.68,10.7379674911,11.7371732209,inside_domain
Morgan,6,0,JFDZBHWFFUWGJE-UHFFFAOYSA-N,Benzonitrile,298.15,0,0,25.2,28.0419254303,29.6694423151,inside_domain
Morgan,6,0,YNAVUWVOSKDBBP-UHFFFAOYSA-N,Morpholine,298.15,1,1,7.33,12.5393466949,5.3942637877,outside_associated_liquid
Morgan,6,0,SVTBMSDMJJWYQN-UHFFFAOYSA-N,"2-Methyl-2,4-pentanediol",303.15,2,2,24.4,14.5571489334,19.5363125491,outside_associated_liquid
Morgan,6,0,PHTQWCKDNZKARW-UHFFFAOYSA-N,3-Methyl-1-butanol,298.15,1,1,14.7,21.222410202,4.92575324719,outside_associated_liquid
Morgan,6,0,POLCUAVZOMRGSN-UHFFFAOYSA-N,Propyl ether,299.15,0,0,3.39,4.49415063858,3.4892418063,inside_domain
Morgan,6,0,ZAFNJMIOTHYJRJ-UHFFFAOYSA-N,Isopropyl ether,298.15,0,0,3.88,6.02418470383,2.80531678598,inside_domain
Morgan,6,0,QWVGKYWNOKOFNN-UHFFFAOYSA-N,o-Cresol,298.15,1,1,11.5,7.10493516922,6.74466929489,outside_associated_liquid
Morgan,6,0,LFSAPCRASZRSKS-UHFFFAOYSA-N,2-Methylcyclohexanone,293.15,0,0,14,12.9950580597,15.7212749253,inside_domain
Morgan,6,0,MQWCXKGKQLNYQG-UHFFFAOYSA-N,4-Methylcyclohexanol,293.15,1,1,13.3,8.92058849335,4.28546106184,outside_associated_liquid
Morgan,6,0,QGJOPFRUJISHPQ-UHFFFAOYSA-N,Carbon disulfide,293.15,0,0,2.641,24.0509719849,1.14604082971,inside_domain
Morgan,6,0,MVPPADPHJFYWMZ-UHFFFAOYSA-N,Chlorobenzene,298.15,0,0,5.621,6.21192407608,6.2681341664,inside_domain
Morgan,6,0,RGSFGYAAUTVSQA-UHFFFAOYSA-N,Cyclopentane,293.15,0,0,1.965,8.63901329041,1.10560773191,inside_domain
Morgan,6,0,HGCIXCUEYOPUTN-UHFFFAOYSA-N,Cyclohexene,298.15,0,0,2.22,8.85696697235,1.24380093714,inside_domain
Morgan,6,0,ZQDPJFUHLCOCRG-WAYWQWQTSA-N,cis-3-Hexene,298.15,0,0,2.062,5.60333776474,1.19258064684,inside_domain
Morgan,6,0,ZQDPJFUHLCOCRG-AATRIKPKSA-N,trans-3-Hexene,298.15,0,0,2,5.60333776474,1.10808604929,inside_domain
Morgan,6,0,KFUSEUYYWQURPO-UPHRSURJSA-N,"cis-1,2-Dichloroethylene",298.15,0,0,9.2,7.76355457306,9.01512393578,inside_domain
Morgan,6,0,QBELEDRHMPMKHP-UHFFFAOYSA-N,1-Bromo-2-chlorobenzene,293.15,0,0,6.8,6.7318611145,24.1815742763,inside_domain
Morgan,6,0,GETQZCLCWQTVFV-UHFFFAOYSA-N,Trimethylamine,298.15,0,0,2.44,22.6597537994,2.6946634545,inside_domain
Morgan,6,0,WQAQPCDUOCURKW-UHFFFAOYSA-N,1-Butanethiol,298.15,1,1,4.95,5.18097448349,12.2942625019,outside_associated_liquid
Morgan,6,0,HLLCNVLEVVFTJB-UHFFFAOYSA-N,2-Fluoro-2-methylbutane,293.15,0,0,5.89,5.60333776474,9.61421135256,inside_domain
Morgan,6,0,QARVLSVVCXYDNA-UHFFFAOYSA-N,Bromobenzene,298.15,0,0,5.4,6.60710477829,21.0611689365,inside_domain
Morgan,6,0,SNHMUERNLJLMHN-UHFFFAOYSA-N,Iodobenzene,293.15,0,0,4.63,6.60710477829,20.9443272724,inside_domain
Morgan,6,0,QQONPFPTGQHPMA-UHFFFAOYSA-N,Propene,293.15,0,0,1.875,6.05183506012,1.56210378661,inside_domain
Morgan,6,0,APPOKADJQUIAHP-UHFFFAOYSA-N,"2,4-Hexadiene",298.15,0,0,2.22,7.08546066284,1.31910733263,inside_domain
Physical,6,0,CBTVGIZVANVGBH-UHFFFAOYSA-N,2-amino-2-methylpropan-1-ol,303.15,2,2,20.59,21.8624401093,3.826071455,outside_associated_liquid
Physical,6,0,HZAXFHJVJLSVMW-UHFFFAOYSA-N,2-aminoethan-1-ol,303.15,2,2,31.46,29.7232589722,25.2714322229,outside_associated_liquid
Physical,6,0,IAZDPXIOMUYVGZ-UHFFFAOYSA-N,dimethyl sulfoxide,298,0,0,46.05,31.1998977661,39.3405912447,inside_domain
Physical,6,0,KFZMGEQAYNKOFK-UHFFFAOYSA-N,propan-2-ol,299.15,1,1,18.845,18.7097606659,10.0046688096,outside_associated_liquid
Physical,6,0,MCTWTZJPVLRJOU-UHFFFAOYSA-N,1-methylimidazole,298,0,0,39.78,32.7265281677,38.1478273189,inside_domain
Physical,6,0,OHLUUHNLEMFGTQ-UHFFFAOYSA-N,N-methylacetamide,303.15,1,1,178.47,12.7095365524,5.9744908461,outside_associated_liquid
Physical,6,0,RYHBNJHYFVUHQT-UHFFFAOYSA-N,"1,4-dioxane",298.2,0,0,2.228,6.572265625,1.10125989107,inside_domain
Physical,6,0,SIXHYMZEOJSYQH-UHFFFAOYSA-M,1-butyl-3-methylimidazolium thiocyanate,298.15,0,0,13.7,18.4208774567,27.3242655698,inside_domain
Physical,6,0,UEEJHVSXFDXPFK-UHFFFAOYSA-N,"2-(N,N-dimethylamino)ethanol",303.15,1,1,17.18,9.28529548645,2.86613042866,outside_associated_liquid
Physical,6,0,VCAIYEJBOWHUGP-UHFFFAOYSA-N,"1-butyl-2,3-dimethylimidazolium tetrafluoroborate",298.15,0,0,13.3,1.36713826656,2.20117467965,inside_domain
Physical,6,0,XDJYSDBSJWNTQT-UHFFFAOYSA-N,"1-ethyl-2,3-dimethylimidazolium bis[(trifluoromethyl)sulfonyl]imide",298.15,0,0,12.8,22.1741466522,44.2192801694,inside_domain
Physical,6,0,XLYOFNOQVPJJNP-UHFFFAOYSA-N,water,297.575,0,1,78.87,40.2311859131,40.4474006258,outside_associated_liquid
Physical,6,0,YEYKMVJDLWJFOA-UHFFFAOYSA-N,2-propoxyethanol,298.15,1,1,11.5,10.1439723969,11.5122504605,outside_associated_liquid
Physical,6,0,ZBCBWPMODOFKDW-UHFFFAOYSA-N,diethanolamine,303.15,3,3,24.69,30.6190299988,10.034846241,outside_associated_liquid
Physical,6,0,ZHNUHDYFZUAESO-UHFFFAOYSA-N,formamide,303.15,2,2,106.14,22.2079048157,1.63244107371,outside_associated_liquid
Physical,6,0,ZUHZGEOKBKGPSW-UHFFFAOYSA-N,"2,5,8,11,14-pentaoxapentadecane",298.15,0,0,7.798,10.4041910172,10.2230813729,inside_domain
Physical,6,0,KXKVLQRXCPHEJC-UHFFFAOYSA-N,Methyl acetate,298.15,0,0,6.68,14.3115177155,11.7371732209,inside_domain
Physical,6,0,JFDZBHWFFUWGJE-UHFFFAOYSA-N,Benzonitrile,298.15,0,0,25.2,25.6232089996,29.6694423151,inside_domain
Physical,6,0,YNAVUWVOSKDBBP-UHFFFAOYSA-N,Morpholine,298.15,1,1,7.33,10.7788963318,5.3942637877,outside_associated_liquid
Physical,6,0,SVTBMSDMJJWYQN-UHFFFAOYSA-N,"2-Methyl-2,4-pentanediol",303.15,2,2,24.4,23.0406551361,19.5363125491,outside_associated_liquid
Physical,6,0,PHTQWCKDNZKARW-UHFFFAOYSA-N,3-Methyl-1-butanol,298.15,1,1,14.7,12.7559356689,4.92575324719,outside_associated_liquid
Physical,6,0,POLCUAVZOMRGSN-UHFFFAOYSA-N,Propyl ether,299.15,0,0,3.39,3.63269639015,3.4892418063,inside_domain
Physical,6,0,ZAFNJMIOTHYJRJ-UHFFFAOYSA-N,Isopropyl ether,298.15,0,0,3.88,2.42402100563,2.80531678598,inside_domain
Physical,6,0,QWVGKYWNOKOFNN-UHFFFAOYSA-N,o-Cresol,298.15,1,1,11.5,10.2182779312,6.74466929489,outside_associated_liquid
Physical,6,0,LFSAPCRASZRSKS-UHFFFAOYSA-N,2-Methylcyclohexanone,293.15,0,0,14,13.1495838165,15.7212749253,inside_domain
Physical,6,0,MQWCXKGKQLNYQG-UHFFFAOYSA-N,4-Methylcyclohexanol,293.15,1,1,13.3,11.5404548645,4.28546106184,outside_associated_liquid
Physical,6,0,QGJOPFRUJISHPQ-UHFFFAOYSA-N,Carbon disulfide,293.15,0,0,2.641,1.13009870052,1.14604082971,inside_domain
Physical,6,0,MVPPADPHJFYWMZ-UHFFFAOYSA-N,Chlorobenzene,298.15,0,0,5.621,4.89731454849,6.2681341664,inside_domain
Physical,6,0,RGSFGYAAUTVSQA-UHFFFAOYSA-N,Cyclopentane,293.15,0,0,1.965,3.80553030968,1.10560773191,inside_domain
Physical,6,0,HGCIXCUEYOPUTN-UHFFFAOYSA-N,Cyclohexene,298.15,0,0,2.22,1.57667171955,1.24380093714,inside_domain
Physical,6,0,ZQDPJFUHLCOCRG-WAYWQWQTSA-N,cis-3-Hexene,298.15,0,0,2.062,1.57015860081,1.19258064684,inside_domain
Physical,6,0,ZQDPJFUHLCOCRG-AATRIKPKSA-N,trans-3-Hexene,298.15,0,0,2,1.57015860081,1.10808604929,inside_domain
Physical,6,0,KFUSEUYYWQURPO-UPHRSURJSA-N,"cis-1,2-Dichloroethylene",298.15,0,0,9.2,4.89202356339,9.01512393578,inside_domain
Physical,6,0,QBELEDRHMPMKHP-UHFFFAOYSA-N,1-Bromo-2-chlorobenzene,293.15,0,0,6.8,10.1775712967,24.1815742763,inside_domain
Physical,6,0,GETQZCLCWQTVFV-UHFFFAOYSA-N,Trimethylamine,298.15,0,0,2.44,3.89097332954,2.6946634545,inside_domain
Physical,6,0,WQAQPCDUOCURKW-UHFFFAOYSA-N,1-Butanethiol,298.15,1,1,4.95,6.69247913361,12.2942625019,outside_associated_liquid
Physical,6,0,HLLCNVLEVVFTJB-UHFFFAOYSA-N,2-Fluoro-2-methylbutane,293.15,0,0,5.89,6.97086811066,9.61421135256,inside_domain
Physical,6,0,QARVLSVVCXYDNA-UHFFFAOYSA-N,Bromobenzene,298.15,0,0,5.4,10.9453325272,21.0611689365,inside_domain
Physical,6,0,SNHMUERNLJLMHN-UHFFFAOYSA-N,Iodobenzene,293.15,0,0,4.63,10.9072446823,20.9443272724,inside_domain
Physical,6,0,QQONPFPTGQHPMA-UHFFFAOYSA-N,Propene,293.15,0,0,1.875,1.52259504795,1.56210378661,inside_domain
Physical,6,0,APPOKADJQUIAHP-UHFFFAOYSA-N,"2,4-Hexadiene",298.15,0,0,2.22,2.1903886795,1.31910733263,inside_domain
Morgan+Physical,6,0,CBTVGIZVANVGBH-UHFFFAOYSA-N,2-amino-2-methylpropan-1-ol,303.15,2,2,20.59,22.506690979,3.826071455,outside_associated_liquid
Morgan+Physical,6,0,HZAXFHJVJLSVMW-UHFFFAOYSA-N,2-aminoethan-1-ol,303.15,2,2,31.46,32.5905303955,25.2714322229,outside_associated_liquid
Morgan+Physical,6,0,IAZDPXIOMUYVGZ-UHFFFAOYSA-N,dimethyl sulfoxide,298,0,0,46.05,22.1034622192,39.3405912447,inside_domain
Morgan+Physical,6,0,KFZMGEQAYNKOFK-UHFFFAOYSA-N,propan-2-ol,299.15,1,1,18.845,15.9323501587,10.0046688096,outside_associated_liquid
Morgan+Physical,6,0,MCTWTZJPVLRJOU-UHFFFAOYSA-N,1-methylimidazole,298,0,0,39.78,22.0945491791,38.1478273189,inside_domain
Morgan+Physical,6,0,OHLUUHNLEMFGTQ-UHFFFAOYSA-N,N-methylacetamide,303.15,1,1,178.47,10.0680418015,5.9744908461,outside_associated_liquid
Morgan+Physical,6,0,RYHBNJHYFVUHQT-UHFFFAOYSA-N,"1,4-dioxane",298.2,0,0,2.228,9.55580615997,1.10125989107,inside_domain
Morgan+Physical,6,0,SIXHYMZEOJSYQH-UHFFFAOYSA-M,1-butyl-3-methylimidazolium thiocyanate,298.15,0,0,13.7,22.8772563934,27.3242655698,inside_domain
Morgan+Physical,6,0,UEEJHVSXFDXPFK-UHFFFAOYSA-N,"2-(N,N-dimethylamino)ethanol",303.15,1,1,17.18,20.0240974426,2.86613042866,outside_associated_liquid
Morgan+Physical,6,0,VCAIYEJBOWHUGP-UHFFFAOYSA-N,"1-butyl-2,3-dimethylimidazolium tetrafluoroborate",298.15,0,0,13.3,3.97981357574,2.20117467965,inside_domain
Morgan+Physical,6,0,XDJYSDBSJWNTQT-UHFFFAOYSA-N,"1-ethyl-2,3-dimethylimidazolium bis[(trifluoromethyl)sulfonyl]imide",298.15,0,0,12.8,18.0751914978,44.2192801694,inside_domain
Morgan+Physical,6,0,XLYOFNOQVPJJNP-UHFFFAOYSA-N,water,297.575,0,1,78.87,25.734703064,40.4474006258,outside_associated_liquid
Morgan+Physical,6,0,YEYKMVJDLWJFOA-UHFFFAOYSA-N,2-propoxyethanol,298.15,1,1,11.5,13.2312736511,11.5122504605,outside_associated_liquid
Morgan+Physical,6,0,ZBCBWPMODOFKDW-UHFFFAOYSA-N,diethanolamine,303.15,3,3,24.69,28.7527999878,10.034846241,outside_associated_liquid
Morgan+Physical,6,0,ZHNUHDYFZUAESO-UHFFFAOYSA-N,formamide,303.15,2,2,106.14,16.0728378296,1.63244107371,outside_associated_liquid
Morgan+Physical,6,0,ZUHZGEOKBKGPSW-UHFFFAOYSA-N,"2,5,8,11,14-pentaoxapentadecane",298.15,0,0,7.798,8.3944644928,10.2230813729,inside_domain
Morgan+Physical,6,0,KXKVLQRXCPHEJC-UHFFFAOYSA-N,Methyl acetate,298.15,0,0,6.68,12.5247421265,11.7371732209,inside_domain
Morgan+Physical,6,0,JFDZBHWFFUWGJE-UHFFFAOYSA-N,Benzonitrile,298.15,0,0,25.2,26.832567215,29.6694423151,inside_domain
Morgan+Physical,6,0,YNAVUWVOSKDBBP-UHFFFAOYSA-N,Morpholine,298.15,1,1,7.33,11.6591215134,5.3942637877,outside_associated_liquid
Morgan+Physical,6,0,SVTBMSDMJJWYQN-UHFFFAOYSA-N,"2-Methyl-2,4-pentanediol",303.15,2,2,24.4,18.7989025116,19.5363125491,outside_associated_liquid
Morgan+Physical,6,0,PHTQWCKDNZKARW-UHFFFAOYSA-N,3-Methyl-1-butanol,298.15,1,1,14.7,16.9891738892,4.92575324719,outside_associated_liquid
Morgan+Physical,6,0,POLCUAVZOMRGSN-UHFFFAOYSA-N,Propyl ether,299.15,0,0,3.39,4.06342363358,3.4892418063,inside_domain
Morgan+Physical,6,0,ZAFNJMIOTHYJRJ-UHFFFAOYSA-N,Isopropyl ether,298.15,0,0,3.88,4.22410297394,2.80531678598,inside_domain
Morgan+Physical,6,0,QWVGKYWNOKOFNN-UHFFFAOYSA-N,o-Cresol,298.15,1,1,11.5,8.66160678864,6.74466929489,outside_associated_liquid
Morgan+Physical,6,0,LFSAPCRASZRSKS-UHFFFAOYSA-N,2-Methylcyclohexanone,293.15,0,0,14,13.0723209381,15.7212749253,inside_domain
Morgan+Physical,6,0,MQWCXKGKQLNYQG-UHFFFAOYSA-N,4-Methylcyclohexanol,293.15,1,1,13.3,10.2305221558,4.28546106184,outside_associated_liquid
Morgan+Physical,6,0,QGJOPFRUJISHPQ-UHFFFAOYSA-N,Carbon disulfide,293.15,0,0,2.641,12.5905351639,1.14604082971,inside_domain
Morgan+Physical,6,0,MVPPADPHJFYWMZ-UHFFFAOYSA-N,Chlorobenzene,298.15,0,0,5.621,5.55461931229,6.2681341664,inside_domain
Morgan+Physical,6,0,RGSFGYAAUTVSQA-UHFFFAOYSA-N,Cyclopentane,293.15,0,0,1.965,6.22227191925,1.10560773191,inside_domain
Morgan+Physical,6,0,HGCIXCUEYOPUTN-UHFFFAOYSA-N,Cyclohexene,298.15,0,0,2.22,5.21681928635,1.24380093714,inside_domain
Morgan+Physical,6,0,ZQDPJFUHLCOCRG-WAYWQWQTSA-N,cis-3-Hexene,298.15,0,0,2.062,3.58674812317,1.19258064684,inside_domain
Morgan+Physical,6,0,ZQDPJFUHLCOCRG-AATRIKPKSA-N,trans-3-Hexene,298.15,0,0,2,3.58674812317,1.10808604929,inside_domain
Morgan+Physical,6,0,KFUSEUYYWQURPO-UPHRSURJSA-N,"cis-1,2-Dichloroethylene",298.15,0,0,9.2,6.32778930664,9.01512393578,inside_domain
Morgan+Physical,6,0,QBELEDRHMPMKHP-UHFFFAOYSA-N,1-Bromo-2-chlorobenzene,293.15,0,0,6.8,8.45471572876,24.1815742763,inside_domain
Morgan+Physical,6,0,GETQZCLCWQTVFV-UHFFFAOYSA-N,Trimethylamine,298.15,0,0,2.44,13.2753639221,2.6946634545,inside_domain
Morgan+Physical,6,0,WQAQPCDUOCURKW-UHFFFAOYSA-N,1-Butanethiol,298.15,1,1,4.95,5.93672657013,12.2942625019,outside_associated_liquid
Morgan+Physical,6,0,HLLCNVLEVVFTJB-UHFFFAOYSA-N,2-Fluoro-2-methylbutane,293.15,0,0,5.89,6.28710269928,9.61421135256,inside_domain
Morgan+Physical,6,0,QARVLSVVCXYDNA-UHFFFAOYSA-N,Bromobenzene,298.15,0,0,5.4,8.77621841431,21.0611689365,inside_domain
Morgan+Physical,6,0,SNHMUERNLJLMHN-UHFFFAOYSA-N,Iodobenzene,293.15,0,0,4.63,8.75717449188,20.9443272724,inside_domain
Morgan+Physical,6,0,QQONPFPTGQHPMA-UHFFFAOYSA-N,Propene,293.15,0,0,1.875,3.78721499443,1.56210378661,inside_domain
Morgan+Physical,6,0,APPOKADJQUIAHP-UHFFFAOYSA-N,"2,4-Hexadiene",298.15,0,0,2.22,4.63792467117,1.31910733263,inside_domain
Morgan,6,1,AMQJEAYHLZJPGS-UHFFFAOYSA-N,pentan-1-ol,298.15,1,1,15.736,14.7637224197,5.16365543529,outside_associated_liquid
Morgan,6,1,BDERNNFJNOPAEC-UHFFFAOYSA-N,propan-1-ol,298.15,1,1,21.3,16.0387592316,10.28867817,outside_associated_liquid
Morgan,6,1,BKIMMITUMNQMOS-UHFFFAOYSA-N,nonane,298.15,0,0,1.98,4.51164007187,1.10532080108,inside_domain
Morgan,6,1,BTANRVKWQNVYAZ-UHFFFAOYSA-N,butan-2-ol,298.15,1,1,16.6,12.8994417191,8.35397764198,outside_associated_liquid
Morgan,6,1,CQEYYJKEWSMYFG-UHFFFAOYSA-N,butyl 2-propenoate,298.15,0,0,5.31,7.59788322449,8.81943541722,inside_domain
Morgan,6,1,CRVGTESFCCXCTH-UHFFFAOYSA-N,N-methyldiethanolamine,300.65,2,2,22.12,24.5909481049,10.6262172267,outside_associated_liquid
Morgan,6,1,DNIAPMSPPWPWGF-UHFFFAOYSA-N,"1,2-propanediol",303.15,2,2,27.87,28.1923294067,15.9608369814,outside_associated_liquid
Morgan,6,1,DURPTKYDGMDSBL-UHFFFAOYSA-N,dibutyl ether,298.15,0,0,3.106,3.49763846397,2.81657790905,inside_domain
Morgan,6,1,GRYUVYIMDGRRLN-UHFFFAOYSA-N,"1-butyl-2,3,4,5-tetramethylimidazolium bis(trifluoromethylsulfonyl)imide",298.15,0,0,15,13.2886190414,18.8149235057,inside_domain
Morgan,6,1,IIRFCWANHMSDCG-UHFFFAOYSA-N,cyclooctanone,300.65,0,0,14.38,17.6979370117,13.5668987419,inside_domain
Morgan,6,1,JIGUQPWFLRLWPJ-UHFFFAOYSA-N,ethyl propenoate,298.15,0,0,6.209,7.77888870239,13.7902225059,inside_domain
Morgan,6,1,LSBXQLQATZTAPE-UHFFFAOYSA-N,1-butyl-3-methylimidazolium tetrafluoroborate,298.15,0,0,13.9,6.25638723373,142.089757341,inside_domain
Morgan,6,1,LVTYICIALWPMFW-UHFFFAOYSA-N,N-(2-hydroxypropyl)-2-hydroxy-1-propanamine,303.15,3,3,13.87,19.6935443878,21.6555806344,outside_associated_liquid
Morgan,6,1,MTHSVFCYNBDYFN-UHFFFAOYSA-N,diethylene glycol,298.15,2,2,30.95,22.5283699036,11.7806957518,outside_associated_liquid
Morgan,6,1,MWKFXSUHUHTGQN-UHFFFAOYSA-N,decan-1-ol,298.15,1,1,7.74,14.7637224197,3.3156322585,outside_associated_liquid
Morgan,6,1,QTBSBXVTEAMEQO-UHFFFAOYSA-N,acetic acid,293.15,1,1,6.15,21.4859447479,12.6069173441,outside_associated_liquid
Morgan,6,1,UCCKRVYTJPMHRO-UHFFFAOYSA-N,"1-butyl-2,3-dimethyl-1H-imidazolium bis(trifluoromethylsulfonyl)amide",298.15,0,0,14,13.2886190414,11.4813553141,inside_domain
Morgan,6,1,UWHCKJMYHZGTIT-UHFFFAOYSA-N,tetraethylene glycol,298.15,2,2,19.91,22.5283699036,16.8875268244,outside_associated_liquid
Morgan,6,1,WZLFPVPRZGTCKP-UHFFFAOYSA-N,"1,1,1,3,3-pentafluorobutane",298.115,0,0,11.8861,8.54300117493,6.83236100939,inside_domain
Morgan,6,1,XDTMQSROBMDMFD-UHFFFAOYSA-N,cyclohexane,298.15,0,0,2.02,9.96490001678,1.10684113993,inside_domain
Morgan,6,1,YXFVVABEGXRONW-UHFFFAOYSA-N,toluene,297.385,0,0,2.40445,6.97491455078,1.46990395237,inside_domain
Morgan,6,1,ZMXDDKWLCZADIW-UHFFFAOYSA-N,dimethylformamide,302.73,0,0,36.55,16.2714385986,44.913135379,inside_domain
Morgan,6,1,ZPTRYWVRCNOTAS-UHFFFAOYSA-M,1-ethyl-3-methylimidazolium trifluoromethanesulfonate,298.15,0,0,16.5,22.3709259033,17.4010984828,inside_domain
Morgan,6,1,ZTOMUSMDRMJOTH-UHFFFAOYSA-N,pentanedinitrile,298.15,0,0,34.6,28.8090267181,26.6601988036,inside_domain
Morgan,6,1,ZXEKIIBDNHEJCQ-UHFFFAOYSA-N,2-methyl-1-propanol,298.15,1,1,17.96,18.7152271271,5.2814866108,outside_associated_liquid
Morgan,6,1,XEKOWRVHYACXOJ-UHFFFAOYSA-N,Ethyl acetate,298.15,0,0,6.02,8.82452774048,9.7831231174,inside_domain
Morgan,6,1,GJRQTCIYDGXPES-UHFFFAOYSA-N,Isobutyl acetate,293.15,0,0,5.29,13.5698738098,8.50004501778,inside_domain
Morgan,6,1,XNLICIUVMPYHGG-UHFFFAOYSA-N,2-Pentanone,293.15,0,0,15.45,12.168920517,17.6741821348,inside_domain
Morgan,6,1,FDPIMTJIUBPUKL-UHFFFAOYSA-N,3-Pentanone,293.15,0,0,17,12.5309238434,20.6156153797,inside_domain
Morgan,6,1,NVJBFARDFTXOTO-UHFFFAOYSA-N,Ethyl sulfite,293.15,0,0,15.9,18.2837543488,15.9704051889,inside_domain
Morgan,6,1,SPEUIVXLLWOEMJ-UHFFFAOYSA-N,"1,1-Dimethoxyethane",293.15,0,0,3.49,8.95511817932,8.95630913771,inside_domain
Morgan,6,1,ISPYQTSUDJAMAB-UHFFFAOYSA-N,o-Chlorophenol,298.15,1,1,6.31,9.53101921082,2.71741653544,outside_associated_liquid
Morgan,6,1,FVSKHRXBFJPNKK-UHFFFAOYSA-N,Propionitrile,293.15,0,0,27.2,24.1727733612,38.9694829474,inside_domain
Morgan,6,1,ZWEHNKRNPOVVGH-UHFFFAOYSA-N,2-Butanone,293.15,0,0,18.51,12.879404068,22.1880711838,inside_domain
Morgan,6,1,XCIXKGXIYUWCLL-UHFFFAOYSA-N,Cyclopentanol,293.15,1,1,18,12.9420728683,6.20107699779,outside_associated_liquid
Morgan,6,1,UJBOOUHRTQVGRU-UHFFFAOYSA-N,3-Methylcyclohexanone,293.15,0,0,12.4,19.7552528381,17.8915575672,inside_domain
Morgan,6,1,YWAKXRMUMFPDSH-UHFFFAOYSA-N,1-Pentene,293.15,0,0,2.1,4.15691709518,1.29861209178,inside_domain
Morgan,6,1,ZPQOPVIELGIULI-UHFFFAOYSA-N,m-Dichlorobenzene,298.15,0,0,5.04,6.36430358887,4.80631156245,inside_domain
Morgan,6,1,JUJWROOIHBZHMG-UHFFFAOYSA-N,Pyridine,298.15,0,0,12.3,10.3041229248,9.88027991812,inside_domain
Morgan,6,1,PAYRUJLWNCNPSJ-UHFFFAOYSA-N,Aniline,293.15,1,1,6.89,7.08458900452,7.45516883493,outside_associated_liquid
Morgan,6,1,RRHGJUQNOFWUDK-UHFFFAOYSA-N,"2-Methyl-1,3-butadiene (Isoprene)",298.15,0,0,2.1,9.8193397522,1.33056486908,inside_domain
Physical,6,1,AMQJEAYHLZJPGS-UHFFFAOYSA-N,pentan-1-ol,298.15,1,1,15.736,10.3252687454,5.16365543529,outside_associated_liquid
Physical,6,1,BDERNNFJNOPAEC-UHFFFAOYSA-N,propan-1-ol,298.15,1,1,21.3,17.3926792145,10.28867817,outside_associated_liquid
Physical,6,1,BKIMMITUMNQMOS-UHFFFAOYSA-N,nonane,298.15,0,0,1.98,2.37623524666,1.10532080108,inside_domain
Physical,6,1,BTANRVKWQNVYAZ-UHFFFAOYSA-N,butan-2-ol,298.15,1,1,16.6,10.8913421631,8.35397764198,outside_associated_liquid
Physical,6,1,CQEYYJKEWSMYFG-UHFFFAOYSA-N,butyl 2-propenoate,298.15,0,0,5.31,9.8507900238,8.81943541722,inside_domain
Physical,6,1,CRVGTESFCCXCTH-UHFFFAOYSA-N,N-methyldiethanolamine,300.65,2,2,22.12,19.5388526917,10.6262172267,outside_associated_liquid
Physical,6,1,DNIAPMSPPWPWGF-UHFFFAOYSA-N,"1,2-propanediol",303.15,2,2,27.87,55.6476173401,15.9608369814,outside_associated_liquid
Physical,6,1,DURPTKYDGMDSBL-UHFFFAOYSA-N,dibutyl ether,298.15,0,0,3.106,3.22738552094,2.81657790905,inside_domain
Physical,6,1,GRYUVYIMDGRRLN-UHFFFAOYSA-N,"1-butyl-2,3,4,5-tetramethylimidazolium bis(trifluoromethylsulfonyl)imide",298.15,0,0,15,14.4890041351,18.8149235057,inside_domain
Physical,6,1,IIRFCWANHMSDCG-UHFFFAOYSA-N,cyclooctanone,300.65,0,0,14.38,9.517329216,13.5668987419,inside_domain
Physical,6,1,JIGUQPWFLRLWPJ-UHFFFAOYSA-N,ethyl propenoate,298.15,0,0,6.209,11.4707431793,13.7902225059,inside_domain
Physical,6,1,LSBXQLQATZTAPE-UHFFFAOYSA-N,1-butyl-3-methylimidazolium tetrafluoroborate,298.15,0,0,13.9,15.0187988281,142.089757341,inside_domain
Physical,6,1,LVTYICIALWPMFW-UHFFFAOYSA-N,N-(2-hydroxypropyl)-2-hydroxy-1-propanamine,303.15,3,3,13.87,36.6265945435,21.6555806344,outside_associated_liquid
Physical,6,1,MTHSVFCYNBDYFN-UHFFFAOYSA-N,diethylene glycol,298.15,2,2,30.95,19.516708374,11.7806957518,outside_associated_liquid
Physical,6,1,MWKFXSUHUHTGQN-UHFFFAOYSA-N,decan-1-ol,298.15,1,1,7.74,10.7598619461,3.3156322585,outside_associated_liquid
Physical,6,1,QTBSBXVTEAMEQO-UHFFFAOYSA-N,acetic acid,293.15,1,1,6.15,27.1711750031,12.6069173441,outside_associated_liquid
Physical,6,1,UCCKRVYTJPMHRO-UHFFFAOYSA-N,"1-butyl-2,3-dimethyl-1H-imidazolium bis(trifluoromethylsulfonyl)amide",298.15,0,0,14,15.7151231766,11.4813553141,inside_domain
Physical,6,1,UWHCKJMYHZGTIT-UHFFFAOYSA-N,tetraethylene glycol,298.15,2,2,19.91,21.1175022125,16.8875268244,outside_associated_liquid
Physical,6,1,WZLFPVPRZGTCKP-UHFFFAOYSA-N,"1,1,1,3,3-pentafluorobutane",298.115,0,0,11.8861,3.90945577621,6.83236100939,inside_domain
Physical,6,1,XDTMQSROBMDMFD-UHFFFAOYSA-N,cyclohexane,298.15,0,0,2.02,2.65921473503,1.10684113993,inside_domain
Physical,6,1,YXFVVABEGXRONW-UHFFFAOYSA-N,toluene,297.385,0,0,2.40445,1.82505536079,1.46990395237,inside_domain
Physical,6,1,ZMXDDKWLCZADIW-UHFFFAOYSA-N,dimethylformamide,302.73,0,0,36.55,62.1715583801,44.913135379,inside_domain
Physical,6,1,ZPTRYWVRCNOTAS-UHFFFAOYSA-M,1-ethyl-3-methylimidazolium trifluoromethanesulfonate,298.15,0,0,16.5,18.6440372467,17.4010984828,inside_domain
Physical,6,1,ZTOMUSMDRMJOTH-UHFFFAOYSA-N,pentanedinitrile,298.15,0,0,34.6,22.0351886749,26.6601988036,inside_domain
Physical,6,1,ZXEKIIBDNHEJCQ-UHFFFAOYSA-N,2-methyl-1-propanol,298.15,1,1,17.96,14.4920578003,5.2814866108,outside_associated_liquid
Physical,6,1,XEKOWRVHYACXOJ-UHFFFAOYSA-N,Ethyl acetate,298.15,0,0,6.02,7.34084272385,9.7831231174,inside_domain
Physical,6,1,GJRQTCIYDGXPES-UHFFFAOYSA-N,Isobutyl acetate,293.15,0,0,5.29,7.10053682327,8.50004501778,inside_domain
Physical,6,1,XNLICIUVMPYHGG-UHFFFAOYSA-N,2-Pentanone,293.15,0,0,15.45,11.8867778778,17.6741821348,inside_domain
Physical,6,1,FDPIMTJIUBPUKL-UHFFFAOYSA-N,3-Pentanone,293.15,0,0,17,10.8696966171,20.6156153797,inside_domain
Physical,6,1,NVJBFARDFTXOTO-UHFFFAOYSA-N,Ethyl sulfite,293.15,0,0,15.9,15.8168268204,15.9704051889,inside_domain
Physical,6,1,SPEUIVXLLWOEMJ-UHFFFAOYSA-N,"1,1-Dimethoxyethane",293.15,0,0,3.49,7.49786186218,8.95630913771,inside_domain
Physical,6,1,ISPYQTSUDJAMAB-UHFFFAOYSA-N,o-Chlorophenol,298.15,1,1,6.31,15.807100296,2.71741653544,outside_associated_liquid
Physical,6,1,FVSKHRXBFJPNKK-UHFFFAOYSA-N,Propionitrile,293.15,0,0,27.2,27.8909416199,38.9694829474,inside_domain
Physical,6,1,ZWEHNKRNPOVVGH-UHFFFAOYSA-N,2-Butanone,293.15,0,0,18.51,26.7608852386,22.1880711838,inside_domain
Physical,6,1,XCIXKGXIYUWCLL-UHFFFAOYSA-N,Cyclopentanol,293.15,1,1,18,12.0459079742,6.20107699779,outside_associated_liquid
Physical,6,1,UJBOOUHRTQVGRU-UHFFFAOYSA-N,3-Methylcyclohexanone,293.15,0,0,12.4,12.168513298,17.8915575672,inside_domain
Physical,6,1,YWAKXRMUMFPDSH-UHFFFAOYSA-N,1-Pentene,293.15,0,0,2.1,1.73594093323,1.29861209178,inside_domain
Physical,6,1,ZPQOPVIELGIULI-UHFFFAOYSA-N,m-Dichlorobenzene,298.15,0,0,5.04,3.85591578484,4.80631156245,inside_domain
Physical,6,1,JUJWROOIHBZHMG-UHFFFAOYSA-N,Pyridine,298.15,0,0,12.3,23.6046638489,9.88027991812,inside_domain
Physical,6,1,PAYRUJLWNCNPSJ-UHFFFAOYSA-N,Aniline,293.15,1,1,6.89,13.5213594437,7.45516883493,outside_associated_liquid
Physical,6,1,RRHGJUQNOFWUDK-UHFFFAOYSA-N,"2-Methyl-1,3-butadiene (Isoprene)",298.15,0,0,2.1,1.89382517338,1.33056486908,inside_domain
Morgan+Physical,6,1,AMQJEAYHLZJPGS-UHFFFAOYSA-N,pentan-1-ol,298.15,1,1,15.736,12.5444955826,5.16365543529,outside_associated_liquid
Morgan+Physical,6,1,BDERNNFJNOPAEC-UHFFFAOYSA-N,propan-1-ol,298.15,1,1,21.3,16.715719223,10.28867817,outside_associated_liquid
Morgan+Physical,6,1,BKIMMITUMNQMOS-UHFFFAOYSA-N,nonane,298.15,0,0,1.98,3.44393777847,1.10532080108,inside_domain
Morgan+Physical,6,1,BTANRVKWQNVYAZ-UHFFFAOYSA-N,butan-2-ol,298.15,1,1,16.6,11.8953914642,8.35397764198,outside_associated_liquid
Morgan+Physical,6,1,CQEYYJKEWSMYFG-UHFFFAOYSA-N,butyl 2-propenoate,298.15,0,0,5.31,8.72433662415,8.81943541722,inside_domain
Morgan+Physical,6,1,CRVGTESFCCXCTH-UHFFFAOYSA-N,N-methyldiethanolamine,300.65,2,2,22.12,22.0648994446,10.6262172267,outside_associated_liquid
Morgan+Physical,6,1,DNIAPMSPPWPWGF-UHFFFAOYSA-N,"1,2-propanediol",303.15,2,2,27.87,41.9199752808,15.9608369814,outside_associated_liquid
Morgan+Physical,6,1,DURPTKYDGMDSBL-UHFFFAOYSA-N,dibutyl ether,298.15,0,0,3.106,3.36251211166,2.81657790905,inside_domain
Morgan+Physical,6,1,GRYUVYIMDGRRLN-UHFFFAOYSA-N,"1-butyl-2,3,4,5-tetramethylimidazolium bis(trifluoromethylsulfonyl)imide",298.15,0,0,15,13.8888111115,18.8149235057,inside_domain
Morgan+Physical,6,1,IIRFCWANHMSDCG-UHFFFAOYSA-N,cyclooctanone,300.65,0,0,14.38,13.6076335907,13.5668987419,inside_domain
Morgan+Physical,6,1,JIGUQPWFLRLWPJ-UHFFFAOYSA-N,ethyl propenoate,298.15,0,0,6.209,9.62481594086,13.7902225059,inside_domain
Morgan+Physical,6,1,LSBXQLQATZTAPE-UHFFFAOYSA-N,1-butyl-3-methylimidazolium tetrafluoroborate,298.15,0,0,13.9,10.6375932693,142.089757341,inside_domain
Morgan+Physical,6,1,LVTYICIALWPMFW-UHFFFAOYSA-N,N-(2-hydroxypropyl)-2-hydroxy-1-propanamine,303.15,3,3,13.87,28.160068512,21.6555806344,outside_associated_liquid
Morgan+Physical,6,1,MTHSVFCYNBDYFN-UHFFFAOYSA-N,diethylene glycol,298.15,2,2,30.95,21.0225391388,11.7806957518,outside_associated_liquid
Morgan+Physical,6,1,MWKFXSUHUHTGQN-UHFFFAOYSA-N,decan-1-ol,298.15,1,1,7.74,12.7617921829,3.3156322585,outside_associated_liquid
Morgan+Physical,6,1,QTBSBXVTEAMEQO-UHFFFAOYSA-N,acetic acid,293.15,1,1,6.15,24.3285598755,12.6069173441,outside_associated_liquid
Morgan+Physical,6,1,UCCKRVYTJPMHRO-UHFFFAOYSA-N,"1-butyl-2,3-dimethyl-1H-imidazolium bis(trifluoromethylsulfonyl)amide",298.15,0,0,14,14.501871109,11.4813553141,inside_domain
Morgan+Physical,6,1,UWHCKJMYHZGTIT-UHFFFAOYSA-N,tetraethylene glycol,298.15,2,2,19.91,21.8229370117,16.8875268244,outside_associated_liquid
Morgan+Physical,6,1,WZLFPVPRZGTCKP-UHFFFAOYSA-N,"1,1,1,3,3-pentafluorobutane",298.115,0,0,11.8861,6.22622871399,6.83236100939,inside_domain
Morgan+Physical,6,1,XDTMQSROBMDMFD-UHFFFAOYSA-N,cyclohexane,298.15,0,0,2.02,6.31205749512,1.10684113993,inside_domain
Morgan+Physical,6,1,YXFVVABEGXRONW-UHFFFAOYSA-N,toluene,297.385,0,0,2.40445,4.39998483658,1.46990395237,inside_domain
Morgan+Physical,6,1,ZMXDDKWLCZADIW-UHFFFAOYSA-N,dimethylformamide,302.73,0,0,36.55,39.221496582,44.913135379,inside_domain
Morgan+Physical,6,1,ZPTRYWVRCNOTAS-UHFFFAOYSA-M,1-ethyl-3-methylimidazolium trifluoromethanesulfonate,298.15,0,0,16.5,20.5074806213,17.4010984828,inside_domain
Morgan+Physical,6,1,ZTOMUSMDRMJOTH-UHFFFAOYSA-N,pentanedinitrile,298.15,0,0,34.6,25.4221076965,26.6601988036,inside_domain
Morgan+Physical,6,1,ZXEKIIBDNHEJCQ-UHFFFAOYSA-N,2-methyl-1-propanol,298.15,1,1,17.96,16.60364151,5.2814866108,outside_associated_liquid
Morgan+Physical,6,1,XEKOWRVHYACXOJ-UHFFFAOYSA-N,Ethyl acetate,298.15,0,0,6.02,8.08268547058,9.7831231174,inside_domain
Morgan+Physical,6,1,GJRQTCIYDGXPES-UHFFFAOYSA-N,Isobutyl acetate,293.15,0,0,5.29,10.3352050781,8.50004501778,inside_domain
Morgan+Physical,6,1,XNLICIUVMPYHGG-UHFFFAOYSA-N,2-Pentanone,293.15,0,0,15.45,12.0278491974,17.6741821348,inside_domain
Morgan+Physical,6,1,FDPIMTJIUBPUKL-UHFFFAOYSA-N,3-Pentanone,293.15,0,0,17,11.7003097534,20.6156153797,inside_domain
Morgan+Physical,6,1,NVJBFARDFTXOTO-UHFFFAOYSA-N,Ethyl sulfite,293.15,0,0,15.9,17.0502910614,15.9704051889,inside_domain
Morgan+Physical,6,1,SPEUIVXLLWOEMJ-UHFFFAOYSA-N,"1,1-Dimethoxyethane",293.15,0,0,3.49,8.22649002075,8.95630913771,inside_domain
Morgan+Physical,6,1,ISPYQTSUDJAMAB-UHFFFAOYSA-N,o-Chlorophenol,298.15,1,1,6.31,12.6690597534,2.71741653544,outside_associated_liquid
Morgan+Physical,6,1,FVSKHRXBFJPNKK-UHFFFAOYSA-N,Propionitrile,293.15,0,0,27.2,26.0318565369,38.9694829474,inside_domain
Morgan+Physical,6,1,ZWEHNKRNPOVVGH-UHFFFAOYSA-N,2-Butanone,293.15,0,0,18.51,19.8201446533,22.1880711838,inside_domain
Morgan+Physical,6,1,XCIXKGXIYUWCLL-UHFFFAOYSA-N,Cyclopentanol,293.15,1,1,18,12.4939899445,6.20107699779,outside_associated_liquid
Morgan+Physical,6,1,UJBOOUHRTQVGRU-UHFFFAOYSA-N,3-Methylcyclohexanone,293.15,0,0,12.4,15.9618835449,17.8915575672,inside_domain
Morgan+Physical,6,1,YWAKXRMUMFPDSH-UHFFFAOYSA-N,1-Pentene,293.15,0,0,2.1,2.94642901421,1.29861209178,inside_domain
Morgan+Physical,6,1,ZPQOPVIELGIULI-UHFFFAOYSA-N,m-Dichlorobenzene,298.15,0,0,5.04,5.11010980606,4.80631156245,inside_domain
Morgan+Physical,6,1,JUJWROOIHBZHMG-UHFFFAOYSA-N,Pyridine,298.15,0,0,12.3,16.9543933868,9.88027991812,inside_domain
Morgan+Physical,6,1,PAYRUJLWNCNPSJ-UHFFFAOYSA-N,Aniline,293.15,1,1,6.89,10.3029747009,7.45516883493,outside_associated_liquid
Morgan+Physical,6,1,RRHGJUQNOFWUDK-UHFFFAOYSA-N,"2-Methyl-1,3-butadiene (Isoprene)",298.15,0,0,2.1,5.8565826416,1.33056486908,inside_domain
Morgan,6,2,AFBPFSWMIHJQDM-UHFFFAOYSA-N,N-methylaniline,300.15,1,1,5.878,8.3232755661,7.11572078225,outside_associated_liquid
Morgan,6,2,FXHOOIRPVKKKFG-UHFFFAOYSA-N,"N,N-dimethylethanamide",303.15,0,0,37.72,15.7224254608,35.5309250609,inside_domain
Morgan,6,2,HQWOEDCLDNFWEV-UHFFFAOYSA-M,1-ethyl-3-methylimidazolium diethyl phosphate,298.15,0,0,16.9,21.2450237274,96.6466343683,inside_domain
Morgan,6,2,IMNFDUFMRHMDMM-UHFFFAOYSA-N,heptane,298.15,0,0,1.93,5.78509426117,1.10583566295,inside_domain
Morgan,6,2,KLTUZFZUYLXTFF-UHFFFAOYSA-N,1-(2-hydroxyethyl)-3-methylimidazolium tetrafluoroborate,298.15,1,1,23.3,20.7345237732,82.1073071673,outside_associated_liquid
Morgan,6,2,LRHPLDYGYMQRHN-UHFFFAOYSA-N,butan-1-ol,298.15,1,1,18.03,14.441277504,8.39006069244,outside_associated_liquid
Morgan,6,2,NEQXUPRFDXNNTA-UHFFFAOYSA-N,2-hydroxyethylammonium lactate,298.15,4,4,85.6,46.4890213013,5.97933023131,outside_associated_liquid
Morgan,6,2,OOKUTCYPKPJYFV-UHFFFAOYSA-N,1-methylimidazolium bromide,298.15,0,0,16.6,17.6181678772,28.8470050896,inside_domain
Morgan,6,2,PEDCQBHIVMGVHV-UHFFFAOYSA-N,glycerol,303.15,3,3,41.17,34.9121513367,13.4501001088,outside_associated_liquid
Morgan,6,2,SBZXBUIDTXKZTM-UHFFFAOYSA-N,"2,5,8-trioxanonane",298.15,0,0,7.3815,7.86087036133,14.0264717054,inside_domain
Morgan,6,2,SHQSVMDWKBRBGB-UHFFFAOYSA-N,cyclobutanone,298.15,0,0,14.96,15.406794548,24.058855292,inside_domain
Morgan,6,2,TVMXDCGIABBOFY-UHFFFAOYSA-N,octane,298.15,0,0,1.961,5.78509426117,1.1076211483,inside_domain
Morgan,6,2,UAEPNZWRGJTJPN-UHFFFAOYSA-N,methylcyclohexane,298.2,0,0,2.01,9.67735385895,1.10998539605,inside_domain
Morgan,6,2,UODQEMVTULZGKO-UHFFFAOYSA-N,"1-pentyl-1-methylpyrrolidinium 1,1,1-trifluoro-N-[(trifluoromethyl)sulfonyl]methanesulfonamide",298.15,0,0,12.5,12.3907308578,24.4937811978,inside_domain
Morgan,6,2,VFTFKUDGYRBSAL-UHFFFAOYSA-N,"1,4,7,10,13-pentaoxacyclopentadecane",298.15,0,0,15.48,10.0491266251,14.8444868881,inside_domain
Morgan,6,2,YEJRWHAVMIAJKC-UHFFFAOYSA-N,.gamma.-butyrolactone,295.65,0,0,41.99,15.406794548,50.6116986269,inside_domain
Morgan,6,2,ZIBGPFATKBEMQZ-UHFFFAOYSA-N,triethylene glycol,298.15,2,2,23.07,24.7047309875,12.1409402443,outside_associated_liquid
Morgan,6,2,ZSIAUFGUXNUGDI-UHFFFAOYSA-N,hexan-1-ol,298.15,1,1,14.26,14.441277504,5.23133673613,outside_associated_liquid
Morgan,6,2,DKPFZGUDAPQIHT-UHFFFAOYSA-N,Butyl acetate,293.15,0,0,5.01,7.33384180069,10.0231968887,inside_domain
Morgan,6,2,WFCLYEAZTHWNEH-UHFFFAOYSA-N,Ethyl thiocyanate,294.15,0,0,29.3,24.4219150543,32.9129822647,inside_domain
Morgan,6,2,LCGLNKUTAGEVQW-UHFFFAOYSA-N,Methyl ether,298.15,0,0,5.02,7.86087036133,8.12045219138,inside_domain
Morgan,6,2,NKKMVIVFRUYPLQ-NSCUHMNNSA-N,Crotononitrile (bp 108 C),293.15,0,0,36.1,29.1760826111,48.0153469112,inside_domain
Morgan,6,2,RDOXTESZEPMUJZ-UHFFFAOYSA-N,Methoxybenzene (Anisole),298.15,0,0,4.33,6.7789683342,3.78240490407,inside_domain
Morgan,6,2,FOTXAJDDGPYIFU-UHFFFAOYSA-N,Ethylcyclopropane,293.15,0,0,1.933,6.58372306824,1.15468220207,inside_domain
Morgan,6,2,UHOVQNZJYSORNB-UHFFFAOYSA-N,Benzene,293.15,0,0,2.284,10.0491266251,1.12590545146,inside_domain
Morgan,6,2,NEZRFXZYPAIZAD-UHFFFAOYSA-N,Ethylcyclobutane,293.15,0,0,1.965,6.58372306824,1.12524438408,inside_domain
Morgan,6,2,VLKZOEOYAKHREP-UHFFFAOYSA-N,n-Hexane,293.15,0,0,1.89,5.78509426117,1.10385792273,inside_domain
Morgan,6,2,UQEAIHBTYFGYIE-UHFFFAOYSA-N,Hexamethyldisiloxane,293.15,0,0,2.17,7.86087036133,1.21737241547,inside_domain
Morgan,6,2,GETTZEONDQJALK-UHFFFAOYSA-N,"alpha,alpha,alpha-Trifluorotoluene",303.15,0,0,9.18,8.69504833221,23.2671758909,inside_domain
Morgan,6,2,KFUSEUYYWQURPO-OWOJBTEDSA-N,"trans-1,2-Dichloroethylene",298.15,0,0,2.14,9.91438007355,1.11523574299,inside_domain
Morgan,6,2,WQONPSCCEXUXTQ-UHFFFAOYSA-N,o-Dibromobenzene,293.15,0,0,7.35,8.69504833221,35.3981532236,inside_domain
Morgan,6,2,SFPQFQUXAJOWNF-UHFFFAOYSA-N,m-Diiodobenzene,298.15,0,0,4.25,8.69504833221,13.6499299113,inside_domain
Morgan,6,2,YLQBMQCUIZJEEH-UHFFFAOYSA-N,Furan,298.15,0,0,2.95,10.0491266251,1.38878820797,inside_domain
Morgan,6,2,LJSQFQKUNVCTIA-UHFFFAOYSA-N,Ethyl sulfide,298.15,0,0,5.72,6.31154727936,10.37513043,inside_domain
Morgan,6,2,OEPRBXUJOQLYID-UHFFFAOYSA-N,1-Fluoropentane,293.15,0,0,4.24,8.15857315063,9.3663047404,inside_domain
Morgan,6,2,IBSQPLPBRSHTTG-UHFFFAOYSA-N,o-Chlorotoluene,293.15,0,0,4.45,8.18852901459,4.30209983232,inside_domain
Morgan,6,2,OSOUNOBYRMOXQQ-UHFFFAOYSA-N,m-Chlorotoluene,293.15,0,0,5.55,8.18852901459,8.19037794732,inside_domain
Morgan,6,2,NPDACUSDTOMAMK-UHFFFAOYSA-N,p-Chlorotoluene,293.15,0,0,6.08,8.18852901459,9.81647562753,inside_domain
Morgan,6,2,MMZYCBHLNZVROM-UHFFFAOYSA-N,o-Fluorotoluene,303.15,0,0,4.22,8.3232755661,6.12573643678,inside_domain
Morgan,6,2,PMJHHCWVYXUKFD-SNAWJCMRSA-N,"1,3-Pentadiene",298.15,0,0,2.32,8.9595823288,1.87012388355,inside_domain
Morgan,6,2,BOGRNZQRTNVZCZ-AATRIKPKSA-N,"3-Methyl-1,3-pentadiene",298.15,0,0,2.43,10.2089338303,1.66039772435,inside_domain
Physical,6,2,AFBPFSWMIHJQDM-UHFFFAOYSA-N,N-methylaniline,300.15,1,1,5.878,8.30061340332,7.11572078225,outside_associated_liquid
Physical,6,2,FXHOOIRPVKKKFG-UHFFFAOYSA-N,"N,N-dimethylethanamide",303.15,0,0,37.72,23.3195400238,35.5309250609,inside_domain
Physical,6,2,HQWOEDCLDNFWEV-UHFFFAOYSA-M,1-ethyl-3-methylimidazolium diethyl phosphate,298.15,0,0,16.9,27.8379325867,96.6466343683,inside_domain
Physical,6,2,IMNFDUFMRHMDMM-UHFFFAOYSA-N,heptane,298.15,0,0,1.93,2.95252180099,1.10583566295,inside_domain
Physical,6,2,KLTUZFZUYLXTFF-UHFFFAOYSA-N,1-(2-hydroxyethyl)-3-methylimidazolium tetrafluoroborate,298.15,1,1,23.3,24.5880718231,82.1073071673,outside_associated_liquid
Physical,6,2,LRHPLDYGYMQRHN-UHFFFAOYSA-N,butan-1-ol,298.15,1,1,18.03,12.4036426544,8.39006069244,outside_associated_liquid
Physical,6,2,NEQXUPRFDXNNTA-UHFFFAOYSA-N,2-hydroxyethylammonium lactate,298.15,4,4,85.6,39.0804443359,5.97933023131,outside_associated_liquid
Physical,6,2,OOKUTCYPKPJYFV-UHFFFAOYSA-N,1-methylimidazolium bromide,298.15,0,0,16.6,21.7704353333,28.8470050896,inside_domain
Physical,6,2,PEDCQBHIVMGVHV-UHFFFAOYSA-N,glycerol,303.15,3,3,41.17,23.6456565857,13.4501001088,outside_associated_liquid
Physical,6,2,SBZXBUIDTXKZTM-UHFFFAOYSA-N,"2,5,8-trioxanonane",298.15,0,0,7.3815,9.83771705627,14.0264717054,inside_domain
Physical,6,2,SHQSVMDWKBRBGB-UHFFFAOYSA-N,cyclobutanone,298.15,0,0,14.96,33.3242683411,24.058855292,inside_domain
Physical,6,2,TVMXDCGIABBOFY-UHFFFAOYSA-N,octane,298.15,0,0,1.961,2.69289851189,1.1076211483,inside_domain
Physical,6,2,UAEPNZWRGJTJPN-UHFFFAOYSA-N,methylcyclohexane,298.2,0,0,2.01,2.9401576519,1.10998539605,inside_domain
Physical,6,2,UODQEMVTULZGKO-UHFFFAOYSA-N,"1-pentyl-1-methylpyrrolidinium 1,1,1-trifluoro-N-[(trifluoromethyl)sulfonyl]methanesulfonamide",298.15,0,0,12.5,17.4745426178,24.4937811978,inside_domain
Physical,6,2,VFTFKUDGYRBSAL-UHFFFAOYSA-N,"1,4,7,10,13-pentaoxacyclopentadecane",298.15,0,0,15.48,12.5140829086,14.8444868881,inside_domain
Physical,6,2,YEJRWHAVMIAJKC-UHFFFAOYSA-N,.gamma.-butyrolactone,295.65,0,0,41.99,22.8800983429,50.6116986269,inside_domain
Physical,6,2,ZIBGPFATKBEMQZ-UHFFFAOYSA-N,triethylene glycol,298.15,2,2,23.07,24.2078266144,12.1409402443,outside_associated_liquid
Physical,6,2,ZSIAUFGUXNUGDI-UHFFFAOYSA-N,hexan-1-ol,298.15,1,1,14.26,11.4768400192,5.23133673613,outside_associated_liquid
Physical,6,2,DKPFZGUDAPQIHT-UHFFFAOYSA-N,Butyl acetate,293.15,0,0,5.01,5.571808815,10.0231968887,inside_domain
Physical,6,2,WFCLYEAZTHWNEH-UHFFFAOYSA-N,Ethyl thiocyanate,294.15,0,0,29.3,25.0318088531,32.9129822647,inside_domain
Physical,6,2,LCGLNKUTAGEVQW-UHFFFAOYSA-N,Methyl ether,298.15,0,0,5.02,18.700838089,8.12045219138,inside_domain
Physical,6,2,NKKMVIVFRUYPLQ-NSCUHMNNSA-N,Crotononitrile (bp 108 C),293.15,0,0,36.1,36.0528259277,48.0153469112,inside_domain
Physical,6,2,RDOXTESZEPMUJZ-UHFFFAOYSA-N,Methoxybenzene (Anisole),298.15,0,0,4.33,4.03778600693,3.78240490407,inside_domain
Physical,6,2,FOTXAJDDGPYIFU-UHFFFAOYSA-N,Ethylcyclopropane,293.15,0,0,1.933,3.91184735298,1.15468220207,inside_domain
Physical,6,2,UHOVQNZJYSORNB-UHFFFAOYSA-N,Benzene,293.15,0,0,2.284,1,1.12590545146,inside_domain
Physical,6,2,NEZRFXZYPAIZAD-UHFFFAOYSA-N,Ethylcyclobutane,293.15,0,0,1.965,3.57156682014,1.12524438408,inside_domain
Physical,6,2,VLKZOEOYAKHREP-UHFFFAOYSA-N,n-Hexane,293.15,0,0,1.89,2.968116045,1.10385792273,inside_domain
Physical,6,2,UQEAIHBTYFGYIE-UHFFFAOYSA-N,Hexamethyldisiloxane,293.15,0,0,2.17,1.18902361393,1.21737241547,inside_domain
Physical,6,2,GETTZEONDQJALK-UHFFFAOYSA-N,"alpha,alpha,alpha-Trifluorotoluene",303.15,0,0,9.18,15.2974853516,23.2671758909,inside_domain
Physical,6,2,KFUSEUYYWQURPO-OWOJBTEDSA-N,"trans-1,2-Dichloroethylene",298.15,0,0,2.14,10.707490921,1.11523574299,inside_domain
Physical,6,2,WQONPSCCEXUXTQ-UHFFFAOYSA-N,o-Dibromobenzene,293.15,0,0,7.35,11.9870357513,35.3981532236,inside_domain
Physical,6,2,SFPQFQUXAJOWNF-UHFFFAOYSA-N,m-Diiodobenzene,298.15,0,0,4.25,3.42845726013,13.6499299113,inside_domain
Physical,6,2,YLQBMQCUIZJEEH-UHFFFAOYSA-N,Furan,298.15,0,0,2.95,13.5778589249,1.38878820797,inside_domain
Physical,6,2,LJSQFQKUNVCTIA-UHFFFAOYSA-N,Ethyl sulfide,298.15,0,0,5.72,4.46194839478,10.37513043,inside_domain
Physical,6,2,OEPRBXUJOQLYID-UHFFFAOYSA-N,1-Fluoropentane,293.15,0,0,4.24,6.36731147766,9.3663047404,inside_domain
Physical,6,2,IBSQPLPBRSHTTG-UHFFFAOYSA-N,o-Chlorotoluene,293.15,0,0,4.45,9.64217090607,4.30209983232,inside_domain
Physical,6,2,OSOUNOBYRMOXQQ-UHFFFAOYSA-N,m-Chlorotoluene,293.15,0,0,5.55,4.14888954163,8.19037794732,inside_domain
Physical,6,2,NPDACUSDTOMAMK-UHFFFAOYSA-N,p-Chlorotoluene,293.15,0,0,6.08,3.72775506973,9.81647562753,inside_domain
Physical,6,2,MMZYCBHLNZVROM-UHFFFAOYSA-N,o-Fluorotoluene,303.15,0,0,4.22,12.4898805618,6.12573643678,inside_domain
Physical,6,2,PMJHHCWVYXUKFD-SNAWJCMRSA-N,"1,3-Pentadiene",298.15,0,0,2.32,2.44903421402,1.87012388355,inside_domain
Physical,6,2,BOGRNZQRTNVZCZ-AATRIKPKSA-N,"3-Methyl-1,3-pentadiene",298.15,0,0,2.43,2.24923610687,1.66039772435,inside_domain
Morgan+Physical,6,2,AFBPFSWMIHJQDM-UHFFFAOYSA-N,N-methylaniline,300.15,1,1,5.878,8.31194496155,7.11572078225,outside_associated_liquid
Morgan+Physical,6,2,FXHOOIRPVKKKFG-UHFFFAOYSA-N,"N,N-dimethylethanamide",303.15,0,0,37.72,19.5209827423,35.5309250609,inside_domain
Morgan+Physical,6,2,HQWOEDCLDNFWEV-UHFFFAOYSA-M,1-ethyl-3-methylimidazolium diethyl phosphate,298.15,0,0,16.9,24.5414772034,96.6466343683,inside_domain
Morgan+Physical,6,2,IMNFDUFMRHMDMM-UHFFFAOYSA-N,heptane,298.15,0,0,1.93,4.36880779266,1.10583566295,inside_domain
Morgan+Physical,6,2,KLTUZFZUYLXTFF-UHFFFAOYSA-N,1-(2-hydroxyethyl)-3-methylimidazolium tetrafluoroborate,298.15,1,1,23.3,22.6612968445,82.1073071673,outside_associated_liquid
Morgan+Physical,6,2,LRHPLDYGYMQRHN-UHFFFAOYSA-N,butan-1-ol,298.15,1,1,18.03,13.422460556,8.39006069244,outside_associated_liquid
Morgan+Physical,6,2,NEQXUPRFDXNNTA-UHFFFAOYSA-N,2-hydroxyethylammonium lactate,298.15,4,4,85.6,42.7847328186,5.97933023131,outside_associated_liquid
Morgan+Physical,6,2,OOKUTCYPKPJYFV-UHFFFAOYSA-N,1-methylimidazolium bromide,298.15,0,0,16.6,19.6943016052,28.8470050896,inside_domain
Morgan+Physical,6,2,PEDCQBHIVMGVHV-UHFFFAOYSA-N,glycerol,303.15,3,3,41.17,29.2789039612,13.4501001088,outside_associated_liquid
Morgan+Physical,6,2,SBZXBUIDTXKZTM-UHFFFAOYSA-N,"2,5,8-trioxanonane",298.15,0,0,7.3815,8.8492937088,14.0264717054,inside_domain
Morgan+Physical,6,2,SHQSVMDWKBRBGB-UHFFFAOYSA-N,cyclobutanone,298.15,0,0,14.96,24.3655319214,24.058855292,inside_domain
Morgan+Physical,6,2,TVMXDCGIABBOFY-UHFFFAOYSA-N,octane,298.15,0,0,1.961,4.23899650574,1.1076211483,inside_domain
Morgan+Physical,6,2,UAEPNZWRGJTJPN-UHFFFAOYSA-N,methylcyclohexane,298.2,0,0,2.01,6.30875587463,1.10998539605,inside_domain
Morgan+Physical,6,2,UODQEMVTULZGKO-UHFFFAOYSA-N,"1-pentyl-1-methylpyrrolidinium 1,1,1-trifluoro-N-[(trifluoromethyl)sulfonyl]methanesulfonamide",298.15,0,0,12.5,14.932636261,24.4937811978,inside_domain
Morgan+Physical,6,2,VFTFKUDGYRBSAL-UHFFFAOYSA-N,"1,4,7,10,13-pentaoxacyclopentadecane",298.15,0,0,15.48,11.2816047668,14.8444868881,inside_domain
Morgan+Physical,6,2,YEJRWHAVMIAJKC-UHFFFAOYSA-N,.gamma.-butyrolactone,295.65,0,0,41.99,19.1434459686,50.6116986269,inside_domain
Morgan+Physical,6,2,ZIBGPFATKBEMQZ-UHFFFAOYSA-N,triethylene glycol,298.15,2,2,23.07,24.4562797546,12.1409402443,outside_associated_liquid
Morgan+Physical,6,2,ZSIAUFGUXNUGDI-UHFFFAOYSA-N,hexan-1-ol,298.15,1,1,14.26,12.9590587616,5.23133673613,outside_associated_liquid
Morgan+Physical,6,2,DKPFZGUDAPQIHT-UHFFFAOYSA-N,Butyl acetate,293.15,0,0,5.01,6.45282554626,10.0231968887,inside_domain
Morgan+Physical,6,2,WFCLYEAZTHWNEH-UHFFFAOYSA-N,Ethyl thiocyanate,294.15,0,0,29.3,24.7268619537,32.9129822647,inside_domain
Morgan+Physical,6,2,LCGLNKUTAGEVQW-UHFFFAOYSA-N,Methyl ether,298.15,0,0,5.02,13.2808542252,8.12045219138,inside_domain
Morgan+Physical,6,2,NKKMVIVFRUYPLQ-NSCUHMNNSA-N,Crotononitrile (bp 108 C),293.15,0,0,36.1,32.6144561768,48.0153469112,inside_domain
Morgan+Physical,6,2,RDOXTESZEPMUJZ-UHFFFAOYSA-N,Methoxybenzene (Anisole),298.15,0,0,4.33,5.40837717056,3.78240490407,inside_domain
Morgan+Physical,6,2,FOTXAJDDGPYIFU-UHFFFAOYSA-N,Ethylcyclopropane,293.15,0,0,1.933,5.2477850914,1.15468220207,inside_domain
Morgan+Physical,6,2,UHOVQNZJYSORNB-UHFFFAOYSA-N,Benzene,293.15,0,0,2.284,5.1496887207,1.12590545146,inside_domain
Morgan+Physical,6,2,NEZRFXZYPAIZAD-UHFFFAOYSA-N,Ethylcyclobutane,293.15,0,0,1.965,5.07764482498,1.12524438408,inside_domain
Morgan+Physical,6,2,VLKZOEOYAKHREP-UHFFFAOYSA-N,n-Hexane,293.15,0,0,1.89,4.37660503387,1.10385792273,inside_domain
Morgan+Physical,6,2,UQEAIHBTYFGYIE-UHFFFAOYSA-N,Hexamethyldisiloxane,293.15,0,0,2.17,4.52494716644,1.21737241547,inside_domain
Morgan+Physical,6,2,GETTZEONDQJALK-UHFFFAOYSA-N,"alpha,alpha,alpha-Trifluorotoluene",303.15,0,0,9.18,11.9962673187,23.2671758909,inside_domain
Morgan+Physical,6,2,KFUSEUYYWQURPO-OWOJBTEDSA-N,"trans-1,2-Dichloroethylene",298.15,0,0,2.14,10.3109359741,1.11523574299,inside_domain
Morgan+Physical,6,2,WQONPSCCEXUXTQ-UHFFFAOYSA-N,o-Dibromobenzene,293.15,0,0,7.35,10.3410415649,35.3981532236,inside_domain
Morgan+Physical,6,2,SFPQFQUXAJOWNF-UHFFFAOYSA-N,m-Diiodobenzene,298.15,0,0,4.25,6.06175279617,13.6499299113,inside_domain
Morgan+Physical,6,2,YLQBMQCUIZJEEH-UHFFFAOYSA-N,Furan,298.15,0,0,2.95,11.813492775,1.38878820797,inside_domain
Morgan+Physical,6,2,LJSQFQKUNVCTIA-UHFFFAOYSA-N,Ethyl sulfide,298.15,0,0,5.72,5.38674783707,10.37513043,inside_domain
Morgan+Physical,6,2,OEPRBXUJOQLYID-UHFFFAOYSA-N,1-Fluoropentane,293.15,0,0,4.24,7.26294231415,9.3663047404,inside_domain
Morgan+Physical,6,2,IBSQPLPBRSHTTG-UHFFFAOYSA-N,o-Chlorotoluene,293.15,0,0,4.45,8.91534996033,4.30209983232,inside_domain
Morgan+Physical,6,2,OSOUNOBYRMOXQQ-UHFFFAOYSA-N,m-Chlorotoluene,293.15,0,0,5.55,6.16870927811,8.19037794732,inside_domain
Morgan+Physical,6,2,NPDACUSDTOMAMK-UHFFFAOYSA-N,p-Chlorotoluene,293.15,0,0,6.08,5.95814228058,9.81647562753,inside_domain
Morgan+Physical,6,2,MMZYCBHLNZVROM-UHFFFAOYSA-N,o-Fluorotoluene,303.15,0,0,4.22,10.406578064,6.12573643678,inside_domain
Morgan+Physical,6,2,PMJHHCWVYXUKFD-SNAWJCMRSA-N,"1,3-Pentadiene",298.15,0,0,2.32,5.70430850983,1.87012388355,inside_domain
Morgan+Physical,6,2,BOGRNZQRTNVZCZ-AATRIKPKSA-N,"3-Methyl-1,3-pentadiene",298.15,0,0,2.43,6.22908496857,1.66039772435,inside_domain
Morgan,6,3,BAPJBEWLBFYGME-UHFFFAOYSA-N,methyl propenoate,298.15,0,0,7.021,15.0825777054,7.29190026496,inside_domain
Morgan,6,3,BMRWNKZVCUKKSR-UHFFFAOYSA-N,"1,2-butanediol",298.2,2,2,22.143,27.7905693054,13.5953058324,outside_associated_liquid
Morgan,6,3,BTNXBLUGMAMSSH-UHFFFAOYSA-N,octanedinitrile,298.15,0,0,25.94,30.6183071136,22.1540981947,inside_domain
Morgan,6,3,CGZZMOTZOONQIA-UHFFFAOYSA-N,cycloheptanone,298.15,0,0,12.92,16.7480945587,15.0978362101,inside_domain
Morgan,6,3,DKGAVHZHDRPRBM-UHFFFAOYSA-N,2-methylpropan-2-ol,298.15,1,1,12.49,8.3977766037,6.90436439321,outside_associated_liquid
Morgan,6,3,FYIRUPZTYPILDH-UHFFFAOYSA-N,"1,1,1,2,3,3-hexafluoropropane",302.85,0,0,5.3105,8.7869386673,14.0370858022,inside_domain
Morgan,6,3,HPXRVTGHNJAIIH-UHFFFAOYSA-N,cyclohexanol,298.15,1,1,15.71,10.6033592224,6.99300079031,outside_associated_liquid
Morgan,6,3,HXJUTPCZVOIRIF-UHFFFAOYSA-N,sulfolane,298.15,0,0,44,16.9679279327,54.0253899274,inside_domain
Morgan,6,3,IEJIGPNLZYLLBP-UHFFFAOYSA-N,dimethyl carbonate,298.15,0,0,3.134,15.5506639481,1.5899816096,inside_domain
Morgan,6,3,JHIVVAPYMSGYDF-UHFFFAOYSA-N,cyclohexanone,298.15,0,0,15.79,16.7480945587,19.6553000971,inside_domain
Morgan,6,3,LBHLGZNUPKUZJC-UHFFFAOYSA-N,1-butyl-1-methylpyrrolidinium dicyanamide,298.15,0,0,18,26.2704982758,116.153845674,inside_domain
Morgan,6,3,LFQSCWFLJHTTHZ-UHFFFAOYSA-N,ethanol,298.15,1,1,25.02,15.1304769516,9.55039595517,outside_associated_liquid
Morgan,6,3,LLEVMYXEJUDBTA-UHFFFAOYSA-N,heptanedinitrile,298.15,0,0,29.71,30.6183071136,22.0308625381,inside_domain
Morgan,6,3,LYCAIKOWRPUZTN-UHFFFAOYSA-N,"1,2-ethanediol",303.15,2,2,39.84,24.8478603363,15.3073129364,outside_associated_liquid
Morgan,6,3,OKKJLVBELUTLKV-UHFFFAOYSA-N,methanol,298.15,1,1,33.6,8.3977766037,16.5823957018,outside_associated_liquid
Morgan,6,3,QRCRANRUHQKZME-UHFFFAOYSA-N,"3-butyl-1,2,4,5-tetramethyl-1H-imidazol-3-ium tetrafluoroborate",298.15,0,0,12,6.86542701721,90.2035313888,inside_domain
Morgan,6,3,STCBHSHARMAIOM-UHFFFAOYSA-N,1-methylimidazolium chloride,298.15,0,0,13.8,21.2951278687,31.9681461493,inside_domain
Morgan,6,3,UPCXAARSWVHVLY-UHFFFAOYSA-N,triethanolammonium acetate,298.15,4,4,31,43.3977661133,11.4536548979,outside_associated_liquid
Morgan,6,3,VVLAIYIMMFWRFW-UHFFFAOYSA-N,2-hydroxyethylammonium acetate,298.15,3,3,58.3,48.5109519958,4.76933191054,outside_associated_liquid
Morgan,6,3,WYJOVVXUZNRJQY-UHFFFAOYSA-N,2-acetylthiophene,298.15,0,0,29.19,15.7484073639,26.4529603231,inside_domain
Morgan,6,3,YIWUKEYIRIRTPP-UHFFFAOYSA-N,2-ethyl-1-hexanol,298.2,1,1,7.353,14.5538167953,5.01442556827,outside_associated_liquid
Morgan,6,3,HXDLWJWIAHWIKI-UHFFFAOYSA-N,beta-Hydroxyethyl acetate (Glycol monoacetate),303.15,1,1,13,35.1946601868,9.74097362491,outside_associated_liquid
Morgan,6,3,SVONRAPFKPVNKG-UHFFFAOYSA-N,"beta-Ethoxyethyl acetate (""Cellosolve"" acetate)",303.15,0,0,7.57,8.76844596863,10.1866881025,inside_domain
Morgan,6,3,DIQMPQMYFZXDAX-UHFFFAOYSA-N,Amyl formate,298.15,0,0,6.49,12.0857801437,8.4969957051,inside_domain
Morgan,6,3,XNWFRZJHXBZDAG-UHFFFAOYSA-N,2-Methoxyethanol,303.15,1,1,16,17.7649765015,12.9838712423,outside_associated_liquid
Morgan,6,3,SWXVUIWOUIDPGS-UHFFFAOYSA-N,4-Hydroxy-4-methyl-2-pentanone (Diacetone alcohol),298.15,1,1,18.2,20.4279575348,16.6441767483,outside_associated_liquid
Morgan,6,3,RTZKZFJDLAIYFH-UHFFFAOYSA-N,Ethyl ether,293.15,0,0,4.335,5.35805416107,4.44489704395,inside_domain
Morgan,6,3,SQYNKIJPMDEDEG-UHFFFAOYSA-N,Paraldehyde,298.15,0,0,13.9,6.95171451569,1.56759076609,inside_domain
Morgan,6,3,WERYXYBDKMZEQL-UHFFFAOYSA-N,"1,4-Butanediol",303.15,2,2,30.2,24.2712001801,11.955624374,outside_associated_liquid
Morgan,6,3,NQPDZGIKBAWPEJ-UHFFFAOYSA-N,Valeric acid,293.15,1,1,2.66,11.5375318527,5.73031614295,outside_associated_liquid
Morgan,6,3,RLSSMJSEOOYNOY-UHFFFAOYSA-N,m-Cresol,298.15,1,1,11.8,7.59372472763,6.72405719621,outside_associated_liquid
Morgan,6,3,VGVHNLRUAMRIEW-UHFFFAOYSA-N,4-Methylcyclohexanone,293.15,0,0,12.4,15.1327009201,18.1666231408,inside_domain
Morgan,6,3,MHNNAWXXUZQSNM-UHFFFAOYSA-N,2-Methyl-1-butene,293.15,0,0,2.197,5.63698339462,1.69384086029,inside_domain
Morgan,6,3,OFBQJSOFQDEBGM-UHFFFAOYSA-N,n-Pentane,293.15,0,0,1.844,5.55579996109,1.1048859414,inside_domain
Morgan,6,3,CYTYCFOTNPOANT-UHFFFAOYSA-N,Tetrachloroethylene,298.15,0,0,2.3,13.7257919312,1.12045182946,inside_domain
Morgan,6,3,JRGGUPZKKTVKOV-UHFFFAOYSA-N,1-Bromo-3-chlorobenzene,293.15,0,0,4.58,6.05983638763,13.6465698801,inside_domain
Morgan,6,3,RFFLAFLAYFXFSW-UHFFFAOYSA-N,o-Dichlorobenzene,298.15,0,0,9.93,5.71012020111,10.2507478883,inside_domain
Morgan,6,3,ROSDSFDQCJNGOL-UHFFFAOYSA-N,Dimethylamine,298.15,1,1,5.26,6.95171451569,4.58015414622,outside_associated_liquid
Morgan,6,3,PYLWMHQQBFSUBP-UHFFFAOYSA-N,Fluorobenzene,298.15,0,0,5.42,6.44445896149,9.55831440066,inside_domain
Morgan,6,3,ZMANZCXQSJIPKH-UHFFFAOYSA-N,Triethylamine,298.15,0,0,2.42,12.3175897598,1.58318603892,inside_domain
Morgan,6,3,WRWPPGUCZBJXKX-UHFFFAOYSA-N,p-Fluorotoluene,303.15,0,0,5.86,6.14766311646,12.7592051561,inside_domain
Physical,6,3,BAPJBEWLBFYGME-UHFFFAOYSA-N,methyl propenoate,298.15,0,0,7.021,9.26069831848,7.29190026496,inside_domain
Physical,6,3,BMRWNKZVCUKKSR-UHFFFAOYSA-N,"1,2-butanediol",298.2,2,2,22.143,19.6599159241,13.5953058324,outside_associated_liquid
Physical,6,3,BTNXBLUGMAMSSH-UHFFFAOYSA-N,octanedinitrile,298.15,0,0,25.94,15.9787721634,22.1540981947,inside_domain
Physical,6,3,CGZZMOTZOONQIA-UHFFFAOYSA-N,cycloheptanone,298.15,0,0,12.92,9.75312709808,15.0978362101,inside_domain
Physical,6,3,DKGAVHZHDRPRBM-UHFFFAOYSA-N,2-methylpropan-2-ol,298.15,1,1,12.49,13.1642990112,6.90436439321,outside_associated_liquid
Physical,6,3,FYIRUPZTYPILDH-UHFFFAOYSA-N,"1,1,1,2,3,3-hexafluoropropane",302.85,0,0,5.3105,2.82565569878,14.0370858022,inside_domain
Physical,6,3,HPXRVTGHNJAIIH-UHFFFAOYSA-N,cyclohexanol,298.15,1,1,15.71,9.91145324707,6.99300079031,outside_associated_liquid
Physical,6,3,HXJUTPCZVOIRIF-UHFFFAOYSA-N,sulfolane,298.15,0,0,44,23.1722373962,54.0253899274,inside_domain
Physical,6,3,IEJIGPNLZYLLBP-UHFFFAOYSA-N,dimethyl carbonate,298.15,0,0,3.134,30.5715560913,1.5899816096,inside_domain
Physical,6,3,JHIVVAPYMSGYDF-UHFFFAOYSA-N,cyclohexanone,298.15,0,0,15.79,10.1564321518,19.6553000971,inside_domain
Physical,6,3,LBHLGZNUPKUZJC-UHFFFAOYSA-N,1-butyl-1-methylpyrrolidinium dicyanamide,298.15,0,0,18,21.3104362488,116.153845674,inside_domain
Physical,6,3,LFQSCWFLJHTTHZ-UHFFFAOYSA-N,ethanol,298.15,1,1,25.02,15.4018535614,9.55039595517,outside_associated_liquid
Physical,6,3,LLEVMYXEJUDBTA-UHFFFAOYSA-N,heptanedinitrile,298.15,0,0,29.71,16.8699550629,22.0308625381,inside_domain
Physical,6,3,LYCAIKOWRPUZTN-UHFFFAOYSA-N,"1,2-ethanediol",303.15,2,2,39.84,46.7544898987,15.3073129364,outside_associated_liquid
Physical,6,3,OKKJLVBELUTLKV-UHFFFAOYSA-N,methanol,298.15,1,1,33.6,32.4290771484,16.5823957018,outside_associated_liquid
Physical,6,3,QRCRANRUHQKZME-UHFFFAOYSA-N,"3-butyl-1,2,4,5-tetramethyl-1H-imidazol-3-ium tetrafluoroborate",298.15,0,0,12,19.7851066589,90.2035313888,inside_domain
Physical,6,3,STCBHSHARMAIOM-UHFFFAOYSA-N,1-methylimidazolium chloride,298.15,0,0,13.8,17.8853530884,31.9681461493,inside_domain
Physical,6,3,UPCXAARSWVHVLY-UHFFFAOYSA-N,triethanolammonium acetate,298.15,4,4,31,54.8821716309,11.4536548979,outside_associated_liquid
Physical,6,3,VVLAIYIMMFWRFW-UHFFFAOYSA-N,2-hydroxyethylammonium acetate,298.15,3,3,58.3,36.1083946228,4.76933191054,outside_associated_liquid
Physical,6,3,WYJOVVXUZNRJQY-UHFFFAOYSA-N,2-acetylthiophene,298.15,0,0,29.19,12.6664466858,26.4529603231,inside_domain
Physical,6,3,YIWUKEYIRIRTPP-UHFFFAOYSA-N,2-ethyl-1-hexanol,298.2,1,1,7.353,10.9142427444,5.01442556827,outside_associated_liquid
Physical,6,3,HXDLWJWIAHWIKI-UHFFFAOYSA-N,beta-Hydroxyethyl acetate (Glycol monoacetate),303.15,1,1,13,22.8563156128,9.74097362491,outside_associated_liquid
Physical,6,3,SVONRAPFKPVNKG-UHFFFAOYSA-N,"beta-Ethoxyethyl acetate (""Cellosolve"" acetate)",303.15,0,0,7.57,28.4019432068,10.1866881025,inside_domain
Physical,6,3,DIQMPQMYFZXDAX-UHFFFAOYSA-N,Amyl formate,298.15,0,0,6.49,9.80738639832,8.4969957051,inside_domain
Physical,6,3,XNWFRZJHXBZDAG-UHFFFAOYSA-N,2-Methoxyethanol,303.15,1,1,16,33.8070335388,12.9838712423,outside_associated_liquid
Physical,6,3,SWXVUIWOUIDPGS-UHFFFAOYSA-N,4-Hydroxy-4-methyl-2-pentanone (Diacetone alcohol),298.15,1,1,18.2,16.4490890503,16.6441767483,outside_associated_liquid
Physical,6,3,RTZKZFJDLAIYFH-UHFFFAOYSA-N,Ethyl ether,293.15,0,0,4.335,3.7855618,4.44489704395,inside_domain
Physical,6,3,SQYNKIJPMDEDEG-UHFFFAOYSA-N,Paraldehyde,298.15,0,0,13.9,9.98960494995,1.56759076609,inside_domain
Physical,6,3,WERYXYBDKMZEQL-UHFFFAOYSA-N,"1,4-Butanediol",303.15,2,2,30.2,24.7558708191,11.955624374,outside_associated_liquid
Physical,6,3,NQPDZGIKBAWPEJ-UHFFFAOYSA-N,Valeric acid,293.15,1,1,2.66,12.6268205643,5.73031614295,outside_associated_liquid
Physical,6,3,RLSSMJSEOOYNOY-UHFFFAOYSA-N,m-Cresol,298.15,1,1,11.8,11.2493877411,6.72405719621,outside_associated_liquid
Physical,6,3,VGVHNLRUAMRIEW-UHFFFAOYSA-N,4-Methylcyclohexanone,293.15,0,0,12.4,10.2519426346,18.1666231408,inside_domain
Physical,6,3,MHNNAWXXUZQSNM-UHFFFAOYSA-N,2-Methyl-1-butene,293.15,0,0,2.197,2.42484426498,1.69384086029,inside_domain
Physical,6,3,OFBQJSOFQDEBGM-UHFFFAOYSA-N,n-Pentane,293.15,0,0,1.844,3.51602816582,1.1048859414,inside_domain
Physical,6,3,CYTYCFOTNPOANT-UHFFFAOYSA-N,Tetrachloroethylene,298.15,0,0,2.3,2.45466685295,1.12045182946,inside_domain
Physical,6,3,JRGGUPZKKTVKOV-UHFFFAOYSA-N,1-Bromo-3-chlorobenzene,293.15,0,0,4.58,5.01743173599,13.6465698801,inside_domain
Physical,6,3,RFFLAFLAYFXFSW-UHFFFAOYSA-N,o-Dichlorobenzene,298.15,0,0,9.93,4.47217559814,10.2507478883,inside_domain
Physical,6,3,ROSDSFDQCJNGOL-UHFFFAOYSA-N,Dimethylamine,298.15,1,1,5.26,1,4.58015414622,outside_associated_liquid
Physical,6,3,PYLWMHQQBFSUBP-UHFFFAOYSA-N,Fluorobenzene,298.15,0,0,5.42,5.60727930069,9.55831440066,inside_domain
Physical,6,3,ZMANZCXQSJIPKH-UHFFFAOYSA-N,Triethylamine,298.15,0,0,2.42,1.5705486536,1.58318603892,inside_domain
Physical,6,3,WRWPPGUCZBJXKX-UHFFFAOYSA-N,p-Fluorotoluene,303.15,0,0,5.86,20.1033611298,12.7592051561,inside_domain
Morgan+Physical,6,3,BAPJBEWLBFYGME-UHFFFAOYSA-N,methyl propenoate,298.15,0,0,7.021,12.1716384888,7.29190026496,inside_domain
Morgan+Physical,6,3,BMRWNKZVCUKKSR-UHFFFAOYSA-N,"1,2-butanediol",298.2,2,2,22.143,23.7252426147,13.5953058324,outside_associated_liquid
Morgan+Physical,6,3,BTNXBLUGMAMSSH-UHFFFAOYSA-N,octanedinitrile,298.15,0,0,25.94,23.2985401154,22.1540981947,inside_domain
Morgan+Physical,6,3,CGZZMOTZOONQIA-UHFFFAOYSA-N,cycloheptanone,298.15,0,0,12.92,13.2506103516,15.0978362101,inside_domain
Morgan+Physical,6,3,DKGAVHZHDRPRBM-UHFFFAOYSA-N,2-methylpropan-2-ol,298.15,1,1,12.49,10.7810382843,6.90436439321,outside_associated_liquid
Morgan+Physical,6,3,FYIRUPZTYPILDH-UHFFFAOYSA-N,"1,1,1,2,3,3-hexafluoropropane",302.85,0,0,5.3105,5.80629730225,14.0370858022,inside_domain
Morgan+Physical,6,3,HPXRVTGHNJAIIH-UHFFFAOYSA-N,cyclohexanol,298.15,1,1,15.71,10.2574062347,6.99300079031,outside_associated_liquid
Morgan+Physical,6,3,HXJUTPCZVOIRIF-UHFFFAOYSA-N,sulfolane,298.15,0,0,44,20.0700836182,54.0253899274,inside_domain
Morgan+Physical,6,3,IEJIGPNLZYLLBP-UHFFFAOYSA-N,dimethyl carbonate,298.15,0,0,3.134,23.0611095428,1.5899816096,inside_domain
Morgan+Physical,6,3,JHIVVAPYMSGYDF-UHFFFAOYSA-N,cyclohexanone,298.15,0,0,15.79,13.4522628784,19.6553000971,inside_domain
Morgan+Physical,6,3,LBHLGZNUPKUZJC-UHFFFAOYSA-N,1-butyl-1-methylpyrrolidinium dicyanamide,298.15,0,0,18,23.7904663086,116.153845674,inside_domain
Morgan+Physical,6,3,LFQSCWFLJHTTHZ-UHFFFAOYSA-N,ethanol,298.15,1,1,25.02,15.2661647797,9.55039595517,outside_associated_liquid
Morgan+Physical,6,3,LLEVMYXEJUDBTA-UHFFFAOYSA-N,heptanedinitrile,298.15,0,0,29.71,23.7441310883,22.0308625381,inside_domain
Morgan+Physical,6,3,LYCAIKOWRPUZTN-UHFFFAOYSA-N,"1,2-ethanediol",303.15,2,2,39.84,35.8011741638,15.3073129364,outside_associated_liquid
Morgan+Physical,6,3,OKKJLVBELUTLKV-UHFFFAOYSA-N,methanol,298.15,1,1,33.6,20.4134273529,16.5823957018,outside_associated_liquid
Morgan+Physical,6,3,QRCRANRUHQKZME-UHFFFAOYSA-N,"3-butyl-1,2,4,5-tetramethyl-1H-imidazol-3-ium tetrafluoroborate",298.15,0,0,12,13.3252668381,90.2035313888,inside_domain
Morgan+Physical,6,3,STCBHSHARMAIOM-UHFFFAOYSA-N,1-methylimidazolium chloride,298.15,0,0,13.8,19.5902404785,31.9681461493,inside_domain
Morgan+Physical,6,3,UPCXAARSWVHVLY-UHFFFAOYSA-N,triethanolammonium acetate,298.15,4,4,31,49.1399688721,11.4536548979,outside_associated_liquid
Morgan+Physical,6,3,VVLAIYIMMFWRFW-UHFFFAOYSA-N,2-hydroxyethylammonium acetate,298.15,3,3,58.3,42.3096733093,4.76933191054,outside_associated_liquid
Morgan+Physical,6,3,WYJOVVXUZNRJQY-UHFFFAOYSA-N,2-acetylthiophene,298.15,0,0,29.19,14.2074270248,26.4529603231,inside_domain
Morgan+Physical,6,3,YIWUKEYIRIRTPP-UHFFFAOYSA-N,2-ethyl-1-hexanol,298.2,1,1,7.353,12.7340297699,5.01442556827,outside_associated_liquid
Morgan+Physical,6,3,HXDLWJWIAHWIKI-UHFFFAOYSA-N,beta-Hydroxyethyl acetate (Glycol monoacetate),303.15,1,1,13,29.0254878998,9.74097362491,outside_associated_liquid
Morgan+Physical,6,3,SVONRAPFKPVNKG-UHFFFAOYSA-N,"beta-Ethoxyethyl acetate (""Cellosolve"" acetate)",303.15,0,0,7.57,18.585193634,10.1866881025,inside_domain
Morgan+Physical,6,3,DIQMPQMYFZXDAX-UHFFFAOYSA-N,Amyl formate,298.15,0,0,6.49,10.9465827942,8.4969957051,inside_domain
Morgan+Physical,6,3,XNWFRZJHXBZDAG-UHFFFAOYSA-N,2-Methoxyethanol,303.15,1,1,16,25.7860050201,12.9838712423,outside_associated_liquid
Morgan+Physical,6,3,SWXVUIWOUIDPGS-UHFFFAOYSA-N,4-Hydroxy-4-methyl-2-pentanone (Diacetone alcohol),298.15,1,1,18.2,18.4385223389,16.6441767483,outside_associated_liquid
Morgan+Physical,6,3,RTZKZFJDLAIYFH-UHFFFAOYSA-N,Ethyl ether,293.15,0,0,4.335,4.57180786133,4.44489704395,inside_domain
Morgan+Physical,6,3,SQYNKIJPMDEDEG-UHFFFAOYSA-N,Paraldehyde,298.15,0,0,13.9,8.47065925598,1.56759076609,inside_domain
Morgan+Physical,6,3,WERYXYBDKMZEQL-UHFFFAOYSA-N,"1,4-Butanediol",303.15,2,2,30.2,24.5135345459,11.955624374,outside_associated_liquid
Morgan+Physical,6,3,NQPDZGIKBAWPEJ-UHFFFAOYSA-N,Valeric acid,293.15,1,1,2.66,12.0821762085,5.73031614295,outside_associated_liquid
Morgan+Physical,6,3,RLSSMJSEOOYNOY-UHFFFAOYSA-N,m-Cresol,298.15,1,1,11.8,9.42155647278,6.72405719621,outside_associated_liquid
Morgan+Physical,6,3,VGVHNLRUAMRIEW-UHFFFAOYSA-N,4-Methylcyclohexanone,293.15,0,0,12.4,12.6923217773,18.1666231408,inside_domain
Morgan+Physical,6,3,MHNNAWXXUZQSNM-UHFFFAOYSA-N,2-Methyl-1-butene,293.15,0,0,2.197,4.0309138298,1.69384086029,inside_domain
Morgan+Physical,6,3,OFBQJSOFQDEBGM-UHFFFAOYSA-N,n-Pentane,293.15,0,0,1.844,4.53591394424,1.1048859414,inside_domain
Morgan+Physical,6,3,CYTYCFOTNPOANT-UHFFFAOYSA-N,Tetrachloroethylene,298.15,0,0,2.3,8.09022903442,1.12045182946,inside_domain
Morgan+Physical,6,3,JRGGUPZKKTVKOV-UHFFFAOYSA-N,1-Bromo-3-chlorobenzene,293.15,0,0,4.58,5.53863430023,13.6465698801,inside_domain
Morgan+Physical,6,3,RFFLAFLAYFXFSW-UHFFFAOYSA-N,o-Dichlorobenzene,298.15,0,0,9.93,5.09114789963,10.2507478883,inside_domain
Morgan+Physical,6,3,ROSDSFDQCJNGOL-UHFFFAOYSA-N,Dimethylamine,298.15,1,1,5.26,3.16770863533,4.58015414622,outside_associated_liquid
Morgan+Physical,6,3,PYLWMHQQBFSUBP-UHFFFAOYSA-N,Fluorobenzene,298.15,0,0,5.42,6.02586936951,9.55831440066,inside_domain
Morgan+Physical,6,3,ZMANZCXQSJIPKH-UHFFFAOYSA-N,Triethylamine,298.15,0,0,2.42,6.94406938553,1.58318603892,inside_domain
Morgan+Physical,6,3,WRWPPGUCZBJXKX-UHFFFAOYSA-N,p-Fluorotoluene,303.15,0,0,5.86,13.1255121231,12.7592051561,inside_domain
Morgan,6,4,ALYCOCULEAWWJO-UHFFFAOYSA-N,triethylpentylammonium bis(trifluoromethylsulfonyl)imide,298.15,0,0,12.5,12.7728061676,6.67840629363,inside_domain
Morgan,6,4,BBMCTIGTTCKYKF-UHFFFAOYSA-N,heptan-1-ol,298.15,1,1,12.65,13.8170986176,4.96304294304,outside_associated_liquid
Morgan,6,4,BGTOWKSIORTVQH-UHFFFAOYSA-N,cyclopentanone,298.15,0,0,13.505,14.9204711914,20.9054049662,inside_domain
Morgan,6,4,BTGRAWJCKBQKAO-UHFFFAOYSA-N,hexanedinitrile,298.15,0,0,32.12,27.7454853058,46.5421430104,inside_domain
Morgan,6,4,FRZPYEHDSAQGAS-UHFFFAOYSA-M,1-butyl-3-methylimidazolium trifluoromethanesulfonate,298.15,0,0,12.9,13.7786722183,53.1539772418,inside_domain
Morgan,6,4,GSEJCLTVZPLZKY-UHFFFAOYSA-N,triethanolamine,303.15,3,3,28.11,34.083820343,8.50333947546,outside_associated_liquid
Morgan,6,4,HZKDSQCZNUUQIF-UHFFFAOYSA-M,1-ethyl-3-methylimidazolium hydrogen sulfate,298.15,1,1,18.4,15.2857990265,15.1917971963,outside_associated_liquid
Morgan,6,4,JYPJLAPMBJKRDG-UHFFFAOYSA-M,1-ethyl-3-methylimidazolium butylsulfonate,298.15,0,0,30,11.213133812,153.401832604,inside_domain
Morgan,6,4,KBPLFHHGFOOTCA-UHFFFAOYSA-N,octan-1-ol,298.15,1,1,10.66,13.8170986176,4.22641786179,outside_associated_liquid
Morgan,6,4,LZJIBRSVPKKOSI-UHFFFAOYSA-O,ethanolammonium nitrate,298.15,2,2,60.9,23.4242649078,20.8289438764,outside_associated_liquid
Morgan,6,4,OIFBSDVPJOWBCH-UHFFFAOYSA-N,diethyl carbonate,298.15,0,0,2.834,10.1181545258,1.35579310568,inside_domain
Morgan,6,4,RJQQOKKINHMXIM-UHFFFAOYSA-N,triethanolamine lactate,298.15,5,5,59.7,50.1382408142,27.2818406975,outside_associated_liquid
Morgan,6,4,VRFOKYHDLYBVAL-UHFFFAOYSA-M,1-ethyl-3-methylimidazolium ethyl sulfate,298.15,0,0,35,8.68877410889,45.7566800107,inside_domain
Morgan,6,4,XQQZRZQVBFHBHL-UHFFFAOYSA-N,"1,4,7,10-tetraoxacyclododecane",299.4,0,0,10.76,11.3641147614,11.613237056,inside_domain
Morgan,6,4,XTHFKEDIFFGKHM-UHFFFAOYSA-N,"1,2-dimethoxyethane",298.15,0,0,7.0695,7.37263345718,5.4993455063,inside_domain
Morgan,6,4,YFMFNYKEUDLDTL-UHFFFAOYSA-N,"1,1,1,2,3,3,3-heptafluoropropane",302.85,0,0,4.1348,9.06340122223,7.17247104625,inside_domain
Morgan,6,4,YFNKIDBQEZZDLK-UHFFFAOYSA-N,"2,5,8,11-tetraoxadodecane",298.15,0,0,7.604,7.37263345718,11.1446264552,inside_domain
Morgan,6,4,IYXGSMUGOJNHAZ-UHFFFAOYSA-N,Diethyl malonate,298.15,0,0,8.03,13.4352436066,9.74006290335,inside_domain
Morgan,6,4,CSCPPACGZOOCGX-UHFFFAOYSA-N,Acetone,298.15,0,0,20.7,17.1197528839,29.9937881156,inside_domain
Morgan,6,4,NTIZESTWPVYFNL-UHFFFAOYSA-N,4-Methyl-2-pentanone,293.15,0,0,13.11,16.7221851349,14.6513704727,inside_domain
Morgan,6,4,DTQVDTLACAAQTR-UHFFFAOYSA-N,Trifluoroacetic acid,293.15,1,1,39.5,21.7667312622,28.7487569677,outside_associated_liquid
Morgan,6,4,HEBKCHPVOIAQTA-NGQZWQHPSA-N,Xylitol,293.15,5,5,40,41.3329391479,16.2882582546,outside_associated_liquid
Morgan,6,4,YPFDHNVEDLHUCE-UHFFFAOYSA-N,"1,3-Propanediol",293.15,2,2,35,23.569196701,1.44673551362,outside_associated_liquid
Morgan,6,4,FERIUCNNQQJTOY-UHFFFAOYSA-N,Butyric acid,293.15,1,1,2.97,16.9459629059,7.21717286495,outside_associated_liquid
Morgan,6,4,GWYFCOCPABKNJV-UHFFFAOYSA-N,Isovaleric acid,293.15,1,1,2.64,21.1888217926,5.90016995209,outside_associated_liquid
Morgan,6,4,DHKHKXVYLBGOIT-UHFFFAOYSA-N,"1,1-Diethoxyethane",298.15,0,0,3.8,7.06807279587,6.97488629158,inside_domain
Morgan,6,4,QJPJQTDYNZXKQF-UHFFFAOYSA-N,p-Bromoanisole,303.15,0,0,7.06,5.52284383774,27.3339480411,inside_domain
Morgan,6,4,WEVYAHXRMPXWCK-UHFFFAOYSA-N,Acetonitrile,293.15,0,0,37.5,29.0876083374,53.5642531651,inside_domain
Morgan,6,4,MSXVEPNJUHWQHW-UHFFFAOYSA-N,2-Methyl-2-butanol,298.15,1,1,5.82,10.3465890884,5.55405564062,outside_associated_liquid
Morgan,6,4,WVDDGKGOMKODPV-UHFFFAOYSA-N,Benzyl alcohol,293.15,1,1,13.1,16.787399292,5.77594569883,outside_associated_liquid
Morgan,6,4,NDVWOBYBJYUSMF-UHFFFAOYSA-N,2-Methylcyclohexanol,293.15,1,1,13.3,12.3220815659,5.23202446322,outside_associated_liquid
Morgan,6,4,HTSABYAWKQAHBT-UHFFFAOYSA-N,3-Methylcyclohexanol,293.15,1,1,12.3,12.6773233414,4.10543593176,outside_associated_liquid
Morgan,6,4,LCZUOKDVTBMCMX-UHFFFAOYSA-N,"2,5-Dimethylpyrazine",293.15,0,0,2.436,9.85783958435,1.11662360242,inside_domain
Morgan,6,4,QWTDNUCVQCZILF-UHFFFAOYSA-N,2-Methylbutane,293.15,0,0,1.843,6.82875394821,1.10396118598,inside_domain
Morgan,6,4,GDOPTJXRTPNYNR-UHFFFAOYSA-N,Methylcyclopentane,293.15,0,0,1.985,8.80491828918,1.11100262715,inside_domain
Morgan,6,4,RWNKSTSCBHKHTB-UHFFFAOYSA-N,"Hexachloro-1,3-butadiene",298.15,0,0,2.55,32.934627533,1.1593863388,inside_domain
Morgan,6,4,PIICEJLVQHRZGT-UHFFFAOYSA-N,"1,2-Ethanediamine",293.15,2,2,14.2,12.0264368057,1.53256228944,outside_associated_liquid
Morgan,6,4,JSRLURSZEMLAFO-UHFFFAOYSA-N,m-Dibromobenzene,293.15,0,0,4.8,7.03327465057,15.1734627111,inside_domain
Morgan,6,4,ZRKMQKLGEQPLNS-UHFFFAOYSA-N,1-Pentanethiol,298.15,1,1,4.55,5.18565940857,9.12891097269,outside_associated_liquid
Morgan,6,4,BTQZKHUEUDPRST-UHFFFAOYSA-N,m-Fluorotoluene,303.15,0,0,5.42,7.03327465057,10.8674299419,inside_domain
Morgan,6,4,RCJMVGJKROQDCB-UHFFFAOYSA-N,"2-Methyl-1,3-pentadiene",298.15,0,0,2.42,8.38579750061,2.15098593997,inside_domain
Physical,6,4,ALYCOCULEAWWJO-UHFFFAOYSA-N,triethylpentylammonium bis(trifluoromethylsulfonyl)imide,298.15,0,0,12.5,14.7132406235,6.67840629363,inside_domain
Physical,6,4,BBMCTIGTTCKYKF-UHFFFAOYSA-N,heptan-1-ol,298.15,1,1,12.65,15.2260789871,4.96304294304,outside_associated_liquid
Physical,6,4,BGTOWKSIORTVQH-UHFFFAOYSA-N,cyclopentanone,298.15,0,0,13.505,14.0496778488,20.9054049662,inside_domain
Physical,6,4,BTGRAWJCKBQKAO-UHFFFAOYSA-N,hexanedinitrile,298.15,0,0,32.12,24.1622581482,46.5421430104,inside_domain
Physical,6,4,FRZPYEHDSAQGAS-UHFFFAOYSA-M,1-butyl-3-methylimidazolium trifluoromethanesulfonate,298.15,0,0,12.9,17.9553222656,53.1539772418,inside_domain
Physical,6,4,GSEJCLTVZPLZKY-UHFFFAOYSA-N,triethanolamine,303.15,3,3,28.11,25.5022678375,8.50333947546,outside_associated_liquid
Physical,6,4,HZKDSQCZNUUQIF-UHFFFAOYSA-M,1-ethyl-3-methylimidazolium hydrogen sulfate,298.15,1,1,18.4,17.8904628754,15.1917971963,outside_associated_liquid
Physical,6,4,JYPJLAPMBJKRDG-UHFFFAOYSA-M,1-ethyl-3-methylimidazolium butylsulfonate,298.15,0,0,30,18.5800228119,153.401832604,inside_domain
Physical,6,4,KBPLFHHGFOOTCA-UHFFFAOYSA-N,octan-1-ol,298.15,1,1,10.66,11.305685997,4.22641786179,outside_associated_liquid
Physical,6,4,LZJIBRSVPKKOSI-UHFFFAOYSA-O,ethanolammonium nitrate,298.15,2,2,60.9,60.4197158813,20.8289438764,outside_associated_liquid
Physical,6,4,OIFBSDVPJOWBCH-UHFFFAOYSA-N,diethyl carbonate,298.15,0,0,2.834,13.0450973511,1.35579310568,inside_domain
Physical,6,4,RJQQOKKINHMXIM-UHFFFAOYSA-N,triethanolamine lactate,298.15,5,5,59.7,63.0935134888,27.2818406975,outside_associated_liquid
Physical,6,4,VRFOKYHDLYBVAL-UHFFFAOYSA-M,1-ethyl-3-methylimidazolium ethyl sulfate,298.15,0,0,35,16.6052780151,45.7566800107,inside_domain
Physical,6,4,XQQZRZQVBFHBHL-UHFFFAOYSA-N,"1,4,7,10-tetraoxacyclododecane",299.4,0,0,10.76,13.2654275894,11.613237056,inside_domain
Physical,6,4,XTHFKEDIFFGKHM-UHFFFAOYSA-N,"1,2-dimethoxyethane",298.15,0,0,7.0695,10.5826768875,5.4993455063,inside_domain
Physical,6,4,YFMFNYKEUDLDTL-UHFFFAOYSA-N,"1,1,1,2,3,3,3-heptafluoropropane",302.85,0,0,4.1348,2.41128325462,7.17247104625,inside_domain
Physical,6,4,YFNKIDBQEZZDLK-UHFFFAOYSA-N,"2,5,8,11-tetraoxadodecane",298.15,0,0,7.604,12.0804004669,11.1446264552,inside_domain
Physical,6,4,IYXGSMUGOJNHAZ-UHFFFAOYSA-N,Diethyl malonate,298.15,0,0,8.03,12.7163877487,9.74006290335,inside_domain
Physical,6,4,CSCPPACGZOOCGX-UHFFFAOYSA-N,Acetone,298.15,0,0,20.7,24.7830905914,29.9937881156,inside_domain
Physical,6,4,NTIZESTWPVYFNL-UHFFFAOYSA-N,4-Methyl-2-pentanone,293.15,0,0,13.11,13.2480812073,14.6513704727,inside_domain
Physical,6,4,DTQVDTLACAAQTR-UHFFFAOYSA-N,Trifluoroacetic acid,293.15,1,1,39.5,28.6014575958,28.7487569677,outside_associated_liquid
Physical,6,4,HEBKCHPVOIAQTA-NGQZWQHPSA-N,Xylitol,293.15,5,5,40,29.8197937012,16.2882582546,outside_associated_liquid
Physical,6,4,YPFDHNVEDLHUCE-UHFFFAOYSA-N,"1,3-Propanediol",293.15,2,2,35,19.4146575928,1.44673551362,outside_associated_liquid
Physical,6,4,FERIUCNNQQJTOY-UHFFFAOYSA-N,Butyric acid,293.15,1,1,2.97,17.6022071838,7.21717286495,outside_associated_liquid
Physical,6,4,GWYFCOCPABKNJV-UHFFFAOYSA-N,Isovaleric acid,293.15,1,1,2.64,18.1825962067,5.90016995209,outside_associated_liquid
Physical,6,4,DHKHKXVYLBGOIT-UHFFFAOYSA-N,"1,1-Diethoxyethane",298.15,0,0,3.8,9.18598747253,6.97488629158,inside_domain
Physical,6,4,QJPJQTDYNZXKQF-UHFFFAOYSA-N,p-Bromoanisole,303.15,0,0,7.06,14.2721204758,27.3339480411,inside_domain
Physical,6,4,WEVYAHXRMPXWCK-UHFFFAOYSA-N,Acetonitrile,293.15,0,0,37.5,42.8816070557,53.5642531651,inside_domain
Physical,6,4,MSXVEPNJUHWQHW-UHFFFAOYSA-N,2-Methyl-2-butanol,298.15,1,1,5.82,13.6827497482,5.55405564062,outside_associated_liquid
Physical,6,4,WVDDGKGOMKODPV-UHFFFAOYSA-N,Benzyl alcohol,293.15,1,1,13.1,10.8167972565,5.77594569883,outside_associated_liquid
Physical,6,4,NDVWOBYBJYUSMF-UHFFFAOYSA-N,2-Methylcyclohexanol,293.15,1,1,13.3,10.9728412628,5.23202446322,outside_associated_liquid
Physical,6,4,HTSABYAWKQAHBT-UHFFFAOYSA-N,3-Methylcyclohexanol,293.15,1,1,12.3,11.8173685074,4.10543593176,outside_associated_liquid
Physical,6,4,LCZUOKDVTBMCMX-UHFFFAOYSA-N,"2,5-Dimethylpyrazine",293.15,0,0,2.436,5.1880903244,1.11662360242,inside_domain
Physical,6,4,QWTDNUCVQCZILF-UHFFFAOYSA-N,2-Methylbutane,293.15,0,0,1.843,2.26311898232,1.10396118598,inside_domain
Physical,6,4,GDOPTJXRTPNYNR-UHFFFAOYSA-N,Methylcyclopentane,293.15,0,0,1.985,2.13534331322,1.11100262715,inside_domain
Physical,6,4,RWNKSTSCBHKHTB-UHFFFAOYSA-N,"Hexachloro-1,3-butadiene",298.15,0,0,2.55,2.60548520088,1.1593863388,inside_domain
Physical,6,4,PIICEJLVQHRZGT-UHFFFAOYSA-N,"1,2-Ethanediamine",293.15,2,2,14.2,28.8970718384,1.53256228944,outside_associated_liquid
Physical,6,4,JSRLURSZEMLAFO-UHFFFAOYSA-N,m-Dibromobenzene,293.15,0,0,4.8,4.88974332809,15.1734627111,inside_domain
Physical,6,4,ZRKMQKLGEQPLNS-UHFFFAOYSA-N,1-Pentanethiol,298.15,1,1,4.55,6.80585289001,9.12891097269,outside_associated_liquid
Physical,6,4,BTQZKHUEUDPRST-UHFFFAOYSA-N,m-Fluorotoluene,303.15,0,0,5.42,7.30650234222,10.8674299419,inside_domain
Physical,6,4,RCJMVGJKROQDCB-UHFFFAOYSA-N,"2-Methyl-1,3-pentadiene",298.15,0,0,2.42,2.03108286858,2.15098593997,inside_domain
Morgan+Physical,6,4,ALYCOCULEAWWJO-UHFFFAOYSA-N,triethylpentylammonium bis(trifluoromethylsulfonyl)imide,298.15,0,0,12.5,13.7430229187,6.67840629363,inside_domain
Morgan+Physical,6,4,BBMCTIGTTCKYKF-UHFFFAOYSA-N,heptan-1-ol,298.15,1,1,12.65,14.5215892792,4.96304294304,outside_associated_liquid
Morgan+Physical,6,4,BGTOWKSIORTVQH-UHFFFAOYSA-N,cyclopentanone,298.15,0,0,13.505,14.4850749969,20.9054049662,inside_domain
Morgan+Physical,6,4,BTGRAWJCKBQKAO-UHFFFAOYSA-N,hexanedinitrile,298.15,0,0,32.12,25.9538726807,46.5421430104,inside_domain
Morgan+Physical,6,4,FRZPYEHDSAQGAS-UHFFFAOYSA-M,1-butyl-3-methylimidazolium trifluoromethanesulfonate,298.15,0,0,12.9,15.8669967651,53.1539772418,inside_domain
Morgan+Physical,6,4,GSEJCLTVZPLZKY-UHFFFAOYSA-N,triethanolamine,303.15,3,3,28.11,29.7930450439,8.50333947546,outside_associated_liquid
Morgan+Physical,6,4,HZKDSQCZNUUQIF-UHFFFAOYSA-M,1-ethyl-3-methylimidazolium hydrogen sulfate,298.15,1,1,18.4,16.5881309509,15.1917971963,outside_associated_liquid
Morgan+Physical,6,4,JYPJLAPMBJKRDG-UHFFFAOYSA-M,1-ethyl-3-methylimidazolium butylsulfonate,298.15,0,0,30,14.8965778351,153.401832604,inside_domain
Morgan+Physical,6,4,KBPLFHHGFOOTCA-UHFFFAOYSA-N,octan-1-ol,298.15,1,1,10.66,12.5613918304,4.22641786179,outside_associated_liquid
Morgan+Physical,6,4,LZJIBRSVPKKOSI-UHFFFAOYSA-O,ethanolammonium nitrate,298.15,2,2,60.9,41.9219894409,20.8289438764,outside_associated_liquid
Morgan+Physical,6,4,OIFBSDVPJOWBCH-UHFFFAOYSA-N,diethyl carbonate,298.15,0,0,2.834,11.5816259384,1.35579310568,inside_domain
Morgan+Physical,6,4,RJQQOKKINHMXIM-UHFFFAOYSA-N,triethanolamine lactate,298.15,5,5,59.7,56.6158752441,27.2818406975,outside_associated_liquid
Morgan+Physical,6,4,VRFOKYHDLYBVAL-UHFFFAOYSA-M,1-ethyl-3-methylimidazolium ethyl sulfate,298.15,0,0,35,12.647026062,45.7566800107,inside_domain
Morgan+Physical,6,4,XQQZRZQVBFHBHL-UHFFFAOYSA-N,"1,4,7,10-tetraoxacyclododecane",299.4,0,0,10.76,12.3147716522,11.613237056,inside_domain
Morgan+Physical,6,4,XTHFKEDIFFGKHM-UHFFFAOYSA-N,"1,2-dimethoxyethane",298.15,0,0,7.0695,8.97765541077,5.4993455063,inside_domain
Morgan+Physical,6,4,YFMFNYKEUDLDTL-UHFFFAOYSA-N,"1,1,1,2,3,3,3-heptafluoropropane",302.85,0,0,4.1348,5.73734235764,7.17247104625,inside_domain
Morgan+Physical,6,4,YFNKIDBQEZZDLK-UHFFFAOYSA-N,"2,5,8,11-tetraoxadodecane",298.15,0,0,7.604,9.72651672363,11.1446264552,inside_domain
Morgan+Physical,6,4,IYXGSMUGOJNHAZ-UHFFFAOYSA-N,Diethyl malonate,298.15,0,0,8.03,13.0758152008,9.74006290335,inside_domain
Morgan+Physical,6,4,CSCPPACGZOOCGX-UHFFFAOYSA-N,Acetone,298.15,0,0,20.7,20.9514217377,29.9937881156,inside_domain
Morgan+Physical,6,4,NTIZESTWPVYFNL-UHFFFAOYSA-N,4-Methyl-2-pentanone,293.15,0,0,13.11,14.9851331711,14.6513704727,inside_domain
Morgan+Physical,6,4,DTQVDTLACAAQTR-UHFFFAOYSA-N,Trifluoroacetic acid,293.15,1,1,39.5,25.1840934753,28.7487569677,outside_associated_liquid
Morgan+Physical,6,4,HEBKCHPVOIAQTA-NGQZWQHPSA-N,Xylitol,293.15,5,5,40,35.5763664246,16.2882582546,outside_associated_liquid
Morgan+Physical,6,4,YPFDHNVEDLHUCE-UHFFFAOYSA-N,"1,3-Propanediol",293.15,2,2,35,21.4919281006,1.44673551362,outside_associated_liquid
Morgan+Physical,6,4,FERIUCNNQQJTOY-UHFFFAOYSA-N,Butyric acid,293.15,1,1,2.97,17.2740859985,7.21717286495,outside_associated_liquid
Morgan+Physical,6,4,GWYFCOCPABKNJV-UHFFFAOYSA-N,Isovaleric acid,293.15,1,1,2.64,19.6857089996,5.90016995209,outside_associated_liquid
Morgan+Physical,6,4,DHKHKXVYLBGOIT-UHFFFAOYSA-N,"1,1-Diethoxyethane",298.15,0,0,3.8,8.12703037262,6.97488629158,inside_domain
Morgan+Physical,6,4,QJPJQTDYNZXKQF-UHFFFAOYSA-N,p-Bromoanisole,303.15,0,0,7.06,9.89748191833,27.3339480411,inside_domain
Morgan+Physical,6,4,WEVYAHXRMPXWCK-UHFFFAOYSA-N,Acetonitrile,293.15,0,0,37.5,35.9846076965,53.5642531651,inside_domain
Morgan+Physical,6,4,MSXVEPNJUHWQHW-UHFFFAOYSA-N,2-Methyl-2-butanol,298.15,1,1,5.82,12.0146694183,5.55405564062,outside_associated_liquid
Morgan+Physical,6,4,WVDDGKGOMKODPV-UHFFFAOYSA-N,Benzyl alcohol,293.15,1,1,13.1,13.8020982742,5.77594569883,outside_associated_liquid
Morgan+Physical,6,4,NDVWOBYBJYUSMF-UHFFFAOYSA-N,2-Methylcyclohexanol,293.15,1,1,13.3,11.6474609375,5.23202446322,outside_associated_liquid
Morgan+Physical,6,4,HTSABYAWKQAHBT-UHFFFAOYSA-N,3-Methylcyclohexanol,293.15,1,1,12.3,12.2473459244,4.10543593176,outside_associated_liquid
Morgan+Physical,6,4,LCZUOKDVTBMCMX-UHFFFAOYSA-N,"2,5-Dimethylpyrazine",293.15,0,0,2.436,7.52296495438,1.11662360242,inside_domain
Morgan+Physical,6,4,QWTDNUCVQCZILF-UHFFFAOYSA-N,2-Methylbutane,293.15,0,0,1.843,4.54593658447,1.10396118598,inside_domain
Morgan+Physical,6,4,GDOPTJXRTPNYNR-UHFFFAOYSA-N,Methylcyclopentane,293.15,0,0,1.985,5.47013092041,1.11100262715,inside_domain
Morgan+Physical,6,4,RWNKSTSCBHKHTB-UHFFFAOYSA-N,"Hexachloro-1,3-butadiene",298.15,0,0,2.55,17.7700557709,1.1593863388,inside_domain
Morgan+Physical,6,4,PIICEJLVQHRZGT-UHFFFAOYSA-N,"1,2-Ethanediamine",293.15,2,2,14.2,20.4617538452,1.53256228944,outside_associated_liquid
Morgan+Physical,6,4,JSRLURSZEMLAFO-UHFFFAOYSA-N,m-Dibromobenzene,293.15,0,0,4.8,5.96150875092,15.1734627111,inside_domain
Morgan+Physical,6,4,ZRKMQKLGEQPLNS-UHFFFAOYSA-N,1-Pentanethiol,298.15,1,1,4.55,5.99575614929,9.12891097269,outside_associated_liquid
Morgan+Physical,6,4,BTQZKHUEUDPRST-UHFFFAOYSA-N,m-Fluorotoluene,303.15,0,0,5.42,7.1698884964,10.8674299419,inside_domain
Morgan+Physical,6,4,RCJMVGJKROQDCB-UHFFFAOYSA-N,"2-Methyl-1,3-pentadiene",298.15,0,0,2.42,5.2084403038,2.15098593997,inside_domain
Morgan,7,0,AFBPFSWMIHJQDM-UHFFFAOYSA-N,N-methylaniline,300.15,1,1,5.878,6.91744613647,7.11572078225,outside_associated_liquid
Morgan,7,0,ALYCOCULEAWWJO-UHFFFAOYSA-N,triethylpentylammonium bis(trifluoromethylsulfonyl)imide,298.15,0,0,12.5,11.9781141281,6.67840629363,inside_domain
Morgan,7,0,BKIMMITUMNQMOS-UHFFFAOYSA-N,nonane,298.15,0,0,1.98,5.68199110031,1.10532080108,inside_domain
Morgan,7,0,BTNXBLUGMAMSSH-UHFFFAOYSA-N,octanedinitrile,298.15,0,0,25.94,26.1488056183,22.1540981947,inside_domain
Morgan,7,0,CQEYYJKEWSMYFG-UHFFFAOYSA-N,butyl 2-propenoate,298.15,0,0,5.31,6.6821346283,8.81943541722,inside_domain
Morgan,7,0,FXHOOIRPVKKKFG-UHFFFAOYSA-N,"N,N-dimethylethanamide",303.15,0,0,37.72,20.074432373,35.5309250609,inside_domain
Morgan,7,0,FYIRUPZTYPILDH-UHFFFAOYSA-N,"1,1,1,2,3,3-hexafluoropropane",302.85,0,0,5.3105,8.48164272308,14.0370858022,inside_domain
Morgan,7,0,HQWOEDCLDNFWEV-UHFFFAOYSA-M,1-ethyl-3-methylimidazolium diethyl phosphate,298.15,0,0,16.9,20.5929203033,96.6466343683,inside_domain
Morgan,7,0,IAZDPXIOMUYVGZ-UHFFFAOYSA-N,dimethyl sulfoxide,298,0,0,46.05,13.9135189056,39.3405912447,inside_domain
Morgan,7,0,LSBXQLQATZTAPE-UHFFFAOYSA-N,1-butyl-3-methylimidazolium tetrafluoroborate,298.15,0,0,13.9,8.25504589081,142.089757341,inside_domain
Morgan,7,0,NEQXUPRFDXNNTA-UHFFFAOYSA-N,2-hydroxyethylammonium lactate,298.15,4,4,85.6,33.3054389954,5.97933023131,outside_associated_liquid
Morgan,7,0,OIFBSDVPJOWBCH-UHFFFAOYSA-N,diethyl carbonate,298.15,0,0,2.834,8.10626029968,1.35579310568,inside_domain
Morgan,7,0,STCBHSHARMAIOM-UHFFFAOYSA-N,1-methylimidazolium chloride,298.15,0,0,13.8,23.6047554016,31.9681461493,inside_domain
Morgan,7,0,UWHCKJMYHZGTIT-UHFFFAOYSA-N,tetraethylene glycol,298.15,2,2,19.91,25.3245162964,16.8875268244,outside_associated_liquid
Morgan,7,0,VVLAIYIMMFWRFW-UHFFFAOYSA-N,2-hydroxyethylammonium acetate,298.15,3,3,58.3,25.9150848389,4.76933191054,outside_associated_liquid
Morgan,7,0,XLYOFNOQVPJJNP-UHFFFAOYSA-N,water,297.575,0,1,78.87,21.241481781,40.4474006258,outside_associated_liquid
Morgan,7,0,YFMFNYKEUDLDTL-UHFFFAOYSA-N,"1,1,1,2,3,3,3-heptafluoropropane",302.85,0,0,4.1348,8.48164272308,7.17247104625,inside_domain
Morgan,7,0,YIWUKEYIRIRTPP-UHFFFAOYSA-N,2-ethyl-1-hexanol,298.2,1,1,7.353,14.2746896744,5.01442556827,outside_associated_liquid
Morgan,7,0,ZHNUHDYFZUAESO-UHFFFAOYSA-N,formamide,303.15,2,2,106.14,9.95884609222,1.63244107371,outside_associated_liquid
Morgan,7,0,ZTOMUSMDRMJOTH-UHFFFAOYSA-N,pentanedinitrile,298.15,0,0,34.6,26.1488056183,26.6601988036,inside_domain
Morgan,7,0,NTIZESTWPVYFNL-UHFFFAOYSA-N,4-Methyl-2-pentanone,293.15,0,0,13.11,15.3842191696,14.6513704727,inside_domain
Morgan,7,0,NVJBFARDFTXOTO-UHFFFAOYSA-N,Ethyl sulfite,293.15,0,0,15.9,9.94560241699,15.9704051889,inside_domain
Morgan,7,0,YPFDHNVEDLHUCE-UHFFFAOYSA-N,"1,3-Propanediol",293.15,2,2,35,27.86186409,1.44673551362,outside_associated_liquid
Morgan,7,0,GWYFCOCPABKNJV-UHFFFAOYSA-N,Isovaleric acid,293.15,1,1,2.64,16.2953357697,5.90016995209,outside_associated_liquid
Morgan,7,0,DHKHKXVYLBGOIT-UHFFFAOYSA-N,"1,1-Diethoxyethane",298.15,0,0,3.8,10.8791074753,6.97488629158,inside_domain
Morgan,7,0,QJPJQTDYNZXKQF-UHFFFAOYSA-N,p-Bromoanisole,303.15,0,0,7.06,5.26019001007,27.3339480411,inside_domain
Morgan,7,0,FVSKHRXBFJPNKK-UHFFFAOYSA-N,Propionitrile,293.15,0,0,27.2,23.5422172546,38.9694829474,inside_domain
Morgan,7,0,ZAFNJMIOTHYJRJ-UHFFFAOYSA-N,Isopropyl ether,298.15,0,0,3.88,5.86913013458,2.80531678598,inside_domain
Morgan,7,0,UJBOOUHRTQVGRU-UHFFFAOYSA-N,3-Methylcyclohexanone,293.15,0,0,12.4,14.1051044464,17.8915575672,inside_domain
Morgan,7,0,MQWCXKGKQLNYQG-UHFFFAOYSA-N,4-Methylcyclohexanol,293.15,1,1,13.3,9.95884609222,4.28546106184,outside_associated_liquid
Morgan,7,0,RGSFGYAAUTVSQA-UHFFFAOYSA-N,Cyclopentane,293.15,0,0,1.965,8.06164836884,1.10560773191,inside_domain
Morgan,7,0,OFBQJSOFQDEBGM-UHFFFAOYSA-N,n-Pentane,293.15,0,0,1.844,5.68199110031,1.1048859414,inside_domain
Morgan,7,0,ZQDPJFUHLCOCRG-WAYWQWQTSA-N,cis-3-Hexene,298.15,0,0,2.062,6.08052110672,1.19258064684,inside_domain
Morgan,7,0,ZQDPJFUHLCOCRG-AATRIKPKSA-N,trans-3-Hexene,298.15,0,0,2,6.08052110672,1.10808604929,inside_domain
Morgan,7,0,VLKZOEOYAKHREP-UHFFFAOYSA-N,n-Hexane,293.15,0,0,1.89,5.68199110031,1.10385792273,inside_domain
Morgan,7,0,JSRLURSZEMLAFO-UHFFFAOYSA-N,m-Dibromobenzene,293.15,0,0,4.8,7.24252843857,15.1734627111,inside_domain
Morgan,7,0,YLQBMQCUIZJEEH-UHFFFAOYSA-N,Furan,298.15,0,0,2.95,7.52369165421,1.38878820797,inside_domain
Morgan,7,0,NPDACUSDTOMAMK-UHFFFAOYSA-N,p-Chlorotoluene,293.15,0,0,6.08,7.00925397873,9.81647562753,inside_domain
Morgan,7,0,QQONPFPTGQHPMA-UHFFFAOYSA-N,Propene,293.15,0,0,1.875,7.20267820358,1.56210378661,inside_domain
Morgan,7,0,PMJHHCWVYXUKFD-SNAWJCMRSA-N,"1,3-Pentadiene",298.15,0,0,2.32,7.20267820358,1.87012388355,inside_domain
Morgan,7,0,RCJMVGJKROQDCB-UHFFFAOYSA-N,"2-Methyl-1,3-pentadiene",298.15,0,0,2.42,9.09987545013,2.15098593997,inside_domain
Physical,7,0,AFBPFSWMIHJQDM-UHFFFAOYSA-N,N-methylaniline,300.15,1,1,5.878,9.55578041077,7.11572078225,outside_associated_liquid
Physical,7,0,ALYCOCULEAWWJO-UHFFFAOYSA-N,triethylpentylammonium bis(trifluoromethylsulfonyl)imide,298.15,0,0,12.5,11.9342155457,6.67840629363,inside_domain
Physical,7,0,BKIMMITUMNQMOS-UHFFFAOYSA-N,nonane,298.15,0,0,1.98,3.14717912674,1.10532080108,inside_domain
Physical,7,0,BTNXBLUGMAMSSH-UHFFFAOYSA-N,octanedinitrile,298.15,0,0,25.94,18.1197566986,22.1540981947,inside_domain
Physical,7,0,CQEYYJKEWSMYFG-UHFFFAOYSA-N,butyl 2-propenoate,298.15,0,0,5.31,7.4884853363,8.81943541722,inside_domain
Physical,7,0,FXHOOIRPVKKKFG-UHFFFAOYSA-N,"N,N-dimethylethanamide",303.15,0,0,37.72,26.6516704559,35.5309250609,inside_domain
Physical,7,0,FYIRUPZTYPILDH-UHFFFAOYSA-N,"1,1,1,2,3,3-hexafluoropropane",302.85,0,0,5.3105,7.9281411171,14.0370858022,inside_domain
Physical,7,0,HQWOEDCLDNFWEV-UHFFFAOYSA-M,1-ethyl-3-methylimidazolium diethyl phosphate,298.15,0,0,16.9,22.5746707916,96.6466343683,inside_domain
Physical,7,0,IAZDPXIOMUYVGZ-UHFFFAOYSA-N,dimethyl sulfoxide,298,0,0,46.05,37.2760429382,39.3405912447,inside_domain
Physical,7,0,LSBXQLQATZTAPE-UHFFFAOYSA-N,1-butyl-3-methylimidazolium tetrafluoroborate,298.15,0,0,13.9,16.9344177246,142.089757341,inside_domain
Physical,7,0,NEQXUPRFDXNNTA-UHFFFAOYSA-N,2-hydroxyethylammonium lactate,298.15,4,4,85.6,29.6980171204,5.97933023131,outside_associated_liquid
Physical,7,0,OIFBSDVPJOWBCH-UHFFFAOYSA-N,diethyl carbonate,298.15,0,0,2.834,7.06754398346,1.35579310568,inside_domain
Physical,7,0,STCBHSHARMAIOM-UHFFFAOYSA-N,1-methylimidazolium chloride,298.15,0,0,13.8,21.9670124054,31.9681461493,inside_domain
Physical,7,0,UWHCKJMYHZGTIT-UHFFFAOYSA-N,tetraethylene glycol,298.15,2,2,19.91,23.7039279938,16.8875268244,outside_associated_liquid
Physical,7,0,VVLAIYIMMFWRFW-UHFFFAOYSA-N,2-hydroxyethylammonium acetate,298.15,3,3,58.3,23.5631885529,4.76933191054,outside_associated_liquid
Physical,7,0,XLYOFNOQVPJJNP-UHFFFAOYSA-N,water,297.575,0,1,78.87,39.2455940247,40.4474006258,outside_associated_liquid
Physical,7,0,YFMFNYKEUDLDTL-UHFFFAOYSA-N,"1,1,1,2,3,3,3-heptafluoropropane",302.85,0,0,4.1348,5.98122167587,7.17247104625,inside_domain
Physical,7,0,YIWUKEYIRIRTPP-UHFFFAOYSA-N,2-ethyl-1-hexanol,298.2,1,1,7.353,10.4007263184,5.01442556827,outside_associated_liquid
Physical,7,0,ZHNUHDYFZUAESO-UHFFFAOYSA-N,formamide,303.15,2,2,106.14,54.6537322998,1.63244107371,outside_associated_liquid
Physical,7,0,ZTOMUSMDRMJOTH-UHFFFAOYSA-N,pentanedinitrile,298.15,0,0,34.6,24.5932922363,26.6601988036,inside_domain
Physical,7,0,NTIZESTWPVYFNL-UHFFFAOYSA-N,4-Methyl-2-pentanone,293.15,0,0,13.11,12.0018730164,14.6513704727,inside_domain
Physical,7,0,NVJBFARDFTXOTO-UHFFFAOYSA-N,Ethyl sulfite,293.15,0,0,15.9,13.5679931641,15.9704051889,inside_domain
Physical,7,0,YPFDHNVEDLHUCE-UHFFFAOYSA-N,"1,3-Propanediol",293.15,2,2,35,12.1795091629,1.44673551362,outside_associated_liquid
Physical,7,0,GWYFCOCPABKNJV-UHFFFAOYSA-N,Isovaleric acid,293.15,1,1,2.64,11.6007566452,5.90016995209,outside_associated_liquid
Physical,7,0,DHKHKXVYLBGOIT-UHFFFAOYSA-N,"1,1-Diethoxyethane",298.15,0,0,3.8,7.07033872604,6.97488629158,inside_domain
Physical,7,0,QJPJQTDYNZXKQF-UHFFFAOYSA-N,p-Bromoanisole,303.15,0,0,7.06,13.9674940109,27.3339480411,inside_domain
Physical,7,0,FVSKHRXBFJPNKK-UHFFFAOYSA-N,Propionitrile,293.15,0,0,27.2,24.872379303,38.9694829474,inside_domain
Physical,7,0,ZAFNJMIOTHYJRJ-UHFFFAOYSA-N,Isopropyl ether,298.15,0,0,3.88,3.49799275398,2.80531678598,inside_domain
Physical,7,0,UJBOOUHRTQVGRU-UHFFFAOYSA-N,3-Methylcyclohexanone,293.15,0,0,12.4,13.2121353149,17.8915575672,inside_domain
Physical,7,0,MQWCXKGKQLNYQG-UHFFFAOYSA-N,4-Methylcyclohexanol,293.15,1,1,13.3,10.4846048355,4.28546106184,outside_associated_liquid
Physical,7,0,RGSFGYAAUTVSQA-UHFFFAOYSA-N,Cyclopentane,293.15,0,0,1.965,3.52344584465,1.10560773191,inside_domain
Physical,7,0,OFBQJSOFQDEBGM-UHFFFAOYSA-N,n-Pentane,293.15,0,0,1.844,3.6459043026,1.1048859414,inside_domain
Physical,7,0,ZQDPJFUHLCOCRG-WAYWQWQTSA-N,cis-3-Hexene,298.15,0,0,2.062,1.58219349384,1.19258064684,inside_domain
Physical,7,0,ZQDPJFUHLCOCRG-AATRIKPKSA-N,trans-3-Hexene,298.15,0,0,2,1.58219349384,1.10808604929,inside_domain
Physical,7,0,VLKZOEOYAKHREP-UHFFFAOYSA-N,n-Hexane,293.15,0,0,1.89,3.25635170937,1.10385792273,inside_domain
Physical,7,0,JSRLURSZEMLAFO-UHFFFAOYSA-N,m-Dibromobenzene,293.15,0,0,4.8,4.92487478256,15.1734627111,inside_domain
Physical,7,0,YLQBMQCUIZJEEH-UHFFFAOYSA-N,Furan,298.15,0,0,2.95,17.9955596924,1.38878820797,inside_domain
Physical,7,0,NPDACUSDTOMAMK-UHFFFAOYSA-N,p-Chlorotoluene,293.15,0,0,6.08,3.56067609787,9.81647562753,inside_domain
Physical,7,0,QQONPFPTGQHPMA-UHFFFAOYSA-N,Propene,293.15,0,0,1.875,1,1.56210378661,inside_domain
Physical,7,0,PMJHHCWVYXUKFD-SNAWJCMRSA-N,"1,3-Pentadiene",298.15,0,0,2.32,2.18449926376,1.87012388355,inside_domain
Physical,7,0,RCJMVGJKROQDCB-UHFFFAOYSA-N,"2-Methyl-1,3-pentadiene",298.15,0,0,2.42,1.23769032955,2.15098593997,inside_domain
Morgan+Physical,7,0,AFBPFSWMIHJQDM-UHFFFAOYSA-N,N-methylaniline,300.15,1,1,5.878,8.23661327362,7.11572078225,outside_associated_liquid
Morgan+Physical,7,0,ALYCOCULEAWWJO-UHFFFAOYSA-N,triethylpentylammonium bis(trifluoromethylsulfonyl)imide,298.15,0,0,12.5,11.9561653137,6.67840629363,inside_domain
Morgan+Physical,7,0,BKIMMITUMNQMOS-UHFFFAOYSA-N,nonane,298.15,0,0,1.98,4.41458511353,1.10532080108,inside_domain
Morgan+Physical,7,0,BTNXBLUGMAMSSH-UHFFFAOYSA-N,octanedinitrile,298.15,0,0,25.94,22.1342811584,22.1540981947,inside_domain
Morgan+Physical,7,0,CQEYYJKEWSMYFG-UHFFFAOYSA-N,butyl 2-propenoate,298.15,0,0,5.31,7.0853099823,8.81943541722,inside_domain
Morgan+Physical,7,0,FXHOOIRPVKKKFG-UHFFFAOYSA-N,"N,N-dimethylethanamide",303.15,0,0,37.72,23.3630523682,35.5309250609,inside_domain
Morgan+Physical,7,0,FYIRUPZTYPILDH-UHFFFAOYSA-N,"1,1,1,2,3,3-hexafluoropropane",302.85,0,0,5.3105,8.20489215851,14.0370858022,inside_domain
Morgan+Physical,7,0,HQWOEDCLDNFWEV-UHFFFAOYSA-M,1-ethyl-3-methylimidazolium diethyl phosphate,298.15,0,0,16.9,21.5837955475,96.6466343683,inside_domain
Morgan+Physical,7,0,IAZDPXIOMUYVGZ-UHFFFAOYSA-N,dimethyl sulfoxide,298,0,0,46.05,25.5947799683,39.3405912447,inside_domain
Morgan+Physical,7,0,LSBXQLQATZTAPE-UHFFFAOYSA-N,1-butyl-3-methylimidazolium tetrafluoroborate,298.15,0,0,13.9,12.5947322845,142.089757341,inside_domain
Morgan+Physical,7,0,NEQXUPRFDXNNTA-UHFFFAOYSA-N,2-hydroxyethylammonium lactate,298.15,4,4,85.6,31.5017280579,5.97933023131,outside_associated_liquid
Morgan+Physical,7,0,OIFBSDVPJOWBCH-UHFFFAOYSA-N,diethyl carbonate,298.15,0,0,2.834,7.58690214157,1.35579310568,inside_domain
Morgan+Physical,7,0,STCBHSHARMAIOM-UHFFFAOYSA-N,1-methylimidazolium chloride,298.15,0,0,13.8,22.7858848572,31.9681461493,inside_domain
Morgan+Physical,7,0,UWHCKJMYHZGTIT-UHFFFAOYSA-N,tetraethylene glycol,298.15,2,2,19.91,24.5142211914,16.8875268244,outside_associated_liquid
Morgan+Physical,7,0,VVLAIYIMMFWRFW-UHFFFAOYSA-N,2-hydroxyethylammonium acetate,298.15,3,3,58.3,24.7391357422,4.76933191054,outside_associated_liquid
Morgan+Physical,7,0,XLYOFNOQVPJJNP-UHFFFAOYSA-N,water,297.575,0,1,78.87,30.2435379028,40.4474006258,outside_associated_liquid
Morgan+Physical,7,0,YFMFNYKEUDLDTL-UHFFFAOYSA-N,"1,1,1,2,3,3,3-heptafluoropropane",302.85,0,0,4.1348,7.23143196106,7.17247104625,inside_domain
Morgan+Physical,7,0,YIWUKEYIRIRTPP-UHFFFAOYSA-N,2-ethyl-1-hexanol,298.2,1,1,7.353,12.3377075195,5.01442556827,outside_associated_liquid
Morgan+Physical,7,0,ZHNUHDYFZUAESO-UHFFFAOYSA-N,formamide,303.15,2,2,106.14,32.3062896729,1.63244107371,outside_associated_liquid
Morgan+Physical,7,0,ZTOMUSMDRMJOTH-UHFFFAOYSA-N,pentanedinitrile,298.15,0,0,34.6,25.3710479736,26.6601988036,inside_domain
Morgan+Physical,7,0,NTIZESTWPVYFNL-UHFFFAOYSA-N,4-Methyl-2-pentanone,293.15,0,0,13.11,13.6930465698,14.6513704727,inside_domain
Morgan+Physical,7,0,NVJBFARDFTXOTO-UHFFFAOYSA-N,Ethyl sulfite,293.15,0,0,15.9,11.7567977905,15.9704051889,inside_domain
Morgan+Physical,7,0,YPFDHNVEDLHUCE-UHFFFAOYSA-N,"1,3-Propanediol",293.15,2,2,35,20.0206871033,1.44673551362,outside_associated_liquid
Morgan+Physical,7,0,GWYFCOCPABKNJV-UHFFFAOYSA-N,Isovaleric acid,293.15,1,1,2.64,13.9480457306,5.90016995209,outside_associated_liquid
Morgan+Physical,7,0,DHKHKXVYLBGOIT-UHFFFAOYSA-N,"1,1-Diethoxyethane",298.15,0,0,3.8,8.97472286224,6.97488629158,inside_domain
Morgan+Physical,7,0,QJPJQTDYNZXKQF-UHFFFAOYSA-N,p-Bromoanisole,303.15,0,0,7.06,9.6138420105,27.3339480411,inside_domain
Morgan+Physical,7,0,FVSKHRXBFJPNKK-UHFFFAOYSA-N,Propionitrile,293.15,0,0,27.2,24.2072982788,38.9694829474,inside_domain
Morgan+Physical,7,0,ZAFNJMIOTHYJRJ-UHFFFAOYSA-N,Isopropyl ether,298.15,0,0,3.88,4.68356132507,2.80531678598,inside_domain
Morgan+Physical,7,0,UJBOOUHRTQVGRU-UHFFFAOYSA-N,3-Methylcyclohexanone,293.15,0,0,12.4,13.6586198807,17.8915575672,inside_domain
Morgan+Physical,7,0,MQWCXKGKQLNYQG-UHFFFAOYSA-N,4-Methylcyclohexanol,293.15,1,1,13.3,10.2217254639,4.28546106184,outside_associated_liquid
Morgan+Physical,7,0,RGSFGYAAUTVSQA-UHFFFAOYSA-N,Cyclopentane,293.15,0,0,1.965,5.79254722595,1.10560773191,inside_domain
Morgan+Physical,7,0,OFBQJSOFQDEBGM-UHFFFAOYSA-N,n-Pentane,293.15,0,0,1.844,4.66394758224,1.1048859414,inside_domain
Morgan+Physical,7,0,ZQDPJFUHLCOCRG-WAYWQWQTSA-N,cis-3-Hexene,298.15,0,0,2.062,3.83135724068,1.19258064684,inside_domain
Morgan+Physical,7,0,ZQDPJFUHLCOCRG-AATRIKPKSA-N,trans-3-Hexene,298.15,0,0,2,3.83135724068,1.10808604929,inside_domain
Morgan+Physical,7,0,VLKZOEOYAKHREP-UHFFFAOYSA-N,n-Hexane,293.15,0,0,1.89,4.46917152405,1.10385792273,inside_domain
Morgan+Physical,7,0,JSRLURSZEMLAFO-UHFFFAOYSA-N,m-Dibromobenzene,293.15,0,0,4.8,6.08370161057,15.1734627111,inside_domain
Morgan+Physical,7,0,YLQBMQCUIZJEEH-UHFFFAOYSA-N,Furan,298.15,0,0,2.95,12.7596254349,1.38878820797,inside_domain
Morgan+Physical,7,0,NPDACUSDTOMAMK-UHFFFAOYSA-N,p-Chlorotoluene,293.15,0,0,6.08,5.2849650383,9.81647562753,inside_domain
Morgan+Physical,7,0,QQONPFPTGQHPMA-UHFFFAOYSA-N,Propene,293.15,0,0,1.875,2.80855202675,1.56210378661,inside_domain
Morgan+Physical,7,0,PMJHHCWVYXUKFD-SNAWJCMRSA-N,"1,3-Pentadiene",298.15,0,0,2.32,4.69358873367,1.87012388355,inside_domain
Morgan+Physical,7,0,RCJMVGJKROQDCB-UHFFFAOYSA-N,"2-Methyl-1,3-pentadiene",298.15,0,0,2.42,5.16878271103,2.15098593997,inside_domain
Morgan,7,1,BGTOWKSIORTVQH-UHFFFAOYSA-N,cyclopentanone,298.15,0,0,13.505,14.5778884888,20.9054049662,inside_domain
Morgan,7,1,DURPTKYDGMDSBL-UHFFFAOYSA-N,dibutyl ether,298.15,0,0,3.106,4.10449695587,2.81657790905,inside_domain
Morgan,7,1,GRYUVYIMDGRRLN-UHFFFAOYSA-N,"1-butyl-2,3,4,5-tetramethylimidazolium bis(trifluoromethylsulfonyl)imide",298.15,0,0,15,13.2832307816,18.8149235057,inside_domain
Morgan,7,1,GSEJCLTVZPLZKY-UHFFFAOYSA-N,triethanolamine,303.15,3,3,28.11,38.1431159973,8.50333947546,outside_associated_liquid
Morgan,7,1,HXJUTPCZVOIRIF-UHFFFAOYSA-N,sulfolane,298.15,0,0,44,14.5778884888,54.0253899274,inside_domain
Morgan,7,1,HZAXFHJVJLSVMW-UHFFFAOYSA-N,2-aminoethan-1-ol,303.15,2,2,31.46,29.1537322998,25.2714322229,outside_associated_liquid
Morgan,7,1,IEJIGPNLZYLLBP-UHFFFAOYSA-N,dimethyl carbonate,298.15,0,0,3.134,13.0043392181,1.5899816096,inside_domain
Morgan,7,1,IMNFDUFMRHMDMM-UHFFFAOYSA-N,heptane,298.15,0,0,1.93,5.02602100372,1.10583566295,inside_domain
Morgan,7,1,JYPJLAPMBJKRDG-UHFFFAOYSA-M,1-ethyl-3-methylimidazolium butylsulfonate,298.15,0,0,30,19.9228496552,153.401832604,inside_domain
Morgan,7,1,LFQSCWFLJHTTHZ-UHFFFAOYSA-N,ethanol,298.15,1,1,25.02,15.730629921,9.55039595517,outside_associated_liquid
Morgan,7,1,LRHPLDYGYMQRHN-UHFFFAOYSA-N,butan-1-ol,298.15,1,1,18.03,15.538687706,8.39006069244,outside_associated_liquid
Morgan,7,1,LVTYICIALWPMFW-UHFFFAOYSA-N,N-(2-hydroxypropyl)-2-hydroxy-1-propanamine,303.15,3,3,13.87,17.5636310577,21.6555806344,outside_associated_liquid
Morgan,7,1,QTBSBXVTEAMEQO-UHFFFAOYSA-N,acetic acid,293.15,1,1,6.15,19.4199695587,12.6069173441,outside_associated_liquid
Morgan,7,1,RYHBNJHYFVUHQT-UHFFFAOYSA-N,"1,4-dioxane",298.2,0,0,2.228,9.73135566711,1.10125989107,inside_domain
Morgan,7,1,UAEPNZWRGJTJPN-UHFFFAOYSA-N,methylcyclohexane,298.2,0,0,2.01,9.1231212616,1.10998539605,inside_domain
Morgan,7,1,UODQEMVTULZGKO-UHFFFAOYSA-N,"1-pentyl-1-methylpyrrolidinium 1,1,1-trifluoro-N-[(trifluoromethyl)sulfonyl]methanesulfonamide",298.15,0,0,12.5,10.2164382935,24.4937811978,inside_domain
Morgan,7,1,UPCXAARSWVHVLY-UHFFFAOYSA-N,triethanolammonium acetate,298.15,4,4,31,47.9785232544,11.4536548979,outside_associated_liquid
Morgan,7,1,XDJYSDBSJWNTQT-UHFFFAOYSA-N,"1-ethyl-2,3-dimethylimidazolium bis[(trifluoromethyl)sulfonyl]imide",298.15,0,0,12.8,13.8622274399,44.2192801694,inside_domain
Morgan,7,1,XQQZRZQVBFHBHL-UHFFFAOYSA-N,"1,4,7,10-tetraoxacyclododecane",299.4,0,0,10.76,9.73135566711,11.613237056,inside_domain
Morgan,7,1,YEJRWHAVMIAJKC-UHFFFAOYSA-N,.gamma.-butyrolactone,295.65,0,0,41.99,14.9338417053,50.6116986269,inside_domain
Morgan,7,1,YFNKIDBQEZZDLK-UHFFFAOYSA-N,"2,5,8,11-tetraoxadodecane",298.15,0,0,7.604,7.36101913452,11.1446264552,inside_domain
Morgan,7,1,ZXEKIIBDNHEJCQ-UHFFFAOYSA-N,2-methyl-1-propanol,298.15,1,1,17.96,18.7012844086,5.2814866108,outside_associated_liquid
Morgan,7,1,DKPFZGUDAPQIHT-UHFFFAOYSA-N,Butyl acetate,293.15,0,0,5.01,7.39337587357,10.0231968887,inside_domain
Morgan,7,1,RTZKZFJDLAIYFH-UHFFFAOYSA-N,Ethyl ether,293.15,0,0,4.335,5.24541473389,4.44489704395,inside_domain
Morgan,7,1,DTQVDTLACAAQTR-UHFFFAOYSA-N,Trifluoroacetic acid,293.15,1,1,39.5,19.4002933502,28.7487569677,outside_associated_liquid
Morgan,7,1,HEBKCHPVOIAQTA-NGQZWQHPSA-N,Xylitol,293.15,5,5,40,39.1574478149,16.2882582546,outside_associated_liquid
Morgan,7,1,SVTBMSDMJJWYQN-UHFFFAOYSA-N,"2-Methyl-2,4-pentanediol",303.15,2,2,24.4,17.5636310577,19.5363125491,outside_associated_liquid
Morgan,7,1,PHTQWCKDNZKARW-UHFFFAOYSA-N,3-Methyl-1-butanol,298.15,1,1,14.7,20.6288871765,4.92575324719,outside_associated_liquid
Morgan,7,1,MSXVEPNJUHWQHW-UHFFFAOYSA-N,2-Methyl-2-butanol,298.15,1,1,5.82,8.56946086884,5.55405564062,outside_associated_liquid
Morgan,7,1,QGJOPFRUJISHPQ-UHFFFAOYSA-N,Carbon disulfide,293.15,0,0,2.641,10.0185489655,1.14604082971,inside_domain
Morgan,7,1,LCZUOKDVTBMCMX-UHFFFAOYSA-N,"2,5-Dimethylpyrazine",293.15,0,0,2.436,9.77218723297,1.11662360242,inside_domain
Morgan,7,1,GETTZEONDQJALK-UHFFFAOYSA-N,"alpha,alpha,alpha-Trifluorotoluene",303.15,0,0,9.18,7.9368262291,23.2671758909,inside_domain
Morgan,7,1,JRGGUPZKKTVKOV-UHFFFAOYSA-N,1-Bromo-3-chlorobenzene,293.15,0,0,4.58,6.9962310791,13.6465698801,inside_domain
Morgan,7,1,RFFLAFLAYFXFSW-UHFFFAOYSA-N,o-Dichlorobenzene,298.15,0,0,9.93,6.09992599487,10.2507478883,inside_domain
Morgan,7,1,ZPQOPVIELGIULI-UHFFFAOYSA-N,m-Dichlorobenzene,298.15,0,0,5.04,6.09992599487,4.80631156245,inside_domain
Morgan,7,1,LJSQFQKUNVCTIA-UHFFFAOYSA-N,Ethyl sulfide,298.15,0,0,5.72,6.58784198761,10.37513043,inside_domain
Morgan,7,1,PYLWMHQQBFSUBP-UHFFFAOYSA-N,Fluorobenzene,298.15,0,0,5.42,7.9368262291,9.55831440066,inside_domain
Morgan,7,1,SNHMUERNLJLMHN-UHFFFAOYSA-N,Iodobenzene,293.15,0,0,4.63,7.9368262291,20.9443272724,inside_domain
Morgan,7,1,PAYRUJLWNCNPSJ-UHFFFAOYSA-N,Aniline,293.15,1,1,6.89,9.66786289215,7.45516883493,outside_associated_liquid
Morgan,7,1,ZMANZCXQSJIPKH-UHFFFAOYSA-N,Triethylamine,298.15,0,0,2.42,6.58784198761,1.58318603892,inside_domain
Morgan,7,1,BTQZKHUEUDPRST-UHFFFAOYSA-N,m-Fluorotoluene,303.15,0,0,5.42,7.68454551697,10.8674299419,inside_domain
Physical,7,1,BGTOWKSIORTVQH-UHFFFAOYSA-N,cyclopentanone,298.15,0,0,13.505,14.9297780991,20.9054049662,inside_domain
Physical,7,1,DURPTKYDGMDSBL-UHFFFAOYSA-N,dibutyl ether,298.15,0,0,3.106,3.06346654892,2.81657790905,inside_domain
Physical,7,1,GRYUVYIMDGRRLN-UHFFFAOYSA-N,"1-butyl-2,3,4,5-tetramethylimidazolium bis(trifluoromethylsulfonyl)imide",298.15,0,0,15,18.3809185028,18.8149235057,inside_domain
Physical,7,1,GSEJCLTVZPLZKY-UHFFFAOYSA-N,triethanolamine,303.15,3,3,28.11,29.9549427032,8.50333947546,outside_associated_liquid
Physical,7,1,HXJUTPCZVOIRIF-UHFFFAOYSA-N,sulfolane,298.15,0,0,44,23.1113796234,54.0253899274,inside_domain
Physical,7,1,HZAXFHJVJLSVMW-UHFFFAOYSA-N,2-aminoethan-1-ol,303.15,2,2,31.46,49.2324295044,25.2714322229,outside_associated_liquid
Physical,7,1,IEJIGPNLZYLLBP-UHFFFAOYSA-N,dimethyl carbonate,298.15,0,0,3.134,18.8249073029,1.5899816096,inside_domain
Physical,7,1,IMNFDUFMRHMDMM-UHFFFAOYSA-N,heptane,298.15,0,0,1.93,2.73261809349,1.10583566295,inside_domain
Physical,7,1,JYPJLAPMBJKRDG-UHFFFAOYSA-M,1-ethyl-3-methylimidazolium butylsulfonate,298.15,0,0,30,19.3915729523,153.401832604,inside_domain
Physical,7,1,LFQSCWFLJHTTHZ-UHFFFAOYSA-N,ethanol,298.15,1,1,25.02,31.3542556763,9.55039595517,outside_associated_liquid
Physical,7,1,LRHPLDYGYMQRHN-UHFFFAOYSA-N,butan-1-ol,298.15,1,1,18.03,12.3098173141,8.39006069244,outside_associated_liquid
Physical,7,1,LVTYICIALWPMFW-UHFFFAOYSA-N,N-(2-hydroxypropyl)-2-hydroxy-1-propanamine,303.15,3,3,13.87,35.5052680969,21.6555806344,outside_associated_liquid
Physical,7,1,QTBSBXVTEAMEQO-UHFFFAOYSA-N,acetic acid,293.15,1,1,6.15,33.1723709106,12.6069173441,outside_associated_liquid
Physical,7,1,RYHBNJHYFVUHQT-UHFFFAOYSA-N,"1,4-dioxane",298.2,0,0,2.228,7.52763414383,1.10125989107,inside_domain
Physical,7,1,UAEPNZWRGJTJPN-UHFFFAOYSA-N,methylcyclohexane,298.2,0,0,2.01,2.25327968597,1.10998539605,inside_domain
Physical,7,1,UODQEMVTULZGKO-UHFFFAOYSA-N,"1-pentyl-1-methylpyrrolidinium 1,1,1-trifluoro-N-[(trifluoromethyl)sulfonyl]methanesulfonamide",298.15,0,0,12.5,17.981470108,24.4937811978,inside_domain
Physical,7,1,UPCXAARSWVHVLY-UHFFFAOYSA-N,triethanolammonium acetate,298.15,4,4,31,44.851890564,11.4536548979,outside_associated_liquid
Physical,7,1,XDJYSDBSJWNTQT-UHFFFAOYSA-N,"1-ethyl-2,3-dimethylimidazolium bis[(trifluoromethyl)sulfonyl]imide",298.15,0,0,12.8,22.3993816376,44.2192801694,inside_domain
Physical,7,1,XQQZRZQVBFHBHL-UHFFFAOYSA-N,"1,4,7,10-tetraoxacyclododecane",299.4,0,0,10.76,13.6498947144,11.613237056,inside_domain
Physical,7,1,YEJRWHAVMIAJKC-UHFFFAOYSA-N,.gamma.-butyrolactone,295.65,0,0,41.99,28.2754497528,50.6116986269,inside_domain
Physical,7,1,YFNKIDBQEZZDLK-UHFFFAOYSA-N,"2,5,8,11-tetraoxadodecane",298.15,0,0,7.604,10.1386861801,11.1446264552,inside_domain
Physical,7,1,ZXEKIIBDNHEJCQ-UHFFFAOYSA-N,2-methyl-1-propanol,298.15,1,1,17.96,13.6401872635,5.2814866108,outside_associated_liquid
Physical,7,1,DKPFZGUDAPQIHT-UHFFFAOYSA-N,Butyl acetate,293.15,0,0,5.01,8.0393409729,10.0231968887,inside_domain
Physical,7,1,RTZKZFJDLAIYFH-UHFFFAOYSA-N,Ethyl ether,293.15,0,0,4.335,1.85760986805,4.44489704395,inside_domain
Physical,7,1,DTQVDTLACAAQTR-UHFFFAOYSA-N,Trifluoroacetic acid,293.15,1,1,39.5,34.7237739563,28.7487569677,outside_associated_liquid
Physical,7,1,HEBKCHPVOIAQTA-NGQZWQHPSA-N,Xylitol,293.15,5,5,40,41.3733596802,16.2882582546,outside_associated_liquid
Physical,7,1,SVTBMSDMJJWYQN-UHFFFAOYSA-N,"2-Methyl-2,4-pentanediol",303.15,2,2,24.4,20.2441825867,19.5363125491,outside_associated_liquid
Physical,7,1,PHTQWCKDNZKARW-UHFFFAOYSA-N,3-Methyl-1-butanol,298.15,1,1,14.7,12.0788755417,4.92575324719,outside_associated_liquid
Physical,7,1,MSXVEPNJUHWQHW-UHFFFAOYSA-N,2-Methyl-2-butanol,298.15,1,1,5.82,10.3795747757,5.55405564062,outside_associated_liquid
Physical,7,1,QGJOPFRUJISHPQ-UHFFFAOYSA-N,Carbon disulfide,293.15,0,0,2.641,12.9661159515,1.14604082971,inside_domain
Physical,7,1,LCZUOKDVTBMCMX-UHFFFAOYSA-N,"2,5-Dimethylpyrazine",293.15,0,0,2.436,8.2883644104,1.11662360242,inside_domain
Physical,7,1,GETTZEONDQJALK-UHFFFAOYSA-N,"alpha,alpha,alpha-Trifluorotoluene",303.15,0,0,9.18,17.7310428619,23.2671758909,inside_domain
Physical,7,1,JRGGUPZKKTVKOV-UHFFFAOYSA-N,1-Bromo-3-chlorobenzene,293.15,0,0,4.58,4.28931283951,13.6465698801,inside_domain
Physical,7,1,RFFLAFLAYFXFSW-UHFFFAOYSA-N,o-Dichlorobenzene,298.15,0,0,9.93,3.89362835884,10.2507478883,inside_domain
Physical,7,1,ZPQOPVIELGIULI-UHFFFAOYSA-N,m-Dichlorobenzene,298.15,0,0,5.04,4.58448123932,4.80631156245,inside_domain
Physical,7,1,LJSQFQKUNVCTIA-UHFFFAOYSA-N,Ethyl sulfide,298.15,0,0,5.72,4.59191465378,10.37513043,inside_domain
Physical,7,1,PYLWMHQQBFSUBP-UHFFFAOYSA-N,Fluorobenzene,298.15,0,0,5.42,4.78736448288,9.55831440066,inside_domain
Physical,7,1,SNHMUERNLJLMHN-UHFFFAOYSA-N,Iodobenzene,293.15,0,0,4.63,8.91207027435,20.9443272724,inside_domain
Physical,7,1,PAYRUJLWNCNPSJ-UHFFFAOYSA-N,Aniline,293.15,1,1,6.89,11.9049196243,7.45516883493,outside_associated_liquid
Physical,7,1,ZMANZCXQSJIPKH-UHFFFAOYSA-N,Triethylamine,298.15,0,0,2.42,1.69348919392,1.58318603892,inside_domain
Physical,7,1,BTQZKHUEUDPRST-UHFFFAOYSA-N,m-Fluorotoluene,303.15,0,0,5.42,9.14045619965,10.8674299419,inside_domain
Morgan+Physical,7,1,BGTOWKSIORTVQH-UHFFFAOYSA-N,cyclopentanone,298.15,0,0,13.505,14.7538337708,20.9054049662,inside_domain
Morgan+Physical,7,1,DURPTKYDGMDSBL-UHFFFAOYSA-N,dibutyl ether,298.15,0,0,3.106,3.5839817524,2.81657790905,inside_domain
Morgan+Physical,7,1,GRYUVYIMDGRRLN-UHFFFAOYSA-N,"1-butyl-2,3,4,5-tetramethylimidazolium bis(trifluoromethylsulfonyl)imide",298.15,0,0,15,15.832075119,18.8149235057,inside_domain
Morgan+Physical,7,1,GSEJCLTVZPLZKY-UHFFFAOYSA-N,triethanolamine,303.15,3,3,28.11,34.049030304,8.50333947546,outside_associated_liquid
Morgan+Physical,7,1,HXJUTPCZVOIRIF-UHFFFAOYSA-N,sulfolane,298.15,0,0,44,18.8446350098,54.0253899274,inside_domain
Morgan+Physical,7,1,HZAXFHJVJLSVMW-UHFFFAOYSA-N,2-aminoethan-1-ol,303.15,2,2,31.46,39.1930809021,25.2714322229,outside_associated_liquid
Morgan+Physical,7,1,IEJIGPNLZYLLBP-UHFFFAOYSA-N,dimethyl carbonate,298.15,0,0,3.134,15.9146232605,1.5899816096,inside_domain
Morgan+Physical,7,1,IMNFDUFMRHMDMM-UHFFFAOYSA-N,heptane,298.15,0,0,1.93,3.87931966782,1.10583566295,inside_domain
Morgan+Physical,7,1,JYPJLAPMBJKRDG-UHFFFAOYSA-M,1-ethyl-3-methylimidazolium butylsulfonate,298.15,0,0,30,19.6572113037,153.401832604,inside_domain
Morgan+Physical,7,1,LFQSCWFLJHTTHZ-UHFFFAOYSA-N,ethanol,298.15,1,1,25.02,23.5424423218,9.55039595517,outside_associated_liquid
Morgan+Physical,7,1,LRHPLDYGYMQRHN-UHFFFAOYSA-N,butan-1-ol,298.15,1,1,18.03,13.9242525101,8.39006069244,outside_associated_liquid
Morgan+Physical,7,1,LVTYICIALWPMFW-UHFFFAOYSA-N,N-(2-hydroxypropyl)-2-hydroxy-1-propanamine,303.15,3,3,13.87,26.534450531,21.6555806344,outside_associated_liquid
Morgan+Physical,7,1,QTBSBXVTEAMEQO-UHFFFAOYSA-N,acetic acid,293.15,1,1,6.15,26.296169281,12.6069173441,outside_associated_liquid
Morgan+Physical,7,1,RYHBNJHYFVUHQT-UHFFFAOYSA-N,"1,4-dioxane",298.2,0,0,2.228,8.62949466705,1.10125989107,inside_domain
Morgan+Physical,7,1,UAEPNZWRGJTJPN-UHFFFAOYSA-N,methylcyclohexane,298.2,0,0,2.01,5.68820047379,1.10998539605,inside_domain
Morgan+Physical,7,1,UODQEMVTULZGKO-UHFFFAOYSA-N,"1-pentyl-1-methylpyrrolidinium 1,1,1-trifluoro-N-[(trifluoromethyl)sulfonyl]methanesulfonamide",298.15,0,0,12.5,14.0989542007,24.4937811978,inside_domain
Morgan+Physical,7,1,UPCXAARSWVHVLY-UHFFFAOYSA-N,triethanolammonium acetate,298.15,4,4,31,46.4152069092,11.4536548979,outside_associated_liquid
Morgan+Physical,7,1,XDJYSDBSJWNTQT-UHFFFAOYSA-N,"1-ethyl-2,3-dimethylimidazolium bis[(trifluoromethyl)sulfonyl]imide",298.15,0,0,12.8,18.1308040619,44.2192801694,inside_domain
Morgan+Physical,7,1,XQQZRZQVBFHBHL-UHFFFAOYSA-N,"1,4,7,10-tetraoxacyclododecane",299.4,0,0,10.76,11.6906251907,11.613237056,inside_domain
Morgan+Physical,7,1,YEJRWHAVMIAJKC-UHFFFAOYSA-N,.gamma.-butyrolactone,295.65,0,0,41.99,21.6046447754,50.6116986269,inside_domain
Morgan+Physical,7,1,YFNKIDBQEZZDLK-UHFFFAOYSA-N,"2,5,8,11-tetraoxadodecane",298.15,0,0,7.604,8.74985313416,11.1446264552,inside_domain
Morgan+Physical,7,1,ZXEKIIBDNHEJCQ-UHFFFAOYSA-N,2-methyl-1-propanol,298.15,1,1,17.96,16.1707363129,5.2814866108,outside_associated_liquid
Morgan+Physical,7,1,DKPFZGUDAPQIHT-UHFFFAOYSA-N,Butyl acetate,293.15,0,0,5.01,7.71635818481,10.0231968887,inside_domain
Morgan+Physical,7,1,RTZKZFJDLAIYFH-UHFFFAOYSA-N,Ethyl ether,293.15,0,0,4.335,3.55151224136,4.44489704395,inside_domain
Morgan+Physical,7,1,DTQVDTLACAAQTR-UHFFFAOYSA-N,Trifluoroacetic acid,293.15,1,1,39.5,27.0620346069,28.7487569677,outside_associated_liquid
Morgan+Physical,7,1,HEBKCHPVOIAQTA-NGQZWQHPSA-N,Xylitol,293.15,5,5,40,40.2654037476,16.2882582546,outside_associated_liquid
Morgan+Physical,7,1,SVTBMSDMJJWYQN-UHFFFAOYSA-N,"2-Methyl-2,4-pentanediol",303.15,2,2,24.4,18.9039077759,19.5363125491,outside_associated_liquid
Morgan+Physical,7,1,PHTQWCKDNZKARW-UHFFFAOYSA-N,3-Methyl-1-butanol,298.15,1,1,14.7,16.3538818359,4.92575324719,outside_associated_liquid
Morgan+Physical,7,1,MSXVEPNJUHWQHW-UHFFFAOYSA-N,2-Methyl-2-butanol,298.15,1,1,5.82,9.47451782227,5.55405564062,outside_associated_liquid
Morgan+Physical,7,1,QGJOPFRUJISHPQ-UHFFFAOYSA-N,Carbon disulfide,293.15,0,0,2.641,11.4923324585,1.14604082971,inside_domain
Morgan+Physical,7,1,LCZUOKDVTBMCMX-UHFFFAOYSA-N,"2,5-Dimethylpyrazine",293.15,0,0,2.436,9.03027534485,1.11662360242,inside_domain
Morgan+Physical,7,1,GETTZEONDQJALK-UHFFFAOYSA-N,"alpha,alpha,alpha-Trifluorotoluene",303.15,0,0,9.18,12.8339347839,23.2671758909,inside_domain
Morgan+Physical,7,1,JRGGUPZKKTVKOV-UHFFFAOYSA-N,1-Bromo-3-chlorobenzene,293.15,0,0,4.58,5.64277172089,13.6465698801,inside_domain
Morgan+Physical,7,1,RFFLAFLAYFXFSW-UHFFFAOYSA-N,o-Dichlorobenzene,298.15,0,0,9.93,4.99677705765,10.2507478883,inside_domain
Morgan+Physical,7,1,ZPQOPVIELGIULI-UHFFFAOYSA-N,m-Dichlorobenzene,298.15,0,0,5.04,5.3422036171,4.80631156245,inside_domain
Morgan+Physical,7,1,LJSQFQKUNVCTIA-UHFFFAOYSA-N,Ethyl sulfide,298.15,0,0,5.72,5.58987808228,10.37513043,inside_domain
Morgan+Physical,7,1,PYLWMHQQBFSUBP-UHFFFAOYSA-N,Fluorobenzene,298.15,0,0,5.42,6.36209535599,9.55831440066,inside_domain
Morgan+Physical,7,1,SNHMUERNLJLMHN-UHFFFAOYSA-N,Iodobenzene,293.15,0,0,4.63,8.42444801331,20.9443272724,inside_domain
Morgan+Physical,7,1,PAYRUJLWNCNPSJ-UHFFFAOYSA-N,Aniline,293.15,1,1,6.89,10.7863912582,7.45516883493,outside_associated_liquid
Morgan+Physical,7,1,ZMANZCXQSJIPKH-UHFFFAOYSA-N,Triethylamine,298.15,0,0,2.42,4.14066553116,1.58318603892,inside_domain
Morgan+Physical,7,1,BTQZKHUEUDPRST-UHFFFAOYSA-N,m-Fluorotoluene,303.15,0,0,5.42,8.41250038147,10.8674299419,inside_domain
Morgan,7,2,CGZZMOTZOONQIA-UHFFFAOYSA-N,cycloheptanone,298.15,0,0,12.92,17.5776615143,15.0978362101,inside_domain
Morgan,7,2,DKGAVHZHDRPRBM-UHFFFAOYSA-N,2-methylpropan-2-ol,298.15,1,1,12.49,10.3561611176,6.90436439321,outside_associated_liquid
Morgan,7,2,HPXRVTGHNJAIIH-UHFFFAOYSA-N,cyclohexanol,298.15,1,1,15.71,13.5404605865,6.99300079031,outside_associated_liquid
Morgan,7,2,IIRFCWANHMSDCG-UHFFFAOYSA-N,cyclooctanone,300.65,0,0,14.38,17.5776615143,13.5668987419,inside_domain
Morgan,7,2,JIGUQPWFLRLWPJ-UHFFFAOYSA-N,ethyl propenoate,298.15,0,0,6.209,8.85838890076,13.7902225059,inside_domain
Morgan,7,2,KFZMGEQAYNKOFK-UHFFFAOYSA-N,propan-2-ol,299.15,1,1,18.845,13.4181928635,10.0046688096,outside_associated_liquid
Morgan,7,2,LBHLGZNUPKUZJC-UHFFFAOYSA-N,1-butyl-1-methylpyrrolidinium dicyanamide,298.15,0,0,18,23.8584327698,116.153845674,inside_domain
Morgan,7,2,LLEVMYXEJUDBTA-UHFFFAOYSA-N,heptanedinitrile,298.15,0,0,29.71,29.0255813599,22.0308625381,inside_domain
Morgan,7,2,MCTWTZJPVLRJOU-UHFFFAOYSA-N,1-methylimidazole,298,0,0,39.78,8.0195646286,38.1478273189,inside_domain
Morgan,7,2,MWKFXSUHUHTGQN-UHFFFAOYSA-N,decan-1-ol,298.15,1,1,7.74,15.0022315979,3.3156322585,outside_associated_liquid
Morgan,7,2,PEDCQBHIVMGVHV-UHFFFAOYSA-N,glycerol,303.15,3,3,41.17,38.4287834167,13.4501001088,outside_associated_liquid
Morgan,7,2,UCCKRVYTJPMHRO-UHFFFAOYSA-N,"1-butyl-2,3-dimethyl-1H-imidazolium bis(trifluoromethylsulfonyl)amide",298.15,0,0,14,11.5513525009,11.4813553141,inside_domain
Morgan,7,2,WYJOVVXUZNRJQY-UHFFFAOYSA-N,2-acetylthiophene,298.15,0,0,29.19,14.7035856247,26.4529603231,inside_domain
Morgan,7,2,XDTMQSROBMDMFD-UHFFFAOYSA-N,cyclohexane,298.15,0,0,2.02,10.5789451599,1.10684113993,inside_domain
Morgan,7,2,XTHFKEDIFFGKHM-UHFFFAOYSA-N,"1,2-dimethoxyethane",298.15,0,0,7.0695,6.65438652039,5.4993455063,inside_domain
Morgan,7,2,ZBCBWPMODOFKDW-UHFFFAOYSA-N,diethanolamine,303.15,3,3,24.69,27.2777729034,10.034846241,outside_associated_liquid
Morgan,7,2,ZIBGPFATKBEMQZ-UHFFFAOYSA-N,triethylene glycol,298.15,2,2,23.07,25.0017089844,12.1409402443,outside_associated_liquid
Morgan,7,2,ZMXDDKWLCZADIW-UHFFFAOYSA-N,dimethylformamide,302.73,0,0,36.55,15.1307249069,44.913135379,inside_domain
Morgan,7,2,ZSIAUFGUXNUGDI-UHFFFAOYSA-N,hexan-1-ol,298.15,1,1,14.26,15.0022315979,5.23133673613,outside_associated_liquid
Morgan,7,2,HXDLWJWIAHWIKI-UHFFFAOYSA-N,beta-Hydroxyethyl acetate (Glycol monoacetate),303.15,1,1,13,30.9845314026,9.74097362491,outside_associated_liquid
Morgan,7,2,SVONRAPFKPVNKG-UHFFFAOYSA-N,"beta-Ethoxyethyl acetate (""Cellosolve"" acetate)",303.15,0,0,7.57,12.224776268,10.1866881025,inside_domain
Morgan,7,2,KXKVLQRXCPHEJC-UHFFFAOYSA-N,Methyl acetate,298.15,0,0,6.68,13.1910896301,11.7371732209,inside_domain
Morgan,7,2,XEKOWRVHYACXOJ-UHFFFAOYSA-N,Ethyl acetate,298.15,0,0,6.02,10.3141031265,9.7831231174,inside_domain
Morgan,7,2,GJRQTCIYDGXPES-UHFFFAOYSA-N,Isobutyl acetate,293.15,0,0,5.29,13.1910896301,8.50004501778,inside_domain
Morgan,7,2,FDPIMTJIUBPUKL-UHFFFAOYSA-N,3-Pentanone,293.15,0,0,17,12.1483306885,20.6156153797,inside_domain
Morgan,7,2,WFCLYEAZTHWNEH-UHFFFAOYSA-N,Ethyl thiocyanate,294.15,0,0,29.3,23.8584327698,32.9129822647,inside_domain
Morgan,7,2,WEVYAHXRMPXWCK-UHFFFAOYSA-N,Acetonitrile,293.15,0,0,37.5,27.857881546,53.5642531651,inside_domain
Morgan,7,2,LCGLNKUTAGEVQW-UHFFFAOYSA-N,Methyl ether,298.15,0,0,5.02,6.65438652039,8.12045219138,inside_domain
Morgan,7,2,ZWEHNKRNPOVVGH-UHFFFAOYSA-N,2-Butanone,293.15,0,0,18.51,12.1483306885,22.1880711838,inside_domain
Morgan,7,2,POLCUAVZOMRGSN-UHFFFAOYSA-N,Propyl ether,299.15,0,0,3.39,4.86187028885,3.4892418063,inside_domain
Morgan,7,2,NDVWOBYBJYUSMF-UHFFFAOYSA-N,2-Methylcyclohexanol,293.15,1,1,13.3,9.86255168915,5.23202446322,outside_associated_liquid
Morgan,7,2,HTSABYAWKQAHBT-UHFFFAOYSA-N,3-Methylcyclohexanol,293.15,1,1,12.3,9.86255168915,4.10543593176,outside_associated_liquid
Morgan,7,2,MVPPADPHJFYWMZ-UHFFFAOYSA-N,Chlorobenzene,298.15,0,0,5.621,7.33654928207,6.2681341664,inside_domain
Morgan,7,2,MHNNAWXXUZQSNM-UHFFFAOYSA-N,2-Methyl-1-butene,293.15,0,0,2.197,6.12347316742,1.69384086029,inside_domain
Morgan,7,2,RWNKSTSCBHKHTB-UHFFFAOYSA-N,"Hexachloro-1,3-butadiene",298.15,0,0,2.55,31.6911392212,1.1593863388,inside_domain
Morgan,7,2,CYTYCFOTNPOANT-UHFFFAOYSA-N,Tetrachloroethylene,298.15,0,0,2.3,22.1381835938,1.12045182946,inside_domain
Morgan,7,2,KFUSEUYYWQURPO-OWOJBTEDSA-N,"trans-1,2-Dichloroethylene",298.15,0,0,2.14,10.5789451599,1.11523574299,inside_domain
Morgan,7,2,SFPQFQUXAJOWNF-UHFFFAOYSA-N,m-Diiodobenzene,298.15,0,0,4.25,7.33654928207,13.6499299113,inside_domain
Morgan,7,2,OEPRBXUJOQLYID-UHFFFAOYSA-N,1-Fluoropentane,293.15,0,0,4.24,10.3637723923,9.3663047404,inside_domain
Morgan,7,2,MMZYCBHLNZVROM-UHFFFAOYSA-N,o-Fluorotoluene,303.15,0,0,4.22,6.56032037735,6.12573643678,inside_domain
Morgan,7,2,WRWPPGUCZBJXKX-UHFFFAOYSA-N,p-Fluorotoluene,303.15,0,0,5.86,6.56032037735,12.7592051561,inside_domain
Physical,7,2,CGZZMOTZOONQIA-UHFFFAOYSA-N,cycloheptanone,298.15,0,0,12.92,10.2432823181,15.0978362101,inside_domain
Physical,7,2,DKGAVHZHDRPRBM-UHFFFAOYSA-N,2-methylpropan-2-ol,298.15,1,1,12.49,12.3804788589,6.90436439321,outside_associated_liquid
Physical,7,2,HPXRVTGHNJAIIH-UHFFFAOYSA-N,cyclohexanol,298.15,1,1,15.71,12.2262907028,6.99300079031,outside_associated_liquid
Physical,7,2,IIRFCWANHMSDCG-UHFFFAOYSA-N,cyclooctanone,300.65,0,0,14.38,11.070766449,13.5668987419,inside_domain
Physical,7,2,JIGUQPWFLRLWPJ-UHFFFAOYSA-N,ethyl propenoate,298.15,0,0,6.209,11.4104070663,13.7902225059,inside_domain
Physical,7,2,KFZMGEQAYNKOFK-UHFFFAOYSA-N,propan-2-ol,299.15,1,1,18.845,24.719745636,10.0046688096,outside_associated_liquid
Physical,7,2,LBHLGZNUPKUZJC-UHFFFAOYSA-N,1-butyl-1-methylpyrrolidinium dicyanamide,298.15,0,0,18,23.9088306427,116.153845674,inside_domain
Physical,7,2,LLEVMYXEJUDBTA-UHFFFAOYSA-N,heptanedinitrile,298.15,0,0,29.71,17.8850383759,22.0308625381,inside_domain
Physical,7,2,MCTWTZJPVLRJOU-UHFFFAOYSA-N,1-methylimidazole,298,0,0,39.78,29.2290401459,38.1478273189,inside_domain
Physical,7,2,MWKFXSUHUHTGQN-UHFFFAOYSA-N,decan-1-ol,298.15,1,1,7.74,8.96028232574,3.3156322585,outside_associated_liquid
Physical,7,2,PEDCQBHIVMGVHV-UHFFFAOYSA-N,glycerol,303.15,3,3,41.17,27.5814437866,13.4501001088,outside_associated_liquid
Physical,7,2,UCCKRVYTJPMHRO-UHFFFAOYSA-N,"1-butyl-2,3-dimethyl-1H-imidazolium bis(trifluoromethylsulfonyl)amide",298.15,0,0,14,19.2133865356,11.4813553141,inside_domain
Physical,7,2,WYJOVVXUZNRJQY-UHFFFAOYSA-N,2-acetylthiophene,298.15,0,0,29.19,11.218173027,26.4529603231,inside_domain
Physical,7,2,XDTMQSROBMDMFD-UHFFFAOYSA-N,cyclohexane,298.15,0,0,2.02,2.82936930656,1.10684113993,inside_domain
Physical,7,2,XTHFKEDIFFGKHM-UHFFFAOYSA-N,"1,2-dimethoxyethane",298.15,0,0,7.0695,6.99980545044,5.4993455063,inside_domain
Physical,7,2,ZBCBWPMODOFKDW-UHFFFAOYSA-N,diethanolamine,303.15,3,3,24.69,23.487241745,10.034846241,outside_associated_liquid
Physical,7,2,ZIBGPFATKBEMQZ-UHFFFAOYSA-N,triethylene glycol,298.15,2,2,23.07,19.1074199677,12.1409402443,outside_associated_liquid
Physical,7,2,ZMXDDKWLCZADIW-UHFFFAOYSA-N,dimethylformamide,302.73,0,0,36.55,69.6836929321,44.913135379,inside_domain
Physical,7,2,ZSIAUFGUXNUGDI-UHFFFAOYSA-N,hexan-1-ol,298.15,1,1,14.26,11.4800043106,5.23133673613,outside_associated_liquid
Physical,7,2,HXDLWJWIAHWIKI-UHFFFAOYSA-N,beta-Hydroxyethyl acetate (Glycol monoacetate),303.15,1,1,13,18.4486846924,9.74097362491,outside_associated_liquid
Physical,7,2,SVONRAPFKPVNKG-UHFFFAOYSA-N,"beta-Ethoxyethyl acetate (""Cellosolve"" acetate)",303.15,0,0,7.57,22.7962799072,10.1866881025,inside_domain
Physical,7,2,KXKVLQRXCPHEJC-UHFFFAOYSA-N,Methyl acetate,298.15,0,0,6.68,27.0728435516,11.7371732209,inside_domain
Physical,7,2,XEKOWRVHYACXOJ-UHFFFAOYSA-N,Ethyl acetate,298.15,0,0,6.02,8.0367898941,9.7831231174,inside_domain
Physical,7,2,GJRQTCIYDGXPES-UHFFFAOYSA-N,Isobutyl acetate,293.15,0,0,5.29,8.91355514526,8.50004501778,inside_domain
Physical,7,2,FDPIMTJIUBPUKL-UHFFFAOYSA-N,3-Pentanone,293.15,0,0,17,11.9768514633,20.6156153797,inside_domain
Physical,7,2,WFCLYEAZTHWNEH-UHFFFAOYSA-N,Ethyl thiocyanate,294.15,0,0,29.3,23.3916683197,32.9129822647,inside_domain
Physical,7,2,WEVYAHXRMPXWCK-UHFFFAOYSA-N,Acetonitrile,293.15,0,0,37.5,49.423664093,53.5642531651,inside_domain
Physical,7,2,LCGLNKUTAGEVQW-UHFFFAOYSA-N,Methyl ether,298.15,0,0,5.02,20.089548111,8.12045219138,inside_domain
Physical,7,2,ZWEHNKRNPOVVGH-UHFFFAOYSA-N,2-Butanone,293.15,0,0,18.51,14.3275594711,22.1880711838,inside_domain
Physical,7,2,POLCUAVZOMRGSN-UHFFFAOYSA-N,Propyl ether,299.15,0,0,3.39,4.09100532532,3.4892418063,inside_domain
Physical,7,2,NDVWOBYBJYUSMF-UHFFFAOYSA-N,2-Methylcyclohexanol,293.15,1,1,13.3,10.0093240738,5.23202446322,outside_associated_liquid
Physical,7,2,HTSABYAWKQAHBT-UHFFFAOYSA-N,3-Methylcyclohexanol,293.15,1,1,12.3,8.96148777008,4.10543593176,outside_associated_liquid
Physical,7,2,MVPPADPHJFYWMZ-UHFFFAOYSA-N,Chlorobenzene,298.15,0,0,5.621,5.33067321777,6.2681341664,inside_domain
Physical,7,2,MHNNAWXXUZQSNM-UHFFFAOYSA-N,2-Methyl-1-butene,293.15,0,0,2.197,1.2263109684,1.69384086029,inside_domain
Physical,7,2,RWNKSTSCBHKHTB-UHFFFAOYSA-N,"Hexachloro-1,3-butadiene",298.15,0,0,2.55,1.37714242935,1.1593863388,inside_domain
Physical,7,2,CYTYCFOTNPOANT-UHFFFAOYSA-N,Tetrachloroethylene,298.15,0,0,2.3,1.68823504448,1.12045182946,inside_domain
Physical,7,2,KFUSEUYYWQURPO-OWOJBTEDSA-N,"trans-1,2-Dichloroethylene",298.15,0,0,2.14,13.2124795914,1.11523574299,inside_domain
Physical,7,2,SFPQFQUXAJOWNF-UHFFFAOYSA-N,m-Diiodobenzene,298.15,0,0,4.25,4.0227022171,13.6499299113,inside_domain
Physical,7,2,OEPRBXUJOQLYID-UHFFFAOYSA-N,1-Fluoropentane,293.15,0,0,4.24,7.2962012291,9.3663047404,inside_domain
Physical,7,2,MMZYCBHLNZVROM-UHFFFAOYSA-N,o-Fluorotoluene,303.15,0,0,4.22,20.9991664886,6.12573643678,inside_domain
Physical,7,2,WRWPPGUCZBJXKX-UHFFFAOYSA-N,p-Fluorotoluene,303.15,0,0,5.86,17.9647006989,12.7592051561,inside_domain
Morgan+Physical,7,2,CGZZMOTZOONQIA-UHFFFAOYSA-N,cycloheptanone,298.15,0,0,12.92,13.9104719162,15.0978362101,inside_domain
Morgan+Physical,7,2,DKGAVHZHDRPRBM-UHFFFAOYSA-N,2-methylpropan-2-ol,298.15,1,1,12.49,11.3683204651,6.90436439321,outside_associated_liquid
Morgan+Physical,7,2,HPXRVTGHNJAIIH-UHFFFAOYSA-N,cyclohexanol,298.15,1,1,15.71,12.8833751678,6.99300079031,outside_associated_liquid
Morgan+Physical,7,2,IIRFCWANHMSDCG-UHFFFAOYSA-N,cyclooctanone,300.65,0,0,14.38,14.3242139816,13.5668987419,inside_domain
Morgan+Physical,7,2,JIGUQPWFLRLWPJ-UHFFFAOYSA-N,ethyl propenoate,298.15,0,0,6.209,10.1343975067,13.7902225059,inside_domain
Morgan+Physical,7,2,KFZMGEQAYNKOFK-UHFFFAOYSA-N,propan-2-ol,299.15,1,1,18.845,19.0689697266,10.0046688096,outside_associated_liquid
Morgan+Physical,7,2,LBHLGZNUPKUZJC-UHFFFAOYSA-N,1-butyl-1-methylpyrrolidinium dicyanamide,298.15,0,0,18,23.8836326599,116.153845674,inside_domain
Morgan+Physical,7,2,LLEVMYXEJUDBTA-UHFFFAOYSA-N,heptanedinitrile,298.15,0,0,29.71,23.4553108215,22.0308625381,inside_domain
Morgan+Physical,7,2,MCTWTZJPVLRJOU-UHFFFAOYSA-N,1-methylimidazole,298,0,0,39.78,18.6243019104,38.1478273189,inside_domain
Morgan+Physical,7,2,MWKFXSUHUHTGQN-UHFFFAOYSA-N,decan-1-ol,298.15,1,1,7.74,11.981256485,3.3156322585,outside_associated_liquid
Morgan+Physical,7,2,PEDCQBHIVMGVHV-UHFFFAOYSA-N,glycerol,303.15,3,3,41.17,33.0051116943,13.4501001088,outside_associated_liquid
Morgan+Physical,7,2,UCCKRVYTJPMHRO-UHFFFAOYSA-N,"1-butyl-2,3-dimethyl-1H-imidazolium bis(trifluoromethylsulfonyl)amide",298.15,0,0,14,15.3823699951,11.4813553141,inside_domain
Morgan+Physical,7,2,WYJOVVXUZNRJQY-UHFFFAOYSA-N,2-acetylthiophene,298.15,0,0,29.19,12.9608793259,26.4529603231,inside_domain
Morgan+Physical,7,2,XDTMQSROBMDMFD-UHFFFAOYSA-N,cyclohexane,298.15,0,0,2.02,6.70415735245,1.10684113993,inside_domain
Morgan+Physical,7,2,XTHFKEDIFFGKHM-UHFFFAOYSA-N,"1,2-dimethoxyethane",298.15,0,0,7.0695,6.82709598541,5.4993455063,inside_domain
Morgan+Physical,7,2,ZBCBWPMODOFKDW-UHFFFAOYSA-N,diethanolamine,303.15,3,3,24.69,25.3825073242,10.034846241,outside_associated_liquid
Morgan+Physical,7,2,ZIBGPFATKBEMQZ-UHFFFAOYSA-N,triethylene glycol,298.15,2,2,23.07,22.0545654297,12.1409402443,outside_associated_liquid
Morgan+Physical,7,2,ZMXDDKWLCZADIW-UHFFFAOYSA-N,dimethylformamide,302.73,0,0,36.55,42.407207489,44.913135379,inside_domain
Morgan+Physical,7,2,ZSIAUFGUXNUGDI-UHFFFAOYSA-N,hexan-1-ol,298.15,1,1,14.26,13.2411174774,5.23133673613,outside_associated_liquid
Morgan+Physical,7,2,HXDLWJWIAHWIKI-UHFFFAOYSA-N,beta-Hydroxyethyl acetate (Glycol monoacetate),303.15,1,1,13,24.7166080475,9.74097362491,outside_associated_liquid
Morgan+Physical,7,2,SVONRAPFKPVNKG-UHFFFAOYSA-N,"beta-Ethoxyethyl acetate (""Cellosolve"" acetate)",303.15,0,0,7.57,17.5105285645,10.1866881025,inside_domain
Morgan+Physical,7,2,KXKVLQRXCPHEJC-UHFFFAOYSA-N,Methyl acetate,298.15,0,0,6.68,20.1319656372,11.7371732209,inside_domain
Morgan+Physical,7,2,XEKOWRVHYACXOJ-UHFFFAOYSA-N,Ethyl acetate,298.15,0,0,6.02,9.17544651031,9.7831231174,inside_domain
Morgan+Physical,7,2,GJRQTCIYDGXPES-UHFFFAOYSA-N,Isobutyl acetate,293.15,0,0,5.29,11.0523223877,8.50004501778,inside_domain
Morgan+Physical,7,2,FDPIMTJIUBPUKL-UHFFFAOYSA-N,3-Pentanone,293.15,0,0,17,12.0625915527,20.6156153797,inside_domain
Morgan+Physical,7,2,WFCLYEAZTHWNEH-UHFFFAOYSA-N,Ethyl thiocyanate,294.15,0,0,29.3,23.6250495911,32.9129822647,inside_domain
Morgan+Physical,7,2,WEVYAHXRMPXWCK-UHFFFAOYSA-N,Acetonitrile,293.15,0,0,37.5,38.6407737732,53.5642531651,inside_domain
Morgan+Physical,7,2,LCGLNKUTAGEVQW-UHFFFAOYSA-N,Methyl ether,298.15,0,0,5.02,13.3719673157,8.12045219138,inside_domain
Morgan+Physical,7,2,ZWEHNKRNPOVVGH-UHFFFAOYSA-N,2-Butanone,293.15,0,0,18.51,13.2379455566,22.1880711838,inside_domain
Morgan+Physical,7,2,POLCUAVZOMRGSN-UHFFFAOYSA-N,Propyl ether,299.15,0,0,3.39,4.47643756866,3.4892418063,inside_domain
Morgan+Physical,7,2,NDVWOBYBJYUSMF-UHFFFAOYSA-N,2-Methylcyclohexanol,293.15,1,1,13.3,9.93593788147,5.23202446322,outside_associated_liquid
Morgan+Physical,7,2,HTSABYAWKQAHBT-UHFFFAOYSA-N,3-Methylcyclohexanol,293.15,1,1,12.3,9.41201972961,4.10543593176,outside_associated_liquid
Morgan+Physical,7,2,MVPPADPHJFYWMZ-UHFFFAOYSA-N,Chlorobenzene,298.15,0,0,5.621,6.33361148834,6.2681341664,inside_domain
Morgan+Physical,7,2,MHNNAWXXUZQSNM-UHFFFAOYSA-N,2-Methyl-1-butene,293.15,0,0,2.197,3.6748919487,1.69384086029,inside_domain
Morgan+Physical,7,2,RWNKSTSCBHKHTB-UHFFFAOYSA-N,"Hexachloro-1,3-butadiene",298.15,0,0,2.55,16.5341415405,1.1593863388,inside_domain
Morgan+Physical,7,2,CYTYCFOTNPOANT-UHFFFAOYSA-N,Tetrachloroethylene,298.15,0,0,2.3,11.9132089615,1.12045182946,inside_domain
Morgan+Physical,7,2,KFUSEUYYWQURPO-OWOJBTEDSA-N,"trans-1,2-Dichloroethylene",298.15,0,0,2.14,11.8957118988,1.11523574299,inside_domain
Morgan+Physical,7,2,SFPQFQUXAJOWNF-UHFFFAOYSA-N,m-Diiodobenzene,298.15,0,0,4.25,5.67962551117,13.6499299113,inside_domain
Morgan+Physical,7,2,OEPRBXUJOQLYID-UHFFFAOYSA-N,1-Fluoropentane,293.15,0,0,4.24,8.82998657227,9.3663047404,inside_domain
Morgan+Physical,7,2,MMZYCBHLNZVROM-UHFFFAOYSA-N,o-Fluorotoluene,303.15,0,0,4.22,13.7797431946,6.12573643678,inside_domain
Morgan+Physical,7,2,WRWPPGUCZBJXKX-UHFFFAOYSA-N,p-Fluorotoluene,303.15,0,0,5.86,12.2625102997,12.7592051561,inside_domain
Morgan,7,3,BAPJBEWLBFYGME-UHFFFAOYSA-N,methyl propenoate,298.15,0,0,7.021,10.3004770279,7.29190026496,inside_domain
Morgan,7,3,BBMCTIGTTCKYKF-UHFFFAOYSA-N,heptan-1-ol,298.15,1,1,12.65,12.8274459839,4.96304294304,outside_associated_liquid
Morgan,7,3,BDERNNFJNOPAEC-UHFFFAOYSA-N,propan-1-ol,298.15,1,1,21.3,15.274731636,10.28867817,outside_associated_liquid
Morgan,7,3,BMRWNKZVCUKKSR-UHFFFAOYSA-N,"1,2-butanediol",298.2,2,2,22.143,25.9862976074,13.5953058324,outside_associated_liquid
Morgan,7,3,BTGRAWJCKBQKAO-UHFFFAOYSA-N,hexanedinitrile,298.15,0,0,32.12,32.0553779602,46.5421430104,inside_domain
Morgan,7,3,FRZPYEHDSAQGAS-UHFFFAOYSA-M,1-butyl-3-methylimidazolium trifluoromethanesulfonate,298.15,0,0,12.9,18.1409835815,53.1539772418,inside_domain
Morgan,7,3,LZJIBRSVPKKOSI-UHFFFAOYSA-O,ethanolammonium nitrate,298.15,2,2,60.9,27.0161914825,20.8289438764,outside_associated_liquid
Morgan,7,3,MTHSVFCYNBDYFN-UHFFFAOYSA-N,diethylene glycol,298.15,2,2,30.95,21.8427448273,11.7806957518,outside_associated_liquid
Morgan,7,3,OHLUUHNLEMFGTQ-UHFFFAOYSA-N,N-methylacetamide,303.15,1,1,178.47,10.0719671249,5.9744908461,outside_associated_liquid
Morgan,7,3,OKKJLVBELUTLKV-UHFFFAOYSA-N,methanol,298.15,1,1,33.6,7.67905378342,16.5823957018,outside_associated_liquid
Morgan,7,3,QRCRANRUHQKZME-UHFFFAOYSA-N,"3-butyl-1,2,4,5-tetramethyl-1H-imidazol-3-ium tetrafluoroborate",298.15,0,0,12,5.94375085831,90.2035313888,inside_domain
Morgan,7,3,RJQQOKKINHMXIM-UHFFFAOYSA-N,triethanolamine lactate,298.15,5,5,59.7,48.2133789062,27.2818406975,outside_associated_liquid
Morgan,7,3,SBZXBUIDTXKZTM-UHFFFAOYSA-N,"2,5,8-trioxanonane",298.15,0,0,7.3815,5.94319343567,14.0264717054,inside_domain
Morgan,7,3,SIXHYMZEOJSYQH-UHFFFAOYSA-M,1-butyl-3-methylimidazolium thiocyanate,298.15,0,0,13.7,32.9003639221,27.3242655698,inside_domain
Morgan,7,3,VCAIYEJBOWHUGP-UHFFFAOYSA-N,"1-butyl-2,3-dimethylimidazolium tetrafluoroborate",298.15,0,0,13.3,9.15775299072,2.20117467965,inside_domain
Morgan,7,3,VRFOKYHDLYBVAL-UHFFFAOYSA-M,1-ethyl-3-methylimidazolium ethyl sulfate,298.15,0,0,35,13.6891059875,45.7566800107,inside_domain
Morgan,7,3,WZLFPVPRZGTCKP-UHFFFAOYSA-N,"1,1,1,3,3-pentafluorobutane",298.115,0,0,11.8861,6.60006713867,6.83236100939,inside_domain
Morgan,7,3,YXFVVABEGXRONW-UHFFFAOYSA-N,toluene,297.385,0,0,2.40445,6.43758296967,1.46990395237,inside_domain
Morgan,7,3,ZPTRYWVRCNOTAS-UHFFFAOYSA-M,1-ethyl-3-methylimidazolium trifluoromethanesulfonate,298.15,0,0,16.5,18.4423713684,17.4010984828,inside_domain
Morgan,7,3,IYXGSMUGOJNHAZ-UHFFFAOYSA-N,Diethyl malonate,298.15,0,0,8.03,10.257183075,9.74006290335,inside_domain
Morgan,7,3,XNWFRZJHXBZDAG-UHFFFAOYSA-N,2-Methoxyethanol,303.15,1,1,16,16.55560112,12.9838712423,outside_associated_liquid
Morgan,7,3,SWXVUIWOUIDPGS-UHFFFAOYSA-N,4-Hydroxy-4-methyl-2-pentanone (Diacetone alcohol),298.15,1,1,18.2,21.177072525,16.6441767483,outside_associated_liquid
Morgan,7,3,XNLICIUVMPYHGG-UHFFFAOYSA-N,2-Pentanone,293.15,0,0,15.45,13.3938694,17.6741821348,inside_domain
Morgan,7,3,JFDZBHWFFUWGJE-UHFFFAOYSA-N,Benzonitrile,298.15,0,0,25.2,34.9851264954,29.6694423151,inside_domain
Morgan,7,3,SQYNKIJPMDEDEG-UHFFFAOYSA-N,Paraldehyde,298.15,0,0,13.9,6.26276731491,1.56759076609,inside_domain
Morgan,7,3,WERYXYBDKMZEQL-UHFFFAOYSA-N,"1,4-Butanediol",303.15,2,2,30.2,22.7541847229,11.955624374,outside_associated_liquid
Morgan,7,3,NQPDZGIKBAWPEJ-UHFFFAOYSA-N,Valeric acid,293.15,1,1,2.66,10.1239261627,5.73031614295,outside_associated_liquid
Morgan,7,3,XCIXKGXIYUWCLL-UHFFFAOYSA-N,Cyclopentanol,293.15,1,1,18,9.43217754364,6.20107699779,outside_associated_liquid
Morgan,7,3,WVDDGKGOMKODPV-UHFFFAOYSA-N,Benzyl alcohol,293.15,1,1,13.1,17.8501110077,5.77594569883,outside_associated_liquid
Morgan,7,3,LFSAPCRASZRSKS-UHFFFAOYSA-N,2-Methylcyclohexanone,293.15,0,0,14,15.1370201111,15.7212749253,inside_domain
Morgan,7,3,FOTXAJDDGPYIFU-UHFFFAOYSA-N,Ethylcyclopropane,293.15,0,0,1.933,4.99197292328,1.15468220207,inside_domain
Morgan,7,3,UHOVQNZJYSORNB-UHFFFAOYSA-N,Benzene,293.15,0,0,2.284,6.81177043915,1.12590545146,inside_domain
Morgan,7,3,NEZRFXZYPAIZAD-UHFFFAOYSA-N,Ethylcyclobutane,293.15,0,0,1.965,4.99197292328,1.12524438408,inside_domain
Morgan,7,3,UQEAIHBTYFGYIE-UHFFFAOYSA-N,Hexamethyldisiloxane,293.15,0,0,2.17,5.8549656868,1.21737241547,inside_domain
Morgan,7,3,PIICEJLVQHRZGT-UHFFFAOYSA-N,"1,2-Ethanediamine",293.15,2,2,14.2,9.5783700943,1.53256228944,outside_associated_liquid
Morgan,7,3,WQONPSCCEXUXTQ-UHFFFAOYSA-N,o-Dibromobenzene,293.15,0,0,7.35,6.81177043915,35.3981532236,inside_domain
Morgan,7,3,WQAQPCDUOCURKW-UHFFFAOYSA-N,1-Butanethiol,298.15,1,1,4.95,4.72453117371,12.2942625019,outside_associated_liquid
Morgan,7,3,JUJWROOIHBZHMG-UHFFFAOYSA-N,Pyridine,298.15,0,0,12.3,6.81177043915,9.88027991812,inside_domain
Morgan,7,3,HLLCNVLEVVFTJB-UHFFFAOYSA-N,2-Fluoro-2-methylbutane,293.15,0,0,5.89,4.76908683777,9.61421135256,inside_domain
Morgan,7,3,ZRKMQKLGEQPLNS-UHFFFAOYSA-N,1-Pentanethiol,298.15,1,1,4.55,4.72453117371,9.12891097269,outside_associated_liquid
Morgan,7,3,QARVLSVVCXYDNA-UHFFFAOYSA-N,Bromobenzene,298.15,0,0,5.4,6.81177043915,21.0611689365,inside_domain
Physical,7,3,BAPJBEWLBFYGME-UHFFFAOYSA-N,methyl propenoate,298.15,0,0,7.021,9.92856216431,7.29190026496,inside_domain
Physical,7,3,BBMCTIGTTCKYKF-UHFFFAOYSA-N,heptan-1-ol,298.15,1,1,12.65,11.6181211472,4.96304294304,outside_associated_liquid
Physical,7,3,BDERNNFJNOPAEC-UHFFFAOYSA-N,propan-1-ol,298.15,1,1,21.3,14.8953771591,10.28867817,outside_associated_liquid
Physical,7,3,BMRWNKZVCUKKSR-UHFFFAOYSA-N,"1,2-butanediol",298.2,2,2,22.143,24.6321105957,13.5953058324,outside_associated_liquid
Physical,7,3,BTGRAWJCKBQKAO-UHFFFAOYSA-N,hexanedinitrile,298.15,0,0,32.12,35.3345680237,46.5421430104,inside_domain
Physical,7,3,FRZPYEHDSAQGAS-UHFFFAOYSA-M,1-butyl-3-methylimidazolium trifluoromethanesulfonate,298.15,0,0,12.9,21.1442184448,53.1539772418,inside_domain
Physical,7,3,LZJIBRSVPKKOSI-UHFFFAOYSA-O,ethanolammonium nitrate,298.15,2,2,60.9,65.8011703491,20.8289438764,outside_associated_liquid
Physical,7,3,MTHSVFCYNBDYFN-UHFFFAOYSA-N,diethylene glycol,298.15,2,2,30.95,28.2899475098,11.7806957518,outside_associated_liquid
Physical,7,3,OHLUUHNLEMFGTQ-UHFFFAOYSA-N,N-methylacetamide,303.15,1,1,178.47,12.1809139252,5.9744908461,outside_associated_liquid
Physical,7,3,OKKJLVBELUTLKV-UHFFFAOYSA-N,methanol,298.15,1,1,33.6,64.4275283813,16.5823957018,outside_associated_liquid
Physical,7,3,QRCRANRUHQKZME-UHFFFAOYSA-N,"3-butyl-1,2,4,5-tetramethyl-1H-imidazol-3-ium tetrafluoroborate",298.15,0,0,12,16.9086170197,90.2035313888,inside_domain
Physical,7,3,RJQQOKKINHMXIM-UHFFFAOYSA-N,triethanolamine lactate,298.15,5,5,59.7,63.3858299255,27.2818406975,outside_associated_liquid
Physical,7,3,SBZXBUIDTXKZTM-UHFFFAOYSA-N,"2,5,8-trioxanonane",298.15,0,0,7.3815,9.5246925354,14.0264717054,inside_domain
Physical,7,3,SIXHYMZEOJSYQH-UHFFFAOYSA-M,1-butyl-3-methylimidazolium thiocyanate,298.15,0,0,13.7,16.8718757629,27.3242655698,inside_domain
Physical,7,3,VCAIYEJBOWHUGP-UHFFFAOYSA-N,"1-butyl-2,3-dimethylimidazolium tetrafluoroborate",298.15,0,0,13.3,1.71445310116,2.20117467965,inside_domain
Physical,7,3,VRFOKYHDLYBVAL-UHFFFAOYSA-M,1-ethyl-3-methylimidazolium ethyl sulfate,298.15,0,0,35,21.9986343384,45.7566800107,inside_domain
Physical,7,3,WZLFPVPRZGTCKP-UHFFFAOYSA-N,"1,1,1,3,3-pentafluorobutane",298.115,0,0,11.8861,4.6618309021,6.83236100939,inside_domain
Physical,7,3,YXFVVABEGXRONW-UHFFFAOYSA-N,toluene,297.385,0,0,2.40445,2.35496759415,1.46990395237,inside_domain
Physical,7,3,ZPTRYWVRCNOTAS-UHFFFAOYSA-M,1-ethyl-3-methylimidazolium trifluoromethanesulfonate,298.15,0,0,16.5,16.9097518921,17.4010984828,inside_domain
Physical,7,3,IYXGSMUGOJNHAZ-UHFFFAOYSA-N,Diethyl malonate,298.15,0,0,8.03,10.0647249222,9.74006290335,inside_domain
Physical,7,3,XNWFRZJHXBZDAG-UHFFFAOYSA-N,2-Methoxyethanol,303.15,1,1,16,12.9349660873,12.9838712423,outside_associated_liquid
Physical,7,3,SWXVUIWOUIDPGS-UHFFFAOYSA-N,4-Hydroxy-4-methyl-2-pentanone (Diacetone alcohol),298.15,1,1,18.2,12.5171527863,16.6441767483,outside_associated_liquid
Physical,7,3,XNLICIUVMPYHGG-UHFFFAOYSA-N,2-Pentanone,293.15,0,0,15.45,12.6729888916,17.6741821348,inside_domain
Physical,7,3,JFDZBHWFFUWGJE-UHFFFAOYSA-N,Benzonitrile,298.15,0,0,25.2,26.2729625702,29.6694423151,inside_domain
Physical,7,3,SQYNKIJPMDEDEG-UHFFFAOYSA-N,Paraldehyde,298.15,0,0,13.9,6.19020080566,1.56759076609,inside_domain
Physical,7,3,WERYXYBDKMZEQL-UHFFFAOYSA-N,"1,4-Butanediol",303.15,2,2,30.2,25.9752941132,11.955624374,outside_associated_liquid
Physical,7,3,NQPDZGIKBAWPEJ-UHFFFAOYSA-N,Valeric acid,293.15,1,1,2.66,8.28456401825,5.73031614295,outside_associated_liquid
Physical,7,3,XCIXKGXIYUWCLL-UHFFFAOYSA-N,Cyclopentanol,293.15,1,1,18,11.7826042175,6.20107699779,outside_associated_liquid
Physical,7,3,WVDDGKGOMKODPV-UHFFFAOYSA-N,Benzyl alcohol,293.15,1,1,13.1,10.3780460358,5.77594569883,outside_associated_liquid
Physical,7,3,LFSAPCRASZRSKS-UHFFFAOYSA-N,2-Methylcyclohexanone,293.15,0,0,14,12.3741550446,15.7212749253,inside_domain
Physical,7,3,FOTXAJDDGPYIFU-UHFFFAOYSA-N,Ethylcyclopropane,293.15,0,0,1.933,2.31715989113,1.15468220207,inside_domain
Physical,7,3,UHOVQNZJYSORNB-UHFFFAOYSA-N,Benzene,293.15,0,0,2.284,1.96741807461,1.12590545146,inside_domain
Physical,7,3,NEZRFXZYPAIZAD-UHFFFAOYSA-N,Ethylcyclobutane,293.15,0,0,1.965,2.53932905197,1.12524438408,inside_domain
Physical,7,3,UQEAIHBTYFGYIE-UHFFFAOYSA-N,Hexamethyldisiloxane,293.15,0,0,2.17,1.48339116573,1.21737241547,inside_domain
Physical,7,3,PIICEJLVQHRZGT-UHFFFAOYSA-N,"1,2-Ethanediamine",293.15,2,2,14.2,33.3854904175,1.53256228944,outside_associated_liquid
Physical,7,3,WQONPSCCEXUXTQ-UHFFFAOYSA-N,o-Dibromobenzene,293.15,0,0,7.35,17.1459388733,35.3981532236,inside_domain
Physical,7,3,WQAQPCDUOCURKW-UHFFFAOYSA-N,1-Butanethiol,298.15,1,1,4.95,6.02480792999,12.2942625019,outside_associated_liquid
Physical,7,3,JUJWROOIHBZHMG-UHFFFAOYSA-N,Pyridine,298.15,0,0,12.3,5.9485244751,9.88027991812,inside_domain
Physical,7,3,HLLCNVLEVVFTJB-UHFFFAOYSA-N,2-Fluoro-2-methylbutane,293.15,0,0,5.89,4.4159412384,9.61421135256,inside_domain
Physical,7,3,ZRKMQKLGEQPLNS-UHFFFAOYSA-N,1-Pentanethiol,298.15,1,1,4.55,5.78800916672,9.12891097269,outside_associated_liquid
Physical,7,3,QARVLSVVCXYDNA-UHFFFAOYSA-N,Bromobenzene,298.15,0,0,5.4,9.97668457031,21.0611689365,inside_domain
Morgan+Physical,7,3,BAPJBEWLBFYGME-UHFFFAOYSA-N,methyl propenoate,298.15,0,0,7.021,10.1145191193,7.29190026496,inside_domain
Morgan+Physical,7,3,BBMCTIGTTCKYKF-UHFFFAOYSA-N,heptan-1-ol,298.15,1,1,12.65,12.2227840424,4.96304294304,outside_associated_liquid
Morgan+Physical,7,3,BDERNNFJNOPAEC-UHFFFAOYSA-N,propan-1-ol,298.15,1,1,21.3,15.0850543976,10.28867817,outside_associated_liquid
Morgan+Physical,7,3,BMRWNKZVCUKKSR-UHFFFAOYSA-N,"1,2-butanediol",298.2,2,2,22.143,25.3092041016,13.5953058324,outside_associated_liquid
Morgan+Physical,7,3,BTGRAWJCKBQKAO-UHFFFAOYSA-N,hexanedinitrile,298.15,0,0,32.12,33.6949729919,46.5421430104,inside_domain
Morgan+Physical,7,3,FRZPYEHDSAQGAS-UHFFFAOYSA-M,1-butyl-3-methylimidazolium trifluoromethanesulfonate,298.15,0,0,12.9,19.6426010132,53.1539772418,inside_domain
Morgan+Physical,7,3,LZJIBRSVPKKOSI-UHFFFAOYSA-O,ethanolammonium nitrate,298.15,2,2,60.9,46.4086799622,20.8289438764,outside_associated_liquid
Morgan+Physical,7,3,MTHSVFCYNBDYFN-UHFFFAOYSA-N,diethylene glycol,298.15,2,2,30.95,25.0663452148,11.7806957518,outside_associated_liquid
Morgan+Physical,7,3,OHLUUHNLEMFGTQ-UHFFFAOYSA-N,N-methylacetamide,303.15,1,1,178.47,11.1264400482,5.9744908461,outside_associated_liquid
Morgan+Physical,7,3,OKKJLVBELUTLKV-UHFFFAOYSA-N,methanol,298.15,1,1,33.6,36.0532913208,16.5823957018,outside_associated_liquid
Morgan+Physical,7,3,QRCRANRUHQKZME-UHFFFAOYSA-N,"3-butyl-1,2,4,5-tetramethyl-1H-imidazol-3-ium tetrafluoroborate",298.15,0,0,12,11.4261837006,90.2035313888,inside_domain
Morgan+Physical,7,3,RJQQOKKINHMXIM-UHFFFAOYSA-N,triethanolamine lactate,298.15,5,5,59.7,55.7996063232,27.2818406975,outside_associated_liquid
Morgan+Physical,7,3,SBZXBUIDTXKZTM-UHFFFAOYSA-N,"2,5,8-trioxanonane",298.15,0,0,7.3815,7.73394298553,14.0264717054,inside_domain
Morgan+Physical,7,3,SIXHYMZEOJSYQH-UHFFFAOYSA-M,1-butyl-3-methylimidazolium thiocyanate,298.15,0,0,13.7,24.8861198425,27.3242655698,inside_domain
Morgan+Physical,7,3,VCAIYEJBOWHUGP-UHFFFAOYSA-N,"1-butyl-2,3-dimethylimidazolium tetrafluoroborate",298.15,0,0,13.3,5.43610286713,2.20117467965,inside_domain
Morgan+Physical,7,3,VRFOKYHDLYBVAL-UHFFFAOYSA-M,1-ethyl-3-methylimidazolium ethyl sulfate,298.15,0,0,35,17.843870163,45.7566800107,inside_domain
Morgan+Physical,7,3,WZLFPVPRZGTCKP-UHFFFAOYSA-N,"1,1,1,3,3-pentafluorobutane",298.115,0,0,11.8861,5.63094902039,6.83236100939,inside_domain
Morgan+Physical,7,3,YXFVVABEGXRONW-UHFFFAOYSA-N,toluene,297.385,0,0,2.40445,4.39627552032,1.46990395237,inside_domain
Morgan+Physical,7,3,ZPTRYWVRCNOTAS-UHFFFAOYSA-M,1-ethyl-3-methylimidazolium trifluoromethanesulfonate,298.15,0,0,16.5,17.6760616302,17.4010984828,inside_domain
Morgan+Physical,7,3,IYXGSMUGOJNHAZ-UHFFFAOYSA-N,Diethyl malonate,298.15,0,0,8.03,10.1609535217,9.74006290335,inside_domain
Morgan+Physical,7,3,XNWFRZJHXBZDAG-UHFFFAOYSA-N,2-Methoxyethanol,303.15,1,1,16,14.7452831268,12.9838712423,outside_associated_liquid
Morgan+Physical,7,3,SWXVUIWOUIDPGS-UHFFFAOYSA-N,4-Hydroxy-4-methyl-2-pentanone (Diacetone alcohol),298.15,1,1,18.2,16.8471126556,16.6441767483,outside_associated_liquid
Morgan+Physical,7,3,XNLICIUVMPYHGG-UHFFFAOYSA-N,2-Pentanone,293.15,0,0,15.45,13.0334291458,17.6741821348,inside_domain
Morgan+Physical,7,3,JFDZBHWFFUWGJE-UHFFFAOYSA-N,Benzonitrile,298.15,0,0,25.2,30.6290435791,29.6694423151,inside_domain
Morgan+Physical,7,3,SQYNKIJPMDEDEG-UHFFFAOYSA-N,Paraldehyde,298.15,0,0,13.9,6.22648429871,1.56759076609,inside_domain
Morgan+Physical,7,3,WERYXYBDKMZEQL-UHFFFAOYSA-N,"1,4-Butanediol",303.15,2,2,30.2,24.3647384644,11.955624374,outside_associated_liquid
Morgan+Physical,7,3,NQPDZGIKBAWPEJ-UHFFFAOYSA-N,Valeric acid,293.15,1,1,2.66,9.20424461365,5.73031614295,outside_associated_liquid
Morgan+Physical,7,3,XCIXKGXIYUWCLL-UHFFFAOYSA-N,Cyclopentanol,293.15,1,1,18,10.6073913574,6.20107699779,outside_associated_liquid
Morgan+Physical,7,3,WVDDGKGOMKODPV-UHFFFAOYSA-N,Benzyl alcohol,293.15,1,1,13.1,14.1140785217,5.77594569883,outside_associated_liquid
Morgan+Physical,7,3,LFSAPCRASZRSKS-UHFFFAOYSA-N,2-Methylcyclohexanone,293.15,0,0,14,13.7555875778,15.7212749253,inside_domain
Morgan+Physical,7,3,FOTXAJDDGPYIFU-UHFFFAOYSA-N,Ethylcyclopropane,293.15,0,0,1.933,3.65456628799,1.15468220207,inside_domain
Morgan+Physical,7,3,UHOVQNZJYSORNB-UHFFFAOYSA-N,Benzene,293.15,0,0,2.284,4.38959407806,1.12590545146,inside_domain
Morgan+Physical,7,3,NEZRFXZYPAIZAD-UHFFFAOYSA-N,Ethylcyclobutane,293.15,0,0,1.965,3.76565098763,1.12524438408,inside_domain
Morgan+Physical,7,3,UQEAIHBTYFGYIE-UHFFFAOYSA-N,Hexamethyldisiloxane,293.15,0,0,2.17,3.66917848587,1.21737241547,inside_domain
Morgan+Physical,7,3,PIICEJLVQHRZGT-UHFFFAOYSA-N,"1,2-Ethanediamine",293.15,2,2,14.2,21.4819297791,1.53256228944,outside_associated_liquid
Morgan+Physical,7,3,WQONPSCCEXUXTQ-UHFFFAOYSA-N,o-Dibromobenzene,293.15,0,0,7.35,11.9788551331,35.3981532236,inside_domain
Morgan+Physical,7,3,WQAQPCDUOCURKW-UHFFFAOYSA-N,1-Butanethiol,298.15,1,1,4.95,5.37466955185,12.2942625019,outside_associated_liquid
Morgan+Physical,7,3,JUJWROOIHBZHMG-UHFFFAOYSA-N,Pyridine,298.15,0,0,12.3,6.38014745712,9.88027991812,inside_domain
Morgan+Physical,7,3,HLLCNVLEVVFTJB-UHFFFAOYSA-N,2-Fluoro-2-methylbutane,293.15,0,0,5.89,4.59251403809,9.61421135256,inside_domain
Morgan+Physical,7,3,ZRKMQKLGEQPLNS-UHFFFAOYSA-N,1-Pentanethiol,298.15,1,1,4.55,5.25627040863,9.12891097269,outside_associated_liquid
Morgan+Physical,7,3,QARVLSVVCXYDNA-UHFFFAOYSA-N,Bromobenzene,298.15,0,0,5.4,8.39422798157,21.0611689365,inside_domain
Morgan,7,4,AMQJEAYHLZJPGS-UHFFFAOYSA-N,pentan-1-ol,298.15,1,1,15.736,16.0800666809,5.16365543529,outside_associated_liquid
Morgan,7,4,BTANRVKWQNVYAZ-UHFFFAOYSA-N,butan-2-ol,298.15,1,1,16.6,12.8137636185,8.35397764198,outside_associated_liquid
Morgan,7,4,CBTVGIZVANVGBH-UHFFFAOYSA-N,2-amino-2-methylpropan-1-ol,303.15,2,2,20.59,18.4601573944,3.826071455,outside_associated_liquid
Morgan,7,4,CRVGTESFCCXCTH-UHFFFAOYSA-N,N-methyldiethanolamine,300.65,2,2,22.12,26.0225486755,10.6262172267,outside_associated_liquid
Morgan,7,4,DNIAPMSPPWPWGF-UHFFFAOYSA-N,"1,2-propanediol",303.15,2,2,27.87,25.0539894104,15.9608369814,outside_associated_liquid
Morgan,7,4,HZKDSQCZNUUQIF-UHFFFAOYSA-M,1-ethyl-3-methylimidazolium hydrogen sulfate,298.15,1,1,18.4,24.9674911499,15.1917971963,outside_associated_liquid
Morgan,7,4,JHIVVAPYMSGYDF-UHFFFAOYSA-N,cyclohexanone,298.15,0,0,15.79,17.2356834412,19.6553000971,inside_domain
Morgan,7,4,KBPLFHHGFOOTCA-UHFFFAOYSA-N,octan-1-ol,298.15,1,1,10.66,16.0800666809,4.22641786179,outside_associated_liquid
Morgan,7,4,KLTUZFZUYLXTFF-UHFFFAOYSA-N,1-(2-hydroxyethyl)-3-methylimidazolium tetrafluoroborate,298.15,1,1,23.3,21.2046909332,82.1073071673,outside_associated_liquid
Morgan,7,4,LYCAIKOWRPUZTN-UHFFFAOYSA-N,"1,2-ethanediol",303.15,2,2,39.84,22.2496929169,15.3073129364,outside_associated_liquid
Morgan,7,4,OOKUTCYPKPJYFV-UHFFFAOYSA-N,1-methylimidazolium bromide,298.15,0,0,16.6,18.4860973358,28.8470050896,inside_domain
Morgan,7,4,SHQSVMDWKBRBGB-UHFFFAOYSA-N,cyclobutanone,298.15,0,0,14.96,17.2356834412,24.058855292,inside_domain
Morgan,7,4,TVMXDCGIABBOFY-UHFFFAOYSA-N,octane,298.15,0,0,1.961,5.34369087219,1.1076211483,inside_domain
Morgan,7,4,UEEJHVSXFDXPFK-UHFFFAOYSA-N,"2-(N,N-dimethylamino)ethanol",303.15,1,1,17.18,27.3373088837,2.86613042866,outside_associated_liquid
Morgan,7,4,VFTFKUDGYRBSAL-UHFFFAOYSA-N,"1,4,7,10,13-pentaoxacyclopentadecane",298.15,0,0,15.48,12.6919546127,14.8444868881,inside_domain
Morgan,7,4,YEYKMVJDLWJFOA-UHFFFAOYSA-N,2-propoxyethanol,298.15,1,1,11.5,15.1600179672,11.5122504605,outside_associated_liquid
Morgan,7,4,ZUHZGEOKBKGPSW-UHFFFAOYSA-N,"2,5,8,11,14-pentaoxapentadecane",298.15,0,0,7.798,8.43640518188,10.2230813729,inside_domain
Morgan,7,4,DIQMPQMYFZXDAX-UHFFFAOYSA-N,Amyl formate,298.15,0,0,6.49,7.84964847565,8.4969957051,inside_domain
Morgan,7,4,CSCPPACGZOOCGX-UHFFFAOYSA-N,Acetone,298.15,0,0,20.7,17.5842437744,29.9937881156,inside_domain
Morgan,7,4,FERIUCNNQQJTOY-UHFFFAOYSA-N,Butyric acid,293.15,1,1,2.97,13.0621261597,7.21717286495,outside_associated_liquid
Morgan,7,4,YNAVUWVOSKDBBP-UHFFFAOYSA-N,Morpholine,298.15,1,1,7.33,14.4963254929,5.3942637877,outside_associated_liquid
Morgan,7,4,SPEUIVXLLWOEMJ-UHFFFAOYSA-N,"1,1-Dimethoxyethane",293.15,0,0,3.49,8.23998069763,8.95630913771,inside_domain
Morgan,7,4,ISPYQTSUDJAMAB-UHFFFAOYSA-N,o-Chlorophenol,298.15,1,1,6.31,10.013338089,2.71741653544,outside_associated_liquid
Morgan,7,4,NKKMVIVFRUYPLQ-NSCUHMNNSA-N,Crotononitrile (bp 108 C),293.15,0,0,36.1,29.5879020691,48.0153469112,inside_domain
Morgan,7,4,QWVGKYWNOKOFNN-UHFFFAOYSA-N,o-Cresol,298.15,1,1,11.5,9.22197437286,6.74466929489,outside_associated_liquid
Morgan,7,4,RLSSMJSEOOYNOY-UHFFFAOYSA-N,m-Cresol,298.15,1,1,11.8,9.22197437286,6.72405719621,outside_associated_liquid
Morgan,7,4,RDOXTESZEPMUJZ-UHFFFAOYSA-N,Methoxybenzene (Anisole),298.15,0,0,4.33,6.1891078949,3.78240490407,inside_domain
Morgan,7,4,VGVHNLRUAMRIEW-UHFFFAOYSA-N,4-Methylcyclohexanone,293.15,0,0,12.4,16.1835536957,18.1666231408,inside_domain
Morgan,7,4,YWAKXRMUMFPDSH-UHFFFAOYSA-N,1-Pentene,293.15,0,0,2.1,5.83815288544,1.29861209178,inside_domain
Morgan,7,4,QWTDNUCVQCZILF-UHFFFAOYSA-N,2-Methylbutane,293.15,0,0,1.843,6.03645801544,1.10396118598,inside_domain
Morgan,7,4,HGCIXCUEYOPUTN-UHFFFAOYSA-N,Cyclohexene,298.15,0,0,2.22,10.1277799606,1.24380093714,inside_domain
Morgan,7,4,GDOPTJXRTPNYNR-UHFFFAOYSA-N,Methylcyclopentane,293.15,0,0,1.985,9.30602169037,1.11100262715,inside_domain
Morgan,7,4,KFUSEUYYWQURPO-UPHRSURJSA-N,"cis-1,2-Dichloroethylene",298.15,0,0,9.2,8.80560207367,9.01512393578,inside_domain
Morgan,7,4,QBELEDRHMPMKHP-UHFFFAOYSA-N,1-Bromo-2-chlorobenzene,293.15,0,0,6.8,7.63771629333,24.1815742763,inside_domain
Morgan,7,4,ROSDSFDQCJNGOL-UHFFFAOYSA-N,Dimethylamine,298.15,1,1,5.26,9.22944068909,4.58015414622,outside_associated_liquid
Morgan,7,4,GETQZCLCWQTVFV-UHFFFAOYSA-N,Trimethylamine,298.15,0,0,2.44,17.2801990509,2.6946634545,inside_domain
Morgan,7,4,IBSQPLPBRSHTTG-UHFFFAOYSA-N,o-Chlorotoluene,293.15,0,0,4.45,7.17856884003,4.30209983232,inside_domain
Morgan,7,4,OSOUNOBYRMOXQQ-UHFFFAOYSA-N,m-Chlorotoluene,293.15,0,0,5.55,7.17856884003,8.19037794732,inside_domain
Morgan,7,4,RRHGJUQNOFWUDK-UHFFFAOYSA-N,"2-Methyl-1,3-butadiene (Isoprene)",298.15,0,0,2.1,11.0745401382,1.33056486908,inside_domain
Morgan,7,4,APPOKADJQUIAHP-UHFFFAOYSA-N,"2,4-Hexadiene",298.15,0,0,2.22,9.22944068909,1.31910733263,inside_domain
Morgan,7,4,BOGRNZQRTNVZCZ-AATRIKPKSA-N,"3-Methyl-1,3-pentadiene",298.15,0,0,2.43,10.6353492737,1.66039772435,inside_domain
Physical,7,4,AMQJEAYHLZJPGS-UHFFFAOYSA-N,pentan-1-ol,298.15,1,1,15.736,12.5301179886,5.16365543529,outside_associated_liquid
Physical,7,4,BTANRVKWQNVYAZ-UHFFFAOYSA-N,butan-2-ol,298.15,1,1,16.6,11.5544643402,8.35397764198,outside_associated_liquid
Physical,7,4,CBTVGIZVANVGBH-UHFFFAOYSA-N,2-amino-2-methylpropan-1-ol,303.15,2,2,20.59,60.0597343445,3.826071455,outside_associated_liquid
Physical,7,4,CRVGTESFCCXCTH-UHFFFAOYSA-N,N-methyldiethanolamine,300.65,2,2,22.12,21.9578151703,10.6262172267,outside_associated_liquid
Physical,7,4,DNIAPMSPPWPWGF-UHFFFAOYSA-N,"1,2-propanediol",303.15,2,2,27.87,46.1004295349,15.9608369814,outside_associated_liquid
Physical,7,4,HZKDSQCZNUUQIF-UHFFFAOYSA-M,1-ethyl-3-methylimidazolium hydrogen sulfate,298.15,1,1,18.4,21.6875801086,15.1917971963,outside_associated_liquid
Physical,7,4,JHIVVAPYMSGYDF-UHFFFAOYSA-N,cyclohexanone,298.15,0,0,15.79,13.0403003693,19.6553000971,inside_domain
Physical,7,4,KBPLFHHGFOOTCA-UHFFFAOYSA-N,octan-1-ol,298.15,1,1,10.66,9.60283470154,4.22641786179,outside_associated_liquid
Physical,7,4,KLTUZFZUYLXTFF-UHFFFAOYSA-N,1-(2-hydroxyethyl)-3-methylimidazolium tetrafluoroborate,298.15,1,1,23.3,24.272195816,82.1073071673,outside_associated_liquid
Physical,7,4,LYCAIKOWRPUZTN-UHFFFAOYSA-N,"1,2-ethanediol",303.15,2,2,39.84,43.6264648438,15.3073129364,outside_associated_liquid
Physical,7,4,OOKUTCYPKPJYFV-UHFFFAOYSA-N,1-methylimidazolium bromide,298.15,0,0,16.6,21.008020401,28.8470050896,inside_domain
Physical,7,4,SHQSVMDWKBRBGB-UHFFFAOYSA-N,cyclobutanone,298.15,0,0,14.96,36.5988578796,24.058855292,inside_domain
Physical,7,4,TVMXDCGIABBOFY-UHFFFAOYSA-N,octane,298.15,0,0,1.961,1.99343180656,1.1076211483,inside_domain
Physical,7,4,UEEJHVSXFDXPFK-UHFFFAOYSA-N,"2-(N,N-dimethylamino)ethanol",303.15,1,1,17.18,40.1903190613,2.86613042866,outside_associated_liquid
Physical,7,4,VFTFKUDGYRBSAL-UHFFFAOYSA-N,"1,4,7,10,13-pentaoxacyclopentadecane",298.15,0,0,15.48,13.8240175247,14.8444868881,inside_domain
Physical,7,4,YEYKMVJDLWJFOA-UHFFFAOYSA-N,2-propoxyethanol,298.15,1,1,11.5,7.57925462723,11.5122504605,outside_associated_liquid
Physical,7,4,ZUHZGEOKBKGPSW-UHFFFAOYSA-N,"2,5,8,11,14-pentaoxapentadecane",298.15,0,0,7.798,8.94606208801,10.2230813729,inside_domain
Physical,7,4,DIQMPQMYFZXDAX-UHFFFAOYSA-N,Amyl formate,298.15,0,0,6.49,8.62013626099,8.4969957051,inside_domain
Physical,7,4,CSCPPACGZOOCGX-UHFFFAOYSA-N,Acetone,298.15,0,0,20.7,26.0730800629,29.9937881156,inside_domain
Physical,7,4,FERIUCNNQQJTOY-UHFFFAOYSA-N,Butyric acid,293.15,1,1,2.97,16.0480594635,7.21717286495,outside_associated_liquid
Physical,7,4,YNAVUWVOSKDBBP-UHFFFAOYSA-N,Morpholine,298.15,1,1,7.33,16.8135147095,5.3942637877,outside_associated_liquid
Physical,7,4,SPEUIVXLLWOEMJ-UHFFFAOYSA-N,"1,1-Dimethoxyethane",293.15,0,0,3.49,8.0957660675,8.95630913771,inside_domain
Physical,7,4,ISPYQTSUDJAMAB-UHFFFAOYSA-N,o-Chlorophenol,298.15,1,1,6.31,16.578207016,2.71741653544,outside_associated_liquid
Physical,7,4,NKKMVIVFRUYPLQ-NSCUHMNNSA-N,Crotononitrile (bp 108 C),293.15,0,0,36.1,44.5605506897,48.0153469112,inside_domain
Physical,7,4,QWVGKYWNOKOFNN-UHFFFAOYSA-N,o-Cresol,298.15,1,1,11.5,13.8413667679,6.74466929489,outside_associated_liquid
Physical,7,4,RLSSMJSEOOYNOY-UHFFFAOYSA-N,m-Cresol,298.15,1,1,11.8,13.8413667679,6.72405719621,outside_associated_liquid
Physical,7,4,RDOXTESZEPMUJZ-UHFFFAOYSA-N,Methoxybenzene (Anisole),298.15,0,0,4.33,5.89119577408,3.78240490407,inside_domain
Physical,7,4,VGVHNLRUAMRIEW-UHFFFAOYSA-N,4-Methylcyclohexanone,293.15,0,0,12.4,12.2224187851,18.1666231408,inside_domain
Physical,7,4,YWAKXRMUMFPDSH-UHFFFAOYSA-N,1-Pentene,293.15,0,0,2.1,2.05237722397,1.29861209178,inside_domain
Physical,7,4,QWTDNUCVQCZILF-UHFFFAOYSA-N,2-Methylbutane,293.15,0,0,1.843,2.21780633926,1.10396118598,inside_domain
Physical,7,4,HGCIXCUEYOPUTN-UHFFFAOYSA-N,Cyclohexene,298.15,0,0,2.22,1.66659140587,1.24380093714,inside_domain
Physical,7,4,GDOPTJXRTPNYNR-UHFFFAOYSA-N,Methylcyclopentane,293.15,0,0,1.985,2.03593349457,1.11100262715,inside_domain
Physical,7,4,KFUSEUYYWQURPO-UPHRSURJSA-N,"cis-1,2-Dichloroethylene",298.15,0,0,9.2,11.4681491852,9.01512393578,inside_domain
Physical,7,4,QBELEDRHMPMKHP-UHFFFAOYSA-N,1-Bromo-2-chlorobenzene,293.15,0,0,6.8,11.6761865616,24.1815742763,inside_domain
Physical,7,4,ROSDSFDQCJNGOL-UHFFFAOYSA-N,Dimethylamine,298.15,1,1,5.26,12.5645904541,4.58015414622,outside_associated_liquid
Physical,7,4,GETQZCLCWQTVFV-UHFFFAOYSA-N,Trimethylamine,298.15,0,0,2.44,12.5769119263,2.6946634545,inside_domain
Physical,7,4,IBSQPLPBRSHTTG-UHFFFAOYSA-N,o-Chlorotoluene,293.15,0,0,4.45,5.70573806763,4.30209983232,inside_domain
Physical,7,4,OSOUNOBYRMOXQQ-UHFFFAOYSA-N,m-Chlorotoluene,293.15,0,0,5.55,4.95610904694,8.19037794732,inside_domain
Physical,7,4,RRHGJUQNOFWUDK-UHFFFAOYSA-N,"2-Methyl-1,3-butadiene (Isoprene)",298.15,0,0,2.1,2.26213312149,1.33056486908,inside_domain
Physical,7,4,APPOKADJQUIAHP-UHFFFAOYSA-N,"2,4-Hexadiene",298.15,0,0,2.22,1.97064614296,1.31910733263,inside_domain
Physical,7,4,BOGRNZQRTNVZCZ-AATRIKPKSA-N,"3-Methyl-1,3-pentadiene",298.15,0,0,2.43,1.8069896698,1.66039772435,inside_domain
Morgan+Physical,7,4,AMQJEAYHLZJPGS-UHFFFAOYSA-N,pentan-1-ol,298.15,1,1,15.736,14.3050918579,5.16365543529,outside_associated_liquid
Morgan+Physical,7,4,BTANRVKWQNVYAZ-UHFFFAOYSA-N,butan-2-ol,298.15,1,1,16.6,12.1841144562,8.35397764198,outside_associated_liquid
Morgan+Physical,7,4,CBTVGIZVANVGBH-UHFFFAOYSA-N,2-amino-2-methylpropan-1-ol,303.15,2,2,20.59,39.2599449158,3.826071455,outside_associated_liquid
Morgan+Physical,7,4,CRVGTESFCCXCTH-UHFFFAOYSA-N,N-methyldiethanolamine,300.65,2,2,22.12,23.9901809692,10.6262172267,outside_associated_liquid
Morgan+Physical,7,4,DNIAPMSPPWPWGF-UHFFFAOYSA-N,"1,2-propanediol",303.15,2,2,27.87,35.5772094727,15.9608369814,outside_associated_liquid
Morgan+Physical,7,4,HZKDSQCZNUUQIF-UHFFFAOYSA-M,1-ethyl-3-methylimidazolium hydrogen sulfate,298.15,1,1,18.4,23.3275356293,15.1917971963,outside_associated_liquid
Morgan+Physical,7,4,JHIVVAPYMSGYDF-UHFFFAOYSA-N,cyclohexanone,298.15,0,0,15.79,15.1379919052,19.6553000971,inside_domain
Morgan+Physical,7,4,KBPLFHHGFOOTCA-UHFFFAOYSA-N,octan-1-ol,298.15,1,1,10.66,12.8414506912,4.22641786179,outside_associated_liquid
Morgan+Physical,7,4,KLTUZFZUYLXTFF-UHFFFAOYSA-N,1-(2-hydroxyethyl)-3-methylimidazolium tetrafluoroborate,298.15,1,1,23.3,22.7384433746,82.1073071673,outside_associated_liquid
Morgan+Physical,7,4,LYCAIKOWRPUZTN-UHFFFAOYSA-N,"1,2-ethanediol",303.15,2,2,39.84,32.938079834,15.3073129364,outside_associated_liquid
Morgan+Physical,7,4,OOKUTCYPKPJYFV-UHFFFAOYSA-N,1-methylimidazolium bromide,298.15,0,0,16.6,19.7470588684,28.8470050896,inside_domain
Morgan+Physical,7,4,SHQSVMDWKBRBGB-UHFFFAOYSA-N,cyclobutanone,298.15,0,0,14.96,26.9172706604,24.058855292,inside_domain
Morgan+Physical,7,4,TVMXDCGIABBOFY-UHFFFAOYSA-N,octane,298.15,0,0,1.961,3.66856145859,1.1076211483,inside_domain
Morgan+Physical,7,4,UEEJHVSXFDXPFK-UHFFFAOYSA-N,"2-(N,N-dimethylamino)ethanol",303.15,1,1,17.18,33.7638130188,2.86613042866,outside_associated_liquid
Morgan+Physical,7,4,VFTFKUDGYRBSAL-UHFFFAOYSA-N,"1,4,7,10,13-pentaoxacyclopentadecane",298.15,0,0,15.48,13.2579860687,14.8444868881,inside_domain
Morgan+Physical,7,4,YEYKMVJDLWJFOA-UHFFFAOYSA-N,2-propoxyethanol,298.15,1,1,11.5,11.3696365356,11.5122504605,outside_associated_liquid
Morgan+Physical,7,4,ZUHZGEOKBKGPSW-UHFFFAOYSA-N,"2,5,8,11,14-pentaoxapentadecane",298.15,0,0,7.798,8.69123363495,10.2230813729,inside_domain
Morgan+Physical,7,4,DIQMPQMYFZXDAX-UHFFFAOYSA-N,Amyl formate,298.15,0,0,6.49,8.23489189148,8.4969957051,inside_domain
Morgan+Physical,7,4,CSCPPACGZOOCGX-UHFFFAOYSA-N,Acetone,298.15,0,0,20.7,21.8286628723,29.9937881156,inside_domain
Morgan+Physical,7,4,FERIUCNNQQJTOY-UHFFFAOYSA-N,Butyric acid,293.15,1,1,2.97,14.5550928116,7.21717286495,outside_associated_liquid
Morgan+Physical,7,4,YNAVUWVOSKDBBP-UHFFFAOYSA-N,Morpholine,298.15,1,1,7.33,15.654920578,5.3942637877,outside_associated_liquid
Morgan+Physical,7,4,SPEUIVXLLWOEMJ-UHFFFAOYSA-N,"1,1-Dimethoxyethane",293.15,0,0,3.49,8.16787338257,8.95630913771,inside_domain
Morgan+Physical,7,4,ISPYQTSUDJAMAB-UHFFFAOYSA-N,o-Chlorophenol,298.15,1,1,6.31,13.2957725525,2.71741653544,outside_associated_liquid
Morgan+Physical,7,4,NKKMVIVFRUYPLQ-NSCUHMNNSA-N,Crotononitrile (bp 108 C),293.15,0,0,36.1,37.0742263794,48.0153469112,inside_domain
Morgan+Physical,7,4,QWVGKYWNOKOFNN-UHFFFAOYSA-N,o-Cresol,298.15,1,1,11.5,11.5316705704,6.74466929489,outside_associated_liquid
Morgan+Physical,7,4,RLSSMJSEOOYNOY-UHFFFAOYSA-N,m-Cresol,298.15,1,1,11.8,11.5316705704,6.72405719621,outside_associated_liquid
Morgan+Physical,7,4,RDOXTESZEPMUJZ-UHFFFAOYSA-N,Methoxybenzene (Anisole),298.15,0,0,4.33,6.04015159607,3.78240490407,inside_domain
Morgan+Physical,7,4,VGVHNLRUAMRIEW-UHFFFAOYSA-N,4-Methylcyclohexanone,293.15,0,0,12.4,14.2029857635,18.1666231408,inside_domain
Morgan+Physical,7,4,YWAKXRMUMFPDSH-UHFFFAOYSA-N,1-Pentene,293.15,0,0,2.1,3.9452650547,1.29861209178,inside_domain
Morgan+Physical,7,4,QWTDNUCVQCZILF-UHFFFAOYSA-N,2-Methylbutane,293.15,0,0,1.843,4.12713241577,1.10396118598,inside_domain
Morgan+Physical,7,4,HGCIXCUEYOPUTN-UHFFFAOYSA-N,Cyclohexene,298.15,0,0,2.22,5.89718580246,1.24380093714,inside_domain
Morgan+Physical,7,4,GDOPTJXRTPNYNR-UHFFFAOYSA-N,Methylcyclopentane,293.15,0,0,1.985,5.67097759247,1.11100262715,inside_domain
Morgan+Physical,7,4,KFUSEUYYWQURPO-UPHRSURJSA-N,"cis-1,2-Dichloroethylene",298.15,0,0,9.2,10.1368751526,9.01512393578,inside_domain
Morgan+Physical,7,4,QBELEDRHMPMKHP-UHFFFAOYSA-N,1-Bromo-2-chlorobenzene,293.15,0,0,6.8,9.6569519043,24.1815742763,inside_domain
Morgan+Physical,7,4,ROSDSFDQCJNGOL-UHFFFAOYSA-N,Dimethylamine,298.15,1,1,5.26,10.8970155716,4.58015414622,outside_associated_liquid
Morgan+Physical,7,4,GETQZCLCWQTVFV-UHFFFAOYSA-N,Trimethylamine,298.15,0,0,2.44,14.9285554886,2.6946634545,inside_domain
Morgan+Physical,7,4,IBSQPLPBRSHTTG-UHFFFAOYSA-N,o-Chlorotoluene,293.15,0,0,4.45,6.44215345383,4.30209983232,inside_domain
Morgan+Physical,7,4,OSOUNOBYRMOXQQ-UHFFFAOYSA-N,m-Chlorotoluene,293.15,0,0,5.55,6.06733894348,8.19037794732,inside_domain
Morgan+Physical,7,4,RRHGJUQNOFWUDK-UHFFFAOYSA-N,"2-Methyl-1,3-butadiene (Isoprene)",298.15,0,0,2.1,6.66833686829,1.33056486908,inside_domain
Morgan+Physical,7,4,APPOKADJQUIAHP-UHFFFAOYSA-N,"2,4-Hexadiene",298.15,0,0,2.22,5.60004329681,1.31910733263,inside_domain
Morgan+Physical,7,4,BOGRNZQRTNVZCZ-AATRIKPKSA-N,"3-Methyl-1,3-pentadiene",298.15,0,0,2.43,6.22116947174,1.66039772435,inside_domain
Morgan,8,0,BBMCTIGTTCKYKF-UHFFFAOYSA-N,heptan-1-ol,298.15,1,1,12.65,16.818113327,4.96304294304,outside_associated_liquid
Morgan,8,0,BTANRVKWQNVYAZ-UHFFFAOYSA-N,butan-2-ol,298.15,1,1,16.6,12.5416898727,8.35397764198,outside_associated_liquid
Morgan,8,0,CBTVGIZVANVGBH-UHFFFAOYSA-N,2-amino-2-methylpropan-1-ol,303.15,2,2,20.59,20.9697418213,3.826071455,outside_associated_liquid
Morgan,8,0,CRVGTESFCCXCTH-UHFFFAOYSA-N,N-methyldiethanolamine,300.65,2,2,22.12,25.5438098907,10.6262172267,outside_associated_liquid
Morgan,8,0,DURPTKYDGMDSBL-UHFFFAOYSA-N,dibutyl ether,298.15,0,0,3.106,4.4355764389,2.81657790905,inside_domain
Morgan,8,0,GRYUVYIMDGRRLN-UHFFFAOYSA-N,"1-butyl-2,3,4,5-tetramethylimidazolium bis(trifluoromethylsulfonyl)imide",298.15,0,0,15,13.9101448059,18.8149235057,inside_domain
Morgan,8,0,JIGUQPWFLRLWPJ-UHFFFAOYSA-N,ethyl propenoate,298.15,0,0,6.209,8.36188697815,13.7902225059,inside_domain
Morgan,8,0,JYPJLAPMBJKRDG-UHFFFAOYSA-M,1-ethyl-3-methylimidazolium butylsulfonate,298.15,0,0,30,17.9575748444,153.401832604,inside_domain
Morgan,8,0,KBPLFHHGFOOTCA-UHFFFAOYSA-N,octan-1-ol,298.15,1,1,10.66,16.818113327,4.22641786179,outside_associated_liquid
Morgan,8,0,LRHPLDYGYMQRHN-UHFFFAOYSA-N,butan-1-ol,298.15,1,1,18.03,16.818113327,8.39006069244,outside_associated_liquid
Morgan,8,0,PEDCQBHIVMGVHV-UHFFFAOYSA-N,glycerol,303.15,3,3,41.17,37.652469635,13.4501001088,outside_associated_liquid
Morgan,8,0,QRCRANRUHQKZME-UHFFFAOYSA-N,"3-butyl-1,2,4,5-tetramethyl-1H-imidazol-3-ium tetrafluoroborate",298.15,0,0,12,7.30986833572,90.2035313888,inside_domain
Morgan,8,0,RJQQOKKINHMXIM-UHFFFAOYSA-N,triethanolamine lactate,298.15,5,5,59.7,54.6868934631,27.2818406975,outside_associated_liquid
Morgan,8,0,SBZXBUIDTXKZTM-UHFFFAOYSA-N,"2,5,8-trioxanonane",298.15,0,0,7.3815,7.36555767059,14.0264717054,inside_domain
Morgan,8,0,SHQSVMDWKBRBGB-UHFFFAOYSA-N,cyclobutanone,298.15,0,0,14.96,16.1958885193,24.058855292,inside_domain
Morgan,8,0,TVMXDCGIABBOFY-UHFFFAOYSA-N,octane,298.15,0,0,1.961,5.36279773712,1.1076211483,inside_domain
Morgan,8,0,UCCKRVYTJPMHRO-UHFFFAOYSA-N,"1-butyl-2,3-dimethyl-1H-imidazolium bis(trifluoromethylsulfonyl)amide",298.15,0,0,14,13.9101448059,11.4813553141,inside_domain
Morgan,8,0,UEEJHVSXFDXPFK-UHFFFAOYSA-N,"2-(N,N-dimethylamino)ethanol",303.15,1,1,17.18,26.9374217987,2.86613042866,outside_associated_liquid
Morgan,8,0,UODQEMVTULZGKO-UHFFFAOYSA-N,"1-pentyl-1-methylpyrrolidinium 1,1,1-trifluoro-N-[(trifluoromethyl)sulfonyl]methanesulfonamide",298.15,0,0,12.5,12.3002414703,24.4937811978,inside_domain
Morgan,8,0,UPCXAARSWVHVLY-UHFFFAOYSA-N,triethanolammonium acetate,298.15,4,4,31,44.3732948303,11.4536548979,outside_associated_liquid
Morgan,8,0,VFTFKUDGYRBSAL-UHFFFAOYSA-N,"1,4,7,10,13-pentaoxacyclopentadecane",298.15,0,0,15.48,11.6336507797,14.8444868881,inside_domain
Morgan,8,0,XLYOFNOQVPJJNP-UHFFFAOYSA-N,water,297.575,0,1,78.87,20.5194168091,40.4474006258,outside_associated_liquid
Morgan,8,0,YIWUKEYIRIRTPP-UHFFFAOYSA-N,2-ethyl-1-hexanol,298.2,1,1,7.353,15.7893753052,5.01442556827,outside_associated_liquid
Morgan,8,0,XEKOWRVHYACXOJ-UHFFFAOYSA-N,Ethyl acetate,298.15,0,0,6.02,8.3246088028,9.7831231174,inside_domain
Morgan,8,0,NTIZESTWPVYFNL-UHFFFAOYSA-N,4-Methyl-2-pentanone,293.15,0,0,13.11,16.5106296539,14.6513704727,inside_domain
Morgan,8,0,JFDZBHWFFUWGJE-UHFFFAOYSA-N,Benzonitrile,298.15,0,0,25.2,22.9554424286,29.6694423151,inside_domain
Morgan,8,0,DTQVDTLACAAQTR-UHFFFAOYSA-N,Trifluoroacetic acid,293.15,1,1,39.5,16.8922214508,28.7487569677,outside_associated_liquid
Morgan,8,0,YNAVUWVOSKDBBP-UHFFFAOYSA-N,Morpholine,298.15,1,1,7.33,14.1829252243,5.3942637877,outside_associated_liquid
Morgan,8,0,QJPJQTDYNZXKQF-UHFFFAOYSA-N,p-Bromoanisole,303.15,0,0,7.06,5.78603696823,27.3339480411,inside_domain
Morgan,8,0,FVSKHRXBFJPNKK-UHFFFAOYSA-N,Propionitrile,293.15,0,0,27.2,21.1858196259,38.9694829474,inside_domain
Morgan,8,0,NKKMVIVFRUYPLQ-NSCUHMNNSA-N,Crotononitrile (bp 108 C),293.15,0,0,36.1,24.0247058868,48.0153469112,inside_domain
Morgan,8,0,XCIXKGXIYUWCLL-UHFFFAOYSA-N,Cyclopentanol,293.15,1,1,18,10.4313211441,6.20107699779,outside_associated_liquid
Morgan,8,0,MVPPADPHJFYWMZ-UHFFFAOYSA-N,Chlorobenzene,298.15,0,0,5.621,6.90770339966,6.2681341664,inside_domain
Morgan,8,0,QWTDNUCVQCZILF-UHFFFAOYSA-N,2-Methylbutane,293.15,0,0,1.843,5.52069473267,1.10396118598,inside_domain
Morgan,8,0,KFUSEUYYWQURPO-UPHRSURJSA-N,"cis-1,2-Dichloroethylene",298.15,0,0,9.2,7.57426071167,9.01512393578,inside_domain
Morgan,8,0,KFUSEUYYWQURPO-OWOJBTEDSA-N,"trans-1,2-Dichloroethylene",298.15,0,0,2.14,7.57426071167,1.11523574299,inside_domain
Morgan,8,0,RFFLAFLAYFXFSW-UHFFFAOYSA-N,o-Dichlorobenzene,298.15,0,0,9.93,6.50499582291,10.2507478883,inside_domain
Morgan,8,0,PYLWMHQQBFSUBP-UHFFFAOYSA-N,Fluorobenzene,298.15,0,0,5.42,7.23807573318,9.55831440066,inside_domain
Morgan,8,0,MMZYCBHLNZVROM-UHFFFAOYSA-N,o-Fluorotoluene,303.15,0,0,4.22,7.93739652634,6.12573643678,inside_domain
Morgan,8,0,RRHGJUQNOFWUDK-UHFFFAOYSA-N,"2-Methyl-1,3-butadiene (Isoprene)",298.15,0,0,2.1,9.78981113434,1.33056486908,inside_domain
Morgan,8,0,BOGRNZQRTNVZCZ-AATRIKPKSA-N,"3-Methyl-1,3-pentadiene",298.15,0,0,2.43,9.78981113434,1.66039772435,inside_domain
Physical,8,0,BBMCTIGTTCKYKF-UHFFFAOYSA-N,heptan-1-ol,298.15,1,1,12.65,12.0576524734,4.96304294304,outside_associated_liquid
Physical,8,0,BTANRVKWQNVYAZ-UHFFFAOYSA-N,butan-2-ol,298.15,1,1,16.6,11.4667768478,8.35397764198,outside_associated_liquid
Physical,8,0,CBTVGIZVANVGBH-UHFFFAOYSA-N,2-amino-2-methylpropan-1-ol,303.15,2,2,20.59,86.4849395752,3.826071455,outside_associated_liquid
Physical,8,0,CRVGTESFCCXCTH-UHFFFAOYSA-N,N-methyldiethanolamine,300.65,2,2,22.12,23.9500217438,10.6262172267,outside_associated_liquid
Physical,8,0,DURPTKYDGMDSBL-UHFFFAOYSA-N,dibutyl ether,298.15,0,0,3.106,4.91965579987,2.81657790905,inside_domain
Physical,8,0,GRYUVYIMDGRRLN-UHFFFAOYSA-N,"1-butyl-2,3,4,5-tetramethylimidazolium bis(trifluoromethylsulfonyl)imide",298.15,0,0,15,17.6047382355,18.8149235057,inside_domain
Physical,8,0,JIGUQPWFLRLWPJ-UHFFFAOYSA-N,ethyl propenoate,298.15,0,0,6.209,10.1550064087,13.7902225059,inside_domain
Physical,8,0,JYPJLAPMBJKRDG-UHFFFAOYSA-M,1-ethyl-3-methylimidazolium butylsulfonate,298.15,0,0,30,18.2527446747,153.401832604,inside_domain
Physical,8,0,KBPLFHHGFOOTCA-UHFFFAOYSA-N,octan-1-ol,298.15,1,1,10.66,10.7609453201,4.22641786179,outside_associated_liquid
Physical,8,0,LRHPLDYGYMQRHN-UHFFFAOYSA-N,butan-1-ol,298.15,1,1,18.03,11.4667768478,8.39006069244,outside_associated_liquid
Physical,8,0,PEDCQBHIVMGVHV-UHFFFAOYSA-N,glycerol,303.15,3,3,41.17,25.2219581604,13.4501001088,outside_associated_liquid
Physical,8,0,QRCRANRUHQKZME-UHFFFAOYSA-N,"3-butyl-1,2,4,5-tetramethyl-1H-imidazol-3-ium tetrafluoroborate",298.15,0,0,12,17.7657909393,90.2035313888,inside_domain
Physical,8,0,RJQQOKKINHMXIM-UHFFFAOYSA-N,triethanolamine lactate,298.15,5,5,59.7,70.0642242432,27.2818406975,outside_associated_liquid
Physical,8,0,SBZXBUIDTXKZTM-UHFFFAOYSA-N,"2,5,8-trioxanonane",298.15,0,0,7.3815,12.0061073303,14.0264717054,inside_domain
Physical,8,0,SHQSVMDWKBRBGB-UHFFFAOYSA-N,cyclobutanone,298.15,0,0,14.96,25.6840820312,24.058855292,inside_domain
Physical,8,0,TVMXDCGIABBOFY-UHFFFAOYSA-N,octane,298.15,0,0,1.961,2.53161382675,1.1076211483,inside_domain
Physical,8,0,UCCKRVYTJPMHRO-UHFFFAOYSA-N,"1-butyl-2,3-dimethyl-1H-imidazolium bis(trifluoromethylsulfonyl)amide",298.15,0,0,14,18.1090545654,11.4813553141,inside_domain
Physical,8,0,UEEJHVSXFDXPFK-UHFFFAOYSA-N,"2-(N,N-dimethylamino)ethanol",303.15,1,1,17.18,70.3698043823,2.86613042866,outside_associated_liquid
Physical,8,0,UODQEMVTULZGKO-UHFFFAOYSA-N,"1-pentyl-1-methylpyrrolidinium 1,1,1-trifluoro-N-[(trifluoromethyl)sulfonyl]methanesulfonamide",298.15,0,0,12.5,18.0149097443,24.4937811978,inside_domain
Physical,8,0,UPCXAARSWVHVLY-UHFFFAOYSA-N,triethanolammonium acetate,298.15,4,4,31,57.1098899841,11.4536548979,outside_associated_liquid
Physical,8,0,VFTFKUDGYRBSAL-UHFFFAOYSA-N,"1,4,7,10,13-pentaoxacyclopentadecane",298.15,0,0,15.48,15.2150030136,14.8444868881,inside_domain
Physical,8,0,XLYOFNOQVPJJNP-UHFFFAOYSA-N,water,297.575,0,1,78.87,41.582988739,40.4474006258,outside_associated_liquid
Physical,8,0,YIWUKEYIRIRTPP-UHFFFAOYSA-N,2-ethyl-1-hexanol,298.2,1,1,7.353,11.227355957,5.01442556827,outside_associated_liquid
Physical,8,0,XEKOWRVHYACXOJ-UHFFFAOYSA-N,Ethyl acetate,298.15,0,0,6.02,6.91200685501,9.7831231174,inside_domain
Physical,8,0,NTIZESTWPVYFNL-UHFFFAOYSA-N,4-Methyl-2-pentanone,293.15,0,0,13.11,9.54315376282,14.6513704727,inside_domain
Physical,8,0,JFDZBHWFFUWGJE-UHFFFAOYSA-N,Benzonitrile,298.15,0,0,25.2,20.168170929,29.6694423151,inside_domain
Physical,8,0,DTQVDTLACAAQTR-UHFFFAOYSA-N,Trifluoroacetic acid,293.15,1,1,39.5,20.5598602295,28.7487569677,outside_associated_liquid
Physical,8,0,YNAVUWVOSKDBBP-UHFFFAOYSA-N,Morpholine,298.15,1,1,7.33,17.9291496277,5.3942637877,outside_associated_liquid
Physical,8,0,QJPJQTDYNZXKQF-UHFFFAOYSA-N,p-Bromoanisole,303.15,0,0,7.06,23.2015914917,27.3339480411,inside_domain
Physical,8,0,FVSKHRXBFJPNKK-UHFFFAOYSA-N,Propionitrile,293.15,0,0,27.2,28.6695289612,38.9694829474,inside_domain
Physical,8,0,NKKMVIVFRUYPLQ-NSCUHMNNSA-N,Crotononitrile (bp 108 C),293.15,0,0,36.1,45.9876480103,48.0153469112,inside_domain
Physical,8,0,XCIXKGXIYUWCLL-UHFFFAOYSA-N,Cyclopentanol,293.15,1,1,18,13.3361473083,6.20107699779,outside_associated_liquid
Physical,8,0,MVPPADPHJFYWMZ-UHFFFAOYSA-N,Chlorobenzene,298.15,0,0,5.621,5.08197069168,6.2681341664,inside_domain
Physical,8,0,QWTDNUCVQCZILF-UHFFFAOYSA-N,2-Methylbutane,293.15,0,0,1.843,3.01330924034,1.10396118598,inside_domain
Physical,8,0,KFUSEUYYWQURPO-UPHRSURJSA-N,"cis-1,2-Dichloroethylene",298.15,0,0,9.2,13.7193870544,9.01512393578,inside_domain
Physical,8,0,KFUSEUYYWQURPO-OWOJBTEDSA-N,"trans-1,2-Dichloroethylene",298.15,0,0,2.14,11.8558397293,1.11523574299,inside_domain
Physical,8,0,RFFLAFLAYFXFSW-UHFFFAOYSA-N,o-Dichlorobenzene,298.15,0,0,9.93,3.53964805603,10.2507478883,inside_domain
Physical,8,0,PYLWMHQQBFSUBP-UHFFFAOYSA-N,Fluorobenzene,298.15,0,0,5.42,4.02290344238,9.55831440066,inside_domain
Physical,8,0,MMZYCBHLNZVROM-UHFFFAOYSA-N,o-Fluorotoluene,303.15,0,0,4.22,15.1885843277,6.12573643678,inside_domain
Physical,8,0,RRHGJUQNOFWUDK-UHFFFAOYSA-N,"2-Methyl-1,3-butadiene (Isoprene)",298.15,0,0,2.1,2.12165021896,1.33056486908,inside_domain
Physical,8,0,BOGRNZQRTNVZCZ-AATRIKPKSA-N,"3-Methyl-1,3-pentadiene",298.15,0,0,2.43,2.57532095909,1.66039772435,inside_domain
Morgan+Physical,8,0,BBMCTIGTTCKYKF-UHFFFAOYSA-N,heptan-1-ol,298.15,1,1,12.65,14.4378833771,4.96304294304,outside_associated_liquid
Morgan+Physical,8,0,BTANRVKWQNVYAZ-UHFFFAOYSA-N,butan-2-ol,298.15,1,1,16.6,12.0042333603,8.35397764198,outside_associated_liquid
Morgan+Physical,8,0,CBTVGIZVANVGBH-UHFFFAOYSA-N,2-amino-2-methylpropan-1-ol,303.15,2,2,20.59,53.7273406982,3.826071455,outside_associated_liquid
Morgan+Physical,8,0,CRVGTESFCCXCTH-UHFFFAOYSA-N,N-methyldiethanolamine,300.65,2,2,22.12,24.7469158173,10.6262172267,outside_associated_liquid
Morgan+Physical,8,0,DURPTKYDGMDSBL-UHFFFAOYSA-N,dibutyl ether,298.15,0,0,3.106,4.67761611938,2.81657790905,inside_domain
Morgan+Physical,8,0,GRYUVYIMDGRRLN-UHFFFAOYSA-N,"1-butyl-2,3,4,5-tetramethylimidazolium bis(trifluoromethylsulfonyl)imide",298.15,0,0,15,15.7574415207,18.8149235057,inside_domain
Morgan+Physical,8,0,JIGUQPWFLRLWPJ-UHFFFAOYSA-N,ethyl propenoate,298.15,0,0,6.209,9.25844669342,13.7902225059,inside_domain
Morgan+Physical,8,0,JYPJLAPMBJKRDG-UHFFFAOYSA-M,1-ethyl-3-methylimidazolium butylsulfonate,298.15,0,0,30,18.1051597595,153.401832604,inside_domain
Morgan+Physical,8,0,KBPLFHHGFOOTCA-UHFFFAOYSA-N,octan-1-ol,298.15,1,1,10.66,13.7895298004,4.22641786179,outside_associated_liquid
Morgan+Physical,8,0,LRHPLDYGYMQRHN-UHFFFAOYSA-N,butan-1-ol,298.15,1,1,18.03,14.1424446106,8.39006069244,outside_associated_liquid
Morgan+Physical,8,0,PEDCQBHIVMGVHV-UHFFFAOYSA-N,glycerol,303.15,3,3,41.17,31.4372138977,13.4501001088,outside_associated_liquid
Morgan+Physical,8,0,QRCRANRUHQKZME-UHFFFAOYSA-N,"3-butyl-1,2,4,5-tetramethyl-1H-imidazol-3-ium tetrafluoroborate",298.15,0,0,12,12.5378293991,90.2035313888,inside_domain
Morgan+Physical,8,0,RJQQOKKINHMXIM-UHFFFAOYSA-N,triethanolamine lactate,298.15,5,5,59.7,62.3755569458,27.2818406975,outside_associated_liquid
Morgan+Physical,8,0,SBZXBUIDTXKZTM-UHFFFAOYSA-N,"2,5,8-trioxanonane",298.15,0,0,7.3815,9.68583297729,14.0264717054,inside_domain
Morgan+Physical,8,0,SHQSVMDWKBRBGB-UHFFFAOYSA-N,cyclobutanone,298.15,0,0,14.96,20.9399852753,24.058855292,inside_domain
Morgan+Physical,8,0,TVMXDCGIABBOFY-UHFFFAOYSA-N,octane,298.15,0,0,1.961,3.94720578194,1.1076211483,inside_domain
Morgan+Physical,8,0,UCCKRVYTJPMHRO-UHFFFAOYSA-N,"1-butyl-2,3-dimethyl-1H-imidazolium bis(trifluoromethylsulfonyl)amide",298.15,0,0,14,16.0095996857,11.4813553141,inside_domain
Morgan+Physical,8,0,UEEJHVSXFDXPFK-UHFFFAOYSA-N,"2-(N,N-dimethylamino)ethanol",303.15,1,1,17.18,48.6536140442,2.86613042866,outside_associated_liquid
Morgan+Physical,8,0,UODQEMVTULZGKO-UHFFFAOYSA-N,"1-pentyl-1-methylpyrrolidinium 1,1,1-trifluoro-N-[(trifluoromethyl)sulfonyl]methanesulfonamide",298.15,0,0,12.5,15.1575756073,24.4937811978,inside_domain
Morgan+Physical,8,0,UPCXAARSWVHVLY-UHFFFAOYSA-N,triethanolammonium acetate,298.15,4,4,31,50.7415924072,11.4536548979,outside_associated_liquid
Morgan+Physical,8,0,VFTFKUDGYRBSAL-UHFFFAOYSA-N,"1,4,7,10,13-pentaoxacyclopentadecane",298.15,0,0,15.48,13.4243268967,14.8444868881,inside_domain
Morgan+Physical,8,0,XLYOFNOQVPJJNP-UHFFFAOYSA-N,water,297.575,0,1,78.87,31.051202774,40.4474006258,outside_associated_liquid
Morgan+Physical,8,0,YIWUKEYIRIRTPP-UHFFFAOYSA-N,2-ethyl-1-hexanol,298.2,1,1,7.353,13.5083656311,5.01442556827,outside_associated_liquid
Morgan+Physical,8,0,XEKOWRVHYACXOJ-UHFFFAOYSA-N,Ethyl acetate,298.15,0,0,6.02,7.61830806732,9.7831231174,inside_domain
Morgan+Physical,8,0,NTIZESTWPVYFNL-UHFFFAOYSA-N,4-Methyl-2-pentanone,293.15,0,0,13.11,13.0268917084,14.6513704727,inside_domain
Morgan+Physical,8,0,JFDZBHWFFUWGJE-UHFFFAOYSA-N,Benzonitrile,298.15,0,0,25.2,21.5618057251,29.6694423151,inside_domain
Morgan+Physical,8,0,DTQVDTLACAAQTR-UHFFFAOYSA-N,Trifluoroacetic acid,293.15,1,1,39.5,18.7260398865,28.7487569677,outside_associated_liquid
Morgan+Physical,8,0,YNAVUWVOSKDBBP-UHFFFAOYSA-N,Morpholine,298.15,1,1,7.33,16.0560379028,5.3942637877,outside_associated_liquid
Morgan+Physical,8,0,QJPJQTDYNZXKQF-UHFFFAOYSA-N,p-Bromoanisole,303.15,0,0,7.06,14.4938144684,27.3339480411,inside_domain
Morgan+Physical,8,0,FVSKHRXBFJPNKK-UHFFFAOYSA-N,Propionitrile,293.15,0,0,27.2,24.9276733398,38.9694829474,inside_domain
Morgan+Physical,8,0,NKKMVIVFRUYPLQ-NSCUHMNNSA-N,Crotononitrile (bp 108 C),293.15,0,0,36.1,35.0061759949,48.0153469112,inside_domain
Morgan+Physical,8,0,XCIXKGXIYUWCLL-UHFFFAOYSA-N,Cyclopentanol,293.15,1,1,18,11.8837337494,6.20107699779,outside_associated_liquid
Morgan+Physical,8,0,MVPPADPHJFYWMZ-UHFFFAOYSA-N,Chlorobenzene,298.15,0,0,5.621,5.99483680725,6.2681341664,inside_domain
Morgan+Physical,8,0,QWTDNUCVQCZILF-UHFFFAOYSA-N,2-Methylbutane,293.15,0,0,1.843,4.26700210571,1.10396118598,inside_domain
Morgan+Physical,8,0,KFUSEUYYWQURPO-UPHRSURJSA-N,"cis-1,2-Dichloroethylene",298.15,0,0,9.2,10.6468238831,9.01512393578,inside_domain
Morgan+Physical,8,0,KFUSEUYYWQURPO-OWOJBTEDSA-N,"trans-1,2-Dichloroethylene",298.15,0,0,2.14,9.71504974365,1.11523574299,inside_domain
Morgan+Physical,8,0,RFFLAFLAYFXFSW-UHFFFAOYSA-N,o-Dichlorobenzene,298.15,0,0,9.93,5.02232170105,10.2507478883,inside_domain
Morgan+Physical,8,0,PYLWMHQQBFSUBP-UHFFFAOYSA-N,Fluorobenzene,298.15,0,0,5.42,5.63048934937,9.55831440066,inside_domain
Morgan+Physical,8,0,MMZYCBHLNZVROM-UHFFFAOYSA-N,o-Fluorotoluene,303.15,0,0,4.22,11.5629901886,6.12573643678,inside_domain
Morgan+Physical,8,0,RRHGJUQNOFWUDK-UHFFFAOYSA-N,"2-Methyl-1,3-butadiene (Isoprene)",298.15,0,0,2.1,5.95573043823,1.33056486908,inside_domain
Morgan+Physical,8,0,BOGRNZQRTNVZCZ-AATRIKPKSA-N,"3-Methyl-1,3-pentadiene",298.15,0,0,2.43,6.18256616592,1.66039772435,inside_domain
Morgan,8,1,HZAXFHJVJLSVMW-UHFFFAOYSA-N,2-aminoethan-1-ol,303.15,2,2,31.46,33.8669700623,25.2714322229,outside_associated_liquid
Morgan,8,1,IAZDPXIOMUYVGZ-UHFFFAOYSA-N,dimethyl sulfoxide,298,0,0,46.05,15.6734619141,39.3405912447,inside_domain
Morgan,8,1,IEJIGPNLZYLLBP-UHFFFAOYSA-N,dimethyl carbonate,298.15,0,0,3.134,13.6090078354,1.5899816096,inside_domain
Morgan,8,1,JHIVVAPYMSGYDF-UHFFFAOYSA-N,cyclohexanone,298.15,0,0,15.79,16.9993953705,19.6553000971,inside_domain
Morgan,8,1,LBHLGZNUPKUZJC-UHFFFAOYSA-N,1-butyl-1-methylpyrrolidinium dicyanamide,298.15,0,0,18,25.8106307983,116.153845674,inside_domain
Morgan,8,1,LLEVMYXEJUDBTA-UHFFFAOYSA-N,heptanedinitrile,298.15,0,0,29.71,30.2435321808,22.0308625381,inside_domain
Morgan,8,1,LSBXQLQATZTAPE-UHFFFAOYSA-N,1-butyl-3-methylimidazolium tetrafluoroborate,298.15,0,0,13.9,7.2609372139,142.089757341,inside_domain
Morgan,8,1,MTHSVFCYNBDYFN-UHFFFAOYSA-N,diethylene glycol,298.15,2,2,30.95,23.7199878693,11.7806957518,outside_associated_liquid
Morgan,8,1,OHLUUHNLEMFGTQ-UHFFFAOYSA-N,N-methylacetamide,303.15,1,1,178.47,8.4922876358,5.9744908461,outside_associated_liquid
Morgan,8,1,OKKJLVBELUTLKV-UHFFFAOYSA-N,methanol,298.15,1,1,33.6,9.96086883545,16.5823957018,outside_associated_liquid
Morgan,8,1,OOKUTCYPKPJYFV-UHFFFAOYSA-N,1-methylimidazolium bromide,298.15,0,0,16.6,23.1386165619,28.8470050896,inside_domain
Morgan,8,1,UAEPNZWRGJTJPN-UHFFFAOYSA-N,methylcyclohexane,298.2,0,0,2.01,8.26131534576,1.10998539605,inside_domain
Morgan,8,1,VRFOKYHDLYBVAL-UHFFFAOYSA-M,1-ethyl-3-methylimidazolium ethyl sulfate,298.15,0,0,35,16.2138595581,45.7566800107,inside_domain
Morgan,8,1,YEJRWHAVMIAJKC-UHFFFAOYSA-N,.gamma.-butyrolactone,295.65,0,0,41.99,16.9993953705,50.6116986269,inside_domain
Morgan,8,1,YFMFNYKEUDLDTL-UHFFFAOYSA-N,"1,1,1,2,3,3,3-heptafluoropropane",302.85,0,0,4.1348,10.0031871796,7.17247104625,inside_domain
Morgan,8,1,ZIBGPFATKBEMQZ-UHFFFAOYSA-N,triethylene glycol,298.15,2,2,23.07,22.0839767456,12.1409402443,outside_associated_liquid
Morgan,8,1,ZUHZGEOKBKGPSW-UHFFFAOYSA-N,"2,5,8,11,14-pentaoxapentadecane",298.15,0,0,7.798,6.52152395248,10.2230813729,inside_domain
Morgan,8,1,ZXEKIIBDNHEJCQ-UHFFFAOYSA-N,2-methyl-1-propanol,298.15,1,1,17.96,19.7192001343,5.2814866108,outside_associated_liquid
Morgan,8,1,HXDLWJWIAHWIKI-UHFFFAOYSA-N,beta-Hydroxyethyl acetate (Glycol monoacetate),303.15,1,1,13,35.1837158203,9.74097362491,outside_associated_liquid
Morgan,8,1,DIQMPQMYFZXDAX-UHFFFAOYSA-N,Amyl formate,298.15,0,0,6.49,8.20719623566,8.4969957051,inside_domain
Morgan,8,1,DKPFZGUDAPQIHT-UHFFFAOYSA-N,Butyl acetate,293.15,0,0,5.01,10.4929866791,10.0231968887,inside_domain
Morgan,8,1,GJRQTCIYDGXPES-UHFFFAOYSA-N,Isobutyl acetate,293.15,0,0,5.29,13.273560524,8.50004501778,inside_domain
Morgan,8,1,RTZKZFJDLAIYFH-UHFFFAOYSA-N,Ethyl ether,293.15,0,0,4.335,4.32679843903,4.44489704395,inside_domain
Morgan,8,1,XNLICIUVMPYHGG-UHFFFAOYSA-N,2-Pentanone,293.15,0,0,15.45,12.2562398911,17.6741821348,inside_domain
Morgan,8,1,SVTBMSDMJJWYQN-UHFFFAOYSA-N,"2-Methyl-2,4-pentanediol",303.15,2,2,24.4,15.4153499603,19.5363125491,outside_associated_liquid
Morgan,8,1,DHKHKXVYLBGOIT-UHFFFAOYSA-N,"1,1-Diethoxyethane",298.15,0,0,3.8,16.3092784882,6.97488629158,inside_domain
Morgan,8,1,PHTQWCKDNZKARW-UHFFFAOYSA-N,3-Methyl-1-butanol,298.15,1,1,14.7,21.7117538452,4.92575324719,outside_associated_liquid
Morgan,8,1,LCZUOKDVTBMCMX-UHFFFAOYSA-N,"2,5-Dimethylpyrazine",293.15,0,0,2.436,8.79173374176,1.11662360242,inside_domain
Morgan,8,1,RGSFGYAAUTVSQA-UHFFFAOYSA-N,Cyclopentane,293.15,0,0,1.965,10.0031871796,1.10560773191,inside_domain
Morgan,8,1,GDOPTJXRTPNYNR-UHFFFAOYSA-N,Methylcyclopentane,293.15,0,0,1.985,8.26131534576,1.11100262715,inside_domain
Morgan,8,1,UQEAIHBTYFGYIE-UHFFFAOYSA-N,Hexamethyldisiloxane,293.15,0,0,2.17,8.00936508179,1.21737241547,inside_domain
Morgan,8,1,GETTZEONDQJALK-UHFFFAOYSA-N,"alpha,alpha,alpha-Trifluorotoluene",303.15,0,0,9.18,6.65732860565,23.2671758909,inside_domain
Morgan,8,1,JSRLURSZEMLAFO-UHFFFAOYSA-N,m-Dibromobenzene,293.15,0,0,4.8,7.57796955109,15.1734627111,inside_domain
Morgan,8,1,YLQBMQCUIZJEEH-UHFFFAOYSA-N,Furan,298.15,0,0,2.95,8.59255695343,1.38878820797,inside_domain
Morgan,8,1,WQAQPCDUOCURKW-UHFFFAOYSA-N,1-Butanethiol,298.15,1,1,4.95,5.12199831009,12.2942625019,outside_associated_liquid
Morgan,8,1,OEPRBXUJOQLYID-UHFFFAOYSA-N,1-Fluoropentane,293.15,0,0,4.24,7.79588031769,9.3663047404,inside_domain
Morgan,8,1,SNHMUERNLJLMHN-UHFFFAOYSA-N,Iodobenzene,293.15,0,0,4.63,6.65732860565,20.9443272724,inside_domain
Morgan,8,1,NPDACUSDTOMAMK-UHFFFAOYSA-N,p-Chlorotoluene,293.15,0,0,6.08,6.24190235138,9.81647562753,inside_domain
Morgan,8,1,PMJHHCWVYXUKFD-SNAWJCMRSA-N,"1,3-Pentadiene",298.15,0,0,2.32,6.45209693909,1.87012388355,inside_domain
Morgan,8,1,APPOKADJQUIAHP-UHFFFAOYSA-N,"2,4-Hexadiene",298.15,0,0,2.22,8.26131534576,1.31910733263,inside_domain
Morgan,8,1,RCJMVGJKROQDCB-UHFFFAOYSA-N,"2-Methyl-1,3-pentadiene",298.15,0,0,2.42,7.65924835205,2.15098593997,inside_domain
Physical,8,1,HZAXFHJVJLSVMW-UHFFFAOYSA-N,2-aminoethan-1-ol,303.15,2,2,31.46,30.4251308441,25.2714322229,outside_associated_liquid
Physical,8,1,IAZDPXIOMUYVGZ-UHFFFAOYSA-N,dimethyl sulfoxide,298,0,0,46.05,31.1306381226,39.3405912447,inside_domain
Physical,8,1,IEJIGPNLZYLLBP-UHFFFAOYSA-N,dimethyl carbonate,298.15,0,0,3.134,11.3878993988,1.5899816096,inside_domain
Physical,8,1,JHIVVAPYMSGYDF-UHFFFAOYSA-N,cyclohexanone,298.15,0,0,15.79,14.3090391159,19.6553000971,inside_domain
Physical,8,1,LBHLGZNUPKUZJC-UHFFFAOYSA-N,1-butyl-1-methylpyrrolidinium dicyanamide,298.15,0,0,18,23.7285423279,116.153845674,inside_domain
Physical,8,1,LLEVMYXEJUDBTA-UHFFFAOYSA-N,heptanedinitrile,298.15,0,0,29.71,18.5522270203,22.0308625381,inside_domain
Physical,8,1,LSBXQLQATZTAPE-UHFFFAOYSA-N,1-butyl-3-methylimidazolium tetrafluoroborate,298.15,0,0,13.9,16.3926696777,142.089757341,inside_domain
Physical,8,1,MTHSVFCYNBDYFN-UHFFFAOYSA-N,diethylene glycol,298.15,2,2,30.95,27.1254482269,11.7806957518,outside_associated_liquid
Physical,8,1,OHLUUHNLEMFGTQ-UHFFFAOYSA-N,N-methylacetamide,303.15,1,1,178.47,12.0338163376,5.9744908461,outside_associated_liquid
Physical,8,1,OKKJLVBELUTLKV-UHFFFAOYSA-N,methanol,298.15,1,1,33.6,68.2637786865,16.5823957018,outside_associated_liquid
Physical,8,1,OOKUTCYPKPJYFV-UHFFFAOYSA-N,1-methylimidazolium bromide,298.15,0,0,16.6,24.6323642731,28.8470050896,inside_domain
Physical,8,1,UAEPNZWRGJTJPN-UHFFFAOYSA-N,methylcyclohexane,298.2,0,0,2.01,3.00127696991,1.10998539605,inside_domain
Physical,8,1,VRFOKYHDLYBVAL-UHFFFAOYSA-M,1-ethyl-3-methylimidazolium ethyl sulfate,298.15,0,0,35,20.6422843933,45.7566800107,inside_domain
Physical,8,1,YEJRWHAVMIAJKC-UHFFFAOYSA-N,.gamma.-butyrolactone,295.65,0,0,41.99,32.9440422058,50.6116986269,inside_domain
Physical,8,1,YFMFNYKEUDLDTL-UHFFFAOYSA-N,"1,1,1,2,3,3,3-heptafluoropropane",302.85,0,0,4.1348,6.63848638535,7.17247104625,inside_domain
Physical,8,1,ZIBGPFATKBEMQZ-UHFFFAOYSA-N,triethylene glycol,298.15,2,2,23.07,22.7825965881,12.1409402443,outside_associated_liquid
Physical,8,1,ZUHZGEOKBKGPSW-UHFFFAOYSA-N,"2,5,8,11,14-pentaoxapentadecane",298.15,0,0,7.798,9.86167526245,10.2230813729,inside_domain
Physical,8,1,ZXEKIIBDNHEJCQ-UHFFFAOYSA-N,2-methyl-1-propanol,298.15,1,1,17.96,11.8389463425,5.2814866108,outside_associated_liquid
Physical,8,1,HXDLWJWIAHWIKI-UHFFFAOYSA-N,beta-Hydroxyethyl acetate (Glycol monoacetate),303.15,1,1,13,15.3159980774,9.74097362491,outside_associated_liquid
Physical,8,1,DIQMPQMYFZXDAX-UHFFFAOYSA-N,Amyl formate,298.15,0,0,6.49,11.1485795975,8.4969957051,inside_domain
Physical,8,1,DKPFZGUDAPQIHT-UHFFFAOYSA-N,Butyl acetate,293.15,0,0,5.01,10.2885885239,10.0231968887,inside_domain
Physical,8,1,GJRQTCIYDGXPES-UHFFFAOYSA-N,Isobutyl acetate,293.15,0,0,5.29,10.2885885239,8.50004501778,inside_domain
Physical,8,1,RTZKZFJDLAIYFH-UHFFFAOYSA-N,Ethyl ether,293.15,0,0,4.335,3.35208058357,4.44489704395,inside_domain
Physical,8,1,XNLICIUVMPYHGG-UHFFFAOYSA-N,2-Pentanone,293.15,0,0,15.45,14.3130226135,17.6741821348,inside_domain
Physical,8,1,SVTBMSDMJJWYQN-UHFFFAOYSA-N,"2-Methyl-2,4-pentanediol",303.15,2,2,24.4,23.3934898376,19.5363125491,outside_associated_liquid
Physical,8,1,DHKHKXVYLBGOIT-UHFFFAOYSA-N,"1,1-Diethoxyethane",298.15,0,0,3.8,8.62997913361,6.97488629158,inside_domain
Physical,8,1,PHTQWCKDNZKARW-UHFFFAOYSA-N,3-Methyl-1-butanol,298.15,1,1,14.7,12.483499527,4.92575324719,outside_associated_liquid
Physical,8,1,LCZUOKDVTBMCMX-UHFFFAOYSA-N,"2,5-Dimethylpyrazine",293.15,0,0,2.436,9.45819282532,1.11662360242,inside_domain
Physical,8,1,RGSFGYAAUTVSQA-UHFFFAOYSA-N,Cyclopentane,293.15,0,0,1.965,3.06953787804,1.10560773191,inside_domain
Physical,8,1,GDOPTJXRTPNYNR-UHFFFAOYSA-N,Methylcyclopentane,293.15,0,0,1.985,2.59792780876,1.11100262715,inside_domain
Physical,8,1,UQEAIHBTYFGYIE-UHFFFAOYSA-N,Hexamethyldisiloxane,293.15,0,0,2.17,2.18283629417,1.21737241547,inside_domain
Physical,8,1,GETTZEONDQJALK-UHFFFAOYSA-N,"alpha,alpha,alpha-Trifluorotoluene",303.15,0,0,9.18,11.7297668457,23.2671758909,inside_domain
Physical,8,1,JSRLURSZEMLAFO-UHFFFAOYSA-N,m-Dibromobenzene,293.15,0,0,4.8,4.08101511002,15.1734627111,inside_domain
Physical,8,1,YLQBMQCUIZJEEH-UHFFFAOYSA-N,Furan,298.15,0,0,2.95,8.57927513123,1.38878820797,inside_domain
Physical,8,1,WQAQPCDUOCURKW-UHFFFAOYSA-N,1-Butanethiol,298.15,1,1,4.95,5.86627244949,12.2942625019,outside_associated_liquid
Physical,8,1,OEPRBXUJOQLYID-UHFFFAOYSA-N,1-Fluoropentane,293.15,0,0,4.24,5.9513092041,9.3663047404,inside_domain
Physical,8,1,SNHMUERNLJLMHN-UHFFFAOYSA-N,Iodobenzene,293.15,0,0,4.63,8.04888629913,20.9443272724,inside_domain
Physical,8,1,NPDACUSDTOMAMK-UHFFFAOYSA-N,p-Chlorotoluene,293.15,0,0,6.08,4.9118976593,9.81647562753,inside_domain
Physical,8,1,PMJHHCWVYXUKFD-SNAWJCMRSA-N,"1,3-Pentadiene",298.15,0,0,2.32,3.46986794472,1.87012388355,inside_domain
Physical,8,1,APPOKADJQUIAHP-UHFFFAOYSA-N,"2,4-Hexadiene",298.15,0,0,2.22,2.26438879967,1.31910733263,inside_domain
Physical,8,1,RCJMVGJKROQDCB-UHFFFAOYSA-N,"2-Methyl-1,3-pentadiene",298.15,0,0,2.42,3.29883313179,2.15098593997,inside_domain
Morgan+Physical,8,1,HZAXFHJVJLSVMW-UHFFFAOYSA-N,2-aminoethan-1-ol,303.15,2,2,31.46,32.1460494995,25.2714322229,outside_associated_liquid
Morgan+Physical,8,1,IAZDPXIOMUYVGZ-UHFFFAOYSA-N,dimethyl sulfoxide,298,0,0,46.05,23.4020500183,39.3405912447,inside_domain
Morgan+Physical,8,1,IEJIGPNLZYLLBP-UHFFFAOYSA-N,dimethyl carbonate,298.15,0,0,3.134,12.4984531403,1.5899816096,inside_domain
Morgan+Physical,8,1,JHIVVAPYMSGYDF-UHFFFAOYSA-N,cyclohexanone,298.15,0,0,15.79,15.6542167664,19.6553000971,inside_domain
Morgan+Physical,8,1,LBHLGZNUPKUZJC-UHFFFAOYSA-N,1-butyl-1-methylpyrrolidinium dicyanamide,298.15,0,0,18,24.7695865631,116.153845674,inside_domain
Morgan+Physical,8,1,LLEVMYXEJUDBTA-UHFFFAOYSA-N,heptanedinitrile,298.15,0,0,29.71,24.3978805542,22.0308625381,inside_domain
Morgan+Physical,8,1,LSBXQLQATZTAPE-UHFFFAOYSA-N,1-butyl-3-methylimidazolium tetrafluoroborate,298.15,0,0,13.9,11.8268032074,142.089757341,inside_domain
Morgan+Physical,8,1,MTHSVFCYNBDYFN-UHFFFAOYSA-N,diethylene glycol,298.15,2,2,30.95,25.4227180481,11.7806957518,outside_associated_liquid
Morgan+Physical,8,1,OHLUUHNLEMFGTQ-UHFFFAOYSA-N,N-methylacetamide,303.15,1,1,178.47,10.2630519867,5.9744908461,outside_associated_liquid
Morgan+Physical,8,1,OKKJLVBELUTLKV-UHFFFAOYSA-N,methanol,298.15,1,1,33.6,39.112323761,16.5823957018,outside_associated_liquid
Morgan+Physical,8,1,OOKUTCYPKPJYFV-UHFFFAOYSA-N,1-methylimidazolium bromide,298.15,0,0,16.6,23.8854904175,28.8470050896,inside_domain
Morgan+Physical,8,1,UAEPNZWRGJTJPN-UHFFFAOYSA-N,methylcyclohexane,298.2,0,0,2.01,5.63129615784,1.10998539605,inside_domain
Morgan+Physical,8,1,VRFOKYHDLYBVAL-UHFFFAOYSA-M,1-ethyl-3-methylimidazolium ethyl sulfate,298.15,0,0,35,18.4280719757,45.7566800107,inside_domain
Morgan+Physical,8,1,YEJRWHAVMIAJKC-UHFFFAOYSA-N,.gamma.-butyrolactone,295.65,0,0,41.99,24.9717178345,50.6116986269,inside_domain
Morgan+Physical,8,1,YFMFNYKEUDLDTL-UHFFFAOYSA-N,"1,1,1,2,3,3,3-heptafluoropropane",302.85,0,0,4.1348,8.32083702087,7.17247104625,inside_domain
Morgan+Physical,8,1,ZIBGPFATKBEMQZ-UHFFFAOYSA-N,triethylene glycol,298.15,2,2,23.07,22.4332866669,12.1409402443,outside_associated_liquid
Morgan+Physical,8,1,ZUHZGEOKBKGPSW-UHFFFAOYSA-N,"2,5,8,11,14-pentaoxapentadecane",298.15,0,0,7.798,8.19159984589,10.2230813729,inside_domain
Morgan+Physical,8,1,ZXEKIIBDNHEJCQ-UHFFFAOYSA-N,2-methyl-1-propanol,298.15,1,1,17.96,15.7790737152,5.2814866108,outside_associated_liquid
Morgan+Physical,8,1,HXDLWJWIAHWIKI-UHFFFAOYSA-N,beta-Hydroxyethyl acetate (Glycol monoacetate),303.15,1,1,13,25.2498569489,9.74097362491,outside_associated_liquid
Morgan+Physical,8,1,DIQMPQMYFZXDAX-UHFFFAOYSA-N,Amyl formate,298.15,0,0,6.49,9.67788791656,8.4969957051,inside_domain
Morgan+Physical,8,1,DKPFZGUDAPQIHT-UHFFFAOYSA-N,Butyl acetate,293.15,0,0,5.01,10.3907871246,10.0231968887,inside_domain
Morgan+Physical,8,1,GJRQTCIYDGXPES-UHFFFAOYSA-N,Isobutyl acetate,293.15,0,0,5.29,11.7810745239,8.50004501778,inside_domain
Morgan+Physical,8,1,RTZKZFJDLAIYFH-UHFFFAOYSA-N,Ethyl ether,293.15,0,0,4.335,3.83943939209,4.44489704395,inside_domain
Morgan+Physical,8,1,XNLICIUVMPYHGG-UHFFFAOYSA-N,2-Pentanone,293.15,0,0,15.45,13.2846317291,17.6741821348,inside_domain
Morgan+Physical,8,1,SVTBMSDMJJWYQN-UHFFFAOYSA-N,"2-Methyl-2,4-pentanediol",303.15,2,2,24.4,19.4044189453,19.5363125491,outside_associated_liquid
Morgan+Physical,8,1,DHKHKXVYLBGOIT-UHFFFAOYSA-N,"1,1-Diethoxyethane",298.15,0,0,3.8,12.4696292877,6.97488629158,inside_domain
Morgan+Physical,8,1,PHTQWCKDNZKARW-UHFFFAOYSA-N,3-Methyl-1-butanol,298.15,1,1,14.7,17.0976257324,4.92575324719,outside_associated_liquid
Morgan+Physical,8,1,LCZUOKDVTBMCMX-UHFFFAOYSA-N,"2,5-Dimethylpyrazine",293.15,0,0,2.436,9.12496376038,1.11662360242,inside_domain
Morgan+Physical,8,1,RGSFGYAAUTVSQA-UHFFFAOYSA-N,Cyclopentane,293.15,0,0,1.965,6.53636264801,1.10560773191,inside_domain
Morgan+Physical,8,1,GDOPTJXRTPNYNR-UHFFFAOYSA-N,Methylcyclopentane,293.15,0,0,1.985,5.42962169647,1.11100262715,inside_domain
Morgan+Physical,8,1,UQEAIHBTYFGYIE-UHFFFAOYSA-N,Hexamethyldisiloxane,293.15,0,0,2.17,5.09610080719,1.21737241547,inside_domain
Morgan+Physical,8,1,GETTZEONDQJALK-UHFFFAOYSA-N,"alpha,alpha,alpha-Trifluorotoluene",303.15,0,0,9.18,9.19354820251,23.2671758909,inside_domain
Morgan+Physical,8,1,JSRLURSZEMLAFO-UHFFFAOYSA-N,m-Dibromobenzene,293.15,0,0,4.8,5.82949256897,15.1734627111,inside_domain
Morgan+Physical,8,1,YLQBMQCUIZJEEH-UHFFFAOYSA-N,Furan,298.15,0,0,2.95,8.58591651917,1.38878820797,inside_domain
Morgan+Physical,8,1,WQAQPCDUOCURKW-UHFFFAOYSA-N,1-Butanethiol,298.15,1,1,4.95,5.49413537979,12.2942625019,outside_associated_liquid
Morgan+Physical,8,1,OEPRBXUJOQLYID-UHFFFAOYSA-N,1-Fluoropentane,293.15,0,0,4.24,6.87359476089,9.3663047404,inside_domain
Morgan+Physical,8,1,SNHMUERNLJLMHN-UHFFFAOYSA-N,Iodobenzene,293.15,0,0,4.63,7.35310745239,20.9443272724,inside_domain
Morgan+Physical,8,1,NPDACUSDTOMAMK-UHFFFAOYSA-N,p-Chlorotoluene,293.15,0,0,6.08,5.57690000534,9.81647562753,inside_domain
Morgan+Physical,8,1,PMJHHCWVYXUKFD-SNAWJCMRSA-N,"1,3-Pentadiene",298.15,0,0,2.32,4.96098232269,1.87012388355,inside_domain
Morgan+Physical,8,1,APPOKADJQUIAHP-UHFFFAOYSA-N,"2,4-Hexadiene",298.15,0,0,2.22,5.26285219193,1.31910733263,inside_domain
Morgan+Physical,8,1,RCJMVGJKROQDCB-UHFFFAOYSA-N,"2-Methyl-1,3-pentadiene",298.15,0,0,2.42,5.47904062271,2.15098593997,inside_domain
Morgan,8,2,ALYCOCULEAWWJO-UHFFFAOYSA-N,triethylpentylammonium bis(trifluoromethylsulfonyl)imide,298.15,0,0,12.5,13.167889595,6.67840629363,inside_domain
Morgan,8,2,BMRWNKZVCUKKSR-UHFFFAOYSA-N,"1,2-butanediol",298.2,2,2,22.143,21.2462158203,13.5953058324,outside_associated_liquid
Morgan,8,2,BTGRAWJCKBQKAO-UHFFFAOYSA-N,hexanedinitrile,298.15,0,0,32.12,29.8593101501,46.5421430104,inside_domain
Morgan,8,2,DKGAVHZHDRPRBM-UHFFFAOYSA-N,2-methylpropan-2-ol,298.15,1,1,12.49,13.0645513535,6.90436439321,outside_associated_liquid
Morgan,8,2,KFZMGEQAYNKOFK-UHFFFAOYSA-N,propan-2-ol,299.15,1,1,18.845,11.3247880936,10.0046688096,outside_associated_liquid
Morgan,8,2,LFQSCWFLJHTTHZ-UHFFFAOYSA-N,ethanol,298.15,1,1,25.02,13.8494920731,9.55039595517,outside_associated_liquid
Morgan,8,2,LVTYICIALWPMFW-UHFFFAOYSA-N,N-(2-hydroxypropyl)-2-hydroxy-1-propanamine,303.15,3,3,13.87,17.5356521606,21.6555806344,outside_associated_liquid
Morgan,8,2,MCTWTZJPVLRJOU-UHFFFAOYSA-N,1-methylimidazole,298,0,0,39.78,9.57297420502,38.1478273189,inside_domain
Morgan,8,2,NEQXUPRFDXNNTA-UHFFFAOYSA-N,2-hydroxyethylammonium lactate,298.15,4,4,85.6,49.3531723022,5.97933023131,outside_associated_liquid
Morgan,8,2,SIXHYMZEOJSYQH-UHFFFAOYSA-M,1-butyl-3-methylimidazolium thiocyanate,298.15,0,0,13.7,27.1793270111,27.3242655698,inside_domain
Morgan,8,2,UWHCKJMYHZGTIT-UHFFFAOYSA-N,tetraethylene glycol,298.15,2,2,19.91,26.0505619049,16.8875268244,outside_associated_liquid
Morgan,8,2,WYJOVVXUZNRJQY-UHFFFAOYSA-N,2-acetylthiophene,298.15,0,0,29.19,14.6591444016,26.4529603231,inside_domain
Morgan,8,2,WZLFPVPRZGTCKP-UHFFFAOYSA-N,"1,1,1,3,3-pentafluorobutane",298.115,0,0,11.8861,6.79987287521,6.83236100939,inside_domain
Morgan,8,2,XDJYSDBSJWNTQT-UHFFFAOYSA-N,"1-ethyl-2,3-dimethylimidazolium bis[(trifluoromethyl)sulfonyl]imide",298.15,0,0,12.8,14.1003599167,44.2192801694,inside_domain
Morgan,8,2,XTHFKEDIFFGKHM-UHFFFAOYSA-N,"1,2-dimethoxyethane",298.15,0,0,7.0695,6.4456152916,5.4993455063,inside_domain
Morgan,8,2,YFNKIDBQEZZDLK-UHFFFAOYSA-N,"2,5,8,11-tetraoxadodecane",298.15,0,0,7.604,6.02818202972,11.1446264552,inside_domain
Morgan,8,2,YXFVVABEGXRONW-UHFFFAOYSA-N,toluene,297.385,0,0,2.40445,6.55751419067,1.46990395237,inside_domain
Morgan,8,2,ZBCBWPMODOFKDW-UHFFFAOYSA-N,diethanolamine,303.15,3,3,24.69,27.5208454132,10.034846241,outside_associated_liquid
Morgan,8,2,ZHNUHDYFZUAESO-UHFFFAOYSA-N,formamide,303.15,2,2,106.14,9.62341594696,1.63244107371,outside_associated_liquid
Morgan,8,2,ZSIAUFGUXNUGDI-UHFFFAOYSA-N,hexan-1-ol,298.15,1,1,14.26,13.4945840836,5.23133673613,outside_associated_liquid
Morgan,8,2,ZTOMUSMDRMJOTH-UHFFFAOYSA-N,pentanedinitrile,298.15,0,0,34.6,29.8593101501,26.6601988036,inside_domain
Morgan,8,2,SVONRAPFKPVNKG-UHFFFAOYSA-N,"beta-Ethoxyethyl acetate (""Cellosolve"" acetate)",303.15,0,0,7.57,7.85793733597,10.1866881025,inside_domain
Morgan,8,2,XNWFRZJHXBZDAG-UHFFFAOYSA-N,2-Methoxyethanol,303.15,1,1,16,17.1466407776,12.9838712423,outside_associated_liquid
Morgan,8,2,SWXVUIWOUIDPGS-UHFFFAOYSA-N,4-Hydroxy-4-methyl-2-pentanone (Diacetone alcohol),298.15,1,1,18.2,25.1834125519,16.6441767483,outside_associated_liquid
Morgan,8,2,CSCPPACGZOOCGX-UHFFFAOYSA-N,Acetone,298.15,0,0,20.7,15.1514501572,29.9937881156,inside_domain
Morgan,8,2,HEBKCHPVOIAQTA-NGQZWQHPSA-N,Xylitol,293.15,5,5,40,38.240814209,16.2882582546,outside_associated_liquid
Morgan,8,2,SQYNKIJPMDEDEG-UHFFFAOYSA-N,Paraldehyde,298.15,0,0,13.9,7.4968624115,1.56759076609,inside_domain
Morgan,8,2,SPEUIVXLLWOEMJ-UHFFFAOYSA-N,"1,1-Dimethoxyethane",293.15,0,0,3.49,7.25288677216,8.95630913771,inside_domain
Morgan,8,2,MSXVEPNJUHWQHW-UHFFFAOYSA-N,2-Methyl-2-butanol,298.15,1,1,5.82,11.1455869675,5.55405564062,outside_associated_liquid
Morgan,8,2,LFSAPCRASZRSKS-UHFFFAOYSA-N,2-Methylcyclohexanone,293.15,0,0,14,14.9611940384,15.7212749253,inside_domain
Morgan,8,2,HTSABYAWKQAHBT-UHFFFAOYSA-N,3-Methylcyclohexanol,293.15,1,1,12.3,8.50937366486,4.10543593176,outside_associated_liquid
Morgan,8,2,FOTXAJDDGPYIFU-UHFFFAOYSA-N,Ethylcyclopropane,293.15,0,0,1.933,5.57789754868,1.15468220207,inside_domain
Morgan,8,2,UHOVQNZJYSORNB-UHFFFAOYSA-N,Benzene,293.15,0,0,2.284,7.42598295212,1.12590545146,inside_domain
Morgan,8,2,NEZRFXZYPAIZAD-UHFFFAOYSA-N,Ethylcyclobutane,293.15,0,0,1.965,5.57789754868,1.12524438408,inside_domain
Morgan,8,2,RWNKSTSCBHKHTB-UHFFFAOYSA-N,"Hexachloro-1,3-butadiene",298.15,0,0,2.55,25.4894809723,1.1593863388,inside_domain
Morgan,8,2,CYTYCFOTNPOANT-UHFFFAOYSA-N,Tetrachloroethylene,298.15,0,0,2.3,16.5312690735,1.12045182946,inside_domain
Morgan,8,2,PIICEJLVQHRZGT-UHFFFAOYSA-N,"1,2-Ethanediamine",293.15,2,2,14.2,11.0428819656,1.53256228944,outside_associated_liquid
Morgan,8,2,JUJWROOIHBZHMG-UHFFFAOYSA-N,Pyridine,298.15,0,0,12.3,15.5162277222,9.88027991812,inside_domain
Morgan,8,2,HLLCNVLEVVFTJB-UHFFFAOYSA-N,2-Fluoro-2-methylbutane,293.15,0,0,5.89,5.57789754868,9.61421135256,inside_domain
Morgan,8,2,OSOUNOBYRMOXQQ-UHFFFAOYSA-N,m-Chlorotoluene,293.15,0,0,5.55,6.55751419067,8.19037794732,inside_domain
Morgan,8,2,WRWPPGUCZBJXKX-UHFFFAOYSA-N,p-Fluorotoluene,303.15,0,0,5.86,6.55751419067,12.7592051561,inside_domain
Physical,8,2,ALYCOCULEAWWJO-UHFFFAOYSA-N,triethylpentylammonium bis(trifluoromethylsulfonyl)imide,298.15,0,0,12.5,14.618973732,6.67840629363,inside_domain
Physical,8,2,BMRWNKZVCUKKSR-UHFFFAOYSA-N,"1,2-butanediol",298.2,2,2,22.143,21.5244312286,13.5953058324,outside_associated_liquid
Physical,8,2,BTGRAWJCKBQKAO-UHFFFAOYSA-N,hexanedinitrile,298.15,0,0,32.12,26.6527080536,46.5421430104,inside_domain
Physical,8,2,DKGAVHZHDRPRBM-UHFFFAOYSA-N,2-methylpropan-2-ol,298.15,1,1,12.49,13.8810749054,6.90436439321,outside_associated_liquid
Physical,8,2,KFZMGEQAYNKOFK-UHFFFAOYSA-N,propan-2-ol,299.15,1,1,18.845,21.0657329559,10.0046688096,outside_associated_liquid
Physical,8,2,LFQSCWFLJHTTHZ-UHFFFAOYSA-N,ethanol,298.15,1,1,25.02,19.5343341827,9.55039595517,outside_associated_liquid
Physical,8,2,LVTYICIALWPMFW-UHFFFAOYSA-N,N-(2-hydroxypropyl)-2-hydroxy-1-propanamine,303.15,3,3,13.87,38.5000991821,21.6555806344,outside_associated_liquid
Physical,8,2,MCTWTZJPVLRJOU-UHFFFAOYSA-N,1-methylimidazole,298,0,0,39.78,30.0554618835,38.1478273189,inside_domain
Physical,8,2,NEQXUPRFDXNNTA-UHFFFAOYSA-N,2-hydroxyethylammonium lactate,298.15,4,4,85.6,44.915309906,5.97933023131,outside_associated_liquid
Physical,8,2,SIXHYMZEOJSYQH-UHFFFAOYSA-M,1-butyl-3-methylimidazolium thiocyanate,298.15,0,0,13.7,56.3889579773,27.3242655698,inside_domain
Physical,8,2,UWHCKJMYHZGTIT-UHFFFAOYSA-N,tetraethylene glycol,298.15,2,2,19.91,24.6503047943,16.8875268244,outside_associated_liquid
Physical,8,2,WYJOVVXUZNRJQY-UHFFFAOYSA-N,2-acetylthiophene,298.15,0,0,29.19,16.0030155182,26.4529603231,inside_domain
Physical,8,2,WZLFPVPRZGTCKP-UHFFFAOYSA-N,"1,1,1,3,3-pentafluorobutane",298.115,0,0,11.8861,4.55248498917,6.83236100939,inside_domain
Physical,8,2,XDJYSDBSJWNTQT-UHFFFAOYSA-N,"1-ethyl-2,3-dimethylimidazolium bis[(trifluoromethyl)sulfonyl]imide",298.15,0,0,12.8,21.8657360077,44.2192801694,inside_domain
Physical,8,2,XTHFKEDIFFGKHM-UHFFFAOYSA-N,"1,2-dimethoxyethane",298.15,0,0,7.0695,7.90718984604,5.4993455063,inside_domain
Physical,8,2,YFNKIDBQEZZDLK-UHFFFAOYSA-N,"2,5,8,11-tetraoxadodecane",298.15,0,0,7.604,8.10319423676,11.1446264552,inside_domain
Physical,8,2,YXFVVABEGXRONW-UHFFFAOYSA-N,toluene,297.385,0,0,2.40445,1.60108232498,1.46990395237,inside_domain
Physical,8,2,ZBCBWPMODOFKDW-UHFFFAOYSA-N,diethanolamine,303.15,3,3,24.69,32.3167800903,10.034846241,outside_associated_liquid
Physical,8,2,ZHNUHDYFZUAESO-UHFFFAOYSA-N,formamide,303.15,2,2,106.14,52.0905456543,1.63244107371,outside_associated_liquid
Physical,8,2,ZSIAUFGUXNUGDI-UHFFFAOYSA-N,hexan-1-ol,298.15,1,1,14.26,10.5845394135,5.23133673613,outside_associated_liquid
Physical,8,2,ZTOMUSMDRMJOTH-UHFFFAOYSA-N,pentanedinitrile,298.15,0,0,34.6,25.1345901489,26.6601988036,inside_domain
Physical,8,2,SVONRAPFKPVNKG-UHFFFAOYSA-N,"beta-Ethoxyethyl acetate (""Cellosolve"" acetate)",303.15,0,0,7.57,20.1095218658,10.1866881025,inside_domain
Physical,8,2,XNWFRZJHXBZDAG-UHFFFAOYSA-N,2-Methoxyethanol,303.15,1,1,16,30.4862556458,12.9838712423,outside_associated_liquid
Physical,8,2,SWXVUIWOUIDPGS-UHFFFAOYSA-N,4-Hydroxy-4-methyl-2-pentanone (Diacetone alcohol),298.15,1,1,18.2,16.7797527313,16.6441767483,outside_associated_liquid
Physical,8,2,CSCPPACGZOOCGX-UHFFFAOYSA-N,Acetone,298.15,0,0,20.7,20.6424617767,29.9937881156,inside_domain
Physical,8,2,HEBKCHPVOIAQTA-NGQZWQHPSA-N,Xylitol,293.15,5,5,40,34.9349441528,16.2882582546,outside_associated_liquid
Physical,8,2,SQYNKIJPMDEDEG-UHFFFAOYSA-N,Paraldehyde,298.15,0,0,13.9,6.28626489639,1.56759076609,inside_domain
Physical,8,2,SPEUIVXLLWOEMJ-UHFFFAOYSA-N,"1,1-Dimethoxyethane",293.15,0,0,3.49,6.80813837051,8.95630913771,inside_domain
Physical,8,2,MSXVEPNJUHWQHW-UHFFFAOYSA-N,2-Methyl-2-butanol,298.15,1,1,5.82,11.4255599976,5.55405564062,outside_associated_liquid
Physical,8,2,LFSAPCRASZRSKS-UHFFFAOYSA-N,2-Methylcyclohexanone,293.15,0,0,14,11.2132377625,15.7212749253,inside_domain
Physical,8,2,HTSABYAWKQAHBT-UHFFFAOYSA-N,3-Methylcyclohexanol,293.15,1,1,12.3,10.5795249939,4.10543593176,outside_associated_liquid
Physical,8,2,FOTXAJDDGPYIFU-UHFFFAOYSA-N,Ethylcyclopropane,293.15,0,0,1.933,2.58684778214,1.15468220207,inside_domain
Physical,8,2,UHOVQNZJYSORNB-UHFFFAOYSA-N,Benzene,293.15,0,0,2.284,2.22737073898,1.12590545146,inside_domain
Physical,8,2,NEZRFXZYPAIZAD-UHFFFAOYSA-N,Ethylcyclobutane,293.15,0,0,1.965,3.01581048965,1.12524438408,inside_domain
Physical,8,2,RWNKSTSCBHKHTB-UHFFFAOYSA-N,"Hexachloro-1,3-butadiene",298.15,0,0,2.55,1.14121961594,1.1593863388,inside_domain
Physical,8,2,CYTYCFOTNPOANT-UHFFFAOYSA-N,Tetrachloroethylene,298.15,0,0,2.3,1.34105825424,1.12045182946,inside_domain
Physical,8,2,PIICEJLVQHRZGT-UHFFFAOYSA-N,"1,2-Ethanediamine",293.15,2,2,14.2,29.7497463226,1.53256228944,outside_associated_liquid
Physical,8,2,JUJWROOIHBZHMG-UHFFFAOYSA-N,Pyridine,298.15,0,0,12.3,14.2158889771,9.88027991812,inside_domain
Physical,8,2,HLLCNVLEVVFTJB-UHFFFAOYSA-N,2-Fluoro-2-methylbutane,293.15,0,0,5.89,4.43121623993,9.61421135256,inside_domain
Physical,8,2,OSOUNOBYRMOXQQ-UHFFFAOYSA-N,m-Chlorotoluene,293.15,0,0,5.55,3.29011702538,8.19037794732,inside_domain
Physical,8,2,WRWPPGUCZBJXKX-UHFFFAOYSA-N,p-Fluorotoluene,303.15,0,0,5.86,14.3950166702,12.7592051561,inside_domain
Morgan+Physical,8,2,ALYCOCULEAWWJO-UHFFFAOYSA-N,triethylpentylammonium bis(trifluoromethylsulfonyl)imide,298.15,0,0,12.5,13.8934316635,6.67840629363,inside_domain
Morgan+Physical,8,2,BMRWNKZVCUKKSR-UHFFFAOYSA-N,"1,2-butanediol",298.2,2,2,22.143,21.3853225708,13.5953058324,outside_associated_liquid
Morgan+Physical,8,2,BTGRAWJCKBQKAO-UHFFFAOYSA-N,hexanedinitrile,298.15,0,0,32.12,28.2560081482,46.5421430104,inside_domain
Morgan+Physical,8,2,DKGAVHZHDRPRBM-UHFFFAOYSA-N,2-methylpropan-2-ol,298.15,1,1,12.49,13.4728126526,6.90436439321,outside_associated_liquid
Morgan+Physical,8,2,KFZMGEQAYNKOFK-UHFFFAOYSA-N,propan-2-ol,299.15,1,1,18.845,16.1952610016,10.0046688096,outside_associated_liquid
Morgan+Physical,8,2,LFQSCWFLJHTTHZ-UHFFFAOYSA-N,ethanol,298.15,1,1,25.02,16.6919136047,9.55039595517,outside_associated_liquid
Morgan+Physical,8,2,LVTYICIALWPMFW-UHFFFAOYSA-N,N-(2-hydroxypropyl)-2-hydroxy-1-propanamine,303.15,3,3,13.87,28.0178756714,21.6555806344,outside_associated_liquid
Morgan+Physical,8,2,MCTWTZJPVLRJOU-UHFFFAOYSA-N,1-methylimidazole,298,0,0,39.78,19.8142185211,38.1478273189,inside_domain
Morgan+Physical,8,2,NEQXUPRFDXNNTA-UHFFFAOYSA-N,2-hydroxyethylammonium lactate,298.15,4,4,85.6,47.1342391968,5.97933023131,outside_associated_liquid
Morgan+Physical,8,2,SIXHYMZEOJSYQH-UHFFFAOYSA-M,1-butyl-3-methylimidazolium thiocyanate,298.15,0,0,13.7,41.7841415405,27.3242655698,inside_domain
Morgan+Physical,8,2,UWHCKJMYHZGTIT-UHFFFAOYSA-N,tetraethylene glycol,298.15,2,2,19.91,25.3504333496,16.8875268244,outside_associated_liquid
Morgan+Physical,8,2,WYJOVVXUZNRJQY-UHFFFAOYSA-N,2-acetylthiophene,298.15,0,0,29.19,15.331079483,26.4529603231,inside_domain
Morgan+Physical,8,2,WZLFPVPRZGTCKP-UHFFFAOYSA-N,"1,1,1,3,3-pentafluorobutane",298.115,0,0,11.8861,5.67617893219,6.83236100939,inside_domain
Morgan+Physical,8,2,XDJYSDBSJWNTQT-UHFFFAOYSA-N,"1-ethyl-2,3-dimethylimidazolium bis[(trifluoromethyl)sulfonyl]imide",298.15,0,0,12.8,17.9830474854,44.2192801694,inside_domain
Morgan+Physical,8,2,XTHFKEDIFFGKHM-UHFFFAOYSA-N,"1,2-dimethoxyethane",298.15,0,0,7.0695,7.17640256882,5.4993455063,inside_domain
Morgan+Physical,8,2,YFNKIDBQEZZDLK-UHFFFAOYSA-N,"2,5,8,11-tetraoxadodecane",298.15,0,0,7.604,7.06568813324,11.1446264552,inside_domain
Morgan+Physical,8,2,YXFVVABEGXRONW-UHFFFAOYSA-N,toluene,297.385,0,0,2.40445,4.07929801941,1.46990395237,inside_domain
Morgan+Physical,8,2,ZBCBWPMODOFKDW-UHFFFAOYSA-N,diethanolamine,303.15,3,3,24.69,29.9188117981,10.034846241,outside_associated_liquid
Morgan+Physical,8,2,ZHNUHDYFZUAESO-UHFFFAOYSA-N,formamide,303.15,2,2,106.14,30.8569812775,1.63244107371,outside_associated_liquid
Morgan+Physical,8,2,ZSIAUFGUXNUGDI-UHFFFAOYSA-N,hexan-1-ol,298.15,1,1,14.26,12.0395622253,5.23133673613,outside_associated_liquid
Morgan+Physical,8,2,ZTOMUSMDRMJOTH-UHFFFAOYSA-N,pentanedinitrile,298.15,0,0,34.6,27.4969501495,26.6601988036,inside_domain
Morgan+Physical,8,2,SVONRAPFKPVNKG-UHFFFAOYSA-N,"beta-Ethoxyethyl acetate (""Cellosolve"" acetate)",303.15,0,0,7.57,13.9837293625,10.1866881025,inside_domain
Morgan+Physical,8,2,XNWFRZJHXBZDAG-UHFFFAOYSA-N,2-Methoxyethanol,303.15,1,1,16,23.8164482117,12.9838712423,outside_associated_liquid
Morgan+Physical,8,2,SWXVUIWOUIDPGS-UHFFFAOYSA-N,4-Hydroxy-4-methyl-2-pentanone (Diacetone alcohol),298.15,1,1,18.2,20.9815826416,16.6441767483,outside_associated_liquid
Morgan+Physical,8,2,CSCPPACGZOOCGX-UHFFFAOYSA-N,Acetone,298.15,0,0,20.7,17.8969554901,29.9937881156,inside_domain
Morgan+Physical,8,2,HEBKCHPVOIAQTA-NGQZWQHPSA-N,Xylitol,293.15,5,5,40,36.5878791809,16.2882582546,outside_associated_liquid
Morgan+Physical,8,2,SQYNKIJPMDEDEG-UHFFFAOYSA-N,Paraldehyde,298.15,0,0,13.9,6.89156341553,1.56759076609,inside_domain
Morgan+Physical,8,2,SPEUIVXLLWOEMJ-UHFFFAOYSA-N,"1,1-Dimethoxyethane",293.15,0,0,3.49,7.03051280975,8.95630913771,inside_domain
Morgan+Physical,8,2,MSXVEPNJUHWQHW-UHFFFAOYSA-N,2-Methyl-2-butanol,298.15,1,1,5.82,11.2855739594,5.55405564062,outside_associated_liquid
Morgan+Physical,8,2,LFSAPCRASZRSKS-UHFFFAOYSA-N,2-Methylcyclohexanone,293.15,0,0,14,13.0872154236,15.7212749253,inside_domain
Morgan+Physical,8,2,HTSABYAWKQAHBT-UHFFFAOYSA-N,3-Methylcyclohexanol,293.15,1,1,12.3,9.54444885254,4.10543593176,outside_associated_liquid
Morgan+Physical,8,2,FOTXAJDDGPYIFU-UHFFFAOYSA-N,Ethylcyclopropane,293.15,0,0,1.933,4.08237266541,1.15468220207,inside_domain
Morgan+Physical,8,2,UHOVQNZJYSORNB-UHFFFAOYSA-N,Benzene,293.15,0,0,2.284,4.82667684555,1.12590545146,inside_domain
Morgan+Physical,8,2,NEZRFXZYPAIZAD-UHFFFAOYSA-N,Ethylcyclobutane,293.15,0,0,1.965,4.29685401917,1.12524438408,inside_domain
Morgan+Physical,8,2,RWNKSTSCBHKHTB-UHFFFAOYSA-N,"Hexachloro-1,3-butadiene",298.15,0,0,2.55,13.3153505325,1.1593863388,inside_domain
Morgan+Physical,8,2,CYTYCFOTNPOANT-UHFFFAOYSA-N,Tetrachloroethylene,298.15,0,0,2.3,8.93616390228,1.12045182946,inside_domain
Morgan+Physical,8,2,PIICEJLVQHRZGT-UHFFFAOYSA-N,"1,2-Ethanediamine",293.15,2,2,14.2,20.396314621,1.53256228944,outside_associated_liquid
Morgan+Physical,8,2,JUJWROOIHBZHMG-UHFFFAOYSA-N,Pyridine,298.15,0,0,12.3,14.8660583496,9.88027991812,inside_domain
Morgan+Physical,8,2,HLLCNVLEVVFTJB-UHFFFAOYSA-N,2-Fluoro-2-methylbutane,293.15,0,0,5.89,5.00455665588,9.61421135256,inside_domain
Morgan+Physical,8,2,OSOUNOBYRMOXQQ-UHFFFAOYSA-N,m-Chlorotoluene,293.15,0,0,5.55,4.92381572723,8.19037794732,inside_domain
Morgan+Physical,8,2,WRWPPGUCZBJXKX-UHFFFAOYSA-N,p-Fluorotoluene,303.15,0,0,5.86,10.4762649536,12.7592051561,inside_domain
Morgan,8,3,AFBPFSWMIHJQDM-UHFFFAOYSA-N,N-methylaniline,300.15,1,1,5.878,7.59537410736,7.11572078225,outside_associated_liquid
Morgan,8,3,AMQJEAYHLZJPGS-UHFFFAOYSA-N,pentan-1-ol,298.15,1,1,15.736,13.4612131119,5.16365543529,outside_associated_liquid
Morgan,8,3,BDERNNFJNOPAEC-UHFFFAOYSA-N,propan-1-ol,298.15,1,1,21.3,13.4612131119,10.28867817,outside_associated_liquid
Morgan,8,3,BKIMMITUMNQMOS-UHFFFAOYSA-N,nonane,298.15,0,0,1.98,6.1392493248,1.10532080108,inside_domain
Morgan,8,3,BTNXBLUGMAMSSH-UHFFFAOYSA-N,octanedinitrile,298.15,0,0,25.94,29.325553894,22.1540981947,inside_domain
Morgan,8,3,DNIAPMSPPWPWGF-UHFFFAOYSA-N,"1,2-propanediol",303.15,2,2,27.87,24.1566886902,15.9608369814,outside_associated_liquid
Morgan,8,3,FRZPYEHDSAQGAS-UHFFFAOYSA-M,1-butyl-3-methylimidazolium trifluoromethanesulfonate,298.15,0,0,12.9,18.4149093628,53.1539772418,inside_domain
Morgan,8,3,FXHOOIRPVKKKFG-UHFFFAOYSA-N,"N,N-dimethylethanamide",303.15,0,0,37.72,14.466293335,35.5309250609,inside_domain
Morgan,8,3,GSEJCLTVZPLZKY-UHFFFAOYSA-N,triethanolamine,303.15,3,3,28.11,33.1525115967,8.50333947546,outside_associated_liquid
Morgan,8,3,HPXRVTGHNJAIIH-UHFFFAOYSA-N,cyclohexanol,298.15,1,1,15.71,11.3188962936,6.99300079031,outside_associated_liquid
Morgan,8,3,HXJUTPCZVOIRIF-UHFFFAOYSA-N,sulfolane,298.15,0,0,44,12.8043737411,54.0253899274,inside_domain
Morgan,8,3,LYCAIKOWRPUZTN-UHFFFAOYSA-N,"1,2-ethanediol",303.15,2,2,39.84,22.1112670898,15.3073129364,outside_associated_liquid
Morgan,8,3,LZJIBRSVPKKOSI-UHFFFAOYSA-O,ethanolammonium nitrate,298.15,2,2,60.9,23.6801548004,20.8289438764,outside_associated_liquid
Morgan,8,3,OIFBSDVPJOWBCH-UHFFFAOYSA-N,diethyl carbonate,298.15,0,0,2.834,9.40317249298,1.35579310568,inside_domain
Morgan,8,3,RYHBNJHYFVUHQT-UHFFFAOYSA-N,"1,4-dioxane",298.2,0,0,2.228,16.6526527405,1.10125989107,inside_domain
Morgan,8,3,STCBHSHARMAIOM-UHFFFAOYSA-N,1-methylimidazolium chloride,298.15,0,0,13.8,22.9918708801,31.9681461493,inside_domain
Morgan,8,3,VCAIYEJBOWHUGP-UHFFFAOYSA-N,"1-butyl-2,3-dimethylimidazolium tetrafluoroborate",298.15,0,0,13.3,9.8039150238,2.20117467965,inside_domain
Morgan,8,3,XQQZRZQVBFHBHL-UHFFFAOYSA-N,"1,4,7,10-tetraoxacyclododecane",299.4,0,0,10.76,15.9786090851,11.613237056,inside_domain
Morgan,8,3,ZMXDDKWLCZADIW-UHFFFAOYSA-N,dimethylformamide,302.73,0,0,36.55,12.1446084976,44.913135379,inside_domain
Morgan,8,3,ZPTRYWVRCNOTAS-UHFFFAOYSA-M,1-ethyl-3-methylimidazolium trifluoromethanesulfonate,298.15,0,0,16.5,19.9227180481,17.4010984828,inside_domain
Morgan,8,3,KXKVLQRXCPHEJC-UHFFFAOYSA-N,Methyl acetate,298.15,0,0,6.68,12.7554388046,11.7371732209,inside_domain
Morgan,8,3,WERYXYBDKMZEQL-UHFFFAOYSA-N,"1,4-Butanediol",303.15,2,2,30.2,22.1112670898,11.955624374,outside_associated_liquid
Morgan,8,3,NQPDZGIKBAWPEJ-UHFFFAOYSA-N,Valeric acid,293.15,1,1,2.66,12.3416872025,5.73031614295,outside_associated_liquid
Morgan,8,3,ISPYQTSUDJAMAB-UHFFFAOYSA-N,o-Chlorophenol,298.15,1,1,6.31,9.97726249695,2.71741653544,outside_associated_liquid
Morgan,8,3,LCGLNKUTAGEVQW-UHFFFAOYSA-N,Methyl ether,298.15,0,0,5.02,7.70629739761,8.12045219138,inside_domain
Morgan,8,3,WVDDGKGOMKODPV-UHFFFAOYSA-N,Benzyl alcohol,293.15,1,1,13.1,16.0277957916,5.77594569883,outside_associated_liquid
Morgan,8,3,RLSSMJSEOOYNOY-UHFFFAOYSA-N,m-Cresol,298.15,1,1,11.8,10.017821312,6.72405719621,outside_associated_liquid
Morgan,8,3,RDOXTESZEPMUJZ-UHFFFAOYSA-N,Methoxybenzene (Anisole),298.15,0,0,4.33,6.94195318222,3.78240490407,inside_domain
Morgan,8,3,VGVHNLRUAMRIEW-UHFFFAOYSA-N,4-Methylcyclohexanone,293.15,0,0,12.4,12.5126218796,18.1666231408,inside_domain
Morgan,8,3,NDVWOBYBJYUSMF-UHFFFAOYSA-N,2-Methylcyclohexanol,293.15,1,1,13.3,10.606926918,5.23202446322,outside_associated_liquid
Morgan,8,3,MQWCXKGKQLNYQG-UHFFFAOYSA-N,4-Methylcyclohexanol,293.15,1,1,13.3,10.606926918,4.28546106184,outside_associated_liquid
Morgan,8,3,YWAKXRMUMFPDSH-UHFFFAOYSA-N,1-Pentene,293.15,0,0,2.1,5.05444145203,1.29861209178,inside_domain
Morgan,8,3,MHNNAWXXUZQSNM-UHFFFAOYSA-N,2-Methyl-1-butene,293.15,0,0,2.197,8.14520263672,1.69384086029,inside_domain
Morgan,8,3,ZQDPJFUHLCOCRG-WAYWQWQTSA-N,cis-3-Hexene,298.15,0,0,2.062,6.495429039,1.19258064684,inside_domain
Morgan,8,3,VLKZOEOYAKHREP-UHFFFAOYSA-N,n-Hexane,293.15,0,0,1.89,6.1392493248,1.10385792273,inside_domain
Morgan,8,3,QBELEDRHMPMKHP-UHFFFAOYSA-N,1-Bromo-2-chlorobenzene,293.15,0,0,6.8,7.13459777832,24.1815742763,inside_domain
Morgan,8,3,GETQZCLCWQTVFV-UHFFFAOYSA-N,Trimethylamine,298.15,0,0,2.44,8.35971736908,2.6946634545,inside_domain
Morgan,8,3,LJSQFQKUNVCTIA-UHFFFAOYSA-N,Ethyl sulfide,298.15,0,0,5.72,7.03868198395,10.37513043,inside_domain
Morgan,8,3,ZRKMQKLGEQPLNS-UHFFFAOYSA-N,1-Pentanethiol,298.15,1,1,4.55,6.1392493248,9.12891097269,outside_associated_liquid
Morgan,8,3,BTQZKHUEUDPRST-UHFFFAOYSA-N,m-Fluorotoluene,303.15,0,0,5.42,7.59537410736,10.8674299419,inside_domain
Morgan,8,3,QQONPFPTGQHPMA-UHFFFAOYSA-N,Propene,293.15,0,0,1.875,6.66405725479,1.56210378661,inside_domain
Physical,8,3,AFBPFSWMIHJQDM-UHFFFAOYSA-N,N-methylaniline,300.15,1,1,5.878,8.39220619202,7.11572078225,outside_associated_liquid
Physical,8,3,AMQJEAYHLZJPGS-UHFFFAOYSA-N,pentan-1-ol,298.15,1,1,15.736,12.5046129227,5.16365543529,outside_associated_liquid
Physical,8,3,BDERNNFJNOPAEC-UHFFFAOYSA-N,propan-1-ol,298.15,1,1,21.3,17.6261425018,10.28867817,outside_associated_liquid
Physical,8,3,BKIMMITUMNQMOS-UHFFFAOYSA-N,nonane,298.15,0,0,1.98,1.96636736393,1.10532080108,inside_domain
Physical,8,3,BTNXBLUGMAMSSH-UHFFFAOYSA-N,octanedinitrile,298.15,0,0,25.94,16.6623497009,22.1540981947,inside_domain
Physical,8,3,DNIAPMSPPWPWGF-UHFFFAOYSA-N,"1,2-propanediol",303.15,2,2,27.87,41.710231781,15.9608369814,outside_associated_liquid
Physical,8,3,FRZPYEHDSAQGAS-UHFFFAOYSA-M,1-butyl-3-methylimidazolium trifluoromethanesulfonate,298.15,0,0,12.9,21.9682445526,53.1539772418,inside_domain
Physical,8,3,FXHOOIRPVKKKFG-UHFFFAOYSA-N,"N,N-dimethylethanamide",303.15,0,0,37.72,21.3506660461,35.5309250609,inside_domain
Physical,8,3,GSEJCLTVZPLZKY-UHFFFAOYSA-N,triethanolamine,303.15,3,3,28.11,24.1858272552,8.50333947546,outside_associated_liquid
Physical,8,3,HPXRVTGHNJAIIH-UHFFFAOYSA-N,cyclohexanol,298.15,1,1,15.71,9.53291797638,6.99300079031,outside_associated_liquid
Physical,8,3,HXJUTPCZVOIRIF-UHFFFAOYSA-N,sulfolane,298.15,0,0,44,23.5816383362,54.0253899274,inside_domain
Physical,8,3,LYCAIKOWRPUZTN-UHFFFAOYSA-N,"1,2-ethanediol",303.15,2,2,39.84,57.6888237,15.3073129364,outside_associated_liquid
Physical,8,3,LZJIBRSVPKKOSI-UHFFFAOYSA-O,ethanolammonium nitrate,298.15,2,2,60.9,52.9065132141,20.8289438764,outside_associated_liquid
Physical,8,3,OIFBSDVPJOWBCH-UHFFFAOYSA-N,diethyl carbonate,298.15,0,0,2.834,10.5726232529,1.35579310568,inside_domain
Physical,8,3,RYHBNJHYFVUHQT-UHFFFAOYSA-N,"1,4-dioxane",298.2,0,0,2.228,9.5724773407,1.10125989107,inside_domain
Physical,8,3,STCBHSHARMAIOM-UHFFFAOYSA-N,1-methylimidazolium chloride,298.15,0,0,13.8,19.0066604614,31.9681461493,inside_domain
Physical,8,3,VCAIYEJBOWHUGP-UHFFFAOYSA-N,"1-butyl-2,3-dimethylimidazolium tetrafluoroborate",298.15,0,0,13.3,1.86669456959,2.20117467965,inside_domain
Physical,8,3,XQQZRZQVBFHBHL-UHFFFAOYSA-N,"1,4,7,10-tetraoxacyclododecane",299.4,0,0,10.76,11.1457719803,11.613237056,inside_domain
Physical,8,3,ZMXDDKWLCZADIW-UHFFFAOYSA-N,dimethylformamide,302.73,0,0,36.55,76.8056259155,44.913135379,inside_domain
Physical,8,3,ZPTRYWVRCNOTAS-UHFFFAOYSA-M,1-ethyl-3-methylimidazolium trifluoromethanesulfonate,298.15,0,0,16.5,18.3635940552,17.4010984828,inside_domain
Physical,8,3,KXKVLQRXCPHEJC-UHFFFAOYSA-N,Methyl acetate,298.15,0,0,6.68,27.8281517029,11.7371732209,inside_domain
Physical,8,3,WERYXYBDKMZEQL-UHFFFAOYSA-N,"1,4-Butanediol",303.15,2,2,30.2,18.750038147,11.955624374,outside_associated_liquid
Physical,8,3,NQPDZGIKBAWPEJ-UHFFFAOYSA-N,Valeric acid,293.15,1,1,2.66,12.6716089249,5.73031614295,outside_associated_liquid
Physical,8,3,ISPYQTSUDJAMAB-UHFFFAOYSA-N,o-Chlorophenol,298.15,1,1,6.31,12.2494649887,2.71741653544,outside_associated_liquid
Physical,8,3,LCGLNKUTAGEVQW-UHFFFAOYSA-N,Methyl ether,298.15,0,0,5.02,14.93384552,8.12045219138,inside_domain
Physical,8,3,WVDDGKGOMKODPV-UHFFFAOYSA-N,Benzyl alcohol,293.15,1,1,13.1,12.7328329086,5.77594569883,outside_associated_liquid
Physical,8,3,RLSSMJSEOOYNOY-UHFFFAOYSA-N,m-Cresol,298.15,1,1,11.8,11.6570091248,6.72405719621,outside_associated_liquid
Physical,8,3,RDOXTESZEPMUJZ-UHFFFAOYSA-N,Methoxybenzene (Anisole),298.15,0,0,4.33,3.75320482254,3.78240490407,inside_domain
Physical,8,3,VGVHNLRUAMRIEW-UHFFFAOYSA-N,4-Methylcyclohexanone,293.15,0,0,12.4,12.1119728088,18.1666231408,inside_domain
Physical,8,3,NDVWOBYBJYUSMF-UHFFFAOYSA-N,2-Methylcyclohexanol,293.15,1,1,13.3,10.2604188919,5.23202446322,outside_associated_liquid
Physical,8,3,MQWCXKGKQLNYQG-UHFFFAOYSA-N,4-Methylcyclohexanol,293.15,1,1,13.3,9.39390468597,4.28546106184,outside_associated_liquid
Physical,8,3,YWAKXRMUMFPDSH-UHFFFAOYSA-N,1-Pentene,293.15,0,0,2.1,1.1949249506,1.29861209178,inside_domain
Physical,8,3,MHNNAWXXUZQSNM-UHFFFAOYSA-N,2-Methyl-1-butene,293.15,0,0,2.197,2.27569413185,1.69384086029,inside_domain
Physical,8,3,ZQDPJFUHLCOCRG-WAYWQWQTSA-N,cis-3-Hexene,298.15,0,0,2.062,2.42886209488,1.19258064684,inside_domain
Physical,8,3,VLKZOEOYAKHREP-UHFFFAOYSA-N,n-Hexane,293.15,0,0,1.89,2.64910745621,1.10385792273,inside_domain
Physical,8,3,QBELEDRHMPMKHP-UHFFFAOYSA-N,1-Bromo-2-chlorobenzene,293.15,0,0,6.8,8.01203250885,24.1815742763,inside_domain
Physical,8,3,GETQZCLCWQTVFV-UHFFFAOYSA-N,Trimethylamine,298.15,0,0,2.44,17.6143493652,2.6946634545,inside_domain
Physical,8,3,LJSQFQKUNVCTIA-UHFFFAOYSA-N,Ethyl sulfide,298.15,0,0,5.72,6.40370512009,10.37513043,inside_domain
Physical,8,3,ZRKMQKLGEQPLNS-UHFFFAOYSA-N,1-Pentanethiol,298.15,1,1,4.55,7.78427839279,9.12891097269,outside_associated_liquid
Physical,8,3,BTQZKHUEUDPRST-UHFFFAOYSA-N,m-Fluorotoluene,303.15,0,0,5.42,6.7028131485,10.8674299419,inside_domain
Physical,8,3,QQONPFPTGQHPMA-UHFFFAOYSA-N,Propene,293.15,0,0,1.875,4.00009584427,1.56210378661,inside_domain
Morgan+Physical,8,3,AFBPFSWMIHJQDM-UHFFFAOYSA-N,N-methylaniline,300.15,1,1,5.878,7.99379014969,7.11572078225,outside_associated_liquid
Morgan+Physical,8,3,AMQJEAYHLZJPGS-UHFFFAOYSA-N,pentan-1-ol,298.15,1,1,15.736,12.9829130173,5.16365543529,outside_associated_liquid
Morgan+Physical,8,3,BDERNNFJNOPAEC-UHFFFAOYSA-N,propan-1-ol,298.15,1,1,21.3,15.5436782837,10.28867817,outside_associated_liquid
Morgan+Physical,8,3,BKIMMITUMNQMOS-UHFFFAOYSA-N,nonane,298.15,0,0,1.98,4.05280828476,1.10532080108,inside_domain
Morgan+Physical,8,3,BTNXBLUGMAMSSH-UHFFFAOYSA-N,octanedinitrile,298.15,0,0,25.94,22.9939517975,22.1540981947,inside_domain
Morgan+Physical,8,3,DNIAPMSPPWPWGF-UHFFFAOYSA-N,"1,2-propanediol",303.15,2,2,27.87,32.9334602356,15.9608369814,outside_associated_liquid
Morgan+Physical,8,3,FRZPYEHDSAQGAS-UHFFFAOYSA-M,1-butyl-3-methylimidazolium trifluoromethanesulfonate,298.15,0,0,12.9,20.1915779114,53.1539772418,inside_domain
Morgan+Physical,8,3,FXHOOIRPVKKKFG-UHFFFAOYSA-N,"N,N-dimethylethanamide",303.15,0,0,37.72,17.9084796906,35.5309250609,inside_domain
Morgan+Physical,8,3,GSEJCLTVZPLZKY-UHFFFAOYSA-N,triethanolamine,303.15,3,3,28.11,28.6691703796,8.50333947546,outside_associated_liquid
Morgan+Physical,8,3,HPXRVTGHNJAIIH-UHFFFAOYSA-N,cyclohexanol,298.15,1,1,15.71,10.425907135,6.99300079031,outside_associated_liquid
Morgan+Physical,8,3,HXJUTPCZVOIRIF-UHFFFAOYSA-N,sulfolane,298.15,0,0,44,18.1930065155,54.0253899274,inside_domain
Morgan+Physical,8,3,LYCAIKOWRPUZTN-UHFFFAOYSA-N,"1,2-ethanediol",303.15,2,2,39.84,39.9000473022,15.3073129364,outside_associated_liquid
Morgan+Physical,8,3,LZJIBRSVPKKOSI-UHFFFAOYSA-O,ethanolammonium nitrate,298.15,2,2,60.9,38.2933349609,20.8289438764,outside_associated_liquid
Morgan+Physical,8,3,OIFBSDVPJOWBCH-UHFFFAOYSA-N,diethyl carbonate,298.15,0,0,2.834,9.98789787292,1.35579310568,inside_domain
Morgan+Physical,8,3,RYHBNJHYFVUHQT-UHFFFAOYSA-N,"1,4-dioxane",298.2,0,0,2.228,13.1125650406,1.10125989107,inside_domain
Morgan+Physical,8,3,STCBHSHARMAIOM-UHFFFAOYSA-N,1-methylimidazolium chloride,298.15,0,0,13.8,20.9992656708,31.9681461493,inside_domain
Morgan+Physical,8,3,VCAIYEJBOWHUGP-UHFFFAOYSA-N,"1-butyl-2,3-dimethylimidazolium tetrafluoroborate",298.15,0,0,13.3,5.83530473709,2.20117467965,inside_domain
Morgan+Physical,8,3,XQQZRZQVBFHBHL-UHFFFAOYSA-N,"1,4,7,10-tetraoxacyclododecane",299.4,0,0,10.76,13.5621910095,11.613237056,inside_domain
Morgan+Physical,8,3,ZMXDDKWLCZADIW-UHFFFAOYSA-N,dimethylformamide,302.73,0,0,36.55,44.4751167297,44.913135379,inside_domain
Morgan+Physical,8,3,ZPTRYWVRCNOTAS-UHFFFAOYSA-M,1-ethyl-3-methylimidazolium trifluoromethanesulfonate,298.15,0,0,16.5,19.1431560516,17.4010984828,inside_domain
Morgan+Physical,8,3,KXKVLQRXCPHEJC-UHFFFAOYSA-N,Methyl acetate,298.15,0,0,6.68,20.2917957306,11.7371732209,inside_domain
Morgan+Physical,8,3,WERYXYBDKMZEQL-UHFFFAOYSA-N,"1,4-Butanediol",303.15,2,2,30.2,20.4306526184,11.955624374,outside_associated_liquid
Morgan+Physical,8,3,NQPDZGIKBAWPEJ-UHFFFAOYSA-N,Valeric acid,293.15,1,1,2.66,12.5066480637,5.73031614295,outside_associated_liquid
Morgan+Physical,8,3,ISPYQTSUDJAMAB-UHFFFAOYSA-N,o-Chlorophenol,298.15,1,1,6.31,11.113363266,2.71741653544,outside_associated_liquid
Morgan+Physical,8,3,LCGLNKUTAGEVQW-UHFFFAOYSA-N,Methyl ether,298.15,0,0,5.02,11.3200712204,8.12045219138,inside_domain
Morgan+Physical,8,3,WVDDGKGOMKODPV-UHFFFAOYSA-N,Benzyl alcohol,293.15,1,1,13.1,14.3803138733,5.77594569883,outside_associated_liquid
Morgan+Physical,8,3,RLSSMJSEOOYNOY-UHFFFAOYSA-N,m-Cresol,298.15,1,1,11.8,10.8374156952,6.72405719621,outside_associated_liquid
Morgan+Physical,8,3,RDOXTESZEPMUJZ-UHFFFAOYSA-N,Methoxybenzene (Anisole),298.15,0,0,4.33,5.34757900238,3.78240490407,inside_domain
Morgan+Physical,8,3,VGVHNLRUAMRIEW-UHFFFAOYSA-N,4-Methylcyclohexanone,293.15,0,0,12.4,12.312297821,18.1666231408,inside_domain
Morgan+Physical,8,3,NDVWOBYBJYUSMF-UHFFFAOYSA-N,2-Methylcyclohexanol,293.15,1,1,13.3,10.433672905,5.23202446322,outside_associated_liquid
Morgan+Physical,8,3,MQWCXKGKQLNYQG-UHFFFAOYSA-N,4-Methylcyclohexanol,293.15,1,1,13.3,10.000415802,4.28546106184,outside_associated_liquid
Morgan+Physical,8,3,YWAKXRMUMFPDSH-UHFFFAOYSA-N,1-Pentene,293.15,0,0,2.1,3.12468314171,1.29861209178,inside_domain
Morgan+Physical,8,3,MHNNAWXXUZQSNM-UHFFFAOYSA-N,2-Methyl-1-butene,293.15,0,0,2.197,5.21044826508,1.69384086029,inside_domain
Morgan+Physical,8,3,ZQDPJFUHLCOCRG-WAYWQWQTSA-N,cis-3-Hexene,298.15,0,0,2.062,4.46214580536,1.19258064684,inside_domain
Morgan+Physical,8,3,VLKZOEOYAKHREP-UHFFFAOYSA-N,n-Hexane,293.15,0,0,1.89,4.3941783905,1.10385792273,inside_domain
Morgan+Physical,8,3,QBELEDRHMPMKHP-UHFFFAOYSA-N,1-Bromo-2-chlorobenzene,293.15,0,0,6.8,7.57331514359,24.1815742763,inside_domain
Morgan+Physical,8,3,GETQZCLCWQTVFV-UHFFFAOYSA-N,Trimethylamine,298.15,0,0,2.44,12.987033844,2.6946634545,inside_domain
Morgan+Physical,8,3,LJSQFQKUNVCTIA-UHFFFAOYSA-N,Ethyl sulfide,298.15,0,0,5.72,6.7211933136,10.37513043,inside_domain
Morgan+Physical,8,3,ZRKMQKLGEQPLNS-UHFFFAOYSA-N,1-Pentanethiol,298.15,1,1,4.55,6.9617638588,9.12891097269,outside_associated_liquid
Morgan+Physical,8,3,BTQZKHUEUDPRST-UHFFFAOYSA-N,m-Fluorotoluene,303.15,0,0,5.42,7.14909362793,10.8674299419,inside_domain
Morgan+Physical,8,3,QQONPFPTGQHPMA-UHFFFAOYSA-N,Propene,293.15,0,0,1.875,5.33207654953,1.56210378661,inside_domain
Morgan,8,4,BAPJBEWLBFYGME-UHFFFAOYSA-N,methyl propenoate,298.15,0,0,7.021,12.1165590286,7.29190026496,inside_domain
Morgan,8,4,BGTOWKSIORTVQH-UHFFFAOYSA-N,cyclopentanone,298.15,0,0,13.505,22.0411071777,20.9054049662,inside_domain
Morgan,8,4,CGZZMOTZOONQIA-UHFFFAOYSA-N,cycloheptanone,298.15,0,0,12.92,22.0411071777,15.0978362101,inside_domain
Morgan,8,4,CQEYYJKEWSMYFG-UHFFFAOYSA-N,butyl 2-propenoate,298.15,0,0,5.31,5.53872442245,8.81943541722,inside_domain
Morgan,8,4,FYIRUPZTYPILDH-UHFFFAOYSA-N,"1,1,1,2,3,3-hexafluoropropane",302.85,0,0,5.3105,12.6416320801,14.0370858022,inside_domain
Morgan,8,4,HQWOEDCLDNFWEV-UHFFFAOYSA-M,1-ethyl-3-methylimidazolium diethyl phosphate,298.15,0,0,16.9,20.5654964447,96.6466343683,inside_domain
Morgan,8,4,HZKDSQCZNUUQIF-UHFFFAOYSA-M,1-ethyl-3-methylimidazolium hydrogen sulfate,298.15,1,1,18.4,23.4405860901,15.1917971963,outside_associated_liquid
Morgan,8,4,IIRFCWANHMSDCG-UHFFFAOYSA-N,cyclooctanone,300.65,0,0,14.38,22.0411071777,13.5668987419,inside_domain
Morgan,8,4,IMNFDUFMRHMDMM-UHFFFAOYSA-N,heptane,298.15,0,0,1.93,5.59076929092,1.10583566295,inside_domain
Morgan,8,4,KLTUZFZUYLXTFF-UHFFFAOYSA-N,1-(2-hydroxyethyl)-3-methylimidazolium tetrafluoroborate,298.15,1,1,23.3,20.5189685822,82.1073071673,outside_associated_liquid
Morgan,8,4,MWKFXSUHUHTGQN-UHFFFAOYSA-N,decan-1-ol,298.15,1,1,7.74,14.6073722839,3.3156322585,outside_associated_liquid
Morgan,8,4,QTBSBXVTEAMEQO-UHFFFAOYSA-N,acetic acid,293.15,1,1,6.15,24.7570266724,12.6069173441,outside_associated_liquid
Morgan,8,4,VVLAIYIMMFWRFW-UHFFFAOYSA-N,2-hydroxyethylammonium acetate,298.15,3,3,58.3,43.8777351379,4.76933191054,outside_associated_liquid
Morgan,8,4,XDTMQSROBMDMFD-UHFFFAOYSA-N,cyclohexane,298.15,0,0,2.02,12.3307495117,1.10684113993,inside_domain
Morgan,8,4,YEYKMVJDLWJFOA-UHFFFAOYSA-N,2-propoxyethanol,298.15,1,1,11.5,12.9822206497,11.5122504605,outside_associated_liquid
Morgan,8,4,IYXGSMUGOJNHAZ-UHFFFAOYSA-N,Diethyl malonate,298.15,0,0,8.03,9.89787769318,9.74006290335,inside_domain
Morgan,8,4,FDPIMTJIUBPUKL-UHFFFAOYSA-N,3-Pentanone,293.15,0,0,17,13.9968719482,20.6156153797,inside_domain
Morgan,8,4,NVJBFARDFTXOTO-UHFFFAOYSA-N,Ethyl sulfite,293.15,0,0,15.9,15.7366943359,15.9704051889,inside_domain
Morgan,8,4,WFCLYEAZTHWNEH-UHFFFAOYSA-N,Ethyl thiocyanate,294.15,0,0,29.3,23.1463088989,32.9129822647,inside_domain
Morgan,8,4,YPFDHNVEDLHUCE-UHFFFAOYSA-N,"1,3-Propanediol",293.15,2,2,35,25.9333820343,1.44673551362,outside_associated_liquid
Morgan,8,4,FERIUCNNQQJTOY-UHFFFAOYSA-N,Butyric acid,293.15,1,1,2.97,19.8695793152,7.21717286495,outside_associated_liquid
Morgan,8,4,GWYFCOCPABKNJV-UHFFFAOYSA-N,Isovaleric acid,293.15,1,1,2.64,24.8413982391,5.90016995209,outside_associated_liquid
Morgan,8,4,WEVYAHXRMPXWCK-UHFFFAOYSA-N,Acetonitrile,293.15,0,0,37.5,27.8293609619,53.5642531651,inside_domain
Morgan,8,4,ZWEHNKRNPOVVGH-UHFFFAOYSA-N,2-Butanone,293.15,0,0,18.51,13.6837749481,22.1880711838,inside_domain
Morgan,8,4,POLCUAVZOMRGSN-UHFFFAOYSA-N,Propyl ether,299.15,0,0,3.39,4.52394962311,3.4892418063,inside_domain
Morgan,8,4,ZAFNJMIOTHYJRJ-UHFFFAOYSA-N,Isopropyl ether,298.15,0,0,3.88,6.9124121666,2.80531678598,inside_domain
Morgan,8,4,QWVGKYWNOKOFNN-UHFFFAOYSA-N,o-Cresol,298.15,1,1,11.5,8.60209083557,6.74466929489,outside_associated_liquid
Morgan,8,4,UJBOOUHRTQVGRU-UHFFFAOYSA-N,3-Methylcyclohexanone,293.15,0,0,12.4,19.239654541,17.8915575672,inside_domain
Morgan,8,4,QGJOPFRUJISHPQ-UHFFFAOYSA-N,Carbon disulfide,293.15,0,0,2.641,13.2754764557,1.14604082971,inside_domain
Morgan,8,4,OFBQJSOFQDEBGM-UHFFFAOYSA-N,n-Pentane,293.15,0,0,1.844,5.59076929092,1.1048859414,inside_domain
Morgan,8,4,HGCIXCUEYOPUTN-UHFFFAOYSA-N,Cyclohexene,298.15,0,0,2.22,11.7768936157,1.24380093714,inside_domain
Morgan,8,4,ZQDPJFUHLCOCRG-AATRIKPKSA-N,trans-3-Hexene,298.15,0,0,2,6.32965707779,1.10808604929,inside_domain
Morgan,8,4,JRGGUPZKKTVKOV-UHFFFAOYSA-N,1-Bromo-3-chlorobenzene,293.15,0,0,4.58,8.19270706177,13.6465698801,inside_domain
Morgan,8,4,WQONPSCCEXUXTQ-UHFFFAOYSA-N,o-Dibromobenzene,293.15,0,0,7.35,8.94647216797,35.3981532236,inside_domain
Morgan,8,4,ZPQOPVIELGIULI-UHFFFAOYSA-N,m-Dichlorobenzene,298.15,0,0,5.04,5.46877241135,4.80631156245,inside_domain
Morgan,8,4,SFPQFQUXAJOWNF-UHFFFAOYSA-N,m-Diiodobenzene,298.15,0,0,4.25,8.94647216797,13.6499299113,inside_domain
Morgan,8,4,ROSDSFDQCJNGOL-UHFFFAOYSA-N,Dimethylamine,298.15,1,1,5.26,9.11996078491,4.58015414622,outside_associated_liquid
Morgan,8,4,QARVLSVVCXYDNA-UHFFFAOYSA-N,Bromobenzene,298.15,0,0,5.4,8.94647216797,21.0611689365,inside_domain
Morgan,8,4,PAYRUJLWNCNPSJ-UHFFFAOYSA-N,Aniline,293.15,1,1,6.89,9.4637298584,7.45516883493,outside_associated_liquid
Morgan,8,4,ZMANZCXQSJIPKH-UHFFFAOYSA-N,Triethylamine,298.15,0,0,2.42,10.1231365204,1.58318603892,inside_domain
Morgan,8,4,IBSQPLPBRSHTTG-UHFFFAOYSA-N,o-Chlorotoluene,293.15,0,0,4.45,5.85669517517,4.30209983232,inside_domain
Physical,8,4,BAPJBEWLBFYGME-UHFFFAOYSA-N,methyl propenoate,298.15,0,0,7.021,11.1637363434,7.29190026496,inside_domain
Physical,8,4,BGTOWKSIORTVQH-UHFFFAOYSA-N,cyclopentanone,298.15,0,0,13.505,15.1087760925,20.9054049662,inside_domain
Physical,8,4,CGZZMOTZOONQIA-UHFFFAOYSA-N,cycloheptanone,298.15,0,0,12.92,8.59139919281,15.0978362101,inside_domain
Physical,8,4,CQEYYJKEWSMYFG-UHFFFAOYSA-N,butyl 2-propenoate,298.15,0,0,5.31,8.16219043732,8.81943541722,inside_domain
Physical,8,4,FYIRUPZTYPILDH-UHFFFAOYSA-N,"1,1,1,2,3,3-hexafluoropropane",302.85,0,0,5.3105,2.7578125,14.0370858022,inside_domain
Physical,8,4,HQWOEDCLDNFWEV-UHFFFAOYSA-M,1-ethyl-3-methylimidazolium diethyl phosphate,298.15,0,0,16.9,23.1878185272,96.6466343683,inside_domain
Physical,8,4,HZKDSQCZNUUQIF-UHFFFAOYSA-M,1-ethyl-3-methylimidazolium hydrogen sulfate,298.15,1,1,18.4,22.4350738525,15.1917971963,outside_associated_liquid
Physical,8,4,IIRFCWANHMSDCG-UHFFFAOYSA-N,cyclooctanone,300.65,0,0,14.38,7.81720590591,13.5668987419,inside_domain
Physical,8,4,IMNFDUFMRHMDMM-UHFFFAOYSA-N,heptane,298.15,0,0,1.93,2.26410198212,1.10583566295,inside_domain
Physical,8,4,KLTUZFZUYLXTFF-UHFFFAOYSA-N,1-(2-hydroxyethyl)-3-methylimidazolium tetrafluoroborate,298.15,1,1,23.3,28.3349266052,82.1073071673,outside_associated_liquid
Physical,8,4,MWKFXSUHUHTGQN-UHFFFAOYSA-N,decan-1-ol,298.15,1,1,7.74,9.77119541168,3.3156322585,outside_associated_liquid
Physical,8,4,QTBSBXVTEAMEQO-UHFFFAOYSA-N,acetic acid,293.15,1,1,6.15,37.4594078064,12.6069173441,outside_associated_liquid
Physical,8,4,VVLAIYIMMFWRFW-UHFFFAOYSA-N,2-hydroxyethylammonium acetate,298.15,3,3,58.3,38.9241828918,4.76933191054,outside_associated_liquid
Physical,8,4,XDTMQSROBMDMFD-UHFFFAOYSA-N,cyclohexane,298.15,0,0,2.02,2.62944865227,1.10684113993,inside_domain
Physical,8,4,YEYKMVJDLWJFOA-UHFFFAOYSA-N,2-propoxyethanol,298.15,1,1,11.5,12.8424806595,11.5122504605,outside_associated_liquid
Physical,8,4,IYXGSMUGOJNHAZ-UHFFFAOYSA-N,Diethyl malonate,298.15,0,0,8.03,12.79870224,9.74006290335,inside_domain
Physical,8,4,FDPIMTJIUBPUKL-UHFFFAOYSA-N,3-Pentanone,293.15,0,0,17,12.9557743073,20.6156153797,inside_domain
Physical,8,4,NVJBFARDFTXOTO-UHFFFAOYSA-N,Ethyl sulfite,293.15,0,0,15.9,16.9783840179,15.9704051889,inside_domain
Physical,8,4,WFCLYEAZTHWNEH-UHFFFAOYSA-N,Ethyl thiocyanate,294.15,0,0,29.3,32.896774292,32.9129822647,inside_domain
Physical,8,4,YPFDHNVEDLHUCE-UHFFFAOYSA-N,"1,3-Propanediol",293.15,2,2,35,18.3340854645,1.44673551362,outside_associated_liquid
Physical,8,4,FERIUCNNQQJTOY-UHFFFAOYSA-N,Butyric acid,293.15,1,1,2.97,23.5060939789,7.21717286495,outside_associated_liquid
Physical,8,4,GWYFCOCPABKNJV-UHFFFAOYSA-N,Isovaleric acid,293.15,1,1,2.64,19.5255088806,5.90016995209,outside_associated_liquid
Physical,8,4,WEVYAHXRMPXWCK-UHFFFAOYSA-N,Acetonitrile,293.15,0,0,37.5,47.0967979431,53.5642531651,inside_domain
Physical,8,4,ZWEHNKRNPOVVGH-UHFFFAOYSA-N,2-Butanone,293.15,0,0,18.51,18.8638687134,22.1880711838,inside_domain
Physical,8,4,POLCUAVZOMRGSN-UHFFFAOYSA-N,Propyl ether,299.15,0,0,3.39,4.36087179184,3.4892418063,inside_domain
Physical,8,4,ZAFNJMIOTHYJRJ-UHFFFAOYSA-N,Isopropyl ether,298.15,0,0,3.88,2.71912717819,2.80531678598,inside_domain
Physical,8,4,QWVGKYWNOKOFNN-UHFFFAOYSA-N,o-Cresol,298.15,1,1,11.5,14.5714788437,6.74466929489,outside_associated_liquid
Physical,8,4,UJBOOUHRTQVGRU-UHFFFAOYSA-N,3-Methylcyclohexanone,293.15,0,0,12.4,11.3245820999,17.8915575672,inside_domain
Physical,8,4,QGJOPFRUJISHPQ-UHFFFAOYSA-N,Carbon disulfide,293.15,0,0,2.641,11.1475915909,1.14604082971,inside_domain
Physical,8,4,OFBQJSOFQDEBGM-UHFFFAOYSA-N,n-Pentane,293.15,0,0,1.844,2.65997123718,1.1048859414,inside_domain
Physical,8,4,HGCIXCUEYOPUTN-UHFFFAOYSA-N,Cyclohexene,298.15,0,0,2.22,1.65562403202,1.24380093714,inside_domain
Physical,8,4,ZQDPJFUHLCOCRG-AATRIKPKSA-N,trans-3-Hexene,298.15,0,0,2,1.86831557751,1.10808604929,inside_domain
Physical,8,4,JRGGUPZKKTVKOV-UHFFFAOYSA-N,1-Bromo-3-chlorobenzene,293.15,0,0,4.58,4.73455047607,13.6465698801,inside_domain
Physical,8,4,WQONPSCCEXUXTQ-UHFFFAOYSA-N,o-Dibromobenzene,293.15,0,0,7.35,17.4304637909,35.3981532236,inside_domain
Physical,8,4,ZPQOPVIELGIULI-UHFFFAOYSA-N,m-Dichlorobenzene,298.15,0,0,5.04,3.45481872559,4.80631156245,inside_domain
Physical,8,4,SFPQFQUXAJOWNF-UHFFFAOYSA-N,m-Diiodobenzene,298.15,0,0,4.25,4.31974458694,13.6499299113,inside_domain
Physical,8,4,ROSDSFDQCJNGOL-UHFFFAOYSA-N,Dimethylamine,298.15,1,1,5.26,7.47481298447,4.58015414622,outside_associated_liquid
Physical,8,4,QARVLSVVCXYDNA-UHFFFAOYSA-N,Bromobenzene,298.15,0,0,5.4,7.91302871704,21.0611689365,inside_domain
Physical,8,4,PAYRUJLWNCNPSJ-UHFFFAOYSA-N,Aniline,293.15,1,1,6.89,16.1468677521,7.45516883493,outside_associated_liquid
Physical,8,4,ZMANZCXQSJIPKH-UHFFFAOYSA-N,Triethylamine,298.15,0,0,2.42,1.95621550083,1.58318603892,inside_domain
Physical,8,4,IBSQPLPBRSHTTG-UHFFFAOYSA-N,o-Chlorotoluene,293.15,0,0,4.45,4.13917016983,4.30209983232,inside_domain
Morgan+Physical,8,4,BAPJBEWLBFYGME-UHFFFAOYSA-N,methyl propenoate,298.15,0,0,7.021,11.6401481628,7.29190026496,inside_domain
Morgan+Physical,8,4,BGTOWKSIORTVQH-UHFFFAOYSA-N,cyclopentanone,298.15,0,0,13.505,18.5749416351,20.9054049662,inside_domain
Morgan+Physical,8,4,CGZZMOTZOONQIA-UHFFFAOYSA-N,cycloheptanone,298.15,0,0,12.92,15.3162536621,15.0978362101,inside_domain
Morgan+Physical,8,4,CQEYYJKEWSMYFG-UHFFFAOYSA-N,butyl 2-propenoate,298.15,0,0,5.31,6.85045719147,8.81943541722,inside_domain
Morgan+Physical,8,4,FYIRUPZTYPILDH-UHFFFAOYSA-N,"1,1,1,2,3,3-hexafluoropropane",302.85,0,0,5.3105,7.69972229004,14.0370858022,inside_domain
Morgan+Physical,8,4,HQWOEDCLDNFWEV-UHFFFAOYSA-M,1-ethyl-3-methylimidazolium diethyl phosphate,298.15,0,0,16.9,21.876657486,96.6466343683,inside_domain
Morgan+Physical,8,4,HZKDSQCZNUUQIF-UHFFFAOYSA-M,1-ethyl-3-methylimidazolium hydrogen sulfate,298.15,1,1,18.4,22.9378299713,15.1917971963,outside_associated_liquid
Morgan+Physical,8,4,IIRFCWANHMSDCG-UHFFFAOYSA-N,cyclooctanone,300.65,0,0,14.38,14.9291563034,13.5668987419,inside_domain
Morgan+Physical,8,4,IMNFDUFMRHMDMM-UHFFFAOYSA-N,heptane,298.15,0,0,1.93,3.92743563652,1.10583566295,inside_domain
Morgan+Physical,8,4,KLTUZFZUYLXTFF-UHFFFAOYSA-N,1-(2-hydroxyethyl)-3-methylimidazolium tetrafluoroborate,298.15,1,1,23.3,24.4269485474,82.1073071673,outside_associated_liquid
Morgan+Physical,8,4,MWKFXSUHUHTGQN-UHFFFAOYSA-N,decan-1-ol,298.15,1,1,7.74,12.189283371,3.3156322585,outside_associated_liquid
Morgan+Physical,8,4,QTBSBXVTEAMEQO-UHFFFAOYSA-N,acetic acid,293.15,1,1,6.15,31.1082172394,12.6069173441,outside_associated_liquid
Morgan+Physical,8,4,VVLAIYIMMFWRFW-UHFFFAOYSA-N,2-hydroxyethylammonium acetate,298.15,3,3,58.3,41.4009590149,4.76933191054,outside_associated_liquid
Morgan+Physical,8,4,XDTMQSROBMDMFD-UHFFFAOYSA-N,cyclohexane,298.15,0,0,2.02,7.4800992012,1.10684113993,inside_domain
Morgan+Physical,8,4,YEYKMVJDLWJFOA-UHFFFAOYSA-N,2-propoxyethanol,298.15,1,1,11.5,12.9123506546,11.5122504605,outside_associated_liquid
Morgan+Physical,8,4,IYXGSMUGOJNHAZ-UHFFFAOYSA-N,Diethyl malonate,298.15,0,0,8.03,11.3482894897,9.74006290335,inside_domain
Morgan+Physical,8,4,FDPIMTJIUBPUKL-UHFFFAOYSA-N,3-Pentanone,293.15,0,0,17,13.4763231277,20.6156153797,inside_domain
Morgan+Physical,8,4,NVJBFARDFTXOTO-UHFFFAOYSA-N,Ethyl sulfite,293.15,0,0,15.9,16.3575401306,15.9704051889,inside_domain
Morgan+Physical,8,4,WFCLYEAZTHWNEH-UHFFFAOYSA-N,Ethyl thiocyanate,294.15,0,0,29.3,28.0215415955,32.9129822647,inside_domain
Morgan+Physical,8,4,YPFDHNVEDLHUCE-UHFFFAOYSA-N,"1,3-Propanediol",293.15,2,2,35,22.1337337494,1.44673551362,outside_associated_liquid
Morgan+Physical,8,4,FERIUCNNQQJTOY-UHFFFAOYSA-N,Butyric acid,293.15,1,1,2.97,21.6878356934,7.21717286495,outside_associated_liquid
Morgan+Physical,8,4,GWYFCOCPABKNJV-UHFFFAOYSA-N,Isovaleric acid,293.15,1,1,2.64,22.1834526062,5.90016995209,outside_associated_liquid
Morgan+Physical,8,4,WEVYAHXRMPXWCK-UHFFFAOYSA-N,Acetonitrile,293.15,0,0,37.5,37.4630813599,53.5642531651,inside_domain
Morgan+Physical,8,4,ZWEHNKRNPOVVGH-UHFFFAOYSA-N,2-Butanone,293.15,0,0,18.51,16.2738227844,22.1880711838,inside_domain
Morgan+Physical,8,4,POLCUAVZOMRGSN-UHFFFAOYSA-N,Propyl ether,299.15,0,0,3.39,4.44241046906,3.4892418063,inside_domain
Morgan+Physical,8,4,ZAFNJMIOTHYJRJ-UHFFFAOYSA-N,Isopropyl ether,298.15,0,0,3.88,4.81576967239,2.80531678598,inside_domain
Morgan+Physical,8,4,QWVGKYWNOKOFNN-UHFFFAOYSA-N,o-Cresol,298.15,1,1,11.5,11.5867843628,6.74466929489,outside_associated_liquid
Morgan+Physical,8,4,UJBOOUHRTQVGRU-UHFFFAOYSA-N,3-Methylcyclohexanone,293.15,0,0,12.4,15.2821178436,17.8915575672,inside_domain
Morgan+Physical,8,4,QGJOPFRUJISHPQ-UHFFFAOYSA-N,Carbon disulfide,293.15,0,0,2.641,12.2115345001,1.14604082971,inside_domain
Morgan+Physical,8,4,OFBQJSOFQDEBGM-UHFFFAOYSA-N,n-Pentane,293.15,0,0,1.844,4.12537002563,1.1048859414,inside_domain
Morgan+Physical,8,4,HGCIXCUEYOPUTN-UHFFFAOYSA-N,Cyclohexene,298.15,0,0,2.22,6.71625900269,1.24380093714,inside_domain
Morgan+Physical,8,4,ZQDPJFUHLCOCRG-AATRIKPKSA-N,trans-3-Hexene,298.15,0,0,2,4.09898614883,1.10808604929,inside_domain
Morgan+Physical,8,4,JRGGUPZKKTVKOV-UHFFFAOYSA-N,1-Bromo-3-chlorobenzene,293.15,0,0,4.58,6.46362876892,13.6465698801,inside_domain
Morgan+Physical,8,4,WQONPSCCEXUXTQ-UHFFFAOYSA-N,o-Dibromobenzene,293.15,0,0,7.35,13.1884679794,35.3981532236,inside_domain
Morgan+Physical,8,4,ZPQOPVIELGIULI-UHFFFAOYSA-N,m-Dichlorobenzene,298.15,0,0,5.04,4.46179580688,4.80631156245,inside_domain
Morgan+Physical,8,4,SFPQFQUXAJOWNF-UHFFFAOYSA-N,m-Diiodobenzene,298.15,0,0,4.25,6.63310813904,13.6499299113,inside_domain
Morgan+Physical,8,4,ROSDSFDQCJNGOL-UHFFFAOYSA-N,Dimethylamine,298.15,1,1,5.26,8.29738712311,4.58015414622,outside_associated_liquid
Morgan+Physical,8,4,QARVLSVVCXYDNA-UHFFFAOYSA-N,Bromobenzene,298.15,0,0,5.4,8.4297504425,21.0611689365,inside_domain
Morgan+Physical,8,4,PAYRUJLWNCNPSJ-UHFFFAOYSA-N,Aniline,293.15,1,1,6.89,12.8052988052,7.45516883493,outside_associated_liquid
Morgan+Physical,8,4,ZMANZCXQSJIPKH-UHFFFAOYSA-N,Triethylamine,298.15,0,0,2.42,6.03967618942,1.58318603892,inside_domain
Morgan+Physical,8,4,IBSQPLPBRSHTTG-UHFFFAOYSA-N,o-Chlorotoluene,293.15,0,0,4.45,4.99793243408,4.30209983232,inside_domain
Morgan,9,0,AMQJEAYHLZJPGS-UHFFFAOYSA-N,pentan-1-ol,298.15,1,1,15.736,14.5194606781,5.16365543529,outside_associated_liquid
Morgan,9,0,BGTOWKSIORTVQH-UHFFFAOYSA-N,cyclopentanone,298.15,0,0,13.505,12.2023010254,20.9054049662,inside_domain
Morgan,9,0,BMRWNKZVCUKKSR-UHFFFAOYSA-N,"1,2-butanediol",298.2,2,2,22.143,21.3387832642,13.5953058324,outside_associated_liquid
Morgan,9,0,BTGRAWJCKBQKAO-UHFFFAOYSA-N,hexanedinitrile,298.15,0,0,32.12,30.0452880859,46.5421430104,inside_domain
Morgan,9,0,CBTVGIZVANVGBH-UHFFFAOYSA-N,2-amino-2-methylpropan-1-ol,303.15,2,2,20.59,21.4568748474,3.826071455,outside_associated_liquid
Morgan,9,0,CQEYYJKEWSMYFG-UHFFFAOYSA-N,butyl 2-propenoate,298.15,0,0,5.31,7.35779619217,8.81943541722,inside_domain
Morgan,9,0,DKGAVHZHDRPRBM-UHFFFAOYSA-N,2-methylpropan-2-ol,298.15,1,1,12.49,10.4337711334,6.90436439321,outside_associated_liquid
Morgan,9,0,DURPTKYDGMDSBL-UHFFFAOYSA-N,dibutyl ether,298.15,0,0,3.106,5.6159954071,2.81657790905,inside_domain
Morgan,9,0,HPXRVTGHNJAIIH-UHFFFAOYSA-N,cyclohexanol,298.15,1,1,15.71,12.0516443253,6.99300079031,outside_associated_liquid
Morgan,9,0,HXJUTPCZVOIRIF-UHFFFAOYSA-N,sulfolane,298.15,0,0,44,12.2023010254,54.0253899274,inside_domain
Morgan,9,0,IAZDPXIOMUYVGZ-UHFFFAOYSA-N,dimethyl sulfoxide,298,0,0,46.05,10.5844278336,39.3405912447,inside_domain
Morgan,9,0,JYPJLAPMBJKRDG-UHFFFAOYSA-M,1-ethyl-3-methylimidazolium butylsulfonate,298.15,0,0,30,18.5736312866,153.401832604,inside_domain
Morgan,9,0,LYCAIKOWRPUZTN-UHFFFAOYSA-N,"1,2-ethanediol",303.15,2,2,39.84,23.4350719452,15.3073129364,outside_associated_liquid
Morgan,9,0,MCTWTZJPVLRJOU-UHFFFAOYSA-N,1-methylimidazole,298,0,0,39.78,8.15009307861,38.1478273189,inside_domain
Morgan,9,0,OKKJLVBELUTLKV-UHFFFAOYSA-N,methanol,298.15,1,1,33.6,10.4337711334,16.5823957018,outside_associated_liquid
Morgan,9,0,SIXHYMZEOJSYQH-UHFFFAOYSA-M,1-butyl-3-methylimidazolium thiocyanate,298.15,0,0,13.7,29.2719116211,27.3242655698,inside_domain
Morgan,9,0,TVMXDCGIABBOFY-UHFFFAOYSA-N,octane,298.15,0,0,1.961,5.62753534317,1.1076211483,inside_domain
Morgan,9,0,UEEJHVSXFDXPFK-UHFFFAOYSA-N,"2-(N,N-dimethylamino)ethanol",303.15,1,1,17.18,18.5829181671,2.86613042866,outside_associated_liquid
Morgan,9,0,VCAIYEJBOWHUGP-UHFFFAOYSA-N,"1-butyl-2,3-dimethylimidazolium tetrafluoroborate",298.15,0,0,13.3,8.40723133087,2.20117467965,inside_domain
Morgan,9,0,XQQZRZQVBFHBHL-UHFFFAOYSA-N,"1,4,7,10-tetraoxacyclododecane",299.4,0,0,10.76,8.1678352356,11.613237056,inside_domain
Morgan,9,0,XTHFKEDIFFGKHM-UHFFFAOYSA-N,"1,2-dimethoxyethane",298.15,0,0,7.0695,6.25708818436,5.4993455063,inside_domain
Morgan,9,0,YEJRWHAVMIAJKC-UHFFFAOYSA-N,.gamma.-butyrolactone,295.65,0,0,41.99,12.2023010254,50.6116986269,inside_domain
Morgan,9,0,ZMXDDKWLCZADIW-UHFFFAOYSA-N,dimethylformamide,302.73,0,0,36.55,10.5844278336,44.913135379,inside_domain
Morgan,9,0,NTIZESTWPVYFNL-UHFFFAOYSA-N,4-Methyl-2-pentanone,293.15,0,0,13.11,14.1362333298,14.6513704727,inside_domain
Morgan,9,0,WERYXYBDKMZEQL-UHFFFAOYSA-N,"1,4-Butanediol",303.15,2,2,30.2,22.732460022,11.955624374,outside_associated_liquid
Morgan,9,0,SVTBMSDMJJWYQN-UHFFFAOYSA-N,"2-Methyl-2,4-pentanediol",303.15,2,2,24.4,17.6402435303,19.5363125491,outside_associated_liquid
Morgan,9,0,DHKHKXVYLBGOIT-UHFFFAOYSA-N,"1,1-Diethoxyethane",298.15,0,0,3.8,5.92451763153,6.97488629158,inside_domain
Morgan,9,0,LFSAPCRASZRSKS-UHFFFAOYSA-N,2-Methylcyclohexanone,293.15,0,0,14,10.5844278336,15.7212749253,inside_domain
Morgan,9,0,NDVWOBYBJYUSMF-UHFFFAOYSA-N,2-Methylcyclohexanol,293.15,1,1,13.3,10.4337711334,5.23202446322,outside_associated_liquid
Morgan,9,0,RGSFGYAAUTVSQA-UHFFFAOYSA-N,Cyclopentane,293.15,0,0,1.965,8.1678352356,1.10560773191,inside_domain
Morgan,9,0,ZQDPJFUHLCOCRG-WAYWQWQTSA-N,cis-3-Hexene,298.15,0,0,2.062,5.9360575676,1.19258064684,inside_domain
Morgan,9,0,KFUSEUYYWQURPO-UPHRSURJSA-N,"cis-1,2-Dichloroethylene",298.15,0,0,9.2,7.9666557312,9.01512393578,inside_domain
Morgan,9,0,KFUSEUYYWQURPO-OWOJBTEDSA-N,"trans-1,2-Dichloroethylene",298.15,0,0,2.14,7.9666557312,1.11523574299,inside_domain
Morgan,9,0,JRGGUPZKKTVKOV-UHFFFAOYSA-N,1-Bromo-3-chlorobenzene,293.15,0,0,4.58,7.03323221207,13.6465698801,inside_domain
Morgan,9,0,LJSQFQKUNVCTIA-UHFFFAOYSA-N,Ethyl sulfide,298.15,0,0,5.72,5.9360575676,10.37513043,inside_domain
Morgan,9,0,PYLWMHQQBFSUBP-UHFFFAOYSA-N,Fluorobenzene,298.15,0,0,5.42,7.23441076279,9.55831440066,inside_domain
Morgan,9,0,PAYRUJLWNCNPSJ-UHFFFAOYSA-N,Aniline,293.15,1,1,6.89,10.7672395706,7.45516883493,outside_associated_liquid
Morgan,9,0,NPDACUSDTOMAMK-UHFFFAOYSA-N,p-Chlorotoluene,293.15,0,0,6.08,6.48918628693,9.81647562753,inside_domain
Morgan,9,0,MMZYCBHLNZVROM-UHFFFAOYSA-N,o-Fluorotoluene,303.15,0,0,4.22,6.54996156693,6.12573643678,inside_domain
Morgan,9,0,BTQZKHUEUDPRST-UHFFFAOYSA-N,m-Fluorotoluene,303.15,0,0,5.42,6.54996156693,10.8674299419,inside_domain
Morgan,9,0,RCJMVGJKROQDCB-UHFFFAOYSA-N,"2-Methyl-1,3-pentadiene",298.15,0,0,2.42,9.26964950562,2.15098593997,inside_domain
Physical,9,0,AMQJEAYHLZJPGS-UHFFFAOYSA-N,pentan-1-ol,298.15,1,1,15.736,11.7227802277,5.16365543529,outside_associated_liquid
Physical,9,0,BGTOWKSIORTVQH-UHFFFAOYSA-N,cyclopentanone,298.15,0,0,13.505,13.5986595154,20.9054049662,inside_domain
Physical,9,0,BMRWNKZVCUKKSR-UHFFFAOYSA-N,"1,2-butanediol",298.2,2,2,22.143,21.1998615265,13.5953058324,outside_associated_liquid
Physical,9,0,BTGRAWJCKBQKAO-UHFFFAOYSA-N,hexanedinitrile,298.15,0,0,32.12,24.8825454712,46.5421430104,inside_domain
Physical,9,0,CBTVGIZVANVGBH-UHFFFAOYSA-N,2-amino-2-methylpropan-1-ol,303.15,2,2,20.59,53.0751800537,3.826071455,outside_associated_liquid
Physical,9,0,CQEYYJKEWSMYFG-UHFFFAOYSA-N,butyl 2-propenoate,298.15,0,0,5.31,8.94196987152,8.81943541722,inside_domain
Physical,9,0,DKGAVHZHDRPRBM-UHFFFAOYSA-N,2-methylpropan-2-ol,298.15,1,1,12.49,13.390455246,6.90436439321,outside_associated_liquid
Physical,9,0,DURPTKYDGMDSBL-UHFFFAOYSA-N,dibutyl ether,298.15,0,0,3.106,3.95171523094,2.81657790905,inside_domain
Physical,9,0,HPXRVTGHNJAIIH-UHFFFAOYSA-N,cyclohexanol,298.15,1,1,15.71,10.8932647705,6.99300079031,outside_associated_liquid
Physical,9,0,HXJUTPCZVOIRIF-UHFFFAOYSA-N,sulfolane,298.15,0,0,44,47.1621398926,54.0253899274,inside_domain
Physical,9,0,IAZDPXIOMUYVGZ-UHFFFAOYSA-N,dimethyl sulfoxide,298,0,0,46.05,31.554681778,39.3405912447,inside_domain
Physical,9,0,JYPJLAPMBJKRDG-UHFFFAOYSA-M,1-ethyl-3-methylimidazolium butylsulfonate,298.15,0,0,30,18.0527133942,153.401832604,inside_domain
Physical,9,0,LYCAIKOWRPUZTN-UHFFFAOYSA-N,"1,2-ethanediol",303.15,2,2,39.84,51.1013374329,15.3073129364,outside_associated_liquid
Physical,9,0,MCTWTZJPVLRJOU-UHFFFAOYSA-N,1-methylimidazole,298,0,0,39.78,26.1134910583,38.1478273189,inside_domain
Physical,9,0,OKKJLVBELUTLKV-UHFFFAOYSA-N,methanol,298.15,1,1,33.6,32.2120285034,16.5823957018,outside_associated_liquid
Physical,9,0,SIXHYMZEOJSYQH-UHFFFAOYSA-M,1-butyl-3-methylimidazolium thiocyanate,298.15,0,0,13.7,43.6571350098,27.3242655698,inside_domain
Physical,9,0,TVMXDCGIABBOFY-UHFFFAOYSA-N,octane,298.15,0,0,1.961,2.24390792847,1.1076211483,inside_domain
Physical,9,0,UEEJHVSXFDXPFK-UHFFFAOYSA-N,"2-(N,N-dimethylamino)ethanol",303.15,1,1,17.18,40.7976913452,2.86613042866,outside_associated_liquid
Physical,9,0,VCAIYEJBOWHUGP-UHFFFAOYSA-N,"1-butyl-2,3-dimethylimidazolium tetrafluoroborate",298.15,0,0,13.3,3.46450328827,2.20117467965,inside_domain
Physical,9,0,XQQZRZQVBFHBHL-UHFFFAOYSA-N,"1,4,7,10-tetraoxacyclododecane",299.4,0,0,10.76,10.8804655075,11.613237056,inside_domain
Physical,9,0,XTHFKEDIFFGKHM-UHFFFAOYSA-N,"1,2-dimethoxyethane",298.15,0,0,7.0695,8.00409984589,5.4993455063,inside_domain
Physical,9,0,YEJRWHAVMIAJKC-UHFFFAOYSA-N,.gamma.-butyrolactone,295.65,0,0,41.99,28.31524086,50.6116986269,inside_domain
Physical,9,0,ZMXDDKWLCZADIW-UHFFFAOYSA-N,dimethylformamide,302.73,0,0,36.55,56.1213569641,44.913135379,inside_domain
Physical,9,0,NTIZESTWPVYFNL-UHFFFAOYSA-N,4-Methyl-2-pentanone,293.15,0,0,13.11,9.44609355927,14.6513704727,inside_domain
Physical,9,0,WERYXYBDKMZEQL-UHFFFAOYSA-N,"1,4-Butanediol",303.15,2,2,30.2,26.2487602234,11.955624374,outside_associated_liquid
Physical,9,0,SVTBMSDMJJWYQN-UHFFFAOYSA-N,"2-Methyl-2,4-pentanediol",303.15,2,2,24.4,19.9353351593,19.5363125491,outside_associated_liquid
Physical,9,0,DHKHKXVYLBGOIT-UHFFFAOYSA-N,"1,1-Diethoxyethane",298.15,0,0,3.8,7.06457185745,6.97488629158,inside_domain
Physical,9,0,LFSAPCRASZRSKS-UHFFFAOYSA-N,2-Methylcyclohexanone,293.15,0,0,14,11.6395835876,15.7212749253,inside_domain
Physical,9,0,NDVWOBYBJYUSMF-UHFFFAOYSA-N,2-Methylcyclohexanol,293.15,1,1,13.3,10.0559482574,5.23202446322,outside_associated_liquid
Physical,9,0,RGSFGYAAUTVSQA-UHFFFAOYSA-N,Cyclopentane,293.15,0,0,1.965,2.4049179554,1.10560773191,inside_domain
Physical,9,0,ZQDPJFUHLCOCRG-WAYWQWQTSA-N,cis-3-Hexene,298.15,0,0,2.062,1.60241305828,1.19258064684,inside_domain
Physical,9,0,KFUSEUYYWQURPO-UPHRSURJSA-N,"cis-1,2-Dichloroethylene",298.15,0,0,9.2,6.53220891953,9.01512393578,inside_domain
Physical,9,0,KFUSEUYYWQURPO-OWOJBTEDSA-N,"trans-1,2-Dichloroethylene",298.15,0,0,2.14,4.47121238708,1.11523574299,inside_domain
Physical,9,0,JRGGUPZKKTVKOV-UHFFFAOYSA-N,1-Bromo-3-chlorobenzene,293.15,0,0,4.58,4.0276722908,13.6465698801,inside_domain
Physical,9,0,LJSQFQKUNVCTIA-UHFFFAOYSA-N,Ethyl sulfide,298.15,0,0,5.72,4.87310552597,10.37513043,inside_domain
Physical,9,0,PYLWMHQQBFSUBP-UHFFFAOYSA-N,Fluorobenzene,298.15,0,0,5.42,4.455037117,9.55831440066,inside_domain
Physical,9,0,PAYRUJLWNCNPSJ-UHFFFAOYSA-N,Aniline,293.15,1,1,6.89,12.625328064,7.45516883493,outside_associated_liquid
Physical,9,0,NPDACUSDTOMAMK-UHFFFAOYSA-N,p-Chlorotoluene,293.15,0,0,6.08,4.11401414871,9.81647562753,inside_domain
Physical,9,0,MMZYCBHLNZVROM-UHFFFAOYSA-N,o-Fluorotoluene,303.15,0,0,4.22,8.25114822388,6.12573643678,inside_domain
Physical,9,0,BTQZKHUEUDPRST-UHFFFAOYSA-N,m-Fluorotoluene,303.15,0,0,5.42,8.49601173401,10.8674299419,inside_domain
Physical,9,0,RCJMVGJKROQDCB-UHFFFAOYSA-N,"2-Methyl-1,3-pentadiene",298.15,0,0,2.42,2.40956068039,2.15098593997,inside_domain
Morgan+Physical,9,0,AMQJEAYHLZJPGS-UHFFFAOYSA-N,pentan-1-ol,298.15,1,1,15.736,13.1211204529,5.16365543529,outside_associated_liquid
Morgan+Physical,9,0,BGTOWKSIORTVQH-UHFFFAOYSA-N,cyclopentanone,298.15,0,0,13.505,12.9004802704,20.9054049662,inside_domain
Morgan+Physical,9,0,BMRWNKZVCUKKSR-UHFFFAOYSA-N,"1,2-butanediol",298.2,2,2,22.143,21.2693214417,13.5953058324,outside_associated_liquid
Morgan+Physical,9,0,BTGRAWJCKBQKAO-UHFFFAOYSA-N,hexanedinitrile,298.15,0,0,32.12,27.4639167786,46.5421430104,inside_domain
Morgan+Physical,9,0,CBTVGIZVANVGBH-UHFFFAOYSA-N,2-amino-2-methylpropan-1-ol,303.15,2,2,20.59,37.2660293579,3.826071455,outside_associated_liquid
Morgan+Physical,9,0,CQEYYJKEWSMYFG-UHFFFAOYSA-N,butyl 2-propenoate,298.15,0,0,5.31,8.14988327026,8.81943541722,inside_domain
Morgan+Physical,9,0,DKGAVHZHDRPRBM-UHFFFAOYSA-N,2-methylpropan-2-ol,298.15,1,1,12.49,11.9121131897,6.90436439321,outside_associated_liquid
Morgan+Physical,9,0,DURPTKYDGMDSBL-UHFFFAOYSA-N,dibutyl ether,298.15,0,0,3.106,4.78385543823,2.81657790905,inside_domain
Morgan+Physical,9,0,HPXRVTGHNJAIIH-UHFFFAOYSA-N,cyclohexanol,298.15,1,1,15.71,11.472454071,6.99300079031,outside_associated_liquid
Morgan+Physical,9,0,HXJUTPCZVOIRIF-UHFFFAOYSA-N,sulfolane,298.15,0,0,44,29.682220459,54.0253899274,inside_domain
Morgan+Physical,9,0,IAZDPXIOMUYVGZ-UHFFFAOYSA-N,dimethyl sulfoxide,298,0,0,46.05,21.0695552826,39.3405912447,inside_domain
Morgan+Physical,9,0,JYPJLAPMBJKRDG-UHFFFAOYSA-M,1-ethyl-3-methylimidazolium butylsulfonate,298.15,0,0,30,18.3131713867,153.401832604,inside_domain
Morgan+Physical,9,0,LYCAIKOWRPUZTN-UHFFFAOYSA-N,"1,2-ethanediol",303.15,2,2,39.84,37.2682037354,15.3073129364,outside_associated_liquid
Morgan+Physical,9,0,MCTWTZJPVLRJOU-UHFFFAOYSA-N,1-methylimidazole,298,0,0,39.78,17.1317920685,38.1478273189,inside_domain
Morgan+Physical,9,0,OKKJLVBELUTLKV-UHFFFAOYSA-N,methanol,298.15,1,1,33.6,21.3228988647,16.5823957018,outside_associated_liquid
Morgan+Physical,9,0,SIXHYMZEOJSYQH-UHFFFAOYSA-M,1-butyl-3-methylimidazolium thiocyanate,298.15,0,0,13.7,36.4645233154,27.3242655698,inside_domain
Morgan+Physical,9,0,TVMXDCGIABBOFY-UHFFFAOYSA-N,octane,298.15,0,0,1.961,3.93572163582,1.1076211483,inside_domain
Morgan+Physical,9,0,UEEJHVSXFDXPFK-UHFFFAOYSA-N,"2-(N,N-dimethylamino)ethanol",303.15,1,1,17.18,29.6903038025,2.86613042866,outside_associated_liquid
Morgan+Physical,9,0,VCAIYEJBOWHUGP-UHFFFAOYSA-N,"1-butyl-2,3-dimethylimidazolium tetrafluoroborate",298.15,0,0,13.3,5.93586730957,2.20117467965,inside_domain
Morgan+Physical,9,0,XQQZRZQVBFHBHL-UHFFFAOYSA-N,"1,4,7,10-tetraoxacyclododecane",299.4,0,0,10.76,9.52415084839,11.613237056,inside_domain
Morgan+Physical,9,0,XTHFKEDIFFGKHM-UHFFFAOYSA-N,"1,2-dimethoxyethane",298.15,0,0,7.0695,7.13059425354,5.4993455063,inside_domain
Morgan+Physical,9,0,YEJRWHAVMIAJKC-UHFFFAOYSA-N,.gamma.-butyrolactone,295.65,0,0,41.99,20.258769989,50.6116986269,inside_domain
Morgan+Physical,9,0,ZMXDDKWLCZADIW-UHFFFAOYSA-N,dimethylformamide,302.73,0,0,36.55,33.3528938293,44.913135379,inside_domain
Morgan+Physical,9,0,NTIZESTWPVYFNL-UHFFFAOYSA-N,4-Methyl-2-pentanone,293.15,0,0,13.11,11.7911634445,14.6513704727,inside_domain
Morgan+Physical,9,0,WERYXYBDKMZEQL-UHFFFAOYSA-N,"1,4-Butanediol",303.15,2,2,30.2,24.4906101227,11.955624374,outside_associated_liquid
Morgan+Physical,9,0,SVTBMSDMJJWYQN-UHFFFAOYSA-N,"2-Methyl-2,4-pentanediol",303.15,2,2,24.4,18.7877883911,19.5363125491,outside_associated_liquid
Morgan+Physical,9,0,DHKHKXVYLBGOIT-UHFFFAOYSA-N,"1,1-Diethoxyethane",298.15,0,0,3.8,6.49454498291,6.97488629158,inside_domain
Morgan+Physical,9,0,LFSAPCRASZRSKS-UHFFFAOYSA-N,2-Methylcyclohexanone,293.15,0,0,14,11.1120052338,15.7212749253,inside_domain
Morgan+Physical,9,0,NDVWOBYBJYUSMF-UHFFFAOYSA-N,2-Methylcyclohexanol,293.15,1,1,13.3,10.2448596954,5.23202446322,outside_associated_liquid
Morgan+Physical,9,0,RGSFGYAAUTVSQA-UHFFFAOYSA-N,Cyclopentane,293.15,0,0,1.965,5.28637647629,1.10560773191,inside_domain
Morgan+Physical,9,0,ZQDPJFUHLCOCRG-WAYWQWQTSA-N,cis-3-Hexene,298.15,0,0,2.062,3.76923537254,1.19258064684,inside_domain
Morgan+Physical,9,0,KFUSEUYYWQURPO-UPHRSURJSA-N,"cis-1,2-Dichloroethylene",298.15,0,0,9.2,7.24943256378,9.01512393578,inside_domain
Morgan+Physical,9,0,KFUSEUYYWQURPO-OWOJBTEDSA-N,"trans-1,2-Dichloroethylene",298.15,0,0,2.14,6.21893405914,1.11523574299,inside_domain
Morgan+Physical,9,0,JRGGUPZKKTVKOV-UHFFFAOYSA-N,1-Bromo-3-chlorobenzene,293.15,0,0,4.58,5.53045225143,13.6465698801,inside_domain
Morgan+Physical,9,0,LJSQFQKUNVCTIA-UHFFFAOYSA-N,Ethyl sulfide,298.15,0,0,5.72,5.40458154678,10.37513043,inside_domain
Morgan+Physical,9,0,PYLWMHQQBFSUBP-UHFFFAOYSA-N,Fluorobenzene,298.15,0,0,5.42,5.84472370148,9.55831440066,inside_domain
Morgan+Physical,9,0,PAYRUJLWNCNPSJ-UHFFFAOYSA-N,Aniline,293.15,1,1,6.89,11.6962833405,7.45516883493,outside_associated_liquid
Morgan+Physical,9,0,NPDACUSDTOMAMK-UHFFFAOYSA-N,p-Chlorotoluene,293.15,0,0,6.08,5.30160045624,9.81647562753,inside_domain
Morgan+Physical,9,0,MMZYCBHLNZVROM-UHFFFAOYSA-N,o-Fluorotoluene,303.15,0,0,4.22,7.40055465698,6.12573643678,inside_domain
Morgan+Physical,9,0,BTQZKHUEUDPRST-UHFFFAOYSA-N,m-Fluorotoluene,303.15,0,0,5.42,7.52298641205,10.8674299419,inside_domain
Morgan+Physical,9,0,RCJMVGJKROQDCB-UHFFFAOYSA-N,"2-Methyl-1,3-pentadiene",298.15,0,0,2.42,5.83960533142,2.15098593997,inside_domain
Morgan,9,1,CRVGTESFCCXCTH-UHFFFAOYSA-N,N-methyldiethanolamine,300.65,2,2,22.12,31.2204818726,10.6262172267,outside_associated_liquid
Morgan,9,1,FYIRUPZTYPILDH-UHFFFAOYSA-N,"1,1,1,2,3,3-hexafluoropropane",302.85,0,0,5.3105,10.3384056091,14.0370858022,inside_domain
Morgan,9,1,GRYUVYIMDGRRLN-UHFFFAOYSA-N,"1-butyl-2,3,4,5-tetramethylimidazolium bis(trifluoromethylsulfonyl)imide",298.15,0,0,15,14.2203531265,18.8149235057,inside_domain
Morgan,9,1,IIRFCWANHMSDCG-UHFFFAOYSA-N,cyclooctanone,300.65,0,0,14.38,17.4022903442,13.5668987419,inside_domain
Morgan,9,1,JHIVVAPYMSGYDF-UHFFFAOYSA-N,cyclohexanone,298.15,0,0,15.79,18.4394016266,19.6553000971,inside_domain
Morgan,9,1,KFZMGEQAYNKOFK-UHFFFAOYSA-N,propan-2-ol,299.15,1,1,18.845,15.6150302887,10.0046688096,outside_associated_liquid
Morgan,9,1,NEQXUPRFDXNNTA-UHFFFAOYSA-N,2-hydroxyethylammonium lactate,298.15,4,4,85.6,33.6736297607,5.97933023131,outside_associated_liquid
Morgan,9,1,OHLUUHNLEMFGTQ-UHFFFAOYSA-N,N-methylacetamide,303.15,1,1,178.47,9.8559551239,5.9744908461,outside_associated_liquid
Morgan,9,1,OIFBSDVPJOWBCH-UHFFFAOYSA-N,diethyl carbonate,298.15,0,0,2.834,9.55418491364,1.35579310568,inside_domain
Morgan,9,1,OOKUTCYPKPJYFV-UHFFFAOYSA-N,1-methylimidazolium bromide,298.15,0,0,16.6,23.6206493378,28.8470050896,inside_domain
Morgan,9,1,QTBSBXVTEAMEQO-UHFFFAOYSA-N,acetic acid,293.15,1,1,6.15,18.1543979645,12.6069173441,outside_associated_liquid
Morgan,9,1,UCCKRVYTJPMHRO-UHFFFAOYSA-N,"1-butyl-2,3-dimethyl-1H-imidazolium bis(trifluoromethylsulfonyl)amide",298.15,0,0,14,14.8909959793,11.4813553141,inside_domain
Morgan,9,1,UWHCKJMYHZGTIT-UHFFFAOYSA-N,tetraethylene glycol,298.15,2,2,19.91,27.7696037292,16.8875268244,outside_associated_liquid
Morgan,9,1,VVLAIYIMMFWRFW-UHFFFAOYSA-N,2-hydroxyethylammonium acetate,298.15,3,3,58.3,26.5136032104,4.76933191054,outside_associated_liquid
Morgan,9,1,WZLFPVPRZGTCKP-UHFFFAOYSA-N,"1,1,1,3,3-pentafluorobutane",298.115,0,0,11.8861,5.84863328934,6.83236100939,inside_domain
Morgan,9,1,YFMFNYKEUDLDTL-UHFFFAOYSA-N,"1,1,1,2,3,3,3-heptafluoropropane",302.85,0,0,4.1348,10.3384056091,7.17247104625,inside_domain
Morgan,9,1,YFNKIDBQEZZDLK-UHFFFAOYSA-N,"2,5,8,11-tetraoxadodecane",298.15,0,0,7.604,5.92449998856,11.1446264552,inside_domain
Morgan,9,1,YXFVVABEGXRONW-UHFFFAOYSA-N,toluene,297.385,0,0,2.40445,6.74964666367,1.46990395237,inside_domain
Morgan,9,1,ZHNUHDYFZUAESO-UHFFFAOYSA-N,formamide,303.15,2,2,106.14,10.1840810776,1.63244107371,outside_associated_liquid
Morgan,9,1,ZIBGPFATKBEMQZ-UHFFFAOYSA-N,triethylene glycol,298.15,2,2,23.07,27.7696037292,12.1409402443,outside_associated_liquid
Morgan,9,1,ZTOMUSMDRMJOTH-UHFFFAOYSA-N,pentanedinitrile,298.15,0,0,34.6,29.118265152,26.6601988036,inside_domain
Morgan,9,1,XEKOWRVHYACXOJ-UHFFFAOYSA-N,Ethyl acetate,298.15,0,0,6.02,8.38392162323,9.7831231174,inside_domain
Morgan,9,1,DIQMPQMYFZXDAX-UHFFFAOYSA-N,Amyl formate,298.15,0,0,6.49,7.92703866959,8.4969957051,inside_domain
Morgan,9,1,XNWFRZJHXBZDAG-UHFFFAOYSA-N,2-Methoxyethanol,303.15,1,1,16,17.0074253082,12.9838712423,outside_associated_liquid
Morgan,9,1,RTZKZFJDLAIYFH-UHFFFAOYSA-N,Ethyl ether,293.15,0,0,4.335,4.77754640579,4.44489704395,inside_domain
Morgan,9,1,JFDZBHWFFUWGJE-UHFFFAOYSA-N,Benzonitrile,298.15,0,0,25.2,30.8594741821,29.6694423151,inside_domain
Morgan,9,1,NVJBFARDFTXOTO-UHFFFAOYSA-N,Ethyl sulfite,293.15,0,0,15.9,25.5486831665,15.9704051889,inside_domain
Morgan,9,1,YNAVUWVOSKDBBP-UHFFFAOYSA-N,Morpholine,298.15,1,1,7.33,14.1226587296,5.3942637877,outside_associated_liquid
Morgan,9,1,NQPDZGIKBAWPEJ-UHFFFAOYSA-N,Valeric acid,293.15,1,1,2.66,9.31206893921,5.73031614295,outside_associated_liquid
Morgan,9,1,NKKMVIVFRUYPLQ-NSCUHMNNSA-N,Crotononitrile (bp 108 C),293.15,0,0,36.1,29.7958984375,48.0153469112,inside_domain
Morgan,9,1,MSXVEPNJUHWQHW-UHFFFAOYSA-N,2-Methyl-2-butanol,298.15,1,1,5.82,11.0762634277,5.55405564062,outside_associated_liquid
Morgan,9,1,UJBOOUHRTQVGRU-UHFFFAOYSA-N,3-Methylcyclohexanone,293.15,0,0,12.4,18.082403183,17.8915575672,inside_domain
Morgan,9,1,VGVHNLRUAMRIEW-UHFFFAOYSA-N,4-Methylcyclohexanone,293.15,0,0,12.4,17.0777740479,18.1666231408,inside_domain
Morgan,9,1,QGJOPFRUJISHPQ-UHFFFAOYSA-N,Carbon disulfide,293.15,0,0,2.641,10.0288715363,1.14604082971,inside_domain
Morgan,9,1,MHNNAWXXUZQSNM-UHFFFAOYSA-N,2-Methyl-1-butene,293.15,0,0,2.197,7.15306758881,1.69384086029,inside_domain
Morgan,9,1,HGCIXCUEYOPUTN-UHFFFAOYSA-N,Cyclohexene,298.15,0,0,2.22,9.0240983963,1.24380093714,inside_domain
Morgan,9,1,GDOPTJXRTPNYNR-UHFFFAOYSA-N,Methylcyclopentane,293.15,0,0,1.985,7.64764547348,1.11100262715,inside_domain
Morgan,9,1,VLKZOEOYAKHREP-UHFFFAOYSA-N,n-Hexane,293.15,0,0,1.89,4.99677419662,1.10385792273,inside_domain
Morgan,9,1,UQEAIHBTYFGYIE-UHFFFAOYSA-N,Hexamethyldisiloxane,293.15,0,0,2.17,6.99623346329,1.21737241547,inside_domain
Morgan,9,1,WQONPSCCEXUXTQ-UHFFFAOYSA-N,o-Dibromobenzene,293.15,0,0,7.35,7.08546686172,35.3981532236,inside_domain
Morgan,9,1,GETQZCLCWQTVFV-UHFFFAOYSA-N,Trimethylamine,298.15,0,0,2.44,17.2342987061,2.6946634545,inside_domain
Physical,9,1,CRVGTESFCCXCTH-UHFFFAOYSA-N,N-methyldiethanolamine,300.65,2,2,22.12,21.3601150513,10.6262172267,outside_associated_liquid
Physical,9,1,FYIRUPZTYPILDH-UHFFFAOYSA-N,"1,1,1,2,3,3-hexafluoropropane",302.85,0,0,5.3105,17.76512146,14.0370858022,inside_domain
Physical,9,1,GRYUVYIMDGRRLN-UHFFFAOYSA-N,"1-butyl-2,3,4,5-tetramethylimidazolium bis(trifluoromethylsulfonyl)imide",298.15,0,0,15,15.798740387,18.8149235057,inside_domain
Physical,9,1,IIRFCWANHMSDCG-UHFFFAOYSA-N,cyclooctanone,300.65,0,0,14.38,6.80588722229,13.5668987419,inside_domain
Physical,9,1,JHIVVAPYMSGYDF-UHFFFAOYSA-N,cyclohexanone,298.15,0,0,15.79,14.0839881897,19.6553000971,inside_domain
Physical,9,1,KFZMGEQAYNKOFK-UHFFFAOYSA-N,propan-2-ol,299.15,1,1,18.845,16.6319332123,10.0046688096,outside_associated_liquid
Physical,9,1,NEQXUPRFDXNNTA-UHFFFAOYSA-N,2-hydroxyethylammonium lactate,298.15,4,4,85.6,33.261844635,5.97933023131,outside_associated_liquid
Physical,9,1,OHLUUHNLEMFGTQ-UHFFFAOYSA-N,N-methylacetamide,303.15,1,1,178.47,11.2382650375,5.9744908461,outside_associated_liquid
Physical,9,1,OIFBSDVPJOWBCH-UHFFFAOYSA-N,diethyl carbonate,298.15,0,0,2.834,4.47013998032,1.35579310568,inside_domain
Physical,9,1,OOKUTCYPKPJYFV-UHFFFAOYSA-N,1-methylimidazolium bromide,298.15,0,0,16.6,26.7075748444,28.8470050896,inside_domain
Physical,9,1,QTBSBXVTEAMEQO-UHFFFAOYSA-N,acetic acid,293.15,1,1,6.15,23.9044303894,12.6069173441,outside_associated_liquid
Physical,9,1,UCCKRVYTJPMHRO-UHFFFAOYSA-N,"1-butyl-2,3-dimethyl-1H-imidazolium bis(trifluoromethylsulfonyl)amide",298.15,0,0,14,13.9964952469,11.4813553141,inside_domain
Physical,9,1,UWHCKJMYHZGTIT-UHFFFAOYSA-N,tetraethylene glycol,298.15,2,2,19.91,28.39311409,16.8875268244,outside_associated_liquid
Physical,9,1,VVLAIYIMMFWRFW-UHFFFAOYSA-N,2-hydroxyethylammonium acetate,298.15,3,3,58.3,30.8953933716,4.76933191054,outside_associated_liquid
Physical,9,1,WZLFPVPRZGTCKP-UHFFFAOYSA-N,"1,1,1,3,3-pentafluorobutane",298.115,0,0,11.8861,19.5403232574,6.83236100939,inside_domain
Physical,9,1,YFMFNYKEUDLDTL-UHFFFAOYSA-N,"1,1,1,2,3,3,3-heptafluoropropane",302.85,0,0,4.1348,16.454492569,7.17247104625,inside_domain
Physical,9,1,YFNKIDBQEZZDLK-UHFFFAOYSA-N,"2,5,8,11-tetraoxadodecane",298.15,0,0,7.604,8.21737098694,11.1446264552,inside_domain
Physical,9,1,YXFVVABEGXRONW-UHFFFAOYSA-N,toluene,297.385,0,0,2.40445,2.63291406631,1.46990395237,inside_domain
Physical,9,1,ZHNUHDYFZUAESO-UHFFFAOYSA-N,formamide,303.15,2,2,106.14,17.5173301697,1.63244107371,outside_associated_liquid
Physical,9,1,ZIBGPFATKBEMQZ-UHFFFAOYSA-N,triethylene glycol,298.15,2,2,23.07,25.1015911102,12.1409402443,outside_associated_liquid
Physical,9,1,ZTOMUSMDRMJOTH-UHFFFAOYSA-N,pentanedinitrile,298.15,0,0,34.6,30.9196281433,26.6601988036,inside_domain
Physical,9,1,XEKOWRVHYACXOJ-UHFFFAOYSA-N,Ethyl acetate,298.15,0,0,6.02,8.10064983368,9.7831231174,inside_domain
Physical,9,1,DIQMPQMYFZXDAX-UHFFFAOYSA-N,Amyl formate,298.15,0,0,6.49,8.65542411804,8.4969957051,inside_domain
Physical,9,1,XNWFRZJHXBZDAG-UHFFFAOYSA-N,2-Methoxyethanol,303.15,1,1,16,19.861289978,12.9838712423,outside_associated_liquid
Physical,9,1,RTZKZFJDLAIYFH-UHFFFAOYSA-N,Ethyl ether,293.15,0,0,4.335,3.42153382301,4.44489704395,inside_domain
Physical,9,1,JFDZBHWFFUWGJE-UHFFFAOYSA-N,Benzonitrile,298.15,0,0,25.2,27.3818302155,29.6694423151,inside_domain
Physical,9,1,NVJBFARDFTXOTO-UHFFFAOYSA-N,Ethyl sulfite,293.15,0,0,15.9,11.7302427292,15.9704051889,inside_domain
Physical,9,1,YNAVUWVOSKDBBP-UHFFFAOYSA-N,Morpholine,298.15,1,1,7.33,12.0172615051,5.3942637877,outside_associated_liquid
Physical,9,1,NQPDZGIKBAWPEJ-UHFFFAOYSA-N,Valeric acid,293.15,1,1,2.66,8.84861373901,5.73031614295,outside_associated_liquid
Physical,9,1,NKKMVIVFRUYPLQ-NSCUHMNNSA-N,Crotononitrile (bp 108 C),293.15,0,0,36.1,33.178237915,48.0153469112,inside_domain
Physical,9,1,MSXVEPNJUHWQHW-UHFFFAOYSA-N,2-Methyl-2-butanol,298.15,1,1,5.82,11.8741283417,5.55405564062,outside_associated_liquid
Physical,9,1,UJBOOUHRTQVGRU-UHFFFAOYSA-N,3-Methylcyclohexanone,293.15,0,0,12.4,13.2011222839,17.8915575672,inside_domain
Physical,9,1,VGVHNLRUAMRIEW-UHFFFAOYSA-N,4-Methylcyclohexanone,293.15,0,0,12.4,13.2011222839,18.1666231408,inside_domain
Physical,9,1,QGJOPFRUJISHPQ-UHFFFAOYSA-N,Carbon disulfide,293.15,0,0,2.641,1,1.14604082971,inside_domain
Physical,9,1,MHNNAWXXUZQSNM-UHFFFAOYSA-N,2-Methyl-1-butene,293.15,0,0,2.197,2.44621300697,1.69384086029,inside_domain
Physical,9,1,HGCIXCUEYOPUTN-UHFFFAOYSA-N,Cyclohexene,298.15,0,0,2.22,1.52724969387,1.24380093714,inside_domain
Physical,9,1,GDOPTJXRTPNYNR-UHFFFAOYSA-N,Methylcyclopentane,293.15,0,0,1.985,2.57196474075,1.11100262715,inside_domain
Physical,9,1,VLKZOEOYAKHREP-UHFFFAOYSA-N,n-Hexane,293.15,0,0,1.89,2.73963999748,1.10385792273,inside_domain
Physical,9,1,UQEAIHBTYFGYIE-UHFFFAOYSA-N,Hexamethyldisiloxane,293.15,0,0,2.17,1.34943664074,1.21737241547,inside_domain
Physical,9,1,WQONPSCCEXUXTQ-UHFFFAOYSA-N,o-Dibromobenzene,293.15,0,0,7.35,16.5667076111,35.3981532236,inside_domain
Physical,9,1,GETQZCLCWQTVFV-UHFFFAOYSA-N,Trimethylamine,298.15,0,0,2.44,3.4086534977,2.6946634545,inside_domain
Morgan+Physical,9,1,CRVGTESFCCXCTH-UHFFFAOYSA-N,N-methyldiethanolamine,300.65,2,2,22.12,26.2902984619,10.6262172267,outside_associated_liquid
Morgan+Physical,9,1,FYIRUPZTYPILDH-UHFFFAOYSA-N,"1,1,1,2,3,3-hexafluoropropane",302.85,0,0,5.3105,14.0517635345,14.0370858022,inside_domain
Morgan+Physical,9,1,GRYUVYIMDGRRLN-UHFFFAOYSA-N,"1-butyl-2,3,4,5-tetramethylimidazolium bis(trifluoromethylsulfonyl)imide",298.15,0,0,15,15.0095462799,18.8149235057,inside_domain
Morgan+Physical,9,1,IIRFCWANHMSDCG-UHFFFAOYSA-N,cyclooctanone,300.65,0,0,14.38,12.1040887833,13.5668987419,inside_domain
Morgan+Physical,9,1,JHIVVAPYMSGYDF-UHFFFAOYSA-N,cyclohexanone,298.15,0,0,15.79,16.2616958618,19.6553000971,inside_domain
Morgan+Physical,9,1,KFZMGEQAYNKOFK-UHFFFAOYSA-N,propan-2-ol,299.15,1,1,18.845,16.1234817505,10.0046688096,outside_associated_liquid
Morgan+Physical,9,1,NEQXUPRFDXNNTA-UHFFFAOYSA-N,2-hydroxyethylammonium lactate,298.15,4,4,85.6,33.4677352905,5.97933023131,outside_associated_liquid
Morgan+Physical,9,1,OHLUUHNLEMFGTQ-UHFFFAOYSA-N,N-methylacetamide,303.15,1,1,178.47,10.5471096039,5.9744908461,outside_associated_liquid
Morgan+Physical,9,1,OIFBSDVPJOWBCH-UHFFFAOYSA-N,diethyl carbonate,298.15,0,0,2.834,7.01216220856,1.35579310568,inside_domain
Morgan+Physical,9,1,OOKUTCYPKPJYFV-UHFFFAOYSA-N,1-methylimidazolium bromide,298.15,0,0,16.6,25.1641120911,28.8470050896,inside_domain
Morgan+Physical,9,1,QTBSBXVTEAMEQO-UHFFFAOYSA-N,acetic acid,293.15,1,1,6.15,21.0294151306,12.6069173441,outside_associated_liquid
Morgan+Physical,9,1,UCCKRVYTJPMHRO-UHFFFAOYSA-N,"1-butyl-2,3-dimethyl-1H-imidazolium bis(trifluoromethylsulfonyl)amide",298.15,0,0,14,14.4437456131,11.4813553141,inside_domain
Morgan+Physical,9,1,UWHCKJMYHZGTIT-UHFFFAOYSA-N,tetraethylene glycol,298.15,2,2,19.91,28.0813598633,16.8875268244,outside_associated_liquid
Morgan+Physical,9,1,VVLAIYIMMFWRFW-UHFFFAOYSA-N,2-hydroxyethylammonium acetate,298.15,3,3,58.3,28.704498291,4.76933191054,outside_associated_liquid
Morgan+Physical,9,1,WZLFPVPRZGTCKP-UHFFFAOYSA-N,"1,1,1,3,3-pentafluorobutane",298.115,0,0,11.8861,12.694478035,6.83236100939,inside_domain
Morgan+Physical,9,1,YFMFNYKEUDLDTL-UHFFFAOYSA-N,"1,1,1,2,3,3,3-heptafluoropropane",302.85,0,0,4.1348,13.3964490891,7.17247104625,inside_domain
Morgan+Physical,9,1,YFNKIDBQEZZDLK-UHFFFAOYSA-N,"2,5,8,11-tetraoxadodecane",298.15,0,0,7.604,7.07093524933,11.1446264552,inside_domain
Morgan+Physical,9,1,YXFVVABEGXRONW-UHFFFAOYSA-N,toluene,297.385,0,0,2.40445,4.69128036499,1.46990395237,inside_domain
Morgan+Physical,9,1,ZHNUHDYFZUAESO-UHFFFAOYSA-N,formamide,303.15,2,2,106.14,13.8507061005,1.63244107371,outside_associated_liquid
Morgan+Physical,9,1,ZIBGPFATKBEMQZ-UHFFFAOYSA-N,triethylene glycol,298.15,2,2,23.07,26.4355964661,12.1409402443,outside_associated_liquid
Morgan+Physical,9,1,ZTOMUSMDRMJOTH-UHFFFAOYSA-N,pentanedinitrile,298.15,0,0,34.6,30.0189476013,26.6601988036,inside_domain
Morgan+Physical,9,1,XEKOWRVHYACXOJ-UHFFFAOYSA-N,Ethyl acetate,298.15,0,0,6.02,8.24228572845,9.7831231174,inside_domain
Morgan+Physical,9,1,DIQMPQMYFZXDAX-UHFFFAOYSA-N,Amyl formate,298.15,0,0,6.49,8.2912311554,8.4969957051,inside_domain
Morgan+Physical,9,1,XNWFRZJHXBZDAG-UHFFFAOYSA-N,2-Methoxyethanol,303.15,1,1,16,18.4343566895,12.9838712423,outside_associated_liquid
Morgan+Physical,9,1,RTZKZFJDLAIYFH-UHFFFAOYSA-N,Ethyl ether,293.15,0,0,4.335,4.09954023361,4.44489704395,inside_domain
Morgan+Physical,9,1,JFDZBHWFFUWGJE-UHFFFAOYSA-N,Benzonitrile,298.15,0,0,25.2,29.1206512451,29.6694423151,inside_domain
Morgan+Physical,9,1,NVJBFARDFTXOTO-UHFFFAOYSA-N,Ethyl sulfite,293.15,0,0,15.9,18.6394634247,15.9704051889,inside_domain
Morgan+Physical,9,1,YNAVUWVOSKDBBP-UHFFFAOYSA-N,Morpholine,298.15,1,1,7.33,13.0699596405,5.3942637877,outside_associated_liquid
Morgan+Physical,9,1,NQPDZGIKBAWPEJ-UHFFFAOYSA-N,Valeric acid,293.15,1,1,2.66,9.08034133911,5.73031614295,outside_associated_liquid
Morgan+Physical,9,1,NKKMVIVFRUYPLQ-NSCUHMNNSA-N,Crotononitrile (bp 108 C),293.15,0,0,36.1,31.4870681763,48.0153469112,inside_domain
Morgan+Physical,9,1,MSXVEPNJUHWQHW-UHFFFAOYSA-N,2-Methyl-2-butanol,298.15,1,1,5.82,11.4751958847,5.55405564062,outside_associated_liquid
Morgan+Physical,9,1,UJBOOUHRTQVGRU-UHFFFAOYSA-N,3-Methylcyclohexanone,293.15,0,0,12.4,15.6417627335,17.8915575672,inside_domain
Morgan+Physical,9,1,VGVHNLRUAMRIEW-UHFFFAOYSA-N,4-Methylcyclohexanone,293.15,0,0,12.4,15.1394481659,18.1666231408,inside_domain
Morgan+Physical,9,1,QGJOPFRUJISHPQ-UHFFFAOYSA-N,Carbon disulfide,293.15,0,0,2.641,5.03706359863,1.14604082971,inside_domain
Morgan+Physical,9,1,MHNNAWXXUZQSNM-UHFFFAOYSA-N,2-Methyl-1-butene,293.15,0,0,2.197,4.79964017868,1.69384086029,inside_domain
Morgan+Physical,9,1,HGCIXCUEYOPUTN-UHFFFAOYSA-N,Cyclohexene,298.15,0,0,2.22,5.27567386627,1.24380093714,inside_domain
Morgan+Physical,9,1,GDOPTJXRTPNYNR-UHFFFAOYSA-N,Methylcyclopentane,293.15,0,0,1.985,5.10980510712,1.11100262715,inside_domain
Morgan+Physical,9,1,VLKZOEOYAKHREP-UHFFFAOYSA-N,n-Hexane,293.15,0,0,1.89,3.86820697784,1.10385792273,inside_domain
Morgan+Physical,9,1,UQEAIHBTYFGYIE-UHFFFAOYSA-N,Hexamethyldisiloxane,293.15,0,0,2.17,4.1728348732,1.21737241547,inside_domain
Morgan+Physical,9,1,WQONPSCCEXUXTQ-UHFFFAOYSA-N,o-Dibromobenzene,293.15,0,0,7.35,11.826086998,35.3981532236,inside_domain
Morgan+Physical,9,1,GETQZCLCWQTVFV-UHFFFAOYSA-N,Trimethylamine,298.15,0,0,2.44,10.3214759827,2.6946634545,inside_domain
Morgan,9,2,AFBPFSWMIHJQDM-UHFFFAOYSA-N,N-methylaniline,300.15,1,1,5.878,7.04685688019,7.11572078225,outside_associated_liquid
Morgan,9,2,HZKDSQCZNUUQIF-UHFFFAOYSA-M,1-ethyl-3-methylimidazolium hydrogen sulfate,298.15,1,1,18.4,22.777387619,15.1917971963,outside_associated_liquid
Morgan,9,2,IMNFDUFMRHMDMM-UHFFFAOYSA-N,heptane,298.15,0,0,1.93,5.6639122963,1.10583566295,inside_domain
Morgan,9,2,LRHPLDYGYMQRHN-UHFFFAOYSA-N,butan-1-ol,298.15,1,1,18.03,14.4282388687,8.39006069244,outside_associated_liquid
Morgan,9,2,LSBXQLQATZTAPE-UHFFFAOYSA-N,1-butyl-3-methylimidazolium tetrafluoroborate,298.15,0,0,13.9,7.0336265564,142.089757341,inside_domain
Morgan,9,2,PEDCQBHIVMGVHV-UHFFFAOYSA-N,glycerol,303.15,3,3,41.17,33.1265182495,13.4501001088,outside_associated_liquid
Morgan,9,2,QRCRANRUHQKZME-UHFFFAOYSA-N,"3-butyl-1,2,4,5-tetramethyl-1H-imidazol-3-ium tetrafluoroborate",298.15,0,0,12,6.79866409302,90.2035313888,inside_domain
Morgan,9,2,RJQQOKKINHMXIM-UHFFFAOYSA-N,triethanolamine lactate,298.15,5,5,59.7,46.4795227051,27.2818406975,outside_associated_liquid
Morgan,9,2,SBZXBUIDTXKZTM-UHFFFAOYSA-N,"2,5,8-trioxanonane",298.15,0,0,7.3815,8.54228973389,14.0264717054,inside_domain
Morgan,9,2,STCBHSHARMAIOM-UHFFFAOYSA-N,1-methylimidazolium chloride,298.15,0,0,13.8,19.053730011,31.9681461493,inside_domain
Morgan,9,2,VFTFKUDGYRBSAL-UHFFFAOYSA-N,"1,4,7,10,13-pentaoxacyclopentadecane",298.15,0,0,15.48,12.4714717865,14.8444868881,inside_domain
Morgan,9,2,KXKVLQRXCPHEJC-UHFFFAOYSA-N,Methyl acetate,298.15,0,0,6.68,12.5369930267,11.7371732209,inside_domain
Morgan,9,2,DKPFZGUDAPQIHT-UHFFFAOYSA-N,Butyl acetate,293.15,0,0,5.01,8.30662727356,10.0231968887,inside_domain
Morgan,9,2,SWXVUIWOUIDPGS-UHFFFAOYSA-N,4-Hydroxy-4-methyl-2-pentanone (Diacetone alcohol),298.15,1,1,18.2,18.7069168091,16.6441767483,outside_associated_liquid
Morgan,9,2,XNLICIUVMPYHGG-UHFFFAOYSA-N,2-Pentanone,293.15,0,0,15.45,11.9162349701,17.6741821348,inside_domain
Morgan,9,2,DTQVDTLACAAQTR-UHFFFAOYSA-N,Trifluoroacetic acid,293.15,1,1,39.5,18.9240493774,28.7487569677,outside_associated_liquid
Morgan,9,2,FERIUCNNQQJTOY-UHFFFAOYSA-N,Butyric acid,293.15,1,1,2.97,11.9232492447,7.21717286495,outside_associated_liquid
Morgan,9,2,QJPJQTDYNZXKQF-UHFFFAOYSA-N,p-Bromoanisole,303.15,0,0,7.06,5.32185411453,27.3339480411,inside_domain
Morgan,9,2,FVSKHRXBFJPNKK-UHFFFAOYSA-N,Propionitrile,293.15,0,0,27.2,25.1376056671,38.9694829474,inside_domain
Morgan,9,2,ZWEHNKRNPOVVGH-UHFFFAOYSA-N,2-Butanone,293.15,0,0,18.51,12.3839693069,22.1880711838,inside_domain
Morgan,9,2,PHTQWCKDNZKARW-UHFFFAOYSA-N,3-Methyl-1-butanol,298.15,1,1,14.7,19.6390781403,4.92575324719,outside_associated_liquid
Morgan,9,2,POLCUAVZOMRGSN-UHFFFAOYSA-N,Propyl ether,299.15,0,0,3.39,5.19593763351,3.4892418063,inside_domain
Morgan,9,2,ZAFNJMIOTHYJRJ-UHFFFAOYSA-N,Isopropyl ether,298.15,0,0,3.88,7.86165332794,2.80531678598,inside_domain
Morgan,9,2,QWVGKYWNOKOFNN-UHFFFAOYSA-N,o-Cresol,298.15,1,1,11.5,9.07658004761,6.74466929489,outside_associated_liquid
Morgan,9,2,MQWCXKGKQLNYQG-UHFFFAOYSA-N,4-Methylcyclohexanol,293.15,1,1,13.3,11.5204973221,4.28546106184,outside_associated_liquid
Morgan,9,2,LCZUOKDVTBMCMX-UHFFFAOYSA-N,"2,5-Dimethylpyrazine",293.15,0,0,2.436,9.41302871704,1.11662360242,inside_domain
Morgan,9,2,OFBQJSOFQDEBGM-UHFFFAOYSA-N,n-Pentane,293.15,0,0,1.844,5.6639122963,1.1048859414,inside_domain
Morgan,9,2,QWTDNUCVQCZILF-UHFFFAOYSA-N,2-Methylbutane,293.15,0,0,1.843,6.56241607666,1.10396118598,inside_domain
Morgan,9,2,CYTYCFOTNPOANT-UHFFFAOYSA-N,Tetrachloroethylene,298.15,0,0,2.3,15.3327169418,1.12045182946,inside_domain
Morgan,9,2,GETTZEONDQJALK-UHFFFAOYSA-N,"alpha,alpha,alpha-Trifluorotoluene",303.15,0,0,9.18,6.9714679718,23.2671758909,inside_domain
Morgan,9,2,PIICEJLVQHRZGT-UHFFFAOYSA-N,"1,2-Ethanediamine",293.15,2,2,14.2,16.5194549561,1.53256228944,outside_associated_liquid
Morgan,9,2,ZPQOPVIELGIULI-UHFFFAOYSA-N,m-Dichlorobenzene,298.15,0,0,5.04,6.9714679718,4.80631156245,inside_domain
Morgan,9,2,ROSDSFDQCJNGOL-UHFFFAOYSA-N,Dimethylamine,298.15,1,1,5.26,9.83782958984,4.58015414622,outside_associated_liquid
Morgan,9,2,WQAQPCDUOCURKW-UHFFFAOYSA-N,1-Butanethiol,298.15,1,1,4.95,5.6639122963,12.2942625019,outside_associated_liquid
Morgan,9,2,JUJWROOIHBZHMG-UHFFFAOYSA-N,Pyridine,298.15,0,0,12.3,9.0871295929,9.88027991812,inside_domain
Morgan,9,2,ZRKMQKLGEQPLNS-UHFFFAOYSA-N,1-Pentanethiol,298.15,1,1,4.55,5.6639122963,9.12891097269,outside_associated_liquid
Morgan,9,2,ZMANZCXQSJIPKH-UHFFFAOYSA-N,Triethylamine,298.15,0,0,2.42,11.0402708054,1.58318603892,inside_domain
Morgan,9,2,IBSQPLPBRSHTTG-UHFFFAOYSA-N,o-Chlorotoluene,293.15,0,0,4.45,7.04685688019,4.30209983232,inside_domain
Morgan,9,2,OSOUNOBYRMOXQQ-UHFFFAOYSA-N,m-Chlorotoluene,293.15,0,0,5.55,7.04685688019,8.19037794732,inside_domain
Morgan,9,2,WRWPPGUCZBJXKX-UHFFFAOYSA-N,p-Fluorotoluene,303.15,0,0,5.86,7.04685688019,12.7592051561,inside_domain
Morgan,9,2,APPOKADJQUIAHP-UHFFFAOYSA-N,"2,4-Hexadiene",298.15,0,0,2.22,9.83782958984,1.31910733263,inside_domain
Physical,9,2,AFBPFSWMIHJQDM-UHFFFAOYSA-N,N-methylaniline,300.15,1,1,5.878,13.0550432205,7.11572078225,outside_associated_liquid
Physical,9,2,HZKDSQCZNUUQIF-UHFFFAOYSA-M,1-ethyl-3-methylimidazolium hydrogen sulfate,298.15,1,1,18.4,22.1926364899,15.1917971963,outside_associated_liquid
Physical,9,2,IMNFDUFMRHMDMM-UHFFFAOYSA-N,heptane,298.15,0,0,1.93,3.65890026093,1.10583566295,inside_domain
Physical,9,2,LRHPLDYGYMQRHN-UHFFFAOYSA-N,butan-1-ol,298.15,1,1,18.03,12.3695402145,8.39006069244,outside_associated_liquid
Physical,9,2,LSBXQLQATZTAPE-UHFFFAOYSA-N,1-butyl-3-methylimidazolium tetrafluoroborate,298.15,0,0,13.9,18.2439937592,142.089757341,inside_domain
Physical,9,2,PEDCQBHIVMGVHV-UHFFFAOYSA-N,glycerol,303.15,3,3,41.17,26.4642753601,13.4501001088,outside_associated_liquid
Physical,9,2,QRCRANRUHQKZME-UHFFFAOYSA-N,"3-butyl-1,2,4,5-tetramethyl-1H-imidazol-3-ium tetrafluoroborate",298.15,0,0,12,19.1168994904,90.2035313888,inside_domain
Physical,9,2,RJQQOKKINHMXIM-UHFFFAOYSA-N,triethanolamine lactate,298.15,5,5,59.7,59.6426849365,27.2818406975,outside_associated_liquid
Physical,9,2,SBZXBUIDTXKZTM-UHFFFAOYSA-N,"2,5,8-trioxanonane",298.15,0,0,7.3815,9.62740802765,14.0264717054,inside_domain
Physical,9,2,STCBHSHARMAIOM-UHFFFAOYSA-N,1-methylimidazolium chloride,298.15,0,0,13.8,23.7767410278,31.9681461493,inside_domain
Physical,9,2,VFTFKUDGYRBSAL-UHFFFAOYSA-N,"1,4,7,10,13-pentaoxacyclopentadecane",298.15,0,0,15.48,15.7498006821,14.8444868881,inside_domain
Physical,9,2,KXKVLQRXCPHEJC-UHFFFAOYSA-N,Methyl acetate,298.15,0,0,6.68,12.3242197037,11.7371732209,inside_domain
Physical,9,2,DKPFZGUDAPQIHT-UHFFFAOYSA-N,Butyl acetate,293.15,0,0,5.01,6.51375293732,10.0231968887,inside_domain
Physical,9,2,SWXVUIWOUIDPGS-UHFFFAOYSA-N,4-Hydroxy-4-methyl-2-pentanone (Diacetone alcohol),298.15,1,1,18.2,19.9327297211,16.6441767483,outside_associated_liquid
Physical,9,2,XNLICIUVMPYHGG-UHFFFAOYSA-N,2-Pentanone,293.15,0,0,15.45,12.790517807,17.6741821348,inside_domain
Physical,9,2,DTQVDTLACAAQTR-UHFFFAOYSA-N,Trifluoroacetic acid,293.15,1,1,39.5,29.2355613708,28.7487569677,outside_associated_liquid
Physical,9,2,FERIUCNNQQJTOY-UHFFFAOYSA-N,Butyric acid,293.15,1,1,2.97,10.7467184067,7.21717286495,outside_associated_liquid
Physical,9,2,QJPJQTDYNZXKQF-UHFFFAOYSA-N,p-Bromoanisole,303.15,0,0,7.06,47.1374549866,27.3339480411,inside_domain
Physical,9,2,FVSKHRXBFJPNKK-UHFFFAOYSA-N,Propionitrile,293.15,0,0,27.2,28.4580383301,38.9694829474,inside_domain
Physical,9,2,ZWEHNKRNPOVVGH-UHFFFAOYSA-N,2-Butanone,293.15,0,0,18.51,19.8869590759,22.1880711838,inside_domain
Physical,9,2,PHTQWCKDNZKARW-UHFFFAOYSA-N,3-Methyl-1-butanol,298.15,1,1,14.7,12.2288599014,4.92575324719,outside_associated_liquid
Physical,9,2,POLCUAVZOMRGSN-UHFFFAOYSA-N,Propyl ether,299.15,0,0,3.39,4.99712848663,3.4892418063,inside_domain
Physical,9,2,ZAFNJMIOTHYJRJ-UHFFFAOYSA-N,Isopropyl ether,298.15,0,0,3.88,2.00481724739,2.80531678598,inside_domain
Physical,9,2,QWVGKYWNOKOFNN-UHFFFAOYSA-N,o-Cresol,298.15,1,1,11.5,15.4820394516,6.74466929489,outside_associated_liquid
Physical,9,2,MQWCXKGKQLNYQG-UHFFFAOYSA-N,4-Methylcyclohexanol,293.15,1,1,13.3,10.8949842453,4.28546106184,outside_associated_liquid
Physical,9,2,LCZUOKDVTBMCMX-UHFFFAOYSA-N,"2,5-Dimethylpyrazine",293.15,0,0,2.436,4.12334775925,1.11662360242,inside_domain
Physical,9,2,OFBQJSOFQDEBGM-UHFFFAOYSA-N,n-Pentane,293.15,0,0,1.844,3.61950349808,1.1048859414,inside_domain
Physical,9,2,QWTDNUCVQCZILF-UHFFFAOYSA-N,2-Methylbutane,293.15,0,0,1.843,3.61950349808,1.10396118598,inside_domain
Physical,9,2,CYTYCFOTNPOANT-UHFFFAOYSA-N,Tetrachloroethylene,298.15,0,0,2.3,1.01618528366,1.12045182946,inside_domain
Physical,9,2,GETTZEONDQJALK-UHFFFAOYSA-N,"alpha,alpha,alpha-Trifluorotoluene",303.15,0,0,9.18,16.7447395325,23.2671758909,inside_domain
Physical,9,2,PIICEJLVQHRZGT-UHFFFAOYSA-N,"1,2-Ethanediamine",293.15,2,2,14.2,38.9023017883,1.53256228944,outside_associated_liquid
Physical,9,2,ZPQOPVIELGIULI-UHFFFAOYSA-N,m-Dichlorobenzene,298.15,0,0,5.04,4.25130987167,4.80631156245,inside_domain
Physical,9,2,ROSDSFDQCJNGOL-UHFFFAOYSA-N,Dimethylamine,298.15,1,1,5.26,9.71729469299,4.58015414622,outside_associated_liquid
Physical,9,2,WQAQPCDUOCURKW-UHFFFAOYSA-N,1-Butanethiol,298.15,1,1,4.95,13.3602972031,12.2942625019,outside_associated_liquid
Physical,9,2,JUJWROOIHBZHMG-UHFFFAOYSA-N,Pyridine,298.15,0,0,12.3,13.3564548492,9.88027991812,inside_domain
Physical,9,2,ZRKMQKLGEQPLNS-UHFFFAOYSA-N,1-Pentanethiol,298.15,1,1,4.55,11.4225873947,9.12891097269,outside_associated_liquid
Physical,9,2,ZMANZCXQSJIPKH-UHFFFAOYSA-N,Triethylamine,298.15,0,0,2.42,1.78677296638,1.58318603892,inside_domain
Physical,9,2,IBSQPLPBRSHTTG-UHFFFAOYSA-N,o-Chlorotoluene,293.15,0,0,4.45,3.70320510864,4.30209983232,inside_domain
Physical,9,2,OSOUNOBYRMOXQQ-UHFFFAOYSA-N,m-Chlorotoluene,293.15,0,0,5.55,3.93837118149,8.19037794732,inside_domain
Physical,9,2,WRWPPGUCZBJXKX-UHFFFAOYSA-N,p-Fluorotoluene,303.15,0,0,5.86,38.9202613831,12.7592051561,inside_domain
Physical,9,2,APPOKADJQUIAHP-UHFFFAOYSA-N,"2,4-Hexadiene",298.15,0,0,2.22,2.02258324623,1.31910733263,inside_domain
Morgan+Physical,9,2,AFBPFSWMIHJQDM-UHFFFAOYSA-N,N-methylaniline,300.15,1,1,5.878,10.0509500504,7.11572078225,outside_associated_liquid
Morgan+Physical,9,2,HZKDSQCZNUUQIF-UHFFFAOYSA-M,1-ethyl-3-methylimidazolium hydrogen sulfate,298.15,1,1,18.4,22.4850120544,15.1917971963,outside_associated_liquid
Morgan+Physical,9,2,IMNFDUFMRHMDMM-UHFFFAOYSA-N,heptane,298.15,0,0,1.93,4.66140651703,1.10583566295,inside_domain
Morgan+Physical,9,2,LRHPLDYGYMQRHN-UHFFFAOYSA-N,butan-1-ol,298.15,1,1,18.03,13.3988895416,8.39006069244,outside_associated_liquid
Morgan+Physical,9,2,LSBXQLQATZTAPE-UHFFFAOYSA-N,1-butyl-3-methylimidazolium tetrafluoroborate,298.15,0,0,13.9,12.6388101578,142.089757341,inside_domain
Morgan+Physical,9,2,PEDCQBHIVMGVHV-UHFFFAOYSA-N,glycerol,303.15,3,3,41.17,29.7953968048,13.4501001088,outside_associated_liquid
Morgan+Physical,9,2,QRCRANRUHQKZME-UHFFFAOYSA-N,"3-butyl-1,2,4,5-tetramethyl-1H-imidazol-3-ium tetrafluoroborate",298.15,0,0,12,12.9577817917,90.2035313888,inside_domain
Morgan+Physical,9,2,RJQQOKKINHMXIM-UHFFFAOYSA-N,triethanolamine lactate,298.15,5,5,59.7,53.0611038208,27.2818406975,outside_associated_liquid
Morgan+Physical,9,2,SBZXBUIDTXKZTM-UHFFFAOYSA-N,"2,5,8-trioxanonane",298.15,0,0,7.3815,9.08484840393,14.0264717054,inside_domain
Morgan+Physical,9,2,STCBHSHARMAIOM-UHFFFAOYSA-N,1-methylimidazolium chloride,298.15,0,0,13.8,21.4152355194,31.9681461493,inside_domain
Morgan+Physical,9,2,VFTFKUDGYRBSAL-UHFFFAOYSA-N,"1,4,7,10,13-pentaoxacyclopentadecane",298.15,0,0,15.48,14.1106357574,14.8444868881,inside_domain
Morgan+Physical,9,2,KXKVLQRXCPHEJC-UHFFFAOYSA-N,Methyl acetate,298.15,0,0,6.68,12.430606842,11.7371732209,inside_domain
Morgan+Physical,9,2,DKPFZGUDAPQIHT-UHFFFAOYSA-N,Butyl acetate,293.15,0,0,5.01,7.41019010544,10.0231968887,inside_domain
Morgan+Physical,9,2,SWXVUIWOUIDPGS-UHFFFAOYSA-N,4-Hydroxy-4-methyl-2-pentanone (Diacetone alcohol),298.15,1,1,18.2,19.3198242188,16.6441767483,outside_associated_liquid
Morgan+Physical,9,2,XNLICIUVMPYHGG-UHFFFAOYSA-N,2-Pentanone,293.15,0,0,15.45,12.3533763885,17.6741821348,inside_domain
Morgan+Physical,9,2,DTQVDTLACAAQTR-UHFFFAOYSA-N,Trifluoroacetic acid,293.15,1,1,39.5,24.0798053741,28.7487569677,outside_associated_liquid
Morgan+Physical,9,2,FERIUCNNQQJTOY-UHFFFAOYSA-N,Butyric acid,293.15,1,1,2.97,11.3349838257,7.21717286495,outside_associated_liquid
Morgan+Physical,9,2,QJPJQTDYNZXKQF-UHFFFAOYSA-N,p-Bromoanisole,303.15,0,0,7.06,26.2296543121,27.3339480411,inside_domain
Morgan+Physical,9,2,FVSKHRXBFJPNKK-UHFFFAOYSA-N,Propionitrile,293.15,0,0,27.2,26.7978210449,38.9694829474,inside_domain
Morgan+Physical,9,2,ZWEHNKRNPOVVGH-UHFFFAOYSA-N,2-Butanone,293.15,0,0,18.51,16.1354637146,22.1880711838,inside_domain
Morgan+Physical,9,2,PHTQWCKDNZKARW-UHFFFAOYSA-N,3-Methyl-1-butanol,298.15,1,1,14.7,15.9339694977,4.92575324719,outside_associated_liquid
Morgan+Physical,9,2,POLCUAVZOMRGSN-UHFFFAOYSA-N,Propyl ether,299.15,0,0,3.39,5.09653282166,3.4892418063,inside_domain
Morgan+Physical,9,2,ZAFNJMIOTHYJRJ-UHFFFAOYSA-N,Isopropyl ether,298.15,0,0,3.88,4.93323516846,2.80531678598,inside_domain
Morgan+Physical,9,2,QWVGKYWNOKOFNN-UHFFFAOYSA-N,o-Cresol,298.15,1,1,11.5,12.2793102264,6.74466929489,outside_associated_liquid
Morgan+Physical,9,2,MQWCXKGKQLNYQG-UHFFFAOYSA-N,4-Methylcyclohexanol,293.15,1,1,13.3,11.2077407837,4.28546106184,outside_associated_liquid
Morgan+Physical,9,2,LCZUOKDVTBMCMX-UHFFFAOYSA-N,"2,5-Dimethylpyrazine",293.15,0,0,2.436,6.76818847656,1.11662360242,inside_domain
Morgan+Physical,9,2,OFBQJSOFQDEBGM-UHFFFAOYSA-N,n-Pentane,293.15,0,0,1.844,4.64170789719,1.1048859414,inside_domain
Morgan+Physical,9,2,QWTDNUCVQCZILF-UHFFFAOYSA-N,2-Methylbutane,293.15,0,0,1.843,5.09095954895,1.10396118598,inside_domain
Morgan+Physical,9,2,CYTYCFOTNPOANT-UHFFFAOYSA-N,Tetrachloroethylene,298.15,0,0,2.3,8.17445087433,1.12045182946,inside_domain
Morgan+Physical,9,2,GETTZEONDQJALK-UHFFFAOYSA-N,"alpha,alpha,alpha-Trifluorotoluene",303.15,0,0,9.18,11.8581037521,23.2671758909,inside_domain
Morgan+Physical,9,2,PIICEJLVQHRZGT-UHFFFAOYSA-N,"1,2-Ethanediamine",293.15,2,2,14.2,27.7108783722,1.53256228944,outside_associated_liquid
Morgan+Physical,9,2,ZPQOPVIELGIULI-UHFFFAOYSA-N,m-Dichlorobenzene,298.15,0,0,5.04,5.61138916016,4.80631156245,inside_domain
Morgan+Physical,9,2,ROSDSFDQCJNGOL-UHFFFAOYSA-N,Dimethylamine,298.15,1,1,5.26,9.77756214142,4.58015414622,outside_associated_liquid
Morgan+Physical,9,2,WQAQPCDUOCURKW-UHFFFAOYSA-N,1-Butanethiol,298.15,1,1,4.95,9.5121049881,12.2942625019,outside_associated_liquid
Morgan+Physical,9,2,JUJWROOIHBZHMG-UHFFFAOYSA-N,Pyridine,298.15,0,0,12.3,11.2217922211,9.88027991812,inside_domain
Morgan+Physical,9,2,ZRKMQKLGEQPLNS-UHFFFAOYSA-N,1-Pentanethiol,298.15,1,1,4.55,8.54325008392,9.12891097269,outside_associated_liquid
Morgan+Physical,9,2,ZMANZCXQSJIPKH-UHFFFAOYSA-N,Triethylamine,298.15,0,0,2.42,6.41352176666,1.58318603892,inside_domain
Morgan+Physical,9,2,IBSQPLPBRSHTTG-UHFFFAOYSA-N,o-Chlorotoluene,293.15,0,0,4.45,5.37503099442,4.30209983232,inside_domain
Morgan+Physical,9,2,OSOUNOBYRMOXQQ-UHFFFAOYSA-N,m-Chlorotoluene,293.15,0,0,5.55,5.49261379242,8.19037794732,inside_domain
Morgan+Physical,9,2,WRWPPGUCZBJXKX-UHFFFAOYSA-N,p-Fluorotoluene,303.15,0,0,5.86,22.9835586548,12.7592051561,inside_domain
Morgan+Physical,9,2,APPOKADJQUIAHP-UHFFFAOYSA-N,"2,4-Hexadiene",298.15,0,0,2.22,5.93020629883,1.31910733263,inside_domain
Morgan,9,3,ALYCOCULEAWWJO-UHFFFAOYSA-N,triethylpentylammonium bis(trifluoromethylsulfonyl)imide,298.15,0,0,12.5,13.0698633194,6.67840629363,inside_domain
Morgan,9,3,BBMCTIGTTCKYKF-UHFFFAOYSA-N,heptan-1-ol,298.15,1,1,12.65,13.8101797104,4.96304294304,outside_associated_liquid
Morgan,9,3,BKIMMITUMNQMOS-UHFFFAOYSA-N,nonane,298.15,0,0,1.98,5.82775354385,1.10532080108,inside_domain
Morgan,9,3,BTANRVKWQNVYAZ-UHFFFAOYSA-N,butan-2-ol,298.15,1,1,16.6,10.7444581985,8.35397764198,outside_associated_liquid
Morgan,9,3,CGZZMOTZOONQIA-UHFFFAOYSA-N,cycloheptanone,298.15,0,0,12.92,15.5774345398,15.0978362101,inside_domain
Morgan,9,3,DNIAPMSPPWPWGF-UHFFFAOYSA-N,"1,2-propanediol",303.15,2,2,27.87,23.4922542572,15.9608369814,outside_associated_liquid
Morgan,9,3,FXHOOIRPVKKKFG-UHFFFAOYSA-N,"N,N-dimethylethanamide",303.15,0,0,37.72,17.0200614929,35.5309250609,inside_domain
Morgan,9,3,HQWOEDCLDNFWEV-UHFFFAOYSA-M,1-ethyl-3-methylimidazolium diethyl phosphate,298.15,0,0,16.9,10.7385692596,96.6466343683,inside_domain
Morgan,9,3,HZAXFHJVJLSVMW-UHFFFAOYSA-N,2-aminoethan-1-ol,303.15,2,2,31.46,23.7356185913,25.2714322229,outside_associated_liquid
Morgan,9,3,IEJIGPNLZYLLBP-UHFFFAOYSA-N,dimethyl carbonate,298.15,0,0,3.134,12.5074539185,1.5899816096,inside_domain
Morgan,9,3,LBHLGZNUPKUZJC-UHFFFAOYSA-N,1-butyl-1-methylpyrrolidinium dicyanamide,298.15,0,0,18,22.5663318634,116.153845674,inside_domain
Morgan,9,3,LFQSCWFLJHTTHZ-UHFFFAOYSA-N,ethanol,298.15,1,1,25.02,14.1507368088,9.55039595517,outside_associated_liquid
Morgan,9,3,LLEVMYXEJUDBTA-UHFFFAOYSA-N,heptanedinitrile,298.15,0,0,29.71,23.7614994049,22.0308625381,inside_domain
Morgan,9,3,LVTYICIALWPMFW-UHFFFAOYSA-N,N-(2-hydroxypropyl)-2-hydroxy-1-propanamine,303.15,3,3,13.87,18.8773021698,21.6555806344,outside_associated_liquid
Morgan,9,3,LZJIBRSVPKKOSI-UHFFFAOYSA-O,ethanolammonium nitrate,298.15,2,2,60.9,22.7470493317,20.8289438764,outside_associated_liquid
Morgan,9,3,RYHBNJHYFVUHQT-UHFFFAOYSA-N,"1,4-dioxane",298.2,0,0,2.228,12.8816556931,1.10125989107,inside_domain
Morgan,9,3,SHQSVMDWKBRBGB-UHFFFAOYSA-N,cyclobutanone,298.15,0,0,14.96,15.5774345398,24.058855292,inside_domain
Morgan,9,3,UODQEMVTULZGKO-UHFFFAOYSA-N,"1-pentyl-1-methylpyrrolidinium 1,1,1-trifluoro-N-[(trifluoromethyl)sulfonyl]methanesulfonamide",298.15,0,0,12.5,13.0698633194,24.4937811978,inside_domain
Morgan,9,3,UPCXAARSWVHVLY-UHFFFAOYSA-N,triethanolammonium acetate,298.15,4,4,31,49.5685882568,11.4536548979,outside_associated_liquid
Morgan,9,3,VRFOKYHDLYBVAL-UHFFFAOYSA-M,1-ethyl-3-methylimidazolium ethyl sulfate,298.15,0,0,35,12.495223999,45.7566800107,inside_domain
Morgan,9,3,XDJYSDBSJWNTQT-UHFFFAOYSA-N,"1-ethyl-2,3-dimethylimidazolium bis[(trifluoromethyl)sulfonyl]imide",298.15,0,0,12.8,15.6486654282,44.2192801694,inside_domain
Morgan,9,3,XLYOFNOQVPJJNP-UHFFFAOYSA-N,water,297.575,0,1,78.87,19.7936096191,40.4474006258,outside_associated_liquid
Morgan,9,3,YEYKMVJDLWJFOA-UHFFFAOYSA-N,2-propoxyethanol,298.15,1,1,11.5,12.2588768005,11.5122504605,outside_associated_liquid
Morgan,9,3,YIWUKEYIRIRTPP-UHFFFAOYSA-N,2-ethyl-1-hexanol,298.2,1,1,7.353,13.8101797104,5.01442556827,outside_associated_liquid
Morgan,9,3,ZBCBWPMODOFKDW-UHFFFAOYSA-N,diethanolamine,303.15,3,3,24.69,22.9459972382,10.034846241,outside_associated_liquid
Morgan,9,3,IYXGSMUGOJNHAZ-UHFFFAOYSA-N,Diethyl malonate,298.15,0,0,8.03,14.6473779678,9.74006290335,inside_domain
Morgan,9,3,SVONRAPFKPVNKG-UHFFFAOYSA-N,"beta-Ethoxyethyl acetate (""Cellosolve"" acetate)",303.15,0,0,7.57,7.55259180069,10.1866881025,inside_domain
Morgan,9,3,FDPIMTJIUBPUKL-UHFFFAOYSA-N,3-Pentanone,293.15,0,0,17,13.547129631,20.6156153797,inside_domain
Morgan,9,3,WFCLYEAZTHWNEH-UHFFFAOYSA-N,Ethyl thiocyanate,294.15,0,0,29.3,22.5663318634,32.9129822647,inside_domain
Morgan,9,3,YPFDHNVEDLHUCE-UHFFFAOYSA-N,"1,3-Propanediol",293.15,2,2,35,22.9459972382,1.44673551362,outside_associated_liquid
Morgan,9,3,SPEUIVXLLWOEMJ-UHFFFAOYSA-N,"1,1-Dimethoxyethane",293.15,0,0,3.49,7.08921957016,8.95630913771,inside_domain
Morgan,9,3,WEVYAHXRMPXWCK-UHFFFAOYSA-N,Acetonitrile,293.15,0,0,37.5,24.8060703278,53.5642531651,inside_domain
Morgan,9,3,WVDDGKGOMKODPV-UHFFFAOYSA-N,Benzyl alcohol,293.15,1,1,13.1,17.5591487885,5.77594569883,outside_associated_liquid
Morgan,9,3,RLSSMJSEOOYNOY-UHFFFAOYSA-N,m-Cresol,298.15,1,1,11.8,9.83839321136,6.72405719621,outside_associated_liquid
Morgan,9,3,RDOXTESZEPMUJZ-UHFFFAOYSA-N,Methoxybenzene (Anisole),298.15,0,0,4.33,5.73210573196,3.78240490407,inside_domain
Morgan,9,3,YWAKXRMUMFPDSH-UHFFFAOYSA-N,1-Pentene,293.15,0,0,2.1,4.65082216263,1.29861209178,inside_domain
Morgan,9,3,RWNKSTSCBHKHTB-UHFFFAOYSA-N,"Hexachloro-1,3-butadiene",298.15,0,0,2.55,32.359336853,1.1593863388,inside_domain
Morgan,9,3,QBELEDRHMPMKHP-UHFFFAOYSA-N,1-Bromo-2-chlorobenzene,293.15,0,0,6.8,6.96197938919,24.1815742763,inside_domain
Morgan,9,3,HLLCNVLEVVFTJB-UHFFFAOYSA-N,2-Fluoro-2-methylbutane,293.15,0,0,5.89,6.10536670685,9.61421135256,inside_domain
Morgan,9,3,QQONPFPTGQHPMA-UHFFFAOYSA-N,Propene,293.15,0,0,1.875,7.14216184616,1.56210378661,inside_domain
Morgan,9,3,BOGRNZQRTNVZCZ-AATRIKPKSA-N,"3-Methyl-1,3-pentadiene",298.15,0,0,2.43,9.67884159088,1.66039772435,inside_domain
Physical,9,3,ALYCOCULEAWWJO-UHFFFAOYSA-N,triethylpentylammonium bis(trifluoromethylsulfonyl)imide,298.15,0,0,12.5,14.4247751236,6.67840629363,inside_domain
Physical,9,3,BBMCTIGTTCKYKF-UHFFFAOYSA-N,heptan-1-ol,298.15,1,1,12.65,14.677986145,4.96304294304,outside_associated_liquid
Physical,9,3,BKIMMITUMNQMOS-UHFFFAOYSA-N,nonane,298.15,0,0,1.98,1.92274522781,1.10532080108,inside_domain
Physical,9,3,BTANRVKWQNVYAZ-UHFFFAOYSA-N,butan-2-ol,298.15,1,1,16.6,11.9777622223,8.35397764198,outside_associated_liquid
Physical,9,3,CGZZMOTZOONQIA-UHFFFAOYSA-N,cycloheptanone,298.15,0,0,12.92,10.3535280228,15.0978362101,inside_domain
Physical,9,3,DNIAPMSPPWPWGF-UHFFFAOYSA-N,"1,2-propanediol",303.15,2,2,27.87,40.7013053894,15.9608369814,outside_associated_liquid
Physical,9,3,FXHOOIRPVKKKFG-UHFFFAOYSA-N,"N,N-dimethylethanamide",303.15,0,0,37.72,28.2171115875,35.5309250609,inside_domain
Physical,9,3,HQWOEDCLDNFWEV-UHFFFAOYSA-M,1-ethyl-3-methylimidazolium diethyl phosphate,298.15,0,0,16.9,23.8333969116,96.6466343683,inside_domain
Physical,9,3,HZAXFHJVJLSVMW-UHFFFAOYSA-N,2-aminoethan-1-ol,303.15,2,2,31.46,54.951461792,25.2714322229,outside_associated_liquid
Physical,9,3,IEJIGPNLZYLLBP-UHFFFAOYSA-N,dimethyl carbonate,298.15,0,0,3.134,13.2692480087,1.5899816096,inside_domain
Physical,9,3,LBHLGZNUPKUZJC-UHFFFAOYSA-N,1-butyl-1-methylpyrrolidinium dicyanamide,298.15,0,0,18,24.8464870453,116.153845674,inside_domain
Physical,9,3,LFQSCWFLJHTTHZ-UHFFFAOYSA-N,ethanol,298.15,1,1,25.02,17.9141044617,9.55039595517,outside_associated_liquid
Physical,9,3,LLEVMYXEJUDBTA-UHFFFAOYSA-N,heptanedinitrile,298.15,0,0,29.71,20.2351016998,22.0308625381,inside_domain
Physical,9,3,LVTYICIALWPMFW-UHFFFAOYSA-N,N-(2-hydroxypropyl)-2-hydroxy-1-propanamine,303.15,3,3,13.87,39.3225097656,21.6555806344,outside_associated_liquid
Physical,9,3,LZJIBRSVPKKOSI-UHFFFAOYSA-O,ethanolammonium nitrate,298.15,2,2,60.9,51.2426719666,20.8289438764,outside_associated_liquid
Physical,9,3,RYHBNJHYFVUHQT-UHFFFAOYSA-N,"1,4-dioxane",298.2,0,0,2.228,11.3241262436,1.10125989107,inside_domain
Physical,9,3,SHQSVMDWKBRBGB-UHFFFAOYSA-N,cyclobutanone,298.15,0,0,14.96,38.0229072571,24.058855292,inside_domain
Physical,9,3,UODQEMVTULZGKO-UHFFFAOYSA-N,"1-pentyl-1-methylpyrrolidinium 1,1,1-trifluoro-N-[(trifluoromethyl)sulfonyl]methanesulfonamide",298.15,0,0,12.5,17.8338031769,24.4937811978,inside_domain
Physical,9,3,UPCXAARSWVHVLY-UHFFFAOYSA-N,triethanolammonium acetate,298.15,4,4,31,55.6320610046,11.4536548979,outside_associated_liquid
Physical,9,3,VRFOKYHDLYBVAL-UHFFFAOYSA-M,1-ethyl-3-methylimidazolium ethyl sulfate,298.15,0,0,35,23.9651165009,45.7566800107,inside_domain
Physical,9,3,XDJYSDBSJWNTQT-UHFFFAOYSA-N,"1-ethyl-2,3-dimethylimidazolium bis[(trifluoromethyl)sulfonyl]imide",298.15,0,0,12.8,22.5527420044,44.2192801694,inside_domain
Physical,9,3,XLYOFNOQVPJJNP-UHFFFAOYSA-N,water,297.575,0,1,78.87,44.6173286438,40.4474006258,outside_associated_liquid
Physical,9,3,YEYKMVJDLWJFOA-UHFFFAOYSA-N,2-propoxyethanol,298.15,1,1,11.5,9.37857532501,11.5122504605,outside_associated_liquid
Physical,9,3,YIWUKEYIRIRTPP-UHFFFAOYSA-N,2-ethyl-1-hexanol,298.2,1,1,7.353,10.8792304993,5.01442556827,outside_associated_liquid
Physical,9,3,ZBCBWPMODOFKDW-UHFFFAOYSA-N,diethanolamine,303.15,3,3,24.69,30.9470996857,10.034846241,outside_associated_liquid
Physical,9,3,IYXGSMUGOJNHAZ-UHFFFAOYSA-N,Diethyl malonate,298.15,0,0,8.03,13.0217638016,9.74006290335,inside_domain
Physical,9,3,SVONRAPFKPVNKG-UHFFFAOYSA-N,"beta-Ethoxyethyl acetate (""Cellosolve"" acetate)",303.15,0,0,7.57,18.1748981476,10.1866881025,inside_domain
Physical,9,3,FDPIMTJIUBPUKL-UHFFFAOYSA-N,3-Pentanone,293.15,0,0,17,12.0600967407,20.6156153797,inside_domain
Physical,9,3,WFCLYEAZTHWNEH-UHFFFAOYSA-N,Ethyl thiocyanate,294.15,0,0,29.3,24.2868423462,32.9129822647,inside_domain
Physical,9,3,YPFDHNVEDLHUCE-UHFFFAOYSA-N,"1,3-Propanediol",293.15,2,2,35,15.9850978851,1.44673551362,outside_associated_liquid
Physical,9,3,SPEUIVXLLWOEMJ-UHFFFAOYSA-N,"1,1-Dimethoxyethane",293.15,0,0,3.49,5.98283338547,8.95630913771,inside_domain
Physical,9,3,WEVYAHXRMPXWCK-UHFFFAOYSA-N,Acetonitrile,293.15,0,0,37.5,41.5810546875,53.5642531651,inside_domain
Physical,9,3,WVDDGKGOMKODPV-UHFFFAOYSA-N,Benzyl alcohol,293.15,1,1,13.1,10.2358236313,5.77594569883,outside_associated_liquid
Physical,9,3,RLSSMJSEOOYNOY-UHFFFAOYSA-N,m-Cresol,298.15,1,1,11.8,12.6651821136,6.72405719621,outside_associated_liquid
Physical,9,3,RDOXTESZEPMUJZ-UHFFFAOYSA-N,Methoxybenzene (Anisole),298.15,0,0,4.33,3.06537628174,3.78240490407,inside_domain
Physical,9,3,YWAKXRMUMFPDSH-UHFFFAOYSA-N,1-Pentene,293.15,0,0,2.1,1.00345206261,1.29861209178,inside_domain
Physical,9,3,RWNKSTSCBHKHTB-UHFFFAOYSA-N,"Hexachloro-1,3-butadiene",298.15,0,0,2.55,2.04277086258,1.1593863388,inside_domain
Physical,9,3,QBELEDRHMPMKHP-UHFFFAOYSA-N,1-Bromo-2-chlorobenzene,293.15,0,0,6.8,12.4819774628,24.1815742763,inside_domain
Physical,9,3,HLLCNVLEVVFTJB-UHFFFAOYSA-N,2-Fluoro-2-methylbutane,293.15,0,0,5.89,4.30174064636,9.61421135256,inside_domain
Physical,9,3,QQONPFPTGQHPMA-UHFFFAOYSA-N,Propene,293.15,0,0,1.875,1.66711866856,1.56210378661,inside_domain
Physical,9,3,BOGRNZQRTNVZCZ-AATRIKPKSA-N,"3-Methyl-1,3-pentadiene",298.15,0,0,2.43,2.13540530205,1.66039772435,inside_domain
Morgan+Physical,9,3,ALYCOCULEAWWJO-UHFFFAOYSA-N,triethylpentylammonium bis(trifluoromethylsulfonyl)imide,298.15,0,0,12.5,13.7473192215,6.67840629363,inside_domain
Morgan+Physical,9,3,BBMCTIGTTCKYKF-UHFFFAOYSA-N,heptan-1-ol,298.15,1,1,12.65,14.2440834045,4.96304294304,outside_associated_liquid
Morgan+Physical,9,3,BKIMMITUMNQMOS-UHFFFAOYSA-N,nonane,298.15,0,0,1.98,3.87524938583,1.10532080108,inside_domain
Morgan+Physical,9,3,BTANRVKWQNVYAZ-UHFFFAOYSA-N,butan-2-ol,298.15,1,1,16.6,11.3611106873,8.35397764198,outside_associated_liquid
Morgan+Physical,9,3,CGZZMOTZOONQIA-UHFFFAOYSA-N,cycloheptanone,298.15,0,0,12.92,12.9654808044,15.0978362101,inside_domain
Morgan+Physical,9,3,DNIAPMSPPWPWGF-UHFFFAOYSA-N,"1,2-propanediol",303.15,2,2,27.87,32.0967788696,15.9608369814,outside_associated_liquid
Morgan+Physical,9,3,FXHOOIRPVKKKFG-UHFFFAOYSA-N,"N,N-dimethylethanamide",303.15,0,0,37.72,22.6185874939,35.5309250609,inside_domain
Morgan+Physical,9,3,HQWOEDCLDNFWEV-UHFFFAOYSA-M,1-ethyl-3-methylimidazolium diethyl phosphate,298.15,0,0,16.9,17.2859840393,96.6466343683,inside_domain
Morgan+Physical,9,3,HZAXFHJVJLSVMW-UHFFFAOYSA-N,2-aminoethan-1-ol,303.15,2,2,31.46,39.3435401917,25.2714322229,outside_associated_liquid
Morgan+Physical,9,3,IEJIGPNLZYLLBP-UHFFFAOYSA-N,dimethyl carbonate,298.15,0,0,3.134,12.8883514404,1.5899816096,inside_domain
Morgan+Physical,9,3,LBHLGZNUPKUZJC-UHFFFAOYSA-N,1-butyl-1-methylpyrrolidinium dicyanamide,298.15,0,0,18,23.7064094543,116.153845674,inside_domain
Morgan+Physical,9,3,LFQSCWFLJHTTHZ-UHFFFAOYSA-N,ethanol,298.15,1,1,25.02,16.0324211121,9.55039595517,outside_associated_liquid
Morgan+Physical,9,3,LLEVMYXEJUDBTA-UHFFFAOYSA-N,heptanedinitrile,298.15,0,0,29.71,21.9983005524,22.0308625381,inside_domain
Morgan+Physical,9,3,LVTYICIALWPMFW-UHFFFAOYSA-N,N-(2-hydroxypropyl)-2-hydroxy-1-propanamine,303.15,3,3,13.87,29.0999069214,21.6555806344,outside_associated_liquid
Morgan+Physical,9,3,LZJIBRSVPKKOSI-UHFFFAOYSA-O,ethanolammonium nitrate,298.15,2,2,60.9,36.9948616028,20.8289438764,outside_associated_liquid
Morgan+Physical,9,3,RYHBNJHYFVUHQT-UHFFFAOYSA-N,"1,4-dioxane",298.2,0,0,2.228,12.1028909683,1.10125989107,inside_domain
Morgan+Physical,9,3,SHQSVMDWKBRBGB-UHFFFAOYSA-N,cyclobutanone,298.15,0,0,14.96,26.8001708984,24.058855292,inside_domain
Morgan+Physical,9,3,UODQEMVTULZGKO-UHFFFAOYSA-N,"1-pentyl-1-methylpyrrolidinium 1,1,1-trifluoro-N-[(trifluoromethyl)sulfonyl]methanesulfonamide",298.15,0,0,12.5,15.451833725,24.4937811978,inside_domain
Morgan+Physical,9,3,UPCXAARSWVHVLY-UHFFFAOYSA-N,triethanolammonium acetate,298.15,4,4,31,52.6003265381,11.4536548979,outside_associated_liquid
Morgan+Physical,9,3,VRFOKYHDLYBVAL-UHFFFAOYSA-M,1-ethyl-3-methylimidazolium ethyl sulfate,298.15,0,0,35,18.2301712036,45.7566800107,inside_domain
Morgan+Physical,9,3,XDJYSDBSJWNTQT-UHFFFAOYSA-N,"1-ethyl-2,3-dimethylimidazolium bis[(trifluoromethyl)sulfonyl]imide",298.15,0,0,12.8,19.1007041931,44.2192801694,inside_domain
Morgan+Physical,9,3,XLYOFNOQVPJJNP-UHFFFAOYSA-N,water,297.575,0,1,78.87,32.2054672241,40.4474006258,outside_associated_liquid
Morgan+Physical,9,3,YEYKMVJDLWJFOA-UHFFFAOYSA-N,2-propoxyethanol,298.15,1,1,11.5,10.8187255859,11.5122504605,outside_associated_liquid
Morgan+Physical,9,3,YIWUKEYIRIRTPP-UHFFFAOYSA-N,2-ethyl-1-hexanol,298.2,1,1,7.353,12.3447055817,5.01442556827,outside_associated_liquid
Morgan+Physical,9,3,ZBCBWPMODOFKDW-UHFFFAOYSA-N,diethanolamine,303.15,3,3,24.69,26.9465484619,10.034846241,outside_associated_liquid
Morgan+Physical,9,3,IYXGSMUGOJNHAZ-UHFFFAOYSA-N,Diethyl malonate,298.15,0,0,8.03,13.8345708847,9.74006290335,inside_domain
Morgan+Physical,9,3,SVONRAPFKPVNKG-UHFFFAOYSA-N,"beta-Ethoxyethyl acetate (""Cellosolve"" acetate)",303.15,0,0,7.57,12.8637447357,10.1866881025,inside_domain
Morgan+Physical,9,3,FDPIMTJIUBPUKL-UHFFFAOYSA-N,3-Pentanone,293.15,0,0,17,12.8036136627,20.6156153797,inside_domain
Morgan+Physical,9,3,WFCLYEAZTHWNEH-UHFFFAOYSA-N,Ethyl thiocyanate,294.15,0,0,29.3,23.4265861511,32.9129822647,inside_domain
Morgan+Physical,9,3,YPFDHNVEDLHUCE-UHFFFAOYSA-N,"1,3-Propanediol",293.15,2,2,35,19.4655475616,1.44673551362,outside_associated_liquid
Morgan+Physical,9,3,SPEUIVXLLWOEMJ-UHFFFAOYSA-N,"1,1-Dimethoxyethane",293.15,0,0,3.49,6.53602647781,8.95630913771,inside_domain
Morgan+Physical,9,3,WEVYAHXRMPXWCK-UHFFFAOYSA-N,Acetonitrile,293.15,0,0,37.5,33.193561554,53.5642531651,inside_domain
Morgan+Physical,9,3,WVDDGKGOMKODPV-UHFFFAOYSA-N,Benzyl alcohol,293.15,1,1,13.1,13.897485733,5.77594569883,outside_associated_liquid
Morgan+Physical,9,3,RLSSMJSEOOYNOY-UHFFFAOYSA-N,m-Cresol,298.15,1,1,11.8,11.2517871857,6.72405719621,outside_associated_liquid
Morgan+Physical,9,3,RDOXTESZEPMUJZ-UHFFFAOYSA-N,Methoxybenzene (Anisole),298.15,0,0,4.33,4.39874076843,3.78240490407,inside_domain
Morgan+Physical,9,3,YWAKXRMUMFPDSH-UHFFFAOYSA-N,1-Pentene,293.15,0,0,2.1,2.82713699341,1.29861209178,inside_domain
Morgan+Physical,9,3,RWNKSTSCBHKHTB-UHFFFAOYSA-N,"Hexachloro-1,3-butadiene",298.15,0,0,2.55,17.2010536194,1.1593863388,inside_domain
Morgan+Physical,9,3,QBELEDRHMPMKHP-UHFFFAOYSA-N,1-Bromo-2-chlorobenzene,293.15,0,0,6.8,9.72197818756,24.1815742763,inside_domain
Morgan+Physical,9,3,HLLCNVLEVVFTJB-UHFFFAOYSA-N,2-Fluoro-2-methylbutane,293.15,0,0,5.89,5.20355367661,9.61421135256,inside_domain
Morgan+Physical,9,3,QQONPFPTGQHPMA-UHFFFAOYSA-N,Propene,293.15,0,0,1.875,4.40464019775,1.56210378661,inside_domain
Morgan+Physical,9,3,BOGRNZQRTNVZCZ-AATRIKPKSA-N,"3-Methyl-1,3-pentadiene",298.15,0,0,2.43,5.90712356567,1.66039772435,inside_domain
Morgan,9,4,BAPJBEWLBFYGME-UHFFFAOYSA-N,methyl propenoate,298.15,0,0,7.021,14.4324493408,7.29190026496,inside_domain
Morgan,9,4,BDERNNFJNOPAEC-UHFFFAOYSA-N,propan-1-ol,298.15,1,1,21.3,16.8099060059,10.28867817,outside_associated_liquid
Morgan,9,4,BTNXBLUGMAMSSH-UHFFFAOYSA-N,octanedinitrile,298.15,0,0,25.94,31.0989074707,22.1540981947,inside_domain
Morgan,9,4,FRZPYEHDSAQGAS-UHFFFAOYSA-M,1-butyl-3-methylimidazolium trifluoromethanesulfonate,298.15,0,0,12.9,23.8016757965,53.1539772418,inside_domain
Morgan,9,4,GSEJCLTVZPLZKY-UHFFFAOYSA-N,triethanolamine,303.15,3,3,28.11,32.1652755737,8.50333947546,outside_associated_liquid
Morgan,9,4,JIGUQPWFLRLWPJ-UHFFFAOYSA-N,ethyl propenoate,298.15,0,0,6.209,9.01723384857,13.7902225059,inside_domain
Morgan,9,4,KBPLFHHGFOOTCA-UHFFFAOYSA-N,octan-1-ol,298.15,1,1,10.66,15.6119728088,4.22641786179,outside_associated_liquid
Morgan,9,4,KLTUZFZUYLXTFF-UHFFFAOYSA-N,1-(2-hydroxyethyl)-3-methylimidazolium tetrafluoroborate,298.15,1,1,23.3,22.9113426208,82.1073071673,outside_associated_liquid
Morgan,9,4,MTHSVFCYNBDYFN-UHFFFAOYSA-N,diethylene glycol,298.15,2,2,30.95,22.7165431976,11.7806957518,outside_associated_liquid
Morgan,9,4,MWKFXSUHUHTGQN-UHFFFAOYSA-N,decan-1-ol,298.15,1,1,7.74,15.6119728088,3.3156322585,outside_associated_liquid
Morgan,9,4,UAEPNZWRGJTJPN-UHFFFAOYSA-N,methylcyclohexane,298.2,0,0,2.01,8.55882358551,1.10998539605,inside_domain
Morgan,9,4,WYJOVVXUZNRJQY-UHFFFAOYSA-N,2-acetylthiophene,298.15,0,0,29.19,16.4050388336,26.4529603231,inside_domain
Morgan,9,4,XDTMQSROBMDMFD-UHFFFAOYSA-N,cyclohexane,298.15,0,0,2.02,10.3940515518,1.10684113993,inside_domain
Morgan,9,4,ZPTRYWVRCNOTAS-UHFFFAOYSA-M,1-ethyl-3-methylimidazolium trifluoromethanesulfonate,298.15,0,0,16.5,22.7079868317,17.4010984828,inside_domain
Morgan,9,4,ZSIAUFGUXNUGDI-UHFFFAOYSA-N,hexan-1-ol,298.15,1,1,14.26,15.6119728088,5.23133673613,outside_associated_liquid
Morgan,9,4,ZUHZGEOKBKGPSW-UHFFFAOYSA-N,"2,5,8,11,14-pentaoxapentadecane",298.15,0,0,7.798,7.22421884537,10.2230813729,inside_domain
Morgan,9,4,ZXEKIIBDNHEJCQ-UHFFFAOYSA-N,2-methyl-1-propanol,298.15,1,1,17.96,18.4915485382,5.2814866108,outside_associated_liquid
Morgan,9,4,HXDLWJWIAHWIKI-UHFFFAOYSA-N,beta-Hydroxyethyl acetate (Glycol monoacetate),303.15,1,1,13,29.2725009918,9.74097362491,outside_associated_liquid
Morgan,9,4,GJRQTCIYDGXPES-UHFFFAOYSA-N,Isobutyl acetate,293.15,0,0,5.29,14.0047178268,8.50004501778,inside_domain
Morgan,9,4,CSCPPACGZOOCGX-UHFFFAOYSA-N,Acetone,298.15,0,0,20.7,17.1761074066,29.9937881156,inside_domain
Morgan,9,4,HEBKCHPVOIAQTA-NGQZWQHPSA-N,Xylitol,293.15,5,5,40,36.4253959656,16.2882582546,outside_associated_liquid
Morgan,9,4,SQYNKIJPMDEDEG-UHFFFAOYSA-N,Paraldehyde,298.15,0,0,13.9,8.84926319122,1.56759076609,inside_domain
Morgan,9,4,GWYFCOCPABKNJV-UHFFFAOYSA-N,Isovaleric acid,293.15,1,1,2.64,21.3525600433,5.90016995209,outside_associated_liquid
Morgan,9,4,ISPYQTSUDJAMAB-UHFFFAOYSA-N,o-Chlorophenol,298.15,1,1,6.31,8.72964763641,2.71741653544,outside_associated_liquid
Morgan,9,4,LCGLNKUTAGEVQW-UHFFFAOYSA-N,Methyl ether,298.15,0,0,5.02,7.02819824219,8.12045219138,inside_domain
Morgan,9,4,XCIXKGXIYUWCLL-UHFFFAOYSA-N,Cyclopentanol,293.15,1,1,18,12.4997749329,6.20107699779,outside_associated_liquid
Morgan,9,4,HTSABYAWKQAHBT-UHFFFAOYSA-N,3-Methylcyclohexanol,293.15,1,1,12.3,10.6645469666,4.10543593176,outside_associated_liquid
Morgan,9,4,MVPPADPHJFYWMZ-UHFFFAOYSA-N,Chlorobenzene,298.15,0,0,5.621,7.74602556229,6.2681341664,inside_domain
Morgan,9,4,FOTXAJDDGPYIFU-UHFFFAOYSA-N,Ethylcyclopropane,293.15,0,0,1.933,6.95293712616,1.15468220207,inside_domain
Morgan,9,4,UHOVQNZJYSORNB-UHFFFAOYSA-N,Benzene,293.15,0,0,2.284,10.6844911575,1.12590545146,inside_domain
Morgan,9,4,NEZRFXZYPAIZAD-UHFFFAOYSA-N,Ethylcyclobutane,293.15,0,0,1.965,6.95293712616,1.12524438408,inside_domain
Morgan,9,4,ZQDPJFUHLCOCRG-AATRIKPKSA-N,trans-3-Hexene,298.15,0,0,2,6.32984638214,1.10808604929,inside_domain
Morgan,9,4,JSRLURSZEMLAFO-UHFFFAOYSA-N,m-Dibromobenzene,293.15,0,0,4.8,9.07241249084,15.1734627111,inside_domain
Morgan,9,4,RFFLAFLAYFXFSW-UHFFFAOYSA-N,o-Dichlorobenzene,298.15,0,0,9.93,6.43180322647,10.2507478883,inside_domain
Morgan,9,4,SFPQFQUXAJOWNF-UHFFFAOYSA-N,m-Diiodobenzene,298.15,0,0,4.25,9.07241249084,13.6499299113,inside_domain
Morgan,9,4,YLQBMQCUIZJEEH-UHFFFAOYSA-N,Furan,298.15,0,0,2.95,10.6844911575,1.38878820797,inside_domain
Morgan,9,4,OEPRBXUJOQLYID-UHFFFAOYSA-N,1-Fluoropentane,293.15,0,0,4.24,9.31789779663,9.3663047404,inside_domain
Morgan,9,4,QARVLSVVCXYDNA-UHFFFAOYSA-N,Bromobenzene,298.15,0,0,5.4,9.07241249084,21.0611689365,inside_domain
Morgan,9,4,SNHMUERNLJLMHN-UHFFFAOYSA-N,Iodobenzene,293.15,0,0,4.63,9.07241249084,20.9443272724,inside_domain
Morgan,9,4,PMJHHCWVYXUKFD-SNAWJCMRSA-N,"1,3-Pentadiene",298.15,0,0,2.32,8.84926319122,1.87012388355,inside_domain
Morgan,9,4,RRHGJUQNOFWUDK-UHFFFAOYSA-N,"2-Methyl-1,3-butadiene (Isoprene)",298.15,0,0,2.1,10.6369714737,1.33056486908,inside_domain
Physical,9,4,BAPJBEWLBFYGME-UHFFFAOYSA-N,methyl propenoate,298.15,0,0,7.021,10.805018425,7.29190026496,inside_domain
Physical,9,4,BDERNNFJNOPAEC-UHFFFAOYSA-N,propan-1-ol,298.15,1,1,21.3,17.3177146912,10.28867817,outside_associated_liquid
Physical,9,4,BTNXBLUGMAMSSH-UHFFFAOYSA-N,octanedinitrile,298.15,0,0,25.94,17.3567295074,22.1540981947,inside_domain
Physical,9,4,FRZPYEHDSAQGAS-UHFFFAOYSA-M,1-butyl-3-methylimidazolium trifluoromethanesulfonate,298.15,0,0,12.9,21.5371303558,53.1539772418,inside_domain
Physical,9,4,GSEJCLTVZPLZKY-UHFFFAOYSA-N,triethanolamine,303.15,3,3,28.11,25.3096218109,8.50333947546,outside_associated_liquid
Physical,9,4,JIGUQPWFLRLWPJ-UHFFFAOYSA-N,ethyl propenoate,298.15,0,0,6.209,10.0406923294,13.7902225059,inside_domain
Physical,9,4,KBPLFHHGFOOTCA-UHFFFAOYSA-N,octan-1-ol,298.15,1,1,10.66,9.82979106903,4.22641786179,outside_associated_liquid
Physical,9,4,KLTUZFZUYLXTFF-UHFFFAOYSA-N,1-(2-hydroxyethyl)-3-methylimidazolium tetrafluoroborate,298.15,1,1,23.3,21.6780529022,82.1073071673,outside_associated_liquid
Physical,9,4,MTHSVFCYNBDYFN-UHFFFAOYSA-N,diethylene glycol,298.15,2,2,30.95,21.2354393005,11.7806957518,outside_associated_liquid
Physical,9,4,MWKFXSUHUHTGQN-UHFFFAOYSA-N,decan-1-ol,298.15,1,1,7.74,10.223072052,3.3156322585,outside_associated_liquid
Physical,9,4,UAEPNZWRGJTJPN-UHFFFAOYSA-N,methylcyclohexane,298.2,0,0,2.01,3.96196436882,1.10998539605,inside_domain
Physical,9,4,WYJOVVXUZNRJQY-UHFFFAOYSA-N,2-acetylthiophene,298.15,0,0,29.19,15.3568725586,26.4529603231,inside_domain
Physical,9,4,XDTMQSROBMDMFD-UHFFFAOYSA-N,cyclohexane,298.15,0,0,2.02,2.97648644447,1.10684113993,inside_domain
Physical,9,4,ZPTRYWVRCNOTAS-UHFFFAOYSA-M,1-ethyl-3-methylimidazolium trifluoromethanesulfonate,298.15,0,0,16.5,19.0284328461,17.4010984828,inside_domain
Physical,9,4,ZSIAUFGUXNUGDI-UHFFFAOYSA-N,hexan-1-ol,298.15,1,1,14.26,11.7435274124,5.23133673613,outside_associated_liquid
Physical,9,4,ZUHZGEOKBKGPSW-UHFFFAOYSA-N,"2,5,8,11,14-pentaoxapentadecane",298.15,0,0,7.798,9.86029529572,10.2230813729,inside_domain
Physical,9,4,ZXEKIIBDNHEJCQ-UHFFFAOYSA-N,2-methyl-1-propanol,298.15,1,1,17.96,17.0440940857,5.2814866108,outside_associated_liquid
Physical,9,4,HXDLWJWIAHWIKI-UHFFFAOYSA-N,beta-Hydroxyethyl acetate (Glycol monoacetate),303.15,1,1,13,19.691444397,9.74097362491,outside_associated_liquid
Physical,9,4,GJRQTCIYDGXPES-UHFFFAOYSA-N,Isobutyl acetate,293.15,0,0,5.29,6.4183139801,8.50004501778,inside_domain
Physical,9,4,CSCPPACGZOOCGX-UHFFFAOYSA-N,Acetone,298.15,0,0,20.7,22.4603977203,29.9937881156,inside_domain
Physical,9,4,HEBKCHPVOIAQTA-NGQZWQHPSA-N,Xylitol,293.15,5,5,40,31.9456806183,16.2882582546,outside_associated_liquid
Physical,9,4,SQYNKIJPMDEDEG-UHFFFAOYSA-N,Paraldehyde,298.15,0,0,13.9,5.13029575348,1.56759076609,inside_domain
Physical,9,4,GWYFCOCPABKNJV-UHFFFAOYSA-N,Isovaleric acid,293.15,1,1,2.64,17.1160469055,5.90016995209,outside_associated_liquid
Physical,9,4,ISPYQTSUDJAMAB-UHFFFAOYSA-N,o-Chlorophenol,298.15,1,1,6.31,13.6974630356,2.71741653544,outside_associated_liquid
Physical,9,4,LCGLNKUTAGEVQW-UHFFFAOYSA-N,Methyl ether,298.15,0,0,5.02,11.3061971664,8.12045219138,inside_domain
Physical,9,4,XCIXKGXIYUWCLL-UHFFFAOYSA-N,Cyclopentanol,293.15,1,1,18,14.5844926834,6.20107699779,outside_associated_liquid
Physical,9,4,HTSABYAWKQAHBT-UHFFFAOYSA-N,3-Methylcyclohexanol,293.15,1,1,12.3,15.5856151581,4.10543593176,outside_associated_liquid
Physical,9,4,MVPPADPHJFYWMZ-UHFFFAOYSA-N,Chlorobenzene,298.15,0,0,5.621,5.22103691101,6.2681341664,inside_domain
Physical,9,4,FOTXAJDDGPYIFU-UHFFFAOYSA-N,Ethylcyclopropane,293.15,0,0,1.933,3.69106554985,1.15468220207,inside_domain
Physical,9,4,UHOVQNZJYSORNB-UHFFFAOYSA-N,Benzene,293.15,0,0,2.284,1.50610554218,1.12590545146,inside_domain
Physical,9,4,NEZRFXZYPAIZAD-UHFFFAOYSA-N,Ethylcyclobutane,293.15,0,0,1.965,2.95790958405,1.12524438408,inside_domain
Physical,9,4,ZQDPJFUHLCOCRG-AATRIKPKSA-N,trans-3-Hexene,298.15,0,0,2,2.28966546059,1.10808604929,inside_domain
Physical,9,4,JSRLURSZEMLAFO-UHFFFAOYSA-N,m-Dibromobenzene,293.15,0,0,4.8,3.97291922569,15.1734627111,inside_domain
Physical,9,4,RFFLAFLAYFXFSW-UHFFFAOYSA-N,o-Dichlorobenzene,298.15,0,0,9.93,4.13445949554,10.2507478883,inside_domain
Physical,9,4,SFPQFQUXAJOWNF-UHFFFAOYSA-N,m-Diiodobenzene,298.15,0,0,4.25,3.44135951996,13.6499299113,inside_domain
Physical,9,4,YLQBMQCUIZJEEH-UHFFFAOYSA-N,Furan,298.15,0,0,2.95,7.73645591736,1.38878820797,inside_domain
Physical,9,4,OEPRBXUJOQLYID-UHFFFAOYSA-N,1-Fluoropentane,293.15,0,0,4.24,5.27986812592,9.3663047404,inside_domain
Physical,9,4,QARVLSVVCXYDNA-UHFFFAOYSA-N,Bromobenzene,298.15,0,0,5.4,8.8152217865,21.0611689365,inside_domain
Physical,9,4,SNHMUERNLJLMHN-UHFFFAOYSA-N,Iodobenzene,293.15,0,0,4.63,7.78260803223,20.9443272724,inside_domain
Physical,9,4,PMJHHCWVYXUKFD-SNAWJCMRSA-N,"1,3-Pentadiene",298.15,0,0,2.32,4.61636543274,1.87012388355,inside_domain
Physical,9,4,RRHGJUQNOFWUDK-UHFFFAOYSA-N,"2-Methyl-1,3-butadiene (Isoprene)",298.15,0,0,2.1,4.31469249725,1.33056486908,inside_domain
Morgan+Physical,9,4,BAPJBEWLBFYGME-UHFFFAOYSA-N,methyl propenoate,298.15,0,0,7.021,12.6187343597,7.29190026496,inside_domain
Morgan+Physical,9,4,BDERNNFJNOPAEC-UHFFFAOYSA-N,propan-1-ol,298.15,1,1,21.3,17.0638103485,10.28867817,outside_associated_liquid
Morgan+Physical,9,4,BTNXBLUGMAMSSH-UHFFFAOYSA-N,octanedinitrile,298.15,0,0,25.94,24.2278175354,22.1540981947,inside_domain
Morgan+Physical,9,4,FRZPYEHDSAQGAS-UHFFFAOYSA-M,1-butyl-3-methylimidazolium trifluoromethanesulfonate,298.15,0,0,12.9,22.6694030762,53.1539772418,inside_domain
Morgan+Physical,9,4,GSEJCLTVZPLZKY-UHFFFAOYSA-N,triethanolamine,303.15,3,3,28.11,28.737449646,8.50333947546,outside_associated_liquid
Morgan+Physical,9,4,JIGUQPWFLRLWPJ-UHFFFAOYSA-N,ethyl propenoate,298.15,0,0,6.209,9.52896308899,13.7902225059,inside_domain
Morgan+Physical,9,4,KBPLFHHGFOOTCA-UHFFFAOYSA-N,octan-1-ol,298.15,1,1,10.66,12.7208824158,4.22641786179,outside_associated_liquid
Morgan+Physical,9,4,KLTUZFZUYLXTFF-UHFFFAOYSA-N,1-(2-hydroxyethyl)-3-methylimidazolium tetrafluoroborate,298.15,1,1,23.3,22.2946968079,82.1073071673,outside_associated_liquid
Morgan+Physical,9,4,MTHSVFCYNBDYFN-UHFFFAOYSA-N,diethylene glycol,298.15,2,2,30.95,21.9759902954,11.7806957518,outside_associated_liquid
Morgan+Physical,9,4,MWKFXSUHUHTGQN-UHFFFAOYSA-N,decan-1-ol,298.15,1,1,7.74,12.9175224304,3.3156322585,outside_associated_liquid
Morgan+Physical,9,4,UAEPNZWRGJTJPN-UHFFFAOYSA-N,methylcyclohexane,298.2,0,0,2.01,6.26039409637,1.10998539605,inside_domain
Morgan+Physical,9,4,WYJOVVXUZNRJQY-UHFFFAOYSA-N,2-acetylthiophene,298.15,0,0,29.19,15.8809556961,26.4529603231,inside_domain
Morgan+Physical,9,4,XDTMQSROBMDMFD-UHFFFAOYSA-N,cyclohexane,298.15,0,0,2.02,6.68526887894,1.10684113993,inside_domain
Morgan+Physical,9,4,ZPTRYWVRCNOTAS-UHFFFAOYSA-M,1-ethyl-3-methylimidazolium trifluoromethanesulfonate,298.15,0,0,16.5,20.8682098389,17.4010984828,inside_domain
Morgan+Physical,9,4,ZSIAUFGUXNUGDI-UHFFFAOYSA-N,hexan-1-ol,298.15,1,1,14.26,13.6777496338,5.23133673613,outside_associated_liquid
Morgan+Physical,9,4,ZUHZGEOKBKGPSW-UHFFFAOYSA-N,"2,5,8,11,14-pentaoxapentadecane",298.15,0,0,7.798,8.54225730896,10.2230813729,inside_domain
Morgan+Physical,9,4,ZXEKIIBDNHEJCQ-UHFFFAOYSA-N,2-methyl-1-propanol,298.15,1,1,17.96,17.7678222656,5.2814866108,outside_associated_liquid
Morgan+Physical,9,4,HXDLWJWIAHWIKI-UHFFFAOYSA-N,beta-Hydroxyethyl acetate (Glycol monoacetate),303.15,1,1,13,24.4819717407,9.74097362491,outside_associated_liquid
Morgan+Physical,9,4,GJRQTCIYDGXPES-UHFFFAOYSA-N,Isobutyl acetate,293.15,0,0,5.29,10.2115154266,8.50004501778,inside_domain
Morgan+Physical,9,4,CSCPPACGZOOCGX-UHFFFAOYSA-N,Acetone,298.15,0,0,20.7,19.8182525635,29.9937881156,inside_domain
Morgan+Physical,9,4,HEBKCHPVOIAQTA-NGQZWQHPSA-N,Xylitol,293.15,5,5,40,34.1855392456,16.2882582546,outside_associated_liquid
Morgan+Physical,9,4,SQYNKIJPMDEDEG-UHFFFAOYSA-N,Paraldehyde,298.15,0,0,13.9,6.98977947235,1.56759076609,inside_domain
Morgan+Physical,9,4,GWYFCOCPABKNJV-UHFFFAOYSA-N,Isovaleric acid,293.15,1,1,2.64,19.2343025208,5.90016995209,outside_associated_liquid
Morgan+Physical,9,4,ISPYQTSUDJAMAB-UHFFFAOYSA-N,o-Chlorophenol,298.15,1,1,6.31,11.213555336,2.71741653544,outside_associated_liquid
Morgan+Physical,9,4,LCGLNKUTAGEVQW-UHFFFAOYSA-N,Methyl ether,298.15,0,0,5.02,9.16719818115,8.12045219138,inside_domain
Morgan+Physical,9,4,XCIXKGXIYUWCLL-UHFFFAOYSA-N,Cyclopentanol,293.15,1,1,18,13.5421333313,6.20107699779,outside_associated_liquid
Morgan+Physical,9,4,HTSABYAWKQAHBT-UHFFFAOYSA-N,3-Methylcyclohexanol,293.15,1,1,12.3,13.1250810623,4.10543593176,outside_associated_liquid
Morgan+Physical,9,4,MVPPADPHJFYWMZ-UHFFFAOYSA-N,Chlorobenzene,298.15,0,0,5.621,6.48353099823,6.2681341664,inside_domain
Morgan+Physical,9,4,FOTXAJDDGPYIFU-UHFFFAOYSA-N,Ethylcyclopropane,293.15,0,0,1.933,5.32200145721,1.15468220207,inside_domain
Morgan+Physical,9,4,UHOVQNZJYSORNB-UHFFFAOYSA-N,Benzene,293.15,0,0,2.284,6.09529829025,1.12590545146,inside_domain
Morgan+Physical,9,4,NEZRFXZYPAIZAD-UHFFFAOYSA-N,Ethylcyclobutane,293.15,0,0,1.965,4.9554233551,1.12524438408,inside_domain
Morgan+Physical,9,4,ZQDPJFUHLCOCRG-AATRIKPKSA-N,trans-3-Hexene,298.15,0,0,2,4.30975580215,1.10808604929,inside_domain
Morgan+Physical,9,4,JSRLURSZEMLAFO-UHFFFAOYSA-N,m-Dibromobenzene,293.15,0,0,4.8,6.52266597748,15.1734627111,inside_domain
Morgan+Physical,9,4,RFFLAFLAYFXFSW-UHFFFAOYSA-N,o-Dichlorobenzene,298.15,0,0,9.93,5.28313159943,10.2507478883,inside_domain
Morgan+Physical,9,4,SFPQFQUXAJOWNF-UHFFFAOYSA-N,m-Diiodobenzene,298.15,0,0,4.25,6.2568860054,13.6499299113,inside_domain
Morgan+Physical,9,4,YLQBMQCUIZJEEH-UHFFFAOYSA-N,Furan,298.15,0,0,2.95,9.21047401428,1.38878820797,inside_domain
Morgan+Physical,9,4,OEPRBXUJOQLYID-UHFFFAOYSA-N,1-Fluoropentane,293.15,0,0,4.24,7.29888296127,9.3663047404,inside_domain
Morgan+Physical,9,4,QARVLSVVCXYDNA-UHFFFAOYSA-N,Bromobenzene,298.15,0,0,5.4,8.94381713867,21.0611689365,inside_domain
Morgan+Physical,9,4,SNHMUERNLJLMHN-UHFFFAOYSA-N,Iodobenzene,293.15,0,0,4.63,8.42751026154,20.9443272724,inside_domain
Morgan+Physical,9,4,PMJHHCWVYXUKFD-SNAWJCMRSA-N,"1,3-Pentadiene",298.15,0,0,2.32,6.73281431198,1.87012388355,inside_domain
Morgan+Physical,9,4,RRHGJUQNOFWUDK-UHFFFAOYSA-N,"2-Methyl-1,3-butadiene (Isoprene)",298.15,0,0,2.1,7.47583198547,1.33056486908,inside_domain
