inchikey,name,pubchem_cid,mp_C,mp_unit,mp_raw,mp_depositor,mp_reference_number,mp_selection_rule,mp_peer_reviewed,mp_confidence,mp_conflict,mp_n_values,mp_n_parsed,mp_alt_min_C,mp_alt_max_C,has_mp,bp_C,bp_unit,bp_raw,bp_depositor,bp_reference_number,bp_selection_rule,bp_peer_reviewed,bp_confidence,bp_conflict,bp_n_values,bp_n_parsed,bp_alt_min_C,bp_alt_max_C,has_bp,flash_point_C,flash_point_unit,flash_point_raw,flash_point_depositor,flash_point_reference_number,flash_point_selection_rule,flash_point_peer_reviewed,flash_point_confidence,flash_point_conflict,flash_point_n_values,flash_point_n_parsed,flash_point_alt_min_C,flash_point_alt_max_C,has_flash_point,density_g_cm3,density_unit,density_raw,density_depositor,density_reference_number,density_selection_rule,density_peer_reviewed,density_confidence,density_conflict,density_n_values,density_n_parsed,density_alt_min,density_alt_max,has_density,density_subtype,density_is_absolute_g_cm3,source_kind,quality_layer
AFBPFSWMIHJQDM-UHFFFAOYSA-N,N-methylaniline,7515,-57,degC,-57 °C,Hazardous Substances Data Bank (HSDB),32,peer_reviewed_first_then_lower_median,true,high,false,6,6,-57.2222,-57,true,196.25,degC,196.25 °C,Hazardous Substances Data Bank (HSDB),32,peer_reviewed_first_then_lower_median,true,high,false,6,6,195.5556,196.2778,true,79.4444,degC,175 °F CC,Hazardous Substances Data Bank (HSDB),32,peer_reviewed_first_then_lower_median,true,high,false,6,6,79.4444,79.5,true,0.99,relative,Relative density (water = 1): 0.99,ILO-WHO International Chemical Safety Cards (ICSCs),40,absolute_then_relative_then_unspecified; peer_reviewed_first; lower_median,false,low,false,6,6,0.989,0.99,true,relative,false,compilation,filter_only
AILKHAQXUAOOFU-UHFFFAOYSA-N,hexanenitrile,12352,,,,,,,,absent,false,0,0,,,false,163.6,degC,163.6 °C @760 [mm Hg],"PAC Chemical Database, U.S. Department of Energy",30,peer_reviewed_first_then_lower_median,false,low,false,1,1,163.6,163.6,true,,,,,,,,absent,false,0,0,,,false,,,,,,,,absent,false,0,0,,,false,,false,compilation,filter_only
ALYCOCULEAWWJO-UHFFFAOYSA-N,triethylpentylammonium bis(trifluoromethylsulfonyl)imide,53384372,,,,,,,,absent,false,0,0,,,false,,,,,,,,absent,false,0,0,,,false,,,,,,,,absent,false,0,0,,,false,,,,,,,,absent,false,0,0,,,false,,false,compilation,filter_only
AMQJEAYHLZJPGS-UHFFFAOYSA-N,pentan-1-ol,6276,-79,degC,-79 °C,Hazardous Substances Data Bank (HSDB),33,peer_reviewed_first_then_lower_median,true,high,false,4,4,-79,-78.8889,true,137.5,degC,137.5 °C,Hazardous Substances Data Bank (HSDB),33,peer_reviewed_first_then_lower_median,true,high,false,5,5,136,138,true,33,degC,91 °F (33 °C) (CLOSED CUP),Hazardous Substances Data Bank (HSDB),33,peer_reviewed_first_then_lower_median,true,medium,true,4,4,32.7778,43,true,0.8,relative,Relative density (water = 1): 0.8,ILO-WHO International Chemical Safety Cards (ICSCs),43,absolute_then_relative_then_unspecified; peer_reviewed_first; lower_median,false,low,true,5,4,0.8,0.818,true,relative,false,compilation,filter_only
APPOKADJQUIAHP-UHFFFAOYSA-N,"2,4-Hexadiene",11600,,,,,,,,absent,false,0,0,,,false,,,,,,,,absent,false,0,0,,,false,,,,,,,,absent,false,0,0,,,false,,,,,,,,absent,false,0,0,,,false,,false,compilation,filter_only
AQIXEPGDORPWBJ-UHFFFAOYSA-N,3-pentanol,11428,-8,degC,-8 °C,ILO-WHO International Chemical Safety Cards (ICSCs),24,peer_reviewed_first_then_lower_median,false,low,false,1,1,-8,-8,true,116,degC,116 °C,ILO-WHO International Chemical Safety Cards (ICSCs),24,peer_reviewed_first_then_lower_median,false,low,false,1,1,116,116,true,30,degC,30 °C c.c.,ILO-WHO International Chemical Safety Cards (ICSCs),24,peer_reviewed_first_then_lower_median,false,low,false,1,1,30,30,true,0.8,relative,Relative density (water = 1): 0.8,ILO-WHO International Chemical Safety Cards (ICSCs),24,absolute_then_relative_then_unspecified; peer_reviewed_first; lower_median,false,low,false,1,1,0.8,0.8,true,relative,false,compilation,filter_only
ATHHXGZTWNVVOU-UHFFFAOYSA-N,N-methylformamide,31254,-5.4,degC,-5.4 °C,Hazardous Substances Data Bank (HSDB),26,peer_reviewed_first_then_lower_median,true,medium,true,4,4,-40,-3,true,185,degC,180-185 °C,Hazardous Substances Data Bank (HSDB),26,peer_reviewed_first_then_lower_median,true,medium,true,3,3,182.5,185,true,98,degC,98 °C,Hazardous Substances Data Bank (HSDB),26,peer_reviewed_first_then_lower_median,true,high,false,3,3,97.7778,98,true,0.9961,g/cm3,0.9961 g/cu cm @ 25 °C,Hazardous Substances Data Bank (HSDB),26,absolute_then_relative_then_unspecified; peer_reviewed_first; lower_median,true,high,false,4,4,0.9961,1.011,true,absolute,true,compilation,filter_only
BAPJBEWLBFYGME-UHFFFAOYSA-N,methyl propenoate,7294,-75.6,degC,-75.6 °C,Hazardous Substances Data Bank (HSDB),67,peer_reviewed_first_then_lower_median,true,medium,true,7,7,-76.6667,76.5,true,70,degC,Boiling point: 70 °C at 608 mm Hg; 60 °C at 428 mm Hg; 50 °C at 298 mm Hg; 40 °C at 200 mm Hg; 20 °C at 88 mm Hg; 10 °C at 54 °C; 5 °C at 41.5 mm Hg; 0 °C at 32 mm Hg; -5 °C at 24.5 mm Hg; - 10 °C at 18.5 mm Hg,Hazardous Substances Data Bank (HSDB),67,peer_reviewed_first_then_lower_median,true,medium,true,8,8,70,85,true,-3,degC,-3 °C (27 °F) - closed cup,Hazardous Substances Data Bank (HSDB),67,peer_reviewed_first_then_lower_median,true,medium,true,6,6,-3,6.6667,true,0.9535,g/cm3,0.9535 g/cu cm at 20 °C,Hazardous Substances Data Bank (HSDB),67,absolute_then_relative_then_unspecified; peer_reviewed_first; lower_median,true,high,false,9,6,0.95,0.96,true,absolute,true,compilation,filter_only
BBMCTIGTTCKYKF-UHFFFAOYSA-N,heptan-1-ol,8129,-34.6,degC,-34.6 °C,Hazardous Substances Data Bank (HSDB),32,peer_reviewed_first_then_lower_median,true,high,false,5,5,-34.6,-33.8889,true,155.6,degC,BP: 155.6 °C at 400 mm Hg; 136.6 °C at 200 mm Hg; 119.5 °C at 100 mm Hg; ... 85.8 °C at 20 mm Hg; 74.7 °C at 10 mm Hg; 64.3 °C at 5 mm Hg; 42.4deg C at 1.0 mm Hg,Hazardous Substances Data Bank (HSDB),32,peer_reviewed_first_then_lower_median,true,medium,true,7,7,155.6,176.1111,true,71,degC,71 °C,Hazardous Substances Data Bank (HSDB),32,peer_reviewed_first_then_lower_median,true,medium,true,4,4,70,76.6667,true,0.82,g/cm3,0.82 g/cm³,ILO-WHO International Chemical Safety Cards (ICSCs),47,absolute_then_relative_then_unspecified; peer_reviewed_first; lower_median,false,low,false,6,5,0.82,0.824,true,absolute,true,compilation,filter_only
BDERNNFJNOPAEC-UHFFFAOYSA-N,propan-1-ol,1031,-127,degC,-127 °C,Hazardous Substances Data Bank (HSDB),43,peer_reviewed_first_then_lower_median,true,high,false,8,7,-127,-126.1,true,97.2,degC,97.2 °C,Hazardous Substances Data Bank (HSDB),43,peer_reviewed_first_then_lower_median,true,high,false,8,7,97,97.2222,true,22,degC,22 °C (open cup),Hazardous Substances Data Bank (HSDB),43,peer_reviewed_first_then_lower_median,true,medium,true,7,7,15,25,true,0.8,relative,Relative density (water = 1): 0.8 (20 °C),ILO-WHO International Chemical Safety Cards (ICSCs),60,absolute_then_relative_then_unspecified; peer_reviewed_first; lower_median,false,low,false,10,7,0.8,0.81,true,relative,false,compilation,filter_only
BGTOWKSIORTVQH-UHFFFAOYSA-N,cyclopentanone,8452,-51.3,degC,-51.3 °C,Hazardous Substances Data Bank (HSDB),43,peer_reviewed_first_then_lower_median,true,medium,true,4,4,-58,-51,true,130.6,degC,130.6 °C AT 760 MM HG,Hazardous Substances Data Bank (HSDB),43,peer_reviewed_first_then_lower_median,true,high,false,6,6,130.6,131,true,30.5556,degC,87 °F (CLOSED CUP),Hazardous Substances Data Bank (HSDB),43,peer_reviewed_first_then_lower_median,true,medium,true,3,3,26,30.5556,true,0.95,relative,Relative density (water = 1): 0.95,ILO-WHO International Chemical Safety Cards (ICSCs),53,absolute_then_relative_then_unspecified; peer_reviewed_first; lower_median,false,low,false,5,5,0.9487,0.95,true,relative,false,compilation,filter_only
BKIMMITUMNQMOS-UHFFFAOYSA-N,nonane,8141,-53.47,degC,-53.47 °C,Hazardous Substances Data Bank (HSDB),29,peer_reviewed_first_then_lower_median,true,medium,true,7,7,-53.47,-51,true,150.47,degC,150.47 °C,Hazardous Substances Data Bank (HSDB),29,peer_reviewed_first_then_lower_median,true,high,false,7,7,150.47,152,true,31,degC,88 °F (31 °C) (Closed Cup),Hazardous Substances Data Bank (HSDB),29,peer_reviewed_first_then_lower_median,true,high,false,6,6,31,31.1111,true,0.7176,g/cm3,0.7176 g/cu cm at 20 °C,Hazardous Substances Data Bank (HSDB),29,absolute_then_relative_then_unspecified; peer_reviewed_first; lower_median,true,medium,true,6,6,0.7,0.72,true,absolute,true,compilation,filter_only
BMRWNKZVCUKKSR-UHFFFAOYSA-N,"1,2-butanediol",11429,-50,degC,-50 °C,Hazardous Substances Data Bank (HSDB),20,peer_reviewed_first_then_lower_median,true,medium,true,2,2,-114,-50,true,196.9,degC,195-196.9 °C,Hazardous Substances Data Bank (HSDB),20,peer_reviewed_first_then_lower_median,true,medium,true,2,2,194,196.9,true,90,degC,90 °C,"Haz-Map, Information on Hazardous Chemicals and Occupational Diseases",19,peer_reviewed_first_then_lower_median,false,low,true,3,3,40,93,true,1.01,relative,Relative density (water = 1): 1.01,ILO-WHO International Chemical Safety Cards (ICSCs),21,absolute_then_relative_then_unspecified; peer_reviewed_first; lower_median,false,low,false,2,2,1.0023,1.01,true,relative,false,compilation,filter_only
BMVXCPBXGZKUPN-UHFFFAOYSA-N,1-hexanamine,8102,-21,degC,-21 °C,Hazardous Substances Data Bank (HSDB),26,peer_reviewed_first_then_lower_median,true,high,false,3,3,-22.9,-21,true,132,degC,132 °C,Hazardous Substances Data Bank (HSDB),26,peer_reviewed_first_then_lower_median,true,high,false,3,3,130,132,true,27,degC,27 °C (81 °F)  (Closed cup),Hazardous Substances Data Bank (HSDB),26,peer_reviewed_first_then_lower_median,true,medium,true,4,4,27,29.4444,true,0.766,g/cm3,0.7660 g/cu cm at 20 °C,Hazardous Substances Data Bank (HSDB),26,absolute_then_relative_then_unspecified; peer_reviewed_first; lower_median,true,high,false,3,3,0.761,0.77,true,absolute,true,compilation,filter_only
BOGRNZQRTNVZCZ-AATRIKPKSA-N,"3-Methyl-1,3-pentadiene",638069,,,,,,,,absent,false,0,0,,,false,,,,,,,,absent,false,0,0,,,false,,,,,,,,absent,false,0,0,,,false,,,,,,,,absent,false,0,0,,,false,,false,compilation,filter_only
BSPCSKHALVHRSR-UHFFFAOYSA-N,2-chlorobutane,6563,,,,,,,,absent,false,0,0,,,false,68.5,degC,68.5 °C @760 [mm Hg],"PAC Chemical Database, U.S. Department of Energy",29,peer_reviewed_first_then_lower_median,false,low,false,1,1,68.5,68.5,true,,,,,,,,absent,false,0,0,,,false,0.873,unspecified,0.873 @25 °C,"PAC Chemical Database, U.S. Department of Energy",29,absolute_then_relative_then_unspecified; peer_reviewed_first; lower_median,false,low,false,1,1,0.873,0.873,true,unspecified,false,compilation,filter_only
BSYVTEYKTMYBMK-UHFFFAOYSA-N,2-tetrahydrofurylmethanol,7360,-80,degC,Less than -80 °C,Hazardous Substances Data Bank (HSDB),29,peer_reviewed_first_then_lower_median,true,high,false,2,2,-80,-80,true,178,degC,178 °C @ 760 mm Hg,Hazardous Substances Data Bank (HSDB),29,peer_reviewed_first_then_lower_median,true,high,false,4,4,178,179,true,75,degC,167 °F (75 °C) (OPEN CUP),Hazardous Substances Data Bank (HSDB),29,peer_reviewed_first_then_lower_median,true,high,false,4,4,74,75,true,1.05,relative,Relative density (water = 1): 1.05,ILO-WHO International Chemical Safety Cards (ICSCs),34,absolute_then_relative_then_unspecified; peer_reviewed_first; lower_median,false,low,false,3,3,1.05,1.0544,true,relative,false,compilation,filter_only
BTANRVKWQNVYAZ-UHFFFAOYSA-N,butan-2-ol,6568,-114,degC,-114 °C,Hazardous Substances Data Bank (HSDB),33,peer_reviewed_first_then_lower_median,true,medium,true,8,7,-115,-89,true,99.5,degC,99.5 °C,Hazardous Substances Data Bank (HSDB),33,peer_reviewed_first_then_lower_median,true,high,false,8,7,99.4444,100,true,24,degC,24 °C (75 °F) (closed cup),Hazardous Substances Data Bank (HSDB),33,peer_reviewed_first_then_lower_median,true,medium,true,7,7,23.8889,31,true,0.81,relative,Relative density (water = 1): 0.81,ILO-WHO International Chemical Safety Cards (ICSCs),43,absolute_then_relative_then_unspecified; peer_reviewed_first; lower_median,false,low,false,8,6,0.8063,0.81,true,relative,false,compilation,filter_only
BTGRAWJCKBQKAO-UHFFFAOYSA-N,hexanedinitrile,8128,3,degC,1-3 °C,Hazardous Substances Data Bank (HSDB),26,peer_reviewed_first_then_lower_median,true,high,false,6,6,1,3,true,295,degC,295 °C @ 760 mm Hg,Hazardous Substances Data Bank (HSDB),26,peer_reviewed_first_then_lower_median,true,high,false,6,6,295,295,true,93,degC,200 °F (93 °C) (OPEN CUP),Hazardous Substances Data Bank (HSDB),26,peer_reviewed_first_then_lower_median,true,medium,true,6,6,92.7778,159,true,0.9676,g/cm3,0.9676 g/ml @ 20 °C,Hazardous Substances Data Bank (HSDB),26,absolute_then_relative_then_unspecified; peer_reviewed_first; lower_median,true,high,false,6,6,0.963,0.97,true,absolute,true,compilation,filter_only
BTNXBLUGMAMSSH-UHFFFAOYSA-N,octanedinitrile,12385,,,,,,,,absent,false,0,0,,,false,,,,,,,,absent,false,0,0,,,false,,,,,,,,absent,false,0,0,,,false,,,,,,,,absent,false,0,0,,,false,,false,compilation,filter_only
BTQZKHUEUDPRST-UHFFFAOYSA-N,m-Fluorotoluene,9606,-87.7222,degC,"-125.9 °F (USCG, 1999)",CAMEO Chemicals,1,peer_reviewed_first_then_lower_median,false,low,false,1,1,-87.7222,-87.7222,true,116,degC,"240.8 °F at 760 mmHg (USCG, 1999)",CAMEO Chemicals,1,peer_reviewed_first_then_lower_median,false,low,false,1,1,116,116,true,9.4444,degC,"49 °F (USCG, 1999)",CAMEO Chemicals,1,peer_reviewed_first_then_lower_median,false,low,false,1,1,9.4444,9.4444,true,0.9986,unspecified,"0.9986 at 68 °F (USCG, 1999) - Less dense than water; will float",CAMEO Chemicals,1,absolute_then_relative_then_unspecified; peer_reviewed_first; lower_median,false,low,false,1,1,0.9986,0.9986,true,unspecified,false,compilation,filter_only
BWEKDYGHDCHWEN-UHFFFAOYSA-N,2-methyl-2-hexene,17656,,,,,,,,absent,false,0,0,,,false,,,,,,,,absent,false,0,0,,,false,,,,,,,,absent,false,0,0,,,false,,,,,,,,absent,false,0,0,,,false,,false,compilation,filter_only
CBTVGIZVANVGBH-UHFFFAOYSA-N,2-amino-2-methylpropan-1-ol,11807,31,degC,31 °C,Hazardous Substances Data Bank (HSDB),25,peer_reviewed_first_then_lower_median,true,high,false,4,4,31,32,true,165,degC,165 °C @ 760 MM HG,Hazardous Substances Data Bank (HSDB),25,peer_reviewed_first_then_lower_median,true,high,false,5,5,165,165,true,67,degC,67 °C CC,Hazardous Substances Data Bank (HSDB),25,peer_reviewed_first_then_lower_median,true,high,false,5,5,67,67.2222,true,0.93,g/cm3,0.93 g/cm³,ILO-WHO International Chemical Safety Cards (ICSCs),27,absolute_then_relative_then_unspecified; peer_reviewed_first; lower_median,false,low,false,5,5,0.93,0.935,true,absolute,true,compilation,filter_only
CGZZMOTZOONQIA-UHFFFAOYSA-N,cycloheptanone,10400,,,,,,,,absent,false,0,0,,,false,,,,,,,,absent,false,1,0,,,false,,,,,,,,absent,false,0,0,,,false,0.9508,unspecified,0.9508 @ 20 °C/4 °C,Hazardous Substances Data Bank (HSDB),22,absolute_then_relative_then_unspecified; peer_reviewed_first; lower_median,true,medium,false,1,1,0.9508,0.9508,true,unspecified,false,compilation,filter_only
CJSBUWDGPXGFGA-UHFFFAOYSA-N,"4-methyl-1,3-pentadiene",13555,,,,,,,,absent,false,0,0,,,false,,,,,,,,absent,false,0,0,,,false,-34.4444,degC,"-30 °F (NFPA, 2010)",CAMEO Chemicals,2,peer_reviewed_first_then_lower_median,false,low,false,1,1,-34.4444,-34.4444,true,,,,,,,,absent,false,0,0,,,false,,false,compilation,filter_only
CQEYYJKEWSMYFG-UHFFFAOYSA-N,butyl 2-propenoate,8846,-64.6,degC,-64.6 °C,Hazardous Substances Data Bank (HSDB),36,peer_reviewed_first_then_lower_median,true,high,false,6,6,-64.6111,-63.8889,true,138,degC,BP: 138 °C at 760 mm Hg; 84-86 °C at 101 mm Hg; 59 °C at 25 mm Hg; 39 °C at 10 mm Hg; 35 °C at 8 mm Hg,Hazardous Substances Data Bank (HSDB),36,peer_reviewed_first_then_lower_median,true,medium,true,7,7,138,149,true,29,degC,84 °F (29 °C) (closed cup),Hazardous Substances Data Bank (HSDB),36,peer_reviewed_first_then_lower_median,true,medium,true,6,6,29,48.9,true,0.8898,g/cm3,0.8898 g/cu cm at 20 °C,Hazardous Substances Data Bank (HSDB),36,absolute_then_relative_then_unspecified; peer_reviewed_first; lower_median,true,high,false,6,6,0.8898,0.9,true,absolute,true,compilation,filter_only
CRVGTESFCCXCTH-UHFFFAOYSA-N,N-methyldiethanolamine,7767,-21,degC,-21 °C,Hazardous Substances Data Bank (HSDB),25,peer_reviewed_first_then_lower_median,true,high,false,3,3,-21.1111,-21,true,245,degC,245 °C,Hazardous Substances Data Bank (HSDB),25,peer_reviewed_first_then_lower_median,true,medium,true,3,3,245,247.2222,true,127,degC,127 °C (261 °F) - closed cup,Hazardous Substances Data Bank (HSDB),25,peer_reviewed_first_then_lower_median,true,medium,true,4,4,126.6667,136,true,1.043,g/cm3,1.043 g/cu cm at 25 °C,Hazardous Substances Data Bank (HSDB),25,absolute_then_relative_then_unspecified; peer_reviewed_first; lower_median,true,high,false,4,3,1.0377,1.043,true,absolute,true,compilation,filter_only
CSCPPACGZOOCGX-UHFFFAOYSA-N,Acetone,180,-94.9,degC,-94.9 °C,Hazardous Substances Data Bank (HSDB),91,peer_reviewed_first_then_lower_median,true,high,false,7,7,-95.5556,-93.8889,true,56.08,degC,56.08 °C,Hazardous Substances Data Bank (HSDB),91,peer_reviewed_first_then_lower_median,true,high,false,8,8,56,57,true,-17.7778,degC,0 °F (closed cup),Hazardous Substances Data Bank (HSDB),91,peer_reviewed_first_then_lower_median,true,medium,true,8,8,-20,-16.99,true,0.7845,g/cm3,0.7845 g/cu cm at 20 °C,Hazardous Substances Data Bank (HSDB),91,absolute_then_relative_then_unspecified; peer_reviewed_first; lower_median,true,high,false,7,7,0.7845,0.8,true,absolute,true,compilation,filter_only
CUNYTRQQXKCRTJ-UHFFFAOYSA-N,1-ethyl-3-methylimidazolium tetrafluoroborate,2769348,,,,,,,,absent,false,0,0,,,false,,,,,,,,absent,false,0,0,,,false,,,,,,,,absent,false,0,0,,,false,,,,,,,,absent,false,0,0,,,false,,false,compilation,filter_only
CWIFAKBLLXGZIC-UHFFFAOYSA-N,"1,1,2,2-tetrafluoroethyl 2,2,2-trifluoroethyl ether",164596,,,,,,,,absent,false,0,0,,,false,,,,,,,,absent,false,0,0,,,false,,,,,,,,absent,false,0,0,,,false,,,,,,,,absent,false,0,0,,,false,,false,compilation,filter_only
CYFFKUDZLZREEX-WNQIDUERSA-M,1-butyl-3-methylimidazolium L-lactate,2734253,,,,,,,,absent,false,0,0,,,false,,,,,,,,absent,false,0,0,,,false,,,,,,,,absent,false,0,0,,,false,,,,,,,,absent,false,0,0,,,false,,false,compilation,filter_only
CYTYCFOTNPOANT-UHFFFAOYSA-N,Tetrachloroethylene,31373,-22.2,degC,-22.2 °C,Hazardous Substances Data Bank (HSDB),36,peer_reviewed_first_then_lower_median,true,medium,true,7,7,-22.3,-18.8889,true,121.2,degC,121.2 °C,Hazardous Substances Data Bank (HSDB),36,peer_reviewed_first_then_lower_median,true,high,false,6,6,121,121.3,true,,,,,,,,absent,false,1,0,,,false,1.623,g/cm3,1.6230 g/cu cm at 20 °C,Hazardous Substances Data Bank (HSDB),36,absolute_then_relative_then_unspecified; peer_reviewed_first; lower_median,true,high,false,7,6,1.62,1.63,true,absolute,true,compilation,filter_only
CZIUVCSYOGFUPH-UHFFFAOYSA-M,1-hexyl-3-methylimidazolium iodide,12036651,,,,,,,,absent,false,0,0,,,false,,,,,,,,absent,false,0,0,,,false,,,,,,,,absent,false,0,0,,,false,,,,,,,,absent,false,0,0,,,false,,false,compilation,filter_only
DHKHKXVYLBGOIT-UHFFFAOYSA-N,"1,1-Diethoxyethane",7765,-100,degC,-100 °C,Hazardous Substances Data Bank (HSDB),29,peer_reviewed_first_then_lower_median,true,high,false,4,4,-100,-100,true,102.7,degC,102.7 °C AT 760 MM HG; 66.3 °C AT 200 MM HG; 39.8 °C AT 60 MM HG; 31.9 °C AT 40 MM HG; 19.6 °C AT 20 MM HG; +8.0 °C AT 10 MM HG; -2.3 °C AT 5 MM HG; -23 °C AT 1.0 MM HG,Hazardous Substances Data Bank (HSDB),29,peer_reviewed_first_then_lower_median,true,high,false,5,5,102,104,true,-21,degC,-21 °C c.c.,ILO-WHO International Chemical Safety Cards (ICSCs),37,peer_reviewed_first_then_lower_median,false,low,false,4,4,-21,-20.5,true,0.83,relative,Relative density (water = 1): 0.83,ILO-WHO International Chemical Safety Cards (ICSCs),37,absolute_then_relative_then_unspecified; peer_reviewed_first; lower_median,false,low,false,4,4,0.822,0.831,true,relative,false,compilation,filter_only
DIQMPQMYFZXDAX-UHFFFAOYSA-N,Amyl formate,12529,-73.5,degC,-73.5 °C,Human Metabolome Database (HMDB),23,peer_reviewed_first_then_lower_median,false,low,false,1,1,-73.5,-73.5,true,130,degC,128-130 °C,Joint FAO/WHO Expert Committee on Food Additives (JECFA),30,peer_reviewed_first_then_lower_median,false,low,false,2,2,130,131,true,26.1111,degC,"79 °F (NFPA, 2010)",CAMEO Chemicals,3,peer_reviewed_first_then_lower_median,false,low,false,1,1,26.1111,26.1111,true,0.881,unspecified,0.881-0.887,Joint FAO/WHO Expert Committee on Food Additives (JECFA),30,absolute_then_relative_then_unspecified; peer_reviewed_first; lower_median,false,low,false,1,1,0.881,0.881,true,unspecified,false,compilation,filter_only
DKGAVHZHDRPRBM-UHFFFAOYSA-N,2-methylpropan-2-ol,6386,25.81,degC,25.81 °C,Hazardous Substances Data Bank (HSDB),38,peer_reviewed_first_then_lower_median,true,high,false,7,7,25,25.81,true,82.3,degC,82.3 °C,Hazardous Substances Data Bank (HSDB),38,peer_reviewed_first_then_lower_median,true,high,false,7,7,82.2222,83,true,11,degC,52 °F (11 °C) (Closed cup),Hazardous Substances Data Bank (HSDB),38,peer_reviewed_first_then_lower_median,true,high,false,6,6,11,11.1111,true,0.7886,g/cm3,0.7886 g/cu cm at 20 °C,Hazardous Substances Data Bank (HSDB),38,absolute_then_relative_then_unspecified; peer_reviewed_first; lower_median,true,medium,true,6,6,0.78,0.8,true,absolute,true,compilation,filter_only
DKPFZGUDAPQIHT-UHFFFAOYSA-N,Butyl acetate,31272,-77,degC,-77 °C,Hazardous Substances Data Bank (HSDB),34,peer_reviewed_first_then_lower_median,true,high,false,7,7,-78,-77,true,126,degC,126.0 °C,Hazardous Substances Data Bank (HSDB),34,peer_reviewed_first_then_lower_median,true,high,false,8,8,125.5556,126.5,true,22,degC,72 °F (22 °C) (Closed cup),Hazardous Substances Data Bank (HSDB),34,peer_reviewed_first_then_lower_median,true,high,false,6,6,22,22.2222,true,0.8825,g/cm3,0.8825 g/cu cm at 20 °C,Hazardous Substances Data Bank (HSDB),34,absolute_then_relative_then_unspecified; peer_reviewed_first; lower_median,true,high,false,7,7,0.875,0.8825,true,absolute,true,compilation,filter_only
DLRJIFUOBPOJNS-UHFFFAOYSA-N,ethoxybenzene,7674,-30,degC,-30.0 °C,Hazardous Substances Data Bank (HSDB),18,peer_reviewed_first_then_lower_median,true,medium,false,1,1,-30,-30,true,173,degC,171-173 °C,Hazardous Substances Data Bank (HSDB),18,peer_reviewed_first_then_lower_median,true,medium,false,1,1,173,173,true,63,degC,145 °F (63 °C)OC,Hazardous Substances Data Bank (HSDB),18,peer_reviewed_first_then_lower_median,false,low,false,1,1,63,63,true,0.967,unspecified,0.967 @ 20 °C/4 °C,Hazardous Substances Data Bank (HSDB),18,absolute_then_relative_then_unspecified; peer_reviewed_first; lower_median,true,medium,false,2,1,0.967,0.967,true,unspecified,false,compilation,filter_only
DNIAPMSPPWPWGF-UHFFFAOYSA-N,"1,2-propanediol",1030,-60,degC,-60 °C,Hazardous Substances Data Bank (HSDB),60,peer_reviewed_first_then_lower_median,true,high,false,6,5,-60,-59,true,187.6,degC,187.6 °C,Hazardous Substances Data Bank (HSDB),60,peer_reviewed_first_then_lower_median,true,high,false,6,5,187.6,188.2222,true,104,degC,104 °C Pensky-Martens closed cup,Hazardous Substances Data Bank (HSDB),60,peer_reviewed_first_then_lower_median,true,medium,true,7,7,98.8889,107.2222,true,1.0361,g/cm3,1.0361 g/cu cm at 20 °C,Hazardous Substances Data Bank (HSDB),60,absolute_then_relative_then_unspecified; peer_reviewed_first; lower_median,true,high,false,5,5,1.0361,1.04,true,absolute,true,compilation,filter_only
DQWPFSLDHJDLRL-UHFFFAOYSA-N,triethyl phosphate,6535,-56.4,degC,-56.4 °C,Hazardous Substances Data Bank (HSDB),25,peer_reviewed_first_then_lower_median,true,high,false,4,4,-57,-56.3889,true,215.5,degC,215.5 °C,Hazardous Substances Data Bank (HSDB),25,peer_reviewed_first_then_lower_median,true,high,false,4,4,215,216.1111,true,115,degC,240 °F (115 °C) (Open cup),Hazardous Substances Data Bank (HSDB),25,peer_reviewed_first_then_lower_median,true,high,false,3,3,115,116,true,1.0695,g/cm3,1.0695 g/cu cm at 20 °C,Hazardous Substances Data Bank (HSDB),25,absolute_then_relative_then_unspecified; peer_reviewed_first; lower_median,true,high,false,5,4,1.068,1.0725,true,absolute,true,compilation,filter_only
DTQVDTLACAAQTR-UHFFFAOYSA-N,Trifluoroacetic acid,6422,-15.4,degC,-15.4 °C,Hazardous Substances Data Bank (HSDB),30,peer_reviewed_first_then_lower_median,true,high,false,4,4,-15.4,-15,true,72.4,degC,72.4 °C,Hazardous Substances Data Bank (HSDB),30,peer_reviewed_first_then_lower_median,true,high,false,5,4,71.1,72.4,true,,,,,,,,absent,false,0,0,,,false,1.5,relative,Relative density (water = 1): 1.5,ILO-WHO International Chemical Safety Cards (ICSCs),33,absolute_then_relative_then_unspecified; peer_reviewed_first; lower_median,false,low,true,3,3,1.5,1.535,true,relative,false,compilation,filter_only
DURPTKYDGMDSBL-UHFFFAOYSA-N,dibutyl ether,8909,-95.2,degC,-95.2 °C,Hazardous Substances Data Bank (HSDB),21,peer_reviewed_first_then_lower_median,true,medium,true,4,4,-98,-95,true,140.8,degC,140.8 °C,Hazardous Substances Data Bank (HSDB),21,peer_reviewed_first_then_lower_median,true,high,false,4,4,140.8,142.2222,true,37,degC,37 °C (CLOSED CUP),Hazardous Substances Data Bank (HSDB),21,peer_reviewed_first_then_lower_median,true,medium,true,3,3,25,37,true,0.8,g/cm3,Density  (at 20 °C): 0.8 g/cm³,ILO-WHO International Chemical Safety Cards (ICSCs),22,absolute_then_relative_then_unspecified; peer_reviewed_first; lower_median,false,low,true,6,4,0.767,0.8,true,absolute,true,compilation,filter_only
FDPIMTJIUBPUKL-UHFFFAOYSA-N,3-Pentanone,7288,-39,degC,-39 °C,Hazardous Substances Data Bank (HSDB),30,peer_reviewed_first_then_lower_median,true,medium,true,6,6,-42.2222,-39,true,101.7,degC,101.7 °C,Hazardous Substances Data Bank (HSDB),30,peer_reviewed_first_then_lower_median,true,high,false,6,6,101,102.2222,true,13,degC,13 °C (open cup),Hazardous Substances Data Bank (HSDB),30,peer_reviewed_first_then_lower_median,true,high,false,6,6,12.7778,13,true,0.8098,g/cm3,0.8098 g/cu cm at 25 °C,Hazardous Substances Data Bank (HSDB),30,absolute_then_relative_then_unspecified; peer_reviewed_first; lower_median,true,high,false,6,6,0.8098,0.8159,true,absolute,true,compilation,filter_only
FERIUCNNQQJTOY-UHFFFAOYSA-N,Butyric acid,264,-7.9,degC,-7.9 °C,Hazardous Substances Data Bank (HSDB),37,peer_reviewed_first_then_lower_median,true,medium,true,6,5,-7.9,-5.1,true,163.5,degC,163.5 °C,Hazardous Substances Data Bank (HSDB),37,peer_reviewed_first_then_lower_median,true,high,false,6,5,163.5,164,true,72,degC,161 °F (72 °C) (Closed cup),Hazardous Substances Data Bank (HSDB),37,peer_reviewed_first_then_lower_median,true,medium,true,4,4,72,76.6667,true,0.96,relative,Relative density (water = 1): 0.96,ILO-WHO International Chemical Safety Cards (ICSCs),55,absolute_then_relative_then_unspecified; peer_reviewed_first; lower_median,false,low,false,5,5,0.952,0.96,true,relative,false,compilation,filter_only
FOTXAJDDGPYIFU-UHFFFAOYSA-N,Ethylcyclopropane,70933,,,,,,,,absent,false,0,0,,,false,,,,,,,,absent,false,0,0,,,false,,,,,,,,absent,false,0,0,,,false,,,,,,,,absent,false,0,0,,,false,,false,compilation,filter_only
FRZPYEHDSAQGAS-UHFFFAOYSA-M,1-butyl-3-methylimidazolium trifluoromethanesulfonate,2734246,,,,,,,,absent,false,0,0,,,false,,,,,,,,absent,false,0,0,,,false,,,,,,,,absent,false,0,0,,,false,,,,,,,,absent,false,0,0,,,false,,false,compilation,filter_only
FSXANJBLYFVXEU-UHFFFAOYSA-N,1-methyl-3-octylimidazolium bromide,57351531,,,,,,,,absent,false,0,0,,,false,,,,,,,,absent,false,0,0,,,false,,,,,,,,absent,false,0,0,,,false,,,,,,,,absent,false,0,0,,,false,,false,compilation,filter_only
FVSKHRXBFJPNKK-UHFFFAOYSA-N,Propionitrile,7854,-91.8,degC,-91.8 °C,Hazardous Substances Data Bank (HSDB),26,peer_reviewed_first_then_lower_median,true,medium,true,5,5,-103.5,-91.6667,true,97.2,degC,97.2 °C @ 760 mm Hg,Hazardous Substances Data Bank (HSDB),26,peer_reviewed_first_then_lower_median,true,high,false,5,5,97,97.2222,true,2,degC,36 °F (2 °C) (Closed Cup),Hazardous Substances Data Bank (HSDB),26,peer_reviewed_first_then_lower_median,true,medium,true,6,6,2,16,true,0.78,relative,Relative density (water = 1): 0.78,ILO-WHO International Chemical Safety Cards (ICSCs),30,absolute_then_relative_then_unspecified; peer_reviewed_first; lower_median,false,low,true,6,4,0.78,0.802,true,relative,false,compilation,filter_only
FXHOOIRPVKKKFG-UHFFFAOYSA-N,"N,N-dimethylethanamide",31374,-18.59,degC,-18.59 °C,Hazardous Substances Data Bank (HSDB),34,peer_reviewed_first_then_lower_median,true,high,false,7,7,-20,-18.59,true,165,degC,163-165 °C,Hazardous Substances Data Bank (HSDB),34,peer_reviewed_first_then_lower_median,true,high,false,7,7,165,166.1111,true,70,degC,70 °C (OPEN CUP),Hazardous Substances Data Bank (HSDB),34,peer_reviewed_first_then_lower_median,true,medium,true,7,7,62.7778,70,true,0.94,relative,Relative density (water = 1): 0.94,ILO-WHO International Chemical Safety Cards (ICSCs),36,absolute_then_relative_then_unspecified; peer_reviewed_first; lower_median,false,low,false,7,7,0.9366,0.943,true,relative,false,compilation,filter_only
FYIRUPZTYPILDH-UHFFFAOYSA-N,"1,1,1,2,3,3-hexafluoropropane",79009,,,,,,,,absent,false,0,0,,,false,,,,,,,,absent,false,0,0,,,false,,,,,,,,absent,false,0,0,,,false,,,,,,,,absent,false,0,0,,,false,,false,compilation,filter_only
FYOFOKCECDGJBF-UHFFFAOYSA-N,Iron pentacarbonyl,26040,-20.5,degC,-20.5 °C,Hazardous Substances Data Bank (HSDB),20,peer_reviewed_first_then_lower_median,true,medium,true,6,6,-25,-20,true,103,degC,103 °C,Hazardous Substances Data Bank (HSDB),20,peer_reviewed_first_then_lower_median,true,high,false,6,6,102.6667,103,true,-15,degC,-15 °C (5 °F) - closed cup,Hazardous Substances Data Bank (HSDB),20,peer_reviewed_first_then_lower_median,true,high,false,6,6,-15,-15,true,1.46,g/cm3,1.46 g/cu cm,Hazardous Substances Data Bank (HSDB),20,absolute_then_relative_then_unspecified; peer_reviewed_first; lower_median,true,medium,true,6,6,1.457,1.5,true,absolute,true,compilation,filter_only
GAEKPEKOJKCEMS-UHFFFAOYSA-N,gamma-valerolactone,7921,-31.1111,degC,"-24 °F (NTP, 1992)",CAMEO Chemicals,7,peer_reviewed_first_then_lower_median,false,low,false,2,2,-31.1111,-31,true,207.7778,degC,"405 to 406 °F at 760 mmHg (NTP, 1992)",CAMEO Chemicals,7,peer_reviewed_first_then_lower_median,false,low,false,3,3,207,208,true,81.1111,degC,"178 °F (NTP, 1992)",CAMEO Chemicals,7,peer_reviewed_first_then_lower_median,false,low,false,1,1,81.1111,81.1111,true,1.047,unspecified,1.047-1.054,Joint FAO/WHO Expert Committee on Food Additives (JECFA),38,absolute_then_relative_then_unspecified; peer_reviewed_first; lower_median,false,low,false,2,2,1.047,1.057,true,unspecified,false,compilation,filter_only
GDOPTJXRTPNYNR-UHFFFAOYSA-N,Methylcyclopentane,7296,-142.5,degC,-142.5 °C,Hazardous Substances Data Bank (HSDB),26,peer_reviewed_first_then_lower_median,true,medium,true,3,3,-142.5,-139.8,true,71.8,degC,71.8 °C @ 760 MM HG,Hazardous Substances Data Bank (HSDB),26,peer_reviewed_first_then_lower_median,true,high,false,3,3,71.7778,71.8,true,-7,degC,Less than 20 °F (less than -7 °C) (Closed Cup),Hazardous Substances Data Bank (HSDB),26,peer_reviewed_first_then_lower_median,true,medium,true,2,2,-23.8889,-7,true,0.7486,unspecified,0.7486 @ 20 °C/4 °C,Hazardous Substances Data Bank (HSDB),26,absolute_then_relative_then_unspecified; peer_reviewed_first; lower_median,true,high,false,3,3,0.7486,0.75,true,unspecified,false,compilation,filter_only
GETQZCLCWQTVFV-UHFFFAOYSA-N,Trimethylamine,1146,-117.08,degC,-117.08 °C,Hazardous Substances Data Bank (HSDB),37,peer_reviewed_first_then_lower_median,true,medium,true,9,9,-117.2222,-3,true,2.87,degC,2.87 °C at 760 mm Hg,Hazardous Substances Data Bank (HSDB),37,peer_reviewed_first_then_lower_median,true,medium,true,9,9,2.7778,30,true,-7,degC,-7 °C (19 °F) - closed cup,Hazardous Substances Data Bank (HSDB),37,peer_reviewed_first_then_lower_median,true,medium,true,9,6,-12.2222,-6.6667,true,0.655,g/cm3,Saturated liquid density= 40.890 lb/cu ft @ 35 °C,Hazardous Substances Data Bank (HSDB),37,absolute_then_relative_then_unspecified; peer_reviewed_first; lower_median,true,medium,true,11,9,0.6,0.9,true,absolute,true,compilation,filter_only
GETTZEONDQJALK-UHFFFAOYSA-N,"alpha,alpha,alpha-Trifluorotoluene",7368,-29.05,degC,-29.05 °C,Hazardous Substances Data Bank (HSDB),26,peer_reviewed_first_then_lower_median,true,high,false,4,3,-29.1111,-28.95,true,103.46,degC,103.46 °C,Hazardous Substances Data Bank (HSDB),26,peer_reviewed_first_then_lower_median,true,medium,true,3,3,98.8889,103.46,true,12,degC,54 °F (12 °C) (CLOSED CUP),Hazardous Substances Data Bank (HSDB),26,peer_reviewed_first_then_lower_median,false,low,false,2,2,12,12.2222,true,1.1886,unspecified,1.1886 @ 20 °C,Hazardous Substances Data Bank (HSDB),26,absolute_then_relative_then_unspecified; peer_reviewed_first; lower_median,true,high,false,3,3,1.1812,1.189,true,unspecified,false,compilation,filter_only
GJRQTCIYDGXPES-UHFFFAOYSA-N,Isobutyl acetate,8038,-98.8,degC,-98.8 °C,Hazardous Substances Data Bank (HSDB),29,peer_reviewed_first_then_lower_median,true,high,false,7,7,-99,-97.1111,true,116.5,degC,116.5 °C,Hazardous Substances Data Bank (HSDB),29,peer_reviewed_first_then_lower_median,true,high,false,8,8,116.5,118,true,18,degC,18 °C (64 °F) (Closed cup),Hazardous Substances Data Bank (HSDB),29,peer_reviewed_first_then_lower_median,true,medium,true,7,7,16.6667,29.4444,true,0.8712,g/cm3,0.8712 g/cu cm at 20 °C,Hazardous Substances Data Bank (HSDB),29,absolute_then_relative_then_unspecified; peer_reviewed_first; lower_median,true,high,false,9,7,0.862,0.8712,true,absolute,true,compilation,filter_only
GOYDNIKZWGIXJT-UHFFFAOYSA-N,"1,2-difluorobenzene",9706,,,,,,,,absent,false,0,0,,,false,,,,,,,,absent,false,0,0,,,false,,,,,,,,absent,false,0,0,,,false,,,,,,,,absent,false,0,0,,,false,,false,compilation,filter_only
GRCIJNHHTXBJAK-UHFFFAOYSA-N,1-octyl-3-methylimidazolium hexafluorophosphate,2734243,,,,,,,,absent,false,0,0,,,false,,,,,,,,absent,false,0,0,,,false,,,,,,,,absent,false,0,0,,,false,,,,,,,,absent,false,0,0,,,false,,false,compilation,filter_only
GRYUVYIMDGRRLN-UHFFFAOYSA-N,"1-butyl-2,3,4,5-tetramethylimidazolium bis(trifluoromethylsulfonyl)imide",139245575,,,,,,,,absent,false,0,0,,,false,,,,,,,,absent,false,0,0,,,false,,,,,,,,absent,false,0,0,,,false,,,,,,,,absent,false,0,0,,,false,,false,compilation,filter_only
GSEJCLTVZPLZKY-UHFFFAOYSA-N,triethanolamine,7618,21.5,degC,21.5 °C,Hazardous Substances Data Bank (HSDB),43,peer_reviewed_first_then_lower_median,true,medium,true,8,7,20.5,177,true,335.4,degC,BP: 335.4 °C,Hazardous Substances Data Bank (HSDB),43,peer_reviewed_first_then_lower_median,true,medium,true,8,7,335.3889,350,true,179,degC,354 °F (179 °C)  (closed cup),Hazardous Substances Data Bank (HSDB),43,peer_reviewed_first_then_lower_median,true,medium,true,7,7,179,190.5,true,1.1,relative,Relative density (water = 1): 1.1,ILO-WHO International Chemical Safety Cards (ICSCs),55,absolute_then_relative_then_unspecified; peer_reviewed_first; lower_median,false,low,true,5,5,1.1,1.13,true,relative,false,compilation,filter_only
GSGLHYXFTXGIAQ-UHFFFAOYSA-M,"1,3-dimethylimidazolium dimethylphosphate",16069365,,,,,,,,absent,false,0,0,,,false,,,,,,,,absent,false,0,0,,,false,,,,,,,,absent,false,0,0,,,false,,,,,,,,absent,false,0,0,,,false,,false,compilation,filter_only
GSNUFIFRDBKVIE-UHFFFAOYSA-N,"2,5-dimethylfuran",12266,-63,degC,-63 °C,Human Metabolome Database (HMDB),26,peer_reviewed_first_then_lower_median,false,low,false,2,2,-63,-62.7778,true,93.8889,degC,"198 to 201 °F at 760 mmHg (NTP, 1992)",CAMEO Chemicals,3,peer_reviewed_first_then_lower_median,false,low,false,3,3,93,94,true,-1,degC,"30.2 °F (NTP, 1992)",CAMEO Chemicals,3,peer_reviewed_first_then_lower_median,false,low,false,1,1,-1,-1,true,0.8883,unspecified,"0.8883 at 68 °F (NTP, 1992) - Less dense than water; will float",CAMEO Chemicals,3,absolute_then_relative_then_unspecified; peer_reviewed_first; lower_median,false,low,false,2,2,0.8883,0.892,true,unspecified,false,compilation,filter_only
GWQYPLXGJIXMMV-UHFFFAOYSA-M,1-ethyl-3-methylimidazolium bromide,2734235,,,,,,,,absent,false,0,0,,,false,,,,,,,,absent,false,0,0,,,false,,,,,,,,absent,false,0,0,,,false,,,,,,,,absent,false,0,0,,,false,,false,compilation,filter_only
GWYFCOCPABKNJV-UHFFFAOYSA-N,Isovaleric acid,10430,-29.3,degC,-29.3 °C,Hazardous Substances Data Bank (HSDB),29,peer_reviewed_first_then_lower_median,true,high,false,3,2,-29.3,-29.3,true,176.5,degC,176.5 °C @ 760 MM HG,Hazardous Substances Data Bank (HSDB),29,peer_reviewed_first_then_lower_median,true,high,false,4,3,175,177,true,70,degC,70 °C,Hazardous Substances Data Bank (HSDB),29,peer_reviewed_first_then_lower_median,true,medium,false,1,1,70,70,true,0.931,unspecified,0.931 @ 20 °C/4 °C,Hazardous Substances Data Bank (HSDB),29,absolute_then_relative_then_unspecified; peer_reviewed_first; lower_median,true,high,false,2,2,0.923,0.931,true,unspecified,false,compilation,filter_only
GXZCAMSPWNHTAE-UHFFFAOYSA-N,1-methyl-3-octylimidazolium tetrafluoroborate,11460221,,,,,,,,absent,false,0,0,,,false,,,,,,,,absent,false,0,0,,,false,,,,,,,,absent,false,0,0,,,false,,,,,,,,absent,false,0,0,,,false,,false,compilation,filter_only
HBNYJWAFDZLWRS-UHFFFAOYSA-N,Ethyl isothiocyanate,10966,,,,,,,,absent,false,0,0,,,false,132,degC,130-132 °C,Joint FAO/WHO Expert Committee on Food Additives (JECFA),18,peer_reviewed_first_then_lower_median,false,low,false,1,1,132,132,true,,,,,,,,absent,false,0,0,,,false,0.997,unspecified,0.997-1.004,Joint FAO/WHO Expert Committee on Food Additives (JECFA),18,absolute_then_relative_then_unspecified; peer_reviewed_first; lower_median,false,low,false,1,1,0.997,0.997,true,unspecified,false,compilation,filter_only
HBZDPWBWBJMYRY-UHFFFAOYSA-N,decanenitrile,74791,,,,,,,,absent,false,0,0,,,false,241,degC,Boiling point equals 241°C,"Haz-Map, Information on Hazardous Chemicals and Occupational Diseases",13,peer_reviewed_first_then_lower_median,false,low,false,1,1,241,241,true,,,,,,,,absent,false,0,0,,,false,,,,,,,,absent,false,0,0,,,false,,false,compilation,filter_only
HCBRSIIGBBDDCD-UHFFFAOYSA-N,"1,1,2,2-tetrafluoroethyl 2,2,3,3-tetrafluoropropyl ether",2776662,,,,,,,,absent,false,0,0,,,false,,,,,,,,absent,false,0,0,,,false,,,,,,,,absent,false,0,0,,,false,,,,,,,,absent,false,0,0,,,false,,false,compilation,filter_only
HDGQICNBXPAKLR-UHFFFAOYSA-N,"2,4-dimethylhexane",11511,,,,,,,,absent,false,0,0,,,false,,,,,,,,absent,false,0,0,,,false,,,,,,,,absent,false,0,0,,,false,,,,,,,,absent,false,0,0,,,false,,false,compilation,filter_only
HEBKCHPVOIAQTA-NGQZWQHPSA-N,Xylitol,6912,,,,,,,,absent,false,1,0,,,false,,,,,,,,absent,false,1,0,,,false,,,,,,,,absent,false,0,0,,,false,,,,,,,,absent,false,0,0,,,false,,false,compilation,filter_only
HGCIXCUEYOPUTN-UHFFFAOYSA-N,Cyclohexene,8079,-103.5,degC,-103.5 °C,Hazardous Substances Data Bank (HSDB),40,peer_reviewed_first_then_lower_median,true,high,false,6,6,-104,-103.3333,true,83,degC,83 °C at 760 mm Hg,Hazardous Substances Data Bank (HSDB),40,peer_reviewed_first_then_lower_median,true,high,false,6,6,82.7778,83,true,-11.6667,degC,11 °F CC,Hazardous Substances Data Bank (HSDB),40,peer_reviewed_first_then_lower_median,true,medium,true,7,7,-11.6667,-6,true,0.81,relative,Relative density (water = 1): 0.81,ILO-WHO International Chemical Safety Cards (ICSCs),42,absolute_then_relative_then_unspecified; peer_reviewed_first; lower_median,false,low,false,6,6,0.81,0.811,true,relative,false,compilation,filter_only
HLLCNVLEVVFTJB-UHFFFAOYSA-N,2-Fluoro-2-methylbutane,13709961,,,,,,,,absent,false,0,0,,,false,,,,,,,,absent,false,0,0,,,false,,,,,,,,absent,false,0,0,,,false,,,,,,,,absent,false,0,0,,,false,,false,compilation,filter_only
HLPIHRDZBHXTFJ-UHFFFAOYSA-N,2-ethylfuran,18554,,,,,,,,absent,false,0,0,,,false,93,degC,92.00 to 93.00 °C. @ 765.00 mm Hg,Human Metabolome Database (HMDB),18,peer_reviewed_first_then_lower_median,false,low,false,2,2,93,93,true,,,,,,,,absent,false,0,0,,,false,0.909,unspecified,0.909-0.915,Joint FAO/WHO Expert Committee on Food Additives (JECFA),25,absolute_then_relative_then_unspecified; peer_reviewed_first; lower_median,false,low,false,1,1,0.909,0.909,true,unspecified,false,compilation,filter_only
HPXRVTGHNJAIIH-UHFFFAOYSA-N,cyclohexanol,7966,25.93,degC,25.93 °C,Hazardous Substances Data Bank (HSDB),36,peer_reviewed_first_then_lower_median,true,medium,true,7,6,22.7778,25.93,true,161.84,degC,161.84 °C,Hazardous Substances Data Bank (HSDB),36,peer_reviewed_first_then_lower_median,true,high,false,7,6,161,161.84,true,62.8,degC,62.8 °C (closed cup); 67.8 °C (open cup),Hazardous Substances Data Bank (HSDB),36,peer_reviewed_first_then_lower_median,true,medium,true,6,6,62.8,68,true,0.96,relative,Relative density (water = 1): 0.96,ILO-WHO International Chemical Safety Cards (ICSCs),37,absolute_then_relative_then_unspecified; peer_reviewed_first; lower_median,false,low,false,7,6,0.947,0.9624,true,relative,false,compilation,filter_only
HQABUPZFAYXKJW-UHFFFAOYSA-N,1-butanamine,8007,-50,degC,-50 °C,Hazardous Substances Data Bank (HSDB),36,peer_reviewed_first_then_lower_median,true,high,false,8,7,-50,-50,true,78,degC,78 °C,Hazardous Substances Data Bank (HSDB),36,peer_reviewed_first_then_lower_median,true,high,false,9,8,77.7778,78,true,-12,degC,-12 °C (10 °F) closed cup.,Hazardous Substances Data Bank (HSDB),36,peer_reviewed_first_then_lower_median,true,medium,true,7,7,-12.2222,-1,true,0.74,relative,Relative density (water = 1): 0.74,ILO-WHO International Chemical Safety Cards (ICSCs),48,absolute_then_relative_then_unspecified; peer_reviewed_first; lower_median,false,low,false,7,7,0.732,0.741,true,relative,false,compilation,filter_only
HQWOEDCLDNFWEV-UHFFFAOYSA-M,1-ethyl-3-methylimidazolium diethyl phosphate,53316406,,,,,,,,absent,false,0,0,,,false,,,,,,,,absent,false,0,0,,,false,,,,,,,,absent,false,0,0,,,false,,,,,,,,absent,false,0,0,,,false,,false,compilation,filter_only
HTSABYAWKQAHBT-UHFFFAOYSA-N,3-Methylcyclohexanol,11566,-5.5,degC,-5.5 °C (cis-isomer),ILO-WHO International Chemical Safety Cards (ICSCs),19,peer_reviewed_first_then_lower_median,false,low,false,1,1,-5.5,-5.5,true,164,degC,162.00 to 164.00 °C. @ 760.00 mm Hg,Human Metabolome Database (HMDB),17,peer_reviewed_first_then_lower_median,false,low,true,2,2,164,174,true,62,degC,62 °C c.c.,ILO-WHO International Chemical Safety Cards (ICSCs),19,peer_reviewed_first_then_lower_median,false,low,false,1,1,62,62,true,0.92,relative,Relative density (water = 1): 0.92,ILO-WHO International Chemical Safety Cards (ICSCs),19,absolute_then_relative_then_unspecified; peer_reviewed_first; lower_median,false,low,false,1,1,0.92,0.92,true,relative,false,compilation,filter_only
HXDLWJWIAHWIKI-UHFFFAOYSA-N,beta-Hydroxyethyl acetate (Glycol monoacetate),10960,,,,,,,,absent,false,0,0,,,false,182.2222,degC,"358 to 360 °F at 760 mmHg (NTP, 1992)",CAMEO Chemicals,2,peer_reviewed_first_then_lower_median,false,low,false,1,1,182.2222,182.2222,true,101.6667,degC,"215 °F (NTP, 1992)",CAMEO Chemicals,2,peer_reviewed_first_then_lower_median,false,low,false,1,1,101.6667,101.6667,true,1.106,unspecified,"1.106 at 77 °F (NTP, 1992) - Denser than water; will sink",CAMEO Chemicals,2,absolute_then_relative_then_unspecified; peer_reviewed_first; lower_median,false,low,false,1,1,1.106,1.106,true,unspecified,false,compilation,filter_only
HXJUTPCZVOIRIF-UHFFFAOYSA-N,sulfolane,31347,27.8,degC,27.4-27.8 °C,Hazardous Substances Data Bank (HSDB),26,peer_reviewed_first_then_lower_median,true,high,false,2,2,26.1111,27.8,true,285,degC,285 °C,Hazardous Substances Data Bank (HSDB),26,peer_reviewed_first_then_lower_median,true,high,false,3,3,285,285,true,177,degC,177 °C (350 °F) (OPEN CUP),Hazardous Substances Data Bank (HSDB),26,peer_reviewed_first_then_lower_median,true,medium,true,2,2,165.5556,177,true,1.2606,unspecified,1.2606 at 30 °C/4 °C,Hazardous Substances Data Bank (HSDB),26,absolute_then_relative_then_unspecified; peer_reviewed_first; lower_median,true,high,false,3,3,1.26,1.261,true,unspecified,false,compilation,filter_only
HZAXFHJVJLSVMW-UHFFFAOYSA-N,2-aminoethan-1-ol,700,10.4,degC,10.4 °C,Hazardous Substances Data Bank (HSDB),54,peer_reviewed_first_then_lower_median,true,medium,true,9,8,10,77,true,170.3,degC,170.3 °C,Hazardous Substances Data Bank (HSDB),54,peer_reviewed_first_then_lower_median,true,high,false,7,6,170,171,true,85,degC,185 °F (85 °C) (closed cup),Hazardous Substances Data Bank (HSDB),54,peer_reviewed_first_then_lower_median,true,medium,true,7,7,85,93.3333,true,1.018,g/cm3,1.0180 g/cu cm at 20 °C,Hazardous Substances Data Bank (HSDB),54,absolute_then_relative_then_unspecified; peer_reviewed_first; lower_median,true,high,false,6,6,1.016,1.02,true,absolute,true,compilation,filter_only
HZKDSQCZNUUQIF-UHFFFAOYSA-M,1-ethyl-3-methylimidazolium hydrogen sulfate,16217215,,,,,,,,absent,false,0,0,,,false,,,,,,,,absent,false,0,0,,,false,,,,,,,,absent,false,0,0,,,false,,,,,,,,absent,false,0,0,,,false,,false,compilation,filter_only
IAZDPXIOMUYVGZ-UHFFFAOYSA-N,dimethyl sulfoxide,679,18.45,degC,18.45 °C,Hazardous Substances Data Bank (HSDB),61,peer_reviewed_first_then_lower_median,true,high,false,6,5,17.89,18.5,true,189,degC,189 °C,Hazardous Substances Data Bank (HSDB),61,peer_reviewed_first_then_lower_median,true,high,false,7,6,188.8889,190,true,95,degC,95 °C (203 °F) (Open cup),Hazardous Substances Data Bank (HSDB),61,peer_reviewed_first_then_lower_median,true,medium,true,3,3,87,95,true,1.1,relative,Relative density (water = 1): 1.1,ILO-WHO International Chemical Safety Cards (ICSCs),75,absolute_then_relative_then_unspecified; peer_reviewed_first; lower_median,false,low,false,5,5,1.087,1.101,true,relative,false,compilation,filter_only
IBSQPLPBRSHTTG-UHFFFAOYSA-N,o-Chlorotoluene,7238,-35.59,degC,-35.59 °C,Hazardous Substances Data Bank (HSDB),24,peer_reviewed_first_then_lower_median,true,high,false,6,6,-35.8,-35,true,158.97,degC,158.97 °C,Hazardous Substances Data Bank (HSDB),24,peer_reviewed_first_then_lower_median,true,high,false,6,6,158.97,160,true,52.2222,degC,"126 °F (NTP, 1992)",CAMEO Chemicals,3,peer_reviewed_first_then_lower_median,false,low,true,5,5,35.5556,52.2222,true,1.08,relative,Relative density (water = 1): 1.08,ILO-WHO International Chemical Safety Cards (ICSCs),25,absolute_then_relative_then_unspecified; peer_reviewed_first; lower_median,false,low,false,6,6,1.08,1.0826,true,relative,false,compilation,filter_only
ICIVTHOGIQHZRY-UHFFFAOYSA-N,1-butyl-3-methylimidazolium dicyanamide,11171745,,,,,,,,absent,false,0,0,,,false,,,,,,,,absent,false,0,0,,,false,,,,,,,,absent,false,0,0,,,false,,,,,,,,absent,false,0,0,,,false,,false,compilation,filter_only
IEFUHGXOQSVRDQ-UHFFFAOYSA-N,1-methyl-1-propylpiperidinium bis(trifluoromethylsulfonyl)imide,16726630,,,,,,,,absent,false,0,0,,,false,,,,,,,,absent,false,0,0,,,false,,,,,,,,absent,false,0,0,,,false,,,,,,,,absent,false,0,0,,,false,,false,compilation,filter_only
IEJIGPNLZYLLBP-UHFFFAOYSA-N,dimethyl carbonate,12021,0.5,degC,0.5 °C,Hazardous Substances Data Bank (HSDB),29,peer_reviewed_first_then_lower_median,true,medium,true,4,4,0.5,3,true,90.5,degC,90.5 °C,Hazardous Substances Data Bank (HSDB),29,peer_reviewed_first_then_lower_median,true,high,false,4,4,90,91,true,14,degC,14 °C (Closed cup),Hazardous Substances Data Bank (HSDB),29,peer_reviewed_first_then_lower_median,true,medium,true,4,4,-0.5556,18,true,1.0636,g/cm3,1.0636 g/cu cm at 25 °C,Hazardous Substances Data Bank (HSDB),29,absolute_then_relative_then_unspecified; peer_reviewed_first; lower_median,true,high,false,3,3,1.0636,1.07,true,absolute,true,compilation,filter_only
IIRFCWANHMSDCG-UHFFFAOYSA-N,cyclooctanone,10403,,,,,,,,absent,false,0,0,,,false,,,,,,,,absent,false,0,0,,,false,,,,,,,,absent,false,0,0,,,false,,,,,,,,absent,false,0,0,,,false,,false,compilation,filter_only
IMNFDUFMRHMDMM-UHFFFAOYSA-N,heptane,8900,-90.549,degC,-90.549 °C,Hazardous Substances Data Bank (HSDB),34,peer_reviewed_first_then_lower_median,true,high,false,7,7,-91.61,-90.549,true,98.38,degC,98.38 °C,Hazardous Substances Data Bank (HSDB),34,peer_reviewed_first_then_lower_median,true,high,false,7,7,98.3333,99,true,-3.8889,degC,25 °F (Closed Cup),Hazardous Substances Data Bank (HSDB),34,peer_reviewed_first_then_lower_median,true,medium,true,7,7,-7,-1,true,0.6795,g/cm3,0.6795 g/cu cm at 25 °C,Hazardous Substances Data Bank (HSDB),34,absolute_then_relative_then_unspecified; peer_reviewed_first; lower_median,true,high,false,7,6,0.6795,0.684,true,absolute,true,compilation,filter_only
INDFXCHYORWHLQ-UHFFFAOYSA-N,1-butyl-3-methylimidazolium bis(trifluoromethylsulfonyl)imide,11258643,,,,,,,,absent,false,0,0,,,false,,,,,,,,absent,false,0,0,,,false,,,,,,,,absent,false,0,0,,,false,,,,,,,,absent,false,0,0,,,false,,false,compilation,filter_only
ISPYQTSUDJAMAB-UHFFFAOYSA-N,o-Chlorophenol,7245,7,degC,"MP: 7 °C (ALPHA), 0 °C (BETA), 4.1 °C (GAMMA)",Hazardous Substances Data Bank (HSDB),32,peer_reviewed_first_then_lower_median,true,medium,true,5,5,7,9.8,true,174.9,degC,174.9 °C at 760 mm Hg,Hazardous Substances Data Bank (HSDB),32,peer_reviewed_first_then_lower_median,true,high,false,4,4,174.9,176.1111,true,64,degC,64 °C (147 °F) CLOSED CUP,Hazardous Substances Data Bank (HSDB),32,peer_reviewed_first_then_lower_median,true,high,false,4,4,63.8889,64,true,1.3,relative,Relative density (water = 1): 1.3,ILO-WHO International Chemical Safety Cards (ICSCs),39,absolute_then_relative_then_unspecified; peer_reviewed_first; lower_median,false,low,true,4,4,1.25,1.3,true,relative,false,compilation,filter_only
IVCMUVGRRDWTDK-UHFFFAOYSA-M,1-methyl-3-propylimidazolium iodide,12971008,,,,,,,,absent,false,0,0,,,false,,,,,,,,absent,false,0,0,,,false,,,,,,,,absent,false,0,0,,,false,,,,,,,,absent,false,0,0,,,false,,false,compilation,filter_only
IXQYBUDWDLYNMA-UHFFFAOYSA-N,1-butyl-3-methylimidazolium hexafluorophosphate,2734174,,,,,,,,absent,false,0,0,,,false,,,,,,,,absent,false,0,0,,,false,,,,,,,,absent,false,0,0,,,false,,,,,,,,absent,false,0,0,,,false,,false,compilation,filter_only
IYXGSMUGOJNHAZ-UHFFFAOYSA-N,Diethyl malonate,7761,-50,degC,-50 °C,Hazardous Substances Data Bank (HSDB),43,peer_reviewed_first_then_lower_median,true,high,false,4,4,-50,-49.8,true,200,degC,200 °C,Hazardous Substances Data Bank (HSDB),43,peer_reviewed_first_then_lower_median,true,high,false,5,5,198.9,200,true,93,degC,200 °F (93 °C) (open cup),Hazardous Substances Data Bank (HSDB),43,peer_reviewed_first_then_lower_median,true,medium,true,2,2,85,93,true,1.0551,g/cm3,1.0551 g/cu cm at 20 °C,Hazardous Substances Data Bank (HSDB),43,absolute_then_relative_then_unspecified; peer_reviewed_first; lower_median,true,high,false,5,4,1.053,1.06,true,absolute,true,compilation,filter_only
JBTWLSYIZRCDFO-UHFFFAOYSA-N,ethyl methyl carbonate,522046,,,,,,,,absent,false,0,0,,,false,,,,,,,,absent,false,0,0,,,false,,,,,,,,absent,false,0,0,,,false,,,,,,,,absent,false,0,0,,,false,,false,compilation,filter_only
JCCCMAAJYSNBPR-UHFFFAOYSA-N,2-ethylthiophene,13388,,,,,,,,absent,false,0,0,,,false,133,degC,133.00 °C. @ 760.00 mm Hg,Human Metabolome Database (HMDB),14,peer_reviewed_first_then_lower_median,false,low,false,1,1,133,133,true,,,,,,,,absent,false,0,0,,,false,,,,,,,,absent,false,0,0,,,false,,false,compilation,filter_only
JCQGIZYNVAZYOH-UHFFFAOYSA-M,trihexyl(tetradecyl)phosphonium chloride,11375816,,,,,,,,absent,false,0,0,,,false,,,,,,,,absent,false,0,0,,,false,,,,,,,,absent,false,0,0,,,false,,,,,,,,absent,false,0,0,,,false,,false,compilation,filter_only
JFDZBHWFFUWGJE-UHFFFAOYSA-N,Benzonitrile,7505,-12.82,degC,-12.82 °C,Hazardous Substances Data Bank (HSDB),31,peer_reviewed_first_then_lower_median,true,high,false,4,4,-12.82,-12.7778,true,123.5,degC,BP: 123.5 °C at 100 mm Hg; 69.2 °C at 10 mm Hg; 28.2 °C at 1 mm Hg,Hazardous Substances Data Bank (HSDB),31,peer_reviewed_first_then_lower_median,true,medium,true,5,5,123.5,191,true,70,degC,70 °C (158 def F) (Closed cup),Hazardous Substances Data Bank (HSDB),31,peer_reviewed_first_then_lower_median,true,medium,true,4,4,70,75,true,1.0093,g/cm3,1.0093 g/cu cm at 15 °C,Hazardous Substances Data Bank (HSDB),31,absolute_then_relative_then_unspecified; peer_reviewed_first; lower_median,true,high,false,4,4,1,1.01,true,absolute,true,compilation,filter_only
JHIVVAPYMSGYDF-UHFFFAOYSA-N,cyclohexanone,7967,-31,degC,-31 °C,Hazardous Substances Data Bank (HSDB),70,peer_reviewed_first_then_lower_median,true,medium,true,8,7,-45,-16.1111,true,155.6,degC,155.6 °C @ 760 MM HG; 132.5 °C @ 400 MM HG; 110.3 °C @ 200 MM HG; 90.4 °C @ 100 MM HG; 77.5 °C @ 60 MM HG; 67.8 °C @ 40 MM HG; 52.5 °C @ 20 MM HG; 38.7 °C @ 10 MM HG; 26.4 °C @ 5 MM HG; 1.4 °C @ 1.0 MM HG,Hazardous Substances Data Bank (HSDB),70,peer_reviewed_first_then_lower_median,true,high,false,9,8,155.43,156,true,44,degC,44 °C,"Haz-Map, Information on Hazardous Chemicals and Occupational Diseases",68,peer_reviewed_first_then_lower_median,false,low,true,6,6,43.8889,63.3333,true,0.95,relative,Relative density (water = 1): 0.95,ILO-WHO International Chemical Safety Cards (ICSCs),88,absolute_then_relative_then_unspecified; peer_reviewed_first; lower_median,false,low,false,7,7,0.9421,0.95,true,relative,false,compilation,filter_only
JIGUQPWFLRLWPJ-UHFFFAOYSA-N,ethyl propenoate,8821,-71.2,degC,-71.2 °C,Hazardous Substances Data Bank (HSDB),56,peer_reviewed_first_then_lower_median,true,medium,true,8,8,-71.2222,-60,true,99.4,degC,99.4 °C,Hazardous Substances Data Bank (HSDB),56,peer_reviewed_first_then_lower_median,true,high,false,8,8,99,101,true,10,degC,50 °F (10 °C) (open cup),Hazardous Substances Data Bank (HSDB),56,peer_reviewed_first_then_lower_median,true,medium,true,6,6,8.8889,15.5556,true,0.9234,g/cm3,0.9234 g/cu cm at 20 °C,Hazardous Substances Data Bank (HSDB),56,absolute_then_relative_then_unspecified; peer_reviewed_first; lower_median,true,high,false,9,7,0.916,0.9234,true,absolute,true,compilation,filter_only
JMXOUHNHEFFQIW-UHFFFAOYSA-M,tributylmethylphosphonium methyl sulfate,16218793,,,,,,,,absent,false,0,0,,,false,,,,,,,,absent,false,0,0,,,false,,,,,,,,absent,false,0,0,,,false,,,,,,,,absent,false,0,0,,,false,,false,compilation,filter_only
JQVDAXLFBXTEQA-UHFFFAOYSA-N,dibutylamine,8148,-59,degC,-60 to -59 °C,Hazardous Substances Data Bank (HSDB),21,peer_reviewed_first_then_lower_median,true,medium,true,4,4,-61.9,-58.8889,true,160,degC,159-160 °C,Hazardous Substances Data Bank (HSDB),21,peer_reviewed_first_then_lower_median,true,high,false,4,4,159,160,true,51.6,degC,51.6 °C (open cup),Hazardous Substances Data Bank (HSDB),21,peer_reviewed_first_then_lower_median,true,medium,true,5,5,47,57,true,0.76,g/cm3,Density  (at 20 °C): 0.76 g/cm³,ILO-WHO International Chemical Safety Cards (ICSCs),23,absolute_then_relative_then_unspecified; peer_reviewed_first; lower_median,false,low,false,5,4,0.759,0.7613,true,absolute,true,compilation,filter_only
JRGGUPZKKTVKOV-UHFFFAOYSA-N,1-Bromo-3-chlorobenzene,7928,-21.5,degC,-21.5 °C,"PAC Chemical Database, U.S. Department of Energy",19,peer_reviewed_first_then_lower_median,false,low,false,1,1,-21.5,-21.5,true,196,degC,196 °C @760 [mm Hg],"PAC Chemical Database, U.S. Department of Energy",19,peer_reviewed_first_then_lower_median,false,low,false,1,1,196,196,true,,,,,,,,absent,false,0,0,,,false,1.6302,unspecified,1.6302 @ 20°C,"PAC Chemical Database, U.S. Department of Energy",19,absolute_then_relative_then_unspecified; peer_reviewed_first; lower_median,false,low,false,1,1,1.6302,1.6302,true,unspecified,false,compilation,filter_only
JSRLURSZEMLAFO-UHFFFAOYSA-N,m-Dibromobenzene,7927,,,,,,,,absent,false,0,0,,,false,,,,,,,,absent,false,0,0,,,false,,,,,,,,absent,false,0,0,,,false,,,,,,,,absent,false,0,0,,,false,,false,compilation,filter_only
JUJWROOIHBZHMG-UHFFFAOYSA-N,Pyridine,1049,-41.6,degC,-41.6 °C,Hazardous Substances Data Bank (HSDB),60,peer_reviewed_first_then_lower_median,true,high,false,7,7,-42.2222,-41.6,true,115.3,degC,115.2-115.3 °C,Hazardous Substances Data Bank (HSDB),60,peer_reviewed_first_then_lower_median,true,high,false,7,7,115,116,true,20,degC,68 °F (CLOSED CUP),Hazardous Substances Data Bank (HSDB),60,peer_reviewed_first_then_lower_median,true,high,false,7,7,20,20,true,0.98,relative,Relative density (water = 1): 0.98,ILO-WHO International Chemical Safety Cards (ICSCs),79,absolute_then_relative_then_unspecified; peer_reviewed_first; lower_median,false,low,false,6,6,0.98,0.983,true,relative,false,compilation,filter_only
JWFPQAXAGSAKRF-UHFFFAOYSA-N,"1-butyl-2,3-dimethylimidazolium hexafluorophosphate",11243457,,,,,,,,absent,false,0,0,,,false,,,,,,,,absent,false,0,0,,,false,,,,,,,,absent,false,0,0,,,false,,,,,,,,absent,false,0,0,,,false,,false,compilation,filter_only
JWUJQDFVADABEY-UHFFFAOYSA-N,2-methyltetrahydrofuran,7301,,,,,,,,absent,false,0,0,,,false,80,degC,80 °C @760 [mm Hg],"PAC Chemical Database, U.S. Department of Energy",46,peer_reviewed_first_then_lower_median,false,low,false,1,1,80,80,true,,,,,,,,absent,false,0,0,,,false,0.853,unspecified,0.853 @ 20°C,"PAC Chemical Database, U.S. Department of Energy",46,absolute_then_relative_then_unspecified; peer_reviewed_first; lower_median,false,low,false,1,1,0.853,0.853,true,unspecified,false,compilation,filter_only
JYPJLAPMBJKRDG-UHFFFAOYSA-M,1-ethyl-3-methylimidazolium butylsulfonate,87376840,,,,,,,,absent,false,0,0,,,false,,,,,,,,absent,false,0,0,,,false,,,,,,,,absent,false,0,0,,,false,,,,,,,,absent,false,0,0,,,false,,false,compilation,filter_only
JYVLIDXNZAXMDK-UHFFFAOYSA-N,pentan-2-ol,22386,-73,degC,-73 °C,Human Metabolome Database (HMDB),29,peer_reviewed_first_then_lower_median,false,low,true,2,2,-73,-50,true,112.2222,degC,234 °F,The National Institute for Occupational Safety and Health (NIOSH),75,peer_reviewed_first_then_lower_median,false,low,true,4,4,112.2222,119,true,35,degC,"95 °F (NIOSH, 2024)",CAMEO Chemicals,2,peer_reviewed_first_then_lower_median,false,low,false,3,3,33,35,true,0.8,relative,Relative density (water = 1): 0.8,ILO-WHO International Chemical Safety Cards (ICSCs),38,absolute_then_relative_then_unspecified; peer_reviewed_first; lower_median,false,low,true,4,4,0.8,0.82,true,relative,false,compilation,filter_only
KBPLFHHGFOOTCA-UHFFFAOYSA-N,octan-1-ol,957,-14.7,degC,-14.7 °C,Hazardous Substances Data Bank (HSDB),41,peer_reviewed_first_then_lower_median,true,high,false,5,5,-15.5,-14.7,true,194.7,degC,194.7 °C,Hazardous Substances Data Bank (HSDB),41,peer_reviewed_first_then_lower_median,true,high,false,6,6,194.5,196,true,81,degC,178 °F (81 °C) (Closed cup),Hazardous Substances Data Bank (HSDB),41,peer_reviewed_first_then_lower_median,true,high,false,4,4,81,81.1111,true,0.8262,g/cm3,0.8262 g/cu cm at 25 °C,Hazardous Substances Data Bank (HSDB),41,absolute_then_relative_then_unspecified; peer_reviewed_first; lower_median,true,high,false,5,5,0.822,0.83,true,absolute,true,compilation,filter_only
KFUSEUYYWQURPO-OWOJBTEDSA-N,"trans-1,2-Dichloroethylene",638186,-49.8,degC,-49.8 °C,Hazardous Substances Data Bank (HSDB),31,peer_reviewed_first_then_lower_median,true,high,false,3,3,-50,-49.8,true,47.64,degC,47.64 °C,Hazardous Substances Data Bank (HSDB),31,peer_reviewed_first_then_lower_median,true,high,false,5,4,47.2222,49,true,6,degC,6.0 °C (42.8 °F) - closed cup,Hazardous Substances Data Bank (HSDB),31,peer_reviewed_first_then_lower_median,true,medium,true,3,3,2,6.1111,true,1.2565,g/cm3,1.2565 g/cu cm at 20 °C,Hazardous Substances Data Bank (HSDB),31,absolute_then_relative_then_unspecified; peer_reviewed_first; lower_median,true,high,false,3,3,1.2565,1.2743,true,absolute,true,compilation,filter_only
KFUSEUYYWQURPO-UPHRSURJSA-N,"cis-1,2-Dichloroethylene",643833,-80,degC,-80.0 °C,Hazardous Substances Data Bank (HSDB),29,peer_reviewed_first_then_lower_median,true,high,false,3,3,-80.5,-80,true,60,degC,60 °C,Hazardous Substances Data Bank (HSDB),29,peer_reviewed_first_then_lower_median,true,high,false,4,4,60,60.1,true,3.9,degC,2.2 to 3.9 °C (closed cup),Hazardous Substances Data Bank (HSDB),29,peer_reviewed_first_then_lower_median,true,medium,true,4,4,2,6,true,1.2837,g/cm3,1.2837 g/cu cm at 20 °C,Hazardous Substances Data Bank (HSDB),29,absolute_then_relative_then_unspecified; peer_reviewed_first; lower_median,true,high,false,3,3,1.2837,1.2837,true,absolute,true,compilation,filter_only
KFZMGEQAYNKOFK-UHFFFAOYSA-N,propan-2-ol,3776,-87.9,degC,-87.9 °C,Hazardous Substances Data Bank (HSDB),66,peer_reviewed_first_then_lower_median,true,medium,true,7,6,-90,-87.9,true,82.3,degC,82.3 °C at 760 mm Hg,Hazardous Substances Data Bank (HSDB),66,peer_reviewed_first_then_lower_median,true,high,false,8,7,82.3,83,true,12,degC,"12 °C, 53 °F (Closed cup)",Hazardous Substances Data Bank (HSDB),66,peer_reviewed_first_then_lower_median,true,medium,true,7,7,11.6667,23.8889,true,0.79,relative,Relative density (water = 1): 0.79,ILO-WHO International Chemical Safety Cards (ICSCs),82,absolute_then_relative_then_unspecified; peer_reviewed_first; lower_median,false,low,false,11,7,0.7809,0.79,true,relative,false,compilation,filter_only
KGPPDNUWZNWPSI-UHFFFAOYSA-N,"bis(2,2,2-trifluoroethyl) ether",9528,,,,,,,,absent,false,1,0,,,false,,,,,,,,absent,false,0,0,,,false,,,,,,,,absent,false,0,0,,,false,,,,,,,,absent,false,0,0,,,false,,false,compilation,filter_only
KJDRSWPQXHESDQ-UHFFFAOYSA-N,"1,4-dichlorobutane",8059,-37.2778,degC,"-35.1 °F (NTP, 1992)",CAMEO Chemicals,3,peer_reviewed_first_then_lower_median,false,low,false,1,1,-37.2778,-37.2778,true,153.8889,degC,"309 °F at 760 mmHg (NTP, 1992)",CAMEO Chemicals,3,peer_reviewed_first_then_lower_median,false,low,false,1,1,153.8889,153.8889,true,40,degC,"104 °F (NTP, 1992)",CAMEO Chemicals,3,peer_reviewed_first_then_lower_median,false,low,false,1,1,40,40,true,1.1408,unspecified,"1.1408 (NTP, 1992) - Denser than water; will sink",CAMEO Chemicals,3,absolute_then_relative_then_unspecified; peer_reviewed_first; lower_median,false,low,false,1,1,1.1408,1.1408,true,unspecified,false,compilation,filter_only
KLTUZFZUYLXTFF-UHFFFAOYSA-N,1-(2-hydroxyethyl)-3-methylimidazolium tetrafluoroborate,11344909,,,,,,,,absent,false,0,0,,,false,,,,,,,,absent,false,0,0,,,false,,,,,,,,absent,false,0,0,,,false,,,,,,,,absent,false,0,0,,,false,,false,compilation,filter_only
KMTRUDSVKNLOMY-UHFFFAOYSA-N,ethylene carbonate,7303,36.4,degC,36.4 °C,Hazardous Substances Data Bank (HSDB),28,peer_reviewed_first_then_lower_median,true,high,false,2,2,36.4,36.4,true,248,degC,248 °C,Hazardous Substances Data Bank (HSDB),28,peer_reviewed_first_then_lower_median,true,high,false,2,2,248,248,true,143,degC,290 °F (143 °C) (Open Cup),Hazardous Substances Data Bank (HSDB),28,peer_reviewed_first_then_lower_median,true,high,false,2,2,143,143,true,1.3214,unspecified,1.3214 at 39 °C,Hazardous Substances Data Bank (HSDB),28,absolute_then_relative_then_unspecified; peer_reviewed_first; lower_median,true,high,false,2,2,1.3214,1.322,true,unspecified,false,compilation,filter_only
KNGDDPFNUUIHKR-UHFFFAOYSA-N,1-butyl-1-methylpyrrolidinium tris(pentafluoroethyl)trifluorophosphate,23082572,,,,,,,,absent,false,0,0,,,false,,,,,,,,absent,false,0,0,,,false,,,,,,,,absent,false,0,0,,,false,,,,,,,,absent,false,0,0,,,false,,false,compilation,filter_only
KNKRKFALVUDBJE-UHFFFAOYSA-N,"1,2-dichloropropane",6564,-100.4,degC,-100.4 °C,Hazardous Substances Data Bank (HSDB),31,peer_reviewed_first_then_lower_median,true,medium,true,6,6,-100.5556,65,true,96.4,degC,96.4 °C; (-3.7 °C at 10 mm Hg),Hazardous Substances Data Bank (HSDB),31,peer_reviewed_first_then_lower_median,true,high,false,6,6,96,96.6667,true,16,degC,60 °F (16 °C) (Closed cup),Hazardous Substances Data Bank (HSDB),31,peer_reviewed_first_then_lower_median,true,high,false,6,6,15.5556,16,true,1.16,relative,Relative density (water = 1): 1.16,ILO-WHO International Chemical Safety Cards (ICSCs),33,absolute_then_relative_then_unspecified; peer_reviewed_first; lower_median,false,low,false,6,6,1.158,1.16,true,relative,false,compilation,filter_only
KVNRLNFWIYMESJ-UHFFFAOYSA-N,butanenitrile,8008,-112,degC,-112 °C,Hazardous Substances Data Bank (HSDB),20,peer_reviewed_first_then_lower_median,true,high,false,5,5,-112.7778,-112,true,117.5,degC,117.5 °C @ 760 mm Hg,Hazardous Substances Data Bank (HSDB),20,peer_reviewed_first_then_lower_median,true,high,false,5,5,117,118,true,24,degC,76 (24 °C) °F (OPEN CUP),Hazardous Substances Data Bank (HSDB),20,peer_reviewed_first_then_lower_median,true,medium,true,5,5,16.6667,24,true,0.8,relative,Relative density (water = 1): 0.8,ILO-WHO International Chemical Safety Cards (ICSCs),24,absolute_then_relative_then_unspecified; peer_reviewed_first; lower_median,false,low,true,6,5,0.7936,0.81,true,relative,false,compilation,filter_only
KWOLFJPFCHCOCG-UHFFFAOYSA-N,acetophenone,7410,19.4,degC,19.4 °C,Hazardous Substances Data Bank (HSDB),78,peer_reviewed_first_then_lower_median,true,high,false,6,6,19.4,20,true,202.1,degC,202.1 °C,Hazardous Substances Data Bank (HSDB),78,peer_reviewed_first_then_lower_median,true,high,false,7,7,201.7222,203,true,77,degC,170 °F (77 °C) - closed cup,Hazardous Substances Data Bank (HSDB),78,peer_reviewed_first_then_lower_median,true,medium,true,8,8,76,105,true,1.0281,g/cm3,1.0281 g/cu cm at 20 °C,Hazardous Substances Data Bank (HSDB),78,absolute_then_relative_then_unspecified; peer_reviewed_first; lower_median,true,high,false,8,7,1.022,1.033,true,absolute,true,compilation,filter_only
KXGRFVJWZGSJBS-UHFFFAOYSA-M,N-butyl-3-methylpyridinium methylsulfate,57355794,,,,,,,,absent,false,0,0,,,false,,,,,,,,absent,false,0,0,,,false,,,,,,,,absent,false,0,0,,,false,,,,,,,,absent,false,0,0,,,false,,false,compilation,filter_only
KXKVLQRXCPHEJC-UHFFFAOYSA-N,Methyl acetate,6584,-98.2,degC,-98.2 °C,Hazardous Substances Data Bank (HSDB),38,peer_reviewed_first_then_lower_median,true,high,false,7,7,-98.7,-97.7778,true,56.7,degC,56.7 °C,Hazardous Substances Data Bank (HSDB),38,peer_reviewed_first_then_lower_median,true,high,false,7,7,56.7,57.8,true,-10,degC,14 °F (-10 °C) (closed cup),Hazardous Substances Data Bank (HSDB),38,peer_reviewed_first_then_lower_median,true,medium,true,9,9,-13,-5.5556,true,0.9342,g/cm3,0.9342 g/cu cm at 20 °C,Hazardous Substances Data Bank (HSDB),38,absolute_then_relative_then_unspecified; peer_reviewed_first; lower_median,true,high,false,7,7,0.9244,0.9342,true,absolute,true,compilation,filter_only
LAIUFBWHERIJIH-UHFFFAOYSA-N,3-methylheptane,11519,-100,degC,-100 °C,Human Metabolome Database (HMDB),12,peer_reviewed_first_then_lower_median,false,low,false,1,1,-100,-100,true,118,degC,118.00 °C. @ 760.00 mm Hg,Human Metabolome Database (HMDB),12,peer_reviewed_first_then_lower_median,false,low,false,1,1,118,118,true,,,,,,,,absent,false,0,0,,,false,,,,,,,,absent,false,0,0,,,false,,false,compilation,filter_only
LBHLGZNUPKUZJC-UHFFFAOYSA-N,1-butyl-1-methylpyrrolidinium dicyanamide,16213711,,,,,,,,absent,false,0,0,,,false,,,,,,,,absent,false,0,0,,,false,,,,,,,,absent,false,0,0,,,false,,,,,,,,absent,false,0,0,,,false,,false,compilation,filter_only
LCGLNKUTAGEVQW-UHFFFAOYSA-N,Methyl ether,8254,-141.5,degC,-141.5 °C,Hazardous Substances Data Bank (HSDB),30,peer_reviewed_first_then_lower_median,true,medium,true,4,4,-141.5,-138.5,true,-24.82,degC,-24.82 °C,Hazardous Substances Data Bank (HSDB),30,peer_reviewed_first_then_lower_median,true,medium,true,4,4,-24.82,-22.2222,true,-41.1111,degC,-42 °F (closed cup),Hazardous Substances Data Bank (HSDB),30,peer_reviewed_first_then_lower_median,true,medium,true,3,2,-41.1111,-3.8889,true,0.0019,g/cm3,1.91855 g/L at 1 atm and 25 °C,Hazardous Substances Data Bank (HSDB),30,absolute_then_relative_then_unspecified; peer_reviewed_first; lower_median,true,medium,true,4,4,0.0019,0.724,true,absolute,true,compilation,filter_only
LCZUOKDVTBMCMX-UHFFFAOYSA-N,"2,5-Dimethylpyrazine",31252,15,degC,15 °C,Human Metabolome Database (HMDB),24,peer_reviewed_first_then_lower_median,false,low,false,1,1,15,15,true,155,degC,155 °C,Joint FAO/WHO Expert Committee on Food Additives (JECFA),33,peer_reviewed_first_then_lower_median,false,low,false,2,2,155,156,true,,,,,,,,absent,false,0,0,,,false,0.982,unspecified,0.982-1.000,Joint FAO/WHO Expert Committee on Food Additives (JECFA),33,absolute_then_relative_then_unspecified; peer_reviewed_first; lower_median,false,low,false,1,1,0.982,0.982,true,unspecified,false,compilation,filter_only
LECQXINNQGHJBM-UHFFFAOYSA-N,1-methyl-3-octylimidazolium bis(trifluoromethylsulfonyl)imide,12184591,,,,,,,,absent,false,0,0,,,false,,,,,,,,absent,false,0,0,,,false,,,,,,,,absent,false,0,0,,,false,,,,,,,,absent,false,0,0,,,false,,false,compilation,filter_only
LFQSCWFLJHTTHZ-UHFFFAOYSA-N,ethanol,702,-114.14,degC,-114.14 °C,Hazardous Substances Data Bank (HSDB),81,peer_reviewed_first_then_lower_median,true,high,false,8,7,-114.14,-113.8889,true,78.24,degC,78.24 °C,Hazardous Substances Data Bank (HSDB),81,peer_reviewed_first_then_lower_median,true,high,false,8,7,78,78.5,true,13,degC,55 °F (13 °C) (closed cup),Hazardous Substances Data Bank (HSDB),81,peer_reviewed_first_then_lower_median,true,high,false,9,7,12,14,true,0.7893,g/cm3,0.7893 g/cu cm at 20 °C,Hazardous Substances Data Bank (HSDB),81,absolute_then_relative_then_unspecified; peer_reviewed_first; lower_median,true,medium,true,7,7,0.7893,0.81,true,absolute,true,compilation,filter_only
LFSAPCRASZRSKS-UHFFFAOYSA-N,2-Methylcyclohexanone,11419,-14,degC,6.8 °F,Occupational Safety and Health Administration (OSHA),57,peer_reviewed_first_then_lower_median,false,low,true,5,5,-21.5556,-13.8889,true,165,degC,"329 °F at 760 mmHg (USCG, 1999)",CAMEO Chemicals,7,peer_reviewed_first_then_lower_median,false,low,true,6,6,162.7778,165.1,true,47.7778,degC,118 °F,"Haz-Map, Information on Hazardous Chemicals and Occupational Diseases",26,peer_reviewed_first_then_lower_median,false,low,false,4,4,47.7778,47.7778,true,0.925,unspecified,0.925 at 20 °C/4 °C,Hazardous Substances Data Bank (HSDB),28,absolute_then_relative_then_unspecified; peer_reviewed_first; lower_median,false,low,false,6,6,0.92,0.93,true,unspecified,false,compilation,filter_only
LHIJANUOQQMGNT-UHFFFAOYSA-N,N-(2-aminoethyl)ethanolamine,8112,-33,degC,-33 °C,"PAC Chemical Database, U.S. Department of Energy",46,peer_reviewed_first_then_lower_median,false,low,false,1,1,-33,-33,true,240,degC,460-464 °F,Occupational Safety and Health Administration (OSHA),45,peer_reviewed_first_then_lower_median,false,low,true,5,5,40,243.7,true,102.2222,degC,216 °F,Occupational Safety and Health Administration (OSHA),45,peer_reviewed_first_then_lower_median,false,low,true,4,4,102.2222,132,true,1.028,unspecified,"1.028 at 77 °F (USCG, 1999) - Denser than water; will sink",CAMEO Chemicals,5,absolute_then_relative_then_unspecified; peer_reviewed_first; lower_median,false,low,false,4,4,1.0254,1.03,true,unspecified,false,compilation,filter_only
LJSQFQKUNVCTIA-UHFFFAOYSA-N,Ethyl sulfide,9609,-103.9,degC,-103.9 °C,Hazardous Substances Data Bank (HSDB),24,peer_reviewed_first_then_lower_median,true,high,false,2,2,-103.9,-102.05,true,92.1,degC,92.1 °C,Hazardous Substances Data Bank (HSDB),24,peer_reviewed_first_then_lower_median,true,high,false,3,3,92,93,true,-10,degC,-10 °C (14 °F) closed cup,Hazardous Substances Data Bank (HSDB),24,peer_reviewed_first_then_lower_median,true,medium,true,2,2,-10,-6.7,true,0.8362,g/cm3,0.8362 g/cu cm at 20 °C,Hazardous Substances Data Bank (HSDB),24,absolute_then_relative_then_unspecified; peer_reviewed_first; lower_median,true,high,false,2,2,0.836,0.8362,true,absolute,true,compilation,filter_only
LLEVMYXEJUDBTA-UHFFFAOYSA-N,heptanedinitrile,12590,,,,,,,,absent,false,0,0,,,false,,,,,,,,absent,false,0,0,,,false,,,,,,,,absent,false,0,0,,,false,,,,,,,,absent,false,0,0,,,false,,false,compilation,filter_only
LPEKGGXMPWTOCB-UHFFFAOYSA-N,methyl 2-hydroxypropanoate,11040,-66,degC,Freezing Point: approximately -66 °C,Hazardous Substances Data Bank (HSDB),19,peer_reviewed_first_then_lower_median,true,medium,false,1,1,-66,-66,true,145,degC,144-145 °C,Hazardous Substances Data Bank (HSDB),19,peer_reviewed_first_then_lower_median,true,medium,false,1,1,145,145,true,49,degC,121 °F (49 °C) (closed cup),Hazardous Substances Data Bank (HSDB),19,peer_reviewed_first_then_lower_median,true,high,false,2,2,49,51,true,1.09,unspecified,1.09 at 19 °C,Hazardous Substances Data Bank (HSDB),19,absolute_then_relative_then_unspecified; peer_reviewed_first; lower_median,true,medium,false,2,1,1.09,1.09,true,unspecified,false,compilation,filter_only
LPSXSORODABQKT-FIRGSJFUSA-N,exo-tetrahydrodicyclopentadiene,11159354,,,,,,,,absent,false,0,0,,,false,,,,,,,,absent,false,0,0,,,false,,,,,,,,absent,false,0,0,,,false,,,,,,,,absent,false,0,0,,,false,,false,compilation,filter_only
LQNUZADURLCDLV-UHFFFAOYSA-N,nitrobenzene,7416,5.7,degC,5.7 °C,Hazardous Substances Data Bank (HSDB),36,peer_reviewed_first_then_lower_median,true,high,false,7,7,5,5.7,true,210.8,degC,210.8 °C,Hazardous Substances Data Bank (HSDB),36,peer_reviewed_first_then_lower_median,true,high,false,6,6,210.5556,211,true,88,degC,190 °F (88 °C) (Closed cup),Hazardous Substances Data Bank (HSDB),36,peer_reviewed_first_then_lower_median,true,high,false,6,6,87.7778,88,true,1.199,g/cm3,Density: 1.199 g/cu cm at 25 °C/4 °C; Specific heat: 1.509 J/g at 30 °C,Hazardous Substances Data Bank (HSDB),36,absolute_then_relative_then_unspecified; peer_reviewed_first; lower_median,true,high,false,7,7,1.199,1.205,true,absolute,true,compilation,filter_only
LRESCJAINPKJTO-UHFFFAOYSA-N,1-ethyl-3-methylimidazolium bis((trifluoromethyl)sulfonyl)imide,11731903,,,,,,,,absent,false,0,0,,,false,,,,,,,,absent,false,0,0,,,false,,,,,,,,absent,false,0,0,,,false,,,,,,,,absent,false,0,0,,,false,,false,compilation,filter_only
LRHPLDYGYMQRHN-UHFFFAOYSA-N,butan-1-ol,263,-88.6,degC,-88.6 °C,Hazardous Substances Data Bank (HSDB),46,peer_reviewed_first_then_lower_median,true,high,false,8,7,-90,-88.6,true,117.6,degC,117.6 °C,Hazardous Substances Data Bank (HSDB),46,peer_reviewed_first_then_lower_median,true,high,false,8,7,117,117.73,true,28.89,degC,"Flash point: 28.89 degrees C, closed cup",Hazardous Substances Data Bank (HSDB),46,peer_reviewed_first_then_lower_median,true,medium,true,7,7,28.8889,37,true,0.81,relative,Relative density (water = 1): 0.81,ILO-WHO International Chemical Safety Cards (ICSCs),63,absolute_then_relative_then_unspecified; peer_reviewed_first; lower_median,false,low,false,9,7,0.807,0.81,true,relative,false,compilation,filter_only
LSBXQLQATZTAPE-UHFFFAOYSA-N,1-butyl-3-methylimidazolium tetrafluoroborate,2734178,,,,,,,,absent,false,0,0,,,false,,,,,,,,absent,false,0,0,,,false,,,,,,,,absent,false,0,0,,,false,,,,,,,,absent,false,0,0,,,false,,false,compilation,filter_only
LTMWUXUUPSUBPP-UHFFFAOYSA-N,1-hexylpyridinium tetrafluoroborate,2734181,,,,,,,,absent,false,0,0,,,false,,,,,,,,absent,false,0,0,,,false,,,,,,,,absent,false,0,0,,,false,,,,,,,,absent,false,0,0,,,false,,false,compilation,filter_only
LVTYICIALWPMFW-UHFFFAOYSA-N,N-(2-hydroxypropyl)-2-hydroxy-1-propanamine,8086,42,degC,32-42 °C,Hazardous Substances Data Bank (HSDB),25,peer_reviewed_first_then_lower_median,true,high,false,3,3,42,42,true,249,degC,249 °C,Hazardous Substances Data Bank (HSDB),25,peer_reviewed_first_then_lower_median,true,high,false,3,3,248,249,true,127,degC,255 °F (127 °C) (open cup),Hazardous Substances Data Bank (HSDB),25,peer_reviewed_first_then_lower_median,true,high,false,3,3,126.1111,127,true,0.99,relative,Relative density (water = 1): 0.99,ILO-WHO International Chemical Safety Cards (ICSCs),31,absolute_then_relative_then_unspecified; peer_reviewed_first; lower_median,false,low,false,3,3,0.989,0.99,true,relative,false,compilation,filter_only
LYCAIKOWRPUZTN-UHFFFAOYSA-N,"1,2-ethanediol",174,-12.69,degC,-12.69 °C,Hazardous Substances Data Bank (HSDB),76,peer_reviewed_first_then_lower_median,true,medium,true,8,7,-13,10,true,197.3,degC,197.3 °C,Hazardous Substances Data Bank (HSDB),76,peer_reviewed_first_then_lower_median,true,high,false,7,7,197,198,true,111,degC,232 °F (111 °C) (closed cup),Hazardous Substances Data Bank (HSDB),76,peer_reviewed_first_then_lower_median,true,high,false,6,6,111,111.1111,true,1.1135,g/cm3,1.1135 g/cu cm AT 20 °C,Hazardous Substances Data Bank (HSDB),76,absolute_then_relative_then_unspecified; peer_reviewed_first; lower_median,true,high,false,7,6,1.1,1.115,true,absolute,true,compilation,filter_only
LZCLXQDLBQLTDK-UHFFFAOYSA-N,DL-ethyl lactate,7344,-26,degC,-26 °C,Hazardous Substances Data Bank (HSDB),32,peer_reviewed_first_then_lower_median,true,medium,true,3,3,-26,25,true,154,degC,154 °C,Hazardous Substances Data Bank (HSDB),32,peer_reviewed_first_then_lower_median,true,high,false,6,6,153.8889,154,true,46,degC,115 °F (46 °C) (Closed Cup),Hazardous Substances Data Bank (HSDB),32,peer_reviewed_first_then_lower_median,true,high,false,4,4,46,46.1111,true,1.0328,unspecified,1.0328 g.cu cm at 20 °C,Hazardous Substances Data Bank (HSDB),32,absolute_then_relative_then_unspecified; peer_reviewed_first; lower_median,true,high,false,5,5,1.029,1.042,true,unspecified,false,compilation,filter_only
LZJIBRSVPKKOSI-UHFFFAOYSA-O,ethanolammonium nitrate,15606546,,,,,,,,absent,false,0,0,,,false,,,,,,,,absent,false,0,0,,,false,,,,,,,,absent,false,0,0,,,false,,,,,,,,absent,false,0,0,,,false,,false,compilation,filter_only
MCTWTZJPVLRJOU-UHFFFAOYSA-N,1-methylimidazole,1390,-6,degC,-6 °C,"PAC Chemical Database, U.S. Department of Energy",47,peer_reviewed_first_then_lower_median,false,low,false,2,1,-6,-6,true,196,degC,196 °C @760 [mm Hg],"PAC Chemical Database, U.S. Department of Energy",47,peer_reviewed_first_then_lower_median,false,low,false,2,1,196,196,true,,,,,,,,absent,false,0,0,,,false,1.0325,unspecified,1.0325 @25 °C,"PAC Chemical Database, U.S. Department of Energy",47,absolute_then_relative_then_unspecified; peer_reviewed_first; lower_median,false,low,false,1,1,1.0325,1.0325,true,unspecified,false,compilation,filter_only
MEMNKNZDROKJHP-UHFFFAOYSA-M,1-butyl-3-methylimidazolium methyl sulfate,12095228,,,,,,,,absent,false,0,0,,,false,,,,,,,,absent,false,0,0,,,false,,,,,,,,absent,false,0,0,,,false,,,,,,,,absent,false,0,0,,,false,,false,compilation,filter_only
MFXLOVLEQJRXFP-UHFFFAOYSA-N,1-hexyl-3-methylimidazolium tetrafluoroborate,2734179,,,,,,,,absent,false,0,0,,,false,,,,,,,,absent,false,0,0,,,false,,,,,,,,absent,false,0,0,,,false,,,,,,,,absent,false,0,0,,,false,,false,compilation,filter_only
MHNNAWXXUZQSNM-UHFFFAOYSA-N,2-Methyl-1-butene,11240,-137.5,degC,-137.5 °C,Hazardous Substances Data Bank (HSDB),30,peer_reviewed_first_then_lower_median,true,high,false,2,2,-137.5,-137.5,true,31.2,degC,31.2 °C,Hazardous Substances Data Bank (HSDB),30,peer_reviewed_first_then_lower_median,true,high,false,2,2,31.04,31.2,true,-7,degC,BELOW -20 °F (BELOW -7 °C) (CLOSED CUP),Hazardous Substances Data Bank (HSDB),30,peer_reviewed_first_then_lower_median,true,high,false,3,3,-7,-6.6667,true,0.6504,unspecified,0.6504 @ 20 °C/4 °C,Hazardous Substances Data Bank (HSDB),30,absolute_then_relative_then_unspecified; peer_reviewed_first; lower_median,true,medium,true,2,2,0.065,0.6504,true,unspecified,false,compilation,filter_only
MKHFCTXNDRMIDR-UHFFFAOYSA-N,1-ethyl-3-methylimidazolium dicyanamide,11159638,,,,,,,,absent,false,0,0,,,false,,,,,,,,absent,false,0,0,,,false,,,,,,,,absent,false,0,0,,,false,,,,,,,,absent,false,0,0,,,false,,false,compilation,filter_only
MMZYCBHLNZVROM-UHFFFAOYSA-N,o-Fluorotoluene,7241,-62,degC,"-79.6 °F (USCG, 1999)",CAMEO Chemicals,2,peer_reviewed_first_then_lower_median,false,low,false,1,1,-62,-62,true,114,degC,"237.2 °F at 760 mmHg (USCG, 1999)",CAMEO Chemicals,2,peer_reviewed_first_then_lower_median,false,low,false,1,1,114,114,true,12.7778,degC,"55 °F (USCG, 1999)",CAMEO Chemicals,2,peer_reviewed_first_then_lower_median,false,low,false,1,1,12.7778,12.7778,true,1.0041,unspecified,"1.0041 at 55.4 °F (USCG, 1999) - Denser than water; will sink",CAMEO Chemicals,2,absolute_then_relative_then_unspecified; peer_reviewed_first; lower_median,false,low,false,1,1,1.0041,1.0041,true,unspecified,false,compilation,filter_only
MQWCXKGKQLNYQG-UHFFFAOYSA-N,4-Methylcyclohexanol,11524,-9.2,degC,-9.2 °C (cis-isomer),ILO-WHO International Chemical Safety Cards (ICSCs),25,peer_reviewed_first_then_lower_median,false,low,false,1,1,-9.2,-9.2,true,173,degC,173 °C,ILO-WHO International Chemical Safety Cards (ICSCs),25,peer_reviewed_first_then_lower_median,false,low,false,1,1,173,173,true,70,degC,70 °C c.c.,ILO-WHO International Chemical Safety Cards (ICSCs),25,peer_reviewed_first_then_lower_median,false,low,false,1,1,70,70,true,0.92,relative,Relative density (water = 1): 0.92,ILO-WHO International Chemical Safety Cards (ICSCs),25,absolute_then_relative_then_unspecified; peer_reviewed_first; lower_median,false,low,false,1,1,0.92,0.92,true,relative,false,compilation,filter_only
MRABAEUHTLLEML-UHFFFAOYSA-N,butyl 2-hydroxypropanoate,8738,-43,degC,Freezing point: -43 °C,Hazardous Substances Data Bank (HSDB),26,peer_reviewed_first_then_lower_median,true,medium,true,5,5,-43,-28,true,77,degC,77 °C at 10 mm Hg,Hazardous Substances Data Bank (HSDB),26,peer_reviewed_first_then_lower_median,true,medium,true,6,6,77,187.7778,true,71.1111,degC,160 °F (closed cup),Hazardous Substances Data Bank (HSDB),26,peer_reviewed_first_then_lower_median,true,high,false,5,5,71.1111,71.1111,true,0.9744,g/cm3,0.9744 g/cu cm at 27 °C,Hazardous Substances Data Bank (HSDB),26,absolute_then_relative_then_unspecified; peer_reviewed_first; lower_median,true,high,false,5,5,0.974,0.98,true,absolute,true,compilation,filter_only
MSXVEPNJUHWQHW-UHFFFAOYSA-N,2-Methyl-2-butanol,6405,-9.1,degC,-9.1 °C,Hazardous Substances Data Bank (HSDB),30,peer_reviewed_first_then_lower_median,true,high,false,2,2,-9.1,-8.4,true,87.35,degC,Binary azeotrope with 27.5% (wt) water with boiling point 87.35 °C,Hazardous Substances Data Bank (HSDB),30,peer_reviewed_first_then_lower_median,true,medium,true,2,2,87.35,102.4,true,67,degC,67 °C (CLOSED CUP),Hazardous Substances Data Bank (HSDB),30,peer_reviewed_first_then_lower_median,true,medium,true,3,3,19,67,true,0.8096,unspecified,0.8096 at 20 °C/4 °C,Hazardous Substances Data Bank (HSDB),30,absolute_then_relative_then_unspecified; peer_reviewed_first; lower_median,true,medium,false,1,1,0.8096,0.8096,true,unspecified,false,compilation,filter_only
MTHSVFCYNBDYFN-UHFFFAOYSA-N,diethylene glycol,8117,-10.4,degC,-10.4 °C,Hazardous Substances Data Bank (HSDB),42,peer_reviewed_first_then_lower_median,true,medium,true,4,4,-10.4,-6.5,true,245.8,degC,245.8 °C,Hazardous Substances Data Bank (HSDB),42,peer_reviewed_first_then_lower_median,true,high,false,3,3,245,245.8,true,143.3333,degC,280 to 290 °F (open cup) /from table/,Hazardous Substances Data Bank (HSDB),42,peer_reviewed_first_then_lower_median,true,medium,true,4,4,124,143.3333,true,1.1197,g/cm3,1.1197 g/cu cm at 15 °C,Hazardous Substances Data Bank (HSDB),42,absolute_then_relative_then_unspecified; peer_reviewed_first; lower_median,true,high,false,4,4,1.118,1.12,true,absolute,true,compilation,filter_only
MVPPADPHJFYWMZ-UHFFFAOYSA-N,Chlorobenzene,7964,-45.2,degC,-45.2 °C,Hazardous Substances Data Bank (HSDB),40,peer_reviewed_first_then_lower_median,true,high,false,7,7,-45.5556,-45,true,131.6,degC,131.6 °C,Hazardous Substances Data Bank (HSDB),40,peer_reviewed_first_then_lower_median,true,high,false,6,6,131.6,132.2222,true,28,degC,82 °F (Closed Cup) 28 °C,Hazardous Substances Data Bank (HSDB),40,peer_reviewed_first_then_lower_median,true,medium,true,7,7,23.8889,36.1111,true,1.1058,g/cm3,1.1058 g/cu cm at 20 °C,Hazardous Substances Data Bank (HSDB),40,absolute_then_relative_then_unspecified; peer_reviewed_first; lower_median,true,medium,true,9,8,0.365,1.11,true,absolute,true,compilation,filter_only
MWKFXSUHUHTGQN-UHFFFAOYSA-N,decan-1-ol,8174,7,degC,7 °C,Hazardous Substances Data Bank (HSDB),44,peer_reviewed_first_then_lower_median,true,high,false,6,5,6.6667,7,true,120,degC,BP: 115 to 120 °C at 15 mm Hg; 109.5 °C at 8 mm Hg,Hazardous Substances Data Bank (HSDB),44,peer_reviewed_first_then_lower_median,true,medium,true,7,7,120,233,true,82,degC,82 °C (180 °F) - closed cup,Hazardous Substances Data Bank (HSDB),44,peer_reviewed_first_then_lower_median,true,medium,true,5,5,82,108,true,0.8297,g/cm3,0.8297 g/cu cm at 20 °C,Hazardous Substances Data Bank (HSDB),44,absolute_then_relative_then_unspecified; peer_reviewed_first; lower_median,true,high,false,6,5,0.826,0.84,true,absolute,true,compilation,filter_only
MXLMTQWGSQIYOW-UHFFFAOYSA-N,3-methyl-2-butanol,11732,,,,,,,,absent,false,0,0,,,false,112,degC,112 °C,Joint FAO/WHO Expert Committee on Food Additives (JECFA),27,peer_reviewed_first_then_lower_median,false,low,false,2,2,112,114,true,,,,,,,,absent,false,0,0,,,false,0.815,unspecified,0.815-0.821,Joint FAO/WHO Expert Committee on Food Additives (JECFA),27,absolute_then_relative_then_unspecified; peer_reviewed_first; lower_median,false,low,false,1,1,0.815,0.815,true,unspecified,false,compilation,filter_only
NBRKLOOSMBRFMH-UHFFFAOYSA-N,2-chloro-2-methylpropane,10486,,,,,,,,absent,false,0,0,,,false,50.9,degC,50.9 °C @760 [mm Hg],"PAC Chemical Database, U.S. Department of Energy",28,peer_reviewed_first_then_lower_median,false,low,false,1,1,50.9,50.9,true,,,,,,,,absent,false,0,0,,,false,0.87,unspecified,0.87 @25 °C,"PAC Chemical Database, U.S. Department of Energy",28,absolute_then_relative_then_unspecified; peer_reviewed_first; lower_median,false,low,false,1,1,0.87,0.87,true,unspecified,false,compilation,filter_only
NDVWOBYBJYUSMF-UHFFFAOYSA-N,2-Methylcyclohexanol,11418,-21.1111,degC,"less than -6 °F (USCG, 1999)",CAMEO Chemicals,4,peer_reviewed_first_then_lower_median,false,low,true,2,2,-21.1111,-9.5,true,166,degC,"325.4 to 330.8 °F at 760 mmHg (USCG, 1999)",CAMEO Chemicals,4,peer_reviewed_first_then_lower_median,false,low,false,2,2,166,166,true,58,degC,58 °C c.c.,ILO-WHO International Chemical Safety Cards (ICSCs),19,peer_reviewed_first_then_lower_median,false,low,false,2,2,58,58.8889,true,0.93,relative,Relative density (water = 1): 0.93,ILO-WHO International Chemical Safety Cards (ICSCs),19,absolute_then_relative_then_unspecified; peer_reviewed_first; lower_median,false,low,false,2,2,0.93,0.93,true,relative,false,compilation,filter_only
NEQXUPRFDXNNTA-UHFFFAOYSA-N,2-hydroxyethylammonium lactate,11275112,,,,,,,,absent,false,0,0,,,false,,,,,,,,absent,false,0,0,,,false,,,,,,,,absent,false,0,0,,,false,,,,,,,,absent,false,0,0,,,false,,false,compilation,filter_only
NEZRFXZYPAIZAD-UHFFFAOYSA-N,Ethylcyclobutane,252322,,,,,,,,absent,false,0,0,,,false,,,,,,,,absent,false,0,0,,,false,,,,,,,,absent,false,0,0,,,false,,,,,,,,absent,false,0,0,,,false,,false,compilation,filter_only
NHTMVDHEPJAVLT-UHFFFAOYSA-N,"2,2,4-trimethylpentane",10907,-107.45,degC,-107.45 °C,Hazardous Substances Data Bank (HSDB),38,peer_reviewed_first_then_lower_median,true,high,false,3,3,-107.5,-107,true,99.238,degC,99.238 °C,Hazardous Substances Data Bank (HSDB),38,peer_reviewed_first_then_lower_median,true,high,false,3,3,99,99.238,true,-12,degC,-12 °C,"Haz-Map, Information on Hazardous Chemicals and Occupational Diseases",35,peer_reviewed_first_then_lower_median,false,low,true,4,4,-12.2222,4.5,true,0.69,relative,Relative density (water = 1): 0.69,ILO-WHO International Chemical Safety Cards (ICSCs),42,absolute_then_relative_then_unspecified; peer_reviewed_first; lower_median,false,low,false,3,3,0.69,0.692,true,relative,false,compilation,filter_only
NKKMVIVFRUYPLQ-NSCUHMNNSA-N,Crotononitrile (bp 108 C),637921,,,,,,,,absent,false,0,0,,,false,,,,,,,,absent,false,0,0,,,false,,,,,,,,absent,false,0,0,,,false,,,,,,,,absent,false,0,0,,,false,,false,compilation,filter_only
NPDACUSDTOMAMK-UHFFFAOYSA-N,p-Chlorotoluene,7810,7.5,degC,7.5 °C,Hazardous Substances Data Bank (HSDB),25,peer_reviewed_first_then_lower_median,true,high,false,3,3,7.5,7.5,true,162.4,degC,162.4 °C,Hazardous Substances Data Bank (HSDB),25,peer_reviewed_first_then_lower_median,true,high,false,3,3,162,162.4,true,60,degC,"140 °F, open cup",Hazardous Substances Data Bank (HSDB),25,peer_reviewed_first_then_lower_median,true,medium,true,3,3,49,60,true,1.07,relative,Relative density (water = 1): 1.07,ILO-WHO International Chemical Safety Cards (ICSCs),27,absolute_then_relative_then_unspecified; peer_reviewed_first; lower_median,false,low,false,3,3,1.0697,1.07,true,relative,false,compilation,filter_only
NQPDZGIKBAWPEJ-UHFFFAOYSA-N,Valeric acid,7991,-34.5,degC,-34.5 °C,Hazardous Substances Data Bank (HSDB),31,peer_reviewed_first_then_lower_median,true,high,false,5,4,-34.5,-34,true,187,degC,186-187 °C,Hazardous Substances Data Bank (HSDB),31,peer_reviewed_first_then_lower_median,true,high,false,6,5,185,187,true,96,degC,205 °F (96 °C) (Open cup),Hazardous Substances Data Bank (HSDB),31,peer_reviewed_first_then_lower_median,true,medium,true,4,4,86,96,true,0.94,relative,Relative density (water = 1): 0.94,ILO-WHO International Chemical Safety Cards (ICSCs),48,absolute_then_relative_then_unspecified; peer_reviewed_first; lower_median,false,low,false,5,5,0.935,0.94,true,relative,false,compilation,filter_only
NTIZESTWPVYFNL-UHFFFAOYSA-N,4-Methyl-2-pentanone,7909,-85,degC,-85 °C,Hazardous Substances Data Bank (HSDB),43,peer_reviewed_first_then_lower_median,true,high,false,7,7,-85,-84,true,115.7,degC,115.7 °C,Hazardous Substances Data Bank (HSDB),43,peer_reviewed_first_then_lower_median,true,medium,true,8,8,115.7,118,true,18,degC,64 °F (18 °C) (Closed cup),Hazardous Substances Data Bank (HSDB),43,peer_reviewed_first_then_lower_median,true,medium,true,6,6,14,23,true,0.7965,g/cm3,0.7965 g/cu cm at 25 °C,Hazardous Substances Data Bank (HSDB),43,absolute_then_relative_then_unspecified; peer_reviewed_first; lower_median,true,high,false,9,8,0.796,0.8042,true,absolute,true,compilation,filter_only
NVJBFARDFTXOTO-UHFFFAOYSA-N,Ethyl sulfite,12197,,,,,,,,absent,false,0,0,,,false,,,,,,,,absent,false,0,0,,,false,,,,,,,,absent,false,0,0,,,false,,,,,,,,absent,false,0,0,,,false,,false,compilation,filter_only
OEPRBXUJOQLYID-UHFFFAOYSA-N,1-Fluoropentane,11603,,,,,,,,absent,false,0,0,,,false,,,,,,,,absent,false,0,0,,,false,,,,,,,,absent,false,0,0,,,false,,,,,,,,absent,false,0,0,,,false,,false,compilation,filter_only
OFBQJSOFQDEBGM-UHFFFAOYSA-N,n-Pentane,8003,-129.67,degC,-129.67 °C,Hazardous Substances Data Bank (HSDB),45,peer_reviewed_first_then_lower_median,true,high,false,7,7,-130,-129,true,36.06,degC,36.06 °C,Hazardous Substances Data Bank (HSDB),45,peer_reviewed_first_then_lower_median,true,high,false,7,7,36,37,true,-40,degC,<-40 °F (-40 °C) (Closed cup),Hazardous Substances Data Bank (HSDB),45,peer_reviewed_first_then_lower_median,true,medium,true,6,6,-49.4444,-40,true,0.6262,g/cm3,0.6262 g/cu cm at 20 °C,Hazardous Substances Data Bank (HSDB),45,absolute_then_relative_then_unspecified; peer_reviewed_first; lower_median,true,high,false,6,6,0.62,0.63,true,absolute,true,compilation,filter_only
OHLUUHNLEMFGTQ-UHFFFAOYSA-N,N-methylacetamide,6582,28,degC,28 °C,Hazardous Substances Data Bank (HSDB),26,peer_reviewed_first_then_lower_median,true,medium,false,1,1,28,28,true,205,degC,205 °C,Hazardous Substances Data Bank (HSDB),26,peer_reviewed_first_then_lower_median,true,medium,false,1,1,205,205,true,108,degC,108 °C,Hazardous Substances Data Bank (HSDB),26,peer_reviewed_first_then_lower_median,true,medium,false,1,1,108,108,true,0.9371,unspecified,0.9371 @ 25 °C/4 °C,Hazardous Substances Data Bank (HSDB),26,absolute_then_relative_then_unspecified; peer_reviewed_first; lower_median,true,medium,false,1,1,0.9371,0.9371,true,unspecified,false,compilation,filter_only
OIFBSDVPJOWBCH-UHFFFAOYSA-N,diethyl carbonate,7766,-43,degC,-43 °C,Hazardous Substances Data Bank (HSDB),26,peer_reviewed_first_then_lower_median,true,high,false,3,3,-43,-42.7778,true,126,degC,126 °C,Hazardous Substances Data Bank (HSDB),26,peer_reviewed_first_then_lower_median,true,high,false,4,4,126,126.1111,true,25,degC,25 °C (CLOSED CUP),Hazardous Substances Data Bank (HSDB),26,peer_reviewed_first_then_lower_median,true,high,false,3,3,25,25,true,0.98,relative,Relative density (water = 1): 0.98,ILO-WHO International Chemical Safety Cards (ICSCs),29,absolute_then_relative_then_unspecified; peer_reviewed_first; lower_median,false,low,false,4,4,0.975,0.98,true,relative,false,compilation,filter_only
OIWSIWZBQPTDKI-UHFFFAOYSA-N,1-butyl-3-methylimidazolium bromide,25153273,,,,,,,,absent,false,0,0,,,false,,,,,,,,absent,false,0,0,,,false,,,,,,,,absent,false,0,0,,,false,,,,,,,,absent,false,0,0,,,false,,false,compilation,filter_only
OKKJLVBELUTLKV-UHFFFAOYSA-N,methanol,887,-97.8,degC,-97.8 °C,Hazardous Substances Data Bank (HSDB),63,peer_reviewed_first_then_lower_median,true,high,false,7,7,-98,-97.53,true,64.7,degC,64.7 °C at 760 mm Hg,Hazardous Substances Data Bank (HSDB),63,peer_reviewed_first_then_lower_median,true,high,false,7,7,63.8889,65,true,11,degC,52 °F (11 °C) (closed cup),Hazardous Substances Data Bank (HSDB),63,peer_reviewed_first_then_lower_median,true,medium,true,9,9,9,15.6,true,0.79,relative,Relative density (water = 1): 0.79,ILO-WHO International Chemical Safety Cards (ICSCs),74,absolute_then_relative_then_unspecified; peer_reviewed_first; lower_median,false,low,true,6,6,0.79,0.81,true,relative,false,compilation,filter_only
OOKUTCYPKPJYFV-UHFFFAOYSA-N,1-methylimidazolium bromide,11298140,,,,,,,,absent,false,0,0,,,false,,,,,,,,absent,false,0,0,,,false,,,,,,,,absent,false,0,0,,,false,,,,,,,,absent,false,0,0,,,false,,false,compilation,filter_only
OOWFYDWAMOKVSF-UHFFFAOYSA-N,3-methoxypropionitrile,61032,,,,,,,,absent,false,0,0,,,false,,,,,,,,absent,false,0,0,,,false,,,,,,,,absent,false,0,0,,,false,,,,,,,,absent,false,0,0,,,false,,false,compilation,filter_only
OSOUNOBYRMOXQQ-UHFFFAOYSA-N,m-Chlorotoluene,7931,-47.7778,degC,"-54 °F (NTP, 1992)",CAMEO Chemicals,3,peer_reviewed_first_then_lower_median,false,low,false,1,1,-47.7778,-47.7778,true,162.2222,degC,"324 °F at 760 mmHg (NTP, 1992)",CAMEO Chemicals,3,peer_reviewed_first_then_lower_median,false,low,false,1,1,162.2222,162.2222,true,52.2222,degC,"126 °F (NTP, 1992)",CAMEO Chemicals,3,peer_reviewed_first_then_lower_median,false,low,false,2,2,52.2222,52.2222,true,1.0722,unspecified,"1.0722 at 68 °F (USCG, 1999) - Denser than water; will sink",CAMEO Chemicals,3,absolute_then_relative_then_unspecified; peer_reviewed_first; lower_median,false,low,false,1,1,1.0722,1.0722,true,unspecified,false,compilation,filter_only
OUDFNZMQXZILJD-UHFFFAOYSA-N,5-methylfurfural,12097,,,,,,,,absent,false,0,0,,,false,90,degC,89.00 to 90.00 °C. @ 26.00 mm Hg,Human Metabolome Database (HMDB),23,peer_reviewed_first_then_lower_median,false,low,true,2,2,90,187,true,,,,,,,,absent,false,0,0,,,false,1.098,unspecified,1.098-1.108,Joint FAO/WHO Expert Committee on Food Additives (JECFA),35,absolute_then_relative_then_unspecified; peer_reviewed_first; lower_median,false,low,false,1,1,1.098,1.098,true,unspecified,false,compilation,filter_only
OVAFCUDNRWHPRW-UHFFFAOYSA-N,"N,N-diethyl-2-methoxy-N-methylethan-1-aminium tetrafluoroborate",23132015,,,,,,,,absent,false,0,0,,,false,,,,,,,,absent,false,0,0,,,false,,,,,,,,absent,false,0,0,,,false,,,,,,,,absent,false,0,0,,,false,,false,compilation,filter_only
OWBTYPJTUOEWEK-UHFFFAOYSA-N,"2,3-butanediol",262,19,degC,19 °C,Hazardous Substances Data Bank (HSDB),25,peer_reviewed_first_then_lower_median,true,medium,true,2,2,19,25,true,182,degC,BP: 182 °C at 1 atm,Hazardous Substances Data Bank (HSDB),25,peer_reviewed_first_then_lower_median,true,high,false,2,2,182,182,true,85,degC,85 °C (185 °F) - closed cup,Hazardous Substances Data Bank (HSDB),25,peer_reviewed_first_then_lower_median,true,high,false,3,3,85,85,true,1.045,unspecified,1.045 at 20 °C/20 °C,Hazardous Substances Data Bank (HSDB),25,absolute_then_relative_then_unspecified; peer_reviewed_first; lower_median,true,medium,false,1,1,1.045,1.045,true,unspecified,false,compilation,filter_only
OXFBEEDAZHXDHB-UHFFFAOYSA-M,1-methyl-3-octylimidazolium chloride,2734223,,,,,,,,absent,false,0,0,,,false,,,,,,,,absent,false,0,0,,,false,,,,,,,,absent,false,0,0,,,false,,,,,,,,absent,false,0,0,,,false,,false,compilation,filter_only
PAFZNILMFXTMIY-UHFFFAOYSA-N,cyclohexylamine,7965,-17.7222,degC,"0.1 °F (EPA, 1998)",CAMEO Chemicals,6,peer_reviewed_first_then_lower_median,false,low,false,7,7,-18,-17.7,true,134.4444,degC,274 °F,The National Institute for Occupational Safety and Health (NIOSH),101,peer_reviewed_first_then_lower_median,false,low,false,7,7,134,134.5,true,31.1111,degC,"88 °F (EPA, 1998)",CAMEO Chemicals,6,peer_reviewed_first_then_lower_median,false,low,true,6,6,28,31.1111,true,0.86,relative,Relative density (water = 1): 0.86,ILO-WHO International Chemical Safety Cards (ICSCs),49,absolute_then_relative_then_unspecified; peer_reviewed_first; lower_median,false,low,false,6,6,0.86,0.87,true,relative,false,compilation,filter_only
PAYRUJLWNCNPSJ-UHFFFAOYSA-N,Aniline,6115,-6,degC,-6.0 °C,Hazardous Substances Data Bank (HSDB),97,peer_reviewed_first_then_lower_median,true,high,false,8,7,-6.1111,-6,true,184.1,degC,184.1 °C,Hazardous Substances Data Bank (HSDB),97,peer_reviewed_first_then_lower_median,true,medium,true,8,7,183.8889,186.1111,true,70,degC,70 °C (158 °F) - closed cup,Hazardous Substances Data Bank (HSDB),97,peer_reviewed_first_then_lower_median,true,medium,true,7,7,70,76,true,1.02,relative,Relative density (water = 1): 1.02,ILO-WHO International Chemical Safety Cards (ICSCs),115,absolute_then_relative_then_unspecified; peer_reviewed_first; lower_median,false,low,false,6,6,1.02,1.022,true,relative,false,compilation,filter_only
PEDCQBHIVMGVHV-UHFFFAOYSA-N,glycerol,753,18.1,degC,18.1 °C,Hazardous Substances Data Bank (HSDB),67,peer_reviewed_first_then_lower_median,true,medium,true,7,7,17.7778,20,true,263,degC,BP: 263 °C at 400 mm Hg; 240.0 °C at 200 mm Hg; 220.1 °C at 100 mm Hg; 208.0 °C at 60 mm Hg; 182.2 °C at 20 mm Hg; 167.2 °C at 10 mm Hg; 153.8 °C at 5 mm Hg; 125.5 °C at 1.0 mm Hg,Hazardous Substances Data Bank (HSDB),67,peer_reviewed_first_then_lower_median,true,medium,true,7,7,263,290,true,177,degC,177 °C (Open cup),Hazardous Substances Data Bank (HSDB),67,peer_reviewed_first_then_lower_median,true,medium,true,6,6,160,177,true,1.2613,g/cm3,1.2613 g/cu cm at 20 °C,Hazardous Substances Data Bank (HSDB),67,absolute_then_relative_then_unspecified; peer_reviewed_first; lower_median,true,high,false,7,7,1.26,1.2653,true,absolute,true,compilation,filter_only
PHTQWCKDNZKARW-UHFFFAOYSA-N,3-Methyl-1-butanol,31260,-117.2,degC,-117.2 °C,Hazardous Substances Data Bank (HSDB),34,peer_reviewed_first_then_lower_median,true,high,false,7,7,-117.2222,-117,true,132.5,degC,132.5 °C,Hazardous Substances Data Bank (HSDB),34,peer_reviewed_first_then_lower_median,true,medium,true,8,8,130,133,true,43,degC,43 °C,"Haz-Map, Information on Hazardous Chemicals and Occupational Diseases",33,peer_reviewed_first_then_lower_median,false,low,true,6,6,42,45.5556,true,0.8,relative,Relative density (water = 1): 0.8,ILO-WHO International Chemical Safety Cards (ICSCs),50,absolute_then_relative_then_unspecified; peer_reviewed_first; lower_median,false,low,false,7,7,0.8,0.813,true,relative,false,compilation,filter_only
PIICEJLVQHRZGT-UHFFFAOYSA-N,"1,2-Ethanediamine",3301,8.5,degC,8.5 °C,Hazardous Substances Data Bank (HSDB),64,peer_reviewed_first_then_lower_median,true,medium,true,7,7,7.7778,11.14,true,117,degC,116-117 °C,Hazardous Substances Data Bank (HSDB),64,peer_reviewed_first_then_lower_median,true,high,false,7,7,116.1111,118,true,40,degC,"104 °F (40 °C) CLOSED CUP, 150 °F (66 °C) OPEN CUP /ANHYDROUS 76%/",Hazardous Substances Data Bank (HSDB),64,peer_reviewed_first_then_lower_median,true,medium,true,8,8,33.8889,43.3333,true,0.9,relative,Relative density (water = 1): 0.9,ILO-WHO International Chemical Safety Cards (ICSCs),67,absolute_then_relative_then_unspecified; peer_reviewed_first; lower_median,false,low,true,7,6,0.898,1.46,true,relative,false,compilation,filter_only
PLDWAJLZAAHOGG-UHFFFAOYSA-N,1-bromo-3-methoxybenzene,16971,,,,,,,,absent,false,0,0,,,false,211,degC,211 °C @760 [mm Hg],"PAC Chemical Database, U.S. Department of Energy",25,peer_reviewed_first_then_lower_median,false,low,false,1,1,211,211,true,,,,,,,,absent,false,0,0,,,false,1.49,unspecified,1.49 @25 °C,"PAC Chemical Database, U.S. Department of Energy",25,absolute_then_relative_then_unspecified; peer_reviewed_first; lower_median,false,low,false,1,1,1.49,1.49,true,unspecified,false,compilation,filter_only
PMJHHCWVYXUKFD-SNAWJCMRSA-N,"1,3-Pentadiene",62204,-87.5,degC,-87.5 °C,Hazardous Substances Data Bank (HSDB),35,peer_reviewed_first_then_lower_median,true,medium,true,3,3,-141.1111,-87,true,42,degC,42 °C,Hazardous Substances Data Bank (HSDB),35,peer_reviewed_first_then_lower_median,true,high,false,3,3,42,42.7778,true,-29,degC,-29 °C (CLOSED CUP),Hazardous Substances Data Bank (HSDB),34,peer_reviewed_first_then_lower_median,true,high,false,3,3,-29,-28,true,0.671,g/cm3,0.6710 g/ml @ 25 °C,Hazardous Substances Data Bank (HSDB),35,absolute_then_relative_then_unspecified; peer_reviewed_first; lower_median,true,medium,true,5,4,0.671,0.7,true,absolute,true,compilation,filter_only
POAOYUHQDCAZBD-UHFFFAOYSA-N,2-butoxyethan-1-ol,8133,-74.8,degC,-74.8 °C,Hazardous Substances Data Bank (HSDB),42,peer_reviewed_first_then_lower_median,true,medium,true,7,7,-77.2222,-70,true,168.4,degC,168.4 °C,Hazardous Substances Data Bank (HSDB),42,peer_reviewed_first_then_lower_median,true,medium,true,7,7,168.4,171.1111,true,62,degC,143 °F (62 °C) (Closed Cup),Hazardous Substances Data Bank (HSDB),42,peer_reviewed_first_then_lower_median,true,high,false,6,6,60,62,true,0.9,relative,Relative density (water = 1): 0.90,ILO-WHO International Chemical Safety Cards (ICSCs),56,absolute_then_relative_then_unspecified; peer_reviewed_first; lower_median,false,low,false,6,6,0.9,0.902,true,relative,false,compilation,filter_only
POLCUAVZOMRGSN-UHFFFAOYSA-N,Propyl ether,8114,-122,degC,-122 °C,Hazardous Substances Data Bank (HSDB),19,peer_reviewed_first_then_lower_median,true,high,false,2,2,-122,-122,true,91,degC,89-91 °C,Hazardous Substances Data Bank (HSDB),19,peer_reviewed_first_then_lower_median,true,high,false,2,2,90,91,true,21,degC,70 °F (21 °C) (Closed cup),Hazardous Substances Data Bank (HSDB),19,peer_reviewed_first_then_lower_median,true,high,false,3,3,21,21.1111,true,0.7,relative,Relative density (water = 1): 0.7,ILO-WHO International Chemical Safety Cards (ICSCs),21,absolute_then_relative_then_unspecified; peer_reviewed_first; lower_median,false,low,true,2,2,0.7,0.7466,true,relative,false,compilation,filter_only
PUPZLCDOIYMWBV-UHFFFAOYSA-N,"1,3-butanediol",7896,-50,degC,< -50 °C,Hazardous Substances Data Bank (HSDB),33,peer_reviewed_first_then_lower_median,true,high,false,2,2,-50,-50,true,207.5,degC,207.5 °C,Hazardous Substances Data Bank (HSDB),33,peer_reviewed_first_then_lower_median,true,high,false,4,4,207.5,207.5,true,121,degC,250 °F (121 °C) (Cleveland Open Cup),Hazardous Substances Data Bank (HSDB),33,peer_reviewed_first_then_lower_median,true,high,false,3,3,121,121,true,1.0053,g/cm3,1.0053 g/cu cm at 20 °C,Hazardous Substances Data Bank (HSDB),33,absolute_then_relative_then_unspecified; peer_reviewed_first; lower_median,true,high,false,3,3,1,1.006,true,absolute,true,compilation,filter_only
PYLWMHQQBFSUBP-UHFFFAOYSA-N,Fluorobenzene,10008,-41.2222,degC,"-42.2 °F (NTP, 1992)",CAMEO Chemicals,4,peer_reviewed_first_then_lower_median,false,low,false,2,2,-41.2222,-40,true,85.1111,degC,"185.2 °F at 760 mmHg (NTP, 1992)",CAMEO Chemicals,4,peer_reviewed_first_then_lower_median,false,low,false,2,2,85.1111,85.2,true,-15,degC,"5 °F (NTP, 1992)",CAMEO Chemicals,4,peer_reviewed_first_then_lower_median,false,low,false,1,1,-15,-15,true,1.0225,unspecified,"1.0225 at 68 °F (USCG, 1999) - Denser than water; will sink",CAMEO Chemicals,4,absolute_then_relative_then_unspecified; peer_reviewed_first; lower_median,false,low,false,2,2,1.0225,1.024,true,unspecified,false,compilation,filter_only
QARVLSVVCXYDNA-UHFFFAOYSA-N,Bromobenzene,7961,-30.6,degC,-30.6 °C (SOLIDIFIES),Hazardous Substances Data Bank (HSDB),44,peer_reviewed_first_then_lower_median,true,high,false,4,4,-31.1111,-30.6,true,132.3,degC,Boiling point: 132.3 °C @ 400 mm Hg; 110.1 °C @ 200 mm Hg; 68.6 °C @ 40 mm Hg; 53.8 °C @ 20 mm Hg; 40.0 °C @ 10 mm Hg; 27.8 °C @ 5 mm Hg; 2.9 °C @ 1 mm Hg,Hazardous Substances Data Bank (HSDB),44,peer_reviewed_first_then_lower_median,true,medium,true,6,6,132.3,156.2,true,51,degC,51 °C (124 °F) (CLOSED CUP),Hazardous Substances Data Bank (HSDB),44,peer_reviewed_first_then_lower_median,false,low,false,4,4,51,51.1111,true,1.5,relative,Relative density (water = 1): 1.5,ILO-WHO International Chemical Safety Cards (ICSCs),45,absolute_then_relative_then_unspecified; peer_reviewed_first; lower_median,false,low,false,4,3,1.49,1.5,true,relative,false,compilation,filter_only
QBELEDRHMPMKHP-UHFFFAOYSA-N,1-Bromo-2-chlorobenzene,12754,,,,,,,,absent,false,0,0,,,false,,,,,,,,absent,false,0,0,,,false,,,,,,,,absent,false,0,0,,,false,,,,,,,,absent,false,0,0,,,false,,false,compilation,filter_only
QGJOPFRUJISHPQ-UHFFFAOYSA-N,Carbon disulfide,6348,-111.7,degC,-111.7 °C,Hazardous Substances Data Bank (HSDB),45,peer_reviewed_first_then_lower_median,true,high,false,7,7,-112.1,-110.5556,true,46.2,degC,46.2 °C,Hazardous Substances Data Bank (HSDB),45,peer_reviewed_first_then_lower_median,true,high,false,6,6,46,46.6667,true,-30,degC,-22 °F (-30 °C) (Closed cup),Hazardous Substances Data Bank (HSDB),45,peer_reviewed_first_then_lower_median,true,high,false,5,5,-30,-30,true,1.2632,g/cm3,1.2632 g/cu cm at 20 °C,Hazardous Substances Data Bank (HSDB),45,absolute_then_relative_then_unspecified; peer_reviewed_first; lower_median,true,high,false,7,6,1.26,1.2632,true,absolute,true,compilation,filter_only
QJPJQTDYNZXKQF-UHFFFAOYSA-N,p-Bromoanisole,7730,,,,,,,,absent,false,0,0,,,false,,,,,,,,absent,false,0,0,,,false,,,,,,,,absent,false,0,0,,,false,,,,,,,,absent,false,0,0,,,false,,false,compilation,filter_only
QPRQEDXDYOZYLA-UHFFFAOYSA-N,2-methyl-1-butanol,8723,-70,degC,FREEZING POINT: LESS THAN -70 °C,Hazardous Substances Data Bank (HSDB),26,peer_reviewed_first_then_lower_median,true,medium,false,1,1,-70,-70,true,128,degC,128 °C @ 760 MM HG,Hazardous Substances Data Bank (HSDB),26,peer_reviewed_first_then_lower_median,true,high,false,4,4,128,130,true,50,degC,122 °F (50 °C) (OPEN CUP),Hazardous Substances Data Bank (HSDB),26,peer_reviewed_first_then_lower_median,false,low,false,3,3,50,50,true,0.8,relative,Relative density (water = 1): 0.8,ILO-WHO International Chemical Safety Cards (ICSCs),35,absolute_then_relative_then_unspecified; peer_reviewed_first; lower_median,false,low,false,3,3,0.8,0.816,true,relative,false,compilation,filter_only
QQONPFPTGQHPMA-UHFFFAOYSA-N,Propene,8252,-185.3,degC,-185.30 °C,Hazardous Substances Data Bank (HSDB),56,peer_reviewed_first_then_lower_median,true,high,false,5,5,-185.3,-185,true,-47.68,degC,-47.68 °C,Hazardous Substances Data Bank (HSDB),56,peer_reviewed_first_then_lower_median,true,high,false,5,5,-48,-47.68,true,-108,degC,-162 °F (-108 °C),Hazardous Substances Data Bank (HSDB),56,peer_reviewed_first_then_lower_median,true,high,false,5,4,-108,-107.7778,true,0.505,g/cm3,Density: 0.505 g/cu cm at 25 °C (pressure >1 atm ),Hazardous Substances Data Bank (HSDB),56,absolute_then_relative_then_unspecified; peer_reviewed_first; lower_median,true,medium,true,7,6,0.5,0.609,true,absolute,true,compilation,filter_only
QRCRANRUHQKZME-UHFFFAOYSA-N,"3-butyl-1,2,4,5-tetramethyl-1H-imidazol-3-ium tetrafluoroborate",87182556,,,,,,,,absent,false,0,0,,,false,,,,,,,,absent,false,0,0,,,false,,,,,,,,absent,false,0,0,,,false,,,,,,,,absent,false,0,0,,,false,,false,compilation,filter_only
QTBFPMKWQKYFLR-UHFFFAOYSA-N,1-chloro-2-methylpropane,10554,-131,degC,-131 °C,ILO-WHO International Chemical Safety Cards (ICSCs),12,peer_reviewed_first_then_lower_median,false,low,false,1,1,-131,-131,true,68.8,degC,68.8 °C @760 [mm Hg],"PAC Chemical Database, U.S. Department of Energy",22,peer_reviewed_first_then_lower_median,false,low,false,2,2,68.8,69,true,-10,degC,-10 °C,ILO-WHO International Chemical Safety Cards (ICSCs),12,peer_reviewed_first_then_lower_median,false,low,false,1,1,-10,-10,true,0.9,relative,Relative density (water = 1): 0.9,ILO-WHO International Chemical Safety Cards (ICSCs),12,absolute_then_relative_then_unspecified; peer_reviewed_first; lower_median,false,low,true,2,2,0.881,0.9,true,relative,false,compilation,filter_only
QTBSBXVTEAMEQO-UHFFFAOYSA-N,acetic acid,176,16.635,degC,16.635 °C,Hazardous Substances Data Bank (HSDB),64,peer_reviewed_first_then_lower_median,true,high,false,8,7,16.6,16.7,true,117.9,degC,117.9 °C,Hazardous Substances Data Bank (HSDB),64,peer_reviewed_first_then_lower_median,true,high,false,8,7,117.7778,118,true,39,degC,103 °F (39 °C) Closed cup,Hazardous Substances Data Bank (HSDB),64,peer_reviewed_first_then_lower_median,true,medium,true,8,8,39,44.4444,true,1.0446,g/cm3,1.0446 g/cu cm at 25 °C,Hazardous Substances Data Bank (HSDB),64,absolute_then_relative_then_unspecified; peer_reviewed_first; lower_median,true,medium,true,8,8,1.0446,1.266,true,absolute,true,compilation,filter_only
QWTDNUCVQCZILF-UHFFFAOYSA-N,2-Methylbutane,6556,-159.8,degC,-159.8 °C,Hazardous Substances Data Bank (HSDB),32,peer_reviewed_first_then_lower_median,true,high,false,5,5,-160.5,-159.8,true,27.83,degC,27.83 °C,Hazardous Substances Data Bank (HSDB),32,peer_reviewed_first_then_lower_median,true,medium,true,5,5,27.7778,30.2,true,-51,degC,-51 °C (-60 °F) - closed cup,Hazardous Substances Data Bank (HSDB),32,peer_reviewed_first_then_lower_median,true,medium,true,4,4,-56.6667,-51,true,0.6,relative,Relative density (water = 1): 0.6,ILO-WHO International Chemical Safety Cards (ICSCs),36,absolute_then_relative_then_unspecified; peer_reviewed_first; lower_median,false,low,true,5,5,0.062,0.6201,true,relative,false,compilation,filter_only
QWVGKYWNOKOFNN-UHFFFAOYSA-N,o-Cresol,335,31,degC,31.0 °C,Hazardous Substances Data Bank (HSDB),41,peer_reviewed_first_then_lower_median,true,high,false,5,5,29.8,31.1111,true,191,degC,191.0 °C,Hazardous Substances Data Bank (HSDB),41,peer_reviewed_first_then_lower_median,true,high,false,6,6,191,192,true,81,degC,81.0 °C (177.8 °F) - closed cup,Hazardous Substances Data Bank (HSDB),41,peer_reviewed_first_then_lower_median,true,high,false,5,5,81,83,true,1.05,g/cm3,1.05 g/cm³,ILO-WHO International Chemical Safety Cards (ICSCs),58,absolute_then_relative_then_unspecified; peer_reviewed_first; lower_median,false,low,false,7,5,1.041,1.05,true,absolute,true,compilation,filter_only
RCJMVGJKROQDCB-UHFFFAOYSA-N,"2-Methyl-1,3-pentadiene",14238,,,,,,,,absent,false,0,0,,,false,,,,,,,,absent,false,0,0,,,false,,,,,,,,absent,false,0,0,,,false,,,,,,,,absent,false,0,0,,,false,,false,compilation,filter_only
RDOXTESZEPMUJZ-UHFFFAOYSA-N,Methoxybenzene (Anisole),7519,-37.3,degC,-37.3 °C,Hazardous Substances Data Bank (HSDB),38,peer_reviewed_first_then_lower_median,true,high,false,4,4,-37.5,-37,true,155.5,degC,155.5 °C AT 760 MM HG,Hazardous Substances Data Bank (HSDB),38,peer_reviewed_first_then_lower_median,true,high,false,5,5,153.8,155.5,true,52,degC,52 °C,"Haz-Map, Information on Hazardous Chemicals and Occupational Diseases",37,peer_reviewed_first_then_lower_median,false,low,false,4,4,51.6667,52,true,0.99,relative,Relative density (water = 1): 0.99,ILO-WHO International Chemical Safety Cards (ICSCs),48,absolute_then_relative_then_unspecified; peer_reviewed_first; lower_median,false,low,true,5,4,0.99,1.515,true,relative,false,compilation,filter_only
RFFFKMOABOFIDF-UHFFFAOYSA-N,pentanenitrile,8061,-96.2,degC,-96.2 °C,"PAC Chemical Database, U.S. Department of Energy",30,peer_reviewed_first_then_lower_median,false,low,false,3,3,-96.2,-96.1111,true,141.3,degC,141.3 °C @760 [mm Hg],"PAC Chemical Database, U.S. Department of Energy",30,peer_reviewed_first_then_lower_median,false,low,false,3,3,141.1111,142,true,40.5556,degC,"105 °F (NTP, 1992)",CAMEO Chemicals,2,peer_reviewed_first_then_lower_median,false,low,false,1,1,40.5556,40.5556,true,0.8008,unspecified,"0.8008 at 68 °F (NTP, 1992) - Less dense than water; will float",CAMEO Chemicals,2,absolute_then_relative_then_unspecified; peer_reviewed_first; lower_median,false,low,false,2,2,0.8008,0.8008,true,unspecified,false,compilation,filter_only
RFFLAFLAYFXFSW-UHFFFAOYSA-N,o-Dichlorobenzene,7239,-16.7,degC,-16.7 °C,Hazardous Substances Data Bank (HSDB),33,peer_reviewed_first_then_lower_median,true,high,false,6,6,-17.2222,-16.7,true,180.1,degC,180.1 °C at 760 mm Hg,Hazardous Substances Data Bank (HSDB),33,peer_reviewed_first_then_lower_median,true,medium,true,6,6,180,183,true,68,degC,"68 °C, closed cup; 74 °C, open cup",Hazardous Substances Data Bank (HSDB),33,peer_reviewed_first_then_lower_median,true,medium,true,7,7,66,68.3333,true,1.3047,g/cm3,Saturated liquid density 81.45 lb/cu ft @ 70 °F,Hazardous Substances Data Bank (HSDB),33,absolute_then_relative_then_unspecified; peer_reviewed_first; lower_median,true,high,false,8,7,1.3,1.306,true,absolute,true,compilation,filter_only
RGSFGYAAUTVSQA-UHFFFAOYSA-N,Cyclopentane,9253,-93.4,degC,-93.4 °C,Hazardous Substances Data Bank (HSDB),31,peer_reviewed_first_then_lower_median,true,high,false,6,6,-94,-93.4,true,49.2,degC,49.2 °C,Hazardous Substances Data Bank (HSDB),31,peer_reviewed_first_then_lower_median,true,high,false,6,6,49,49.4444,true,-20,degC,-20 °C (-4 °F) (Closed cup),Hazardous Substances Data Bank (HSDB),31,peer_reviewed_first_then_lower_median,true,medium,true,7,7,-37.2222,-6.6667,true,0.7457,g/cm3,0.7457 g/cu cm at 20 °C,Hazardous Substances Data Bank (HSDB),31,absolute_then_relative_then_unspecified; peer_reviewed_first; lower_median,true,medium,true,6,6,0.74,0.8,true,absolute,true,compilation,filter_only
RJQQOKKINHMXIM-UHFFFAOYSA-N,triethanolamine lactate,159890,,,,,,,,absent,false,0,0,,,false,,,,,,,,absent,false,0,0,,,false,,,,,,,,absent,false,0,0,,,false,,,,,,,,absent,false,0,0,,,false,,false,compilation,filter_only
RJUFJBKOKNCXHH-UHFFFAOYSA-N,methyl propionate,11124,-87.5,degC,-87.5 °C,Hazardous Substances Data Bank (HSDB),27,peer_reviewed_first_then_lower_median,true,high,false,4,4,-88,-87.2222,true,79.8,degC,79.8 °C,Hazardous Substances Data Bank (HSDB),27,peer_reviewed_first_then_lower_median,true,high,false,5,5,79,80,true,-2,degC,28 °F (-2 °C) (CLOSED CUP),Hazardous Substances Data Bank (HSDB),27,peer_reviewed_first_then_lower_median,true,high,false,3,3,-2.2222,-2,true,0.92,relative,Relative density (water = 1): 0.92,ILO-WHO International Chemical Safety Cards (ICSCs),35,absolute_then_relative_then_unspecified; peer_reviewed_first; lower_median,false,low,true,5,4,0.912,0.937,true,relative,false,compilation,filter_only
RLSSMJSEOOYNOY-UHFFFAOYSA-N,m-Cresol,342,12.2,degC,12.2 °C,Hazardous Substances Data Bank (HSDB),44,peer_reviewed_first_then_lower_median,true,high,false,6,5,11.5,12.2222,true,202.2,degC,202.2 °C,Hazardous Substances Data Bank (HSDB),44,peer_reviewed_first_then_lower_median,true,high,false,7,6,201,203,true,86,degC,187 °F (86 °C) (Closed cup),Hazardous Substances Data Bank (HSDB),44,peer_reviewed_first_then_lower_median,true,high,false,5,5,86,86.1111,true,1.03,relative,Relative density (water = 1): 1.03,ILO-WHO International Chemical Safety Cards (ICSCs),61,absolute_then_relative_then_unspecified; peer_reviewed_first; lower_median,false,low,false,5,5,1.028,1.034,true,relative,false,compilation,filter_only
ROSDSFDQCJNGOL-UHFFFAOYSA-N,Dimethylamine,674,-93,degC,-93 °C,Hazardous Substances Data Bank (HSDB),45,peer_reviewed_first_then_lower_median,true,medium,true,9,9,-93,171,true,7.3,degC,7.3 °C,Hazardous Substances Data Bank (HSDB),45,peer_reviewed_first_then_lower_median,true,medium,true,7,7,6.6667,51,true,-6.69,degC,-6.69 °C (19.96 °F) - closed cup,Hazardous Substances Data Bank (HSDB),45,peer_reviewed_first_then_lower_median,true,medium,true,7,7,-18,-6.6667,true,0.6745,g/cm3,Saturated liquid density: 42.110 lb/cu ft; liquid heat capacity: 0.731 Btu/lb-F (all at 40 °F),Hazardous Substances Data Bank (HSDB),45,absolute_then_relative_then_unspecified; peer_reviewed_first; lower_median,true,medium,true,11,8,0.67,0.9,true,absolute,true,compilation,filter_only
RRHGJUQNOFWUDK-UHFFFAOYSA-N,"2-Methyl-1,3-butadiene (Isoprene)",6557,-145.95,degC,-145.95 °C,Hazardous Substances Data Bank (HSDB),58,peer_reviewed_first_then_lower_median,true,medium,true,5,5,-146.7,30,true,34.067,degC,34.067 °C,Hazardous Substances Data Bank (HSDB),58,peer_reviewed_first_then_lower_median,true,high,false,4,4,33.8889,34.067,true,-54,degC,-65 °F (-54 °C) (Closed cup),Hazardous Substances Data Bank (HSDB),58,peer_reviewed_first_then_lower_median,true,high,false,2,2,-54,-53.8889,true,0.679,g/cm3,0.679 g/cu cm at 20 °C,Hazardous Substances Data Bank (HSDB),58,absolute_then_relative_then_unspecified; peer_reviewed_first; lower_median,true,medium,true,5,5,0.679,0.916,true,absolute,true,compilation,filter_only
RTZKZFJDLAIYFH-UHFFFAOYSA-N,Ethyl ether,3283,-116.3,degC,-116.3 °C (stable crystals); -123.3 °C (metastable crystals),Hazardous Substances Data Bank (HSDB),39,peer_reviewed_first_then_lower_median,true,high,false,6,6,-116.3,-116,true,34.6,degC,34.6 °C at 760 mm Hg; 17.9 °C at 400 mm Hg; 2.2 °C at 200 mm Hg,Hazardous Substances Data Bank (HSDB),39,peer_reviewed_first_then_lower_median,true,high,false,6,6,34.4444,35,true,-45,degC,"-45 °C, -49 °F (CLOSED CUP)",Hazardous Substances Data Bank (HSDB),39,peer_reviewed_first_then_lower_median,true,high,false,6,6,-45,-45,true,0.7,g/cm3,Density  (at 20 °C): 0.7 g/cm³,ILO-WHO International Chemical Safety Cards (ICSCs),46,absolute_then_relative_then_unspecified; peer_reviewed_first; lower_median,false,low,false,7,6,0.7,0.714,true,absolute,true,compilation,filter_only
RUOJZAUFBMNUDX-UHFFFAOYSA-N,propylene carbonate,7924,-48.8,degC,-48.8 °C,Hazardous Substances Data Bank (HSDB),26,peer_reviewed_first_then_lower_median,true,high,false,2,2,-48.8,-48.8,true,241.6,degC,241.6 °C,Hazardous Substances Data Bank (HSDB),26,peer_reviewed_first_then_lower_median,true,high,false,2,2,241.6,242,true,116,degC,116 °C (241 °F) - closed cup,Hazardous Substances Data Bank (HSDB),26,peer_reviewed_first_then_lower_median,true,medium,true,2,2,116,135,true,1.2047,g/cm3,1.2047 g/cu cm at 20 °C,Hazardous Substances Data Bank (HSDB),26,absolute_then_relative_then_unspecified; peer_reviewed_first; lower_median,true,high,false,2,2,1.2047,1.2047,true,absolute,true,compilation,filter_only
RWNKSTSCBHKHTB-UHFFFAOYSA-N,"Hexachloro-1,3-butadiene",6901,-21,degC,-21 °C,Hazardous Substances Data Bank (HSDB),30,peer_reviewed_first_then_lower_median,true,medium,true,6,6,-21.1111,-18,true,215,degC,215 °C @ 760 mm Hg,Hazardous Substances Data Bank (HSDB),30,peer_reviewed_first_then_lower_median,true,medium,true,6,6,212,215,true,90,degC,90 °C,"Haz-Map, Information on Hazardous Chemicals and Occupational Diseases",29,peer_reviewed_first_then_lower_median,false,low,false,2,2,90,90,true,1.68,relative,Relative density (water = 1): 1.68,ILO-WHO International Chemical Safety Cards (ICSCs),33,absolute_then_relative_then_unspecified; peer_reviewed_first; lower_median,false,low,true,6,6,1.55,1.68,true,relative,false,compilation,filter_only
RYHBNJHYFVUHQT-UHFFFAOYSA-N,"1,4-dioxane",31275,11.75,degC,11.75 °C,Hazardous Substances Data Bank (HSDB),46,peer_reviewed_first_then_lower_median,true,high,false,6,6,11.6667,12,true,101.2,degC,101.2 °C,Hazardous Substances Data Bank (HSDB),46,peer_reviewed_first_then_lower_median,true,high,false,6,6,101,101.5,true,18.3,degC,65 °F (18.3 °C) (Open cup),Hazardous Substances Data Bank (HSDB),46,peer_reviewed_first_then_lower_median,true,medium,true,6,6,12,18.3,true,1.0337,g/cm3,1.0337 g/cu cm at 20 °C,Hazardous Substances Data Bank (HSDB),46,absolute_then_relative_then_unspecified; peer_reviewed_first; lower_median,true,high,false,6,6,1.03,1.036,true,absolute,true,compilation,filter_only
SBLRHMKNNHXPHG-UHFFFAOYSA-N,fluoroethylene carbonate,2769656,,,,,,,,absent,false,0,0,,,false,,,,,,,,absent,false,0,0,,,false,,,,,,,,absent,false,0,0,,,false,,,,,,,,absent,false,0,0,,,false,,false,compilation,filter_only
SBZXBUIDTXKZTM-UHFFFAOYSA-N,"2,5,8-trioxanonane",8150,-68,degC,-68 °C,Hazardous Substances Data Bank (HSDB),25,peer_reviewed_first_then_lower_median,true,high,false,4,4,-68,-67.7778,true,162,degC,162 °C at 760 mm Hg; 116 °C at 200 mm Hg; 75 °C at 35 mm Hg; 20 dg C at 3 mm Hg,Hazardous Substances Data Bank (HSDB),25,peer_reviewed_first_then_lower_median,true,high,false,5,5,162,162.2222,true,67,degC,153 °F (67 °C) (CLOSED CUP),Hazardous Substances Data Bank (HSDB),25,peer_reviewed_first_then_lower_median,true,medium,true,4,4,51,70,true,0.95,relative,Relative density (water = 1): 0.95,ILO-WHO International Chemical Safety Cards (ICSCs),39,absolute_then_relative_then_unspecified; peer_reviewed_first; lower_median,false,low,false,4,3,0.945,0.95,true,relative,false,compilation,filter_only
SDJHPPZKZZWAKF-UHFFFAOYSA-N,"2,3-dimethyl-1,3-butadiene",10566,,,,,,,,absent,false,0,0,,,false,,,,,,,,absent,false,0,0,,,false,,,,,,,,absent,false,0,0,,,false,,,,,,,,absent,false,0,0,,,false,,false,compilation,filter_only
SECXISVLQFMRJM-UHFFFAOYSA-N,N-methylpyrrolidone,13387,-25,degC,-25 °C,Hazardous Substances Data Bank (HSDB),46,peer_reviewed_first_then_lower_median,true,medium,true,5,5,-25,-22.7778,true,202,degC,202 °C at 760 mm Hg,Hazardous Substances Data Bank (HSDB),46,peer_reviewed_first_then_lower_median,true,high,false,5,5,202,202.2222,true,96,degC,204 °F (96 °C) (OPEN CUP),Hazardous Substances Data Bank (HSDB),46,peer_reviewed_first_then_lower_median,true,medium,true,5,5,86,96,true,1.03,relative,Relative density (water = 1): 1.03,ILO-WHO International Chemical Safety Cards (ICSCs),47,absolute_then_relative_then_unspecified; peer_reviewed_first; lower_median,false,low,false,5,5,1.027,1.03,true,relative,false,compilation,filter_only
SFPQFQUXAJOWNF-UHFFFAOYSA-N,m-Diiodobenzene,12270,,,,,,,,absent,false,0,0,,,false,,,,,,,,absent,false,0,0,,,false,,,,,,,,absent,false,0,0,,,false,,,,,,,,absent,false,0,0,,,false,,false,compilation,filter_only
SHQSVMDWKBRBGB-UHFFFAOYSA-N,cyclobutanone,14496,,,,,,,,absent,false,0,0,,,false,,,,,,,,absent,false,0,0,,,false,,,,,,,,absent,false,0,0,,,false,,,,,,,,absent,false,0,0,,,false,,false,compilation,filter_only
SIXHYMZEOJSYQH-UHFFFAOYSA-M,1-butyl-3-methylimidazolium thiocyanate,11424151,,,,,,,,absent,false,0,0,,,false,,,,,,,,absent,false,0,0,,,false,,,,,,,,absent,false,0,0,,,false,,,,,,,,absent,false,0,0,,,false,,false,compilation,filter_only
SNHMUERNLJLMHN-UHFFFAOYSA-N,Iodobenzene,11575,-31.3,degC,-31.3 °C,Hazardous Substances Data Bank (HSDB),38,peer_reviewed_first_then_lower_median,true,medium,false,1,1,-31.3,-31.3,true,188.4,degC,188.4 °C,Hazardous Substances Data Bank (HSDB),38,peer_reviewed_first_then_lower_median,true,high,false,2,2,188,188.4,true,77,degC,77 °C (171 °F) - closed cup,Hazardous Substances Data Bank (HSDB),38,peer_reviewed_first_then_lower_median,true,medium,false,1,1,77,77,true,1.808,g/cm3,1.808 g/cu cm at 20 °C,Hazardous Substances Data Bank (HSDB),38,absolute_then_relative_then_unspecified; peer_reviewed_first; lower_median,true,high,false,2,2,1.808,1.823,true,absolute,true,compilation,filter_only
SNRUBQQJIBEYMU-UHFFFAOYSA-N,dodecane,8182,-9.55,degC,-9.55 °C,Hazardous Substances Data Bank (HSDB),34,peer_reviewed_first_then_lower_median,true,high,false,5,4,-9.6111,-9.55,true,216.3,degC,216.3 °C,Hazardous Substances Data Bank (HSDB),34,peer_reviewed_first_then_lower_median,true,high,false,4,4,216.2778,217,true,74,degC,165 °F (74 °C) (Closed Cup),Hazardous Substances Data Bank (HSDB),34,peer_reviewed_first_then_lower_median,true,medium,true,4,4,71,83,true,0.7495,g/cm3,0.7495 g/cu cm at 20 °C,Hazardous Substances Data Bank (HSDB),34,absolute_then_relative_then_unspecified; peer_reviewed_first; lower_median,true,high,false,3,3,0.7487,0.7495,true,absolute,true,compilation,filter_only
SPEUIVXLLWOEMJ-UHFFFAOYSA-N,"1,1-Dimethoxyethane",10795,-113.2,degC,-113.2 °C,Hazardous Substances Data Bank (HSDB),26,peer_reviewed_first_then_lower_median,true,high,false,2,2,-113.2,-113.2,true,64.5,degC,64.5 °C,Hazardous Substances Data Bank (HSDB),26,peer_reviewed_first_then_lower_median,true,high,false,3,3,64,65,true,26.6667,degC,BELOW 80 °F,Hazardous Substances Data Bank (HSDB),26,peer_reviewed_first_then_lower_median,true,medium,false,1,1,26.6667,26.6667,true,0.8501,unspecified,0.85015 @ 20 °C/4 °C,Hazardous Substances Data Bank (HSDB),26,absolute_then_relative_then_unspecified; peer_reviewed_first; lower_median,true,high,false,2,2,0.85,0.8501,true,unspecified,false,compilation,filter_only
SQYNKIJPMDEDEG-UHFFFAOYSA-N,Paraldehyde,31264,12.6,degC,12.6 °C,Hazardous Substances Data Bank (HSDB),32,peer_reviewed_first_then_lower_median,true,high,false,6,5,12.6,12.6111,true,124.5,degC,124.5 °C,Hazardous Substances Data Bank (HSDB),32,peer_reviewed_first_then_lower_median,true,medium,true,6,5,124,127.7778,true,35.5556,degC,"96 °F (NTP, 1992)",CAMEO Chemicals,2,peer_reviewed_first_then_lower_median,false,low,true,3,3,24,35.5556,true,0.99,g/cm3,0.99 g/cm³,ILO-WHO International Chemical Safety Cards (ICSCs),35,absolute_then_relative_then_unspecified; peer_reviewed_first; lower_median,false,low,false,5,4,0.99,0.9943,true,absolute,true,compilation,filter_only
STCBHSHARMAIOM-UHFFFAOYSA-N,1-methylimidazolium chloride,12196634,,,,,,,,absent,false,0,0,,,false,,,,,,,,absent,false,0,0,,,false,,,,,,,,absent,false,0,0,,,false,,,,,,,,absent,false,0,0,,,false,,false,compilation,filter_only
SVONRAPFKPVNKG-UHFFFAOYSA-N,"beta-Ethoxyethyl acetate (""Cellosolve"" acetate)",8095,-61.7,degC,-61.7 °C,Hazardous Substances Data Bank (HSDB),31,peer_reviewed_first_then_lower_median,true,high,false,6,6,-62,-61.6667,true,156.4,degC,156.4 °C,Hazardous Substances Data Bank (HSDB),31,peer_reviewed_first_then_lower_median,true,high,false,6,6,156,156.4,true,52,degC,52 °C (Closed cup),Hazardous Substances Data Bank (HSDB),31,peer_reviewed_first_then_lower_median,true,medium,true,6,6,47,57.2222,true,0.975,relative,Specific gravity: 0.975 at 20 °C/20 °C,Hazardous Substances Data Bank (HSDB),31,absolute_then_relative_then_unspecified; peer_reviewed_first; lower_median,true,high,false,6,6,0.97,0.98,true,relative,false,compilation,filter_only
SVTBMSDMJJWYQN-UHFFFAOYSA-N,"2-Methyl-2,4-pentanediol",7870,-50,degC,Freezing point = -50 °C (glass or vitreous condition),Hazardous Substances Data Bank (HSDB),28,peer_reviewed_first_then_lower_median,true,high,false,7,6,-50,-50,true,198,degC,198 °C at 760 mm Hg,Hazardous Substances Data Bank (HSDB),28,peer_reviewed_first_then_lower_median,true,high,false,6,6,197.1,198,true,93,degC,93 degree C (closed cup),Hazardous Substances Data Bank (HSDB),28,peer_reviewed_first_then_lower_median,true,medium,true,7,7,93,98.3333,true,0.923,g/cm3,0.923 g/cu cm at 15 °C,Hazardous Substances Data Bank (HSDB),28,absolute_then_relative_then_unspecified; peer_reviewed_first; lower_median,true,high,false,8,7,0.92,0.9234,true,absolute,true,compilation,filter_only
SWXVUIWOUIDPGS-UHFFFAOYSA-N,4-Hydroxy-4-methyl-2-pentanone (Diacetone alcohol),31256,-44,degC,-44 °C,Hazardous Substances Data Bank (HSDB),31,peer_reviewed_first_then_lower_median,true,medium,true,7,7,-47,-42.7778,true,167.9,degC,167.9 °C AT 760 MM HG; 108.2 °C AT 100 MM HG; 72.0 °C AT 20 MM HG; 58.8 °C AT 10 MM HG; 22.0 °C AT 1.0 MM HG,Hazardous Substances Data Bank (HSDB),31,peer_reviewed_first_then_lower_median,true,medium,true,7,7,164.4444,171,true,66,degC,66 °C (OPEN CUP); COMMERCIAL GRADE IS 8 °C (CLOSED CUP) & 13 °C (OPEN CUP),Hazardous Substances Data Bank (HSDB),31,peer_reviewed_first_then_lower_median,true,medium,true,6,6,51.6667,66,true,0.93,relative,Relative density (water = 1): 0.93,ILO-WHO International Chemical Safety Cards (ICSCs),38,absolute_then_relative_then_unspecified; peer_reviewed_first; lower_median,false,low,false,7,6,0.93,0.94,true,relative,false,compilation,filter_only
SZKKNEOUHLFYNA-UHFFFAOYSA-N,undecanenitrile,16722,,,,,,,,absent,false,0,0,,,false,,,,,,,,absent,false,0,0,,,false,,,,,,,,absent,false,0,0,,,false,,,,,,,,absent,false,0,0,,,false,,false,compilation,filter_only
TVMXDCGIABBOFY-UHFFFAOYSA-N,octane,356,-56.73,degC,-56.73 °C,Hazardous Substances Data Bank (HSDB),27,peer_reviewed_first_then_lower_median,true,high,false,6,6,-56.8,-56.6667,true,125.62,degC,125.62 °C,Hazardous Substances Data Bank (HSDB),27,peer_reviewed_first_then_lower_median,true,high,false,7,7,125.5556,126,true,13,degC,56 °F (13 °C) (Closed cup),Hazardous Substances Data Bank (HSDB),27,peer_reviewed_first_then_lower_median,true,medium,true,6,6,13,22,true,0.6986,g/cm3,0.6986 g/cu cm at 25 °C,Hazardous Substances Data Bank (HSDB),27,absolute_then_relative_then_unspecified; peer_reviewed_first; lower_median,true,high,false,6,6,0.6986,0.7036,true,absolute,true,compilation,filter_only
UAEPNZWRGJTJPN-UHFFFAOYSA-N,methylcyclohexane,7962,-126.6,degC,-126.6 °C,Hazardous Substances Data Bank (HSDB),27,peer_reviewed_first_then_lower_median,true,high,false,6,6,-126.7,-126,true,100.9,degC,100.9 °C @ 760 MM HG,Hazardous Substances Data Bank (HSDB),27,peer_reviewed_first_then_lower_median,true,high,false,6,6,100.3,101.1111,true,-4,degC,25 °F (-4 °C)(Closed cup),Hazardous Substances Data Bank (HSDB),27,peer_reviewed_first_then_lower_median,false,low,true,6,6,-6,-3.8889,true,0.8,relative,Relative density (water = 1): 0.8,ILO-WHO International Chemical Safety Cards (ICSCs),28,absolute_then_relative_then_unspecified; peer_reviewed_first; lower_median,false,low,true,6,6,0.7694,0.8,true,relative,false,compilation,filter_only
UAGJVSRUFNSIHR-UHFFFAOYSA-N,methyl levulinate,69354,,,,,,,,absent,false,0,0,,,false,196,degC,196.00 °C. @ 760.00 mm Hg,Human Metabolome Database (HMDB),16,peer_reviewed_first_then_lower_median,false,low,false,2,2,196,196,true,,,,,,,,absent,false,0,0,,,false,1.049,unspecified,1.049-1.055 (20 °C),Joint FAO/WHO Expert Committee on Food Additives (JECFA),25,absolute_then_relative_then_unspecified; peer_reviewed_first; lower_median,false,low,false,1,1,1.049,1.049,true,unspecified,false,compilation,filter_only
UCCKRVYTJPMHRO-UHFFFAOYSA-N,"1-butyl-2,3-dimethyl-1H-imidazolium bis(trifluoromethylsulfonyl)amide",11212667,,,,,,,,absent,false,0,0,,,false,,,,,,,,absent,false,0,0,,,false,,,,,,,,absent,false,0,0,,,false,,,,,,,,absent,false,0,0,,,false,,false,compilation,filter_only
UEEJHVSXFDXPFK-UHFFFAOYSA-N,"2-(N,N-dimethylamino)ethanol",7902,-65,degC,-65 °C,Hazardous Substances Data Bank (HSDB),41,peer_reviewed_first_then_lower_median,true,medium,true,4,4,-65,-58.8889,true,134.1,degC,134.1 °C,Hazardous Substances Data Bank (HSDB),41,peer_reviewed_first_then_lower_median,true,high,false,5,5,134,135,true,40.5556,degC,105 °F open cup,Hazardous Substances Data Bank (HSDB),41,peer_reviewed_first_then_lower_median,true,medium,true,4,4,38,40.5556,true,0.8866,g/cm3,0.8866 g/cu cm at 20 °C,Hazardous Substances Data Bank (HSDB),41,absolute_then_relative_then_unspecified; peer_reviewed_first; lower_median,true,high,false,5,4,0.8866,0.89,true,absolute,true,compilation,filter_only
UHOVQNZJYSORNB-UHFFFAOYSA-N,Benzene,241,5.558,degC,5.558 °C,Hazardous Substances Data Bank (HSDB),87,peer_reviewed_first_then_lower_median,true,high,false,7,7,5.49,6,true,80.08,degC,80.08 °C,Hazardous Substances Data Bank (HSDB),87,peer_reviewed_first_then_lower_median,true,high,false,7,7,80,81,true,-11,degC,12 °F (-11 °C) Closed Cup,Hazardous Substances Data Bank (HSDB),87,peer_reviewed_first_then_lower_median,true,high,false,7,7,-11.1111,-11,true,0.8756,g/cm3,0.8756 g/cu cm at 20 °C,Hazardous Substances Data Bank (HSDB),87,absolute_then_relative_then_unspecified; peer_reviewed_first; lower_median,true,high,false,7,6,0.8756,0.88,true,absolute,true,compilation,filter_only
UJBOOUHRTQVGRU-UHFFFAOYSA-N,3-Methylcyclohexanone,11567,-73.5,degC,-73.5 °C,Human Metabolome Database (HMDB),20,peer_reviewed_first_then_lower_median,false,low,false,1,1,-73.5,-73.5,true,170,degC,169-170 °C,Joint FAO/WHO Expert Committee on Food Additives (JECFA),26,peer_reviewed_first_then_lower_median,false,low,false,1,1,170,170,true,,,,,,,,absent,false,0,0,,,false,0.914,unspecified,0.914-0.919,Joint FAO/WHO Expert Committee on Food Additives (JECFA),26,absolute_then_relative_then_unspecified; peer_reviewed_first; lower_median,false,low,false,1,1,0.914,0.914,true,unspecified,false,compilation,filter_only
UJPMYEOUBPIPHQ-UHFFFAOYSA-N,"1,1,1-trifluoroethane",9868,-111.8,degC,-111.8 °C,Hazardous Substances Data Bank (HSDB),23,peer_reviewed_first_then_lower_median,true,medium,false,1,1,-111.8,-111.8,true,-47.2,degC,-47.20 °C,Hazardous Substances Data Bank (HSDB),23,peer_reviewed_first_then_lower_median,true,medium,false,1,1,-47.2,-47.2,true,,,,,,,,absent,false,0,0,,,false,1.176,g/cm3,Density: 1.176 g/mL at -50 °C,Hazardous Substances Data Bank (HSDB),23,absolute_then_relative_then_unspecified; peer_reviewed_first; lower_median,true,medium,false,1,1,1.176,1.176,true,absolute,true,compilation,filter_only
UODQEMVTULZGKO-UHFFFAOYSA-N,"1-pentyl-1-methylpyrrolidinium 1,1,1-trifluoro-N-[(trifluoromethyl)sulfonyl]methanesulfonamide",121234256,,,,,,,,absent,false,0,0,,,false,,,,,,,,absent,false,0,0,,,false,,,,,,,,absent,false,0,0,,,false,,,,,,,,absent,false,0,0,,,false,,false,compilation,filter_only
UPCXAARSWVHVLY-UHFFFAOYSA-N,triethanolammonium acetate,159752,,,,,,,,absent,false,0,0,,,false,,,,,,,,absent,false,0,0,,,false,,,,,,,,absent,false,0,0,,,false,,,,,,,,absent,false,0,0,,,false,,false,compilation,filter_only
UQEAIHBTYFGYIE-UHFFFAOYSA-N,Hexamethyldisiloxane,24764,-66,degC,-66 °C,Hazardous Substances Data Bank (HSDB),25,peer_reviewed_first_then_lower_median,true,medium,true,2,2,-66,-59,true,99,degC,99 °C,Hazardous Substances Data Bank (HSDB),25,peer_reviewed_first_then_lower_median,true,high,false,2,2,99,101,true,-30,degC,-30 °C,Hazardous Substances Data Bank (HSDB),25,peer_reviewed_first_then_lower_median,true,medium,false,1,1,-30,-30,true,0.7638,unspecified,0.7638 at 20 °C,Hazardous Substances Data Bank (HSDB),25,absolute_then_relative_then_unspecified; peer_reviewed_first; lower_median,true,high,false,2,2,0.76,0.7638,true,unspecified,false,compilation,filter_only
UUIQMZJEGPQKFD-UHFFFAOYSA-N,methyl butyrate,12180,-85.8,degC,-85.8 °C,Hazardous Substances Data Bank (HSDB),26,peer_reviewed_first_then_lower_median,true,medium,true,3,3,-95,-85.8,true,102.8,degC,102.8 °C @ 760 mm Hg,Hazardous Substances Data Bank (HSDB),26,peer_reviewed_first_then_lower_median,true,high,false,4,4,102.2222,103,true,14,degC,57 °F (14 °C) (CLOSED CUP),Hazardous Substances Data Bank (HSDB),26,peer_reviewed_first_then_lower_median,true,high,false,2,2,13.8889,14,true,0.8984,unspecified,0.8984 @ 20 °C/4 °C,Hazardous Substances Data Bank (HSDB),26,absolute_then_relative_then_unspecified; peer_reviewed_first; lower_median,true,high,false,3,3,0.892,0.8984,true,unspecified,false,compilation,filter_only
UWHCKJMYHZGTIT-UHFFFAOYSA-N,tetraethylene glycol,8200,-9.4,degC,-9.4 °C,Hazardous Substances Data Bank (HSDB),26,peer_reviewed_first_then_lower_median,true,medium,true,3,3,-9.4,-4,true,327.3,degC,327.3 °C,Hazardous Substances Data Bank (HSDB),26,peer_reviewed_first_then_lower_median,true,high,false,3,3,327.2222,327.3,true,182,degC,360 °F (182 °C) (Open cup),Hazardous Substances Data Bank (HSDB),26,peer_reviewed_first_then_lower_median,true,high,false,2,2,182,182.2222,true,1.1285,g/cm3,1.1285 g/cu cm at 15 °C,Hazardous Substances Data Bank (HSDB),26,absolute_then_relative_then_unspecified; peer_reviewed_first; lower_median,true,high,false,4,3,1.12,1.1285,true,absolute,true,compilation,filter_only
VASPYXGQVWPGAB-UHFFFAOYSA-M,1-ethyl-3-methylimidazolium thiocyanate,16211115,,,,,,,,absent,false,0,0,,,false,,,,,,,,absent,false,0,0,,,false,,,,,,,,absent,false,0,0,,,false,,,,,,,,absent,false,0,0,,,false,,false,compilation,filter_only
VAYTZRYEBVHVLE-UHFFFAOYSA-N,vinylene carbonate,13385,,,,,,,,absent,false,0,0,,,false,,,,,,,,absent,false,0,0,,,false,,,,,,,,absent,false,0,0,,,false,,,,,,,,absent,false,0,0,,,false,,false,compilation,filter_only
VCAIYEJBOWHUGP-UHFFFAOYSA-N,"1-butyl-2,3-dimethylimidazolium tetrafluoroborate",2734244,,,,,,,,absent,false,0,0,,,false,,,,,,,,absent,false,0,0,,,false,,,,,,,,absent,false,0,0,,,false,,,,,,,,absent,false,0,0,,,false,,false,compilation,filter_only
VFTFKUDGYRBSAL-UHFFFAOYSA-N,"1,4,7,10,13-pentaoxacyclopentadecane",36336,,,,,,,,absent,false,0,0,,,false,,,,,,,,absent,false,0,0,,,false,,,,,,,,absent,false,0,0,,,false,,,,,,,,absent,false,0,0,,,false,,false,compilation,filter_only
VFWCMGCRMGJXDK-UHFFFAOYSA-N,1-chlorobutane,8005,-123.1,degC,-123.1 °C,Hazardous Substances Data Bank (HSDB),29,peer_reviewed_first_then_lower_median,true,high,false,4,4,-123.1111,-123,true,78.5,degC,78.5 °C @ 760 mm Hg,Hazardous Substances Data Bank (HSDB),29,peer_reviewed_first_then_lower_median,true,high,false,4,4,78.5,79,true,-9,degC,15 °F (-9 °C) (Closed Cup),Hazardous Substances Data Bank (HSDB),29,peer_reviewed_first_then_lower_median,false,low,true,3,3,-12,-6.6667,true,0.89,relative,Relative density (water = 1): 0.89 (20 °C),ILO-WHO International Chemical Safety Cards (ICSCs),33,absolute_then_relative_then_unspecified; peer_reviewed_first; lower_median,false,low,false,4,4,0.881,0.892,true,relative,false,compilation,filter_only
VGVHNLRUAMRIEW-UHFFFAOYSA-N,4-Methylcyclohexanone,11525,-40.6,degC,-40.6 °C,Human Metabolome Database (HMDB),23,peer_reviewed_first_then_lower_median,false,low,false,1,1,-40.6,-40.6,true,171,degC,169.00 to 171.00 °C. @ 760.00 mm Hg,Human Metabolome Database (HMDB),23,peer_reviewed_first_then_lower_median,false,low,false,2,2,171,171,true,,,,,,,,absent,false,0,0,,,false,0.924,unspecified,0.924-0.934,Joint FAO/WHO Expert Committee on Food Additives (JECFA),29,absolute_then_relative_then_unspecified; peer_reviewed_first; lower_median,false,low,false,1,1,0.924,0.924,true,unspecified,false,compilation,filter_only
VLKZOEOYAKHREP-UHFFFAOYSA-N,n-Hexane,8058,-95.35,degC,-95.35 °C,Hazardous Substances Data Bank (HSDB),52,peer_reviewed_first_then_lower_median,true,medium,true,7,7,-139.4444,-93.5,true,68.73,degC,68.73 °C,Hazardous Substances Data Bank (HSDB),52,peer_reviewed_first_then_lower_median,true,high,false,7,7,68.7,69,true,-22,degC,-7 °F (-22 °C) (Closed cup),Hazardous Substances Data Bank (HSDB),52,peer_reviewed_first_then_lower_median,true,high,false,6,6,-23,-21.6667,true,0.6606,g/cm3,0.6606 g/cu cm at 25 °C,Hazardous Substances Data Bank (HSDB),52,absolute_then_relative_then_unspecified; peer_reviewed_first; lower_median,true,medium,true,6,6,0.659,0.7,true,absolute,true,compilation,filter_only
VQKFNUFAXTZWDK-UHFFFAOYSA-N,2-methylfuran,10797,-88.7,degC,-88.7 °C,"PAC Chemical Database, U.S. Department of Energy",63,peer_reviewed_first_then_lower_median,false,low,false,3,3,-88.7222,-87.5,true,64,degC,64 °C,Joint FAO/WHO Expert Committee on Food Additives (JECFA),43,peer_reviewed_first_then_lower_median,false,low,true,3,3,63.7,66.1111,true,-30,degC,"-22 °F (NTP, 1992)",CAMEO Chemicals,4,peer_reviewed_first_then_lower_median,false,low,false,1,1,-30,-30,true,0.908,unspecified,0.908-0.917,Joint FAO/WHO Expert Committee on Food Additives (JECFA),43,absolute_then_relative_then_unspecified; peer_reviewed_first; lower_median,false,low,true,3,3,0.827,0.9132,true,unspecified,false,compilation,filter_only
VRFOKYHDLYBVAL-UHFFFAOYSA-M,1-ethyl-3-methylimidazolium ethyl sulfate,12095229,,,,,,,,absent,false,0,0,,,false,,,,,,,,absent,false,0,0,,,false,,,,,,,,absent,false,0,0,,,false,,,,,,,,absent,false,0,0,,,false,,false,compilation,filter_only
VVLAIYIMMFWRFW-UHFFFAOYSA-N,2-hydroxyethylammonium acetate,108573,,,,,,,,absent,false,0,0,,,false,,,,,,,,absent,false,0,0,,,false,,,,,,,,absent,false,0,0,,,false,,,,,,,,absent,false,0,0,,,false,,false,compilation,filter_only
VZGDMQKNWNREIO-UHFFFAOYSA-N,tetrachloromethane,5943,-22.2,degC,-22.2 °C,Hazardous Substances Data Bank (HSDB),42,peer_reviewed_first_then_lower_median,true,medium,true,7,7,-23,28.6,true,76.7,degC,76.7 °C,Hazardous Substances Data Bank (HSDB),42,peer_reviewed_first_then_lower_median,true,high,false,7,7,76.6667,76.8,true,,,,,,,,absent,false,0,0,,,false,1.594,g/cm3,1.5940 g/cu cm at 20 °C,Hazardous Substances Data Bank (HSDB),42,absolute_then_relative_then_unspecified; peer_reviewed_first; lower_median,true,high,false,8,6,1.59,1.594,true,absolute,true,compilation,filter_only
WEHWNAOGRSTTBQ-UHFFFAOYSA-N,dipropylamine,8902,-63,degC,-63 °C,Hazardous Substances Data Bank (HSDB),22,peer_reviewed_first_then_lower_median,true,medium,true,3,3,-63,-39.6111,true,109.3,degC,109.3 °C,Hazardous Substances Data Bank (HSDB),22,peer_reviewed_first_then_lower_median,true,high,false,3,3,109.3,109.3889,true,7,degC,7 °C (closed cup),Hazardous Substances Data Bank (HSDB),22,peer_reviewed_first_then_lower_median,true,medium,true,3,3,7,17,true,0.737,g/cm3,Saturated liquid density= 46.010 lb/cu ft @ 70 °C,Hazardous Substances Data Bank (HSDB),22,absolute_then_relative_then_unspecified; peer_reviewed_first; lower_median,true,high,false,6,4,0.737,0.74,true,absolute,true,compilation,filter_only
WERYXYBDKMZEQL-UHFFFAOYSA-N,"1,4-Butanediol",8064,20.43,degC,20.43 °C,Hazardous Substances Data Bank (HSDB),36,peer_reviewed_first_then_lower_median,true,medium,true,5,4,16,20.43,true,229.5,degC,229.5 °C,Hazardous Substances Data Bank (HSDB),36,peer_reviewed_first_then_lower_median,true,high,false,5,4,228,230,true,121,degC,250 °F (121 °C) - open cup,Hazardous Substances Data Bank (HSDB),36,peer_reviewed_first_then_lower_median,true,medium,true,5,5,119.4444,134,true,1.0171,g/cm3,1.0171 g/cu cm at 20 °C,Hazardous Substances Data Bank (HSDB),36,absolute_then_relative_then_unspecified; peer_reviewed_first; lower_median,true,medium,true,4,4,1.017,3.1,true,absolute,true,compilation,filter_only
WEVYAHXRMPXWCK-UHFFFAOYSA-N,Acetonitrile,6342,-44,degC,-44 °C,Hazardous Substances Data Bank (HSDB),45,peer_reviewed_first_then_lower_median,true,medium,true,6,6,-46,-43.82,true,81.6,degC,81.6 °C at 760 mm Hg,Hazardous Substances Data Bank (HSDB),45,peer_reviewed_first_then_lower_median,true,high,false,7,6,81.6,82,true,6,degC,42 °F (6 °C) (Open Cup),Hazardous Substances Data Bank (HSDB),45,peer_reviewed_first_then_lower_median,true,medium,true,6,6,2,12.8,true,0.7874,relative,Specific gravity: 0.78745 at 15 °C/4 °C,Hazardous Substances Data Bank (HSDB),45,absolute_then_relative_then_unspecified; peer_reviewed_first; lower_median,true,medium,true,8,6,0.78,0.8,true,relative,false,compilation,filter_only
WFCLYEAZTHWNEH-UHFFFAOYSA-N,Ethyl thiocyanate,10968,-85.5,degC,-85.5 °C,Hazardous Substances Data Bank (HSDB),14,peer_reviewed_first_then_lower_median,true,high,false,3,3,-85.5556,-85.5,true,146,degC,146 °C,Hazardous Substances Data Bank (HSDB),14,peer_reviewed_first_then_lower_median,true,high,false,3,3,145,146.1111,true,,,,,,,,absent,false,0,0,,,false,1.0071,unspecified,1.0071 @ 23 °C,Hazardous Substances Data Bank (HSDB),14,absolute_then_relative_then_unspecified; peer_reviewed_first; lower_median,true,high,false,3,3,1.007,1.02,true,unspecified,false,compilation,filter_only
WNXJIVFYUVYPPR-UHFFFAOYSA-N,"1,3-dioxolane",12586,-95,degC,-95 °C,Hazardous Substances Data Bank (HSDB),26,peer_reviewed_first_then_lower_median,true,medium,true,2,2,-97.2,-95,true,78,degC,78 °C,Hazardous Substances Data Bank (HSDB),26,peer_reviewed_first_then_lower_median,true,high,false,2,2,78,78,true,2,degC,35 °F (2 °C) (Open cup),Hazardous Substances Data Bank (HSDB),26,peer_reviewed_first_then_lower_median,true,medium,false,1,1,2,2,true,1.06,unspecified,1.0600 at 20 °C/4 °C,Hazardous Substances Data Bank (HSDB),26,absolute_then_relative_then_unspecified; peer_reviewed_first; lower_median,true,high,false,3,2,1.06,1.066,true,unspecified,false,compilation,filter_only
WQAQPCDUOCURKW-UHFFFAOYSA-N,1-Butanethiol,8012,-115.9,degC,-115.9 °C,Hazardous Substances Data Bank (HSDB),25,peer_reviewed_first_then_lower_median,true,medium,true,7,7,-119,80.1111,true,97.8,degC,Forms azeotropic mixture with butyl alcohol (bp: 97.8 °C; 85.16% butanethiol) & with butyl alcohol and water; mobile,Hazardous Substances Data Bank (HSDB),25,peer_reviewed_first_then_lower_median,true,medium,true,9,9,97.8,109.6111,true,2,degC,35 °F (2 °C) (Closed cup),Hazardous Substances Data Bank (HSDB),25,peer_reviewed_first_then_lower_median,true,medium,true,6,6,1.6667,12.7778,true,0.83,relative,Relative density (water = 1): 0.83,ILO-WHO International Chemical Safety Cards (ICSCs),30,absolute_then_relative_then_unspecified; peer_reviewed_first; lower_median,false,low,false,7,7,0.83,0.842,true,relative,false,compilation,filter_only
WQONPSCCEXUXTQ-UHFFFAOYSA-N,o-Dibromobenzene,11414,,,,,,,,absent,false,0,0,,,false,,,,,,,,absent,false,0,0,,,false,,,,,,,,absent,false,0,0,,,false,,,,,,,,absent,false,0,0,,,false,,false,compilation,filter_only
WRWPPGUCZBJXKX-UHFFFAOYSA-N,p-Fluorotoluene,9603,-56.7778,degC,"-70.2 °F (USCG, 1999)",CAMEO Chemicals,3,peer_reviewed_first_then_lower_median,false,low,false,1,1,-56.7778,-56.7778,true,116.6111,degC,"241.9 °F at 760 mmHg (USCG, 1999)",CAMEO Chemicals,3,peer_reviewed_first_then_lower_median,false,low,false,1,1,116.6111,116.6111,true,40.5556,degC,"105 °F (USCG, 1999)",CAMEO Chemicals,3,peer_reviewed_first_then_lower_median,false,low,false,1,1,40.5556,40.5556,true,1.0007,unspecified,"1.0007 at 68 °F (USCG, 1999) - Denser than water; will sink",CAMEO Chemicals,3,absolute_then_relative_then_unspecified; peer_reviewed_first; lower_median,false,low,false,1,1,1.0007,1.0007,true,unspecified,false,compilation,filter_only
WSLDOOZREJYCGB-UHFFFAOYSA-N,"1,2-dichloroethane",11,-35.6,degC,-35.6 °C,Hazardous Substances Data Bank (HSDB),39,peer_reviewed_first_then_lower_median,true,high,false,8,7,-35.7,-35.2778,true,83.4,degC,83.4 °C,Hazardous Substances Data Bank (HSDB),39,peer_reviewed_first_then_lower_median,true,high,false,8,7,83.3333,84,true,13,degC,56 °F (13 °C) - closed cup,Hazardous Substances Data Bank (HSDB),39,peer_reviewed_first_then_lower_median,true,medium,true,7,7,13,18,true,1.2,relative,Relative density (water = 1): 1.2,ILO-WHO International Chemical Safety Cards (ICSCs),49,absolute_then_relative_then_unspecified; peer_reviewed_first; lower_median,false,low,true,6,6,1.2,1.253,true,relative,false,compilation,filter_only
WVDDGKGOMKODPV-UHFFFAOYSA-N,Benzyl alcohol,244,-15.2,degC,-15.2 °C,Hazardous Substances Data Bank (HSDB),69,peer_reviewed_first_then_lower_median,true,high,false,7,7,-15.4,-15,true,205.3,degC,205.3 °C,Hazardous Substances Data Bank (HSDB),69,peer_reviewed_first_then_lower_median,true,high,false,8,7,205,206,true,96,degC,96 °C (205 °F) (Closed cup),Hazardous Substances Data Bank (HSDB),69,peer_reviewed_first_then_lower_median,true,medium,true,8,8,93,105,true,1.0419,g/cm3,1.0419 g/cu cm at 24 °C,Hazardous Substances Data Bank (HSDB),69,absolute_then_relative_then_unspecified; peer_reviewed_first; lower_median,true,high,false,8,6,1.04,1.05,true,absolute,true,compilation,filter_only
WVLBCYQITXONBZ-UHFFFAOYSA-N,trimethyl phosphate,10541,-46,degC,-46 °C,Hazardous Substances Data Bank (HSDB),29,peer_reviewed_first_then_lower_median,true,high,false,3,3,-46.1111,-46,true,197.2,degC,197.2 °C,Hazardous Substances Data Bank (HSDB),29,peer_reviewed_first_then_lower_median,true,high,false,4,4,197.2,197.2222,true,150,degC,150 °C (302 °F) (Closed cup),Hazardous Substances Data Bank (HSDB),29,peer_reviewed_first_then_lower_median,true,medium,true,4,4,107,150,true,1.2144,g/cm3,1.2144 g/cu cm at 20 °C,Hazardous Substances Data Bank (HSDB),29,absolute_then_relative_then_unspecified; peer_reviewed_first; lower_median,true,medium,true,4,4,1.2,1.97,true,absolute,true,compilation,filter_only
WYJOVVXUZNRJQY-UHFFFAOYSA-N,2-acetylthiophene,6920,9,degC,9 °C,Human Metabolome Database (HMDB),21,peer_reviewed_first_then_lower_median,false,low,false,1,1,9,9,true,213,degC,213.00 °C. @ 760.00 mm Hg,Human Metabolome Database (HMDB),21,peer_reviewed_first_then_lower_median,false,low,false,1,1,213,213,true,,,,,,,,absent,false,0,0,,,false,,,,,,,,absent,false,0,0,,,false,,false,compilation,filter_only
WYURNTSHIVDZCO-UHFFFAOYSA-N,tetrahydrofuran,8028,-108.44,degC,-108.44 °C,Hazardous Substances Data Bank (HSDB),53,peer_reviewed_first_then_lower_median,true,high,false,7,7,-108.5,-108.3,true,65,degC,65 °C,Hazardous Substances Data Bank (HSDB),53,peer_reviewed_first_then_lower_median,true,high,false,7,7,65,66.1111,true,-14.5,degC,-14.5 °C (closed cup),Hazardous Substances Data Bank (HSDB),53,peer_reviewed_first_then_lower_median,true,high,false,7,7,-14.5,-14,true,0.8833,g/cm3,0.8833 g/cu cm at 25 °C,Hazardous Substances Data Bank (HSDB),53,absolute_then_relative_then_unspecified; peer_reviewed_first; lower_median,true,high,false,7,6,0.8833,0.89,true,absolute,true,compilation,filter_only
WZJDNKTZWIOOJE-UHFFFAOYSA-M,1-butyl-1-methylpyrrolidinium trifluoromethanesulfonate,12195864,,,,,,,,absent,false,0,0,,,false,,,,,,,,absent,false,0,0,,,false,,,,,,,,absent,false,0,0,,,false,,,,,,,,absent,false,0,0,,,false,,false,compilation,filter_only
WZLFPVPRZGTCKP-UHFFFAOYSA-N,"1,1,1,3,3-pentafluorobutane",67884,,,,,,,,absent,false,0,0,,,false,,,,,,,,absent,false,0,0,,,false,,,,,,,,absent,false,0,0,,,false,,,,,,,,absent,false,0,0,,,false,,false,compilation,filter_only
XCIXKGXIYUWCLL-UHFFFAOYSA-N,Cyclopentanol,7298,-19,degC,-19 °C,Hazardous Substances Data Bank (HSDB),25,peer_reviewed_first_then_lower_median,true,medium,false,1,1,-19,-19,true,140.4,degC,140.4 °C @ 760 MM HG,Hazardous Substances Data Bank (HSDB),25,peer_reviewed_first_then_lower_median,true,medium,false,1,1,140.4,140.4,true,51,degC,124 °F (51 °C) (CLOSED CUP),Hazardous Substances Data Bank (HSDB),25,peer_reviewed_first_then_lower_median,false,low,false,2,2,51,51.1111,true,0.9478,unspecified,0.9478 @ 20 °C/4 °C,Hazardous Substances Data Bank (HSDB),25,absolute_then_relative_then_unspecified; peer_reviewed_first; lower_median,true,medium,false,1,1,0.9478,0.9478,true,unspecified,false,compilation,filter_only
XDJYSDBSJWNTQT-UHFFFAOYSA-N,"1-ethyl-2,3-dimethylimidazolium bis[(trifluoromethyl)sulfonyl]imide",21932259,,,,,,,,absent,false,0,0,,,false,,,,,,,,absent,false,0,0,,,false,,,,,,,,absent,false,0,0,,,false,,,,,,,,absent,false,0,0,,,false,,false,compilation,filter_only
XDTMQSROBMDMFD-UHFFFAOYSA-N,cyclohexane,8078,6.47,degC,6.47 °C,Hazardous Substances Data Bank (HSDB),47,peer_reviewed_first_then_lower_median,true,high,false,7,7,6.47,7,true,80.7,degC,80.7 °C at 760 mm Hg,Hazardous Substances Data Bank (HSDB),47,peer_reviewed_first_then_lower_median,true,high,false,7,7,80.5556,82,true,-18,degC,1 °F (-18 °C) (closed cup),Hazardous Substances Data Bank (HSDB),47,peer_reviewed_first_then_lower_median,true,medium,true,6,6,-20,-17.7778,true,0.8,relative,Relative density (water = 1): 0.8,ILO-WHO International Chemical Safety Cards (ICSCs),57,absolute_then_relative_then_unspecified; peer_reviewed_first; lower_median,false,low,true,7,6,0.7739,0.8,true,relative,false,compilation,filter_only
XEKOWRVHYACXOJ-UHFFFAOYSA-N,Ethyl acetate,8857,-83.8,degC,-83.8 °C,Hazardous Substances Data Bank (HSDB),44,peer_reviewed_first_then_lower_median,true,medium,true,7,7,-84,47.2222,true,70.4,degC,"Azeotropic mixture with water (6.1% wt/wt), bp: 70.4 °C; azeotropic mixture with water (7.8% wt/wt) and alcohol (9.0% wt/wt), bp: 70.3 °C; Slowly decomposed by moisture, then acquires acid reaction; absorbs water (up to 3.3% wt/wt)",Hazardous Substances Data Bank (HSDB),44,peer_reviewed_first_then_lower_median,true,medium,true,9,9,70.4,77.5,true,-4.4444,degC,24 °F,The National Institute for Occupational Safety and Health (NIOSH),117,peer_reviewed_first_then_lower_median,false,low,true,5,5,-4.4444,7.2,true,0.9003,g/cm3,0.9003 g/cu cm at 20 °C,Hazardous Substances Data Bank (HSDB),44,absolute_then_relative_then_unspecified; peer_reviewed_first; lower_median,true,high,false,8,7,0.894,0.902,true,absolute,true,compilation,filter_only
XIYUIMLQTKODPS-UHFFFAOYSA-M,1-ethyl-3-methylimidazolium acetate,11658353,,,,,,,,absent,false,0,0,,,false,,,,,,,,absent,false,0,0,,,false,,,,,,,,absent,false,0,0,,,false,,,,,,,,absent,false,0,0,,,false,,false,compilation,filter_only
XLYOFNOQVPJJNP-UHFFFAOYSA-N,water,962,0,degC,0 °C,Hazardous Substances Data Bank (HSDB),97,peer_reviewed_first_then_lower_median,true,high,false,4,3,0,0,true,99.974,degC,99.974 °C,Hazardous Substances Data Bank (HSDB),97,peer_reviewed_first_then_lower_median,true,high,false,3,2,99.974,100,true,,,,,,,,absent,false,0,0,,,false,1,g/cm3,Expands on freezing. Temp of max density 3.98 °C. density: 1.000000g/mL at 3.98 °C; 0.917 g/cc at 0 °C (ice); 0.999868 at 0 °C/4 °C (liquid),Hazardous Substances Data Bank (HSDB),97,absolute_then_relative_then_unspecified; peer_reviewed_first; lower_median,true,medium,true,7,4,0.995,1.0241,true,absolute,true,compilation,filter_only
XNLICIUVMPYHGG-UHFFFAOYSA-N,2-Pentanone,7895,-76.8,degC,-76.8 °C,Hazardous Substances Data Bank (HSDB),29,peer_reviewed_first_then_lower_median,true,high,false,6,6,-78,-76.8,true,102.26,degC,102.26 °C,Hazardous Substances Data Bank (HSDB),29,peer_reviewed_first_then_lower_median,true,medium,true,8,8,101.1111,110,true,7,degC,45 °F ( 7.0 °C) (Closed cup),Hazardous Substances Data Bank (HSDB),29,peer_reviewed_first_then_lower_median,true,high,false,6,6,7,7.2222,true,0.8,relative,Relative density (water = 1): 0.8,ILO-WHO International Chemical Safety Cards (ICSCs),39,absolute_then_relative_then_unspecified; peer_reviewed_first; lower_median,false,low,false,7,7,0.8,0.81,true,relative,false,compilation,filter_only
XNWFRZJHXBZDAG-UHFFFAOYSA-N,2-Methoxyethanol,8019,-85.1,degC,-85.1 °C,Hazardous Substances Data Bank (HSDB),44,peer_reviewed_first_then_lower_median,true,high,false,7,6,-86.5,-85,true,124.1,degC,124.1 °C,Hazardous Substances Data Bank (HSDB),44,peer_reviewed_first_then_lower_median,true,high,false,7,6,124.1,125,true,42,degC,42 °C closed cup,Hazardous Substances Data Bank (HSDB),44,peer_reviewed_first_then_lower_median,true,medium,true,8,8,38.8889,120,true,0.9647,g/cm3,0.9647 g/cu cm at 20 °C,Hazardous Substances Data Bank (HSDB),44,absolute_then_relative_then_unspecified; peer_reviewed_first; lower_median,true,medium,true,7,6,0.96,1.4,true,absolute,true,compilation,filter_only
XQQZRZQVBFHBHL-UHFFFAOYSA-N,"1,4,7,10-tetraoxacyclododecane",9269,,,,,,,,absent,false,0,0,,,false,,,,,,,,absent,false,0,0,,,false,,,,,,,,absent,false,0,0,,,false,,,,,,,,absent,false,0,0,,,false,,false,compilation,filter_only
XREPTGNZZKNFQZ-UHFFFAOYSA-M,1-butyl-3-methylimidazolium iodide,11448496,,,,,,,,absent,false,0,0,,,false,,,,,,,,absent,false,0,0,,,false,,,,,,,,absent,false,0,0,,,false,,,,,,,,absent,false,0,0,,,false,,false,compilation,filter_only
XTHFKEDIFFGKHM-UHFFFAOYSA-N,"1,2-dimethoxyethane",8071,-58,degC,-58 °C; ALSO REPORTED AS -71 °C,Hazardous Substances Data Bank (HSDB),29,peer_reviewed_first_then_lower_median,true,medium,true,5,4,-69.2,-57.7778,true,83,degC,82-83 °C @ 760 MM HG,Hazardous Substances Data Bank (HSDB),29,peer_reviewed_first_then_lower_median,true,high,false,4,3,83,85,true,-2,degC,29 °F(-2 °C) (CLOSED CUP),Hazardous Substances Data Bank (HSDB),29,peer_reviewed_first_then_lower_median,false,low,false,4,4,-2,0,true,0.86,relative,Relative density (water = 1): 0.86,ILO-WHO International Chemical Safety Cards (ICSCs),37,absolute_then_relative_then_unspecified; peer_reviewed_first; lower_median,false,low,false,4,4,0.86,0.8688,true,relative,false,compilation,filter_only
YEJRWHAVMIAJKC-UHFFFAOYSA-N,.gamma.-butyrolactone,7302,-43.53,degC,-43.53 °C,Hazardous Substances Data Bank (HSDB),38,peer_reviewed_first_then_lower_median,true,high,false,5,5,-45,-43.53,true,204,degC,204 °C at 760 mm Hg,Hazardous Substances Data Bank (HSDB),38,peer_reviewed_first_then_lower_median,true,high,false,5,5,204,205,true,98,degC,209 °F (98 °C) (open cup),Hazardous Substances Data Bank (HSDB),38,peer_reviewed_first_then_lower_median,true,high,false,5,5,98,98.3333,true,1.1296,g/cm3,1.1296 g/cu cm at 20 °C,Hazardous Substances Data Bank (HSDB),38,absolute_then_relative_then_unspecified; peer_reviewed_first; lower_median,true,medium,true,6,6,1.12,1.41,true,absolute,true,compilation,filter_only
YEYKMVJDLWJFOA-UHFFFAOYSA-N,2-propoxyethanol,17756,-90,degC,-90 °C,ILO-WHO International Chemical Safety Cards (ICSCs),22,peer_reviewed_first_then_lower_median,false,low,false,1,1,-90,-90,true,152,degC,150-152 °C at 760 mm Hg,Hazardous Substances Data Bank (HSDB),21,peer_reviewed_first_then_lower_median,true,medium,true,4,4,149.4444,152,true,51.6667,degC,125 °F (OPEN CUP),Hazardous Substances Data Bank (HSDB),21,peer_reviewed_first_then_lower_median,true,medium,true,4,4,48.8889,57,true,0.91,relative,Relative density (water = 1): 0.91,ILO-WHO International Chemical Safety Cards (ICSCs),22,absolute_then_relative_then_unspecified; peer_reviewed_first; lower_median,false,low,false,4,3,0.908,0.9112,true,relative,false,compilation,filter_only
YFMFNYKEUDLDTL-UHFFFAOYSA-N,"1,1,1,2,3,3,3-heptafluoropropane",67940,-126.8,degC,-126.8 °C,Hazardous Substances Data Bank (HSDB),16,peer_reviewed_first_then_lower_median,true,medium,false,1,1,-126.8,-126.8,true,-16.34,degC,-16.34 °C,Hazardous Substances Data Bank (HSDB),16,peer_reviewed_first_then_lower_median,true,medium,false,1,1,-16.34,-16.34,true,,,,,,,,absent,false,0,0,,,false,1.394,g/cm3,1.394 g/cu cm at 25 °C,Hazardous Substances Data Bank (HSDB),16,absolute_then_relative_then_unspecified; peer_reviewed_first; lower_median,true,medium,false,2,1,1.394,1.394,true,absolute,true,compilation,filter_only
YFNKIDBQEZZDLK-UHFFFAOYSA-N,"2,5,8,11-tetraoxadodecane",8189,-45,degC,"-49 °F (NTP, 1992)",CAMEO Chemicals,6,peer_reviewed_first_then_lower_median,false,low,false,2,2,-45,-45,true,216,degC,216 °C @760 [mm Hg],"PAC Chemical Database, U.S. Department of Energy",53,peer_reviewed_first_then_lower_median,false,low,false,3,3,216,216.1111,true,111,degC,111 °C o.c.,ILO-WHO International Chemical Safety Cards (ICSCs),24,peer_reviewed_first_then_lower_median,false,low,false,2,2,111,111.1111,true,0.99,relative,Relative density (water = 1): 0.99,ILO-WHO International Chemical Safety Cards (ICSCs),24,absolute_then_relative_then_unspecified; peer_reviewed_first; lower_median,false,low,false,3,3,0.986,0.99,true,relative,false,compilation,filter_only
YHRUOJUYPBUZOS-UHFFFAOYSA-N,"1,3-dichloropropane",8881,-99.5,degC,-99.5 °C,Hazardous Substances Data Bank (HSDB),21,peer_reviewed_first_then_lower_median,true,high,false,4,4,-99.5,-99,true,120.4,degC,120.4 °C @ 760 mm Hg,Hazardous Substances Data Bank (HSDB),21,peer_reviewed_first_then_lower_median,true,high,false,4,4,120,120.9,true,16,degC,16 °C o.c.,ILO-WHO International Chemical Safety Cards (ICSCs),22,peer_reviewed_first_then_lower_median,false,low,true,3,3,16,21.1111,true,1.19,relative,Relative density (water = 1): 1.19,ILO-WHO International Chemical Safety Cards (ICSCs),22,absolute_then_relative_then_unspecified; peer_reviewed_first; lower_median,false,low,false,4,4,1.1876,1.19,true,relative,false,compilation,filter_only
YIWUKEYIRIRTPP-UHFFFAOYSA-N,2-ethyl-1-hexanol,7720,-70,degC,-70 °C,Hazardous Substances Data Bank (HSDB),34,peer_reviewed_first_then_lower_median,true,medium,true,5,5,-76.1111,-70,true,184.34,degC,184.34 °C,Hazardous Substances Data Bank (HSDB),34,peer_reviewed_first_then_lower_median,true,medium,true,7,7,182,186,true,73,degC,164 °F (73 °C),Hazardous Substances Data Bank (HSDB),34,peer_reviewed_first_then_lower_median,true,medium,true,5,5,73,81.1111,true,0.83,relative,Relative density (water = 1): 0.83,ILO-WHO International Chemical Safety Cards (ICSCs),44,absolute_then_relative_then_unspecified; peer_reviewed_first; lower_median,false,low,false,8,6,0.83,0.8344,true,relative,false,compilation,filter_only
YLQBMQCUIZJEEH-UHFFFAOYSA-N,Furan,8029,-85.61,degC,-85.61 °C,Hazardous Substances Data Bank (HSDB),45,peer_reviewed_first_then_lower_median,true,high,false,5,5,-86.1111,-85.6,true,31.5,degC,31.5 °C,Hazardous Substances Data Bank (HSDB),45,peer_reviewed_first_then_lower_median,true,high,false,5,5,31.3,32.2222,true,-35,degC,-32 °F (-35 °C) (Closed cup),Hazardous Substances Data Bank (HSDB),45,peer_reviewed_first_then_lower_median,true,high,false,3,2,-35,-35,true,0.9514,g/cm3,Density = 0.9514 g/cu cm at 20 °C,Hazardous Substances Data Bank (HSDB),45,absolute_then_relative_then_unspecified; peer_reviewed_first; lower_median,true,medium,true,5,5,0.9371,0.9731,true,absolute,true,compilation,filter_only
YMWUJEATGCHHMB-UHFFFAOYSA-N,dichloromethane,6344,-95,degC,-95 °C,Hazardous Substances Data Bank (HSDB),44,peer_reviewed_first_then_lower_median,true,medium,true,7,7,-97.2,-95,true,39.75,degC,39.75 °C at 760 mm Hg,Hazardous Substances Data Bank (HSDB),44,peer_reviewed_first_then_lower_median,true,high,false,6,6,39.75,40,true,,,,,,,,absent,false,0,0,,,false,1.3,relative,Relative density (water = 1): 1.3 (20 °C),ILO-WHO International Chemical Safety Cards (ICSCs),50,absolute_then_relative_then_unspecified; peer_reviewed_first; lower_median,false,low,true,6,6,1.3,1.33,true,relative,false,compilation,filter_only
YNAVUWVOSKDBBP-UHFFFAOYSA-N,Morpholine,8083,111,degC,"Soluble in water, methanol, ethanol, acetone, ethyl acetate, benzene, chloroform; practically insoluble in toluene, xylene, ether, petroleum ether, carbon tetrachloride; MP: 110-111 °C; crystals from ethanol /Morpholine salicylate/",Hazardous Substances Data Bank (HSDB),52,peer_reviewed_first_then_lower_median,true,medium,true,9,9,-5,147,true,128,degC,128 °C,Hazardous Substances Data Bank (HSDB),52,peer_reviewed_first_then_lower_median,true,high,false,6,6,128,129,true,36.6667,degC,(oc) 98 °F,The National Institute for Occupational Safety and Health (NIOSH),101,peer_reviewed_first_then_lower_median,false,low,true,6,5,35,38,true,1,relative,Relative density (water = 1): 1.0,ILO-WHO International Chemical Safety Cards (ICSCs),56,absolute_then_relative_then_unspecified; peer_reviewed_first; lower_median,false,low,false,7,6,1,1.007,true,relative,false,compilation,filter_only
YPFDHNVEDLHUCE-UHFFFAOYSA-N,"1,3-Propanediol",10442,,,,,,,,absent,false,0,0,,,false,212,degC,210-212 °C,Hazardous Substances Data Bank (HSDB),30,peer_reviewed_first_then_lower_median,true,medium,false,1,1,212,212,true,345,degC,Flash Point: 174 °F/ 345 °C /closed cup/,Hazardous Substances Data Bank (HSDB),30,peer_reviewed_first_then_lower_median,true,medium,false,1,1,345,345,true,1.0597,unspecified,1.0597 at 20 °C/4 °C,Hazardous Substances Data Bank (HSDB),30,absolute_then_relative_then_unspecified; peer_reviewed_first; lower_median,true,high,false,2,2,1.0536,1.0597,true,unspecified,false,compilation,filter_only
YPWSSSRXUOQNMQ-UHFFFAOYSA-N,1-hexyl-3-methylimidazolium hexafluorophosphate,2734175,,,,,,,,absent,false,0,0,,,false,,,,,,,,absent,false,0,0,,,false,,,,,,,,absent,false,0,0,,,false,,,,,,,,absent,false,0,0,,,false,,false,compilation,filter_only
YSIMAPNUZAVQER-UHFFFAOYSA-N,octanenitrile,31286,-45.6,degC,-45.6 °C,"PAC Chemical Database, U.S. Department of Energy",25,peer_reviewed_first_then_lower_median,false,low,false,1,1,-45.6,-45.6,true,205.2,degC,205.2 °C @760 [mm Hg],"PAC Chemical Database, U.S. Department of Energy",25,peer_reviewed_first_then_lower_median,false,low,false,1,1,205.2,205.2,true,,,,,,,,absent,false,0,0,,,false,0.8136,unspecified,0.8136 @ 20°C,"PAC Chemical Database, U.S. Department of Energy",25,absolute_then_relative_then_unspecified; peer_reviewed_first; lower_median,false,low,false,1,1,0.8136,0.8136,true,unspecified,false,compilation,filter_only
YWAKXRMUMFPDSH-UHFFFAOYSA-N,1-Pentene,8004,-165.2,degC,-165.2 °C,Hazardous Substances Data Bank (HSDB),26,peer_reviewed_first_then_lower_median,true,high,false,3,3,-165.2,-165,true,29.9,degC,29.9 °C,Hazardous Substances Data Bank (HSDB),26,peer_reviewed_first_then_lower_median,true,high,false,3,3,29.8889,29.9,true,-18,degC,-18 °C OC /From table/,Hazardous Substances Data Bank (HSDB),26,peer_reviewed_first_then_lower_median,true,medium,true,3,3,-51.1111,-18,true,0.6405,unspecified,0.6405 @ 20 °C/4 °C,Hazardous Substances Data Bank (HSDB),26,absolute_then_relative_then_unspecified; peer_reviewed_first; lower_median,true,high,false,3,3,0.6405,0.641,true,unspecified,false,compilation,filter_only
YXFVVABEGXRONW-UHFFFAOYSA-N,toluene,1140,-94.9,degC,-94.9 °C,Hazardous Substances Data Bank (HSDB),67,peer_reviewed_first_then_lower_median,true,high,false,8,7,-95,-94.9,true,110.6,degC,110.6 °C,Hazardous Substances Data Bank (HSDB),67,peer_reviewed_first_then_lower_median,true,high,false,8,7,110.6,111.1111,true,4,degC,4.0 °C (39.2 °F) - closed cup,Hazardous Substances Data Bank (HSDB),67,peer_reviewed_first_then_lower_median,true,high,false,8,7,4,4.4444,true,0.8623,g/cm3,0.8623 g/cu cm at 20 °C,Hazardous Substances Data Bank (HSDB),67,absolute_then_relative_then_unspecified; peer_reviewed_first; lower_median,true,high,false,6,6,0.8623,0.87,true,absolute,true,compilation,filter_only
ZAFNJMIOTHYJRJ-UHFFFAOYSA-N,Isopropyl ether,7914,-86.8,degC,-86.8 °C,Hazardous Substances Data Bank (HSDB),23,peer_reviewed_first_then_lower_median,true,medium,true,6,6,-86.8,-60,true,68.5,degC,68.5 °C,Hazardous Substances Data Bank (HSDB),23,peer_reviewed_first_then_lower_median,true,high,false,6,6,67.7778,69,true,-28,degC,-28 °C,ILO-WHO International Chemical Safety Cards (ICSCs),25,peer_reviewed_first_then_lower_median,false,low,false,6,6,-28,-27.7778,true,0.7,relative,Relative density (water = 1): 0.7,ILO-WHO International Chemical Safety Cards (ICSCs),25,absolute_then_relative_then_unspecified; peer_reviewed_first; lower_median,false,low,true,7,6,0.7,0.73,true,relative,false,compilation,filter_only
ZBCBWPMODOFKDW-UHFFFAOYSA-N,diethanolamine,8113,27.9,degC,27.9 °C,Hazardous Substances Data Bank (HSDB),41,peer_reviewed_first_then_lower_median,true,high,false,7,7,27.7778,28,true,217,degC,BP: 217 °C at 150 mm Hg; 20 °C at 0.01 mm Hg,Hazardous Substances Data Bank (HSDB),41,peer_reviewed_first_then_lower_median,true,medium,true,8,8,217,269.1111,true,134,degC,134 °C (Open cup),Hazardous Substances Data Bank (HSDB),41,peer_reviewed_first_then_lower_median,true,medium,true,7,7,134,172,true,1.09,relative,Relative density (water = 1): 1.09 (liquid),ILO-WHO International Chemical Safety Cards (ICSCs),57,absolute_then_relative_then_unspecified; peer_reviewed_first; lower_median,false,low,false,6,6,1.09,1.1,true,relative,false,compilation,filter_only
ZGEGCLOFRBLKSE-UHFFFAOYSA-N,1-heptene,11610,-119.7,degC,-119.7 °C,Hazardous Substances Data Bank (HSDB),30,peer_reviewed_first_then_lower_median,true,medium,true,3,3,-119.7,-10,true,93.6,degC,93.6 °C,Hazardous Substances Data Bank (HSDB),30,peer_reviewed_first_then_lower_median,true,high,false,3,3,93.6,93.6111,true,0,degC,LESS THAN 32 °F (CLOSED CUP),Hazardous Substances Data Bank (HSDB),30,peer_reviewed_first_then_lower_median,true,medium,true,2,2,-3.8889,0,true,0.697,unspecified,0.6970 @ 20 °C/4 °C,Hazardous Substances Data Bank (HSDB),30,absolute_then_relative_then_unspecified; peer_reviewed_first; lower_median,true,high,false,3,3,0.6969,0.697,true,unspecified,false,compilation,filter_only
ZHNUHDYFZUAESO-UHFFFAOYSA-N,formamide,713,2.55,degC,2.55 °C,Hazardous Substances Data Bank (HSDB),33,peer_reviewed_first_then_lower_median,true,high,false,7,7,2.5,2.7778,true,210.5,degC,210.5 °C @ 760 mm Hg,Hazardous Substances Data Bank (HSDB),33,peer_reviewed_first_then_lower_median,true,medium,true,6,6,210,220,true,154.4444,degC,310 °F (OPEN CUP),Hazardous Substances Data Bank (HSDB),33,peer_reviewed_first_then_lower_median,true,medium,true,6,6,120,154.4444,true,1.13,relative,Relative density (water = 1): 1.13,ILO-WHO International Chemical Safety Cards (ICSCs),36,absolute_then_relative_then_unspecified; peer_reviewed_first; lower_median,false,low,false,6,6,1.13,1.134,true,relative,false,compilation,filter_only
ZIBGPFATKBEMQZ-UHFFFAOYSA-N,triethylene glycol,8172,-7,degC,-7 °C,Hazardous Substances Data Bank (HSDB),31,peer_reviewed_first_then_lower_median,true,medium,true,4,4,-7,-4.2778,true,285,degC,285 °C; 165 °C at 14 mm Hg,Hazardous Substances Data Bank (HSDB),31,peer_reviewed_first_then_lower_median,true,high,false,4,4,285,285,true,177,degC,350 °F (177 °C) (Open cup),Hazardous Substances Data Bank (HSDB),31,peer_reviewed_first_then_lower_median,true,medium,true,4,4,165,177,true,1.1,relative,Relative density (water = 1): 1.1,ILO-WHO International Chemical Safety Cards (ICSCs),38,absolute_then_relative_then_unspecified; peer_reviewed_first; lower_median,false,low,true,5,4,1.1,1.1274,true,relative,false,compilation,filter_only
ZMANZCXQSJIPKH-UHFFFAOYSA-N,Triethylamine,8471,-114.7,degC,-114.7 °C,Hazardous Substances Data Bank (HSDB),38,peer_reviewed_first_then_lower_median,true,high,false,7,7,-115,-114.7,true,88.8,degC,88.8 °C,Hazardous Substances Data Bank (HSDB),38,peer_reviewed_first_then_lower_median,true,high,false,8,8,88,89.5,true,-15,degC,-15 °C (5 °F) - closed cup,Hazardous Substances Data Bank (HSDB),38,peer_reviewed_first_then_lower_median,true,medium,true,7,7,-17,-6.6667,true,0.7275,g/cm3,0.7275 g/cu cm at 20 °C,Hazardous Substances Data Bank (HSDB),38,absolute_then_relative_then_unspecified; peer_reviewed_first; lower_median,true,medium,true,9,7,0.7,0.73,true,absolute,true,compilation,filter_only
ZMXDDKWLCZADIW-UHFFFAOYSA-N,dimethylformamide,6228,-60.3,degC,-60.3 °C,Hazardous Substances Data Bank (HSDB),45,peer_reviewed_first_then_lower_median,true,high,false,8,7,-61.1111,-60.3,true,76,degC,BP: 76 °C at 39 mm Hg; 25 °C at 3.7 mm Hg,Hazardous Substances Data Bank (HSDB),45,peer_reviewed_first_then_lower_median,true,medium,true,8,7,76,156.1111,true,58,degC,136 °F (58 °C),Hazardous Substances Data Bank (HSDB),45,peer_reviewed_first_then_lower_median,true,medium,true,7,7,57.7778,67.2222,true,0.95,relative,Relative density (water = 1): 0.95,ILO-WHO International Chemical Safety Cards (ICSCs),58,absolute_then_relative_then_unspecified; peer_reviewed_first; lower_median,false,low,false,6,6,0.9445,0.95,true,relative,false,compilation,filter_only
ZNQVEEAIQZEUHB-UHFFFAOYSA-N,2-ethoxyethan-1-ol,8076,-70,degC,-70 °C,Hazardous Substances Data Bank (HSDB),38,peer_reviewed_first_then_lower_median,true,medium,true,8,7,-90,-70,true,135.7,degC,135.7 °C,Hazardous Substances Data Bank (HSDB),38,peer_reviewed_first_then_lower_median,true,high,false,8,7,135,135.7,true,49,degC,120 °F (49 °C) open cup,Hazardous Substances Data Bank (HSDB),38,peer_reviewed_first_then_lower_median,true,medium,true,8,8,40.5556,94.4444,true,0.9253,g/cm3,0.9253 g/cu cm at 25 °C,Hazardous Substances Data Bank (HSDB),38,absolute_then_relative_then_unspecified; peer_reviewed_first; lower_median,true,high,false,7,6,0.9253,0.931,true,absolute,true,compilation,filter_only
ZNSMNVMLTJELDZ-UHFFFAOYSA-N,"2,2'-dichlorodiethyl ether",8115,-51.9,degC,-51.9 °C,Hazardous Substances Data Bank (HSDB),31,peer_reviewed_first_then_lower_median,true,high,false,6,6,-51.9,-50,true,178.5,degC,178.5 °C,Hazardous Substances Data Bank (HSDB),31,peer_reviewed_first_then_lower_median,true,high,false,6,6,177.7778,178.5,true,63,degC,63 °C (CLOSED CUP),Hazardous Substances Data Bank (HSDB),31,peer_reviewed_first_then_lower_median,true,medium,true,5,5,55,63,true,1.22,relative,Relative density (water = 1): 1.22,ILO-WHO International Chemical Safety Cards (ICSCs),32,absolute_then_relative_then_unspecified; peer_reviewed_first; lower_median,false,low,false,7,6,1.22,1.22,true,relative,false,compilation,filter_only
ZPQOPVIELGIULI-UHFFFAOYSA-N,m-Dichlorobenzene,10943,-24.8,degC,-24.8 °C,Hazardous Substances Data Bank (HSDB),25,peer_reviewed_first_then_lower_median,true,high,false,4,4,-24.8,-24.7778,true,173,degC,173 °C,Hazardous Substances Data Bank (HSDB),25,peer_reviewed_first_then_lower_median,true,high,false,4,4,172.7778,173,true,63,degC,63 °C,ILO-WHO International Chemical Safety Cards (ICSCs),33,peer_reviewed_first_then_lower_median,false,low,false,3,3,63,63.3333,true,1.288,relative,Relative density (water = 1): 1.288,ILO-WHO International Chemical Safety Cards (ICSCs),33,absolute_then_relative_then_unspecified; peer_reviewed_first; lower_median,false,low,false,4,4,1.288,1.2884,true,relative,false,compilation,filter_only
ZPTRYWVRCNOTAS-UHFFFAOYSA-M,1-ethyl-3-methylimidazolium trifluoromethanesulfonate,2758874,,,,,,,,absent,false,0,0,,,false,,,,,,,,absent,false,0,0,,,false,,,,,,,,absent,false,0,0,,,false,,,,,,,,absent,false,0,0,,,false,,false,compilation,filter_only
ZQDPJFUHLCOCRG-AATRIKPKSA-N,trans-3-Hexene,638066,,,,,,,,absent,false,0,0,,,false,,,,,,,,absent,false,0,0,,,false,,,,,,,,absent,false,0,0,,,false,,,,,,,,absent,false,0,0,,,false,,false,compilation,filter_only
ZQDPJFUHLCOCRG-WAYWQWQTSA-N,cis-3-Hexene,643783,,,,,,,,absent,false,0,0,,,false,,,,,,,,absent,false,0,0,,,false,,,,,,,,absent,false,0,0,,,false,,,,,,,,absent,false,0,0,,,false,,false,compilation,filter_only
ZRKMQKLGEQPLNS-UHFFFAOYSA-N,1-Pentanethiol,8067,-75.69,degC,-75.69 °C,Hazardous Substances Data Bank (HSDB),20,peer_reviewed_first_then_lower_median,true,high,false,6,5,-76.1111,-75.5556,true,124,degC,BP: 123-124 °C,Hazardous Substances Data Bank (HSDB),20,peer_reviewed_first_then_lower_median,true,medium,true,6,5,120,126.6667,true,18,degC,18 °C (64 °F) - closed cup,Hazardous Substances Data Bank (HSDB),20,peer_reviewed_first_then_lower_median,true,high,false,6,6,18,18.3333,true,0.85,g/cm3,0.850 g/cu cm at 20 °C,Hazardous Substances Data Bank (HSDB),20,absolute_then_relative_then_unspecified; peer_reviewed_first; lower_median,true,medium,true,6,5,0.831,0.85,true,absolute,true,compilation,filter_only
ZSIAUFGUXNUGDI-UHFFFAOYSA-N,hexan-1-ol,8103,-44.6,degC,-44.6 °C,Hazardous Substances Data Bank (HSDB),40,peer_reviewed_first_then_lower_median,true,medium,true,5,5,-46.7,-44.6,true,157,degC,157 °C at  760 mm Hg,Hazardous Substances Data Bank (HSDB),40,peer_reviewed_first_then_lower_median,true,high,false,8,6,157,157.2,true,63,degC,145 °F (63 °C) (Closed cup),Hazardous Substances Data Bank (HSDB),40,peer_reviewed_first_then_lower_median,true,medium,true,5,5,58.4,73.9,true,0.82,relative,Relative density (water = 1): 0.82,ILO-WHO International Chemical Safety Cards (ICSCs),56,absolute_then_relative_then_unspecified; peer_reviewed_first; lower_median,false,low,true,6,5,0.8153,0.85,true,relative,false,compilation,filter_only
ZTOMUSMDRMJOTH-UHFFFAOYSA-N,pentanedinitrile,10994,,,,,,,,absent,false,0,0,,,false,,,,,,,,absent,false,0,0,,,false,,,,,,,,absent,false,0,0,,,false,,,,,,,,absent,false,0,0,,,false,,false,compilation,filter_only
ZUHZGEOKBKGPSW-UHFFFAOYSA-N,"2,5,8,11,14-pentaoxapentadecane",8925,,,,,,,,absent,false,0,0,,,false,,,,,,,,absent,false,0,0,,,false,,,,,,,,absent,false,0,0,,,false,,,,,,,,absent,false,0,0,,,false,,false,compilation,filter_only
ZWEHNKRNPOVVGH-UHFFFAOYSA-N,2-Butanone,6569,-86.67,degC,-86.67 °C,Hazardous Substances Data Bank (HSDB),47,peer_reviewed_first_then_lower_median,true,high,false,7,7,-86.67,-86,true,79.59,degC,79.59 °C,Hazardous Substances Data Bank (HSDB),47,peer_reviewed_first_then_lower_median,true,high,false,8,8,79.4444,80,true,-9,degC,16 °F (-9 °C) (Closed cup),Hazardous Substances Data Bank (HSDB),47,peer_reviewed_first_then_lower_median,true,medium,true,7,7,-9,-3.3333,true,0.8,relative,Relative density (water = 1): 0.8,ILO-WHO International Chemical Safety Cards (ICSCs),62,absolute_then_relative_then_unspecified; peer_reviewed_first; lower_median,false,low,false,8,7,0.7999,0.81,true,relative,false,compilation,filter_only
ZXEKIIBDNHEJCQ-UHFFFAOYSA-N,2-methyl-1-propanol,6560,-108,degC,-108 °C,Hazardous Substances Data Bank (HSDB),40,peer_reviewed_first_then_lower_median,true,medium,true,7,7,-108,-101.9,true,108,degC,108 °C,Hazardous Substances Data Bank (HSDB),40,peer_reviewed_first_then_lower_median,true,high,false,8,8,107.2222,109,true,27.7778,degC,82 °F,Hazardous Substances Data Bank (HSDB),40,peer_reviewed_first_then_lower_median,true,high,false,7,7,27.7778,28,true,0.8018,g/cm3,0.8018 g/cu cm at 24 °C,Hazardous Substances Data Bank (HSDB),40,absolute_then_relative_then_unspecified; peer_reviewed_first; lower_median,true,high,false,8,7,0.799,0.802,true,absolute,true,compilation,filter_only
