inchikey,pubchem_cid,pubchem_version,record_name,formula,molecular_mass,charge,multiplicity,source_dataset,source_level,source_license,source_doi,homo_eV,lumo_eV,gap_eV,homo_beta_eV,lumo_beta_eV,dipole_debye,unit_check,structure_check,tags,in_key_registry,in_batt_orbit_pool,in_epsilon_roster,in_viscosity_roster,in_viscosity_sample,in_calibration_sample,batt_homo_eV,batt_lumo_eV,batt_minus_pubchemqc_homo_eV,batt_minus_pubchemqc_lumo_eV,calib_homo_eV,calib_lumo_eV,calibration_id,role
ABLZXFCXXLZCGV-UHFFFAOYSA-N,407,20160829,000000407.B3LYP@PM6.S0,H3O3P,81.995781,0,1,molssiai-hub/pubchemqc-b3lyp,B3LYP/6-31G*//PM6 (gas phase),CC BY 4.0,10.1021/acs.jcim.3c00899,-8.002868,0.680285,8.683153,-8.002868,0.680285,1.694846,dataset_level_eV,inchikey_from_pubchem_cid,,false,false,false,false,false,false,,,,,-10.944328,,linear_2fold_v1,calibrated_estimate
ADVPTQAUNPRNPO-UHFFFAOYSA-N,109,20160829,000000109.B3LYP@PM6.S0,C3H7NO4S,153.156980,0,1,molssiai-hub/pubchemqc-b3lyp,B3LYP/6-31G*//PM6 (gas phase),CC BY 4.0,10.1021/acs.jcim.3c00899,-6.922576,-0.848995,6.073581,-6.922576,-0.848995,3.648230,dataset_level_eV,inchikey_from_pubchem_cid,,false,false,false,false,false,false,,,,,-9.849722,,linear_2fold_v1,calibrated_estimate
AEMOLEFTQBMNLQ-UHFFFAOYSA-N,610,20160829,000000610.B3LYP@PM6.S0,C6H10O7,194.139400,0,1,molssiai-hub/pubchemqc-b3lyp,B3LYP/6-31G*//PM6 (gas phase),CC BY 4.0,10.1021/acs.jcim.3c00899,-7.159315,-0.073471,7.085845,-7.159315,-0.073471,4.593163,dataset_level_eV,inchikey_from_pubchem_cid,,false,false,false,false,false,false,,,,,-10.089598,,linear_2fold_v1,calibrated_estimate
AFBPFSWMIHJQDM-UHFFFAOYSA-N,7515,20160829,000007515.B3LYP@PM6.S0,C7H9N,107.153060,0,1,molssiai-hub/pubchemqc-b3lyp,B3LYP/6-31G*//PM6 (gas phase),CC BY 4.0,10.1021/acs.jcim.3c00899,-5.240913,0.244902,5.485815,-5.240913,0.244902,1.622855,dataset_level_eV,inchikey_match_target,epsilon_roster;key_registry;named_solvent;targeted_harvest;viscosity_roster;viscosity_roster_sample,true,false,true,true,true,false,,,,,-8.145775,,linear_2fold_v1,calibrated_estimate
AGQJQCFEPUVXNK-UHFFFAOYSA-N,217,20160829,000000217.B3LYP@PM6.S0,C6H11N3O7P2,299.114962,0,1,molssiai-hub/pubchemqc-b3lyp,B3LYP/6-31G*//PM6 (gas phase),CC BY 4.0,10.1021/acs.jcim.3c00899,-6.470867,-0.990494,5.480373,-6.470867,-0.990494,0.894279,dataset_level_eV,inchikey_from_pubchem_cid,,false,false,false,false,false,false,,,,,-9.392027,,linear_2fold_v1,calibrated_estimate
AHCYMLUZIRLXAA-UHFFFAOYSA-N,689,20160829,000000689.B3LYP@PM6.S0,C9H15N2O14P3,468.141683,0,1,molssiai-hub/pubchemqc-b3lyp,B3LYP/6-31G*//PM6 (gas phase),CC BY 4.0,10.1021/acs.jcim.3c00899,-6.729376,-1.238118,5.491258,-6.729376,-1.238118,2.895989,dataset_level_eV,inchikey_from_pubchem_cid,,false,false,false,false,false,false,,,,,-9.653962,,linear_2fold_v1,calibrated_estimate
AHLPHDHHMVZTML-UHFFFAOYSA-N,389,20160829,000000389.B3LYP@PM6.S0,C5H12N2O2,132.160980,0,1,molssiai-hub/pubchemqc-b3lyp,B3LYP/6-31G*//PM6 (gas phase),CC BY 4.0,10.1021/acs.jcim.3c00899,-6.223244,0.808178,7.031422,-6.223244,0.808178,6.028768,dataset_level_eV,inchikey_from_pubchem_cid,,false,false,false,false,false,false,,,,,-9.141123,,linear_2fold_v1,calibrated_estimate
AHMIDUVKSGCHAU-UHFFFAOYSA-N,682,20160829,000000682.B3LYP@PM6.S0,C9H9NO4,195.172060,0,1,molssiai-hub/pubchemqc-b3lyp,B3LYP/6-31G*//PM6 (gas phase),CC BY 4.0,10.1021/acs.jcim.3c00899,-6.889923,-3.668095,3.221828,-6.889923,-3.668095,4.561738,dataset_level_eV,inchikey_from_pubchem_cid,,false,false,false,false,false,false,,,,,-9.816636,,linear_2fold_v1,calibrated_estimate
AILKHAQXUAOOFU-UHFFFAOYSA-N,12352,20160829,000012352.B3LYP@PM6.S0,C6H11N,97.158240,0,1,molssiai-hub/pubchemqc-b3lyp,B3LYP/6-31G*//PM6 (gas phase),CC BY 4.0,10.1021/acs.jcim.3c00899,-8.509000,1.031311,9.540312,-8.509000,1.031311,4.158225,dataset_level_eV,inchikey_match_target,batt_orbit_pool;epsilon_roster;key_registry;targeted_harvest,true,true,true,false,false,false,-11.288900,1.826900,-2.779900,0.795589,,,,paired_anchor
AJPADPZSRRUGHI-UHFFFAOYSA-N,641,20160829,000000641.B3LYP@PM6.S0,C5H11O7P,214.110401,0,1,molssiai-hub/pubchemqc-b3lyp,B3LYP/6-31G*//PM6 (gas phase),CC BY 4.0,10.1021/acs.jcim.3c00899,-6.993326,-0.663958,6.329368,-6.993326,-0.663958,0.645725,dataset_level_eV,inchikey_from_pubchem_cid,,false,false,false,false,false,false,,,,,-9.921409,,linear_2fold_v1,calibrated_estimate
AJPXTSMULZANCB-UHFFFAOYSA-N,301,20160829,000000301.B3LYP@PM6.S0,C6H5ClO2,144.555700,0,1,molssiai-hub/pubchemqc-b3lyp,B3LYP/6-31G*//PM6 (gas phase),CC BY 4.0,10.1021/acs.jcim.3c00899,-5.553844,-0.394565,5.159279,-5.553844,-0.394565,1.597216,dataset_level_eV,inchikey_from_pubchem_cid,,false,false,false,false,false,false,,,,,-8.462853,,linear_2fold_v1,calibrated_estimate
AKOAEVOSDHIVFX-UHFFFAOYSA-N,446,20160829,000000446.B3LYP@PM6.S0,C13H18ClNO2,255.740520,0,1,molssiai-hub/pubchemqc-b3lyp,B3LYP/6-31G*//PM6 (gas phase),CC BY 4.0,10.1021/acs.jcim.3c00899,-6.190590,-1.341521,4.849069,-6.190590,-1.341521,2.231150,dataset_level_eV,inchikey_from_pubchem_cid,,false,false,false,false,false,false,,,,,-9.108036,,linear_2fold_v1,calibrated_estimate
ALQSHHUCVQOPAS-UHFFFAOYSA-N,8105,20160829,000008105.B3LYP@PM6.S0,C5H12O2,104.147580,0,1,molssiai-hub/pubchemqc-b3lyp,B3LYP/6-31G*//PM6 (gas phase),CC BY 4.0,10.1021/acs.jcim.3c00899,-6.911692,1.902076,8.813768,-6.911692,1.902076,2.258646,dataset_level_eV,inchikey_match_target,key_registry;targeted_harvest;viscosity_roster;viscosity_roster_sample,true,false,false,true,true,false,,,,,-9.838693,,linear_2fold_v1,calibrated_estimate
AMDDRMIFTJHJGD-UHFFFAOYSA-N,384,20160829,000000384.B3LYP@PM6.S0,C8H15NO4,189.209000,0,1,molssiai-hub/pubchemqc-b3lyp,B3LYP/6-31G*//PM6 (gas phase),CC BY 4.0,10.1021/acs.jcim.3c00899,-7.181085,-0.326537,6.854548,-7.181085,-0.326537,1.839221,dataset_level_eV,inchikey_from_pubchem_cid,,false,false,false,false,false,false,,,,,-10.111656,,linear_2fold_v1,calibrated_estimate
AMQJEAYHLZJPGS-UHFFFAOYSA-N,6276,20160829,000006276.B3LYP@PM6.S0,C5H12O,88.148180,0,1,molssiai-hub/pubchemqc-b3lyp,B3LYP/6-31G*//PM6 (gas phase),CC BY 4.0,10.1021/acs.jcim.3c00899,-6.933461,2.108882,9.042343,-6.933461,2.108882,1.721850,dataset_level_eV,inchikey_match_target,epsilon_roster;key_registry;targeted_harvest;viscosity_roster,true,false,true,true,false,false,,,,,-9.860751,,linear_2fold_v1,calibrated_estimate
APIQNBNBIICCON-UHFFFAOYSA-N,349,20160829,000000349.B3LYP@PM6.S0,C6H10O6,178.140000,0,1,molssiai-hub/pubchemqc-b3lyp,B3LYP/6-31G*//PM6 (gas phase),CC BY 4.0,10.1021/acs.jcim.3c00899,-7.042306,-1.360569,5.681737,-7.042306,-1.360569,2.396803,dataset_level_eV,inchikey_from_pubchem_cid,,false,false,false,false,false,false,,,,,-9.971038,,linear_2fold_v1,calibrated_estimate
APPOKADJQUIAHP-UHFFFAOYSA-N,11600,20160829,000011600.B3LYP@PM6.S0,C6H10,82.143600,0,1,molssiai-hub/pubchemqc-b3lyp,B3LYP/6-31G*//PM6 (gas phase),CC BY 4.0,10.1021/acs.jcim.3c00899,-5.594661,-0.247624,5.347037,-5.594661,-0.247624,0.080136,dataset_level_eV,inchikey_match_target,epsilon_roster;key_registry;targeted_harvest,true,false,true,false,false,false,,,,,-8.504211,,linear_2fold_v1,calibrated_estimate
APWDZEIBFNZVND-UHFFFAOYSA-N,376,20160829,000000376.B3LYP@PM6.S0,C6H10O4,146.141200,0,1,molssiai-hub/pubchemqc-b3lyp,B3LYP/6-31G*//PM6 (gas phase),CC BY 4.0,10.1021/acs.jcim.3c00899,-6.525290,-0.519737,6.005553,-6.525290,-0.519737,3.420686,dataset_level_eV,inchikey_from_pubchem_cid,,false,false,false,false,false,false,,,,,-9.447171,,linear_2fold_v1,calibrated_estimate
ARBHXJXXVVHMET-UHFFFAOYSA-N,558,20160829,000000558.B3LYP@PM6.S0,C6H11N3O3,173.169840,0,1,molssiai-hub/pubchemqc-b3lyp,B3LYP/6-31G*//PM6 (gas phase),CC BY 4.0,10.1021/acs.jcim.3c00899,-5.853169,-2.612293,3.240876,-5.853169,-2.612293,2.709563,dataset_level_eV,inchikey_from_pubchem_cid,,false,false,false,false,false,false,,,,,-8.766144,,linear_2fold_v1,calibrated_estimate
ASBJGPTTYPEMLP-UHFFFAOYSA-N,78,20160829,000000078.B3LYP@PM6.S0,C3H6ClNO2,123.538240,0,1,molssiai-hub/pubchemqc-b3lyp,B3LYP/6-31G*//PM6 (gas phase),CC BY 4.0,10.1021/acs.jcim.3c00899,-7.045028,-0.108846,6.936182,-7.045028,-0.108846,2.704174,dataset_level_eV,inchikey_from_pubchem_cid,,false,false,false,false,false,false,,,,,-9.973796,,linear_2fold_v1,calibrated_estimate
ASCFNMCAHFUBCO-UHFFFAOYSA-N,529,20160829,000000529.B3LYP@PM6.S0,C2H5O6P,156.031261,0,1,molssiai-hub/pubchemqc-b3lyp,B3LYP/6-31G*//PM6 (gas phase),CC BY 4.0,10.1021/acs.jcim.3c00899,-7.706264,-0.908860,6.797404,-7.706264,-0.908860,5.475326,dataset_level_eV,inchikey_from_pubchem_cid,,false,false,false,false,false,false,,,,,-10.643794,,linear_2fold_v1,calibrated_estimate
ATZKAUGGNMSCCY-UHFFFAOYSA-N,468,20160829,000000468.B3LYP@PM6.S0,C30H52O7P2,586.677202,0,1,molssiai-hub/pubchemqc-b3lyp,B3LYP/6-31G*//PM6 (gas phase),CC BY 4.0,10.1021/acs.jcim.3c00899,-5.883101,-0.027211,5.855890,-5.883101,-0.027211,3.648036,dataset_level_eV,inchikey_from_pubchem_cid,,false,false,false,false,false,false,,,,,-8.796473,,linear_2fold_v1,calibrated_estimate
AUFGTPPARQZWDO-UHFFFAOYSA-N,10,20160829,000000010.B3LYP@PM6.S0,C20H23N7O7,473.439320,0,1,molssiai-hub/pubchemqc-b3lyp,B3LYP/6-31G*//PM6 (gas phase),CC BY 4.0,10.1021/acs.jcim.3c00899,-5.409623,-0.819063,4.590561,-5.409623,-0.819063,13.193349,verified_eV_audited,inchikey_from_pubchem_cid,,false,false,false,false,false,false,,,,,-8.316721,,linear_2fold_v1,calibrated_estimate
AUTOLBMXDDTRRT-UHFFFAOYSA-N,643,20160829,000000643.B3LYP@PM6.S0,C10H18N2O3,214.261520,0,1,molssiai-hub/pubchemqc-b3lyp,B3LYP/6-31G*//PM6 (gas phase),CC BY 4.0,10.1021/acs.jcim.3c00899,-6.457262,0.092519,6.549780,-6.457262,0.092519,6.365776,dataset_level_eV,inchikey_from_pubchem_cid,,false,false,false,false,false,false,,,,,-9.378242,,linear_2fold_v1,calibrated_estimate
AYFVYJQAPQTCCC-UHFFFAOYSA-N,205,20160829,000000205.B3LYP@PM6.S0,C4H9NO3,119.119160,0,1,molssiai-hub/pubchemqc-b3lyp,B3LYP/6-31G*//PM6 (gas phase),CC BY 4.0,10.1021/acs.jcim.3c00899,-6.383791,0.421776,6.805567,-6.383791,0.421776,4.875799,dataset_level_eV,inchikey_from_pubchem_cid,,false,false,false,false,false,false,,,,,-9.303797,,linear_2fold_v1,calibrated_estimate
AYFXPGXAZMFWNH-UHFFFAOYSA-N,120,20160829,000000120.B3LYP@PM6.S0,C6H4O4,140.093560,0,1,molssiai-hub/pubchemqc-b3lyp,B3LYP/6-31G*//PM6 (gas phase),CC BY 4.0,10.1021/acs.jcim.3c00899,-7.562044,-3.235434,4.326610,-7.562044,-3.235434,6.389054,dataset_level_eV,inchikey_from_pubchem_cid,,false,false,false,false,false,false,,,,,-10.497663,,linear_2fold_v1,calibrated_estimate
AYNPIRVEWMUJDE-UHFFFAOYSA-N,65,20160829,000000065.B3LYP@PM6.S0,C6H4Cl2O2,179.000760,0,1,molssiai-hub/pubchemqc-b3lyp,B3LYP/6-31G*//PM6 (gas phase),CC BY 4.0,10.1021/acs.jcim.3c00899,-5.760650,-0.693890,5.066760,-5.760650,-0.693890,0.000026,dataset_level_eV,inchikey_from_pubchem_cid,,false,false,false,false,false,false,,,,,-8.672399,,linear_2fold_v1,calibrated_estimate
AZSFNUJOCKMOGB-UHFFFAOYSA-N,510,20160829,000000510.B3LYP@PM6.S0,H3O9P3,239.939703,0,1,molssiai-hub/pubchemqc-b3lyp,B3LYP/6-31G*//PM6 (gas phase),CC BY 4.0,10.1021/acs.jcim.3c00899,-9.162073,-0.971446,8.190627,-9.162073,-0.971446,2.063292,dataset_level_eV,inchikey_from_pubchem_cid,,false,false,false,false,false,false,,,,,-12.118894,,linear_2fold_v1,calibrated_estimate
BAPJBEWLBFYGME-UHFFFAOYSA-N,7294,20160829,000007294.B3LYP@PM6.S0,C4H6O2,86.089240,0,1,molssiai-hub/pubchemqc-b3lyp,B3LYP/6-31G*//PM6 (gas phase),CC BY 4.0,10.1021/acs.jcim.3c00899,-7.412381,-1.254445,6.157936,-7.412381,-1.254445,1.496179,dataset_level_eV,inchikey_match_target,batt_orbit_pool;epsilon_roster;key_registry;targeted_harvest;viscosity_roster,true,true,true,true,false,false,-10.590300,0.923600,-3.177919,2.178045,,,,paired_anchor
BBMCTIGTTCKYKF-UHFFFAOYSA-N,8129,20160829,000008129.B3LYP@PM6.S0,C7H16O,116.201340,0,1,molssiai-hub/pubchemqc-b3lyp,B3LYP/6-31G*//PM6 (gas phase),CC BY 4.0,10.1021/acs.jcim.3c00899,-6.903528,2.114325,9.017853,-6.903528,2.114325,1.736071,dataset_level_eV,inchikey_match_target,epsilon_roster;key_registry;targeted_harvest;viscosity_roster;viscosity_roster_sample,true,false,true,true,true,false,,,,,-9.830421,,linear_2fold_v1,calibrated_estimate
BBNHNZGTKSWIHD-UHFFFAOYSA-N,415,20160829,000000415.B3LYP@PM6.S0,C10H12N2O2,192.214480,0,1,molssiai-hub/pubchemqc-b3lyp,B3LYP/6-31G*//PM6 (gas phase),CC BY 4.0,10.1021/acs.jcim.3c00899,-6.748423,-0.889812,5.858611,-6.748423,-0.889812,1.326076,dataset_level_eV,inchikey_from_pubchem_cid,,false,false,false,false,false,false,,,,,-9.673261,,linear_2fold_v1,calibrated_estimate
BCDGQXUMWHRQCB-UHFFFAOYSA-N,215,20160829,000000215.B3LYP@PM6.S0,C3H7NO,73.093780,0,1,molssiai-hub/pubchemqc-b3lyp,B3LYP/6-31G*//PM6 (gas phase),CC BY 4.0,10.1021/acs.jcim.3c00899,-6.315762,-0.440824,5.874938,-6.315762,-0.440824,2.076077,dataset_level_eV,inchikey_from_pubchem_cid,,false,false,false,false,false,false,,,,,-9.234867,,linear_2fold_v1,calibrated_estimate
BDAGIHXWWSANSR-UHFFFAOYSA-N,284,20160829,000000284.B3LYP@PM6.S0,CH2O2,46.025380,0,1,molssiai-hub/pubchemqc-b3lyp,B3LYP/6-31G*//PM6 (gas phase),CC BY 4.0,10.1021/acs.jcim.3c00899,-7.891302,-0.171432,7.719870,-7.891302,-0.171432,3.929885,dataset_level_eV,inchikey_from_pubchem_cid,key_registry;viscosity_roster,true,false,false,true,false,false,,,,,-10.831284,,linear_2fold_v1,calibrated_estimate
BDERNNFJNOPAEC-UHFFFAOYSA-N,1031,20160829,000001031.B3LYP@PM6.S0,C3H8O,60.095020,0,1,molssiai-hub/pubchemqc-b3lyp,B3LYP/6-31G*//PM6 (gas phase),CC BY 4.0,10.1021/acs.jcim.3c00899,-6.998768,2.100719,9.099487,-6.998768,2.100719,1.690284,dataset_level_eV,inchikey_match_target,epsilon_roster;key_registry;targeted_harvest;viscosity_roster;viscosity_roster_sample,true,false,true,true,true,false,,,,,-9.926923,,linear_2fold_v1,calibrated_estimate
BDUIIKXSXFDPEC-UHFFFAOYSA-N,393,20160829,000000393.B3LYP@PM6.S0,C6H11O10P,274.119301,0,1,molssiai-hub/pubchemqc-b3lyp,B3LYP/6-31G*//PM6 (gas phase),CC BY 4.0,10.1021/acs.jcim.3c00899,-6.960672,-1.681664,5.279009,-6.960672,-1.681664,3.048072,dataset_level_eV,inchikey_from_pubchem_cid,,false,false,false,false,false,false,,,,,-9.888322,,linear_2fold_v1,calibrated_estimate
BEDUQUWHWOZQNJ-UHFFFAOYSA-N,503,20160829,000000503.B3LYP@PM6.S0,C3H7N3O2,117.106580,0,1,molssiai-hub/pubchemqc-b3lyp,B3LYP/6-31G*//PM6 (gas phase),CC BY 4.0,10.1021/acs.jcim.3c00899,-6.359301,-0.163268,6.196032,-6.359301,-0.163268,4.542784,dataset_level_eV,inchikey_from_pubchem_cid,,false,false,false,false,false,false,,,,,-9.278983,,linear_2fold_v1,calibrated_estimate
BFSVOASYOCHEOV-UHFFFAOYSA-N,7497,20160829,000007497.B3LYP@PM6.S0,C6H15NO,117.189400,0,1,molssiai-hub/pubchemqc-b3lyp,B3LYP/6-31G*//PM6 (gas phase),CC BY 4.0,10.1021/acs.jcim.3c00899,-5.893986,2.065344,7.959330,-5.893986,2.065344,2.497745,dataset_level_eV,inchikey_match_target,key_registry;targeted_harvest;viscosity_roster;viscosity_roster_sample,true,false,false,true,true,false,,,,,-8.807502,,linear_2fold_v1,calibrated_estimate
BGTOWKSIORTVQH-UHFFFAOYSA-N,8452,20160829,000008452.B3LYP@PM6.S0,C5H8O,84.116420,0,1,molssiai-hub/pubchemqc-b3lyp,B3LYP/6-31G*//PM6 (gas phase),CC BY 4.0,10.1021/acs.jcim.3c00899,-6.440935,-0.478920,5.962014,-6.440935,-0.478920,2.845033,dataset_level_eV,inchikey_match_target,batt_orbit_pool;epsilon_roster;key_registry;targeted_harvest;viscosity_roster,true,true,true,true,false,false,-9.378800,1.721700,-2.937865,2.200620,,,,paired_anchor
BHQCQFFYRZLCQQ-UHFFFAOYSA-N,303,20160829,000000303.B3LYP@PM6.S0,C24H40O5,408.571400,0,1,molssiai-hub/pubchemqc-b3lyp,B3LYP/6-31G*//PM6 (gas phase),CC BY 4.0,10.1021/acs.jcim.3c00899,-6.533454,-0.380959,6.152494,-6.533454,-0.380959,5.288775,dataset_level_eV,inchikey_from_pubchem_cid,,false,false,false,false,false,false,,,,,-9.455444,,linear_2fold_v1,calibrated_estimate
BHXIWUJLHYHGSJ-UHFFFAOYSA-N,12989,20160829,000012989.B3LYP@PM6.S0,C7H14O3,146.184260,0,1,molssiai-hub/pubchemqc-b3lyp,B3LYP/6-31G*//PM6 (gas phase),CC BY 4.0,10.1021/acs.jcim.3c00899,-6.859990,0.282998,7.142989,-6.859990,0.282998,0.541481,dataset_level_eV,inchikey_match_target,key_registry;targeted_harvest;viscosity_roster;viscosity_roster_sample,true,false,false,true,true,false,,,,,-9.786306,,linear_2fold_v1,calibrated_estimate
BIRSGZKFKXLSJQ-UHFFFAOYSA-N,422,20160829,000000422.B3LYP@PM6.S0,C6H13O10P,276.135181,0,1,molssiai-hub/pubchemqc-b3lyp,B3LYP/6-31G*//PM6 (gas phase),CC BY 4.0,10.1021/acs.jcim.3c00899,-7.200132,-0.465315,6.734818,-7.200132,-0.465315,1.057359,dataset_level_eV,inchikey_from_pubchem_cid,,false,false,false,false,false,false,,,,,-10.130956,,linear_2fold_v1,calibrated_estimate
BITYXLXUCSKTJS-UHFFFAOYSA-N,77,20160829,000000077.B3LYP@PM6.S0,C7H12O5,176.167180,0,1,molssiai-hub/pubchemqc-b3lyp,B3LYP/6-31G*//PM6 (gas phase),CC BY 4.0,10.1021/acs.jcim.3c00899,-7.213738,-0.511574,6.702164,-7.213738,-0.511574,5.540855,dataset_level_eV,inchikey_from_pubchem_cid,,false,false,false,false,false,false,,,,,-10.144742,,linear_2fold_v1,calibrated_estimate
BJEPYKJPYRNKOW-UHFFFAOYSA-N,525,20160829,000000525.B3LYP@PM6.S0,C4H6O5,134.087440,0,1,molssiai-hub/pubchemqc-b3lyp,B3LYP/6-31G*//PM6 (gas phase),CC BY 4.0,10.1021/acs.jcim.3c00899,-7.635515,-0.857159,6.778356,-7.635515,-0.857159,4.827578,dataset_level_eV,inchikey_from_pubchem_cid,,false,false,false,false,false,false,,,,,-10.572108,,linear_2fold_v1,calibrated_estimate
BJRNKVDFDLYUGJ-UHFFFAOYSA-N,346,20160829,000000346.B3LYP@PM6.S0,C12H16O7,272.251240,0,1,molssiai-hub/pubchemqc-b3lyp,B3LYP/6-31G*//PM6 (gas phase),CC BY 4.0,10.1021/acs.jcim.3c00899,-5.948409,-0.503411,5.444998,-5.948409,-0.503411,2.757079,dataset_level_eV,inchikey_from_pubchem_cid,,false,false,false,false,false,false,,,,,-8.862646,,linear_2fold_v1,calibrated_estimate
BKAJNAXTPSGJCU-UHFFFAOYSA-N,70,20160829,000000070.B3LYP@PM6.S0,C6H10O3,130.141800,0,1,molssiai-hub/pubchemqc-b3lyp,B3LYP/6-31G*//PM6 (gas phase),CC BY 4.0,10.1021/acs.jcim.3c00899,-7.213738,-2.323852,4.889886,-7.213738,-2.323852,2.839320,dataset_level_eV,inchikey_from_pubchem_cid,,false,false,false,false,false,false,,,,,-10.144742,,linear_2fold_v1,calibrated_estimate
BKIMMITUMNQMOS-UHFFFAOYSA-N,8141,20160829,000008141.B3LYP@PM6.S0,C9H20,128.255100,0,1,molssiai-hub/pubchemqc-b3lyp,B3LYP/6-31G*//PM6 (gas phase),CC BY 4.0,10.1021/acs.jcim.3c00899,-7.703543,2.446304,10.149847,-7.703543,2.446304,0.044491,dataset_level_eV,inchikey_match_target,epsilon_roster;key_registry;targeted_harvest;viscosity_roster;viscosity_roster_sample,true,false,true,true,true,false,,,,,-10.641037,,linear_2fold_v1,calibrated_estimate
BMRWNKZVCUKKSR-UHFFFAOYSA-N,11429,20160829,000011429.B3LYP@PM6.S0,C4H10O2,90.121000,0,1,molssiai-hub/pubchemqc-b3lyp,B3LYP/6-31G*//PM6 (gas phase),CC BY 4.0,10.1021/acs.jcim.3c00899,-6.876317,1.785067,8.661384,-6.876317,1.785067,2.389044,dataset_level_eV,inchikey_match_target,epsilon_roster;key_registry;targeted_harvest;viscosity_roster,true,false,true,true,false,false,,,,,-9.802850,,linear_2fold_v1,calibrated_estimate
BOQRPPFUUSHFGW-UHFFFAOYSA-N,432,20160829,000000432.B3LYP@PM6.S0,C10H14N2O,178.230960,0,1,molssiai-hub/pubchemqc-b3lyp,B3LYP/6-31G*//PM6 (gas phase),CC BY 4.0,10.1021/acs.jcim.3c00899,-6.000110,-0.639468,5.360643,-6.000110,-0.639468,3.952985,dataset_level_eV,inchikey_from_pubchem_cid,,false,false,false,false,false,false,,,,,-8.915032,,linear_2fold_v1,calibrated_estimate
BPYKTIZUTYGOLE-UHFFFAOYSA-N,250,20160829,000000250.B3LYP@PM6.S0,C33H36N4O6,584.662140,0,1,molssiai-hub/pubchemqc-b3lyp,B3LYP/6-31G*//PM6 (gas phase),CC BY 4.0,10.1021/acs.jcim.3c00899,-5.420508,-2.108882,3.311626,-5.420508,-2.108882,4.700863,dataset_level_eV,inchikey_from_pubchem_cid,,false,false,false,false,false,false,,,,,-8.327750,,linear_2fold_v1,calibrated_estimate
BSRUJCFCZKMFMB-UHFFFAOYSA-N,92,20160829,000000092.B3LYP@PM6.S0,C20H24N2O3,340.416160,0,1,molssiai-hub/pubchemqc-b3lyp,B3LYP/6-31G*//PM6 (gas phase),CC BY 4.0,10.1021/acs.jcim.3c00899,-5.711670,-1.295262,4.416408,-5.711670,-1.295262,2.516644,dataset_level_eV,inchikey_from_pubchem_cid,,false,false,false,false,false,false,,,,,-8.622770,,linear_2fold_v1,calibrated_estimate
BSYVTEYKTMYBMK-UHFFFAOYSA-N,7360,20160829,000007360.B3LYP@PM6.S0,C5H10O2,102.131700,0,1,molssiai-hub/pubchemqc-b3lyp,B3LYP/6-31G*//PM6 (gas phase),CC BY 4.0,10.1021/acs.jcim.3c00899,-6.522569,1.877586,8.400155,-6.522569,1.877586,2.861322,dataset_level_eV,inchikey_match_target,key_registry;targeted_harvest;viscosity_roster;viscosity_roster_sample,true,false,false,true,true,false,,,,,-9.444414,,linear_2fold_v1,calibrated_estimate
BTANRVKWQNVYAZ-UHFFFAOYSA-N,6568,20160829,000006568.B3LYP@PM6.S0,C4H10O,74.121600,0,1,molssiai-hub/pubchemqc-b3lyp,B3LYP/6-31G*//PM6 (gas phase),CC BY 4.0,10.1021/acs.jcim.3c00899,-7.045028,2.032690,9.077718,-7.045028,2.032690,1.550764,dataset_level_eV,inchikey_match_target,epsilon_roster;key_registry;targeted_harvest;viscosity_roster,true,false,true,true,false,false,,,,,-9.973796,,linear_2fold_v1,calibrated_estimate
BTCSSZJGUNDROE-UHFFFAOYSA-N,119,20160829,000000119.B3LYP@PM6.S0,C4H9NO2,103.119760,0,1,molssiai-hub/pubchemqc-b3lyp,B3LYP/6-31G*//PM6 (gas phase),CC BY 4.0,10.1021/acs.jcim.3c00899,-6.598761,0.321094,6.919855,-6.598761,0.321094,5.204641,dataset_level_eV,inchikey_from_pubchem_cid,,false,false,false,false,false,false,,,,,-9.521616,,linear_2fold_v1,calibrated_estimate
BTGRAWJCKBQKAO-UHFFFAOYSA-N,8128,20160829,000008128.B3LYP@PM6.S0,C6H8N2,108.141120,0,1,molssiai-hub/pubchemqc-b3lyp,B3LYP/6-31G*//PM6 (gas phase),CC BY 4.0,10.1021/acs.jcim.3c00899,-8.909007,0.391844,9.300851,-8.909007,0.391844,0.000062,dataset_level_eV,inchikey_match_target,batt_orbit_pool;epsilon_roster;key_registry;targeted_harvest;viscosity_roster;viscosity_roster_sample,true,true,true,true,true,false,-11.652600,1.735100,-2.743593,1.343256,,,,paired_anchor
BTNXBLUGMAMSSH-UHFFFAOYSA-N,12385,20160829,000012385.B3LYP@PM6.S0,C8H12N2,136.194280,0,1,molssiai-hub/pubchemqc-b3lyp,B3LYP/6-31G*//PM6 (gas phase),CC BY 4.0,10.1021/acs.jcim.3c00899,-8.631451,0.740150,9.371601,-8.631451,0.740150,0.000083,dataset_level_eV,inchikey_match_target,batt_orbit_pool;epsilon_roster;key_registry;targeted_harvest,true,true,true,false,false,false,-11.337100,1.701400,-2.705649,0.961250,,,,paired_anchor
BTQZKHUEUDPRST-UHFFFAOYSA-N,9606,20160829,000009606.B3LYP@PM6.S0,C7H7F,110.128883,0,1,molssiai-hub/pubchemqc-b3lyp,B3LYP/6-31G*//PM6 (gas phase),CC BY 4.0,10.1021/acs.jcim.3c00899,-6.378349,-0.100682,6.277667,-6.378349,-0.100682,1.536490,dataset_level_eV,inchikey_match_target,epsilon_roster;key_registry;targeted_harvest,true,false,true,false,false,false,,,,,-9.298283,,linear_2fold_v1,calibrated_estimate
BUZYGTVTZYSBCU-UHFFFAOYSA-N,7467,20160829,000007467.B3LYP@PM6.S0,C8H7ClO,154.593580,0,1,molssiai-hub/pubchemqc-b3lyp,B3LYP/6-31G*//PM6 (gas phase),CC BY 4.0,10.1021/acs.jcim.3c00899,-6.922576,-1.695269,5.227307,-6.922576,-1.695269,2.247792,dataset_level_eV,inchikey_match_target,key_registry;targeted_harvest;viscosity_roster;viscosity_roster_sample,true,false,false,true,true,false,,,,,-9.849722,,linear_2fold_v1,calibrated_estimate
BVJSUAQZOZWCKN-UHFFFAOYSA-N,125,20160829,000000125.B3LYP@PM6.S0,C7H8O2,124.137220,0,1,molssiai-hub/pubchemqc-b3lyp,B3LYP/6-31G*//PM6 (gas phase),CC BY 4.0,10.1021/acs.jcim.3c00899,-5.858611,-0.125172,5.733439,-5.858611,-0.125172,1.444724,dataset_level_eV,inchikey_from_pubchem_cid,,false,false,false,false,false,false,,,,,-8.771658,,linear_2fold_v1,calibrated_estimate
BWEKDYGHDCHWEN-UHFFFAOYSA-N,17656,20160829,000017656.B3LYP@PM6.S0,C7H14,98.186060,0,1,molssiai-hub/pubchemqc-b3lyp,B3LYP/6-31G*//PM6 (gas phase),CC BY 4.0,10.1021/acs.jcim.3c00899,-6.095350,0.976889,7.072239,-6.095350,0.976889,0.200882,dataset_level_eV,inchikey_match_target,epsilon_roster;key_registry;targeted_harvest,true,false,true,false,false,false,,,,,-9.011534,,linear_2fold_v1,calibrated_estimate
BXIPALATIYNHJN-UHFFFAOYSA-N,99,20160829,000000099.B3LYP@PM6.S0,C26H42N7O17P3S,849.634663,0,1,molssiai-hub/pubchemqc-b3lyp,B3LYP/6-31G*//PM6 (gas phase),CC BY 4.0,10.1021/acs.jcim.3c00899,-5.796025,-1.787788,4.008237,-5.796025,-1.787788,7.557174,dataset_level_eV,inchikey_from_pubchem_cid,,false,false,false,false,false,false,,,,,-8.708243,,linear_2fold_v1,calibrated_estimate
BXRFQSNOROATLV-UHFFFAOYSA-N,541,20160829,000000541.B3LYP@PM6.S0,C7H5NO3,151.119500,0,1,molssiai-hub/pubchemqc-b3lyp,B3LYP/6-31G*//PM6 (gas phase),CC BY 4.0,10.1021/acs.jcim.3c00899,-7.583813,-3.017743,4.566070,-7.583813,-3.017743,2.651263,dataset_level_eV,inchikey_from_pubchem_cid,,false,false,false,false,false,false,,,,,-10.519721,,linear_2fold_v1,calibrated_estimate
BZLVMXJERCGZMT-UHFFFAOYSA-N,15413,20160829,000015413.B3LYP@PM6.S0,C5H12O,88.148180,0,1,molssiai-hub/pubchemqc-b3lyp,B3LYP/6-31G*//PM6 (gas phase),CC BY 4.0,10.1021/acs.jcim.3c00899,-6.604203,2.217728,8.821931,-6.604203,2.217728,1.217243,dataset_level_eV,inchikey_match_target,batt_orbit_pool;key_registry;targeted_harvest;viscosity_roster;viscosity_roster_sample,true,true,false,true,true,false,-9.636600,1.675300,-3.032397,-0.542428,,,,paired_anchor
BZQFBWGGLXLEPQ-UHFFFAOYSA-N,106,20160829,000000106.B3LYP@PM6.S0,C3H8NO6P,185.072481,0,1,molssiai-hub/pubchemqc-b3lyp,B3LYP/6-31G*//PM6 (gas phase),CC BY 4.0,10.1021/acs.jcim.3c00899,-6.911692,-0.220412,6.691280,-6.911692,-0.220412,2.307549,dataset_level_eV,inchikey_from_pubchem_cid,,false,false,false,false,false,false,,,,,-9.838693,,linear_2fold_v1,calibrated_estimate
CAAMSDWKXXPUJR-UHFFFAOYSA-N,504,20160829,000000504.B3LYP@PM6.S0,C3H4N2O,84.076660,0,1,molssiai-hub/pubchemqc-b3lyp,B3LYP/6-31G*//PM6 (gas phase),CC BY 4.0,10.1021/acs.jcim.3c00899,-6.832779,-0.650352,6.182427,-6.832779,-0.650352,2.370668,dataset_level_eV,inchikey_from_pubchem_cid,,false,false,false,false,false,false,,,,,-9.758735,,linear_2fold_v1,calibrated_estimate
CABVTRNMFUVUDM-UHFFFAOYSA-N,84,20160829,000000084.B3LYP@PM6.S0,C27H44N7O20P3S,911.659443,0,1,molssiai-hub/pubchemqc-b3lyp,B3LYP/6-31G*//PM6 (gas phase),CC BY 4.0,10.1021/acs.jcim.3c00899,-5.956572,-1.284377,4.672195,-5.956572,-1.284377,10.221162,dataset_level_eV,inchikey_from_pubchem_cid,,false,false,false,false,false,false,,,,,-8.870917,,linear_2fold_v1,calibrated_estimate
CAOMCZAIALVUPA-UHFFFAOYSA-N,563,20160829,000000563.B3LYP@PM6.S0,C4H8O2S,120.170120,0,1,molssiai-hub/pubchemqc-b3lyp,B3LYP/6-31G*//PM6 (gas phase),CC BY 4.0,10.1021/acs.jcim.3c00899,-6.174263,0.051702,6.225965,-6.174263,0.051702,2.790762,dataset_level_eV,inchikey_from_pubchem_cid,,false,false,false,false,false,false,,,,,-9.091493,,linear_2fold_v1,calibrated_estimate
CAOVWYZQMPNAFJ-UHFFFAOYSA-N,472,20160829,000000472.B3LYP@PM6.S0,C10H9NO4,207.182760,0,1,molssiai-hub/pubchemqc-b3lyp,B3LYP/6-31G*//PM6 (gas phase),CC BY 4.0,10.1021/acs.jcim.3c00899,-5.708949,-2.541543,3.167405,-5.708949,-2.541543,2.687929,dataset_level_eV,inchikey_from_pubchem_cid,,false,false,false,false,false,false,,,,,-8.620013,,linear_2fold_v1,calibrated_estimate
CBIDRCWHNCKSTO-UHFFFAOYSA-N,647,20160829,000000647.B3LYP@PM6.S0,C5H12O7P2,246.092102,0,1,molssiai-hub/pubchemqc-b3lyp,B3LYP/6-31G*//PM6 (gas phase),CC BY 4.0,10.1021/acs.jcim.3c00899,-6.713049,-0.282998,6.430050,-6.713049,-0.282998,5.046957,dataset_level_eV,inchikey_from_pubchem_cid,,false,false,false,false,false,false,,,,,-9.637418,,linear_2fold_v1,calibrated_estimate
CBTVGIZVANVGBH-UHFFFAOYSA-N,11807,20160829,000011807.B3LYP@PM6.S0,C4H11NO,89.136240,0,1,molssiai-hub/pubchemqc-b3lyp,B3LYP/6-31G*//PM6 (gas phase),CC BY 4.0,10.1021/acs.jcim.3c00899,-6.481752,1.776903,8.258655,-6.481752,1.776903,2.795081,dataset_level_eV,inchikey_match_target,epsilon_roster;key_registry;targeted_harvest;viscosity_roster;viscosity_roster_sample,true,false,true,true,true,false,,,,,-9.403056,,linear_2fold_v1,calibrated_estimate
CCSDHAPTHIKZLY-UHFFFAOYSA-N,531,20160829,000000531.B3LYP@PM6.S0,C25H43N8O17P3S,852.638603,0,1,molssiai-hub/pubchemqc-b3lyp,B3LYP/6-31G*//PM6 (gas phase),CC BY 4.0,10.1021/acs.jcim.3c00899,-6.130725,-0.998658,5.132067,-6.130725,-0.998658,4.570277,dataset_level_eV,inchikey_from_pubchem_cid,,false,false,false,false,false,false,,,,,-9.047378,,linear_2fold_v1,calibrated_estimate
CDOSHBSSFJOMGT-UHFFFAOYSA-N,6549,20160829,000006549.B3LYP@PM6.S0,C10H18O,154.249320,0,1,molssiai-hub/pubchemqc-b3lyp,B3LYP/6-31G*//PM6 (gas phase),CC BY 4.0,10.1021/acs.jcim.3c00899,-6.171542,0.503411,6.674953,-6.171542,0.503411,1.517761,dataset_level_eV,inchikey_match_target,key_registry;targeted_harvest;viscosity_roster;viscosity_roster_sample,true,false,false,true,true,false,,,,,-9.088736,,linear_2fold_v1,calibrated_estimate
CFFZDZCDUFSOFZ-UHFFFAOYSA-N,547,20160829,000000547.B3LYP@PM6.S0,C8H8O4,168.146720,0,1,molssiai-hub/pubchemqc-b3lyp,B3LYP/6-31G*//PM6 (gas phase),CC BY 4.0,10.1021/acs.jcim.3c00899,-5.975620,-0.462594,5.513027,-5.975620,-0.462594,5.817806,dataset_level_eV,inchikey_from_pubchem_cid,,false,false,false,false,false,false,,,,,-8.890218,,linear_2fold_v1,calibrated_estimate
CGPHZDRCVSLMCF-UHFFFAOYSA-N,292,20160829,000000292.B3LYP@PM6.S0,C15H25N3O16P2,565.317022,0,1,molssiai-hub/pubchemqc-b3lyp,B3LYP/6-31G*//PM6 (gas phase),CC BY 4.0,10.1021/acs.jcim.3c00899,-6.389233,-1.281656,5.107577,-6.389233,-1.281656,3.773271,dataset_level_eV,inchikey_from_pubchem_cid,,false,false,false,false,false,false,,,,,-9.309311,,linear_2fold_v1,calibrated_estimate
CGZZMOTZOONQIA-UHFFFAOYSA-N,10400,20160829,000010400.B3LYP@PM6.S0,C7H12O,112.169580,0,1,molssiai-hub/pubchemqc-b3lyp,B3LYP/6-31G*//PM6 (gas phase),CC BY 4.0,10.1021/acs.jcim.3c00899,-6.334810,-0.217691,6.117119,-6.334810,-0.217691,3.040557,dataset_level_eV,inchikey_match_target,batt_calibration_sample;batt_orbit_pool;epsilon_roster;key_registry;targeted_harvest,true,true,true,false,false,true,-9.383500,1.717200,-3.048690,1.934891,,,,paired_anchor
CIKGWCTVFSRMJU-UHFFFAOYSA-N,644,20160829,000000644.B3LYP@PM6.S0,C10H15N5O10P2,427.201122,0,1,molssiai-hub/pubchemqc-b3lyp,B3LYP/6-31G*//PM6 (gas phase),CC BY 4.0,10.1021/acs.jcim.3c00899,-5.959293,-0.579603,5.379691,-5.959293,-0.579603,8.021171,dataset_level_eV,inchikey_from_pubchem_cid,,false,false,false,false,false,false,,,,,-8.873674,,linear_2fold_v1,calibrated_estimate
CILXJJLQPTUUSS-UHFFFAOYSA-N,562,20160829,000000562.B3LYP@PM6.S0,C6H10O3S,162.206800,0,1,molssiai-hub/pubchemqc-b3lyp,B3LYP/6-31G*//PM6 (gas phase),CC BY 4.0,10.1021/acs.jcim.3c00899,-5.771535,-1.488463,4.283072,-5.771535,-1.488463,2.373671,dataset_level_eV,inchikey_from_pubchem_cid,,false,false,false,false,false,false,,,,,-8.683429,,linear_2fold_v1,calibrated_estimate
CIPFCGZLFXVXBG-UHFFFAOYSA-N,478,20160829,000000478.B3LYP@PM6.S0,C6H16O18P4,500.075484,0,1,molssiai-hub/pubchemqc-b3lyp,B3LYP/6-31G*//PM6 (gas phase),CC BY 4.0,10.1021/acs.jcim.3c00899,-7.279046,-0.565997,6.713049,-7.279046,-0.565997,3.796594,dataset_level_eV,inchikey_from_pubchem_cid,,false,false,false,false,false,false,,,,,-10.210915,,linear_2fold_v1,calibrated_estimate
CJSBUWDGPXGFGA-UHFFFAOYSA-N,13555,20160829,000013555.B3LYP@PM6.S0,C6H10,82.143600,0,1,molssiai-hub/pubchemqc-b3lyp,B3LYP/6-31G*//PM6 (gas phase),CC BY 4.0,10.1021/acs.jcim.3c00899,-5.738881,-0.310210,5.428671,-5.738881,-0.310210,0.776034,dataset_level_eV,inchikey_match_target,epsilon_roster;key_registry;targeted_harvest,true,false,true,false,false,false,,,,,-8.650342,,linear_2fold_v1,calibrated_estimate
CKLJMWTZIZZHCS-UHFFFAOYSA-N,424,20160829,000000424.B3LYP@PM6.S0,C4H7NO4,133.102680,0,1,molssiai-hub/pubchemqc-b3lyp,B3LYP/6-31G*//PM6 (gas phase),CC BY 4.0,10.1021/acs.jcim.3c00899,-6.892644,-0.751034,6.141610,-6.892644,-0.751034,4.618419,dataset_level_eV,inchikey_from_pubchem_cid,,false,false,false,false,false,false,,,,,-9.819393,,linear_2fold_v1,calibrated_estimate
CKTSBUTUHBMZGZ-UHFFFAOYSA-N,637,20160829,000000637.B3LYP@PM6.S0,C9H13N3O4,227.217220,0,1,molssiai-hub/pubchemqc-b3lyp,B3LYP/6-31G*//PM6 (gas phase),CC BY 4.0,10.1021/acs.jcim.3c00899,-5.864053,-0.647631,5.216423,-5.864053,-0.647631,4.893285,dataset_level_eV,inchikey_from_pubchem_cid,,false,false,false,false,false,false,,,,,-8.777172,,linear_2fold_v1,calibrated_estimate
CMUNUTVVOOHQPW-UHFFFAOYSA-N,554,20160829,000000554.B3LYP@PM6.S0,C7H13NO2,143.183620,0,1,molssiai-hub/pubchemqc-b3lyp,B3LYP/6-31G*//PM6 (gas phase),CC BY 4.0,10.1021/acs.jcim.3c00899,-5.137509,0.960562,6.098071,-5.137509,0.960562,10.097529,dataset_level_eV,inchikey_from_pubchem_cid,,false,false,false,false,false,false,,,,,-8.041001,,linear_2fold_v1,calibrated_estimate
CNLFCQPCBQQMHK-UHFFFAOYSA-N,627,20160829,000000627.B3LYP@PM6.S0,C6H10O6,178.140000,0,1,molssiai-hub/pubchemqc-b3lyp,B3LYP/6-31G*//PM6 (gas phase),CC BY 4.0,10.1021/acs.jcim.3c00899,-6.819173,-1.202743,5.616430,-6.819173,-1.202743,3.070679,dataset_level_eV,inchikey_from_pubchem_cid,,false,false,false,false,false,false,,,,,-9.744949,,linear_2fold_v1,calibrated_estimate
CNSJRYUMVMWNMC-UHFFFAOYSA-N,329,20160829,000000329.B3LYP@PM6.S0,C6H13O7PS,260.201981,0,1,molssiai-hub/pubchemqc-b3lyp,B3LYP/6-31G*//PM6 (gas phase),CC BY 4.0,10.1021/acs.jcim.3c00899,-6.008274,-1.798673,4.209601,-6.008274,-1.798673,2.791434,dataset_level_eV,inchikey_from_pubchem_cid,,false,false,false,false,false,false,,,,,-8.923304,,linear_2fold_v1,calibrated_estimate
COJBGNAUUSNXHX-UHFFFAOYSA-N,48,20160829,000000048.B3LYP@PM6.S0,C5H7NO4,145.113380,0,1,molssiai-hub/pubchemqc-b3lyp,B3LYP/6-31G*//PM6 (gas phase),CC BY 4.0,10.1021/acs.jcim.3c00899,-7.162037,-2.272151,4.889886,-7.162037,-2.272151,5.448570,dataset_level_eV,inchikey_from_pubchem_cid,,false,false,false,false,false,false,,,,,-10.092356,,linear_2fold_v1,calibrated_estimate
COVFEVWNJUOYRL-UHFFFAOYSA-N,341,20160829,000000341.B3LYP@PM6.S0,C14H10O9,322.223800,0,1,molssiai-hub/pubchemqc-b3lyp,B3LYP/6-31G*//PM6 (gas phase),CC BY 4.0,10.1021/acs.jcim.3c00899,-6.032764,-1.395944,4.636820,-6.032764,-1.395944,5.715663,dataset_level_eV,inchikey_from_pubchem_cid,,false,false,false,false,false,false,,,,,-8.948119,,linear_2fold_v1,calibrated_estimate
CPELXLSAUQHCOX-UHFFFAOYSA-N,260,20160829,000000260.B3LYP@PM6.S0,BrH,80.911940,0,1,molssiai-hub/pubchemqc-b3lyp,B3LYP/6-31G*//PM6 (gas phase),CC BY 4.0,10.1021/acs.jcim.3c00899,-8.370222,-0.397286,7.972936,-8.370222,-0.397286,1.109211,dataset_level_eV,inchikey_from_pubchem_cid,,false,false,false,false,false,false,,,,,-11.316550,,linear_2fold_v1,calibrated_estimate
CPXFTNFOQXXRBF-UHFFFAOYSA-N,64,20160829,000000064.B3LYP@PM6.S0,C6H6Cl2O2,181.016640,0,1,molssiai-hub/pubchemqc-b3lyp,B3LYP/6-31G*//PM6 (gas phase),CC BY 4.0,10.1021/acs.jcim.3c00899,-7.028701,-0.884370,6.144331,-7.028701,-0.884370,0.000128,dataset_level_eV,inchikey_from_pubchem_cid,,false,false,false,false,false,false,,,,,-9.957253,,linear_2fold_v1,calibrated_estimate
CQEYYJKEWSMYFG-UHFFFAOYSA-N,8846,20160829,000008846.B3LYP@PM6.S0,C7H12O2,128.168980,0,1,molssiai-hub/pubchemqc-b3lyp,B3LYP/6-31G*//PM6 (gas phase),CC BY 4.0,10.1021/acs.jcim.3c00899,-7.325305,-1.205464,6.119840,-7.325305,-1.205464,1.405887,dataset_level_eV,inchikey_match_target,batt_orbit_pool;epsilon_roster;key_registry;targeted_harvest;viscosity_roster,true,true,true,true,false,false,-10.548700,0.946900,-3.223395,2.152364,,,,paired_anchor
CQQNNQTXUGLUEV-UHFFFAOYSA-N,218,20160829,000000218.B3LYP@PM6.S0,C7H9N5O2,195.178660,0,1,molssiai-hub/pubchemqc-b3lyp,B3LYP/6-31G*//PM6 (gas phase),CC BY 4.0,10.1021/acs.jcim.3c00899,-5.542959,-1.091177,4.451783,-5.542959,-1.091177,8.524056,dataset_level_eV,inchikey_from_pubchem_cid,,false,false,false,false,false,false,,,,,-8.451824,,linear_2fold_v1,calibrated_estimate
CRVGTESFCCXCTH-UHFFFAOYSA-N,7767,20160829,000007767.B3LYP@PM6.S0,C5H13NO2,119.162220,0,1,molssiai-hub/pubchemqc-b3lyp,B3LYP/6-31G*//PM6 (gas phase),CC BY 4.0,10.1021/acs.jcim.3c00899,-6.323926,1.504790,7.828715,-6.323926,1.504790,2.966853,dataset_level_eV,inchikey_match_target,epsilon_roster;key_registry;targeted_harvest;viscosity_roster,true,false,true,true,false,false,,,,,-9.243139,,linear_2fold_v1,calibrated_estimate
CSCPPACGZOOCGX-UHFFFAOYSA-N,180,20160829,000000180.B3LYP@PM6.S0,C3H6O,58.079140,0,1,molssiai-hub/pubchemqc-b3lyp,B3LYP/6-31G*//PM6 (gas phase),CC BY 4.0,10.1021/acs.jcim.3c00899,-6.653184,-0.337421,6.315762,-6.653184,-0.337421,2.754640,dataset_level_eV,inchikey_match_target,batt_orbit_pool;epsilon_roster;key_registry;named_solvent;targeted_harvest;viscosity_roster;viscosity_roster_sample,true,true,true,true,true,false,-9.646300,1.714900,-2.993116,2.052321,,,,paired_anchor
CTPQAXVNYGZUAJ-UHFFFAOYSA-N,482,20160829,000000482.B3LYP@PM6.S0,C6H17O21P5,580.055385,0,1,molssiai-hub/pubchemqc-b3lyp,B3LYP/6-31G*//PM6 (gas phase),CC BY 4.0,10.1021/acs.jcim.3c00899,-7.801504,-0.405450,7.396054,-7.801504,-0.405450,4.017084,dataset_level_eV,inchikey_from_pubchem_cid,,false,false,false,false,false,false,,,,,-10.740296,,linear_2fold_v1,calibrated_estimate
CURLTUGMZLYLDI-UHFFFAOYSA-N,280,20160829,000000280.B3LYP@PM6.S0,CO2,44.009500,0,1,molssiai-hub/pubchemqc-b3lyp,B3LYP/6-31G*//PM6 (gas phase),CC BY 4.0,10.1021/acs.jcim.3c00899,-10.065491,0.794572,10.860064,-10.065491,0.794572,0.000012,dataset_level_eV,inchikey_match_target,key_registry;targeted_harvest;viscosity_roster;viscosity_roster_sample,true,false,false,true,true,false,,,,,-13.034283,,linear_2fold_v1,calibrated_estimate
CVSVTCORWBXHQV-UHFFFAOYSA-N,586,20160829,000000586.B3LYP@PM6.S0,C4H9N3O2,131.133160,0,1,molssiai-hub/pubchemqc-b3lyp,B3LYP/6-31G*//PM6 (gas phase),CC BY 4.0,10.1021/acs.jcim.3c00899,-6.500800,-0.040817,6.459983,-6.500800,-0.040817,4.186003,dataset_level_eV,inchikey_from_pubchem_cid,,false,false,false,false,false,false,,,,,-9.422357,,linear_2fold_v1,calibrated_estimate
CWIFAKBLLXGZIC-UHFFFAOYSA-N,164596,20160829,000164596.B3LYP@PM6.S0,C4H3F7O,200.054842,0,1,molssiai-hub/pubchemqc-b3lyp,B3LYP/6-31G*//PM6 (gas phase),CC BY 4.0,10.1021/acs.jcim.3c00899,-9.031459,1.110225,10.141683,-9.031459,1.110225,1.179158,dataset_level_eV,inchikey_match_target,batt_orbit_pool;epsilon_roster;key_registry;targeted_harvest,true,true,true,false,false,false,-12.196700,1.561100,-3.165241,0.450875,,,,paired_anchor
CWKHQISAQICLMY-UHFFFAOYSA-N,680,20160829,000000680.B3LYP@PM6.S0,C12H25O4P,264.298261,0,1,molssiai-hub/pubchemqc-b3lyp,B3LYP/6-31G*//PM6 (gas phase),CC BY 4.0,10.1021/acs.jcim.3c00899,-6.302157,0.391844,6.694001,-6.302157,0.391844,3.900726,dataset_level_eV,inchikey_from_pubchem_cid,,false,false,false,false,false,false,,,,,-9.221082,,linear_2fold_v1,calibrated_estimate
CWLQUGTUXBXTLF-UHFFFAOYSA-N,557,20160829,000000557.B3LYP@PM6.S0,C6H11NO2,129.157040,0,1,molssiai-hub/pubchemqc-b3lyp,B3LYP/6-31G*//PM6 (gas phase),CC BY 4.0,10.1021/acs.jcim.3c00899,-6.430050,0.351027,6.781077,-6.430050,0.351027,5.256603,dataset_level_eV,inchikey_from_pubchem_cid,,false,false,false,false,false,false,,,,,-9.350669,,linear_2fold_v1,calibrated_estimate
CXMBCXQHOXUCEO-UHFFFAOYSA-N,632,20160829,000000632.B3LYP@PM6.S0,C7H9NO4,171.150660,0,1,molssiai-hub/pubchemqc-b3lyp,B3LYP/6-31G*//PM6 (gas phase),CC BY 4.0,10.1021/acs.jcim.3c00899,-7.542996,-2.171469,5.371527,-7.542996,-2.171469,3.558044,dataset_level_eV,inchikey_from_pubchem_cid,,false,false,false,false,false,false,,,,,-10.478363,,linear_2fold_v1,calibrated_estimate
CXNPLSGKWMLZPZ-UHFFFAOYSA-N,258,20160829,000000258.B3LYP@PM6.S0,C17H26N8O5,422.438940,0,1,molssiai-hub/pubchemqc-b3lyp,B3LYP/6-31G*//PM6 (gas phase),CC BY 4.0,10.1021/acs.jcim.3c00899,-5.504863,-1.409550,4.095313,-5.504863,-1.409550,2.597434,dataset_level_eV,inchikey_from_pubchem_cid,,false,false,false,false,false,false,,,,,-8.413223,,linear_2fold_v1,calibrated_estimate
CXQWRCVTCMQVQX-UHFFFAOYSA-N,471,20160829,000000471.B3LYP@PM6.S0,C15H12O7,304.251580,0,1,molssiai-hub/pubchemqc-b3lyp,B3LYP/6-31G*//PM6 (gas phase),CC BY 4.0,10.1021/acs.jcim.3c00899,-5.548401,-1.578260,3.970141,-5.548401,-1.578260,3.318565,dataset_level_eV,inchikey_from_pubchem_cid,,false,false,false,false,false,false,,,,,-8.457338,,linear_2fold_v1,calibrated_estimate
CYTYCFOTNPOANT-UHFFFAOYSA-N,31373,20160829,000031373.B3LYP@PM6.S0,C2Cl4,165.833400,0,1,molssiai-hub/pubchemqc-b3lyp,B3LYP/6-31G*//PM6 (gas phase),CC BY 4.0,10.1021/acs.jcim.3c00899,-6.966115,-0.982331,5.983784,-6.966115,-0.982331,0.000055,dataset_level_eV,inchikey_match_target,epsilon_roster;key_registry;targeted_harvest;viscosity_roster,true,false,true,true,false,false,,,,,-9.893838,,linear_2fold_v1,calibrated_estimate
DAEAPNUQQAICNR-UHFFFAOYSA-N,620,20160829,000000620.B3LYP@PM6.S0,C10H15N5O9P2,411.201722,0,1,molssiai-hub/pubchemqc-b3lyp,B3LYP/6-31G*//PM6 (gas phase),CC BY 4.0,10.1021/acs.jcim.3c00899,-6.030043,-0.832668,5.197375,-6.030043,-0.832668,1.617534,dataset_level_eV,inchikey_from_pubchem_cid,,false,false,false,false,false,false,,,,,-8.945362,,linear_2fold_v1,calibrated_estimate
DBXBTMSZEOQQDU-UHFFFAOYSA-N,87,20160829,000000087.B3LYP@PM6.S0,C4H8O3,104.104520,0,1,molssiai-hub/pubchemqc-b3lyp,B3LYP/6-31G*//PM6 (gas phase),CC BY 4.0,10.1021/acs.jcim.3c00899,-7.270882,0.062586,7.333468,-7.270882,0.062586,3.760185,dataset_level_eV,inchikey_from_pubchem_cid,,false,false,false,false,false,false,,,,,-10.202643,,linear_2fold_v1,calibrated_estimate
DCXYFEDJOCDNAF-UHFFFAOYSA-N,236,20160829,000000236.B3LYP@PM6.S0,C4H8N2O3,132.117920,0,1,molssiai-hub/pubchemqc-b3lyp,B3LYP/6-31G*//PM6 (gas phase),CC BY 4.0,10.1021/acs.jcim.3c00899,-6.596040,-0.242181,6.353858,-6.596040,-0.242181,6.142242,dataset_level_eV,inchikey_from_pubchem_cid,,false,false,false,false,false,false,,,,,-9.518859,,linear_2fold_v1,calibrated_estimate
DDRJAANPRJIHGJ-UHFFFAOYSA-N,588,20160829,000000588.B3LYP@PM6.S0,C4H7N3O,113.117880,0,1,molssiai-hub/pubchemqc-b3lyp,B3LYP/6-31G*//PM6 (gas phase),CC BY 4.0,10.1021/acs.jcim.3c00899,-6.386512,-0.478920,5.907592,-6.386512,-0.478920,6.625069,dataset_level_eV,inchikey_from_pubchem_cid,,false,false,false,false,false,false,,,,,-9.306554,,linear_2fold_v1,calibrated_estimate
DEDGUGJNLNLJSR-UHFFFAOYSA-N,691,20160829,000000691.B3LYP@PM6.S0,C9H8O3,164.158020,0,1,molssiai-hub/pubchemqc-b3lyp,B3LYP/6-31G*//PM6 (gas phase),CC BY 4.0,10.1021/acs.jcim.3c00899,-6.117119,-1.379617,4.737502,-6.117119,-1.379617,4.745675,dataset_level_eV,inchikey_from_pubchem_cid,,false,false,false,false,false,false,,,,,-9.033592,,linear_2fold_v1,calibrated_estimate
DEFJQIDDEAULHB-UHFFFAOYSA-N,601,20160829,000000601.B3LYP@PM6.S0,C6H12N2O3,160.171080,0,1,molssiai-hub/pubchemqc-b3lyp,B3LYP/6-31G*//PM6 (gas phase),CC BY 4.0,10.1021/acs.jcim.3c00899,-6.764750,-0.198643,6.566107,-6.764750,-0.198643,4.330920,dataset_level_eV,inchikey_from_pubchem_cid,,false,false,false,false,false,false,,,,,-9.689804,,linear_2fold_v1,calibrated_estimate
DFUYAWQUODQGFF-UHFFFAOYSA-N,206000,20160829,000206000.B3LYP@PM6.S0,C6H5F9O,264.088929,0,1,molssiai-hub/pubchemqc-b3lyp,B3LYP/6-31G*//PM6 (gas phase),CC BY 4.0,10.1021/acs.jcim.3c00899,-8.623288,0.609535,9.232823,-8.623288,0.609535,2.664455,dataset_level_eV,inchikey_match_target,batt_orbit_pool;key_registry;targeted_harvest;viscosity_roster;viscosity_roster_sample,true,true,false,true,true,false,-11.679600,1.547800,-3.056312,0.938265,,,,paired_anchor
DGGUVLXVLHAAGT-UHFFFAOYSA-N,665,20160829,000000665.B3LYP@PM6.S0,C9H16N5O13P3,495.170323,0,1,molssiai-hub/pubchemqc-b3lyp,B3LYP/6-31G*//PM6 (gas phase),CC BY 4.0,10.1021/acs.jcim.3c00899,-5.711670,-1.319752,4.391918,-5.711670,-1.319752,5.326673,dataset_level_eV,inchikey_from_pubchem_cid,,false,false,false,false,false,false,,,,,-8.622770,,linear_2fold_v1,calibrated_estimate
DHCUIDTZCMREHG-UHFFFAOYSA-N,543,20160829,000000543.B3LYP@PM6.S0,C7H6O6,186.118940,0,1,molssiai-hub/pubchemqc-b3lyp,B3LYP/6-31G*//PM6 (gas phase),CC BY 4.0,10.1021/acs.jcim.3c00899,-7.820552,-2.166026,5.654526,-7.820552,-2.166026,2.596858,dataset_level_eV,inchikey_from_pubchem_cid,,false,false,false,false,false,false,,,,,-10.759597,,linear_2fold_v1,calibrated_estimate
DHKHKXVYLBGOIT-UHFFFAOYSA-N,7765,20160829,000007765.B3LYP@PM6.S0,C6H14O2,118.174160,0,1,molssiai-hub/pubchemqc-b3lyp,B3LYP/6-31G*//PM6 (gas phase),CC BY 4.0,10.1021/acs.jcim.3c00899,-6.604203,2.266708,8.870912,-6.604203,2.266708,1.962606,dataset_level_eV,inchikey_match_target,epsilon_roster;key_registry;targeted_harvest,true,false,true,false,false,false,,,,,-9.527130,,linear_2fold_v1,calibrated_estimate
DHXVGJBLRPWPCS-UHFFFAOYSA-N,8894,20160829,000008894.B3LYP@PM6.S0,C5H10O,86.132300,0,1,molssiai-hub/pubchemqc-b3lyp,B3LYP/6-31G*//PM6 (gas phase),CC BY 4.0,10.1021/acs.jcim.3c00899,-6.557944,2.345621,8.903565,-6.557944,2.345621,1.472329,dataset_level_eV,inchikey_match_target,batt_orbit_pool;key_registry;targeted_harvest;viscosity_roster;viscosity_roster_sample,true,true,false,true,true,false,-9.415200,1.770800,-2.857256,-0.574821,,,,paired_anchor
DILRJUIACXKSQE-UHFFFAOYSA-N,66053,20160829,000066053.B3LYP@PM6.S0,C4H12N2,88.151480,0,1,molssiai-hub/pubchemqc-b3lyp,B3LYP/6-31G*//PM6 (gas phase),CC BY 4.0,10.1021/acs.jcim.3c00899,-5.744323,2.293920,8.038243,-5.744323,2.293920,0.638111,dataset_level_eV,inchikey_match_target,key_registry;targeted_harvest;viscosity_roster;viscosity_roster_sample,true,false,false,true,true,false,,,,,-8.655856,,linear_2fold_v1,calibrated_estimate
DIOQZVSQGTUSAI-UHFFFAOYSA-N,15600,20160829,000015600.B3LYP@PM6.S0,C10H22,142.281680,0,1,molssiai-hub/pubchemqc-b3lyp,B3LYP/6-31G*//PM6 (gas phase),CC BY 4.0,10.1021/acs.jcim.3c00899,-7.624630,2.435419,10.060049,-7.624630,2.435419,0.000081,dataset_level_eV,inchikey_match_target,key_registry;targeted_harvest;viscosity_roster;viscosity_roster_sample,true,false,false,true,true,false,,,,,-10.561078,,linear_2fold_v1,calibrated_estimate
DIQMPQMYFZXDAX-UHFFFAOYSA-N,12529,20160829,000012529.B3LYP@PM6.S0,C6H12O2,116.158280,0,1,molssiai-hub/pubchemqc-b3lyp,B3LYP/6-31G*//PM6 (gas phase),CC BY 4.0,10.1021/acs.jcim.3c00899,-7.624630,0.133336,7.757966,-7.624630,0.133336,1.753704,dataset_level_eV,inchikey_match_target,batt_orbit_pool;epsilon_roster;key_registry;targeted_harvest,true,true,true,false,false,false,-10.706900,1.669600,-3.082270,1.536264,,,,paired_anchor
DJEKVKGYYASXCW-UHFFFAOYSA-N,435,20160829,000000435.B3LYP@PM6.S0,C9H10N2O2,178.187900,0,1,molssiai-hub/pubchemqc-b3lyp,B3LYP/6-31G*//PM6 (gas phase),CC BY 4.0,10.1021/acs.jcim.3c00899,-6.555223,-1.463973,5.091250,-6.555223,-1.463973,3.040419,dataset_level_eV,inchikey_from_pubchem_cid,,false,false,false,false,false,false,,,,,-9.477501,,linear_2fold_v1,calibrated_estimate
DKGAVHZHDRPRBM-UHFFFAOYSA-N,6386,20160829,000006386.B3LYP@PM6.S0,C4H10O,74.121600,0,1,molssiai-hub/pubchemqc-b3lyp,B3LYP/6-31G*//PM6 (gas phase),CC BY 4.0,10.1021/acs.jcim.3c00899,-6.998768,1.891191,8.889959,-6.998768,1.891191,1.460433,dataset_level_eV,inchikey_match_target,epsilon_roster;key_registry;targeted_harvest;viscosity_roster,true,false,true,true,false,false,,,,,-9.926923,,linear_2fold_v1,calibrated_estimate
DKMROQRQHGEIOW-UHFFFAOYSA-N,31249,20160829,000031249.B3LYP@PM6.S0,C8H14O4,174.194360,0,1,molssiai-hub/pubchemqc-b3lyp,B3LYP/6-31G*//PM6 (gas phase),CC BY 4.0,10.1021/acs.jcim.3c00899,-7.420545,0.078913,7.499458,-7.420545,0.078913,0.929606,dataset_level_eV,inchikey_match_target,batt_orbit_pool;key_registry;targeted_harvest;viscosity_roster;viscosity_roster_sample,true,true,false,true,true,false,-10.405100,1.553900,-2.984555,1.474987,,,,paired_anchor
DKPFZGUDAPQIHT-UHFFFAOYSA-N,31272,20160829,000031272.B3LYP@PM6.S0,C6H12O2,116.158280,0,1,molssiai-hub/pubchemqc-b3lyp,B3LYP/6-31G*//PM6 (gas phase),CC BY 4.0,10.1021/acs.jcim.3c00899,-7.281767,0.353748,7.635515,-7.281767,0.353748,1.616475,dataset_level_eV,inchikey_match_target,batt_orbit_pool;epsilon_roster;key_registry;targeted_harvest;viscosity_roster;viscosity_roster_sample,true,true,true,true,true,false,-10.422100,1.648000,-3.140333,1.294252,,,,paired_anchor
DLFVBJFMPXGRIB-UHFFFAOYSA-N,178,20160829,000000178.B3LYP@PM6.S0,C2H5NO,59.067200,0,1,molssiai-hub/pubchemqc-b3lyp,B3LYP/6-31G*//PM6 (gas phase),CC BY 4.0,10.1021/acs.jcim.3c00899,-6.704885,0.783688,7.488573,-6.704885,0.783688,3.664604,dataset_level_eV,inchikey_from_pubchem_cid,,false,false,false,false,false,false,,,,,-9.629146,,linear_2fold_v1,calibrated_estimate
DLRJIFUOBPOJNS-UHFFFAOYSA-N,7674,20160829,000007674.B3LYP@PM6.S0,C8H10O,122.164400,0,1,molssiai-hub/pubchemqc-b3lyp,B3LYP/6-31G*//PM6 (gas phase),CC BY 4.0,10.1021/acs.jcim.3c00899,-5.741602,0.127894,5.869496,-5.741602,0.127894,1.408398,dataset_level_eV,inchikey_match_target,batt_orbit_pool;epsilon_roster;key_registry;targeted_harvest;viscosity_roster,true,true,true,true,false,false,-8.613200,1.718500,-2.871598,1.590606,,,,paired_anchor
DNIAPMSPPWPWGF-UHFFFAOYSA-N,1030,20160829,000001030.B3LYP@PM6.S0,C3H8O2,76.094420,0,1,molssiai-hub/pubchemqc-b3lyp,B3LYP/6-31G*//PM6 (gas phase),CC BY 4.0,10.1021/acs.jcim.3c00899,-6.873596,1.741529,8.615125,-6.873596,1.741529,2.430383,dataset_level_eV,inchikey_match_target,epsilon_roster;key_registry;targeted_harvest;viscosity_roster,true,false,true,true,false,false,,,,,-9.800093,,linear_2fold_v1,calibrated_estimate
DQWPFSLDHJDLRL-UHFFFAOYSA-N,6535,20160829,000006535.B3LYP@PM6.S0,C6H15O4P,182.154661,0,1,molssiai-hub/pubchemqc-b3lyp,B3LYP/6-31G*//PM6 (gas phase),CC BY 4.0,10.1021/acs.jcim.3c00899,-7.640957,1.526559,9.167516,-7.640957,1.526559,0.725373,dataset_level_eV,inchikey_match_target,batt_orbit_pool;epsilon_roster;key_registry;named_solvent;targeted_harvest,true,true,true,false,false,false,-10.835300,1.638200,-3.194343,0.111641,,,,paired_anchor
DRBBFCLWYRJSJZ-UHFFFAOYSA-N,587,20160829,000000587.B3LYP@PM6.S0,C4H10N3O5P,211.113061,0,1,molssiai-hub/pubchemqc-b3lyp,B3LYP/6-31G*//PM6 (gas phase),CC BY 4.0,10.1021/acs.jcim.3c00899,-7.148431,-0.614977,6.533454,-7.148431,-0.614977,2.071945,dataset_level_eV,inchikey_from_pubchem_cid,,false,false,false,false,false,false,,,,,-10.078569,,linear_2fold_v1,calibrated_estimate
DSLZVSRJTYRBFB-UHFFFAOYSA-N,607,20160829,000000607.B3LYP@PM6.S0,C6H10O8,210.138800,0,1,molssiai-hub/pubchemqc-b3lyp,B3LYP/6-31G*//PM6 (gas phase),CC BY 4.0,10.1021/acs.jcim.3c00899,-7.221902,-0.372796,6.849106,-7.221902,-0.372796,1.501396,dataset_level_eV,inchikey_from_pubchem_cid,,false,false,false,false,false,false,,,,,-10.153014,,linear_2fold_v1,calibrated_estimate
DSNBHJFQCNUKMA-UHFFFAOYSA-N,213,20160829,000000213.B3LYP@PM6.S0,C20H32O5,352.465080,0,1,molssiai-hub/pubchemqc-b3lyp,B3LYP/6-31G*//PM6 (gas phase),CC BY 4.0,10.1021/acs.jcim.3c00899,-6.462704,-0.008163,6.454541,-6.462704,-0.008163,4.119966,dataset_level_eV,inchikey_from_pubchem_cid,,false,false,false,false,false,false,,,,,-9.383756,,linear_2fold_v1,calibrated_estimate
DTQVDTLACAAQTR-UHFFFAOYSA-N,6422,20160829,000006422.B3LYP@PM6.S0,C2HF3O2,114.023350,0,1,molssiai-hub/pubchemqc-b3lyp,B3LYP/6-31G*//PM6 (gas phase),CC BY 4.0,10.1021/acs.jcim.3c00899,-8.626009,-1.270772,7.355237,-8.626009,-1.270772,2.882381,dataset_level_eV,inchikey_match_target,epsilon_roster;key_registry;targeted_harvest,true,false,true,false,false,false,,,,,-11.575727,,linear_2fold_v1,calibrated_estimate
DURPTKYDGMDSBL-UHFFFAOYSA-N,8909,20160829,000008909.B3LYP@PM6.S0,C8H18O,130.227920,0,1,molssiai-hub/pubchemqc-b3lyp,B3LYP/6-31G*//PM6 (gas phase),CC BY 4.0,10.1021/acs.jcim.3c00899,-6.655905,2.468073,9.123977,-6.655905,2.468073,1.020379,dataset_level_eV,inchikey_match_target,batt_orbit_pool;epsilon_roster;key_registry;targeted_harvest;viscosity_roster,true,true,true,true,false,false,-9.681900,1.864600,-3.025995,-0.603473,,,,paired_anchor
DXDRHHKMWQZJHT-UHFFFAOYSA-N,425,20160829,000000425.B3LYP@PM6.S0,C15H12O4,256.253380,0,1,molssiai-hub/pubchemqc-b3lyp,B3LYP/6-31G*//PM6 (gas phase),CC BY 4.0,10.1021/acs.jcim.3c00899,-5.747045,-1.915682,3.831363,-5.747045,-1.915682,3.713008,dataset_level_eV,inchikey_from_pubchem_cid,,false,false,false,false,false,false,,,,,-8.658614,,linear_2fold_v1,calibrated_estimate
DYDCUQKUCUHJBH-UHFFFAOYSA-N,401,20160829,000000401.B3LYP@PM6.S0,C3H6N2O2,102.091940,0,1,molssiai-hub/pubchemqc-b3lyp,B3LYP/6-31G*//PM6 (gas phase),CC BY 4.0,10.1021/acs.jcim.3c00899,-6.087187,-0.263950,5.823236,-6.087187,-0.263950,3.451135,dataset_level_eV,inchikey_from_pubchem_cid,,false,false,false,false,false,false,,,,,-9.003263,,linear_2fold_v1,calibrated_estimate
DYDPBEMJTPLKEJ-UHFFFAOYSA-N,657,20160829,000000657.B3LYP@PM6.S0,C36H66O14,722.900840,0,1,molssiai-hub/pubchemqc-b3lyp,B3LYP/6-31G*//PM6 (gas phase),CC BY 4.0,10.1021/acs.jcim.3c00899,-6.280388,0.054423,6.334810,-6.280388,0.054423,3.872682,dataset_level_eV,inchikey_from_pubchem_cid,,false,false,false,false,false,false,,,,,-9.199024,,linear_2fold_v1,calibrated_estimate
DZQLQEYLEYWJIB-UHFFFAOYSA-N,118,20160829,000000118.B3LYP@PM6.S0,C4H9NO,87.120360,0,1,molssiai-hub/pubchemqc-b3lyp,B3LYP/6-31G*//PM6 (gas phase),CC BY 4.0,10.1021/acs.jcim.3c00899,-6.432771,-0.688448,5.744323,-6.432771,-0.688448,2.967432,dataset_level_eV,inchikey_from_pubchem_cid,,false,false,false,false,false,false,,,,,-9.353426,,linear_2fold_v1,calibrated_estimate
FAASBXNEOGMQHS-UHFFFAOYSA-N,358,20160829,000000358.B3LYP@PM6.S0,C6H11NO3,145.156440,0,1,molssiai-hub/pubchemqc-b3lyp,B3LYP/6-31G*//PM6 (gas phase),CC BY 4.0,10.1021/acs.jcim.3c00899,-6.318484,-1.235397,5.083087,-6.318484,-1.235397,2.283794,dataset_level_eV,inchikey_from_pubchem_cid,,false,false,false,false,false,false,,,,,-9.237625,,linear_2fold_v1,calibrated_estimate
FBHYCDOVYMVLEN-UHFFFAOYSA-N,348,20160829,000000348.B3LYP@PM6.S0,C12H17O10P,352.231141,0,1,molssiai-hub/pubchemqc-b3lyp,B3LYP/6-31G*//PM6 (gas phase),CC BY 4.0,10.1021/acs.jcim.3c00899,-6.046370,-0.457151,5.589218,-6.046370,-0.457151,3.013503,dataset_level_eV,inchikey_from_pubchem_cid,,false,false,false,false,false,false,,,,,-8.961905,,linear_2fold_v1,calibrated_estimate
FBPFZTCFMRRESA-UHFFFAOYSA-N,453,20160829,000000453.B3LYP@PM6.S0,C6H14O6,182.171760,0,1,molssiai-hub/pubchemqc-b3lyp,B3LYP/6-31G*//PM6 (gas phase),CC BY 4.0,10.1021/acs.jcim.3c00899,-6.519848,1.044917,7.564765,-6.519848,1.044917,0.998403,dataset_level_eV,inchikey_from_pubchem_cid,,false,false,false,false,false,false,,,,,-9.441657,,linear_2fold_v1,calibrated_estimate
FBVWYYILRHVALZ-UHFFFAOYSA-N,226,20160829,000000226.B3LYP@PM6.S0,CH6NOP,79.038201,0,1,molssiai-hub/pubchemqc-b3lyp,B3LYP/6-31G*//PM6 (gas phase),CC BY 4.0,10.1021/acs.jcim.3c00899,-6.095350,0.794572,6.889923,-6.095350,0.794572,1.661246,dataset_level_eV,inchikey_from_pubchem_cid,,false,false,false,false,false,false,,,,,-9.011534,,linear_2fold_v1,calibrated_estimate
FBXWCEKQCVOOLT-UHFFFAOYSA-N,15712,20160829,000015712.B3LYP@PM6.S0,C14H28,196.372120,0,1,molssiai-hub/pubchemqc-b3lyp,B3LYP/6-31G*//PM6 (gas phase),CC BY 4.0,10.1021/acs.jcim.3c00899,-7.494015,2.144257,9.638273,-7.494015,2.144257,0.022570,dataset_level_eV,inchikey_match_target,key_registry;targeted_harvest;viscosity_roster;viscosity_roster_sample,true,false,false,true,true,false,,,,,-10.428733,,linear_2fold_v1,calibrated_estimate
FCQGJGLSOWZZON-UHFFFAOYSA-N,666,20160829,000000666.B3LYP@PM6.S0,C7H11N5O8P2,355.138462,0,1,molssiai-hub/pubchemqc-b3lyp,B3LYP/6-31G*//PM6 (gas phase),CC BY 4.0,10.1021/acs.jcim.3c00899,-5.877659,-1.725202,4.152457,-5.877659,-1.725202,5.966391,dataset_level_eV,inchikey_from_pubchem_cid,,false,false,false,false,false,false,,,,,-8.790959,,linear_2fold_v1,calibrated_estimate
FCXZBWSIAGGPCB-UHFFFAOYSA-N,528,20160829,000000528.B3LYP@PM6.S0,C6H11NO4,161.155840,0,1,molssiai-hub/pubchemqc-b3lyp,B3LYP/6-31G*//PM6 (gas phase),CC BY 4.0,10.1021/acs.jcim.3c00899,-6.756587,-0.076192,6.680395,-6.756587,-0.076192,2.015980,dataset_level_eV,inchikey_from_pubchem_cid,,false,false,false,false,false,false,,,,,-9.681533,,linear_2fold_v1,calibrated_estimate
FDPIMTJIUBPUKL-UHFFFAOYSA-N,7288,20160829,000007288.B3LYP@PM6.S0,C5H10O,86.132300,0,1,molssiai-hub/pubchemqc-b3lyp,B3LYP/6-31G*//PM6 (gas phase),CC BY 4.0,10.1021/acs.jcim.3c00899,-6.674953,-0.280277,6.394675,-6.674953,-0.280277,2.536165,dataset_level_eV,inchikey_match_target,batt_orbit_pool;epsilon_roster;key_registry;targeted_harvest;viscosity_roster,true,true,true,true,false,false,-9.516200,1.689100,-2.841247,1.969377,,,,paired_anchor
FEMXZDUTFRTWPE-UHFFFAOYSA-N,252,20160829,000000252.B3LYP@PM6.S0,C9H13N5O3,239.231220,0,1,molssiai-hub/pubchemqc-b3lyp,B3LYP/6-31G*//PM6 (gas phase),CC BY 4.0,10.1021/acs.jcim.3c00899,-5.700785,-1.235397,4.465388,-5.700785,-1.235397,8.237489,dataset_level_eV,inchikey_from_pubchem_cid,,false,false,false,false,false,false,,,,,-8.611741,,linear_2fold_v1,calibrated_estimate
FERIUCNNQQJTOY-UHFFFAOYSA-N,264,20160829,000000264.B3LYP@PM6.S0,C4H8O2,88.105120,0,1,molssiai-hub/pubchemqc-b3lyp,B3LYP/6-31G*//PM6 (gas phase),CC BY 4.0,10.1021/acs.jcim.3c00899,-7.472246,0.201364,7.673611,-7.472246,0.201364,4.212744,dataset_level_eV,inchikey_match_target,epsilon_roster;key_registry;targeted_harvest;viscosity_roster,true,false,true,true,false,false,,,,,-10.406675,,linear_2fold_v1,calibrated_estimate
FFBTVOMODCZDNV-UHFFFAOYSA-N,391,20160829,000000391.B3LYP@PM6.S0,C12H26O7P2,344.278162,0,1,molssiai-hub/pubchemqc-b3lyp,B3LYP/6-31G*//PM6 (gas phase),CC BY 4.0,10.1021/acs.jcim.3c00899,-6.095350,0.000000,6.095350,-6.095350,0.000000,2.144494,dataset_level_eV,inchikey_from_pubchem_cid,,false,false,false,false,false,false,,,,,-9.011534,,linear_2fold_v1,calibrated_estimate
FFDGPVCHZBVARC-UHFFFAOYSA-N,673,20160829,000000673.B3LYP@PM6.S0,C4H9NO2,103.119760,0,1,molssiai-hub/pubchemqc-b3lyp,B3LYP/6-31G*//PM6 (gas phase),CC BY 4.0,10.1021/acs.jcim.3c00899,-6.217801,-0.130615,6.087187,-6.217801,-0.130615,3.468487,dataset_level_eV,inchikey_from_pubchem_cid,,false,false,false,false,false,false,,,,,-9.135608,,linear_2fold_v1,calibrated_estimate
FFQKYPRQEYGKAF-UHFFFAOYSA-N,278,20160829,000000278.B3LYP@PM6.S0,CH4NO5P,141.019921,0,1,molssiai-hub/pubchemqc-b3lyp,B3LYP/6-31G*//PM6 (gas phase),CC BY 4.0,10.1021/acs.jcim.3c00899,-8.008311,0.378238,8.386549,-8.008311,0.378238,5.819172,dataset_level_eV,inchikey_from_pubchem_cid,,false,false,false,false,false,false,,,,,-10.949844,,linear_2fold_v1,calibrated_estimate
FGLBSLMDCBOPQK-UHFFFAOYSA-N,398,20160829,000000398.B3LYP@PM6.S0,C3H7NO2,89.093180,0,1,molssiai-hub/pubchemqc-b3lyp,B3LYP/6-31G*//PM6 (gas phase),CC BY 4.0,10.1021/acs.jcim.3c00899,-7.850485,-1.594587,6.255897,-7.850485,-1.594587,3.686514,dataset_level_eV,inchikey_from_pubchem_cid,batt_orbit_pool;key_registry,true,true,false,false,false,false,-11.121600,0.587200,-3.271115,2.181787,,,,paired_anchor
FGSBNBBHOZHUBO-UHFFFAOYSA-N,71,20160829,000000071.B3LYP@PM6.S0,C6H8O5,160.124720,0,1,molssiai-hub/pubchemqc-b3lyp,B3LYP/6-31G*//PM6 (gas phase),CC BY 4.0,10.1021/acs.jcim.3c00899,-7.396054,-2.473515,4.922540,-7.396054,-2.473515,2.538857,dataset_level_eV,inchikey_from_pubchem_cid,,false,false,false,false,false,false,,,,,-10.329474,,linear_2fold_v1,calibrated_estimate
FHXAGOICBFGEBF-UHFFFAOYSA-N,488,20160829,000000488.B3LYP@PM6.S0,C11H17N3O7S,335.333580,0,1,molssiai-hub/pubchemqc-b3lyp,B3LYP/6-31G*//PM6 (gas phase),CC BY 4.0,10.1021/acs.jcim.3c00899,-6.547059,-1.417713,5.129346,-6.547059,-1.417713,5.286123,dataset_level_eV,inchikey_from_pubchem_cid,,false,false,false,false,false,false,,,,,-9.469229,,linear_2fold_v1,calibrated_estimate
FJABOXLKMYLFAN-UHFFFAOYSA-N,27,20160829,000000027.B3LYP@PM6.S0,C9H16N5O15P3,527.169123,0,1,molssiai-hub/pubchemqc-b3lyp,B3LYP/6-31G*//PM6 (gas phase),CC BY 4.0,10.1021/acs.jcim.3c00899,-6.253176,-1.853095,4.400081,-6.253176,-1.853095,9.685182,dataset_level_eV,inchikey_from_pubchem_cid,,false,false,false,false,false,false,,,,,-9.171452,,linear_2fold_v1,calibrated_estimate
FJKROLUGYXJWQN-UHFFFAOYSA-N,135,20160829,000000135.B3LYP@PM6.S0,C7H6O3,138.120740,0,1,molssiai-hub/pubchemqc-b3lyp,B3LYP/6-31G*//PM6 (gas phase),CC BY 4.0,10.1021/acs.jcim.3c00899,-6.498079,-0.887091,5.610988,-6.498079,-0.887091,5.777401,dataset_level_eV,inchikey_from_pubchem_cid,,false,false,false,false,false,false,,,,,-9.419600,,linear_2fold_v1,calibrated_estimate
FKNQCJSGGFJEIZ-UHFFFAOYSA-N,7963,20160829,000007963.B3LYP@PM6.S0,C6H7N,93.126480,0,1,molssiai-hub/pubchemqc-b3lyp,B3LYP/6-31G*//PM6 (gas phase),CC BY 4.0,10.1021/acs.jcim.3c00899,-6.740260,-0.555112,6.185148,-6.740260,-0.555112,2.640204,dataset_level_eV,inchikey_match_target,key_registry;targeted_harvest;viscosity_roster;viscosity_roster_sample,true,false,false,true,true,false,,,,,-9.664990,,linear_2fold_v1,calibrated_estimate
FMGSKLZLMKYGDP-UHFFFAOYSA-N,76,20160829,000000076.B3LYP@PM6.S0,C19H28O2,288.424420,0,1,molssiai-hub/pubchemqc-b3lyp,B3LYP/6-31G*//PM6 (gas phase),CC BY 4.0,10.1021/acs.jcim.3c00899,-6.220523,-0.318373,5.902149,-6.220523,-0.318373,2.386749,dataset_level_eV,inchikey_from_pubchem_cid,,false,false,false,false,false,false,,,,,-9.138366,,linear_2fold_v1,calibrated_estimate
FNUPJNCDWIHIRQ-UHFFFAOYSA-N,26,20160829,000000026.B3LYP@PM6.S0,C9H11N5O5,269.214140,0,1,molssiai-hub/pubchemqc-b3lyp,B3LYP/6-31G*//PM6 (gas phase),CC BY 4.0,10.1021/acs.jcim.3c00899,-6.206917,-1.812278,4.394639,-6.206917,-1.812278,7.339024,dataset_level_eV,inchikey_from_pubchem_cid,,false,false,false,false,false,false,,,,,-9.124580,,linear_2fold_v1,calibrated_estimate
FOCAUTSVDIKZOP-UHFFFAOYSA-N,300,20160829,000000300.B3LYP@PM6.S0,C2H3ClO2,94.497020,0,1,molssiai-hub/pubchemqc-b3lyp,B3LYP/6-31G*//PM6 (gas phase),CC BY 4.0,10.1021/acs.jcim.3c00899,-7.801504,-0.609535,7.191969,-7.801504,-0.609535,3.069887,dataset_level_eV,inchikey_from_pubchem_cid,,false,false,false,false,false,false,,,,,-10.740296,,linear_2fold_v1,calibrated_estimate
FOTXAJDDGPYIFU-UHFFFAOYSA-N,70933,20160829,000070933.B3LYP@PM6.S0,C5H10,70.132900,0,1,molssiai-hub/pubchemqc-b3lyp,B3LYP/6-31G*//PM6 (gas phase),CC BY 4.0,10.1021/acs.jcim.3c00899,-7.371564,2.737465,10.109030,-7.371564,2.737465,0.066889,dataset_level_eV,inchikey_match_target,epsilon_roster;key_registry;targeted_harvest,true,false,true,false,false,false,,,,,-10.304659,,linear_2fold_v1,calibrated_estimate
FSBIGDSBMBYOPN-UHFFFAOYSA-N,275,20160829,000000275.B3LYP@PM6.S0,C5H12N4O3,176.173780,0,1,molssiai-hub/pubchemqc-b3lyp,B3LYP/6-31G*//PM6 (gas phase),CC BY 4.0,10.1021/acs.jcim.3c00899,-6.046370,0.351027,6.397397,-6.046370,0.351027,6.458566,dataset_level_eV,inchikey_from_pubchem_cid,,false,false,false,false,false,false,,,,,-8.961905,,linear_2fold_v1,calibrated_estimate
FTDHDKPUHBLBTL-UHFFFAOYSA-N,623,20160829,000000623.B3LYP@PM6.S0,C9H15N3O10P2,387.177022,0,1,molssiai-hub/pubchemqc-b3lyp,B3LYP/6-31G*//PM6 (gas phase),CC BY 4.0,10.1021/acs.jcim.3c00899,-5.915755,-0.731986,5.183769,-5.915755,-0.731986,11.502355,dataset_level_eV,inchikey_from_pubchem_cid,,false,false,false,false,false,false,,,,,-8.829560,,linear_2fold_v1,calibrated_estimate
FVSKHRXBFJPNKK-UHFFFAOYSA-N,7854,20160829,000007854.B3LYP@PM6.S0,C3H5N,55.078500,0,1,molssiai-hub/pubchemqc-b3lyp,B3LYP/6-31G*//PM6 (gas phase),CC BY 4.0,10.1021/acs.jcim.3c00899,-8.767508,0.897976,9.665484,-8.767508,0.897976,3.873992,dataset_level_eV,inchikey_match_target,batt_orbit_pool;epsilon_roster;key_registry;targeted_harvest;viscosity_roster;viscosity_roster_sample,true,true,true,true,true,false,-11.870200,1.767100,-3.102692,0.869124,,,,paired_anchor
FXFANIORDKRCCA-UHFFFAOYSA-N,413,20160829,000000413.B3LYP@PM6.S0,C9H10N2O,162.188500,0,1,molssiai-hub/pubchemqc-b3lyp,B3LYP/6-31G*//PM6 (gas phase),CC BY 4.0,10.1021/acs.jcim.3c00899,-6.696722,-0.963283,5.733439,-6.696722,-0.963283,2.000537,dataset_level_eV,inchikey_from_pubchem_cid,,false,false,false,false,false,false,,,,,-9.620875,,linear_2fold_v1,calibrated_estimate
FXHOOIRPVKKKFG-UHFFFAOYSA-N,31374,20160829,000031374.B3LYP@PM6.S0,C4H9NO,87.120360,0,1,molssiai-hub/pubchemqc-b3lyp,B3LYP/6-31G*//PM6 (gas phase),CC BY 4.0,10.1021/acs.jcim.3c00899,-6.277667,0.868043,7.145710,-6.277667,0.868043,3.567306,dataset_level_eV,inchikey_match_target,batt_orbit_pool;epsilon_roster;key_registry;targeted_harvest;viscosity_roster,true,true,true,true,false,false,-9.130700,1.629700,-2.853033,0.761657,,,,paired_anchor
FYIRUPZTYPILDH-UHFFFAOYSA-N,79009,20160829,000079009.B3LYP@PM6.S0,C3H2F6,152.038399,0,1,molssiai-hub/pubchemqc-b3lyp,B3LYP/6-31G*//PM6 (gas phase),CC BY 4.0,10.1021/acs.jcim.3c00899,-9.608340,0.832668,10.441008,-9.608340,0.832668,0.578990,dataset_level_eV,inchikey_match_target,epsilon_roster;key_registry;targeted_harvest,true,false,true,false,false,false,,,,,-12.571074,,linear_2fold_v1,calibrated_estimate
FZQOIMPLZAYIKU-UHFFFAOYSA-N,404,20160829,000000404.B3LYP@PM6.S0,C6H14N2O3,162.186960,0,1,molssiai-hub/pubchemqc-b3lyp,B3LYP/6-31G*//PM6 (gas phase),CC BY 4.0,10.1021/acs.jcim.3c00899,-6.247734,0.187759,6.435493,-6.247734,0.187759,3.118203,dataset_level_eV,inchikey_from_pubchem_cid,,false,false,false,false,false,false,,,,,-9.165938,,linear_2fold_v1,calibrated_estimate
GACSIVHAIFQKTC-UHFFFAOYSA-N,122,20160829,000000122.B3LYP@PM6.S0,C8H8O6,200.145520,0,1,molssiai-hub/pubchemqc-b3lyp,B3LYP/6-31G*//PM6 (gas phase),CC BY 4.0,10.1021/acs.jcim.3c00899,-7.167479,-1.564655,5.602824,-7.167479,-1.564655,6.430337,dataset_level_eV,inchikey_from_pubchem_cid,,false,false,false,false,false,false,,,,,-10.097870,,linear_2fold_v1,calibrated_estimate
GACTWZZMVMUKNG-UHFFFAOYSA-N,618,20160829,000000618.B3LYP@PM6.S0,C6H15O9P,262.151661,0,1,molssiai-hub/pubchemqc-b3lyp,B3LYP/6-31G*//PM6 (gas phase),CC BY 4.0,10.1021/acs.jcim.3c00899,-6.174263,-0.051702,6.122562,-6.174263,-0.051702,8.385434,dataset_level_eV,inchikey_from_pubchem_cid,,false,false,false,false,false,false,,,,,-9.091493,,linear_2fold_v1,calibrated_estimate
GAEKPEKOJKCEMS-UHFFFAOYSA-N,7921,20160829,000007921.B3LYP@PM6.S0,C5H8O2,100.115820,0,1,molssiai-hub/pubchemqc-b3lyp,B3LYP/6-31G*//PM6 (gas phase),CC BY 4.0,10.1021/acs.jcim.3c00899,-7.194690,0.285720,7.480410,-7.194690,0.285720,4.545563,dataset_level_eV,inchikey_match_target,batt_orbit_pool;epsilon_roster;key_registry;targeted_harvest;viscosity_roster;viscosity_roster_sample,true,true,true,true,true,false,-10.329800,1.645300,-3.135110,1.359580,,,,paired_anchor
GCPXMJHSNVMWNM-UHFFFAOYSA-N,545,20160829,000000545.B3LYP@PM6.S0,AsH3O3,125.943620,0,1,molssiai-hub/pubchemqc-b3lyp,B3LYP/6-31G*//PM6 (gas phase),CC BY 4.0,10.1021/acs.jcim.3c00899,-7.597419,-1.028590,6.568828,-7.597419,-1.028590,0.813362,dataset_level_eV,inchikey_from_pubchem_cid,,false,false,false,false,false,false,,,,,-10.533507,,linear_2fold_v1,calibrated_estimate
GDOPTJXRTPNYNR-UHFFFAOYSA-N,7296,20160829,000007296.B3LYP@PM6.S0,C6H12,84.159480,0,1,molssiai-hub/pubchemqc-b3lyp,B3LYP/6-31G*//PM6 (gas phase),CC BY 4.0,10.1021/acs.jcim.3c00899,-8.310357,2.166026,10.476383,-8.310357,2.166026,0.072764,dataset_level_eV,inchikey_match_target,epsilon_roster;key_registry;targeted_harvest;viscosity_roster;viscosity_roster_sample,true,false,true,true,true,false,,,,,-11.255892,,linear_2fold_v1,calibrated_estimate
GDUBPWSFXUAETN-UHFFFAOYSA-N,633,20160829,000000633.B3LYP@PM6.S0,C50H70O2,703.089600,0,1,molssiai-hub/pubchemqc-b3lyp,B3LYP/6-31G*//PM6 (gas phase),CC BY 4.0,10.1021/acs.jcim.3c00899,-5.755208,-2.756513,2.998695,-5.755208,-2.756513,2.361372,dataset_level_eV,inchikey_from_pubchem_cid,,false,false,false,false,false,false,,,,,-8.666885,,linear_2fold_v1,calibrated_estimate
GETQZCLCWQTVFV-UHFFFAOYSA-N,1146,20160829,000001146.B3LYP@PM6.S0,C3H9N,59.110260,0,1,molssiai-hub/pubchemqc-b3lyp,B3LYP/6-31G*//PM6 (gas phase),CC BY 4.0,10.1021/acs.jcim.3c00899,-5.787862,2.293920,8.081781,-5.787862,2.293920,0.797524,dataset_level_eV,inchikey_match_target,batt_orbit_pool;epsilon_roster;key_registry;targeted_harvest,true,true,true,false,false,false,-8.657600,1.929900,-2.869738,-0.364020,,,,paired_anchor
GETTZEONDQJALK-UHFFFAOYSA-N,7368,20160829,000007368.B3LYP@PM6.S0,C7H5F3,146.109810,0,1,molssiai-hub/pubchemqc-b3lyp,B3LYP/6-31G*//PM6 (gas phase),CC BY 4.0,10.1021/acs.jcim.3c00899,-7.306257,-0.862601,6.443656,-7.306257,-0.862601,3.061355,dataset_level_eV,inchikey_match_target,epsilon_roster;key_registry;targeted_harvest,true,false,true,false,false,false,,,,,-10.238487,,linear_2fold_v1,calibrated_estimate
GFFGJBXGBJISGV-UHFFFAOYSA-N,190,20160829,000000190.B3LYP@PM6.S0,C5H5N5,135.126700,0,1,molssiai-hub/pubchemqc-b3lyp,B3LYP/6-31G*//PM6 (gas phase),CC BY 4.0,10.1021/acs.jcim.3c00899,-6.264061,-1.031311,5.232749,-6.264061,-1.031311,6.816177,dataset_level_eV,inchikey_match_target,key_registry;targeted_harvest;viscosity_roster;viscosity_roster_sample,true,false,false,true,true,false,,,,,-9.182481,,linear_2fold_v1,calibrated_estimate
GFXYTQPNNXGICT-UHFFFAOYSA-N,207,20160829,000000207.B3LYP@PM6.S0,C6H11NO3,145.156440,0,1,molssiai-hub/pubchemqc-b3lyp,B3LYP/6-31G*//PM6 (gas phase),CC BY 4.0,10.1021/acs.jcim.3c00899,-6.849106,-0.859880,5.989226,-6.849106,-0.859880,1.575922,dataset_level_eV,inchikey_from_pubchem_cid,,false,false,false,false,false,false,,,,,-9.775278,,linear_2fold_v1,calibrated_estimate
GJQWCDSAOUMKSE-UHFFFAOYSA-N,18,20160829,000000018.B3LYP@PM6.S0,C6H8O7,192.123520,0,1,molssiai-hub/pubchemqc-b3lyp,B3LYP/6-31G*//PM6 (gas phase),CC BY 4.0,10.1021/acs.jcim.3c00899,-7.012374,-3.145636,3.866738,-7.012374,-3.145636,1.040502,verified_eV_audited,inchikey_from_pubchem_cid,,false,false,false,false,false,false,,,,,-9.940710,,linear_2fold_v1,calibrated_estimate
GJRQTCIYDGXPES-UHFFFAOYSA-N,8038,20160829,000008038.B3LYP@PM6.S0,C6H12O2,116.158280,0,1,molssiai-hub/pubchemqc-b3lyp,B3LYP/6-31G*//PM6 (gas phase),CC BY 4.0,10.1021/acs.jcim.3c00899,-7.306257,0.312931,7.619188,-7.306257,0.312931,1.578068,dataset_level_eV,inchikey_match_target,batt_orbit_pool;epsilon_roster;key_registry;targeted_harvest,true,true,true,false,false,false,-10.453400,1.607800,-3.147143,1.294869,,,,paired_anchor
GJXWDTUCERCKIX-UHFFFAOYSA-N,572,20160829,000000572.B3LYP@PM6.S0,C4H10NO5P,183.099661,0,1,molssiai-hub/pubchemqc-b3lyp,B3LYP/6-31G*//PM6 (gas phase),CC BY 4.0,10.1021/acs.jcim.3c00899,-6.955230,-0.258508,6.696722,-6.955230,-0.258508,3.440392,dataset_level_eV,inchikey_from_pubchem_cid,,false,false,false,false,false,false,,,,,-9.882808,,linear_2fold_v1,calibrated_estimate
GLDQAMYCGOIJDV-UHFFFAOYSA-N,19,20160829,000000019.B3LYP@PM6.S0,C7H6O4,154.120140,0,1,molssiai-hub/pubchemqc-b3lyp,B3LYP/6-31G*//PM6 (gas phase),CC BY 4.0,10.1021/acs.jcim.3c00899,-6.046370,-1.518395,4.527974,-6.046370,-1.518395,2.601564,verified_eV_audited,inchikey_from_pubchem_cid,,false,false,false,false,false,false,,,,,-8.961905,,linear_2fold_v1,calibrated_estimate
GMVPRGQOIOIIMI-UHFFFAOYSA-N,214,20160829,000000214.B3LYP@PM6.S0,C20H34O5,354.480960,0,1,molssiai-hub/pubchemqc-b3lyp,B3LYP/6-31G*//PM6 (gas phase),CC BY 4.0,10.1021/acs.jcim.3c00899,-6.555223,-0.870764,5.684458,-6.555223,-0.870764,4.416519,dataset_level_eV,inchikey_from_pubchem_cid,,false,false,false,false,false,false,,,,,-9.477501,,linear_2fold_v1,calibrated_estimate
GNGACRATGGDKBX-UHFFFAOYSA-N,668,20160829,000000668.B3LYP@PM6.S0,C3H7O6P,170.057841,0,1,molssiai-hub/pubchemqc-b3lyp,B3LYP/6-31G*//PM6 (gas phase),CC BY 4.0,10.1021/acs.jcim.3c00899,-7.654563,-1.795951,5.858611,-7.654563,-1.795951,5.093770,dataset_level_eV,inchikey_from_pubchem_cid,,false,false,false,false,false,false,,,,,-10.591408,,linear_2fold_v1,calibrated_estimate
GNGKJKOKYSKNNW-UHFFFAOYSA-N,118783,20160829,000118783.B3LYP@PM6.S0,C5H10OS2,150.262300,0,1,molssiai-hub/pubchemqc-b3lyp,B3LYP/6-31G*//PM6 (gas phase),CC BY 4.0,10.1021/acs.jcim.3c00899,-6.122562,-0.995937,5.126625,-6.122562,-0.995937,4.479997,dataset_level_eV,inchikey_match_target,batt_calibration_sample;batt_orbit_pool;key_registry;targeted_harvest,true,true,false,false,false,true,-8.711100,0.175000,-2.588538,1.170937,,,,paired_anchor
GOYDNIKZWGIXJT-UHFFFAOYSA-N,9706,20160829,000009706.B3LYP@PM6.S0,C6H4F2,114.092766,0,1,molssiai-hub/pubchemqc-b3lyp,B3LYP/6-31G*//PM6 (gas phase),CC BY 4.0,10.1021/acs.jcim.3c00899,-6.620530,-0.375517,6.245013,-6.620530,-0.375517,2.135894,dataset_level_eV,inchikey_match_target,epsilon_roster;key_registry;targeted_harvest,true,false,true,false,false,false,,,,,-9.543673,,linear_2fold_v1,calibrated_estimate
GPKJTRJOBQGKQK-UHFFFAOYSA-N,237,20160829,000000237.B3LYP@PM6.S0,C23H30ClN3O,399.956800,0,1,molssiai-hub/pubchemqc-b3lyp,B3LYP/6-31G*//PM6 (gas phase),CC BY 4.0,10.1021/acs.jcim.3c00899,-4.985126,-1.697990,3.287135,-4.985126,-1.697990,6.063082,dataset_level_eV,inchikey_from_pubchem_cid,,false,false,false,false,false,false,,,,,-7.886599,,linear_2fold_v1,calibrated_estimate
GQHTUMJGOHRCHB-UHFFFAOYSA-N,81184,20160829,000081184.B3LYP@PM6.S0,C9H16N2,152.236740,0,1,molssiai-hub/pubchemqc-b3lyp,B3LYP/6-31G*//PM6 (gas phase),CC BY 4.0,10.1021/acs.jcim.3c00899,-5.542959,0.791851,6.334810,-5.542959,0.791851,2.620392,dataset_level_eV,inchikey_match_target,key_registry;targeted_harvest;viscosity_roster;viscosity_roster_sample,true,false,false,true,true,false,,,,,-8.451824,,linear_2fold_v1,calibrated_estimate
GQUFOBHEPVFQMD-UHFFFAOYSA-N,433,20160829,000000433.B3LYP@PM6.S0,C10H12N2O2,192.214480,0,1,molssiai-hub/pubchemqc-b3lyp,B3LYP/6-31G*//PM6 (gas phase),CC BY 4.0,10.1021/acs.jcim.3c00899,-6.696722,-0.960562,5.736160,-6.696722,-0.960562,2.183671,dataset_level_eV,inchikey_from_pubchem_cid,,false,false,false,false,false,false,,,,,-9.620875,,linear_2fold_v1,calibrated_estimate
GSCLMSFRWBPUSK-UHFFFAOYSA-N,18303,20160829,000018303.B3LYP@PM6.S0,C4H6O2,86.089240,0,1,molssiai-hub/pubchemqc-b3lyp,B3LYP/6-31G*//PM6 (gas phase),CC BY 4.0,10.1021/acs.jcim.3c00899,-7.553880,0.160547,7.714428,-7.553880,0.160547,4.289334,dataset_level_eV,inchikey_match_target,key_registry;targeted_harvest;viscosity_roster;viscosity_roster_sample,true,false,false,true,true,false,,,,,-10.489391,,linear_2fold_v1,calibrated_estimate
GSEJCLTVZPLZKY-UHFFFAOYSA-N,7618,20160829,000007618.B3LYP@PM6.S0,C6H15NO3,149.188200,0,1,molssiai-hub/pubchemqc-b3lyp,B3LYP/6-31G*//PM6 (gas phase),CC BY 4.0,10.1021/acs.jcim.3c00899,-6.533454,0.642189,7.175642,-6.533454,0.642189,2.964894,dataset_level_eV,inchikey_match_target,epsilon_roster;key_registry;targeted_harvest;viscosity_roster,true,false,true,true,false,false,,,,,-9.455444,,linear_2fold_v1,calibrated_estimate
GSNUFIFRDBKVIE-UHFFFAOYSA-N,12266,20160829,000012266.B3LYP@PM6.S0,C6H8O,96.127120,0,1,molssiai-hub/pubchemqc-b3lyp,B3LYP/6-31G*//PM6 (gas phase),CC BY 4.0,10.1021/acs.jcim.3c00899,-5.409623,0.617698,6.027322,-5.409623,0.617698,0.287930,dataset_level_eV,inchikey_match_target,batt_orbit_pool;key_registry;targeted_harvest;viscosity_roster;viscosity_roster_sample,true,true,false,true,true,false,-8.297900,1.740000,-2.888277,1.122302,,,,paired_anchor
GSXOAOHZAIYLCY-UHFFFAOYSA-N,603,20160829,000000603.B3LYP@PM6.S0,C6H13O9P,260.135781,0,1,molssiai-hub/pubchemqc-b3lyp,B3LYP/6-31G*//PM6 (gas phase),CC BY 4.0,10.1021/acs.jcim.3c00899,-7.227344,-1.583703,5.643641,-7.227344,-1.583703,4.635429,dataset_level_eV,inchikey_from_pubchem_cid,,false,false,false,false,false,false,,,,,-10.158528,,linear_2fold_v1,calibrated_estimate
GTZCVFVGUGFEME-UHFFFAOYSA-N,309,20160829,000000309.B3LYP@PM6.S0,C6H6O6,174.108240,0,1,molssiai-hub/pubchemqc-b3lyp,B3LYP/6-31G*//PM6 (gas phase),CC BY 4.0,10.1021/acs.jcim.3c00899,-7.700822,-2.764677,4.936145,-7.700822,-2.764677,3.509259,dataset_level_eV,inchikey_from_pubchem_cid,,false,false,false,false,false,false,,,,,-10.638280,,linear_2fold_v1,calibrated_estimate
GUAHPAJOXVYFON-UHFFFAOYSA-N,173,20160829,000000173.B3LYP@PM6.S0,C9H17NO3,187.236180,0,1,molssiai-hub/pubchemqc-b3lyp,B3LYP/6-31G*//PM6 (gas phase),CC BY 4.0,10.1021/acs.jcim.3c00899,-6.196032,-0.427219,5.768814,-6.196032,-0.427219,3.803732,dataset_level_eV,inchikey_from_pubchem_cid,,false,false,false,false,false,false,,,,,-9.113550,,linear_2fold_v1,calibrated_estimate
GUBGYTABKSRVRQ-UHFFFAOYSA-N,294,20160829,000000294.B3LYP@PM6.S0,C12H22O11,342.296480,0,1,molssiai-hub/pubchemqc-b3lyp,B3LYP/6-31G*//PM6 (gas phase),CC BY 4.0,10.1021/acs.jcim.3c00899,-6.658626,1.148320,7.806946,-6.658626,1.148320,3.785400,dataset_level_eV,inchikey_from_pubchem_cid,,false,false,false,false,false,false,,,,,-9.582274,,linear_2fold_v1,calibrated_estimate
GUYHPGUANSLONG-UHFFFAOYSA-N,589,20160829,000000589.B3LYP@PM6.S0,C7H13NO2,143.183620,0,1,molssiai-hub/pubchemqc-b3lyp,B3LYP/6-31G*//PM6 (gas phase),CC BY 4.0,10.1021/acs.jcim.3c00899,-4.609609,-0.062586,4.547022,-4.609609,-0.062586,14.412729,dataset_level_eV,inchikey_from_pubchem_cid,,false,false,false,false,false,false,,,,,-7.506106,,linear_2fold_v1,calibrated_estimate
GWYFCOCPABKNJV-UHFFFAOYSA-N,10430,20160829,000010430.B3LYP@PM6.S0,C5H10O2,102.131700,0,1,molssiai-hub/pubchemqc-b3lyp,B3LYP/6-31G*//PM6 (gas phase),CC BY 4.0,10.1021/acs.jcim.3c00899,-7.319863,0.171432,7.491294,-7.319863,0.171432,4.432323,dataset_level_eV,inchikey_match_target,epsilon_roster;key_registry;targeted_harvest,true,false,true,false,false,false,,,,,-10.252273,,linear_2fold_v1,calibrated_estimate
GXIURPTVHJPJLF-UHFFFAOYSA-N,59,20160829,000000059.B3LYP@PM6.S0,C3H7O7P,186.057241,0,1,molssiai-hub/pubchemqc-b3lyp,B3LYP/6-31G*//PM6 (gas phase),CC BY 4.0,10.1021/acs.jcim.3c00899,-7.314420,-0.326537,6.987884,-7.314420,-0.326537,4.381183,dataset_level_eV,inchikey_from_pubchem_cid,,false,false,false,false,false,false,,,,,-10.246758,,linear_2fold_v1,calibrated_estimate
GXWRCBMYVOWMBQ-UHFFFAOYSA-N,377,20160829,000000377.B3LYP@PM6.S0,C20H39NO12P2,547.470682,0,1,molssiai-hub/pubchemqc-b3lyp,B3LYP/6-31G*//PM6 (gas phase),CC BY 4.0,10.1021/acs.jcim.3c00899,-6.087187,-0.712938,5.374249,-6.087187,-0.712938,4.180740,dataset_level_eV,inchikey_from_pubchem_cid,,false,false,false,false,false,false,,,,,-9.003263,,linear_2fold_v1,calibrated_estimate
GYCKQBWUSACYIF-UHFFFAOYSA-N,8365,20160829,000008365.B3LYP@PM6.S0,C9H10O3,166.173900,0,1,molssiai-hub/pubchemqc-b3lyp,B3LYP/6-31G*//PM6 (gas phase),CC BY 4.0,10.1021/acs.jcim.3c00899,-6.182427,-0.802736,5.379691,-6.182427,-0.802736,2.274213,dataset_level_eV,inchikey_match_target,key_registry;targeted_harvest;viscosity_roster;viscosity_roster_sample,true,false,false,true,true,false,,,,,-9.099765,,linear_2fold_v1,calibrated_estimate
GZPHSAQLYPIAIN-UHFFFAOYSA-N,79,20160829,000000079.B3LYP@PM6.S0,C6H4N2,104.109360,0,1,molssiai-hub/pubchemqc-b3lyp,B3LYP/6-31G*//PM6 (gas phase),CC BY 4.0,10.1021/acs.jcim.3c00899,-7.586534,-1.861259,5.725275,-7.586534,-1.861259,3.835097,dataset_level_eV,inchikey_from_pubchem_cid,batt_orbit_pool;key_registry,true,true,false,false,false,false,-10.085800,0.398600,-2.499266,2.259859,,,,paired_anchor
HAAZLUGHYHWQIW-UHFFFAOYSA-N,646,20160829,000000646.B3LYP@PM6.S0,C10H16N5O13P3,507.181023,0,1,molssiai-hub/pubchemqc-b3lyp,B3LYP/6-31G*//PM6 (gas phase),CC BY 4.0,10.1021/acs.jcim.3c00899,-6.027322,-0.949677,5.077644,-6.027322,-0.949677,9.773950,dataset_level_eV,inchikey_from_pubchem_cid,,false,false,false,false,false,false,,,,,-8.942605,,linear_2fold_v1,calibrated_estimate
HBNYJWAFDZLWRS-UHFFFAOYSA-N,10966,20160829,000010966.B3LYP@PM6.S0,C3H5NS,87.143500,0,1,molssiai-hub/pubchemqc-b3lyp,B3LYP/6-31G*//PM6 (gas phase),CC BY 4.0,10.1021/acs.jcim.3c00899,-6.574271,-0.220412,6.353858,-6.574271,-0.220412,3.948148,dataset_level_eV,inchikey_match_target,batt_orbit_pool;epsilon_roster;key_registry;targeted_harvest,true,true,true,false,false,false,-9.314900,1.358300,-2.740629,1.578712,,,,paired_anchor
HBZDPWBWBJMYRY-UHFFFAOYSA-N,74791,20160829,000074791.B3LYP@PM6.S0,C10H19N,153.264560,0,1,molssiai-hub/pubchemqc-b3lyp,B3LYP/6-31G*//PM6 (gas phase),CC BY 4.0,10.1021/acs.jcim.3c00899,-8.032801,1.053081,9.085881,-8.032801,1.053081,4.254818,dataset_level_eV,inchikey_match_target,epsilon_roster;key_registry;targeted_harvest,true,false,true,false,false,false,,,,,-10.974658,,linear_2fold_v1,calibrated_estimate
HDYANYHVCAPMJV-UHFFFAOYSA-N,390,20160829,000000390.B3LYP@PM6.S0,C15H22N2O18P2,580.285302,0,1,molssiai-hub/pubchemqc-b3lyp,B3LYP/6-31G*//PM6 (gas phase),CC BY 4.0,10.1021/acs.jcim.3c00899,-7.341632,-2.160584,5.181048,-7.341632,-2.160584,10.096094,dataset_level_eV,inchikey_from_pubchem_cid,,false,false,false,false,false,false,,,,,-10.274331,,linear_2fold_v1,calibrated_estimate
HEBKCHPVOIAQTA-NGQZWQHPSA-N,6912,20160829,000006912.B3LYP@PM6.S0,C5H12O5,152.145780,0,1,molssiai-hub/pubchemqc-b3lyp,B3LYP/6-31G*//PM6 (gas phase),CC BY 4.0,10.1021/acs.jcim.3c00899,-6.748423,1.289820,8.038243,-6.748423,1.289820,2.493872,dataset_level_eV,inchikey_match_target,epsilon_roster;key_registry;targeted_harvest,true,false,true,false,false,false,,,,,-9.673261,,linear_2fold_v1,calibrated_estimate
HEDRZPFGACZZDS-UHFFFAOYSA-N,6212,20160829,000006212.B3LYP@PM6.S0,CHCl3,119.377640,0,1,molssiai-hub/pubchemqc-b3lyp,B3LYP/6-31G*//PM6 (gas phase),CC BY 4.0,10.1021/acs.jcim.3c00899,-8.435529,-0.881649,7.553880,-8.435529,-0.881649,1.336695,dataset_level_eV,inchikey_match_target,key_registry;targeted_harvest;viscosity_roster;viscosity_roster_sample,true,false,false,true,true,false,,,,,-11.382723,,linear_2fold_v1,calibrated_estimate
HEHQDWUWJVPREQ-UHFFFAOYSA-N,257,20160829,000000257.B3LYP@PM6.S0,C34H66NO12P,711.861101,0,1,molssiai-hub/pubchemqc-b3lyp,B3LYP/6-31G*//PM6 (gas phase),CC BY 4.0,10.1021/acs.jcim.3c00899,-6.718491,-0.595929,6.122562,-6.718491,-0.595929,6.522417,dataset_level_eV,inchikey_from_pubchem_cid,,false,false,false,false,false,false,,,,,-9.642932,,linear_2fold_v1,calibrated_estimate
HEPUIGACZYVUCD-UHFFFAOYSA-N,578,20160829,000000578.B3LYP@PM6.S0,C12H23NO10,341.311720,0,1,molssiai-hub/pubchemqc-b3lyp,B3LYP/6-31G*//PM6 (gas phase),CC BY 4.0,10.1021/acs.jcim.3c00899,-6.370185,1.039475,7.409660,-6.370185,1.039475,4.145466,dataset_level_eV,inchikey_from_pubchem_cid,,false,false,false,false,false,false,,,,,-9.290011,,linear_2fold_v1,calibrated_estimate
HERSSAVMHCMYSQ-UHFFFAOYSA-N,16,20160829,000000016.B3LYP@PM6.S0,C12H22N2O2,226.315280,0,1,molssiai-hub/pubchemqc-b3lyp,B3LYP/6-31G*//PM6 (gas phase),CC BY 4.0,10.1021/acs.jcim.3c00899,-6.587876,0.693890,7.281767,-6.587876,0.693890,0.000106,verified_eV_audited,inchikey_from_pubchem_cid,,false,false,false,false,false,false,,,,,-9.510587,,linear_2fold_v1,calibrated_estimate
HEXMLHKQVUFYME-UHFFFAOYSA-N,128,20160829,000000128.B3LYP@PM6.S0,C6H8N2O3,156.139320,0,1,molssiai-hub/pubchemqc-b3lyp,B3LYP/6-31G*//PM6 (gas phase),CC BY 4.0,10.1021/acs.jcim.3c00899,-6.963393,-0.846274,6.117119,-6.963393,-0.846274,5.472666,dataset_level_eV,inchikey_from_pubchem_cid,,false,false,false,false,false,false,,,,,-9.891080,,linear_2fold_v1,calibrated_estimate
HFKQINMYQUXOCH-UHFFFAOYSA-N,124,20160829,000000124.B3LYP@PM6.S0,C5H8O4,132.114620,0,1,molssiai-hub/pubchemqc-b3lyp,B3LYP/6-31G*//PM6 (gas phase),CC BY 4.0,10.1021/acs.jcim.3c00899,-7.319863,-2.639504,4.680358,-7.319863,-2.639504,1.605676,dataset_level_eV,inchikey_from_pubchem_cid,,false,false,false,false,false,false,,,,,-10.252273,,linear_2fold_v1,calibrated_estimate
HFYBTHCYPKEDQQ-UHFFFAOYSA-N,606,20160829,000000606.B3LYP@PM6.S0,C6H11N2O6P,238.135101,0,1,molssiai-hub/pubchemqc-b3lyp,B3LYP/6-31G*//PM6 (gas phase),CC BY 4.0,10.1021/acs.jcim.3c00899,-6.198754,0.084355,6.283109,-6.198754,0.084355,3.873108,dataset_level_eV,inchikey_from_pubchem_cid,,false,false,false,false,false,false,,,,,-9.116308,,linear_2fold_v1,calibrated_estimate
HGCIXCUEYOPUTN-UHFFFAOYSA-N,8079,20160829,000008079.B3LYP@PM6.S0,C6H10,82.143600,0,1,molssiai-hub/pubchemqc-b3lyp,B3LYP/6-31G*//PM6 (gas phase),CC BY 4.0,10.1021/acs.jcim.3c00899,-6.334810,0.887091,7.221902,-6.334810,0.887091,0.214775,dataset_level_eV,inchikey_match_target,epsilon_roster;key_registry;targeted_harvest;viscosity_roster;viscosity_roster_sample,true,false,true,true,true,false,,,,,-9.254167,,linear_2fold_v1,calibrated_estimate
HHKPKXCSHMJWCF-UHFFFAOYSA-N,513,20160829,000000513.B3LYP@PM6.S0,C7H10O7,206.150100,0,1,molssiai-hub/pubchemqc-b3lyp,B3LYP/6-31G*//PM6 (gas phase),CC BY 4.0,10.1021/acs.jcim.3c00899,-7.409660,-1.281656,6.128004,-7.409660,-1.281656,4.891426,dataset_level_eV,inchikey_from_pubchem_cid,,false,false,false,false,false,false,,,,,-10.343260,,linear_2fold_v1,calibrated_estimate
HHPOUCCVONEPRK-UHFFFAOYSA-N,507,20160829,000000507.B3LYP@PM6.S0,C12H21N3O13P2,477.254962,0,1,molssiai-hub/pubchemqc-b3lyp,B3LYP/6-31G*//PM6 (gas phase),CC BY 4.0,10.1021/acs.jcim.3c00899,-6.092629,-1.083013,5.009616,-6.092629,-1.083013,7.989593,dataset_level_eV,inchikey_from_pubchem_cid,,false,false,false,false,false,false,,,,,-9.008777,,linear_2fold_v1,calibrated_estimate
HIQNVODXENYOFK-UHFFFAOYSA-N,5,20160829,000000005.B3LYP@PM6.S0,C3H8NO5P,169.073081,0,1,molssiai-hub/pubchemqc-b3lyp,B3LYP/6-31G*//PM6 (gas phase),CC BY 4.0,10.1021/acs.jcim.3c00899,-7.028701,-1.371454,5.657247,-7.028701,-1.371454,6.730409,verified_eV_audited,inchikey_from_pubchem_cid,,false,false,false,false,false,false,,,,,-9.957253,,linear_2fold_v1,calibrated_estimate
HJQWLHMLMCDAEL-UHFFFAOYSA-N,388,20160829,000000388.B3LYP@PM6.S0,C25H40N7O20P3S,883.606283,0,1,molssiai-hub/pubchemqc-b3lyp,B3LYP/6-31G*//PM6 (gas phase),CC BY 4.0,10.1021/acs.jcim.3c00899,-6.266782,-1.156484,5.110298,-6.266782,-1.156484,4.527494,dataset_level_eV,inchikey_from_pubchem_cid,,false,false,false,false,false,false,,,,,-9.185238,,linear_2fold_v1,calibrated_estimate
HKAJKOBDBFGGIU-UHFFFAOYSA-N,357,20160829,000000357.B3LYP@PM6.S0,C6H4Cl4,217.907960,0,1,molssiai-hub/pubchemqc-b3lyp,B3LYP/6-31G*//PM6 (gas phase),CC BY 4.0,10.1021/acs.jcim.3c00899,-7.409660,-1.689827,5.719833,-7.409660,-1.689827,0.000054,dataset_level_eV,inchikey_from_pubchem_cid,,false,false,false,false,false,false,,,,,-10.343260,,linear_2fold_v1,calibrated_estimate
HKEAOVFNWRDVAJ-UHFFFAOYSA-N,561,20160829,000000561.B3LYP@PM6.S0,C6H11O6PS,242.186701,0,1,molssiai-hub/pubchemqc-b3lyp,B3LYP/6-31G*//PM6 (gas phase),CC BY 4.0,10.1021/acs.jcim.3c00899,-6.364743,-2.587803,3.776940,-6.364743,-2.587803,6.314241,dataset_level_eV,inchikey_from_pubchem_cid,,false,false,false,false,false,false,,,,,-9.284497,,linear_2fold_v1,calibrated_estimate
HKKHTABTHSUDBP-UHFFFAOYSA-N,97,20160829,000000097.B3LYP@PM6.S0,C12H20O11,340.280600,0,1,molssiai-hub/pubchemqc-b3lyp,B3LYP/6-31G*//PM6 (gas phase),CC BY 4.0,10.1021/acs.jcim.3c00899,-6.789241,-1.303425,5.485815,-6.789241,-1.303425,2.408574,dataset_level_eV,inchikey_from_pubchem_cid,,false,false,false,false,false,false,,,,,-9.714620,,linear_2fold_v1,calibrated_estimate
HLKXYZVTANABHZ-UHFFFAOYSA-N,279,20160829,000000279.B3LYP@PM6.S0,C5H8N2O5,176.127420,0,1,molssiai-hub/pubchemqc-b3lyp,B3LYP/6-31G*//PM6 (gas phase),CC BY 4.0,10.1021/acs.jcim.3c00899,-7.191969,-0.639468,6.552502,-7.191969,-0.639468,4.505196,dataset_level_eV,inchikey_from_pubchem_cid,,false,false,false,false,false,false,,,,,-10.122684,,linear_2fold_v1,calibrated_estimate
HLRUKOJSWOKCPP-UHFFFAOYSA-N,211,20160829,000000211.B3LYP@PM6.S0,C14H18N2O4,278.303720,0,1,molssiai-hub/pubchemqc-b3lyp,B3LYP/6-31G*//PM6 (gas phase),CC BY 4.0,10.1021/acs.jcim.3c00899,-5.825958,-0.397286,5.428671,-5.825958,-0.397286,1.497539,dataset_level_eV,inchikey_from_pubchem_cid,,false,false,false,false,false,false,,,,,-8.738573,,linear_2fold_v1,calibrated_estimate
HMXOGGUFCBUALL-UHFFFAOYSA-N,585,20160829,000000585.B3LYP@PM6.S0,C10H8O4,192.168120,0,1,molssiai-hub/pubchemqc-b3lyp,B3LYP/6-31G*//PM6 (gas phase),CC BY 4.0,10.1021/acs.jcim.3c00899,-6.400118,-2.672158,3.727960,-6.400118,-2.672158,6.955437,dataset_level_eV,inchikey_from_pubchem_cid,,false,false,false,false,false,false,,,,,-9.320341,,linear_2fold_v1,calibrated_estimate
HNOAJOYERZTSNK-UHFFFAOYSA-N,553,20160829,000000553.B3LYP@PM6.S0,C7H10O6,190.150700,0,1,molssiai-hub/pubchemqc-b3lyp,B3LYP/6-31G*//PM6 (gas phase),CC BY 4.0,10.1021/acs.jcim.3c00899,-7.145710,-3.229991,3.915718,-7.145710,-3.229991,5.841392,dataset_level_eV,inchikey_from_pubchem_cid,,false,false,false,false,false,false,,,,,-10.075812,,linear_2fold_v1,calibrated_estimate
HPEKPJGPWNSAAV-UHFFFAOYSA-N,542,20160829,000000542.B3LYP@PM6.S0,C6H6O4,142.109440,0,1,molssiai-hub/pubchemqc-b3lyp,B3LYP/6-31G*//PM6 (gas phase),CC BY 4.0,10.1021/acs.jcim.3c00899,-7.589255,-1.510232,6.079023,-7.589255,-1.510232,2.351909,dataset_level_eV,inchikey_from_pubchem_cid,,false,false,false,false,false,false,,,,,-10.525235,,linear_2fold_v1,calibrated_estimate
HPEUEJRPDGMIMY-UHFFFAOYSA-N,459,20160829,000000459.B3LYP@PM6.S0,C10H14N5O6PS2,395.351821,0,1,molssiai-hub/pubchemqc-b3lyp,B3LYP/6-31G*//PM6 (gas phase),CC BY 4.0,10.1021/acs.jcim.3c00899,-5.126625,-1.102061,4.024564,-5.126625,-1.102061,5.177801,dataset_level_eV,inchikey_from_pubchem_cid,,false,false,false,false,false,false,,,,,-8.029973,,linear_2fold_v1,calibrated_estimate
HPXRVTGHNJAIIH-UHFFFAOYSA-N,7966,20160829,000007966.B3LYP@PM6.S0,C6H12O,100.158880,0,1,molssiai-hub/pubchemqc-b3lyp,B3LYP/6-31G*//PM6 (gas phase),CC BY 4.0,10.1021/acs.jcim.3c00899,-6.900807,1.640847,8.541654,-6.900807,1.640847,1.762579,dataset_level_eV,inchikey_match_target,epsilon_roster;key_registry;targeted_harvest;viscosity_roster,true,false,true,true,false,false,,,,,-9.827664,,linear_2fold_v1,calibrated_estimate
HRTOQFBQOFIFEE-UHFFFAOYSA-N,39,20160829,000000039.B3LYP@PM6.S0,C6H8O3,128.125920,0,1,molssiai-hub/pubchemqc-b3lyp,B3LYP/6-31G*//PM6 (gas phase),CC BY 4.0,10.1021/acs.jcim.3c00899,-6.976999,-2.367390,4.609609,-6.976999,-2.367390,5.255710,dataset_level_eV,inchikey_from_pubchem_cid,batt_orbit_pool;key_registry,true,true,false,false,false,false,-9.764000,0.124000,-2.787001,2.491390,,,,paired_anchor
HTJXTKBIUVFUAR-UHFFFAOYSA-N,60,20160829,000000060.B3LYP@PM6.S0,C14H26N3O17P3,601.287423,0,1,molssiai-hub/pubchemqc-b3lyp,B3LYP/6-31G*//PM6 (gas phase),CC BY 4.0,10.1021/acs.jcim.3c00899,-6.590597,-1.319752,5.270845,-6.590597,-1.319752,6.103823,dataset_level_eV,inchikey_from_pubchem_cid,,false,false,false,false,false,false,,,,,-9.513344,,linear_2fold_v1,calibrated_estimate
HTSABYAWKQAHBT-UHFFFAOYSA-N,11566,20160829,000011566.B3LYP@PM6.S0,C7H14O,114.185460,0,1,molssiai-hub/pubchemqc-b3lyp,B3LYP/6-31G*//PM6 (gas phase),CC BY 4.0,10.1021/acs.jcim.3c00899,-6.783798,2.051738,8.835537,-6.783798,2.051738,1.676315,dataset_level_eV,inchikey_match_target,epsilon_roster;key_registry;targeted_harvest,true,false,true,false,false,false,,,,,-9.709105,,linear_2fold_v1,calibrated_estimate
HTZGPEHWQCRXGZ-UHFFFAOYSA-N,80572,20160829,000080572.B3LYP@PM6.S0,C6H5ClOS,160.621300,0,1,molssiai-hub/pubchemqc-b3lyp,B3LYP/6-31G*//PM6 (gas phase),CC BY 4.0,10.1021/acs.jcim.3c00899,-6.677674,-1.872143,4.805531,-6.677674,-1.872143,3.644658,dataset_level_eV,inchikey_match_target,batt_calibration_sample;batt_orbit_pool;key_registry;targeted_harvest,true,true,false,false,false,true,-9.180600,0.130300,-2.502926,2.002443,,,,paired_anchor
HTZWVZNRDDOFEI-UHFFFAOYSA-N,13845,20160829,000013845.B3LYP@PM6.S0,C12H26,170.334840,0,1,molssiai-hub/pubchemqc-b3lyp,B3LYP/6-31G*//PM6 (gas phase),CC BY 4.0,10.1021/acs.jcim.3c00899,-7.510342,2.351064,9.861406,-7.510342,2.351064,0.023070,dataset_level_eV,inchikey_match_target,key_registry;targeted_harvest;viscosity_roster;viscosity_roster_sample,true,false,false,true,true,false,,,,,-10.445276,,linear_2fold_v1,calibrated_estimate
HUMNYLRZRPPJDN-UHFFFAOYSA-N,240,20160829,000000240.B3LYP@PM6.S0,C7H6O,106.121940,0,1,molssiai-hub/pubchemqc-b3lyp,B3LYP/6-31G*//PM6 (gas phase),CC BY 4.0,10.1021/acs.jcim.3c00899,-6.957951,-1.678942,5.279009,-6.957951,-1.678942,3.170350,dataset_level_eV,inchikey_from_pubchem_cid,batt_orbit_pool;key_registry;viscosity_roster,true,true,false,true,false,false,-9.718300,0.343400,-2.760349,2.022342,,,,paired_anchor
HVYWMOMLDIMFJA-UHFFFAOYSA-N,304,20160829,000000304.B3LYP@PM6.S0,C27H46O,386.653540,0,1,molssiai-hub/pubchemqc-b3lyp,B3LYP/6-31G*//PM6 (gas phase),CC BY 4.0,10.1021/acs.jcim.3c00899,-6.111677,0.715659,6.827337,-6.111677,0.715659,1.797147,dataset_level_eV,inchikey_from_pubchem_cid,,false,false,false,false,false,false,,,,,-9.028078,,linear_2fold_v1,calibrated_estimate
HVZGWILTESYJSP-UHFFFAOYSA-N,69,20160829,000000069.B3LYP@PM6.S0,C7H8O4,156.136020,0,1,molssiai-hub/pubchemqc-b3lyp,B3LYP/6-31G*//PM6 (gas phase),CC BY 4.0,10.1021/acs.jcim.3c00899,-6.519848,-2.272151,4.247697,-6.519848,-2.272151,7.668566,dataset_level_eV,inchikey_from_pubchem_cid,,false,false,false,false,false,false,,,,,-9.441657,,linear_2fold_v1,calibrated_estimate
HWXBTNAVRSUOJR-UHFFFAOYSA-N,43,20160829,000000043.B3LYP@PM6.S0,C5H8O5,148.114020,0,1,molssiai-hub/pubchemqc-b3lyp,B3LYP/6-31G*//PM6 (gas phase),CC BY 4.0,10.1021/acs.jcim.3c00899,-7.251834,-0.650352,6.601482,-7.251834,-0.650352,5.754536,dataset_level_eV,inchikey_from_pubchem_cid,,false,false,false,false,false,false,,,,,-10.183343,,linear_2fold_v1,calibrated_estimate
HXDLWJWIAHWIKI-UHFFFAOYSA-N,10960,20160829,000010960.B3LYP@PM6.S0,C4H8O3,104.104520,0,1,molssiai-hub/pubchemqc-b3lyp,B3LYP/6-31G*//PM6 (gas phase),CC BY 4.0,10.1021/acs.jcim.3c00899,-7.211017,0.065307,7.276324,-7.211017,0.065307,2.201045,dataset_level_eV,inchikey_match_target,epsilon_roster;key_registry;targeted_harvest,true,false,true,false,false,false,,,,,-10.141985,,linear_2fold_v1,calibrated_estimate
HXJUTPCZVOIRIF-UHFFFAOYSA-N,31347,20160829,000031347.B3LYP@PM6.S0,C4H8O2S,120.170120,0,1,molssiai-hub/pubchemqc-b3lyp,B3LYP/6-31G*//PM6 (gas phase),CC BY 4.0,10.1021/acs.jcim.3c00899,-7.692659,1.004100,8.696759,-7.692659,1.004100,5.343205,dataset_level_eV,inchikey_match_target,batt_orbit_pool;epsilon_roster;key_registry;named_solvent;targeted_harvest;viscosity_roster,true,true,true,true,false,false,-10.341600,1.436500,-2.648941,0.432400,,,,paired_anchor
HXKKHQJGJAFBHI-UHFFFAOYSA-N,4,20160829,000000004.B3LYP@PM6.S0,C3H9NO,75.109660,0,1,molssiai-hub/pubchemqc-b3lyp,B3LYP/6-31G*//PM6 (gas phase),CC BY 4.0,10.1021/acs.jcim.3c00899,-6.508963,1.844932,8.353895,-6.508963,1.844932,2.773043,verified_eV_audited,inchikey_from_pubchem_cid,key_registry;viscosity_roster,true,false,false,true,false,false,,,,,-9.430628,,linear_2fold_v1,calibrated_estimate
HXVZGASCDAGAPS-UHFFFAOYSA-N,366,20160829,000000366.B3LYP@PM6.S0,C12H10O4,218.205400,0,1,molssiai-hub/pubchemqc-b3lyp,B3LYP/6-31G*//PM6 (gas phase),CC BY 4.0,10.1021/acs.jcim.3c00899,-6.231407,-1.850374,4.381033,-6.231407,-1.850374,4.108303,dataset_level_eV,inchikey_from_pubchem_cid,,false,false,false,false,false,false,,,,,-9.149394,,linear_2fold_v1,calibrated_estimate
HXXFSFRBOHSIMQ-UHFFFAOYSA-N,466,20160829,000000466.B3LYP@PM6.S0,C6H13O9P,260.135781,0,1,molssiai-hub/pubchemqc-b3lyp,B3LYP/6-31G*//PM6 (gas phase),CC BY 4.0,10.1021/acs.jcim.3c00899,-6.917134,0.400007,7.317141,-6.917134,0.400007,1.810134,dataset_level_eV,inchikey_from_pubchem_cid,,false,false,false,false,false,false,,,,,-9.844208,,linear_2fold_v1,calibrated_estimate
HYVSZVZMTYIHKF-UHFFFAOYSA-N,354,20160829,000000354.B3LYP@PM6.S0,C7H8O5,172.135420,0,1,molssiai-hub/pubchemqc-b3lyp,B3LYP/6-31G*//PM6 (gas phase),CC BY 4.0,10.1021/acs.jcim.3c00899,-7.202854,-2.851753,4.351100,-7.202854,-2.851753,5.357007,dataset_level_eV,inchikey_from_pubchem_cid,,false,false,false,false,false,false,,,,,-10.133714,,linear_2fold_v1,calibrated_estimate
HZAXFHJVJLSVMW-UHFFFAOYSA-N,700,20160829,000000700.B3LYP@PM6.S0,C2H7NO,61.083080,0,1,molssiai-hub/pubchemqc-b3lyp,B3LYP/6-31G*//PM6 (gas phase),CC BY 4.0,10.1021/acs.jcim.3c00899,-6.405560,1.567376,7.972936,-6.405560,1.567376,1.808975,dataset_level_eV,inchikey_match_target,epsilon_roster;key_registry;targeted_harvest;viscosity_roster,true,false,true,true,false,false,,,,,-9.325855,,linear_2fold_v1,calibrated_estimate
IAHFWCOBPZCAEA-UHFFFAOYSA-N,8062,20160829,000008062.B3LYP@PM6.S0,C4H4N2,80.087960,0,1,molssiai-hub/pubchemqc-b3lyp,B3LYP/6-31G*//PM6 (gas phase),CC BY 4.0,10.1021/acs.jcim.3c00899,-9.268198,0.065307,9.333505,-9.268198,0.065307,0.000043,dataset_level_eV,inchikey_match_target,batt_orbit_pool;epsilon_roster;key_registry;named_solvent;targeted_harvest,true,true,true,false,false,false,-12.070000,1.554700,-2.801802,1.489393,,,,paired_anchor
IALRSQMWHFKJJA-UHFFFAOYSA-N,28455,20160829,000028455.B3LYP@PM6.S0,C10H22,142.281680,0,1,molssiai-hub/pubchemqc-b3lyp,B3LYP/6-31G*//PM6 (gas phase),CC BY 4.0,10.1021/acs.jcim.3c00899,-7.768850,2.432698,10.201548,-7.768850,2.432698,0.054907,dataset_level_eV,inchikey_match_target,key_registry;targeted_harvest;viscosity_roster;viscosity_roster_sample,true,false,false,true,true,false,,,,,-10.707209,,linear_2fold_v1,calibrated_estimate
IAVREABSGIHHMO-UHFFFAOYSA-N,101,20160829,000000101.B3LYP@PM6.S0,C7H6O2,122.121340,0,1,molssiai-hub/pubchemqc-b3lyp,B3LYP/6-31G*//PM6 (gas phase),CC BY 4.0,10.1021/acs.jcim.3c00899,-6.375628,-1.697990,4.677637,-6.375628,-1.697990,1.801756,dataset_level_eV,inchikey_from_pubchem_cid,,false,false,false,false,false,false,,,,,-9.295526,,linear_2fold_v1,calibrated_estimate
IAZDPXIOMUYVGZ-UHFFFAOYSA-N,679,20160829,000000679.B3LYP@PM6.S0,C2H6OS,78.133440,0,1,molssiai-hub/pubchemqc-b3lyp,B3LYP/6-31G*//PM6 (gas phase),CC BY 4.0,10.1021/acs.jcim.3c00899,-6.035485,1.322473,7.357959,-6.035485,1.322473,3.839931,dataset_level_eV,inchikey_match_target,batt_orbit_pool;epsilon_roster;key_registry;named_solvent;targeted_harvest;viscosity_roster;viscosity_roster_sample,true,true,true,true,true,false,-9.068300,1.501700,-3.032815,0.179227,,,,paired_anchor
IBSQPLPBRSHTTG-UHFFFAOYSA-N,7238,20160829,000007238.B3LYP@PM6.S0,C7H7Cl,126.583480,0,1,molssiai-hub/pubchemqc-b3lyp,B3LYP/6-31G*//PM6 (gas phase),CC BY 4.0,10.1021/acs.jcim.3c00899,-6.481752,-0.236739,6.245013,-6.481752,-0.236739,1.509264,dataset_level_eV,inchikey_match_target,epsilon_roster;key_registry;targeted_harvest;viscosity_roster,true,false,true,true,false,false,,,,,-9.403056,,linear_2fold_v1,calibrated_estimate
ICMVYBXQDUXEEE-UHFFFAOYSA-N,417,20160829,000000417.B3LYP@PM6.S0,C6H5ClO4,176.554500,0,1,molssiai-hub/pubchemqc-b3lyp,B3LYP/6-31G*//PM6 (gas phase),CC BY 4.0,10.1021/acs.jcim.3c00899,-7.306257,-2.283035,5.023222,-7.306257,-2.283035,5.872137,dataset_level_eV,inchikey_from_pubchem_cid,,false,false,false,false,false,false,,,,,-10.238487,,linear_2fold_v1,calibrated_estimate
ICYUIIJXZHPESK-UHFFFAOYSA-N,448,20160829,000000448.B3LYP@PM6.S0,C9H8ClNO3,213.617720,0,1,molssiai-hub/pubchemqc-b3lyp,B3LYP/6-31G*//PM6 (gas phase),CC BY 4.0,10.1021/acs.jcim.3c00899,-7.006932,-1.455809,5.551123,-7.006932,-1.455809,6.071734,dataset_level_eV,inchikey_from_pubchem_cid,,false,false,false,false,false,false,,,,,-9.935195,,linear_2fold_v1,calibrated_estimate
IDAICLIJTRXNER-UHFFFAOYSA-N,156,20160829,000000156.B3LYP@PM6.S0,C6H8N4,136.154520,0,1,molssiai-hub/pubchemqc-b3lyp,B3LYP/6-31G*//PM6 (gas phase),CC BY 4.0,10.1021/acs.jcim.3c00899,-5.684458,-0.500689,5.183769,-5.684458,-0.500689,4.901680,dataset_level_eV,inchikey_from_pubchem_cid,,false,false,false,false,false,false,,,,,-8.595198,,linear_2fold_v1,calibrated_estimate
IDNUEBSJWINEMI-UHFFFAOYSA-N,12259,20160829,000012259.B3LYP@PM6.S0,C2H5NO3,91.066000,0,1,molssiai-hub/pubchemqc-b3lyp,B3LYP/6-31G*//PM6 (gas phase),CC BY 4.0,10.1021/acs.jcim.3c00899,-8.514442,-1.561934,6.952509,-8.514442,-1.561934,3.376287,dataset_level_eV,inchikey_match_target,batt_calibration_sample;batt_orbit_pool;key_registry;targeted_harvest,true,true,false,false,false,true,-11.657100,0.610700,-3.142658,2.172634,,,,paired_anchor
IEJIGPNLZYLLBP-UHFFFAOYSA-N,12021,20160829,000012021.B3LYP@PM6.S0,C3H6O3,90.077940,0,1,molssiai-hub/pubchemqc-b3lyp,B3LYP/6-31G*//PM6 (gas phase),CC BY 4.0,10.1021/acs.jcim.3c00899,-7.839600,0.995937,8.835537,-7.839600,0.995937,0.162735,dataset_level_eV,inchikey_match_target,batt_orbit_pool;epsilon_roster;key_registry;named_solvent;targeted_harvest;viscosity_roster,true,true,true,true,false,false,-11.052800,1.507800,-3.213200,0.511863,,,,paired_anchor
IERHLVCPSMICTF-UHFFFAOYSA-N,314,20160829,000000314.B3LYP@PM6.S0,C9H14N3O8P,323.196521,0,1,molssiai-hub/pubchemqc-b3lyp,B3LYP/6-31G*//PM6 (gas phase),CC BY 4.0,10.1021/acs.jcim.3c00899,-6.212359,-1.099340,5.113019,-6.212359,-1.099340,4.532537,dataset_level_eV,inchikey_from_pubchem_cid,,false,false,false,false,false,false,,,,,-9.130094,,linear_2fold_v1,calibrated_estimate
IGUZJYCAXLYZEE-UHFFFAOYSA-N,337,20160829,000000337.B3LYP@PM6.S0,C5H10O4,134.130500,0,1,molssiai-hub/pubchemqc-b3lyp,B3LYP/6-31G*//PM6 (gas phase),CC BY 4.0,10.1021/acs.jcim.3c00899,-6.794683,-0.723823,6.070860,-6.794683,-0.723823,3.515723,dataset_level_eV,inchikey_from_pubchem_cid,,false,false,false,false,false,false,,,,,-9.720134,,linear_2fold_v1,calibrated_estimate
IIRFCWANHMSDCG-UHFFFAOYSA-N,10403,20160829,000010403.B3LYP@PM6.S0,C8H14O,126.196160,0,1,molssiai-hub/pubchemqc-b3lyp,B3LYP/6-31G*//PM6 (gas phase),CC BY 4.0,10.1021/acs.jcim.3c00899,-6.304878,-0.144220,6.160658,-6.304878,-0.144220,3.068461,dataset_level_eV,inchikey_match_target,batt_orbit_pool;epsilon_roster;key_registry;targeted_harvest,true,true,true,false,false,false,-9.361400,1.637200,-3.056522,1.781420,,,,paired_anchor
IJGRMHOSHXDMSA-UHFFFAOYSA-N,947,20160829,000000947.B3LYP@PM6.S0,N2,28.013400,0,1,molssiai-hub/pubchemqc-b3lyp,B3LYP/6-31G*//PM6 (gas phase),CC BY 4.0,10.1021/acs.jcim.3c00899,-11.602935,-0.805457,10.797478,-11.602935,-0.805457,0.000002,dataset_level_eV,inchikey_match_target,key_registry;targeted_harvest;viscosity_roster;viscosity_roster_sample,true,false,false,true,true,false,,,,,-14.592099,,linear_2fold_v1,calibrated_estimate
IJOJIVNDFQSGAB-UHFFFAOYSA-N,600,20160829,000000600.B3LYP@PM6.S0,C6H11O9P,258.119901,0,1,molssiai-hub/pubchemqc-b3lyp,B3LYP/6-31G*//PM6 (gas phase),CC BY 4.0,10.1021/acs.jcim.3c00899,-7.635515,-1.091177,6.544338,-7.635515,-1.091177,1.723467,dataset_level_eV,inchikey_from_pubchem_cid,,false,false,false,false,false,false,,,,,-10.572108,,linear_2fold_v1,calibrated_estimate
IKHGUXGNUITLKF-UHFFFAOYSA-N,177,20160829,000000177.B3LYP@PM6.S0,C2H4O,44.052560,0,1,molssiai-hub/pubchemqc-b3lyp,B3LYP/6-31G*//PM6 (gas phase),CC BY 4.0,10.1021/acs.jcim.3c00899,-6.960672,-0.772803,6.187869,-6.960672,-0.772803,2.537882,dataset_level_eV,inchikey_from_pubchem_cid,batt_orbit_pool;key_registry,true,true,false,false,false,false,-9.866100,1.814900,-2.905428,2.587703,,,,paired_anchor
IMNFDUFMRHMDMM-UHFFFAOYSA-N,8900,20160829,000008900.B3LYP@PM6.S0,C7H16,100.201940,0,1,molssiai-hub/pubchemqc-b3lyp,B3LYP/6-31G*//PM6 (gas phase),CC BY 4.0,10.1021/acs.jcim.3c00899,-7.929398,2.481678,10.411076,-7.929398,2.481678,0.044154,dataset_level_eV,inchikey_match_target,epsilon_roster;key_registry;targeted_harvest;viscosity_roster,true,false,true,true,false,false,,,,,-10.869885,,linear_2fold_v1,calibrated_estimate
IMUDHTPIFIBORV-UHFFFAOYSA-N,8795,20160829,000008795.B3LYP@PM6.S0,C6H15N3,129.203400,0,1,molssiai-hub/pubchemqc-b3lyp,B3LYP/6-31G*//PM6 (gas phase),CC BY 4.0,10.1021/acs.jcim.3c00899,-5.787862,2.193238,7.981099,-5.787862,2.193238,1.645258,dataset_level_eV,inchikey_match_target,key_registry;targeted_harvest;viscosity_roster;viscosity_roster_sample,true,false,false,true,true,false,,,,,-8.699972,,linear_2fold_v1,calibrated_estimate
IMXSCCDUAFEIOE-UHFFFAOYSA-N,427,20160829,000000427.B3LYP@PM6.S0,C9H18N4O4,246.263620,0,1,molssiai-hub/pubchemqc-b3lyp,B3LYP/6-31G*//PM6 (gas phase),CC BY 4.0,10.1021/acs.jcim.3c00899,-5.839563,-0.683006,5.156557,-5.839563,-0.683006,2.428876,dataset_level_eV,inchikey_from_pubchem_cid,,false,false,false,false,false,false,,,,,-8.752358,,linear_2fold_v1,calibrated_estimate
INAPMGSXUVUWAF-UHFFFAOYSA-N,9,20160829,000000009.B3LYP@PM6.S0,C6H13O9P,260.135781,0,1,molssiai-hub/pubchemqc-b3lyp,B3LYP/6-31G*//PM6 (gas phase),CC BY 4.0,10.1021/acs.jcim.3c00899,-7.025980,0.266672,7.292651,-7.025980,0.266672,2.840605,verified_eV_audited,inchikey_from_pubchem_cid,,false,false,false,false,false,false,,,,,-9.954496,,linear_2fold_v1,calibrated_estimate
INCSWYKICIYAHB-UHFFFAOYSA-N,3,20160829,000000003.B3LYP@PM6.S0,C7H8O4,156.136020,0,1,molssiai-hub/pubchemqc-b3lyp,B3LYP/6-31G*//PM6 (gas phase),CC BY 4.0,10.1021/acs.jcim.3c00899,-6.721212,-2.133373,4.587840,-6.721212,-2.133373,5.099241,verified_eV_audited,inchikey_from_pubchem_cid,,false,false,false,false,false,false,,,,,-9.645689,,linear_2fold_v1,calibrated_estimate
IOBDBIPWYQGVMM-UHFFFAOYSA-N,522,20160829,000000522.B3LYP@PM6.S0,C44H52N4O17,908.900280,0,1,molssiai-hub/pubchemqc-b3lyp,B3LYP/6-31G*//PM6 (gas phase),CC BY 4.0,10.1021/acs.jcim.3c00899,-4.620493,-1.814999,2.805494,-4.620493,-1.814999,5.219238,dataset_level_eV,inchikey_from_pubchem_cid,,false,false,false,false,false,false,,,,,-7.517134,,linear_2fold_v1,calibrated_estimate
IOIZWEJGGCZDOL-UHFFFAOYSA-N,334,20160829,000000334.B3LYP@PM6.S0,C27H44O2,400.637060,0,1,molssiai-hub/pubchemqc-b3lyp,B3LYP/6-31G*//PM6 (gas phase),CC BY 4.0,10.1021/acs.jcim.3c00899,-5.360643,-2.503447,2.857195,-5.360643,-2.503447,3.668499,dataset_level_eV,inchikey_from_pubchem_cid,,false,false,false,false,false,false,,,,,-8.267092,,linear_2fold_v1,calibrated_estimate
IQFWYNFDWRYSRA-UHFFFAOYSA-N,495,20160829,000000495.B3LYP@PM6.S0,C9H17NO6S,267.299380,0,1,molssiai-hub/pubchemqc-b3lyp,B3LYP/6-31G*//PM6 (gas phase),CC BY 4.0,10.1021/acs.jcim.3c00899,-6.340253,-0.658516,5.681737,-6.340253,-0.658516,4.635679,dataset_level_eV,inchikey_from_pubchem_cid,,false,false,false,false,false,false,,,,,-9.259682,,linear_2fold_v1,calibrated_estimate
IRLPACMLTUPBCL-UHFFFAOYSA-N,228,20160829,000000228.B3LYP@PM6.S0,C10H14N5O10PS,427.284421,0,1,molssiai-hub/pubchemqc-b3lyp,B3LYP/6-31G*//PM6 (gas phase),CC BY 4.0,10.1021/acs.jcim.3c00899,-5.847727,-1.055802,4.791925,-5.847727,-1.055802,4.424951,dataset_level_eV,inchikey_from_pubchem_cid,,false,false,false,false,false,false,,,,,-8.760630,,linear_2fold_v1,calibrated_estimate
ISPYQTSUDJAMAB-UHFFFAOYSA-N,7245,20160829,000007245.B3LYP@PM6.S0,C6H5ClO,128.556300,0,1,molssiai-hub/pubchemqc-b3lyp,B3LYP/6-31G*//PM6 (gas phase),CC BY 4.0,10.1021/acs.jcim.3c00899,-6.144331,-0.331979,5.812352,-6.144331,-0.331979,0.643080,dataset_level_eV,inchikey_match_target,epsilon_roster;key_registry;targeted_harvest,true,false,true,false,false,false,,,,,-9.061164,,linear_2fold_v1,calibrated_estimate
ITPHOIFCAFNCLL-UHFFFAOYSA-N,168,20160829,000000168.B3LYP@PM6.S0,C12H23O14P,422.276381,0,1,molssiai-hub/pubchemqc-b3lyp,B3LYP/6-31G*//PM6 (gas phase),CC BY 4.0,10.1021/acs.jcim.3c00899,-7.028701,0.857159,7.885859,-7.028701,0.857159,4.265408,dataset_level_eV,inchikey_from_pubchem_cid,,false,false,false,false,false,false,,,,,-9.957253,,linear_2fold_v1,calibrated_estimate
IUNMPGNGSSIWFP-UHFFFAOYSA-N,7993,20160829,000007993.B3LYP@PM6.S0,C5H14N2,102.178060,0,1,molssiai-hub/pubchemqc-b3lyp,B3LYP/6-31G*//PM6 (gas phase),CC BY 4.0,10.1021/acs.jcim.3c00899,-5.779698,2.266708,8.046407,-5.779698,2.266708,1.162648,dataset_level_eV,inchikey_match_target,key_registry;targeted_harvest;viscosity_roster;viscosity_roster_sample,true,false,false,true,true,false,,,,,-8.691700,,linear_2fold_v1,calibrated_estimate
IVOMOUWHDPKRLL-UHFFFAOYSA-N,274,20160829,000000274.B3LYP@PM6.S0,C10H12N5O6P,329.205941,0,1,molssiai-hub/pubchemqc-b3lyp,B3LYP/6-31G*//PM6 (gas phase),CC BY 4.0,10.1021/acs.jcim.3c00899,-6.176984,-0.979610,5.197375,-6.176984,-0.979610,5.118379,dataset_level_eV,inchikey_from_pubchem_cid,,false,false,false,false,false,false,,,,,-9.094250,,linear_2fold_v1,calibrated_estimate
IVSZLXZYQVIEFR-UHFFFAOYSA-N,7929,20160829,000007929.B3LYP@PM6.S0,C8H10,106.165000,0,1,molssiai-hub/pubchemqc-b3lyp,B3LYP/6-31G*//PM6 (gas phase),CC BY 4.0,10.1021/acs.jcim.3c00899,-6.166100,0.111567,6.277667,-6.166100,0.111567,0.221842,dataset_level_eV,inchikey_match_target,key_registry;targeted_harvest;viscosity_roster;viscosity_roster_sample,true,false,false,true,true,false,,,,,-9.083222,,linear_2fold_v1,calibrated_estimate
IWVSYNGKNZFSSA-UHFFFAOYSA-N,493,20160829,000000493.B3LYP@PM6.S0,C21H35N9O15P2,715.501422,0,1,molssiai-hub/pubchemqc-b3lyp,B3LYP/6-31G*//PM6 (gas phase),CC BY 4.0,10.1021/acs.jcim.3c00899,-5.790583,-0.620420,5.170163,-5.790583,-0.620420,5.709294,dataset_level_eV,inchikey_from_pubchem_cid,,false,false,false,false,false,false,,,,,-8.702729,,linear_2fold_v1,calibrated_estimate
IYXGSMUGOJNHAZ-UHFFFAOYSA-N,7761,20160829,000007761.B3LYP@PM6.S0,C7H12O4,160.167780,0,1,molssiai-hub/pubchemqc-b3lyp,B3LYP/6-31G*//PM6 (gas phase),CC BY 4.0,10.1021/acs.jcim.3c00899,-7.542996,-0.068028,7.474967,-7.542996,-0.068028,1.527267,dataset_level_eV,inchikey_match_target,batt_orbit_pool;epsilon_roster;key_registry;targeted_harvest;viscosity_roster,true,true,true,true,false,false,-10.625600,1.506900,-3.082604,1.574928,,,,paired_anchor
IZFHEQBZOYJLPK-UHFFFAOYSA-N,421,20160829,000000421.B3LYP@PM6.S0,C8H16O2S2,208.341440,0,1,molssiai-hub/pubchemqc-b3lyp,B3LYP/6-31G*//PM6 (gas phase),CC BY 4.0,10.1021/acs.jcim.3c00899,-6.481752,0.127894,6.609645,-6.481752,0.127894,2.672641,dataset_level_eV,inchikey_from_pubchem_cid,,false,false,false,false,false,false,,,,,-9.403056,,linear_2fold_v1,calibrated_estimate
IZSRJDGCGRAUAR-UHFFFAOYSA-N,157,20160829,000000157.B3LYP@PM6.S0,C6H10O7,194.139400,0,1,molssiai-hub/pubchemqc-b3lyp,B3LYP/6-31G*//PM6 (gas phase),CC BY 4.0,10.1021/acs.jcim.3c00899,-7.224623,-1.161926,6.062697,-7.224623,-1.161926,1.819937,dataset_level_eV,inchikey_from_pubchem_cid,,false,false,false,false,false,false,,,,,-10.155771,,linear_2fold_v1,calibrated_estimate
IZSZJAWFLVMVRB-UHFFFAOYSA-N,41543,20160829,000041543.B3LYP@PM6.S0,C9H18O,142.238620,0,1,molssiai-hub/pubchemqc-b3lyp,B3LYP/6-31G*//PM6 (gas phase),CC BY 4.0,10.1021/acs.jcim.3c00899,-6.359301,0.699333,7.058633,-6.359301,0.699333,1.034357,dataset_level_eV,inchikey_match_target,batt_calibration_sample;batt_orbit_pool;key_registry;targeted_harvest,true,true,false,false,false,true,-9.533900,1.611200,-3.174599,0.911867,,,,paired_anchor
IZVFFXVYBHFIHY-UHFFFAOYSA-N,420,20160829,000000420.B3LYP@PM6.S0,C27H46O,386.653540,0,1,molssiai-hub/pubchemqc-b3lyp,B3LYP/6-31G*//PM6 (gas phase),CC BY 4.0,10.1021/acs.jcim.3c00899,-6.062697,0.756477,6.819173,-6.062697,0.756477,1.374135,dataset_level_eV,inchikey_from_pubchem_cid,,false,false,false,false,false,false,,,,,-8.978449,,linear_2fold_v1,calibrated_estimate
JBJSVEVEEGOEBZ-UHFFFAOYSA-N,350,20160829,000000350.B3LYP@PM6.S0,C11H22NO7PS,343.333641,0,1,molssiai-hub/pubchemqc-b3lyp,B3LYP/6-31G*//PM6 (gas phase),CC BY 4.0,10.1021/acs.jcim.3c00899,-5.812352,-0.677563,5.134788,-5.812352,-0.677563,1.896014,dataset_level_eV,inchikey_from_pubchem_cid,,false,false,false,false,false,false,,,,,-8.724786,,linear_2fold_v1,calibrated_estimate
JCYNPXMAUUAOMA-UHFFFAOYSA-N,548,20160829,000000548.B3LYP@PM6.S0,C8H8O6,200.145520,0,1,molssiai-hub/pubchemqc-b3lyp,B3LYP/6-31G*//PM6 (gas phase),CC BY 4.0,10.1021/acs.jcim.3c00899,-6.547059,-2.683043,3.864017,-6.547059,-2.683043,2.397191,dataset_level_eV,inchikey_from_pubchem_cid,,false,false,false,false,false,false,,,,,-9.469229,,linear_2fold_v1,calibrated_estimate
JDTUMPKOJBQPKX-UHFFFAOYSA-N,616,20160829,000000616.B3LYP@PM6.S0,C7H15O10P,290.161761,0,1,molssiai-hub/pubchemqc-b3lyp,B3LYP/6-31G*//PM6 (gas phase),CC BY 4.0,10.1021/acs.jcim.3c00899,-7.129383,-1.730644,5.398739,-7.129383,-1.730644,4.315134,dataset_level_eV,inchikey_from_pubchem_cid,,false,false,false,false,false,false,,,,,-10.059269,,linear_2fold_v1,calibrated_estimate
JEEQUUSFXYRPRK-UHFFFAOYSA-N,85927,20160829,000085927.B3LYP@PM6.S0,C10H22,142.281680,0,1,molssiai-hub/pubchemqc-b3lyp,B3LYP/6-31G*//PM6 (gas phase),CC BY 4.0,10.1021/acs.jcim.3c00899,-7.627351,2.274872,9.902223,-7.627351,2.274872,0.000043,dataset_level_eV,inchikey_match_target,key_registry;targeted_harvest;viscosity_roster;viscosity_roster_sample,true,false,false,true,true,false,,,,,-10.563836,,linear_2fold_v1,calibrated_estimate
JFDZBHWFFUWGJE-UHFFFAOYSA-N,7505,20160829,000007505.B3LYP@PM6.S0,C7H5N,103.121300,0,1,molssiai-hub/pubchemqc-b3lyp,B3LYP/6-31G*//PM6 (gas phase),CC BY 4.0,10.1021/acs.jcim.3c00899,-7.265440,-1.393223,5.872217,-7.265440,-1.393223,4.549606,dataset_level_eV,inchikey_match_target,batt_orbit_pool;epsilon_roster;key_registry;targeted_harvest;viscosity_roster,true,true,true,true,false,false,-9.819900,0.628700,-2.554460,2.021923,,,,paired_anchor
JGEGJYXHCFUMJF-UHFFFAOYSA-N,129,20160829,000000129.B3LYP@PM6.S0,C6H12O,100.158880,0,1,molssiai-hub/pubchemqc-b3lyp,B3LYP/6-31G*//PM6 (gas phase),CC BY 4.0,10.1021/acs.jcim.3c00899,-6.881759,-0.552391,6.329368,-6.881759,-0.552391,2.497783,dataset_level_eV,inchikey_from_pubchem_cid,batt_orbit_pool;key_registry,true,true,false,false,false,false,-9.728400,1.713200,-2.846641,2.265591,,,,paired_anchor
JGSUNMCABQUBOY-UHFFFAOYSA-N,437,20160829,000000437.B3LYP@PM6.S0,C9H9NO3,179.172660,0,1,molssiai-hub/pubchemqc-b3lyp,B3LYP/6-31G*//PM6 (gas phase),CC BY 4.0,10.1021/acs.jcim.3c00899,-7.012374,-2.508890,4.503484,-7.012374,-2.508890,6.177913,dataset_level_eV,inchikey_from_pubchem_cid,,false,false,false,false,false,false,,,,,-9.940710,,linear_2fold_v1,calibrated_estimate
JHIVVAPYMSGYDF-UHFFFAOYSA-N,7967,20160829,000007967.B3LYP@PM6.S0,C6H10O,98.143000,0,1,molssiai-hub/pubchemqc-b3lyp,B3LYP/6-31G*//PM6 (gas phase),CC BY 4.0,10.1021/acs.jcim.3c00899,-6.370185,-0.340142,6.030043,-6.370185,-0.340142,3.004451,dataset_level_eV,inchikey_match_target,batt_orbit_pool;epsilon_roster;key_registry;targeted_harvest;viscosity_roster,true,true,true,true,false,false,-9.348000,1.616800,-2.977815,1.956942,,,,paired_anchor
JIGUQPWFLRLWPJ-UHFFFAOYSA-N,8821,20160829,000008821.B3LYP@PM6.S0,C5H8O2,100.115820,0,1,molssiai-hub/pubchemqc-b3lyp,B3LYP/6-31G*//PM6 (gas phase),CC BY 4.0,10.1021/acs.jcim.3c00899,-7.338911,-1.224512,6.114398,-7.338911,-1.224512,1.444411,dataset_level_eV,inchikey_match_target,batt_orbit_pool;epsilon_roster;key_registry;targeted_harvest;viscosity_roster,true,true,true,true,false,false,-10.557400,0.948800,-3.218489,2.173312,,,,paired_anchor
JJMDCOVWQOJGCB-UHFFFAOYSA-N,138,20160829,000000138.B3LYP@PM6.S0,C5H11NO2,117.146340,0,1,molssiai-hub/pubchemqc-b3lyp,B3LYP/6-31G*//PM6 (gas phase),CC BY 4.0,10.1021/acs.jcim.3c00899,-6.323926,0.212249,6.536175,-6.323926,0.212249,3.713241,dataset_level_eV,inchikey_from_pubchem_cid,,false,false,false,false,false,false,,,,,-9.243139,,linear_2fold_v1,calibrated_estimate
JLTDJTHDQAWBAV-UHFFFAOYSA-N,949,20160829,000000949.B3LYP@PM6.S0,C8H11N,121.179640,0,1,molssiai-hub/pubchemqc-b3lyp,B3LYP/6-31G*//PM6 (gas phase),CC BY 4.0,10.1021/acs.jcim.3c00899,-5.216423,0.250345,5.466767,-5.216423,0.250345,1.478898,dataset_level_eV,inchikey_match_target,batt_orbit_pool;key_registry;targeted_harvest;viscosity_roster;viscosity_roster_sample,true,true,false,true,true,false,-7.727700,1.704400,-2.511277,1.454055,,,,paired_anchor
JNONJXMVMJSMTC-UHFFFAOYSA-N,171330,20160829,000171330.B3LYP@PM6.S0,C6H17NO4S,199.268480,0,1,molssiai-hub/pubchemqc-b3lyp,B3LYP/6-31G*//PM6 (gas phase),CC BY 4.0,10.1021/acs.jcim.3c00899,-6.767471,1.330637,8.098108,-6.767471,1.330637,8.052192,dataset_level_eV,inchikey_match_target,key_registry;targeted_harvest;viscosity_roster;viscosity_roster_sample,true,false,false,true,true,false,,,,,-9.692561,,linear_2fold_v1,calibrated_estimate
JPXBDMKKWKFPJT-UHFFFAOYSA-N,455,20160829,000000455.B3LYP@PM6.S0,C9H13N5O3,239.231220,0,1,molssiai-hub/pubchemqc-b3lyp,B3LYP/6-31G*//PM6 (gas phase),CC BY 4.0,10.1021/acs.jcim.3c00899,-6.190590,-1.262608,4.927982,-6.190590,-1.262608,4.742941,dataset_level_eV,inchikey_from_pubchem_cid,,false,false,false,false,false,false,,,,,-9.108036,,linear_2fold_v1,calibrated_estimate
JQVDAXLFBXTEQA-UHFFFAOYSA-N,8148,20160829,000008148.B3LYP@PM6.S0,C8H19N,129.243160,0,1,molssiai-hub/pubchemqc-b3lyp,B3LYP/6-31G*//PM6 (gas phase),CC BY 4.0,10.1021/acs.jcim.3c00899,-5.828679,2.424534,8.253213,-5.828679,2.424534,0.910281,dataset_level_eV,inchikey_match_target,key_registry;targeted_harvest;viscosity_roster;viscosity_roster_sample,true,false,false,true,true,false,,,,,-8.741330,,linear_2fold_v1,calibrated_estimate
JRGGUPZKKTVKOV-UHFFFAOYSA-N,7928,20160829,000007928.B3LYP@PM6.S0,C6H4BrCl,191.452960,0,1,molssiai-hub/pubchemqc-b3lyp,B3LYP/6-31G*//PM6 (gas phase),CC BY 4.0,10.1021/acs.jcim.3c00899,-6.824615,-0.761919,6.062697,-6.824615,-0.761919,1.737698,dataset_level_eV,inchikey_match_target,epsilon_roster;key_registry;targeted_harvest,true,false,true,false,false,false,,,,,-9.750463,,linear_2fold_v1,calibrated_estimate
JSHMCUNOMIZJDJ-UHFFFAOYSA-N,266,20160829,000000266.B3LYP@PM6.S0,C4H9O5P,168.085021,0,1,molssiai-hub/pubchemqc-b3lyp,B3LYP/6-31G*//PM6 (gas phase),CC BY 4.0,10.1021/acs.jcim.3c00899,-8.021916,-0.476199,7.545717,-8.021916,-0.476199,1.979977,dataset_level_eV,inchikey_from_pubchem_cid,,false,false,false,false,false,false,,,,,-10.963629,,linear_2fold_v1,calibrated_estimate
JSJWCHRYRHKBBW-UHFFFAOYSA-N,111,20160829,000000111.B3LYP@PM6.S0,C4H8N2O3,132.117920,0,1,molssiai-hub/pubchemqc-b3lyp,B3LYP/6-31G*//PM6 (gas phase),CC BY 4.0,10.1021/acs.jcim.3c00899,-6.680395,0.421776,7.102171,-6.680395,0.421776,8.481134,dataset_level_eV,inchikey_from_pubchem_cid,,false,false,false,false,false,false,,,,,-9.604332,,linear_2fold_v1,calibrated_estimate
JSRLJPSBLDHEIO-UHFFFAOYSA-N,688,20160829,000000688.B3LYP@PM6.S0,C9H13N2O8P,308.181881,0,1,molssiai-hub/pubchemqc-b3lyp,B3LYP/6-31G*//PM6 (gas phase),CC BY 4.0,10.1021/acs.jcim.3c00899,-6.791962,-1.292541,5.499421,-6.791962,-1.292541,5.542583,dataset_level_eV,inchikey_from_pubchem_cid,,false,false,false,false,false,false,,,,,-9.717377,,linear_2fold_v1,calibrated_estimate
JSRLURSZEMLAFO-UHFFFAOYSA-N,7927,20160829,000007927.B3LYP@PM6.S0,C6H4Br2,235.903960,0,1,molssiai-hub/pubchemqc-b3lyp,B3LYP/6-31G*//PM6 (gas phase),CC BY 4.0,10.1021/acs.jcim.3c00899,-6.832779,-0.789130,6.043649,-6.832779,-0.789130,1.776794,dataset_level_eV,inchikey_match_target,epsilon_roster;key_registry;targeted_harvest,true,false,true,false,false,false,,,,,-9.758735,,linear_2fold_v1,calibrated_estimate
JTEYKUFKXGDTEU-UHFFFAOYSA-N,677,20160829,000000677.B3LYP@PM6.S0,C5H10O4,134.130500,0,1,molssiai-hub/pubchemqc-b3lyp,B3LYP/6-31G*//PM6 (gas phase),CC BY 4.0,10.1021/acs.jcim.3c00899,-7.491294,0.174153,7.665447,-7.491294,0.174153,4.762758,dataset_level_eV,inchikey_from_pubchem_cid,,false,false,false,false,false,false,,,,,-10.425976,,linear_2fold_v1,calibrated_estimate
JTFITTQBRJDSTL-UHFFFAOYSA-N,465,20160829,000000465.B3LYP@PM6.S0,C6H13O7PS,260.201981,0,1,molssiai-hub/pubchemqc-b3lyp,B3LYP/6-31G*//PM6 (gas phase),CC BY 4.0,10.1021/acs.jcim.3c00899,-6.128004,0.351027,6.479031,-6.128004,0.351027,2.567153,dataset_level_eV,inchikey_from_pubchem_cid,,false,false,false,false,false,false,,,,,-9.044621,,linear_2fold_v1,calibrated_estimate
JUJWROOIHBZHMG-UHFFFAOYSA-N,1049,20160829,000001049.B3LYP@PM6.S0,C5H5N,79.099900,0,1,molssiai-hub/pubchemqc-b3lyp,B3LYP/6-31G*//PM6 (gas phase),CC BY 4.0,10.1021/acs.jcim.3c00899,-6.840942,-0.666679,6.174263,-6.840942,-0.666679,2.194323,dataset_level_eV,inchikey_match_target,batt_orbit_pool;epsilon_roster;key_registry;targeted_harvest;viscosity_roster,true,true,true,true,false,false,-9.788200,1.291600,-2.947258,1.958279,,,,paired_anchor
JUOPGIRJUCFNBD-UHFFFAOYSA-N,361,20160829,000000361.B3LYP@PM6.S0,C6H8O3,128.125920,0,1,molssiai-hub/pubchemqc-b3lyp,B3LYP/6-31G*//PM6 (gas phase),CC BY 4.0,10.1021/acs.jcim.3c00899,-6.484473,-1.083013,5.401460,-6.484473,-1.083013,3.272807,dataset_level_eV,inchikey_from_pubchem_cid,,false,false,false,false,false,false,,,,,-9.405813,,linear_2fold_v1,calibrated_estimate
JVQYSWDUAOAHFM-UHFFFAOYSA-N,47,20160829,000000047.B3LYP@PM6.S0,C6H10O3,130.141800,0,1,molssiai-hub/pubchemqc-b3lyp,B3LYP/6-31G*//PM6 (gas phase),CC BY 4.0,10.1021/acs.jcim.3c00899,-7.151152,-2.340179,4.810973,-7.151152,-2.340179,2.663521,dataset_level_eV,inchikey_from_pubchem_cid,,false,false,false,false,false,false,,,,,-10.081327,,linear_2fold_v1,calibrated_estimate
JVTAAEKCZFNVCJ-UHFFFAOYSA-N,612,20160829,000000612.B3LYP@PM6.S0,C3H6O3,90.077940,0,1,molssiai-hub/pubchemqc-b3lyp,B3LYP/6-31G*//PM6 (gas phase),CC BY 4.0,10.1021/acs.jcim.3c00899,-7.074960,0.190480,7.265440,-7.074960,0.190480,4.241148,dataset_level_eV,inchikey_from_pubchem_cid,key_registry,true,false,false,false,false,false,,,,,-10.004125,,linear_2fold_v1,calibrated_estimate
JWUJQDFVADABEY-UHFFFAOYSA-N,7301,20160829,000007301.B3LYP@PM6.S0,C5H10O,86.132300,0,1,molssiai-hub/pubchemqc-b3lyp,B3LYP/6-31G*//PM6 (gas phase),CC BY 4.0,10.1021/acs.jcim.3c00899,-6.375628,2.027248,8.402876,-6.375628,2.027248,1.700172,dataset_level_eV,inchikey_match_target,batt_orbit_pool;epsilon_roster;key_registry;targeted_harvest;viscosity_roster,true,true,true,true,false,false,-9.440700,1.827600,-3.065072,-0.199648,,,,paired_anchor
JXYLQEMXCAAMOL-UHFFFAOYSA-N,110,20160829,000000110.B3LYP@PM6.S0,C3H4O5S,152.125860,0,1,molssiai-hub/pubchemqc-b3lyp,B3LYP/6-31G*//PM6 (gas phase),CC BY 4.0,10.1021/acs.jcim.3c00899,-6.843663,-2.933387,3.910276,-6.843663,-2.933387,3.174826,dataset_level_eV,inchikey_from_pubchem_cid,,false,false,false,false,false,false,,,,,-9.769763,,linear_2fold_v1,calibrated_estimate
JYVLIDXNZAXMDK-UHFFFAOYSA-N,22386,20160829,000022386.B3LYP@PM6.S0,C5H12O,88.148180,0,1,molssiai-hub/pubchemqc-b3lyp,B3LYP/6-31G*//PM6 (gas phase),CC BY 4.0,10.1021/acs.jcim.3c00899,-7.012374,2.024527,9.036901,-7.012374,2.024527,1.483927,dataset_level_eV,inchikey_match_target,key_registry;targeted_harvest;viscosity_roster;viscosity_roster_sample,true,false,false,true,true,false,,,,,-9.940710,,linear_2fold_v1,calibrated_estimate
KACPVQQHDVBVFC-UHFFFAOYSA-N,23,20160829,000000023.B3LYP@PM6.S0,C7H7NO5,185.134180,0,1,molssiai-hub/pubchemqc-b3lyp,B3LYP/6-31G*//PM6 (gas phase),CC BY 4.0,10.1021/acs.jcim.3c00899,-6.775635,-2.590524,4.185111,-6.775635,-2.590524,3.362350,dataset_level_eV,inchikey_from_pubchem_cid,,false,false,false,false,false,false,,,,,-9.700834,,linear_2fold_v1,calibrated_estimate
KAQKFAOMNZTLHT-UHFFFAOYSA-N,159,20160829,000000159.B3LYP@PM6.S0,C20H32O5,352.465080,0,1,molssiai-hub/pubchemqc-b3lyp,B3LYP/6-31G*//PM6 (gas phase),CC BY 4.0,10.1021/acs.jcim.3c00899,-5.785140,0.130615,5.915755,-5.785140,0.130615,4.593667,dataset_level_eV,inchikey_from_pubchem_cid,,false,false,false,false,false,false,,,,,-8.697214,,linear_2fold_v1,calibrated_estimate
KBDKAJNTYKVSEK-UHFFFAOYSA-N,634,20160829,000000634.B3LYP@PM6.S0,C5H11O7P,214.110401,0,1,molssiai-hub/pubchemqc-b3lyp,B3LYP/6-31G*//PM6 (gas phase),CC BY 4.0,10.1021/acs.jcim.3c00899,-7.006932,0.244902,7.251834,-7.006932,0.244902,1.514747,dataset_level_eV,inchikey_from_pubchem_cid,,false,false,false,false,false,false,,,,,-9.935195,,linear_2fold_v1,calibrated_estimate
KBPLFHHGFOOTCA-UHFFFAOYSA-N,957,20160829,000000957.B3LYP@PM6.S0,C8H18O,130.227920,0,1,molssiai-hub/pubchemqc-b3lyp,B3LYP/6-31G*//PM6 (gas phase),CC BY 4.0,10.1021/acs.jcim.3c00899,-6.898086,2.117046,9.015132,-6.898086,2.117046,1.734788,dataset_level_eV,inchikey_match_target,epsilon_roster;key_registry;targeted_harvest;viscosity_roster;viscosity_roster_sample,true,false,true,true,true,false,,,,,-9.824907,,linear_2fold_v1,calibrated_estimate
KBUNOSOGGAARKZ-UHFFFAOYSA-N,631,20160829,000000631.B3LYP@PM6.S0,C18H37NO2,299.491880,0,1,molssiai-hub/pubchemqc-b3lyp,B3LYP/6-31G*//PM6 (gas phase),CC BY 4.0,10.1021/acs.jcim.3c00899,-6.304878,-0.672121,5.632757,-6.304878,-0.672121,2.446332,dataset_level_eV,inchikey_from_pubchem_cid,,false,false,false,false,false,false,,,,,-9.223839,,linear_2fold_v1,calibrated_estimate
KCEGBPIYGIWCDH-UHFFFAOYSA-N,652,20160829,000000652.B3LYP@PM6.S0,C9H20N2O2,188.267300,0,1,molssiai-hub/pubchemqc-b3lyp,B3LYP/6-31G*//PM6 (gas phase),CC BY 4.0,10.1021/acs.jcim.3c00899,-6.008274,0.114288,6.122562,-6.008274,0.114288,4.852105,dataset_level_eV,inchikey_from_pubchem_cid,,false,false,false,false,false,false,,,,,-8.923304,,linear_2fold_v1,calibrated_estimate
KDTSHFARGAKYJN-UHFFFAOYSA-N,642,20160829,000000642.B3LYP@PM6.S0,C21H35N7O13P2S,687.554222,0,1,molssiai-hub/pubchemqc-b3lyp,B3LYP/6-31G*//PM6 (gas phase),CC BY 4.0,10.1021/acs.jcim.3c00899,-6.313041,-1.104782,5.208259,-6.313041,-1.104782,7.088512,dataset_level_eV,inchikey_from_pubchem_cid,,false,false,false,false,false,false,,,,,-9.232110,,linear_2fold_v1,calibrated_estimate
KFEUJDWYNGMDBV-UHFFFAOYSA-N,245,20160829,000000245.B3LYP@PM6.S0,C14H25NO11,383.348400,0,1,molssiai-hub/pubchemqc-b3lyp,B3LYP/6-31G*//PM6 (gas phase),CC BY 4.0,10.1021/acs.jcim.3c00899,-6.674953,0.519737,7.194690,-6.674953,0.519737,6.028983,dataset_level_eV,inchikey_from_pubchem_cid,,false,false,false,false,false,false,,,,,-9.598817,,linear_2fold_v1,calibrated_estimate
KFWWCMJSYSSPSK-UHFFFAOYSA-N,592,20160829,000000592.B3LYP@PM6.S0,C25H40N7O17P3S,835.608083,0,1,molssiai-hub/pubchemqc-b3lyp,B3LYP/6-31G*//PM6 (gas phase),CC BY 4.0,10.1021/acs.jcim.3c00899,-6.264061,-1.553770,4.710291,-6.264061,-1.553770,10.520754,dataset_level_eV,inchikey_from_pubchem_cid,,false,false,false,false,false,false,,,,,-9.182481,,linear_2fold_v1,calibrated_estimate
KFZMGEQAYNKOFK-UHFFFAOYSA-N,3776,20160829,000003776.B3LYP@PM6.S0,C3H8O,60.095020,0,1,molssiai-hub/pubchemqc-b3lyp,B3LYP/6-31G*//PM6 (gas phase),CC BY 4.0,10.1021/acs.jcim.3c00899,-7.025980,2.081671,9.107651,-7.025980,2.081671,1.598439,dataset_level_eV,inchikey_match_target,epsilon_roster;key_registry;targeted_harvest;viscosity_roster,true,false,true,true,false,false,,,,,-9.954496,,linear_2fold_v1,calibrated_estimate
KGPPDNUWZNWPSI-UHFFFAOYSA-N,9528,20160829,000009528.B3LYP@PM6.S0,C4H4F6O,182.064379,0,1,molssiai-hub/pubchemqc-b3lyp,B3LYP/6-31G*//PM6 (gas phase),CC BY 4.0,10.1021/acs.jcim.3c00899,-8.266819,0.955120,9.221938,-8.266819,0.955120,0.061495,dataset_level_eV,inchikey_match_target,batt_orbit_pool;epsilon_roster;key_registry;targeted_harvest,true,true,true,false,false,false,-10.928500,1.580000,-2.661681,0.624880,,,,paired_anchor
KHWCHTKSEGGWEX-UHFFFAOYSA-N,621,20160829,000000621.B3LYP@PM6.S0,C10H14N5O6P,331.221821,0,1,molssiai-hub/pubchemqc-b3lyp,B3LYP/6-31G*//PM6 (gas phase),CC BY 4.0,10.1021/acs.jcim.3c00899,-5.975620,-0.778246,5.197375,-5.975620,-0.778246,4.329663,dataset_level_eV,inchikey_from_pubchem_cid,,false,false,false,false,false,false,,,,,-8.890218,,linear_2fold_v1,calibrated_estimate
KIUAERUGDCOOSB-UHFFFAOYSA-N,171331,20160829,000171331.B3LYP@PM6.S0,C3H11NO4S,157.188740,0,1,molssiai-hub/pubchemqc-b3lyp,B3LYP/6-31G*//PM6 (gas phase),CC BY 4.0,10.1021/acs.jcim.3c00899,-6.955230,1.208185,8.163416,-6.955230,1.208185,7.714867,dataset_level_eV,inchikey_match_target,key_registry;targeted_harvest;viscosity_roster;viscosity_roster_sample,true,false,false,true,true,false,,,,,-9.882808,,linear_2fold_v1,calibrated_estimate
KJDRSWPQXHESDQ-UHFFFAOYSA-N,8059,20160829,000008059.B3LYP@PM6.S0,C4H8Cl2,127.012320,0,1,molssiai-hub/pubchemqc-b3lyp,B3LYP/6-31G*//PM6 (gas phase),CC BY 4.0,10.1021/acs.jcim.3c00899,-7.921234,0.590487,8.511721,-7.921234,0.590487,0.000028,dataset_level_eV,inchikey_match_target,epsilon_roster;key_registry;targeted_harvest,true,false,true,false,false,false,,,,,-10.861613,,linear_2fold_v1,calibrated_estimate
KJIOQYGWTQBHNH-UHFFFAOYSA-N,8184,20160829,000008184.B3LYP@PM6.S0,C11H24O,172.307660,0,1,molssiai-hub/pubchemqc-b3lyp,B3LYP/6-31G*//PM6 (gas phase),CC BY 4.0,10.1021/acs.jcim.3c00899,-6.884480,2.122488,9.006968,-6.884480,2.122488,1.747905,dataset_level_eV,inchikey_match_target,key_registry;targeted_harvest;viscosity_roster;viscosity_roster_sample,true,false,false,true,true,false,,,,,-9.811121,,linear_2fold_v1,calibrated_estimate
KJOVGYUGXHIVAY-UHFFFAOYSA-N,399,20160829,000000399.B3LYP@PM6.S0,C7H6O6,186.118940,0,1,molssiai-hub/pubchemqc-b3lyp,B3LYP/6-31G*//PM6 (gas phase),CC BY 4.0,10.1021/acs.jcim.3c00899,-7.581092,-2.519774,5.061318,-7.581092,-2.519774,3.464126,dataset_level_eV,inchikey_from_pubchem_cid,,false,false,false,false,false,false,,,,,-10.516964,,linear_2fold_v1,calibrated_estimate
KJPRLNWUNMBNBZ-UHFFFAOYSA-N,307,20160829,000000307.B3LYP@PM6.S0,C9H8O,132.159220,0,1,molssiai-hub/pubchemqc-b3lyp,B3LYP/6-31G*//PM6 (gas phase),CC BY 4.0,10.1021/acs.jcim.3c00899,-6.604203,-1.874864,4.729339,-6.604203,-1.874864,3.990570,dataset_level_eV,inchikey_from_pubchem_cid,key_registry;viscosity_roster,true,false,false,true,false,false,,,,,-9.527130,,linear_2fold_v1,calibrated_estimate
KJTLQQUUPVSXIM-UHFFFAOYSA-N,449,20160829,000000449.B3LYP@PM6.S0,C6H12O4,148.157080,0,1,molssiai-hub/pubchemqc-b3lyp,B3LYP/6-31G*//PM6 (gas phase),CC BY 4.0,10.1021/acs.jcim.3c00899,-6.737539,-0.193201,6.544338,-6.737539,-0.193201,3.072748,dataset_level_eV,inchikey_from_pubchem_cid,,false,false,false,false,false,false,,,,,-9.662233,,linear_2fold_v1,calibrated_estimate
KKZFLSZAWCYPOC-UHFFFAOYSA-N,635,20160829,000000635.B3LYP@PM6.S0,C5H11O7P,214.110401,0,1,molssiai-hub/pubchemqc-b3lyp,B3LYP/6-31G*//PM6 (gas phase),CC BY 4.0,10.1021/acs.jcim.3c00899,-6.813731,-0.038096,6.775635,-6.813731,-0.038096,3.604414,dataset_level_eV,inchikey_from_pubchem_cid,,false,false,false,false,false,false,,,,,-9.739434,,linear_2fold_v1,calibrated_estimate
KMTRUDSVKNLOMY-UHFFFAOYSA-N,7303,20160829,000007303.B3LYP@PM6.S0,C3H4O3,88.062060,0,1,molssiai-hub/pubchemqc-b3lyp,B3LYP/6-31G*//PM6 (gas phase),CC BY 4.0,10.1021/acs.jcim.3c00899,-8.108993,0.982331,9.091324,-8.108993,0.982331,5.266801,dataset_level_eV,inchikey_match_target,batt_orbit_pool;epsilon_roster;key_registry;named_solvent;targeted_harvest;viscosity_roster,true,true,true,true,false,false,-11.202400,1.469500,-3.093407,0.487169,,,,paired_anchor
KNKRKFALVUDBJE-UHFFFAOYSA-N,6564,20160829,000006564.B3LYP@PM6.S0,C3H6Cl2,112.985740,0,1,molssiai-hub/pubchemqc-b3lyp,B3LYP/6-31G*//PM6 (gas phase),CC BY 4.0,10.1021/acs.jcim.3c00899,-8.152531,0.138778,8.291309,-8.152531,0.138778,0.537550,dataset_level_eV,inchikey_match_target,epsilon_roster;key_registry;targeted_harvest,true,false,true,false,false,false,,,,,-11.095975,,linear_2fold_v1,calibrated_estimate
KPGXRSRHYNQIFN-UHFFFAOYSA-N,51,20160829,000000051.B3LYP@PM6.S0,C5H6O5,146.098140,0,1,molssiai-hub/pubchemqc-b3lyp,B3LYP/6-31G*//PM6 (gas phase),CC BY 4.0,10.1021/acs.jcim.3c00899,-7.483131,-2.503447,4.979683,-7.483131,-2.503447,5.056501,dataset_level_eV,inchikey_from_pubchem_cid,,false,false,false,false,false,false,,,,,-10.417704,,linear_2fold_v1,calibrated_estimate
KQMZYOXOBSXMII-UHFFFAOYSA-N,380,20160829,000000380.B3LYP@PM6.S0,C29H50N7O17P3S,893.730283,0,1,molssiai-hub/pubchemqc-b3lyp,B3LYP/6-31G*//PM6 (gas phase),CC BY 4.0,10.1021/acs.jcim.3c00899,-5.872217,-1.112946,4.759271,-5.872217,-1.112946,11.255247,dataset_level_eV,inchikey_from_pubchem_cid,,false,false,false,false,false,false,,,,,-8.785445,,linear_2fold_v1,calibrated_estimate
KQZRTOGFDRQBSR-UHFFFAOYSA-N,25,20160829,000000025.B3LYP@PM6.S0,C9H15N5O6,289.245300,0,1,molssiai-hub/pubchemqc-b3lyp,B3LYP/6-31G*//PM6 (gas phase),CC BY 4.0,10.1021/acs.jcim.3c00899,-5.404181,-0.563276,4.840905,-5.404181,-0.563276,7.607209,dataset_level_eV,inchikey_from_pubchem_cid,,false,false,false,false,false,false,,,,,-8.311207,,linear_2fold_v1,calibrated_estimate
KRIOVPPHQSLHCZ-UHFFFAOYSA-N,7148,20160829,000007148.B3LYP@PM6.S0,C9H10O,134.175100,0,1,molssiai-hub/pubchemqc-b3lyp,B3LYP/6-31G*//PM6 (gas phase),CC BY 4.0,10.1021/acs.jcim.3c00899,-6.683116,-1.295262,5.387854,-6.683116,-1.295262,2.781364,dataset_level_eV,inchikey_match_target,key_registry;targeted_harvest;viscosity_roster;viscosity_roster_sample,true,false,false,true,true,false,,,,,-9.607089,,linear_2fold_v1,calibrated_estimate
KRKNYBCHXYNGOX-UHFFFAOYSA-N,311,20160829,000000311.B3LYP@PM6.S0,C6H8O7,192.123520,0,1,molssiai-hub/pubchemqc-b3lyp,B3LYP/6-31G*//PM6 (gas phase),CC BY 4.0,10.1021/acs.jcim.3c00899,-7.896744,-1.053081,6.843663,-7.896744,-1.053081,2.379871,dataset_level_eV,inchikey_from_pubchem_cid,,false,false,false,false,false,false,,,,,-10.836798,,linear_2fold_v1,calibrated_estimate
KRQUJBMPSDPYMT-UHFFFAOYSA-N,62,20160829,000000062.B3LYP@PM6.S0,C6H5Cl3O,199.462300,0,1,molssiai-hub/pubchemqc-b3lyp,B3LYP/6-31G*//PM6 (gas phase),CC BY 4.0,10.1021/acs.jcim.3c00899,-7.123941,-1.444925,5.679016,-7.123941,-1.444925,1.961268,dataset_level_eV,inchikey_from_pubchem_cid,,false,false,false,false,false,false,,,,,-10.053755,,linear_2fold_v1,calibrated_estimate
KRURGYOKPVLRHQ-UHFFFAOYSA-N,492,20160829,000000492.B3LYP@PM6.S0,H2O6S3,194.207280,0,1,molssiai-hub/pubchemqc-b3lyp,B3LYP/6-31G*//PM6 (gas phase),CC BY 4.0,10.1021/acs.jcim.3c00899,-8.122598,-2.410929,5.711670,-8.122598,-2.410929,3.113832,dataset_level_eV,inchikey_from_pubchem_cid,,false,false,false,false,false,false,,,,,-11.065645,,linear_2fold_v1,calibrated_estimate
KSWWYTQOPBWHCP-UHFFFAOYSA-N,315,20160829,000000315.B3LYP@PM6.S0,C17H26N3O15P,543.373201,0,1,molssiai-hub/pubchemqc-b3lyp,B3LYP/6-31G*//PM6 (gas phase),CC BY 4.0,10.1021/acs.jcim.3c00899,-6.348416,-1.703433,4.644983,-6.348416,-1.703433,8.813340,dataset_level_eV,inchikey_from_pubchem_cid,,false,false,false,false,false,false,,,,,-9.267954,,linear_2fold_v1,calibrated_estimate
KVDQMARGGBLIJM-UHFFFAOYSA-N,167,20160829,000000167.B3LYP@PM6.S0,C6H6N4,134.138640,0,1,molssiai-hub/pubchemqc-b3lyp,B3LYP/6-31G*//PM6 (gas phase),CC BY 4.0,10.1021/acs.jcim.3c00899,-6.372906,-3.289856,3.083050,-6.372906,-3.289856,2.503320,dataset_level_eV,inchikey_from_pubchem_cid,,false,false,false,false,false,false,,,,,-9.292768,,linear_2fold_v1,calibrated_estimate
KVNRLNFWIYMESJ-UHFFFAOYSA-N,8008,20160829,000008008.B3LYP@PM6.S0,C4H7N,69.105080,0,1,molssiai-hub/pubchemqc-b3lyp,B3LYP/6-31G*//PM6 (gas phase),CC BY 4.0,10.1021/acs.jcim.3c00899,-8.680432,0.982331,9.662763,-8.680432,0.982331,4.021055,dataset_level_eV,inchikey_match_target,batt_orbit_pool;epsilon_roster;key_registry;targeted_harvest;viscosity_roster,true,true,true,true,false,false,-11.744200,1.794200,-3.063768,0.811869,,,,paired_anchor
KWIUHFFTVRNATP-UHFFFAOYSA-N,247,20160829,000000247.B3LYP@PM6.S0,C5H11NO2,117.146340,0,1,molssiai-hub/pubchemqc-b3lyp,B3LYP/6-31G*//PM6 (gas phase),CC BY 4.0,10.1021/acs.jcim.3c00899,-5.238192,0.949677,6.187869,-5.238192,0.949677,10.439948,dataset_level_eV,inchikey_from_pubchem_cid,batt_orbit_pool;key_registry,true,true,false,false,false,false,-8.937900,1.539600,-3.699708,0.589923,,,,paired_anchor
KXDHJXZQYSOELW-UHFFFAOYSA-N,277,20160829,000000277.B3LYP@PM6.S0,CH3NO2,61.040020,0,1,molssiai-hub/pubchemqc-b3lyp,B3LYP/6-31G*//PM6 (gas phase),CC BY 4.0,10.1021/acs.jcim.3c00899,-7.502179,0.862601,8.364780,-7.502179,0.862601,5.220112,dataset_level_eV,inchikey_from_pubchem_cid,,false,false,false,false,false,false,,,,,-10.437005,,linear_2fold_v1,calibrated_estimate
KXFJZKUFXHWWAJ-UHFFFAOYSA-N,355,20160829,000000355.B3LYP@PM6.S0,C8H6O4,166.130840,0,1,molssiai-hub/pubchemqc-b3lyp,B3LYP/6-31G*//PM6 (gas phase),CC BY 4.0,10.1021/acs.jcim.3c00899,-6.737539,-2.429977,4.307562,-6.737539,-2.429977,3.954961,dataset_level_eV,inchikey_from_pubchem_cid,,false,false,false,false,false,false,,,,,-9.662233,,linear_2fold_v1,calibrated_estimate
KXKVLQRXCPHEJC-UHFFFAOYSA-N,6584,20160829,000006584.B3LYP@PM6.S0,C3H6O2,74.078540,0,1,molssiai-hub/pubchemqc-b3lyp,B3LYP/6-31G*//PM6 (gas phase),CC BY 4.0,10.1021/acs.jcim.3c00899,-7.382449,0.285720,7.668168,-7.382449,0.285720,1.743654,dataset_level_eV,inchikey_match_target,batt_orbit_pool;epsilon_roster;key_registry;targeted_harvest;viscosity_roster,true,true,true,true,false,false,-10.528000,1.574500,-3.145551,1.288780,,,,paired_anchor
LCGLNKUTAGEVQW-UHFFFAOYSA-N,8254,20160829,000008254.B3LYP@PM6.S0,C2H6O,46.068440,0,1,molssiai-hub/pubchemqc-b3lyp,B3LYP/6-31G*//PM6 (gas phase),CC BY 4.0,10.1021/acs.jcim.3c00899,-6.753866,2.400044,9.153910,-6.753866,2.400044,1.340946,dataset_level_eV,inchikey_match_target,batt_orbit_pool;epsilon_roster;key_registry;targeted_harvest;viscosity_roster;viscosity_roster_sample,true,true,true,true,true,false,-9.839600,1.789100,-3.085734,-0.610944,,,,paired_anchor
LCZUOKDVTBMCMX-UHFFFAOYSA-N,31252,20160829,000031252.B3LYP@PM6.S0,C6H8N2,108.141120,0,1,molssiai-hub/pubchemqc-b3lyp,B3LYP/6-31G*//PM6 (gas phase),CC BY 4.0,10.1021/acs.jcim.3c00899,-6.576992,-1.145599,5.431392,-6.576992,-1.145599,0.000022,dataset_level_eV,inchikey_match_target,batt_orbit_pool;epsilon_roster;key_registry;targeted_harvest,true,true,true,false,false,false,-9.353500,0.852400,-2.776508,1.997999,,,,paired_anchor
LCZVSXRMYJUNFX-UHFFFAOYSA-N,32611,20160829,000032611.B3LYP@PM6.S0,C9H20O4,192.252700,0,1,molssiai-hub/pubchemqc-b3lyp,B3LYP/6-31G*//PM6 (gas phase),CC BY 4.0,10.1021/acs.jcim.3c00899,-6.585155,1.896634,8.481789,-6.585155,1.896634,1.278621,dataset_level_eV,inchikey_match_target,key_registry;targeted_harvest;viscosity_roster;viscosity_roster_sample,true,false,false,true,true,false,,,,,-9.507830,,linear_2fold_v1,calibrated_estimate
LDCYZAJDBXYCGN-UHFFFAOYSA-N,144,20160829,000000144.B3LYP@PM6.S0,C11H12N2O3,220.224580,0,1,molssiai-hub/pubchemqc-b3lyp,B3LYP/6-31G*//PM6 (gas phase),CC BY 4.0,10.1021/acs.jcim.3c00899,-5.635478,-0.604093,5.031385,-5.635478,-0.604093,3.304743,dataset_level_eV,inchikey_from_pubchem_cid,,false,false,false,false,false,false,,,,,-8.545569,,linear_2fold_v1,calibrated_estimate
LEVWYRKDKASIDU-UHFFFAOYSA-N,595,20160829,000000595.B3LYP@PM6.S0,C6H12N2O4S2,240.300480,0,1,molssiai-hub/pubchemqc-b3lyp,B3LYP/6-31G*//PM6 (gas phase),CC BY 4.0,10.1021/acs.jcim.3c00899,-6.947067,-1.450367,5.496700,-6.947067,-1.450367,2.408612,dataset_level_eV,inchikey_from_pubchem_cid,,false,false,false,false,false,false,,,,,-9.874537,,linear_2fold_v1,calibrated_estimate
LFLUCDOSQPJJBE-UHFFFAOYSA-N,105,20160829,000000105.B3LYP@PM6.S0,C3H5O7P,184.041361,0,1,molssiai-hub/pubchemqc-b3lyp,B3LYP/6-31G*//PM6 (gas phase),CC BY 4.0,10.1021/acs.jcim.3c00899,-7.779735,-3.034069,4.745666,-7.779735,-3.034069,2.963230,dataset_level_eV,inchikey_from_pubchem_cid,,false,false,false,false,false,false,,,,,-10.718239,,linear_2fold_v1,calibrated_estimate
LFQSCWFLJHTTHZ-UHFFFAOYSA-N,702,20160829,000000702.B3LYP@PM6.S0,C2H6O,46.068440,0,1,molssiai-hub/pubchemqc-b3lyp,B3LYP/6-31G*//PM6 (gas phase),CC BY 4.0,10.1021/acs.jcim.3c00899,-7.066797,2.095277,9.162073,-7.066797,2.095277,1.694015,dataset_level_eV,inchikey_match_target,epsilon_roster;key_registry;named_solvent;targeted_harvest;viscosity_roster;viscosity_roster_sample,true,false,true,true,true,false,,,,,-9.995854,,linear_2fold_v1,calibrated_estimate
LFSAPCRASZRSKS-UHFFFAOYSA-N,11419,20160829,000011419.B3LYP@PM6.S0,C7H12O,112.169580,0,1,molssiai-hub/pubchemqc-b3lyp,B3LYP/6-31G*//PM6 (gas phase),CC BY 4.0,10.1021/acs.jcim.3c00899,-6.285830,-0.274835,6.010995,-6.285830,-0.274835,2.955457,dataset_level_eV,inchikey_match_target,epsilon_roster;key_registry;targeted_harvest,true,false,true,false,false,false,,,,,-9.204538,,linear_2fold_v1,calibrated_estimate
LGIFCELMJBBHMO-UHFFFAOYSA-N,658,20160829,000000658.B3LYP@PM6.S0,C38H68O15,764.937520,0,1,molssiai-hub/pubchemqc-b3lyp,B3LYP/6-31G*//PM6 (gas phase),CC BY 4.0,10.1021/acs.jcim.3c00899,-6.500800,-0.168711,6.332089,-6.500800,-0.168711,3.143549,dataset_level_eV,inchikey_from_pubchem_cid,,false,false,false,false,false,false,,,,,-9.422357,,linear_2fold_v1,calibrated_estimate
LGYIZQLNYONEFJ-UHFFFAOYSA-N,584,20160829,000000584.B3LYP@PM6.S0,C10H8O4,192.168120,0,1,molssiai-hub/pubchemqc-b3lyp,B3LYP/6-31G*//PM6 (gas phase),CC BY 4.0,10.1021/acs.jcim.3c00899,-6.106235,-1.333358,4.772877,-6.106235,-1.333358,5.177675,dataset_level_eV,inchikey_from_pubchem_cid,,false,false,false,false,false,false,,,,,-9.022564,,linear_2fold_v1,calibrated_estimate
LHGVFZTZFXWLCP-UHFFFAOYSA-N,460,20160829,000000460.B3LYP@PM6.S0,C7H8O2,124.137220,0,1,molssiai-hub/pubchemqc-b3lyp,B3LYP/6-31G*//PM6 (gas phase),CC BY 4.0,10.1021/acs.jcim.3c00899,-5.398739,0.195922,5.594661,-5.398739,0.195922,2.210789,dataset_level_eV,inchikey_from_pubchem_cid,key_registry,true,false,false,false,false,false,,,,,-8.305693,,linear_2fold_v1,calibrated_estimate
LHHGDZSESBACKH-UHFFFAOYSA-N,299,20160829,000000299.B3LYP@PM6.S0,C10Cl10O,490.636400,0,1,molssiai-hub/pubchemqc-b3lyp,B3LYP/6-31G*//PM6 (gas phase),CC BY 4.0,10.1021/acs.jcim.3c00899,-7.640957,-2.274872,5.366085,-7.640957,-2.274872,1.035678,dataset_level_eV,inchikey_from_pubchem_cid,,false,false,false,false,false,false,,,,,-10.577622,,linear_2fold_v1,calibrated_estimate
LIPOUNRJVLNBCD-UHFFFAOYSA-N,186,20160829,000000186.B3LYP@PM6.S0,C2H5O5P,140.031861,0,1,molssiai-hub/pubchemqc-b3lyp,B3LYP/6-31G*//PM6 (gas phase),CC BY 4.0,10.1021/acs.jcim.3c00899,-7.921234,-0.647631,7.273603,-7.921234,-0.647631,1.953509,dataset_level_eV,inchikey_from_pubchem_cid,,false,false,false,false,false,false,,,,,-10.861613,,linear_2fold_v1,calibrated_estimate
LJQLQCAXBUHEAZ-UHFFFAOYSA-N,683,20160829,000000683.B3LYP@PM6.S0,C3H8O10P2,266.037142,0,1,molssiai-hub/pubchemqc-b3lyp,B3LYP/6-31G*//PM6 (gas phase),CC BY 4.0,10.1021/acs.jcim.3c00899,-7.817831,-1.431319,6.386512,-7.817831,-1.431319,2.927434,dataset_level_eV,inchikey_from_pubchem_cid,,false,false,false,false,false,false,,,,,-10.756840,,linear_2fold_v1,calibrated_estimate
LJSQFQKUNVCTIA-UHFFFAOYSA-N,9609,20160829,000009609.B3LYP@PM6.S0,C4H10S,90.187200,0,1,molssiai-hub/pubchemqc-b3lyp,B3LYP/6-31G*//PM6 (gas phase),CC BY 4.0,10.1021/acs.jcim.3c00899,-5.809631,1.110225,6.919855,-5.809631,1.110225,1.578404,dataset_level_eV,inchikey_match_target,epsilon_roster;key_registry;targeted_harvest,true,false,true,false,false,false,,,,,-8.722029,,linear_2fold_v1,calibrated_estimate
LJUQGASMPRMWIW-UHFFFAOYSA-N,675,20160829,000000675.B3LYP@PM6.S0,C9H10N2,146.189100,0,1,molssiai-hub/pubchemqc-b3lyp,B3LYP/6-31G*//PM6 (gas phase),CC BY 4.0,10.1021/acs.jcim.3c00899,-5.730718,-0.293883,5.436835,-5.730718,-0.293883,3.297462,dataset_level_eV,inchikey_from_pubchem_cid,,false,false,false,false,false,false,,,,,-8.642071,,linear_2fold_v1,calibrated_estimate
LLEVMYXEJUDBTA-UHFFFAOYSA-N,12590,20160829,000012590.B3LYP@PM6.S0,C7H10N2,122.167700,0,1,molssiai-hub/pubchemqc-b3lyp,B3LYP/6-31G*//PM6 (gas phase),CC BY 4.0,10.1021/acs.jcim.3c00899,-8.732133,0.655794,9.387928,-8.732133,0.655794,3.927224,dataset_level_eV,inchikey_match_target,batt_orbit_pool;epsilon_roster;key_registry;targeted_harvest,true,true,true,false,false,false,-11.467000,1.713100,-2.734867,1.057306,,,,paired_anchor
LMKYZBGVKHTLTN-UHFFFAOYSA-N,426,20160829,000000426.B3LYP@PM6.S0,C11H20N4O6,304.299700,0,1,molssiai-hub/pubchemqc-b3lyp,B3LYP/6-31G*//PM6 (gas phase),CC BY 4.0,10.1021/acs.jcim.3c00899,-6.206917,-0.579603,5.627314,-6.206917,-0.579603,5.500672,dataset_level_eV,inchikey_from_pubchem_cid,,false,false,false,false,false,false,,,,,-9.124580,,linear_2fold_v1,calibrated_estimate
LNTHITQWFMADLM-UHFFFAOYSA-N,370,20160829,000000370.B3LYP@PM6.S0,C7H6O5,170.119540,0,1,molssiai-hub/pubchemqc-b3lyp,B3LYP/6-31G*//PM6 (gas phase),CC BY 4.0,10.1021/acs.jcim.3c00899,-6.081745,-0.740150,5.341595,-6.081745,-0.740150,5.329596,dataset_level_eV,inchikey_from_pubchem_cid,,false,false,false,false,false,false,,,,,-8.997749,,linear_2fold_v1,calibrated_estimate
LPJNFGOOIPHXHU-UHFFFAOYSA-N,536,20160829,000000536.B3LYP@PM6.S0,C45H60N4O14,880.976300,0,1,molssiai-hub/pubchemqc-b3lyp,B3LYP/6-31G*//PM6 (gas phase),CC BY 4.0,10.1021/acs.jcim.3c00899,-5.763371,-1.170090,4.593282,-5.763371,-1.170090,5.725789,dataset_level_eV,inchikey_from_pubchem_cid,,false,false,false,false,false,false,,,,,-8.675156,,linear_2fold_v1,calibrated_estimate
LQEBEXMHBLQMDB-UHFFFAOYSA-N,451,20160829,000000451.B3LYP@PM6.S0,C16H25N5O15P2,589.341722,0,1,molssiai-hub/pubchemqc-b3lyp,B3LYP/6-31G*//PM6 (gas phase),CC BY 4.0,10.1021/acs.jcim.3c00899,-5.444998,-0.470757,4.974241,-5.444998,-0.470757,17.914119,dataset_level_eV,inchikey_from_pubchem_cid,,false,false,false,false,false,false,,,,,-8.352565,,linear_2fold_v1,calibrated_estimate
LRHPLDYGYMQRHN-UHFFFAOYSA-N,263,20160829,000000263.B3LYP@PM6.S0,C4H10O,74.121600,0,1,molssiai-hub/pubchemqc-b3lyp,B3LYP/6-31G*//PM6 (gas phase),CC BY 4.0,10.1021/acs.jcim.3c00899,-6.957951,2.108882,9.066833,-6.957951,2.108882,1.705330,dataset_level_eV,inchikey_match_target,epsilon_roster;key_registry;targeted_harvest;viscosity_roster,true,false,true,true,false,false,,,,,-9.885565,,linear_2fold_v1,calibrated_estimate
LSJLEXWXRKTZAJ-UHFFFAOYSA-N,201,20160829,000000201.B3LYP@PM6.S0,C35H60O7P2,654.794222,0,1,molssiai-hub/pubchemqc-b3lyp,B3LYP/6-31G*//PM6 (gas phase),CC BY 4.0,10.1021/acs.jcim.3c00899,-5.757929,-0.394565,5.363364,-5.757929,-0.394565,3.079137,dataset_level_eV,inchikey_from_pubchem_cid,,false,false,false,false,false,false,,,,,-8.669642,,linear_2fold_v1,calibrated_estimate
LTFMZDNNPPEQNG-UHFFFAOYSA-N,645,20160829,000000645.B3LYP@PM6.S0,C10H14N5O7P,347.221221,0,1,molssiai-hub/pubchemqc-b3lyp,B3LYP/6-31G*//PM6 (gas phase),CC BY 4.0,10.1021/acs.jcim.3c00899,-5.801467,-0.353748,5.447719,-5.801467,-0.353748,11.222884,dataset_level_eV,inchikey_from_pubchem_cid,,false,false,false,false,false,false,,,,,-8.713757,,linear_2fold_v1,calibrated_estimate
LTOOEXBCTAXFSU-UHFFFAOYSA-N,381,20160829,000000381.B3LYP@PM6.S0,C27H44N7O19P3S,895.660043,0,1,molssiai-hub/pubchemqc-b3lyp,B3LYP/6-31G*//PM6 (gas phase),CC BY 4.0,10.1021/acs.jcim.3c00899,-5.994668,-1.189138,4.805531,-5.994668,-1.189138,7.140306,dataset_level_eV,inchikey_from_pubchem_cid,,false,false,false,false,false,false,,,,,-8.909518,,linear_2fold_v1,calibrated_estimate
LTVXPVBFJBTNIJ-UHFFFAOYSA-N,382,20160829,000000382.B3LYP@PM6.S0,C28H40N7O18P3S,887.639583,0,1,molssiai-hub/pubchemqc-b3lyp,B3LYP/6-31G*//PM6 (gas phase),CC BY 4.0,10.1021/acs.jcim.3c00899,-6.348416,-1.183695,5.164721,-6.348416,-1.183695,8.134807,dataset_level_eV,inchikey_from_pubchem_cid,,false,false,false,false,false,false,,,,,-9.267954,,linear_2fold_v1,calibrated_estimate
LULAYUGMBFYYEX-UHFFFAOYSA-N,447,20160829,000000447.B3LYP@PM6.S0,C7H5ClO2,156.566400,0,1,molssiai-hub/pubchemqc-b3lyp,B3LYP/6-31G*//PM6 (gas phase),CC BY 4.0,10.1021/acs.jcim.3c00899,-7.142989,-1.390502,5.752487,-7.142989,-1.390502,3.816307,dataset_level_eV,inchikey_from_pubchem_cid,,false,false,false,false,false,false,,,,,-10.073055,,linear_2fold_v1,calibrated_estimate
LVGUZGTVOIAKKC-UHFFFAOYSA-N,13129,20160829,000013129.B3LYP@PM6.S0,C2H2F4,102.030893,0,1,molssiai-hub/pubchemqc-b3lyp,B3LYP/6-31G*//PM6 (gas phase),CC BY 4.0,10.1021/acs.jcim.3c00899,-9.921271,1.580981,11.502252,-9.921271,1.580981,2.087839,dataset_level_eV,inchikey_match_target,key_registry;targeted_harvest;viscosity_roster;viscosity_roster_sample,true,false,false,true,true,false,,,,,-12.888152,,linear_2fold_v1,calibrated_estimate
LVTYICIALWPMFW-UHFFFAOYSA-N,8086,20160829,000008086.B3LYP@PM6.S0,C6H15NO2,133.188800,0,1,molssiai-hub/pubchemqc-b3lyp,B3LYP/6-31G*//PM6 (gas phase),CC BY 4.0,10.1021/acs.jcim.3c00899,-6.253176,1.406829,7.660005,-6.253176,1.406829,1.658447,dataset_level_eV,inchikey_match_target,epsilon_roster;key_registry;targeted_harvest;viscosity_roster,true,false,true,true,false,false,,,,,-9.171452,,linear_2fold_v1,calibrated_estimate
LXHWDUISRBUGRA-UHFFFAOYSA-N,18908,20160829,000018908.B3LYP@PM6.S0,C6H5Cl2OP,194.983061,0,1,molssiai-hub/pubchemqc-b3lyp,B3LYP/6-31G*//PM6 (gas phase),CC BY 4.0,10.1021/acs.jcim.3c00899,-6.876317,-1.031311,5.845006,-6.876317,-1.031311,2.628572,dataset_level_eV,inchikey_match_target,key_registry;targeted_harvest;viscosity_roster;viscosity_roster_sample,true,false,false,true,true,false,,,,,-9.802850,,linear_2fold_v1,calibrated_estimate
LYCAIKOWRPUZTN-UHFFFAOYSA-N,174,20160829,000000174.B3LYP@PM6.S0,C2H6O2,62.067840,0,1,molssiai-hub/pubchemqc-b3lyp,B3LYP/6-31G*//PM6 (gas phase),CC BY 4.0,10.1021/acs.jcim.3c00899,-6.957951,1.229955,8.187906,-6.957951,1.229955,1.247624,dataset_level_eV,inchikey_match_target,epsilon_roster;key_registry;targeted_harvest;viscosity_roster,true,false,true,true,false,false,,,,,-9.885565,,linear_2fold_v1,calibrated_estimate
LYCRXMTYUZDUGA-UHFFFAOYSA-N,163,20160829,000000163.B3LYP@PM6.S0,C28H46N7O19P3S,909.686623,0,1,molssiai-hub/pubchemqc-b3lyp,B3LYP/6-31G*//PM6 (gas phase),CC BY 4.0,10.1021/acs.jcim.3c00899,-6.070860,-0.938793,5.132067,-6.070860,-0.938793,4.768144,dataset_level_eV,inchikey_from_pubchem_cid,,false,false,false,false,false,false,,,,,-8.986720,,linear_2fold_v1,calibrated_estimate
LYIIBVSRGJSHAV-UHFFFAOYSA-N,363,20160829,000000363.B3LYP@PM6.S0,C2H5NO,59.067200,0,1,molssiai-hub/pubchemqc-b3lyp,B3LYP/6-31G*//PM6 (gas phase),CC BY 4.0,10.1021/acs.jcim.3c00899,-6.579713,-0.636746,5.942966,-6.579713,-0.636746,3.215649,dataset_level_eV,inchikey_from_pubchem_cid,,false,false,false,false,false,false,,,,,-9.502315,,linear_2fold_v1,calibrated_estimate
LZEXYCAGPMYXLX-UHFFFAOYSA-N,505,20160829,000000505.B3LYP@PM6.S0,C9H15N4O9P,354.210561,0,1,molssiai-hub/pubchemqc-b3lyp,B3LYP/6-31G*//PM6 (gas phase),CC BY 4.0,10.1021/acs.jcim.3c00899,-6.125283,-0.780967,5.344316,-6.125283,-0.780967,5.236104,dataset_level_eV,inchikey_from_pubchem_cid,,false,false,false,false,false,false,,,,,-9.041864,,linear_2fold_v1,calibrated_estimate
MCTWTZJPVLRJOU-UHFFFAOYSA-N,1390,20160829,000001390.B3LYP@PM6.S0,C4H6N2,82.103840,0,1,molssiai-hub/pubchemqc-b3lyp,B3LYP/6-31G*//PM6 (gas phase),CC BY 4.0,10.1021/acs.jcim.3c00899,-5.918476,0.574160,6.492636,-5.918476,0.574160,4.037427,dataset_level_eV,inchikey_match_target,epsilon_roster;key_registry;named_solvent;targeted_harvest,true,false,true,false,false,false,,,,,-8.832317,,linear_2fold_v1,calibrated_estimate
MEYMBLGOKYDGLZ-UHFFFAOYSA-N,171,20160829,000000171.B3LYP@PM6.S0,C7H9N5O,179.179260,0,1,molssiai-hub/pubchemqc-b3lyp,B3LYP/6-31G*//PM6 (gas phase),CC BY 4.0,10.1021/acs.jcim.3c00899,-5.436835,-0.348306,5.088529,-5.436835,-0.348306,8.194031,dataset_level_eV,inchikey_from_pubchem_cid,,false,false,false,false,false,false,,,,,-8.344293,,linear_2fold_v1,calibrated_estimate
MFPZQZZWAMAHOY-UHFFFAOYSA-N,26179,20160829,000026179.B3LYP@PM6.S0,C7H8OS,140.202820,0,1,molssiai-hub/pubchemqc-b3lyp,B3LYP/6-31G*//PM6 (gas phase),CC BY 4.0,10.1021/acs.jcim.3c00899,-6.742981,-1.616356,5.126625,-6.742981,-1.616356,3.428955,dataset_level_eV,inchikey_match_target,batt_calibration_sample;batt_orbit_pool;key_registry;targeted_harvest,true,true,false,false,false,true,-9.289200,0.395000,-2.546219,2.011356,,,,paired_anchor
MFYZACBRKCFXDV-UHFFFAOYSA-N,114,20160829,000000114.B3LYP@PM6.S0,C9H11NO2,165.189140,0,1,molssiai-hub/pubchemqc-b3lyp,B3LYP/6-31G*//PM6 (gas phase),CC BY 4.0,10.1021/acs.jcim.3c00899,-6.976999,-0.865322,6.111677,-6.976999,-0.865322,4.634659,dataset_level_eV,inchikey_from_pubchem_cid,,false,false,false,false,false,false,,,,,-9.904866,,linear_2fold_v1,calibrated_estimate
MHNNAWXXUZQSNM-UHFFFAOYSA-N,11240,20160829,000011240.B3LYP@PM6.S0,C5H10,70.132900,0,1,molssiai-hub/pubchemqc-b3lyp,B3LYP/6-31G*//PM6 (gas phase),CC BY 4.0,10.1021/acs.jcim.3c00899,-6.468146,0.775524,7.243671,-6.468146,0.775524,0.463990,dataset_level_eV,inchikey_match_target,epsilon_roster;key_registry;targeted_harvest,true,false,true,false,false,false,,,,,-9.389270,,linear_2fold_v1,calibrated_estimate
MHSVUSZEHNVFKW-UHFFFAOYSA-N,255,20160829,000000255.B3LYP@PM6.S0,C12H9N2O8P,340.182221,0,1,molssiai-hub/pubchemqc-b3lyp,B3LYP/6-31G*//PM6 (gas phase),CC BY 4.0,10.1021/acs.jcim.3c00899,-7.401497,-2.522495,4.879001,-7.401497,-2.522495,5.558663,dataset_level_eV,inchikey_from_pubchem_cid,,false,false,false,false,false,false,,,,,-10.334989,,linear_2fold_v1,calibrated_estimate
MHVJWSPYMHAALE-UHFFFAOYSA-N,439,20160829,000000439.B3LYP@PM6.S0,C9H9NO2,163.173260,0,1,molssiai-hub/pubchemqc-b3lyp,B3LYP/6-31G*//PM6 (gas phase),CC BY 4.0,10.1021/acs.jcim.3c00899,-6.762029,-1.439482,5.322547,-6.762029,-1.439482,5.514919,dataset_level_eV,inchikey_from_pubchem_cid,,false,false,false,false,false,false,,,,,-9.687047,,linear_2fold_v1,calibrated_estimate
MJLXNZUZQMWZTB-UHFFFAOYSA-N,56,20160829,000000056.B3LYP@PM6.S0,C46H70O2,655.046800,0,1,molssiai-hub/pubchemqc-b3lyp,B3LYP/6-31G*//PM6 (gas phase),CC BY 4.0,10.1021/acs.jcim.3c00899,-5.409623,0.035375,5.444998,-5.409623,0.035375,3.138317,dataset_level_eV,inchikey_from_pubchem_cid,,false,false,false,false,false,false,,,,,-8.316721,,linear_2fold_v1,calibrated_estimate
MKZFABOMIIHLIT-UHFFFAOYSA-N,164,20160829,000000164.B3LYP@PM6.S0,C6H9N3O3,171.153960,0,1,molssiai-hub/pubchemqc-b3lyp,B3LYP/6-31G*//PM6 (gas phase),CC BY 4.0,10.1021/acs.jcim.3c00899,-6.830058,-2.171469,4.658589,-6.830058,-2.171469,0.955887,dataset_level_eV,inchikey_from_pubchem_cid,,false,false,false,false,false,false,,,,,-9.755978,,linear_2fold_v1,calibrated_estimate
MLRVZFYXUZQSRU-UHFFFAOYSA-N,10992,20160829,000010992.B3LYP@PM6.S0,C6H13Cl,120.620420,0,1,molssiai-hub/pubchemqc-b3lyp,B3LYP/6-31G*//PM6 (gas phase),CC BY 4.0,10.1021/acs.jcim.3c00899,-7.730754,0.957841,8.688595,-7.730754,0.957841,2.409794,dataset_level_eV,inchikey_match_target,key_registry;targeted_harvest;viscosity_roster;viscosity_roster_sample,true,false,false,true,true,false,,,,,-10.668609,,linear_2fold_v1,calibrated_estimate
MMZYCBHLNZVROM-UHFFFAOYSA-N,7241,20160829,000007241.B3LYP@PM6.S0,C7H7F,110.128883,0,1,molssiai-hub/pubchemqc-b3lyp,B3LYP/6-31G*//PM6 (gas phase),CC BY 4.0,10.1021/acs.jcim.3c00899,-6.362022,-0.081634,6.280388,-6.362022,-0.081634,1.028475,dataset_level_eV,inchikey_match_target,epsilon_roster;key_registry;targeted_harvest,true,false,true,false,false,false,,,,,-9.281740,,linear_2fold_v1,calibrated_estimate
MPPPKRYCTPRNTB-UHFFFAOYSA-N,8002,20160829,000008002.B3LYP@PM6.S0,C4H9Br,137.018260,0,1,molssiai-hub/pubchemqc-b3lyp,B3LYP/6-31G*//PM6 (gas phase),CC BY 4.0,10.1021/acs.jcim.3c00899,-7.387891,-0.027211,7.360680,-7.387891,-0.027211,2.483007,dataset_level_eV,inchikey_match_target,key_registry;targeted_harvest;viscosity_roster;viscosity_roster_sample,true,false,false,true,true,false,,,,,-10.321202,,linear_2fold_v1,calibrated_estimate
MQBCDKMPXVYCGO-UHFFFAOYSA-N,580,20160829,000000580.B3LYP@PM6.S0,C17H30N2O12S,486.491300,0,1,molssiai-hub/pubchemqc-b3lyp,B3LYP/6-31G*//PM6 (gas phase),CC BY 4.0,10.1021/acs.jcim.3c00899,-6.541617,-0.348306,6.193311,-6.541617,-0.348306,5.743800,dataset_level_eV,inchikey_from_pubchem_cid,,false,false,false,false,false,false,,,,,-9.463715,,linear_2fold_v1,calibrated_estimate
MQTAVJHICJWXBR-UHFFFAOYSA-N,496,20160829,000000496.B3LYP@PM6.S0,C9H21N3O,187.282540,0,1,molssiai-hub/pubchemqc-b3lyp,B3LYP/6-31G*//PM6 (gas phase),CC BY 4.0,10.1021/acs.jcim.3c00899,-5.970178,0.848995,6.819173,-5.970178,0.848995,2.261890,dataset_level_eV,inchikey_from_pubchem_cid,,false,false,false,false,false,false,,,,,-8.884704,,linear_2fold_v1,calibrated_estimate
MQWCXKGKQLNYQG-UHFFFAOYSA-N,11524,20160829,000011524.B3LYP@PM6.S0,C7H14O,114.185460,0,1,molssiai-hub/pubchemqc-b3lyp,B3LYP/6-31G*//PM6 (gas phase),CC BY 4.0,10.1021/acs.jcim.3c00899,-6.895365,1.510232,8.405597,-6.895365,1.510232,1.771273,dataset_level_eV,inchikey_match_target,epsilon_roster;key_registry;targeted_harvest,true,false,true,false,false,false,,,,,-9.822150,,linear_2fold_v1,calibrated_estimate
MRABAEUHTLLEML-UHFFFAOYSA-N,8738,20160829,000008738.B3LYP@PM6.S0,C7H14O3,146.184260,0,1,molssiai-hub/pubchemqc-b3lyp,B3LYP/6-31G*//PM6 (gas phase),CC BY 4.0,10.1021/acs.jcim.3c00899,-7.134825,0.212249,7.347074,-7.134825,0.212249,2.178908,dataset_level_eV,inchikey_match_target,key_registry;targeted_harvest;viscosity_roster;viscosity_roster_sample,true,false,false,true,true,false,,,,,-10.064783,,linear_2fold_v1,calibrated_estimate
MRKTUVZZZRUSQR-UHFFFAOYSA-N,579,20160829,000000579.B3LYP@PM6.S0,C14H25NO11,383.348400,0,1,molssiai-hub/pubchemqc-b3lyp,B3LYP/6-31G*//PM6 (gas phase),CC BY 4.0,10.1021/acs.jcim.3c00899,-6.500800,0.133336,6.634136,-6.500800,0.133336,6.864262,dataset_level_eV,inchikey_from_pubchem_cid,,false,false,false,false,false,false,,,,,-9.422357,,linear_2fold_v1,calibrated_estimate
MSXVEPNJUHWQHW-UHFFFAOYSA-N,6405,20160829,000006405.B3LYP@PM6.S0,C5H12O,88.148180,0,1,molssiai-hub/pubchemqc-b3lyp,B3LYP/6-31G*//PM6 (gas phase),CC BY 4.0,10.1021/acs.jcim.3c00899,-6.898086,1.983710,8.881796,-6.898086,1.983710,1.472517,dataset_level_eV,inchikey_match_target,epsilon_roster;key_registry;targeted_harvest;viscosity_roster,true,false,true,true,false,false,,,,,-9.824907,,linear_2fold_v1,calibrated_estimate
MTCFGRXMJLQNBG-UHFFFAOYSA-N,617,20160829,000000617.B3LYP@PM6.S0,C3H7NO3,105.092580,0,1,molssiai-hub/pubchemqc-b3lyp,B3LYP/6-31G*//PM6 (gas phase),CC BY 4.0,10.1021/acs.jcim.3c00899,-6.702164,0.380959,7.083124,-6.702164,0.380959,4.240836,dataset_level_eV,inchikey_from_pubchem_cid,,false,false,false,false,false,false,,,,,-9.626389,,linear_2fold_v1,calibrated_estimate
MTHSVFCYNBDYFN-UHFFFAOYSA-N,8117,20160829,000008117.B3LYP@PM6.S0,C4H10O3,106.120400,0,1,molssiai-hub/pubchemqc-b3lyp,B3LYP/6-31G*//PM6 (gas phase),CC BY 4.0,10.1021/acs.jcim.3c00899,-6.947067,1.948335,8.895402,-6.947067,1.948335,0.468605,dataset_level_eV,inchikey_match_target,epsilon_roster;key_registry;targeted_harvest;viscosity_roster,true,false,true,true,false,false,,,,,-9.874537,,linear_2fold_v1,calibrated_estimate
MUIPLRMGAXZWSQ-UHFFFAOYSA-N,7,20160829,000000007.B3LYP@PM6.S0,C7H9N5,163.179860,0,1,molssiai-hub/pubchemqc-b3lyp,B3LYP/6-31G*//PM6 (gas phase),CC BY 4.0,10.1021/acs.jcim.3c00899,-5.785140,-0.579603,5.205538,-5.785140,-0.579603,2.609349,verified_eV_audited,inchikey_from_pubchem_cid,,false,false,false,false,false,false,,,,,-8.697214,,linear_2fold_v1,calibrated_estimate
MVPPADPHJFYWMZ-UHFFFAOYSA-N,7964,20160829,000007964.B3LYP@PM6.S0,C6H5Cl,112.556900,0,1,molssiai-hub/pubchemqc-b3lyp,B3LYP/6-31G*//PM6 (gas phase),CC BY 4.0,10.1021/acs.jcim.3c00899,-6.631415,-0.348306,6.283109,-6.631415,-0.348306,1.813780,dataset_level_eV,inchikey_match_target,epsilon_roster;key_registry;targeted_harvest;viscosity_roster;viscosity_roster_sample,true,false,true,true,true,false,,,,,-9.554703,,linear_2fold_v1,calibrated_estimate
MWKFXSUHUHTGQN-UHFFFAOYSA-N,8174,20160829,000008174.B3LYP@PM6.S0,C10H22O,158.281080,0,1,molssiai-hub/pubchemqc-b3lyp,B3LYP/6-31G*//PM6 (gas phase),CC BY 4.0,10.1021/acs.jcim.3c00899,-6.887202,2.119767,9.006968,-6.887202,2.119767,1.740480,dataset_level_eV,inchikey_match_target,epsilon_roster;key_registry;targeted_harvest;viscosity_roster;viscosity_roster_sample,true,false,true,true,true,false,,,,,-9.813879,,linear_2fold_v1,calibrated_estimate
MXHRCPNRJAMMIM-UHFFFAOYSA-N,640,20160829,000000640.B3LYP@PM6.S0,C9H12N2O5,228.201980,0,1,molssiai-hub/pubchemqc-b3lyp,B3LYP/6-31G*//PM6 (gas phase),CC BY 4.0,10.1021/acs.jcim.3c00899,-6.378349,-0.862601,5.515748,-6.378349,-0.862601,5.558170,dataset_level_eV,inchikey_from_pubchem_cid,,false,false,false,false,false,false,,,,,-9.298283,,linear_2fold_v1,calibrated_estimate
MYKUKUCHPMASKF-UHFFFAOYSA-N,412,20160829,000000412.B3LYP@PM6.S0,C9H12N2,148.204980,0,1,molssiai-hub/pubchemqc-b3lyp,B3LYP/6-31G*//PM6 (gas phase),CC BY 4.0,10.1021/acs.jcim.3c00899,-6.122562,-0.489805,5.632757,-6.122562,-0.489805,3.727261,dataset_level_eV,inchikey_from_pubchem_cid,,false,false,false,false,false,false,,,,,-9.039107,,linear_2fold_v1,calibrated_estimate
MZFOKIKEPGUZEN-UHFFFAOYSA-N,613,20160829,000000613.B3LYP@PM6.S0,C25H40N7O19P3S,867.606883,0,1,molssiai-hub/pubchemqc-b3lyp,B3LYP/6-31G*//PM6 (gas phase),CC BY 4.0,10.1021/acs.jcim.3c00899,-5.885823,-1.352406,4.533417,-5.885823,-1.352406,5.613338,dataset_level_eV,inchikey_from_pubchem_cid,,false,false,false,false,false,false,,,,,-8.799231,,linear_2fold_v1,calibrated_estimate
MZJFVXDTNBHTKZ-UHFFFAOYSA-N,113,20160829,000000113.B3LYP@PM6.S0,C4H7O8P,214.067341,0,1,molssiai-hub/pubchemqc-b3lyp,B3LYP/6-31G*//PM6 (gas phase),CC BY 4.0,10.1021/acs.jcim.3c00899,-7.654563,-3.047675,4.606887,-7.654563,-3.047675,4.262294,dataset_level_eV,inchikey_from_pubchem_cid,,false,false,false,false,false,false,,,,,-10.591408,,linear_2fold_v1,calibrated_estimate
NBBJYMSMWIIQGU-UHFFFAOYSA-N,527,20160829,000000527.B3LYP@PM6.S0,C3H6O,58.079140,0,1,molssiai-hub/pubchemqc-b3lyp,B3LYP/6-31G*//PM6 (gas phase),CC BY 4.0,10.1021/acs.jcim.3c00899,-6.938903,-0.571439,6.367464,-6.938903,-0.571439,2.506258,dataset_level_eV,inchikey_from_pubchem_cid,batt_orbit_pool;key_registry;viscosity_roster,true,true,false,true,false,false,-9.786400,1.717300,-2.847497,2.288739,,,,paired_anchor
NBOCCPQHBPGYCX-UHFFFAOYSA-N,615,20160829,000000615.B3LYP@PM6.S0,C5H11O8P,230.109801,0,1,molssiai-hub/pubchemqc-b3lyp,B3LYP/6-31G*//PM6 (gas phase),CC BY 4.0,10.1021/acs.jcim.3c00899,-7.377006,-1.591866,5.785140,-7.377006,-1.591866,6.481614,dataset_level_eV,inchikey_from_pubchem_cid,,false,false,false,false,false,false,,,,,-10.310173,,linear_2fold_v1,calibrated_estimate
NBSCHQHZLSJFNQ-UHFFFAOYSA-N,208,20160829,000000208.B3LYP@PM6.S0,C6H13O9P,260.135781,0,1,molssiai-hub/pubchemqc-b3lyp,B3LYP/6-31G*//PM6 (gas phase),CC BY 4.0,10.1021/acs.jcim.3c00899,-7.268161,0.753755,8.021916,-7.268161,0.753755,4.239230,dataset_level_eV,inchikey_from_pubchem_cid,,false,false,false,false,false,false,,,,,-10.199886,,linear_2fold_v1,calibrated_estimate
NCMVOABPESMRCP-UHFFFAOYSA-N,624,20160829,000000624.B3LYP@PM6.S0,C9H14N3O7P,307.197121,0,1,molssiai-hub/pubchemqc-b3lyp,B3LYP/6-31G*//PM6 (gas phase),CC BY 4.0,10.1021/acs.jcim.3c00899,-6.119840,-0.944235,5.175605,-6.119840,-0.944235,7.051606,dataset_level_eV,inchikey_from_pubchem_cid,,false,false,false,false,false,false,,,,,-9.036349,,linear_2fold_v1,calibrated_estimate
NDPTTXIBLSWNSF-UHFFFAOYSA-N,445,20160829,000000445.B3LYP@PM6.S0,C13H20ClNO,241.757000,0,1,molssiai-hub/pubchemqc-b3lyp,B3LYP/6-31G*//PM6 (gas phase),CC BY 4.0,10.1021/acs.jcim.3c00899,-5.597382,-0.606814,4.990568,-5.597382,-0.606814,1.843535,dataset_level_eV,inchikey_from_pubchem_cid,,false,false,false,false,false,false,,,,,-8.506968,,linear_2fold_v1,calibrated_estimate
NDVWOBYBJYUSMF-UHFFFAOYSA-N,11418,20160829,000011418.B3LYP@PM6.S0,C7H14O,114.185460,0,1,molssiai-hub/pubchemqc-b3lyp,B3LYP/6-31G*//PM6 (gas phase),CC BY 4.0,10.1021/acs.jcim.3c00899,-6.827337,1.659894,8.487231,-6.827337,1.659894,1.747603,dataset_level_eV,inchikey_match_target,epsilon_roster;key_registry;targeted_harvest,true,false,true,false,false,false,,,,,-9.753221,,linear_2fold_v1,calibrated_estimate
NEHNMFOYXAPHSD-UHFFFAOYSA-N,7794,20160829,000007794.B3LYP@PM6.S0,C10H18O,154.249320,0,1,molssiai-hub/pubchemqc-b3lyp,B3LYP/6-31G*//PM6 (gas phase),CC BY 4.0,10.1021/acs.jcim.3c00899,-6.277667,-0.683006,5.594661,-6.277667,-0.683006,2.813170,dataset_level_eV,inchikey_match_target,key_registry;targeted_harvest;viscosity_roster;viscosity_roster_sample,true,false,false,true,true,false,,,,,-9.196267,,linear_2fold_v1,calibrated_estimate
NEZRFXZYPAIZAD-UHFFFAOYSA-N,252322,20160829,000252322.B3LYP@PM6.S0,C6H12,84.159480,0,1,molssiai-hub/pubchemqc-b3lyp,B3LYP/6-31G*//PM6 (gas phase),CC BY 4.0,10.1021/acs.jcim.3c00899,-7.643678,2.402765,10.046443,-7.643678,2.402765,0.053420,dataset_level_eV,inchikey_match_target,epsilon_roster;key_registry;targeted_harvest,true,false,true,false,false,false,,,,,-10.580379,,linear_2fold_v1,calibrated_estimate
NGDLSXMSQYUVSJ-UHFFFAOYSA-N,331,20160829,000000331.B3LYP@PM6.S0,C6H14N2O2,146.187560,0,1,molssiai-hub/pubchemqc-b3lyp,B3LYP/6-31G*//PM6 (gas phase),CC BY 4.0,10.1021/acs.jcim.3c00899,-6.046370,0.059865,6.106235,-6.046370,0.059865,4.509162,dataset_level_eV,inchikey_from_pubchem_cid,,false,false,false,false,false,false,,,,,-8.961905,,linear_2fold_v1,calibrated_estimate
NGFSMHKFTZROKJ-UHFFFAOYSA-N,202,20160829,000000202.B3LYP@PM6.S0,C30H52O7P2,586.677202,0,1,molssiai-hub/pubchemqc-b3lyp,B3LYP/6-31G*//PM6 (gas phase),CC BY 4.0,10.1021/acs.jcim.3c00899,-5.662689,-0.315652,5.347037,-5.662689,-0.315652,3.581449,dataset_level_eV,inchikey_from_pubchem_cid,,false,false,false,false,false,false,,,,,-8.573140,,linear_2fold_v1,calibrated_estimate
NGHVIOIJCVXTGV-UHFFFAOYSA-N,162,20160829,000000162.B3LYP@PM6.S0,C8H12N2O3S,216.257480,0,1,molssiai-hub/pubchemqc-b3lyp,B3LYP/6-31G*//PM6 (gas phase),CC BY 4.0,10.1021/acs.jcim.3c00899,-6.427329,-1.017706,5.409623,-6.427329,-1.017706,5.363081,dataset_level_eV,inchikey_from_pubchem_cid,,false,false,false,false,false,false,,,,,-9.347912,,linear_2fold_v1,calibrated_estimate
NGSWKAQJJWESNS-UHFFFAOYSA-N,322,20160829,000000322.B3LYP@PM6.S0,C9H8O3,164.158020,0,1,molssiai-hub/pubchemqc-b3lyp,B3LYP/6-31G*//PM6 (gas phase),CC BY 4.0,10.1021/acs.jcim.3c00899,-6.089908,-1.766019,4.323889,-6.089908,-1.766019,6.769366,dataset_level_eV,inchikey_from_pubchem_cid,,false,false,false,false,false,false,,,,,-9.006020,,linear_2fold_v1,calibrated_estimate
NHNODHRSCRALBF-UHFFFAOYSA-N,53,20160829,000000053.B3LYP@PM6.S0,C26H42N7O18P3S,865.634063,0,1,molssiai-hub/pubchemqc-b3lyp,B3LYP/6-31G*//PM6 (gas phase),CC BY 4.0,10.1021/acs.jcim.3c00899,-5.755208,-1.899355,3.855853,-5.755208,-1.899355,5.649334,dataset_level_eV,inchikey_from_pubchem_cid,,false,false,false,false,false,false,,,,,-8.666885,,linear_2fold_v1,calibrated_estimate
NHTMVDHEPJAVLT-UHFFFAOYSA-N,10907,20160829,000010907.B3LYP@PM6.S0,C8H18,114.228520,0,1,molssiai-hub/pubchemqc-b3lyp,B3LYP/6-31G*//PM6 (gas phase),CC BY 4.0,10.1021/acs.jcim.3c00899,-7.975657,2.084392,10.060049,-7.975657,2.084392,0.075498,dataset_level_eV,inchikey_match_target,key_registry;targeted_harvest;viscosity_roster;viscosity_roster_sample,true,false,false,true,true,false,,,,,-10.916757,,linear_2fold_v1,calibrated_estimate
NIUVHXTXUXOFEB-UHFFFAOYSA-N,321,20160829,000000321.B3LYP@PM6.S0,C36H44N4O8,660.756560,0,1,molssiai-hub/pubchemqc-b3lyp,B3LYP/6-31G*//PM6 (gas phase),CC BY 4.0,10.1021/acs.jcim.3c00899,-5.115740,-0.552391,4.563349,-5.115740,-0.552391,9.895668,dataset_level_eV,inchikey_from_pubchem_cid,,false,false,false,false,false,false,,,,,-8.018944,,linear_2fold_v1,calibrated_estimate
NKDDWNXOKDWJAK-UHFFFAOYSA-N,8020,20160829,000008020.B3LYP@PM6.S0,C3H8O2,76.094420,0,1,molssiai-hub/pubchemqc-b3lyp,B3LYP/6-31G*//PM6 (gas phase),CC BY 4.0,10.1021/acs.jcim.3c00899,-7.088566,2.566034,9.654599,-7.088566,2.566034,0.350110,dataset_level_eV,inchikey_match_target,batt_orbit_pool;key_registry;targeted_harvest;viscosity_roster;viscosity_roster_sample,true,true,false,true,true,false,-10.299600,1.684500,-3.211034,-0.881534,,,,paired_anchor
NKOUWLLFHNBUDW-UHFFFAOYSA-N,7790,20160829,000007790.B3LYP@PM6.S0,C12H22O4,230.300680,0,1,molssiai-hub/pubchemqc-b3lyp,B3LYP/6-31G*//PM6 (gas phase),CC BY 4.0,10.1021/acs.jcim.3c00899,-7.311699,0.334700,7.646399,-7.311699,0.334700,0.912883,dataset_level_eV,inchikey_match_target,key_registry;targeted_harvest;viscosity_roster;viscosity_roster_sample,true,false,false,true,true,false,,,,,-10.244001,,linear_2fold_v1,calibrated_estimate
NLXFONFHPKEHOZ-UHFFFAOYSA-N,168506,20160829,000168506.B3LYP@PM6.S0,C4H13NO4S,171.215320,0,1,molssiai-hub/pubchemqc-b3lyp,B3LYP/6-31G*//PM6 (gas phase),CC BY 4.0,10.1021/acs.jcim.3c00899,-5.913034,-0.429940,5.483094,-5.913034,-0.429940,3.244918,dataset_level_eV,inchikey_match_target,key_registry;targeted_harvest;viscosity_roster;viscosity_roster_sample,true,false,false,true,true,false,,,,,-8.826802,,linear_2fold_v1,calibrated_estimate
NMDWGEGFJUBKLB-UHFFFAOYSA-N,22,20160829,000000022.B3LYP@PM6.S0,C5H8O4,132.114620,0,1,molssiai-hub/pubchemqc-b3lyp,B3LYP/6-31G*//PM6 (gas phase),CC BY 4.0,10.1021/acs.jcim.3c00899,-7.336189,-1.314310,6.021880,-7.336189,-1.314310,2.777161,dataset_level_eV,inchikey_from_pubchem_cid,,false,false,false,false,false,false,,,,,-10.268815,,linear_2fold_v1,calibrated_estimate
NNBZCPXTIHJBJL-UHFFFAOYSA-N,7044,20160829,000007044.B3LYP@PM6.S0,C10H18,138.249920,0,1,molssiai-hub/pubchemqc-b3lyp,B3LYP/6-31G*//PM6 (gas phase),CC BY 4.0,10.1021/acs.jcim.3c00899,-7.298093,2.446304,9.744397,-7.298093,2.446304,0.000034,dataset_level_eV,inchikey_match_target,key_registry;targeted_harvest;viscosity_roster;viscosity_roster_sample,true,false,false,true,true,false,,,,,-10.230215,,linear_2fold_v1,calibrated_estimate
NNPPMTNAJDCUHE-UHFFFAOYSA-N,6360,20160829,000006360.B3LYP@PM6.S0,C4H10,58.122200,0,1,molssiai-hub/pubchemqc-b3lyp,B3LYP/6-31G*//PM6 (gas phase),CC BY 4.0,10.1021/acs.jcim.3c00899,-8.674990,2.353785,11.028774,-8.674990,2.353785,0.056602,dataset_level_eV,inchikey_match_target,key_registry;targeted_harvest;viscosity_roster;viscosity_roster_sample,true,false,false,true,true,false,,,,,-11.625357,,linear_2fold_v1,calibrated_estimate
NOOLISFMXDJSKH-KXUCPTDWSA-N,16666,20160829,000016666.B3LYP@PM6.S0,C10H20O,156.265200,0,1,molssiai-hub/pubchemqc-b3lyp,B3LYP/6-31G*//PM6 (gas phase),CC BY 4.0,10.1021/acs.jcim.3c00899,-6.811010,1.964662,8.775672,-6.811010,1.964662,1.805575,dataset_level_eV,inchikey_match_target,key_registry;targeted_harvest;viscosity_roster;viscosity_roster_sample,true,false,false,true,true,false,,,,,-9.736677,,linear_2fold_v1,calibrated_estimate
NOTGFIUVDGNKRI-UHFFFAOYSA-N,200,20160829,000000200.B3LYP@PM6.S0,C9H15N4O8P,338.211161,0,1,molssiai-hub/pubchemqc-b3lyp,B3LYP/6-31G*//PM6 (gas phase),CC BY 4.0,10.1021/acs.jcim.3c00899,-5.080366,0.111567,5.191932,-5.080366,0.111567,2.684473,dataset_level_eV,inchikey_from_pubchem_cid,,false,false,false,false,false,false,,,,,-7.983101,,linear_2fold_v1,calibrated_estimate
NPDACUSDTOMAMK-UHFFFAOYSA-N,7810,20160829,000007810.B3LYP@PM6.S0,C7H7Cl,126.583480,0,1,molssiai-hub/pubchemqc-b3lyp,B3LYP/6-31G*//PM6 (gas phase),CC BY 4.0,10.1021/acs.jcim.3c00899,-6.351137,-0.329258,6.021880,-6.351137,-0.329258,2.208803,dataset_level_eV,inchikey_match_target,epsilon_roster;key_registry;targeted_harvest;viscosity_roster,true,false,true,true,false,false,,,,,-9.270711,,linear_2fold_v1,calibrated_estimate
NQPDZGIKBAWPEJ-UHFFFAOYSA-N,7991,20160829,000007991.B3LYP@PM6.S0,C5H10O2,102.131700,0,1,molssiai-hub/pubchemqc-b3lyp,B3LYP/6-31G*//PM6 (gas phase),CC BY 4.0,10.1021/acs.jcim.3c00899,-7.458641,0.217691,7.676332,-7.458641,0.217691,4.238874,dataset_level_eV,inchikey_match_target,epsilon_roster;key_registry;targeted_harvest;viscosity_roster,true,false,true,true,false,false,,,,,-10.392890,,linear_2fold_v1,calibrated_estimate
NQRKYASMKDDGHT-UHFFFAOYSA-N,286,20160829,000000286.B3LYP@PM6.S0,C2H5NO3,91.066000,0,1,molssiai-hub/pubchemqc-b3lyp,B3LYP/6-31G*//PM6 (gas phase),CC BY 4.0,10.1021/acs.jcim.3c00899,-7.074960,0.179595,7.254555,-7.074960,0.179595,5.126956,dataset_level_eV,inchikey_from_pubchem_cid,,false,false,false,false,false,false,,,,,-10.004125,,linear_2fold_v1,calibrated_estimate
NSGXIBWMJZWTPY-UHFFFAOYSA-N,12722,20160829,000012722.B3LYP@PM6.S0,C3H2F6,152.038399,0,1,molssiai-hub/pubchemqc-b3lyp,B3LYP/6-31G*//PM6 (gas phase),CC BY 4.0,10.1021/acs.jcim.3c00899,-10.762103,1.722481,12.484583,-10.762103,1.722481,2.182472,dataset_level_eV,inchikey_match_target,key_registry;targeted_harvest;viscosity_roster;viscosity_roster_sample,true,false,false,true,true,false,,,,,-13.740125,,linear_2fold_v1,calibrated_estimate
NTIZESTWPVYFNL-UHFFFAOYSA-N,7909,20160829,000007909.B3LYP@PM6.S0,C6H12O,100.158880,0,1,molssiai-hub/pubchemqc-b3lyp,B3LYP/6-31G*//PM6 (gas phase),CC BY 4.0,10.1021/acs.jcim.3c00899,-6.634136,-0.312931,6.321205,-6.634136,-0.312931,2.504891,dataset_level_eV,inchikey_match_target,batt_orbit_pool;epsilon_roster;key_registry;targeted_harvest;viscosity_roster;viscosity_roster_sample,true,true,true,true,true,false,-9.525300,1.726200,-2.891164,2.039131,,,,paired_anchor
NTKATOSHVDZIIF-UHFFFAOYSA-N,161,20160829,000000161.B3LYP@PM6.S0,C9H18N5O13P3,497.186203,0,1,molssiai-hub/pubchemqc-b3lyp,B3LYP/6-31G*//PM6 (gas phase),CC BY 4.0,10.1021/acs.jcim.3c00899,-6.144331,-0.552391,5.591940,-6.144331,-0.552391,6.254043,dataset_level_eV,inchikey_from_pubchem_cid,,false,false,false,false,false,false,,,,,-9.061164,,linear_2fold_v1,calibrated_estimate
NUCLJNSWZCHRKL-UHFFFAOYSA-N,203,20160829,000000203.B3LYP@PM6.S0,C4H8N4O4,176.130720,0,1,molssiai-hub/pubchemqc-b3lyp,B3LYP/6-31G*//PM6 (gas phase),CC BY 4.0,10.1021/acs.jcim.3c00899,-7.045028,0.136057,7.181085,-7.045028,0.136057,4.228594,dataset_level_eV,inchikey_from_pubchem_cid,,false,false,false,false,false,false,,,,,-9.973796,,linear_2fold_v1,calibrated_estimate
NUJGJRNETVAIRJ-UHFFFAOYSA-N,454,20160829,000000454.B3LYP@PM6.S0,C8H16O,128.212040,0,1,molssiai-hub/pubchemqc-b3lyp,B3LYP/6-31G*//PM6 (gas phase),CC BY 4.0,10.1021/acs.jcim.3c00899,-6.854548,-0.530622,6.323926,-6.854548,-0.530622,2.442484,dataset_level_eV,inchikey_from_pubchem_cid,batt_orbit_pool;key_registry;viscosity_roster,true,true,false,true,false,false,-9.723200,1.771700,-2.868652,2.302322,,,,paired_anchor
NUMQCACRALPSHD-UHFFFAOYSA-N,12512,20160829,000012512.B3LYP@PM6.S0,C6H14O,102.174760,0,1,molssiai-hub/pubchemqc-b3lyp,B3LYP/6-31G*//PM6 (gas phase),CC BY 4.0,10.1021/acs.jcim.3c00899,-6.557944,2.239497,8.797441,-6.557944,2.239497,1.108647,dataset_level_eV,inchikey_match_target,key_registry;targeted_harvest;viscosity_roster;viscosity_roster_sample,true,false,false,true,true,false,,,,,-9.480258,,linear_2fold_v1,calibrated_estimate
NUZLRKBHOBPTQV-UHFFFAOYSA-N,345,20160829,000000345.B3LYP@PM6.S0,C7H8O6,188.134820,0,1,molssiai-hub/pubchemqc-b3lyp,B3LYP/6-31G*//PM6 (gas phase),CC BY 4.0,10.1021/acs.jcim.3c00899,-7.589255,-2.538822,5.050433,-7.589255,-2.538822,3.788863,dataset_level_eV,inchikey_from_pubchem_cid,,false,false,false,false,false,false,,,,,-10.525235,,linear_2fold_v1,calibrated_estimate
NVJBFARDFTXOTO-UHFFFAOYSA-N,12197,20160829,000012197.B3LYP@PM6.S0,C4H10O3S,138.185400,0,1,molssiai-hub/pubchemqc-b3lyp,B3LYP/6-31G*//PM6 (gas phase),CC BY 4.0,10.1021/acs.jcim.3c00899,-7.575650,0.454430,8.030080,-7.575650,0.454430,2.282698,dataset_level_eV,inchikey_match_target,batt_orbit_pool;epsilon_roster;key_registry;targeted_harvest,true,true,true,false,false,false,-9.991200,1.537500,-2.415550,1.083070,,,,paired_anchor
NVKAWKQGWWIWPM-UHFFFAOYSA-N,15,20160829,000000015.B3LYP@PM6.S0,C19H30O2,290.440300,0,1,molssiai-hub/pubchemqc-b3lyp,B3LYP/6-31G*//PM6 (gas phase),CC BY 4.0,10.1021/acs.jcim.3c00899,-6.340253,-0.321094,6.019158,-6.340253,-0.321094,2.502201,verified_eV_audited,inchikey_from_pubchem_cid,,false,false,false,false,false,false,,,,,-9.259682,,linear_2fold_v1,calibrated_estimate
NWZYYCVIOKVTII-UHFFFAOYSA-N,336,20160829,000000336.B3LYP@PM6.S0,C3H6N2O4,134.090740,0,1,molssiai-hub/pubchemqc-b3lyp,B3LYP/6-31G*//PM6 (gas phase),CC BY 4.0,10.1021/acs.jcim.3c00899,-7.151152,0.119730,7.270882,-7.151152,0.119730,5.764957,dataset_level_eV,inchikey_from_pubchem_cid,,false,false,false,false,false,false,,,,,-10.081327,,linear_2fold_v1,calibrated_estimate
NYOXRYYXRWJDKP-UHFFFAOYSA-N,440,20160829,000000440.B3LYP@PM6.S0,C27H44O,384.637660,0,1,molssiai-hub/pubchemqc-b3lyp,B3LYP/6-31G*//PM6 (gas phase),CC BY 4.0,10.1021/acs.jcim.3c00899,-6.176984,-1.088455,5.088529,-6.176984,-1.088455,4.587171,dataset_level_eV,inchikey_from_pubchem_cid,,false,false,false,false,false,false,,,,,-9.094250,,linear_2fold_v1,calibrated_estimate
OAKLJPBSRRDONB-UHFFFAOYSA-N,656,20160829,000000656.B3LYP@PM6.S0,C34H64O13,680.864160,0,1,molssiai-hub/pubchemqc-b3lyp,B3LYP/6-31G*//PM6 (gas phase),CC BY 4.0,10.1021/acs.jcim.3c00899,-6.579713,0.266672,6.846384,-6.579713,0.266672,5.196255,dataset_level_eV,inchikey_from_pubchem_cid,,false,false,false,false,false,false,,,,,-9.502315,,linear_2fold_v1,calibrated_estimate
OBGQLHXSMIBYLN-UHFFFAOYSA-N,351,20160829,000000351.B3LYP@PM6.S0,C13H26NO10PS3,483.515001,0,1,molssiai-hub/pubchemqc-b3lyp,B3LYP/6-31G*//PM6 (gas phase),CC BY 4.0,10.1021/acs.jcim.3c00899,-6.517127,-0.772803,5.744323,-6.517127,-0.772803,6.991324,dataset_level_eV,inchikey_from_pubchem_cid,,false,false,false,false,false,false,,,,,-9.438900,,linear_2fold_v1,calibrated_estimate
OBNCKNCVKJNDBV-UHFFFAOYSA-N,7762,20160829,000007762.B3LYP@PM6.S0,C6H12O2,116.158280,0,1,molssiai-hub/pubchemqc-b3lyp,B3LYP/6-31G*//PM6 (gas phase),CC BY 4.0,10.1021/acs.jcim.3c00899,-7.279046,0.318373,7.597419,-7.279046,0.318373,1.525160,dataset_level_eV,inchikey_match_target,batt_orbit_pool;key_registry;targeted_harvest;viscosity_roster;viscosity_roster_sample,true,true,false,true,true,false,-10.378900,1.665800,-3.099854,1.347427,,,,paired_anchor
OBQMLSFOUZUIOB-UHFFFAOYSA-N,152,20160829,000000152.B3LYP@PM6.S0,C7H15N2O8P,286.176361,0,1,molssiai-hub/pubchemqc-b3lyp,B3LYP/6-31G*//PM6 (gas phase),CC BY 4.0,10.1021/acs.jcim.3c00899,-6.470867,0.247624,6.718491,-6.470867,0.247624,6.767665,dataset_level_eV,inchikey_from_pubchem_cid,,false,false,false,false,false,false,,,,,-9.392027,,linear_2fold_v1,calibrated_estimate
OBSDOPNAKDHTOG-UHFFFAOYSA-N,538,20160829,000000538.B3LYP@PM6.S0,C45H64N6O12,881.022660,0,1,molssiai-hub/pubchemqc-b3lyp,B3LYP/6-31G*//PM6 (gas phase),CC BY 4.0,10.1021/acs.jcim.3c00899,-6.432771,-1.352406,5.080366,-6.432771,-1.352406,9.978118,dataset_level_eV,inchikey_from_pubchem_cid,,false,false,false,false,false,false,,,,,-9.353426,,linear_2fold_v1,calibrated_estimate
OCLCLRXKNJCOJD-UHFFFAOYSA-N,651,20160829,000000651.B3LYP@PM6.S0,C9H16N5O8P,353.225801,0,1,molssiai-hub/pubchemqc-b3lyp,B3LYP/6-31G*//PM6 (gas phase),CC BY 4.0,10.1021/acs.jcim.3c00899,-4.876280,-0.089798,4.786483,-4.876280,-0.089798,6.371712,dataset_level_eV,inchikey_from_pubchem_cid,,false,false,false,false,false,false,,,,,-7.776311,,linear_2fold_v1,calibrated_estimate
ODHCTXKNWHHXJC-UHFFFAOYSA-N,499,20160829,000000499.B3LYP@PM6.S0,C5H7NO3,129.113980,0,1,molssiai-hub/pubchemqc-b3lyp,B3LYP/6-31G*//PM6 (gas phase),CC BY 4.0,10.1021/acs.jcim.3c00899,-7.088566,-0.122451,6.966115,-7.088566,-0.122451,2.412514,dataset_level_eV,inchikey_from_pubchem_cid,,false,false,false,false,false,false,,,,,-10.017911,,linear_2fold_v1,calibrated_estimate
ODKSFYDXXFIFQN-UHFFFAOYSA-N,232,20160829,000000232.B3LYP@PM6.S0,C6H14N4O2,174.200960,0,1,molssiai-hub/pubchemqc-b3lyp,B3LYP/6-31G*//PM6 (gas phase),CC BY 4.0,10.1021/acs.jcim.3c00899,-6.239571,0.457151,6.696722,-6.239571,0.457151,6.901660,dataset_level_eV,inchikey_from_pubchem_cid,,false,false,false,false,false,false,,,,,-9.157666,,linear_2fold_v1,calibrated_estimate
OENHQHLEOONYIE-UHFFFAOYSA-N,573,20160829,000000573.B3LYP@PM6.S0,C40H56,536.872640,0,1,molssiai-hub/pubchemqc-b3lyp,B3LYP/6-31G*//PM6 (gas phase),CC BY 4.0,10.1021/acs.jcim.3c00899,-4.713012,-1.374175,3.338837,-4.713012,-1.374175,0.843640,dataset_level_eV,inchikey_from_pubchem_cid,,false,false,false,false,false,false,,,,,-7.610879,,linear_2fold_v1,calibrated_estimate
OEPRBXUJOQLYID-UHFFFAOYSA-N,11603,20160829,000011603.B3LYP@PM6.S0,C5H11F,90.139243,0,1,molssiai-hub/pubchemqc-b3lyp,B3LYP/6-31G*//PM6 (gas phase),CC BY 4.0,10.1021/acs.jcim.3c00899,-8.266819,2.323852,10.590671,-8.266819,2.323852,1.748365,dataset_level_eV,inchikey_match_target,epsilon_roster;key_registry;targeted_harvest,true,false,true,false,false,false,,,,,-11.211777,,linear_2fold_v1,calibrated_estimate
OFBHPPMPBOJXRT-UHFFFAOYSA-N,195,20160829,000000195.B3LYP@PM6.S0,C14H18N5O11P,463.293381,0,1,molssiai-hub/pubchemqc-b3lyp,B3LYP/6-31G*//PM6 (gas phase),CC BY 4.0,10.1021/acs.jcim.3c00899,-6.171542,-1.066686,5.104856,-6.171542,-1.066686,2.156652,dataset_level_eV,inchikey_from_pubchem_cid,,false,false,false,false,false,false,,,,,-9.088736,,linear_2fold_v1,calibrated_estimate
OFBQJSOFQDEBGM-UHFFFAOYSA-N,8003,20160829,000008003.B3LYP@PM6.S0,C5H12,72.148780,0,1,molssiai-hub/pubchemqc-b3lyp,B3LYP/6-31G*//PM6 (gas phase),CC BY 4.0,10.1021/acs.jcim.3c00899,-8.302194,2.538822,10.841016,-8.302194,2.538822,0.043768,dataset_level_eV,inchikey_match_target,epsilon_roster;key_registry;targeted_harvest;viscosity_roster;viscosity_roster_sample,true,false,true,true,true,false,,,,,-11.247621,,linear_2fold_v1,calibrated_estimate
OGNSCSPNOLGXSM-UHFFFAOYSA-N,470,20160829,000000470.B3LYP@PM6.S0,C4H10N2O2,118.134400,0,1,molssiai-hub/pubchemqc-b3lyp,B3LYP/6-31G*//PM6 (gas phase),CC BY 4.0,10.1021/acs.jcim.3c00899,-6.291272,0.865322,7.156594,-6.291272,0.865322,6.031080,dataset_level_eV,inchikey_from_pubchem_cid,,false,false,false,false,false,false,,,,,-9.210052,,linear_2fold_v1,calibrated_estimate
OHLUUHNLEMFGTQ-UHFFFAOYSA-N,6582,20160829,000006582.B3LYP@PM6.S0,C3H7NO,73.093780,0,1,molssiai-hub/pubchemqc-b3lyp,B3LYP/6-31G*//PM6 (gas phase),CC BY 4.0,10.1021/acs.jcim.3c00899,-6.631415,0.873485,7.504900,-6.631415,0.873485,3.547148,dataset_level_eV,inchikey_match_target,epsilon_roster;key_registry;targeted_harvest;viscosity_roster,true,false,true,true,false,false,,,,,-9.554703,,linear_2fold_v1,calibrated_estimate
OIFBSDVPJOWBCH-UHFFFAOYSA-N,7766,20160829,000007766.B3LYP@PM6.S0,C5H10O3,118.131100,0,1,molssiai-hub/pubchemqc-b3lyp,B3LYP/6-31G*//PM6 (gas phase),CC BY 4.0,10.1021/acs.jcim.3c00899,-7.654563,1.080292,8.734855,-7.654563,1.080292,0.042468,dataset_level_eV,inchikey_match_target,batt_orbit_pool;epsilon_roster;key_registry;named_solvent;targeted_harvest;viscosity_roster,true,true,true,true,false,false,-10.924900,1.598200,-3.270337,0.517908,,,,paired_anchor
OIGWAXDAPKFNCQ-UHFFFAOYSA-N,325,20160829,000000325.B3LYP@PM6.S0,C10H14O,150.217560,0,1,molssiai-hub/pubchemqc-b3lyp,B3LYP/6-31G*//PM6 (gas phase),CC BY 4.0,10.1021/acs.jcim.3c00899,-6.291272,-0.043538,6.247734,-6.291272,-0.043538,1.762068,dataset_level_eV,inchikey_from_pubchem_cid,,false,false,false,false,false,false,,,,,-9.210052,,linear_2fold_v1,calibrated_estimate
OIRDTQYFTABQOQ-UHFFFAOYSA-N,191,20160829,000000191.B3LYP@PM6.S0,C10H13N5O4,267.241320,0,1,molssiai-hub/pubchemqc-b3lyp,B3LYP/6-31G*//PM6 (gas phase),CC BY 4.0,10.1021/acs.jcim.3c00899,-5.983784,-0.778246,5.205538,-5.983784,-0.778246,2.574396,dataset_level_eV,inchikey_from_pubchem_cid,,false,false,false,false,false,false,,,,,-8.898490,,linear_2fold_v1,calibrated_estimate
OISVCGZHLKNMSJ-UHFFFAOYSA-N,7937,20160829,000007937.B3LYP@PM6.S0,C7H9N,107.153060,0,1,molssiai-hub/pubchemqc-b3lyp,B3LYP/6-31G*//PM6 (gas phase),CC BY 4.0,10.1021/acs.jcim.3c00899,-6.481752,-0.351027,6.130725,-6.481752,-0.351027,1.551982,dataset_level_eV,inchikey_match_target,key_registry;targeted_harvest;viscosity_roster;viscosity_roster_sample,true,false,false,true,true,false,,,,,-9.403056,,linear_2fold_v1,calibrated_estimate
OIUJHGOLFKDBSU-UHFFFAOYSA-N,116,20160829,000000116.B3LYP@PM6.S0,C10H11NO5,225.198040,0,1,molssiai-hub/pubchemqc-b3lyp,B3LYP/6-31G*//PM6 (gas phase),CC BY 4.0,10.1021/acs.jcim.3c00899,-6.628693,-2.122488,4.506205,-6.628693,-2.122488,6.710314,dataset_level_eV,inchikey_from_pubchem_cid,,false,false,false,false,false,false,,,,,-9.551945,,linear_2fold_v1,calibrated_estimate
OIVLITBTBDPEFK-UHFFFAOYSA-N,649,20160829,000000649.B3LYP@PM6.S0,C4H6N2O2,114.102640,0,1,molssiai-hub/pubchemqc-b3lyp,B3LYP/6-31G*//PM6 (gas phase),CC BY 4.0,10.1021/acs.jcim.3c00899,-7.058633,-0.386402,6.672232,-7.058633,-0.386402,3.981220,dataset_level_eV,inchikey_from_pubchem_cid,,false,false,false,false,false,false,,,,,-9.987582,,linear_2fold_v1,calibrated_estimate
OJFDKHTZOUZBOS-UHFFFAOYSA-N,74,20160829,000000074.B3LYP@PM6.S0,C25H40N7O18P3S,851.607483,0,1,molssiai-hub/pubchemqc-b3lyp,B3LYP/6-31G*//PM6 (gas phase),CC BY 4.0,10.1021/acs.jcim.3c00899,-5.749766,-1.270772,4.478994,-5.749766,-1.270772,4.452896,dataset_level_eV,inchikey_from_pubchem_cid,,false,false,false,false,false,false,,,,,-8.661371,,linear_2fold_v1,calibrated_estimate
OJOLFAIGOXZBCI-UHFFFAOYSA-N,98,20160829,000000098.B3LYP@PM6.S0,C3H4O3S,120.127060,0,1,molssiai-hub/pubchemqc-b3lyp,B3LYP/6-31G*//PM6 (gas phase),CC BY 4.0,10.1021/acs.jcim.3c00899,-6.947067,-2.802773,4.144294,-6.947067,-2.802773,2.082344,dataset_level_eV,inchikey_from_pubchem_cid,,false,false,false,false,false,false,,,,,-9.874537,,linear_2fold_v1,calibrated_estimate
OJPCPVMJYANPLQ-UHFFFAOYSA-N,537,20160829,000000537.B3LYP@PM6.S0,C45H62N4O14,882.992180,0,1,molssiai-hub/pubchemqc-b3lyp,B3LYP/6-31G*//PM6 (gas phase),CC BY 4.0,10.1021/acs.jcim.3c00899,-6.253176,-1.352406,4.900770,-6.253176,-1.352406,5.726580,dataset_level_eV,inchikey_from_pubchem_cid,,false,false,false,false,false,false,,,,,-9.171452,,linear_2fold_v1,calibrated_estimate
OKKJLVBELUTLKV-UHFFFAOYSA-N,887,20160829,000000887.B3LYP@PM6.S0,CH4O,32.041860,0,1,molssiai-hub/pubchemqc-b3lyp,B3LYP/6-31G*//PM6 (gas phase),CC BY 4.0,10.1021/acs.jcim.3c00899,-7.115777,1.989152,9.104929,-7.115777,1.989152,1.702983,dataset_level_eV,inchikey_match_target,epsilon_roster;key_registry;named_solvent;targeted_harvest;viscosity_roster,true,false,true,true,false,false,,,,,-10.045483,,linear_2fold_v1,calibrated_estimate
OKVJCVWFVRATSG-UHFFFAOYSA-N,102,20160829,000000102.B3LYP@PM6.S0,C7H8O2,124.137220,0,1,molssiai-hub/pubchemqc-b3lyp,B3LYP/6-31G*//PM6 (gas phase),CC BY 4.0,10.1021/acs.jcim.3c00899,-5.937524,-0.106124,5.831400,-5.937524,-0.106124,0.787759,dataset_level_eV,inchikey_from_pubchem_cid,,false,false,false,false,false,false,,,,,-8.851617,,linear_2fold_v1,calibrated_estimate
OKYHYXLCTGGOLM-UHFFFAOYSA-N,669,20160829,000000669.B3LYP@PM6.S0,C4H9O6P,184.084421,0,1,molssiai-hub/pubchemqc-b3lyp,B3LYP/6-31G*//PM6 (gas phase),CC BY 4.0,10.1021/acs.jcim.3c00899,-7.211017,-0.911581,6.299436,-7.211017,-0.911581,3.234663,dataset_level_eV,inchikey_from_pubchem_cid,,false,false,false,false,false,false,,,,,-10.141985,,linear_2fold_v1,calibrated_estimate
OKZYCXHTTZZYSK-UHFFFAOYSA-N,476,20160829,000000476.B3LYP@PM6.S0,C6H13O7P,228.136981,0,1,molssiai-hub/pubchemqc-b3lyp,B3LYP/6-31G*//PM6 (gas phase),CC BY 4.0,10.1021/acs.jcim.3c00899,-7.262719,-0.405450,6.857269,-7.262719,-0.405450,4.026947,dataset_level_eV,inchikey_from_pubchem_cid,,false,false,false,false,false,false,,,,,-10.194372,,linear_2fold_v1,calibrated_estimate
OLGWXCQXRSSQPO-UHFFFAOYSA-N,509,20160829,000000509.B3LYP@PM6.S0,C20H28N10O21P4,868.385764,0,1,molssiai-hub/pubchemqc-b3lyp,B3LYP/6-31G*//PM6 (gas phase),CC BY 4.0,10.1021/acs.jcim.3c00899,-5.581055,-1.278935,4.302120,-5.581055,-1.278935,7.880985,dataset_level_eV,inchikey_from_pubchem_cid,,false,false,false,false,false,false,,,,,-8.490424,,linear_2fold_v1,calibrated_estimate
OLUPOJQIFXQXIT-UHFFFAOYSA-N,519,20160829,000000519.B3LYP@PM6.S0,C6H11O9P,258.119901,0,1,molssiai-hub/pubchemqc-b3lyp,B3LYP/6-31G*//PM6 (gas phase),CC BY 4.0,10.1021/acs.jcim.3c00899,-7.270882,-1.760577,5.510305,-7.270882,-1.760577,2.462531,dataset_level_eV,inchikey_from_pubchem_cid,,false,false,false,false,false,false,,,,,-10.202643,,linear_2fold_v1,calibrated_estimate
OLVVOVIFTBSBBH-UHFFFAOYSA-N,494,20160829,000000494.B3LYP@PM6.S0,C6H12O4S,180.222080,0,1,molssiai-hub/pubchemqc-b3lyp,B3LYP/6-31G*//PM6 (gas phase),CC BY 4.0,10.1021/acs.jcim.3c00899,-6.030043,0.478920,6.508963,-6.030043,0.478920,1.698054,dataset_level_eV,inchikey_from_pubchem_cid,,false,false,false,false,false,false,,,,,-8.945362,,linear_2fold_v1,calibrated_estimate
OLXZPDWKRNYJJZ-UHFFFAOYSA-N,636,20160829,000000636.B3LYP@PM6.S0,C10H13N5O3,251.241920,0,1,molssiai-hub/pubchemqc-b3lyp,B3LYP/6-31G*//PM6 (gas phase),CC BY 4.0,10.1021/acs.jcim.3c00899,-5.711670,-0.468036,5.243634,-5.711670,-0.468036,2.739814,dataset_level_eV,inchikey_from_pubchem_cid,,false,false,false,false,false,false,,,,,-8.622770,,linear_2fold_v1,calibrated_estimate
ONIBWKKTOPOVIA-UHFFFAOYSA-N,614,20160829,000000614.B3LYP@PM6.S0,C5H9NO2,115.130460,0,1,molssiai-hub/pubchemqc-b3lyp,B3LYP/6-31G*//PM6 (gas phase),CC BY 4.0,10.1021/acs.jcim.3c00899,-6.677674,0.272114,6.949788,-6.677674,0.272114,5.309307,dataset_level_eV,inchikey_from_pubchem_cid,,false,false,false,false,false,false,,,,,-9.601575,,linear_2fold_v1,calibrated_estimate
OOCCDEMITAIZTP-UHFFFAOYSA-N,308,20160829,000000308.B3LYP@PM6.S0,C9H10O,134.175100,0,1,molssiai-hub/pubchemqc-b3lyp,B3LYP/6-31G*//PM6 (gas phase),CC BY 4.0,10.1021/acs.jcim.3c00899,-6.119840,-0.653073,5.466767,-6.119840,-0.653073,1.594485,dataset_level_eV,inchikey_from_pubchem_cid,,false,false,false,false,false,false,,,,,-9.036349,,linear_2fold_v1,calibrated_estimate
OOWFYDWAMOKVSF-UHFFFAOYSA-N,61032,20160829,000061032.B3LYP@PM6.S0,C4H7NO,85.104480,0,1,molssiai-hub/pubchemqc-b3lyp,B3LYP/6-31G*//PM6 (gas phase),CC BY 4.0,10.1021/acs.jcim.3c00899,-7.396054,0.878928,8.274982,-7.396054,0.878928,3.837785,dataset_level_eV,inchikey_match_target,batt_orbit_pool;epsilon_roster;key_registry;targeted_harvest,true,true,true,false,false,false,-10.085500,1.679200,-2.689446,0.800272,,,,paired_anchor
OPTASPLRGRRNAP-UHFFFAOYSA-N,597,20160829,000000597.B3LYP@PM6.S0,C4H5N3O,111.102000,0,1,molssiai-hub/pubchemqc-b3lyp,B3LYP/6-31G*//PM6 (gas phase),CC BY 4.0,10.1021/acs.jcim.3c00899,-5.893986,-1.023148,4.870838,-5.893986,-1.023148,7.771539,dataset_level_eV,inchikey_from_pubchem_cid,,false,false,false,false,false,false,,,,,-8.807502,,linear_2fold_v1,calibrated_estimate
OSMAJVWUIUORGC-UHFFFAOYSA-N,93832,20160829,000093832.B3LYP@PM6.S0,C10H18O2,170.248720,0,1,molssiai-hub/pubchemqc-b3lyp,B3LYP/6-31G*//PM6 (gas phase),CC BY 4.0,10.1021/acs.jcim.3c00899,-6.519848,0.402728,6.922576,-6.519848,0.402728,1.521568,dataset_level_eV,inchikey_match_target,key_registry;targeted_harvest;viscosity_roster;viscosity_roster_sample,true,false,false,true,true,false,,,,,-9.441657,,linear_2fold_v1,calibrated_estimate
OSOUNOBYRMOXQQ-UHFFFAOYSA-N,7931,20160829,000007931.B3LYP@PM6.S0,C7H7Cl,126.583480,0,1,molssiai-hub/pubchemqc-b3lyp,B3LYP/6-31G*//PM6 (gas phase),CC BY 4.0,10.1021/acs.jcim.3c00899,-6.484473,-0.291162,6.193311,-6.484473,-0.291162,2.116631,dataset_level_eV,inchikey_match_target,epsilon_roster;key_registry;targeted_harvest;viscosity_roster,true,false,true,true,false,false,,,,,-9.405813,,linear_2fold_v1,calibrated_estimate
OTBHHUPVCYLGQO-UHFFFAOYSA-N,5942,20160829,000005942.B3LYP@PM6.S0,C6H17N3,131.219280,0,1,molssiai-hub/pubchemqc-b3lyp,B3LYP/6-31G*//PM6 (gas phase),CC BY 4.0,10.1021/acs.jcim.3c00899,-5.864053,2.312968,8.177021,-5.864053,2.312968,1.475077,dataset_level_eV,inchikey_match_target,key_registry;targeted_harvest;viscosity_roster;viscosity_roster_sample,true,false,false,true,true,false,,,,,-8.777172,,linear_2fold_v1,calibrated_estimate
OTEACGAEDCIMBS-UHFFFAOYSA-N,90,20160829,000000090.B3LYP@PM6.S0,C27H44N7O20P3S,911.659443,0,1,molssiai-hub/pubchemqc-b3lyp,B3LYP/6-31G*//PM6 (gas phase),CC BY 4.0,10.1021/acs.jcim.3c00899,-5.923919,-1.153763,4.770156,-5.923919,-1.153763,15.930256,dataset_level_eV,inchikey_from_pubchem_cid,,false,false,false,false,false,false,,,,,-8.837832,,linear_2fold_v1,calibrated_estimate
OUDFNZMQXZILJD-UHFFFAOYSA-N,12097,20160829,000012097.B3LYP@PM6.S0,C6H6O2,110.110640,0,1,molssiai-hub/pubchemqc-b3lyp,B3LYP/6-31G*//PM6 (gas phase),CC BY 4.0,10.1021/acs.jcim.3c00899,-6.362022,-1.529280,4.832742,-6.362022,-1.529280,4.196525,dataset_level_eV,inchikey_match_target,key_registry;targeted_harvest;viscosity_roster;viscosity_roster_sample,true,false,false,true,true,false,,,,,-9.281740,,linear_2fold_v1,calibrated_estimate
OUPXZNRNMLYOGK-UHFFFAOYSA-N,526,20160829,000000526.B3LYP@PM6.S0,C45H54N4O17,922.926860,0,1,molssiai-hub/pubchemqc-b3lyp,B3LYP/6-31G*//PM6 (gas phase),CC BY 4.0,10.1021/acs.jcim.3c00899,-6.019158,-1.820442,4.198717,-6.019158,-1.820442,8.409081,dataset_level_eV,inchikey_from_pubchem_cid,,false,false,false,false,false,false,,,,,-8.934333,,linear_2fold_v1,calibrated_estimate
OVPRPPOVAXRCED-UHFFFAOYSA-N,46,20160829,000000046.B3LYP@PM6.S0,C6H11O9P,258.119901,0,1,molssiai-hub/pubchemqc-b3lyp,B3LYP/6-31G*//PM6 (gas phase),CC BY 4.0,10.1021/acs.jcim.3c00899,-7.453198,-2.636783,4.816415,-7.453198,-2.636783,3.511427,dataset_level_eV,inchikey_from_pubchem_cid,,false,false,false,false,false,false,,,,,-10.387375,,linear_2fold_v1,calibrated_estimate
OWBTYPJTUOEWEK-UHFFFAOYSA-N,262,20160829,000000262.B3LYP@PM6.S0,C4H10O2,90.121000,0,1,molssiai-hub/pubchemqc-b3lyp,B3LYP/6-31G*//PM6 (gas phase),CC BY 4.0,10.1021/acs.jcim.3c00899,-6.791962,1.697990,8.489952,-6.791962,1.697990,2.280680,dataset_level_eV,inchikey_from_pubchem_cid,key_registry;viscosity_roster,true,false,false,true,false,false,,,,,-9.717377,,linear_2fold_v1,calibrated_estimate
OYIFNHCXNCRBQI-UHFFFAOYSA-N,469,20160829,000000469.B3LYP@PM6.S0,C6H11NO4,161.155840,0,1,molssiai-hub/pubchemqc-b3lyp,B3LYP/6-31G*//PM6 (gas phase),CC BY 4.0,10.1021/acs.jcim.3c00899,-7.031422,-0.174153,6.857269,-7.031422,-0.174153,1.683828,dataset_level_eV,inchikey_from_pubchem_cid,,false,false,false,false,false,false,,,,,-9.960010,,linear_2fold_v1,calibrated_estimate
OYXZMSRRJOYLLO-UHFFFAOYSA-N,405,20160829,000000405.B3LYP@PM6.S0,C27H46O2,402.652940,0,1,molssiai-hub/pubchemqc-b3lyp,B3LYP/6-31G*//PM6 (gas phase),CC BY 4.0,10.1021/acs.jcim.3c00899,-6.283109,0.304768,6.587876,-6.283109,0.304768,2.474482,dataset_level_eV,inchikey_from_pubchem_cid,,false,false,false,false,false,false,,,,,-9.201781,,linear_2fold_v1,calibrated_estimate
OZRNSSUDZOLUSN-UHFFFAOYSA-N,661,20160829,000000661.B3LYP@PM6.S0,C19H21N7O6,443.413340,0,1,molssiai-hub/pubchemqc-b3lyp,B3LYP/6-31G*//PM6 (gas phase),CC BY 4.0,10.1021/acs.jcim.3c00899,-5.368806,-1.178253,4.190553,-5.368806,-1.178253,7.516020,dataset_level_eV,inchikey_from_pubchem_cid,,false,false,false,false,false,false,,,,,-8.275363,,linear_2fold_v1,calibrated_estimate
PADQINQHPQKXNL-UHFFFAOYSA-N,662,20160829,000000662.B3LYP@PM6.S0,C15H12O6,288.252180,0,1,molssiai-hub/pubchemqc-b3lyp,B3LYP/6-31G*//PM6 (gas phase),CC BY 4.0,10.1021/acs.jcim.3c00899,-5.823236,-1.616356,4.206880,-5.823236,-1.616356,0.513693,dataset_level_eV,inchikey_from_pubchem_cid,,false,false,false,false,false,false,,,,,-8.735815,,linear_2fold_v1,calibrated_estimate
PAJPWUMXBYXFCZ-UHFFFAOYSA-N,535,20160829,000000535.B3LYP@PM6.S0,C4H7NO2,101.103880,0,1,molssiai-hub/pubchemqc-b3lyp,B3LYP/6-31G*//PM6 (gas phase),CC BY 4.0,10.1021/acs.jcim.3c00899,-6.745702,0.429940,7.175642,-6.745702,0.429940,5.598505,dataset_level_eV,inchikey_from_pubchem_cid,,false,false,false,false,false,false,,,,,-9.670504,,linear_2fold_v1,calibrated_estimate
PALQXFMLVVWXFD-UHFFFAOYSA-N,626,20160829,000000626.B3LYP@PM6.S0,C6H12O6,180.155880,0,1,molssiai-hub/pubchemqc-b3lyp,B3LYP/6-31G*//PM6 (gas phase),CC BY 4.0,10.1021/acs.jcim.3c00899,-6.781077,-0.364633,6.416445,-6.781077,-0.364633,4.275184,dataset_level_eV,inchikey_from_pubchem_cid,,false,false,false,false,false,false,,,,,-9.706348,,linear_2fold_v1,calibrated_estimate
PAYRUJLWNCNPSJ-UHFFFAOYSA-N,6115,20160829,000006115.B3LYP@PM6.S0,C6H7N,93.126480,0,1,molssiai-hub/pubchemqc-b3lyp,B3LYP/6-31G*//PM6 (gas phase),CC BY 4.0,10.1021/acs.jcim.3c00899,-5.327989,0.236739,5.564728,-5.327989,0.236739,1.669160,dataset_level_eV,inchikey_match_target,epsilon_roster;key_registry;targeted_harvest;viscosity_roster,true,false,true,true,false,false,,,,,-8.234005,,linear_2fold_v1,calibrated_estimate
PBKONEOXTCPAFI-UHFFFAOYSA-N,13,20160829,000000013.B3LYP@PM6.S0,C6H3Cl3,181.447020,0,1,molssiai-hub/pubchemqc-b3lyp,B3LYP/6-31G*//PM6 (gas phase),CC BY 4.0,10.1021/acs.jcim.3c00899,-6.775635,-1.001379,5.774256,-6.775635,-1.001379,1.301432,verified_eV_audited,inchikey_from_pubchem_cid,key_registry;viscosity_roster,true,false,false,true,false,false,,,,,-9.700834,,linear_2fold_v1,calibrated_estimate
PCDQPRRSZKQHHS-UHFFFAOYSA-N,593,20160829,000000593.B3LYP@PM6.S0,C9H16N3O14P3,483.156323,0,1,molssiai-hub/pubchemqc-b3lyp,B3LYP/6-31G*//PM6 (gas phase),CC BY 4.0,10.1021/acs.jcim.3c00899,-6.321205,-1.224512,5.096692,-6.321205,-1.224512,8.833954,dataset_level_eV,inchikey_from_pubchem_cid,,false,false,false,false,false,false,,,,,-9.240382,,linear_2fold_v1,calibrated_estimate
PCEJMSIIDXUDSN-UHFFFAOYSA-N,63,20160829,000000063.B3LYP@PM6.S0,C5H12N2O2,132.160980,0,1,molssiai-hub/pubchemqc-b3lyp,B3LYP/6-31G*//PM6 (gas phase),CC BY 4.0,10.1021/acs.jcim.3c00899,-6.225965,0.179595,6.405560,-6.225965,0.179595,2.313579,dataset_level_eV,inchikey_from_pubchem_cid,,false,false,false,false,false,false,,,,,-9.143880,,linear_2fold_v1,calibrated_estimate
PCXDJQZLDDHMGX-UHFFFAOYSA-N,75,20160829,000000075.B3LYP@PM6.S0,C3H7NO,73.093780,0,1,molssiai-hub/pubchemqc-b3lyp,B3LYP/6-31G*//PM6 (gas phase),CC BY 4.0,10.1021/acs.jcim.3c00899,-6.313041,-0.582324,5.730718,-6.313041,-0.582324,2.041571,dataset_level_eV,inchikey_from_pubchem_cid,,false,false,false,false,false,false,,,,,-9.232110,,linear_2fold_v1,calibrated_estimate
PDACUKOKVHBVHJ-UHFFFAOYSA-N,153,20160829,000000153.B3LYP@PM6.S0,C8H14N3O7P,295.186421,0,1,molssiai-hub/pubchemqc-b3lyp,B3LYP/6-31G*//PM6 (gas phase),CC BY 4.0,10.1021/acs.jcim.3c00899,-5.583776,0.359190,5.942966,-5.583776,0.359190,4.033660,dataset_level_eV,inchikey_from_pubchem_cid,,false,false,false,false,false,false,,,,,-8.493182,,linear_2fold_v1,calibrated_estimate
PDGXJDXVGMHUIR-UHFFFAOYSA-N,8,20160829,000000008.B3LYP@PM6.S0,C6H12O4,148.157080,0,1,molssiai-hub/pubchemqc-b3lyp,B3LYP/6-31G*//PM6 (gas phase),CC BY 4.0,10.1021/acs.jcim.3c00899,-7.230065,0.258508,7.488573,-7.230065,0.258508,4.766029,verified_eV_audited,inchikey_from_pubchem_cid,,false,false,false,false,false,false,,,,,-10.161285,,linear_2fold_v1,calibrated_estimate
PECYZEOJVXMISF-UHFFFAOYSA-N,364,20160829,000000364.B3LYP@PM6.S0,C3H8N2O2,104.107820,0,1,molssiai-hub/pubchemqc-b3lyp,B3LYP/6-31G*//PM6 (gas phase),CC BY 4.0,10.1021/acs.jcim.3c00899,-6.547059,0.527901,7.074960,-6.547059,0.527901,5.069584,dataset_level_eV,inchikey_from_pubchem_cid,,false,false,false,false,false,false,,,,,-9.469229,,linear_2fold_v1,calibrated_estimate
PEDCQBHIVMGVHV-UHFFFAOYSA-N,753,20160829,000000753.B3LYP@PM6.S0,C3H8O3,92.093820,0,1,molssiai-hub/pubchemqc-b3lyp,B3LYP/6-31G*//PM6 (gas phase),CC BY 4.0,10.1021/acs.jcim.3c00899,-6.819173,1.311589,8.130762,-6.819173,1.311589,1.205448,dataset_level_eV,inchikey_match_target,epsilon_roster;key_registry;targeted_harvest;viscosity_roster,true,false,true,true,false,false,,,,,-9.744949,,linear_2fold_v1,calibrated_estimate
PEKYNTFSOBAABV-UHFFFAOYSA-N,52,20160829,000000052.B3LYP@PM6.S0,C26H44N7O18P3S,867.649943,0,1,molssiai-hub/pubchemqc-b3lyp,B3LYP/6-31G*//PM6 (gas phase),CC BY 4.0,10.1021/acs.jcim.3c00899,-6.228686,-1.137436,5.091250,-6.228686,-1.137436,7.998096,dataset_level_eV,inchikey_from_pubchem_cid,,false,false,false,false,false,false,,,,,-9.146637,,linear_2fold_v1,calibrated_estimate
PFNHSEQQEPMLNI-UHFFFAOYSA-N,7745,20160829,000007745.B3LYP@PM6.S0,C6H14O,102.174760,0,1,molssiai-hub/pubchemqc-b3lyp,B3LYP/6-31G*//PM6 (gas phase),CC BY 4.0,10.1021/acs.jcim.3c00899,-6.985163,2.032690,9.017853,-6.985163,2.032690,1.662923,dataset_level_eV,inchikey_match_target,key_registry;targeted_harvest;viscosity_roster;viscosity_roster_sample,true,false,false,true,true,false,,,,,-9.913138,,linear_2fold_v1,calibrated_estimate
PGMYKACGEOXYJE-UHFFFAOYSA-N,12348,20160829,000012348.B3LYP@PM6.S0,C7H14O2,130.184860,0,1,molssiai-hub/pubchemqc-b3lyp,B3LYP/6-31G*//PM6 (gas phase),CC BY 4.0,10.1021/acs.jcim.3c00899,-7.270882,0.359190,7.630072,-7.270882,0.359190,1.606284,dataset_level_eV,inchikey_match_target,batt_orbit_pool;key_registry;targeted_harvest;viscosity_roster;viscosity_roster_sample,true,true,false,true,true,false,-10.422000,1.640700,-3.151118,1.281510,,,,paired_anchor
PGSWEKYNAOWQDF-UHFFFAOYSA-N,340,20160829,000000340.B3LYP@PM6.S0,C7H8O2,124.137220,0,1,molssiai-hub/pubchemqc-b3lyp,B3LYP/6-31G*//PM6 (gas phase),CC BY 4.0,10.1021/acs.jcim.3c00899,-5.488536,0.244902,5.733439,-5.488536,0.244902,2.800065,dataset_level_eV,inchikey_from_pubchem_cid,,false,false,false,false,false,false,,,,,-8.396680,,linear_2fold_v1,calibrated_estimate
PHIQHXFUZVPYII-UHFFFAOYSA-N,288,20160829,000000288.B3LYP@PM6.S0,C7H15NO3,161.198900,0,1,molssiai-hub/pubchemqc-b3lyp,B3LYP/6-31G*//PM6 (gas phase),CC BY 4.0,10.1021/acs.jcim.3c00899,-5.145673,0.731986,5.877659,-5.145673,0.731986,10.556064,dataset_level_eV,inchikey_from_pubchem_cid,,false,false,false,false,false,false,,,,,-8.049273,,linear_2fold_v1,calibrated_estimate
PHNGFPPXDJJADG-UHFFFAOYSA-N,676,20160829,000000676.B3LYP@PM6.S0,C10H13N4O7P,332.206581,0,1,molssiai-hub/pubchemqc-b3lyp,B3LYP/6-31G*//PM6 (gas phase),CC BY 4.0,10.1021/acs.jcim.3c00899,-5.989226,-0.794572,5.194653,-5.989226,-0.794572,8.911575,dataset_level_eV,inchikey_from_pubchem_cid,,false,false,false,false,false,false,,,,,-8.904004,,linear_2fold_v1,calibrated_estimate
PHTQWCKDNZKARW-UHFFFAOYSA-N,31260,20160829,000031260.B3LYP@PM6.S0,C5H12O,88.148180,0,1,molssiai-hub/pubchemqc-b3lyp,B3LYP/6-31G*//PM6 (gas phase),CC BY 4.0,10.1021/acs.jcim.3c00899,-6.963393,2.122488,9.085881,-6.963393,2.122488,1.700788,dataset_level_eV,inchikey_match_target,epsilon_roster;key_registry;targeted_harvest;viscosity_roster,true,false,true,true,false,false,,,,,-9.891080,,linear_2fold_v1,calibrated_estimate
PIICEJLVQHRZGT-UHFFFAOYSA-N,3301,20160829,000003301.B3LYP@PM6.S0,C2H8N2,60.098320,0,1,molssiai-hub/pubchemqc-b3lyp,B3LYP/6-31G*//PM6 (gas phase),CC BY 4.0,10.1021/acs.jcim.3c00899,-6.163379,1.801394,7.964772,-6.163379,1.801394,0.566884,dataset_level_eV,inchikey_match_target,epsilon_roster;key_registry;targeted_harvest;viscosity_roster,true,false,true,true,false,false,,,,,-9.080465,,linear_2fold_v1,calibrated_estimate
PJWIPEXIFFQAQZ-UHFFFAOYSA-N,81,20160829,000000081.B3LYP@PM6.S0,C7H13O10P,288.145881,0,1,molssiai-hub/pubchemqc-b3lyp,B3LYP/6-31G*//PM6 (gas phase),CC BY 4.0,10.1021/acs.jcim.3c00899,-7.374285,-2.946993,4.427292,-7.374285,-2.946993,3.813338,dataset_level_eV,inchikey_from_pubchem_cid,,false,false,false,false,false,false,,,,,-10.307416,,linear_2fold_v1,calibrated_estimate
PKUWKAXTAVNIJR-UHFFFAOYSA-N,655,20160829,000000655.B3LYP@PM6.S0,C4H11O3PS,170.167101,0,1,molssiai-hub/pubchemqc-b3lyp,B3LYP/6-31G*//PM6 (gas phase),CC BY 4.0,10.1021/acs.jcim.3c00899,-6.775635,0.737429,7.513063,-6.775635,0.737429,3.537863,dataset_level_eV,inchikey_from_pubchem_cid,,false,false,false,false,false,false,,,,,-9.700834,,linear_2fold_v1,calibrated_estimate
PKVVTUWHANFMQC-UHFFFAOYSA-N,38,20160829,000000038.B3LYP@PM6.S0,C6H10O4,146.141200,0,1,molssiai-hub/pubchemqc-b3lyp,B3LYP/6-31G*//PM6 (gas phase),CC BY 4.0,10.1021/acs.jcim.3c00899,-7.099450,-2.247660,4.851790,-7.099450,-2.247660,3.729049,dataset_level_eV,inchikey_from_pubchem_cid,,false,false,false,false,false,false,,,,,-10.028939,,linear_2fold_v1,calibrated_estimate
PKYFHKIYHBRTPI-UHFFFAOYSA-N,216,20160829,000000216.B3LYP@PM6.S0,C6H10N3O4P,219.135061,0,1,molssiai-hub/pubchemqc-b3lyp,B3LYP/6-31G*//PM6 (gas phase),CC BY 4.0,10.1021/acs.jcim.3c00899,-6.128004,-0.789130,5.338874,-6.128004,-0.789130,3.343508,dataset_level_eV,inchikey_from_pubchem_cid,,false,false,false,false,false,false,,,,,-9.044621,,linear_2fold_v1,calibrated_estimate
PLIKAWJENQZMHA-UHFFFAOYSA-N,403,20160829,000000403.B3LYP@PM6.S0,C6H7NO,109.125880,0,1,molssiai-hub/pubchemqc-b3lyp,B3LYP/6-31G*//PM6 (gas phase),CC BY 4.0,10.1021/acs.jcim.3c00899,-4.900770,0.100682,5.001453,-4.900770,0.100682,1.996996,dataset_level_eV,inchikey_from_pubchem_cid,,false,false,false,false,false,false,,,,,-7.801125,,linear_2fold_v1,calibrated_estimate
PLSQMGZYOGSOCE-UHFFFAOYSA-N,664,20160829,000000664.B3LYP@PM6.S0,C9H14N5O7P,335.210521,0,1,molssiai-hub/pubchemqc-b3lyp,B3LYP/6-31G*//PM6 (gas phase),CC BY 4.0,10.1021/acs.jcim.3c00899,-6.008274,-1.439482,4.568792,-6.008274,-1.439482,13.272703,dataset_level_eV,inchikey_from_pubchem_cid,,false,false,false,false,false,false,,,,,-8.923304,,linear_2fold_v1,calibrated_estimate
PMCOGCVKOAOZQM-UHFFFAOYSA-N,154,20160829,000000154.B3LYP@PM6.S0,C8H16N3O8P,313.201701,0,1,molssiai-hub/pubchemqc-b3lyp,B3LYP/6-31G*//PM6 (gas phase),CC BY 4.0,10.1021/acs.jcim.3c00899,-6.489915,-0.228576,6.261340,-6.489915,-0.228576,1.467723,dataset_level_eV,inchikey_from_pubchem_cid,,false,false,false,false,false,false,,,,,-9.411328,,linear_2fold_v1,calibrated_estimate
PMJHHCWVYXUKFD-SNAWJCMRSA-N,62204,20160829,000062204.B3LYP@PM6.S0,C5H8,68.117020,0,1,molssiai-hub/pubchemqc-b3lyp,B3LYP/6-31G*//PM6 (gas phase),CC BY 4.0,10.1021/acs.jcim.3c00899,-5.888544,-0.427219,5.461325,-5.888544,-0.427219,0.552400,dataset_level_eV,inchikey_match_target,epsilon_roster;key_registry;targeted_harvest,true,false,true,false,false,false,,,,,-8.801988,,linear_2fold_v1,calibrated_estimate
PMMURAAUARKVCB-UHFFFAOYSA-N,40,20160829,000000040.B3LYP@PM6.S0,C6H12O5,164.156480,0,1,molssiai-hub/pubchemqc-b3lyp,B3LYP/6-31G*//PM6 (gas phase),CC BY 4.0,10.1021/acs.jcim.3c00899,-6.963393,1.259887,8.223281,-6.963393,1.259887,3.700384,dataset_level_eV,inchikey_from_pubchem_cid,,false,false,false,false,false,false,,,,,-9.891080,,linear_2fold_v1,calibrated_estimate
POJWUDADGALRAB-UHFFFAOYSA-N,204,20160829,000000204.B3LYP@PM6.S0,C4H6N4O3,158.115440,0,1,molssiai-hub/pubchemqc-b3lyp,B3LYP/6-31G*//PM6 (gas phase),CC BY 4.0,10.1021/acs.jcim.3c00899,-7.167479,-0.609535,6.557944,-7.167479,-0.609535,3.663302,dataset_level_eV,inchikey_from_pubchem_cid,,false,false,false,false,false,false,,,,,-10.097870,,linear_2fold_v1,calibrated_estimate
POLCUAVZOMRGSN-UHFFFAOYSA-N,8114,20160829,000008114.B3LYP@PM6.S0,C6H14O,102.174760,0,1,molssiai-hub/pubchemqc-b3lyp,B3LYP/6-31G*//PM6 (gas phase),CC BY 4.0,10.1021/acs.jcim.3c00899,-6.677674,2.522495,9.200169,-6.677674,2.522495,0.969227,dataset_level_eV,inchikey_match_target,batt_orbit_pool;epsilon_roster;key_registry;targeted_harvest,true,true,true,false,false,false,-9.672100,1.862700,-2.994426,-0.659795,,,,paired_anchor
POTZSFVTPSBXLW-UHFFFAOYSA-N,374,20160829,000000374.B3LYP@PM6.S0,C7H6O7,202.118340,0,1,molssiai-hub/pubchemqc-b3lyp,B3LYP/6-31G*//PM6 (gas phase),CC BY 4.0,10.1021/acs.jcim.3c00899,-7.801504,-3.823200,3.978304,-7.801504,-3.823200,2.812868,dataset_level_eV,inchikey_from_pubchem_cid,,false,false,false,false,false,false,,,,,-10.740296,,linear_2fold_v1,calibrated_estimate
POULHZVOKOAJMA-UHFFFAOYSA-N,3893,20160829,000003893.B3LYP@PM6.S0,C12H24O2,200.317760,0,1,molssiai-hub/pubchemqc-b3lyp,B3LYP/6-31G*//PM6 (gas phase),CC BY 4.0,10.1021/acs.jcim.3c00899,-7.415102,0.239460,7.654563,-7.415102,0.239460,4.223568,dataset_level_eV,inchikey_match_target,key_registry;targeted_harvest;viscosity_roster;viscosity_roster_sample,true,false,false,true,true,false,,,,,-10.348774,,linear_2fold_v1,calibrated_estimate
PPQRONHOSHZGFQ-UHFFFAOYSA-N,230,20160829,000000230.B3LYP@PM6.S0,C5H11O8P,230.109801,0,1,molssiai-hub/pubchemqc-b3lyp,B3LYP/6-31G*//PM6 (gas phase),CC BY 4.0,10.1021/acs.jcim.3c00899,-7.287209,-1.638125,5.649084,-7.287209,-1.638125,6.210757,dataset_level_eV,inchikey_from_pubchem_cid,,false,false,false,false,false,false,,,,,-10.219186,,linear_2fold_v1,calibrated_estimate
PQSKWIHIUOGLHX-UHFFFAOYSA-N,155,20160829,000000155.B3LYP@PM6.S0,C5H6N4O3,170.126140,0,1,molssiai-hub/pubchemqc-b3lyp,B3LYP/6-31G*//PM6 (gas phase),CC BY 4.0,10.1021/acs.jcim.3c00899,-6.277667,-1.322473,4.955193,-6.277667,-1.322473,5.550593,dataset_level_eV,inchikey_from_pubchem_cid,,false,false,false,false,false,false,,,,,-9.196267,,linear_2fold_v1,calibrated_estimate
PRDZVHCOEWJPOB-UHFFFAOYSA-N,489,20160829,000000489.B3LYP@PM6.S0,C6H13NO8S,259.234320,0,1,molssiai-hub/pubchemqc-b3lyp,B3LYP/6-31G*//PM6 (gas phase),CC BY 4.0,10.1021/acs.jcim.3c00899,-6.947067,0.546949,7.494015,-6.947067,0.546949,4.778706,dataset_level_eV,inchikey_from_pubchem_cid,,false,false,false,false,false,false,,,,,-9.874537,,linear_2fold_v1,calibrated_estimate
PSXWNITXWWECNY-UHFFFAOYSA-N,685,20160829,000000685.B3LYP@PM6.S0,C16H24N2O15P2,546.313682,0,1,molssiai-hub/pubchemqc-b3lyp,B3LYP/6-31G*//PM6 (gas phase),CC BY 4.0,10.1021/acs.jcim.3c00899,-6.201475,-1.512953,4.688522,-6.201475,-1.512953,6.211927,dataset_level_eV,inchikey_from_pubchem_cid,,false,false,false,false,false,false,,,,,-9.119066,,linear_2fold_v1,calibrated_estimate
PTVXQARCLQPGIR-UHFFFAOYSA-N,475,20160829,000000475.B3LYP@PM6.S0,C6H13O8P,244.136381,0,1,molssiai-hub/pubchemqc-b3lyp,B3LYP/6-31G*//PM6 (gas phase),CC BY 4.0,10.1021/acs.jcim.3c00899,-7.216459,0.606814,7.823273,-7.216459,0.606814,2.351068,dataset_level_eV,inchikey_from_pubchem_cid,,false,false,false,false,false,false,,,,,-10.147499,,linear_2fold_v1,calibrated_estimate
PUPZLCDOIYMWBV-UHFFFAOYSA-N,7896,20160829,000007896.B3LYP@PM6.S0,C4H10O2,90.121000,0,1,molssiai-hub/pubchemqc-b3lyp,B3LYP/6-31G*//PM6 (gas phase),CC BY 4.0,10.1021/acs.jcim.3c00899,-6.892644,1.910239,8.802883,-6.892644,1.910239,2.364188,dataset_level_eV,inchikey_match_target,key_registry;targeted_harvest;viscosity_roster;viscosity_roster_sample,true,false,false,true,true,false,,,,,-9.819393,,linear_2fold_v1,calibrated_estimate
PVIMSPYDDGDCTG-UHFFFAOYSA-N,400,20160829,000000400.B3LYP@PM6.S0,C8H7NO2,149.146680,0,1,molssiai-hub/pubchemqc-b3lyp,B3LYP/6-31G*//PM6 (gas phase),CC BY 4.0,10.1021/acs.jcim.3c00899,-6.307599,-1.978268,4.329331,-6.307599,-1.978268,5.273037,dataset_level_eV,inchikey_from_pubchem_cid,,false,false,false,false,false,false,,,,,-9.226596,,linear_2fold_v1,calibrated_estimate
PWCLNQLPYQVWAB-UHFFFAOYSA-N,117,20160829,000000117.B3LYP@PM6.S0,C4H5N3O2,127.101400,0,1,molssiai-hub/pubchemqc-b3lyp,B3LYP/6-31G*//PM6 (gas phase),CC BY 4.0,10.1021/acs.jcim.3c00899,-6.225965,-0.993216,5.232749,-6.225965,-0.993216,3.261362,dataset_level_eV,inchikey_from_pubchem_cid,,false,false,false,false,false,false,,,,,-9.143880,,linear_2fold_v1,calibrated_estimate
PWKSKIMOESPYIA-UHFFFAOYSA-N,581,20160829,000000581.B3LYP@PM6.S0,C5H9NO3S,163.194860,0,1,molssiai-hub/pubchemqc-b3lyp,B3LYP/6-31G*//PM6 (gas phase),CC BY 4.0,10.1021/acs.jcim.3c00899,-6.498079,-0.348306,6.149773,-6.498079,-0.348306,3.648086,dataset_level_eV,inchikey_from_pubchem_cid,,false,false,false,false,false,false,,,,,-9.419600,,linear_2fold_v1,calibrated_estimate
PXGPLTODNUVGFL-UHFFFAOYSA-N,160,20160829,000000160.B3LYP@PM6.S0,C20H34O5,354.480960,0,1,molssiai-hub/pubchemqc-b3lyp,B3LYP/6-31G*//PM6 (gas phase),CC BY 4.0,10.1021/acs.jcim.3c00899,-6.538896,0.005442,6.544338,-6.538896,0.005442,4.645797,dataset_level_eV,inchikey_from_pubchem_cid,,false,false,false,false,false,false,,,,,-9.460958,,linear_2fold_v1,calibrated_estimate
PYLWMHQQBFSUBP-UHFFFAOYSA-N,10008,20160829,000010008.B3LYP@PM6.S0,C6H5F,96.102303,0,1,molssiai-hub/pubchemqc-b3lyp,B3LYP/6-31G*//PM6 (gas phase),CC BY 4.0,10.1021/acs.jcim.3c00899,-6.547059,-0.242181,6.304878,-6.547059,-0.242181,1.269187,dataset_level_eV,inchikey_match_target,epsilon_roster;key_registry;targeted_harvest,true,false,true,false,false,false,,,,,-9.469229,,linear_2fold_v1,calibrated_estimate
QARVLSVVCXYDNA-UHFFFAOYSA-N,7961,20160829,000007961.B3LYP@PM6.S0,C6H5Br,157.007900,0,1,molssiai-hub/pubchemqc-b3lyp,B3LYP/6-31G*//PM6 (gas phase),CC BY 4.0,10.1021/acs.jcim.3c00899,-6.634136,-0.389123,6.245013,-6.634136,-0.389123,1.969290,dataset_level_eV,inchikey_match_target,epsilon_roster;key_registry;targeted_harvest;viscosity_roster;viscosity_roster_sample,true,false,true,true,true,false,,,,,-9.557460,,linear_2fold_v1,calibrated_estimate
QBELEDRHMPMKHP-UHFFFAOYSA-N,12754,20160829,000012754.B3LYP@PM6.S0,C6H4BrCl,191.452960,0,1,molssiai-hub/pubchemqc-b3lyp,B3LYP/6-31G*//PM6 (gas phase),CC BY 4.0,10.1021/acs.jcim.3c00899,-6.762029,-0.696611,6.065418,-6.762029,-0.696611,2.643465,dataset_level_eV,inchikey_match_target,epsilon_roster;key_registry;targeted_harvest,true,false,true,false,false,false,,,,,-9.687047,,linear_2fold_v1,calibrated_estimate
QBQSGZSHVKFNMZ-UHFFFAOYSA-N,188,20160829,000000188.B3LYP@PM6.S0,C14H24O12,384.333160,0,1,molssiai-hub/pubchemqc-b3lyp,B3LYP/6-31G*//PM6 (gas phase),CC BY 4.0,10.1021/acs.jcim.3c00899,-6.571549,-0.318373,6.253176,-6.571549,-0.318373,5.240161,dataset_level_eV,inchikey_from_pubchem_cid,,false,false,false,false,false,false,,,,,-9.494043,,linear_2fold_v1,calibrated_estimate
QCDYQQDYXPDABM-UHFFFAOYSA-N,359,20160829,000000359.B3LYP@PM6.S0,C6H6O3,126.110040,0,1,molssiai-hub/pubchemqc-b3lyp,B3LYP/6-31G*//PM6 (gas phase),CC BY 4.0,10.1021/acs.jcim.3c00899,-5.760650,0.631304,6.391954,-5.760650,0.631304,0.000182,dataset_level_eV,inchikey_from_pubchem_cid,,false,false,false,false,false,false,,,,,-8.672399,,linear_2fold_v1,calibrated_estimate
QCGTZPZKJPTAEP-UHFFFAOYSA-N,30,20160829,000000030.B3LYP@PM6.S0,C6H7NO3,141.124680,0,1,molssiai-hub/pubchemqc-b3lyp,B3LYP/6-31G*//PM6 (gas phase),CC BY 4.0,10.1021/acs.jcim.3c00899,-6.206917,-1.997316,4.209601,-6.206917,-1.997316,5.057204,dataset_level_eV,inchikey_from_pubchem_cid,,false,false,false,false,false,false,,,,,-9.124580,,linear_2fold_v1,calibrated_estimate
QETLKNDKQOXZRP-UHFFFAOYSA-N,330,20160829,000000330.B3LYP@PM6.S0,C27H46O,386.653540,0,1,molssiai-hub/pubchemqc-b3lyp,B3LYP/6-31G*//PM6 (gas phase),CC BY 4.0,10.1021/acs.jcim.3c00899,-5.942966,0.756477,6.699443,-5.942966,0.756477,1.891985,dataset_level_eV,inchikey_from_pubchem_cid,,false,false,false,false,false,false,,,,,-8.857131,,linear_2fold_v1,calibrated_estimate
QGJOPFRUJISHPQ-UHFFFAOYSA-N,6348,20160829,000006348.B3LYP@PM6.S0,CS2,76.140700,0,1,molssiai-hub/pubchemqc-b3lyp,B3LYP/6-31G*//PM6 (gas phase),CC BY 4.0,10.1021/acs.jcim.3c00899,-7.534833,-1.861259,5.673574,-7.534833,-1.861259,0.000065,dataset_level_eV,inchikey_match_target,epsilon_roster;key_registry;targeted_harvest,true,false,true,false,false,false,,,,,-10.470092,,linear_2fold_v1,calibrated_estimate
QGXBDMJGAMFCBF-UHFFFAOYSA-N,225,20160829,000000225.B3LYP@PM6.S0,C19H30O2,290.440300,0,1,molssiai-hub/pubchemqc-b3lyp,B3LYP/6-31G*//PM6 (gas phase),CC BY 4.0,10.1021/acs.jcim.3c00899,-6.332089,-0.419055,5.913034,-6.332089,-0.419055,1.594909,dataset_level_eV,inchikey_from_pubchem_cid,,false,false,false,false,false,false,,,,,-9.251410,,linear_2fold_v1,calibrated_estimate
QGZKDVFQNNGYKY-UHFFFAOYSA-N,222,20160829,000000222.B3LYP@PM6.S0,H3N,17.030520,0,1,molssiai-hub/pubchemqc-b3lyp,B3LYP/6-31G*//PM6 (gas phase),CC BY 4.0,10.1021/acs.jcim.3c00899,-6.715770,2.263987,8.979757,-6.715770,2.263987,1.806849,dataset_level_eV,inchikey_from_pubchem_cid,key_registry,true,false,false,false,false,false,,,,,-9.640175,,linear_2fold_v1,calibrated_estimate
QHKABHOOEWYVLI-UHFFFAOYSA-N,49,20160829,000000049.B3LYP@PM6.S0,C5H8O3,116.115220,0,1,molssiai-hub/pubchemqc-b3lyp,B3LYP/6-31G*//PM6 (gas phase),CC BY 4.0,10.1021/acs.jcim.3c00899,-7.189248,-2.318410,4.870838,-7.189248,-2.318410,2.593491,dataset_level_eV,inchikey_from_pubchem_cid,,false,false,false,false,false,false,,,,,-10.119927,,linear_2fold_v1,calibrated_estimate
QHWZTVCCBMIIKE-UHFFFAOYSA-N,687,20160829,000000687.B3LYP@PM6.S0,C9H14N2O11P2,388.161782,0,1,molssiai-hub/pubchemqc-b3lyp,B3LYP/6-31G*//PM6 (gas phase),CC BY 4.0,10.1021/acs.jcim.3c00899,-6.421887,-0.946956,5.474931,-6.421887,-0.946956,7.335392,dataset_level_eV,inchikey_from_pubchem_cid,,false,false,false,false,false,false,,,,,-9.342398,,linear_2fold_v1,calibrated_estimate
QIAFMBKCNZACKA-UHFFFAOYSA-N,464,20160829,000000464.B3LYP@PM6.S0,C9H9NO3,179.172660,0,1,molssiai-hub/pubchemqc-b3lyp,B3LYP/6-31G*//PM6 (gas phase),CC BY 4.0,10.1021/acs.jcim.3c00899,-6.887202,-1.153763,5.733439,-6.887202,-1.153763,6.264966,dataset_level_eV,inchikey_from_pubchem_cid,,false,false,false,false,false,false,,,,,-9.813879,,linear_2fold_v1,calibrated_estimate
QJMGASHUZRHZBT-UHFFFAOYSA-N,9561,20160829,000009561.B3LYP@PM6.S0,C3H3Cl2F3,166.957130,0,1,molssiai-hub/pubchemqc-b3lyp,B3LYP/6-31G*//PM6 (gas phase),CC BY 4.0,10.1021/acs.jcim.3c00899,-8.547096,-0.274835,8.272261,-8.547096,-0.274835,1.137537,dataset_level_eV,inchikey_match_target,key_registry;targeted_harvest;viscosity_roster;viscosity_roster_sample,true,false,false,true,true,false,,,,,-11.495768,,linear_2fold_v1,calibrated_estimate
QJPJQTDYNZXKQF-UHFFFAOYSA-N,7730,20160829,000007730.B3LYP@PM6.S0,C7H7BrO,187.033880,0,1,molssiai-hub/pubchemqc-b3lyp,B3LYP/6-31G*//PM6 (gas phase),CC BY 4.0,10.1021/acs.jcim.3c00899,-5.915755,-0.359190,5.556565,-5.915755,-0.359190,3.043567,dataset_level_eV,inchikey_match_target,epsilon_roster;key_registry;targeted_harvest,true,false,true,false,false,false,,,,,-8.829560,,linear_2fold_v1,calibrated_estimate
QKEWQOJCHPFEAF-UHFFFAOYSA-N,392,20160829,000000392.B3LYP@PM6.S0,C6H14N2O2,146.187560,0,1,molssiai-hub/pubchemqc-b3lyp,B3LYP/6-31G*//PM6 (gas phase),CC BY 4.0,10.1021/acs.jcim.3c00899,-6.201475,0.051702,6.253176,-6.201475,0.051702,4.952257,dataset_level_eV,inchikey_from_pubchem_cid,,false,false,false,false,false,false,,,,,-9.119066,,linear_2fold_v1,calibrated_estimate
QKMBYNRMPRKVTO-UHFFFAOYSA-N,287,20160829,000000287.B3LYP@PM6.S0,C12H16NO9P,349.230501,0,1,molssiai-hub/pubchemqc-b3lyp,B3LYP/6-31G*//PM6 (gas phase),CC BY 4.0,10.1021/acs.jcim.3c00899,-5.714391,-1.485742,4.228649,-5.714391,-1.485742,3.128001,dataset_level_eV,inchikey_from_pubchem_cid,,false,false,false,false,false,false,,,,,-8.625527,,linear_2fold_v1,calibrated_estimate
QNAYBMKLOCPYGJ-UHFFFAOYSA-N,602,20160829,000000602.B3LYP@PM6.S0,C3H7NO2,89.093180,0,1,molssiai-hub/pubchemqc-b3lyp,B3LYP/6-31G*//PM6 (gas phase),CC BY 4.0,10.1021/acs.jcim.3c00899,-6.680395,0.160547,6.840942,-6.680395,0.160547,3.176106,dataset_level_eV,inchikey_from_pubchem_cid,,false,false,false,false,false,false,,,,,-9.604332,,linear_2fold_v1,calibrated_estimate
QPGAZPBFRAAJBD-UHFFFAOYSA-N,512,20160829,000000512.B3LYP@PM6.S0,C12H10O4,218.205400,0,1,molssiai-hub/pubchemqc-b3lyp,B3LYP/6-31G*//PM6 (gas phase),CC BY 4.0,10.1021/acs.jcim.3c00899,-7.023258,-2.832705,4.190553,-7.023258,-2.832705,3.292235,dataset_level_eV,inchikey_from_pubchem_cid,,false,false,false,false,false,false,,,,,-9.951738,,linear_2fold_v1,calibrated_estimate
QPRQEDXDYOZYLA-UHFFFAOYSA-N,8723,20160829,000008723.B3LYP@PM6.S0,C5H12O,88.148180,0,1,molssiai-hub/pubchemqc-b3lyp,B3LYP/6-31G*//PM6 (gas phase),CC BY 4.0,10.1021/acs.jcim.3c00899,-7.006932,2.024527,9.031459,-7.006932,2.024527,1.646060,dataset_level_eV,inchikey_match_target,key_registry;targeted_harvest;viscosity_roster;viscosity_roster_sample,true,false,false,true,true,false,,,,,-9.935195,,linear_2fold_v1,calibrated_estimate
QPUHWUSUBHNZCG-UHFFFAOYSA-N,362,20160829,000000362.B3LYP@PM6.S0,C10H10O2,162.185200,0,1,molssiai-hub/pubchemqc-b3lyp,B3LYP/6-31G*//PM6 (gas phase),CC BY 4.0,10.1021/acs.jcim.3c00899,-6.092629,-1.104782,4.987847,-6.092629,-1.104782,2.704969,dataset_level_eV,inchikey_from_pubchem_cid,,false,false,false,false,false,false,,,,,-9.008777,,linear_2fold_v1,calibrated_estimate
QQONPFPTGQHPMA-UHFFFAOYSA-N,8252,20160829,000008252.B3LYP@PM6.S0,C3H6,42.079740,0,1,molssiai-hub/pubchemqc-b3lyp,B3LYP/6-31G*//PM6 (gas phase),CC BY 4.0,10.1021/acs.jcim.3c00899,-6.721212,0.549670,7.270882,-6.721212,0.549670,0.325443,dataset_level_eV,inchikey_match_target,epsilon_roster;key_registry;targeted_harvest,true,false,true,false,false,false,,,,,-9.645689,,linear_2fold_v1,calibrated_estimate
QQVDJLLNRSOCEL-UHFFFAOYSA-N,339,20160829,000000339.B3LYP@PM6.S0,C2H8NO3P,125.063581,0,1,molssiai-hub/pubchemqc-b3lyp,B3LYP/6-31G*//PM6 (gas phase),CC BY 4.0,10.1021/acs.jcim.3c00899,-6.459983,0.917024,7.377006,-6.459983,0.917024,2.588736,dataset_level_eV,inchikey_from_pubchem_cid,,false,false,false,false,false,false,,,,,-9.380999,,linear_2fold_v1,calibrated_estimate
QRZMXADUXZADTF-UHFFFAOYSA-N,484,20160829,000000484.B3LYP@PM6.S0,C3H5N3,83.091900,0,1,molssiai-hub/pubchemqc-b3lyp,B3LYP/6-31G*//PM6 (gas phase),CC BY 4.0,10.1021/acs.jcim.3c00899,-5.845006,0.707496,6.552502,-5.845006,0.707496,3.034690,dataset_level_eV,inchikey_from_pubchem_cid,,false,false,false,false,false,false,,,,,-8.757873,,linear_2fold_v1,calibrated_estimate
QSJXEFYPDANLFS-UHFFFAOYSA-N,650,20160829,000000650.B3LYP@PM6.S0,C4H6O2,86.089240,0,1,molssiai-hub/pubchemqc-b3lyp,B3LYP/6-31G*//PM6 (gas phase),CC BY 4.0,10.1021/acs.jcim.3c00899,-6.438214,-1.420434,5.017779,-6.438214,-1.420434,2.581977,dataset_level_eV,inchikey_from_pubchem_cid,key_registry,true,false,false,false,false,false,,,,,-9.358942,,linear_2fold_v1,calibrated_estimate
QSKPIOLLBIHNAC-UHFFFAOYSA-N,33,20160829,000000033.B3LYP@PM6.S0,C2H3ClO,78.497620,0,1,molssiai-hub/pubchemqc-b3lyp,B3LYP/6-31G*//PM6 (gas phase),CC BY 4.0,10.1021/acs.jcim.3c00899,-7.559323,-1.363290,6.196032,-7.559323,-1.363290,0.819181,dataset_level_eV,inchikey_from_pubchem_cid,batt_orbit_pool;key_registry,true,true,false,false,false,false,-10.230600,1.102200,-2.671277,2.465490,,,,paired_anchor
QSQLTHHMFHEFIY-UHFFFAOYSA-N,13584,20160829,000013584.B3LYP@PM6.S0,C23H46O2,354.610140,0,1,molssiai-hub/pubchemqc-b3lyp,B3LYP/6-31G*//PM6 (gas phase),CC BY 4.0,10.1021/acs.jcim.3c00899,-7.257276,0.380959,7.638236,-7.257276,0.380959,1.503820,dataset_level_eV,inchikey_match_target,key_registry;targeted_harvest;viscosity_roster;viscosity_roster_sample,true,false,false,true,true,false,,,,,-10.188857,,linear_2fold_v1,calibrated_estimate
QTBFPMKWQKYFLR-UHFFFAOYSA-N,10554,20160829,000010554.B3LYP@PM6.S0,C4H9Cl,92.567260,0,1,molssiai-hub/pubchemqc-b3lyp,B3LYP/6-31G*//PM6 (gas phase),CC BY 4.0,10.1021/acs.jcim.3c00899,-7.850485,0.925187,8.775672,-7.850485,0.925187,2.155791,dataset_level_eV,inchikey_match_target,key_registry;targeted_harvest;viscosity_roster;viscosity_roster_sample,true,false,false,true,true,false,,,,,-10.789926,,linear_2fold_v1,calibrated_estimate
QTBSBXVTEAMEQO-UHFFFAOYSA-N,176,20160829,000000176.B3LYP@PM6.S0,C2H4O2,60.051960,0,1,molssiai-hub/pubchemqc-b3lyp,B3LYP/6-31G*//PM6 (gas phase),CC BY 4.0,10.1021/acs.jcim.3c00899,-7.485852,0.149663,7.635515,-7.485852,0.149663,4.383544,dataset_level_eV,inchikey_match_target,epsilon_roster;key_registry;targeted_harvest;viscosity_roster,true,false,true,true,false,false,,,,,-10.420462,,linear_2fold_v1,calibrated_estimate
QUCHWTCTBHQQDU-UHFFFAOYSA-N,423,20160829,000000423.B3LYP@PM6.S0,C5H9NO3,131.129860,0,1,molssiai-hub/pubchemqc-b3lyp,B3LYP/6-31G*//PM6 (gas phase),CC BY 4.0,10.1021/acs.jcim.3c00899,-6.859990,-0.745592,6.114398,-6.859990,-0.745592,2.046311,dataset_level_eV,inchikey_from_pubchem_cid,,false,false,false,false,false,false,,,,,-9.786306,,linear_2fold_v1,calibrated_estimate
QUTYKIXIUDQOLK-UHFFFAOYSA-N,82,20160829,000000082.B3LYP@PM6.S0,C10H13O10P,324.177981,0,1,molssiai-hub/pubchemqc-b3lyp,B3LYP/6-31G*//PM6 (gas phase),CC BY 4.0,10.1021/acs.jcim.3c00899,-7.020537,-1.727923,5.292614,-7.020537,-1.727923,6.848458,dataset_level_eV,inchikey_from_pubchem_cid,,false,false,false,false,false,false,,,,,-9.948981,,linear_2fold_v1,calibrated_estimate
QUURPCHWPQNNGL-UHFFFAOYSA-N,145,20160829,000000145.B3LYP@PM6.S0,C6H8O7,192.123520,0,1,molssiai-hub/pubchemqc-b3lyp,B3LYP/6-31G*//PM6 (gas phase),CC BY 4.0,10.1021/acs.jcim.3c00899,-7.371564,-2.590524,4.781040,-7.371564,-2.590524,3.523942,dataset_level_eV,inchikey_from_pubchem_cid,,false,false,false,false,false,false,,,,,-10.304659,,linear_2fold_v1,calibrated_estimate
QVWAEZJXDYOKEH-UHFFFAOYSA-N,91,20160829,000000091.B3LYP@PM6.S0,C9H10O3,166.173900,0,1,molssiai-hub/pubchemqc-b3lyp,B3LYP/6-31G*//PM6 (gas phase),CC BY 4.0,10.1021/acs.jcim.3c00899,-6.046370,-0.193201,5.853169,-6.046370,-0.193201,3.249788,dataset_level_eV,inchikey_from_pubchem_cid,,false,false,false,false,false,false,,,,,-8.961905,,linear_2fold_v1,calibrated_estimate
QWTDNUCVQCZILF-UHFFFAOYSA-N,6556,20160829,000006556.B3LYP@PM6.S0,C5H12,72.148780,0,1,molssiai-hub/pubchemqc-b3lyp,B3LYP/6-31G*//PM6 (gas phase),CC BY 4.0,10.1021/acs.jcim.3c00899,-8.362059,2.372833,10.734891,-8.362059,2.372833,0.032217,dataset_level_eV,inchikey_match_target,epsilon_roster;key_registry;targeted_harvest;viscosity_roster,true,false,true,true,false,false,,,,,-11.308279,,linear_2fold_v1,calibrated_estimate
QWVGKYWNOKOFNN-UHFFFAOYSA-N,335,20160829,000000335.B3LYP@PM6.S0,C7H8O,108.137820,0,1,molssiai-hub/pubchemqc-b3lyp,B3LYP/6-31G*//PM6 (gas phase),CC BY 4.0,10.1021/acs.jcim.3c00899,-5.768814,0.054423,5.823236,-5.768814,0.054423,1.138995,dataset_level_eV,inchikey_match_target,epsilon_roster;key_registry;targeted_harvest;viscosity_roster,true,false,true,true,false,false,,,,,-8.680671,,linear_2fold_v1,calibrated_estimate
QYIMSPSDBYKPPY-UHFFFAOYSA-N,693,20160829,000000693.B3LYP@PM6.S0,C30H50O,426.717400,0,1,molssiai-hub/pubchemqc-b3lyp,B3LYP/6-31G*//PM6 (gas phase),CC BY 4.0,10.1021/acs.jcim.3c00899,-5.847727,0.764640,6.612367,-5.847727,0.764640,2.018765,dataset_level_eV,inchikey_from_pubchem_cid,,false,false,false,false,false,false,,,,,-8.760630,,linear_2fold_v1,calibrated_estimate
QYPPJABKJHAVHS-UHFFFAOYSA-N,199,20160829,000000199.B3LYP@PM6.S0,C5H14N4,130.191460,0,1,molssiai-hub/pubchemqc-b3lyp,B3LYP/6-31G*//PM6 (gas phase),CC BY 4.0,10.1021/acs.jcim.3c00899,-5.918476,1.085734,7.004211,-5.918476,1.085734,1.884285,dataset_level_eV,inchikey_from_pubchem_cid,,false,false,false,false,false,false,,,,,-8.832317,,linear_2fold_v1,calibrated_estimate
QZDSXQJWBGMRLU-UHFFFAOYSA-N,20,20160829,000000020.B3LYP@PM6.S0,C9H10O4,182.173300,0,1,molssiai-hub/pubchemqc-b3lyp,B3LYP/6-31G*//PM6 (gas phase),CC BY 4.0,10.1021/acs.jcim.3c00899,-5.428671,-0.576881,4.851790,-5.428671,-0.576881,5.258436,verified_eV_audited,inchikey_from_pubchem_cid,,false,false,false,false,false,false,,,,,-8.336021,,linear_2fold_v1,calibrated_estimate
RAFHQTNQEZECFL-UHFFFAOYSA-N,26332,20160829,000026332.B3LYP@PM6.S0,C7H10N2,122.167700,0,1,molssiai-hub/pubchemqc-b3lyp,B3LYP/6-31G*//PM6 (gas phase),CC BY 4.0,10.1021/acs.jcim.3c00899,-6.544338,-1.123830,5.420508,-6.544338,-1.123830,0.717778,dataset_level_eV,inchikey_match_target,batt_calibration_sample;batt_orbit_pool;key_registry;targeted_harvest,true,true,false,false,false,true,-9.402900,0.836100,-2.858562,1.959930,,,,paired_anchor
RAJWOBJTTGJROA-UHFFFAOYSA-N,443,20160829,000000443.B3LYP@PM6.S0,C19H28O2,288.424420,0,1,molssiai-hub/pubchemqc-b3lyp,B3LYP/6-31G*//PM6 (gas phase),CC BY 4.0,10.1021/acs.jcim.3c00899,-6.370185,-0.487084,5.883101,-6.370185,-0.487084,1.697953,dataset_level_eV,inchikey_from_pubchem_cid,,false,false,false,false,false,false,,,,,-9.290011,,linear_2fold_v1,calibrated_estimate
RANCECPPZPIPNO-UHFFFAOYSA-N,66,20160829,000000066.B3LYP@PM6.S0,C6H4Cl2O,163.001360,0,1,molssiai-hub/pubchemqc-b3lyp,B3LYP/6-31G*//PM6 (gas phase),CC BY 4.0,10.1021/acs.jcim.3c00899,-6.370185,-0.688448,5.681737,-6.370185,-0.688448,1.515282,dataset_level_eV,inchikey_from_pubchem_cid,,false,false,false,false,false,false,,,,,-9.290011,,linear_2fold_v1,calibrated_estimate
RCJMVGJKROQDCB-UHFFFAOYSA-N,14238,20160829,000014238.B3LYP@PM6.S0,C6H10,82.143600,0,1,molssiai-hub/pubchemqc-b3lyp,B3LYP/6-31G*//PM6 (gas phase),CC BY 4.0,10.1021/acs.jcim.3c00899,-5.975620,-0.057144,5.918476,-5.975620,-0.057144,0.485223,dataset_level_eV,inchikey_match_target,epsilon_roster;key_registry;targeted_harvest,true,false,true,false,false,false,,,,,-8.890218,,linear_2fold_v1,calibrated_estimate
RCNSAJSGRJSBKK-UHFFFAOYSA-N,251,20160829,000000251.B3LYP@PM6.S0,C33H34N4O6,582.646260,0,1,molssiai-hub/pubchemqc-b3lyp,B3LYP/6-31G*//PM6 (gas phase),CC BY 4.0,10.1021/acs.jcim.3c00899,-5.327989,-2.797330,2.530659,-5.327989,-2.797330,5.090733,dataset_level_eV,inchikey_from_pubchem_cid,,false,false,false,false,false,false,,,,,-8.234005,,linear_2fold_v1,calibrated_estimate
RDHQFKQIGNGIED-UHFFFAOYSA-N,1,20160829,000000001.B3LYP@PM6.S0,C9H17NO4,203.235580,0,1,molssiai-hub/pubchemqc-b3lyp,B3LYP/6-31G*//PM6 (gas phase),CC BY 4.0,10.1021/acs.jcim.3c00899,-4.609609,-0.261229,4.348379,-4.609609,-0.261229,11.419443,verified_eV_audited,inchikey_from_pubchem_cid,,false,false,false,false,false,false,,,,,-7.506106,,linear_2fold_v1,calibrated_estimate
RDJUHLUBPADHNP-UHFFFAOYSA-N,12,20160829,000000012.B3LYP@PM6.S0,C6H6O4,142.109440,0,1,molssiai-hub/pubchemqc-b3lyp,B3LYP/6-31G*//PM6 (gas phase),CC BY 4.0,10.1021/acs.jcim.3c00899,-5.093971,0.565997,5.659968,-5.093971,0.565997,1.504826,verified_eV_audited,inchikey_from_pubchem_cid,,false,false,false,false,false,false,,,,,-7.996886,,linear_2fold_v1,calibrated_estimate
RDOXTESZEPMUJZ-UHFFFAOYSA-N,7519,20160829,000007519.B3LYP@PM6.S0,C7H8O,108.137820,0,1,molssiai-hub/pubchemqc-b3lyp,B3LYP/6-31G*//PM6 (gas phase),CC BY 4.0,10.1021/acs.jcim.3c00899,-5.787862,0.092519,5.880380,-5.787862,0.092519,1.374349,dataset_level_eV,inchikey_match_target,batt_orbit_pool;epsilon_roster;key_registry;targeted_harvest;viscosity_roster,true,true,true,true,false,false,-8.630200,1.682200,-2.842338,1.589681,,,,paired_anchor
REIIQZAQCCFGIJ-UHFFFAOYSA-N,629,20160829,000000629.B3LYP@PM6.S0,C17H25N7O6,423.423700,0,1,molssiai-hub/pubchemqc-b3lyp,B3LYP/6-31G*//PM6 (gas phase),CC BY 4.0,10.1021/acs.jcim.3c00899,-5.972899,-1.504790,4.468109,-5.972899,-1.504790,1.669687,dataset_level_eV,inchikey_from_pubchem_cid,,false,false,false,false,false,false,,,,,-8.887461,,linear_2fold_v1,calibrated_estimate
RFENOVFRMPRRJI-UHFFFAOYSA-N,42,20160829,000000042.B3LYP@PM6.S0,C9H10O6,214.172100,0,1,molssiai-hub/pubchemqc-b3lyp,B3LYP/6-31G*//PM6 (gas phase),CC BY 4.0,10.1021/acs.jcim.3c00899,-6.734818,-2.579639,4.155178,-6.734818,-2.579639,10.114279,dataset_level_eV,inchikey_from_pubchem_cid,,false,false,false,false,false,false,,,,,-9.659476,,linear_2fold_v1,calibrated_estimate
RFFFKMOABOFIDF-UHFFFAOYSA-N,8061,20160829,000008061.B3LYP@PM6.S0,C5H9N,83.131660,0,1,molssiai-hub/pubchemqc-b3lyp,B3LYP/6-31G*//PM6 (gas phase),CC BY 4.0,10.1021/acs.jcim.3c00899,-8.593355,1.020427,9.613782,-8.593355,1.020427,4.116747,dataset_level_eV,inchikey_match_target,batt_orbit_pool;epsilon_roster;key_registry;named_solvent;targeted_harvest;viscosity_roster,true,true,true,true,false,false,-11.475300,1.835100,-2.881945,0.814673,,,,paired_anchor
RFFLAFLAYFXFSW-UHFFFAOYSA-N,7239,20160829,000007239.B3LYP@PM6.S0,C6H4Cl2,147.001960,0,1,molssiai-hub/pubchemqc-b3lyp,B3LYP/6-31G*//PM6 (gas phase),CC BY 4.0,10.1021/acs.jcim.3c00899,-6.737539,-0.647631,6.089908,-6.737539,-0.647631,2.596355,dataset_level_eV,inchikey_match_target,epsilon_roster;key_registry;targeted_harvest;viscosity_roster,true,false,true,true,false,false,,,,,-9.662233,,linear_2fold_v1,calibrated_estimate
RFMMMVDNIPUKGG-UHFFFAOYSA-N,185,20160829,000000185.B3LYP@PM6.S0,C7H11NO5,189.165940,0,1,molssiai-hub/pubchemqc-b3lyp,B3LYP/6-31G*//PM6 (gas phase),CC BY 4.0,10.1021/acs.jcim.3c00899,-7.074960,-0.489805,6.585155,-7.074960,-0.489805,2.221485,dataset_level_eV,inchikey_from_pubchem_cid,,false,false,false,false,false,false,,,,,-10.004125,,linear_2fold_v1,calibrated_estimate
RGHHSNMVTDWUBI-UHFFFAOYSA-N,126,20160829,000000126.B3LYP@PM6.S0,C7H6O2,122.121340,0,1,molssiai-hub/pubchemqc-b3lyp,B3LYP/6-31G*//PM6 (gas phase),CC BY 4.0,10.1021/acs.jcim.3c00899,-6.424608,-1.390502,5.034106,-6.424608,-1.390502,4.511288,dataset_level_eV,inchikey_from_pubchem_cid,,false,false,false,false,false,false,,,,,-9.345155,,linear_2fold_v1,calibrated_estimate
RGHNJXZEOKUKBD-UHFFFAOYSA-N,604,20160829,000000604.B3LYP@PM6.S0,C6H12O7,196.155280,0,1,molssiai-hub/pubchemqc-b3lyp,B3LYP/6-31G*//PM6 (gas phase),CC BY 4.0,10.1021/acs.jcim.3c00899,-7.123941,0.029933,7.153873,-7.123941,0.029933,3.338246,dataset_level_eV,inchikey_from_pubchem_cid,,false,false,false,false,false,false,,,,,-10.053755,,linear_2fold_v1,calibrated_estimate
RGJOEKWQDUBAIZ-UHFFFAOYSA-N,317,20160829,000000317.B3LYP@PM6.S0,C21H36N7O16P3S,767.534123,0,1,molssiai-hub/pubchemqc-b3lyp,B3LYP/6-31G*//PM6 (gas phase),CC BY 4.0,10.1021/acs.jcim.3c00899,-6.498079,-1.556491,4.941588,-6.498079,-1.556491,9.850764,dataset_level_eV,inchikey_from_pubchem_cid,,false,false,false,false,false,false,,,,,-9.419600,,linear_2fold_v1,calibrated_estimate
RGSFGYAAUTVSQA-UHFFFAOYSA-N,9253,20160829,000009253.B3LYP@PM6.S0,C5H10,70.132900,0,1,molssiai-hub/pubchemqc-b3lyp,B3LYP/6-31G*//PM6 (gas phase),CC BY 4.0,10.1021/acs.jcim.3c00899,-8.304915,2.190516,10.495431,-8.304915,2.190516,0.004794,dataset_level_eV,inchikey_match_target,epsilon_roster;key_registry;named_solvent;targeted_harvest;viscosity_roster,true,false,true,true,false,false,,,,,-11.250378,,linear_2fold_v1,calibrated_estimate
RGWHQCVHVJXOKC-UHFFFAOYSA-N,625,20160829,000000625.B3LYP@PM6.S0,C9H16N3O13P3,467.156923,0,1,molssiai-hub/pubchemqc-b3lyp,B3LYP/6-31G*//PM6 (gas phase),CC BY 4.0,10.1021/acs.jcim.3c00899,-5.975620,-0.892533,5.083087,-5.975620,-0.892533,5.787320,dataset_level_eV,inchikey_from_pubchem_cid,,false,false,false,false,false,false,,,,,-8.890218,,linear_2fold_v1,calibrated_estimate
RGXWDWUGBIJHDO-UHFFFAOYSA-N,8048,20160829,000008048.B3LYP@PM6.S0,C12H24O2,200.317760,0,1,molssiai-hub/pubchemqc-b3lyp,B3LYP/6-31G*//PM6 (gas phase),CC BY 4.0,10.1021/acs.jcim.3c00899,-7.238228,0.394565,7.632794,-7.238228,0.394565,1.458116,dataset_level_eV,inchikey_match_target,key_registry;targeted_harvest;viscosity_roster;viscosity_roster_sample,true,false,false,true,true,false,,,,,-10.169556,,linear_2fold_v1,calibrated_estimate
RHCPKKNRWFXMAT-UHFFFAOYSA-N,302,20160829,000000302.B3LYP@PM6.S0,C24H38O5,406.555520,0,1,molssiai-hub/pubchemqc-b3lyp,B3LYP/6-31G*//PM6 (gas phase),CC BY 4.0,10.1021/acs.jcim.3c00899,-6.307599,-0.487084,5.820515,-6.307599,-0.487084,2.349552,dataset_level_eV,inchikey_from_pubchem_cid,,false,false,false,false,false,false,,,,,-9.226596,,linear_2fold_v1,calibrated_estimate
RHQDFWAXVIIEBN-UHFFFAOYSA-N,6409,20160829,000006409.B3LYP@PM6.S0,C2H3F3O,100.039830,0,1,molssiai-hub/pubchemqc-b3lyp,B3LYP/6-31G*//PM6 (gas phase),CC BY 4.0,10.1021/acs.jcim.3c00899,-8.166137,1.268051,9.434187,-8.166137,1.268051,2.087382,dataset_level_eV,inchikey_match_target,key_registry;targeted_harvest;viscosity_roster;viscosity_roster_sample,true,false,false,true,true,false,,,,,-11.109761,,linear_2fold_v1,calibrated_estimate
RIVQQZVHIVNQFH-UHFFFAOYSA-N,139,20160829,000000139.B3LYP@PM6.S0,C27H48O3,420.668220,0,1,molssiai-hub/pubchemqc-b3lyp,B3LYP/6-31G*//PM6 (gas phase),CC BY 4.0,10.1021/acs.jcim.3c00899,-6.704885,1.148320,7.853206,-6.704885,1.148320,1.849283,dataset_level_eV,inchikey_from_pubchem_cid,,false,false,false,false,false,false,,,,,-9.629146,,linear_2fold_v1,calibrated_estimate
RJCJWONCSKSHES-UHFFFAOYSA-N,571,20160829,000000571.B3LYP@PM6.S0,C12H21NO4S2,307.429440,0,1,molssiai-hub/pubchemqc-b3lyp,B3LYP/6-31G*//PM6 (gas phase),CC BY 4.0,10.1021/acs.jcim.3c00899,-6.397397,-1.436761,4.960635,-6.397397,-1.436761,5.827725,dataset_level_eV,inchikey_from_pubchem_cid,,false,false,false,false,false,false,,,,,-9.317584,,linear_2fold_v1,calibrated_estimate
RJQQOKKINHMXIM-UHFFFAOYSA-N,159890,20160829,000159890.B3LYP@PM6.S0,C9H21NO6,239.266140,0,1,molssiai-hub/pubchemqc-b3lyp,B3LYP/6-31G*//PM6 (gas phase),CC BY 4.0,10.1021/acs.jcim.3c00899,-5.937524,-0.097961,5.839563,-5.937524,-0.097961,2.014303,dataset_level_eV,inchikey_match_target,epsilon_roster;key_registry;targeted_harvest;viscosity_roster,true,false,true,true,false,false,,,,,-8.851617,,linear_2fold_v1,calibrated_estimate
RJUFJBKOKNCXHH-UHFFFAOYSA-N,11124,20160829,000011124.B3LYP@PM6.S0,C4H8O2,88.105120,0,1,molssiai-hub/pubchemqc-b3lyp,B3LYP/6-31G*//PM6 (gas phase),CC BY 4.0,10.1021/acs.jcim.3c00899,-7.401497,0.304768,7.706264,-7.401497,0.304768,1.602119,dataset_level_eV,inchikey_match_target,batt_orbit_pool;epsilon_roster;key_registry;targeted_harvest,true,true,true,false,false,false,-10.482300,1.590800,-3.080803,1.286032,,,,paired_anchor
RKDFGWAXBBGKMR-UHFFFAOYSA-N,282,20160829,000000282.B3LYP@PM6.S0,C9H12O4,184.189180,0,1,molssiai-hub/pubchemqc-b3lyp,B3LYP/6-31G*//PM6 (gas phase),CC BY 4.0,10.1021/acs.jcim.3c00899,-6.334810,-1.385059,4.949751,-6.334810,-1.385059,4.791225,dataset_level_eV,inchikey_from_pubchem_cid,,false,false,false,false,false,false,,,,,-9.254167,,linear_2fold_v1,calibrated_estimate
RLSSMJSEOOYNOY-UHFFFAOYSA-N,342,20160829,000000342.B3LYP@PM6.S0,C7H8O,108.137820,0,1,molssiai-hub/pubchemqc-b3lyp,B3LYP/6-31G*//PM6 (gas phase),CC BY 4.0,10.1021/acs.jcim.3c00899,-5.771535,0.141499,5.913034,-5.771535,0.141499,1.616007,dataset_level_eV,inchikey_match_target,epsilon_roster;key_registry;targeted_harvest;viscosity_roster,true,false,true,true,false,false,,,,,-8.683429,,linear_2fold_v1,calibrated_estimate
RMHHUKGVZFVHED-UHFFFAOYSA-N,524,20160829,000000524.B3LYP@PM6.S0,C4H4O6,148.070960,0,1,molssiai-hub/pubchemqc-b3lyp,B3LYP/6-31G*//PM6 (gas phase),CC BY 4.0,10.1021/acs.jcim.3c00899,-7.728033,-3.069444,4.658589,-7.728033,-3.069444,4.376532,dataset_level_eV,inchikey_from_pubchem_cid,,false,false,false,false,false,false,,,,,-10.665852,,linear_2fold_v1,calibrated_estimate
RNQHMTFBUSSBJQ-UHFFFAOYSA-N,36,20160829,000000036.B3LYP@PM6.S0,C7H12O5,176.167180,0,1,molssiai-hub/pubchemqc-b3lyp,B3LYP/6-31G*//PM6 (gas phase),CC BY 4.0,10.1021/acs.jcim.3c00899,-7.502179,-0.609535,6.892644,-7.502179,-0.609535,5.933443,dataset_level_eV,inchikey_from_pubchem_cid,,false,false,false,false,false,false,,,,,-10.437005,,linear_2fold_v1,calibrated_estimate
ROBFUDYVXSDBQM-UHFFFAOYSA-N,45,20160829,000000045.B3LYP@PM6.S0,C3H4O5,120.060860,0,1,molssiai-hub/pubchemqc-b3lyp,B3LYP/6-31G*//PM6 (gas phase),CC BY 4.0,10.1021/acs.jcim.3c00899,-8.084502,-0.963283,7.121219,-8.084502,-0.963283,2.426651,dataset_level_eV,inchikey_from_pubchem_cid,,false,false,false,false,false,false,,,,,-11.027044,,linear_2fold_v1,calibrated_estimate
ROSDSFDQCJNGOL-UHFFFAOYSA-N,674,20160829,000000674.B3LYP@PM6.S0,C2H7N,45.083680,0,1,molssiai-hub/pubchemqc-b3lyp,B3LYP/6-31G*//PM6 (gas phase),CC BY 4.0,10.1021/acs.jcim.3c00899,-5.918476,2.337458,8.255934,-5.918476,2.337458,1.121205,dataset_level_eV,inchikey_match_target,epsilon_roster;key_registry;targeted_harvest,true,false,true,false,false,false,,,,,-8.832317,,linear_2fold_v1,calibrated_estimate
ROWKJAVDOGWPAT-UHFFFAOYSA-N,179,20160829,000000179.B3LYP@PM6.S0,C4H8O2,88.105120,0,1,molssiai-hub/pubchemqc-b3lyp,B3LYP/6-31G*//PM6 (gas phase),CC BY 4.0,10.1021/acs.jcim.3c00899,-6.767471,-0.612256,6.155215,-6.767471,-0.612256,2.599896,dataset_level_eV,inchikey_from_pubchem_cid,,false,false,false,false,false,false,,,,,-9.692561,,linear_2fold_v1,calibrated_estimate
RPSBVJXBTXEJJG-UHFFFAOYSA-N,210,20160829,000000210.B3LYP@PM6.S0,C25H42N2O19,674.602980,0,1,molssiai-hub/pubchemqc-b3lyp,B3LYP/6-31G*//PM6 (gas phase),CC BY 4.0,10.1021/acs.jcim.3c00899,-6.411002,-0.359190,6.051812,-6.411002,-0.359190,5.671934,dataset_level_eV,inchikey_from_pubchem_cid,,false,false,false,false,false,false,,,,,-9.331369,,linear_2fold_v1,calibrated_estimate
RQMCNDRMPZBEOD-UHFFFAOYSA-N,130,20160829,000000130.B3LYP@PM6.S0,C7H8O8,220.133620,0,1,molssiai-hub/pubchemqc-b3lyp,B3LYP/6-31G*//PM6 (gas phase),CC BY 4.0,10.1021/acs.jcim.3c00899,-7.540275,-3.080329,4.459946,-7.540275,-3.080329,6.093112,dataset_level_eV,inchikey_from_pubchem_cid,,false,false,false,false,false,false,,,,,-10.475606,,linear_2fold_v1,calibrated_estimate
RQRINYISXYAZKL-UHFFFAOYSA-N,333,20160829,000000333.B3LYP@PM6.S0,C9H17N4O9P,356.226441,0,1,molssiai-hub/pubchemqc-b3lyp,B3LYP/6-31G*//PM6 (gas phase),CC BY 4.0,10.1021/acs.jcim.3c00899,-5.755208,-0.370075,5.385133,-5.755208,-0.370075,6.381595,dataset_level_eV,inchikey_from_pubchem_cid,,false,false,false,false,false,false,,,,,-8.666885,,linear_2fold_v1,calibrated_estimate
RRHGJUQNOFWUDK-UHFFFAOYSA-N,6557,20160829,000006557.B3LYP@PM6.S0,C5H8,68.117020,0,1,molssiai-hub/pubchemqc-b3lyp,B3LYP/6-31G*//PM6 (gas phase),CC BY 4.0,10.1021/acs.jcim.3c00899,-6.302157,-0.136057,6.166100,-6.302157,-0.136057,0.382970,dataset_level_eV,inchikey_match_target,epsilon_roster;key_registry;targeted_harvest,true,false,true,false,false,false,,,,,-9.221082,,linear_2fold_v1,calibrated_estimate
RSJKGSCJYJTIGS-UHFFFAOYSA-N,14257,20160829,000014257.B3LYP@PM6.S0,C11H24,156.308260,0,1,molssiai-hub/pubchemqc-b3lyp,B3LYP/6-31G*//PM6 (gas phase),CC BY 4.0,10.1021/acs.jcim.3c00899,-7.559323,2.427256,9.986578,-7.559323,2.427256,0.044337,dataset_level_eV,inchikey_match_target,key_registry;targeted_harvest;viscosity_roster;viscosity_roster_sample,true,false,false,true,true,false,,,,,-10.494906,,linear_2fold_v1,calibrated_estimate
RTGHRDFWYQHVFW-UHFFFAOYSA-N,93,20160829,000000093.B3LYP@PM6.S0,C6H8O5,160.124720,0,1,molssiai-hub/pubchemqc-b3lyp,B3LYP/6-31G*//PM6 (gas phase),CC BY 4.0,10.1021/acs.jcim.3c00899,-7.064076,-1.605472,5.458604,-7.064076,-1.605472,5.717606,dataset_level_eV,inchikey_from_pubchem_cid,,false,false,false,false,false,false,,,,,-9.993097,,linear_2fold_v1,calibrated_estimate
RTZKZFJDLAIYFH-UHFFFAOYSA-N,3283,20160829,000003283.B3LYP@PM6.S0,C4H10O,74.121600,0,1,molssiai-hub/pubchemqc-b3lyp,B3LYP/6-31G*//PM6 (gas phase),CC BY 4.0,10.1021/acs.jcim.3c00899,-6.702164,2.517053,9.219217,-6.702164,2.517053,1.067743,dataset_level_eV,inchikey_match_target,batt_orbit_pool;epsilon_roster;key_registry;targeted_harvest;viscosity_roster;viscosity_roster_sample,true,true,true,true,true,false,-9.726900,1.901200,-3.024736,-0.615853,,,,paired_anchor
RUOJZAUFBMNUDX-UHFFFAOYSA-N,7924,20160829,000007924.B3LYP@PM6.S0,C4H6O3,102.088640,0,1,molssiai-hub/pubchemqc-b3lyp,B3LYP/6-31G*//PM6 (gas phase),CC BY 4.0,10.1021/acs.jcim.3c00899,-8.016474,1.042196,9.058670,-8.016474,1.042196,5.387276,dataset_level_eV,inchikey_match_target,batt_orbit_pool;epsilon_roster;key_registry;named_solvent;targeted_harvest;viscosity_roster,true,true,true,true,false,false,-11.126500,1.522900,-3.110026,0.480704,,,,paired_anchor
RVCNKTPCHZNAAO-UHFFFAOYSA-N,467,20160829,000000467.B3LYP@PM6.S0,C40H68O7P2,722.911242,0,1,molssiai-hub/pubchemqc-b3lyp,B3LYP/6-31G*//PM6 (gas phase),CC BY 4.0,10.1021/acs.jcim.3c00899,-5.624593,-0.302046,5.322547,-5.624593,-0.302046,4.539807,dataset_level_eV,inchikey_from_pubchem_cid,,false,false,false,false,false,false,,,,,-8.534539,,linear_2fold_v1,calibrated_estimate
RWFBQHICRCUQJJ-UHFFFAOYSA-N,409,20160829,000000409.B3LYP@PM6.S0,C10H14N2O,178.230960,0,1,molssiai-hub/pubchemqc-b3lyp,B3LYP/6-31G*//PM6 (gas phase),CC BY 4.0,10.1021/acs.jcim.3c00899,-5.270845,-0.454430,4.816415,-5.270845,-0.454430,5.932482,dataset_level_eV,inchikey_from_pubchem_cid,,false,false,false,false,false,false,,,,,-8.176104,,linear_2fold_v1,calibrated_estimate
RWNKSTSCBHKHTB-UHFFFAOYSA-N,6901,20160829,000006901.B3LYP@PM6.S0,C4Cl6,260.760800,0,1,molssiai-hub/pubchemqc-b3lyp,B3LYP/6-31G*//PM6 (gas phase),CC BY 4.0,10.1021/acs.jcim.3c00899,-7.181085,-1.515674,5.665410,-7.181085,-1.515674,0.446838,dataset_level_eV,inchikey_match_target,epsilon_roster;key_registry;targeted_harvest,true,false,true,false,false,false,,,,,-10.111656,,linear_2fold_v1,calibrated_estimate
RWSOTUBLDIXVET-UHFFFAOYSA-N,402,20160829,000000402.B3LYP@PM6.S0,H2S,34.080880,0,1,molssiai-hub/pubchemqc-b3lyp,B3LYP/6-31G*//PM6 (gas phase),CC BY 4.0,10.1021/acs.jcim.3c00899,-7.113056,0.612256,7.725312,-7.113056,0.612256,1.439429,dataset_level_eV,inchikey_from_pubchem_cid,key_registry;viscosity_roster,true,false,false,true,false,false,,,,,-10.042726,,linear_2fold_v1,calibrated_estimate
RWZYAGGXGHYGMB-UHFFFAOYSA-N,227,20160829,000000227.B3LYP@PM6.S0,C7H7NO2,137.135980,0,1,molssiai-hub/pubchemqc-b3lyp,B3LYP/6-31G*//PM6 (gas phase),CC BY 4.0,10.1021/acs.jcim.3c00899,-5.717112,-1.216349,4.500763,-5.717112,-1.216349,3.831546,dataset_level_eV,inchikey_from_pubchem_cid,,false,false,false,false,false,false,,,,,-8.628284,,linear_2fold_v1,calibrated_estimate
RXKJFZQQPQGTFL-UHFFFAOYSA-N,670,20160829,000000670.B3LYP@PM6.S0,C3H6O3,90.077940,0,1,molssiai-hub/pubchemqc-b3lyp,B3LYP/6-31G*//PM6 (gas phase),CC BY 4.0,10.1021/acs.jcim.3c00899,-7.162037,-1.107503,6.054533,-7.162037,-1.107503,1.184853,dataset_level_eV,inchikey_from_pubchem_cid,,false,false,false,false,false,false,,,,,-10.092356,,linear_2fold_v1,calibrated_estimate
RXMWXENJQAINCC-UHFFFAOYSA-N,67,20160829,000000067.B3LYP@PM6.S0,C6H8O7,192.123520,0,1,molssiai-hub/pubchemqc-b3lyp,B3LYP/6-31G*//PM6 (gas phase),CC BY 4.0,10.1021/acs.jcim.3c00899,-7.262719,-2.775561,4.487157,-7.262719,-2.775561,3.612544,dataset_level_eV,inchikey_from_pubchem_cid,,false,false,false,false,false,false,,,,,-10.194372,,linear_2fold_v1,calibrated_estimate
RYHBNJHYFVUHQT-UHFFFAOYSA-N,31275,20160829,000031275.B3LYP@PM6.S0,C4H8O2,88.105120,0,1,molssiai-hub/pubchemqc-b3lyp,B3LYP/6-31G*//PM6 (gas phase),CC BY 4.0,10.1021/acs.jcim.3c00899,-6.430050,2.255824,8.685874,-6.430050,2.255824,0.000032,dataset_level_eV,inchikey_match_target,batt_orbit_pool;epsilon_roster;key_registry;targeted_harvest;viscosity_roster,true,true,true,true,false,false,-9.258500,1.772500,-2.828450,-0.483324,,,,paired_anchor
SAUCHDKDCUROAO-UHFFFAOYSA-N,219,20160829,000000219.B3LYP@PM6.S0,C4H7NO3,117.103280,0,1,molssiai-hub/pubchemqc-b3lyp,B3LYP/6-31G*//PM6 (gas phase),CC BY 4.0,10.1021/acs.jcim.3c00899,-6.982441,-1.404107,5.578334,-6.982441,-1.404107,3.951176,dataset_level_eV,inchikey_from_pubchem_cid,,false,false,false,false,false,false,,,,,-9.910380,,linear_2fold_v1,calibrated_estimate
SBASXUCJHJRPEV-UHFFFAOYSA-N,8134,20160829,000008134.B3LYP@PM6.S0,C5H12O3,120.146980,0,1,molssiai-hub/pubchemqc-b3lyp,B3LYP/6-31G*//PM6 (gas phase),CC BY 4.0,10.1021/acs.jcim.3c00899,-6.800125,1.959220,8.759345,-6.800125,1.959220,1.875004,dataset_level_eV,inchikey_match_target,key_registry;targeted_harvest;viscosity_roster;viscosity_roster_sample,true,false,false,true,true,false,,,,,-9.725648,,linear_2fold_v1,calibrated_estimate
SBZXBUIDTXKZTM-UHFFFAOYSA-N,8150,20160829,000008150.B3LYP@PM6.S0,C6H14O3,134.173560,0,1,molssiai-hub/pubchemqc-b3lyp,B3LYP/6-31G*//PM6 (gas phase),CC BY 4.0,10.1021/acs.jcim.3c00899,-6.658626,1.956499,8.615125,-6.658626,1.956499,1.202212,dataset_level_eV,inchikey_match_target,batt_orbit_pool;epsilon_roster;key_registry;targeted_harvest;viscosity_roster,true,true,true,true,false,false,-9.622500,1.728900,-2.963874,-0.227599,,,,paired_anchor
SECXISVLQFMRJM-UHFFFAOYSA-N,13387,20160829,000013387.B3LYP@PM6.S0,C5H9NO,99.131060,0,1,molssiai-hub/pubchemqc-b3lyp,B3LYP/6-31G*//PM6 (gas phase),CC BY 4.0,10.1021/acs.jcim.3c00899,-6.323926,0.976889,7.300815,-6.323926,0.976889,3.711558,dataset_level_eV,inchikey_match_target,batt_orbit_pool;epsilon_roster;key_registry;targeted_harvest;viscosity_roster,true,true,true,true,false,false,-9.142800,1.677500,-2.818874,0.700611,,,,paired_anchor
SERBHKJMVBATSJ-UHFFFAOYSA-N,692,20160829,000000692.B3LYP@PM6.S0,C30H27N3O15,669.546480,0,1,molssiai-hub/pubchemqc-b3lyp,B3LYP/6-31G*//PM6 (gas phase),CC BY 4.0,10.1021/acs.jcim.3c00899,-5.766092,-1.406829,4.359264,-5.766092,-1.406829,2.195276,dataset_level_eV,inchikey_from_pubchem_cid,,false,false,false,false,false,false,,,,,-8.677913,,linear_2fold_v1,calibrated_estimate
SFPQFQUXAJOWNF-UHFFFAOYSA-N,12270,20160829,000012270.B3LYP@PM6.S0,C6H4I2,329.904900,0,1,molssiai-hub/pubchemqc-b3lyp,B3LYP/6-31G*//PM6 (gas phase),CC BY 4.0,10.1021/acs.jcim.3c00899,-6.323926,-3.336116,2.987810,-6.323926,-3.336116,2.203800,dataset_level_eV,inchikey_match_target,epsilon_roster;key_registry;targeted_harvest,true,false,true,false,false,false,,,,,-9.243139,,linear_2fold_v1,calibrated_estimate
SFRQRNJMIIUYDI-UHFFFAOYSA-N,68,20160829,000000068.B3LYP@PM6.S0,C5H12O9P2,278.090902,0,1,molssiai-hub/pubchemqc-b3lyp,B3LYP/6-31G*//PM6 (gas phase),CC BY 4.0,10.1021/acs.jcim.3c00899,-7.377006,0.111567,7.488573,-7.377006,0.111567,4.184721,dataset_level_eV,inchikey_from_pubchem_cid,,false,false,false,false,false,false,,,,,-10.310173,,linear_2fold_v1,calibrated_estimate
SGDIDUFQYHRMPR-UHFFFAOYSA-N,434,20160829,000000434.B3LYP@PM6.S0,C10H14N2O,178.230960,0,1,molssiai-hub/pubchemqc-b3lyp,B3LYP/6-31G*//PM6 (gas phase),CC BY 4.0,10.1021/acs.jcim.3c00899,-5.880380,-1.866701,4.013679,-5.880380,-1.866701,1.461453,dataset_level_eV,inchikey_from_pubchem_cid,,false,false,false,false,false,false,,,,,-8.793716,,linear_2fold_v1,calibrated_estimate
SGVYKUFIHHTIFL-UHFFFAOYSA-N,13379,20160829,000013379.B3LYP@PM6.S0,C10H22,142.281680,0,1,molssiai-hub/pubchemqc-b3lyp,B3LYP/6-31G*//PM6 (gas phase),CC BY 4.0,10.1021/acs.jcim.3c00899,-7.662726,2.370112,10.032838,-7.662726,2.370112,0.060375,dataset_level_eV,inchikey_match_target,key_registry;targeted_harvest;viscosity_roster;viscosity_roster_sample,true,false,false,true,true,false,,,,,-10.599679,,linear_2fold_v1,calibrated_estimate
SHFQRUVRUBHHRE-UHFFFAOYSA-N,344,20160829,000000344.B3LYP@PM6.S0,C6H8O5,160.124720,0,1,molssiai-hub/pubchemqc-b3lyp,B3LYP/6-31G*//PM6 (gas phase),CC BY 4.0,10.1021/acs.jcim.3c00899,-6.710328,-2.261266,4.449061,-6.710328,-2.261266,2.915622,dataset_level_eV,inchikey_from_pubchem_cid,,false,false,false,false,false,false,,,,,-9.634661,,linear_2fold_v1,calibrated_estimate
SHQSVMDWKBRBGB-UHFFFAOYSA-N,14496,20160829,000014496.B3LYP@PM6.S0,C4H6O,70.089840,0,1,molssiai-hub/pubchemqc-b3lyp,B3LYP/6-31G*//PM6 (gas phase),CC BY 4.0,10.1021/acs.jcim.3c00899,-6.609645,-0.560555,6.049091,-6.609645,-0.560555,2.757987,dataset_level_eV,inchikey_match_target,epsilon_roster;key_registry;targeted_harvest,true,false,true,false,false,false,,,,,-9.532644,,linear_2fold_v1,calibrated_estimate
SHZIWNPUGXLXDT-UHFFFAOYSA-N,31265,20160829,000031265.B3LYP@PM6.S0,C8H16O2,144.211440,0,1,molssiai-hub/pubchemqc-b3lyp,B3LYP/6-31G*//PM6 (gas phase),CC BY 4.0,10.1021/acs.jcim.3c00899,-7.257276,0.383681,7.640957,-7.257276,0.383681,1.471245,dataset_level_eV,inchikey_match_target,key_registry;targeted_harvest;viscosity_roster;viscosity_roster_sample,true,false,false,true,true,false,,,,,-10.188857,,linear_2fold_v1,calibrated_estimate
SIGQQUBJQXSAMW-UHFFFAOYSA-N,516,20160829,000000516.B3LYP@PM6.S0,C6H14O10P2,308.116882,0,1,molssiai-hub/pubchemqc-b3lyp,B3LYP/6-31G*//PM6 (gas phase),CC BY 4.0,10.1021/acs.jcim.3c00899,-7.036864,-0.579603,6.457262,-7.036864,-0.579603,4.551673,dataset_level_eV,inchikey_from_pubchem_cid,,false,false,false,false,false,false,,,,,-9.965524,,linear_2fold_v1,calibrated_estimate
SJRJJKPEHAURKC-UHFFFAOYSA-N,7972,20160829,000007972.B3LYP@PM6.S0,C5H11NO,101.146940,0,1,molssiai-hub/pubchemqc-b3lyp,B3LYP/6-31G*//PM6 (gas phase),CC BY 4.0,10.1021/acs.jcim.3c00899,-5.515748,2.070786,7.586534,-5.515748,2.070786,1.197128,dataset_level_eV,inchikey_match_target,key_registry;targeted_harvest;viscosity_roster;viscosity_roster_sample,true,false,false,true,true,false,,,,,-8.424252,,linear_2fold_v1,calibrated_estimate
SJWFXCIHNDVPSH-UHFFFAOYSA-N,20083,20160829,000020083.B3LYP@PM6.S0,C8H18O,130.227920,0,1,molssiai-hub/pubchemqc-b3lyp,B3LYP/6-31G*//PM6 (gas phase),CC BY 4.0,10.1021/acs.jcim.3c00899,-6.974278,2.024527,8.998805,-6.974278,2.024527,1.505564,dataset_level_eV,inchikey_match_target,key_registry;targeted_harvest;viscosity_roster;viscosity_roster_sample,true,false,false,true,true,false,,,,,-9.902109,,linear_2fold_v1,calibrated_estimate
SKCBPEVYGOQGJN-UHFFFAOYSA-N,150,20160829,000000150.B3LYP@PM6.S0,C5H12NO7P,229.125041,0,1,molssiai-hub/pubchemqc-b3lyp,B3LYP/6-31G*//PM6 (gas phase),CC BY 4.0,10.1021/acs.jcim.3c00899,-6.536175,0.484363,7.020537,-6.536175,0.484363,2.812329,dataset_level_eV,inchikey_from_pubchem_cid,,false,false,false,false,false,false,,,,,-9.458201,,linear_2fold_v1,calibrated_estimate
SLUDRBHRUDRZJZ-UHFFFAOYSA-N,32,20160829,000000032.B3LYP@PM6.S0,C7H6O6,186.118940,0,1,molssiai-hub/pubchemqc-b3lyp,B3LYP/6-31G*//PM6 (gas phase),CC BY 4.0,10.1021/acs.jcim.3c00899,-7.749802,-2.982368,4.767435,-7.749802,-2.982368,3.972007,dataset_level_eV,inchikey_from_pubchem_cid,,false,false,false,false,false,false,,,,,-10.687909,,linear_2fold_v1,calibrated_estimate
SLWWJZMPHJJOPH-UHFFFAOYSA-N,80,20160829,000000080.B3LYP@PM6.S0,C7H8O5,172.135420,0,1,molssiai-hub/pubchemqc-b3lyp,B3LYP/6-31G*//PM6 (gas phase),CC BY 4.0,10.1021/acs.jcim.3c00899,-6.925297,-2.595966,4.329331,-6.925297,-2.595966,2.548242,dataset_level_eV,inchikey_from_pubchem_cid,,false,false,false,false,false,false,,,,,-9.852479,,linear_2fold_v1,calibrated_estimate
SLXKOJJOQWFEFD-UHFFFAOYSA-N,564,20160829,000000564.B3LYP@PM6.S0,C6H13NO2,131.172920,0,1,molssiai-hub/pubchemqc-b3lyp,B3LYP/6-31G*//PM6 (gas phase),CC BY 4.0,10.1021/acs.jcim.3c00899,-6.277667,0.277556,6.555223,-6.277667,0.277556,4.171860,dataset_level_eV,inchikey_from_pubchem_cid,,false,false,false,false,false,false,,,,,-9.196267,,linear_2fold_v1,calibrated_estimate
SNHMUERNLJLMHN-UHFFFAOYSA-N,11575,20160829,000011575.B3LYP@PM6.S0,C6H5I,204.008370,0,1,molssiai-hub/pubchemqc-b3lyp,B3LYP/6-31G*//PM6 (gas phase),CC BY 4.0,10.1021/acs.jcim.3c00899,-6.038206,-2.944272,3.093934,-6.038206,-2.944272,2.706885,dataset_level_eV,inchikey_match_target,epsilon_roster;key_registry;targeted_harvest,true,false,true,false,false,false,,,,,-8.953633,,linear_2fold_v1,calibrated_estimate
SNPPWIUOZRMYNY-UHFFFAOYSA-N,444,20160829,000000444.B3LYP@PM6.S0,C13H18ClNO,239.741120,0,1,molssiai-hub/pubchemqc-b3lyp,B3LYP/6-31G*//PM6 (gas phase),CC BY 4.0,10.1021/acs.jcim.3c00899,-5.741602,-1.529280,4.212322,-5.741602,-1.529280,2.861478,dataset_level_eV,inchikey_from_pubchem_cid,,false,false,false,false,false,false,,,,,-8.653099,,linear_2fold_v1,calibrated_estimate
SNRUBQQJIBEYMU-UHFFFAOYSA-N,8182,20160829,000008182.B3LYP@PM6.S0,C12H26,170.334840,0,1,molssiai-hub/pubchemqc-b3lyp,B3LYP/6-31G*//PM6 (gas phase),CC BY 4.0,10.1021/acs.jcim.3c00899,-7.504900,2.419092,9.923992,-7.504900,2.419092,0.000074,dataset_level_eV,inchikey_match_target,key_registry;targeted_harvest;viscosity_roster;viscosity_roster_sample,true,false,false,true,true,false,,,,,-10.439762,,linear_2fold_v1,calibrated_estimate
SOXXPQLIZIPMIZ-UHFFFAOYSA-N,419,20160829,000000419.B3LYP@PM6.S0,C6H6O5,158.108840,0,1,molssiai-hub/pubchemqc-b3lyp,B3LYP/6-31G*//PM6 (gas phase),CC BY 4.0,10.1021/acs.jcim.3c00899,-7.556602,-2.291199,5.265403,-7.556602,-2.291199,4.878889,dataset_level_eV,inchikey_from_pubchem_cid,,false,false,false,false,false,false,,,,,-10.492149,,linear_2fold_v1,calibrated_estimate
SOYOWSWLLUMDSN-UHFFFAOYSA-N,395,20160829,000000395.B3LYP@PM6.S0,C43H58N8O6S2,847.100620,0,1,molssiai-hub/pubchemqc-b3lyp,B3LYP/6-31G*//PM6 (gas phase),CC BY 4.0,10.1021/acs.jcim.3c00899,-4.742944,-1.823163,2.919782,-4.742944,-1.823163,8.978320,dataset_level_eV,inchikey_from_pubchem_cid,,false,false,false,false,false,false,,,,,-7.641208,,linear_2fold_v1,calibrated_estimate
SPEUIVXLLWOEMJ-UHFFFAOYSA-N,10795,20160829,000010795.B3LYP@PM6.S0,C4H10O2,90.121000,0,1,molssiai-hub/pubchemqc-b3lyp,B3LYP/6-31G*//PM6 (gas phase),CC BY 4.0,10.1021/acs.jcim.3c00899,-6.952509,2.522495,9.475004,-6.952509,2.522495,0.275265,dataset_level_eV,inchikey_match_target,batt_orbit_pool;epsilon_roster;key_registry;targeted_harvest,true,true,true,false,false,false,-9.858200,1.756200,-2.905691,-0.766295,,,,paired_anchor
SPVXKVOXSXTJOY-UHFFFAOYSA-N,533,20160829,000000533.B3LYP@PM6.S0,H2Se,80.975880,0,1,molssiai-hub/pubchemqc-b3lyp,B3LYP/6-31G*//PM6 (gas phase),CC BY 4.0,10.1021/acs.jcim.3c00899,-6.718491,0.035375,6.753866,-6.718491,0.035375,1.009878,dataset_level_eV,inchikey_from_pubchem_cid,,false,false,false,false,false,false,,,,,-9.642932,,linear_2fold_v1,calibrated_estimate
SQDFRPSZAQYREW-UHFFFAOYSA-N,24,20160829,000000024.B3LYP@PM6.S0,C9H17N5O8,323.259980,0,1,molssiai-hub/pubchemqc-b3lyp,B3LYP/6-31G*//PM6 (gas phase),CC BY 4.0,10.1021/acs.jcim.3c00899,-5.858611,-0.538785,5.319826,-5.858611,-0.538785,4.919337,dataset_level_eV,inchikey_from_pubchem_cid,,false,false,false,false,false,false,,,,,-8.771658,,linear_2fold_v1,calibrated_estimate
SQYNKIJPMDEDEG-UHFFFAOYSA-N,31264,20160829,000031264.B3LYP@PM6.S0,C6H12O3,132.157680,0,1,molssiai-hub/pubchemqc-b3lyp,B3LYP/6-31G*//PM6 (gas phase),CC BY 4.0,10.1021/acs.jcim.3c00899,-7.080402,2.111603,9.192006,-7.080402,2.111603,1.711028,dataset_level_eV,inchikey_match_target,epsilon_roster;key_registry;targeted_harvest;viscosity_roster;viscosity_roster_sample,true,false,true,true,true,false,,,,,-10.009639,,linear_2fold_v1,calibrated_estimate
SRBFZHDQGSBBOR-UHFFFAOYSA-N,229,20160829,000000229.B3LYP@PM6.S0,C5H10O5,150.129900,0,1,molssiai-hub/pubchemqc-b3lyp,B3LYP/6-31G*//PM6 (gas phase),CC BY 4.0,10.1021/acs.jcim.3c00899,-6.968836,1.306146,8.274982,-6.968836,1.306146,1.415935,dataset_level_eV,inchikey_from_pubchem_cid,,false,false,false,false,false,false,,,,,-9.896595,,linear_2fold_v1,calibrated_estimate
SRBIKUAVFZRKSG-UHFFFAOYSA-N,353,20160829,000000353.B3LYP@PM6.S0,C25H36N8O12,640.599740,0,1,molssiai-hub/pubchemqc-b3lyp,B3LYP/6-31G*//PM6 (gas phase),CC BY 4.0,10.1021/acs.jcim.3c00899,-4.647705,-1.172811,3.474894,-4.647705,-1.172811,12.278484,dataset_level_eV,inchikey_from_pubchem_cid,,false,false,false,false,false,false,,,,,-7.544707,,linear_2fold_v1,calibrated_estimate
SRNWOUGRCWSEMX-UHFFFAOYSA-N,192,20160829,000000192.B3LYP@PM6.S0,C15H23N5O14P2,559.315742,0,1,molssiai-hub/pubchemqc-b3lyp,B3LYP/6-31G*//PM6 (gas phase),CC BY 4.0,10.1021/acs.jcim.3c00899,-6.187869,-0.993216,5.194653,-6.187869,-0.993216,5.656685,dataset_level_eV,inchikey_from_pubchem_cid,,false,false,false,false,false,false,,,,,-9.105279,,linear_2fold_v1,calibrated_estimate
STSCVKRWJPWALQ-UHFFFAOYSA-N,9794,20160829,000009794.B3LYP@PM6.S0,C4H5F3O2,142.076510,0,1,molssiai-hub/pubchemqc-b3lyp,B3LYP/6-31G*//PM6 (gas phase),CC BY 4.0,10.1021/acs.jcim.3c00899,-8.304915,-0.963283,7.341632,-8.304915,-0.963283,3.160725,dataset_level_eV,inchikey_match_target,batt_orbit_pool;key_registry;targeted_harvest;viscosity_roster;viscosity_roster_sample,true,true,false,true,true,false,-11.436000,1.525700,-3.131085,2.488983,,,,paired_anchor
STWFZICHPLEOIC-UHFFFAOYSA-N,15713,20160829,000015713.B3LYP@PM6.S0,C16H32,224.425280,0,1,molssiai-hub/pubchemqc-b3lyp,B3LYP/6-31G*//PM6 (gas phase),CC BY 4.0,10.1021/acs.jcim.3c00899,-7.630072,2.136094,9.766166,-7.630072,2.136094,0.014744,dataset_level_eV,inchikey_match_target,key_registry;targeted_harvest;viscosity_roster;viscosity_roster_sample,true,false,false,true,true,false,,,,,-10.566593,,linear_2fold_v1,calibrated_estimate
STZOZPPVGWNSMC-UHFFFAOYSA-N,438,20160829,000000438.B3LYP@PM6.S0,C9H11NO3,181.188540,0,1,molssiai-hub/pubchemqc-b3lyp,B3LYP/6-31G*//PM6 (gas phase),CC BY 4.0,10.1021/acs.jcim.3c00899,-7.121219,-1.050359,6.070860,-7.121219,-1.050359,5.628364,dataset_level_eV,inchikey_from_pubchem_cid,,false,false,false,false,false,false,,,,,-10.050997,,linear_2fold_v1,calibrated_estimate
SUYVUBYJARFZHO-UHFFFAOYSA-N,622,20160829,000000622.B3LYP@PM6.S0,C10H16N5O12P3,491.181623,0,1,molssiai-hub/pubchemqc-b3lyp,B3LYP/6-31G*//PM6 (gas phase),CC BY 4.0,10.1021/acs.jcim.3c00899,-6.005553,-0.808178,5.197375,-6.005553,-0.808178,3.272238,dataset_level_eV,inchikey_from_pubchem_cid,,false,false,false,false,false,false,,,,,-8.920547,,linear_2fold_v1,calibrated_estimate
SVONRAPFKPVNKG-UHFFFAOYSA-N,8095,20160829,000008095.B3LYP@PM6.S0,C6H12O3,132.157680,0,1,molssiai-hub/pubchemqc-b3lyp,B3LYP/6-31G*//PM6 (gas phase),CC BY 4.0,10.1021/acs.jcim.3c00899,-6.868154,0.217691,7.085845,-6.868154,0.217691,1.228057,dataset_level_eV,inchikey_match_target,batt_orbit_pool;epsilon_roster;key_registry;targeted_harvest,true,true,true,false,false,false,-9.856000,1.597600,-2.987846,1.379909,,,,paired_anchor
SVTBMSDMJJWYQN-UHFFFAOYSA-N,7870,20160829,000007870.B3LYP@PM6.S0,C6H14O2,118.174160,0,1,molssiai-hub/pubchemqc-b3lyp,B3LYP/6-31G*//PM6 (gas phase),CC BY 4.0,10.1021/acs.jcim.3c00899,-6.557944,1.733365,8.291309,-6.557944,1.733365,2.205794,dataset_level_eV,inchikey_match_target,epsilon_roster;key_registry;targeted_harvest,true,false,true,false,false,false,,,,,-9.480258,,linear_2fold_v1,calibrated_estimate
SWQJXJOGLNCZEY-UHFFFAOYSA-N,23987,20160829,000023987.B3LYP@PM6.S0,He,4.002602,0,1,molssiai-hub/pubchemqc-b3lyp,B3LYP/6-31G*//PM6 (gas phase),CC BY 4.0,10.1021/acs.jcim.3c00899,-17.681958,30.471309,48.153267,-17.681958,30.471309,0.000000,dataset_level_eV,inchikey_match_target,key_registry;targeted_harvest;viscosity_roster;viscosity_roster_sample,true,false,false,true,true,false,,,,,-20.751674,,linear_2fold_v1,calibrated_estimate
SWXVUIWOUIDPGS-UHFFFAOYSA-N,31256,20160829,000031256.B3LYP@PM6.S0,C6H12O2,116.158280,0,1,molssiai-hub/pubchemqc-b3lyp,B3LYP/6-31G*//PM6 (gas phase),CC BY 4.0,10.1021/acs.jcim.3c00899,-6.721212,-0.726544,5.994668,-6.721212,-0.726544,3.304768,dataset_level_eV,inchikey_match_target,epsilon_roster;key_registry;targeted_harvest;viscosity_roster,true,false,true,true,false,false,,,,,-9.645689,,linear_2fold_v1,calibrated_estimate
SXDXRJZUAJBNFL-UHFFFAOYSA-N,672,20160829,000000672.B3LYP@PM6.S0,C13H18N4O6,326.305220,0,1,molssiai-hub/pubchemqc-b3lyp,B3LYP/6-31G*//PM6 (gas phase),CC BY 4.0,10.1021/acs.jcim.3c00899,-6.054533,-2.571476,3.483057,-6.054533,-2.571476,8.903236,dataset_level_eV,inchikey_from_pubchem_cid,,false,false,false,false,false,false,,,,,-8.970176,,linear_2fold_v1,calibrated_estimate
SXFSQZDSUWACKX-UHFFFAOYSA-N,473,20160829,000000473.B3LYP@PM6.S0,C5H8O3S,148.180220,0,1,molssiai-hub/pubchemqc-b3lyp,B3LYP/6-31G*//PM6 (gas phase),CC BY 4.0,10.1021/acs.jcim.3c00899,-6.253176,-2.427256,3.825921,-6.253176,-2.427256,3.708410,dataset_level_eV,inchikey_from_pubchem_cid,,false,false,false,false,false,false,,,,,-9.171452,,linear_2fold_v1,calibrated_estimate
SXHMVNXROAUURW-UHFFFAOYSA-N,343,20160829,000000343.B3LYP@PM6.S0,C6H11O8P,242.120501,0,1,molssiai-hub/pubchemqc-b3lyp,B3LYP/6-31G*//PM6 (gas phase),CC BY 4.0,10.1021/acs.jcim.3c00899,-7.496737,0.144220,7.640957,-7.496737,0.144220,3.005513,dataset_level_eV,inchikey_from_pubchem_cid,,false,false,false,false,false,false,,,,,-10.431491,,linear_2fold_v1,calibrated_estimate
SXZYCXMUPBBULW-UHFFFAOYSA-N,608,20160829,000000608.B3LYP@PM6.S0,C6H10O6,178.140000,0,1,molssiai-hub/pubchemqc-b3lyp,B3LYP/6-31G*//PM6 (gas phase),CC BY 4.0,10.1021/acs.jcim.3c00899,-6.775635,-0.593208,6.182427,-6.775635,-0.593208,4.352188,dataset_level_eV,inchikey_from_pubchem_cid,,false,false,false,false,false,false,,,,,-9.700834,,linear_2fold_v1,calibrated_estimate
SYBWFVYQKOQJDX-UHFFFAOYSA-N,319,20160829,000000319.B3LYP@PM6.S0,C48H75N11O8,934.178000,0,1,molssiai-hub/pubchemqc-b3lyp,B3LYP/6-31G*//PM6 (gas phase),CC BY 4.0,10.1021/acs.jcim.3c00899,-5.692622,-0.976889,4.715733,-5.692622,-0.976889,11.007598,dataset_level_eV,inchikey_from_pubchem_cid,,false,false,false,false,false,false,,,,,-8.603470,,linear_2fold_v1,calibrated_estimate
SZIFAVKTNFCBPC-UHFFFAOYSA-N,34,20160829,000000034.B3LYP@PM6.S0,C2H5ClO,80.513500,0,1,molssiai-hub/pubchemqc-b3lyp,B3LYP/6-31G*//PM6 (gas phase),CC BY 4.0,10.1021/acs.jcim.3c00899,-7.469525,0.691169,8.160694,-7.469525,0.691169,1.327141,dataset_level_eV,inchikey_match_target,key_registry;targeted_harvest;viscosity_roster;viscosity_roster_sample,true,false,false,true,true,false,,,,,-10.403918,,linear_2fold_v1,calibrated_estimate
SZKKNEOUHLFYNA-UHFFFAOYSA-N,16722,20160829,000016722.B3LYP@PM6.S0,C11H21N,167.291140,0,1,molssiai-hub/pubchemqc-b3lyp,B3LYP/6-31G*//PM6 (gas phase),CC BY 4.0,10.1021/acs.jcim.3c00899,-7.926676,1.053081,8.979757,-7.926676,1.053081,4.284792,dataset_level_eV,inchikey_match_target,epsilon_roster;key_registry;targeted_harvest,true,false,true,false,false,false,,,,,-10.867127,,linear_2fold_v1,calibrated_estimate
TUHVEAJXIMEOSA-UHFFFAOYSA-N,500,20160829,000000500.B3LYP@PM6.S0,C5H11N3O2,145.159740,0,1,molssiai-hub/pubchemqc-b3lyp,B3LYP/6-31G*//PM6 (gas phase),CC BY 4.0,10.1021/acs.jcim.3c00899,-6.299436,0.408171,6.707606,-6.299436,0.408171,6.739191,dataset_level_eV,inchikey_from_pubchem_cid,,false,false,false,false,false,false,,,,,-9.218325,,linear_2fold_v1,calibrated_estimate
TVMXDCGIABBOFY-UHFFFAOYSA-N,356,20160829,000000356.B3LYP@PM6.S0,C8H18,114.228520,0,1,molssiai-hub/pubchemqc-b3lyp,B3LYP/6-31G*//PM6 (gas phase),CC BY 4.0,10.1021/acs.jcim.3c00899,-7.804225,2.462630,10.266856,-7.804225,2.462630,0.000075,dataset_level_eV,inchikey_match_target,epsilon_roster;key_registry;targeted_harvest;viscosity_roster;viscosity_roster_sample,true,false,true,true,true,false,,,,,-10.743053,,linear_2fold_v1,calibrated_estimate
TXCDCPKCNAJMEE-UHFFFAOYSA-N,568,20160829,000000568.B3LYP@PM6.S0,C12H8O,168.191320,0,1,molssiai-hub/pubchemqc-b3lyp,B3LYP/6-31G*//PM6 (gas phase),CC BY 4.0,10.1021/acs.jcim.3c00899,-6.002832,-0.957841,5.044991,-6.002832,-0.957841,0.839040,dataset_level_eV,inchikey_from_pubchem_cid,,false,false,false,false,false,false,,,,,-8.917790,,linear_2fold_v1,calibrated_estimate
TXCIAUNLDRJGJZ-UHFFFAOYSA-N,316,20160829,000000316.B3LYP@PM6.S0,C20H31N4O16P,614.451101,0,1,molssiai-hub/pubchemqc-b3lyp,B3LYP/6-31G*//PM6 (gas phase),CC BY 4.0,10.1021/acs.jcim.3c00899,-6.277667,-1.167368,5.110298,-6.277667,-1.167368,3.522159,dataset_level_eV,inchikey_from_pubchem_cid,,false,false,false,false,false,false,,,,,-9.196267,,linear_2fold_v1,calibrated_estimate
TXKJNHBRVLCYFX-UHFFFAOYSA-N,375,20160829,000000375.B3LYP@PM6.S0,C55H90O,767.302500,0,1,molssiai-hub/pubchemqc-b3lyp,B3LYP/6-31G*//PM6 (gas phase),CC BY 4.0,10.1021/acs.jcim.3c00899,-5.708949,0.312931,6.021880,-5.708949,0.312931,3.976506,dataset_level_eV,inchikey_from_pubchem_cid,,false,false,false,false,false,false,,,,,-8.620013,,linear_2fold_v1,calibrated_estimate
TXXHDPDFNKHHGW-UHFFFAOYSA-N,310,20160829,000000310.B3LYP@PM6.S0,C6H6O4,142.109440,0,1,molssiai-hub/pubchemqc-b3lyp,B3LYP/6-31G*//PM6 (gas phase),CC BY 4.0,10.1021/acs.jcim.3c00899,-7.518506,-2.884407,4.634099,-7.518506,-2.884407,0.000911,dataset_level_eV,inchikey_from_pubchem_cid,,false,false,false,false,false,false,,,,,-10.453548,,linear_2fold_v1,calibrated_estimate
TYCMRLLIYCRSPF-UHFFFAOYSA-N,360,20160829,000000360.B3LYP@PM6.S0,C18H35O9P,426.438861,0,1,molssiai-hub/pubchemqc-b3lyp,B3LYP/6-31G*//PM6 (gas phase),CC BY 4.0,10.1021/acs.jcim.3c00899,-6.168821,0.816342,6.985163,-6.168821,0.816342,4.153617,dataset_level_eV,inchikey_from_pubchem_cid,,false,false,false,false,false,false,,,,,-9.085979,,linear_2fold_v1,calibrated_estimate
TYEYBOSBBBHJIV-UHFFFAOYSA-N,58,20160829,000000058.B3LYP@PM6.S0,C4H6O3,102.088640,0,1,molssiai-hub/pubchemqc-b3lyp,B3LYP/6-31G*//PM6 (gas phase),CC BY 4.0,10.1021/acs.jcim.3c00899,-7.251834,-2.310247,4.941588,-7.251834,-2.310247,2.663441,dataset_level_eV,inchikey_from_pubchem_cid,,false,false,false,false,false,false,,,,,-10.183343,,linear_2fold_v1,calibrated_estimate
TZIHFWKZFHZASV-UHFFFAOYSA-N,7865,20160829,000007865.B3LYP@PM6.S0,C2H4O2,60.051960,0,1,molssiai-hub/pubchemqc-b3lyp,B3LYP/6-31G*//PM6 (gas phase),CC BY 4.0,10.1021/acs.jcim.3c00899,-7.749802,0.038096,7.787898,-7.749802,0.038096,1.703404,dataset_level_eV,inchikey_match_target,batt_orbit_pool;key_registry;targeted_harvest;viscosity_roster;viscosity_roster_sample,true,true,false,true,true,false,-10.852800,1.609700,-3.102998,1.571604,,,,paired_anchor
UADWUILHKRXHMM-UHFFFAOYSA-N,94310,20160829,000094310.B3LYP@PM6.S0,C15H22O2,234.333980,0,1,molssiai-hub/pubchemqc-b3lyp,B3LYP/6-31G*//PM6 (gas phase),CC BY 4.0,10.1021/acs.jcim.3c00899,-7.012374,-1.221791,5.790583,-7.012374,-1.221791,1.804315,dataset_level_eV,inchikey_match_target,key_registry;targeted_harvest;viscosity_roster;viscosity_roster_sample,true,false,false,true,true,false,,,,,-9.940710,,linear_2fold_v1,calibrated_estimate
UAEPNZWRGJTJPN-UHFFFAOYSA-N,7962,20160829,000007962.B3LYP@PM6.S0,C7H14,98.186060,0,1,molssiai-hub/pubchemqc-b3lyp,B3LYP/6-31G*//PM6 (gas phase),CC BY 4.0,10.1021/acs.jcim.3c00899,-7.823273,2.127930,9.951204,-7.823273,2.127930,0.020249,dataset_level_eV,inchikey_match_target,epsilon_roster;key_registry;targeted_harvest;viscosity_roster,true,false,true,true,false,false,,,,,-10.762354,,linear_2fold_v1,calibrated_estimate
UCMIRNVEIXFBKS-UHFFFAOYSA-N,239,20160829,000000239.B3LYP@PM6.S0,C3H7NO2,89.093180,0,1,molssiai-hub/pubchemqc-b3lyp,B3LYP/6-31G*//PM6 (gas phase),CC BY 4.0,10.1021/acs.jcim.3c00899,-6.522569,0.214970,6.737539,-6.522569,0.214970,3.713175,dataset_level_eV,inchikey_from_pubchem_cid,,false,false,false,false,false,false,,,,,-9.444414,,linear_2fold_v1,calibrated_estimate
UCQFCFPECQILOL-UHFFFAOYSA-N,654,20160829,000000654.B3LYP@PM6.S0,C4H11O4P,154.101501,0,1,molssiai-hub/pubchemqc-b3lyp,B3LYP/6-31G*//PM6 (gas phase),CC BY 4.0,10.1021/acs.jcim.3c00899,-7.847763,0.906139,8.753903,-7.847763,0.906139,2.715133,dataset_level_eV,inchikey_from_pubchem_cid,,false,false,false,false,false,false,,,,,-10.787168,,linear_2fold_v1,calibrated_estimate
UCTLRSWJYQTBFZ-UHFFFAOYSA-N,172,20160829,000000172.B3LYP@PM6.S0,C27H44O,384.637660,0,1,molssiai-hub/pubchemqc-b3lyp,B3LYP/6-31G*//PM6 (gas phase),CC BY 4.0,10.1021/acs.jcim.3c00899,-5.113019,-0.307489,4.805531,-5.113019,-0.307489,2.035511,dataset_level_eV,inchikey_from_pubchem_cid,,false,false,false,false,false,false,,,,,-8.016187,,linear_2fold_v1,calibrated_estimate
UCYNJPYWOSFBAT-UHFFFAOYSA-N,560,20160829,000000560.B3LYP@PM6.S0,C6H10O6,178.140000,0,1,molssiai-hub/pubchemqc-b3lyp,B3LYP/6-31G*//PM6 (gas phase),CC BY 4.0,10.1021/acs.jcim.3c00899,-6.895365,-1.265329,5.630036,-6.895365,-1.265329,3.581688,dataset_level_eV,inchikey_from_pubchem_cid,,false,false,false,false,false,false,,,,,-9.822150,,linear_2fold_v1,calibrated_estimate
UDMBCSSLTHHNCD-UHFFFAOYSA-N,224,20160829,000000224.B3LYP@PM6.S0,C10H14N5O7P,347.221221,0,1,molssiai-hub/pubchemqc-b3lyp,B3LYP/6-31G*//PM6 (gas phase),CC BY 4.0,10.1021/acs.jcim.3c00899,-6.187869,-0.998658,5.189211,-6.187869,-0.998658,3.772312,dataset_level_eV,inchikey_from_pubchem_cid,,false,false,false,false,false,false,,,,,-9.105279,,linear_2fold_v1,calibrated_estimate
UEEJHVSXFDXPFK-UHFFFAOYSA-N,7902,20160829,000007902.B3LYP@PM6.S0,C4H11NO,89.136240,0,1,molssiai-hub/pubchemqc-b3lyp,B3LYP/6-31G*//PM6 (gas phase),CC BY 4.0,10.1021/acs.jcim.3c00899,-6.114398,2.146978,8.261377,-6.114398,2.146978,2.426946,dataset_level_eV,inchikey_match_target,epsilon_roster;key_registry;targeted_harvest;viscosity_roster,true,false,true,true,false,false,,,,,-9.030835,,linear_2fold_v1,calibrated_estimate
UEHUZQKLOWYOMO-UHFFFAOYSA-N,167925,20160829,000167925.B3LYP@PM6.S0,C6H15NO2,133.188800,0,1,molssiai-hub/pubchemqc-b3lyp,B3LYP/6-31G*//PM6 (gas phase),CC BY 4.0,10.1021/acs.jcim.3c00899,-5.110298,-0.307489,4.802809,-5.110298,-0.307489,6.212533,dataset_level_eV,inchikey_match_target,key_registry;targeted_harvest;viscosity_roster;viscosity_roster_sample,true,false,false,true,true,false,,,,,-8.013430,,linear_2fold_v1,calibrated_estimate
UFIVEPVSAGBUSI-UHFFFAOYSA-N,648,20160829,000000648.B3LYP@PM6.S0,C5H6N2O4,158.112140,0,1,molssiai-hub/pubchemqc-b3lyp,B3LYP/6-31G*//PM6 (gas phase),CC BY 4.0,10.1021/acs.jcim.3c00899,-7.684495,-1.039475,6.645020,-7.684495,-1.039475,1.112056,dataset_level_eV,inchikey_from_pubchem_cid,,false,false,false,false,false,false,,,,,-10.621737,,linear_2fold_v1,calibrated_estimate
UFJPAQSLHAGEBL-UHFFFAOYSA-N,678,20160829,000000678.B3LYP@PM6.S0,C10H15N4O13P3,492.166383,0,1,molssiai-hub/pubchemqc-b3lyp,B3LYP/6-31G*//PM6 (gas phase),CC BY 4.0,10.1021/acs.jcim.3c00899,-5.831400,-1.197301,4.634099,-5.831400,-1.197301,12.052499,dataset_level_eV,inchikey_from_pubchem_cid,,false,false,false,false,false,false,,,,,-8.744087,,linear_2fold_v1,calibrated_estimate
UGFAIRIUMAVXCW-UHFFFAOYSA-N,281,20160829,000000281.B3LYP@PM6.S0,CO,28.010100,0,1,molssiai-hub/pubchemqc-b3lyp,B3LYP/6-31G*//PM6 (gas phase),CC BY 4.0,10.1021/acs.jcim.3c00899,-10.111751,-0.609535,9.502216,-10.111751,-0.609535,0.054290,dataset_level_eV,inchikey_from_pubchem_cid,key_registry;viscosity_roster,true,false,false,true,false,false,,,,,-13.081156,,linear_2fold_v1,calibrated_estimate
UHDGCWIWMRVCDJ-UHFFFAOYSA-N,596,20160829,000000596.B3LYP@PM6.S0,C9H13N3O5,243.216620,0,1,molssiai-hub/pubchemqc-b3lyp,B3LYP/6-31G*//PM6 (gas phase),CC BY 4.0,10.1021/acs.jcim.3c00899,-6.253176,-1.145599,5.107577,-6.253176,-1.145599,4.957096,dataset_level_eV,inchikey_from_pubchem_cid,,false,false,false,false,false,false,,,,,-9.171452,,linear_2fold_v1,calibrated_estimate
UHOGSWLXHHRSFG-UHFFFAOYSA-N,139804,20160829,000139804.B3LYP@PM6.S0,C7H15NOS,161.265100,0,1,molssiai-hub/pubchemqc-b3lyp,B3LYP/6-31G*//PM6 (gas phase),CC BY 4.0,10.1021/acs.jcim.3c00899,-5.809631,0.318373,6.128004,-5.809631,0.318373,2.534757,dataset_level_eV,inchikey_match_target,batt_calibration_sample;batt_orbit_pool;key_registry;targeted_harvest,true,true,false,false,false,true,-8.740400,1.403100,-2.930769,1.084727,,,,paired_anchor
UHOVQNZJYSORNB-UHFFFAOYSA-N,241,20160829,000000241.B3LYP@PM6.S0,C6H6,78.111840,0,1,molssiai-hub/pubchemqc-b3lyp,B3LYP/6-31G*//PM6 (gas phase),CC BY 4.0,10.1021/acs.jcim.3c00899,-6.696722,0.084355,6.781077,-6.696722,0.084355,0.000008,dataset_level_eV,inchikey_match_target,epsilon_roster;key_registry;targeted_harvest;viscosity_roster;viscosity_roster_sample,true,false,true,true,true,false,,,,,-9.620875,,linear_2fold_v1,calibrated_estimate
UIKROCXWUNQSPJ-UHFFFAOYSA-N,408,20160829,000000408.B3LYP@PM6.S0,C10H12N2O,176.215080,0,1,molssiai-hub/pubchemqc-b3lyp,B3LYP/6-31G*//PM6 (gas phase),CC BY 4.0,10.1021/acs.jcim.3c00899,-6.525290,-0.963283,5.562007,-6.525290,-0.963283,1.731392,dataset_level_eV,inchikey_from_pubchem_cid,,false,false,false,false,false,false,,,,,-9.447171,,linear_2fold_v1,calibrated_estimate
UJBOOUHRTQVGRU-UHFFFAOYSA-N,11567,20160829,000011567.B3LYP@PM6.S0,C7H12O,112.169580,0,1,molssiai-hub/pubchemqc-b3lyp,B3LYP/6-31G*//PM6 (gas phase),CC BY 4.0,10.1021/acs.jcim.3c00899,-6.353858,-0.323815,6.030043,-6.353858,-0.323815,2.997222,dataset_level_eV,inchikey_match_target,batt_orbit_pool;epsilon_roster;key_registry;targeted_harvest,true,true,true,false,false,false,-9.352300,1.653600,-2.998442,1.977415,,,,paired_anchor
ULPVJDOMCRTJSN-UHFFFAOYSA-N,514,20160829,000000514.B3LYP@PM6.S0,C17H18N5O10P,483.326081,0,1,molssiai-hub/pubchemqc-b3lyp,B3LYP/6-31G*//PM6 (gas phase),CC BY 4.0,10.1021/acs.jcim.3c00899,-6.002832,-2.108882,3.893949,-6.002832,-2.108882,4.362464,dataset_level_eV,inchikey_from_pubchem_cid,,false,false,false,false,false,false,,,,,-8.917790,,linear_2fold_v1,calibrated_estimate
UMOXFSXIFQOWTD-UHFFFAOYSA-N,463,20160829,000000463.B3LYP@PM6.S0,C10H18N4O5,274.273720,0,1,molssiai-hub/pubchemqc-b3lyp,B3LYP/6-31G*//PM6 (gas phase),CC BY 4.0,10.1021/acs.jcim.3c00899,-5.747045,-0.761919,4.985126,-5.747045,-0.761919,6.017193,dataset_level_eV,inchikey_from_pubchem_cid,,false,false,false,false,false,false,,,,,-8.658614,,linear_2fold_v1,calibrated_estimate
UODZHRGDSPLRMD-UHFFFAOYSA-N,368,20160829,000000368.B3LYP@PM6.S0,C8H21N3,159.272440,0,1,molssiai-hub/pubchemqc-b3lyp,B3LYP/6-31G*//PM6 (gas phase),CC BY 4.0,10.1021/acs.jcim.3c00899,-5.891265,2.299362,8.190627,-5.891265,2.299362,3.129312,dataset_level_eV,inchikey_from_pubchem_cid,,false,false,false,false,false,false,,,,,-8.804745,,linear_2fold_v1,calibrated_estimate
UPCXAARSWVHVLY-UHFFFAOYSA-N,159752,20160829,000159752.B3LYP@PM6.S0,C8H19NO5,209.240160,0,1,molssiai-hub/pubchemqc-b3lyp,B3LYP/6-31G*//PM6 (gas phase),CC BY 4.0,10.1021/acs.jcim.3c00899,-6.130725,0.089798,6.220523,-6.130725,0.089798,1.788889,dataset_level_eV,inchikey_match_target,epsilon_roster;key_registry;targeted_harvest;viscosity_roster;viscosity_roster_sample,true,false,true,true,true,false,,,,,-9.047378,,linear_2fold_v1,calibrated_estimate
URJZIQLTPCJVMW-UHFFFAOYSA-N,141,20160829,000000141.B3LYP@PM6.S0,C14H20N2O16P2,534.259922,0,1,molssiai-hub/pubchemqc-b3lyp,B3LYP/6-31G*//PM6 (gas phase),CC BY 4.0,10.1021/acs.jcim.3c00899,-6.944345,-1.782346,5.162000,-6.944345,-1.782346,3.590312,dataset_level_eV,inchikey_from_pubchem_cid,,false,false,false,false,false,false,,,,,-9.871779,,linear_2fold_v1,calibrated_estimate
USBNIYMZDQVDSO-UHFFFAOYSA-N,569,20160829,000000569.B3LYP@PM6.S0,C12H10O3,202.206000,0,1,molssiai-hub/pubchemqc-b3lyp,B3LYP/6-31G*//PM6 (gas phase),CC BY 4.0,10.1021/acs.jcim.3c00899,-5.379691,-0.582324,4.797367,-5.379691,-0.582324,4.357585,dataset_level_eV,inchikey_from_pubchem_cid,,false,false,false,false,false,false,,,,,-8.286392,,linear_2fold_v1,calibrated_estimate
UTIBHEBNILDQKX-UHFFFAOYSA-N,100,20160829,000000100.B3LYP@PM6.S0,C47H70O3,683.056900,0,1,molssiai-hub/pubchemqc-b3lyp,B3LYP/6-31G*//PM6 (gas phase),CC BY 4.0,10.1021/acs.jcim.3c00899,-5.910313,-0.685727,5.224586,-5.910313,-0.685727,7.871823,dataset_level_eV,inchikey_from_pubchem_cid,,false,false,false,false,false,false,,,,,-8.824045,,linear_2fold_v1,calibrated_estimate
UTKDOUCGQVLJIN-UHFFFAOYSA-N,429,20160829,000000429.B3LYP@PM6.S0,C17H22N4O6,378.379780,0,1,molssiai-hub/pubchemqc-b3lyp,B3LYP/6-31G*//PM6 (gas phase),CC BY 4.0,10.1021/acs.jcim.3c00899,-5.733439,-1.834047,3.899391,-5.733439,-1.834047,5.176527,dataset_level_eV,inchikey_from_pubchem_cid,,false,false,false,false,false,false,,,,,-8.644828,,linear_2fold_v1,calibrated_estimate
UTKFFKGIGIRCRY-UHFFFAOYSA-N,166,20160829,000000166.B3LYP@PM6.S0,C9H13N5O3,239.231220,0,1,molssiai-hub/pubchemqc-b3lyp,B3LYP/6-31G*//PM6 (gas phase),CC BY 4.0,10.1021/acs.jcim.3c00899,-5.877659,-1.836768,4.040891,-5.877659,-1.836768,4.063618,dataset_level_eV,inchikey_from_pubchem_cid,,false,false,false,false,false,false,,,,,-8.790959,,linear_2fold_v1,calibrated_estimate
UUIQMZJEGPQKFD-UHFFFAOYSA-N,12180,20160829,000012180.B3LYP@PM6.S0,C5H10O2,102.131700,0,1,molssiai-hub/pubchemqc-b3lyp,B3LYP/6-31G*//PM6 (gas phase),CC BY 4.0,10.1021/acs.jcim.3c00899,-7.355237,0.340142,7.695380,-7.355237,0.340142,1.540560,dataset_level_eV,inchikey_match_target,batt_orbit_pool;epsilon_roster;key_registry;targeted_harvest,true,true,true,false,false,false,-10.448800,1.624800,-3.093563,1.284658,,,,paired_anchor
UWBHMRBRLOJJAA-UHFFFAOYSA-N,456,20160829,000000456.B3LYP@PM6.S0,C3H4N2O4,132.074860,0,1,molssiai-hub/pubchemqc-b3lyp,B3LYP/6-31G*//PM6 (gas phase),CC BY 4.0,10.1021/acs.jcim.3c00899,-7.728033,-2.283035,5.444998,-7.728033,-2.283035,3.597863,dataset_level_eV,inchikey_from_pubchem_cid,,false,false,false,false,false,false,,,,,-10.665852,,linear_2fold_v1,calibrated_estimate
UWHCKJMYHZGTIT-UHFFFAOYSA-N,8200,20160829,000008200.B3LYP@PM6.S0,C8H18O5,194.225520,0,1,molssiai-hub/pubchemqc-b3lyp,B3LYP/6-31G*//PM6 (gas phase),CC BY 4.0,10.1021/acs.jcim.3c00899,-6.895365,1.733365,8.628730,-6.895365,1.733365,0.343604,dataset_level_eV,inchikey_match_target,epsilon_roster;key_registry;targeted_harvest;viscosity_roster,true,false,true,true,false,false,,,,,-9.822150,,linear_2fold_v1,calibrated_estimate
UWOCFOFVIBZJGH-UHFFFAOYSA-N,17,20160829,000000017.B3LYP@PM6.S0,C7H7NO4,169.134780,0,1,molssiai-hub/pubchemqc-b3lyp,B3LYP/6-31G*//PM6 (gas phase),CC BY 4.0,10.1021/acs.jcim.3c00899,-7.336189,-2.653110,4.683079,-7.336189,-2.653110,3.839695,verified_eV_audited,inchikey_from_pubchem_cid,,false,false,false,false,false,false,,,,,-10.268815,,linear_2fold_v1,calibrated_estimate
UZKWTJUDCOPSNM-UHFFFAOYSA-N,8108,20160829,000008108.B3LYP@PM6.S0,C6H12O,100.158880,0,1,molssiai-hub/pubchemqc-b3lyp,B3LYP/6-31G*//PM6 (gas phase),CC BY 4.0,10.1021/acs.jcim.3c00899,-5.776977,1.055802,6.832779,-5.776977,1.055802,1.748255,dataset_level_eV,inchikey_match_target,key_registry;targeted_harvest;viscosity_roster;viscosity_roster_sample,true,false,false,true,true,false,,,,,-8.688943,,linear_2fold_v1,calibrated_estimate
UZVGLSZJXWVSGT-UHFFFAOYSA-N,534,20160829,000000534.B3LYP@PM6.S0,C44H56N4O16,896.932640,0,1,molssiai-hub/pubchemqc-b3lyp,B3LYP/6-31G*//PM6 (gas phase),CC BY 4.0,10.1021/acs.jcim.3c00899,-5.776977,-1.746971,4.030006,-5.776977,-1.746971,16.079467,dataset_level_eV,inchikey_from_pubchem_cid,,false,false,false,false,false,false,,,,,-8.688943,,linear_2fold_v1,calibrated_estimate
VAYTZRYEBVHVLE-UHFFFAOYSA-N,13385,20160829,000013385.B3LYP@PM6.S0,C3H2O3,86.046180,0,1,molssiai-hub/pubchemqc-b3lyp,B3LYP/6-31G*//PM6 (gas phase),CC BY 4.0,10.1021/acs.jcim.3c00899,-6.941624,-0.133336,6.808289,-6.941624,-0.133336,4.409511,dataset_level_eV,inchikey_match_target,batt_orbit_pool;epsilon_roster;key_registry;targeted_harvest,true,true,true,false,false,false,-9.587100,1.438300,-2.645476,1.571636,,,,paired_anchor
VBUYCZFBVCCYFD-UHFFFAOYSA-N,50,20160829,000000050.B3LYP@PM6.S0,C6H10O7,194.139400,0,1,molssiai-hub/pubchemqc-b3lyp,B3LYP/6-31G*//PM6 (gas phase),CC BY 4.0,10.1021/acs.jcim.3c00899,-6.783798,-2.846311,3.937487,-6.783798,-2.846311,3.687590,dataset_level_eV,inchikey_from_pubchem_cid,,false,false,false,false,false,false,,,,,-9.709105,,linear_2fold_v1,calibrated_estimate
VCOFTLCIPLEZKE-UHFFFAOYSA-N,559,20160829,000000559.B3LYP@PM6.S0,C5H11N3O,129.160340,0,1,molssiai-hub/pubchemqc-b3lyp,B3LYP/6-31G*//PM6 (gas phase),CC BY 4.0,10.1021/acs.jcim.3c00899,-6.130725,-0.571439,5.559286,-6.130725,-0.571439,4.579906,dataset_level_eV,inchikey_from_pubchem_cid,,false,false,false,false,false,false,,,,,-9.047378,,linear_2fold_v1,calibrated_estimate
VDXLUNDMVKSKHO-UHFFFAOYSA-N,151,20160829,000000151.B3LYP@PM6.S0,C8H15N2O9P,314.186461,0,1,molssiai-hub/pubchemqc-b3lyp,B3LYP/6-31G*//PM6 (gas phase),CC BY 4.0,10.1021/acs.jcim.3c00899,-6.870875,-0.587766,6.283109,-6.870875,-0.587766,3.619643,dataset_level_eV,inchikey_from_pubchem_cid,,false,false,false,false,false,false,,,,,-9.797336,,linear_2fold_v1,calibrated_estimate
VEXZGXHMUGYJMC-UHFFFAOYSA-N,313,20160829,000000313.B3LYP@PM6.S0,ClH,36.460940,0,1,molssiai-hub/pubchemqc-b3lyp,B3LYP/6-31G*//PM6 (gas phase),CC BY 4.0,10.1021/acs.jcim.3c00899,-9.015132,0.195922,9.211054,-9.015132,0.195922,1.472084,dataset_level_eV,inchikey_from_pubchem_cid,,false,false,false,false,false,false,,,,,-11.970006,,linear_2fold_v1,calibrated_estimate
VFTFKUDGYRBSAL-UHFFFAOYSA-N,36336,20160829,000036336.B3LYP@PM6.S0,C10H20O5,220.262800,0,1,molssiai-hub/pubchemqc-b3lyp,B3LYP/6-31G*//PM6 (gas phase),CC BY 4.0,10.1021/acs.jcim.3c00899,-6.413723,1.711596,8.125320,-6.413723,1.711596,1.590997,dataset_level_eV,inchikey_match_target,batt_orbit_pool;epsilon_roster;key_registry;targeted_harvest,true,true,true,false,false,false,-9.371500,1.703700,-2.957777,-0.007896,,,,paired_anchor
VGONTNSXDCQUGY-UHFFFAOYSA-N,639,20160829,000000639.B3LYP@PM6.S0,C10H12N4O4,252.226680,0,1,molssiai-hub/pubchemqc-b3lyp,B3LYP/6-31G*//PM6 (gas phase),CC BY 4.0,10.1021/acs.jcim.3c00899,-5.692622,-0.533343,5.159279,-5.692622,-0.533343,12.742659,dataset_level_eV,inchikey_from_pubchem_cid,,false,false,false,false,false,false,,,,,-8.603470,,linear_2fold_v1,calibrated_estimate
VGVHNLRUAMRIEW-UHFFFAOYSA-N,11525,20160829,000011525.B3LYP@PM6.S0,C7H12O,112.169580,0,1,molssiai-hub/pubchemqc-b3lyp,B3LYP/6-31G*//PM6 (gas phase),CC BY 4.0,10.1021/acs.jcim.3c00899,-6.359301,-0.329258,6.030043,-6.359301,-0.329258,3.059713,dataset_level_eV,inchikey_match_target,batt_orbit_pool;epsilon_roster;key_registry;targeted_harvest,true,true,true,false,false,false,-9.345500,1.614600,-2.986199,1.943858,,,,paired_anchor
VHAFWRWGHGSZDL-UHFFFAOYSA-N,83,20160829,000000083.B3LYP@PM6.S0,C3H5O5P,152.042561,0,1,molssiai-hub/pubchemqc-b3lyp,B3LYP/6-31G*//PM6 (gas phase),CC BY 4.0,10.1021/acs.jcim.3c00899,-7.578371,-2.650389,4.927982,-7.578371,-2.650389,2.311629,dataset_level_eV,inchikey_from_pubchem_cid,,false,false,false,false,false,false,,,,,-10.514206,,linear_2fold_v1,calibrated_estimate
VHCSBTPOPKFYIU-UHFFFAOYSA-N,15385,20160829,000015385.B3LYP@PM6.S0,C2H4Cl2O2S,163.022960,0,1,molssiai-hub/pubchemqc-b3lyp,B3LYP/6-31G*//PM6 (gas phase),CC BY 4.0,10.1021/acs.jcim.3c00899,-8.865469,-2.157863,6.707606,-8.865469,-2.157863,2.290186,dataset_level_eV,inchikey_match_target,batt_calibration_sample;batt_orbit_pool;key_registry;targeted_harvest,true,true,false,false,false,true,-11.292000,0.515200,-2.426531,2.673063,,,,paired_anchor
VHKNBDIQDAXGBL-UHFFFAOYSA-N,523,20160829,000000523.B3LYP@PM6.S0,C5H6O4,130.098740,0,1,molssiai-hub/pubchemqc-b3lyp,B3LYP/6-31G*//PM6 (gas phase),CC BY 4.0,10.1021/acs.jcim.3c00899,-7.398776,-2.462630,4.936145,-7.398776,-2.462630,4.037024,dataset_level_eV,inchikey_from_pubchem_cid,,false,false,false,false,false,false,,,,,-10.332232,,linear_2fold_v1,calibrated_estimate
VHOMAPWVLKRQAZ-UHFFFAOYSA-N,31219,20160829,000031219.B3LYP@PM6.S0,C10H12O2,164.201080,0,1,molssiai-hub/pubchemqc-b3lyp,B3LYP/6-31G*//PM6 (gas phase),CC BY 4.0,10.1021/acs.jcim.3c00899,-6.653184,-0.220412,6.432771,-6.653184,-0.220412,1.455544,dataset_level_eV,inchikey_match_target,key_registry;targeted_harvest;viscosity_roster;viscosity_roster_sample,true,false,false,true,true,false,,,,,-9.576760,,linear_2fold_v1,calibrated_estimate
VHRGRCVQAFMJIZ-UHFFFAOYSA-N,273,20160829,000000273.B3LYP@PM6.S0,C5H14N2,102.178060,0,1,molssiai-hub/pubchemqc-b3lyp,B3LYP/6-31G*//PM6 (gas phase),CC BY 4.0,10.1021/acs.jcim.3c00899,-6.108956,2.337458,8.446414,-6.108956,2.337458,1.075038,dataset_level_eV,inchikey_from_pubchem_cid,,false,false,false,false,false,false,,,,,-9.025321,,linear_2fold_v1,calibrated_estimate
VJHINFRRDQUWOJ-UHFFFAOYSA-N,31218,20160829,000031218.B3LYP@PM6.S0,C26H50O4,426.672800,0,1,molssiai-hub/pubchemqc-b3lyp,B3LYP/6-31G*//PM6 (gas phase),CC BY 4.0,10.1021/acs.jcim.3c00899,-7.232786,0.367354,7.600140,-7.232786,0.367354,1.089902,dataset_level_eV,inchikey_match_target,key_registry;targeted_harvest;viscosity_roster;viscosity_roster_sample,true,false,false,true,true,false,,,,,-10.164042,,linear_2fold_v1,calibrated_estimate
VKKKAAPGXHWXOO-UHFFFAOYSA-N,94,20160829,000000094.B3LYP@PM6.S0,C27H42N7O20P3S,909.643563,0,1,molssiai-hub/pubchemqc-b3lyp,B3LYP/6-31G*//PM6 (gas phase),CC BY 4.0,10.1021/acs.jcim.3c00899,-6.125283,-1.548328,4.576955,-6.125283,-1.548328,9.942900,dataset_level_eV,inchikey_from_pubchem_cid,,false,false,false,false,false,false,,,,,-9.041864,,linear_2fold_v1,calibrated_estimate
VLKZOEOYAKHREP-UHFFFAOYSA-N,8058,20160829,000008058.B3LYP@PM6.S0,C6H14,86.175360,0,1,molssiai-hub/pubchemqc-b3lyp,B3LYP/6-31G*//PM6 (gas phase),CC BY 4.0,10.1021/acs.jcim.3c00899,-8.089945,2.506169,10.596113,-8.089945,2.506169,0.000066,dataset_level_eV,inchikey_match_target,epsilon_roster;key_registry;targeted_harvest;viscosity_roster,true,false,true,true,false,false,,,,,-11.032559,,linear_2fold_v1,calibrated_estimate
VLYUGYAKYZETRF-UHFFFAOYSA-N,663,20160829,000000663.B3LYP@PM6.S0,C8H17NOS2,207.356680,0,1,molssiai-hub/pubchemqc-b3lyp,B3LYP/6-31G*//PM6 (gas phase),CC BY 4.0,10.1021/acs.jcim.3c00899,-6.364743,0.699333,7.064076,-6.364743,0.699333,2.502705,dataset_level_eV,inchikey_from_pubchem_cid,,false,false,false,false,false,false,,,,,-9.284497,,linear_2fold_v1,calibrated_estimate
VMUXSMXIQBNMGZ-UHFFFAOYSA-N,660,20160829,000000660.B3LYP@PM6.S0,C9H8O2,148.158620,0,1,molssiai-hub/pubchemqc-b3lyp,B3LYP/6-31G*//PM6 (gas phase),CC BY 4.0,10.1021/acs.jcim.3c00899,-6.364743,-0.557833,5.806910,-6.364743,-0.557833,3.938245,dataset_level_eV,inchikey_from_pubchem_cid,,false,false,false,false,false,false,,,,,-9.284497,,linear_2fold_v1,calibrated_estimate
VNBNVFSXZUYRKF-UHFFFAOYSA-N,517,20160829,000000517.B3LYP@PM6.S0,C43H50N4O16,878.874300,0,1,molssiai-hub/pubchemqc-b3lyp,B3LYP/6-31G*//PM6 (gas phase),CC BY 4.0,10.1021/acs.jcim.3c00899,-5.172884,-1.556491,3.616393,-5.172884,-1.556491,10.375900,dataset_level_eV,inchikey_from_pubchem_cid,,false,false,false,false,false,false,,,,,-8.076845,,linear_2fold_v1,calibrated_estimate
VNWKTOKETHGBQD-UHFFFAOYSA-N,297,20160829,000000297.B3LYP@PM6.S0,CH4,16.042460,0,1,molssiai-hub/pubchemqc-b3lyp,B3LYP/6-31G*//PM6 (gas phase),CC BY 4.0,10.1021/acs.jcim.3c00899,-10.626046,3.265366,13.891412,-10.626046,3.265366,0.000058,dataset_level_eV,inchikey_match_target,key_registry;targeted_harvest;viscosity_roster;viscosity_roster_sample,true,false,false,true,true,false,,,,,-13.602266,,linear_2fold_v1,calibrated_estimate
VNYSSYRCGWBHLG-UHFFFAOYSA-N,169,20160829,000000169.B3LYP@PM6.S0,C20H32O4,336.465680,0,1,molssiai-hub/pubchemqc-b3lyp,B3LYP/6-31G*//PM6 (gas phase),CC BY 4.0,10.1021/acs.jcim.3c00899,-5.744323,-1.352406,4.391918,-5.744323,-1.352406,5.617934,dataset_level_eV,inchikey_from_pubchem_cid,,false,false,false,false,false,false,,,,,-8.655856,,linear_2fold_v1,calibrated_estimate
VOJUXHHACRXLTD-UHFFFAOYSA-N,671,20160829,000000671.B3LYP@PM6.S0,C11H8O4,204.178820,0,1,molssiai-hub/pubchemqc-b3lyp,B3LYP/6-31G*//PM6 (gas phase),CC BY 4.0,10.1021/acs.jcim.3c00899,-5.521190,-1.629962,3.891228,-5.521190,-1.629962,4.874177,dataset_level_eV,inchikey_from_pubchem_cid,,false,false,false,false,false,false,,,,,-8.429766,,linear_2fold_v1,calibrated_estimate
VOKUMXABRRXHAR-UHFFFAOYSA-N,296,20160829,000000296.B3LYP@PM6.S0,C4H6O3,102.088640,0,1,molssiai-hub/pubchemqc-b3lyp,B3LYP/6-31G*//PM6 (gas phase),CC BY 4.0,10.1021/acs.jcim.3c00899,-7.455920,-1.831326,5.624593,-7.455920,-1.831326,4.545935,dataset_level_eV,inchikey_from_pubchem_cid,,false,false,false,false,false,false,,,,,-10.390133,,linear_2fold_v1,calibrated_estimate
VONWDASPFIQPDY-UHFFFAOYSA-N,12958,20160829,000012958.B3LYP@PM6.S0,C3H9O3P,124.075521,0,1,molssiai-hub/pubchemqc-b3lyp,B3LYP/6-31G*//PM6 (gas phase),CC BY 4.0,10.1021/acs.jcim.3c00899,-7.597419,1.665337,9.262755,-7.597419,1.665337,1.473716,dataset_level_eV,inchikey_match_target,batt_orbit_pool;key_registry;targeted_harvest;viscosity_roster;viscosity_roster_sample,true,true,false,true,true,false,-10.771500,1.567400,-3.174081,-0.097937,,,,paired_anchor
VOXZDWNPVJITMN-UHFFFAOYSA-N,450,20160829,000000450.B3LYP@PM6.S0,C18H24O2,272.381960,0,1,molssiai-hub/pubchemqc-b3lyp,B3LYP/6-31G*//PM6 (gas phase),CC BY 4.0,10.1021/acs.jcim.3c00899,-5.630036,0.073471,5.703506,-5.630036,0.073471,1.057514,dataset_level_eV,inchikey_from_pubchem_cid,,false,false,false,false,false,false,,,,,-8.540055,,linear_2fold_v1,calibrated_estimate
VQAGYJCYOLHZDH-UHFFFAOYSA-N,498,20160829,000000498.B3LYP@PM6.S0,C20H26N10O13P2S2,740.557162,0,1,molssiai-hub/pubchemqc-b3lyp,B3LYP/6-31G*//PM6 (gas phase),CC BY 4.0,10.1021/acs.jcim.3c00899,-5.496700,-3.213665,2.283035,-5.496700,-3.213665,9.450611,dataset_level_eV,inchikey_from_pubchem_cid,,false,false,false,false,false,false,,,,,-8.404952,,linear_2fold_v1,calibrated_estimate
VRMXCPVFSJVVCA-UHFFFAOYSA-N,372,20160829,000000372.B3LYP@PM6.S0,C7H4O6,184.103060,0,1,molssiai-hub/pubchemqc-b3lyp,B3LYP/6-31G*//PM6 (gas phase),CC BY 4.0,10.1021/acs.jcim.3c00899,-7.624630,-3.306183,4.318447,-7.624630,-3.306183,2.278363,dataset_level_eV,inchikey_from_pubchem_cid,,false,false,false,false,false,false,,,,,-10.561078,,linear_2fold_v1,calibrated_estimate
VSSAZBXXNIABDN-UHFFFAOYSA-N,7507,20160829,000007507.B3LYP@PM6.S0,C7H14O,114.185460,0,1,molssiai-hub/pubchemqc-b3lyp,B3LYP/6-31G*//PM6 (gas phase),CC BY 4.0,10.1021/acs.jcim.3c00899,-7.004211,1.953777,8.957988,-7.004211,1.953777,1.571762,dataset_level_eV,inchikey_match_target,key_registry;targeted_harvest;viscosity_roster;viscosity_roster_sample,true,false,false,true,true,false,,,,,-9.932438,,linear_2fold_v1,calibrated_estimate
VUNQJPPPTJIREN-UHFFFAOYSA-N,57,20160829,000000057.B3LYP@PM6.S0,C46H70O,639.047400,0,1,molssiai-hub/pubchemqc-b3lyp,B3LYP/6-31G*//PM6 (gas phase),CC BY 4.0,10.1021/acs.jcim.3c00899,-5.643641,0.092519,5.736160,-5.643641,0.092519,0.872877,dataset_level_eV,inchikey_from_pubchem_cid,,false,false,false,false,false,false,,,,,-8.553840,,linear_2fold_v1,calibrated_estimate
VUQLHQFKACOHNZ-UHFFFAOYSA-N,21,20160829,000000021.B3LYP@PM6.S0,C6H10O4,146.141200,0,1,molssiai-hub/pubchemqc-b3lyp,B3LYP/6-31G*//PM6 (gas phase),CC BY 4.0,10.1021/acs.jcim.3c00899,-7.306257,-1.297983,6.008274,-7.306257,-1.297983,2.567978,verified_eV_audited,inchikey_from_pubchem_cid,,false,false,false,false,false,false,,,,,-10.238487,,linear_2fold_v1,calibrated_estimate
VVIAGPKUTFNRDU-UHFFFAOYSA-N,143,20160829,000000143.B3LYP@PM6.S0,C20H23N7O7,473.439320,0,1,molssiai-hub/pubchemqc-b3lyp,B3LYP/6-31G*//PM6 (gas phase),CC BY 4.0,10.1021/acs.jcim.3c00899,-5.279009,-0.715659,4.563349,-5.279009,-0.715659,11.625692,dataset_level_eV,inchikey_from_pubchem_cid,,false,false,false,false,false,false,,,,,-8.184376,,linear_2fold_v1,calibrated_estimate
VVLAIYIMMFWRFW-UHFFFAOYSA-N,108573,20160829,000108573.B3LYP@PM6.S0,C4H11NO3,121.135040,0,1,molssiai-hub/pubchemqc-b3lyp,B3LYP/6-31G*//PM6 (gas phase),CC BY 4.0,10.1021/acs.jcim.3c00899,-6.068139,0.114288,6.182427,-6.068139,0.114288,2.186446,dataset_level_eV,inchikey_match_target,epsilon_roster;key_registry;targeted_harvest;viscosity_roster,true,false,true,true,false,false,,,,,-8.983963,,linear_2fold_v1,calibrated_estimate
VXPBDCBTMSKCKZ-UHFFFAOYSA-N,14,20160829,000000014.B3LYP@PM6.S0,C20H32O5,352.465080,0,1,molssiai-hub/pubchemqc-b3lyp,B3LYP/6-31G*//PM6 (gas phase),CC BY 4.0,10.1021/acs.jcim.3c00899,-6.631415,-1.434040,5.197375,-6.631415,-1.434040,2.410661,verified_eV_audited,inchikey_from_pubchem_cid,,false,false,false,false,false,false,,,,,-9.554703,,linear_2fold_v1,calibrated_estimate
VYEGBDHSGHXOGT-UHFFFAOYSA-N,452,20160829,000000452.B3LYP@PM6.S0,C6H10O6,178.140000,0,1,molssiai-hub/pubchemqc-b3lyp,B3LYP/6-31G*//PM6 (gas phase),CC BY 4.0,10.1021/acs.jcim.3c00899,-6.876317,-1.360569,5.515748,-6.876317,-1.360569,1.317223,dataset_level_eV,inchikey_from_pubchem_cid,,false,false,false,false,false,false,,,,,-9.802850,,linear_2fold_v1,calibrated_estimate
VYFYYTLLBUKUHU-UHFFFAOYSA-N,681,20160829,000000681.B3LYP@PM6.S0,C8H11NO2,153.178440,0,1,molssiai-hub/pubchemqc-b3lyp,B3LYP/6-31G*//PM6 (gas phase),CC BY 4.0,10.1021/acs.jcim.3c00899,-5.453162,0.214970,5.668132,-5.453162,0.214970,3.396953,dataset_level_eV,inchikey_from_pubchem_cid,,false,false,false,false,false,false,,,,,-8.360837,,linear_2fold_v1,calibrated_estimate
VYZAHLCBVHPDDF-UHFFFAOYSA-N,6,20160829,000000006.B3LYP@PM6.S0,C6H3ClN2O4,202.552020,0,1,molssiai-hub/pubchemqc-b3lyp,B3LYP/6-31G*//PM6 (gas phase),CC BY 4.0,10.1021/acs.jcim.3c00899,-8.051849,-3.137473,4.914376,-8.051849,-3.137473,3.716931,verified_eV_audited,inchikey_from_pubchem_cid,,false,false,false,false,false,false,,,,,-10.993958,,linear_2fold_v1,calibrated_estimate
VZXPDPZARILFQX-UHFFFAOYSA-N,189,20160829,000000189.B3LYP@PM6.S0,C5H9NO4,147.129260,0,1,molssiai-hub/pubchemqc-b3lyp,B3LYP/6-31G*//PM6 (gas phase),CC BY 4.0,10.1021/acs.jcim.3c00899,-6.702164,-0.612256,6.089908,-6.702164,-0.612256,3.443473,dataset_level_eV,inchikey_from_pubchem_cid,,false,false,false,false,false,false,,,,,-9.626389,,linear_2fold_v1,calibrated_estimate
WALNNKZUGHYSCT-UHFFFAOYSA-N,416,20160829,000000416.B3LYP@PM6.S0,C16H20N2O8,368.338600,0,1,molssiai-hub/pubchemqc-b3lyp,B3LYP/6-31G*//PM6 (gas phase),CC BY 4.0,10.1021/acs.jcim.3c00899,-6.873596,-1.186416,5.687179,-6.873596,-1.186416,6.068611,dataset_level_eV,inchikey_from_pubchem_cid,,false,false,false,false,false,false,,,,,-9.800093,,linear_2fold_v1,calibrated_estimate
WBFYVDCHGVNRBH-UHFFFAOYSA-N,170,20160829,000000170.B3LYP@PM6.S0,C14H14N6O3,314.299360,0,1,molssiai-hub/pubchemqc-b3lyp,B3LYP/6-31G*//PM6 (gas phase),CC BY 4.0,10.1021/acs.jcim.3c00899,-5.371527,-1.235397,4.136131,-5.371527,-1.235397,6.342323,dataset_level_eV,inchikey_from_pubchem_cid,,false,false,false,false,false,false,,,,,-8.278120,,linear_2fold_v1,calibrated_estimate
WDJHALXBUFZDSR-UHFFFAOYSA-N,96,20160829,000000096.B3LYP@PM6.S0,C4H6O3,102.088640,0,1,molssiai-hub/pubchemqc-b3lyp,B3LYP/6-31G*//PM6 (gas phase),CC BY 4.0,10.1021/acs.jcim.3c00899,-7.238228,-1.458530,5.779698,-7.238228,-1.458530,5.479738,dataset_level_eV,inchikey_from_pubchem_cid,,false,false,false,false,false,false,,,,,-10.169556,,linear_2fold_v1,calibrated_estimate
WERYXYBDKMZEQL-UHFFFAOYSA-N,8064,20160829,000008064.B3LYP@PM6.S0,C4H10O2,90.121000,0,1,molssiai-hub/pubchemqc-b3lyp,B3LYP/6-31G*//PM6 (gas phase),CC BY 4.0,10.1021/acs.jcim.3c00899,-6.898086,1.948335,8.846421,-6.898086,1.948335,2.401563,dataset_level_eV,inchikey_match_target,epsilon_roster;key_registry;targeted_harvest;viscosity_roster,true,false,true,true,false,false,,,,,-9.824907,,linear_2fold_v1,calibrated_estimate
WEVYAHXRMPXWCK-UHFFFAOYSA-N,6342,20160829,000006342.B3LYP@PM6.S0,C2H3N,41.051920,0,1,molssiai-hub/pubchemqc-b3lyp,B3LYP/6-31G*//PM6 (gas phase),CC BY 4.0,10.1021/acs.jcim.3c00899,-8.889959,0.949677,9.839637,-8.889959,0.949677,3.806714,dataset_level_eV,inchikey_match_target,batt_orbit_pool;epsilon_roster;key_registry;named_solvent;targeted_harvest;viscosity_roster,true,true,true,true,false,false,-12.089000,1.741100,-3.199041,0.791423,,,,paired_anchor
WFCLYEAZTHWNEH-UHFFFAOYSA-N,10968,20160829,000010968.B3LYP@PM6.S0,C3H5NS,87.143500,0,1,molssiai-hub/pubchemqc-b3lyp,B3LYP/6-31G*//PM6 (gas phase),CC BY 4.0,10.1021/acs.jcim.3c00899,-7.170200,-0.623141,6.547059,-7.170200,-0.623141,4.446277,dataset_level_eV,inchikey_match_target,epsilon_roster;key_registry;targeted_harvest,true,false,true,false,false,false,,,,,-10.100627,,linear_2fold_v1,calibrated_estimate
WFPZSXYXPSUOPY-UHFFFAOYSA-N,198,20160829,000000198.B3LYP@PM6.S0,C16H25N5O15P2,589.341722,0,1,molssiai-hub/pubchemqc-b3lyp,B3LYP/6-31G*//PM6 (gas phase),CC BY 4.0,10.1021/acs.jcim.3c00899,-6.051812,-0.851716,5.200096,-6.051812,-0.851716,2.128324,dataset_level_eV,inchikey_from_pubchem_cid,,false,false,false,false,false,false,,,,,-8.967419,,linear_2fold_v1,calibrated_estimate
WGNUNYPERJMVRM-UHFFFAOYSA-N,108,20160829,000000108.B3LYP@PM6.S0,C7H7NO2,137.135980,0,1,molssiai-hub/pubchemqc-b3lyp,B3LYP/6-31G*//PM6 (gas phase),CC BY 4.0,10.1021/acs.jcim.3c00899,-7.211017,-1.265329,5.945688,-7.211017,-1.265329,5.014842,dataset_level_eV,inchikey_from_pubchem_cid,,false,false,false,false,false,false,,,,,-10.141985,,linear_2fold_v1,calibrated_estimate
WGYKZJWCGVVSQN-UHFFFAOYSA-N,7852,20160829,000007852.B3LYP@PM6.S0,C3H9N,59.110260,0,1,molssiai-hub/pubchemqc-b3lyp,B3LYP/6-31G*//PM6 (gas phase),CC BY 4.0,10.1021/acs.jcim.3c00899,-6.133446,2.380996,8.514442,-6.133446,2.380996,1.323306,dataset_level_eV,inchikey_match_target,key_registry;targeted_harvest;viscosity_roster;viscosity_roster_sample,true,false,false,true,true,false,,,,,-9.050135,,linear_2fold_v1,calibrated_estimate
WGZZDRVKIXVYEI-UHFFFAOYSA-N,35,20160829,000000035.B3LYP@PM6.S0,C6H5ClO4,176.554500,0,1,molssiai-hub/pubchemqc-b3lyp,B3LYP/6-31G*//PM6 (gas phase),CC BY 4.0,10.1021/acs.jcim.3c00899,-7.687216,-2.590524,5.096692,-7.687216,-2.590524,3.576200,dataset_level_eV,inchikey_from_pubchem_cid,,false,false,false,false,false,false,,,,,-10.624494,,linear_2fold_v1,calibrated_estimate
WHBMMWSBFZVSSR-UHFFFAOYSA-N,441,20160829,000000441.B3LYP@PM6.S0,C4H8O3,104.104520,0,1,molssiai-hub/pubchemqc-b3lyp,B3LYP/6-31G*//PM6 (gas phase),CC BY 4.0,10.1021/acs.jcim.3c00899,-7.178363,0.217691,7.396054,-7.178363,0.217691,4.095457,dataset_level_eV,inchikey_from_pubchem_cid,,false,false,false,false,false,false,,,,,-10.108898,,linear_2fold_v1,calibrated_estimate
WHGVLEMQINVDLH-UHFFFAOYSA-N,550,20160829,000000550.B3LYP@PM6.S0,C8H8O7,216.144920,0,1,molssiai-hub/pubchemqc-b3lyp,B3LYP/6-31G*//PM6 (gas phase),CC BY 4.0,10.1021/acs.jcim.3c00899,-7.401497,-3.126588,4.274909,-7.401497,-3.126588,3.345723,dataset_level_eV,inchikey_from_pubchem_cid,,false,false,false,false,false,false,,,,,-10.334989,,linear_2fold_v1,calibrated_estimate
WHTCPDAXWFLDIH-UHFFFAOYSA-N,73,20160829,000000073.B3LYP@PM6.S0,C10H15N5O10P2,427.201122,0,1,molssiai-hub/pubchemqc-b3lyp,B3LYP/6-31G*//PM6 (gas phase),CC BY 4.0,10.1021/acs.jcim.3c00899,-6.389233,-1.197301,5.191932,-6.389233,-1.197301,6.071437,dataset_level_eV,inchikey_from_pubchem_cid,,false,false,false,false,false,false,,,,,-9.309311,,linear_2fold_v1,calibrated_estimate
WHUUTDBJXJRKMK-UHFFFAOYSA-N,611,20160829,000000611.B3LYP@PM6.S0,C5H9NO4,147.129260,0,1,molssiai-hub/pubchemqc-b3lyp,B3LYP/6-31G*//PM6 (gas phase),CC BY 4.0,10.1021/acs.jcim.3c00899,-6.604203,-0.761919,5.842284,-6.604203,-0.761919,4.937553,dataset_level_eV,inchikey_from_pubchem_cid,,false,false,false,false,false,false,,,,,-9.527130,,linear_2fold_v1,calibrated_estimate
WIIZWVCIJKGZOK-UHFFFAOYSA-N,298,20160829,000000298.B3LYP@PM6.S0,C11H12Cl2N2O5,323.129380,0,1,molssiai-hub/pubchemqc-b3lyp,B3LYP/6-31G*//PM6 (gas phase),CC BY 4.0,10.1021/acs.jcim.3c00899,-7.213738,-2.503447,4.710291,-7.213738,-2.503447,4.485052,dataset_level_eV,inchikey_from_pubchem_cid,,false,false,false,false,false,false,,,,,-10.144742,,linear_2fold_v1,calibrated_estimate
WJTCGQSWYFHTAC-UHFFFAOYSA-N,9266,20160829,000009266.B3LYP@PM6.S0,C8H16,112.212640,0,1,molssiai-hub/pubchemqc-b3lyp,B3LYP/6-31G*//PM6 (gas phase),CC BY 4.0,10.1021/acs.jcim.3c00899,-7.608303,2.253103,9.861406,-7.608303,2.253103,0.034011,dataset_level_eV,inchikey_match_target,key_registry;targeted_harvest;viscosity_roster;viscosity_roster_sample,true,false,false,true,true,false,,,,,-10.544535,,linear_2fold_v1,calibrated_estimate
WJXSWCUQABXPFS-UHFFFAOYSA-N,86,20160829,000000086.B3LYP@PM6.S0,C7H7NO3,153.135380,0,1,molssiai-hub/pubchemqc-b3lyp,B3LYP/6-31G*//PM6 (gas phase),CC BY 4.0,10.1021/acs.jcim.3c00899,-5.447719,-1.061244,4.386475,-5.447719,-1.061244,5.153693,dataset_level_eV,inchikey_from_pubchem_cid,,false,false,false,false,false,false,,,,,-8.355322,,linear_2fold_v1,calibrated_estimate
WKFQMDFSDQFAIC-UHFFFAOYSA-N,70483,20160829,000070483.B3LYP@PM6.S0,C6H12O2S,148.223280,0,1,molssiai-hub/pubchemqc-b3lyp,B3LYP/6-31G*//PM6 (gas phase),CC BY 4.0,10.1021/acs.jcim.3c00899,-7.540275,1.229955,8.770229,-7.540275,1.229955,5.337352,dataset_level_eV,inchikey_match_target,batt_calibration_sample;batt_orbit_pool;key_registry;targeted_harvest,true,true,false,false,false,true,-10.180300,1.433800,-2.640025,0.203845,,,,paired_anchor
WLJVNTCWHIRURA-UHFFFAOYSA-N,385,20160829,000000385.B3LYP@PM6.S0,C7H12O4,160.167780,0,1,molssiai-hub/pubchemqc-b3lyp,B3LYP/6-31G*//PM6 (gas phase),CC BY 4.0,10.1021/acs.jcim.3c00899,-7.600140,0.035375,7.635515,-7.600140,0.035375,3.548244,dataset_level_eV,inchikey_from_pubchem_cid,,false,false,false,false,false,false,,,,,-10.536264,,linear_2fold_v1,calibrated_estimate
WLTHPEHYBIKNHR-UHFFFAOYSA-M,122390,20160829,000122390.B3LYP@PM6.S0,C8H21NO7S,275.319840,0,1,molssiai-hub/pubchemqc-b3lyp,B3LYP/6-31G*//PM6 (gas phase),CC BY 4.0,10.1021/acs.jcim.3c00899,-6.677674,0.565997,7.243671,-6.677674,0.565997,12.656446,dataset_level_eV,inchikey_match_target,key_registry;targeted_harvest;viscosity_roster;viscosity_roster_sample,true,false,false,true,true,false,,,,,-9.601575,,linear_2fold_v1,calibrated_estimate
WNLRTRBMVRJNCN-UHFFFAOYSA-N,196,20160829,000000196.B3LYP@PM6.S0,C6H10O4,146.141200,0,1,molssiai-hub/pubchemqc-b3lyp,B3LYP/6-31G*//PM6 (gas phase),CC BY 4.0,10.1021/acs.jcim.3c00899,-7.627351,-0.111567,7.515785,-7.627351,-0.111567,0.841329,dataset_level_eV,inchikey_from_pubchem_cid,,false,false,false,false,false,false,,,,,-10.563836,,linear_2fold_v1,calibrated_estimate
WNXJIVFYUVYPPR-UHFFFAOYSA-N,12586,20160829,000012586.B3LYP@PM6.S0,C3H6O2,74.078540,0,1,molssiai-hub/pubchemqc-b3lyp,B3LYP/6-31G*//PM6 (gas phase),CC BY 4.0,10.1021/acs.jcim.3c00899,-6.846384,2.114325,8.960709,-6.846384,2.114325,1.393905,dataset_level_eV,inchikey_match_target,batt_orbit_pool;epsilon_roster;key_registry;targeted_harvest;viscosity_roster,true,true,true,true,false,false,-9.748500,1.697100,-2.902116,-0.417225,,,,paired_anchor
WOBHKFSMXKNTIM-UHFFFAOYSA-N,13360,20160829,000013360.B3LYP@PM6.S0,C6H10O3,130.141800,0,1,molssiai-hub/pubchemqc-b3lyp,B3LYP/6-31G*//PM6 (gas phase),CC BY 4.0,10.1021/acs.jcim.3c00899,-7.197411,-1.020427,6.176984,-7.197411,-1.020427,2.218827,dataset_level_eV,inchikey_match_target,key_registry;targeted_harvest;viscosity_roster;viscosity_roster_sample,true,false,false,true,true,false,,,,,-10.128198,,linear_2fold_v1,calibrated_estimate
WOOSCPWOYYLIHS-UHFFFAOYSA-N,436,20160829,000000436.B3LYP@PM6.S0,C10H12N2O2,192.214480,0,1,molssiai-hub/pubchemqc-b3lyp,B3LYP/6-31G*//PM6 (gas phase),CC BY 4.0,10.1021/acs.jcim.3c00899,-6.767471,-1.787788,4.979683,-6.767471,-1.787788,2.782769,dataset_level_eV,inchikey_from_pubchem_cid,,false,false,false,false,false,false,,,,,-9.692561,,linear_2fold_v1,calibrated_estimate
WPAMZTWLKIDIOP-UHFFFAOYSA-N,37,20160829,000000037.B3LYP@PM6.S0,C6H10O6,178.140000,0,1,molssiai-hub/pubchemqc-b3lyp,B3LYP/6-31G*//PM6 (gas phase),CC BY 4.0,10.1021/acs.jcim.3c00899,-6.957951,-2.242218,4.715733,-6.957951,-2.242218,1.517349,dataset_level_eV,inchikey_from_pubchem_cid,,false,false,false,false,false,false,,,,,-9.885565,,linear_2fold_v1,calibrated_estimate
WPYMKLBDIGXBTP-UHFFFAOYSA-N,243,20160829,000000243.B3LYP@PM6.S0,C7H6O2,122.121340,0,1,molssiai-hub/pubchemqc-b3lyp,B3LYP/6-31G*//PM6 (gas phase),CC BY 4.0,10.1021/acs.jcim.3c00899,-7.151152,-1.077571,6.073581,-7.151152,-1.077571,4.817881,dataset_level_eV,inchikey_match_target,key_registry;targeted_harvest;viscosity_roster;viscosity_roster_sample,true,false,false,true,true,false,,,,,-10.081327,,linear_2fold_v1,calibrated_estimate
WQAQPCDUOCURKW-UHFFFAOYSA-N,8012,20160829,000008012.B3LYP@PM6.S0,C4H10S,90.187200,0,1,molssiai-hub/pubchemqc-b3lyp,B3LYP/6-31G*//PM6 (gas phase),CC BY 4.0,10.1021/acs.jcim.3c00899,-6.291272,0.976889,7.268161,-6.291272,0.976889,1.936274,dataset_level_eV,inchikey_match_target,epsilon_roster;key_registry;targeted_harvest,true,false,true,false,false,false,,,,,-9.210052,,linear_2fold_v1,calibrated_estimate
WQONPSCCEXUXTQ-UHFFFAOYSA-N,11414,20160829,000011414.B3LYP@PM6.S0,C6H4Br2,235.903960,0,1,molssiai-hub/pubchemqc-b3lyp,B3LYP/6-31G*//PM6 (gas phase),CC BY 4.0,10.1021/acs.jcim.3c00899,-6.764750,-0.810899,5.953851,-6.764750,-0.810899,2.656130,dataset_level_eV,inchikey_match_target,epsilon_roster;key_registry;targeted_harvest,true,false,true,false,false,false,,,,,-9.689804,,linear_2fold_v1,calibrated_estimate
WQXNXVUDBPYKBA-UHFFFAOYSA-N,690,20160829,000000690.B3LYP@PM6.S0,C6H10N2O2,142.155800,0,1,molssiai-hub/pubchemqc-b3lyp,B3LYP/6-31G*//PM6 (gas phase),CC BY 4.0,10.1021/acs.jcim.3c00899,-6.661347,0.029933,6.691280,-6.661347,0.029933,4.714566,dataset_level_eV,inchikey_from_pubchem_cid,,false,false,false,false,false,false,,,,,-9.585031,,linear_2fold_v1,calibrated_estimate
WQZGKKKJIJFFOK-UHFFFAOYSA-N,206,20160829,000000206.B3LYP@PM6.S0,C6H12O6,180.155880,0,1,molssiai-hub/pubchemqc-b3lyp,B3LYP/6-31G*//PM6 (gas phase),CC BY 4.0,10.1021/acs.jcim.3c00899,-6.840942,1.357848,8.198790,-6.840942,1.357848,2.859216,dataset_level_eV,inchikey_from_pubchem_cid,,false,false,false,false,false,false,,,,,-9.767006,,linear_2fold_v1,calibrated_estimate
WRWPPGUCZBJXKX-UHFFFAOYSA-N,9603,20160829,000009603.B3LYP@PM6.S0,C7H7F,110.128883,0,1,molssiai-hub/pubchemqc-b3lyp,B3LYP/6-31G*//PM6 (gas phase),CC BY 4.0,10.1021/acs.jcim.3c00899,-6.242292,-0.209528,6.032764,-6.242292,-0.209528,1.593026,dataset_level_eV,inchikey_match_target,epsilon_roster;key_registry;targeted_harvest,true,false,true,false,false,false,,,,,-9.160423,,linear_2fold_v1,calibrated_estimate
WSLDOOZREJYCGB-UHFFFAOYSA-N,11,20160829,000000011.B3LYP@PM6.S0,C2H4Cl2,98.959160,0,1,molssiai-hub/pubchemqc-b3lyp,B3LYP/6-31G*//PM6 (gas phase),CC BY 4.0,10.1021/acs.jcim.3c00899,-8.307636,0.187759,8.495394,-8.307636,0.187759,0.000043,verified_eV_audited,inchikey_match_target,epsilon_roster;key_registry;targeted_harvest;viscosity_roster,true,false,true,true,false,false,,,,,-11.253135,,linear_2fold_v1,calibrated_estimate
WTAHRPBPWHCMHW-UHFFFAOYSA-N,95,20160829,000000095.B3LYP@PM6.S0,C6H10O7,194.139400,0,1,molssiai-hub/pubchemqc-b3lyp,B3LYP/6-31G*//PM6 (gas phase),CC BY 4.0,10.1021/acs.jcim.3c00899,-7.009653,-1.608193,5.401460,-7.009653,-1.608193,2.959290,dataset_level_eV,inchikey_from_pubchem_cid,,false,false,false,false,false,false,,,,,-9.937953,,linear_2fold_v1,calibrated_estimate
WTEVQBCEXWBHNA-UHFFFAOYSA-N,8843,20160829,000008843.B3LYP@PM6.S0,C10H16O,152.233440,0,1,molssiai-hub/pubchemqc-b3lyp,B3LYP/6-31G*//PM6 (gas phase),CC BY 4.0,10.1021/acs.jcim.3c00899,-6.375628,-1.368733,5.006895,-6.375628,-1.368733,3.882262,dataset_level_eV,inchikey_match_target,key_registry;targeted_harvest;viscosity_roster;viscosity_roster_sample,true,false,false,true,true,false,,,,,-9.295526,,linear_2fold_v1,calibrated_estimate
WTFXTQVDAKGDEY-UHFFFAOYSA-N,306,20160829,000000306.B3LYP@PM6.S0,C10H10O6,226.182800,0,1,molssiai-hub/pubchemqc-b3lyp,B3LYP/6-31G*//PM6 (gas phase),CC BY 4.0,10.1021/acs.jcim.3c00899,-7.025980,-2.255824,4.770156,-7.025980,-2.255824,4.947029,dataset_level_eV,inchikey_from_pubchem_cid,,false,false,false,false,false,false,,,,,-9.954496,,linear_2fold_v1,calibrated_estimate
WTWBUQJHJGUZCY-UHFFFAOYSA-N,326,20160829,000000326.B3LYP@PM6.S0,C10H12O,148.201680,0,1,molssiai-hub/pubchemqc-b3lyp,B3LYP/6-31G*//PM6 (gas phase),CC BY 4.0,10.1021/acs.jcim.3c00899,-6.832779,-1.551049,5.281730,-6.832779,-1.551049,3.710935,dataset_level_eV,inchikey_from_pubchem_cid,,false,false,false,false,false,false,,,,,-9.758735,,linear_2fold_v1,calibrated_estimate
WUGQZFFCHPXWKQ-UHFFFAOYSA-N,9086,20160829,000009086.B3LYP@PM6.S0,C3H9NO,75.109660,0,1,molssiai-hub/pubchemqc-b3lyp,B3LYP/6-31G*//PM6 (gas phase),CC BY 4.0,10.1021/acs.jcim.3c00899,-6.209638,2.117046,8.326684,-6.209638,2.117046,2.741146,dataset_level_eV,inchikey_match_target,key_registry;targeted_harvest;viscosity_roster;viscosity_roster_sample,true,false,false,true,true,false,,,,,-9.127337,,linear_2fold_v1,calibrated_estimate
WUOACPNHFRMFPN-UHFFFAOYSA-N,17100,20160829,000017100.B3LYP@PM6.S0,C10H18O,154.249320,0,1,molssiai-hub/pubchemqc-b3lyp,B3LYP/6-31G*//PM6 (gas phase),CC BY 4.0,10.1021/acs.jcim.3c00899,-6.212359,0.767361,6.979720,-6.212359,0.767361,1.578526,dataset_level_eV,inchikey_match_target,key_registry;targeted_harvest;viscosity_roster;viscosity_roster_sample,true,false,false,true,true,false,,,,,-9.130094,,linear_2fold_v1,calibrated_estimate
WUUGFSXJNOTRMR-UHFFFAOYSA-N,149,20160829,000000149.B3LYP@PM6.S0,C11H15N5O3S,297.333500,0,1,molssiai-hub/pubchemqc-b3lyp,B3LYP/6-31G*//PM6 (gas phase),CC BY 4.0,10.1021/acs.jcim.3c00899,-5.864053,-0.976889,4.887165,-5.864053,-0.976889,2.346308,dataset_level_eV,inchikey_from_pubchem_cid,,false,false,false,false,false,false,,,,,-8.777172,,linear_2fold_v1,calibrated_estimate
WVDDGKGOMKODPV-UHFFFAOYSA-N,244,20160829,000000244.B3LYP@PM6.S0,C7H8O,108.137820,0,1,molssiai-hub/pubchemqc-b3lyp,B3LYP/6-31G*//PM6 (gas phase),CC BY 4.0,10.1021/acs.jcim.3c00899,-6.547059,-0.106124,6.440935,-6.547059,-0.106124,1.514822,dataset_level_eV,inchikey_match_target,epsilon_roster;key_registry;targeted_harvest;viscosity_roster,true,false,true,true,false,false,,,,,-9.469229,,linear_2fold_v1,calibrated_estimate
WVIMUEUQJFPNDK-UHFFFAOYSA-N,293,20160829,000000293.B3LYP@PM6.S0,C11H20N4O11P2,446.244222,0,1,molssiai-hub/pubchemqc-b3lyp,B3LYP/6-31G*//PM6 (gas phase),CC BY 4.0,10.1021/acs.jcim.3c00899,-6.538896,-1.496626,5.042270,-6.538896,-1.496626,8.394614,dataset_level_eV,inchikey_from_pubchem_cid,,false,false,false,false,false,false,,,,,-9.460958,,linear_2fold_v1,calibrated_estimate
WVLBCYQITXONBZ-UHFFFAOYSA-N,10541,20160829,000010541.B3LYP@PM6.S0,C3H9O4P,140.074921,0,1,molssiai-hub/pubchemqc-b3lyp,B3LYP/6-31G*//PM6 (gas phase),CC BY 4.0,10.1021/acs.jcim.3c00899,-8.040964,1.229955,9.270919,-8.040964,1.229955,2.891637,dataset_level_eV,inchikey_match_target,batt_orbit_pool;epsilon_roster;key_registry;targeted_harvest,true,true,true,false,false,false,-10.942400,1.564700,-2.901436,0.334745,,,,paired_anchor
WVMWZWGZRAXUBK-UHFFFAOYSA-N,630,20160829,000000630.B3LYP@PM6.S0,C7H10O6,190.150700,0,1,molssiai-hub/pubchemqc-b3lyp,B3LYP/6-31G*//PM6 (gas phase),CC BY 4.0,10.1021/acs.jcim.3c00899,-7.202854,-1.387781,5.815073,-7.202854,-1.387781,3.319562,dataset_level_eV,inchikey_from_pubchem_cid,,false,false,false,false,false,false,,,,,-10.133714,,linear_2fold_v1,calibrated_estimate
WWEOGFZEFHPUAM-UHFFFAOYSA-N,88,20160829,000000088.B3LYP@PM6.S0,C25H42N7O18P3S,853.623363,0,1,molssiai-hub/pubchemqc-b3lyp,B3LYP/6-31G*//PM6 (gas phase),CC BY 4.0,10.1021/acs.jcim.3c00899,-6.010995,-0.887091,5.123904,-6.010995,-0.887091,3.913488,dataset_level_eV,inchikey_from_pubchem_cid,,false,false,false,false,false,false,,,,,-8.926062,,linear_2fold_v1,calibrated_estimate
WWMWAMFHUSTZTA-UHFFFAOYSA-N,508,20160829,000000508.B3LYP@PM6.S0,C10H17N5O16P4,587.160924,0,1,molssiai-hub/pubchemqc-b3lyp,B3LYP/6-31G*//PM6 (gas phase),CC BY 4.0,10.1021/acs.jcim.3c00899,-5.972899,-0.985052,4.987847,-5.972899,-0.985052,3.612010,dataset_level_eV,inchikey_from_pubchem_cid,,false,false,false,false,false,false,,,,,-8.887461,,linear_2fold_v1,calibrated_estimate
WWZKQHOCKIZLMA-UHFFFAOYSA-N,379,20160829,000000379.B3LYP@PM6.S0,C8H16O2,144.211440,0,1,molssiai-hub/pubchemqc-b3lyp,B3LYP/6-31G*//PM6 (gas phase),CC BY 4.0,10.1021/acs.jcim.3c00899,-7.431429,0.234018,7.665447,-7.431429,0.234018,4.217772,dataset_level_eV,inchikey_match_target,key_registry;targeted_harvest;viscosity_roster;viscosity_roster_sample,true,false,false,true,true,false,,,,,-10.365317,,linear_2fold_v1,calibrated_estimate
WXSKVKPSMAHCSG-UHFFFAOYSA-N,599,20160829,000000599.B3LYP@PM6.S0,C5H6O6,162.097540,0,1,molssiai-hub/pubchemqc-b3lyp,B3LYP/6-31G*//PM6 (gas phase),CC BY 4.0,10.1021/acs.jcim.3c00899,-7.379728,-3.028627,4.351100,-7.379728,-3.028627,4.115598,dataset_level_eV,inchikey_from_pubchem_cid,,false,false,false,false,false,false,,,,,-10.312931,,linear_2fold_v1,calibrated_estimate
WYJOVVXUZNRJQY-UHFFFAOYSA-N,6920,20160829,000006920.B3LYP@PM6.S0,C6H6OS,126.176240,0,1,molssiai-hub/pubchemqc-b3lyp,B3LYP/6-31G*//PM6 (gas phase),CC BY 4.0,10.1021/acs.jcim.3c00899,-6.813731,-1.657173,5.156557,-6.813731,-1.657173,2.848963,dataset_level_eV,inchikey_match_target,batt_orbit_pool;epsilon_roster;key_registry;targeted_harvest;viscosity_roster,true,true,true,true,false,false,-9.312800,0.356200,-2.499069,2.013373,,,,paired_anchor
WYURNTSHIVDZCO-UHFFFAOYSA-N,8028,20160829,000008028.B3LYP@PM6.S0,C4H8O,72.105720,0,1,molssiai-hub/pubchemqc-b3lyp,B3LYP/6-31G*//PM6 (gas phase),CC BY 4.0,10.1021/acs.jcim.3c00899,-6.353858,2.070786,8.424645,-6.353858,2.070786,1.847719,dataset_level_eV,inchikey_match_target,batt_orbit_pool;epsilon_roster;key_registry;named_solvent;targeted_harvest;viscosity_roster,true,true,true,true,false,false,-9.483500,1.786600,-3.129642,-0.284186,,,,paired_anchor
WZLFPVPRZGTCKP-UHFFFAOYSA-N,67884,20160829,000067884.B3LYP@PM6.S0,C4H5F5,148.074516,0,1,molssiai-hub/pubchemqc-b3lyp,B3LYP/6-31G*//PM6 (gas phase),CC BY 4.0,10.1021/acs.jcim.3c00899,-9.393370,1.907518,11.300888,-9.393370,1.907518,1.622086,dataset_level_eV,inchikey_match_target,epsilon_roster;key_registry;targeted_harvest,true,false,true,false,false,false,,,,,-12.353256,,linear_2fold_v1,calibrated_estimate
XCIXKGXIYUWCLL-UHFFFAOYSA-N,7298,20160829,000007298.B3LYP@PM6.S0,C5H10O,86.132300,0,1,molssiai-hub/pubchemqc-b3lyp,B3LYP/6-31G*//PM6 (gas phase),CC BY 4.0,10.1021/acs.jcim.3c00899,-6.794683,1.708875,8.503558,-6.794683,1.708875,1.716636,dataset_level_eV,inchikey_match_target,epsilon_roster;key_registry;named_solvent;targeted_harvest;viscosity_roster;viscosity_roster_sample,true,false,true,true,true,false,,,,,-9.720134,,linear_2fold_v1,calibrated_estimate
XDTMQSROBMDMFD-UHFFFAOYSA-N,8078,20160829,000008078.B3LYP@PM6.S0,C6H12,84.159480,0,1,molssiai-hub/pubchemqc-b3lyp,B3LYP/6-31G*//PM6 (gas phase),CC BY 4.0,10.1021/acs.jcim.3c00899,-7.902186,2.345621,10.247808,-7.902186,2.345621,0.000022,dataset_level_eV,inchikey_match_target,epsilon_roster;key_registry;targeted_harvest;viscosity_roster;viscosity_roster_sample,true,false,true,true,true,false,,,,,-10.842312,,linear_2fold_v1,calibrated_estimate
XEKOWRVHYACXOJ-UHFFFAOYSA-N,8857,20160829,000008857.B3LYP@PM6.S0,C4H8O2,88.105120,0,1,molssiai-hub/pubchemqc-b3lyp,B3LYP/6-31G*//PM6 (gas phase),CC BY 4.0,10.1021/acs.jcim.3c00899,-7.295372,0.323815,7.619188,-7.295372,0.323815,1.642474,dataset_level_eV,inchikey_match_target,batt_orbit_pool;epsilon_roster;key_registry;targeted_harvest;viscosity_roster,true,true,true,true,false,false,-10.457100,1.612500,-3.161728,1.288685,,,,paired_anchor
XEYBRNLFEZDVAW-UHFFFAOYSA-N,158,20160829,000000158.B3LYP@PM6.S0,C20H32O5,352.465080,0,1,molssiai-hub/pubchemqc-b3lyp,B3LYP/6-31G*//PM6 (gas phase),CC BY 4.0,10.1021/acs.jcim.3c00899,-6.723933,-1.561934,5.162000,-6.723933,-1.561934,6.488377,dataset_level_eV,inchikey_from_pubchem_cid,,false,false,false,false,false,false,,,,,-9.648447,,linear_2fold_v1,calibrated_estimate
XFLVBMBRLSCJAI-UHFFFAOYSA-N,497,20160829,000000497.B3LYP@PM6.S0,C10H17N3O2S,243.325880,0,1,molssiai-hub/pubchemqc-b3lyp,B3LYP/6-31G*//PM6 (gas phase),CC BY 4.0,10.1021/acs.jcim.3c00899,-6.168821,0.593208,6.762029,-6.168821,0.593208,3.928640,dataset_level_eV,inchikey_from_pubchem_cid,,false,false,false,false,false,false,,,,,-9.085979,,linear_2fold_v1,calibrated_estimate
XFNJVJPLKCPIBV-UHFFFAOYSA-N,428,20160829,000000428.B3LYP@PM6.S0,C3H10N2,74.124900,0,1,molssiai-hub/pubchemqc-b3lyp,B3LYP/6-31G*//PM6 (gas phase),CC BY 4.0,10.1021/acs.jcim.3c00899,-6.103514,2.340179,8.443693,-6.103514,2.340179,0.985988,dataset_level_eV,inchikey_from_pubchem_cid,key_registry,true,false,false,false,false,false,,,,,-9.019806,,linear_2fold_v1,calibrated_estimate
XGYIMTFOTBMPFP-UHFFFAOYSA-N,142,20160829,000000142.B3LYP@PM6.S0,C10H13N5O3,251.241920,0,1,molssiai-hub/pubchemqc-b3lyp,B3LYP/6-31G*//PM6 (gas phase),CC BY 4.0,10.1021/acs.jcim.3c00899,-6.119840,-0.922466,5.197375,-6.119840,-0.922466,2.264021,dataset_level_eV,inchikey_from_pubchem_cid,,false,false,false,false,false,false,,,,,-9.036349,,linear_2fold_v1,calibrated_estimate
XHFVGHPGDLDEQO-UHFFFAOYSA-N,131,20160829,000000131.B3LYP@PM6.S0,C9H18NO8P,299.214881,0,1,molssiai-hub/pubchemqc-b3lyp,B3LYP/6-31G*//PM6 (gas phase),CC BY 4.0,10.1021/acs.jcim.3c00899,-6.674953,-0.217691,6.457262,-6.674953,-0.217691,7.092304,dataset_level_eV,inchikey_from_pubchem_cid,,false,false,false,false,false,false,,,,,-9.598817,,linear_2fold_v1,calibrated_estimate
XHMJOUIAFHJHBW-UHFFFAOYSA-N,609,20160829,000000609.B3LYP@PM6.S0,C6H14NO8P,259.151021,0,1,molssiai-hub/pubchemqc-b3lyp,B3LYP/6-31G*//PM6 (gas phase),CC BY 4.0,10.1021/acs.jcim.3c00899,-6.990605,0.919745,7.910350,-6.990605,0.919745,5.259739,dataset_level_eV,inchikey_from_pubchem_cid,,false,false,false,false,false,false,,,,,-9.918652,,linear_2fold_v1,calibrated_estimate
XIRNKXNNONJFQO-UHFFFAOYSA-N,12366,20160829,000012366.B3LYP@PM6.S0,C18H36O2,284.477240,0,1,molssiai-hub/pubchemqc-b3lyp,B3LYP/6-31G*//PM6 (gas phase),CC BY 4.0,10.1021/acs.jcim.3c00899,-7.224623,0.397286,7.621909,-7.224623,0.397286,1.454014,dataset_level_eV,inchikey_match_target,key_registry;targeted_harvest;viscosity_roster;viscosity_roster_sample,true,false,false,true,true,false,,,,,-10.155771,,linear_2fold_v1,calibrated_estimate
XIZOTXGJXSTQDI-UHFFFAOYSA-N,220,20160829,000000220.B3LYP@PM6.S0,C10H16NO3PS,261.277701,0,1,molssiai-hub/pubchemqc-b3lyp,B3LYP/6-31G*//PM6 (gas phase),CC BY 4.0,10.1021/acs.jcim.3c00899,-5.376970,-0.076192,5.300778,-5.376970,-0.076192,2.260838,dataset_level_eV,inchikey_from_pubchem_cid,,false,false,false,false,false,false,,,,,-8.283635,,linear_2fold_v1,calibrated_estimate
XJZGNVBLVFOSKJ-UHFFFAOYSA-N,140,20160829,000000140.B3LYP@PM6.S0,C27H48O4,436.667620,0,1,molssiai-hub/pubchemqc-b3lyp,B3LYP/6-31G*//PM6 (gas phase),CC BY 4.0,10.1021/acs.jcim.3c00899,-6.832779,1.213628,8.046407,-6.832779,1.213628,1.779235,dataset_level_eV,inchikey_from_pubchem_cid,,false,false,false,false,false,false,,,,,-9.758735,,linear_2fold_v1,calibrated_estimate
XKQZIXVJVUPORE-UHFFFAOYSA-N,221,20160829,000000221.B3LYP@PM6.S0,C9H16N4O6,276.246540,0,1,molssiai-hub/pubchemqc-b3lyp,B3LYP/6-31G*//PM6 (gas phase),CC BY 4.0,10.1021/acs.jcim.3c00899,-6.013716,-0.767361,5.246355,-6.013716,-0.767361,4.752711,dataset_level_eV,inchikey_from_pubchem_cid,,false,false,false,false,false,false,,,,,-8.928819,,linear_2fold_v1,calibrated_estimate
XLJMAIOERFSOGZ-UHFFFAOYSA-N,540,20160829,000000540.B3LYP@PM6.S0,CHNO,43.024740,0,1,molssiai-hub/pubchemqc-b3lyp,B3LYP/6-31G*//PM6 (gas phase),CC BY 4.0,10.1021/acs.jcim.3c00899,-8.443693,-0.125172,8.318520,-8.443693,-0.125172,3.907123,dataset_level_eV,inchikey_from_pubchem_cid,,false,false,false,false,false,false,,,,,-11.390995,,linear_2fold_v1,calibrated_estimate
XLYOFNOQVPJJNP-UHFFFAOYSA-N,962,20160829,000000962.B3LYP@PM6.S0,H2O,18.015280,0,1,molssiai-hub/pubchemqc-b3lyp,B3LYP/6-31G*//PM6 (gas phase),CC BY 4.0,10.1021/acs.jcim.3c00899,-7.926676,1.863980,9.790656,-7.926676,1.863980,2.027695,dataset_level_eV,inchikey_match_target,epsilon_roster;key_registry;named_solvent;targeted_harvest;viscosity_roster,true,false,true,true,false,false,,,,,-10.867127,,linear_2fold_v1,calibrated_estimate
XMIIGOLPHOKFCH-UHFFFAOYSA-N,107,20160829,000000107.B3LYP@PM6.S0,C9H10O2,150.174500,0,1,molssiai-hub/pubchemqc-b3lyp,B3LYP/6-31G*//PM6 (gas phase),CC BY 4.0,10.1021/acs.jcim.3c00899,-6.655905,-0.198643,6.457262,-6.655905,-0.198643,4.187490,dataset_level_eV,inchikey_from_pubchem_cid,,false,false,false,false,false,false,,,,,-9.579517,,linear_2fold_v1,calibrated_estimate
XMTCKNXTTXDPJX-UHFFFAOYSA-N,29,20160829,000000029.B3LYP@PM6.S0,C3H5NO3,103.076700,0,1,molssiai-hub/pubchemqc-b3lyp,B3LYP/6-31G*//PM6 (gas phase),CC BY 4.0,10.1021/acs.jcim.3c00899,-7.104893,-1.306146,5.798746,-7.104893,-1.306146,3.777694,dataset_level_eV,inchikey_from_pubchem_cid,,false,false,false,false,false,false,,,,,-10.034455,,linear_2fold_v1,calibrated_estimate
XMWHRVNVKDKBRG-UHFFFAOYSA-N,31,20160829,000000031.B3LYP@PM6.S0,C5H13O7P,216.126281,0,1,molssiai-hub/pubchemqc-b3lyp,B3LYP/6-31G*//PM6 (gas phase),CC BY 4.0,10.1021/acs.jcim.3c00899,-7.126662,0.857159,7.983820,-7.126662,0.857159,5.725793,dataset_level_eV,inchikey_from_pubchem_cid,,false,false,false,false,false,false,,,,,-10.056512,,linear_2fold_v1,calibrated_estimate
XNLICIUVMPYHGG-UHFFFAOYSA-N,7895,20160829,000007895.B3LYP@PM6.S0,C5H10O,86.132300,0,1,molssiai-hub/pubchemqc-b3lyp,B3LYP/6-31G*//PM6 (gas phase),CC BY 4.0,10.1021/acs.jcim.3c00899,-6.628693,-0.302046,6.326647,-6.628693,-0.302046,2.544618,dataset_level_eV,inchikey_match_target,epsilon_roster;key_registry;targeted_harvest;viscosity_roster,true,false,true,true,false,false,,,,,-9.551945,,linear_2fold_v1,calibrated_estimate
XNWFRZJHXBZDAG-UHFFFAOYSA-N,8019,20160829,000008019.B3LYP@PM6.S0,C3H8O2,76.094420,0,1,molssiai-hub/pubchemqc-b3lyp,B3LYP/6-31G*//PM6 (gas phase),CC BY 4.0,10.1021/acs.jcim.3c00899,-6.862711,2.163305,9.026016,-6.862711,2.163305,1.957920,dataset_level_eV,inchikey_match_target,epsilon_roster;key_registry;targeted_harvest;viscosity_roster,true,false,true,true,false,false,,,,,-9.789063,,linear_2fold_v1,calibrated_estimate
XOHUEYCVLUUEJJ-UHFFFAOYSA-N,61,20160829,000000061.B3LYP@PM6.S0,C3H8O10P2,266.037142,0,1,molssiai-hub/pubchemqc-b3lyp,B3LYP/6-31G*//PM6 (gas phase),CC BY 4.0,10.1021/acs.jcim.3c00899,-7.793341,-0.342863,7.450477,-7.793341,-0.342863,4.613861,dataset_level_eV,inchikey_from_pubchem_cid,,false,false,false,false,false,false,,,,,-10.732025,,linear_2fold_v1,calibrated_estimate
XOKCJXZZNAUIQN-UHFFFAOYSA-N,414,20160829,000000414.B3LYP@PM6.S0,C10H12N2O2,192.214480,0,1,molssiai-hub/pubchemqc-b3lyp,B3LYP/6-31G*//PM6 (gas phase),CC BY 4.0,10.1021/acs.jcim.3c00899,-6.661347,-1.061244,5.600103,-6.661347,-1.061244,2.215184,dataset_level_eV,inchikey_from_pubchem_cid,,false,false,false,false,false,false,,,,,-9.585031,,linear_2fold_v1,calibrated_estimate
XOMRRQXKHMYMOC-UHFFFAOYSA-N,461,20160829,000000461.B3LYP@PM6.S0,C23H45NO4,399.607700,0,1,molssiai-hub/pubchemqc-b3lyp,B3LYP/6-31G*//PM6 (gas phase),CC BY 4.0,10.1021/acs.jcim.3c00899,-4.571513,-0.165989,4.405523,-4.571513,-0.165989,11.739681,dataset_level_eV,inchikey_from_pubchem_cid,,false,false,false,false,false,false,,,,,-7.467505,,linear_2fold_v1,calibrated_estimate
XPPZDBCBKYATPW-UHFFFAOYSA-N,352,20160829,000000352.B3LYP@PM6.S0,C24H34N8O12,626.573160,0,1,molssiai-hub/pubchemqc-b3lyp,B3LYP/6-31G*//PM6 (gas phase),CC BY 4.0,10.1021/acs.jcim.3c00899,-4.824579,-0.993216,3.831363,-4.824579,-0.993216,4.401663,dataset_level_eV,inchikey_from_pubchem_cid,,false,false,false,false,false,false,,,,,-7.723925,,linear_2fold_v1,calibrated_estimate
XQFJDFIHJKPUEL-UHFFFAOYSA-N,136536,20160829,000136536.B3LYP@PM6.S0,C9H13NO,151.205620,0,1,molssiai-hub/pubchemqc-b3lyp,B3LYP/6-31G*//PM6 (gas phase),CC BY 4.0,10.1021/acs.jcim.3c00899,-5.630036,0.100682,5.730718,-5.630036,0.100682,1.743440,dataset_level_eV,inchikey_match_target,batt_calibration_sample;batt_orbit_pool;key_registry;targeted_harvest,true,true,false,false,false,true,-8.131800,1.585400,-2.501764,1.484718,,,,paired_anchor
XQQZRZQVBFHBHL-UHFFFAOYSA-N,9269,20160829,000009269.B3LYP@PM6.S0,C8H16O4,176.210240,0,1,molssiai-hub/pubchemqc-b3lyp,B3LYP/6-31G*//PM6 (gas phase),CC BY 4.0,10.1021/acs.jcim.3c00899,-6.247734,0.824505,7.072239,-6.247734,0.824505,0.000094,dataset_level_eV,inchikey_match_target,epsilon_roster;key_registry;targeted_harvest,true,false,true,false,false,false,,,,,-9.165938,,linear_2fold_v1,calibrated_estimate
XQXPVVBIMDBYFF-UHFFFAOYSA-N,127,20160829,000000127.B3LYP@PM6.S0,C8H8O3,152.147320,0,1,molssiai-hub/pubchemqc-b3lyp,B3LYP/6-31G*//PM6 (gas phase),CC BY 4.0,10.1021/acs.jcim.3c00899,-6.283109,-0.661237,5.621872,-6.283109,-0.661237,4.766454,dataset_level_eV,inchikey_from_pubchem_cid,,false,false,false,false,false,false,,,,,-9.201781,,linear_2fold_v1,calibrated_estimate
XQYALQVLCNHCFT-UHFFFAOYSA-N,132,20160829,000000132.B3LYP@PM6.S0,C12H23N2O9PS,402.357781,0,1,molssiai-hub/pubchemqc-b3lyp,B3LYP/6-31G*//PM6 (gas phase),CC BY 4.0,10.1021/acs.jcim.3c00899,-6.748423,-0.748313,6.000110,-6.748423,-0.748313,4.385981,dataset_level_eV,inchikey_from_pubchem_cid,,false,false,false,false,false,false,,,,,-9.673261,,linear_2fold_v1,calibrated_estimate
XTHFKEDIFFGKHM-UHFFFAOYSA-N,8071,20160829,000008071.B3LYP@PM6.S0,C4H10O2,90.121000,0,1,molssiai-hub/pubchemqc-b3lyp,B3LYP/6-31G*//PM6 (gas phase),CC BY 4.0,10.1021/acs.jcim.3c00899,-6.685837,2.117046,8.802883,-6.685837,2.117046,0.276596,dataset_level_eV,inchikey_match_target,batt_orbit_pool;epsilon_roster;key_registry;named_solvent;targeted_harvest;viscosity_roster,true,true,true,true,false,false,-9.566900,1.740900,-2.881063,-0.376146,,,,paired_anchor
XTOKIEIBKARFSZ-UHFFFAOYSA-N,556,20160829,000000556.B3LYP@PM6.S0,C9H13NO6,231.202620,0,1,molssiai-hub/pubchemqc-b3lyp,B3LYP/6-31G*//PM6 (gas phase),CC BY 4.0,10.1021/acs.jcim.3c00899,-7.080402,-1.235397,5.845006,-7.080402,-1.235397,8.256925,dataset_level_eV,inchikey_from_pubchem_cid,,false,false,false,false,false,false,,,,,-10.009639,,linear_2fold_v1,calibrated_estimate
XTWYTFMLZFPYCI-UHFFFAOYSA-N,197,20160829,000000197.B3LYP@PM6.S0,C10H15N5O10P2,427.201122,0,1,molssiai-hub/pubchemqc-b3lyp,B3LYP/6-31G*//PM6 (gas phase),CC BY 4.0,10.1021/acs.jcim.3c00899,-6.027322,-0.827226,5.200096,-6.027322,-0.827226,4.629068,dataset_level_eV,inchikey_from_pubchem_cid,,false,false,false,false,false,false,,,,,-8.942605,,linear_2fold_v1,calibrated_estimate
XUDJZDNUVZHSKZ-UHFFFAOYSA-N,75546,20160829,000075546.B3LYP@PM6.S0,C25H50O2,382.663300,0,1,molssiai-hub/pubchemqc-b3lyp,B3LYP/6-31G*//PM6 (gas phase),CC BY 4.0,10.1021/acs.jcim.3c00899,-7.240950,0.380959,7.621909,-7.240950,0.380959,1.503361,dataset_level_eV,inchikey_match_target,key_registry;targeted_harvest;viscosity_roster;viscosity_roster_sample,true,false,false,true,true,false,,,,,-10.172314,,linear_2fold_v1,calibrated_estimate
XUJNEKJLAYXESH-UHFFFAOYSA-N,594,20160829,000000594.B3LYP@PM6.S0,C3H7NO2S,121.158180,0,1,molssiai-hub/pubchemqc-b3lyp,B3LYP/6-31G*//PM6 (gas phase),CC BY 4.0,10.1021/acs.jcim.3c00899,-6.783798,-0.089798,6.694001,-6.783798,-0.089798,2.010879,dataset_level_eV,inchikey_from_pubchem_cid,,false,false,false,false,false,false,,,,,-9.709105,,linear_2fold_v1,calibrated_estimate
XUYJLQHKOGNDPB-UHFFFAOYSA-N,546,20160829,000000546.B3LYP@PM6.S0,C2H5O5P,140.031861,0,1,molssiai-hub/pubchemqc-b3lyp,B3LYP/6-31G*//PM6 (gas phase),CC BY 4.0,10.1021/acs.jcim.3c00899,-7.385170,-0.111567,7.273603,-7.385170,-0.111567,5.478477,dataset_level_eV,inchikey_from_pubchem_cid,,false,false,false,false,false,false,,,,,-10.318445,,linear_2fold_v1,calibrated_estimate
XWSNBKDRTFVUMY-UHFFFAOYSA-N,39070,20160829,000039070.B3LYP@PM6.S0,C6H9NS,127.207360,0,1,molssiai-hub/pubchemqc-b3lyp,B3LYP/6-31G*//PM6 (gas phase),CC BY 4.0,10.1021/acs.jcim.3c00899,-6.481752,-0.647631,5.834121,-6.481752,-0.647631,1.116260,dataset_level_eV,inchikey_match_target,batt_calibration_sample;batt_orbit_pool;key_registry;targeted_harvest,true,true,false,false,false,true,-9.165500,1.361000,-2.683748,2.008631,,,,paired_anchor
XXBDWLFCJWSEKW-UHFFFAOYSA-N,7681,20160829,000007681.B3LYP@PM6.S0,C9H13N,135.206220,0,1,molssiai-hub/pubchemqc-b3lyp,B3LYP/6-31G*//PM6 (gas phase),CC BY 4.0,10.1021/acs.jcim.3c00899,-5.904871,0.057144,5.962014,-5.904871,0.057144,0.750072,dataset_level_eV,inchikey_match_target,key_registry;targeted_harvest;viscosity_roster;viscosity_roster_sample,true,false,false,true,true,false,,,,,-8.818531,,linear_2fold_v1,calibrated_estimate
XYUHQWZOBKBXMT-UHFFFAOYSA-N,347,20160829,000000347.B3LYP@PM6.S0,C13H18O7,286.277820,0,1,molssiai-hub/pubchemqc-b3lyp,B3LYP/6-31G*//PM6 (gas phase),CC BY 4.0,10.1021/acs.jcim.3c00899,-6.381070,-0.351027,6.030043,-6.381070,-0.351027,3.250421,dataset_level_eV,inchikey_from_pubchem_cid,,false,false,false,false,false,false,,,,,-9.301040,,linear_2fold_v1,calibrated_estimate
XZKIHKMTEMTJQX-UHFFFAOYSA-N,378,20160829,000000378.B3LYP@PM6.S0,C6H6NO6P,219.088701,0,1,molssiai-hub/pubchemqc-b3lyp,B3LYP/6-31G*//PM6 (gas phase),CC BY 4.0,10.1021/acs.jcim.3c00899,-7.110335,-2.231334,4.879001,-7.110335,-2.231334,6.610397,dataset_level_eV,inchikey_from_pubchem_cid,,false,false,false,false,false,false,,,,,-10.039969,,linear_2fold_v1,calibrated_estimate
YANFYYGANIYHGI-UHFFFAOYSA-N,502,20160829,000000502.B3LYP@PM6.S0,C5H13N3O,131.176220,0,1,molssiai-hub/pubchemqc-b3lyp,B3LYP/6-31G*//PM6 (gas phase),CC BY 4.0,10.1021/acs.jcim.3c00899,-6.171542,1.515674,7.687216,-6.171542,1.515674,4.489176,dataset_level_eV,inchikey_from_pubchem_cid,,false,false,false,false,false,false,,,,,-9.088736,,linear_2fold_v1,calibrated_estimate
YBJHBAHKTGYVGT-UHFFFAOYSA-N,253,20160829,000000253.B3LYP@PM6.S0,C10H16N2O3S,244.310640,0,1,molssiai-hub/pubchemqc-b3lyp,B3LYP/6-31G*//PM6 (gas phase),CC BY 4.0,10.1021/acs.jcim.3c00899,-6.280388,0.019048,6.299436,-6.280388,0.019048,1.269463,dataset_level_eV,inchikey_from_pubchem_cid,,false,false,false,false,false,false,,,,,-9.199024,,linear_2fold_v1,calibrated_estimate
YBKOPFQCLSPTPV-UHFFFAOYSA-N,694,20160829,000000694.B3LYP@PM6.S0,C6H6N2O,122.124640,0,1,molssiai-hub/pubchemqc-b3lyp,B3LYP/6-31G*//PM6 (gas phase),CC BY 4.0,10.1021/acs.jcim.3c00899,-6.359301,-1.461251,4.898049,-6.359301,-1.461251,1.927209,dataset_level_eV,inchikey_from_pubchem_cid,,false,false,false,false,false,false,,,,,-9.278983,,linear_2fold_v1,calibrated_estimate
YCIMNLLNPGFGHC-UHFFFAOYSA-N,289,20160829,000000289.B3LYP@PM6.S0,C6H6O2,110.110640,0,1,molssiai-hub/pubchemqc-b3lyp,B3LYP/6-31G*//PM6 (gas phase),CC BY 4.0,10.1021/acs.jcim.3c00899,-5.553844,0.209528,5.763371,-5.553844,0.209528,2.492786,dataset_level_eV,inchikey_from_pubchem_cid,key_registry,true,false,false,false,false,false,,,,,-8.462853,,linear_2fold_v1,calibrated_estimate
YCWUVLPMLLBDCU-UHFFFAOYSA-N,530,20160829,000000530.B3LYP@PM6.S0,C20H24N8O6,472.454560,0,1,molssiai-hub/pubchemqc-b3lyp,B3LYP/6-31G*//PM6 (gas phase),CC BY 4.0,10.1021/acs.jcim.3c00899,-5.526632,-0.723823,4.802809,-5.526632,-0.723823,10.326570,dataset_level_eV,inchikey_from_pubchem_cid,,false,false,false,false,false,false,,,,,-8.435280,,linear_2fold_v1,calibrated_estimate
YDGMGEXADBMOMJ-UHFFFAOYSA-N,501,20160829,000000501.B3LYP@PM6.S0,C8H18N4O2,202.254120,0,1,molssiai-hub/pubchemqc-b3lyp,B3LYP/6-31G*//PM6 (gas phase),CC BY 4.0,10.1021/acs.jcim.3c00899,-5.956572,0.293883,6.250455,-5.956572,0.293883,4.400845,dataset_level_eV,inchikey_from_pubchem_cid,,false,false,false,false,false,false,,,,,-8.870917,,linear_2fold_v1,calibrated_estimate
YDRSQRPHLBEPTP-UHFFFAOYSA-N,418,20160829,000000418.B3LYP@PM6.S0,C6H8O2,112.126520,0,1,molssiai-hub/pubchemqc-b3lyp,B3LYP/6-31G*//PM6 (gas phase),CC BY 4.0,10.1021/acs.jcim.3c00899,-6.231407,-1.191859,5.039549,-6.231407,-1.191859,2.874812,dataset_level_eV,inchikey_from_pubchem_cid,,false,false,false,false,false,false,,,,,-9.149394,,linear_2fold_v1,calibrated_estimate
YEJRWHAVMIAJKC-UHFFFAOYSA-N,7302,20160829,000007302.B3LYP@PM6.S0,C4H6O2,86.089240,0,1,molssiai-hub/pubchemqc-b3lyp,B3LYP/6-31G*//PM6 (gas phase),CC BY 4.0,10.1021/acs.jcim.3c00899,-7.257276,0.242181,7.499458,-7.257276,0.242181,4.582112,dataset_level_eV,inchikey_match_target,batt_orbit_pool;epsilon_roster;key_registry;named_solvent;targeted_harvest;viscosity_roster,true,true,true,true,false,false,-10.365900,1.610200,-3.108624,1.368019,,,,paired_anchor
YEMKIGUKNDOZEG-UHFFFAOYSA-N,490,20160829,000000490.B3LYP@PM6.S0,C2H5O4P,124.032461,0,1,molssiai-hub/pubchemqc-b3lyp,B3LYP/6-31G*//PM6 (gas phase),CC BY 4.0,10.1021/acs.jcim.3c00899,-7.317141,-1.153763,6.163379,-7.317141,-1.153763,2.986402,dataset_level_eV,inchikey_from_pubchem_cid,,false,false,false,false,false,false,,,,,-10.249515,,linear_2fold_v1,calibrated_estimate
YEYKMVJDLWJFOA-UHFFFAOYSA-N,17756,20160829,000017756.B3LYP@PM6.S0,C5H12O2,104.147580,0,1,molssiai-hub/pubchemqc-b3lyp,B3LYP/6-31G*//PM6 (gas phase),CC BY 4.0,10.1021/acs.jcim.3c00899,-6.821894,2.195959,9.017853,-6.821894,2.195959,1.992115,dataset_level_eV,inchikey_match_target,epsilon_roster;key_registry;targeted_harvest,true,false,true,false,false,false,,,,,-9.747706,,linear_2fold_v1,calibrated_estimate
YFAUKWZNPVBCFF-UHFFFAOYSA-N,121,20160829,000000121.B3LYP@PM6.S0,C14H25N3O14P2,521.307522,0,1,molssiai-hub/pubchemqc-b3lyp,B3LYP/6-31G*//PM6 (gas phase),CC BY 4.0,10.1021/acs.jcim.3c00899,-6.473589,-1.651731,4.821857,-6.473589,-1.651731,14.282036,dataset_level_eV,inchikey_from_pubchem_cid,,false,false,false,false,false,false,,,,,-9.394785,,linear_2fold_v1,calibrated_estimate
YFMFNYKEUDLDTL-UHFFFAOYSA-N,67940,20160829,000067940.B3LYP@PM6.S0,C3HF7,170.028862,0,1,molssiai-hub/pubchemqc-b3lyp,B3LYP/6-31G*//PM6 (gas phase),CC BY 4.0,10.1021/acs.jcim.3c00899,-10.438287,0.604093,11.042380,-10.438287,0.604093,1.536018,dataset_level_eV,inchikey_match_target,epsilon_roster;key_registry;targeted_harvest,true,false,true,false,false,false,,,,,-13.412019,,linear_2fold_v1,calibrated_estimate
YFNKIDBQEZZDLK-UHFFFAOYSA-N,8189,20160829,000008189.B3LYP@PM6.S0,C8H18O4,178.226120,0,1,molssiai-hub/pubchemqc-b3lyp,B3LYP/6-31G*//PM6 (gas phase),CC BY 4.0,10.1021/acs.jcim.3c00899,-6.639578,1.869422,8.509000,-6.639578,1.869422,0.662820,dataset_level_eV,inchikey_match_target,batt_orbit_pool;epsilon_roster;key_registry;targeted_harvest;viscosity_roster;viscosity_roster_sample,true,true,true,true,true,false,-9.131900,1.633300,-2.492322,-0.236122,,,,paired_anchor
YGMNKJYNUZEQNJ-UHFFFAOYSA-N,327,20160829,000000327.B3LYP@PM6.S0,C14H8N2O8,332.221920,0,1,molssiai-hub/pubchemqc-b3lyp,B3LYP/6-31G*//PM6 (gas phase),CC BY 4.0,10.1021/acs.jcim.3c00899,-5.594661,-3.170126,2.424534,-5.594661,-3.170126,3.453578,dataset_level_eV,inchikey_from_pubchem_cid,,false,false,false,false,false,false,,,,,-8.504211,,linear_2fold_v1,calibrated_estimate
YGSDEFSMJLZEOE-UHFFFAOYSA-N,338,20160829,000000338.B3LYP@PM6.S0,C7H6O3,138.120740,0,1,molssiai-hub/pubchemqc-b3lyp,B3LYP/6-31G*//PM6 (gas phase),CC BY 4.0,10.1021/acs.jcim.3c00899,-6.745702,-1.346964,5.398739,-6.745702,-1.346964,6.671385,dataset_level_eV,inchikey_from_pubchem_cid,,false,false,false,false,false,false,,,,,-9.670504,,linear_2fold_v1,calibrated_estimate
YHEDRJPUIRMZMP-UHFFFAOYSA-N,520,20160829,000000520.B3LYP@PM6.S0,C18H40NO5P,381.487661,0,1,molssiai-hub/pubchemqc-b3lyp,B3LYP/6-31G*//PM6 (gas phase),CC BY 4.0,10.1021/acs.jcim.3c00899,-5.899428,0.473478,6.372906,-5.899428,0.473478,3.907342,dataset_level_eV,inchikey_from_pubchem_cid,,false,false,false,false,false,false,,,,,-8.813016,,linear_2fold_v1,calibrated_estimate
YHRUOJUYPBUZOS-UHFFFAOYSA-N,8881,20160829,000008881.B3LYP@PM6.S0,C3H6Cl2,112.985740,0,1,molssiai-hub/pubchemqc-b3lyp,B3LYP/6-31G*//PM6 (gas phase),CC BY 4.0,10.1021/acs.jcim.3c00899,-7.970215,-0.008163,7.962051,-7.970215,-0.008163,2.109617,dataset_level_eV,inchikey_match_target,epsilon_roster;key_registry;targeted_harvest,true,false,true,false,false,false,,,,,-10.911243,,linear_2fold_v1,calibrated_estimate
YHVFECVVGNXFKO-UHFFFAOYSA-N,123,20160829,000000123.B3LYP@PM6.S0,C5H12N4O,144.174980,0,1,molssiai-hub/pubchemqc-b3lyp,B3LYP/6-31G*//PM6 (gas phase),CC BY 4.0,10.1021/acs.jcim.3c00899,-6.070860,0.930629,7.001489,-6.070860,0.930629,4.293806,dataset_level_eV,inchikey_from_pubchem_cid,,false,false,false,false,false,false,,,,,-8.986720,,linear_2fold_v1,calibrated_estimate
YHXHKYRQLYQUIH-UHFFFAOYSA-N,328,20160829,000000328.B3LYP@PM6.S0,C8H8O4,168.146720,0,1,molssiai-hub/pubchemqc-b3lyp,B3LYP/6-31G*//PM6 (gas phase),CC BY 4.0,10.1021/acs.jcim.3c00899,-6.182427,-0.481642,5.700785,-6.182427,-0.481642,4.410545,dataset_level_eV,inchikey_from_pubchem_cid,,false,false,false,false,false,false,,,,,-9.099765,,linear_2fold_v1,calibrated_estimate
YIEMFVNCENFBSD-UHFFFAOYSA-N,41,20160829,000000041.B3LYP@PM6.S0,C6H11O6PS,242.186701,0,1,molssiai-hub/pubchemqc-b3lyp,B3LYP/6-31G*//PM6 (gas phase),CC BY 4.0,10.1021/acs.jcim.3c00899,-5.787862,-1.670779,4.117083,-5.787862,-1.670779,3.131486,dataset_level_eV,inchikey_from_pubchem_cid,,false,false,false,false,false,false,,,,,-8.699972,,linear_2fold_v1,calibrated_estimate
YIWUKEYIRIRTPP-UHFFFAOYSA-N,7720,20160829,000007720.B3LYP@PM6.S0,C8H18O,130.227920,0,1,molssiai-hub/pubchemqc-b3lyp,B3LYP/6-31G*//PM6 (gas phase),CC BY 4.0,10.1021/acs.jcim.3c00899,-6.944345,1.972825,8.917171,-6.944345,1.972825,1.617566,dataset_level_eV,inchikey_match_target,epsilon_roster;key_registry;named_solvent;targeted_harvest;viscosity_roster,true,false,true,true,false,false,,,,,-9.871779,,linear_2fold_v1,calibrated_estimate
YKBGVTZYEHREMT-UHFFFAOYSA-N,638,20160829,000000638.B3LYP@PM6.S0,C10H13N5O4,267.241320,0,1,molssiai-hub/pubchemqc-b3lyp,B3LYP/6-31G*//PM6 (gas phase),CC BY 4.0,10.1021/acs.jcim.3c00899,-5.469488,-0.076192,5.393297,-5.469488,-0.076192,13.112011,dataset_level_eV,inchikey_from_pubchem_cid,,false,false,false,false,false,false,,,,,-8.377379,,linear_2fold_v1,calibrated_estimate
YKOQAAJBYBTSBS-UHFFFAOYSA-N,254,20160829,000000254.B3LYP@PM6.S0,C12H10O2,186.206600,0,1,molssiai-hub/pubchemqc-b3lyp,B3LYP/6-31G*//PM6 (gas phase),CC BY 4.0,10.1021/acs.jcim.3c00899,-5.518469,-0.497968,5.020501,-5.518469,-0.497968,2.850509,dataset_level_eV,inchikey_from_pubchem_cid,,false,false,false,false,false,false,,,,,-8.427009,,linear_2fold_v1,calibrated_estimate
YKSIHFDRGQQOCJ-UHFFFAOYSA-N,582,20160829,000000582.B3LYP@PM6.S0,C34H58N4O24S2,970.966720,0,1,molssiai-hub/pubchemqc-b3lyp,B3LYP/6-31G*//PM6 (gas phase),CC BY 4.0,10.1021/acs.jcim.3c00899,-5.779698,-0.650352,5.129346,-5.779698,-0.650352,7.738554,dataset_level_eV,inchikey_from_pubchem_cid,,false,false,false,false,false,false,,,,,-8.691700,,linear_2fold_v1,calibrated_estimate
YKYONYBAUNKHLG-UHFFFAOYSA-N,7997,20160829,000007997.B3LYP@PM6.S0,C5H10O2,102.131700,0,1,molssiai-hub/pubchemqc-b3lyp,B3LYP/6-31G*//PM6 (gas phase),CC BY 4.0,10.1021/acs.jcim.3c00899,-7.287209,0.342863,7.630072,-7.287209,0.342863,1.622923,dataset_level_eV,inchikey_match_target,batt_orbit_pool;key_registry;targeted_harvest;viscosity_roster;viscosity_roster_sample,true,true,false,true,true,false,-10.456100,1.618400,-3.168891,1.275537,,,,paired_anchor
YLQBMQCUIZJEEH-UHFFFAOYSA-N,8029,20160829,000008029.B3LYP@PM6.S0,C4H4O,68.073960,0,1,molssiai-hub/pubchemqc-b3lyp,B3LYP/6-31G*//PM6 (gas phase),CC BY 4.0,10.1021/acs.jcim.3c00899,-6.114398,0.323815,6.438214,-6.114398,0.323815,0.786802,dataset_level_eV,inchikey_match_target,batt_orbit_pool;epsilon_roster;key_registry;targeted_harvest;viscosity_roster,true,true,true,true,false,false,-8.985600,1.801400,-2.871202,1.477585,,,,paired_anchor
YMGUBTXCNDTFJI-UHFFFAOYSA-N,15655,20160829,000015655.B3LYP@PM6.S0,C4H6O2,86.089240,0,1,molssiai-hub/pubchemqc-b3lyp,B3LYP/6-31G*//PM6 (gas phase),CC BY 4.0,10.1021/acs.jcim.3c00899,-7.366122,0.125172,7.491294,-7.366122,0.125172,4.418765,dataset_level_eV,inchikey_match_target,key_registry;targeted_harvest;viscosity_roster;viscosity_roster_sample,true,false,false,true,true,false,,,,,-10.299145,,linear_2fold_v1,calibrated_estimate
YMWUJEATGCHHMB-UHFFFAOYSA-N,6344,20160829,000006344.B3LYP@PM6.S0,CH2Cl2,84.932580,0,1,molssiai-hub/pubchemqc-b3lyp,B3LYP/6-31G*//PM6 (gas phase),CC BY 4.0,10.1021/acs.jcim.3c00899,-8.340290,-0.097961,8.242329,-8.340290,-0.097961,1.883871,dataset_level_eV,inchikey_match_target,epsilon_roster;key_registry;targeted_harvest;viscosity_roster,true,false,true,true,false,false,,,,,-11.286222,,linear_2fold_v1,calibrated_estimate
YNAVUWVOSKDBBP-UHFFFAOYSA-N,8083,20160829,000008083.B3LYP@PM6.S0,C4H9NO,87.120360,0,1,molssiai-hub/pubchemqc-b3lyp,B3LYP/6-31G*//PM6 (gas phase),CC BY 4.0,10.1021/acs.jcim.3c00899,-6.108956,2.097998,8.206954,-6.108956,2.097998,1.459634,dataset_level_eV,inchikey_match_target,epsilon_roster;key_registry;targeted_harvest,true,false,true,false,false,false,,,,,-9.025321,,linear_2fold_v1,calibrated_estimate
YNOXCRMFGMSKIJ-UHFFFAOYSA-N,515,20160829,000000515.B3LYP@PM6.S0,C7H10O7,206.150100,0,1,molssiai-hub/pubchemqc-b3lyp,B3LYP/6-31G*//PM6 (gas phase),CC BY 4.0,10.1021/acs.jcim.3c00899,-7.480410,-1.074850,6.405560,-7.480410,-1.074850,1.178885,dataset_level_eV,inchikey_from_pubchem_cid,,false,false,false,false,false,false,,,,,-10.414947,,linear_2fold_v1,calibrated_estimate
YNPGYMZVNLIZLD-UHFFFAOYSA-N,55,20160829,000000055.B3LYP@PM6.S0,C46H70O2,655.046800,0,1,molssiai-hub/pubchemqc-b3lyp,B3LYP/6-31G*//PM6 (gas phase),CC BY 4.0,10.1021/acs.jcim.3c00899,-5.415066,-0.002721,5.412344,-5.415066,-0.002721,3.397896,dataset_level_eV,inchikey_from_pubchem_cid,,false,false,false,false,false,false,,,,,-8.322236,,linear_2fold_v1,calibrated_estimate
YOAHKNVSNCMZGQ-UHFFFAOYSA-N,194,20160829,000000194.B3LYP@PM6.S0,C20H28N10O19P4,836.386964,0,1,molssiai-hub/pubchemqc-b3lyp,B3LYP/6-31G*//PM6 (gas phase),CC BY 4.0,10.1021/acs.jcim.3c00899,-6.179706,-1.333358,4.846348,-6.179706,-1.333358,5.724096,dataset_level_eV,inchikey_from_pubchem_cid,,false,false,false,false,false,false,,,,,-9.097008,,linear_2fold_v1,calibrated_estimate
YOMSJEATGXXYPX-UHFFFAOYSA-N,332,20160829,000000332.B3LYP@PM6.S0,C9H10O2,150.174500,0,1,molssiai-hub/pubchemqc-b3lyp,B3LYP/6-31G*//PM6 (gas phase),CC BY 4.0,10.1021/acs.jcim.3c00899,-5.330710,-0.255787,5.074923,-5.330710,-0.255787,2.600618,dataset_level_eV,inchikey_from_pubchem_cid,,false,false,false,false,false,false,,,,,-8.236762,,linear_2fold_v1,calibrated_estimate
YOOVTUPUBVHMPG-UHFFFAOYSA-N,320,20160829,000000320.B3LYP@PM6.S0,C11H16N4O5,284.268540,0,1,molssiai-hub/pubchemqc-b3lyp,B3LYP/6-31G*//PM6 (gas phase),CC BY 4.0,10.1021/acs.jcim.3c00899,-5.477652,-0.179595,5.298057,-5.477652,-0.179595,6.182172,dataset_level_eV,inchikey_from_pubchem_cid,,false,false,false,false,false,false,,,,,-8.385651,,linear_2fold_v1,calibrated_estimate
YOVXRIACERVBAG-UHFFFAOYSA-N,570,20160829,000000570.B3LYP@PM6.S0,C12H10O4,218.205400,0,1,molssiai-hub/pubchemqc-b3lyp,B3LYP/6-31G*//PM6 (gas phase),CC BY 4.0,10.1021/acs.jcim.3c00899,-6.155215,-2.375554,3.779661,-6.155215,-2.375554,8.627409,dataset_level_eV,inchikey_from_pubchem_cid,,false,false,false,false,false,false,,,,,-9.072193,,linear_2fold_v1,calibrated_estimate
YPFDHNVEDLHUCE-UHFFFAOYSA-N,10442,20160829,000010442.B3LYP@PM6.S0,C3H8O2,76.094420,0,1,molssiai-hub/pubchemqc-b3lyp,B3LYP/6-31G*//PM6 (gas phase),CC BY 4.0,10.1021/acs.jcim.3c00899,-6.685837,1.668058,8.353895,-6.685837,1.668058,2.433300,dataset_level_eV,inchikey_match_target,epsilon_roster;key_registry;targeted_harvest;viscosity_roster,true,false,true,true,false,false,,,,,-9.609846,,linear_2fold_v1,calibrated_estimate
YQIFAMYNGGOTFB-UHFFFAOYSA-N,659,20160829,000000659.B3LYP@PM6.S0,C9H13N5O4,255.230620,0,1,molssiai-hub/pubchemqc-b3lyp,B3LYP/6-31G*//PM6 (gas phase),CC BY 4.0,10.1021/acs.jcim.3c00899,-5.706227,-1.314310,4.391918,-5.706227,-1.314310,8.443276,dataset_level_eV,inchikey_from_pubchem_cid,,false,false,false,false,false,false,,,,,-8.617255,,linear_2fold_v1,calibrated_estimate
YQUVCSBJEUQKSH-UHFFFAOYSA-N,72,20160829,000000072.B3LYP@PM6.S0,C7H6O4,154.120140,0,1,molssiai-hub/pubchemqc-b3lyp,B3LYP/6-31G*//PM6 (gas phase),CC BY 4.0,10.1021/acs.jcim.3c00899,-6.144331,-0.848995,5.295336,-6.144331,-0.848995,6.299927,dataset_level_eV,inchikey_from_pubchem_cid,,false,false,false,false,false,false,,,,,-9.061164,,linear_2fold_v1,calibrated_estimate
YSIMAPNUZAVQER-UHFFFAOYSA-N,31286,20160829,000031286.B3LYP@PM6.S0,C8H15N,125.211400,0,1,molssiai-hub/pubchemqc-b3lyp,B3LYP/6-31G*//PM6 (gas phase),CC BY 4.0,10.1021/acs.jcim.3c00899,-8.280424,1.047638,9.328063,-8.280424,1.047638,4.221967,dataset_level_eV,inchikey_match_target,batt_orbit_pool;epsilon_roster;key_registry;targeted_harvest,true,true,true,false,false,false,-11.005100,1.754100,-2.724676,0.706462,,,,paired_anchor
YSYKRGRSMLTJNL-UHFFFAOYSA-N,684,20160829,000000684.B3LYP@PM6.S0,C16H26N2O16P2,564.328962,0,1,molssiai-hub/pubchemqc-b3lyp,B3LYP/6-31G*//PM6 (gas phase),CC BY 4.0,10.1021/acs.jcim.3c00899,-6.620530,-1.455809,5.164721,-6.620530,-1.455809,1.174080,dataset_level_eV,inchikey_from_pubchem_cid,,false,false,false,false,false,false,,,,,-9.543673,,linear_2fold_v1,calibrated_estimate
YTIVTFGABIZHHX-UHFFFAOYSA-N,371,20160829,000000371.B3LYP@PM6.S0,C4H2O4,114.056280,0,1,molssiai-hub/pubchemqc-b3lyp,B3LYP/6-31G*//PM6 (gas phase),CC BY 4.0,10.1021/acs.jcim.3c00899,-8.386549,-2.938830,5.447719,-8.386549,-2.938830,0.000170,dataset_level_eV,inchikey_from_pubchem_cid,,false,false,false,false,false,false,,,,,-11.333093,,linear_2fold_v1,calibrated_estimate
YTTRPBWEMMPYSW-UHFFFAOYSA-N,184,20160829,000000184.B3LYP@PM6.S0,C12H21N3O8,335.310440,0,1,molssiai-hub/pubchemqc-b3lyp,B3LYP/6-31G*//PM6 (gas phase),CC BY 4.0,10.1021/acs.jcim.3c00899,-6.492636,-0.234018,6.258619,-6.492636,-0.234018,6.695052,dataset_level_eV,inchikey_from_pubchem_cid,,false,false,false,false,false,false,,,,,-9.414085,,linear_2fold_v1,calibrated_estimate
YWAKXRMUMFPDSH-UHFFFAOYSA-N,8004,20160829,000008004.B3LYP@PM6.S0,C5H10,70.132900,0,1,molssiai-hub/pubchemqc-b3lyp,B3LYP/6-31G*//PM6 (gas phase),CC BY 4.0,10.1021/acs.jcim.3c00899,-6.742981,0.704775,7.447756,-6.742981,0.704775,0.350325,dataset_level_eV,inchikey_match_target,epsilon_roster;key_registry;targeted_harvest,true,false,true,false,false,false,,,,,-9.667747,,linear_2fold_v1,calibrated_estimate
YXFVVABEGXRONW-UHFFFAOYSA-N,1140,20160829,000001140.B3LYP@PM6.S0,C7H8,92.138420,0,1,molssiai-hub/pubchemqc-b3lyp,B3LYP/6-31G*//PM6 (gas phase),CC BY 4.0,10.1021/acs.jcim.3c00899,-6.364743,0.078913,6.443656,-6.364743,0.078913,0.320562,dataset_level_eV,inchikey_match_target,epsilon_roster;key_registry;targeted_harvest;viscosity_roster;viscosity_roster_sample,true,false,true,true,true,false,,,,,-9.284497,,linear_2fold_v1,calibrated_estimate
YXWOAJXNVLXPMU-UHFFFAOYSA-N,483,20160829,000000483.B3LYP@PM6.S0,C6H14O12P2,340.115682,0,1,molssiai-hub/pubchemqc-b3lyp,B3LYP/6-31G*//PM6 (gas phase),CC BY 4.0,10.1021/acs.jcim.3c00899,-7.132104,0.242181,7.374285,-7.132104,0.242181,1.842341,dataset_level_eV,inchikey_from_pubchem_cid,,false,false,false,false,false,false,,,,,-10.062026,,linear_2fold_v1,calibrated_estimate
YYLLIJHXUHJATK-UHFFFAOYSA-N,12146,20160829,000012146.B3LYP@PM6.S0,C8H14O2,142.195560,0,1,molssiai-hub/pubchemqc-b3lyp,B3LYP/6-31G*//PM6 (gas phase),CC BY 4.0,10.1021/acs.jcim.3c00899,-7.213738,0.361911,7.575650,-7.213738,0.361911,1.843994,dataset_level_eV,inchikey_match_target,batt_orbit_pool;key_registry;targeted_harvest;viscosity_roster;viscosity_roster_sample,true,true,false,true,true,false,-10.273000,1.641200,-3.059262,1.279289,,,,paired_anchor
YYZUSRORWSJGET-UHFFFAOYSA-N,7799,20160829,000007799.B3LYP@PM6.S0,C10H20O2,172.264600,0,1,molssiai-hub/pubchemqc-b3lyp,B3LYP/6-31G*//PM6 (gas phase),CC BY 4.0,10.1021/acs.jcim.3c00899,-7.243671,0.391844,7.635515,-7.243671,0.391844,1.461888,dataset_level_eV,inchikey_match_target,key_registry;targeted_harvest;viscosity_roster;viscosity_roster_sample,true,false,false,true,true,false,,,,,-10.175071,,linear_2fold_v1,calibrated_estimate
YZXBAPSDXZZRGB-UHFFFAOYSA-N,231,20160829,000000231.B3LYP@PM6.S0,C20H32O2,304.466880,0,1,molssiai-hub/pubchemqc-b3lyp,B3LYP/6-31G*//PM6 (gas phase),CC BY 4.0,10.1021/acs.jcim.3c00899,-6.280388,0.068028,6.348416,-6.280388,0.068028,4.717741,dataset_level_eV,inchikey_from_pubchem_cid,,false,false,false,false,false,false,,,,,-9.199024,,linear_2fold_v1,calibrated_estimate
ZAFNJMIOTHYJRJ-UHFFFAOYSA-N,7914,20160829,000007914.B3LYP@PM6.S0,C6H14O,102.174760,0,1,molssiai-hub/pubchemqc-b3lyp,B3LYP/6-31G*//PM6 (gas phase),CC BY 4.0,10.1021/acs.jcim.3c00899,-6.574271,2.220449,8.794720,-6.574271,2.220449,1.088863,dataset_level_eV,inchikey_match_target,batt_orbit_pool;epsilon_roster;key_registry;targeted_harvest;viscosity_roster;viscosity_roster_sample,true,true,true,true,true,false,-9.515700,1.840500,-2.941429,-0.379949,,,,paired_anchor
ZAQJHHRNXZUBTE-UHFFFAOYSA-N,619,20160829,000000619.B3LYP@PM6.S0,C5H10O5,150.129900,0,1,molssiai-hub/pubchemqc-b3lyp,B3LYP/6-31G*//PM6 (gas phase),CC BY 4.0,10.1021/acs.jcim.3c00899,-6.767471,-1.014985,5.752487,-6.767471,-1.014985,2.928194,dataset_level_eV,inchikey_from_pubchem_cid,,false,false,false,false,false,false,,,,,-9.692561,,linear_2fold_v1,calibrated_estimate
ZAWIXNGTTZTBKV-UHFFFAOYSA-N,477,20160829,000000477.B3LYP@PM6.S0,C6H16O18P4,500.075484,0,1,molssiai-hub/pubchemqc-b3lyp,B3LYP/6-31G*//PM6 (gas phase),CC BY 4.0,10.1021/acs.jcim.3c00899,-7.597419,-0.138778,7.458641,-7.597419,-0.138778,0.816330,dataset_level_eV,inchikey_from_pubchem_cid,,false,false,false,false,false,false,,,,,-10.533507,,linear_2fold_v1,calibrated_estimate
ZBCBETMBSDTINL-UHFFFAOYSA-N,551,20160829,000000551.B3LYP@PM6.S0,C7H8O5,172.135420,0,1,molssiai-hub/pubchemqc-b3lyp,B3LYP/6-31G*//PM6 (gas phase),CC BY 4.0,10.1021/acs.jcim.3c00899,-6.560665,-1.774182,4.786483,-6.560665,-1.774182,8.427796,dataset_level_eV,inchikey_from_pubchem_cid,,false,false,false,false,false,false,,,,,-9.483015,,linear_2fold_v1,calibrated_estimate
ZBCBWPMODOFKDW-UHFFFAOYSA-N,8113,20160829,000008113.B3LYP@PM6.S0,C4H11NO2,105.135640,0,1,molssiai-hub/pubchemqc-b3lyp,B3LYP/6-31G*//PM6 (gas phase),CC BY 4.0,10.1021/acs.jcim.3c00899,-6.440935,1.336079,7.777014,-6.440935,1.336079,1.196390,dataset_level_eV,inchikey_match_target,epsilon_roster;key_registry;targeted_harvest;viscosity_roster;viscosity_roster_sample,true,false,true,true,true,false,,,,,-9.361699,,linear_2fold_v1,calibrated_estimate
ZGEGCLOFRBLKSE-UHFFFAOYSA-N,11610,20160829,000011610.B3LYP@PM6.S0,C7H14,98.186060,0,1,molssiai-hub/pubchemqc-b3lyp,B3LYP/6-31G*//PM6 (gas phase),CC BY 4.0,10.1021/acs.jcim.3c00899,-6.715770,0.721102,7.436872,-6.715770,0.721102,0.379291,dataset_level_eV,inchikey_match_target,epsilon_roster;key_registry;targeted_harvest;viscosity_roster;viscosity_roster_sample,true,false,true,true,true,false,,,,,-9.640175,,linear_2fold_v1,calibrated_estimate
ZGXJTSGNIOSYLO-UHFFFAOYSA-N,137,20160829,000000137.B3LYP@PM6.S0,C5H9NO3,131.129860,0,1,molssiai-hub/pubchemqc-b3lyp,B3LYP/6-31G*//PM6 (gas phase),CC BY 4.0,10.1021/acs.jcim.3c00899,-6.508963,-0.751034,5.757929,-6.508963,-0.751034,2.440457,dataset_level_eV,inchikey_from_pubchem_cid,,false,false,false,false,false,false,,,,,-9.430628,,linear_2fold_v1,calibrated_estimate
ZHMVYQXJIQHKMY-UHFFFAOYSA-N,474,20160829,000000474.B3LYP@PM6.S0,C12H19N6O7P,390.289021,0,1,molssiai-hub/pubchemqc-b3lyp,B3LYP/6-31G*//PM6 (gas phase),CC BY 4.0,10.1021/acs.jcim.3c00899,-6.288551,-1.099340,5.189211,-6.288551,-1.099340,4.567710,dataset_level_eV,inchikey_from_pubchem_cid,,false,false,false,false,false,false,,,,,-9.207295,,linear_2fold_v1,calibrated_estimate
ZHNUHDYFZUAESO-UHFFFAOYSA-N,713,20160829,000000713.B3LYP@PM6.S0,CH3NO,45.040620,0,1,molssiai-hub/pubchemqc-b3lyp,B3LYP/6-31G*//PM6 (gas phase),CC BY 4.0,10.1021/acs.jcim.3c00899,-6.987884,0.593208,7.581092,-6.987884,0.593208,3.639917,dataset_level_eV,inchikey_match_target,epsilon_roster;key_registry;targeted_harvest;viscosity_roster,true,false,true,true,false,false,,,,,-9.915895,,linear_2fold_v1,calibrated_estimate
ZIBGPFATKBEMQZ-UHFFFAOYSA-N,8172,20160829,000008172.B3LYP@PM6.S0,C6H14O4,150.172960,0,1,molssiai-hub/pubchemqc-b3lyp,B3LYP/6-31G*//PM6 (gas phase),CC BY 4.0,10.1021/acs.jcim.3c00899,-6.889923,1.828605,8.718528,-6.889923,1.828605,0.374251,dataset_level_eV,inchikey_match_target,epsilon_roster;key_registry;targeted_harvest;viscosity_roster,true,false,true,true,false,false,,,,,-9.816636,,linear_2fold_v1,calibrated_estimate
ZIGIFDRJFZYEEQ-UHFFFAOYSA-N,387,20160829,000000387.B3LYP@PM6.S0,C29H42N7O17P3S,885.666763,0,1,molssiai-hub/pubchemqc-b3lyp,B3LYP/6-31G*//PM6 (gas phase),CC BY 4.0,10.1021/acs.jcim.3c00899,-6.225965,-1.080292,5.145673,-6.225965,-1.080292,10.053502,dataset_level_eV,inchikey_from_pubchem_cid,,false,false,false,false,false,false,,,,,-9.143880,,linear_2fold_v1,calibrated_estimate
ZIYVHBGGAOATLY-UHFFFAOYSA-N,487,20160829,000000487.B3LYP@PM6.S0,C4H6O4,118.088040,0,1,molssiai-hub/pubchemqc-b3lyp,B3LYP/6-31G*//PM6 (gas phase),CC BY 4.0,10.1021/acs.jcim.3c00899,-7.513063,-0.813620,6.699443,-7.513063,-0.813620,4.754872,dataset_level_eV,inchikey_from_pubchem_cid,,false,false,false,false,false,false,,,,,-10.448033,,linear_2fold_v1,calibrated_estimate
ZJUKTBDSGOFHSH-UHFFFAOYSA-N,193,20160829,000000193.B3LYP@PM6.S0,C14H20N6O5S,384.410800,0,1,molssiai-hub/pubchemqc-b3lyp,B3LYP/6-31G*//PM6 (gas phase),CC BY 4.0,10.1021/acs.jcim.3c00899,-6.103514,-0.903418,5.200096,-6.103514,-0.903418,3.658879,dataset_level_eV,inchikey_from_pubchem_cid,,false,false,false,false,false,false,,,,,-9.019806,,linear_2fold_v1,calibrated_estimate
ZKHQWZAMYRWXGA-UHFFFAOYSA-N,238,20160829,000000238.B3LYP@PM6.S0,C10H16N5O13P3,507.181023,0,1,molssiai-hub/pubchemqc-b3lyp,B3LYP/6-31G*//PM6 (gas phase),CC BY 4.0,10.1021/acs.jcim.3c00899,-6.351137,-1.216349,5.134788,-6.351137,-1.216349,7.289788,dataset_level_eV,inchikey_from_pubchem_cid,,false,false,false,false,false,false,,,,,-9.270711,,linear_2fold_v1,calibrated_estimate
ZKLLSNQJRLJIGT-UHFFFAOYSA-N,481,20160829,000000481.B3LYP@PM6.S0,C6H13O9P,260.135781,0,1,molssiai-hub/pubchemqc-b3lyp,B3LYP/6-31G*//PM6 (gas phase),CC BY 4.0,10.1021/acs.jcim.3c00899,-6.762029,-1.749692,5.012337,-6.762029,-1.749692,1.977656,dataset_level_eV,inchikey_from_pubchem_cid,,false,false,false,false,false,false,,,,,-9.687047,,linear_2fold_v1,calibrated_estimate
ZKUSPPOKDDRMIU-UHFFFAOYSA-N,442,20160829,000000442.B3LYP@PM6.S0,C6H11O10P,274.119301,0,1,molssiai-hub/pubchemqc-b3lyp,B3LYP/6-31G*//PM6 (gas phase),CC BY 4.0,10.1021/acs.jcim.3c00899,-7.167479,-2.435419,4.732060,-7.167479,-2.435419,3.654348,dataset_level_eV,inchikey_from_pubchem_cid,,false,false,false,false,false,false,,,,,-10.097870,,linear_2fold_v1,calibrated_estimate
ZMANZCXQSJIPKH-UHFFFAOYSA-N,8471,20160829,000008471.B3LYP@PM6.S0,C6H15N,101.190000,0,1,molssiai-hub/pubchemqc-b3lyp,B3LYP/6-31G*//PM6 (gas phase),CC BY 4.0,10.1021/acs.jcim.3c00899,-5.534796,2.122488,7.657284,-5.534796,2.122488,0.707594,dataset_level_eV,inchikey_match_target,batt_orbit_pool;epsilon_roster;key_registry;targeted_harvest;viscosity_roster,true,true,true,true,false,false,-8.553500,1.959000,-3.018704,-0.163488,,,,paired_anchor
ZMITXKRGXGRMKS-UHFFFAOYSA-N,246,20160829,000000246.B3LYP@PM6.S0,C19H30O5S,370.503500,0,1,molssiai-hub/pubchemqc-b3lyp,B3LYP/6-31G*//PM6 (gas phase),CC BY 4.0,10.1021/acs.jcim.3c00899,-6.323926,-0.408171,5.915755,-6.323926,-0.408171,3.485764,dataset_level_eV,inchikey_from_pubchem_cid,,false,false,false,false,false,false,,,,,-9.243139,,linear_2fold_v1,calibrated_estimate
ZMRGXEJKZPRBPJ-UHFFFAOYSA-N,212,20160829,000000212.B3LYP@PM6.S0,C14H19N2O7P,358.283621,0,1,molssiai-hub/pubchemqc-b3lyp,B3LYP/6-31G*//PM6 (gas phase),CC BY 4.0,10.1021/acs.jcim.3c00899,-5.820515,-0.389123,5.431392,-5.820515,-0.389123,4.613545,dataset_level_eV,inchikey_from_pubchem_cid,,false,false,false,false,false,false,,,,,-8.733058,,linear_2fold_v1,calibrated_estimate
ZMXDDKWLCZADIW-UHFFFAOYSA-N,6228,20160829,000006228.B3LYP@PM6.S0,C3H7NO,73.093780,0,1,molssiai-hub/pubchemqc-b3lyp,B3LYP/6-31G*//PM6 (gas phase),CC BY 4.0,10.1021/acs.jcim.3c00899,-6.470867,0.734707,7.205575,-6.470867,0.734707,3.677566,dataset_level_eV,inchikey_match_target,batt_orbit_pool;epsilon_roster;key_registry;named_solvent;targeted_harvest;viscosity_roster;viscosity_roster_sample,true,true,true,true,true,false,-9.256500,1.649000,-2.785633,0.914293,,,,paired_anchor
ZNEWHQLOPFWXOF-UHFFFAOYSA-N,598,20160829,000000598.B3LYP@PM6.S0,C2H6O3S2,142.197240,0,1,molssiai-hub/pubchemqc-b3lyp,B3LYP/6-31G*//PM6 (gas phase),CC BY 4.0,10.1021/acs.jcim.3c00899,-7.072239,-0.035375,7.036864,-7.072239,-0.035375,2.559249,dataset_level_eV,inchikey_from_pubchem_cid,,false,false,false,false,false,false,,,,,-10.001368,,linear_2fold_v1,calibrated_estimate
ZNOVTXRBGFNYRX-UHFFFAOYSA-N,146,20160829,000000146.B3LYP@PM6.S0,C20H25N7O6,459.455800,0,1,molssiai-hub/pubchemqc-b3lyp,B3LYP/6-31G*//PM6 (gas phase),CC BY 4.0,10.1021/acs.jcim.3c00899,-5.246355,-0.721102,4.525253,-5.246355,-0.721102,5.386961,dataset_level_eV,inchikey_from_pubchem_cid,,false,false,false,false,false,false,,,,,-8.151289,,linear_2fold_v1,calibrated_estimate
ZNSMNVMLTJELDZ-UHFFFAOYSA-N,8115,20160829,000008115.B3LYP@PM6.S0,C4H8Cl2O,143.011720,0,1,molssiai-hub/pubchemqc-b3lyp,B3LYP/6-31G*//PM6 (gas phase),CC BY 4.0,10.1021/acs.jcim.3c00899,-7.499458,0.468036,7.967494,-7.499458,0.468036,0.457915,dataset_level_eV,inchikey_match_target,epsilon_roster;key_registry;targeted_harvest,true,false,true,false,false,false,,,,,-10.434248,,linear_2fold_v1,calibrated_estimate
ZNXZGRMVNNHPCA-UHFFFAOYSA-N,479,20160829,000000479.B3LYP@PM6.S0,C11H22N2O4S,278.368380,0,1,molssiai-hub/pubchemqc-b3lyp,B3LYP/6-31G*//PM6 (gas phase),CC BY 4.0,10.1021/acs.jcim.3c00899,-6.457262,0.089798,6.547059,-6.457262,0.089798,4.331178,dataset_level_eV,inchikey_from_pubchem_cid,,false,false,false,false,false,false,,,,,-9.378242,,linear_2fold_v1,calibrated_estimate
ZOAMBXDOGPRZLP-UHFFFAOYSA-N,397,20160829,000000397.B3LYP@PM6.S0,C10H10N2O,174.199200,0,1,molssiai-hub/pubchemqc-b3lyp,B3LYP/6-31G*//PM6 (gas phase),CC BY 4.0,10.1021/acs.jcim.3c00899,-5.575613,-0.462594,5.113019,-5.575613,-0.462594,4.258331,dataset_level_eV,inchikey_from_pubchem_cid,,false,false,false,false,false,false,,,,,-8.484910,,linear_2fold_v1,calibrated_estimate
ZOOGRGPOEVQQDX-UHFFFAOYSA-N,295,20160829,000000295.B3LYP@PM6.S0,C10H12N5O7P,345.205341,0,1,molssiai-hub/pubchemqc-b3lyp,B3LYP/6-31G*//PM6 (gas phase),CC BY 4.0,10.1021/acs.jcim.3c00899,-5.858611,-0.451709,5.406902,-5.858611,-0.451709,9.561043,dataset_level_eV,inchikey_from_pubchem_cid,,false,false,false,false,false,false,,,,,-8.771658,,linear_2fold_v1,calibrated_estimate
ZOSQFDVXNQFKBY-UHFFFAOYSA-N,686,20160829,000000686.B3LYP@PM6.S0,C16H26N2O15P2,548.329562,0,1,molssiai-hub/pubchemqc-b3lyp,B3LYP/6-31G*//PM6 (gas phase),CC BY 4.0,10.1021/acs.jcim.3c00899,-5.970178,-0.718381,5.251797,-5.970178,-0.718381,7.402494,dataset_level_eV,inchikey_from_pubchem_cid,,false,false,false,false,false,false,,,,,-8.884704,,linear_2fold_v1,calibrated_estimate
ZPEHSARSWGDCEX-UHFFFAOYSA-N,104,20160829,000000104.B3LYP@PM6.S0,C6H6O4,142.109440,0,1,molssiai-hub/pubchemqc-b3lyp,B3LYP/6-31G*//PM6 (gas phase),CC BY 4.0,10.1021/acs.jcim.3c00899,-7.001489,-1.069407,5.932082,-7.001489,-1.069407,5.128673,dataset_level_eV,inchikey_from_pubchem_cid,,false,false,false,false,false,false,,,,,-9.929680,,linear_2fold_v1,calibrated_estimate
ZPQOPVIELGIULI-UHFFFAOYSA-N,10943,20160829,000010943.B3LYP@PM6.S0,C6H4Cl2,147.001960,0,1,molssiai-hub/pubchemqc-b3lyp,B3LYP/6-31G*//PM6 (gas phase),CC BY 4.0,10.1021/acs.jcim.3c00899,-6.816452,-0.707496,6.108956,-6.816452,-0.707496,1.684426,dataset_level_eV,inchikey_match_target,epsilon_roster;key_registry;targeted_harvest;viscosity_roster;viscosity_roster_sample,true,false,true,true,true,false,,,,,-9.742191,,linear_2fold_v1,calibrated_estimate
ZRHONLCTYUYMIQ-UHFFFAOYSA-N,28,20160829,000000028.B3LYP@PM6.S0,C6H7NO4,157.124080,0,1,molssiai-hub/pubchemqc-b3lyp,B3LYP/6-31G*//PM6 (gas phase),CC BY 4.0,10.1021/acs.jcim.3c00899,-6.391954,-1.600029,4.791925,-6.391954,-1.600029,7.656921,dataset_level_eV,inchikey_from_pubchem_cid,,false,false,false,false,false,false,,,,,-9.312069,,linear_2fold_v1,calibrated_estimate
ZRKMQKLGEQPLNS-UHFFFAOYSA-N,8067,20160829,000008067.B3LYP@PM6.S0,C5H12S,104.213780,0,1,molssiai-hub/pubchemqc-b3lyp,B3LYP/6-31G*//PM6 (gas phase),CC BY 4.0,10.1021/acs.jcim.3c00899,-6.277667,0.985052,7.262719,-6.277667,0.985052,1.955315,dataset_level_eV,inchikey_match_target,epsilon_roster;key_registry;targeted_harvest,true,false,true,false,false,false,,,,,-9.196267,,linear_2fold_v1,calibrated_estimate
ZRSNZINYAWTAHE-UHFFFAOYSA-N,31244,20160829,000031244.B3LYP@PM6.S0,C8H8O2,136.147920,0,1,molssiai-hub/pubchemqc-b3lyp,B3LYP/6-31G*//PM6 (gas phase),CC BY 4.0,10.1021/acs.jcim.3c00899,-6.299436,-1.341521,4.957914,-6.299436,-1.341521,4.933561,dataset_level_eV,inchikey_match_target,key_registry;targeted_harvest;viscosity_roster;viscosity_roster_sample,true,false,false,true,true,false,,,,,-9.218325,,linear_2fold_v1,calibrated_estimate
ZSIAUFGUXNUGDI-UHFFFAOYSA-N,8103,20160829,000008103.B3LYP@PM6.S0,C6H14O,102.174760,0,1,molssiai-hub/pubchemqc-b3lyp,B3LYP/6-31G*//PM6 (gas phase),CC BY 4.0,10.1021/acs.jcim.3c00899,-6.917134,2.111603,9.028738,-6.917134,2.111603,1.724824,dataset_level_eV,inchikey_match_target,epsilon_roster;key_registry;targeted_harvest;viscosity_roster,true,false,true,true,false,false,,,,,-9.844208,,linear_2fold_v1,calibrated_estimate
ZSLZBFCDCINBPY-UHFFFAOYSA-N,181,20160829,000000181.B3LYP@PM6.S0,C23H38N7O17P3S,809.570803,0,1,molssiai-hub/pubchemqc-b3lyp,B3LYP/6-31G*//PM6 (gas phase),CC BY 4.0,10.1021/acs.jcim.3c00899,-6.147052,-1.014985,5.132067,-6.147052,-1.014985,4.209666,dataset_level_eV,inchikey_from_pubchem_cid,,false,false,false,false,false,false,,,,,-9.063921,,linear_2fold_v1,calibrated_estimate
ZTOMUSMDRMJOTH-UHFFFAOYSA-N,10994,20160829,000010994.B3LYP@PM6.S0,C5H6N2,94.114540,0,1,molssiai-hub/pubchemqc-b3lyp,B3LYP/6-31G*//PM6 (gas phase),CC BY 4.0,10.1021/acs.jcim.3c00899,-8.998805,0.078913,9.077718,-8.998805,0.078913,3.882166,dataset_level_eV,inchikey_match_target,batt_orbit_pool;epsilon_roster;key_registry;targeted_harvest;viscosity_roster,true,true,true,true,false,false,-11.844500,1.669800,-2.845695,1.590887,,,,paired_anchor
ZTQSAGDEMFDKMZ-UHFFFAOYSA-N,261,20160829,000000261.B3LYP@PM6.S0,C4H8O,72.105720,0,1,molssiai-hub/pubchemqc-b3lyp,B3LYP/6-31G*//PM6 (gas phase),CC BY 4.0,10.1021/acs.jcim.3c00899,-6.898086,-0.560555,6.337532,-6.898086,-0.560555,2.464359,dataset_level_eV,inchikey_from_pubchem_cid,key_registry;viscosity_roster,true,false,false,true,false,false,,,,,-9.824907,,linear_2fold_v1,calibrated_estimate
ZUHZGEOKBKGPSW-UHFFFAOYSA-N,8925,20160829,000008925.B3LYP@PM6.S0,C10H22O5,222.278680,0,1,molssiai-hub/pubchemqc-b3lyp,B3LYP/6-31G*//PM6 (gas phase),CC BY 4.0,10.1021/acs.jcim.3c00899,-6.661347,1.776903,8.438251,-6.661347,1.776903,1.353935,dataset_level_eV,inchikey_match_target,batt_orbit_pool;epsilon_roster;key_registry;targeted_harvest;viscosity_roster,true,true,true,true,false,false,-9.576900,1.606400,-2.915553,-0.170503,,,,paired_anchor
ZWEHNKRNPOVVGH-UHFFFAOYSA-N,6569,20160829,000006569.B3LYP@PM6.S0,C4H8O,72.105720,0,1,molssiai-hub/pubchemqc-b3lyp,B3LYP/6-31G*//PM6 (gas phase),CC BY 4.0,10.1021/acs.jcim.3c00899,-6.669510,-0.291162,6.378349,-6.669510,-0.291162,2.652845,dataset_level_eV,inchikey_match_target,batt_orbit_pool;epsilon_roster;key_registry;targeted_harvest;viscosity_roster,true,true,true,true,false,false,-9.583500,1.706000,-2.913990,1.997162,,,,paired_anchor
ZWIADYZPOWUWEW-UHFFFAOYSA-N,290,20160829,000000290.B3LYP@PM6.S0,C9H15N3O11P2,403.176422,0,1,molssiai-hub/pubchemqc-b3lyp,B3LYP/6-31G*//PM6 (gas phase),CC BY 4.0,10.1021/acs.jcim.3c00899,-6.508963,-1.385059,5.123904,-6.508963,-1.385059,7.080954,dataset_level_eV,inchikey_from_pubchem_cid,,false,false,false,false,false,false,,,,,-9.430628,,linear_2fold_v1,calibrated_estimate
ZXEKIIBDNHEJCQ-UHFFFAOYSA-N,6560,20160829,000006560.B3LYP@PM6.S0,C4H10O,74.121600,0,1,molssiai-hub/pubchemqc-b3lyp,B3LYP/6-31G*//PM6 (gas phase),CC BY 4.0,10.1021/acs.jcim.3c00899,-7.025980,2.016364,9.042343,-7.025980,2.016364,1.638252,dataset_level_eV,inchikey_match_target,epsilon_roster;key_registry;targeted_harvest;viscosity_roster;viscosity_roster_sample,true,false,true,true,true,false,,,,,-9.954496,,linear_2fold_v1,calibrated_estimate
ZYGHJZDHTFUPRJ-UHFFFAOYSA-N,323,20160829,000000323.B3LYP@PM6.S0,C9H6O2,146.142740,0,1,molssiai-hub/pubchemqc-b3lyp,B3LYP/6-31G*//PM6 (gas phase),CC BY 4.0,10.1021/acs.jcim.3c00899,-6.416445,-1.945614,4.470831,-6.416445,-1.945614,4.703560,dataset_level_eV,inchikey_from_pubchem_cid,,false,false,false,false,false,false,,,,,-9.336884,,linear_2fold_v1,calibrated_estimate
