row_id,target_name,model,source,inchikey,smiles,split,used_for_metrics,target,prediction,std,abs_error
rx392:6e387ff667eac339765e20c257db14a9-C4F1H8O2P1-0-1,oxidation_free_energy,linear,RX-392,OBSMVZFKBRNNHS-UHFFFAOYSA-N,[CH2+]COCCO[P-]F,test,true,3.500465342793177,3.164416044911203,,0.33604929788197424
rx392:6e184145e0a3d59cf41deb7a48736e1a-C4F1H8O2P1-0-1,oxidation_free_energy,linear,RX-392,LHCUTHKDZDDJMQ-UHFFFAOYSA-N,FCCOCC[O+]=[P-],train,false,4.858813442962855,4.603938708805933,,0.25487473415692197
rx392:82453decb15fa86619f405c2255afd24-F1N1O3S2-0-1,oxidation_free_energy,linear,RX-392,XWFDESPXXQQRMT-LURJTMIESA-N,O=S(=O)=N[S@@](=O)F,test,true,9.730670849101443,8.589216547989956,,1.1414543011114873
rx392:c01bdfc12dd37e8f9b75769be4ff7135-C6H10O6-0-1,oxidation_free_energy,linear,RX-392,CELCNEUYEAWJAV-UHFFFAOYSA-N,O=C(O)OCCCCOC(=O)O,train,false,8.193850463259878,8.777031156211468,,0.5831806929515899
rx392:13fde7cb21aa0bae798661910af042f9-C5F2H6O3-0-1,oxidation_free_energy,linear,RX-392,ZTTLVSHDZKENLA-SCSAIBSYSA-N,O=C([O-])O[C@@H](F)CCC=[F+],train,false,6.2570657952273905,6.537210728459177,,0.2801449332317869
rx392:9a80e7d3b8cba52608bfe53c2b6db0ac-C3F3H2O2P1-0-1,oxidation_free_energy,linear,RX-392,MRGMYRXPNFTBMU-UHFFFAOYSA-N,FP(F)O[C-]=[O+]C[C-]=[F+],train,false,6.774018762556807,6.846900183125316,,0.07288142056850866
rx392:7effebabf4adbd155b4aac995e62d37b-C5F2H6O3-0-1,oxidation_free_energy,linear,RX-392,XBWCQEBTNGRMOZ-BYPYZUCNSA-N,O=C([O-])OC[C@@H](F)CC=[F+],train,false,5.9956322232792445,6.194486140297931,,0.1988539170186865
rx392:2c96eb4288d63b2a9437ddd4172e67f3-H2O1-0-1,oxidation_free_energy,linear,RX-392,XLYOFNOQVPJJNP-UHFFFAOYSA-N,O,train,false,9.495900601353242,9.019293491424833,,0.47660710992840905
rx392:eefdfcd29fba955b8e8691b85f4badd3-C3F1H4O3P1-0-1,oxidation_free_energy,linear,RX-392,KXLJAUDVNOUKGB-UHFFFAOYSA-N,[O-][P-][O+]=C=[O+]CCF,test,true,6.116099458322424,6.737483984349645,,0.6213845260272208
rx392:620346cfe2e5fd708d38ad59137e7e65-C3F1H4O3P1-0-1,oxidation_free_energy,linear,RX-392,VOOQPARPXZEUMN-UHFFFAOYSA-N,O=C(OCCF)[O+]=[P-],train,false,5.220336735401361,5.075527593116083,,0.1448091422852782
rx392:05178f156d01553929413f706874b78a-C2F1O2P1-0-1,oxidation_free_energy,linear,RX-392,VIJLLDOHIJAUCA-UHFFFAOYSA-N,[O-]C#COP=[F+],train,false,5.774130184272508,5.506346142016884,,0.2677840422556237
rx392:6d3cb14458ca8bd6d2815732a5844caa-C2F1O2P1-0-1,oxidation_free_energy,linear,RX-392,FKISWKYBCYAUJN-UHFFFAOYSA-N,O=POC#CF,train,false,7.287777752364491,7.343411154068175,,0.055633401703683916
rx392:91c8d2920d7fae87132a81b95c07dd4a-C2F1O2P1-0-1,oxidation_free_energy,linear,RX-392,AGKNEAIUUPFPTE-UHFFFAOYSA-N,[C+]#COP([O-])F,train,false,7.069763812007295,6.778452975335861,,0.29131083667143454
rx392:0ab022f73af45db70b5abc61e7cc5bc6-C3H1O2P1-0-1,oxidation_free_energy,linear,RX-392,IRDMQKNTOIKALV-UHFFFAOYSA-N,C#C[O+]=[C-][O+]=[P-],train,false,5.418307544950949,5.297059471473067,,0.12124807347788202
rx392:796506dbd3f3230e3d246a59ef72ecb3-C3F2H3O4P1-0-1,oxidation_free_energy,linear,RX-392,BMPGPKPDWJCMJY-UHFFFAOYSA-N,C=COC(=O)OP(=O)(F)F,train,false,7.4547207089817675,7.144559497852555,,0.3101612111292127
rx392:a3b8cb94733e47a4966a08138fd78064-C2H6O2-0-1,oxidation_free_energy,linear,RX-392,LYCAIKOWRPUZTN-UHFFFAOYSA-N,OCCO,train,false,7.013444678961605,7.62349926026901,,0.6100545813074048
rx392:96b8af3838777f9f3e6b972d5aa3a84f-C4F1H8O3P1-0-1,oxidation_free_energy,linear,RX-392,QCVQEYURPKJMCT-UHFFFAOYSA-N,O=POCCOCCF,train,false,7.5068285486522655,7.758381798986545,,0.2515532503342799
rx392:5e15a57678ef5b22d37ef6cc5dbda8a3-C4F1H8O3P1-0-1,oxidation_free_energy,linear,RX-392,QRUXQZQTBWGEGC-SECBINFHSA-N,[CH2+]COCCO[P@@]([O-])F,train,false,5.22447268304677,5.4558347712779325,,0.23136208823116267
rx392:84a635271c4fddb04b12de734b6e0350-C4F1H8O3P1-0-1,oxidation_free_energy,linear,RX-392,ADIWOXLMVNWGTD-UHFFFAOYSA-N,O[P-][O+]=CCOCCF,train,false,4.236805505974189,4.010443216147837,,0.2263622898263522
rx392:82e454f28d45cd2eaf051cbfb3804793-C4F1H8O3P1-0-1,oxidation_free_energy,linear,RX-392,KQDLFTJALZIDCG-SECBINFHSA-N,[CH2-]COCC=[O+][P@@](O)F,train,false,3.207008950816089,3.318804581245407,,0.11179563042931795
rx392:eab256ea76e458e90d49eaa61c4423a4-C3H2O4-0-1,oxidation_free_energy,linear,RX-392,NXYSYGVFDASHDR-UHFFFAOYSA-N,O=C=COC(=O)O,train,false,6.443407786162425,6.5885339648174455,,0.14512617865502087
rx392:58bf453b2da0fa442f8213e43d1fcb28-C3H2O4-0-1,oxidation_free_energy,linear,RX-392,XBTQEVJNCGBLJB-UHFFFAOYSA-N,O=C(O)OC#CO,train,false,6.842254783543467,7.044745453132997,,0.20249066958952966
rx392:28db6a82af56b90b126446758dd96749-C4H6O3-0-1,oxidation_free_energy,linear,RX-392,BPLRSEBVLPDSAK-UHFFFAOYSA-N,C[C-]=[O+]C(=O)OC,train,false,5.706547052395763,6.086199672846234,,0.37965262045047155
rx392:2a523d412b04d31a1160fdb5962b3724-C4H6O3-0-1,oxidation_free_energy,linear,RX-392,JNBNIINHOBNMLY-UHFFFAOYSA-N,[CH2-]OC(=O)[O+]=CC,train,false,3.8001786823260773,4.264183500748589,,0.46400481842251207
rx392:7daa5fbb02de5e72b0368d31249f24e5-C4H6O3-0-1,oxidation_free_energy,linear,RX-392,NCHRDVARPJUMRC-UHFFFAOYSA-N,C=COC(=O)OC,test,true,6.802939620863981,6.69958622814322,,0.10335339272076105
rx392:8e12f0e9d0bcddddc5919ed33f643e1e-C3F2H1O3P1-0-1,oxidation_free_energy,linear,RX-392,ATHGTBQXCLJKGP-UHFFFAOYSA-N,O=C(OC=C=[F+])O[P-]F,train,false,5.150286682743172,5.310969849070963,,0.16068316632779123
rx392:20aa5b08677c6496f350080e4d039a60-C3F1H6O3P1-0-1,oxidation_free_energy,linear,RX-392,AAGZBCKUVAXJNL-MRVPVSSYSA-N,[CH2-]OCC=[O+][P@@](O)F,test,true,2.9825503801585,3.508729300134478,,0.5261789199759779
rx392:0184135e4f900328a3c661dd5600d9a8-C3H6O4-0-1,oxidation_free_energy,linear,RX-392,BBRSEFOSZWEMPE-UHFFFAOYSA-N,O=C(O)OCCO,train,false,7.8839130503383785,7.741893492896374,,0.1420195574420049
rx392:bb7fccf8e480fc83a39edf4843d93c6c-C2F3H2O2P1-0-1,oxidation_free_energy,linear,RX-392,HRGLKGRUHMYRFP-UHFFFAOYSA-N,O=P(F)(F)[O+]=[C-]CF,train,false,6.473020601177268,6.750178484827941,,0.2771578836506734
rx392:b7f4432b69c68f4865160e1bdad6ef9a-C2F3H2O2P1-0-1,oxidation_free_energy,linear,RX-392,MBUXOOLUQJTNIB-UHFFFAOYSA-N,O=P(F)(F)OC[C-]=[F+],train,false,6.8818732089712285,6.997356618646817,,0.11548340967558879
rx392:73d82496d43b06e56f25c4a0d106f468-C2F3H2O2P1-0-1,oxidation_free_energy,linear,RX-392,QOJASGSRCAWPGI-UPHRSURJSA-N,O=P(F)(F)O/C=C\F,train,false,7.21684245767392,7.262337140805083,,0.045494683131162894
rx392:390b4ebf4b758be7382327cd87d28e99-C5F1H7O2-0-1,oxidation_free_energy,linear,RX-392,ILQXZULLEHDOHG-UHFFFAOYSA-N,[O+]#COCCC[CH-]F,train,false,3.930486999990535,4.284798723604347,,0.35431172361381247
rx392:0d40ed1ae2549562537c4d2ef026dc32-C2F3H2O1P1-0-1,oxidation_free_energy,linear,RX-392,SXMHFQFWJLNVGF-UHFFFAOYSA-N,FC[C-]=[O+]P(F)F,train,false,5.860436883238435,6.162260637953894,,0.30182375471545875
rx392:f5c0d32cb4243e77b18ae286bc39a8db-C2F3H2O1P1-0-1,oxidation_free_energy,linear,RX-392,ZQAOZAYCWQBIAN-UHFFFAOYSA-N,FP(F)OC[C-]=[F+],train,false,6.702114034334954,6.77582961309304,,0.07371557875808588
rx392:31ebd083e3d73bfad23b4361f9fb48e6-C2F2H3O2P1-0-1,oxidation_free_energy,linear,RX-392,PVXDVJPIOWEQIZ-UHFFFAOYSA-N,C=COP(=O)(F)F,train,false,7.248042417657416,7.1504276958139075,,0.09761472184350861
rx392:079282e8951ef25043cc187a1eeeba61-C3F3H2O3P1-0-1,oxidation_free_energy,linear,RX-392,BOQAQYZLOGHMDL-UHFFFAOYSA-N,O=P(F)(F)O[C-]=[O+]C[C-]=[F+],train,false,6.9034758714042255,6.961570144487017,,0.05809427308279158
rx392:3c248ee85a538adb3b04a15c91ad0bfd-C3F2H5O2P1-0-1,oxidation_free_energy,linear,RX-392,CMFWTHBATNXNEO-UHFFFAOYSA-N,[CH-]=[O+]CCOP(F)F,train,false,5.830159189968981,5.93041168897172,,0.10025249900273892
rx392:956a458d86d5a327087383cc45d2429c-C2F3H4O1P1-0-1,oxidation_free_energy,linear,RX-392,CGELEAYJQUNLQU-UHFFFAOYSA-N,FCCOP(F)F,train,false,7.492361504908331,7.712325771370602,,0.21996426646227096
rx392:b0626fbc4250f17418f086afc0c04c88-C6F2H6O5-0-1,oxidation_free_energy,linear,RX-392,AALOWOLJVRWAFV-CRCLSJGQSA-N,O=C([O-])O[C@@H](F)C[C@H](F)COC#[O+],train,false,6.261883323513757,6.411995791054852,,0.15011246754109475
rx392:6afc8b87d2decd8d32bf667ccaab0be2-C6F2H6O5-0-1,oxidation_free_energy,linear,RX-392,PZLYQHDXYOUJPM-CRCLSJGQSA-N,O=C([O-])OC[C@@H](F)[C@@H](F)COC#[O+],train,false,6.010804038567585,6.067303778790842,,0.05649974022325743
rx392:db3b5309b96fef654ff39e1c4277f277-C3F1O2P1-0-1,oxidation_free_energy,linear,RX-392,HQUVGDUEDWRYHT-UHFFFAOYSA-N,[C-]#C[O+]=C=[O+][P-]F,train,false,6.665716041123233,8.086501103407748,,1.4207850622845157
rx392:a3aec91fc4c5258bc56344e921ff3e93-C4F3H6O2P1-0-1,oxidation_free_energy,linear,RX-392,ACGHTOCXFLNEEM-UHFFFAOYSA-N,FCCOC[C-]=[O+]P(F)F,train,false,5.910323864241946,6.312849966376936,,0.4025261021349902
rx392:fc731b7e2ac2b605df35e96e8b399b60-C4F3H6O2P1-0-1,oxidation_free_energy,linear,RX-392,UUJWMQSOBATTKK-ONEGZZNKSA-N,FCCO/C=C/OP(F)F,train,false,5.880676522385329,6.202294316248965,,0.321617793863636
rx392:59b4374c1833abf195a8a9803de080d5-C4F3H6O2P1-0-1,oxidation_free_energy,linear,RX-392,WIHCAQOCPVHARP-UHFFFAOYSA-N,FC[C-]=[O+]CCOP(F)F,train,false,5.983686697054509,6.096689826752586,,0.11300312969807713
rx392:2b5a6c235e3f51a6f43ac533253cd165-C4F3H6O2P1-0-1,oxidation_free_energy,linear,RX-392,FXARLLGYJYAVPA-UHFFFAOYSA-N,C=[C-]OCCO[P+](F)(F)F,train,false,5.076926143101446,5.640152375730683,,0.563226232629237
rx392:63bc2536bdd693b139805f016e5af60a-C4F3H6O2P1-0-1,oxidation_free_energy,linear,RX-392,FQSHJLBUFQCHJC-UHFFFAOYSA-N,FCC[O+]=[C-]COP(F)F,test,true,5.778746743009833,5.990276954677882,,0.21153021166804908
rx392:0a9c070d174be308780714f4382ea3f3-C4F3H6O2P1-0-1,oxidation_free_energy,linear,RX-392,LYULEUMSLMECSM-UHFFFAOYSA-N,FP(F)OCCOC[C-]=[F+],test,true,6.5088838670781115,6.5801028452789,,0.07121897820078882
rx392:67ad0b3efe8f5d2ec4f72bc8187f179b-C3F1O3P1-0-1,oxidation_free_energy,linear,RX-392,SRMAHOZUVUJKQP-UHFFFAOYSA-N,[C+]#COC(=O)O[P-]F,train,false,6.39347755651761,6.18351613425726,,0.2099614222603492
rx392:ac6fcf62cb6e30142dd0bdbff7f2fd11-C3F1O3P1-0-1,oxidation_free_energy,linear,RX-392,MNDGFGSAYSDRLM-UHFFFAOYSA-N,O=C(OC#CF)[O+]=[P-],train,false,5.544464970836998,5.3058300531132305,,0.23863491772376744
rx392:d17ad8c007a93456b5bf7857216292ea-C3F2H5O3P1-0-1,oxidation_free_energy,linear,RX-392,ZUHVKSZKBRTVRW-UHFFFAOYSA-N,[CH-]=[O+]CCOP(=O)(F)F,train,false,5.830784864519956,5.9894552187227585,,0.15867035420280295
rx392:92e536266b92af9c064e48eaa7ac26b0-C3F3H4O3P1-0-1,oxidation_free_energy,linear,RX-392,VBGGRGUHBVEDDG-UHFFFAOYSA-N,[CH2-][O+]=C=COP(O)(F)(F)F,test,true,5.958092079825292,6.08594771240519,,0.12785563257989807
rx392:43f8252d83847dfaaf3ab6c2c77ca6d0-C3F3H4O3P1-0-1,oxidation_free_energy,linear,RX-392,BRVRIVCFGXLEDH-UHFFFAOYSA-N,O=P(F)(F)O[C-]=[O+]CCF,test,true,6.884037518422701,7.305911335405225,,0.421873816982524
rx392:88556cbbe62e7dbea3e0083231abde30-C3F3H4O3P1-0-1,oxidation_free_energy,linear,RX-392,DYCHWIATUZKJLX-NSCUHMNNSA-N,[CH-]=[O+]/C=C/OP(O)(F)(F)F,train,false,6.613419599059853,6.010058100923269,,0.603361498136584
rx392:d38b7fab6a8f640c8e3659db568bd2b1-C3F1H1O3-0-1,oxidation_free_energy,linear,RX-392,ZQCQTPBVJCWETB-UHFFFAOYSA-N,O=c1occ(F)o1,test,true,6.9941143818432465,6.898329404428433,,0.09578497741481318
rx392:8d243794e8cd04e8c7b6efba19f119f0-C3F1H1O3-0-1,oxidation_free_energy,linear,RX-392,DTFNRASXVKNOOG-UHFFFAOYSA-N,[O+]#COC=C([O-])F,train,false,6.118092120526853,6.311372839612727,,0.19328071908587408
rx392:09aa54d153627b2ccca466948039c9a7-C3F2H3O2P1-0-1,oxidation_free_energy,linear,RX-392,ARMKYQZTTKRQDX-UHFFFAOYSA-N,C=C[O+]=[C-]OP(F)F,test,true,6.976114156852418,6.919983549799025,,0.0561306070533929
rx392:8a8d5e092c1554b7a50056f85c9fba1a-C2F2H1O1P1-0-1,oxidation_free_energy,linear,RX-392,OHQUZHIADUDYAC-UHFFFAOYSA-N,C#COP(F)F,train,false,7.375709508571163,7.319174448843413,,0.05653505972774919
rx392:3d9837c36dd14ed9e25623a7d6fe7a7d-C2F2H1O1P1-0-1,oxidation_free_energy,linear,RX-392,VQFRIDPGWQXXAZ-UHFFFAOYSA-N,FC=C=[O+][P-]F,train,false,5.844092489900504,6.445121517969005,,0.6010290280685009
rx392:44f0e182e5501acaf1eaf07098040a8b-F1N1O1S2-0-1,oxidation_free_energy,linear,RX-392,BZUADLLCCNLRKN-UHFFFAOYSA-N,O=S=NSF,test,true,7.095339370811416,6.835809668307903,,0.2595297025035137
rx392:89021f982c3184bcbb1fef5eef9e6779-C5F1H7O3-0-1,oxidation_free_energy,linear,RX-392,USMHJBJOPYILPC-UHFFFAOYSA-N,O=C([O-])OCCCC=[F+],train,false,5.855074275668812,6.0558662803968115,,0.20079200472799918
rx392:ac511fb7ddcc82bc116b10460f810617-C2F2H1O4P1-0-1,oxidation_free_energy,linear,RX-392,QILVKTFUYZVFOU-UHFFFAOYSA-N,[CH-]=[O+]C(=O)OP(=O)(F)F,train,false,6.542671984192566,6.899488291364948,,0.356816307172382
rx392:48520374534fbf55c5079c48d5271d75-C1F2H1O2P1-0-1,oxidation_free_energy,linear,RX-392,PMPAIMDBFRMFJP-UHFFFAOYSA-N,[CH-]=[O+]P(=O)(F)F,test,true,6.532484161223692,6.910769707057528,,0.3782855458338359
rx392:d9ceb9b7ed76d1fa42d9fa458d30d0e0-C3F1O4P1-0-1,oxidation_free_energy,linear,RX-392,YEKNQWDUGUJVFV-UHFFFAOYSA-N,[C+]#COC(=O)OP([O-])F,train,false,6.539694195900665,6.386864429541699,,0.15282976635896617
rx392:223fe308ef4ad013168804f44e01acec-C3F1O4P1-0-1,oxidation_free_energy,linear,RX-392,ULNVKYFXMLJIAZ-UHFFFAOYSA-N,O=POC(=O)OC#CF,train,false,7.524563067556301,7.527357800494846,,0.0027947329385451525
rx392:b0f13dcf5a68ddbc4d962cd040cf83fb-C5F2H6O2-0-1,oxidation_free_energy,linear,RX-392,PCTYDUALZWNRHO-YFKPBYRVSA-N,[O+]#COC[C@@H](F)C[CH-]F,test,true,4.0658164472715725,4.469127428218784,,0.40331098094721174
rx392:e7093972202fe91d98ae41e78912f397-C2F2H1O2P1-0-1,oxidation_free_energy,linear,RX-392,WJIJSBKKNIROFR-UHFFFAOYSA-N,C#COP(=O)(F)F,train,false,7.891238133954175,7.707875563157206,,0.1833625707969695
rx392:8d81e9dbbf2892594400fa6964089385-C2F2H1O2P1-0-1,oxidation_free_energy,linear,RX-392,HYHBQCVPEFEQKW-UHFFFAOYSA-N,O=C=COP(F)F,train,false,6.349930230910104,6.495021165069388,,0.14509093415928387
rx392:2e35e66ce343dedffd619c98420f83cc-C2F2H1O2P1-0-1,oxidation_free_energy,linear,RX-392,PLQRPIOGJFOUOK-UHFFFAOYSA-N,[O-]C=C=[O+]P(F)F,train,false,6.046910169192415,6.420390810599364,,0.3734806414069487
rx392:1be51dbe1efa6d1c664221f811e57f9f-C2F1H2O2P1-0-1,oxidation_free_energy,linear,RX-392,TVZGVMVZKJJHFT-UPHRSURJSA-N,O=PO/C=C\F,train,false,6.858917630223004,6.950025078022022,,0.09110744779901747
rx392:d8f2605de501a7b204d3ab3f48f2758d-C2F1H2O2P1-0-1,oxidation_free_energy,linear,RX-392,ZBNHCLBWCOWAKW-UHFFFAOYSA-N,O=P[O+]=[C-]CF,train,false,5.721266196724173,6.15732111319074,,0.436054916466567
rx392:712e795618e0acbdd0c4b57a53551e0a-C2H3O3P1-0-1,oxidation_free_energy,linear,RX-392,UEEPGOAAMIRRAI-UHFFFAOYSA-N,O=CCOP=O,train,false,7.674424302807893,7.321195838076786,,0.3532284647311066
rx392:c7f552cb999a7ce124c18bd0725210fe-C2F2H1O3P1-0-1,oxidation_free_energy,linear,RX-392,LDUDDUABFRXOCN-UHFFFAOYSA-N,O=C=COP(=O)(F)F,train,false,6.753676356463984,6.8349167088404945,,0.0812403523765104
rx392:be4f0f90e01062df9189f824ca607fd3-C2F2H1O3P1-0-1,oxidation_free_energy,linear,RX-392,UZVWTGIUIMWMPY-UHFFFAOYSA-N,O=P(F)(F)[O+]=C=C[O-],train,false,6.779751186622889,6.943423320718398,,0.16367213409550896
rx392:70419a2a17e6a5fd24a81a9156bb713d-C4F4H7O3P1-0-1,oxidation_free_energy,linear,RX-392,OWZUIIHBHYKSCV-UHFFFAOYSA-N,OP(F)(F)(F)[O+]=CCOC[CH-]F,train,false,3.045172208592703,3.5083537398593427,,0.46318153126663963
rx392:c3f9f22ce28b83bb6492f32b439bc138-C3F3O4P1-0-1,oxidation_free_energy,linear,RX-392,GGVNUPFJJKBQAL-UHFFFAOYSA-N,O=C(OC#CF)OP(=O)(F)F,train,false,7.80208170676633,7.696486739547702,,0.10559496721862782
rx392:935ab72749fc46385c6efadb4a3659cf-C3F1H3O3-0-1,oxidation_free_energy,linear,RX-392,SBLRHMKNNHXPHG-REOHCLBHSA-N,O=C1OC[C@@H](F)O1,train,false,8.757716688773144,8.85417422599106,,0.0964575372179155
rx392:3c79b65d20f3023daefe4349b75b936d-C4F1H3O5-0-1,oxidation_free_energy,linear,RX-392,MAGRHNUCUYWXHO-GSVOUGTGSA-N,O=C([O-])O[C@@H](F)COC#[O+],train,false,6.698118745051033,6.942115305630763,,0.2439965605797294
rx392:dc3af32f0ebff3aabc993e46eecf9c12-C2F2H3O1P1-0-1,oxidation_free_energy,linear,RX-392,MELGDKXDLDYZJQ-UHFFFAOYSA-N,C=COP(F)F,test,true,6.855691457894864,8.173888504908668,,1.318197047013804
rx392:571bceae46fb809b0f9afa74166cc098-F3O1P1-0-1,oxidation_free_energy,linear,RX-392,FFUQCRZBKUBHQT-UHFFFAOYSA-N,O=P(F)(F)F,train,false,9.821991646236711,9.978778228745025,,0.1567865825083139
rx392:14ecbf9adffeab91c43accfd325fddc4-C4H4O6-0-1,oxidation_free_energy,linear,RX-392,ZWVIGXAESYYHMY-OWOJBTEDSA-N,O=C(O)O/C=C/OC(=O)O,train,false,6.553836031089304,6.66011879807171,,0.1062827669824058
rx392:77e36ea5825316cb2ce160bb69df140e-C4H4O6-0-1,oxidation_free_energy,linear,RX-392,DHXVFTIERQCMBS-UHFFFAOYSA-N,O=C(O)OC[C-]=[O+]C(=O)O,test,true,6.290535308642575,6.664752948442639,,0.3742176398000643
rx392:8a5050e998b7b28682f72b317573f938-C4H4O6-0-1,oxidation_free_energy,linear,RX-392,SDDWCNBUKQPEBT-UHFFFAOYSA-N,O=C(O)[O+]=CCO[C+]([O-])[O-],train,false,6.538203731222893,6.726955923879575,,0.18875219265668175
rx392:82578fc54f1b73dbc927161288404fcf-C4F2H7O3P1-0-1,oxidation_free_energy,linear,RX-392,LSCFZPUCXACYEI-SNVBAGLBSA-N,[O-][P@@](F)[O+]=CCOCCF,train,false,6.986680466117832,7.355713932132129,,0.3690334660142973
rx392:f9a8716ff8cf3d1944526f62e864b488-C4F2H7O3P1-0-1,oxidation_free_energy,linear,RX-392,WRQPTYHRVGJJPO-SNVBAGLBSA-N,O[P@@](F)[O+]=CCOC[CH-]F,test,true,3.089279238785821,3.5072400700815995,,0.41796083129577877
rx392:ea8d5c1a8759d8ff3368cfac6e8d58bd-C4F2H7O3P1-0-1,oxidation_free_energy,linear,RX-392,WUVRZNWLPXAVBL-SNVBAGLBSA-N,[O-][P@@](F)OCC[O+]=CCF,train,false,5.278366510519845,5.498036998342971,,0.2196704878231257
rx392:419d46397555f67fc2e923ed4a98c18d-C4F2H7O3P1-0-1,oxidation_free_energy,linear,RX-392,RBKOOOPNCJKAKV-UHFFFAOYSA-N,C=COCCOP(=O)(F)F,train,false,6.289239575577085,6.076426127667225,,0.21281344790986
rx392:5cda00256bc78e492ac7cd5328fa32e5-C6H8O6-0-1,oxidation_free_energy,linear,RX-392,RDIAOGKHDDKJRX-HNQUOIGGSA-N,O=C(O)O/C=C/CCOC(=O)O,test,true,6.592507423760253,6.574372593061453,,0.018134830698800286
rx392:14087bb55f635f76e12b515c4caab80f-C6H8O6-0-1,oxidation_free_energy,linear,RX-392,UFLQDGXRAYSTJE-UHFFFAOYSA-N,O=C(O)OCCC[C-]=[O+]C(=O)O,train,false,5.868825193385419,6.19572897054772,,0.32690377716230135
rx392:60622cd678e3e23579c8ea21ccdcd939-C6H8O6-0-1,oxidation_free_energy,linear,RX-392,KNSMUEMEYHPWIS-UHFFFAOYSA-N,O=C(O)[O+]=CCCCO[C+]([O-])[O-],train,false,6.4838877998518,6.261468981568095,,0.22241881828370502
rx392:2d83ec2708a54987ba5f21a518c2025c-C4F4H5O3P1-0-1,oxidation_free_energy,linear,RX-392,XCJSMDDRHWNIBF-UHFFFAOYSA-N,OP(F)(F)(F)OC=C=[O+][CH-]CF,train,false,5.7619528075993,6.024594567565532,,0.2626417599662316
rx392:aa6cf6f2f061f54b089a5e2740c5738c-C4F4H5O3P1-0-1,oxidation_free_energy,linear,RX-392,VTQQKTGSCODGKX-UHFFFAOYSA-N,OP(F)(F)(F)[O+]=CCOC=[C-]F,train,false,4.600601120982901,4.8036620832041805,,0.20306096222127934
rx392:8fcf6da3917e28613ae02746eb4413ed-C4F4H5O3P1-0-1,oxidation_free_energy,linear,RX-392,NFVSVNWIJCUWIU-UHFFFAOYSA-N,OP(F)(F)(F)[O+]=C=CO[CH-]CF,train,false,4.950720409397036,5.293175799925416,,0.3424553905283805
rx392:42c1f80fccf1c7cd705908378384f551-C4F4H5O3P1-0-1,oxidation_free_energy,linear,RX-392,ZTCMYMAAHLEZHK-ONEGZZNKSA-N,OP(F)(F)(F)O/C=C/[O+]=[C-]CF,train,false,6.48063134246695,6.168943239065698,,0.3116881034012513
rx392:908e70f5f0342915fd78ed3b98289086-C4F4H5O3P1-0-1,oxidation_free_energy,linear,RX-392,HIRTYHRGENRCML-ONEGZZNKSA-N,OP(F)(F)(F)O/C=C/OC[C-]=[F+],train,false,5.786891607145662,6.695290475660191,,0.9083988685145288
rx392:7983f518ec5f0e8d6ce067a43780ccd2-C4F4H5O3P1-0-1,oxidation_free_energy,linear,RX-392,HLXPDGBXIIZKRF-UHFFFAOYSA-N,OP(F)(F)(F)OC#COCCF,train,false,6.26785156938422,6.570885293191787,,0.3030337238075669
rx392:691ec7ecaddf547e284a85d6057b5da1-C2F3O1P1-0-1,oxidation_free_energy,linear,RX-392,JUYBSSUZFIUIGW-UHFFFAOYSA-N,FC#COP(F)F,train,false,7.276419584813993,7.281157667336214,,0.0047380825222207434
rx392:0a520d0e09c071cab5ba79f842785136-F2H1O2P1-0-1,oxidation_free_energy,linear,RX-392,DGTVXEHQMSJRPE-UHFFFAOYSA-N,O=P(O)(F)F,test,true,9.336634498475178,9.57066430568614,,0.23402980721096256
rx392:bea9f8f92f17ce7b21d77ac7b2ab96de-C3H4O4-0-1,oxidation_free_energy,linear,RX-392,ICKCSDLZUVLALP-UHFFFAOYSA-N,O=C(O)[O+]=[C-]CO,train,false,6.110060427963617,6.40391280826511,,0.29385238030149274
rx392:afe6a2932a4dadd9ffbafd0f618c2197-C3H4O4-0-1,oxidation_free_energy,linear,RX-392,NGQSOUJFJIALFZ-OWOJBTEDSA-N,O=C(O)O/C=C/O,train,false,6.092137438296049,6.2023858618668095,,0.11024842357076015
rx392:578515426dfd7d00ce4f8feeb5e7dc72-C3H4O4-0-1,oxidation_free_energy,linear,RX-392,RWBAWWWSHWELEI-UHFFFAOYSA-N,O=C([O-])OC[CH+]O,train,false,6.486700368941456,6.6418657995136625,,0.15516543057220655
rx392:7fa3376c2653bf2b400a3716928564a8-C4F1H7O2-0-1,oxidation_free_energy,linear,RX-392,NWCCHUPUMSRTAD-UHFFFAOYSA-N,[O-]CC[O+]=CCF,train,false,4.986103422828819,4.490566787231787,,0.4955366355970323
rx392:0d5b5afbc48149f2a157ada863e3b093-C4F1H7O2-0-1,oxidation_free_energy,linear,RX-392,XZEZODIITWGNCH-UHFFFAOYSA-N,O=CCOCCF,train,false,7.118881924832749,7.186417057276487,,0.0675351324437381
rx392:dc9d1683439687356a04502031ecf779-C3H3O3P1-0-1,oxidation_free_energy,linear,RX-392,YBBDJQZVVRBANS-UHFFFAOYSA-N,C=COC(=O)[O+]=[P-],train,false,5.29917798666429,5.118259560707478,,0.18091842595681218
rx392:7bd57fea6c57e333f47b8062ceeea609-C3H3O3P1-0-1,oxidation_free_energy,linear,RX-392,NOYWXBZKJAJNLP-UHFFFAOYSA-N,C=C[O+]=C=[O+][P-][O-],train,false,6.790914712182712,6.798050976477464,,0.007136264294752337
rx392:6ecda3f5fc589415cdee44cf5cf40122-C3H1O3P1-0-1,oxidation_free_energy,linear,RX-392,MHGKIRRPNXMZMW-UHFFFAOYSA-N,C#COC(=O)[O+]=[P-],train,false,5.564620925742929,5.319047434301276,,0.24557349144165297
rx392:cfd5075ae4fc772d2f2b95b41c4e8035-C2F3O2P1-0-1,oxidation_free_energy,linear,RX-392,OTJGUQWZGKMDTN-UHFFFAOYSA-N,O=P(F)(F)OC#CF,train,false,7.780666109727463,7.666887608722866,,0.11377850100459685
rx392:2881971a29bc414c0a79cf1a019df7d8-C6H10O5-0-1,oxidation_free_energy,linear,RX-392,CGMLNVQQZYYACK-UHFFFAOYSA-N,O=C(O)OCCCC[O+]=[C-]O,train,false,6.188684095090139,6.41955356702364,,0.23086947193350138
rx392:78d898a1a2131b55b8d4ce9c4fb514fa-C1F1H2O3P1-0-1,oxidation_free_energy,linear,RX-392,WJWIHWMMIHTGMA-UHFFFAOYSA-N,C=[O+]P(=O)([O-])F,test,true,8.435281542504526,8.406733773759154,,0.028547768745372792
rx392:1548e6e969e6678853e16a9d3b891995-C3F3H6O2P1-0-1,oxidation_free_energy,linear,RX-392,HCWJXHMOQNIBGX-UHFFFAOYSA-N,[CH2-]OCCO[P+](F)(F)F,train,false,5.046609766442998,5.619128048438054,,0.5725182819950563
rx392:9b0a84f6bcd49a0e426f3992c5435d4e-C3F1H6O2P1-0-1,oxidation_free_energy,linear,RX-392,NCVXBDNWLBFOQG-UHFFFAOYSA-N,C=[O+]CCO[P-]F,train,false,3.941454783693189,3.191068840443836,,0.7503859432493529
rx392:6040c3b4c4bc1f39915dd6ae10f38081-C1F3N1O2S2-0-1,oxidation_free_energy,linear,RX-392,LOYPLYBAQULGSM-UHFFFAOYSA-N,O=S(=O)(N=S)C(F)(F)F,train,false,7.209377885956201,7.166539786006371,,0.042838099949829456
rx392:c4fb0d278453fb0bae00d353e83bedd6-C1F3N1S2-0-1,oxidation_free_energy,linear,RX-392,SCSIGUOKWOJZAW-UHFFFAOYSA-N,FC(F)(F)SN=S,train,false,6.496647273186682,6.364773536204805,,0.131873736981877
rx392:7ff8e52a1d90eec55fd84c181ec7c6ff-C3F1H2O3P1-0-1,oxidation_free_energy,linear,RX-392,FIWMHJNPEQNBFX-UHFFFAOYSA-N,[O-][P-][O+]=C=[O+]C[C-]=[F+],train,false,6.593894149369589,6.899156970406556,,0.30526282103696634
rx392:0cb31ae070376b2df1705bc872f553f1-C3F1H2O3P1-0-1,oxidation_free_energy,linear,RX-392,QYMPXOBOCUEYSJ-UHFFFAOYSA-N,O=C(OC[C-]=[F+])[O+]=[P-],train,false,5.3270255517236365,5.139945700731536,,0.18707985099210056
rx392:4d9e4ba7f6274b1c33a7cde73ab7fea4-C3F1H2O3P1-0-1,oxidation_free_energy,linear,RX-392,ZOLLSSBJOIYUKW-UHFFFAOYSA-N,O=C([O+]=[P-])[O+]=[C-]CF,train,false,5.5252568719261035,5.341334193778907,,0.1839226781471961
rx392:ac23131feb944800b5d02fa5e292e6d0-C3F1H2O3P1-0-1,oxidation_free_energy,linear,RX-392,FOKNTPSCAHQHBY-UPHRSURJSA-N,O=C(O/C=C\F)[O+]=[P-],train,false,5.328908919389505,5.123954981939023,,0.2049539374504823
rx392:dd955e703d6c0827f99f92d9ec9ddefb-C2F3H4O2P1-0-1,oxidation_free_energy,linear,RX-392,RFJVYQFUZPNUJW-UHFFFAOYSA-N,C=COP(O)(F)(F)F,train,false,6.555035226760083,6.5780784817703815,,0.02304325501029858
rx392:ed2aaaf49ed7c7beb9aff5f288bcac16-C2F3H4O2P1-0-1,oxidation_free_energy,linear,RX-392,HKEMDSWHALFBQT-UHFFFAOYSA-N,O=P(F)(F)OCCF,train,false,9.025647608650615,9.10518666505271,,0.07953905640209413
rx392:82eb0ed55f3099cfa273cd4a2c22b3f9-C3H3O2P1-0-1,oxidation_free_energy,linear,RX-392,CCMWXFXAMURFIT-UHFFFAOYSA-N,C=C[O+]=[C-][O+]=[P-],test,true,5.060783057462686,4.970561489695487,,0.09022156776719914
rx392:778aa819b51f24af08b9500e29ee88f8-C3F2H3O3P1-0-1,oxidation_free_energy,linear,RX-392,HCSAQDLCGQZRJN-UHFFFAOYSA-N,C=C[O+]=[C-]OP(=O)(F)F,train,false,7.281309193007473,7.389355904984087,,0.10804671197661353
rx392:224f1c1ef0de881ba40b47a8c0e482fb-C3F2H3O3P1-0-1,oxidation_free_energy,linear,RX-392,XHYVYPTUTXZPON-UHFFFAOYSA-N,C=COC(=O)OP(F)F,train,false,6.9943829752992315,8.492518505356198,,1.4981355300569668
rx392:6a749e8aa4b69eaa368d2447ae1be167-C2H1O3P1-0-1,oxidation_free_energy,linear,RX-392,GFKMYEYYVBMTGZ-UHFFFAOYSA-N,O=C=COP=O,train,false,6.333197623473097,6.521521228552972,,0.18832360507987467
rx392:936e9e0c9c07a526ac0e8e4178ff7ed9-C2H1O3P1-0-1,oxidation_free_energy,linear,RX-392,VRDROWXNTKTQGC-UHFFFAOYSA-N,O=P[O+]=C=C[O-],train,false,6.003503101746901,6.461174366494648,,0.4576712647477468
rx392:2b2beeb5c0de15bfe309a1a9166f58bf-C4F3H6O3P1-0-1,oxidation_free_energy,linear,RX-392,RUHDHDDPGFJWTE-ONEGZZNKSA-N,C=CO/C=C/OP(O)(F)(F)F,train,false,5.794055115042283,5.868785137646108,,0.07473002260382433
rx392:3ae7da5ea8451513ecb9a50c5ce58d6e-C4F3H6O3P1-0-1,oxidation_free_energy,linear,RX-392,HDWRTNIKGBUHPK-OWOJBTEDSA-N,O=P(F)(F)OCCO/C=C/F,test,true,6.122874978493201,6.161326072589994,,0.0384510940967937
rx392:04929a667d04a50c4640d3e4bc6169ce-C4F3H6O3P1-0-1,oxidation_free_energy,linear,RX-392,FAFNZQCMUULBEV-UHFFFAOYSA-N,[CH-]=COCC=[O+]P(O)(F)(F)F,train,false,4.074402973194083,4.2381566623997164,,0.1637536892056337
rx392:845e0ebd5c73aedbd5f13374265969af-C4F3H6O3P1-0-1,oxidation_free_energy,linear,RX-392,DSTXKVALWBYNJT-UHFFFAOYSA-N,O=P(F)(F)OCC[O+]=[C-]CF,train,false,6.002063793479465,6.131325281057624,,0.1292614875781588
rx392:c506165f6cc71a02fcd88568fa86271c-C4F3H6O3P1-0-1,oxidation_free_energy,linear,RX-392,HWEVNYWTQXBQLS-ONEGZZNKSA-N,O[P+](F)(F)O/C=C/OC[CH-]F,test,true,4.934549035158852,5.255182357037654,,0.3206333218788018
rx392:1bb2e75cce5131e755ed9eba1c6f763a-C4F4H7O2P1-0-1,oxidation_free_energy,linear,RX-392,KYGBLAHPGAKPBT-UHFFFAOYSA-N,F[CH-]COCCO[P+](F)(F)F,train,false,4.846326213795692,5.482767086355008,,0.6364408725593167
rx392:5a74d769f03b500059d19e7f8772cdd0-C4F4H7O2P1-0-1,oxidation_free_energy,linear,RX-392,BTZKNVPCNMJTGG-UHFFFAOYSA-N,FCCO[CH-]CO[P+](F)(F)F,train,false,5.245986506353802,5.839524771457573,,0.5935382651037715
rx392:1555a9ae48f02c7055964e3d8e1027ff-C4F4H7O2P1-0-1,oxidation_free_energy,linear,RX-392,PAAKWGZHJPXUJK-UHFFFAOYSA-N,FC[CH-]OCCO[P+](F)(F)F,train,false,5.049745727490517,5.634244861997126,,0.5844991345066086
rx392:06bf74e46db587e6b52d7cfd3d7f32ce-C2F1H4O3P1-0-1,oxidation_free_energy,linear,RX-392,GBXWZVOUCRPXSR-ZETCQYMHSA-N,[CH-]=[O+][P@@](=O)(F)OC,test,true,6.119523601581022,6.597289789930427,,0.47776618834940443
rx392:97da17e94c50f325d7832b5f8eb42c99-C4F3H6O3P1-0-1,oxidation_free_energy,linear,RX-392,HDYWTSRBPRUOFG-UHFFFAOYSA-N,O=P(F)(F)OCCOC[C-]=[F+],test,true,6.545524538556492,6.605136862513125,,0.05961232395663263
rx392:333d1e44a799c7e0b3678a352eb68f13-C4F2H7O2P1-0-1,oxidation_free_energy,linear,RX-392,MNHDDDSZUQHRGW-UHFFFAOYSA-N,C=COCCOP(F)F,test,true,6.28151984062788,6.027640645799402,,0.2538791948284773
rx392:3c7628b0c58ea48032eaafe63ff375fb-C4F2H7O2P1-0-1,oxidation_free_energy,linear,RX-392,PHUGHTCAHUHWOG-UHFFFAOYSA-N,FCCOCC=[O+][P-]F,train,false,4.479251415879844,4.218375812980834,,0.26087560289901024
rx392:49a6c47904d5071bf495ef62289c7747-C4H10O2-0-1,oxidation_free_energy,linear,RX-392,WERYXYBDKMZEQL-UHFFFAOYSA-N,OCCCCO,train,false,7.340719339192219,7.80477872072905,,0.46405938153683124
rx392:20a1cb1b939d750d91d02d795b402b61-C6F2H6O4-0-1,oxidation_free_energy,linear,RX-392,WEOLSQZHCZFASG-OLQVQODUSA-N,O=[C-]OC[C@H](F)[C@H](F)COC#[O+],train,false,3.9790240292059025,4.231293665836314,,0.2522696366304116
rx392:bf967f866014d1510bcfba7aebca3b2f-F1N1O2S2-0-1,oxidation_free_energy,linear,RX-392,GGLOSWGOTVFHNA-UHFFFAOYSA-N,O=S(=O)(F)N=S,train,false,7.349566681266879,7.253385946968981,,0.09618073429789753
rx392:09f20ad4010955c45910a3394aa3ce0e-C4F3H8O3P1-0-1,oxidation_free_energy,linear,RX-392,CDGMDRZKZLOQNQ-UHFFFAOYSA-N,[CH2-]COCC=[O+]P(O)(F)(F)F,test,true,3.1948091688609566,3.3204666475051625,,0.12565747864420596
rx392:4548b7fbbfd9e0216d5dcd9cb437c65b-C3F3H2O4P1-0-1,oxidation_free_energy,linear,RX-392,XVLJQJZZJFJPBU-UHFFFAOYSA-N,O=C(OP(=O)(F)F)[O+]=[C-]CF,train,false,6.607063482857484,7.000063508050283,,0.39300002519279875
rx392:44e6990c1b3c514ecacef0660e0c6423-C3F3H2O4P1-0-1,oxidation_free_energy,linear,RX-392,AAERQJYPQQTSDR-UHFFFAOYSA-N,O=C(OC[C-]=[F+])OP(=O)(F)F,train,false,7.053878699931374,6.976427652281321,,0.07745104765005362
rx392:136e064da88dfc20b606f64102678a51-C4F4H5O2P1-0-1,oxidation_free_energy,linear,RX-392,LZBWHVCDQDGLEH-UHFFFAOYSA-N,FC=[C-]OCCO[P+](F)(F)F,train,false,5.110038421396894,5.677201100802079,,0.5671626794051852
rx392:5f684626cf2d0adf9ebf421436c7e8ed-C4F4H5O2P1-0-1,oxidation_free_energy,linear,RX-392,ATYPQYWEWJYECR-UHFFFAOYSA-N,F[C-]=COCCO[P+](F)(F)F,train,false,5.016034518586821,5.604201862769214,,0.5881673441823931
rx392:e047a270f0060f5ca0f7b3611cc3da3c-C4F4H5O2P1-0-1,oxidation_free_energy,linear,RX-392,QDHHVEUEVDMSRQ-UHFFFAOYSA-N,F[P+](F)(F)OC[CH-]OC[C-]=[F+],train,false,5.25615932236542,7.292671853394814,,2.036512531029394
rx392:123aa122a965a5d72482b60c4faaeac5-C3F1H2O2P1-0-1,oxidation_free_energy,linear,RX-392,PYHCZXYKSZBJGD-UPHRSURJSA-N,F/C=C\[O+]=[C-][O+]=[P-],train,false,5.134483900383202,5.02391331297072,,0.11057058741248227
rx392:e1b3ee6876e218708f14970ee8ce564d-C3F1H2O2P1-0-1,oxidation_free_energy,linear,RX-392,ZYGHMFCEGARLNI-UHFFFAOYSA-N,[F+]=[C-]C[O+]=[C-][O+]=[P-],train,false,5.0848834381504275,4.999601041584813,,0.08528239656561443
rx392:ffa722446da2bdce8596e58b0325e77e-C2F1H4O2P1-0-1,oxidation_free_energy,linear,RX-392,OAPSVWVYBBSJPL-UHFFFAOYSA-N,O=POCCF,train,false,7.679271181419608,7.74567583191015,,0.06640465049054178
rx392:c639d1597e6b8d3cc788eb0f79519b09-C2F1H4O2P1-0-1,oxidation_free_energy,linear,RX-392,CDOJMNOPDHEVIP-ZCFIWIBFSA-N,[CH-]=[O+][P@@](F)OC,train,false,5.4655969824889326,6.1334465653778025,,0.66784958288887
rx392:9a272b9f71079ea8cb63952bff4d6859-C2F1H4O2P1-0-1,oxidation_free_energy,linear,RX-392,JEEQHMIUBGXUEB-ZCFIWIBFSA-N,C=CO[P@@](O)F,test,true,6.565952458524407,7.713515247422271,,1.1475627888978641
rx392:d209b7fca40a0075ae08a14ea4e99f9b-C3F1H4O4P1-0-1,oxidation_free_energy,linear,RX-392,FHLINRSUENUQLX-UHFFFAOYSA-N,O=POC(=O)OCCF,train,false,8.349809544295567,8.194565742043881,,0.155243802251686
rx392:913a46f02fa940717e1a86f1556fad4e-C4H8O3-0-1,oxidation_free_energy,linear,RX-392,JBTWLSYIZRCDFO-UHFFFAOYSA-N,CCOC(=O)OC,test,true,8.146998275142323,8.255967793158252,,0.10896951801592891
rx392:246afdd97110ea78e150fb138cf2ea92-C5H8O2-0-1,oxidation_free_energy,linear,RX-392,RBELWZTTZLXTEA-UHFFFAOYSA-N,C[C-]=[O+][C-]=[O+]CC,train,false,6.441043101454852,5.9198311310023435,,0.5212119704525087
rx392:3aab79c7f56d26cbfa207b305170d3fd-C5H8O2-0-1,oxidation_free_energy,linear,RX-392,KZXJSZRXKLHDAM-UHFFFAOYSA-N,C=C[O+]=[C-]OCC,test,true,6.118959037397872,6.443843765848046,,0.3248847284501739
rx392:a59e6c1837d2d64831fe45170e6996c9-C5H8O2-0-1,oxidation_free_energy,linear,RX-392,JYWTYTUFPXGMAK-UHFFFAOYSA-N,C=CCC[O+]=[C-]O,train,false,6.877936101282103,6.364098073652347,,0.5138380276297561
rx392:6fda537c573db2e86cfd0066e1b63f0a-C5H8O2-0-1,oxidation_free_energy,linear,RX-392,OKFSBEPUAXIQNU-UHFFFAOYSA-N,C[CH-][O+]=C=[O+][CH-]C,test,true,3.4613732749730843,3.3172532200245852,,0.1441200549484991
rx392:bc2536af65293855a3db8ff8e9cfedb9-C4-0-1,oxidation_free_energy,linear,RX-392,FMIYQRFAIMZVNM-UHFFFAOYSA-N,[C+]#CC#[C-],train,false,7.73050951003097,7.338676329527006,,0.3918331805039639
rx392:e4af80ed7395aef9001d1b170c5c0ec6-C1H2O1-0-1,oxidation_free_energy,linear,RX-392,WSFSSNUMVMOOMR-UHFFFAOYSA-N,C=O,train,false,7.645802006411941,7.179551099003275,,0.46625090740866604
rx392:008565e723376b227b96affb399076e4-C2F1H2O1P1-0-1,oxidation_free_energy,linear,RX-392,JCOWVKDGTBWZQH-UHFFFAOYSA-N,[F+]=[C-]C[O+]=[P-],train,false,5.007592981906782,4.73674049589062,,0.2708524860161621
rx392:3fcff53f213e649591b379219e598dd1-C2F1H2O1P1-0-1,oxidation_free_energy,linear,RX-392,CVCHJCQMHRXNKV-UPHRSURJSA-N,F/C=C\[O+]=[P-],train,false,4.99056628321523,4.784045301590094,,0.2065209816251361
rx392:77358f89405e1e92cb317182333fa86f-C2-0-1,oxidation_free_energy,linear,RX-392,LBVWYGNGGJURHQ-UHFFFAOYSA-N,[C+]#[C-],train,false,9.124661656763237,8.615967286126242,,0.5086943706369951
rx392:b812bca53e9edfa5c1a76413b8b52d6e-C3H4O1-0-1,oxidation_free_energy,linear,RX-392,DMAZUHPLIHKHFL-UHFFFAOYSA-N,C=C=[O+][CH2-],train,false,5.577824354010772,5.803424443102505,,0.22560008909173224
rx392:2ad1bfb8dc71b8d128bd4661a86028d8-C3H4O1-0-1,oxidation_free_energy,linear,RX-392,TVDSBUOJIPERQY-UHFFFAOYSA-N,C#CCO,train,false,7.517647965076321,7.218151182220157,,0.2994967828561643
rx392:f2c30241e2e2273e59b9b15026755415-C3H4O1-0-1,oxidation_free_energy,linear,RX-392,HGINCPLSRVDWNT-UHFFFAOYSA-N,C=CC=O,train,false,7.6355113206709575,6.914670057400851,,0.7208412632701062
rx392:eaee414191c3cdd2c729d6b8b60ace1a-C3H4O1-0-1,oxidation_free_energy,linear,RX-392,QJRDTOIKHQIJLL-UHFFFAOYSA-N,[CH2+]C=[C-]O,train,false,5.590548984519046,5.720519054366736,,0.12997006984769044
rx392:709c5f08f8e9f9dc320f92881c98bb8d-C3H4O1-0-1,oxidation_free_energy,linear,RX-392,YQTVBZHHWNMNKX-UHFFFAOYSA-N,C=C=CO,train,false,6.172361199719489,5.960468210803056,,0.21189298891643293
rx392:50119444c444f4e83d5d9eea8eb46bc3-C3H4O1-0-1,oxidation_free_energy,linear,RX-392,FMNGCVKRMOYGKC-UHFFFAOYSA-N,[CH-]=[O+]C=C,train,false,5.8279062665515085,5.998172096528742,,0.17026582997723327
rx392:7d5eb6bbb84fb2e36b80d0e8b74f0d80-C3H4O3-0-1,oxidation_free_energy,linear,RX-392,BUTNBPHMSLWDBB-UHFFFAOYSA-N,C=[O+]C(=O)O[CH2-],train,false,3.9880055108133092,4.490009924412898,,0.5020044135995887
rx392:06580be20d403d09f627fe858572c511-C3H4O3-0-1,oxidation_free_energy,linear,RX-392,JCZKILZQSCSMDM-OWOJBTEDSA-N,O[C-]=[O+]/C=C/O,train,false,6.102408663044116,6.593657155395013,,0.4912484923508966
rx392:026bac9d6f9da06c0db598e93ffdb069-C3H4O3-0-1,oxidation_free_energy,linear,RX-392,FXPHJTKVWZVEGA-UHFFFAOYSA-N,C=COC(=O)O,train,false,6.923307567018128,6.814257358091501,,0.10905020892662698
rx392:f072e9ab7c7364436335ff7aa6bfb44d-C3H4-0-1,oxidation_free_energy,linear,RX-392,OOXWYYGXTJLWHA-UHFFFAOYSA-N,C1=CC1,train,false,6.5967913030135605,6.466642384523659,,0.13014891848990118
rx392:3913fc4e49ba8d3c3b49ac60272cc307-C3H4-0-1,oxidation_free_energy,linear,RX-392,OQOPKWGTWCVGHN-UHFFFAOYSA-N,[CH-]=C[CH2+],train,false,5.369627661643335,5.501287868551069,,0.13166020690773372
rx392:dbcb7576fc44002df96b331d41d85893-C3H4-0-1,oxidation_free_energy,linear,RX-392,MWWATHDPGQKSAR-UHFFFAOYSA-N,C#CC,train,false,7.4519830849485516,7.121539028841311,,0.3304440561072406
rx392:d2774c3c7e51ef586311938745c9d719-C3H4-0-1,oxidation_free_energy,linear,RX-392,IYABWNGZIDDRAK-UHFFFAOYSA-N,C=C=C,train,false,6.767389313251442,6.849539680913999,,0.08215036766255679
rx392:8c11c7f439bc11c00a650118281a8423-C2H2O1-0-1,oxidation_free_energy,linear,RX-392,QFXZANXYUCUTQH-UHFFFAOYSA-N,C#CO,train,false,7.227977565336914,6.882132029626167,,0.3458455357107475
rx392:db38b27b8bc203eb8e84f808deccd211-C2H2O1-0-1,oxidation_free_energy,linear,RX-392,CCGKOQOJPYTBIH-UHFFFAOYSA-N,C=C=O,test,true,6.695882528095353,6.331057419783217,,0.36482510831213677
rx392:85a0b2cb7df42b9ce75148d553a5413c-C4F1H5O2-0-1,oxidation_free_energy,linear,RX-392,NFRSUFCVPJPISR-UHFFFAOYSA-N,[O-]C=C=[O+]CCF,train,false,6.0545226496578834,6.058206229004842,,0.00368357934695851
rx392:487e38e4c49b1645f4db9f9b058e1a85-C4F1H5O2-0-1,oxidation_free_energy,linear,RX-392,GSEPJCCJRORXBD-UHFFFAOYSA-N,O=CCOC[C-]=[F+],train,false,7.202654620292378,6.619420382386857,,0.5832342379055211
rx392:b9c881903e8e7af10c9fa7285c546dab-C4F1H5O2-0-1,oxidation_free_energy,linear,RX-392,QWLNWTOCEWNDAC-UHFFFAOYSA-N,O=C=COCCF,train,false,5.792766719407155,6.086778726109366,,0.2940120067022116
rx392:1b30b01ddff3aa438d454e56a45cbb95-C4F1H5O2-0-1,oxidation_free_energy,linear,RX-392,YBOSEYLQPLVONR-HNQUOIGGSA-N,O=CCO/C=C/F,train,false,6.165539896255723,6.191245572405366,,0.025705676149643253
rx392:b48550501accae491101b12773fb2296-C3H3O4P1-0-1,oxidation_free_energy,linear,RX-392,JBEIJKJLJZCZFC-UHFFFAOYSA-N,C=COC(=O)OP=O,test,true,6.97138357986114,7.042945737990125,,0.0715621581289847
rx392:2da908be95a4ca5fb3be510eb469c625-C3F3H6O3P1-0-1,oxidation_free_energy,linear,RX-392,UJTBXDRWYRTHJK-UHFFFAOYSA-N,[CH2-]OCC=[O+]P(O)(F)(F)F,test,true,2.941924005310284,3.5049005612757744,,0.5629765559654905
rx392:55ca6ec8a2cf3efd25a30cc806def00f-C3F1H4O2P1-0-1,oxidation_free_energy,linear,RX-392,OCMCERHKUCOWRV-UHFFFAOYSA-N,FCC[O+]=[C-][O+]=[P-],train,false,4.988140762190596,4.906534133524711,,0.08160662866588542
rx392:d3705b2b21d0bbfb9f9f0bafb7060c64-C3F3H4O2P1-0-1,oxidation_free_energy,linear,RX-392,OKNQBAOIRDCUQY-UHFFFAOYSA-N,FCC[O+]=[C-]OP(F)F,train,false,6.332916760213266,6.831967984581261,,0.499051224367995
rx392:f4f2514ef548091fac10596c1eda0a83-C2F1H5-0-1,oxidation_free_energy,linear,RX-392,UHCBBWUQDAVSMS-UHFFFAOYSA-N,CCF,train,false,8.450225317774311,8.742694693990547,,0.2924693762162356
rx392:a09bd161f99ef9c01b54cbaf4144cf38-C1F3N1S1-0-1,oxidation_free_energy,linear,RX-392,AAXXOYNBIPBZCE-UHFFFAOYSA-N,N#SC(F)(F)F,train,false,7.3405007664368895,7.190621668070098,,0.14987909836679147
rx392:ef1e50212e5f9a09e73d506f901abefe-C2F3H2O3P1-0-1,oxidation_free_energy,linear,RX-392,MVPLXAZBLZNPNR-UHFFFAOYSA-N,O=C=COP(O)(F)(F)F,test,true,6.088158690115961,6.406301432706779,,0.3181427425908181
rx392:d0493d190d4ed0e739eff2814ce28f04-C3F3O3P1-0-1,oxidation_free_energy,linear,RX-392,RSUQQKAVYYYAMJ-UHFFFAOYSA-N,O=P(F)(F)O[C-]=[O+]C#CF,train,false,8.091307154434617,7.882687136262644,,0.20862001817197307
rx392:a636101b3bb07ae1a18cd2d58615cb6e-C3F3O3P1-0-1,oxidation_free_energy,linear,RX-392,BXAOLLYWACCEFX-UHFFFAOYSA-N,O=C(OC#CF)OP(F)F,train,false,7.540458562147251,7.50647768706052,,0.033980875086730755
rx392:e9f8d977a4573e522f78d01f77b71008-C6H8O5-0-1,oxidation_free_energy,linear,RX-392,QQEXEEDMFFZXMX-DUXPYHPUSA-N,O=C(O)O/C=C/CC[O+]=[C-]O,train,false,6.5074603797002055,6.4368096314587016,,0.07065074824150397
rx392:b0826e97321191f6134c4c990682c841-C6H8O5-0-1,oxidation_free_energy,linear,RX-392,JTPAGSDUGREDNW-HNQUOIGGSA-N,O=C(O)OCC/C=C/[O+]=[C-]O,train,false,6.585125442015851,6.657728840410125,,0.07260339839427399
rx392:44303505daaf06af4bea6a6880b3e2c2-C6H8O5-0-1,oxidation_free_energy,linear,RX-392,CPFDTFPNYBASJP-UHFFFAOYSA-N,O=C(O)[O+]=[C-]CCC[O+]=[C-]O,train,false,5.85931840392368,6.1904121279291315,,0.33109372400545123
rx392:94a870ca0bb49bc0f28aeb34c846d3c7-C6H8O5-0-1,oxidation_free_energy,linear,RX-392,PZYYRUSVWMSYNA-UHFFFAOYSA-N,O=C(O)O[CH-]CCCOC#[O+],train,false,3.8593846596231742,4.142646732103202,,0.2832620724800279
rx392:24623b2b2158cb018e8e05656da96a2c-C4F3H8O2P1-0-1,oxidation_free_energy,linear,RX-392,IHMQIPQVQXSNCT-UHFFFAOYSA-N,[CH2-]COCCO[P+](F)(F)F,train,false,5.005286645966407,5.584610263627126,,0.5793236176607186
rx392:3709938b1042f5f0eb1e484350b5c440-C4F3H8O2P1-0-1,oxidation_free_energy,linear,RX-392,OYKFCNJSJWCLQV-UHFFFAOYSA-N,FCCOCCOP(F)F,train,false,7.481141815660521,7.998781544433018,,0.5176397287724965
rx392:3e2da78536092d0bc73cd1fe2bb9d0ff-C1F2H3O2P1-0-1,oxidation_free_energy,linear,RX-392,ZLTVJTLCEBCPRC-UHFFFAOYSA-N,COP(=O)(F)F,train,false,9.019673735856486,9.098751367916808,,0.07907763206032214
rx392:64cdd76288da4cd4db45a8d0965a4ed5-C3H6O1-0-1,oxidation_free_energy,linear,RX-392,XXROGKLTLUQVRX-UHFFFAOYSA-N,C=CCO,train,false,6.799633608664408,6.821881724051599,,0.022248115387191625
rx392:311eef44ca0634a1e16023369a1c70c2-C4H4O2-0-1,oxidation_free_energy,linear,RX-392,AAKAUACJZNKYNA-UHFFFAOYSA-N,OC=C=C=CO,test,true,5.343703792994347,5.172709478108757,,0.17099431488558992
rx392:da710964f960ef635c7831864c00f442-C4H4O2-0-1,oxidation_free_energy,linear,RX-392,DELKMSIDPXIEDM-HNQUOIGGSA-N,[O-]C=[C+]/C=C/O,train,false,5.448789800730083,5.484782481000616,,0.035992680270533484
rx392:7b65e197ad50b0a93820790683e48728-C4H4O2-0-1,oxidation_free_energy,linear,RX-392,QAPQYLWHUDXNHY-UHFFFAOYSA-N,O=CC#CCO,train,false,7.774485670868671,7.540592289458809,,0.23389338140986204
rx392:92c14b2e822aed7a5bc31503ee377483-C4H4O2-0-1,oxidation_free_energy,linear,RX-392,FGWHKLZLKZTTJC-UHFFFAOYSA-N,[O+]#CC=[C-]CO,train,false,5.382270932544998,5.5221907328903574,,0.13991980034535967
rx392:856604a3206396048f178fbbb8ab1528-C4H4O2-0-1,oxidation_free_energy,linear,RX-392,ZQSNQCCHTLRBEJ-HNQUOIGGSA-N,OC#C/C=C/O,train,false,5.687702830973649,5.70968795996293,,0.0219851289892814
rx392:4da1ee5be66e0b0c393f512788564331-C4H4O2-0-1,oxidation_free_energy,linear,RX-392,NLKDMABNKZYWOR-UHFFFAOYSA-N,O=C=C=CCO,train,false,6.264394931597053,6.062702370213773,,0.20169256138327984
rx392:0d1d75c8d49274281ec6e8b7b195b1bc-C4H4O2-0-1,oxidation_free_energy,linear,RX-392,QLPLVBRHAUYLGI-HNQUOIGGSA-N,O=C=C/C=C/O,train,false,5.256132972983323,5.078862182481194,,0.17727079050212957
rx392:31d1fff2054652f7e691cbd6bfb0a6ff-C4H4O2-0-1,oxidation_free_energy,linear,RX-392,XBSRXVZINSXPAK-UHFFFAOYSA-N,O=C=CCC=O,train,false,6.4120733230174665,6.179888640404999,,0.23218468261246716
rx392:9f23037fd8540b07909f70323d7c44b9-C4H4O2-0-1,oxidation_free_energy,linear,RX-392,RNWVTGJNQBCHSH-UHFFFAOYSA-N,O[C-]=C=[C+]CO,train,false,5.7928056517903315,6.028793624982685,,0.2359879731923531
rx392:6abdcc8c67947b277e6af1d5ba146a5a-C4H4O2-0-1,oxidation_free_energy,linear,RX-392,PHPQBNJFEJABAQ-UHFFFAOYSA-N,O=CCC#CO,train,false,6.842049494571256,6.633911639352981,,0.20813785521827555
rx392:47f2766ce1d2c727d5c51407754daeef-C4H4O2-0-1,oxidation_free_energy,linear,RX-392,VXSCYUIHNUFSOI-UHFFFAOYSA-N,O=CC[C+]=C[O-],train,false,6.24811129029149,6.38565880729663,,0.13754751700513967
rx392:80b7cbfe2da14e00b5dcef4df1173a5c-C4H4O2-0-1,oxidation_free_energy,linear,RX-392,AANWVHZBSWQSNZ-UHFFFAOYSA-N,[O-]CC#C[CH+]O,train,false,5.019238686081735,4.735802921805753,,0.28343576427598194
rx392:bfbf9b8228dd679ef518da77c6157f11-C4H4O2-0-1,oxidation_free_energy,linear,RX-392,RKIFFIQLHZSJEB-UHFFFAOYSA-N,O=CC=C=CO,train,false,6.52364786427097,6.341812915864273,,0.18183494840669656
rx392:5d40cb3799904b843bf0c9d322623522-C4H4O2-0-1,oxidation_free_energy,linear,RX-392,JGEMYUOFGVHXKV-OWOJBTEDSA-N,O=C/C=C/C=O,train,false,7.94411102574486,7.618708286788891,,0.32540273895596883
rx392:ab108a5daf5a58582a32793c93fc8228-C4O2-0-1,oxidation_free_energy,linear,RX-392,QIQCZROILFZKAT-UHFFFAOYSA-N,O=C=C=C=C=O,test,true,5.885496328492081,5.5981878522564825,,0.28730847623559885
rx392:de2b1338d888741b40170b6a510e5b55-F1O1P1-0-1,oxidation_free_energy,linear,RX-392,WFAADKZBQQNDRX-UHFFFAOYSA-N,O=PF,train,false,9.024769171195658,8.596706353372085,,0.428062817823573
rx392:5b20bf3c7fd6d56a8c2f86481fc4d61b-C2H3O2P1-0-1,oxidation_free_energy,linear,RX-392,AYVCODLNKJXNFQ-UHFFFAOYSA-N,C=COP=O,train,false,6.818561931419026,7.031581946824559,,0.21302001540553306
rx392:08ad803d6147084d826c099a1075f02d-C1O1-0-1,oxidation_free_energy,linear,RX-392,UGFAIRIUMAVXCW-UHFFFAOYSA-N,[C-]#[O+],test,true,11.048400070965272,10.291063816786654,,0.7573362541786182
rx392:9c565f3ebb570f6c48e634f8fcdc99fa-C2H4O2-0-1,oxidation_free_energy,linear,RX-392,WGCNASOHLSPBMP-UHFFFAOYSA-N,O=CCO,train,false,7.184209797977928,7.017456375822455,,0.16675342215547317
rx392:5e1ee1bacbb4cab2d267e1a2a09e9e44-C2H4O2-0-1,oxidation_free_energy,linear,RX-392,JMCRDEBJJPRTPV-OWOJBTEDSA-N,O/C=C/O,test,true,5.561649436098378,5.472324420486865,,0.08932501561151263
rx392:445ae81f0abc0c33c164b93d6050d790-F3P1-0-1,oxidation_free_energy,linear,RX-392,WKFBZNUBXWCCHG-UHFFFAOYSA-N,FP(F)F,train,false,8.432495215536619,8.554572854166935,,0.12207763863031573
rx392:af963087bf371c3036e9fa28886708b7-C2F1H1-0-1,oxidation_free_energy,linear,RX-392,IAWCIZWLKMTPLL-UHFFFAOYSA-N,C#CF,train,false,8.068444667139374,7.663483600415499,,0.40496106672387544
rx392:3b55aecf679a1a6a6a02bde10bf2dc86-C4F1H7O1-0-1,oxidation_free_energy,linear,RX-392,FPFVPEGEWVRCGK-UHFFFAOYSA-N,C=COCCF,train,false,6.255315142776453,6.128999254024737,,0.12631588875171662
rx392:67270c9a9113802536fa59895226efff-C4H8O1-0-1,oxidation_free_energy,linear,RX-392,ZSPTYLOMNJNZNG-UHFFFAOYSA-N,C=CCCO,train,false,6.803166848543697,6.633549582316425,,0.1696172662272719
rx392:608a852d63f3b4f49956bae07e2b3f8c-O2-0-1,oxidation_free_energy,linear,RX-392,MYMOFIZGZYHOMD-UHFFFAOYSA-N,O=O,train,false,8.073894365306842,7.904687051488772,,0.16920731381806942
rx392:dd0f80fa049b9315dcc8619dcd456691-C1F1H2O2P1-0-1,oxidation_free_energy,linear,RX-392,MAJMPRMKWNLKLB-RXMQYKEDSA-N,[CH-]=[O+][P@@](O)F,train,false,5.537465853394679,6.074060414872115,,0.5365945614774361
rx392:77f1b2b9ecd647aa592fe99eea6c12a7-C2F1H3-0-1,oxidation_free_energy,linear,RX-392,UWUSHLGXEGIMLQ-UHFFFAOYSA-N,C[C-]=[F+],train,false,6.161504790039544,6.302704295569239,,0.14119950552969485
rx392:026d6508bf37cf251bb0523a14289794-C2F1H3-0-1,oxidation_free_energy,linear,RX-392,XUCNUKMRBVNAPB-UHFFFAOYSA-N,C=CF,train,false,7.171937936046561,6.935614800600567,,0.2363231354459936
rx392:e46dd34a11fd8764dd5df89a238cb0c1-C2H2O3-0-1,oxidation_free_energy,linear,RX-392,GRUQTSNPKSBFCU-UHFFFAOYSA-N,[CH-]=[O+]C(=O)O,train,false,6.128538789142112,6.5602731429048475,,0.43173435376273517
rx392:4fd4eca88b4746a85c49a2ec924ad076-C4F1H5O1-0-1,oxidation_free_energy,linear,RX-392,KOTSEKBQFCVDHQ-UHFFFAOYSA-N,C=[C-]OCC=[F+],train,false,4.214146940568753,4.524993394167527,,0.3108464535987743
rx392:d51b2ba8b3abc455636b457aa8624881-C4F1H5O1-0-1,oxidation_free_energy,linear,RX-392,DJNAECOKNXPLQG-UHFFFAOYSA-N,C=[C-][O+]=CCF,test,true,5.401968495963956,5.851711270667321,,0.4497427747033651
rx392:669d18218c5a65be4111e7e54cfabf4c-C4F1H5O1-0-1,oxidation_free_energy,linear,RX-392,FQSFRNBGIOXIAL-UHFFFAOYSA-N,C=C[O+]=[C-]CF,train,false,6.012891770573333,6.153472314843723,,0.14058054427039046
rx392:ce9ba929822d1046826f4eb6a16e7d3d-C4F1H5O1-0-1,oxidation_free_energy,linear,RX-392,JSZXJSAAUNIPPB-ONEGZZNKSA-N,C=CO/C=C/F,test,true,6.1221746236114996,6.22157655090451,,0.09940192729301067
rx392:4adee762bef56a023f7ba785e0ae3c78-C4F1H5O1-0-1,oxidation_free_energy,linear,RX-392,YIFLLUFXHUBQLQ-UHFFFAOYSA-N,C#COCCF,train,false,6.972905814929618,6.694674097109579,,0.27823171782003886
rx392:ed5c6fe25b5000d0904487cc91430c03-C4F1H5O1-0-1,oxidation_free_energy,linear,RX-392,GZXBZRDDNZNSPA-UHFFFAOYSA-N,[CH2-]COC=C=[F+],train,false,5.1629213604228426,5.304673415923931,,0.1417520555010885
rx392:d8690e8a904412eff5d3f72114c404fc-C4F1H5O1-0-1,oxidation_free_energy,linear,RX-392,JSDDQFGOKCHKKY-UHFFFAOYSA-N,C=COC[C-]=[F+],test,true,6.534290901821805,6.6692445116075,,0.13495360978569515
rx392:d6dcd30d93f1e9b6f23abb71db2810c3-C3O3-0-1,oxidation_free_energy,linear,RX-392,ZYFDSSUZPIREPW-UHFFFAOYSA-N,O=c1oc#co1,test,true,7.380913913693803,7.232298849714472,,0.14861506397933066
rx392:57311bbaca6db6c4aea47d0a657dca1d-C2F1H3O1-0-1,oxidation_free_energy,linear,RX-392,OUJKXJCTKVAHMW-UHFFFAOYSA-N,C=C(O)F,test,true,6.547121705410063,6.338613276224574,,0.20850842918548906
rx392:34762e4f0a628856a19d3d0cfc263fe9-C2F1H3O1-0-1,oxidation_free_energy,linear,RX-392,FQHQFKKLNBWDFN-UHFFFAOYSA-N,OC[C-]=[F+],test,true,6.432280357767922,6.5294629123990555,,0.09718255463113312
rx392:9a4435a9c40da4fefd8f636d2ac3cf88-C1F2S1-0-1,oxidation_free_energy,linear,RX-392,FOCAHLGSDWHSAH-UHFFFAOYSA-N,FC(F)=S,train,false,7.854696352358587,7.497908614470289,,0.35678773788829865
rx392:9595d8fa8e1dcddb5105d12f20ebe40f-C3O2-0-1,oxidation_free_energy,linear,RX-392,FLTLJXSVXKNUEG-UHFFFAOYSA-N,[C-]#COC#[O+],train,false,7.465793281540755,7.124943311825991,,0.340849969714764
rx392:ca59b15f7aefab2d49c8c11b6615c290-C1F2-0-1,oxidation_free_energy,linear,RX-392,LTVOKYUPTHZZQH-UHFFFAOYSA-N,F[C-]=[F+],train,false,8.216168986312368,8.327778238457189,,0.1116092521448202
rx392:2a388c1f9dc62f9fbac9a6c21f953731-C2F2H2-0-1,oxidation_free_energy,linear,RX-392,WFLOTYSKFUPZQB-OWOJBTEDSA-N,F/C=C/F,test,true,6.97821700143686,6.853126483800688,,0.1250905176361723
rx392:f63f9c835239d71494f5de95b4f84e70-C2F1O1P1-0-1,oxidation_free_energy,linear,RX-392,ABNPZFCPRKJGHG-UHFFFAOYSA-N,[C+]#CO[P-]F,train,false,6.90886307814435,6.618585146811903,,0.2902779313324473
rx392:089df419ed7c91b59ca2d4fe026c3661-C3H2-0-1,oxidation_free_energy,linear,RX-392,LPUFMQSFYARLPQ-UHFFFAOYSA-N,[C-]#C[CH2+],train,false,7.508302316572099,7.0958429805863625,,0.41245933598573625
rx392:77eafc00794f25345e928a654ce7021d-C3H2-0-1,oxidation_free_energy,linear,RX-392,OUSWHEMIRJJMAW-UHFFFAOYSA-N,[CH+]=C=[CH-],train,false,5.8613959266576785,5.901822723354058,,0.040426796696379164
rx392:dfc867f60c83e93a4dd1f5eb6394c536-C3H2-0-1,oxidation_free_energy,linear,RX-392,VVLPCWSYZYKZKR-UHFFFAOYSA-N,C1=CC=1,test,true,6.551780970890832,6.300748104000897,,0.2510328668899344
rx392:f042ce2a042dbb48b9d20bb0ad59c396-C4O1-0-1,oxidation_free_energy,linear,RX-392,CDVSZGXKZFCJCX-UHFFFAOYSA-N,[C+]#CC#C[O-],train,false,6.822904484761239,6.478736176767338,,0.3441683079939004
rx392:d9535e0927b4e45ca0362a0e9da2f8c5-C1O2-0-1,oxidation_free_energy,linear,RX-392,CURLTUGMZLYLDI-UHFFFAOYSA-N,O=C=O,test,true,11.060806802402112,10.444428124637373,,0.6163786777647395
rx392:717bb68f76a95d83f831725af11d12bf-C4H4O1-0-1,oxidation_free_energy,linear,RX-392,XGIVOKYSENAIBM-UHFFFAOYSA-N,C=CC=C=O,train,false,5.815466866841234,5.563259056050019,,0.2522078107912149
rx392:0a385519fdb46414e6b03aee5f5046b6-C4H4O1-0-1,oxidation_free_energy,linear,RX-392,WTHYFEKXKDCABL-UHFFFAOYSA-N,OCC1=C=C1,train,false,6.452087015440156,6.2342628873939825,,0.2178241280461739
rx392:df614fd2c582a561f8265c9a763f8029-C4H4O1-0-1,oxidation_free_energy,linear,RX-392,LTEGMYHYMQASQH-ONEGZZNKSA-N,C#C/C=C/O,train,false,7.739689263778018,5.863183617384162,,1.8765056463938565
rx392:34d21e66568aa8000fea1118e704ad8c-C4H4O1-0-1,oxidation_free_energy,linear,RX-392,YPNHTQKSEBTVTA-UHFFFAOYSA-N,[CH+]=C=[C-]CO,train,false,5.57124755012137,5.722309746233477,,0.15106219611210658
rx392:d404b61e927388aef6c12bd8b0a5f193-C4H4O1-0-1,oxidation_free_energy,linear,RX-392,GROQXUVMFYCDCH-UHFFFAOYSA-N,[C-]#C[CH+]CO,train,false,7.386246688571191,7.015868754329275,,0.37037793424191623
rx392:96f0ebf9f78c01889f1767da151819ef-C4H4O1-0-1,oxidation_free_energy,linear,RX-392,KYTQITOHJJHPDS-UHFFFAOYSA-N,C=C[C+]=C[O-],test,true,5.810532649292327,5.85571549776545,,0.04518284847312337
rx392:86246cda987d79bef420a20538b9f58d-C4H4O1-0-1,oxidation_free_energy,linear,RX-392,OYBQILSQCOWJHL-UHFFFAOYSA-N,C=C=CC=O,train,false,7.15958172349292,7.259321866377055,,0.09974014288413535
rx392:fa23fdb99d7369ef92fae66db79c9646-C4H4O1-0-1,oxidation_free_energy,linear,RX-392,CBANTOIXIJQPFT-UHFFFAOYSA-N,C=[C+]C=[C-]O,train,false,5.5660003500315725,5.736754290722074,,0.17075394069050187
rx392:9eb2988bd2c4c29bc331257730678f58-C4H4O1-0-1,oxidation_free_energy,linear,RX-392,DITVRNREGUJROD-UHFFFAOYSA-N,C=CC#CO,train,false,6.271286773190695,5.985883377746934,,0.2854033954437618
rx392:8f762fee749beeeae9284d231a27fa81-C4H4O1-0-1,oxidation_free_energy,linear,RX-392,CGMKCLKVASCLPD-UHFFFAOYSA-N,[O-]C[c+]1cc1,train,false,4.947135674697165,4.652944665115754,,0.29419100958141087
rx392:3cb51328ce5a796a981172e6c49047d2-C4H4O1-0-1,oxidation_free_energy,linear,RX-392,OGQNOIVDVXRWRE-UHFFFAOYSA-N,C#CCC=O,train,false,7.444235069800925,7.127773507101528,,0.31646156269939674
rx392:c9378c2b3015c8ea86777ab68e160976-C4H4O1-0-1,oxidation_free_energy,linear,RX-392,MVKDNEGFXJWGSU-UHFFFAOYSA-N,C=C=C=CO,train,false,5.866575593664493,5.6357974364003285,,0.23077815726416429
rx392:dad684072d722bc093205e405a3ba53e-C2H3O1P1-0-1,oxidation_free_energy,linear,RX-392,NOHDQPINCFUWAH-UHFFFAOYSA-N,C1=POC1,train,false,6.326841841337227,6.090309245809856,,0.23653259552737094
rx392:77c664eeb5278406e50f4110656abf11-C2H3O1P1-0-1,oxidation_free_energy,linear,RX-392,QEMVZEKDXHHVTD-UHFFFAOYSA-N,C=C[O+]=[P-],train,false,4.960994793673308,4.686434135821463,,0.27456065785184514
rx392:7b49e2b8308c6aca4cea6ad206841e70-C3H6O3-0-1,oxidation_free_energy,linear,RX-392,IEJIGPNLZYLLBP-UHFFFAOYSA-N,COC(=O)OC,train,false,8.241527748043154,8.415900420063103,,0.174372672019949
rx392:e6fda78e26bde59f3f7b9dd469251c75-C2H2-0-1,oxidation_free_energy,linear,RX-392,HSFWRNGVRCDJHI-UHFFFAOYSA-N,C#C,train,false,8.19336728786584,7.70211651928699,,0.4912507685788503
rx392:b70818472fa2a9ce7a9445f51da53842-C4H4-0-1,oxidation_free_energy,linear,RX-392,WXBUKAPYXQZTGS-UHFFFAOYSA-N,[CH-]=C[C+]=C,train,false,5.248591228415535,5.405584148098114,,0.15699291968257967
rx392:352c093fd23cdc6610076725c4186609-C4H4-0-1,oxidation_free_energy,linear,RX-392,WFYPICNXBKQZGB-UHFFFAOYSA-N,C#CC=C,train,false,6.8289677072880295,6.499726717277526,,0.32924099001050333
rx392:d8dd086cad717e230689723ea8f4d600-C2H4O1-0-1,oxidation_free_energy,linear,RX-392,QJVFBSULGFNYKF-UHFFFAOYSA-N,[CH-]=[O+]C,train,false,5.684798859775583,5.810867385070502,,0.12606852529491874
rx392:17a19cea6a7365e56c7fb753dc613eed-C2H4O1-0-1,oxidation_free_energy,linear,RX-392,ALPNRGFNSBABCF-UHFFFAOYSA-N,C=[O+][CH2-],test,true,4.537693480649068,4.161463863741834,,0.3762296169072341
rx392:f42321c652bedf6fd652e9b0129f9b90-C2H4O1-0-1,oxidation_free_energy,linear,RX-392,IMROMDMJAWUWLK-UHFFFAOYSA-N,C=CO,train,false,6.376889193097668,6.1567387725595895,,0.22015042053807843
rx392:7019b6e9d5861ab98b5afd52b3e6b2b4-O2S1-0-1,oxidation_free_energy,linear,RX-392,RAHZWNYVWXNFOC-UHFFFAOYSA-N,O=S=O,train,false,9.9658252457466,9.451357499864798,,0.5144677458818023
rx392:eea5abe87924b73848bbbdd330660e88-C2H4O1-0-1,oxidation_free_energy,linear,RX-392,IKHGUXGNUITLKF-UHFFFAOYSA-N,CC=O,train,false,7.340443421191594,6.899135183857312,,0.44130823733428226
rx392:600ebb07b249b7cbfca57c3d9db067aa-C3F1H5O1-0-1,oxidation_free_energy,linear,RX-392,LHYAEMPPNIXGCD-UHFFFAOYSA-N,[CH2-][O+]=CCF,test,true,4.716237982544044,4.546434890096852,,0.16980309244719205
rx392:2c460dabb27022713f6ef673942553fb-C3F1H5O1-0-1,oxidation_free_energy,linear,RX-392,BJZRZNNVMYEWTG-UHFFFAOYSA-N,[CH-]=[O+]CCF,train,false,5.758220229498875,5.929084104282757,,0.17086387478388243
rx392:2a7038045e0ffe3518968f79bd496cbd-C2O1-0-1,oxidation_free_energy,linear,RX-392,WPPUQEJWLSCIER-UHFFFAOYSA-N,C1#CO1,train,false,8.40664559835841,8.03294738365366,,0.3736982147047492
rx392:6526f866a7fadcec9362735ba14ceaec-C2O1-0-1,oxidation_free_energy,linear,RX-392,VILAVOFMIJHSJA-UHFFFAOYSA-N,[C+]#C[O-],train,false,7.245821334113316,7.063537984473269,,0.18228334964004667
rx392:8d3efaa4d851690620e0b9623f321f49-C2H2O2-0-1,oxidation_free_energy,linear,RX-392,ZUQAPLKKNAQJAU-UHFFFAOYSA-N,OC#CO,train,false,6.4562586198990175,6.646610823022185,,0.19035220312316792
rx392:bdff71708378e53bec98bbb3fe4eb1ba-C2H2O2-0-1,oxidation_free_energy,linear,RX-392,WVKOKNQPFFEMSR-UHFFFAOYSA-N,O=C=CO,train,false,5.894685967724399,6.147377362328906,,0.25269139460450685
rx392:63769b47845d3137f387e3f82470c1c1-C2H2O2-0-1,oxidation_free_energy,linear,RX-392,LVHRYALDLLEVEI-UHFFFAOYSA-N,[O-]C=[C+]O,train,false,6.382438307478878,6.336654051422145,,0.04578425605673342
rx392:94475f73a1d56a2569e9bd20f87fcce9-C2H2O2-0-1,oxidation_free_energy,linear,RX-392,LEQAOMBKQFMDFZ-UHFFFAOYSA-N,O=CC=O,train,false,7.276859224430154,7.329454609753486,,0.052595385323331634
rx392:ec16263886edf512f85f2220e95c56fc-F1N1S1-0-1,oxidation_free_energy,linear,RX-392,IMFUYZDKLVTPSW-UHFFFAOYSA-N,N#SF,test,true,8.94859526604887,8.64827315291473,,0.3003221131341398
rx392:79062cdbb9ba23fa8889e4308470481e-C1H3O1P1-0-1,oxidation_free_energy,linear,RX-392,GHKHMOXIOVURDV-UHFFFAOYSA-N,C[O+]=[P-],train,false,4.821221795453312,4.543941794852238,,0.27728000060107405
rx392:d27d50d59db302f5c59659367756f95b-C3H4O2-0-1,oxidation_free_energy,linear,RX-392,LSERFZTYQJGIIQ-UHFFFAOYSA-N,[CH-]=[O+][C-]=[O+]C,train,false,6.816232272371053,6.247130127040644,,0.569102145330409
rx392:34bc207638fea54ddec67f0dba000f16-C3H4O2-0-1,oxidation_free_energy,linear,RX-392,VMMCEBXMWYYEPC-UHFFFAOYSA-N,[CH2-][O+]=C=[O+][CH2-],train,false,4.02780062506281,3.880314188876766,,0.1474864361860435
rx392:1910c66317a43ac1a84f43717dbf0ae5-C3H4O2-0-1,oxidation_free_energy,linear,RX-392,JTNLWJFHWILBSI-UHFFFAOYSA-N,C=C[O+]=[C-]O,train,false,6.913386763777453,6.697151465554184,,0.21623529822326848
rx392:2fa911ba20075e558feaaeba5f735f06-C3H4O2-0-1,oxidation_free_energy,linear,RX-392,IGDWZJVLDCGUOP-UHFFFAOYSA-N,[CH-]=[O+]CC=O,test,true,5.9157183285169594,6.040814806645783,,0.12509647812882374
rx392:97bf22fefb34db5d1e8c2c68182b5b54-C3F1H3O2-0-1,oxidation_free_energy,linear,RX-392,QAASNXVFZQIXDD-UWTATZPHSA-N,O=C1OC[C@H]1F,train,false,8.019643844441816,8.05386611155842,,0.034222267116604144
rx392:4cecb3d23331364b36306d3854c4138e-C3F1H3O2-0-1,oxidation_free_energy,linear,RX-392,KTKPMYNFYLRXHC-REOHCLBHSA-N,O=C1C[C@@H](F)O1,test,true,8.402513605895365,8.119968522426184,,0.2825450834691807
rx392:d9b4ba38c9c0d3ff7f6d54d228e9e566-C3F1H3O2-0-1,oxidation_free_energy,linear,RX-392,PDBVVFPFLGGBJC-GSVOUGTGSA-N,F[C@H]1C[O+]=[C-]O1,train,false,6.99820132768582,7.092244023532962,,0.09404269584714253
rx392:a7edd3047d627321616f873cc83d2e5e-O1S1-0-1,oxidation_free_energy,linear,RX-392,XTQHKBHJIVJGKJ-UHFFFAOYSA-N,O=S,train,false,6.769303277496874,6.385921553088826,,0.3833817244080482
rx392:53eb1fdbc1f2979b1e1d4130d5ba5230-C1H1O3P1-0-1,oxidation_free_energy,linear,RX-392,GFKOZOLWKBKQSO-UHFFFAOYSA-N,[CH+]=[O+]P([O-])[O-],train,false,6.649163540860172,6.947325192259412,,0.2981616513992398
rx392:bbcc38cf2eedd48ebaf4305ecfb486f1-C2F1H4O1P1-0-1,oxidation_free_energy,linear,RX-392,JCWRFJCNMTWLPK-UHFFFAOYSA-N,FCC[O+]=[P-],train,false,4.732776220513188,4.5894541517183685,,0.14332206879481912
rx392:f7f9133d8a497a106aa41c1b52ac672a-C3H2O3-0-1,oxidation_free_energy,linear,RX-392,OIRKEYBSXAKFEG-UHFFFAOYSA-N,C#COC(=O)O,train,false,7.5512081238503015,7.404203702745764,,0.14700442110453782
rx392:3fb941d50a3516ed67ee46f8c3734696-C3H2O3-0-1,oxidation_free_energy,linear,RX-392,DZAVROKYUKLHKI-UHFFFAOYSA-N,O[C-]=[O+][C+]=CO,train,false,7.3318847851460305,6.551474462726075,,0.7804103224199554
rx392:a98427e6929735cbbf7041ad27c4e789-C3H2O3-0-1,oxidation_free_energy,linear,RX-392,IIXJQSDWIGLBMK-UHFFFAOYSA-N,O=C=C[O+]=[C-]O,train,false,6.390670714165026,6.316387809524094,,0.07428290464093212
rx392:aea0bce2cd3fef5c37faf048e72009db-C3H2O3-0-1,oxidation_free_energy,linear,RX-392,YJHQIFYRQAFGQT-UHFFFAOYSA-N,OC#C[O+]=[C-]O,test,true,6.794607624016862,7.093882301341091,,0.2992746773242292
rx392:755fd53074b2ce97f914e86d67868f47-C3H2O3-0-1,oxidation_free_energy,linear,RX-392,VAYTZRYEBVHVLE-UHFFFAOYSA-N,O=c1occo1,test,true,6.958654197758733,6.802289442849162,,0.15636475490957125
rx392:b2dca69accb554b099a6457183c3d020-C4H2O1-0-1,oxidation_free_energy,linear,RX-392,PNUPOTHXVFOIPH-UHFFFAOYSA-N,C#CC=C=O,test,true,6.36532945262843,6.053333208121017,,0.31199624450741315
rx392:9656e50e43ddda7361eaee69d531f655-C4H2O1-0-1,oxidation_free_energy,linear,RX-392,MPWMGYWYHDNMBY-UHFFFAOYSA-N,[C+]#CC=C[O-],test,true,7.660781644864983,7.3844728686408185,,0.2763087762241643
rx392:d8085953de6741ce68ab26767ff39bd6-C4H2O1-0-1,oxidation_free_energy,linear,RX-392,DCCHGIXMZZZONN-UHFFFAOYSA-N,[C-]#CCC#[O+],test,true,6.64400445425963,6.328846193950106,,0.31515826030952354
rx392:139f2b49c8be376cb14db500a3762e95-C4H2O1-0-1,oxidation_free_energy,linear,RX-392,HLFJXKFMBIFMJS-UHFFFAOYSA-N,[C-]#C[C+]=CO,train,false,6.4794632192479185,6.234342094586798,,0.24512112466112068
rx392:d2742e8c94dac6d9f0a981b01592faa6-C4H2O1-0-1,oxidation_free_energy,linear,RX-392,LKBNOWKSKAWTFX-UHFFFAOYSA-N,C#CC#CO,train,false,6.814799118886185,6.491617326344351,,0.3231817925418339
rx392:2059a08bead111d2aaa444ef43111fac-C4H2O1-0-1,oxidation_free_energy,linear,RX-392,MUDCFAXVUHCJJF-UHFFFAOYSA-N,O=CC1=C=C1,train,false,6.832817073965998,6.610094483589332,,0.22272259037666586
rx392:7a3b1b8b453a89b7f1eece28e766a0f7-C4H2O1-0-1,oxidation_free_energy,linear,RX-392,SNSRHYGVROTZIT-UHFFFAOYSA-N,[C-]#CC=[C+]O,train,false,6.56906616730339,6.216475851351006,,0.35259031595238444
rx392:e9f04108db37fc1f8d7f364fe7f54591-C3F1H3O1-0-1,oxidation_free_energy,linear,RX-392,ZAOLUEKKEAPLGC-VKHMYHEASA-N,F[C@@H]1C[C-]=[O+]1,train,false,6.167537845680272,6.262538439317131,,0.09500059363685942
rx392:05a3eea09be53c21b3993fb3211c85f0-C3F1H3O1-0-1,oxidation_free_energy,linear,RX-392,CHGZFHWILYWLLL-GSVOUGTGSA-N,F[C@H]1[C-]=[O+]C1,test,true,6.270595558201421,6.260268577480135,,0.01032698072128646
rx392:0913732cc5892b35a63c9dc59f58c51e-C3F1H3O1-0-1,oxidation_free_energy,linear,RX-392,KXDSHNIRPKBDIW-UHFFFAOYSA-N,[CH2-]OC=C=[F+],test,true,5.337054362168601,5.442830707490214,,0.10577634532161273
rx392:8bd924e490bcfea65e8b756b1bfb8893-C3F1H3O1-0-1,oxidation_free_energy,linear,RX-392,XXEXRXKCJYEXJC-UHFFFAOYSA-N,[CH2-][O+]=C=CF,train,false,5.9417241284618285,5.992028810454567,,0.05030468199273841
rx392:bf61d7471859b3b633d42da39968ff3c-C3F1H3O1-0-1,oxidation_free_energy,linear,RX-392,UFFXTCAXVUKPBT-NSCUHMNNSA-N,[CH-]=[O+]/C=C/F,test,true,5.965995780013145,6.0927843553986625,,0.12678857538551735
rx392:4221dfc057671ef0d5fb5d0f87b67d55-C3F1H3O1-0-1,oxidation_free_energy,linear,RX-392,AYWOXVSVGIDGKF-UHFFFAOYSA-N,[CH-]=[O+]C[C-]=[F+],train,false,5.888508728388842,6.04744776672354,,0.15893903833469736
rx392:e55a6daf043edfbcdbbc4f7947bbfc71-C3F1H1O2-0-1,oxidation_free_energy,linear,RX-392,SVMAUGPTISPORA-UHFFFAOYSA-N,Fc1c[o+][c-]o1,train,false,7.557028363795325,7.390384009063048,,0.16664435473227712
rx392:bf3aa5108a56a034a6a68caac2498f35-C2F1H1O1-0-1,oxidation_free_energy,linear,RX-392,FFOWAQICHGFLEL-UHFFFAOYSA-N,OC#CF,train,false,7.143028060741926,6.8888457071927585,,0.25418235354916785
rx392:843e4de28f492c3f0d835bce97aebc3d-C2F1H1O1-0-1,oxidation_free_energy,linear,RX-392,HNTCBGXYMDSKEY-UHFFFAOYSA-N,O=C=CF,train,false,6.546199944573345,6.357817704966601,,0.18838223960674405
rx392:56b04dd4e0a7a8cfed5d4fa60cf10b48-C2F1H1O1-0-1,oxidation_free_energy,linear,RX-392,LADGZKCRZCUWIO-UHFFFAOYSA-N,[O-]C=C=[F+],train,false,6.837133066527713,6.809371658718014,,0.027761407809698824
rx392:b32f0759f4878403f30f5df678ffb3c8-C1F2O1S1-0-1,oxidation_free_energy,linear,RX-392,WDZXEXFTGXQKCI-UHFFFAOYSA-N,O=S=C(F)F,train,false,7.111922830539697,6.981096733941423,,0.13082609659827416
rx392:146f12ef9aa432ac39565855810d1f38-C2H1O1P1-0-1,oxidation_free_energy,linear,RX-392,UHWXAQLTXLZBDY-UHFFFAOYSA-N,C#C[O+]=[P-],test,true,5.477531112950601,5.156344888283462,,0.3211862246671391
rx392:329b3fd8697ce440ea6c1628cc6df9f5-F1O2P1-0-1,oxidation_free_energy,linear,RX-392,CCFKWUMXBUQERQ-UHFFFAOYSA-N,O=P(=O)F,train,false,10.124697766797908,9.820597801279668,,0.30409996551824037
rx392:2352bf3b4f33dabe6b7671295b2673e0-C3H2O2-0-1,oxidation_free_energy,linear,RX-392,UQROQIDUTGICFH-UHFFFAOYSA-N,[c-]1occ[o+]1,train,false,7.326763407700128,7.366945095942171,,0.04018168824204338
rx392:4e8e6684a74c3c851aeb4c27c1fcdc02-C3H2O2-0-1,oxidation_free_energy,linear,RX-392,OYKRIXBTRIQKFX-UHFFFAOYSA-N,[O-]C1=[C+]CO1,train,false,7.159645211099814,7.019059453006938,,0.1405857580928762
rx392:ef12501202de07379d9caeb7f220686f-C3H2O2-0-1,oxidation_free_energy,linear,RX-392,PJCDYOZPTHSALQ-UHFFFAOYSA-N,[C-]1=[O+][C-]=[O+]C1,train,false,7.590421892483391,6.912284364333046,,0.6781375281503452
rx392:406cafacf48a7628d38d8e46cd783d02-C3H2O2-0-1,oxidation_free_energy,linear,RX-392,OVQPWBHZHCKJFN-UHFFFAOYSA-N,C#C[O+]=[C-]O,train,false,7.460523422742881,7.261341623396359,,0.1991817993465217
rx392:384a6b808777c69145ddc061e67fe943-C3O1-0-1,oxidation_free_energy,linear,RX-392,ZCNKODXATWVMAO-UHFFFAOYSA-N,[C-]#CC#[O+],train,false,8.35183868342665,7.9400823317896245,,0.41175635163702484
rx392:08ef2921ab10dd418b8f53a57643fb2b-F1P1-0-1,oxidation_free_energy,linear,RX-392,QUQSORXWLOUIIW-UHFFFAOYSA-N,[F+]=[P-],train,false,5.34779283910575,5.010957970045286,,0.3368348690604641
rx392:941475dc3544b6163fb267e6867610f8-C3H2O1-0-1,oxidation_free_energy,linear,RX-392,SDWMQFNKBVOBFS-UHFFFAOYSA-N,[CH+]=C=[C-]O,train,false,5.995381457752046,6.171969593139459,,0.17658813538741303
rx392:884aff4253be4381e697c7aef229d7ae-C3H2O1-0-1,oxidation_free_energy,linear,RX-392,OSFFAALSRLBVRK-UHFFFAOYSA-N,[C-]#C[CH+]O,train,false,7.587947895150137,7.216254322742345,,0.3716935724077919
rx392:05fe1f5c4725fa3ac6722ce4e0dc8f15-C3H2O1-0-1,oxidation_free_energy,linear,RX-392,IJNJLGFTSIAHEA-UHFFFAOYSA-N,C#CC=O,train,false,8.011965736234743,7.5900378069372065,,0.421927929297536
rx392:7bbf85d99fbcb4130be624a18fc2aa44-C4H2O2-0-1,oxidation_free_energy,linear,RX-392,ZLAYGKUULCENFX-UHFFFAOYSA-N,O=C=C=CC=O,train,false,6.650477456001681,6.469395658718503,,0.18108179728317797
rx392:3d802a4ed9f29b3eeb3c489e4fdda6be-C4H2O2-0-1,oxidation_free_energy,linear,RX-392,IBHMKHMMZPPEQT-UHFFFAOYSA-N,O=C=CC=C=O,test,true,5.43970502099728,5.219459263023102,,0.22024575797417878
rx392:28030bd04c51e99bdb3a11371ad239cc-C4H2O2-0-1,oxidation_free_energy,linear,RX-392,LAROZPSQWDTWCT-UHFFFAOYSA-N,O=C=C=C=CO,train,false,5.546610012301244,5.324079800717022,,0.22253021158422204
rx392:ed2a7363213ac7d8965225b0d1ff7f2b-C4H2O2-0-1,oxidation_free_energy,linear,RX-392,AHOXMZNKCDMIRQ-UHFFFAOYSA-N,O=C=CC#CO,train,false,5.897981837561019,5.876238485585521,,0.02174335197549837
rx392:eedfc00910bba3c84e88b6b1a210d287-C4H2O2-0-1,oxidation_free_energy,linear,RX-392,RDGLIZKUUULFSM-UHFFFAOYSA-N,O=C[C+]=C=[C-]O,train,false,6.196199957406861,6.336913842628889,,0.140713885222028
rx392:356c6dcd546ab5a579cd9116b6def069-C4H2O2-0-1,oxidation_free_energy,linear,RX-392,KBEJGLIHVKPYOS-UHFFFAOYSA-N,O=C=[C+]C=[C-]O,train,false,6.07740229938463,6.006933101022855,,0.07046919836177512
rx392:ce74317914cb1a834da31fbbe5722320-C4H2O2-0-1,oxidation_free_energy,linear,RX-392,GERYVQDMLQDEAU-UHFFFAOYSA-N,[O+]#CC=C=C[O-],test,true,5.916419898743698,5.906250169303546,,0.010169729440151265
rx392:3c9b68f5d8dd01a6ba62671d2261c12d-C4H2O2-0-1,oxidation_free_energy,linear,RX-392,AZEBXWRLBFPUTO-UHFFFAOYSA-N,O=CC#CC=O,train,false,8.16599536090871,8.367665809935442,,0.20167044902673226
rx392:ae8eef2114f08f7925237c23134866fa-F1N1S2-0-1,oxidation_free_energy,linear,RX-392,LVGRAYFPKDSCNT-UHFFFAOYSA-N,FSN=S,test,true,6.2503696684289025,6.099893610491687,,0.1504760579372153
rx392:160d885d28576d91e274f1defce0c389-C1H3O2P1-0-1,oxidation_free_energy,linear,RX-392,XKCQASMZNPBLKI-UHFFFAOYSA-N,COP=O,test,true,8.007200319312687,7.684221002030075,,0.32297931728261275
rx392:1c3f5eecc1fb05d7cb13d87345a2cdc6-C1F1H1-0-1,oxidation_free_energy,linear,RX-392,YUCFVHQCAFKDQG-UHFFFAOYSA-N,[CH-]=[F+],train,false,6.694451577001473,6.7104688108933885,,0.01601723389191534
rx392:04373f67ba12209dc4cb674e15e966cb-C4H6O1-0-1,oxidation_free_energy,linear,RX-392,NCFPZDYBQKIZMD-UHFFFAOYSA-N,[CH2+]C=[C-]CO,train,false,5.330770061013936,5.434821332381644,,0.10405127136770798
rx392:45ec2f77e11a813fd074c55af028ffad-C4H6O1-0-1,oxidation_free_energy,linear,RX-392,IWJMQXOBCQTQCF-UHFFFAOYSA-N,C=CCC=O,train,false,6.919804356084569,6.802746038577,,0.11705831750756879
rx392:3b00e16ecf8c4c7ae66cefedc1ec0eb2-C4H6O1-0-1,oxidation_free_energy,linear,RX-392,QYKIQEUNHZKYBP-UHFFFAOYSA-N,C=COC=C,train,false,6.258081257001322,5.889890498208363,,0.36819075879295937
rx392:d925982cbfe76b9f0a3f5c5c5b67723c-C4H6O1-0-1,oxidation_free_energy,linear,RX-392,LNDKRVOOYMEYTC-ONEGZZNKSA-N,C=C/C=C/O,train,false,5.6436475919654185,5.426009014025779,,0.21763857793963926
rx392:d02791f154fc6140f1633530b3922ba3-C4H6O1-0-1,oxidation_free_energy,linear,RX-392,JXKCVRNKAPHWJG-UHFFFAOYSA-N,C=C=CCO,train,false,6.620701958735481,6.704759588771786,,0.0840576300363054
rx392:27b95b5385bfb3ad0a3841da7f6712d8-C4H6O1-0-1,oxidation_free_energy,linear,RX-392,OTJZCIYGRUNXTP-UHFFFAOYSA-N,C#CCCO,train,false,7.480450645439305,7.181212577572129,,0.29923806786717577
rx392:a59b346cd7beb352d5b9bae0658151d7-C2H6O1-0-1,oxidation_free_energy,linear,RX-392,LFQSCWFLJHTTHZ-UHFFFAOYSA-N,CCO,train,false,7.480350502245528,7.372343179708707,,0.108007322536821
rx392:a3db9544d034c691cbc60faa12755e71-C2H6O1-0-1,oxidation_free_energy,linear,RX-392,LCGLNKUTAGEVQW-UHFFFAOYSA-N,COC,test,true,7.095434628984549,6.815951589715875,,0.27948303926867357
rx392:7bf5519e5982924121186547eaf5d649-C4H8O2-0-1,oxidation_free_energy,linear,RX-392,ORTVZLZNOYNASJ-OWOJBTEDSA-N,OC/C=C/CO,train,false,6.489656785744955,6.696050427644932,,0.206393641899977
rx392:c0a13cb44784464a401b3028b3b5869d-C4H8O2-0-1,oxidation_free_energy,linear,RX-392,PIAOXUVIBAKVSP-UHFFFAOYSA-N,O=CCCCO,train,false,7.2678757301437145,6.862920777885854,,0.40495495225786016
rx392:02e13eb9623710b55d20c36768c4bd9d-C4H8O2-0-1,oxidation_free_energy,linear,RX-392,VELCGBOSFKSMCL-UHFFFAOYSA-N,O[CH+]CC[CH-]O,train,false,2.5161247310461476,2.6141218350253417,,0.09799710397919403
rx392:c686e9e23fc75f07b4bd59c858545550-C4H8O2-0-1,oxidation_free_energy,linear,RX-392,SLZVWNSKTHSLQV-UHFFFAOYSA-N,[O-]CCC[CH+]O,train,false,4.315472450003654,4.142195583381877,,0.17327686662177655
rx392:84ac55e3ad863f76a68984ab7b64ff26-C4H8O2-0-1,oxidation_free_energy,linear,RX-392,OZCRKDNRAAKDAN-HNQUOIGGSA-N,O/C=C/CCO,train,false,5.981891416509825,5.839410496011703,,0.1424809204981221
rx392:f92b9a6ed7e1114a9b4fc807be6de284-C4H8O2-0-1,oxidation_free_energy,linear,RX-392,WSJASAOEQFRGMD-UHFFFAOYSA-N,CCO[C-]=[O+]C,train,false,5.864949935614277,6.200789181522853,,0.33583924590857617
rx392:0af1d0155d7207c806d7d5e78e18bece-C2F1H3O2-0-1,oxidation_free_energy,linear,RX-392,JNEQDYIGMHVAEU-UHFFFAOYSA-N,O=CCOF,train,false,7.646397725640782,7.353297450517738,,0.2931002751230434
rx392:f1220d1f66a012560b6d7b7cc0c7fd6f-C2F1H3O2-0-1,oxidation_free_energy,linear,RX-392,JKKYWQUELJLABD-UHFFFAOYSA-N,[O-]CC(O)=[F+],test,true,5.467709623153496,5.207630971074231,,0.2600786520792653
rx392:d007f8ebbf7675fb135fc14956eb395b-C2F1H3O2-0-1,oxidation_free_energy,linear,RX-392,MFPBWDUJXLGBJA-UHFFFAOYSA-N,O=C(F)CO,train,false,8.342039920713432,8.160893582362963,,0.18114633835046945
rx392:f1df0b6638cbfa57107ca92f4cfc1a7b-C4H6O2-0-1,oxidation_free_energy,linear,RX-392,MGBUMQZXWSKNOU-UHFFFAOYSA-N,[O+]#CCCC[O-],test,true,4.442304948561286,4.175867851023552,,0.26643709753773415
rx392:f1d587942678f6938595d6db7fa9c2e8-C4H6O2-0-1,oxidation_free_energy,linear,RX-392,CXDWIOQNFMIXCX-ZPUQHVIOSA-N,O/C=C/C=C/O,train,false,5.115880388935693,4.964387961834857,,0.15149242710083577
rx392:122d7a8c12bfd909977f17fb54bf5af4-C4H6O2-0-1,oxidation_free_energy,linear,RX-392,IMXMGQOZHBFVCT-HNQUOIGGSA-N,O=CC/C=C/O,train,false,6.116474929733158,5.93203432198966,,0.18444060774349857
rx392:f63aa0e41fd871081eba5014a59d5b87-C4H6O2-0-1,oxidation_free_energy,linear,RX-392,APZPFVRUUMXYRZ-UHFFFAOYSA-N,C=COCC=O,train,false,6.319504561944996,6.0825985372557625,,0.23690602468923316
rx392:15e82ffb96026ba438c9a594ee12c388-C4H6O2-0-1,oxidation_free_energy,linear,RX-392,CNDSYBVNLAHPIS-UHFFFAOYSA-N,C[C-]=[O+][C-]=[O+]C,test,true,6.544043170375517,5.943299310837849,,0.6007438595376673
rx392:51baaa178735ebe9393248615911e892-C4H6O2-0-1,oxidation_free_energy,linear,RX-392,PCSMJKASWLYICJ-UHFFFAOYSA-N,O=CCCC=O,train,false,7.535780018193691,7.190045834447306,,0.34573418374638454
rx392:5b874a641ebc121894720adf0e054ed7-C4H6O2-0-1,oxidation_free_energy,linear,RX-392,FXCMZPXXCRHRNK-OWOJBTEDSA-N,O=C/C=C/CO,train,false,7.3175166847140645,6.862163886441665,,0.4553527982723997
rx392:f58f7ccea34a03ace606a6fd63af6b21-C4H6O2-0-1,oxidation_free_energy,linear,RX-392,DOZAJVJEGUTITC-UHFFFAOYSA-N,[CH-]=[O+][C-]=[O+]CC,train,false,6.710092214158067,6.214961077956693,,0.4951311362013735
rx392:941151a043d36f390ccb03571373f9ad-C4H6O2-0-1,oxidation_free_energy,linear,RX-392,QUFHOMKJGBDIRS-UHFFFAOYSA-N,OC=C=CCO,train,false,6.465338204679938,5.991194711614007,,0.47414349306593095
rx392:ab8258a112dca63a09ebe1f4f225758a-C4H6O2-0-1,oxidation_free_energy,linear,RX-392,XVGZAGBFDQIJKR-UHFFFAOYSA-N,C=CO[C-]=[O+]C,train,false,6.215583314637115,6.494834499250889,,0.2792511846137735
rx392:6f558cd3ef2a8bfb682a3477ee20c9b4-C4H6O2-0-1,oxidation_free_energy,linear,RX-392,YXWXNWRDFORZSN-UHFFFAOYSA-N,O=C=CCCO,train,false,6.24904040749243,6.008666485389765,,0.24037392210266528
rx392:9bc564a7ce92ad9a12b907122d4435b2-C4H6O2-0-1,oxidation_free_energy,linear,RX-392,JSPXPZKDILSYNN-UHFFFAOYSA-N,OC#CCCO,train,false,6.7051851982960216,6.499812276412505,,0.20537292188351675
rx392:cf215a47ecba16f4b1796be7b6d4bafe-F2H1O1P1-0-1,oxidation_free_energy,linear,RX-392,UWETVEYENGVTQS-UHFFFAOYSA-N,OP(F)F,train,false,7.781459837311559,7.900668090972624,,0.11920825366106502
rx392:538e8059ad5ccd51e316f1d85d318683-C4H2-0-1,oxidation_free_energy,linear,RX-392,LLCSWKVOHICRDD-UHFFFAOYSA-N,C#CC#C,test,true,7.476220430633475,7.0646692687082675,,0.4115511619252077
rx392:beebe803fd6de3ac87ed838a4d8d6ff3-C4H2-0-1,oxidation_free_energy,linear,RX-392,MRJFCQHWODZEPM-UHFFFAOYSA-N,[C-]#C[C+]=C,train,false,7.157928468072896,6.766932751657076,,0.3909957164158202
rx392:a99e892f8740e416eab9c9abaefc8334-H1O2P1-0-1,oxidation_free_energy,linear,RX-392,GQZXNSPRSGFJLY-UHFFFAOYSA-N,O=PO,train,false,8.325167391116338,7.931850039182797,,0.39331735193354067
rx392:17803bdcdac2136091857ecd4da57350-C1H3O3P1-0-1,oxidation_free_energy,linear,RX-392,XAKRTGZVYPZHCO-UHFFFAOYSA-N,COP(=O)=O,train,false,9.222505084835575,9.463608205763514,,0.24110312092793862
rx392:4ee2c58d616283263e1a276b35e7a267-C3H6O2-0-1,oxidation_free_energy,linear,RX-392,XWVOVMOHQDSGQK-UHFFFAOYSA-N,C=[O+]CC[O-],test,true,4.710430525747142,4.507903860340643,,0.20252666540649944
rx392:98d7f5bb7626f9e7c27692b1b37749c4-C3H6O2-0-1,oxidation_free_energy,linear,RX-392,RUKWBTSQVWLBIH-UHFFFAOYSA-N,CO[C-]=[O+]C,train,false,5.966382099860311,6.251014087289328,,0.28463198742901685
rx392:ac8e8ba99e1867ad472f3a9f585ad7ae-C3H6-0-1,oxidation_free_energy,linear,RX-392,QQONPFPTGQHPMA-UHFFFAOYSA-N,C=CC,train,false,6.732996198120873,6.524145876727701,,0.2088503213931716
rx392:a6d449700787155e9836404e03f5a41c-C2H5O2P1-0-1,oxidation_free_energy,linear,RX-392,IDKDNOJBBSKTIR-UHFFFAOYSA-N,C=[O+][P-]OC,train,false,3.919065465051972,4.173858326824299,,0.2547928617723274
rx392:7e3a2b19a5af30ab0981eacd78038857-C1F1H1O1-0-1,oxidation_free_energy,linear,RX-392,ROGRBZXOYPJSCQ-UHFFFAOYSA-N,O[C-]=[F+],train,false,7.478553113134694,7.700396384484143,,0.22184327134944848
rx392:b6fe479487a04352d702164756d6d0ac-C1F1H1O1-0-1,oxidation_free_energy,linear,RX-392,NHGVZTMBVDFPHJ-UHFFFAOYSA-N,O=CF,test,true,9.32345405126489,9.017307935849644,,0.3061461154152454
rx392:6d258c73cf11fae93d4d3816af0290e8-F1N1O1S1-0-1,oxidation_free_energy,linear,RX-392,QMAYPUZHQUBYJT-UHFFFAOYSA-N,N#S(=O)F,train,false,9.130763941102487,8.971337672599365,,0.1594262685031218
rx392:133004eb20f26ef002a92f06abee41ca-C2F1H1O2-0-1,oxidation_free_energy,linear,RX-392,BITVLRXIXBFBAR-UHFFFAOYSA-N,O=CC(=O)F,train,false,8.377968318058265,8.14266112394392,,0.23530719411434475
rx392:799e73273a32c13492ae5ba5a010993d-C2F1H1O2-0-1,oxidation_free_energy,linear,RX-392,IZHBWHIERKKUJK-UHFFFAOYSA-N,[O-]C(F)=[C+]O,train,false,6.994981780318994,7.021579718006944,,0.02659793768794927
rx392:e473ee39de591ff8cac6ea1f47a0b34b-C2F1H1O2-0-1,oxidation_free_energy,linear,RX-392,QHSNXCQFHFUEHV-UHFFFAOYSA-N,O=C=C(O)F,train,false,6.1350410245195235,6.268841881975414,,0.1338008574558902
rx392:366cdd57a062ca777e3bf29de84d24a8-C2H1O2P1-0-1,oxidation_free_energy,linear,RX-392,ZBDQWDLMUMITEL-UHFFFAOYSA-N,O=C=C[O+]=[P-],train,false,5.036050647935554,4.720945096944983,,0.31510555099057047
rx392:baf894588b8d74d033c90149bda9e473-C4H6-0-1,oxidation_free_energy,linear,RX-392,KAKZBPTYRLMSJV-UHFFFAOYSA-N,C=CC=C,test,true,6.3022111391064755,6.013817833693304,,0.2883933054131713
rx392:bd9b37b2515625b8ce57eb1a55ccf49f-C4H4O4-0-1,oxidation_free_energy,linear,RX-392,MRAJCEICDPBEDR-OWOJBTEDSA-N,O[C-]=[O+]/C=C/[O+]=[C-]O,train,false,6.582468832215454,7.481295984143235,,0.8988271519277804
rx392:1fc65468e969ed0cd3847a1197d120d5-C5H8O3-0-1,oxidation_free_energy,linear,RX-392,CLWVKGFYURNSNJ-UHFFFAOYSA-N,O=CCCC[O+]=[C-]O,train,false,6.172863361010968,6.445921337075088,,0.27305797606411986
rx392:1a215994cacd2d069dd3bcecf83afb79-C5H8O3-0-1,oxidation_free_energy,linear,RX-392,QQPSZXOAEYMLMI-UHFFFAOYSA-N,C[C-]=[O+]C(=O)OCC,train,false,5.647189269782757,6.060343760325676,,0.41315449054291875
rx392:b7259c5fa131a846cc431c9cf5fbde76-C5H8O3-0-1,oxidation_free_energy,linear,RX-392,BPFOYPDHLJUICH-UHFFFAOYSA-N,C=COC(=O)OCC,train,false,6.763043875713265,6.676915230256515,,0.08612864545674981
rx392:b5838f64215417f1c3804cff939a3900-C5H8O3-0-1,oxidation_free_energy,linear,RX-392,JNKPQAPJKCOIHT-UHFFFAOYSA-N,CC=[O+]C(=O)O[CH-]C,test,true,3.5203395955686574,4.024417392179548,,0.5040777966108907
rx392:dfd9a0f6874b88ecc7fef406b4956d90-C5H8O3-0-1,oxidation_free_energy,linear,RX-392,GQQCHPMAXKWHMY-UHFFFAOYSA-N,C=CCCOC(=O)O,train,false,6.885659390689398,6.687981983400355,,0.19767740728904304
rx392:081d558fc5b077fbd576acd7ecacbfb0-C6H8O4-0-1,oxidation_free_energy,linear,RX-392,AAVDHVVATBWPJH-UHFFFAOYSA-N,[O+]#COCCC[CH-][O+]=[C-]O,train,false,3.8439709907524957,4.1294434313312385,,0.28547244057874277
rx392:263028ed45faf4d76e960a16cc9958ee-C5H10O2-0-1,oxidation_free_energy,linear,RX-392,BOHGEFZURVLVHR-UHFFFAOYSA-N,CCO[C-]=[O+]CC,train,false,5.907163925881832,6.152217319527693,,0.24505339364586032
rx392:371cebb7237ba0efe137a66acc7dfaba-C4H4O5-0-1,oxidation_free_energy,linear,RX-392,ZSHIWERRZIDCML-OWOJBTEDSA-N,O=C(O)O/C=C/[O+]=[C-]O,test,true,6.586847322141693,6.79343105091599,,0.2065837287742962
rx392:b04430ea9543ecf6ec8abfd54b403d71-C5H8O4-0-1,oxidation_free_energy,linear,RX-392,PISYRMGYCCLHGH-UHFFFAOYSA-N,O=CCCCOC(=O)O,test,true,7.327499543340309,6.909507983032948,,0.4179915603073612
rx392:3a24d341460bdb2d66f5602053084449-C6H10O4-0-1,oxidation_free_energy,linear,RX-392,UKOCCXVYDOHHFX-UHFFFAOYSA-N,O[C-]=[O+]CCCC[O+]=[C-]O,train,false,6.153950680782145,6.413931780659308,,0.25998109987716234
rx392:b01f452401e105d1b53e5d9a8e2ab475-C4H2O5-0-1,oxidation_free_energy,linear,RX-392,SYMYXYYOYBPBAW-UHFFFAOYSA-N,O=C(O)OC#C[O+]=[C-]O,train,false,7.066728908648656,7.245065395652912,,0.17833648700425542
rx392:5c41cb65f21d8b65368c66bd132914ac-C5H10O3-0-1,oxidation_free_energy,linear,RX-392,OIFBSDVPJOWBCH-UHFFFAOYSA-N,CCOC(=O)OCC,train,false,8.09491647696268,8.24216275860336,,0.14724628164067965
rx392:6e387ff667eac339765e20c257db14a9-C4F1H8O2P1-0-1,oxidation_free_energy,scalar_gpr,RX-392,OBSMVZFKBRNNHS-UHFFFAOYSA-N,[CH2+]COCCO[P-]F,test,true,3.500465342793177,3.199121488149927,0.37129197407089426,0.3013438546432501
rx392:6e184145e0a3d59cf41deb7a48736e1a-C4F1H8O2P1-0-1,oxidation_free_energy,scalar_gpr,RX-392,LHCUTHKDZDDJMQ-UHFFFAOYSA-N,FCCOCC[O+]=[P-],train,false,4.858813442962855,4.60109351630451,0.3594317729234761,0.2577199266583454
rx392:82453decb15fa86619f405c2255afd24-F1N1O3S2-0-1,oxidation_free_energy,scalar_gpr,RX-392,XWFDESPXXQQRMT-LURJTMIESA-N,O=S(=O)=N[S@@](=O)F,test,true,9.730670849101443,8.588416755423403,0.36058657718682935,1.1422540936780408
rx392:c01bdfc12dd37e8f9b75769be4ff7135-C6H10O6-0-1,oxidation_free_energy,scalar_gpr,RX-392,CELCNEUYEAWJAV-UHFFFAOYSA-N,O=C(O)OCCCCOC(=O)O,train,false,8.193850463259878,8.773049589055319,0.3616057614434636,0.5791991257954408
rx392:13fde7cb21aa0bae798661910af042f9-C5F2H6O3-0-1,oxidation_free_energy,scalar_gpr,RX-392,ZTTLVSHDZKENLA-SCSAIBSYSA-N,O=C([O-])O[C@@H](F)CCC=[F+],train,false,6.2570657952273905,6.537543631686287,0.3576323043387888,0.28047783645889623
rx392:9a80e7d3b8cba52608bfe53c2b6db0ac-C3F3H2O2P1-0-1,oxidation_free_energy,scalar_gpr,RX-392,MRGMYRXPNFTBMU-UHFFFAOYSA-N,FP(F)O[C-]=[O+]C[C-]=[F+],train,false,6.774018762556807,6.84933127973339,0.35765307294367843,0.07531251717658272
rx392:7effebabf4adbd155b4aac995e62d37b-C5F2H6O3-0-1,oxidation_free_energy,scalar_gpr,RX-392,XBWCQEBTNGRMOZ-BYPYZUCNSA-N,O=C([O-])OC[C@@H](F)CC=[F+],train,false,5.9956322232792445,6.19242853226005,0.35765409891447514,0.19679630898080536
rx392:2c96eb4288d63b2a9437ddd4172e67f3-H2O1-0-1,oxidation_free_energy,scalar_gpr,RX-392,XLYOFNOQVPJJNP-UHFFFAOYSA-N,O,train,false,9.495900601353242,9.010033985341751,0.363299123166888,0.4858666160114904
rx392:eefdfcd29fba955b8e8691b85f4badd3-C3F1H4O3P1-0-1,oxidation_free_energy,scalar_gpr,RX-392,KXLJAUDVNOUKGB-UHFFFAOYSA-N,[O-][P-][O+]=C=[O+]CCF,test,true,6.116099458322424,6.739199933437367,0.3576406512243903,0.6231004751149429
rx392:620346cfe2e5fd708d38ad59137e7e65-C3F1H4O3P1-0-1,oxidation_free_energy,scalar_gpr,RX-392,VOOQPARPXZEUMN-UHFFFAOYSA-N,O=C(OCCF)[O+]=[P-],train,false,5.220336735401361,5.069894689293739,0.35836013729207417,0.15044204610762169
rx392:05178f156d01553929413f706874b78a-C2F1O2P1-0-1,oxidation_free_energy,scalar_gpr,RX-392,VIJLLDOHIJAUCA-UHFFFAOYSA-N,[O-]C#COP=[F+],train,false,5.774130184272508,5.500825283581419,0.35789987548957813,0.27330490069108926
rx392:6d3cb14458ca8bd6d2815732a5844caa-C2F1O2P1-0-1,oxidation_free_energy,scalar_gpr,RX-392,FKISWKYBCYAUJN-UHFFFAOYSA-N,O=POC#CF,train,false,7.287777752364491,7.348332286838029,0.35782106038781897,0.06055453447353809
rx392:91c8d2920d7fae87132a81b95c07dd4a-C2F1O2P1-0-1,oxidation_free_energy,scalar_gpr,RX-392,AGKNEAIUUPFPTE-UHFFFAOYSA-N,[C+]#COP([O-])F,train,false,7.069763812007295,6.7804411525713215,0.35764457318325016,0.2893226594359737
rx392:0ab022f73af45db70b5abc61e7cc5bc6-C3H1O2P1-0-1,oxidation_free_energy,scalar_gpr,RX-392,IRDMQKNTOIKALV-UHFFFAOYSA-N,C#C[O+]=[C-][O+]=[P-],train,false,5.418307544950949,5.291218893598874,0.3580787560516529,0.12708865135207503
rx392:796506dbd3f3230e3d246a59ef72ecb3-C3F2H3O4P1-0-1,oxidation_free_energy,scalar_gpr,RX-392,BMPGPKPDWJCMJY-UHFFFAOYSA-N,C=COC(=O)OP(=O)(F)F,train,false,7.4547207089817675,7.148671241387052,0.35772620120392706,0.30604946759471563
rx392:a3b8cb94733e47a4966a08138fd78064-C2H6O2-0-1,oxidation_free_energy,scalar_gpr,RX-392,LYCAIKOWRPUZTN-UHFFFAOYSA-N,OCCO,train,false,7.013444678961605,7.628965217693261,0.35805087407211345,0.6155205387316558
rx392:96b8af3838777f9f3e6b972d5aa3a84f-C4F1H8O3P1-0-1,oxidation_free_energy,scalar_gpr,RX-392,QCVQEYURPKJMCT-UHFFFAOYSA-N,O=POCCOCCF,train,false,7.5068285486522655,7.763806071245724,0.3582160439851947,0.2569775225934583
rx392:5e15a57678ef5b22d37ef6cc5dbda8a3-C4F1H8O3P1-0-1,oxidation_free_energy,scalar_gpr,RX-392,QRUXQZQTBWGEGC-SECBINFHSA-N,[CH2+]COCCO[P@@]([O-])F,train,false,5.22447268304677,5.450195795446213,0.35793666543644503,0.22572311239944298
rx392:84a635271c4fddb04b12de734b6e0350-C4F1H8O3P1-0-1,oxidation_free_energy,scalar_gpr,RX-392,ADIWOXLMVNWGTD-UHFFFAOYSA-N,O[P-][O+]=CCOCCF,train,false,4.236805505974189,4.016940646813836,0.3622604224475425,0.21986485916035292
rx392:82e454f28d45cd2eaf051cbfb3804793-C4F1H8O3P1-0-1,oxidation_free_energy,scalar_gpr,RX-392,KQDLFTJALZIDCG-SECBINFHSA-N,[CH2-]COCC=[O+][P@@](O)F,train,false,3.207008950816089,3.3468455086547366,0.36905506233984187,0.13983655783864757
rx392:eab256ea76e458e90d49eaa61c4423a4-C3H2O4-0-1,oxidation_free_energy,scalar_gpr,RX-392,NXYSYGVFDASHDR-UHFFFAOYSA-N,O=C=COC(=O)O,train,false,6.443407786162425,6.589227195271253,0.3576328619829631,0.14581940910882807
rx392:58bf453b2da0fa442f8213e43d1fcb28-C3H2O4-0-1,oxidation_free_energy,scalar_gpr,RX-392,XBTQEVJNCGBLJB-UHFFFAOYSA-N,O=C(O)OC#CO,train,false,6.842254783543467,7.048346693055686,0.3576940357584073,0.20609190951221912
rx392:28db6a82af56b90b126446758dd96749-C4H6O3-0-1,oxidation_free_energy,scalar_gpr,RX-392,BPLRSEBVLPDSAK-UHFFFAOYSA-N,C[C-]=[O+]C(=O)OC,train,false,5.706547052395763,6.083432538500179,0.3576709775794985,0.37688548610441597
rx392:2a523d412b04d31a1160fdb5962b3724-C4H6O3-0-1,oxidation_free_energy,scalar_gpr,RX-392,JNBNIINHOBNMLY-UHFFFAOYSA-N,[CH2-]OC(=O)[O+]=CC,train,false,3.8001786823260773,4.265780153881706,0.3607926871420796,0.4656014715556287
rx392:7daa5fbb02de5e72b0368d31249f24e5-C4H6O3-0-1,oxidation_free_energy,scalar_gpr,RX-392,NCHRDVARPJUMRC-UHFFFAOYSA-N,C=COC(=O)OC,test,true,6.802939620863981,6.701046329103987,0.35763774222727407,0.1018932917599944
rx392:8e12f0e9d0bcddddc5919ed33f643e1e-C3F2H1O3P1-0-1,oxidation_free_energy,scalar_gpr,RX-392,ATHGTBQXCLJKGP-UHFFFAOYSA-N,O=C(OC=C=[F+])O[P-]F,train,false,5.150286682743172,5.305136005717923,0.3580645390253309,0.1548493229747514
rx392:20aa5b08677c6496f350080e4d039a60-C3F1H6O3P1-0-1,oxidation_free_energy,scalar_gpr,RX-392,AAGZBCKUVAXJNL-MRVPVSSYSA-N,[CH2-]OCC=[O+][P@@](O)F,test,true,2.9825503801585,3.529550606968802,0.3667029576307749,0.5470002268103018
rx392:0184135e4f900328a3c661dd5600d9a8-C3H6O4-0-1,oxidation_free_energy,scalar_gpr,RX-392,BBRSEFOSZWEMPE-UHFFFAOYSA-N,O=C(O)OCCO,train,false,7.8839130503383785,7.747334723126773,0.35819357855104633,0.13657832721160545
rx392:bb7fccf8e480fc83a39edf4843d93c6c-C2F3H2O2P1-0-1,oxidation_free_energy,scalar_gpr,RX-392,HRGLKGRUHMYRFP-UHFFFAOYSA-N,O=P(F)(F)[O+]=[C-]CF,train,false,6.473020601177268,6.751979298858137,0.3576417779038357,0.2789586976808689
rx392:b7f4432b69c68f4865160e1bdad6ef9a-C2F3H2O2P1-0-1,oxidation_free_energy,scalar_gpr,RX-392,MBUXOOLUQJTNIB-UHFFFAOYSA-N,O=P(F)(F)OC[C-]=[F+],train,false,6.8818732089712285,7.000695028676435,0.35768170506334857,0.11882181970520644
rx392:73d82496d43b06e56f25c4a0d106f468-C2F3H2O2P1-0-1,oxidation_free_energy,scalar_gpr,RX-392,QOJASGSRCAWPGI-UPHRSURJSA-N,O=P(F)(F)O/C=C\F,train,false,7.21684245767392,7.266965043671235,0.3577767999722817,0.05012258599731556
rx392:390b4ebf4b758be7382327cd87d28e99-C5F1H7O2-0-1,oxidation_free_energy,scalar_gpr,RX-392,ILQXZULLEHDOHG-UHFFFAOYSA-N,[O+]#COCCC[CH-]F,train,false,3.930486999990535,4.286059522272154,0.3606920060559309,0.3555725222816193
rx392:0d40ed1ae2549562537c4d2ef026dc32-C2F3H2O1P1-0-1,oxidation_free_energy,scalar_gpr,RX-392,SXMHFQFWJLNVGF-UHFFFAOYSA-N,FC[C-]=[O+]P(F)F,train,false,5.860436883238435,6.159988079071115,0.3576585531839224,0.29955119583268
rx392:f5c0d32cb4243e77b18ae286bc39a8db-C2F3H2O1P1-0-1,oxidation_free_energy,scalar_gpr,RX-392,ZQAOZAYCWQBIAN-UHFFFAOYSA-N,FP(F)OC[C-]=[F+],train,false,6.702114034334954,6.777800506857591,0.357644296892045,0.07568647252263627
rx392:31ebd083e3d73bfad23b4361f9fb48e6-C2F2H3O2P1-0-1,oxidation_free_energy,scalar_gpr,RX-392,PVXDVJPIOWEQIZ-UHFFFAOYSA-N,C=COP(=O)(F)F,train,false,7.248042417657416,7.154567479091438,0.3577283783389828,0.09347493856597833
rx392:079282e8951ef25043cc187a1eeeba61-C3F3H2O3P1-0-1,oxidation_free_energy,scalar_gpr,RX-392,BOQAQYZLOGHMDL-UHFFFAOYSA-N,O=P(F)(F)O[C-]=[O+]C[C-]=[F+],train,false,6.9034758714042255,6.9647022330289605,0.3576735169262443,0.06122636162473505
rx392:3c248ee85a538adb3b04a15c91ad0bfd-C3F2H5O2P1-0-1,oxidation_free_energy,scalar_gpr,RX-392,CMFWTHBATNXNEO-UHFFFAOYSA-N,[CH-]=[O+]CCOP(F)F,train,false,5.830159189968981,5.926703133008099,0.3577060760107841,0.09654394303911751
rx392:956a458d86d5a327087383cc45d2429c-C2F3H4O1P1-0-1,oxidation_free_energy,scalar_gpr,RX-392,CGELEAYJQUNLQU-UHFFFAOYSA-N,FCCOP(F)F,train,false,7.492361504908331,7.717788941342182,0.3581549420597317,0.22542743643385066
rx392:b0626fbc4250f17418f086afc0c04c88-C6F2H6O5-0-1,oxidation_free_energy,scalar_gpr,RX-392,AALOWOLJVRWAFV-CRCLSJGQSA-N,O=C([O-])O[C@@H](F)C[C@H](F)COC#[O+],train,false,6.261883323513757,6.411444296046325,0.3576351252032346,0.1495609725325675
rx392:6afc8b87d2decd8d32bf667ccaab0be2-C6F2H6O5-0-1,oxidation_free_energy,scalar_gpr,RX-392,PZLYQHDXYOUJPM-CRCLSJGQSA-N,O=C([O-])OC[C@@H](F)[C@@H](F)COC#[O+],train,false,6.010804038567585,6.064416930736375,0.3576745078024124,0.05361289216878973
rx392:db3b5309b96fef654ff39e1c4277f277-C3F1O2P1-0-1,oxidation_free_energy,scalar_gpr,RX-392,HQUVGDUEDWRYHT-UHFFFAOYSA-N,[C-]#C[O+]=C=[O+][P-]F,train,false,6.665716041123233,8.0908164818592,0.3588242079845577,1.4251004407359673
rx392:a3aec91fc4c5258bc56344e921ff3e93-C4F3H6O2P1-0-1,oxidation_free_energy,scalar_gpr,RX-392,ACGHTOCXFLNEEM-UHFFFAOYSA-N,FCCOC[C-]=[O+]P(F)F,train,false,5.910323864241946,6.311602897340805,0.35764148934037865,0.4012790330988594
rx392:fc731b7e2ac2b605df35e96e8b399b60-C4F3H6O2P1-0-1,oxidation_free_energy,scalar_gpr,RX-392,UUJWMQSOBATTKK-ONEGZZNKSA-N,FCCO/C=C/OP(F)F,train,false,5.880676522385329,6.200289215625438,0.3576530883306151,0.3196126932401091
rx392:59b4374c1833abf195a8a9803de080d5-C4F3H6O2P1-0-1,oxidation_free_energy,scalar_gpr,RX-392,WIHCAQOCPVHARP-UHFFFAOYSA-N,FC[C-]=[O+]CCOP(F)F,train,false,5.983686697054509,6.093989726991761,0.3576690965852568,0.11030302993725183
rx392:2b5a6c235e3f51a6f43ac533253cd165-C4F3H6O2P1-0-1,oxidation_free_energy,scalar_gpr,RX-392,FXARLLGYJYAVPA-UHFFFAOYSA-N,C=[C-]OCCO[P+](F)(F)F,train,false,5.076926143101446,5.635056623844765,0.35781879898155244,0.5581304807433192
rx392:63bc2536bdd693b139805f016e5af60a-C4F3H6O2P1-0-1,oxidation_free_energy,scalar_gpr,RX-392,FQSHJLBUFQCHJC-UHFFFAOYSA-N,FCC[O+]=[C-]COP(F)F,test,true,5.778746743009833,5.986917171760162,0.35769090274360293,0.20817042875032854
rx392:0a9c070d174be308780714f4382ea3f3-C4F3H6O2P1-0-1,oxidation_free_energy,scalar_gpr,RX-392,LYULEUMSLMECSM-UHFFFAOYSA-N,FP(F)OCCOC[C-]=[F+],test,true,6.5088838670781115,6.580737069053254,0.3576326996072949,0.07185320197514233
rx392:67ad0b3efe8f5d2ec4f72bc8187f179b-C3F1O3P1-0-1,oxidation_free_energy,scalar_gpr,RX-392,SRMAHOZUVUJKQP-UHFFFAOYSA-N,[C+]#COC(=O)O[P-]F,train,false,6.39347755651761,6.181385029619143,0.3576555635577066,0.21209252689846636
rx392:ac6fcf62cb6e30142dd0bdbff7f2fd11-C3F1O3P1-0-1,oxidation_free_energy,scalar_gpr,RX-392,MNDGFGSAYSDRLM-UHFFFAOYSA-N,O=C(OC#CF)[O+]=[P-],train,false,5.544464970836998,5.299993465989921,0.35806974959688787,0.24447150484707691
rx392:d17ad8c007a93456b5bf7857216292ea-C3F2H5O3P1-0-1,oxidation_free_energy,scalar_gpr,RX-392,ZUHVKSZKBRTVRW-UHFFFAOYSA-N,[CH-]=[O+]CCOP(=O)(F)F,train,false,5.830784864519956,5.986090530975411,0.35769109597395926,0.15530566645545552
rx392:92e536266b92af9c064e48eaa7ac26b0-C3F3H4O3P1-0-1,oxidation_free_energy,scalar_gpr,RX-392,VBGGRGUHBVEDDG-UHFFFAOYSA-N,[CH2-][O+]=C=COP(O)(F)(F)F,test,true,5.958092079825292,6.08317897293529,0.3576710234439493,0.125086893109998
rx392:43f8252d83847dfaaf3ab6c2c77ca6d0-C3F3H4O3P1-0-1,oxidation_free_energy,scalar_gpr,RX-392,BRVRIVCFGXLEDH-UHFFFAOYSA-N,O=P(F)(F)O[C-]=[O+]CCF,test,true,6.884037518422701,7.310703558712689,0.35779954462455005,0.42666604028998734
rx392:88556cbbe62e7dbea3e0083231abde30-C3F3H4O3P1-0-1,oxidation_free_energy,scalar_gpr,RX-392,DYCHWIATUZKJLX-NSCUHMNNSA-N,[CH-]=[O+]/C=C/OP(O)(F)(F)F,train,false,6.613419599059853,6.00681732228797,0.3576863718269691,0.6066022767718824
rx392:d38b7fab6a8f640c8e3659db568bd2b1-C3F1H1O3-0-1,oxidation_free_energy,scalar_gpr,RX-392,ZQCQTPBVJCWETB-UHFFFAOYSA-N,O=c1occ(F)o1,test,true,6.9941143818432465,6.901081886631092,0.35766121309655785,0.09303249521215484
rx392:8d243794e8cd04e8c7b6efba19f119f0-C3F1H1O3-0-1,oxidation_free_energy,scalar_gpr,RX-392,DTFNRASXVKNOOG-UHFFFAOYSA-N,[O+]#COC=C([O-])F,train,false,6.118092120526853,6.310115493813367,0.3576416122494893,0.19202337328651353
rx392:09aa54d153627b2ccca466948039c9a7-C3F2H3O2P1-0-1,oxidation_free_energy,scalar_gpr,RX-392,ARMKYQZTTKRQDX-UHFFFAOYSA-N,C=C[O+]=[C-]OP(F)F,test,true,6.976114156852418,6.922868055736621,0.3576651287445561,0.053246101115797195
rx392:8a8d5e092c1554b7a50056f85c9fba1a-C2F2H1O1P1-0-1,oxidation_free_energy,scalar_gpr,RX-392,OHQUZHIADUDYAC-UHFFFAOYSA-N,C#COP(F)F,train,false,7.375709508571163,7.324013617257022,0.35780694269528557,0.05169589131414032
rx392:3d9837c36dd14ed9e25623a7d6fe7a7d-C2F2H1O1P1-0-1,oxidation_free_energy,scalar_gpr,RX-392,VQFRIDPGWQXXAZ-UHFFFAOYSA-N,FC=C=[O+][P-]F,train,false,5.844092489900504,6.44480400693169,0.35763381310958164,0.6007115170311863
rx392:44f0e182e5501acaf1eaf07098040a8b-F1N1O1S2-0-1,oxidation_free_energy,scalar_gpr,RX-392,BZUADLLCCNLRKN-UHFFFAOYSA-N,O=S=NSF,test,true,7.095339370811416,6.838170111032559,0.3576515212132144,0.2571692597788573
rx392:89021f982c3184bcbb1fef5eef9e6779-C5F1H7O3-0-1,oxidation_free_energy,scalar_gpr,RX-392,USMHJBJOPYILPC-UHFFFAOYSA-N,O=C([O-])OCCCC=[F+],train,false,5.855074275668812,6.052907640982089,0.35767673530870353,0.19783336531327667
rx392:ac511fb7ddcc82bc116b10460f810617-C2F2H1O4P1-0-1,oxidation_free_energy,scalar_gpr,RX-392,QILVKTFUYZVFOU-UHFFFAOYSA-N,[CH-]=[O+]C(=O)OP(=O)(F)F,train,false,6.542671984192566,6.90224789070148,0.35766141509892824,0.3595759065089137
rx392:48520374534fbf55c5079c48d5271d75-C1F2H1O2P1-0-1,oxidation_free_energy,scalar_gpr,RX-392,PMPAIMDBFRMFJP-UHFFFAOYSA-N,[CH-]=[O+]P(=O)(F)F,test,true,6.532484161223692,6.913598287464581,0.35766342592990896,0.38111412624088903
rx392:d9ceb9b7ed76d1fa42d9fa458d30d0e0-C3F1O4P1-0-1,oxidation_free_energy,scalar_gpr,RX-392,YEKNQWDUGUJVFV-UHFFFAOYSA-N,[C+]#COC(=O)OP([O-])F,train,false,6.539694195900665,6.386135771266031,0.3576363909461269,0.15355842463463443
rx392:223fe308ef4ad013168804f44e01acec-C3F1O4P1-0-1,oxidation_free_energy,scalar_gpr,RX-392,ULNVKYFXMLJIAZ-UHFFFAOYSA-N,O=POC(=O)OC#CF,train,false,7.524563067556301,7.532726200834313,0.35795664191663334,0.008163133278012324
rx392:b0f13dcf5a68ddbc4d962cd040cf83fb-C5F2H6O2-0-1,oxidation_free_energy,scalar_gpr,RX-392,PCTYDUALZWNRHO-YFKPBYRVSA-N,[O+]#COC[C@@H](F)C[CH-]F,test,true,4.0658164472715725,4.467774176868419,0.3599000394432209,0.4019577295968464
rx392:e7093972202fe91d98ae41e78912f397-C2F2H1O2P1-0-1,oxidation_free_energy,scalar_gpr,RX-392,WJIJSBKKNIROFR-UHFFFAOYSA-N,C#COP(=O)(F)F,train,false,7.891238133954175,7.713341105965878,0.35814930627447333,0.17789702798829765
rx392:8d81e9dbbf2892594400fa6964089385-C2F2H1O2P1-0-1,oxidation_free_energy,scalar_gpr,RX-392,HYHBQCVPEFEQKW-UHFFFAOYSA-N,O=C=COP(F)F,train,false,6.349930230910104,6.495056385392636,0.35763260220401993,0.14512615448253197
rx392:2e35e66ce343dedffd619c98420f83cc-C2F2H1O2P1-0-1,oxidation_free_energy,scalar_gpr,RX-392,PLQRPIOGJFOUOK-UHFFFAOYSA-N,[O-]C=C=[O+]P(F)F,train,false,6.046910169192415,6.419898575316987,0.3576347543903761,0.3729884061245716
rx392:1be51dbe1efa6d1c664221f811e57f9f-C2F1H2O2P1-0-1,oxidation_free_energy,scalar_gpr,RX-392,TVZGVMVZKJJHFT-UPHRSURJSA-N,O=PO/C=C\F,train,false,6.858917630223004,6.953089250172329,0.35767107018084243,0.09417161994932499
rx392:d8f2605de501a7b204d3ab3f48f2758d-C2F1H2O2P1-0-1,oxidation_free_energy,scalar_gpr,RX-392,ZBNHCLBWCOWAKW-UHFFFAOYSA-N,O=P[O+]=[C-]CF,train,false,5.721266196724173,6.155015869869627,0.3576592770857656,0.43374967314545376
rx392:712e795618e0acbdd0c4b57a53551e0a-C2H3O3P1-0-1,oxidation_free_energy,scalar_gpr,RX-392,UEEPGOAAMIRRAI-UHFFFAOYSA-N,O=CCOP=O,train,false,7.674424302807893,7.3260420324340645,0.357808090316377,0.3483822703738282
rx392:c7f552cb999a7ce124c18bd0725210fe-C2F2H1O3P1-0-1,oxidation_free_energy,scalar_gpr,RX-392,LDUDDUABFRXOCN-UHFFFAOYSA-N,O=C=COP(=O)(F)F,train,false,6.753676356463984,6.837271443128747,0.3576513993041254,0.08359508666476323
rx392:be4f0f90e01062df9189f824ca607fd3-C2F2H1O3P1-0-1,oxidation_free_energy,scalar_gpr,RX-392,UZVWTGIUIMWMPY-UHFFFAOYSA-N,O=P(F)(F)[O+]=C=C[O-],train,false,6.779751186622889,6.946448370040781,0.3576697124206895,0.16669718341789252
rx392:70419a2a17e6a5fd24a81a9156bb713d-C4F4H7O3P1-0-1,oxidation_free_energy,scalar_gpr,RX-392,OWZUIIHBHYKSCV-UHFFFAOYSA-N,OP(F)(F)(F)[O+]=CCOC[CH-]F,train,false,3.045172208592703,3.529188294280562,0.3667072037493778,0.48401608568785903
rx392:c3f9f22ce28b83bb6492f32b439bc138-C3F3O4P1-0-1,oxidation_free_energy,scalar_gpr,RX-392,GGVNUPFJJKBQAL-UHFFFAOYSA-N,O=C(OC#CF)OP(=O)(F)F,train,false,7.80208170676633,7.701957260752141,0.3581350927941384,0.10012444601418924
rx392:935ab72749fc46385c6efadb4a3659cf-C3F1H3O3-0-1,oxidation_free_energy,scalar_gpr,RX-392,SBLRHMKNNHXPHG-REOHCLBHSA-N,O=C1OC[C@@H](F)O1,train,false,8.757716688773144,8.848660784616113,0.36209531682039847,0.09094409584296947
rx392:3c79b65d20f3023daefe4349b75b936d-C4F1H3O5-0-1,oxidation_free_energy,scalar_gpr,RX-392,MAGRHNUCUYWXHO-GSVOUGTGSA-N,O=C([O-])O[C@@H](F)COC#[O+],train,false,6.698118745051033,6.945132579080708,0.35766944693552916,0.24701383402967458
rx392:dc3af32f0ebff3aabc993e46eecf9c12-C2F2H3O1P1-0-1,oxidation_free_energy,scalar_gpr,RX-392,MELGDKXDLDYZJQ-UHFFFAOYSA-N,C=COP(F)F,test,true,6.855691457894864,8.177635645582352,0.35904763827604247,1.321944187687489
rx392:571bceae46fb809b0f9afa74166cc098-F3O1P1-0-1,oxidation_free_energy,scalar_gpr,RX-392,FFUQCRZBKUBHQT-UHFFFAOYSA-N,O=P(F)(F)F,train,false,9.821991646236711,9.933153319049186,0.37595794427770296,0.11116167281247513
rx392:14ecbf9adffeab91c43accfd325fddc4-C4H4O6-0-1,oxidation_free_energy,scalar_gpr,RX-392,ZWVIGXAESYYHMY-OWOJBTEDSA-N,O=C(O)O/C=C/OC(=O)O,train,false,6.553836031089304,6.661308929963001,0.3576354061474801,0.10747289887369682
rx392:77e36ea5825316cb2ce160bb69df140e-C4H4O6-0-1,oxidation_free_energy,scalar_gpr,RX-392,DHXVFTIERQCMBS-UHFFFAOYSA-N,O=C(O)OC[C-]=[O+]C(=O)O,test,true,6.290535308642575,6.66597494642977,0.3576356449877494,0.3754396377871956
rx392:8a5050e998b7b28682f72b317573f938-C4H4O6-0-1,oxidation_free_energy,scalar_gpr,RX-392,SDDWCNBUKQPEBT-UHFFFAOYSA-N,O=C(O)[O+]=CCO[C+]([O-])[O-],train,false,6.538203731222893,6.728601161967168,0.35763977557260807,0.19039743074427484
rx392:82578fc54f1b73dbc927161288404fcf-C4F2H7O3P1-0-1,oxidation_free_energy,scalar_gpr,RX-392,LSCFZPUCXACYEI-SNVBAGLBSA-N,[O-][P@@](F)[O+]=CCOCCF,train,false,6.986680466117832,7.360674743980438,0.3578285308272589,0.37399427786260553
rx392:f9a8716ff8cf3d1944526f62e864b488-C4F2H7O3P1-0-1,oxidation_free_energy,scalar_gpr,RX-392,WRQPTYHRVGJJPO-SNVBAGLBSA-N,O[P@@](F)[O+]=CCOC[CH-]F,test,true,3.089279238785821,3.528113931820148,0.36671980405914684,0.4388346930343272
rx392:ea8d5c1a8759d8ff3368cfac6e8d58bd-C4F2H7O3P1-0-1,oxidation_free_energy,scalar_gpr,RX-392,WUVRZNWLPXAVBL-SNVBAGLBSA-N,[O-][P@@](F)OCC[O+]=CCF,train,false,5.278366510519845,5.492495033190353,0.3579056764545969,0.21412852267050742
rx392:419d46397555f67fc2e923ed4a98c18d-C4F2H7O3P1-0-1,oxidation_free_energy,scalar_gpr,RX-392,RBKOOOPNCJKAKV-UHFFFAOYSA-N,C=COCCOP(=O)(F)F,train,false,6.289239575577085,6.073596904433944,0.35767278047318396,0.21564267114314095
rx392:5cda00256bc78e492ac7cd5328fa32e5-C6H8O6-0-1,oxidation_free_energy,scalar_gpr,RX-392,RDIAOGKHDDKJRX-HNQUOIGGSA-N,O=C(O)O/C=C/CCOC(=O)O,test,true,6.592507423760253,6.574966665980364,0.35763260529363905,0.01754075777988895
rx392:14087bb55f635f76e12b515c4caab80f-C6H8O6-0-1,oxidation_free_energy,scalar_gpr,RX-392,UFLQDGXRAYSTJE-UHFFFAOYSA-N,O=C(O)OCCC[C-]=[O+]C(=O)O,train,false,5.868825193385419,6.193679709481948,0.3576539362927289,0.32485451609652927
rx392:60622cd678e3e23579c8ea21ccdcd939-C6H8O6-0-1,oxidation_free_energy,scalar_gpr,RX-392,KNSMUEMEYHPWIS-UHFFFAOYSA-N,O=C(O)[O+]=CCCCO[C+]([O-])[O-],train,false,6.4838877998518,6.2598665606322506,0.35764626545030076,0.22402123921954953
rx392:2d83ec2708a54987ba5f21a518c2025c-C4F4H5O3P1-0-1,oxidation_free_energy,scalar_gpr,RX-392,XCJSMDDRHWNIBF-UHFFFAOYSA-N,OP(F)(F)(F)OC=C=[O+][CH-]CF,train,false,5.7619528075993,6.02144235482228,0.35768318686365447,0.2594895472229801
rx392:aa6cf6f2f061f54b089a5e2740c5738c-C4F4H5O3P1-0-1,oxidation_free_energy,scalar_gpr,RX-392,VTQQKTGSCODGKX-UHFFFAOYSA-N,OP(F)(F)(F)[O+]=CCOC=[C-]F,train,false,4.600601120982901,4.799203620719084,0.3588830828811368,0.19860249973618238
rx392:8fcf6da3917e28613ae02746eb4413ed-C4F4H5O3P1-0-1,oxidation_free_energy,scalar_gpr,RX-392,NFVSVNWIJCUWIU-UHFFFAOYSA-N,OP(F)(F)(F)[O+]=C=CO[CH-]CF,train,false,4.950720409397036,5.2873337347811,0.35808279093371254,0.3366133253840644
rx392:42c1f80fccf1c7cd705908378384f551-C4F4H5O3P1-0-1,oxidation_free_energy,scalar_gpr,RX-392,ZTCMYMAAHLEZHK-ONEGZZNKSA-N,OP(F)(F)(F)O/C=C/[O+]=[C-]CF,train,false,6.48063134246695,6.166715013017269,0.35765759144274695,0.31391632944968073
rx392:908e70f5f0342915fd78ed3b98289086-C4F4H5O3P1-0-1,oxidation_free_energy,scalar_gpr,RX-392,HIRTYHRGENRCML-ONEGZZNKSA-N,OP(F)(F)(F)O/C=C/OC[C-]=[F+],train,false,5.786891607145662,6.69672135633493,0.35763745432270205,0.9098297491892673
rx392:7983f518ec5f0e8d6ce067a43780ccd2-C4F4H5O3P1-0-1,oxidation_free_energy,scalar_gpr,RX-392,HLXPDGBXIIZKRF-UHFFFAOYSA-N,OP(F)(F)(F)OC#COCCF,train,false,6.26785156938422,6.571454913657997,0.3576325542195297,0.30360334427377733
rx392:691ec7ecaddf547e284a85d6057b5da1-C2F3O1P1-0-1,oxidation_free_energy,scalar_gpr,RX-392,JUYBSSUZFIUIGW-UHFFFAOYSA-N,FC#COP(F)F,train,false,7.276419584813993,7.285858412289967,0.35778633634228785,0.009438827475973355
rx392:0a520d0e09c071cab5ba79f842785136-F2H1O2P1-0-1,oxidation_free_energy,scalar_gpr,RX-392,DGTVXEHQMSJRPE-UHFFFAOYSA-N,O=P(O)(F)F,test,true,9.336634498475178,9.543797231907146,0.36920072078784416,0.2071627334319679
rx392:bea9f8f92f17ce7b21d77ac7b2ab96de-C3H4O4-0-1,oxidation_free_energy,scalar_gpr,RX-392,ICKCSDLZUVLALP-UHFFFAOYSA-N,O=C(O)[O+]=[C-]CO,train,false,6.110060427963617,6.403304289901548,0.35763550681996426,0.29324386193793117
rx392:afe6a2932a4dadd9ffbafd0f618c2197-C3H4O4-0-1,oxidation_free_energy,scalar_gpr,RX-392,NGQSOUJFJIALFZ-OWOJBTEDSA-N,O=C(O)O/C=C/O,train,false,6.092137438296049,6.200381377794988,0.35765307663827417,0.10824393949893896
rx392:578515426dfd7d00ce4f8feeb5e7dc72-C3H4O4-0-1,oxidation_free_energy,scalar_gpr,RX-392,RWBAWWWSHWELEI-UHFFFAOYSA-N,O=C([O-])OC[CH+]O,train,false,6.486700368941456,6.64293002409533,0.35763455491877566,0.156229655153874
rx392:7fa3376c2653bf2b400a3716928564a8-C4F1H7O2-0-1,oxidation_free_energy,scalar_gpr,RX-392,NWCCHUPUMSRTAD-UHFFFAOYSA-N,[O-]CC[O+]=CCF,train,false,4.986103422828819,4.488953339553532,0.35981971209251856,0.49715008327528665
rx392:0d5b5afbc48149f2a157ada863e3b093-C4F1H7O2-0-1,oxidation_free_energy,scalar_gpr,RX-392,XZEZODIITWGNCH-UHFFFAOYSA-N,O=CCOCCF,train,false,7.118881924832749,7.190723665619892,0.357742485067825,0.07184174078714278
rx392:dc9d1683439687356a04502031ecf779-C3H3O3P1-0-1,oxidation_free_energy,scalar_gpr,RX-392,YBBDJQZVVRBANS-UHFFFAOYSA-N,C=COC(=O)[O+]=[P-],train,false,5.29917798666429,5.112538088419231,0.35829707383468673,0.18663989824505922
rx392:7bd57fea6c57e333f47b8062ceeea609-C3H3O3P1-0-1,oxidation_free_energy,scalar_gpr,RX-392,NOYWXBZKJAJNLP-UHFFFAOYSA-N,C=C[O+]=C=[O+][P-][O-],train,false,6.790914712182712,6.800167586815096,0.3576467497034113,0.009252874632384334
rx392:6ecda3f5fc589415cdee44cf5cf40122-C3H1O3P1-0-1,oxidation_free_energy,scalar_gpr,RX-392,MHGKIRRPNXMZMW-UHFFFAOYSA-N,C#COC(=O)[O+]=[P-],train,false,5.564620925742929,5.313218504103263,0.35805644987155844,0.251402421639666
rx392:cfd5075ae4fc772d2f2b95b41c4e8035-C2F3O2P1-0-1,oxidation_free_energy,scalar_gpr,RX-392,OTJGUQWZGKMDTN-UHFFFAOYSA-N,O=P(F)(F)OC#CF,train,false,7.780666109727463,7.672363799211292,0.35809953267727596,0.10830231051617112
rx392:2881971a29bc414c0a79cf1a019df7d8-C6H10O5-0-1,oxidation_free_energy,scalar_gpr,RX-392,CGMLNVQQZYYACK-UHFFFAOYSA-N,O=C(O)OCCCC[O+]=[C-]O,train,false,6.188684095090139,6.419055420271461,0.35763479020448463,0.23037132518132264
rx392:78d898a1a2131b55b8d4ce9c4fb514fa-C1F1H2O3P1-0-1,oxidation_free_energy,scalar_gpr,RX-392,WJWIHWMMIHTGMA-UHFFFAOYSA-N,C=[O+]P(=O)([O-])F,test,true,8.435281542504526,8.408329114762116,0.3598026704182016,0.026952427742410023
rx392:1548e6e969e6678853e16a9d3b891995-C3F3H6O2P1-0-1,oxidation_free_energy,scalar_gpr,RX-392,HCWJXHMOQNIBGX-UHFFFAOYSA-N,[CH2-]OCCO[P+](F)(F)F,train,false,5.046609766442998,5.613955342388007,0.3578300988656146,0.5673455759450086
rx392:9b0a84f6bcd49a0e426f3992c5435d4e-C3F1H6O2P1-0-1,oxidation_free_energy,scalar_gpr,RX-392,NCVXBDNWLBFOQG-UHFFFAOYSA-N,C=[O+]CCO[P-]F,train,false,3.941454783693189,3.224571167015468,0.3708836447412384,0.7168836166777206
rx392:6040c3b4c4bc1f39915dd6ae10f38081-C1F3N1O2S2-0-1,oxidation_free_energy,scalar_gpr,RX-392,LOYPLYBAQULGSM-UHFFFAOYSA-N,O=S(=O)(N=S)C(F)(F)F,train,false,7.209377885956201,7.170755359743473,0.35773453133443595,0.03862252621272777
rx392:c4fb0d278453fb0bae00d353e83bedd6-C1F3N1S2-0-1,oxidation_free_energy,scalar_gpr,RX-392,SCSIGUOKWOJZAW-UHFFFAOYSA-N,FC(F)(F)SN=S,train,false,6.496647273186682,6.363889536569857,0.35763769709063675,0.13275773661682422
rx392:7ff8e52a1d90eec55fd84c181ec7c6ff-C3F1H2O3P1-0-1,oxidation_free_energy,scalar_gpr,RX-392,FIWMHJNPEQNBFX-UHFFFAOYSA-N,[O-][P-][O+]=C=[O+]C[C-]=[F+],train,false,6.593894149369589,6.901914535567523,0.35766135726111925,0.30802038619793404
rx392:0cb31ae070376b2df1705bc872f553f1-C3F1H2O3P1-0-1,oxidation_free_energy,scalar_gpr,RX-392,QYMPXOBOCUEYSJ-UHFFFAOYSA-N,O=C(OC[C-]=[F+])[O+]=[P-],train,false,5.3270255517236365,5.134188504124267,0.3582667898215227,0.1928370475993697
rx392:4d9e4ba7f6274b1c33a7cde73ab7fea4-C3F1H2O3P1-0-1,oxidation_free_energy,scalar_gpr,RX-392,ZOLLSSBJOIYUKW-UHFFFAOYSA-N,O=C([O+]=[P-])[O+]=[C-]CF,train,false,5.5252568719261035,5.3355225906169075,0.35803475210517155,0.189734281309196
rx392:ac23131feb944800b5d02fa5e292e6d0-C3F1H2O3P1-0-1,oxidation_free_energy,scalar_gpr,RX-392,FOKNTPSCAHQHBY-UPHRSURJSA-N,O=C(O/C=C\F)[O+]=[P-],train,false,5.328908919389505,5.118223533184536,0.35828901057646245,0.21068538620496913
rx392:dd955e703d6c0827f99f92d9ec9ddefb-C2F3H4O2P1-0-1,oxidation_free_energy,scalar_gpr,RX-392,RFJVYQFUZPNUJW-UHFFFAOYSA-N,C=COP(O)(F)(F)F,train,false,6.555035226760083,6.578698525378313,0.35763266480979483,0.02366329861822969
rx392:ed2aaaf49ed7c7beb9aff5f288bcac16-C2F3H4O2P1-0-1,oxidation_free_energy,scalar_gpr,RX-392,HKEMDSWHALFBQT-UHFFFAOYSA-N,O=P(F)(F)OCCF,train,false,9.025647608650615,9.093715697029676,0.3640167887170498,0.06806808837906075
rx392:82eb0ed55f3099cfa273cd4a2c22b3f9-C3H3O2P1-0-1,oxidation_free_energy,scalar_gpr,RX-392,CCMWXFXAMURFIT-UHFFFAOYSA-N,C=C[O+]=[C-][O+]=[P-],test,true,5.060783057462686,4.9652527317311,0.35853558671465596,0.09553032573158582
rx392:778aa819b51f24af08b9500e29ee88f8-C3F2H3O3P1-0-1,oxidation_free_energy,scalar_gpr,RX-392,HCSAQDLCGQZRJN-UHFFFAOYSA-N,C=C[O+]=[C-]OP(=O)(F)F,train,false,7.281309193007473,7.394418418143833,0.3578500446773154,0.1131092251363599
rx392:224f1c1ef0de881ba40b47a8c0e482fb-C3F2H3O3P1-0-1,oxidation_free_energy,scalar_gpr,RX-392,XHYVYPTUTXZPON-UHFFFAOYSA-N,C=COC(=O)OP(F)F,train,false,6.9943829752992315,8.493069659071178,0.36014796044312053,1.4986866837719468
rx392:6a749e8aa4b69eaa368d2447ae1be167-C2H1O3P1-0-1,oxidation_free_energy,scalar_gpr,RX-392,GFKMYEYYVBMTGZ-UHFFFAOYSA-N,O=C=COP=O,train,false,6.333197623473097,6.521743539651787,0.35763233656015625,0.18854591617868977
rx392:936e9e0c9c07a526ac0e8e4178ff7ed9-C2H1O3P1-0-1,oxidation_free_energy,scalar_gpr,RX-392,VRDROWXNTKTQGC-UHFFFAOYSA-N,O=P[O+]=C=C[O-],train,false,6.003503101746901,6.460970339059869,0.3576333229140459,0.4574672373129678
rx392:2b2beeb5c0de15bfe309a1a9166f58bf-C4F3H6O3P1-0-1,oxidation_free_energy,scalar_gpr,RX-392,RUHDHDDPGFJWTE-ONEGZZNKSA-N,C=CO/C=C/OP(O)(F)(F)F,train,false,5.794055115042283,5.864737141647355,0.35772419107166786,0.07068202660507161
rx392:3ae7da5ea8451513ecb9a50c5ce58d6e-C4F3H6O3P1-0-1,oxidation_free_energy,scalar_gpr,RX-392,HDWRTNIKGBUHPK-OWOJBTEDSA-N,O=P(F)(F)OCCO/C=C/F,test,true,6.122874978493201,6.159047324191093,0.35765868929543154,0.03617234569789218
rx392:04929a667d04a50c4640d3e4bc6169ce-C4F3H6O3P1-0-1,oxidation_free_energy,scalar_gpr,RX-392,FAFNZQCMUULBEV-UHFFFAOYSA-N,[CH-]=COCC=[O+]P(O)(F)(F)F,train,false,4.074402973194083,4.24019027420884,0.360923524480245,0.16578730101475703
rx392:845e0ebd5c73aedbd5f13374265969af-C4F3H6O3P1-0-1,oxidation_free_energy,scalar_gpr,RX-392,DSTXKVALWBYNJT-UHFFFAOYSA-N,O=P(F)(F)OCC[O+]=[C-]CF,train,false,6.002063793479465,6.128849261527713,0.35766327251333585,0.12678546804824808
rx392:c506165f6cc71a02fcd88568fa86271c-C4F3H6O3P1-0-1,oxidation_free_energy,scalar_gpr,RX-392,HWEVNYWTQXBQLS-ONEGZZNKSA-N,O[P+](F)(F)O/C=C/OC[CH-]F,test,true,4.934549035158852,5.2493349327845245,0.3581238148681449,0.3147858976256721
rx392:1bb2e75cce5131e755ed9eba1c6f763a-C4F4H7O2P1-0-1,oxidation_free_energy,scalar_gpr,RX-392,KYGBLAHPGAKPBT-UHFFFAOYSA-N,F[CH-]COCCO[P+](F)(F)F,train,false,4.846326213795692,5.477188038366225,0.3579165910654842,0.6308618245705331
rx392:5a74d769f03b500059d19e7f8772cdd0-C4F4H7O2P1-0-1,oxidation_free_energy,scalar_gpr,RX-392,BTZKNVPCNMJTGG-UHFFFAOYSA-N,FCCO[CH-]CO[P+](F)(F)F,train,false,5.245986506353802,5.83532322259395,0.3577337615925402,0.5893367162401484
rx392:1555a9ae48f02c7055964e3d8e1027ff-C4F4H7O2P1-0-1,oxidation_free_energy,scalar_gpr,RX-392,PAAKWGZHJPXUJK-UHFFFAOYSA-N,FC[CH-]OCCO[P+](F)(F)F,train,false,5.049745727490517,5.629127123122347,0.3578219236617854,0.5793813956318301
rx392:06bf74e46db587e6b52d7cfd3d7f32ce-C2F1H4O3P1-0-1,oxidation_free_energy,scalar_gpr,RX-392,GBXWZVOUCRPXSR-ZETCQYMHSA-N,[CH-]=[O+][P@@](=O)(F)OC,test,true,6.119523601581022,6.598044207374518,0.3576330605777524,0.47852060579349587
rx392:97da17e94c50f325d7832b5f8eb42c99-C4F3H6O3P1-0-1,oxidation_free_energy,scalar_gpr,RX-392,HDYWTSRBPRUOFG-UHFFFAOYSA-N,O=P(F)(F)OCCOC[C-]=[F+],test,true,6.545524538556492,6.6059460312972185,0.35763326471215234,0.06042149274072628
rx392:333d1e44a799c7e0b3678a352eb68f13-C4F2H7O2P1-0-1,oxidation_free_energy,scalar_gpr,RX-392,MNHDDDSZUQHRGW-UHFFFAOYSA-N,C=COCCOP(F)F,test,true,6.28151984062788,6.02450710812265,0.3576825346626086,0.2570127325052294
rx392:3c7628b0c58ea48032eaafe63ff375fb-C4F2H7O2P1-0-1,oxidation_free_energy,scalar_gpr,RX-392,PHUGHTCAHUHWOG-UHFFFAOYSA-N,FCCOCC=[O+][P-]F,train,false,4.479251415879844,4.2207512745899916,0.3610257997929622,0.25850014128985244
rx392:49a6c47904d5071bf495ef62289c7747-C4H10O2-0-1,oxidation_free_energy,scalar_gpr,RX-392,WERYXYBDKMZEQL-UHFFFAOYSA-N,OCCCCO,train,false,7.340719339192219,7.810136691503837,0.358282940334366,0.4694173523116181
rx392:20a1cb1b939d750d91d02d795b402b61-C6F2H6O4-0-1,oxidation_free_energy,scalar_gpr,RX-392,WEOLSQZHCZFASG-OLQVQODUSA-N,O=[C-]OC[C@H](F)[C@H](F)COC#[O+],train,false,3.9790240292059025,4.233444924078402,0.36095872884441604,0.2544208948724993
rx392:bf967f866014d1510bcfba7aebca3b2f-F1N1O2S2-0-1,oxidation_free_energy,scalar_gpr,RX-392,GGLOSWGOTVFHNA-UHFFFAOYSA-N,O=S(=O)(F)N=S,train,false,7.349566681266879,7.257978229528561,0.3577724133825262,0.09158845173831764
rx392:09f20ad4010955c45910a3394aa3ce0e-C4F3H8O3P1-0-1,oxidation_free_energy,scalar_gpr,RX-392,CDGMDRZKZLOQNQ-UHFFFAOYSA-N,[CH2-]COCC=[O+]P(O)(F)(F)F,test,true,3.1948091688609566,3.3484397843663762,0.3690326268499796,0.15363061550541968
rx392:4548b7fbbfd9e0216d5dcd9cb437c65b-C3F3H2O4P1-0-1,oxidation_free_energy,scalar_gpr,RX-392,XVLJQJZZJFJPBU-UHFFFAOYSA-N,O=C(OP(=O)(F)F)[O+]=[C-]CF,train,false,6.607063482857484,7.003417257348828,0.357682362693651,0.39635377449134435
rx392:44e6990c1b3c514ecacef0660e0c6423-C3F3H2O4P1-0-1,oxidation_free_energy,scalar_gpr,RX-392,AAERQJYPQQTSDR-UHFFFAOYSA-N,O=C(OC[C-]=[F+])OP(=O)(F)F,train,false,7.053878699931374,6.9796461840164215,0.35767680377891714,0.07423251591495283
rx392:136e064da88dfc20b606f64102678a51-C4F4H5O2P1-0-1,oxidation_free_energy,scalar_gpr,RX-392,LZBWHVCDQDGLEH-UHFFFAOYSA-N,FC=[C-]OCCO[P+](F)(F)F,train,false,5.110038421396894,5.672249576887719,0.3578000720479367,0.5622111554908251
rx392:5f684626cf2d0adf9ebf421436c7e8ed-C4F4H5O2P1-0-1,oxidation_free_energy,scalar_gpr,RX-392,ATYPQYWEWJYECR-UHFFFAOYSA-N,F[C-]=COCCO[P+](F)(F)F,train,false,5.016034518586821,5.598976736970608,0.35783842931771953,0.5829422183837867
rx392:e047a270f0060f5ca0f7b3611cc3da3c-C4F4H5O2P1-0-1,oxidation_free_energy,scalar_gpr,RX-392,QDHHVEUEVDMSRQ-UHFFFAOYSA-N,F[P+](F)(F)OC[CH-]OC[C-]=[F+],train,false,5.25615932236542,7.297415768634551,0.35779238453479517,2.0412564462691307
rx392:123aa122a965a5d72482b60c4faaeac5-C3F1H2O2P1-0-1,oxidation_free_energy,scalar_gpr,RX-392,PYHCZXYKSZBJGD-UPHRSURJSA-N,F/C=C\[O+]=[C-][O+]=[P-],train,false,5.134483900383202,5.018420448934132,0.3584426144642055,0.11606345144906971
rx392:e1b3ee6876e218708f14970ee8ce564d-C3F1H2O2P1-0-1,oxidation_free_energy,scalar_gpr,RX-392,ZYGHMFCEGARLNI-UHFFFAOYSA-N,[F+]=[C-]C[O+]=[C-][O+]=[P-],train,false,5.0848834381504275,4.99418702679089,0.3584839775793235,0.09069641135953788
rx392:ffa722446da2bdce8596e58b0325e77e-C2F1H4O2P1-0-1,oxidation_free_energy,scalar_gpr,RX-392,OAPSVWVYBBSJPL-UHFFFAOYSA-N,O=POCCF,train,false,7.679271181419608,7.751113473570265,0.35819867293927204,0.07184229215065674
rx392:c639d1597e6b8d3cc788eb0f79519b09-C2F1H4O2P1-0-1,oxidation_free_energy,scalar_gpr,RX-392,CDOJMNOPDHEVIP-ZCFIWIBFSA-N,[CH-]=[O+][P@@](F)OC,train,false,5.4655969824889326,6.130984401117677,0.35766293462637516,0.6653874186287441
rx392:9a272b9f71079ea8cb63952bff4d6859-C2F1H4O2P1-0-1,oxidation_free_energy,scalar_gpr,RX-392,JEEQHMIUBGXUEB-ZCFIWIBFSA-N,C=CO[P@@](O)F,test,true,6.565952458524407,7.718977742297165,0.358156456271431,1.1530252837727577
rx392:d209b7fca40a0075ae08a14ea4e99f9b-C3F1H4O4P1-0-1,oxidation_free_energy,scalar_gpr,RX-392,FHLINRSUENUQLX-UHFFFAOYSA-N,O=POC(=O)OCCF,train,false,8.349809544295567,8.198160073804853,0.3591049400268399,0.15164947049071387
rx392:913a46f02fa940717e1a86f1556fad4e-C4H8O3-0-1,oxidation_free_energy,scalar_gpr,RX-392,JBTWLSYIZRCDFO-UHFFFAOYSA-N,CCOC(=O)OC,test,true,8.146998275142323,8.259065589420315,0.35928572088281424,0.11206731427799177
rx392:246afdd97110ea78e150fb138cf2ea92-C5H8O2-0-1,oxidation_free_energy,scalar_gpr,RX-392,RBELWZTTZLXTEA-UHFFFAOYSA-N,C[C-]=[O+][C-]=[O+]CC,train,false,6.441043101454852,5.916062821625312,0.35770899856429833,0.5249802798295402
rx392:3aab79c7f56d26cbfa207b305170d3fd-C5H8O2-0-1,oxidation_free_energy,scalar_gpr,RX-392,KZXJSZRXKLHDAM-UHFFFAOYSA-N,C=C[O+]=[C-]OCC,test,true,6.118959037397872,6.443517223393384,0.3576338562158008,0.324558185995512
rx392:a59e6c1837d2d64831fe45170e6996c9-C5H8O2-0-1,oxidation_free_energy,scalar_gpr,RX-392,JYWTYTUFPXGMAK-UHFFFAOYSA-N,C=CCC[O+]=[C-]O,train,false,6.877936101282103,6.363209331147147,0.3576377398951159,0.5147267701349554
rx392:6fda537c573db2e86cfd0066e1b63f0a-C5H8O2-0-1,oxidation_free_energy,scalar_gpr,RX-392,OKFSBEPUAXIQNU-UHFFFAOYSA-N,C[CH-][O+]=C=[O+][CH-]C,test,true,3.4613732749730843,3.3453574975547373,0.36907603415153933,0.11601577741834701
rx392:bc2536af65293855a3db8ff8e9cfedb9-C4-0-1,oxidation_free_energy,scalar_gpr,RX-392,FMIYQRFAIMZVNM-UHFFFAOYSA-N,[C+]#CC#[C-],train,false,7.73050951003097,7.343581843153504,0.3578182404843925,0.38692766687746616
rx392:e4af80ed7395aef9001d1b170c5c0ec6-C1H2O1-0-1,oxidation_free_energy,scalar_gpr,RX-392,WSFSSNUMVMOOMR-UHFFFAOYSA-N,C=O,train,false,7.645802006411941,7.183826574720035,0.35773969162684094,0.461975431691906
rx392:008565e723376b227b96affb399076e4-C2F1H2O1P1-0-1,oxidation_free_energy,scalar_gpr,RX-392,JCOWVKDGTBWZQH-UHFFFAOYSA-N,[F+]=[C-]C[O+]=[P-],train,false,5.007592981906782,4.732746965397275,0.3590493917309833,0.2748460165095077
rx392:3fcff53f213e649591b379219e598dd1-C2F1H2O1P1-0-1,oxidation_free_energy,scalar_gpr,RX-392,CVCHJCQMHRXNKV-UPHRSURJSA-N,F/C=C\[O+]=[P-],train,false,4.99056628321523,4.779715495008833,0.35893011890360094,0.2108507882063968
rx392:77358f89405e1e92cb317182333fa86f-C2-0-1,oxidation_free_energy,scalar_gpr,RX-392,LBVWYGNGGJURHQ-UHFFFAOYSA-N,[C+]#[C-],train,false,9.124661656763237,8.614760125888838,0.360717767261117,0.5099015308743997
rx392:b812bca53e9edfa5c1a76413b8b52d6e-C3H4O1-0-1,oxidation_free_energy,scalar_gpr,RX-392,DMAZUHPLIHKHFL-UHFFFAOYSA-N,C=C=[O+][CH2-],train,false,5.577824354010772,5.799040690342828,0.35774649723990115,0.22121633633205562
rx392:2ad1bfb8dc71b8d128bd4661a86028d8-C3H4O1-0-1,oxidation_free_energy,scalar_gpr,RX-392,TVDSBUOJIPERQY-UHFFFAOYSA-N,C#CCO,train,false,7.517647965076321,7.222597298633106,0.35775604716024245,0.2950506664432151
rx392:f2c30241e2e2273e59b9b15026755415-C3H4O1-0-1,oxidation_free_energy,scalar_gpr,RX-392,HGINCPLSRVDWNT-UHFFFAOYSA-N,C=CC=O,train,false,7.6355113206709575,6.917522357737553,0.3576641400542701,0.7179889629334042
rx392:eaee414191c3cdd2c729d6b8b60ace1a-C3H4O1-0-1,oxidation_free_energy,scalar_gpr,RX-392,QJRDTOIKHQIJLL-UHFFFAOYSA-N,[CH2+]C=[C-]O,train,false,5.590548984519046,5.715749538514462,0.357779986609992,0.1252005539954162
rx392:709c5f08f8e9f9dc320f92881c98bb8d-C3H4O1-0-1,oxidation_free_energy,scalar_gpr,RX-392,YQTVBZHHWNMNKX-UHFFFAOYSA-N,C=C=CO,train,false,6.172361199719489,5.956932552412894,0.3576981754014507,0.21542864730659517
rx392:50119444c444f4e83d5d9eea8eb46bc3-C3H4O1-0-1,oxidation_free_energy,scalar_gpr,RX-392,FMNGCVKRMOYGKC-UHFFFAOYSA-N,[CH-]=[O+]C=C,train,false,5.8279062665515085,5.994859597566879,0.35768906671687806,0.16695333101537013
rx392:7d5eb6bbb84fb2e36b80d0e8b74f0d80-C3H4O3-0-1,oxidation_free_energy,scalar_gpr,RX-392,BUTNBPHMSLWDBB-UHFFFAOYSA-N,C=[O+]C(=O)O[CH2-],train,false,3.9880055108133092,4.488403123229316,0.3598217694214024,0.5003976124160063
rx392:06580be20d403d09f627fe858572c511-C3H4O3-0-1,oxidation_free_energy,scalar_gpr,RX-392,JCZKILZQSCSMDM-OWOJBTEDSA-N,O[C-]=[O+]/C=C/O,train,false,6.102408663044116,6.5943861992717725,0.3576329744623212,0.4919775362276564
rx392:026bac9d6f9da06c0db598e93ffdb069-C3H4O3-0-1,oxidation_free_energy,scalar_gpr,RX-392,FXPHJTKVWZVEGA-UHFFFAOYSA-N,C=COC(=O)O,train,false,6.923307567018128,6.816479226945211,0.3576487025886555,0.10682834007291664
rx392:f072e9ab7c7364436335ff7aa6bfb44d-C3H4-0-1,oxidation_free_energy,scalar_gpr,RX-392,OOXWYYGXTJLWHA-UHFFFAOYSA-N,C1=CC1,train,false,6.5967913030135605,6.466477016069432,0.357633177690364,0.13031428694412828
rx392:3913fc4e49ba8d3c3b49ac60272cc307-C3H4-0-1,oxidation_free_energy,scalar_gpr,RX-392,OQOPKWGTWCVGHN-UHFFFAOYSA-N,[CH-]=C[CH2+],train,false,5.369627661643335,5.495754083802778,0.3579033953961162,0.1261264221594427
rx392:dbcb7576fc44002df96b331d41d85893-C3H4-0-1,oxidation_free_energy,scalar_gpr,RX-392,MWWATHDPGQKSAR-UHFFFAOYSA-N,C#CC,train,false,7.4519830849485516,7.125538575319305,0.35771798117467435,0.32644450962924676
rx392:d2774c3c7e51ef586311938745c9d719-C3H4-0-1,oxidation_free_energy,scalar_gpr,RX-392,IYABWNGZIDDRAK-UHFFFAOYSA-N,C=C=C,train,false,6.767389313251442,6.851987525277587,0.35765345259567244,0.08459821202614481
rx392:8c11c7f439bc11c00a650118281a8423-C2H2O1-0-1,oxidation_free_energy,scalar_gpr,RX-392,QFXZANXYUCUTQH-UHFFFAOYSA-N,C#CO,train,false,7.227977565336914,6.884784445897573,0.35765847723068234,0.3431931194393414
rx392:db38b27b8bc203eb8e84f808deccd211-C2H2O1-0-1,oxidation_free_energy,scalar_gpr,RX-392,CCGKOQOJPYTBIH-UHFFFAOYSA-N,C=C=O,test,true,6.695882528095353,6.329937280265212,0.3576400430864094,0.36594524783014126
rx392:85a0b2cb7df42b9ce75148d553a5413c-C4F1H5O2-0-1,oxidation_free_energy,scalar_gpr,RX-392,NFRSUFCVPJPISR-UHFFFAOYSA-N,[O-]C=C=[O+]CCF,train,false,6.0545226496578834,6.0552622349840535,0.3576762739422485,0.0007395853261700225
rx392:487e38e4c49b1645f4db9f9b058e1a85-C4F1H5O2-0-1,oxidation_free_energy,scalar_gpr,RX-392,GSEPJCCJRORXBD-UHFFFAOYSA-N,O=CCOC[C-]=[F+],train,false,7.202654620292378,6.620328988934572,0.357633700395186,0.582325631357806
rx392:b9c881903e8e7af10c9fa7285c546dab-C4F1H5O2-0-1,oxidation_free_energy,scalar_gpr,RX-392,QWLNWTOCEWNDAC-UHFFFAOYSA-N,O=C=COCCF,train,false,5.792766719407155,6.084015281524395,0.35767087229686517,0.29124856211724026
rx392:1b30b01ddff3aa438d454e56a45cbb95-C4F1H5O2-0-1,oxidation_free_energy,scalar_gpr,RX-392,YBOSEYLQPLVONR-HNQUOIGGSA-N,O=CCO/C=C/F,train,false,6.165539896255723,6.189166219628632,0.3576545260963031,0.02362632337290904
rx392:b48550501accae491101b12773fb2296-C3H3O4P1-0-1,oxidation_free_energy,scalar_gpr,RX-392,JBEIJKJLJZCZFC-UHFFFAOYSA-N,C=COC(=O)OP=O,test,true,6.97138357986114,7.046537223283391,0.3576935349576835,0.07515364342225084
rx392:2da908be95a4ca5fb3be510eb469c625-C3F3H6O3P1-0-1,oxidation_free_energy,scalar_gpr,RX-392,UJTBXDRWYRTHJK-UHFFFAOYSA-N,[CH2-]OCC=[O+]P(O)(F)(F)F,test,true,2.941924005310284,3.525857111159709,0.3667463179452319,0.5839331058494248
rx392:55ca6ec8a2cf3efd25a30cc806def00f-C3F1H4O2P1-0-1,oxidation_free_energy,scalar_gpr,RX-392,OCMCERHKUCOWRV-UHFFFAOYSA-N,FCC[O+]=[C-][O+]=[P-],train,false,4.988140762190596,4.901501172789175,0.35865826763989683,0.0866395894014218
rx392:d3705b2b21d0bbfb9f9f0bafb7060c64-C3F3H4O2P1-0-1,oxidation_free_energy,scalar_gpr,RX-392,OKNQBAOIRDCUQY-UHFFFAOYSA-N,FCC[O+]=[C-]OP(F)F,train,false,6.332916760213266,6.834303847921206,0.35765099991727284,0.5013870877079407
rx392:f4f2514ef548091fac10596c1eda0a83-C2F1H5-0-1,oxidation_free_energy,scalar_gpr,RX-392,UHCBBWUQDAVSMS-UHFFFAOYSA-N,CCF,train,false,8.450225317774311,8.73935191077343,0.36140171216020106,0.2891265929991178
rx392:a09bd161f99ef9c01b54cbaf4144cf38-C1F3N1S1-0-1,oxidation_free_energy,scalar_gpr,RX-392,AAXXOYNBIPBZCE-UHFFFAOYSA-N,N#SC(F)(F)F,train,false,7.3405007664368895,7.19494717701371,0.3577442200750117,0.1455535894231792
rx392:ef1e50212e5f9a09e73d506f901abefe-C2F3H2O3P1-0-1,oxidation_free_energy,scalar_gpr,RX-392,MVPLXAZBLZNPNR-UHFFFAOYSA-N,O=C=COP(O)(F)(F)F,test,true,6.088158690115961,6.405709761711425,0.3576353915352279,0.3175510715954646
rx392:d0493d190d4ed0e739eff2814ce28f04-C3F3O3P1-0-1,oxidation_free_energy,scalar_gpr,RX-392,RSUQQKAVYYYAMJ-UHFFFAOYSA-N,O=P(F)(F)O[C-]=[O+]C#CF,train,false,8.091307154434617,7.887869897797912,0.35840824697845786,0.20343725663670487
rx392:a636101b3bb07ae1a18cd2d58615cb6e-C3F3O3P1-0-1,oxidation_free_energy,scalar_gpr,RX-392,BXAOLLYWACCEFX-UHFFFAOYSA-N,O=C(OC#CF)OP(F)F,train,false,7.540458562147251,7.5118118945048895,0.35793846887170955,0.028646667642361123
rx392:e9f8d977a4573e522f78d01f77b71008-C6H8O5-0-1,oxidation_free_energy,scalar_gpr,RX-392,QQEXEEDMFFZXMX-DUXPYHPUSA-N,O=C(O)O/C=C/CC[O+]=[C-]O,train,false,6.5074603797002055,6.436433376507895,0.35763410430370585,0.07102700319231037
rx392:b0826e97321191f6134c4c990682c841-C6H8O5-0-1,oxidation_free_energy,scalar_gpr,RX-392,JTPAGSDUGREDNW-HNQUOIGGSA-N,O=C(O)OCC/C=C/[O+]=[C-]O,train,false,6.585125442015851,6.658902521855246,0.3576352865915125,0.07377707983939441
rx392:44303505daaf06af4bea6a6880b3e2c2-C6H8O5-0-1,oxidation_free_energy,scalar_gpr,RX-392,CPFDTFPNYBASJP-UHFFFAOYSA-N,O=C(O)[O+]=[C-]CCC[O+]=[C-]O,train,false,5.85931840392368,6.188327187129742,0.35765463670380465,0.32900878320606175
rx392:94a870ca0bb49bc0f28aeb34c846d3c7-C6H8O5-0-1,oxidation_free_energy,scalar_gpr,RX-392,PZYYRUSVWMSYNA-UHFFFAOYSA-N,O=C(O)O[CH-]CCCOC#[O+],train,false,3.8593846596231742,4.146410168788747,0.3614408082370771,0.2870255091655727
rx392:24623b2b2158cb018e8e05656da96a2c-C4F3H8O2P1-0-1,oxidation_free_energy,scalar_gpr,RX-392,IHMQIPQVQXSNCT-UHFFFAOYSA-N,[CH2-]COCCO[P+](F)(F)F,train,false,5.005286645966407,5.579319184397712,0.35784976417559783,0.5740325384313048
rx392:3709938b1042f5f0eb1e484350b5c440-C4F3H8O2P1-0-1,oxidation_free_energy,scalar_gpr,RX-392,OYKFCNJSJWCLQV-UHFFFAOYSA-N,FCCOCCOP(F)F,train,false,7.481141815660521,8.003545952092276,0.3586283206600568,0.5224041364317547
rx392:3e2da78536092d0bc73cd1fe2bb9d0ff-C1F2H3O2P1-0-1,oxidation_free_energy,scalar_gpr,RX-392,ZLTVJTLCEBCPRC-UHFFFAOYSA-N,COP(=O)(F)F,train,false,9.019673735856486,9.087452513679693,0.3639607157965065,0.06777877782320729
rx392:64cdd76288da4cd4db45a8d0965a4ed5-C3H6O1-0-1,oxidation_free_energy,scalar_gpr,RX-392,XXROGKLTLUQVRX-UHFFFAOYSA-N,C=CCO,train,false,6.799633608664408,6.824152802507904,0.3576496704109368,0.024519193843496545
rx392:311eef44ca0634a1e16023369a1c70c2-C4H4O2-0-1,oxidation_free_energy,scalar_gpr,RX-392,AAKAUACJZNKYNA-UHFFFAOYSA-N,OC=C=C=CO,test,true,5.343703792994347,5.166909807819854,0.35822314094681584,0.17679398517449307
rx392:da710964f960ef635c7831864c00f442-C4H4O2-0-1,oxidation_free_energy,scalar_gpr,RX-392,DELKMSIDPXIEDM-HNQUOIGGSA-N,[O-]C=[C+]/C=C/O,train,false,5.448789800730083,5.479208199908482,0.35791513143936976,0.030418399178398836
rx392:7b65e197ad50b0a93820790683e48728-C4H4O2-0-1,oxidation_free_energy,scalar_gpr,RX-392,QAPQYLWHUDXNHY-UHFFFAOYSA-N,O=CC#CCO,train,false,7.774485670868671,7.545980019867742,0.3579685672356917,0.2285056510009289
rx392:92c14b2e822aed7a5bc31503ee377483-C4H4O2-0-1,oxidation_free_energy,scalar_gpr,RX-392,FGWHKLZLKZTTJC-UHFFFAOYSA-N,[O+]#CC=[C-]CO,train,false,5.382270932544998,5.516711910886342,0.35788907811794046,0.1344409783413445
rx392:856604a3206396048f178fbbb8ab1528-C4H4O2-0-1,oxidation_free_energy,scalar_gpr,RX-392,ZQSNQCCHTLRBEJ-HNQUOIGGSA-N,OC#C/C=C/O,train,false,5.687702830973649,5.704871623366699,0.35778483298478153,0.01716879239305058
rx392:4da1ee5be66e0b0c393f512788564331-C4H4O2-0-1,oxidation_free_energy,scalar_gpr,RX-392,NLKDMABNKZYWOR-UHFFFAOYSA-N,O=C=C=CCO,train,false,6.264394931597053,6.059786577878238,0.35767539561936373,0.20460835371881547
rx392:0d1d75c8d49274281ec6e8b7b195b1bc-C4H4O2-0-1,oxidation_free_energy,scalar_gpr,RX-392,QLPLVBRHAUYLGI-HNQUOIGGSA-N,O=C=C/C=C/O,train,false,5.256132972983323,5.07322148689695,0.3583550500239618,0.18291148608637364
rx392:31d1fff2054652f7e691cbd6bfb0a6ff-C4H4O2-0-1,oxidation_free_energy,scalar_gpr,RX-392,XBSRXVZINSXPAK-UHFFFAOYSA-N,O=C=CCC=O,train,false,6.4120733230174665,6.177733304505734,0.3576560595147853,0.23434001851173214
rx392:9f23037fd8540b07909f70323d7c44b9-C4H4O2-0-1,oxidation_free_energy,scalar_gpr,RX-392,RNWVTGJNQBCHSH-UHFFFAOYSA-N,O[C-]=C=[C+]CO,train,false,5.7928056517903315,6.025667166424438,0.35768228915554046,0.23286151463410665
rx392:6abdcc8c67947b277e6af1d5ba146a5a-C4H4O2-0-1,oxidation_free_energy,scalar_gpr,RX-392,PHPQBNJFEJABAQ-UHFFFAOYSA-N,O=CCC#CO,train,false,6.842049494571256,6.6349208113201765,0.3576342280879777,0.2071286832510797
rx392:47f2766ce1d2c727d5c51407754daeef-C4H4O2-0-1,oxidation_free_energy,scalar_gpr,RX-392,VXSCYUIHNUFSOI-UHFFFAOYSA-N,O=CC[C+]=C[O-],train,false,6.24811129029149,6.384921660733081,0.35763645754693896,0.13681037044159083
rx392:80b7cbfe2da14e00b5dcef4df1173a5c-C4H4O2-0-1,oxidation_free_energy,scalar_gpr,RX-392,AANWVHZBSWQSNZ-UHFFFAOYSA-N,[O-]CC#C[CH+]O,train,false,5.019238686081735,4.731816433055322,0.35905184136605395,0.28742225302641344
rx392:bfbf9b8228dd679ef518da77c6157f11-C4H4O2-0-1,oxidation_free_energy,scalar_gpr,RX-392,RKIFFIQLHZSJEB-UHFFFAOYSA-N,O=CC=C=CO,train,false,6.52364786427097,6.340767962597391,0.3576392481190202,0.18287990167357915
rx392:5d40cb3799904b843bf0c9d322623522-C4H4O2-0-1,oxidation_free_energy,scalar_gpr,RX-392,JGEMYUOFGVHXKV-OWOJBTEDSA-N,O=C/C=C/C=O,train,false,7.94411102574486,7.624171791664956,0.3580457450193279,0.31993923407990366
rx392:ab108a5daf5a58582a32793c93fc8228-C4O2-0-1,oxidation_free_energy,scalar_gpr,RX-392,QIQCZROILFZKAT-UHFFFAOYSA-N,O=C=C=C=C=O,test,true,5.885496328492081,5.592942133791027,0.3578418598291,0.29255419470105437
rx392:de2b1338d888741b40170b6a510e5b55-F1O1P1-0-1,oxidation_free_energy,scalar_gpr,RX-392,WFAADKZBQQNDRX-UHFFFAOYSA-N,O=PF,train,false,9.024769171195658,8.5957939971538,0.36062286466480764,0.4289751740418577
rx392:5b20bf3c7fd6d56a8c2f86481fc4d61b-C2H3O2P1-0-1,oxidation_free_energy,scalar_gpr,RX-392,AYVCODLNKJXNFQ-UHFFFAOYSA-N,C=COP=O,train,false,6.818561931419026,7.035111417023085,0.35769043328148886,0.21654948560405884
rx392:08ad803d6147084d826c099a1075f02d-C1O1-0-1,oxidation_free_energy,scalar_gpr,RX-392,UGFAIRIUMAVXCW-UHFFFAOYSA-N,[C-]#[O+],test,true,11.048400070965272,10.227368393713423,0.3828665263143573,0.8210316772518489
rx392:9c565f3ebb570f6c48e634f8fcdc99fa-C2H4O2-0-1,oxidation_free_energy,scalar_gpr,RX-392,WGCNASOHLSPBMP-UHFFFAOYSA-N,O=CCO,train,false,7.184209797977928,7.0209077588579865,0.35768672103419774,0.1633020391199418
rx392:5e1ee1bacbb4cab2d267e1a2a09e9e44-C2H4O2-0-1,oxidation_free_energy,scalar_gpr,RX-392,JMCRDEBJJPRTPV-OWOJBTEDSA-N,O/C=C/O,test,true,5.561649436098378,5.466721299275162,0.35792424816145985,0.09492813682321621
rx392:445ae81f0abc0c33c164b93d6050d790-F3P1-0-1,oxidation_free_energy,scalar_gpr,RX-392,WKFBZNUBXWCCHG-UHFFFAOYSA-N,FP(F)F,train,false,8.432495215536619,8.554278751455467,0.36042314068142556,0.12178353591884772
rx392:af963087bf371c3036e9fa28886708b7-C2F1H1-0-1,oxidation_free_energy,scalar_gpr,RX-392,IAWCIZWLKMTPLL-UHFFFAOYSA-N,C#CF,train,false,8.068444667139374,7.668959777797368,0.35809556839960033,0.39948488934200643
rx392:3b55aecf679a1a6a6a02bde10bf2dc86-C4F1H7O1-0-1,oxidation_free_energy,scalar_gpr,RX-392,FPFVPEGEWVRCGK-UHFFFAOYSA-N,C=COCCF,train,false,6.255315142776453,6.126508058806527,0.35766364546777657,0.12880708396992624
rx392:67270c9a9113802536fa59895226efff-C4H8O1-0-1,oxidation_free_energy,scalar_gpr,RX-392,ZSPTYLOMNJNZNG-UHFFFAOYSA-N,C=CCCO,train,false,6.803166848543697,6.634556245849617,0.35763421384145244,0.16861060269407968
rx392:608a852d63f3b4f49956bae07e2b3f8c-O2-0-1,oxidation_free_energy,scalar_gpr,RX-392,MYMOFIZGZYHOMD-UHFFFAOYSA-N,O=O,train,false,8.073894365306842,7.9098053218844875,0.35844676141914006,0.1640890434223543
rx392:dd0f80fa049b9315dcc8619dcd456691-C1F1H2O2P1-0-1,oxidation_free_energy,scalar_gpr,RX-392,MAJMPRMKWNLKLB-RXMQYKEDSA-N,[CH-]=[O+][P@@](O)F,train,false,5.537465853394679,6.071216217050042,0.35767322426488274,0.5337503636553631
rx392:77f1b2b9ecd647aa592fe99eea6c12a7-C2F1H3-0-1,oxidation_free_energy,scalar_gpr,RX-392,UWUSHLGXEGIMLQ-UHFFFAOYSA-N,C[C-]=[F+],train,false,6.161504790039544,6.301386707173497,0.3576423505303576,0.1398819171339527
rx392:026d6508bf37cf251bb0523a14289794-C2F1H3-0-1,oxidation_free_energy,scalar_gpr,RX-392,XUCNUKMRBVNAPB-UHFFFAOYSA-N,C=CF,train,false,7.171937936046561,6.9385933113078435,0.3576681447104154,0.23334462473871742
rx392:e46dd34a11fd8764dd5df89a238cb0c1-C2H2O3-0-1,oxidation_free_energy,scalar_gpr,RX-392,GRUQTSNPKSBFCU-UHFFFAOYSA-N,[CH-]=[O+]C(=O)O,train,false,6.128538789142112,6.560768275577069,0.35763242806473755,0.43222948643495673
rx392:4fd4eca88b4746a85c49a2ec924ad076-C4F1H5O1-0-1,oxidation_free_energy,scalar_gpr,RX-392,KOTSEKBQFCVDHQ-UHFFFAOYSA-N,C=[C-]OCC=[F+],train,false,4.214146940568753,4.522980516026348,0.3596954807917789,0.30883357545759527
rx392:d51b2ba8b3abc455636b457aa8624881-C4F1H5O1-0-1,oxidation_free_energy,scalar_gpr,RX-392,DJNAECOKNXPLQG-UHFFFAOYSA-N,C=[C-][O+]=CCF,test,true,5.401968495963956,5.847573051848667,0.35772969614186073,0.44560455588471104
rx392:669d18218c5a65be4111e7e54cfabf4c-C4F1H5O1-0-1,oxidation_free_energy,scalar_gpr,RX-392,FQSFRNBGIOXIAL-UHFFFAOYSA-N,C=C[O+]=[C-]CF,train,false,6.012891770573333,6.151141655104772,0.35765984886461566,0.13824988453143927
rx392:ce9ba929822d1046826f4eb6a16e7d3d-C4F1H5O1-0-1,oxidation_free_energy,scalar_gpr,RX-392,JSZXJSAAUNIPPB-ONEGZZNKSA-N,C=CO/C=C/F,test,true,6.1221746236114996,6.219701776953257,0.35765070458961384,0.09752715334175743
rx392:4adee762bef56a023f7ba785e0ae3c78-C4F1H5O1-0-1,oxidation_free_energy,scalar_gpr,RX-392,YIFLLUFXHUBQLQ-UHFFFAOYSA-N,C#COCCF,train,false,6.972905814929618,6.696100781646518,0.35763741369694996,0.27680503328310024
rx392:ed5c6fe25b5000d0904487cc91430c03-C4F1H5O1-0-1,oxidation_free_energy,scalar_gpr,RX-392,GZXBZRDDNZNSPA-UHFFFAOYSA-N,[CH2-]COC=C=[F+],train,false,5.1629213604228426,5.298836252527472,0.35807092900663506,0.13591489210462981
rx392:d8690e8a904412eff5d3f72114c404fc-C4F1H5O1-0-1,oxidation_free_energy,scalar_gpr,RX-392,JSDDQFGOKCHKKY-UHFFFAOYSA-N,C=COC[C-]=[F+],test,true,6.534290901821805,6.670497354809611,0.3576358853630477,0.13620645298780598
rx392:d6dcd30d93f1e9b6f23abb71db2810c3-C3O3-0-1,oxidation_free_energy,scalar_gpr,RX-392,ZYFDSSUZPIREPW-UHFFFAOYSA-N,O=c1oc#co1,test,true,7.380913913693803,7.236804781789643,0.35776244891085646,0.14410913190415986
rx392:57311bbaca6db6c4aea47d0a657dca1d-C2F1H3O1-0-1,oxidation_free_energy,scalar_gpr,RX-392,OUJKXJCTKVAHMW-UHFFFAOYSA-N,C=C(O)F,test,true,6.547121705410063,6.337545940883196,0.35763948003022356,0.20957576452686766
rx392:34762e4f0a628856a19d3d0cfc263fe9-C2F1H3O1-0-1,oxidation_free_energy,scalar_gpr,RX-392,FQHQFKKLNBWDFN-UHFFFAOYSA-N,OC[C-]=[F+],test,true,6.432280357767922,6.5297412226495455,0.35763230855070866,0.09746086488162309
rx392:9a4435a9c40da4fefd8f636d2ac3cf88-C1F2S1-0-1,oxidation_free_energy,scalar_gpr,RX-392,FOCAHLGSDWHSAH-UHFFFAOYSA-N,FC(F)=S,train,false,7.854696352358587,7.503227497517827,0.35793123332968135,0.3514688548407605
rx392:9595d8fa8e1dcddb5105d12f20ebe40f-C3O2-0-1,oxidation_free_energy,scalar_gpr,RX-392,FLTLJXSVXKNUEG-UHFFFAOYSA-N,[C-]#COC#[O+],train,false,7.465793281540755,7.128959668162624,0.3577191650330826,0.3368336133781309
rx392:ca59b15f7aefab2d49c8c11b6615c290-C1F2-0-1,oxidation_free_energy,scalar_gpr,RX-392,LTVOKYUPTHZZQH-UHFFFAOYSA-N,F[C-]=[F+],train,false,8.216168986312368,8.330211819359556,0.3595184097162265,0.1140428330471881
rx392:2a388c1f9dc62f9fbac9a6c21f953731-C2F2H2-0-1,oxidation_free_energy,scalar_gpr,RX-392,WFLOTYSKFUPZQB-OWOJBTEDSA-N,F/C=C/F,test,true,6.97821700143686,6.855597044341926,0.35765397494237217,0.12261995709493423
rx392:f63f9c835239d71494f5de95b4f84e70-C2F1O1P1-0-1,oxidation_free_energy,scalar_gpr,RX-392,ABNPZFCPRKJGHG-UHFFFAOYSA-N,[C+]#CO[P-]F,train,false,6.90886307814435,6.619487946991226,0.35763367262338547,0.28937513115312363
rx392:089df419ed7c91b59ca2d4fe026c3661-C3H2-0-1,oxidation_free_energy,scalar_gpr,RX-392,LPUFMQSFYARLPQ-UHFFFAOYSA-N,[C-]#C[CH2+],train,false,7.508302316572099,7.09971326102644,0.35770939045677325,0.40858905554565883
rx392:77eafc00794f25345e928a654ce7021d-C3H2-0-1,oxidation_free_energy,scalar_gpr,RX-392,OUSWHEMIRJJMAW-UHFFFAOYSA-N,[CH+]=C=[CH-],train,false,5.8613959266576785,5.897954090777449,0.3577141481118865,0.03655816411977053
rx392:dfc867f60c83e93a4dd1f5eb6394c536-C3H2-0-1,oxidation_free_energy,scalar_gpr,RX-392,VVLPCWSYZYKZKR-UHFFFAOYSA-N,C1=CC=1,test,true,6.551780970890832,6.299416937119228,0.35764252116096457,0.2523640337716033
rx392:f042ce2a042dbb48b9d20bb0ad59c396-C4O1-0-1,oxidation_free_energy,scalar_gpr,RX-392,CDVSZGXKZFCJCX-UHFFFAOYSA-N,[C+]#CC#C[O-],train,false,6.822904484761239,6.47865630630361,0.35763289584079494,0.34424817845762856
rx392:d9535e0927b4e45ca0362a0e9da2f8c5-C1O2-0-1,oxidation_free_energy,scalar_gpr,RX-392,CURLTUGMZLYLDI-UHFFFAOYSA-N,O=C=O,test,true,11.060806802402112,10.370586835213972,0.386893701163525,0.6902199671881402
rx392:717bb68f76a95d83f831725af11d12bf-C4H4O1-0-1,oxidation_free_energy,scalar_gpr,RX-392,XGIVOKYSENAIBM-UHFFFAOYSA-N,C=CC=C=O,train,false,5.815466866841234,5.557899864502964,0.35786265125862693,0.2575670023382699
rx392:0a385519fdb46414e6b03aee5f5046b6-C4H4O1-0-1,oxidation_free_energy,scalar_gpr,RX-392,WTHYFEKXKDCABL-UHFFFAOYSA-N,OCC1=C=C1,train,false,6.452087015440156,6.232474345151074,0.3576492217460675,0.2196126702890826
rx392:df614fd2c582a561f8265c9a763f8029-C4H4O1-0-1,oxidation_free_energy,scalar_gpr,RX-392,LTEGMYHYMQASQH-ONEGZZNKSA-N,C#C/C=C/O,train,false,7.739689263778018,5.859105831726722,0.3577259729524932,1.8805834320512966
rx392:34d21e66568aa8000fea1118e704ad8c-C4H4O1-0-1,oxidation_free_energy,scalar_gpr,RX-392,YPNHTQKSEBTVTA-UHFFFAOYSA-N,[CH+]=C=[C-]CO,train,false,5.57124755012137,5.71754805381472,0.35777919635894784,0.14630050369334935
rx392:d404b61e927388aef6c12bd8b0a5f193-C4H4O1-0-1,oxidation_free_energy,scalar_gpr,RX-392,GROQXUVMFYCDCH-UHFFFAOYSA-N,[C-]#C[CH+]CO,train,false,7.386246688571191,7.019311292671887,0.35768631356658154,0.36693539589930424
rx392:96f0ebf9f78c01889f1767da151819ef-C4H4O1-0-1,oxidation_free_energy,scalar_gpr,RX-392,KYTQITOHJJHPDS-UHFFFAOYSA-N,C=C[C+]=C[O-],test,true,5.810532649292327,5.851598283175206,0.35772838527670936,0.041065633882879204
rx392:86246cda987d79bef420a20538b9f58d-C4H4O1-0-1,oxidation_free_energy,scalar_gpr,RX-392,OYBQILSQCOWJHL-UHFFFAOYSA-N,C=C=CC=O,train,false,7.15958172349292,7.263937839925007,0.35777531172109084,0.1043561164320872
rx392:fa23fdb99d7369ef92fae66db79c9646-C4H4O1-0-1,oxidation_free_energy,scalar_gpr,RX-392,CBANTOIXIJQPFT-UHFFFAOYSA-N,C=[C+]C=[C-]O,train,false,5.5660003500315725,5.7320565525484835,0.3577729341107725,0.166056202516911
rx392:9eb2988bd2c4c29bc331257730678f58-C4H4O1-0-1,oxidation_free_energy,scalar_gpr,RX-392,DITVRNREGUJROD-UHFFFAOYSA-N,C=CC#CO,train,false,6.271286773190695,5.9824974067365275,0.35769194059578086,0.28878936645416786
rx392:8f762fee749beeeae9284d231a27fa81-C4H4O1-0-1,oxidation_free_energy,scalar_gpr,RX-392,CGMKCLKVASCLPD-UHFFFAOYSA-N,[O-]C[c+]1cc1,train,false,4.947135674697165,4.6496397856597165,0.359282119462579,0.2974958890374486
rx392:3cb51328ce5a796a981172e6c49047d2-C4H4O1-0-1,oxidation_free_energy,scalar_gpr,RX-392,OGQNOIVDVXRWRE-UHFFFAOYSA-N,C#CCC=O,train,false,7.444235069800925,7.131803781396215,0.3577201575495629,0.31243128840471
rx392:c9378c2b3015c8ea86777ab68e160976-C4H4O1-0-1,oxidation_free_energy,scalar_gpr,RX-392,MVKDNEGFXJWGSU-UHFFFAOYSA-N,C=C=C=CO,train,false,5.866575593664493,5.6306854486212545,0.3578210986725206,0.23589014504323824
rx392:dad684072d722bc093205e405a3ba53e-C2H3O1P1-0-1,oxidation_free_energy,scalar_gpr,RX-392,NOHDQPINCFUWAH-UHFFFAOYSA-N,C1=POC1,train,false,6.326841841337227,6.087568324692947,0.357670234067451,0.2392735166442801
rx392:77c664eeb5278406e50f4110656abf11-C2H3O1P1-0-1,oxidation_free_energy,scalar_gpr,RX-392,QEMVZEKDXHHVTD-UHFFFAOYSA-N,C=C[O+]=[P-],train,false,4.960994793673308,4.682839513042146,0.35918570268035094,0.2781552806311618
rx392:7b49e2b8308c6aca4cea6ad206841e70-C3H6O3-0-1,oxidation_free_energy,scalar_gpr,RX-392,IEJIGPNLZYLLBP-UHFFFAOYSA-N,COC(=O)OC,train,false,8.241527748043154,8.41739091287146,0.359837704656534,0.17586316482830533
rx392:e6fda78e26bde59f3f7b9dd469251c75-C2H2-0-1,oxidation_free_energy,scalar_gpr,RX-392,HSFWRNGVRCDJHI-UHFFFAOYSA-N,C#C,train,false,8.19336728786584,7.70758477565892,0.35814208140111436,0.4857825122069199
rx392:b70818472fa2a9ce7a9445f51da53842-C4H4-0-1,oxidation_free_energy,scalar_gpr,RX-392,WXBUKAPYXQZTGS-UHFFFAOYSA-N,[CH-]=C[C+]=C,train,false,5.248591228415535,5.399852629401823,0.35797707097758885,0.15126140098628849
rx392:352c093fd23cdc6610076725c4186609-C4H4-0-1,oxidation_free_energy,scalar_gpr,RX-392,WFYPICNXBKQZGB-UHFFFAOYSA-N,C#CC=C,train,false,6.8289677072880295,6.49979517983254,0.3576325357843723,0.32917252745548975
rx392:d8dd086cad717e230689723ea8f4d600-C2H4O1-0-1,oxidation_free_energy,scalar_gpr,RX-392,QJVFBSULGFNYKF-UHFFFAOYSA-N,[CH-]=[O+]C,train,false,5.684798859775583,5.8065205230288095,0.3577437846619962,0.12172166325322653
rx392:17a19cea6a7365e56c7fb753dc613eed-C2H4O1-0-1,oxidation_free_energy,scalar_gpr,RX-392,ALPNRGFNSBABCF-UHFFFAOYSA-N,C=[O+][CH2-],test,true,4.537693480649068,4.164870556274744,0.36133413700573525,0.37282292437432396
rx392:f42321c652bedf6fd652e9b0129f9b90-C2H4O1-0-1,oxidation_free_energy,scalar_gpr,RX-392,IMROMDMJAWUWLK-UHFFFAOYSA-N,C=CO,train,false,6.376889193097668,6.154429680743514,0.3576593631628427,0.2224595123541535
rx392:7019b6e9d5861ab98b5afd52b3e6b2b4-O2S1-0-1,oxidation_free_energy,scalar_gpr,RX-392,RAHZWNYVWXNFOC-UHFFFAOYSA-N,O=S=O,train,false,9.9658252457466,9.42901290851221,0.3676427740885617,0.5368123372343909
rx392:eea5abe87924b73848bbbdd330660e88-C2H4O1-0-1,oxidation_free_energy,scalar_gpr,RX-392,IKHGUXGNUITLKF-UHFFFAOYSA-N,CC=O,train,false,7.340443421191594,6.9018926152449875,0.3576613534602598,0.43855080594660656
rx392:600ebb07b249b7cbfca57c3d9db067aa-C3F1H5O1-0-1,oxidation_free_energy,scalar_gpr,RX-392,LHYAEMPPNIXGCD-UHFFFAOYSA-N,[CH2-][O+]=CCF,test,true,4.716237982544044,4.54418454322412,0.35962099526576397,0.17205343931992356
rx392:2c460dabb27022713f6ef673942553fb-C3F1H5O1-0-1,oxidation_free_energy,scalar_gpr,RX-392,BJZRZNNVMYEWTG-UHFFFAOYSA-N,[CH-]=[O+]CCF,train,false,5.758220229498875,5.925368018463129,0.35770643860077755,0.16714778896425475
rx392:2a7038045e0ffe3518968f79bd496cbd-C2O1-0-1,oxidation_free_energy,scalar_gpr,RX-392,WPPUQEJWLSCIER-UHFFFAOYSA-N,C1#CO1,train,false,8.40664559835841,8.037550943822255,0.3587014094965021,0.36909465453615375
rx392:6526f866a7fadcec9362735ba14ceaec-C2O1-0-1,oxidation_free_energy,scalar_gpr,RX-392,VILAVOFMIJHSJA-UHFFFAOYSA-N,[C+]#C[O-],train,false,7.245821334113316,7.067239969185849,0.35769942459639376,0.17858136492746723
rx392:8d3efaa4d851690620e0b9623f321f49-C2H2O2-0-1,oxidation_free_energy,scalar_gpr,RX-392,ZUQAPLKKNAQJAU-UHFFFAOYSA-N,OC#CO,train,false,6.4562586198990175,6.647707836697049,0.35763476257089416,0.1914492167980315
rx392:bdff71708378e53bec98bbb3fe4eb1ba-C2H2O2-0-1,oxidation_free_energy,scalar_gpr,RX-392,WVKOKNQPFFEMSR-UHFFFAOYSA-N,O=C=CO,train,false,5.894685967724399,6.145006545612473,0.3576607682754561,0.2503205778880737
rx392:63769b47845d3137f387e3f82470c1c1-C2H2O2-0-1,oxidation_free_energy,scalar_gpr,RX-392,LVHRYALDLLEVEI-UHFFFAOYSA-N,[O-]C=[C+]O,train,false,6.382438307478878,6.335573017116083,0.35763962394931764,0.04686529036279552
rx392:94475f73a1d56a2569e9bd20f87fcce9-C2H2O2-0-1,oxidation_free_energy,scalar_gpr,RX-392,LEQAOMBKQFMDFZ-UHFFFAOYSA-N,O=CC=O,train,false,7.276859224430154,7.3343291527389916,0.3578128350993013,0.057469928308837126
rx392:ec16263886edf512f85f2220e95c56fc-F1N1S1-0-1,oxidation_free_energy,scalar_gpr,RX-392,IMFUYZDKLVTPSW-UHFFFAOYSA-N,N#SF,test,true,8.94859526604887,8.646554127445718,0.36088215943884433,0.3020411386031512
rx392:79062cdbb9ba23fa8889e4308470481e-C1H3O1P1-0-1,oxidation_free_energy,scalar_gpr,RX-392,GHKHMOXIOVURDV-UHFFFAOYSA-N,C[O+]=[P-],train,false,4.821221795453312,4.541718617731685,0.3596295441294434,0.2795031777216268
rx392:d27d50d59db302f5c59659367756f95b-C3H4O2-0-1,oxidation_free_energy,scalar_gpr,RX-392,LSERFZTYQJGIIQ-UHFFFAOYSA-N,[CH-]=[O+][C-]=[O+]C,train,false,6.816232272371053,6.245429416107717,0.35764778587823237,0.5708028562633363
rx392:34bc207638fea54ddec67f0dba000f16-C3H4O2-0-1,oxidation_free_energy,scalar_gpr,RX-392,VMMCEBXMWYYEPC-UHFFFAOYSA-N,[CH2-][O+]=C=[O+][CH2-],train,false,4.02780062506281,3.8899068588689434,0.3631967141547912,0.13789376619386617
rx392:1910c66317a43ac1a84f43717dbf0ae5-C3H4O2-0-1,oxidation_free_energy,scalar_gpr,RX-392,JTNLWJFHWILBSI-UHFFFAOYSA-N,C=C[O+]=[C-]O,train,false,6.913386763777453,6.698595010127949,0.35763757802181756,0.21479175364950365
rx392:2fa911ba20075e558feaaeba5f735f06-C3H4O2-0-1,oxidation_free_energy,scalar_gpr,RX-392,IGDWZJVLDCGUOP-UHFFFAOYSA-N,[CH-]=[O+]CC=O,test,true,5.9157183285169594,6.037762491209904,0.35767977351155367,0.12204416269294427
rx392:97bf22fefb34db5d1e8c2c68182b5b54-C3F1H3O2-0-1,oxidation_free_energy,scalar_gpr,RX-392,QAASNXVFZQIXDD-UWTATZPHSA-N,O=C1OC[C@H]1F,train,false,8.019643844441816,8.058362404901837,0.35874815442104796,0.03871856046002087
rx392:4cecb3d23331364b36306d3854c4138e-C3F1H3O2-0-1,oxidation_free_energy,scalar_gpr,RX-392,KTKPMYNFYLRXHC-REOHCLBHSA-N,O=C1C[C@@H](F)O1,test,true,8.402513605895365,8.124080886915166,0.3589062908378255,0.2784327189801985
rx392:d9b4ba38c9c0d3ff7f6d54d228e9e566-C3F1H3O2-0-1,oxidation_free_energy,scalar_gpr,RX-392,PDBVVFPFLGGBJC-GSVOUGTGSA-N,F[C@H]1C[O+]=[C-]O1,train,false,6.99820132768582,7.096095868811366,0.35770823499721294,0.0978945411255463
rx392:a7edd3047d627321616f873cc83d2e5e-O1S1-0-1,oxidation_free_energy,scalar_gpr,RX-392,XTQHKBHJIVJGKJ-UHFFFAOYSA-N,O=S,train,false,6.769303277496874,6.385186256315602,0.3576364429864203,0.38411702118127256
rx392:53eb1fdbc1f2979b1e1d4130d5ba5230-C1H1O3P1-0-1,oxidation_free_energy,scalar_gpr,RX-392,GFKOZOLWKBKQSO-UHFFFAOYSA-N,[CH+]=[O+]P([O-])[O-],train,false,6.649163540860172,6.950373389507137,0.35767051129976285,0.3012098486469643
rx392:bbcc38cf2eedd48ebaf4305ecfb486f1-C2F1H4O1P1-0-1,oxidation_free_energy,scalar_gpr,RX-392,JCWRFJCNMTWLPK-UHFFFAOYSA-N,FCC[O+]=[P-],train,false,4.732776220513188,4.586753090127614,0.3594780202838696,0.1460231303855739
rx392:f7f9133d8a497a106aa41c1b52ac672a-C3H2O3-0-1,oxidation_free_energy,scalar_gpr,RX-392,OIRKEYBSXAKFEG-UHFFFAOYSA-N,C#COC(=O)O,train,false,7.5512081238503015,7.409307862475996,0.3578600621327127,0.1419002613743059
rx392:3fb941d50a3516ed67ee46f8c3734696-C3H2O3-0-1,oxidation_free_energy,scalar_gpr,RX-392,DZAVROKYUKLHKI-UHFFFAOYSA-N,O[C-]=[O+][C+]=CO,train,false,7.3318847851460305,6.5519077551597675,0.35763235666995746,0.779977029986263
rx392:a98427e6929735cbbf7041ad27c4e789-C3H2O3-0-1,oxidation_free_energy,scalar_gpr,RX-392,IIXJQSDWIGLBMK-UHFFFAOYSA-N,O=C=C[O+]=[C-]O,train,false,6.390670714165026,6.315165367272189,0.357641198377617,0.07550534689283683
rx392:aea0bce2cd3fef5c37faf048e72009db-C3H2O3-0-1,oxidation_free_energy,scalar_gpr,RX-392,YJHQIFYRQAFGQT-UHFFFAOYSA-N,OC#C[O+]=[C-]O,test,true,6.794607624016862,7.09774254839375,0.35770875954189146,0.30313492437688794
rx392:755fd53074b2ce97f914e86d67868f47-C3H2O3-0-1,oxidation_free_energy,scalar_gpr,RX-392,VAYTZRYEBVHVLE-UHFFFAOYSA-N,O=c1occo1,test,true,6.958654197758733,6.804433666373598,0.35764724688947175,0.15422053138513547
rx392:b2dca69accb554b099a6457183c3d020-C4H2O1-0-1,oxidation_free_energy,scalar_gpr,RX-392,PNUPOTHXVFOIPH-UHFFFAOYSA-N,C#CC=C=O,test,true,6.36532945262843,6.050358739268162,0.35767723805519824,0.3149707133602675
rx392:9656e50e43ddda7361eaee69d531f655-C4H2O1-0-1,oxidation_free_energy,scalar_gpr,RX-392,MPWMGYWYHDNMBY-UHFFFAOYSA-N,[C+]#CC=C[O-],test,true,7.660781644864983,7.389521247427974,0.35784682117362254,0.27126039743700847
rx392:d8085953de6741ce68ab26767ff39bd6-C4H2O1-0-1,oxidation_free_energy,scalar_gpr,RX-392,DCCHGIXMZZZONN-UHFFFAOYSA-N,[C-]#CCC#[O+],test,true,6.64400445425963,6.327710615126784,0.35764021196952783,0.3162938391328458
rx392:139f2b49c8be376cb14db500a3762e95-C4H2O1-0-1,oxidation_free_energy,scalar_gpr,RX-392,HLFJXKFMBIFMJS-UHFFFAOYSA-N,[C-]#C[C+]=CO,train,false,6.4794632192479185,6.232554091894372,0.3576492126979977,0.24690912735354686
rx392:d2742e8c94dac6d9f0a981b01592faa6-C4H2O1-0-1,oxidation_free_energy,scalar_gpr,RX-392,LKBNOWKSKAWTFX-UHFFFAOYSA-N,C#CC#CO,train,false,6.814799118886185,6.49162849605746,0.3576326554079138,0.3231706228287248
rx392:2059a08bead111d2aaa444ef43111fac-C4H2O1-0-1,oxidation_free_energy,scalar_gpr,RX-392,MUDCFAXVUHCJJF-UHFFFAOYSA-N,O=CC1=C=C1,train,false,6.832817073965998,6.610938199429056,0.35763340651365283,0.22187887453694177
rx392:7a3b1b8b453a89b7f1eece28e766a0f7-C4H2O1-0-1,oxidation_free_energy,scalar_gpr,RX-392,SNSRHYGVROTZIT-UHFFFAOYSA-N,[C-]#CC=[C+]O,train,false,6.56906616730339,6.214566513498312,0.35765131980208104,0.3544996538050782
rx392:e9f04108db37fc1f8d7f364fe7f54591-C3F1H3O1-0-1,oxidation_free_energy,scalar_gpr,RX-392,ZAOLUEKKEAPLGC-VKHMYHEASA-N,F[C@@H]1C[C-]=[O+]1,train,false,6.167537845680272,6.260943366005842,0.3576461553818693,0.09340552032556992
rx392:05a3eea09be53c21b3993fb3211c85f0-C3F1H3O1-0-1,oxidation_free_energy,scalar_gpr,RX-392,CHGZFHWILYWLLL-GSVOUGTGSA-N,F[C@H]1[C-]=[O+]C1,test,true,6.270595558201421,6.2586579119644155,0.3576463895444654,0.011937646237005772
rx392:0913732cc5892b35a63c9dc59f58c51e-C3F1H3O1-0-1,oxidation_free_energy,scalar_gpr,RX-392,KXDSHNIRPKBDIW-UHFFFAOYSA-N,[CH2-]OC=C=[F+],test,true,5.337054362168601,5.437165345021681,0.35794674562816314,0.10011098285307973
rx392:8bd924e490bcfea65e8b756b1bfb8893-C3F1H3O1-0-1,oxidation_free_energy,scalar_gpr,RX-392,XXEXRXKCJYEXJC-UHFFFAOYSA-N,[CH2-][O+]=C=CF,train,false,5.9417241284618285,5.988679494578666,0.35769049214553056,0.046955366116837816
rx392:bf61d7471859b3b633d42da39968ff3c-C3F1H3O1-0-1,oxidation_free_energy,scalar_gpr,RX-392,UFFXTCAXVUKPBT-NSCUHMNNSA-N,[CH-]=[O+]/C=C/F,test,true,5.965995780013145,6.090059251850404,0.3576697903902334,0.12406347183725863
rx392:4221dfc057671ef0d5fb5d0f87b67d55-C3F1H3O1-0-1,oxidation_free_energy,scalar_gpr,RX-392,AYWOXVSVGIDGKF-UHFFFAOYSA-N,[CH-]=[O+]C[C-]=[F+],train,false,5.888508728388842,6.044436619098865,0.35767841948934215,0.15592789071002233
rx392:e55a6daf043edfbcdbbc4f7947bbfc71-C3F1H1O2-0-1,oxidation_free_energy,scalar_gpr,RX-392,SVMAUGPTISPORA-UHFFFAOYSA-N,Fc1c[o+][c-]o1,train,false,7.557028363795325,7.395449470673987,0.35785072781719757,0.16157889312133822
rx392:bf3aa5108a56a034a6a68caac2498f35-C2F1H1O1-0-1,oxidation_free_energy,scalar_gpr,RX-392,FFOWAQICHGFLEL-UHFFFAOYSA-N,OC#CF,train,false,7.143028060741926,6.891539732948205,0.3576595915418258,0.2514883277937212
rx392:843e4de28f492c3f0d835bce97aebc3d-C2F1H1O1-0-1,oxidation_free_energy,scalar_gpr,RX-392,HNTCBGXYMDSKEY-UHFFFAOYSA-N,O=C=CF,train,false,6.546199944573345,6.356884885567625,0.35763814606162864,0.18931505900572
rx392:56b04dd4e0a7a8cfed5d4fa60cf10b48-C2F1H1O1-0-1,oxidation_free_energy,scalar_gpr,RX-392,LADGZKCRZCUWIO-UHFFFAOYSA-N,[O-]C=C=[F+],train,false,6.837133066527713,6.811561888693528,0.3576480990206629,0.025571177834184944
rx392:b32f0759f4878403f30f5df678ffb3c8-C1F2O1S1-0-1,oxidation_free_energy,scalar_gpr,RX-392,WDZXEXFTGXQKCI-UHFFFAOYSA-N,O=S=C(F)F,train,false,7.111922830539697,6.984342203496564,0.357677869396144,0.127580627043133
rx392:146f12ef9aa432ac39565855810d1f38-C2H1O1P1-0-1,oxidation_free_energy,scalar_gpr,RX-392,UHWXAQLTXLZBDY-UHFFFAOYSA-N,C#C[O+]=[P-],test,true,5.477531112950601,5.150564719058587,0.35824463106214294,0.32696639389201376
rx392:329b3fd8697ce440ea6c1628cc6df9f5-F1O2P1-0-1,oxidation_free_energy,scalar_gpr,RX-392,CCFKWUMXBUQERQ-UHFFFAOYSA-N,O=P(=O)F,train,false,10.124697766797908,9.782868934854015,0.37305793195966613,0.3418288319438929
rx392:2352bf3b4f33dabe6b7671295b2673e0-C3H2O2-0-1,oxidation_free_energy,scalar_gpr,RX-392,UQROQIDUTGICFH-UHFFFAOYSA-N,[c-]1occ[o+]1,train,false,7.326763407700128,7.371940977279213,0.35783553404220414,0.04517756957908503
rx392:4e8e6684a74c3c851aeb4c27c1fcdc02-C3H2O2-0-1,oxidation_free_energy,scalar_gpr,RX-392,OYKRIXBTRIQKFX-UHFFFAOYSA-N,[O-]C1=[C+]CO1,train,false,7.159645211099814,7.0225197529580985,0.3576871344556855,0.13712545814171584
rx392:ef12501202de07379d9caeb7f220686f-C3H2O2-0-1,oxidation_free_energy,scalar_gpr,RX-392,PJCDYOZPTHSALQ-UHFFFAOYSA-N,[C-]1=[O+][C-]=[O+]C1,train,false,7.590421892483391,6.915122164059041,0.3576637020889371,0.67529972842435
rx392:406cafacf48a7628d38d8e46cd783d02-C3H2O2-0-1,oxidation_free_energy,scalar_gpr,RX-392,OVQPWBHZHCKJFN-UHFFFAOYSA-N,C#C[O+]=[C-]O,train,false,7.460523422742881,7.265965595552627,0.3577763074184865,0.19455782719025372
rx392:384a6b808777c69145ddc061e67fe943-C3O1-0-1,oxidation_free_energy,scalar_gpr,RX-392,ZCNKODXATWVMAO-UHFFFAOYSA-N,[C-]#CC#[O+],train,false,8.35183868342665,7.945082523401072,0.35851178331147376,0.40675616002557735
rx392:08ef2921ab10dd418b8f53a57643fb2b-F1P1-0-1,oxidation_free_energy,scalar_gpr,RX-392,QUQSORXWLOUIIW-UHFFFAOYSA-N,[F+]=[P-],train,false,5.34779283910575,5.005506080300615,0.35846444996398996,0.3422867588051357
rx392:941475dc3544b6163fb267e6867610f8-C3H2O1-0-1,oxidation_free_energy,scalar_gpr,RX-392,SDWMQFNKBVOBFS-UHFFFAOYSA-N,[CH+]=C=[C-]O,train,false,5.995381457752046,6.1697614867857835,0.35765716251652707,0.1743800290337374
rx392:884aff4253be4381e697c7aef229d7ae-C3H2O1-0-1,oxidation_free_energy,scalar_gpr,RX-392,OSFFAALSRLBVRK-UHFFFAOYSA-N,[C-]#C[CH+]O,train,false,7.587947895150137,7.220692306273287,0.35775520579269304,0.3672555888768496
rx392:05fe1f5c4725fa3ac6722ce4e0dc8f15-C3H2O1-0-1,oxidation_free_energy,scalar_gpr,RX-392,IJNJLGFTSIAHEA-UHFFFAOYSA-N,C#CC=O,train,false,8.011965736234743,7.59548125729786,0.3580160292398875,0.4164844789368827
rx392:7bbf85d99fbcb4130be624a18fc2aa44-C4H2O2-0-1,oxidation_free_energy,scalar_gpr,RX-392,ZLAYGKUULCENFX-UHFFFAOYSA-N,O=C=C=CC=O,train,false,6.650477456001681,6.469249755740353,0.35763310875706456,0.18122770026132784
rx392:3d802a4ed9f29b3eeb3c489e4fdda6be-C4H2O2-0-1,oxidation_free_energy,scalar_gpr,RX-392,IBHMKHMMZPPEQT-UHFFFAOYSA-N,O=C=CC=C=O,test,true,5.43970502099728,5.213622341892776,0.3581650511275197,0.22608267910450408
rx392:28030bd04c51e99bdb3a11371ad239cc-C4H2O2-0-1,oxidation_free_energy,scalar_gpr,RX-392,LAROZPSQWDTWCT-UHFFFAOYSA-N,O=C=C=C=CO,train,false,5.546610012301244,5.318254300933883,0.35805147133963816,0.2283557113673611
rx392:ed2a7363213ac7d8965225b0d1ff7f2b-C4H2O2-0-1,oxidation_free_energy,scalar_gpr,RX-392,AHOXMZNKCDMIRQ-UHFFFAOYSA-N,O=C=CC#CO,train,false,5.897981837561019,5.872230410940847,0.357721856217841,0.0257514266201726
rx392:eedfc00910bba3c84e88b6b1a210d287-C4H2O2-0-1,oxidation_free_energy,scalar_gpr,RX-392,RDGLIZKUUULFSM-UHFFFAOYSA-N,O=C[C+]=C=[C-]O,train,false,6.196199957406861,6.335834624519976,0.35763960478222034,0.139634667113115
rx392:356c6dcd546ab5a579cd9116b6def069-C4H2O2-0-1,oxidation_free_energy,scalar_gpr,RX-392,KBEJGLIHVKPYOS-UHFFFAOYSA-N,O=C=[C+]C=[C-]O,train,false,6.07740229938463,6.003673404523482,0.35768707236905106,0.07372889486114786
rx392:ce74317914cb1a834da31fbbe5722320-C4H2O2-0-1,oxidation_free_energy,scalar_gpr,RX-392,GERYVQDMLQDEAU-UHFFFAOYSA-N,[O+]#CC=C=C[O-],test,true,5.916419898743698,5.902406038223495,0.3577128613050674,0.014013860520202925
rx392:3c9b68f5d8dd01a6ba62671d2261c12d-C4H2O2-0-1,oxidation_free_energy,scalar_gpr,RX-392,AZEBXWRLBFPUTO-UHFFFAOYSA-N,O=CC#CC=O,train,false,8.16599536090871,8.369690326406126,0.3596581567195239,0.20369496549741584
rx392:ae8eef2114f08f7925237c23134866fa-F1N1S2-0-1,oxidation_free_energy,scalar_gpr,RX-392,LVGRAYFPKDSCNT-UHFFFAOYSA-N,FSN=S,test,true,6.2503696684289025,6.097214063160423,0.35766853313836844,0.1531556052684797
rx392:160d885d28576d91e274f1defce0c389-C1H3O2P1-0-1,oxidation_free_energy,scalar_gpr,RX-392,XKCQASMZNPBLKI-UHFFFAOYSA-N,COP=O,test,true,8.007200319312687,7.689695138350154,0.35812011755524403,0.31750518096253355
rx392:1c3f5eecc1fb05d7cb13d87345a2cdc6-C1F1H1-0-1,oxidation_free_energy,scalar_gpr,RX-392,YUCFVHQCAFKDQG-UHFFFAOYSA-N,[CH-]=[F+],train,false,6.694451577001473,6.712002743775182,0.35763850921761425,0.017551166773708715
rx392:04373f67ba12209dc4cb674e15e966cb-C4H6O1-0-1,oxidation_free_energy,scalar_gpr,RX-392,NCFPZDYBQKIZMD-UHFFFAOYSA-N,[CH2+]C=[C-]CO,train,false,5.330770061013936,5.429140557216028,0.35795308287589217,0.09837049620209193
rx392:45ec2f77e11a813fd074c55af028ffad-C4H6O1-0-1,oxidation_free_energy,scalar_gpr,RX-392,IWJMQXOBCQTQCF-UHFFFAOYSA-N,C=CCC=O,train,false,6.919804356084569,6.804893233229942,0.3576473010192079,0.11491112285462712
rx392:3b00e16ecf8c4c7ae66cefedc1ec0eb2-C4H6O1-0-1,oxidation_free_energy,scalar_gpr,RX-392,QYKIQEUNHZKYBP-UHFFFAOYSA-N,C=COC=C,train,false,6.258081257001322,5.885956372679191,0.3577176847725208,0.3721248843221314
rx392:d925982cbfe76b9f0a3f5c5c5b67723c-C4H6O1-0-1,oxidation_free_energy,scalar_gpr,RX-392,LNDKRVOOYMEYTC-ONEGZZNKSA-N,C=C/C=C/O,train,false,5.6436475919654185,5.420312027335623,0.35796017057376545,0.22333556462979587
rx392:d02791f154fc6140f1633530b3922ba3-C4H6O1-0-1,oxidation_free_energy,scalar_gpr,RX-392,JXKCVRNKAPHWJG-UHFFFAOYSA-N,C=C=CCO,train,false,6.620701958735481,6.706254822879686,0.3576381000802008,0.08555286414420493
rx392:27b95b5385bfb3ad0a3841da7f6712d8-C4H6O1-0-1,oxidation_free_energy,scalar_gpr,RX-392,OTJZCIYGRUNXTP-UHFFFAOYSA-N,C#CCCO,train,false,7.480450645439305,7.1854956174463975,0.3577403631075539,0.2949550279929074
rx392:a59b346cd7beb352d5b9bae0658151d7-C2H6O1-0-1,oxidation_free_energy,scalar_gpr,RX-392,LFQSCWFLJHTTHZ-UHFFFAOYSA-N,CCO,train,false,7.480350502245528,7.377355520713572,0.35783896330838894,0.10299498153195596
rx392:a3db9544d034c691cbc60faa12755e71-C2H6O1-0-1,oxidation_free_energy,scalar_gpr,RX-392,LCGLNKUTAGEVQW-UHFFFAOYSA-N,COC,test,true,7.095434628984549,6.818184410996089,0.3576489149101629,0.2772502179884597
rx392:7bf5519e5982924121186547eaf5d649-C4H8O2-0-1,oxidation_free_energy,scalar_gpr,RX-392,ORTVZLZNOYNASJ-OWOJBTEDSA-N,OC/C=C/CO,train,false,6.489656785744955,6.697486480694594,0.3576375046471396,0.20782969494963854
rx392:c0a13cb44784464a401b3028b3b5869d-C4H8O2-0-1,oxidation_free_energy,scalar_gpr,RX-392,PIAOXUVIBAKVSP-UHFFFAOYSA-N,O=CCCCO,train,false,7.2678757301437145,6.86545311675345,0.35765543942645733,0.4024226133902644
rx392:02e13eb9623710b55d20c36768c4bd9d-C4H8O2-0-1,oxidation_free_energy,scalar_gpr,RX-392,VELCGBOSFKSMCL-UHFFFAOYSA-N,O[CH+]CC[CH-]O,train,false,2.5161247310461476,2.6789047652478124,0.38207895179752144,0.16278003420166476
rx392:c686e9e23fc75f07b4bd59c858545550-C4H8O2-0-1,oxidation_free_energy,scalar_gpr,RX-392,SLZVWNSKTHSLQV-UHFFFAOYSA-N,[O-]CCC[CH+]O,train,false,4.315472450003654,4.1459676704718325,0.36144339516919505,0.1695047795318212
rx392:84ac55e3ad863f76a68984ab7b64ff26-C4H8O2-0-1,oxidation_free_energy,scalar_gpr,RX-392,OZCRKDNRAAKDAN-HNQUOIGGSA-N,O/C=C/CCO,train,false,5.981891416509825,5.835208357561372,0.35773380026166385,0.14668305894845268
rx392:f92b9a6ed7e1114a9b4fc807be6de284-C4H8O2-0-1,oxidation_free_energy,scalar_gpr,RX-392,WSJASAOEQFRGMD-UHFFFAOYSA-N,CCO[C-]=[O+]C,train,false,5.864949935614277,6.1987739470586005,0.3576532810848954,0.3338240114443236
rx392:0af1d0155d7207c806d7d5e78e18bece-C2F1H3O2-0-1,oxidation_free_energy,scalar_gpr,RX-392,JNEQDYIGMHVAEU-UHFFFAOYSA-N,O=CCOF,train,false,7.646397725640782,7.358250572420005,0.3578270470389755,0.2881471532207769
rx392:f1220d1f66a012560b6d7b7cc0c7fd6f-C2F1H3O2-0-1,oxidation_free_energy,scalar_gpr,RX-392,JKKYWQUELJLABD-UHFFFAOYSA-N,[O-]CC(O)=[F+],test,true,5.467709623153496,5.201800924921302,0.358179296961011,0.2659086982321943
rx392:d007f8ebbf7675fb135fc14956eb395b-C2F1H3O2-0-1,oxidation_free_energy,scalar_gpr,RX-392,MFPBWDUJXLGBJA-UHFFFAOYSA-N,O=C(F)CO,train,false,8.342039920713432,8.164733111781931,0.3590125177605964,0.17730680893150108
rx392:f1df0b6638cbfa57107ca92f4cfc1a7b-C4H6O2-0-1,oxidation_free_energy,scalar_gpr,RX-392,MGBUMQZXWSKNOU-UHFFFAOYSA-N,[O+]#CCCC[O-],test,true,4.442304948561286,4.179006797446139,0.3612540886405871,0.26329815111514776
rx392:f1d587942678f6938595d6db7fa9c2e8-C4H6O2-0-1,oxidation_free_energy,scalar_gpr,RX-392,CXDWIOQNFMIXCX-ZPUQHVIOSA-N,O/C=C/C=C/O,train,false,5.115880388935693,4.959103155371043,0.3585468751129754,0.15677723356465023
rx392:122d7a8c12bfd909977f17fb54bf5af4-C4H6O2-0-1,oxidation_free_energy,scalar_gpr,RX-392,IMXMGQOZHBFVCT-HNQUOIGGSA-N,O=CC/C=C/O,train,false,6.116474929733158,5.928334981852659,0.3577056344290088,0.18813994788049904
rx392:f63aa0e41fd871081eba5014a59d5b87-C4H6O2-0-1,oxidation_free_energy,scalar_gpr,RX-392,APZPFVRUUMXYRZ-UHFFFAOYSA-N,C=COCC=O,train,false,6.319504561944996,6.079808484158363,0.35767163617040404,0.2396960777866326
rx392:15e82ffb96026ba438c9a594ee12c388-C4H6O2-0-1,oxidation_free_energy,scalar_gpr,RX-392,CNDSYBVNLAHPIS-UHFFFAOYSA-N,C[C-]=[O+][C-]=[O+]C,test,true,6.544043170375517,5.9396643268851905,0.35770261665352393,0.6043788434903261
rx392:51baaa178735ebe9393248615911e892-C4H6O2-0-1,oxidation_free_energy,scalar_gpr,RX-392,PCSMJKASWLYICJ-UHFFFAOYSA-N,O=CCCC=O,train,false,7.535780018193691,7.194368762318375,0.35774398136131336,0.3414112558753155
rx392:5b874a641ebc121894720adf0e054ed7-C4H6O2-0-1,oxidation_free_energy,scalar_gpr,RX-392,FXCMZPXXCRHRNK-OWOJBTEDSA-N,O=C/C=C/CO,train,false,7.3175166847140645,6.864691464425863,0.3576553242477526,0.4528252202882017
rx392:f58f7ccea34a03ace606a6fd63af6b21-C4H6O2-0-1,oxidation_free_energy,scalar_gpr,RX-392,DOZAJVJEGUTITC-UHFFFAOYSA-N,[CH-]=[O+][C-]=[O+]CC,train,false,6.710092214158067,6.21304148762716,0.35765150462023376,0.4970507265309072
rx392:941151a043d36f390ccb03571373f9ad-C4H6O2-0-1,oxidation_free_energy,scalar_gpr,RX-392,QUFHOMKJGBDIRS-UHFFFAOYSA-N,OC=C=CCO,train,false,6.465338204679938,5.987840410365985,0.35769068741236126,0.4774977943139529
rx392:ab8258a112dca63a09ebe1f4f225758a-C4H6O2-0-1,oxidation_free_energy,scalar_gpr,RX-392,XVGZAGBFDQIJKR-UHFFFAOYSA-N,C=CO[C-]=[O+]C,train,false,6.215583314637115,6.494868400734057,0.3576326050097632,0.2792850860969418
rx392:6f558cd3ef2a8bfb682a3477ee20c9b4-C4H6O2-0-1,oxidation_free_energy,scalar_gpr,RX-392,YXWXNWRDFORZSN-UHFFFAOYSA-N,O=C=CCCO,train,false,6.24904040749243,6.005417276922667,0.35768668309120066,0.24362313056976337
rx392:9bc564a7ce92ad9a12b907122d4435b2-C4H6O2-0-1,oxidation_free_energy,scalar_gpr,RX-392,JSPXPZKDILSYNN-UHFFFAOYSA-N,OC#CCCO,train,false,6.7051851982960216,6.499881343328181,0.35763253465334627,0.20530385496784032
rx392:cf215a47ecba16f4b1796be7b6d4bafe-F2H1O1P1-0-1,oxidation_free_energy,scalar_gpr,RX-392,UWETVEYENGVTQS-UHFFFAOYSA-N,OP(F)F,train,false,7.781459837311559,7.905798647467184,0.3584396185662483,0.12433881015562509
rx392:538e8059ad5ccd51e316f1d85d318683-C4H2-0-1,oxidation_free_energy,scalar_gpr,RX-392,LLCSWKVOHICRDD-UHFFFAOYSA-N,C#CC#C,test,true,7.476220430633475,7.068377252517049,0.3576997584080762,0.40784317811642623
rx392:beebe803fd6de3ac87ed838a4d8d6ff3-C4H2-0-1,oxidation_free_energy,scalar_gpr,RX-392,MRJFCQHWODZEPM-UHFFFAOYSA-N,[C-]#C[C+]=C,train,false,7.157928468072896,6.768844874522685,0.3576433859084333,0.38908359355021105
rx392:a99e892f8740e416eab9c9abaefc8334-H1O2P1-0-1,oxidation_free_energy,scalar_gpr,RX-392,GQZXNSPRSGFJLY-UHFFFAOYSA-N,O=PO,train,false,8.325167391116338,7.9368792876589165,0.35849631726227416,0.3882881034574215
rx392:17803bdcdac2136091857ecd4da57350-C1H3O3P1-0-1,oxidation_free_energy,scalar_gpr,RX-392,XAKRTGZVYPZHCO-UHFFFAOYSA-N,COP(=O)=O,train,false,9.222505084835575,9.44081825100897,0.3677949007218489,0.21831316617339525
rx392:4ee2c58d616283263e1a276b35e7a267-C3H6O2-0-1,oxidation_free_energy,scalar_gpr,RX-392,XWVOVMOHQDSGQK-UHFFFAOYSA-N,C=[O+]CC[O-],test,true,4.710430525747142,4.506086447523754,0.3597564264360614,0.20434407822338851
rx392:98d7f5bb7626f9e7c27692b1b37749c4-C3H6O2-0-1,oxidation_free_energy,scalar_gpr,RX-392,RUKWBTSQVWLBIH-UHFFFAOYSA-N,CO[C-]=[O+]C,train,false,5.966382099860311,6.249339958203285,0.35764736579762474,0.28295785834297327
rx392:ac8e8ba99e1867ad472f3a9f585ad7ae-C3H6-0-1,oxidation_free_energy,scalar_gpr,RX-392,QQONPFPTGQHPMA-UHFFFAOYSA-N,C=CC,train,false,6.732996198120873,6.524386699189578,0.3576323246566032,0.20860949893129455
rx392:a6d449700787155e9836404e03f5a41c-C2H5O2P1-0-1,oxidation_free_energy,scalar_gpr,RX-392,IDKDNOJBBSKTIR-UHFFFAOYSA-N,C=[O+][P-]OC,train,false,3.919065465051972,4.177034350658451,0.3612651734926855,0.2579688856064788
rx392:7e3a2b19a5af30ab0981eacd78038857-C1F1H1O1-0-1,oxidation_free_energy,scalar_gpr,RX-392,ROGRBZXOYPJSCQ-UHFFFAOYSA-N,O[C-]=[F+],train,false,7.478553113134694,7.70586537345536,0.3581399383410112,0.22731226032066587
rx392:b6fe479487a04352d702164756d6d0ac-C1F1H1O1-0-1,oxidation_free_energy,scalar_gpr,RX-392,NHGVZTMBVDFPHJ-UHFFFAOYSA-N,O=CF,test,true,9.32345405126489,9.008097380205385,0.3632833038484261,0.3153566710595044
rx392:6d258c73cf11fae93d4d3816af0290e8-F1N1O1S1-0-1,oxidation_free_energy,scalar_gpr,RX-392,QMAYPUZHQUBYJT-UHFFFAOYSA-N,N#S(=O)F,train,false,9.130763941102487,8.963233462034038,0.362926467064228,0.1675304790684482
rx392:133004eb20f26ef002a92f06abee41ca-C2F1H1O2-0-1,oxidation_free_energy,scalar_gpr,RX-392,BITVLRXIXBFBAR-UHFFFAOYSA-N,O=CC(=O)F,train,false,8.377968318058265,8.14662558156569,0.35896438101335854,0.23134273649257509
rx392:799e73273a32c13492ae5ba5a010993d-C2F1H1O2-0-1,oxidation_free_energy,scalar_gpr,RX-392,IZHBWHIERKKUJK-UHFFFAOYSA-N,[O-]C(F)=[C+]O,train,false,6.994981780318994,7.025054008321247,0.3576877884637984,0.030072228002252288
rx392:e473ee39de591ff8cac6ea1f47a0b34b-C2F1H1O2-0-1,oxidation_free_energy,scalar_gpr,RX-392,QHSNXCQFHFUEHV-UHFFFAOYSA-N,O=C=C(O)F,train,false,6.1350410245195235,6.267290161435533,0.3576455159611807,0.13224913691600992
rx392:366cdd57a062ca777e3bf29de84d24a8-C2H1O2P1-0-1,oxidation_free_energy,scalar_gpr,RX-392,ZBDQWDLMUMITEL-UHFFFAOYSA-N,O=C=C[O+]=[P-],train,false,5.036050647935554,4.717072178114355,0.359091115768724,0.3189784698211984
rx392:baf894588b8d74d033c90149bda9e473-C4H6-0-1,oxidation_free_energy,scalar_gpr,RX-392,KAKZBPTYRLMSJV-UHFFFAOYSA-N,C=CC=C,test,true,6.3022111391064755,6.0105998729534855,0.35768553647384943,0.29161126615298993
rx392:bd9b37b2515625b8ce57eb1a55ccf49f-C4H4O4-0-1,oxidation_free_energy,scalar_gpr,RX-392,MRAJCEICDPBEDR-OWOJBTEDSA-N,O[C-]=[O+]/C=C/[O+]=[C-]O,train,false,6.582468832215454,7.486583047865913,0.35791756659809604,0.9041142156504591
rx392:1fc65468e969ed0cd3847a1197d120d5-C5H8O3-0-1,oxidation_free_energy,scalar_gpr,RX-392,CLWVKGFYURNSNJ-UHFFFAOYSA-N,O=CCCC[O+]=[C-]O,train,false,6.172863361010968,6.445609479482269,0.3576337864336996,0.2727461184713009
rx392:1a215994cacd2d069dd3bcecf83afb79-C5H8O3-0-1,oxidation_free_energy,scalar_gpr,RX-392,QQPSZXOAEYMLMI-UHFFFAOYSA-N,C[C-]=[O+]C(=O)OCC,train,false,5.647189269782757,6.057413163828073,0.35767585503630267,0.41022389404531623
rx392:b7259c5fa131a846cc431c9cf5fbde76-C5H8O3-0-1,oxidation_free_energy,scalar_gpr,RX-392,BPFOYPDHLJUICH-UHFFFAOYSA-N,C=COC(=O)OCC,train,false,6.763043875713265,6.678220656578192,0.3576363162445948,0.08482321913507285
rx392:b5838f64215417f1c3804cff939a3900-C5H8O3-0-1,oxidation_free_energy,scalar_gpr,RX-392,JNKPQAPJKCOIHT-UHFFFAOYSA-N,CC=[O+]C(=O)O[CH-]C,test,true,3.5203395955686574,4.0306066451844025,0.3621677585337369,0.5102670496157451
rx392:dfd9a0f6874b88ecc7fef406b4956d90-C5H8O3-0-1,oxidation_free_energy,scalar_gpr,RX-392,GQQCHPMAXKWHMY-UHFFFAOYSA-N,C=CCCOC(=O)O,train,false,6.885659390689398,6.689363054855059,0.3576369836212711,0.19629633583433836
rx392:081d558fc5b077fbd576acd7ecacbfb0-C6H8O4-0-1,oxidation_free_energy,scalar_gpr,RX-392,AAVDHVVATBWPJH-UHFFFAOYSA-N,[O+]#COCCC[CH-][O+]=[C-]O,train,false,3.8439709907524957,4.133461923707177,0.36151709274232247,0.2894909329546813
rx392:263028ed45faf4d76e960a16cc9958ee-C5H10O2-0-1,oxidation_free_energy,scalar_gpr,RX-392,BOHGEFZURVLVHR-UHFFFAOYSA-N,CCO[C-]=[O+]CC,train,false,5.907163925881832,6.149878381853047,0.35766003677743463,0.24271445597121488
rx392:371cebb7237ba0efe137a66acc7dfaba-C4H4O5-0-1,oxidation_free_energy,scalar_gpr,RX-392,ZSHIWERRZIDCML-OWOJBTEDSA-N,O=C(O)O/C=C/[O+]=[C-]O,test,true,6.586847322141693,6.7955174958394675,0.3576462185812834,0.20867017369777408
rx392:b04430ea9543ecf6ec8abfd54b403d71-C5H8O4-0-1,oxidation_free_energy,scalar_gpr,RX-392,PISYRMGYCCLHGH-UHFFFAOYSA-N,O=CCCCOC(=O)O,test,true,7.327499543340309,6.912328875978563,0.3576631970109476,0.4151706673617461
rx392:3a24d341460bdb2d66f5602053084449-C6H10O4-0-1,oxidation_free_energy,scalar_gpr,RX-392,UKOCCXVYDOHHFX-UHFFFAOYSA-N,O[C-]=[O+]CCCC[O+]=[C-]O,train,false,6.153950680782145,6.413393948672919,0.35763503738205293,0.25944326789077365
rx392:b01f452401e105d1b53e5d9a8e2ab475-C4H2O5-0-1,oxidation_free_energy,scalar_gpr,RX-392,SYMYXYYOYBPBAW-UHFFFAOYSA-N,O=C(O)OC#C[O+]=[C-]O,train,false,7.066728908648656,7.249624011657246,0.3577684202509985,0.18289510300858947
rx392:5c41cb65f21d8b65368c66bd132914ac-C5H10O3-0-1,oxidation_free_energy,scalar_gpr,RX-392,OIFBSDVPJOWBCH-UHFFFAOYSA-N,CCOC(=O)OCC,train,false,8.09491647696268,8.245377837727968,0.3592436579711762,0.15046136076528782
rx392:6e387ff667eac339765e20c257db14a9-C4F1H8O2P1-0-1,oxidation_free_energy,fingerprint_gpr,RX-392,OBSMVZFKBRNNHS-UHFFFAOYSA-N,[CH2+]COCCO[P-]F,test,true,3.500465342793177,4.515752405921301,1.2169965090960917,1.015287063128124
rx392:6e184145e0a3d59cf41deb7a48736e1a-C4F1H8O2P1-0-1,oxidation_free_energy,fingerprint_gpr,RX-392,LHCUTHKDZDDJMQ-UHFFFAOYSA-N,FCCOCC[O+]=[P-],train,false,4.858813442962855,4.928724925580405,0.4405666883499472,0.06991148261754976
rx392:82453decb15fa86619f405c2255afd24-F1N1O3S2-0-1,oxidation_free_energy,fingerprint_gpr,RX-392,XWFDESPXXQQRMT-LURJTMIESA-N,O=S(=O)=N[S@@](=O)F,test,true,9.730670849101443,9.283286818473371,1.5047478461311072,0.4473840306280721
rx392:c01bdfc12dd37e8f9b75769be4ff7135-C6H10O6-0-1,oxidation_free_energy,fingerprint_gpr,RX-392,CELCNEUYEAWJAV-UHFFFAOYSA-N,O=C(O)OCCCCOC(=O)O,train,false,8.193850463259878,7.755092422960454,0.42493643848563745,0.4387580402994242
rx392:13fde7cb21aa0bae798661910af042f9-C5F2H6O3-0-1,oxidation_free_energy,fingerprint_gpr,RX-392,ZTTLVSHDZKENLA-SCSAIBSYSA-N,O=C([O-])O[C@@H](F)CCC=[F+],train,false,6.2570657952273905,6.294945077840132,0.4389917988454848,0.03787928261274143
rx392:9a80e7d3b8cba52608bfe53c2b6db0ac-C3F3H2O2P1-0-1,oxidation_free_energy,fingerprint_gpr,RX-392,MRGMYRXPNFTBMU-UHFFFAOYSA-N,FP(F)O[C-]=[O+]C[C-]=[F+],train,false,6.774018762556807,6.704361747228233,0.4374544986155204,0.06965701532857427
rx392:7effebabf4adbd155b4aac995e62d37b-C5F2H6O3-0-1,oxidation_free_energy,fingerprint_gpr,RX-392,XBWCQEBTNGRMOZ-BYPYZUCNSA-N,O=C([O-])OC[C@@H](F)CC=[F+],train,false,5.9956322232792445,6.012598518034763,0.4448689431402538,0.016966294755518696
rx392:2c96eb4288d63b2a9437ddd4172e67f3-H2O1-0-1,oxidation_free_energy,fingerprint_gpr,RX-392,XLYOFNOQVPJJNP-UHFFFAOYSA-N,O,train,false,9.495900601353242,9.025345157571673,0.4307021482788178,0.4705554437815689
rx392:eefdfcd29fba955b8e8691b85f4badd3-C3F1H4O3P1-0-1,oxidation_free_energy,fingerprint_gpr,RX-392,KXLJAUDVNOUKGB-UHFFFAOYSA-N,[O-][P-][O+]=C=[O+]CCF,test,true,6.116099458322424,6.241961795499783,0.863978682166389,0.1258623371773595
rx392:620346cfe2e5fd708d38ad59137e7e65-C3F1H4O3P1-0-1,oxidation_free_energy,fingerprint_gpr,RX-392,VOOQPARPXZEUMN-UHFFFAOYSA-N,O=C(OCCF)[O+]=[P-],train,false,5.220336735401361,5.362622491987192,0.43326042665475334,0.14228575658583154
rx392:05178f156d01553929413f706874b78a-C2F1O2P1-0-1,oxidation_free_energy,fingerprint_gpr,RX-392,VIJLLDOHIJAUCA-UHFFFAOYSA-N,[O-]C#COP=[F+],train,false,5.774130184272508,5.815901709840876,0.44758355462619853,0.04177152556836816
rx392:6d3cb14458ca8bd6d2815732a5844caa-C2F1O2P1-0-1,oxidation_free_energy,fingerprint_gpr,RX-392,FKISWKYBCYAUJN-UHFFFAOYSA-N,O=POC#CF,train,false,7.287777752364491,7.282161572628107,0.44390680210147937,0.005616179736383842
rx392:91c8d2920d7fae87132a81b95c07dd4a-C2F1O2P1-0-1,oxidation_free_energy,fingerprint_gpr,RX-392,AGKNEAIUUPFPTE-UHFFFAOYSA-N,[C+]#COP([O-])F,train,false,7.069763812007295,7.066114178246309,0.44531138542079496,0.0036496337609861484
rx392:0ab022f73af45db70b5abc61e7cc5bc6-C3H1O2P1-0-1,oxidation_free_energy,fingerprint_gpr,RX-392,IRDMQKNTOIKALV-UHFFFAOYSA-N,C#C[O+]=[C-][O+]=[P-],train,false,5.418307544950949,5.504018247838222,0.4439525533995241,0.08571070288727345
rx392:796506dbd3f3230e3d246a59ef72ecb3-C3F2H3O4P1-0-1,oxidation_free_energy,fingerprint_gpr,RX-392,BMPGPKPDWJCMJY-UHFFFAOYSA-N,C=COC(=O)OP(=O)(F)F,train,false,7.4547207089817675,7.419213021239125,0.4380256018551365,0.035507687742642347
rx392:a3b8cb94733e47a4966a08138fd78064-C2H6O2-0-1,oxidation_free_energy,fingerprint_gpr,RX-392,LYCAIKOWRPUZTN-UHFFFAOYSA-N,OCCO,train,false,7.013444678961605,7.040169580727726,0.4330901137158638,0.02672490176612108
rx392:96b8af3838777f9f3e6b972d5aa3a84f-C4F1H8O3P1-0-1,oxidation_free_energy,fingerprint_gpr,RX-392,QCVQEYURPKJMCT-UHFFFAOYSA-N,O=POCCOCCF,train,false,7.5068285486522655,7.442934129665964,0.4291910929636515,0.0638944189863011
rx392:5e15a57678ef5b22d37ef6cc5dbda8a3-C4F1H8O3P1-0-1,oxidation_free_energy,fingerprint_gpr,RX-392,QRUXQZQTBWGEGC-SECBINFHSA-N,[CH2+]COCCO[P@@]([O-])F,train,false,5.22447268304677,5.326145563533311,0.44558436400270585,0.10167288048654122
rx392:84a635271c4fddb04b12de734b6e0350-C4F1H8O3P1-0-1,oxidation_free_energy,fingerprint_gpr,RX-392,ADIWOXLMVNWGTD-UHFFFAOYSA-N,O[P-][O+]=CCOCCF,train,false,4.236805505974189,4.318310456180658,0.44449283849564875,0.08150495020646886
rx392:82e454f28d45cd2eaf051cbfb3804793-C4F1H8O3P1-0-1,oxidation_free_energy,fingerprint_gpr,RX-392,KQDLFTJALZIDCG-SECBINFHSA-N,[CH2-]COCC=[O+][P@@](O)F,train,false,3.207008950816089,3.344994725277121,0.4459629887546651,0.13798577446103177
rx392:eab256ea76e458e90d49eaa61c4423a4-C3H2O4-0-1,oxidation_free_energy,fingerprint_gpr,RX-392,NXYSYGVFDASHDR-UHFFFAOYSA-N,O=C=COC(=O)O,train,false,6.443407786162425,6.4573108302059,0.4416485095737883,0.013903044043475532
rx392:58bf453b2da0fa442f8213e43d1fcb28-C3H2O4-0-1,oxidation_free_energy,fingerprint_gpr,RX-392,XBTQEVJNCGBLJB-UHFFFAOYSA-N,O=C(O)OC#CO,train,false,6.842254783543467,6.8460213140300645,0.4413233272570421,0.0037665304865974747
rx392:28db6a82af56b90b126446758dd96749-C4H6O3-0-1,oxidation_free_energy,fingerprint_gpr,RX-392,BPLRSEBVLPDSAK-UHFFFAOYSA-N,C[C-]=[O+]C(=O)OC,train,false,5.706547052395763,5.748957496051884,0.44052827515369813,0.04241044365612101
rx392:2a523d412b04d31a1160fdb5962b3724-C4H6O3-0-1,oxidation_free_energy,fingerprint_gpr,RX-392,JNBNIINHOBNMLY-UHFFFAOYSA-N,[CH2-]OC(=O)[O+]=CC,train,false,3.8001786823260773,3.947812870432183,0.4454789654257866,0.14763418810610585
rx392:7daa5fbb02de5e72b0368d31249f24e5-C4H6O3-0-1,oxidation_free_energy,fingerprint_gpr,RX-392,NCHRDVARPJUMRC-UHFFFAOYSA-N,C=COC(=O)OC,test,true,6.802939620863981,6.940456509465547,0.5233677913086944,0.1375168886015663
rx392:8e12f0e9d0bcddddc5919ed33f643e1e-C3F2H1O3P1-0-1,oxidation_free_energy,fingerprint_gpr,RX-392,ATHGTBQXCLJKGP-UHFFFAOYSA-N,O=C(OC=C=[F+])O[P-]F,train,false,5.150286682743172,5.296374101403991,0.4421674725237033,0.14608741866081942
rx392:20aa5b08677c6496f350080e4d039a60-C3F1H6O3P1-0-1,oxidation_free_energy,fingerprint_gpr,RX-392,AAGZBCKUVAXJNL-MRVPVSSYSA-N,[CH2-]OCC=[O+][P@@](O)F,test,true,2.9825503801585,4.375517913824554,1.0296183555790912,1.392967533666054
rx392:0184135e4f900328a3c661dd5600d9a8-C3H6O4-0-1,oxidation_free_energy,fingerprint_gpr,RX-392,BBRSEFOSZWEMPE-UHFFFAOYSA-N,O=C(O)OCCO,train,false,7.8839130503383785,7.806224804177144,0.44096947758760724,0.07768824616123471
rx392:bb7fccf8e480fc83a39edf4843d93c6c-C2F3H2O2P1-0-1,oxidation_free_energy,fingerprint_gpr,RX-392,HRGLKGRUHMYRFP-UHFFFAOYSA-N,O=P(F)(F)[O+]=[C-]CF,train,false,6.473020601177268,6.497884059201576,0.43910810663524225,0.024863458024308116
rx392:b7f4432b69c68f4865160e1bdad6ef9a-C2F3H2O2P1-0-1,oxidation_free_energy,fingerprint_gpr,RX-392,MBUXOOLUQJTNIB-UHFFFAOYSA-N,O=P(F)(F)OC[C-]=[F+],train,false,6.8818732089712285,6.972295796151586,0.43623516112580396,0.0904225871803579
rx392:73d82496d43b06e56f25c4a0d106f468-C2F3H2O2P1-0-1,oxidation_free_energy,fingerprint_gpr,RX-392,QOJASGSRCAWPGI-UPHRSURJSA-N,O=P(F)(F)O/C=C\F,train,false,7.21684245767392,7.217414052246899,0.44284981122903155,0.0005715945729791727
rx392:390b4ebf4b758be7382327cd87d28e99-C5F1H7O2-0-1,oxidation_free_energy,fingerprint_gpr,RX-392,ILQXZULLEHDOHG-UHFFFAOYSA-N,[O+]#COCCC[CH-]F,train,false,3.930486999990535,4.020386065092625,0.4435303539485087,0.08989906510208989
rx392:0d40ed1ae2549562537c4d2ef026dc32-C2F3H2O1P1-0-1,oxidation_free_energy,fingerprint_gpr,RX-392,SXMHFQFWJLNVGF-UHFFFAOYSA-N,FC[C-]=[O+]P(F)F,train,false,5.860436883238435,5.911872867911738,0.43350135592130656,0.05143598467330257
rx392:f5c0d32cb4243e77b18ae286bc39a8db-C2F3H2O1P1-0-1,oxidation_free_energy,fingerprint_gpr,RX-392,ZQAOZAYCWQBIAN-UHFFFAOYSA-N,FP(F)OC[C-]=[F+],train,false,6.702114034334954,6.722773892713377,0.4379454005582049,0.02065985837842277
rx392:31ebd083e3d73bfad23b4361f9fb48e6-C2F2H3O2P1-0-1,oxidation_free_energy,fingerprint_gpr,RX-392,PVXDVJPIOWEQIZ-UHFFFAOYSA-N,C=COP(=O)(F)F,train,false,7.248042417657416,7.2304787526731085,0.43987360313232887,0.017563664984307614
rx392:079282e8951ef25043cc187a1eeeba61-C3F3H2O3P1-0-1,oxidation_free_energy,fingerprint_gpr,RX-392,BOQAQYZLOGHMDL-UHFFFAOYSA-N,O=P(F)(F)O[C-]=[O+]C[C-]=[F+],train,false,6.9034758714042255,6.942330681983606,0.44028137474072554,0.03885481057938023
rx392:3c248ee85a538adb3b04a15c91ad0bfd-C3F2H5O2P1-0-1,oxidation_free_energy,fingerprint_gpr,RX-392,CMFWTHBATNXNEO-UHFFFAOYSA-N,[CH-]=[O+]CCOP(F)F,train,false,5.830159189968981,5.970463032418586,0.4160193186507038,0.1403038424496046
rx392:956a458d86d5a327087383cc45d2429c-C2F3H4O1P1-0-1,oxidation_free_energy,fingerprint_gpr,RX-392,CGELEAYJQUNLQU-UHFFFAOYSA-N,FCCOP(F)F,train,false,7.492361504908331,7.374993450435526,0.41797262503130084,0.11736805447280485
rx392:b0626fbc4250f17418f086afc0c04c88-C6F2H6O5-0-1,oxidation_free_energy,fingerprint_gpr,RX-392,AALOWOLJVRWAFV-CRCLSJGQSA-N,O=C([O-])O[C@@H](F)C[C@H](F)COC#[O+],train,false,6.261883323513757,6.26028370200414,0.4469460716153058,0.0015996215096167887
rx392:6afc8b87d2decd8d32bf667ccaab0be2-C6F2H6O5-0-1,oxidation_free_energy,fingerprint_gpr,RX-392,PZLYQHDXYOUJPM-CRCLSJGQSA-N,O=C([O-])OC[C@@H](F)[C@@H](F)COC#[O+],train,false,6.010804038567585,5.931854153278898,0.43953652726833514,0.07894988528868652
rx392:db3b5309b96fef654ff39e1c4277f277-C3F1O2P1-0-1,oxidation_free_energy,fingerprint_gpr,RX-392,HQUVGDUEDWRYHT-UHFFFAOYSA-N,[C-]#C[O+]=C=[O+][P-]F,train,false,6.665716041123233,6.659805547594528,0.44816530477839855,0.005910493528704208
rx392:a3aec91fc4c5258bc56344e921ff3e93-C4F3H6O2P1-0-1,oxidation_free_energy,fingerprint_gpr,RX-392,ACGHTOCXFLNEEM-UHFFFAOYSA-N,FCCOC[C-]=[O+]P(F)F,train,false,5.910323864241946,5.94783855309546,0.4417791448321839,0.0375146888535145
rx392:fc731b7e2ac2b605df35e96e8b399b60-C4F3H6O2P1-0-1,oxidation_free_energy,fingerprint_gpr,RX-392,UUJWMQSOBATTKK-ONEGZZNKSA-N,FCCO/C=C/OP(F)F,train,false,5.880676522385329,6.047952876668552,0.43593035219201365,0.1672763542832234
rx392:59b4374c1833abf195a8a9803de080d5-C4F3H6O2P1-0-1,oxidation_free_energy,fingerprint_gpr,RX-392,WIHCAQOCPVHARP-UHFFFAOYSA-N,FC[C-]=[O+]CCOP(F)F,train,false,5.983686697054509,6.003453227971263,0.4220346534709531,0.019766530916753844
rx392:2b5a6c235e3f51a6f43ac533253cd165-C4F3H6O2P1-0-1,oxidation_free_energy,fingerprint_gpr,RX-392,FXARLLGYJYAVPA-UHFFFAOYSA-N,C=[C-]OCCO[P+](F)(F)F,train,false,5.076926143101446,5.043594715727218,0.4338386681219384,0.033331427374228006
rx392:63bc2536bdd693b139805f016e5af60a-C4F3H6O2P1-0-1,oxidation_free_energy,fingerprint_gpr,RX-392,FQSHJLBUFQCHJC-UHFFFAOYSA-N,FCC[O+]=[C-]COP(F)F,test,true,5.778746743009833,6.0328104521960935,0.9173430837193076,0.2540637091862603
rx392:0a9c070d174be308780714f4382ea3f3-C4F3H6O2P1-0-1,oxidation_free_energy,fingerprint_gpr,RX-392,LYULEUMSLMECSM-UHFFFAOYSA-N,FP(F)OCCOC[C-]=[F+],test,true,6.5088838670781115,6.812923460947614,0.7093390472249563,0.3040395938695024
rx392:67ad0b3efe8f5d2ec4f72bc8187f179b-C3F1O3P1-0-1,oxidation_free_energy,fingerprint_gpr,RX-392,SRMAHOZUVUJKQP-UHFFFAOYSA-N,[C+]#COC(=O)O[P-]F,train,false,6.39347755651761,6.370096152062698,0.43952154148202793,0.02338140445491188
rx392:ac6fcf62cb6e30142dd0bdbff7f2fd11-C3F1O3P1-0-1,oxidation_free_energy,fingerprint_gpr,RX-392,MNDGFGSAYSDRLM-UHFFFAOYSA-N,O=C(OC#CF)[O+]=[P-],train,false,5.544464970836998,5.6222525158996435,0.4341846080294058,0.07778754506264551
rx392:d17ad8c007a93456b5bf7857216292ea-C3F2H5O3P1-0-1,oxidation_free_energy,fingerprint_gpr,RX-392,ZUHVKSZKBRTVRW-UHFFFAOYSA-N,[CH-]=[O+]CCOP(=O)(F)F,train,false,5.830784864519956,6.001154898583837,0.4199410023302209,0.17037003406388163
rx392:92e536266b92af9c064e48eaa7ac26b0-C3F3H4O3P1-0-1,oxidation_free_energy,fingerprint_gpr,RX-392,VBGGRGUHBVEDDG-UHFFFAOYSA-N,[CH2-][O+]=C=COP(O)(F)(F)F,test,true,5.958092079825292,5.541483165312162,0.8935199787829369,0.4166089145131302
rx392:43f8252d83847dfaaf3ab6c2c77ca6d0-C3F3H4O3P1-0-1,oxidation_free_energy,fingerprint_gpr,RX-392,BRVRIVCFGXLEDH-UHFFFAOYSA-N,O=P(F)(F)O[C-]=[O+]CCF,test,true,6.884037518422701,6.765542187738231,0.7455424210576455,0.11849533068447027
rx392:88556cbbe62e7dbea3e0083231abde30-C3F3H4O3P1-0-1,oxidation_free_energy,fingerprint_gpr,RX-392,DYCHWIATUZKJLX-NSCUHMNNSA-N,[CH-]=[O+]/C=C/OP(O)(F)(F)F,train,false,6.613419599059853,6.529122632076316,0.4402473548573509,0.08429696698353695
rx392:d38b7fab6a8f640c8e3659db568bd2b1-C3F1H1O3-0-1,oxidation_free_energy,fingerprint_gpr,RX-392,ZQCQTPBVJCWETB-UHFFFAOYSA-N,O=c1occ(F)o1,test,true,6.9941143818432465,7.412568667963208,1.2917490124324986,0.41845428611996116
rx392:8d243794e8cd04e8c7b6efba19f119f0-C3F1H1O3-0-1,oxidation_free_energy,fingerprint_gpr,RX-392,DTFNRASXVKNOOG-UHFFFAOYSA-N,[O+]#COC=C([O-])F,train,false,6.118092120526853,6.175409697218739,0.44502618595310645,0.05731757669188564
rx392:09aa54d153627b2ccca466948039c9a7-C3F2H3O2P1-0-1,oxidation_free_energy,fingerprint_gpr,RX-392,ARMKYQZTTKRQDX-UHFFFAOYSA-N,C=C[O+]=[C-]OP(F)F,test,true,6.976114156852418,6.510639005787371,0.9042833865452811,0.4654751510650472
rx392:8a8d5e092c1554b7a50056f85c9fba1a-C2F2H1O1P1-0-1,oxidation_free_energy,fingerprint_gpr,RX-392,OHQUZHIADUDYAC-UHFFFAOYSA-N,C#COP(F)F,train,false,7.375709508571163,7.3712263815917565,0.43809704644180286,0.004483126979406116
rx392:3d9837c36dd14ed9e25623a7d6fe7a7d-C2F2H1O1P1-0-1,oxidation_free_energy,fingerprint_gpr,RX-392,VQFRIDPGWQXXAZ-UHFFFAOYSA-N,FC=C=[O+][P-]F,train,false,5.844092489900504,5.894573882894639,0.4360963308850937,0.050481392994134566
rx392:44f0e182e5501acaf1eaf07098040a8b-F1N1O1S2-0-1,oxidation_free_energy,fingerprint_gpr,RX-392,BZUADLLCCNLRKN-UHFFFAOYSA-N,O=S=NSF,test,true,7.095339370811416,7.642601862041843,0.9384881273114605,0.5472624912304269
rx392:89021f982c3184bcbb1fef5eef9e6779-C5F1H7O3-0-1,oxidation_free_energy,fingerprint_gpr,RX-392,USMHJBJOPYILPC-UHFFFAOYSA-N,O=C([O-])OCCCC=[F+],train,false,5.855074275668812,5.881379746779464,0.43644015528738916,0.026305471110651624
rx392:ac511fb7ddcc82bc116b10460f810617-C2F2H1O4P1-0-1,oxidation_free_energy,fingerprint_gpr,RX-392,QILVKTFUYZVFOU-UHFFFAOYSA-N,[CH-]=[O+]C(=O)OP(=O)(F)F,train,false,6.542671984192566,6.565565794451907,0.4418240906312253,0.02289381025934123
rx392:48520374534fbf55c5079c48d5271d75-C1F2H1O2P1-0-1,oxidation_free_energy,fingerprint_gpr,RX-392,PMPAIMDBFRMFJP-UHFFFAOYSA-N,[CH-]=[O+]P(=O)(F)F,test,true,6.532484161223692,6.872965919537893,0.5809773941492509,0.34048175831420036
rx392:d9ceb9b7ed76d1fa42d9fa458d30d0e0-C3F1O4P1-0-1,oxidation_free_energy,fingerprint_gpr,RX-392,YEKNQWDUGUJVFV-UHFFFAOYSA-N,[C+]#COC(=O)OP([O-])F,train,false,6.539694195900665,6.6087762169271835,0.44305772295222484,0.06908202102651817
rx392:223fe308ef4ad013168804f44e01acec-C3F1O4P1-0-1,oxidation_free_energy,fingerprint_gpr,RX-392,ULNVKYFXMLJIAZ-UHFFFAOYSA-N,O=POC(=O)OC#CF,train,false,7.524563067556301,7.561202213379794,0.4410896859882458,0.036639145823492925
rx392:b0f13dcf5a68ddbc4d962cd040cf83fb-C5F2H6O2-0-1,oxidation_free_energy,fingerprint_gpr,RX-392,PCTYDUALZWNRHO-YFKPBYRVSA-N,[O+]#COC[C@@H](F)C[CH-]F,test,true,4.0658164472715725,5.582454865211717,1.0320082805592152,1.5166384179401442
rx392:e7093972202fe91d98ae41e78912f397-C2F2H1O2P1-0-1,oxidation_free_energy,fingerprint_gpr,RX-392,WJIJSBKKNIROFR-UHFFFAOYSA-N,C#COP(=O)(F)F,train,false,7.891238133954175,7.871127879150087,0.4428125561480226,0.0201102548040879
rx392:8d81e9dbbf2892594400fa6964089385-C2F2H1O2P1-0-1,oxidation_free_energy,fingerprint_gpr,RX-392,HYHBQCVPEFEQKW-UHFFFAOYSA-N,O=C=COP(F)F,train,false,6.349930230910104,6.283573190181327,0.43061143785143907,0.0663570407287768
rx392:2e35e66ce343dedffd619c98420f83cc-C2F2H1O2P1-0-1,oxidation_free_energy,fingerprint_gpr,RX-392,PLQRPIOGJFOUOK-UHFFFAOYSA-N,[O-]C=C=[O+]P(F)F,train,false,6.046910169192415,6.077761329457551,0.4465080960382452,0.03085116026513557
rx392:1be51dbe1efa6d1c664221f811e57f9f-C2F1H2O2P1-0-1,oxidation_free_energy,fingerprint_gpr,RX-392,TVZGVMVZKJJHFT-UPHRSURJSA-N,O=PO/C=C\F,train,false,6.858917630223004,6.81517679130417,0.430948665595133,0.04374083891883451
rx392:d8f2605de501a7b204d3ab3f48f2758d-C2F1H2O2P1-0-1,oxidation_free_energy,fingerprint_gpr,RX-392,ZBNHCLBWCOWAKW-UHFFFAOYSA-N,O=P[O+]=[C-]CF,train,false,5.721266196724173,5.7887713437129005,0.44488585199080516,0.06750514698872756
rx392:712e795618e0acbdd0c4b57a53551e0a-C2H3O3P1-0-1,oxidation_free_energy,fingerprint_gpr,RX-392,UEEPGOAAMIRRAI-UHFFFAOYSA-N,O=CCOP=O,train,false,7.674424302807893,7.648404084424355,0.4424495865679384,0.026020218383537852
rx392:c7f552cb999a7ce124c18bd0725210fe-C2F2H1O3P1-0-1,oxidation_free_energy,fingerprint_gpr,RX-392,LDUDDUABFRXOCN-UHFFFAOYSA-N,O=C=COP(=O)(F)F,train,false,6.753676356463984,6.782857729853079,0.44034159105681686,0.0291813733890951
rx392:be4f0f90e01062df9189f824ca607fd3-C2F2H1O3P1-0-1,oxidation_free_energy,fingerprint_gpr,RX-392,UZVWTGIUIMWMPY-UHFFFAOYSA-N,O=P(F)(F)[O+]=C=C[O-],train,false,6.779751186622889,6.781278451338375,0.4447112626271448,0.001527264715486254
rx392:70419a2a17e6a5fd24a81a9156bb713d-C4F4H7O3P1-0-1,oxidation_free_energy,fingerprint_gpr,RX-392,OWZUIIHBHYKSCV-UHFFFAOYSA-N,OP(F)(F)(F)[O+]=CCOC[CH-]F,train,false,3.045172208592703,3.2331022428192577,0.4400299570548298,0.18793003422655463
rx392:c3f9f22ce28b83bb6492f32b439bc138-C3F3O4P1-0-1,oxidation_free_energy,fingerprint_gpr,RX-392,GGVNUPFJJKBQAL-UHFFFAOYSA-N,O=C(OC#CF)OP(=O)(F)F,train,false,7.80208170676633,7.78393404425603,0.43451256395953175,0.018147662510299867
rx392:935ab72749fc46385c6efadb4a3659cf-C3F1H3O3-0-1,oxidation_free_energy,fingerprint_gpr,RX-392,SBLRHMKNNHXPHG-REOHCLBHSA-N,O=C1OC[C@@H](F)O1,train,false,8.757716688773144,8.693040021924066,0.44852638062882466,0.06467666684907769
rx392:3c79b65d20f3023daefe4349b75b936d-C4F1H3O5-0-1,oxidation_free_energy,fingerprint_gpr,RX-392,MAGRHNUCUYWXHO-GSVOUGTGSA-N,O=C([O-])O[C@@H](F)COC#[O+],train,false,6.698118745051033,6.646401625578557,0.44070077159636306,0.05171711947247637
rx392:dc3af32f0ebff3aabc993e46eecf9c12-C2F2H3O1P1-0-1,oxidation_free_energy,fingerprint_gpr,RX-392,MELGDKXDLDYZJQ-UHFFFAOYSA-N,C=COP(F)F,test,true,6.855691457894864,6.038957138878128,0.8896047771953427,0.816734319016736
rx392:571bceae46fb809b0f9afa74166cc098-F3O1P1-0-1,oxidation_free_energy,fingerprint_gpr,RX-392,FFUQCRZBKUBHQT-UHFFFAOYSA-N,O=P(F)(F)F,train,false,9.821991646236711,9.412937540663929,0.43258191976917143,0.4090541055727819
rx392:14ecbf9adffeab91c43accfd325fddc4-C4H4O6-0-1,oxidation_free_energy,fingerprint_gpr,RX-392,ZWVIGXAESYYHMY-OWOJBTEDSA-N,O=C(O)O/C=C/OC(=O)O,train,false,6.553836031089304,6.509311100810631,0.4331917322653408,0.04452493027867277
rx392:77e36ea5825316cb2ce160bb69df140e-C4H4O6-0-1,oxidation_free_energy,fingerprint_gpr,RX-392,DHXVFTIERQCMBS-UHFFFAOYSA-N,O=C(O)OC[C-]=[O+]C(=O)O,test,true,6.290535308642575,5.8289125287907115,0.9103453925990781,0.4616227798518633
rx392:8a5050e998b7b28682f72b317573f938-C4H4O6-0-1,oxidation_free_energy,fingerprint_gpr,RX-392,SDDWCNBUKQPEBT-UHFFFAOYSA-N,O=C(O)[O+]=CCO[C+]([O-])[O-],train,false,6.538203731222893,6.528451194297867,0.44580883870070115,0.009752536925025979
rx392:82578fc54f1b73dbc927161288404fcf-C4F2H7O3P1-0-1,oxidation_free_energy,fingerprint_gpr,RX-392,LSCFZPUCXACYEI-SNVBAGLBSA-N,[O-][P@@](F)[O+]=CCOCCF,train,false,6.986680466117832,6.889071007154255,0.4446114317802398,0.09760945896357676
rx392:f9a8716ff8cf3d1944526f62e864b488-C4F2H7O3P1-0-1,oxidation_free_energy,fingerprint_gpr,RX-392,WRQPTYHRVGJJPO-SNVBAGLBSA-N,O[P@@](F)[O+]=CCOC[CH-]F,test,true,3.089279238785821,3.267362054990529,0.9432553755662114,0.17808281620470812
rx392:ea8d5c1a8759d8ff3368cfac6e8d58bd-C4F2H7O3P1-0-1,oxidation_free_energy,fingerprint_gpr,RX-392,WUVRZNWLPXAVBL-SNVBAGLBSA-N,[O-][P@@](F)OCC[O+]=CCF,train,false,5.278366510519845,5.305640109251942,0.44426916803298394,0.027273598732096893
rx392:419d46397555f67fc2e923ed4a98c18d-C4F2H7O3P1-0-1,oxidation_free_energy,fingerprint_gpr,RX-392,RBKOOOPNCJKAKV-UHFFFAOYSA-N,C=COCCOP(=O)(F)F,train,false,6.289239575577085,6.352699615163848,0.4395408870238704,0.06346003958676327
rx392:5cda00256bc78e492ac7cd5328fa32e5-C6H8O6-0-1,oxidation_free_energy,fingerprint_gpr,RX-392,RDIAOGKHDDKJRX-HNQUOIGGSA-N,O=C(O)O/C=C/CCOC(=O)O,test,true,6.592507423760253,6.731250919155347,0.7223837163215637,0.13874349539509367
rx392:14087bb55f635f76e12b515c4caab80f-C6H8O6-0-1,oxidation_free_energy,fingerprint_gpr,RX-392,UFLQDGXRAYSTJE-UHFFFAOYSA-N,O=C(O)OCCC[C-]=[O+]C(=O)O,train,false,5.868825193385419,5.994927547329487,0.4313019795972797,0.1261023539440682
rx392:60622cd678e3e23579c8ea21ccdcd939-C6H8O6-0-1,oxidation_free_energy,fingerprint_gpr,RX-392,KNSMUEMEYHPWIS-UHFFFAOYSA-N,O=C(O)[O+]=CCCCO[C+]([O-])[O-],train,false,6.4838877998518,6.491221612239161,0.4463986243957615,0.007333812387360972
rx392:2d83ec2708a54987ba5f21a518c2025c-C4F4H5O3P1-0-1,oxidation_free_energy,fingerprint_gpr,RX-392,XCJSMDDRHWNIBF-UHFFFAOYSA-N,OP(F)(F)(F)OC=C=[O+][CH-]CF,train,false,5.7619528075993,5.764942589485256,0.4475589844051295,0.002989781885955445
rx392:aa6cf6f2f061f54b089a5e2740c5738c-C4F4H5O3P1-0-1,oxidation_free_energy,fingerprint_gpr,RX-392,VTQQKTGSCODGKX-UHFFFAOYSA-N,OP(F)(F)(F)[O+]=CCOC=[C-]F,train,false,4.600601120982901,4.584507899060393,0.43918453645503547,0.016093221922508505
rx392:8fcf6da3917e28613ae02746eb4413ed-C4F4H5O3P1-0-1,oxidation_free_energy,fingerprint_gpr,RX-392,NFVSVNWIJCUWIU-UHFFFAOYSA-N,OP(F)(F)(F)[O+]=C=CO[CH-]CF,train,false,4.950720409397036,4.9708300558433764,0.4465102901291162,0.020109646446340612
rx392:42c1f80fccf1c7cd705908378384f551-C4F4H5O3P1-0-1,oxidation_free_energy,fingerprint_gpr,RX-392,ZTCMYMAAHLEZHK-ONEGZZNKSA-N,OP(F)(F)(F)O/C=C/[O+]=[C-]CF,train,false,6.48063134246695,6.442102141688644,0.4431521164111155,0.03852920077830557
rx392:908e70f5f0342915fd78ed3b98289086-C4F4H5O3P1-0-1,oxidation_free_energy,fingerprint_gpr,RX-392,HIRTYHRGENRCML-ONEGZZNKSA-N,OP(F)(F)(F)O/C=C/OC[C-]=[F+],train,false,5.786891607145662,5.8317263834467585,0.44243661603748907,0.04483477630109611
rx392:7983f518ec5f0e8d6ce067a43780ccd2-C4F4H5O3P1-0-1,oxidation_free_energy,fingerprint_gpr,RX-392,HLXPDGBXIIZKRF-UHFFFAOYSA-N,OP(F)(F)(F)OC#COCCF,train,false,6.26785156938422,6.277099775528746,0.44785054204401714,0.009248206144525817
rx392:691ec7ecaddf547e284a85d6057b5da1-C2F3O1P1-0-1,oxidation_free_energy,fingerprint_gpr,RX-392,JUYBSSUZFIUIGW-UHFFFAOYSA-N,FC#COP(F)F,train,false,7.276419584813993,7.301542292214249,0.4370623776251413,0.02512270740025535
rx392:0a520d0e09c071cab5ba79f842785136-F2H1O2P1-0-1,oxidation_free_energy,fingerprint_gpr,RX-392,DGTVXEHQMSJRPE-UHFFFAOYSA-N,O=P(O)(F)F,test,true,9.336634498475178,7.645132662623378,0.5843794843619348,1.6915018358518
rx392:bea9f8f92f17ce7b21d77ac7b2ab96de-C3H4O4-0-1,oxidation_free_energy,fingerprint_gpr,RX-392,ICKCSDLZUVLALP-UHFFFAOYSA-N,O=C(O)[O+]=[C-]CO,train,false,6.110060427963617,6.251357146719494,0.43878936251097683,0.14129671875587668
rx392:afe6a2932a4dadd9ffbafd0f618c2197-C3H4O4-0-1,oxidation_free_energy,fingerprint_gpr,RX-392,NGQSOUJFJIALFZ-OWOJBTEDSA-N,O=C(O)O/C=C/O,train,false,6.092137438296049,6.190405957239449,0.4242716759434042,0.09826851894339939
rx392:578515426dfd7d00ce4f8feeb5e7dc72-C3H4O4-0-1,oxidation_free_energy,fingerprint_gpr,RX-392,RWBAWWWSHWELEI-UHFFFAOYSA-N,O=C([O-])OC[CH+]O,train,false,6.486700368941456,6.480442952028773,0.44664447987169364,0.006257416912682778
rx392:7fa3376c2653bf2b400a3716928564a8-C4F1H7O2-0-1,oxidation_free_energy,fingerprint_gpr,RX-392,NWCCHUPUMSRTAD-UHFFFAOYSA-N,[O-]CC[O+]=CCF,train,false,4.986103422828819,5.057095167740358,0.4444829490173991,0.07099174491153892
rx392:0d5b5afbc48149f2a157ada863e3b093-C4F1H7O2-0-1,oxidation_free_energy,fingerprint_gpr,RX-392,XZEZODIITWGNCH-UHFFFAOYSA-N,O=CCOCCF,train,false,7.118881924832749,7.090309565830854,0.4227637817798947,0.028572359001895364
rx392:dc9d1683439687356a04502031ecf779-C3H3O3P1-0-1,oxidation_free_energy,fingerprint_gpr,RX-392,YBBDJQZVVRBANS-UHFFFAOYSA-N,C=COC(=O)[O+]=[P-],train,false,5.29917798666429,5.304811329540155,0.4328826522199651,0.005633342875865033
rx392:7bd57fea6c57e333f47b8062ceeea609-C3H3O3P1-0-1,oxidation_free_energy,fingerprint_gpr,RX-392,NOYWXBZKJAJNLP-UHFFFAOYSA-N,C=C[O+]=C=[O+][P-][O-],train,false,6.790914712182712,6.7523459680708795,0.44621159377111524,0.03856874411183231
rx392:6ecda3f5fc589415cdee44cf5cf40122-C3H1O3P1-0-1,oxidation_free_energy,fingerprint_gpr,RX-392,MHGKIRRPNXMZMW-UHFFFAOYSA-N,C#COC(=O)[O+]=[P-],train,false,5.564620925742929,5.6110530211988605,0.4397446916005594,0.04643209545593141
rx392:cfd5075ae4fc772d2f2b95b41c4e8035-C2F3O2P1-0-1,oxidation_free_energy,fingerprint_gpr,RX-392,OTJGUQWZGKMDTN-UHFFFAOYSA-N,O=P(F)(F)OC#CF,train,false,7.780666109727463,7.7400895395953215,0.43744918297331503,0.04057657013214122
rx392:2881971a29bc414c0a79cf1a019df7d8-C6H10O5-0-1,oxidation_free_energy,fingerprint_gpr,RX-392,CGMLNVQQZYYACK-UHFFFAOYSA-N,O=C(O)OCCCC[O+]=[C-]O,train,false,6.188684095090139,6.697977116353824,0.38142206304579207,0.5092930212636855
rx392:78d898a1a2131b55b8d4ce9c4fb514fa-C1F1H2O3P1-0-1,oxidation_free_energy,fingerprint_gpr,RX-392,WJWIHWMMIHTGMA-UHFFFAOYSA-N,C=[O+]P(=O)([O-])F,test,true,8.435281542504526,6.682286068173337,0.7661807663384862,1.7529954743311897
rx392:1548e6e969e6678853e16a9d3b891995-C3F3H6O2P1-0-1,oxidation_free_energy,fingerprint_gpr,RX-392,HCWJXHMOQNIBGX-UHFFFAOYSA-N,[CH2-]OCCO[P+](F)(F)F,train,false,5.046609766442998,5.120707117653112,0.44284418149608595,0.07409735121011352
rx392:9b0a84f6bcd49a0e426f3992c5435d4e-C3F1H6O2P1-0-1,oxidation_free_energy,fingerprint_gpr,RX-392,NCVXBDNWLBFOQG-UHFFFAOYSA-N,C=[O+]CCO[P-]F,train,false,3.941454783693189,4.031695513070897,0.4480330811763533,0.0902407293777081
rx392:6040c3b4c4bc1f39915dd6ae10f38081-C1F3N1O2S2-0-1,oxidation_free_energy,fingerprint_gpr,RX-392,LOYPLYBAQULGSM-UHFFFAOYSA-N,O=S(=O)(N=S)C(F)(F)F,train,false,7.209377885956201,7.2111026453847495,0.4473219652451907,0.0017247594285487722
rx392:c4fb0d278453fb0bae00d353e83bedd6-C1F3N1S2-0-1,oxidation_free_energy,fingerprint_gpr,RX-392,SCSIGUOKWOJZAW-UHFFFAOYSA-N,FC(F)(F)SN=S,train,false,6.496647273186682,6.527080195113503,0.4472641704300323,0.030432921926821344
rx392:7ff8e52a1d90eec55fd84c181ec7c6ff-C3F1H2O3P1-0-1,oxidation_free_energy,fingerprint_gpr,RX-392,FIWMHJNPEQNBFX-UHFFFAOYSA-N,[O-][P-][O+]=C=[O+]C[C-]=[F+],train,false,6.593894149369589,6.536812367057948,0.44437500625964926,0.057081782311641405
rx392:0cb31ae070376b2df1705bc872f553f1-C3F1H2O3P1-0-1,oxidation_free_energy,fingerprint_gpr,RX-392,QYMPXOBOCUEYSJ-UHFFFAOYSA-N,O=C(OC[C-]=[F+])[O+]=[P-],train,false,5.3270255517236365,5.294950900618077,0.4322807121888869,0.032074651105559404
rx392:4d9e4ba7f6274b1c33a7cde73ab7fea4-C3F1H2O3P1-0-1,oxidation_free_energy,fingerprint_gpr,RX-392,ZOLLSSBJOIYUKW-UHFFFAOYSA-N,O=C([O+]=[P-])[O+]=[C-]CF,train,false,5.5252568719261035,5.5356508155756865,0.4459450347467939,0.010393943649583015
rx392:ac23131feb944800b5d02fa5e292e6d0-C3F1H2O3P1-0-1,oxidation_free_energy,fingerprint_gpr,RX-392,FOKNTPSCAHQHBY-UPHRSURJSA-N,O=C(O/C=C\F)[O+]=[P-],train,false,5.328908919389505,5.330361293728464,0.4401197439614763,0.0014523743389585064
rx392:dd955e703d6c0827f99f92d9ec9ddefb-C2F3H4O2P1-0-1,oxidation_free_energy,fingerprint_gpr,RX-392,RFJVYQFUZPNUJW-UHFFFAOYSA-N,C=COP(O)(F)(F)F,train,false,6.555035226760083,6.557006692933932,0.44150280449935614,0.0019714661738490236
rx392:ed2aaaf49ed7c7beb9aff5f288bcac16-C2F3H4O2P1-0-1,oxidation_free_energy,fingerprint_gpr,RX-392,HKEMDSWHALFBQT-UHFFFAOYSA-N,O=P(F)(F)OCCF,train,false,9.025647608650615,8.569839812978826,0.42459746755567834,0.45580779567178986
rx392:82eb0ed55f3099cfa273cd4a2c22b3f9-C3H3O2P1-0-1,oxidation_free_energy,fingerprint_gpr,RX-392,CCMWXFXAMURFIT-UHFFFAOYSA-N,C=C[O+]=[C-][O+]=[P-],test,true,5.060783057462686,5.6103597359886965,0.7603408297300731,0.5495766785260106
rx392:778aa819b51f24af08b9500e29ee88f8-C3F2H3O3P1-0-1,oxidation_free_energy,fingerprint_gpr,RX-392,HCSAQDLCGQZRJN-UHFFFAOYSA-N,C=C[O+]=[C-]OP(=O)(F)F,train,false,7.281309193007473,7.205091785836799,0.4329309347949446,0.07621740717067471
rx392:224f1c1ef0de881ba40b47a8c0e482fb-C3F2H3O3P1-0-1,oxidation_free_energy,fingerprint_gpr,RX-392,XHYVYPTUTXZPON-UHFFFAOYSA-N,C=COC(=O)OP(F)F,train,false,6.9943829752992315,7.011855968791462,0.4387802224099104,0.017472993492230415
rx392:6a749e8aa4b69eaa368d2447ae1be167-C2H1O3P1-0-1,oxidation_free_energy,fingerprint_gpr,RX-392,GFKMYEYYVBMTGZ-UHFFFAOYSA-N,O=C=COP=O,train,false,6.333197623473097,6.3660369491263396,0.43860754680962566,0.03283932565324221
rx392:936e9e0c9c07a526ac0e8e4178ff7ed9-C2H1O3P1-0-1,oxidation_free_energy,fingerprint_gpr,RX-392,VRDROWXNTKTQGC-UHFFFAOYSA-N,O=P[O+]=C=C[O-],train,false,6.003503101746901,6.05319683124797,0.44408080139666434,0.04969372950106887
rx392:2b2beeb5c0de15bfe309a1a9166f58bf-C4F3H6O3P1-0-1,oxidation_free_energy,fingerprint_gpr,RX-392,RUHDHDDPGFJWTE-ONEGZZNKSA-N,C=CO/C=C/OP(O)(F)(F)F,train,false,5.794055115042283,5.829722360229901,0.44199252572669434,0.03566724518761788
rx392:3ae7da5ea8451513ecb9a50c5ce58d6e-C4F3H6O3P1-0-1,oxidation_free_energy,fingerprint_gpr,RX-392,HDWRTNIKGBUHPK-OWOJBTEDSA-N,O=P(F)(F)OCCO/C=C/F,test,true,6.122874978493201,6.193295004508275,0.8147195343393832,0.07042002601507402
rx392:04929a667d04a50c4640d3e4bc6169ce-C4F3H6O3P1-0-1,oxidation_free_energy,fingerprint_gpr,RX-392,FAFNZQCMUULBEV-UHFFFAOYSA-N,[CH-]=COCC=[O+]P(O)(F)(F)F,train,false,4.074402973194083,4.139360831487133,0.442037510962236,0.06495785829305056
rx392:845e0ebd5c73aedbd5f13374265969af-C4F3H6O3P1-0-1,oxidation_free_energy,fingerprint_gpr,RX-392,DSTXKVALWBYNJT-UHFFFAOYSA-N,O=P(F)(F)OCC[O+]=[C-]CF,train,false,6.002063793479465,6.037174786045118,0.4234146814974356,0.0351109925656532
rx392:c506165f6cc71a02fcd88568fa86271c-C4F3H6O3P1-0-1,oxidation_free_energy,fingerprint_gpr,RX-392,HWEVNYWTQXBQLS-ONEGZZNKSA-N,O[P+](F)(F)O/C=C/OC[CH-]F,test,true,4.934549035158852,5.321329871155595,0.8233638607617141,0.38678083599674284
rx392:1bb2e75cce5131e755ed9eba1c6f763a-C4F4H7O2P1-0-1,oxidation_free_energy,fingerprint_gpr,RX-392,KYGBLAHPGAKPBT-UHFFFAOYSA-N,F[CH-]COCCO[P+](F)(F)F,train,false,4.846326213795692,4.817524617407457,0.44052110990450766,0.02880159638823443
rx392:5a74d769f03b500059d19e7f8772cdd0-C4F4H7O2P1-0-1,oxidation_free_energy,fingerprint_gpr,RX-392,BTZKNVPCNMJTGG-UHFFFAOYSA-N,FCCO[CH-]CO[P+](F)(F)F,train,false,5.245986506353802,5.269805287508074,0.4303464982386999,0.023818781154272273
rx392:1555a9ae48f02c7055964e3d8e1027ff-C4F4H7O2P1-0-1,oxidation_free_energy,fingerprint_gpr,RX-392,PAAKWGZHJPXUJK-UHFFFAOYSA-N,FC[CH-]OCCO[P+](F)(F)F,train,false,5.049745727490517,5.091130642985303,0.44423742189347026,0.041384915494785623
rx392:06bf74e46db587e6b52d7cfd3d7f32ce-C2F1H4O3P1-0-1,oxidation_free_energy,fingerprint_gpr,RX-392,GBXWZVOUCRPXSR-ZETCQYMHSA-N,[CH-]=[O+][P@@](=O)(F)OC,test,true,6.119523601581022,6.985943638657471,0.934339979477351,0.8664200370764483
rx392:97da17e94c50f325d7832b5f8eb42c99-C4F3H6O3P1-0-1,oxidation_free_energy,fingerprint_gpr,RX-392,HDYWTSRBPRUOFG-UHFFFAOYSA-N,O=P(F)(F)OCCOC[C-]=[F+],test,true,6.545524538556492,6.814078656878023,0.7852634055333334,0.2685541183215312
rx392:333d1e44a799c7e0b3678a352eb68f13-C4F2H7O2P1-0-1,oxidation_free_energy,fingerprint_gpr,RX-392,MNHDDDSZUQHRGW-UHFFFAOYSA-N,C=COCCOP(F)F,test,true,6.28151984062788,6.376778557946484,0.6783944729202446,0.0952587173186048
rx392:3c7628b0c58ea48032eaafe63ff375fb-C4F2H7O2P1-0-1,oxidation_free_energy,fingerprint_gpr,RX-392,PHUGHTCAHUHWOG-UHFFFAOYSA-N,FCCOCC=[O+][P-]F,train,false,4.479251415879844,4.647513386588951,0.4358827237049199,0.1682619707091071
rx392:49a6c47904d5071bf495ef62289c7747-C4H10O2-0-1,oxidation_free_energy,fingerprint_gpr,RX-392,WERYXYBDKMZEQL-UHFFFAOYSA-N,OCCCCO,train,false,7.340719339192219,7.2758865300084326,0.43773240686618037,0.06483280918378664
rx392:20a1cb1b939d750d91d02d795b402b61-C6F2H6O4-0-1,oxidation_free_energy,fingerprint_gpr,RX-392,WEOLSQZHCZFASG-OLQVQODUSA-N,O=[C-]OC[C@H](F)[C@H](F)COC#[O+],train,false,3.9790240292059025,4.1336526198266785,0.44531512987800426,0.15462859062077605
rx392:bf967f866014d1510bcfba7aebca3b2f-F1N1O2S2-0-1,oxidation_free_energy,fingerprint_gpr,RX-392,GGLOSWGOTVFHNA-UHFFFAOYSA-N,O=S(=O)(F)N=S,train,false,7.349566681266879,7.329944412460458,0.4457091645257139,0.019622268806420706
rx392:09f20ad4010955c45910a3394aa3ce0e-C4F3H8O3P1-0-1,oxidation_free_energy,fingerprint_gpr,RX-392,CDGMDRZKZLOQNQ-UHFFFAOYSA-N,[CH2-]COCC=[O+]P(O)(F)(F)F,test,true,3.1948091688609566,3.7582554426587733,0.8614010660049387,0.5634462737978168
rx392:4548b7fbbfd9e0216d5dcd9cb437c65b-C3F3H2O4P1-0-1,oxidation_free_energy,fingerprint_gpr,RX-392,XVLJQJZZJFJPBU-UHFFFAOYSA-N,O=C(OP(=O)(F)F)[O+]=[C-]CF,train,false,6.607063482857484,6.615274847872879,0.44437376997548145,0.008211365015394989
rx392:44e6990c1b3c514ecacef0660e0c6423-C3F3H2O4P1-0-1,oxidation_free_energy,fingerprint_gpr,RX-392,AAERQJYPQQTSDR-UHFFFAOYSA-N,O=C(OC[C-]=[F+])OP(=O)(F)F,train,false,7.053878699931374,7.085995652432328,0.4428558450354899,0.03211695250095392
rx392:136e064da88dfc20b606f64102678a51-C4F4H5O2P1-0-1,oxidation_free_energy,fingerprint_gpr,RX-392,LZBWHVCDQDGLEH-UHFFFAOYSA-N,FC=[C-]OCCO[P+](F)(F)F,train,false,5.110038421396894,5.154355675594325,0.4458392579184121,0.04431725419743149
rx392:5f684626cf2d0adf9ebf421436c7e8ed-C4F4H5O2P1-0-1,oxidation_free_energy,fingerprint_gpr,RX-392,ATYPQYWEWJYECR-UHFFFAOYSA-N,F[C-]=COCCO[P+](F)(F)F,train,false,5.016034518586821,5.1239118152147265,0.43876159849563917,0.10787729662790557
rx392:e047a270f0060f5ca0f7b3611cc3da3c-C4F4H5O2P1-0-1,oxidation_free_energy,fingerprint_gpr,RX-392,QDHHVEUEVDMSRQ-UHFFFAOYSA-N,F[P+](F)(F)OC[CH-]OC[C-]=[F+],train,false,5.25615932236542,5.281172871678027,0.4287997380797884,0.025013549312607353
rx392:123aa122a965a5d72482b60c4faaeac5-C3F1H2O2P1-0-1,oxidation_free_energy,fingerprint_gpr,RX-392,PYHCZXYKSZBJGD-UPHRSURJSA-N,F/C=C\[O+]=[C-][O+]=[P-],train,false,5.134483900383202,5.172558513007262,0.44544243539204476,0.03807461262405987
rx392:e1b3ee6876e218708f14970ee8ce564d-C3F1H2O2P1-0-1,oxidation_free_energy,fingerprint_gpr,RX-392,ZYGHMFCEGARLNI-UHFFFAOYSA-N,[F+]=[C-]C[O+]=[C-][O+]=[P-],train,false,5.0848834381504275,5.12678122447249,0.4392396983637614,0.0418977863220622
rx392:ffa722446da2bdce8596e58b0325e77e-C2F1H4O2P1-0-1,oxidation_free_energy,fingerprint_gpr,RX-392,OAPSVWVYBBSJPL-UHFFFAOYSA-N,O=POCCF,train,false,7.679271181419608,7.66584477524252,0.43573076781638415,0.013426406177088346
rx392:c639d1597e6b8d3cc788eb0f79519b09-C2F1H4O2P1-0-1,oxidation_free_energy,fingerprint_gpr,RX-392,CDOJMNOPDHEVIP-ZCFIWIBFSA-N,[CH-]=[O+][P@@](F)OC,train,false,5.4655969824889326,5.542508114400972,0.4448378308762944,0.07691113191203947
rx392:9a272b9f71079ea8cb63952bff4d6859-C2F1H4O2P1-0-1,oxidation_free_energy,fingerprint_gpr,RX-392,JEEQHMIUBGXUEB-ZCFIWIBFSA-N,C=CO[P@@](O)F,test,true,6.565952458524407,6.245659293050268,0.7423434360307134,0.3202931654741388
rx392:d209b7fca40a0075ae08a14ea4e99f9b-C3F1H4O4P1-0-1,oxidation_free_energy,fingerprint_gpr,RX-392,FHLINRSUENUQLX-UHFFFAOYSA-N,O=POC(=O)OCCF,train,false,8.349809544295567,8.228536000002952,0.44206599625658693,0.12127354429261494
rx392:913a46f02fa940717e1a86f1556fad4e-C4H8O3-0-1,oxidation_free_energy,fingerprint_gpr,RX-392,JBTWLSYIZRCDFO-UHFFFAOYSA-N,CCOC(=O)OC,test,true,8.146998275142323,7.554680625325363,0.5005255264359355,0.5923176498169598
rx392:246afdd97110ea78e150fb138cf2ea92-C5H8O2-0-1,oxidation_free_energy,fingerprint_gpr,RX-392,RBELWZTTZLXTEA-UHFFFAOYSA-N,C[C-]=[O+][C-]=[O+]CC,train,false,6.441043101454852,6.510688821746468,0.4430633147672848,0.06964572029161609
rx392:3aab79c7f56d26cbfa207b305170d3fd-C5H8O2-0-1,oxidation_free_energy,fingerprint_gpr,RX-392,KZXJSZRXKLHDAM-UHFFFAOYSA-N,C=C[O+]=[C-]OCC,test,true,6.118959037397872,5.929840686260947,0.6714235457706966,0.18911835113692455
rx392:a59e6c1837d2d64831fe45170e6996c9-C5H8O2-0-1,oxidation_free_energy,fingerprint_gpr,RX-392,JYWTYTUFPXGMAK-UHFFFAOYSA-N,C=CCC[O+]=[C-]O,train,false,6.877936101282103,6.754401515205193,0.43116186619334956,0.12353458607690992
rx392:6fda537c573db2e86cfd0066e1b63f0a-C5H8O2-0-1,oxidation_free_energy,fingerprint_gpr,RX-392,OKFSBEPUAXIQNU-UHFFFAOYSA-N,C[CH-][O+]=C=[O+][CH-]C,test,true,3.4613732749730843,6.501926235410667,1.5783757488587458,3.0405529604375827
rx392:bc2536af65293855a3db8ff8e9cfedb9-C4-0-1,oxidation_free_energy,fingerprint_gpr,RX-392,FMIYQRFAIMZVNM-UHFFFAOYSA-N,[C+]#CC#[C-],train,false,7.73050951003097,7.7709183247973375,0.42994980835240115,0.040408814766367485
rx392:e4af80ed7395aef9001d1b170c5c0ec6-C1H2O1-0-1,oxidation_free_energy,fingerprint_gpr,RX-392,WSFSSNUMVMOOMR-UHFFFAOYSA-N,C=O,train,false,7.645802006411941,7.543002590124601,0.43088262901735064,0.1027994162873398
rx392:008565e723376b227b96affb399076e4-C2F1H2O1P1-0-1,oxidation_free_energy,fingerprint_gpr,RX-392,JCOWVKDGTBWZQH-UHFFFAOYSA-N,[F+]=[C-]C[O+]=[P-],train,false,5.007592981906782,5.178976611552833,0.4255134549285018,0.17138362964605047
rx392:3fcff53f213e649591b379219e598dd1-C2F1H2O1P1-0-1,oxidation_free_energy,fingerprint_gpr,RX-392,CVCHJCQMHRXNKV-UPHRSURJSA-N,F/C=C\[O+]=[P-],train,false,4.99056628321523,5.089293834814849,0.4393156259173722,0.09872755159961866
rx392:77358f89405e1e92cb317182333fa86f-C2-0-1,oxidation_free_energy,fingerprint_gpr,RX-392,LBVWYGNGGJURHQ-UHFFFAOYSA-N,[C+]#[C-],train,false,9.124661656763237,8.549446868750387,0.4181572777187625,0.5752147880128504
rx392:b812bca53e9edfa5c1a76413b8b52d6e-C3H4O1-0-1,oxidation_free_energy,fingerprint_gpr,RX-392,DMAZUHPLIHKHFL-UHFFFAOYSA-N,C=C=[O+][CH2-],train,false,5.577824354010772,5.6669340477417105,0.43722922558851196,0.08910969373093813
rx392:2ad1bfb8dc71b8d128bd4661a86028d8-C3H4O1-0-1,oxidation_free_energy,fingerprint_gpr,RX-392,TVDSBUOJIPERQY-UHFFFAOYSA-N,C#CCO,train,false,7.517647965076321,7.515040656462725,0.43832461173255205,0.0026073086135962598
rx392:f2c30241e2e2273e59b9b15026755415-C3H4O1-0-1,oxidation_free_energy,fingerprint_gpr,RX-392,HGINCPLSRVDWNT-UHFFFAOYSA-N,C=CC=O,train,false,7.6355113206709575,7.462431590297883,0.4254563342678648,0.17307973037307445
rx392:eaee414191c3cdd2c729d6b8b60ace1a-C3H4O1-0-1,oxidation_free_energy,fingerprint_gpr,RX-392,QJRDTOIKHQIJLL-UHFFFAOYSA-N,[CH2+]C=[C-]O,train,false,5.590548984519046,5.689262141496605,0.4361494696383659,0.098713156977559
rx392:709c5f08f8e9f9dc320f92881c98bb8d-C3H4O1-0-1,oxidation_free_energy,fingerprint_gpr,RX-392,YQTVBZHHWNMNKX-UHFFFAOYSA-N,C=C=CO,train,false,6.172361199719489,6.246681515797718,0.42018257418711,0.07432031607822864
rx392:50119444c444f4e83d5d9eea8eb46bc3-C3H4O1-0-1,oxidation_free_energy,fingerprint_gpr,RX-392,FMNGCVKRMOYGKC-UHFFFAOYSA-N,[CH-]=[O+]C=C,train,false,5.8279062665515085,5.913171610362451,0.43740497203705747,0.08526534381094297
rx392:7d5eb6bbb84fb2e36b80d0e8b74f0d80-C3H4O3-0-1,oxidation_free_energy,fingerprint_gpr,RX-392,BUTNBPHMSLWDBB-UHFFFAOYSA-N,C=[O+]C(=O)O[CH2-],train,false,3.9880055108133092,4.115908009288223,0.44480293978715607,0.12790249847491353
rx392:06580be20d403d09f627fe858572c511-C3H4O3-0-1,oxidation_free_energy,fingerprint_gpr,RX-392,JCZKILZQSCSMDM-OWOJBTEDSA-N,O[C-]=[O+]/C=C/O,train,false,6.102408663044116,6.134063276367343,0.4413013345498038,0.0316546133232265
rx392:026bac9d6f9da06c0db598e93ffdb069-C3H4O3-0-1,oxidation_free_energy,fingerprint_gpr,RX-392,FXPHJTKVWZVEGA-UHFFFAOYSA-N,C=COC(=O)O,train,false,6.923307567018128,6.8970961266580755,0.4344115883444791,0.026211440360052407
rx392:f072e9ab7c7364436335ff7aa6bfb44d-C3H4-0-1,oxidation_free_energy,fingerprint_gpr,RX-392,OOXWYYGXTJLWHA-UHFFFAOYSA-N,C1=CC1,train,false,6.5967913030135605,6.639976446905573,0.4380818913293566,0.043185143892012334
rx392:3913fc4e49ba8d3c3b49ac60272cc307-C3H4-0-1,oxidation_free_energy,fingerprint_gpr,RX-392,OQOPKWGTWCVGHN-UHFFFAOYSA-N,[CH-]=C[CH2+],train,false,5.369627661643335,5.498511864264747,0.4278833754390962,0.12888420262141143
rx392:dbcb7576fc44002df96b331d41d85893-C3H4-0-1,oxidation_free_energy,fingerprint_gpr,RX-392,MWWATHDPGQKSAR-UHFFFAOYSA-N,C#CC,train,false,7.4519830849485516,7.428667837152447,0.4329795121358124,0.02331524779610472
rx392:d2774c3c7e51ef586311938745c9d719-C3H4-0-1,oxidation_free_energy,fingerprint_gpr,RX-392,IYABWNGZIDDRAK-UHFFFAOYSA-N,C=C=C,train,false,6.767389313251442,6.767511041582579,0.43571139030077355,0.00012172833113677228
rx392:8c11c7f439bc11c00a650118281a8423-C2H2O1-0-1,oxidation_free_energy,fingerprint_gpr,RX-392,QFXZANXYUCUTQH-UHFFFAOYSA-N,C#CO,train,false,7.227977565336914,7.236743388224552,0.4322052463289116,0.008765822887637498
rx392:db38b27b8bc203eb8e84f808deccd211-C2H2O1-0-1,oxidation_free_energy,fingerprint_gpr,RX-392,CCGKOQOJPYTBIH-UHFFFAOYSA-N,C=C=O,test,true,6.695882528095353,6.601589681073711,0.4923141861784885,0.09429284702164242
rx392:85a0b2cb7df42b9ce75148d553a5413c-C4F1H5O2-0-1,oxidation_free_energy,fingerprint_gpr,RX-392,NFRSUFCVPJPISR-UHFFFAOYSA-N,[O-]C=C=[O+]CCF,train,false,6.0545226496578834,6.0780211815690794,0.4440033395475032,0.023498531911195997
rx392:487e38e4c49b1645f4db9f9b058e1a85-C4F1H5O2-0-1,oxidation_free_energy,fingerprint_gpr,RX-392,GSEPJCCJRORXBD-UHFFFAOYSA-N,O=CCOC[C-]=[F+],train,false,7.202654620292378,7.114219729352394,0.4312820581002788,0.08843489093998436
rx392:b9c881903e8e7af10c9fa7285c546dab-C4F1H5O2-0-1,oxidation_free_energy,fingerprint_gpr,RX-392,QWLNWTOCEWNDAC-UHFFFAOYSA-N,O=C=COCCF,train,false,5.792766719407155,5.837357833426417,0.44220769612256094,0.04459111401926208
rx392:1b30b01ddff3aa438d454e56a45cbb95-C4F1H5O2-0-1,oxidation_free_energy,fingerprint_gpr,RX-392,YBOSEYLQPLVONR-HNQUOIGGSA-N,O=CCO/C=C/F,train,false,6.165539896255723,6.211048592272619,0.4422345874184993,0.045508696016896444
rx392:b48550501accae491101b12773fb2296-C3H3O4P1-0-1,oxidation_free_energy,fingerprint_gpr,RX-392,JBEIJKJLJZCZFC-UHFFFAOYSA-N,C=COC(=O)OP=O,test,true,6.97138357986114,7.415571001255175,0.6743494102962343,0.44418742139403555
rx392:2da908be95a4ca5fb3be510eb469c625-C3F3H6O3P1-0-1,oxidation_free_energy,fingerprint_gpr,RX-392,UJTBXDRWYRTHJK-UHFFFAOYSA-N,[CH2-]OCC=[O+]P(O)(F)(F)F,test,true,2.941924005310284,4.61133918731298,0.8811673539463604,1.6694151820026963
rx392:55ca6ec8a2cf3efd25a30cc806def00f-C3F1H4O2P1-0-1,oxidation_free_energy,fingerprint_gpr,RX-392,OCMCERHKUCOWRV-UHFFFAOYSA-N,FCC[O+]=[C-][O+]=[P-],train,false,4.988140762190596,5.053632595268056,0.4396015550084019,0.0654918330774592
rx392:d3705b2b21d0bbfb9f9f0bafb7060c64-C3F3H4O2P1-0-1,oxidation_free_energy,fingerprint_gpr,RX-392,OKNQBAOIRDCUQY-UHFFFAOYSA-N,FCC[O+]=[C-]OP(F)F,train,false,6.332916760213266,6.3858474843245165,0.44039452298466225,0.05293072411125088
rx392:f4f2514ef548091fac10596c1eda0a83-C2F1H5-0-1,oxidation_free_energy,fingerprint_gpr,RX-392,UHCBBWUQDAVSMS-UHFFFAOYSA-N,CCF,train,false,8.450225317774311,8.017263149693994,0.41631114554471493,0.4329621680803175
rx392:a09bd161f99ef9c01b54cbaf4144cf38-C1F3N1S1-0-1,oxidation_free_energy,fingerprint_gpr,RX-392,AAXXOYNBIPBZCE-UHFFFAOYSA-N,N#SC(F)(F)F,train,false,7.3405007664368895,7.322567290540746,0.4448459662380056,0.017933475896143136
rx392:ef1e50212e5f9a09e73d506f901abefe-C2F3H2O3P1-0-1,oxidation_free_energy,fingerprint_gpr,RX-392,MVPLXAZBLZNPNR-UHFFFAOYSA-N,O=C=COP(O)(F)(F)F,test,true,6.088158690115961,6.434629513588521,0.7826892363826639,0.3464708234725604
rx392:d0493d190d4ed0e739eff2814ce28f04-C3F3O3P1-0-1,oxidation_free_energy,fingerprint_gpr,RX-392,RSUQQKAVYYYAMJ-UHFFFAOYSA-N,O=P(F)(F)O[C-]=[O+]C#CF,train,false,8.091307154434617,8.059766740356608,0.4460099819685141,0.031540414078008894
rx392:a636101b3bb07ae1a18cd2d58615cb6e-C3F3O3P1-0-1,oxidation_free_energy,fingerprint_gpr,RX-392,BXAOLLYWACCEFX-UHFFFAOYSA-N,O=C(OC#CF)OP(F)F,train,false,7.540458562147251,7.4833839127184,0.4348091230468609,0.05707464942885032
rx392:e9f8d977a4573e522f78d01f77b71008-C6H8O5-0-1,oxidation_free_energy,fingerprint_gpr,RX-392,QQEXEEDMFFZXMX-DUXPYHPUSA-N,O=C(O)O/C=C/CC[O+]=[C-]O,train,false,6.5074603797002055,6.496266888786523,0.44317398856979645,0.011193490913682602
rx392:b0826e97321191f6134c4c990682c841-C6H8O5-0-1,oxidation_free_energy,fingerprint_gpr,RX-392,JTPAGSDUGREDNW-HNQUOIGGSA-N,O=C(O)OCC/C=C/[O+]=[C-]O,train,false,6.585125442015851,6.519877929088129,0.42899436776212535,0.0652475129277219
rx392:44303505daaf06af4bea6a6880b3e2c2-C6H8O5-0-1,oxidation_free_energy,fingerprint_gpr,RX-392,CPFDTFPNYBASJP-UHFFFAOYSA-N,O=C(O)[O+]=[C-]CCC[O+]=[C-]O,train,false,5.85931840392368,5.7865151690215,0.43741714237493096,0.07280323490217988
rx392:94a870ca0bb49bc0f28aeb34c846d3c7-C6H8O5-0-1,oxidation_free_energy,fingerprint_gpr,RX-392,PZYYRUSVWMSYNA-UHFFFAOYSA-N,O=C(O)O[CH-]CCCOC#[O+],train,false,3.8593846596231742,3.9467464277467093,0.4453065304441138,0.08736176812353502
rx392:24623b2b2158cb018e8e05656da96a2c-C4F3H8O2P1-0-1,oxidation_free_energy,fingerprint_gpr,RX-392,IHMQIPQVQXSNCT-UHFFFAOYSA-N,[CH2-]COCCO[P+](F)(F)F,train,false,5.005286645966407,5.0426916077690915,0.44100601079301704,0.037404961802684156
rx392:3709938b1042f5f0eb1e484350b5c440-C4F3H8O2P1-0-1,oxidation_free_energy,fingerprint_gpr,RX-392,OYKFCNJSJWCLQV-UHFFFAOYSA-N,FCCOCCOP(F)F,train,false,7.481141815660521,7.352310788361127,0.42938163764817855,0.12883102729939466
rx392:3e2da78536092d0bc73cd1fe2bb9d0ff-C1F2H3O2P1-0-1,oxidation_free_energy,fingerprint_gpr,RX-392,ZLTVJTLCEBCPRC-UHFFFAOYSA-N,COP(=O)(F)F,train,false,9.019673735856486,8.862448401200856,0.4410173005872912,0.15722533465562982
rx392:64cdd76288da4cd4db45a8d0965a4ed5-C3H6O1-0-1,oxidation_free_energy,fingerprint_gpr,RX-392,XXROGKLTLUQVRX-UHFFFAOYSA-N,C=CCO,train,false,6.799633608664408,6.8103906148613005,0.40573075385231105,0.010757006196892682
rx392:311eef44ca0634a1e16023369a1c70c2-C4H4O2-0-1,oxidation_free_energy,fingerprint_gpr,RX-392,AAKAUACJZNKYNA-UHFFFAOYSA-N,OC=C=C=CO,test,true,5.343703792994347,5.658130785351739,0.9072447352497228,0.3144269923573919
rx392:da710964f960ef635c7831864c00f442-C4H4O2-0-1,oxidation_free_energy,fingerprint_gpr,RX-392,DELKMSIDPXIEDM-HNQUOIGGSA-N,[O-]C=[C+]/C=C/O,train,false,5.448789800730083,5.484681217707135,0.44698210293768803,0.03589141697705234
rx392:7b65e197ad50b0a93820790683e48728-C4H4O2-0-1,oxidation_free_energy,fingerprint_gpr,RX-392,QAPQYLWHUDXNHY-UHFFFAOYSA-N,O=CC#CCO,train,false,7.774485670868671,7.6906401561903435,0.43979750671336315,0.08384551467832768
rx392:92c14b2e822aed7a5bc31503ee377483-C4H4O2-0-1,oxidation_free_energy,fingerprint_gpr,RX-392,FGWHKLZLKZTTJC-UHFFFAOYSA-N,[O+]#CC=[C-]CO,train,false,5.382270932544998,5.425887926045169,0.4449883523527556,0.04361699350017112
rx392:856604a3206396048f178fbbb8ab1528-C4H4O2-0-1,oxidation_free_energy,fingerprint_gpr,RX-392,ZQSNQCCHTLRBEJ-HNQUOIGGSA-N,OC#C/C=C/O,train,false,5.687702830973649,5.75947166065696,0.44396208549010463,0.071768829683311
rx392:4da1ee5be66e0b0c393f512788564331-C4H4O2-0-1,oxidation_free_energy,fingerprint_gpr,RX-392,NLKDMABNKZYWOR-UHFFFAOYSA-N,O=C=C=CCO,train,false,6.264394931597053,6.290725585635867,0.44083857079367655,0.02633065403881396
rx392:0d1d75c8d49274281ec6e8b7b195b1bc-C4H4O2-0-1,oxidation_free_energy,fingerprint_gpr,RX-392,QLPLVBRHAUYLGI-HNQUOIGGSA-N,O=C=C/C=C/O,train,false,5.256132972983323,5.32574318976762,0.4387312131431509,0.06961021678429713
rx392:31d1fff2054652f7e691cbd6bfb0a6ff-C4H4O2-0-1,oxidation_free_energy,fingerprint_gpr,RX-392,XBSRXVZINSXPAK-UHFFFAOYSA-N,O=C=CCC=O,train,false,6.4120733230174665,6.435819344156625,0.44263497203976443,0.023746021139158913
rx392:9f23037fd8540b07909f70323d7c44b9-C4H4O2-0-1,oxidation_free_energy,fingerprint_gpr,RX-392,RNWVTGJNQBCHSH-UHFFFAOYSA-N,O[C-]=C=[C+]CO,train,false,5.7928056517903315,5.831317586477308,0.44520456126324226,0.038511934686976446
rx392:6abdcc8c67947b277e6af1d5ba146a5a-C4H4O2-0-1,oxidation_free_energy,fingerprint_gpr,RX-392,PHPQBNJFEJABAQ-UHFFFAOYSA-N,O=CCC#CO,train,false,6.842049494571256,6.840462642780904,0.4439254870389744,0.0015868517903525614
rx392:47f2766ce1d2c727d5c51407754daeef-C4H4O2-0-1,oxidation_free_energy,fingerprint_gpr,RX-392,VXSCYUIHNUFSOI-UHFFFAOYSA-N,O=CC[C+]=C[O-],train,false,6.24811129029149,6.313628407238189,0.44677937660419165,0.06551711694669926
rx392:80b7cbfe2da14e00b5dcef4df1173a5c-C4H4O2-0-1,oxidation_free_energy,fingerprint_gpr,RX-392,AANWVHZBSWQSNZ-UHFFFAOYSA-N,[O-]CC#C[CH+]O,train,false,5.019238686081735,5.101134724322138,0.4472178079535168,0.08189603824040326
rx392:bfbf9b8228dd679ef518da77c6157f11-C4H4O2-0-1,oxidation_free_energy,fingerprint_gpr,RX-392,RKIFFIQLHZSJEB-UHFFFAOYSA-N,O=CC=C=CO,train,false,6.52364786427097,6.5388773576056645,0.443850174918061,0.015229493334694588
rx392:5d40cb3799904b843bf0c9d322623522-C4H4O2-0-1,oxidation_free_energy,fingerprint_gpr,RX-392,JGEMYUOFGVHXKV-OWOJBTEDSA-N,O=C/C=C/C=O,train,false,7.94411102574486,7.8600502989272325,0.440923488285676,0.08406072681762744
rx392:ab108a5daf5a58582a32793c93fc8228-C4O2-0-1,oxidation_free_energy,fingerprint_gpr,RX-392,QIQCZROILFZKAT-UHFFFAOYSA-N,O=C=C=C=C=O,test,true,5.885496328492081,6.014671979215092,1.3061280736038952,0.12917565072301063
rx392:de2b1338d888741b40170b6a510e5b55-F1O1P1-0-1,oxidation_free_energy,fingerprint_gpr,RX-392,WFAADKZBQQNDRX-UHFFFAOYSA-N,O=PF,train,false,9.024769171195658,8.735840257588556,0.435321983946519,0.2889289136071014
rx392:5b20bf3c7fd6d56a8c2f86481fc4d61b-C2H3O2P1-0-1,oxidation_free_energy,fingerprint_gpr,RX-392,AYVCODLNKJXNFQ-UHFFFAOYSA-N,C=COP=O,train,false,6.818561931419026,6.89561364820882,0.42473647449150703,0.07705171678979372
rx392:08ad803d6147084d826c099a1075f02d-C1O1-0-1,oxidation_free_energy,fingerprint_gpr,RX-392,UGFAIRIUMAVXCW-UHFFFAOYSA-N,[C-]#[O+],test,true,11.048400070965272,7.4192864074564815,0.4141113173073221,3.6291136635087904
rx392:9c565f3ebb570f6c48e634f8fcdc99fa-C2H4O2-0-1,oxidation_free_energy,fingerprint_gpr,RX-392,WGCNASOHLSPBMP-UHFFFAOYSA-N,O=CCO,train,false,7.184209797977928,7.178771883691043,0.40196973481176873,0.005437914286885004
rx392:5e1ee1bacbb4cab2d267e1a2a09e9e44-C2H4O2-0-1,oxidation_free_energy,fingerprint_gpr,RX-392,JMCRDEBJJPRTPV-OWOJBTEDSA-N,O/C=C/O,test,true,5.561649436098378,6.218926382783193,0.4915883410122319,0.6572769466848154
rx392:445ae81f0abc0c33c164b93d6050d790-F3P1-0-1,oxidation_free_energy,fingerprint_gpr,RX-392,WKFBZNUBXWCCHG-UHFFFAOYSA-N,FP(F)F,train,false,8.432495215536619,8.2140907869849,0.43240233293342967,0.21840442855171993
rx392:af963087bf371c3036e9fa28886708b7-C2F1H1-0-1,oxidation_free_energy,fingerprint_gpr,RX-392,IAWCIZWLKMTPLL-UHFFFAOYSA-N,C#CF,train,false,8.068444667139374,7.945965914872473,0.43259505324360303,0.1224787522669013
rx392:3b55aecf679a1a6a6a02bde10bf2dc86-C4F1H7O1-0-1,oxidation_free_energy,fingerprint_gpr,RX-392,FPFVPEGEWVRCGK-UHFFFAOYSA-N,C=COCCF,train,false,6.255315142776453,6.217239287244939,0.42155780533745224,0.03807585553151416
rx392:67270c9a9113802536fa59895226efff-C4H8O1-0-1,oxidation_free_energy,fingerprint_gpr,RX-392,ZSPTYLOMNJNZNG-UHFFFAOYSA-N,C=CCCO,train,false,6.803166848543697,6.795455372942791,0.42808704839778916,0.007711475600905793
rx392:608a852d63f3b4f49956bae07e2b3f8c-O2-0-1,oxidation_free_energy,fingerprint_gpr,RX-392,MYMOFIZGZYHOMD-UHFFFAOYSA-N,O=O,train,false,8.073894365306842,7.922452984415105,0.4309486735953051,0.15144138089173698
rx392:dd0f80fa049b9315dcc8619dcd456691-C1F1H2O2P1-0-1,oxidation_free_energy,fingerprint_gpr,RX-392,MAJMPRMKWNLKLB-RXMQYKEDSA-N,[CH-]=[O+][P@@](O)F,train,false,5.537465853394679,5.610180201704282,0.43218751982105896,0.07271434830960377
rx392:77f1b2b9ecd647aa592fe99eea6c12a7-C2F1H3-0-1,oxidation_free_energy,fingerprint_gpr,RX-392,UWUSHLGXEGIMLQ-UHFFFAOYSA-N,C[C-]=[F+],train,false,6.161504790039544,6.305623447643659,0.4336918545914418,0.1441186576041149
rx392:026d6508bf37cf251bb0523a14289794-C2F1H3-0-1,oxidation_free_energy,fingerprint_gpr,RX-392,XUCNUKMRBVNAPB-UHFFFAOYSA-N,C=CF,train,false,7.171937936046561,6.944509538864593,0.39188574079919414,0.22742839718196795
rx392:e46dd34a11fd8764dd5df89a238cb0c1-C2H2O3-0-1,oxidation_free_energy,fingerprint_gpr,RX-392,GRUQTSNPKSBFCU-UHFFFAOYSA-N,[CH-]=[O+]C(=O)O,train,false,6.128538789142112,6.208003611194583,0.418662387086939,0.0794648220524703
rx392:4fd4eca88b4746a85c49a2ec924ad076-C4F1H5O1-0-1,oxidation_free_energy,fingerprint_gpr,RX-392,KOTSEKBQFCVDHQ-UHFFFAOYSA-N,C=[C-]OCC=[F+],train,false,4.214146940568753,4.417763542412356,0.43976652276405664,0.20361660184360275
rx392:d51b2ba8b3abc455636b457aa8624881-C4F1H5O1-0-1,oxidation_free_energy,fingerprint_gpr,RX-392,DJNAECOKNXPLQG-UHFFFAOYSA-N,C=[C-][O+]=CCF,test,true,5.401968495963956,5.661796031936442,1.1747458477334989,0.25982753597248553
rx392:669d18218c5a65be4111e7e54cfabf4c-C4F1H5O1-0-1,oxidation_free_energy,fingerprint_gpr,RX-392,FQSFRNBGIOXIAL-UHFFFAOYSA-N,C=C[O+]=[C-]CF,train,false,6.012891770573333,6.122663882359979,0.42814989200353765,0.10977211178664614
rx392:ce9ba929822d1046826f4eb6a16e7d3d-C4F1H5O1-0-1,oxidation_free_energy,fingerprint_gpr,RX-392,JSZXJSAAUNIPPB-ONEGZZNKSA-N,C=CO/C=C/F,test,true,6.1221746236114996,6.282514813741241,0.6594434752527595,0.16034019012974188
rx392:4adee762bef56a023f7ba785e0ae3c78-C4F1H5O1-0-1,oxidation_free_energy,fingerprint_gpr,RX-392,YIFLLUFXHUBQLQ-UHFFFAOYSA-N,C#COCCF,train,false,6.972905814929618,6.961949607834994,0.43318757451125667,0.010956207094624304
rx392:ed5c6fe25b5000d0904487cc91430c03-C4F1H5O1-0-1,oxidation_free_energy,fingerprint_gpr,RX-392,GZXBZRDDNZNSPA-UHFFFAOYSA-N,[CH2-]COC=C=[F+],train,false,5.1629213604228426,5.194175976900365,0.44392675354556493,0.031254616477522035
rx392:d8690e8a904412eff5d3f72114c404fc-C4F1H5O1-0-1,oxidation_free_energy,fingerprint_gpr,RX-392,JSDDQFGOKCHKKY-UHFFFAOYSA-N,C=COC[C-]=[F+],test,true,6.534290901821805,6.2828671038342305,0.7801462995679167,0.25142379798757464
rx392:d6dcd30d93f1e9b6f23abb71db2810c3-C3O3-0-1,oxidation_free_energy,fingerprint_gpr,RX-392,ZYFDSSUZPIREPW-UHFFFAOYSA-N,O=c1oc#co1,test,true,7.380913913693803,6.9332771861260465,1.3742431264790766,0.4476367275677564
rx392:57311bbaca6db6c4aea47d0a657dca1d-C2F1H3O1-0-1,oxidation_free_energy,fingerprint_gpr,RX-392,OUJKXJCTKVAHMW-UHFFFAOYSA-N,C=C(O)F,test,true,6.547121705410063,6.601090735303399,0.5764015189438773,0.053969029893335296
rx392:34762e4f0a628856a19d3d0cfc263fe9-C2F1H3O1-0-1,oxidation_free_energy,fingerprint_gpr,RX-392,FQHQFKKLNBWDFN-UHFFFAOYSA-N,OC[C-]=[F+],test,true,6.432280357767922,6.411772036623428,0.508474461477283,0.020508321144494523
rx392:9a4435a9c40da4fefd8f636d2ac3cf88-C1F2S1-0-1,oxidation_free_energy,fingerprint_gpr,RX-392,FOCAHLGSDWHSAH-UHFFFAOYSA-N,FC(F)=S,train,false,7.854696352358587,7.785239016557783,0.44185704298862105,0.06945733580080393
rx392:9595d8fa8e1dcddb5105d12f20ebe40f-C3O2-0-1,oxidation_free_energy,fingerprint_gpr,RX-392,FLTLJXSVXKNUEG-UHFFFAOYSA-N,[C-]#COC#[O+],train,false,7.465793281540755,7.437415717826909,0.44522919375982123,0.028377563713846143
rx392:ca59b15f7aefab2d49c8c11b6615c290-C1F2-0-1,oxidation_free_energy,fingerprint_gpr,RX-392,LTVOKYUPTHZZQH-UHFFFAOYSA-N,F[C-]=[F+],train,false,8.216168986312368,7.995878842713176,0.4355044702119066,0.2202901435991924
rx392:2a388c1f9dc62f9fbac9a6c21f953731-C2F2H2-0-1,oxidation_free_energy,fingerprint_gpr,RX-392,WFLOTYSKFUPZQB-OWOJBTEDSA-N,F/C=C/F,test,true,6.97821700143686,6.799322685759005,0.6061523041889364,0.17889431567785508
rx392:f63f9c835239d71494f5de95b4f84e70-C2F1O1P1-0-1,oxidation_free_energy,fingerprint_gpr,RX-392,ABNPZFCPRKJGHG-UHFFFAOYSA-N,[C+]#CO[P-]F,train,false,6.90886307814435,6.886254992928621,0.4441056218220245,0.022608085215728657
rx392:089df419ed7c91b59ca2d4fe026c3661-C3H2-0-1,oxidation_free_energy,fingerprint_gpr,RX-392,LPUFMQSFYARLPQ-UHFFFAOYSA-N,[C-]#C[CH2+],train,false,7.508302316572099,7.468963316953339,0.4413226681399484,0.039338999618760084
rx392:77eafc00794f25345e928a654ce7021d-C3H2-0-1,oxidation_free_energy,fingerprint_gpr,RX-392,OUSWHEMIRJJMAW-UHFFFAOYSA-N,[CH+]=C=[CH-],train,false,5.8613959266576785,5.95129819927916,0.4386034765239603,0.08990227262148132
rx392:dfc867f60c83e93a4dd1f5eb6394c536-C3H2-0-1,oxidation_free_energy,fingerprint_gpr,RX-392,VVLPCWSYZYKZKR-UHFFFAOYSA-N,C1=CC=1,test,true,6.551780970890832,6.954934052370202,0.5940655692754915,0.40315308147937046
rx392:f042ce2a042dbb48b9d20bb0ad59c396-C4O1-0-1,oxidation_free_energy,fingerprint_gpr,RX-392,CDVSZGXKZFCJCX-UHFFFAOYSA-N,[C+]#CC#C[O-],train,false,6.822904484761239,6.822828226717937,0.4461858671019654,7.625804330135821e-05
rx392:d9535e0927b4e45ca0362a0e9da2f8c5-C1O2-0-1,oxidation_free_energy,fingerprint_gpr,RX-392,CURLTUGMZLYLDI-UHFFFAOYSA-N,O=C=O,test,true,11.060806802402112,7.022986020018718,0.4777611153419009,4.0378207823833945
rx392:717bb68f76a95d83f831725af11d12bf-C4H4O1-0-1,oxidation_free_energy,fingerprint_gpr,RX-392,XGIVOKYSENAIBM-UHFFFAOYSA-N,C=CC=C=O,train,false,5.815466866841234,5.860849469927557,0.43968704770012634,0.04538260308632314
rx392:0a385519fdb46414e6b03aee5f5046b6-C4H4O1-0-1,oxidation_free_energy,fingerprint_gpr,RX-392,WTHYFEKXKDCABL-UHFFFAOYSA-N,OCC1=C=C1,train,false,6.452087015440156,6.472601571141532,0.44734488604309347,0.020514555701375947
rx392:df614fd2c582a561f8265c9a763f8029-C4H4O1-0-1,oxidation_free_energy,fingerprint_gpr,RX-392,LTEGMYHYMQASQH-ONEGZZNKSA-N,C#C/C=C/O,train,false,7.739689263778018,7.648937720917449,0.44205228539123104,0.09075154286056897
rx392:34d21e66568aa8000fea1118e704ad8c-C4H4O1-0-1,oxidation_free_energy,fingerprint_gpr,RX-392,YPNHTQKSEBTVTA-UHFFFAOYSA-N,[CH+]=C=[C-]CO,train,false,5.57124755012137,5.638104126175261,0.4412294198478448,0.06685657605389039
rx392:d404b61e927388aef6c12bd8b0a5f193-C4H4O1-0-1,oxidation_free_energy,fingerprint_gpr,RX-392,GROQXUVMFYCDCH-UHFFFAOYSA-N,[C-]#C[CH+]CO,train,false,7.386246688571191,7.383892855397912,0.445593565695745,0.002353833173279085
rx392:96f0ebf9f78c01889f1767da151819ef-C4H4O1-0-1,oxidation_free_energy,fingerprint_gpr,RX-392,KYTQITOHJJHPDS-UHFFFAOYSA-N,C=C[C+]=C[O-],test,true,5.810532649292327,6.237245920456104,1.0008252551594032,0.4267132711637771
rx392:86246cda987d79bef420a20538b9f58d-C4H4O1-0-1,oxidation_free_energy,fingerprint_gpr,RX-392,OYBQILSQCOWJHL-UHFFFAOYSA-N,C=C=CC=O,train,false,7.15958172349292,7.125622249924609,0.4426751734400913,0.03395947356831108
rx392:fa23fdb99d7369ef92fae66db79c9646-C4H4O1-0-1,oxidation_free_energy,fingerprint_gpr,RX-392,CBANTOIXIJQPFT-UHFFFAOYSA-N,C=[C+]C=[C-]O,train,false,5.5660003500315725,5.643911517987756,0.44372714154341947,0.07791116795618347
rx392:9eb2988bd2c4c29bc331257730678f58-C4H4O1-0-1,oxidation_free_energy,fingerprint_gpr,RX-392,DITVRNREGUJROD-UHFFFAOYSA-N,C=CC#CO,train,false,6.271286773190695,6.30959062607901,0.43761148610231126,0.038303852888314616
rx392:8f762fee749beeeae9284d231a27fa81-C4H4O1-0-1,oxidation_free_energy,fingerprint_gpr,RX-392,CGMKCLKVASCLPD-UHFFFAOYSA-N,[O-]C[c+]1cc1,train,false,4.947135674697165,5.023112788651633,0.44775063625101735,0.07597711395446805
rx392:3cb51328ce5a796a981172e6c49047d2-C4H4O1-0-1,oxidation_free_energy,fingerprint_gpr,RX-392,OGQNOIVDVXRWRE-UHFFFAOYSA-N,C#CCC=O,train,false,7.444235069800925,7.426421362329807,0.43874187675262305,0.017813707471117546
rx392:c9378c2b3015c8ea86777ab68e160976-C4H4O1-0-1,oxidation_free_energy,fingerprint_gpr,RX-392,MVKDNEGFXJWGSU-UHFFFAOYSA-N,C=C=C=CO,train,false,5.866575593664493,5.909682509514652,0.4434886068223212,0.04310691585015913
rx392:dad684072d722bc093205e405a3ba53e-C2H3O1P1-0-1,oxidation_free_energy,fingerprint_gpr,RX-392,NOHDQPINCFUWAH-UHFFFAOYSA-N,C1=POC1,train,false,6.326841841337227,6.385897522338415,0.4441270305798224,0.05905568100118774
rx392:77c664eeb5278406e50f4110656abf11-C2H3O1P1-0-1,oxidation_free_energy,fingerprint_gpr,RX-392,QEMVZEKDXHHVTD-UHFFFAOYSA-N,C=C[O+]=[P-],train,false,4.960994793673308,5.103877615926704,0.43535394475946937,0.1428828222533962
rx392:7b49e2b8308c6aca4cea6ad206841e70-C3H6O3-0-1,oxidation_free_energy,fingerprint_gpr,RX-392,IEJIGPNLZYLLBP-UHFFFAOYSA-N,COC(=O)OC,train,false,8.241527748043154,8.088784663601148,0.4407399952911316,0.15274308444200635
rx392:e6fda78e26bde59f3f7b9dd469251c75-C2H2-0-1,oxidation_free_energy,fingerprint_gpr,RX-392,HSFWRNGVRCDJHI-UHFFFAOYSA-N,C#C,train,false,8.19336728786584,7.8597818213534865,0.4130529358438832,0.33358546651235343
rx392:b70818472fa2a9ce7a9445f51da53842-C4H4-0-1,oxidation_free_energy,fingerprint_gpr,RX-392,WXBUKAPYXQZTGS-UHFFFAOYSA-N,[CH-]=C[C+]=C,train,false,5.248591228415535,5.376344526107216,0.43937301701434983,0.1277532976916813
rx392:352c093fd23cdc6610076725c4186609-C4H4-0-1,oxidation_free_energy,fingerprint_gpr,RX-392,WFYPICNXBKQZGB-UHFFFAOYSA-N,C#CC=C,train,false,6.8289677072880295,6.893279717275388,0.4354054661906872,0.06431200998735864
rx392:d8dd086cad717e230689723ea8f4d600-C2H4O1-0-1,oxidation_free_energy,fingerprint_gpr,RX-392,QJVFBSULGFNYKF-UHFFFAOYSA-N,[CH-]=[O+]C,train,false,5.684798859775583,5.866900908235207,0.4194109967765923,0.1821020484596243
rx392:17a19cea6a7365e56c7fb753dc613eed-C2H4O1-0-1,oxidation_free_energy,fingerprint_gpr,RX-392,ALPNRGFNSBABCF-UHFFFAOYSA-N,C=[O+][CH2-],test,true,4.537693480649068,6.0113342048985645,0.5301058173173555,1.4736407242494964
rx392:f42321c652bedf6fd652e9b0129f9b90-C2H4O1-0-1,oxidation_free_energy,fingerprint_gpr,RX-392,IMROMDMJAWUWLK-UHFFFAOYSA-N,C=CO,train,false,6.376889193097668,6.4469361248923915,0.43148589096163886,0.07004693179472365
rx392:7019b6e9d5861ab98b5afd52b3e6b2b4-O2S1-0-1,oxidation_free_energy,fingerprint_gpr,RX-392,RAHZWNYVWXNFOC-UHFFFAOYSA-N,O=S=O,train,false,9.9658252457466,9.626628339572036,0.4395465117835668,0.3391969061745641
rx392:eea5abe87924b73848bbbdd330660e88-C2H4O1-0-1,oxidation_free_energy,fingerprint_gpr,RX-392,IKHGUXGNUITLKF-UHFFFAOYSA-N,CC=O,train,false,7.340443421191594,7.29079231670165,0.4344809085417408,0.0496511044899437
rx392:600ebb07b249b7cbfca57c3d9db067aa-C3F1H5O1-0-1,oxidation_free_energy,fingerprint_gpr,RX-392,LHYAEMPPNIXGCD-UHFFFAOYSA-N,[CH2-][O+]=CCF,test,true,4.716237982544044,6.613582282851724,1.0006566885032693,1.8973443003076804
rx392:2c460dabb27022713f6ef673942553fb-C3F1H5O1-0-1,oxidation_free_energy,fingerprint_gpr,RX-392,BJZRZNNVMYEWTG-UHFFFAOYSA-N,[CH-]=[O+]CCF,train,false,5.758220229498875,5.775796441908984,0.4359086753850262,0.017576212410109093
rx392:2a7038045e0ffe3518968f79bd496cbd-C2O1-0-1,oxidation_free_energy,fingerprint_gpr,RX-392,WPPUQEJWLSCIER-UHFFFAOYSA-N,C1#CO1,train,false,8.40664559835841,8.284853508526336,0.44371744466259094,0.12179208983207346
rx392:6526f866a7fadcec9362735ba14ceaec-C2O1-0-1,oxidation_free_energy,fingerprint_gpr,RX-392,VILAVOFMIJHSJA-UHFFFAOYSA-N,[C+]#C[O-],train,false,7.245821334113316,7.217861866723806,0.429389243535657,0.027959467389510273
rx392:8d3efaa4d851690620e0b9623f321f49-C2H2O2-0-1,oxidation_free_energy,fingerprint_gpr,RX-392,ZUQAPLKKNAQJAU-UHFFFAOYSA-N,OC#CO,train,false,6.4562586198990175,6.575662352769442,0.41690340737114245,0.11940373287042494
rx392:bdff71708378e53bec98bbb3fe4eb1ba-C2H2O2-0-1,oxidation_free_energy,fingerprint_gpr,RX-392,WVKOKNQPFFEMSR-UHFFFAOYSA-N,O=C=CO,train,false,5.894685967724399,6.001904306940893,0.43353062443354434,0.1072183392164936
rx392:63769b47845d3137f387e3f82470c1c1-C2H2O2-0-1,oxidation_free_energy,fingerprint_gpr,RX-392,LVHRYALDLLEVEI-UHFFFAOYSA-N,[O-]C=[C+]O,train,false,6.382438307478878,6.409690257201294,0.4407299726218732,0.027251949722415958
rx392:94475f73a1d56a2569e9bd20f87fcce9-C2H2O2-0-1,oxidation_free_energy,fingerprint_gpr,RX-392,LEQAOMBKQFMDFZ-UHFFFAOYSA-N,O=CC=O,train,false,7.276859224430154,7.3489893500469545,0.42452850482319865,0.0721301256168001
rx392:ec16263886edf512f85f2220e95c56fc-F1N1S1-0-1,oxidation_free_energy,fingerprint_gpr,RX-392,IMFUYZDKLVTPSW-UHFFFAOYSA-N,N#SF,test,true,8.94859526604887,7.5269423740409245,0.8248182293237606,1.4216528920079448
rx392:79062cdbb9ba23fa8889e4308470481e-C1H3O1P1-0-1,oxidation_free_energy,fingerprint_gpr,RX-392,GHKHMOXIOVURDV-UHFFFAOYSA-N,C[O+]=[P-],train,false,4.821221795453312,5.0532643019717085,0.43347367600430003,0.23204250651839686
rx392:d27d50d59db302f5c59659367756f95b-C3H4O2-0-1,oxidation_free_energy,fingerprint_gpr,RX-392,LSERFZTYQJGIIQ-UHFFFAOYSA-N,[CH-]=[O+][C-]=[O+]C,train,false,6.816232272371053,6.719966241137779,0.44053705588822323,0.09626603123327371
rx392:34bc207638fea54ddec67f0dba000f16-C3H4O2-0-1,oxidation_free_energy,fingerprint_gpr,RX-392,VMMCEBXMWYYEPC-UHFFFAOYSA-N,[CH2-][O+]=C=[O+][CH2-],train,false,4.02780062506281,4.191201596391814,0.4442402406989546,0.1634009713290041
rx392:1910c66317a43ac1a84f43717dbf0ae5-C3H4O2-0-1,oxidation_free_energy,fingerprint_gpr,RX-392,JTNLWJFHWILBSI-UHFFFAOYSA-N,C=C[O+]=[C-]O,train,false,6.913386763777453,6.866639055037414,0.4355826196929329,0.046747708740038973
rx392:2fa911ba20075e558feaaeba5f735f06-C3H4O2-0-1,oxidation_free_energy,fingerprint_gpr,RX-392,IGDWZJVLDCGUOP-UHFFFAOYSA-N,[CH-]=[O+]CC=O,test,true,5.9157183285169594,6.066950441471051,0.5128485517244652,0.15123211295409167
rx392:97bf22fefb34db5d1e8c2c68182b5b54-C3F1H3O2-0-1,oxidation_free_energy,fingerprint_gpr,RX-392,QAASNXVFZQIXDD-UWTATZPHSA-N,O=C1OC[C@H]1F,train,false,8.019643844441816,7.981944922440128,0.4472649515719345,0.03769892200168812
rx392:4cecb3d23331364b36306d3854c4138e-C3F1H3O2-0-1,oxidation_free_energy,fingerprint_gpr,RX-392,KTKPMYNFYLRXHC-REOHCLBHSA-N,O=C1C[C@@H](F)O1,test,true,8.402513605895365,7.076824770471831,1.152087122365067,1.3256888354235343
rx392:d9b4ba38c9c0d3ff7f6d54d228e9e566-C3F1H3O2-0-1,oxidation_free_energy,fingerprint_gpr,RX-392,PDBVVFPFLGGBJC-GSVOUGTGSA-N,F[C@H]1C[O+]=[C-]O1,train,false,6.99820132768582,6.992004816953168,0.4481408020868651,0.0061965107326518165
rx392:a7edd3047d627321616f873cc83d2e5e-O1S1-0-1,oxidation_free_energy,fingerprint_gpr,RX-392,XTQHKBHJIVJGKJ-UHFFFAOYSA-N,O=S,train,false,6.769303277496874,6.876973766277023,0.4205000216023595,0.10767048878014851
rx392:53eb1fdbc1f2979b1e1d4130d5ba5230-C1H1O3P1-0-1,oxidation_free_energy,fingerprint_gpr,RX-392,GFKOZOLWKBKQSO-UHFFFAOYSA-N,[CH+]=[O+]P([O-])[O-],train,false,6.649163540860172,6.648450726206846,0.4449571102116649,0.000712814653326177
rx392:bbcc38cf2eedd48ebaf4305ecfb486f1-C2F1H4O1P1-0-1,oxidation_free_energy,fingerprint_gpr,RX-392,JCWRFJCNMTWLPK-UHFFFAOYSA-N,FCC[O+]=[P-],train,false,4.732776220513188,4.8633341382570645,0.4310323650193872,0.13055791774387693
rx392:f7f9133d8a497a106aa41c1b52ac672a-C3H2O3-0-1,oxidation_free_energy,fingerprint_gpr,RX-392,OIRKEYBSXAKFEG-UHFFFAOYSA-N,C#COC(=O)O,train,false,7.5512081238503015,7.5092218113850695,0.43927951400779436,0.04198631246523199
rx392:3fb941d50a3516ed67ee46f8c3734696-C3H2O3-0-1,oxidation_free_energy,fingerprint_gpr,RX-392,DZAVROKYUKLHKI-UHFFFAOYSA-N,O[C-]=[O+][C+]=CO,train,false,7.3318847851460305,7.28480781193427,0.4462795979297433,0.04707697321176063
rx392:a98427e6929735cbbf7041ad27c4e789-C3H2O3-0-1,oxidation_free_energy,fingerprint_gpr,RX-392,IIXJQSDWIGLBMK-UHFFFAOYSA-N,O=C=C[O+]=[C-]O,train,false,6.390670714165026,6.370931418277381,0.44043444701233286,0.01973929588764456
rx392:aea0bce2cd3fef5c37faf048e72009db-C3H2O3-0-1,oxidation_free_energy,fingerprint_gpr,RX-392,YJHQIFYRQAFGQT-UHFFFAOYSA-N,OC#C[O+]=[C-]O,test,true,6.794607624016862,6.923967689475392,0.9184489363496159,0.1293600654585294
rx392:755fd53074b2ce97f914e86d67868f47-C3H2O3-0-1,oxidation_free_energy,fingerprint_gpr,RX-392,VAYTZRYEBVHVLE-UHFFFAOYSA-N,O=c1occo1,test,true,6.958654197758733,7.350188160446985,1.2737574415344066,0.3915339626882517
rx392:b2dca69accb554b099a6457183c3d020-C4H2O1-0-1,oxidation_free_energy,fingerprint_gpr,RX-392,PNUPOTHXVFOIPH-UHFFFAOYSA-N,C#CC=C=O,test,true,6.36532945262843,7.008801840735669,1.0073216402117076,0.6434723881072388
rx392:9656e50e43ddda7361eaee69d531f655-C4H2O1-0-1,oxidation_free_energy,fingerprint_gpr,RX-392,MPWMGYWYHDNMBY-UHFFFAOYSA-N,[C+]#CC=C[O-],test,true,7.660781644864983,6.718601870665531,1.1232223383512407,0.9421797741994515
rx392:d8085953de6741ce68ab26767ff39bd6-C4H2O1-0-1,oxidation_free_energy,fingerprint_gpr,RX-392,DCCHGIXMZZZONN-UHFFFAOYSA-N,[C-]#CCC#[O+],test,true,6.64400445425963,7.104301331413546,1.1167227492348624,0.4602968771539162
rx392:139f2b49c8be376cb14db500a3762e95-C4H2O1-0-1,oxidation_free_energy,fingerprint_gpr,RX-392,HLFJXKFMBIFMJS-UHFFFAOYSA-N,[C-]#C[C+]=CO,train,false,6.4794632192479185,6.52783789518259,0.4454416137548196,0.04837467593467171
rx392:d2742e8c94dac6d9f0a981b01592faa6-C4H2O1-0-1,oxidation_free_energy,fingerprint_gpr,RX-392,LKBNOWKSKAWTFX-UHFFFAOYSA-N,C#CC#CO,train,false,6.814799118886185,6.82346772449949,0.44358363290273073,0.008668605613304514
rx392:2059a08bead111d2aaa444ef43111fac-C4H2O1-0-1,oxidation_free_energy,fingerprint_gpr,RX-392,MUDCFAXVUHCJJF-UHFFFAOYSA-N,O=CC1=C=C1,train,false,6.832817073965998,6.8883715445252705,0.44634377463823033,0.05555447055927232
rx392:7a3b1b8b453a89b7f1eece28e766a0f7-C4H2O1-0-1,oxidation_free_energy,fingerprint_gpr,RX-392,SNSRHYGVROTZIT-UHFFFAOYSA-N,[C-]#CC=[C+]O,train,false,6.56906616730339,6.594370677849683,0.4464311984085263,0.02530451054629257
rx392:e9f04108db37fc1f8d7f364fe7f54591-C3F1H3O1-0-1,oxidation_free_energy,fingerprint_gpr,RX-392,ZAOLUEKKEAPLGC-VKHMYHEASA-N,F[C@@H]1C[C-]=[O+]1,train,false,6.167537845680272,6.26204842401838,0.44458731519523326,0.09451057833810772
rx392:05a3eea09be53c21b3993fb3211c85f0-C3F1H3O1-0-1,oxidation_free_energy,fingerprint_gpr,RX-392,CHGZFHWILYWLLL-GSVOUGTGSA-N,F[C@H]1[C-]=[O+]C1,test,true,6.270595558201421,6.986799645077378,0.8542467564335939,0.7162040868759565
rx392:0913732cc5892b35a63c9dc59f58c51e-C3F1H3O1-0-1,oxidation_free_energy,fingerprint_gpr,RX-392,KXDSHNIRPKBDIW-UHFFFAOYSA-N,[CH2-]OC=C=[F+],test,true,5.337054362168601,5.23600273048026,0.7107572090089601,0.10105163168834075
rx392:8bd924e490bcfea65e8b756b1bfb8893-C3F1H3O1-0-1,oxidation_free_energy,fingerprint_gpr,RX-392,XXEXRXKCJYEXJC-UHFFFAOYSA-N,[CH2-][O+]=C=CF,train,false,5.9417241284618285,5.951300341643941,0.43960860339820484,0.00957621318211288
rx392:bf61d7471859b3b633d42da39968ff3c-C3F1H3O1-0-1,oxidation_free_energy,fingerprint_gpr,RX-392,UFFXTCAXVUKPBT-NSCUHMNNSA-N,[CH-]=[O+]/C=C/F,test,true,5.965995780013145,6.382673537810809,0.7237550805971462,0.4166777577976637
rx392:4221dfc057671ef0d5fb5d0f87b67d55-C3F1H3O1-0-1,oxidation_free_energy,fingerprint_gpr,RX-392,AYWOXVSVGIDGKF-UHFFFAOYSA-N,[CH-]=[O+]C[C-]=[F+],train,false,5.888508728388842,5.870625140892137,0.436449936114784,0.01788358749670582
rx392:e55a6daf043edfbcdbbc4f7947bbfc71-C3F1H1O2-0-1,oxidation_free_energy,fingerprint_gpr,RX-392,SVMAUGPTISPORA-UHFFFAOYSA-N,Fc1c[o+][c-]o1,train,false,7.557028363795325,7.5303326885249655,0.44863090465183997,0.026695675270359764
rx392:bf3aa5108a56a034a6a68caac2498f35-C2F1H1O1-0-1,oxidation_free_energy,fingerprint_gpr,RX-392,FFOWAQICHGFLEL-UHFFFAOYSA-N,OC#CF,train,false,7.143028060741926,6.958016004519423,0.41181380102068366,0.1850120562225035
rx392:843e4de28f492c3f0d835bce97aebc3d-C2F1H1O1-0-1,oxidation_free_energy,fingerprint_gpr,RX-392,HNTCBGXYMDSKEY-UHFFFAOYSA-N,O=C=CF,train,false,6.546199944573345,6.5725665970162295,0.4352607367789533,0.026366652442884053
rx392:56b04dd4e0a7a8cfed5d4fa60cf10b48-C2F1H1O1-0-1,oxidation_free_energy,fingerprint_gpr,RX-392,LADGZKCRZCUWIO-UHFFFAOYSA-N,[O-]C=C=[F+],train,false,6.837133066527713,6.760424958704749,0.437539596777731,0.07670810782296389
rx392:b32f0759f4878403f30f5df678ffb3c8-C1F2O1S1-0-1,oxidation_free_energy,fingerprint_gpr,RX-392,WDZXEXFTGXQKCI-UHFFFAOYSA-N,O=S=C(F)F,train,false,7.111922830539697,7.193896301857473,0.4422599178661286,0.08197347131777555
rx392:146f12ef9aa432ac39565855810d1f38-C2H1O1P1-0-1,oxidation_free_energy,fingerprint_gpr,RX-392,UHWXAQLTXLZBDY-UHFFFAOYSA-N,C#C[O+]=[P-],test,true,5.477531112950601,6.216015116270903,0.8670549344877384,0.738484003320302
rx392:329b3fd8697ce440ea6c1628cc6df9f5-F1O2P1-0-1,oxidation_free_energy,fingerprint_gpr,RX-392,CCFKWUMXBUQERQ-UHFFFAOYSA-N,O=P(=O)F,train,false,10.124697766797908,9.739158292362085,0.43587764506678295,0.3855394744358236
rx392:2352bf3b4f33dabe6b7671295b2673e0-C3H2O2-0-1,oxidation_free_energy,fingerprint_gpr,RX-392,UQROQIDUTGICFH-UHFFFAOYSA-N,[c-]1occ[o+]1,train,false,7.326763407700128,7.290903939398474,0.44735229566464574,0.03585946830165376
rx392:4e8e6684a74c3c851aeb4c27c1fcdc02-C3H2O2-0-1,oxidation_free_energy,fingerprint_gpr,RX-392,OYKRIXBTRIQKFX-UHFFFAOYSA-N,[O-]C1=[C+]CO1,train,false,7.159645211099814,7.1460038199655385,0.4481940737203932,0.013641391134275871
rx392:ef12501202de07379d9caeb7f220686f-C3H2O2-0-1,oxidation_free_energy,fingerprint_gpr,RX-392,PJCDYOZPTHSALQ-UHFFFAOYSA-N,[C-]1=[O+][C-]=[O+]C1,train,false,7.590421892483391,7.558574072559972,0.4482642519652372,0.031847819923418896
rx392:406cafacf48a7628d38d8e46cd783d02-C3H2O2-0-1,oxidation_free_energy,fingerprint_gpr,RX-392,OVQPWBHZHCKJFN-UHFFFAOYSA-N,C#C[O+]=[C-]O,train,false,7.460523422742881,7.404020154597056,0.4417432477542044,0.05650326814582485
rx392:384a6b808777c69145ddc061e67fe943-C3O1-0-1,oxidation_free_energy,fingerprint_gpr,RX-392,ZCNKODXATWVMAO-UHFFFAOYSA-N,[C-]#CC#[O+],train,false,8.35183868342665,8.180717489335871,0.43805686218581386,0.17112119409077842
rx392:08ef2921ab10dd418b8f53a57643fb2b-F1P1-0-1,oxidation_free_energy,fingerprint_gpr,RX-392,QUQSORXWLOUIIW-UHFFFAOYSA-N,[F+]=[P-],train,false,5.34779283910575,5.74251381837939,0.41722663859581766,0.39472097927363947
rx392:941475dc3544b6163fb267e6867610f8-C3H2O1-0-1,oxidation_free_energy,fingerprint_gpr,RX-392,SDWMQFNKBVOBFS-UHFFFAOYSA-N,[CH+]=C=[C-]O,train,false,5.995381457752046,6.061389084107627,0.4353088093689616,0.06600762635558066
rx392:884aff4253be4381e697c7aef229d7ae-C3H2O1-0-1,oxidation_free_energy,fingerprint_gpr,RX-392,OSFFAALSRLBVRK-UHFFFAOYSA-N,[C-]#C[CH+]O,train,false,7.587947895150137,7.455883795306257,0.4340366149306826,0.13206409984387957
rx392:05fe1f5c4725fa3ac6722ce4e0dc8f15-C3H2O1-0-1,oxidation_free_energy,fingerprint_gpr,RX-392,IJNJLGFTSIAHEA-UHFFFAOYSA-N,C#CC=O,train,false,8.011965736234743,7.8737964919041215,0.4260948740963546,0.13816924433062105
rx392:7bbf85d99fbcb4130be624a18fc2aa44-C4H2O2-0-1,oxidation_free_energy,fingerprint_gpr,RX-392,ZLAYGKUULCENFX-UHFFFAOYSA-N,O=C=C=CC=O,train,false,6.650477456001681,6.659738471342133,0.44392499343250424,0.009261015340451983
rx392:3d802a4ed9f29b3eeb3c489e4fdda6be-C4H2O2-0-1,oxidation_free_energy,fingerprint_gpr,RX-392,IBHMKHMMZPPEQT-UHFFFAOYSA-N,O=C=CC=C=O,test,true,5.43970502099728,5.8390865780076915,0.8218817108686595,0.3993815570104111
rx392:28030bd04c51e99bdb3a11371ad239cc-C4H2O2-0-1,oxidation_free_energy,fingerprint_gpr,RX-392,LAROZPSQWDTWCT-UHFFFAOYSA-N,O=C=C=C=CO,train,false,5.546610012301244,5.599405297064455,0.4456938832994862,0.05279528476321094
rx392:ed2a7363213ac7d8965225b0d1ff7f2b-C4H2O2-0-1,oxidation_free_energy,fingerprint_gpr,RX-392,AHOXMZNKCDMIRQ-UHFFFAOYSA-N,O=C=CC#CO,train,false,5.897981837561019,5.932949364181021,0.4462953267395061,0.0349675266200018
rx392:eedfc00910bba3c84e88b6b1a210d287-C4H2O2-0-1,oxidation_free_energy,fingerprint_gpr,RX-392,RDGLIZKUUULFSM-UHFFFAOYSA-N,O=C[C+]=C=[C-]O,train,false,6.196199957406861,6.219306618700444,0.44642637016186615,0.023106661293582853
rx392:356c6dcd546ab5a579cd9116b6def069-C4H2O2-0-1,oxidation_free_energy,fingerprint_gpr,RX-392,KBEJGLIHVKPYOS-UHFFFAOYSA-N,O=C=[C+]C=[C-]O,train,false,6.07740229938463,6.0860683893079095,0.44458900785597705,0.00866608992327933
rx392:ce74317914cb1a834da31fbbe5722320-C4H2O2-0-1,oxidation_free_energy,fingerprint_gpr,RX-392,GERYVQDMLQDEAU-UHFFFAOYSA-N,[O+]#CC=C=C[O-],test,true,5.916419898743698,6.449957260342117,1.0082136345623698,0.5335373615984196
rx392:3c9b68f5d8dd01a6ba62671d2261c12d-C4H2O2-0-1,oxidation_free_energy,fingerprint_gpr,RX-392,AZEBXWRLBFPUTO-UHFFFAOYSA-N,O=CC#CC=O,train,false,8.16599536090871,8.114517909943642,0.44234978894950905,0.05147745096506817
rx392:ae8eef2114f08f7925237c23134866fa-F1N1S2-0-1,oxidation_free_energy,fingerprint_gpr,RX-392,LVGRAYFPKDSCNT-UHFFFAOYSA-N,FSN=S,test,true,6.2503696684289025,6.993658267486698,0.8137185825886161,0.7432885990577951
rx392:160d885d28576d91e274f1defce0c389-C1H3O2P1-0-1,oxidation_free_energy,fingerprint_gpr,RX-392,XKCQASMZNPBLKI-UHFFFAOYSA-N,COP=O,test,true,8.007200319312687,7.3007968522509135,0.6852151465156394,0.706403467061774
rx392:1c3f5eecc1fb05d7cb13d87345a2cdc6-C1F1H1-0-1,oxidation_free_energy,fingerprint_gpr,RX-392,YUCFVHQCAFKDQG-UHFFFAOYSA-N,[CH-]=[F+],train,false,6.694451577001473,6.711628656978549,0.4316061952412653,0.01717707997707585
rx392:04373f67ba12209dc4cb674e15e966cb-C4H6O1-0-1,oxidation_free_energy,fingerprint_gpr,RX-392,NCFPZDYBQKIZMD-UHFFFAOYSA-N,[CH2+]C=[C-]CO,train,false,5.330770061013936,5.390893664710857,0.44007318955517866,0.060123603696920824
rx392:45ec2f77e11a813fd074c55af028ffad-C4H6O1-0-1,oxidation_free_energy,fingerprint_gpr,RX-392,IWJMQXOBCQTQCF-UHFFFAOYSA-N,C=CCC=O,train,false,6.919804356084569,6.918360216392188,0.4416285531634453,0.001444139692381441
rx392:3b00e16ecf8c4c7ae66cefedc1ec0eb2-C4H6O1-0-1,oxidation_free_energy,fingerprint_gpr,RX-392,QYKIQEUNHZKYBP-UHFFFAOYSA-N,C=COC=C,train,false,6.258081257001322,6.28220282481178,0.44122505690570263,0.02412156781045738
rx392:d925982cbfe76b9f0a3f5c5c5b67723c-C4H6O1-0-1,oxidation_free_energy,fingerprint_gpr,RX-392,LNDKRVOOYMEYTC-ONEGZZNKSA-N,C=C/C=C/O,train,false,5.6436475919654185,5.769653150741021,0.4359905760455742,0.12600555877560282
rx392:d02791f154fc6140f1633530b3922ba3-C4H6O1-0-1,oxidation_free_energy,fingerprint_gpr,RX-392,JXKCVRNKAPHWJG-UHFFFAOYSA-N,C=C=CCO,train,false,6.620701958735481,6.616969303774184,0.4402464915383712,0.003732654961297044
rx392:27b95b5385bfb3ad0a3841da7f6712d8-C4H6O1-0-1,oxidation_free_energy,fingerprint_gpr,RX-392,OTJZCIYGRUNXTP-UHFFFAOYSA-N,C#CCCO,train,false,7.480450645439305,7.456362846220074,0.4430357265917644,0.024087799219230988
rx392:a59b346cd7beb352d5b9bae0658151d7-C2H6O1-0-1,oxidation_free_energy,fingerprint_gpr,RX-392,LFQSCWFLJHTTHZ-UHFFFAOYSA-N,CCO,train,false,7.480350502245528,7.421794730168983,0.431774329251081,0.058555772076545054
rx392:a3db9544d034c691cbc60faa12755e71-C2H6O1-0-1,oxidation_free_energy,fingerprint_gpr,RX-392,LCGLNKUTAGEVQW-UHFFFAOYSA-N,COC,test,true,7.095434628984549,7.136507474715759,0.7377518205018543,0.04107284573121017
rx392:7bf5519e5982924121186547eaf5d649-C4H8O2-0-1,oxidation_free_energy,fingerprint_gpr,RX-392,ORTVZLZNOYNASJ-OWOJBTEDSA-N,OC/C=C/CO,train,false,6.489656785744955,6.533950747523672,0.44127079931880275,0.044293961778716806
rx392:c0a13cb44784464a401b3028b3b5869d-C4H8O2-0-1,oxidation_free_energy,fingerprint_gpr,RX-392,PIAOXUVIBAKVSP-UHFFFAOYSA-N,O=CCCCO,train,false,7.2678757301437145,7.214865242486054,0.4259969040006917,0.05301048765766048
rx392:02e13eb9623710b55d20c36768c4bd9d-C4H8O2-0-1,oxidation_free_energy,fingerprint_gpr,RX-392,VELCGBOSFKSMCL-UHFFFAOYSA-N,O[CH+]CC[CH-]O,train,false,2.5161247310461476,2.6865835631221793,0.447184980193515,0.17045883207603163
rx392:c686e9e23fc75f07b4bd59c858545550-C4H8O2-0-1,oxidation_free_energy,fingerprint_gpr,RX-392,SLZVWNSKTHSLQV-UHFFFAOYSA-N,[O-]CCC[CH+]O,train,false,4.315472450003654,4.431603087666352,0.4439046235410626,0.11613063766269871
rx392:84ac55e3ad863f76a68984ab7b64ff26-C4H8O2-0-1,oxidation_free_energy,fingerprint_gpr,RX-392,OZCRKDNRAAKDAN-HNQUOIGGSA-N,O/C=C/CCO,train,false,5.981891416509825,6.02670177893318,0.4430349502688469,0.04481036242335534
rx392:f92b9a6ed7e1114a9b4fc807be6de284-C4H8O2-0-1,oxidation_free_energy,fingerprint_gpr,RX-392,WSJASAOEQFRGMD-UHFFFAOYSA-N,CCO[C-]=[O+]C,train,false,5.864949935614277,5.8908819297561195,0.4404162028320798,0.02593199414184255
rx392:0af1d0155d7207c806d7d5e78e18bece-C2F1H3O2-0-1,oxidation_free_energy,fingerprint_gpr,RX-392,JNEQDYIGMHVAEU-UHFFFAOYSA-N,O=CCOF,train,false,7.646397725640782,7.597001837829691,0.44463632140825937,0.049395887811090944
rx392:f1220d1f66a012560b6d7b7cc0c7fd6f-C2F1H3O2-0-1,oxidation_free_energy,fingerprint_gpr,RX-392,JKKYWQUELJLABD-UHFFFAOYSA-N,[O-]CC(O)=[F+],test,true,5.467709623153496,5.594219364028806,0.9918248318493982,0.12650974087530997
rx392:d007f8ebbf7675fb135fc14956eb395b-C2F1H3O2-0-1,oxidation_free_energy,fingerprint_gpr,RX-392,MFPBWDUJXLGBJA-UHFFFAOYSA-N,O=C(F)CO,train,false,8.342039920713432,8.02081397430782,0.42906208631734066,0.32122594640561175
rx392:f1df0b6638cbfa57107ca92f4cfc1a7b-C4H6O2-0-1,oxidation_free_energy,fingerprint_gpr,RX-392,MGBUMQZXWSKNOU-UHFFFAOYSA-N,[O+]#CCCC[O-],test,true,4.442304948561286,6.31448827432938,1.0896880389139934,1.872183325768094
rx392:f1d587942678f6938595d6db7fa9c2e8-C4H6O2-0-1,oxidation_free_energy,fingerprint_gpr,RX-392,CXDWIOQNFMIXCX-ZPUQHVIOSA-N,O/C=C/C=C/O,train,false,5.115880388935693,5.209744848379183,0.43973874038907784,0.09386445944348942
rx392:122d7a8c12bfd909977f17fb54bf5af4-C4H6O2-0-1,oxidation_free_energy,fingerprint_gpr,RX-392,IMXMGQOZHBFVCT-HNQUOIGGSA-N,O=CC/C=C/O,train,false,6.116474929733158,6.151089832566936,0.44090720981882986,0.03461490283377788
rx392:f63aa0e41fd871081eba5014a59d5b87-C4H6O2-0-1,oxidation_free_energy,fingerprint_gpr,RX-392,APZPFVRUUMXYRZ-UHFFFAOYSA-N,C=COCC=O,train,false,6.319504561944996,6.348559254793665,0.41780461769944466,0.02905469284866946
rx392:15e82ffb96026ba438c9a594ee12c388-C4H6O2-0-1,oxidation_free_energy,fingerprint_gpr,RX-392,CNDSYBVNLAHPIS-UHFFFAOYSA-N,C[C-]=[O+][C-]=[O+]C,test,true,6.544043170375517,6.835150307716013,0.8039670179083404,0.29110713734049654
rx392:51baaa178735ebe9393248615911e892-C4H6O2-0-1,oxidation_free_energy,fingerprint_gpr,RX-392,PCSMJKASWLYICJ-UHFFFAOYSA-N,O=CCCC=O,train,false,7.535780018193691,7.481958634126486,0.43674656039534876,0.053821384067204825
rx392:5b874a641ebc121894720adf0e054ed7-C4H6O2-0-1,oxidation_free_energy,fingerprint_gpr,RX-392,FXCMZPXXCRHRNK-OWOJBTEDSA-N,O=C/C=C/CO,train,false,7.3175166847140645,7.272359492336272,0.43845566457400104,0.04515719237779248
rx392:f58f7ccea34a03ace606a6fd63af6b21-C4H6O2-0-1,oxidation_free_energy,fingerprint_gpr,RX-392,DOZAJVJEGUTITC-UHFFFAOYSA-N,[CH-]=[O+][C-]=[O+]CC,train,false,6.710092214158067,6.624017345639093,0.43974092489502664,0.08607486851897406
rx392:941151a043d36f390ccb03571373f9ad-C4H6O2-0-1,oxidation_free_energy,fingerprint_gpr,RX-392,QUFHOMKJGBDIRS-UHFFFAOYSA-N,OC=C=CCO,train,false,6.465338204679938,6.434815100966542,0.44116706954897655,0.030523103713395727
rx392:ab8258a112dca63a09ebe1f4f225758a-C4H6O2-0-1,oxidation_free_energy,fingerprint_gpr,RX-392,XVGZAGBFDQIJKR-UHFFFAOYSA-N,C=CO[C-]=[O+]C,train,false,6.215583314637115,6.217514384844148,0.44642855934351544,0.001931070207032981
rx392:6f558cd3ef2a8bfb682a3477ee20c9b4-C4H6O2-0-1,oxidation_free_energy,fingerprint_gpr,RX-392,YXWXNWRDFORZSN-UHFFFAOYSA-N,O=C=CCCO,train,false,6.24904040749243,6.287391318559182,0.44268044047530714,0.03835091106675215
rx392:9bc564a7ce92ad9a12b907122d4435b2-C4H6O2-0-1,oxidation_free_energy,fingerprint_gpr,RX-392,JSPXPZKDILSYNN-UHFFFAOYSA-N,OC#CCCO,train,false,6.7051851982960216,6.692808830972279,0.441599740127211,0.012376367323742699
rx392:cf215a47ecba16f4b1796be7b6d4bafe-F2H1O1P1-0-1,oxidation_free_energy,fingerprint_gpr,RX-392,UWETVEYENGVTQS-UHFFFAOYSA-N,OP(F)F,train,false,7.781459837311559,7.6569561391312995,0.43478392698135193,0.12450369818025919
rx392:538e8059ad5ccd51e316f1d85d318683-C4H2-0-1,oxidation_free_energy,fingerprint_gpr,RX-392,LLCSWKVOHICRDD-UHFFFAOYSA-N,C#CC#C,test,true,7.476220430633475,7.428376011554949,1.1553301829073652,0.0478444190785261
rx392:beebe803fd6de3ac87ed838a4d8d6ff3-C4H2-0-1,oxidation_free_energy,fingerprint_gpr,RX-392,MRJFCQHWODZEPM-UHFFFAOYSA-N,[C-]#C[C+]=C,train,false,7.157928468072896,7.0925696570817465,0.4367677479379193,0.0653588109911496
rx392:a99e892f8740e416eab9c9abaefc8334-H1O2P1-0-1,oxidation_free_energy,fingerprint_gpr,RX-392,GQZXNSPRSGFJLY-UHFFFAOYSA-N,O=PO,train,false,8.325167391116338,8.180795911335567,0.43717247477463445,0.14437147978077114
rx392:17803bdcdac2136091857ecd4da57350-C1H3O3P1-0-1,oxidation_free_energy,fingerprint_gpr,RX-392,XAKRTGZVYPZHCO-UHFFFAOYSA-N,COP(=O)=O,train,false,9.222505084835575,9.09339101073573,0.44235164820861433,0.12911407409984577
rx392:4ee2c58d616283263e1a276b35e7a267-C3H6O2-0-1,oxidation_free_energy,fingerprint_gpr,RX-392,XWVOVMOHQDSGQK-UHFFFAOYSA-N,C=[O+]CC[O-],test,true,4.710430525747142,5.15493975114532,1.0007012174356003,0.4445092253981775
rx392:98d7f5bb7626f9e7c27692b1b37749c4-C3H6O2-0-1,oxidation_free_energy,fingerprint_gpr,RX-392,RUKWBTSQVWLBIH-UHFFFAOYSA-N,CO[C-]=[O+]C,train,false,5.966382099860311,6.010282604296877,0.44394082611571994,0.043900504436565235
rx392:ac8e8ba99e1867ad472f3a9f585ad7ae-C3H6-0-1,oxidation_free_energy,fingerprint_gpr,RX-392,QQONPFPTGQHPMA-UHFFFAOYSA-N,C=CC,train,false,6.732996198120873,6.746419384204966,0.43453975093849606,0.01342318608409343
rx392:a6d449700787155e9836404e03f5a41c-C2H5O2P1-0-1,oxidation_free_energy,fingerprint_gpr,RX-392,IDKDNOJBBSKTIR-UHFFFAOYSA-N,C=[O+][P-]OC,train,false,3.919065465051972,4.095840737200634,0.44486737494130946,0.17677527214866195
rx392:7e3a2b19a5af30ab0981eacd78038857-C1F1H1O1-0-1,oxidation_free_energy,fingerprint_gpr,RX-392,ROGRBZXOYPJSCQ-UHFFFAOYSA-N,O[C-]=[F+],train,false,7.478553113134694,7.360169746792601,0.4321809415144459,0.11838336634209323
rx392:b6fe479487a04352d702164756d6d0ac-C1F1H1O1-0-1,oxidation_free_energy,fingerprint_gpr,RX-392,NHGVZTMBVDFPHJ-UHFFFAOYSA-N,O=CF,test,true,9.32345405126489,6.915148345483933,0.6844253234011739,2.408305705780956
rx392:6d258c73cf11fae93d4d3816af0290e8-F1N1O1S1-0-1,oxidation_free_energy,fingerprint_gpr,RX-392,QMAYPUZHQUBYJT-UHFFFAOYSA-N,N#S(=O)F,train,false,9.130763941102487,8.98513842771117,0.4458560269121137,0.14562551339131602
rx392:133004eb20f26ef002a92f06abee41ca-C2F1H1O2-0-1,oxidation_free_energy,fingerprint_gpr,RX-392,BITVLRXIXBFBAR-UHFFFAOYSA-N,O=CC(=O)F,train,false,8.377968318058265,8.205962623606633,0.43881615171622385,0.1720056944516326
rx392:799e73273a32c13492ae5ba5a010993d-C2F1H1O2-0-1,oxidation_free_energy,fingerprint_gpr,RX-392,IZHBWHIERKKUJK-UHFFFAOYSA-N,[O-]C(F)=[C+]O,train,false,6.994981780318994,6.970646798217625,0.44273606219067396,0.02433498210136964
rx392:e473ee39de591ff8cac6ea1f47a0b34b-C2F1H1O2-0-1,oxidation_free_energy,fingerprint_gpr,RX-392,QHSNXCQFHFUEHV-UHFFFAOYSA-N,O=C=C(O)F,train,false,6.1350410245195235,6.223978613611476,0.44271423931454995,0.0889375890919526
rx392:366cdd57a062ca777e3bf29de84d24a8-C2H1O2P1-0-1,oxidation_free_energy,fingerprint_gpr,RX-392,ZBDQWDLMUMITEL-UHFFFAOYSA-N,O=C=C[O+]=[P-],train,false,5.036050647935554,5.161288529894075,0.43997750693546117,0.1252378819585216
rx392:baf894588b8d74d033c90149bda9e473-C4H6-0-1,oxidation_free_energy,fingerprint_gpr,RX-392,KAKZBPTYRLMSJV-UHFFFAOYSA-N,C=CC=C,test,true,6.3022111391064755,6.725582910326781,0.8669234241571065,0.4233717712203058
rx392:bd9b37b2515625b8ce57eb1a55ccf49f-C4H4O4-0-1,oxidation_free_energy,fingerprint_gpr,RX-392,MRAJCEICDPBEDR-OWOJBTEDSA-N,O[C-]=[O+]/C=C/[O+]=[C-]O,train,false,6.582468832215454,6.571440055958202,0.440356083492068,0.011028776257252737
rx392:1fc65468e969ed0cd3847a1197d120d5-C5H8O3-0-1,oxidation_free_energy,fingerprint_gpr,RX-392,CLWVKGFYURNSNJ-UHFFFAOYSA-N,O=CCCC[O+]=[C-]O,train,false,6.172863361010968,6.248287888127019,0.43521966753389524,0.07542452711605119
rx392:1a215994cacd2d069dd3bcecf83afb79-C5H8O3-0-1,oxidation_free_energy,fingerprint_gpr,RX-392,QQPSZXOAEYMLMI-UHFFFAOYSA-N,C[C-]=[O+]C(=O)OCC,train,false,5.647189269782757,5.731606130121985,0.44035636824509705,0.08441686033922835
rx392:b7259c5fa131a846cc431c9cf5fbde76-C5H8O3-0-1,oxidation_free_energy,fingerprint_gpr,RX-392,BPFOYPDHLJUICH-UHFFFAOYSA-N,C=COC(=O)OCC,train,false,6.763043875713265,6.824959315199758,0.4248560343864831,0.061915439486492474
rx392:b5838f64215417f1c3804cff939a3900-C5H8O3-0-1,oxidation_free_energy,fingerprint_gpr,RX-392,JNKPQAPJKCOIHT-UHFFFAOYSA-N,CC=[O+]C(=O)O[CH-]C,test,true,3.5203395955686574,5.446359115781564,0.8988240462293804,1.9260195202129067
rx392:dfd9a0f6874b88ecc7fef406b4956d90-C5H8O3-0-1,oxidation_free_energy,fingerprint_gpr,RX-392,GQQCHPMAXKWHMY-UHFFFAOYSA-N,C=CCCOC(=O)O,train,false,6.885659390689398,6.961167776738275,0.4197755637353488,0.07550838604887744
rx392:081d558fc5b077fbd576acd7ecacbfb0-C6H8O4-0-1,oxidation_free_energy,fingerprint_gpr,RX-392,AAVDHVVATBWPJH-UHFFFAOYSA-N,[O+]#COCCC[CH-][O+]=[C-]O,train,false,3.8439709907524957,3.928912856965809,0.4472554127083163,0.08494186621331323
rx392:263028ed45faf4d76e960a16cc9958ee-C5H10O2-0-1,oxidation_free_energy,fingerprint_gpr,RX-392,BOHGEFZURVLVHR-UHFFFAOYSA-N,CCO[C-]=[O+]CC,train,false,5.907163925881832,5.951766362199208,0.43757745779859497,0.04460243631737537
rx392:371cebb7237ba0efe137a66acc7dfaba-C4H4O5-0-1,oxidation_free_energy,fingerprint_gpr,RX-392,ZSHIWERRZIDCML-OWOJBTEDSA-N,O=C(O)O/C=C/[O+]=[C-]O,test,true,6.586847322141693,6.761438762573691,0.9202749219029377,0.17459144043199792
rx392:b04430ea9543ecf6ec8abfd54b403d71-C5H8O4-0-1,oxidation_free_energy,fingerprint_gpr,RX-392,PISYRMGYCCLHGH-UHFFFAOYSA-N,O=CCCCOC(=O)O,test,true,7.327499543340309,7.2272072482595275,0.5166743451822838,0.10029229508078163
rx392:3a24d341460bdb2d66f5602053084449-C6H10O4-0-1,oxidation_free_energy,fingerprint_gpr,RX-392,UKOCCXVYDOHHFX-UHFFFAOYSA-N,O[C-]=[O+]CCCC[O+]=[C-]O,train,false,6.153950680782145,5.955622679332054,0.42575869639134317,0.19832800145009166
rx392:b01f452401e105d1b53e5d9a8e2ab475-C4H2O5-0-1,oxidation_free_energy,fingerprint_gpr,RX-392,SYMYXYYOYBPBAW-UHFFFAOYSA-N,O=C(O)OC#C[O+]=[C-]O,train,false,7.066728908648656,7.037336041971125,0.4449590704228588,0.02939286667753116
rx392:5c41cb65f21d8b65368c66bd132914ac-C5H10O3-0-1,oxidation_free_energy,fingerprint_gpr,RX-392,OIFBSDVPJOWBCH-UHFFFAOYSA-N,CCOC(=O)OCC,train,false,8.09491647696268,7.9828582380709365,0.4411296926595735,0.11205823889174393
rx392:6e387ff667eac339765e20c257db14a9-C4F1H8O2P1-0-1,reduction_free_energy,linear,RX-392,OBSMVZFKBRNNHS-UHFFFAOYSA-N,[CH2+]COCCO[P-]F,test,true,-4.393270171727636,-1.4875310884260458,,2.90573908330159
rx392:6e184145e0a3d59cf41deb7a48736e1a-C4F1H8O2P1-0-1,reduction_free_energy,linear,RX-392,LHCUTHKDZDDJMQ-UHFFFAOYSA-N,FCCOCC[O+]=[P-],train,false,-3.6413988942476863,-4.021650124941733,,0.3802512306940464
rx392:82453decb15fa86619f405c2255afd24-F1N1O3S2-0-1,reduction_free_energy,linear,RX-392,XWFDESPXXQQRMT-LURJTMIESA-N,O=S(=O)=N[S@@](=O)F,test,true,-4.846668234957178,-3.230174872535275,,1.6164933624219033
rx392:c01bdfc12dd37e8f9b75769be4ff7135-C6H10O6-0-1,reduction_free_energy,linear,RX-392,CELCNEUYEAWJAV-UHFFFAOYSA-N,O=C(O)OCCCCOC(=O)O,train,false,-0.7537082340750203,-1.6046118075079556,,0.8509035734329353
rx392:13fde7cb21aa0bae798661910af042f9-C5F2H6O3-0-1,reduction_free_energy,linear,RX-392,ZTTLVSHDZKENLA-SCSAIBSYSA-N,O=C([O-])O[C@@H](F)CCC=[F+],train,false,-4.786887290185405,-4.631553984060793,,0.1553333061246116
rx392:9a80e7d3b8cba52608bfe53c2b6db0ac-C3F3H2O2P1-0-1,reduction_free_energy,linear,RX-392,MRGMYRXPNFTBMU-UHFFFAOYSA-N,FP(F)O[C-]=[O+]C[C-]=[F+],train,false,-3.350772134745057,-3.3042168472536964,,0.04655528749136062
rx392:7effebabf4adbd155b4aac995e62d37b-C5F2H6O3-0-1,reduction_free_energy,linear,RX-392,XBWCQEBTNGRMOZ-BYPYZUCNSA-N,O=C([O-])OC[C@@H](F)CC=[F+],train,false,-4.971485549012868,-4.885175570208306,,0.0863099788045627
rx392:2c96eb4288d63b2a9437ddd4172e67f3-H2O1-0-1,reduction_free_energy,linear,RX-392,XLYOFNOQVPJJNP-UHFFFAOYSA-N,O,train,false,-0.6139330517471535,-1.5003891153991777,,0.8864560636520242
rx392:eefdfcd29fba955b8e8691b85f4badd3-C3F1H4O3P1-0-1,reduction_free_energy,linear,RX-392,KXLJAUDVNOUKGB-UHFFFAOYSA-N,[O-][P-][O+]=C=[O+]CCF,test,true,-3.2256751387139957,-3.333809214992123,,0.1081340762781271
rx392:620346cfe2e5fd708d38ad59137e7e65-C3F1H4O3P1-0-1,reduction_free_energy,linear,RX-392,VOOQPARPXZEUMN-UHFFFAOYSA-N,O=C(OCCF)[O+]=[P-],train,false,-4.119503059584531,-4.352764980369571,,0.23326192078503993
rx392:05178f156d01553929413f706874b78a-C2F1O2P1-0-1,reduction_free_energy,linear,RX-392,VIJLLDOHIJAUCA-UHFFFAOYSA-N,[O-]C#COP=[F+],train,false,-4.268973252277647,-4.385340584635733,,0.11636733235808627
rx392:6d3cb14458ca8bd6d2815732a5844caa-C2F1O2P1-0-1,reduction_free_energy,linear,RX-392,FKISWKYBCYAUJN-UHFFFAOYSA-N,O=POC#CF,train,false,-2.415371377723204,-3.3784930943808753,,0.9631217166576711
rx392:91c8d2920d7fae87132a81b95c07dd4a-C2F1O2P1-0-1,reduction_free_energy,linear,RX-392,AGKNEAIUUPFPTE-UHFFFAOYSA-N,[C+]#COP([O-])F,train,false,-6.221765022586624,-4.545133355484209,,1.6766316671024146
rx392:0ab022f73af45db70b5abc61e7cc5bc6-C3H1O2P1-0-1,reduction_free_energy,linear,RX-392,IRDMQKNTOIKALV-UHFFFAOYSA-N,C#C[O+]=[C-][O+]=[P-],train,false,-4.742610910550866,-4.710212825347016,,0.0323980852038499
rx392:796506dbd3f3230e3d246a59ef72ecb3-C3F2H3O4P1-0-1,reduction_free_energy,linear,RX-392,BMPGPKPDWJCMJY-UHFFFAOYSA-N,C=COC(=O)OP(=O)(F)F,train,false,-1.2339901808300056,-1.6179517948072666,,0.38396161397726103
rx392:a3b8cb94733e47a4966a08138fd78064-C2H6O2-0-1,reduction_free_energy,linear,RX-392,LYCAIKOWRPUZTN-UHFFFAOYSA-N,OCCO,train,false,0.10610319524403167,-0.9314246589073941,,1.037527854151426
rx392:96b8af3838777f9f3e6b972d5aa3a84f-C4F1H8O3P1-0-1,reduction_free_energy,linear,RX-392,QCVQEYURPKJMCT-UHFFFAOYSA-N,O=POCCOCCF,train,false,-2.412755893677968,-2.8404434489171306,,0.4276875552391628
rx392:5e15a57678ef5b22d37ef6cc5dbda8a3-C4F1H8O3P1-0-1,reduction_free_energy,linear,RX-392,QRUXQZQTBWGEGC-SECBINFHSA-N,[CH2+]COCCO[P@@]([O-])F,train,false,-4.443994429493614,-1.4660549086970491,,2.977939520796565
rx392:84a635271c4fddb04b12de734b6e0350-C4F1H8O3P1-0-1,reduction_free_energy,linear,RX-392,ADIWOXLMVNWGTD-UHFFFAOYSA-N,O[P-][O+]=CCOCCF,train,false,-3.049674578869599,-3.1330060776141844,,0.08333149874458545
rx392:82e454f28d45cd2eaf051cbfb3804793-C4F1H8O3P1-0-1,reduction_free_energy,linear,RX-392,KQDLFTJALZIDCG-SECBINFHSA-N,[CH2-]COCC=[O+][P@@](O)F,train,false,-4.123604886819521,-3.8948509691307236,,0.2287539176887976
rx392:eab256ea76e458e90d49eaa61c4423a4-C3H2O4-0-1,reduction_free_energy,linear,RX-392,NXYSYGVFDASHDR-UHFFFAOYSA-N,O=C=COC(=O)O,train,false,-2.6339297487938893,-2.5054005835393625,,0.12852916525452684
rx392:58bf453b2da0fa442f8213e43d1fcb28-C3H2O4-0-1,reduction_free_energy,linear,RX-392,XBTQEVJNCGBLJB-UHFFFAOYSA-N,O=C(O)OC#CO,train,false,-2.2729358938722726,-1.8103923280884553,,0.4625435657838173
rx392:28db6a82af56b90b126446758dd96749-C4H6O3-0-1,reduction_free_energy,linear,RX-392,BPLRSEBVLPDSAK-UHFFFAOYSA-N,C[C-]=[O+]C(=O)OC,train,false,-2.5279520310978114,-2.536384340017019,,0.008432308919207543
rx392:2a523d412b04d31a1160fdb5962b3724-C4H6O3-0-1,reduction_free_energy,linear,RX-392,JNBNIINHOBNMLY-UHFFFAOYSA-N,[CH2-]OC(=O)[O+]=CC,train,false,-3.796719543495783,-3.5837349522782462,,0.21298459121753677
rx392:7daa5fbb02de5e72b0368d31249f24e5-C4H6O3-0-1,reduction_free_energy,linear,RX-392,NCHRDVARPJUMRC-UHFFFAOYSA-N,C=COC(=O)OC,test,true,-0.9367001424161572,-1.284416685026727,,0.3477165426105697
rx392:8e12f0e9d0bcddddc5919ed33f643e1e-C3F2H1O3P1-0-1,reduction_free_energy,linear,RX-392,ATHGTBQXCLJKGP-UHFFFAOYSA-N,O=C(OC=C=[F+])O[P-]F,train,false,-5.2304024837576435,-4.863945889571255,,0.36645659418638843
rx392:20aa5b08677c6496f350080e4d039a60-C3F1H6O3P1-0-1,reduction_free_energy,linear,RX-392,AAGZBCKUVAXJNL-MRVPVSSYSA-N,[CH2-]OCC=[O+][P@@](O)F,test,true,-4.033408681796573,-3.861746937562017,,0.1716617442345556
rx392:0184135e4f900328a3c661dd5600d9a8-C3H6O4-0-1,reduction_free_energy,linear,RX-392,BBRSEFOSZWEMPE-UHFFFAOYSA-N,O=C(O)OCCO,train,false,-0.6417276563115593,-1.5397591335189709,,0.8980314772074116
rx392:bb7fccf8e480fc83a39edf4843d93c6c-C2F3H2O2P1-0-1,reduction_free_energy,linear,RX-392,HRGLKGRUHMYRFP-UHFFFAOYSA-N,O=P(F)(F)[O+]=[C-]CF,train,false,-3.707431595885282,-3.241894633063571,,0.465536962821711
rx392:b7f4432b69c68f4865160e1bdad6ef9a-C2F3H2O2P1-0-1,reduction_free_energy,linear,RX-392,MBUXOOLUQJTNIB-UHFFFAOYSA-N,O=P(F)(F)OC[C-]=[F+],train,false,-3.4253466767113423,-3.346899752966335,,0.07844692374500717
rx392:73d82496d43b06e56f25c4a0d106f468-C2F3H2O2P1-0-1,reduction_free_energy,linear,RX-392,QOJASGSRCAWPGI-UPHRSURJSA-N,O=P(F)(F)O/C=C\F,train,false,-1.6886225937378185,-1.1889361550996906,,0.4996864386381279
rx392:390b4ebf4b758be7382327cd87d28e99-C5F1H7O2-0-1,reduction_free_energy,linear,RX-392,ILQXZULLEHDOHG-UHFFFAOYSA-N,[O+]#COCCC[CH-]F,train,false,-4.614591883530011,-4.203482269348444,,0.41110961418156666
rx392:0d40ed1ae2549562537c4d2ef026dc32-C2F3H2O1P1-0-1,reduction_free_energy,linear,RX-392,SXMHFQFWJLNVGF-UHFFFAOYSA-N,FC[C-]=[O+]P(F)F,train,false,-3.2941688127466477,-2.85324962462595,,0.44091918812069775
rx392:f5c0d32cb4243e77b18ae286bc39a8db-C2F3H2O1P1-0-1,reduction_free_energy,linear,RX-392,ZQAOZAYCWQBIAN-UHFFFAOYSA-N,FP(F)OC[C-]=[F+],train,false,-3.2789404403811204,-3.2432130052488515,,0.03572743513226895
rx392:31ebd083e3d73bfad23b4361f9fb48e6-C2F2H3O2P1-0-1,reduction_free_energy,linear,RX-392,PVXDVJPIOWEQIZ-UHFFFAOYSA-N,C=COP(=O)(F)F,train,false,-1.8997206458479923,-1.4343052084230055,,0.4654154374249868
rx392:079282e8951ef25043cc187a1eeeba61-C3F3H2O3P1-0-1,reduction_free_energy,linear,RX-392,BOQAQYZLOGHMDL-UHFFFAOYSA-N,O=P(F)(F)O[C-]=[O+]C[C-]=[F+],train,false,-3.481498845943861,-3.3805362541164152,,0.10096259182744571
rx392:3c248ee85a538adb3b04a15c91ad0bfd-C3F2H5O2P1-0-1,reduction_free_energy,linear,RX-392,CMFWTHBATNXNEO-UHFFFAOYSA-N,[CH-]=[O+]CCOP(F)F,train,false,-2.41504952415562,-2.681581849132802,,0.2665323249771818
rx392:956a458d86d5a327087383cc45d2429c-C2F3H4O1P1-0-1,reduction_free_energy,linear,RX-392,CGELEAYJQUNLQU-UHFFFAOYSA-N,FCCOP(F)F,train,false,-1.278810088409955,-1.3714440550154414,,0.0926339666054865
rx392:b0626fbc4250f17418f086afc0c04c88-C6F2H6O5-0-1,reduction_free_energy,linear,RX-392,AALOWOLJVRWAFV-CRCLSJGQSA-N,O=C([O-])O[C@@H](F)C[C@H](F)COC#[O+],train,false,-4.936330505544902,-3.239809788692697,,1.6965207168522047
rx392:6afc8b87d2decd8d32bf667ccaab0be2-C6F2H6O5-0-1,reduction_free_energy,linear,RX-392,PZLYQHDXYOUJPM-CRCLSJGQSA-N,O=C([O-])OC[C@@H](F)[C@@H](F)COC#[O+],train,false,-4.7792030138625705,-3.2964376905798587,,1.4827653232827118
rx392:db3b5309b96fef654ff39e1c4277f277-C3F1O2P1-0-1,reduction_free_energy,linear,RX-392,HQUVGDUEDWRYHT-UHFFFAOYSA-N,[C-]#C[O+]=C=[O+][P-]F,train,false,-5.450739181771496,-5.149240702854323,,0.3014984789171731
rx392:a3aec91fc4c5258bc56344e921ff3e93-C4F3H6O2P1-0-1,reduction_free_energy,linear,RX-392,ACGHTOCXFLNEEM-UHFFFAOYSA-N,FCCOC[C-]=[O+]P(F)F,train,false,-2.3410184973763535,-2.979899158324308,,0.6388806609479545
rx392:fc731b7e2ac2b605df35e96e8b399b60-C4F3H6O2P1-0-1,reduction_free_energy,linear,RX-392,UUJWMQSOBATTKK-ONEGZZNKSA-N,FCCO/C=C/OP(F)F,train,false,-1.6545875918891397,-1.5888734336778296,,0.0657141582113101
rx392:59b4374c1833abf195a8a9803de080d5-C4F3H6O2P1-0-1,reduction_free_energy,linear,RX-392,WIHCAQOCPVHARP-UHFFFAOYSA-N,FC[C-]=[O+]CCOP(F)F,train,false,-1.5479230760247447,-2.642454604062186,,1.0945315280374412
rx392:2b5a6c235e3f51a6f43ac533253cd165-C4F3H6O2P1-0-1,reduction_free_energy,linear,RX-392,FXARLLGYJYAVPA-UHFFFAOYSA-N,C=[C-]OCCO[P+](F)(F)F,train,false,-4.167470132928429,-3.484263429972874,,0.6832067029555549
rx392:63bc2536bdd693b139805f016e5af60a-C4F3H6O2P1-0-1,reduction_free_energy,linear,RX-392,FQSHJLBUFQCHJC-UHFFFAOYSA-N,FCC[O+]=[C-]COP(F)F,test,true,-1.5177320642651466,-2.6600626288365308,,1.1423305645713842
rx392:0a9c070d174be308780714f4382ea3f3-C4F3H6O2P1-0-1,reduction_free_energy,linear,RX-392,LYULEUMSLMECSM-UHFFFAOYSA-N,FP(F)OCCOC[C-]=[F+],test,true,-1.4839221198417363,-3.289650492687158,,1.8057283728454219
rx392:67ad0b3efe8f5d2ec4f72bc8187f179b-C3F1O3P1-0-1,reduction_free_energy,linear,RX-392,SRMAHOZUVUJKQP-UHFFFAOYSA-N,[C+]#COC(=O)O[P-]F,train,false,-5.5240987760189455,-5.229787223992148,,0.29431155202679715
rx392:ac6fcf62cb6e30142dd0bdbff7f2fd11-C3F1O3P1-0-1,reduction_free_energy,linear,RX-392,MNDGFGSAYSDRLM-UHFFFAOYSA-N,O=C(OC#CF)[O+]=[P-],train,false,-4.39529839320312,-4.609939014898929,,0.21464062169580878
rx392:d17ad8c007a93456b5bf7857216292ea-C3F2H5O3P1-0-1,reduction_free_energy,linear,RX-392,ZUHVKSZKBRTVRW-UHFFFAOYSA-N,[CH-]=[O+]CCOP(=O)(F)F,train,false,-1.6891138836726896,-2.72675967402495,,1.0376457903522605
rx392:92e536266b92af9c064e48eaa7ac26b0-C3F3H4O3P1-0-1,reduction_free_energy,linear,RX-392,VBGGRGUHBVEDDG-UHFFFAOYSA-N,[CH2-][O+]=C=COP(O)(F)(F)F,test,true,-3.376858229497884,-3.4648578366445655,,0.08799960714668131
rx392:43f8252d83847dfaaf3ab6c2c77ca6d0-C3F3H4O3P1-0-1,reduction_free_energy,linear,RX-392,BRVRIVCFGXLEDH-UHFFFAOYSA-N,O=P(F)(F)O[C-]=[O+]CCF,test,true,-2.3375923642452108,-2.3850551897147163,,0.04746282546950553
rx392:88556cbbe62e7dbea3e0083231abde30-C3F3H4O3P1-0-1,reduction_free_energy,linear,RX-392,DYCHWIATUZKJLX-NSCUHMNNSA-N,[CH-]=[O+]/C=C/OP(O)(F)(F)F,train,false,-2.5867965059442213,-2.821561131493149,,0.23476462554892752
rx392:d38b7fab6a8f640c8e3659db568bd2b1-C3F1H1O3-0-1,reduction_free_energy,linear,RX-392,ZQCQTPBVJCWETB-UHFFFAOYSA-N,O=c1occ(F)o1,test,true,-1.7830433672261279,-0.6296180010349193,,1.1534253661912086
rx392:8d243794e8cd04e8c7b6efba19f119f0-C3F1H1O3-0-1,reduction_free_energy,linear,RX-392,DTFNRASXVKNOOG-UHFFFAOYSA-N,[O+]#COC=C([O-])F,train,false,-4.182696845949977,-2.623762643840813,,1.558934202109164
rx392:09aa54d153627b2ccca466948039c9a7-C3F2H3O2P1-0-1,reduction_free_energy,linear,RX-392,ARMKYQZTTKRQDX-UHFFFAOYSA-N,C=C[O+]=[C-]OP(F)F,test,true,-2.4150096184130234,-2.3494819601288732,,0.06552765828415019
rx392:8a8d5e092c1554b7a50056f85c9fba1a-C2F2H1O1P1-0-1,reduction_free_energy,linear,RX-392,OHQUZHIADUDYAC-UHFFFAOYSA-N,C#COP(F)F,train,false,-2.0396342856001866,-1.705315897556374,,0.33431838804381253
rx392:3d9837c36dd14ed9e25623a7d6fe7a7d-C2F2H1O1P1-0-1,reduction_free_energy,linear,RX-392,VQFRIDPGWQXXAZ-UHFFFAOYSA-N,FC=C=[O+][P-]F,train,false,-4.312955821886135,-4.332477224909763,,0.019521403023627926
rx392:44f0e182e5501acaf1eaf07098040a8b-F1N1O1S2-0-1,reduction_free_energy,linear,RX-392,BZUADLLCCNLRKN-UHFFFAOYSA-N,O=S=NSF,test,true,-3.759265383690945,-3.535540873351701,,0.223724510339244
rx392:89021f982c3184bcbb1fef5eef9e6779-C5F1H7O3-0-1,reduction_free_energy,linear,RX-392,USMHJBJOPYILPC-UHFFFAOYSA-N,O=C([O-])OCCCC=[F+],train,false,-4.72157868956856,-4.469073233125802,,0.25250545644275757
rx392:ac511fb7ddcc82bc116b10460f810617-C2F2H1O4P1-0-1,reduction_free_energy,linear,RX-392,QILVKTFUYZVFOU-UHFFFAOYSA-N,[CH-]=[O+]C(=O)OP(=O)(F)F,train,false,-3.4975051435212663,-3.5441506757418915,,0.046645532220625174
rx392:48520374534fbf55c5079c48d5271d75-C1F2H1O2P1-0-1,reduction_free_energy,linear,RX-392,PMPAIMDBFRMFJP-UHFFFAOYSA-N,[CH-]=[O+]P(=O)(F)F,test,true,-2.402905256716622,-3.5755241181471993,,1.1726188614305775
rx392:d9ceb9b7ed76d1fa42d9fa458d30d0e0-C3F1O4P1-0-1,reduction_free_energy,linear,RX-392,YEKNQWDUGUJVFV-UHFFFAOYSA-N,[C+]#COC(=O)OP([O-])F,train,false,-6.557601975950092,-4.525369829227867,,2.032232146722225
rx392:223fe308ef4ad013168804f44e01acec-C3F1O4P1-0-1,reduction_free_energy,linear,RX-392,ULNVKYFXMLJIAZ-UHFFFAOYSA-N,O=POC(=O)OC#CF,train,false,-2.5845397946723097,-3.5969402204225664,,1.0124004257502568
rx392:b0f13dcf5a68ddbc4d962cd040cf83fb-C5F2H6O2-0-1,reduction_free_energy,linear,RX-392,PCTYDUALZWNRHO-YFKPBYRVSA-N,[O+]#COC[C@@H](F)C[CH-]F,test,true,-4.894627565105111,-4.799277248098954,,0.09535031700615715
rx392:e7093972202fe91d98ae41e78912f397-C2F2H1O2P1-0-1,reduction_free_energy,linear,RX-392,WJIJSBKKNIROFR-UHFFFAOYSA-N,C#COP(=O)(F)F,train,false,-2.418297664124111,-1.5560579891994015,,0.8622396749247097
rx392:8d81e9dbbf2892594400fa6964089385-C2F2H1O2P1-0-1,reduction_free_energy,linear,RX-392,HYHBQCVPEFEQKW-UHFFFAOYSA-N,O=C=COP(F)F,train,false,-2.7253915808578313,-2.5362557235927623,,0.18913585726506899
rx392:2e35e66ce343dedffd619c98420f83cc-C2F2H1O2P1-0-1,reduction_free_energy,linear,RX-392,PLQRPIOGJFOUOK-UHFFFAOYSA-N,[O-]C=C=[O+]P(F)F,train,false,-3.9796781231889327,-3.353421001041338,,0.6262571221475945
rx392:1be51dbe1efa6d1c664221f811e57f9f-C2F1H2O2P1-0-1,reduction_free_energy,linear,RX-392,TVZGVMVZKJJHFT-UPHRSURJSA-N,O=PO/C=C\F,train,false,-1.3602429577476869,-3.009449411261895,,1.649206453514208
rx392:d8f2605de501a7b204d3ab3f48f2758d-C2F1H2O2P1-0-1,reduction_free_energy,linear,RX-392,ZBNHCLBWCOWAKW-UHFFFAOYSA-N,O=P[O+]=[C-]CF,train,false,-3.2124227194290143,-3.0039968649110533,,0.20842585451796092
rx392:712e795618e0acbdd0c4b57a53551e0a-C2H3O3P1-0-1,reduction_free_energy,linear,RX-392,UEEPGOAAMIRRAI-UHFFFAOYSA-N,O=CCOP=O,train,false,-2.51668146963857,-2.624551079031555,,0.10786960939298496
rx392:c7f552cb999a7ce124c18bd0725210fe-C2F2H1O3P1-0-1,reduction_free_energy,linear,RX-392,LDUDDUABFRXOCN-UHFFFAOYSA-N,O=C=COP(=O)(F)F,train,false,-2.958306691587495,-2.7550853732364855,,0.20322131835100965
rx392:be4f0f90e01062df9189f824ca607fd3-C2F2H1O3P1-0-1,reduction_free_energy,linear,RX-392,UZVWTGIUIMWMPY-UHFFFAOYSA-N,O=P(F)(F)[O+]=C=C[O-],train,false,-4.364357281621778,-3.7016612636127877,,0.6626960180089907
rx392:70419a2a17e6a5fd24a81a9156bb713d-C4F4H7O3P1-0-1,reduction_free_energy,linear,RX-392,OWZUIIHBHYKSCV-UHFFFAOYSA-N,OP(F)(F)(F)[O+]=CCOC[CH-]F,train,false,-4.208745022649964,-3.8717481183643727,,0.33699690428559137
rx392:c3f9f22ce28b83bb6492f32b439bc138-C3F3O4P1-0-1,reduction_free_energy,linear,RX-392,GGVNUPFJJKBQAL-UHFFFAOYSA-N,O=C(OC#CF)OP(=O)(F)F,train,false,-2.7388085389102343,-1.5216560909706862,,1.2171524479395481
rx392:935ab72749fc46385c6efadb4a3659cf-C3F1H3O3-0-1,reduction_free_energy,linear,RX-392,SBLRHMKNNHXPHG-REOHCLBHSA-N,O=C1OC[C@@H](F)O1,train,false,-1.2425772245442204,-0.48675893657816394,,0.7558182879660564
rx392:3c79b65d20f3023daefe4349b75b936d-C4F1H3O5-0-1,reduction_free_energy,linear,RX-392,MAGRHNUCUYWXHO-GSVOUGTGSA-N,O=C([O-])O[C@@H](F)COC#[O+],train,false,-4.787318497146771,-3.1251920986027106,,1.6621263985440602
rx392:dc3af32f0ebff3aabc993e46eecf9c12-C2F2H3O1P1-0-1,reduction_free_energy,linear,RX-392,MELGDKXDLDYZJQ-UHFFFAOYSA-N,C=COP(F)F,test,true,-1.0585187962133205,-1.3529443007345519,,0.2944255045212314
rx392:571bceae46fb809b0f9afa74166cc098-F3O1P1-0-1,reduction_free_energy,linear,RX-392,FFUQCRZBKUBHQT-UHFFFAOYSA-N,O=P(F)(F)F,train,false,-2.2526416749424243,-1.5176906078704149,,0.7349510670720094
rx392:14ecbf9adffeab91c43accfd325fddc4-C4H4O6-0-1,reduction_free_energy,linear,RX-392,ZWVIGXAESYYHMY-OWOJBTEDSA-N,O=C(O)O/C=C/OC(=O)O,train,false,-1.2355171877497924,-1.3735910533807179,,0.1380738656309255
rx392:77e36ea5825316cb2ce160bb69df140e-C4H4O6-0-1,reduction_free_energy,linear,RX-392,DHXVFTIERQCMBS-UHFFFAOYSA-N,O=C(O)OC[C-]=[O+]C(=O)O,test,true,-2.959971715878055,-3.1294965646267725,,0.16952484874871754
rx392:8a5050e998b7b28682f72b317573f938-C4H4O6-0-1,reduction_free_energy,linear,RX-392,SDDWCNBUKQPEBT-UHFFFAOYSA-N,O=C(O)[O+]=CCO[C+]([O-])[O-],train,false,-4.49846094167151,-4.244694878321673,,0.2537660633498371
rx392:82578fc54f1b73dbc927161288404fcf-C4F2H7O3P1-0-1,reduction_free_energy,linear,RX-392,LSCFZPUCXACYEI-SNVBAGLBSA-N,[O-][P@@](F)[O+]=CCOCCF,train,false,-3.139396604954527,-2.7485151352262145,,0.3908814697283125
rx392:f9a8716ff8cf3d1944526f62e864b488-C4F2H7O3P1-0-1,reduction_free_energy,linear,RX-392,WRQPTYHRVGJJPO-SNVBAGLBSA-N,O[P@@](F)[O+]=CCOC[CH-]F,test,true,-4.234331874475174,-3.9818875048296527,,0.2524443696455214
rx392:ea8d5c1a8759d8ff3368cfac6e8d58bd-C4F2H7O3P1-0-1,reduction_free_energy,linear,RX-392,WUVRZNWLPXAVBL-SNVBAGLBSA-N,[O-][P@@](F)OCC[O+]=CCF,train,false,-4.177787237429584,-3.9780732792827607,,0.19971395814682324
rx392:419d46397555f67fc2e923ed4a98c18d-C4F2H7O3P1-0-1,reduction_free_energy,linear,RX-392,RBKOOOPNCJKAKV-UHFFFAOYSA-N,C=COCCOP(=O)(F)F,train,false,-1.591994189813704,-1.0047640043016508,,0.5872301855120532
rx392:5cda00256bc78e492ac7cd5328fa32e5-C6H8O6-0-1,reduction_free_energy,linear,RX-392,RDIAOGKHDDKJRX-HNQUOIGGSA-N,O=C(O)O/C=C/CCOC(=O)O,test,true,-0.8808635315836,-1.2174587517626634,,0.3365952201790634
rx392:14087bb55f635f76e12b515c4caab80f-C6H8O6-0-1,reduction_free_energy,linear,RX-392,UFLQDGXRAYSTJE-UHFFFAOYSA-N,O=C(O)OCCC[C-]=[O+]C(=O)O,train,false,-2.6952396102897183,-2.826828659661748,,0.13158904937202953
rx392:60622cd678e3e23579c8ea21ccdcd939-C6H8O6-0-1,reduction_free_energy,linear,RX-392,KNSMUEMEYHPWIS-UHFFFAOYSA-N,O=C(O)[O+]=CCCCO[C+]([O-])[O-],train,false,-4.538430706208601,-4.322148638252708,,0.216282067955893
rx392:2d83ec2708a54987ba5f21a518c2025c-C4F4H5O3P1-0-1,reduction_free_energy,linear,RX-392,XCJSMDDRHWNIBF-UHFFFAOYSA-N,OP(F)(F)(F)OC=C=[O+][CH-]CF,train,false,-3.5527947009868512,-3.37785587522816,,0.17493882575869124
rx392:aa6cf6f2f061f54b089a5e2740c5738c-C4F4H5O3P1-0-1,reduction_free_energy,linear,RX-392,VTQQKTGSCODGKX-UHFFFAOYSA-N,OP(F)(F)(F)[O+]=CCOC=[C-]F,train,false,-4.197672271518968,-3.882277077208002,,0.3153951943109661
rx392:8fcf6da3917e28613ae02746eb4413ed-C4F4H5O3P1-0-1,reduction_free_energy,linear,RX-392,NFVSVNWIJCUWIU-UHFFFAOYSA-N,OP(F)(F)(F)[O+]=C=CO[CH-]CF,train,false,-3.8085119819370448,-3.6359313701509683,,0.17258061178607642
rx392:42c1f80fccf1c7cd705908378384f551-C4F4H5O3P1-0-1,reduction_free_energy,linear,RX-392,ZTCMYMAAHLEZHK-ONEGZZNKSA-N,OP(F)(F)(F)O/C=C/[O+]=[C-]CF,train,false,-2.568756781267439,-2.7660497007971987,,0.1972929195297599
rx392:908e70f5f0342915fd78ed3b98289086-C4F4H5O3P1-0-1,reduction_free_energy,linear,RX-392,HIRTYHRGENRCML-ONEGZZNKSA-N,OP(F)(F)(F)O/C=C/OC[C-]=[F+],train,false,-3.0829835829172225,-3.364541846540077,,0.28155826362285463
rx392:7983f518ec5f0e8d6ce067a43780ccd2-C4F4H5O3P1-0-1,reduction_free_energy,linear,RX-392,HLXPDGBXIIZKRF-UHFFFAOYSA-N,OP(F)(F)(F)OC#COCCF,train,false,-2.157353031961975,-1.289811318559237,,0.8675417134027379
rx392:691ec7ecaddf547e284a85d6057b5da1-C2F3O1P1-0-1,reduction_free_energy,linear,RX-392,JUYBSSUZFIUIGW-UHFFFAOYSA-N,FC#COP(F)F,train,false,-2.433833622944803,-1.769442896755733,,0.6643907261890702
rx392:0a520d0e09c071cab5ba79f842785136-F2H1O2P1-0-1,reduction_free_energy,linear,RX-392,DGTVXEHQMSJRPE-UHFFFAOYSA-N,O=P(O)(F)F,test,true,-1.5648118904864532,-1.830274939561745,,0.26546304907529183
rx392:bea9f8f92f17ce7b21d77ac7b2ab96de-C3H4O4-0-1,reduction_free_energy,linear,RX-392,ICKCSDLZUVLALP-UHFFFAOYSA-N,O=C(O)[O+]=[C-]CO,train,false,-2.7627879033661884,-3.020188069443235,,0.2574001660770464
rx392:afe6a2932a4dadd9ffbafd0f618c2197-C3H4O4-0-1,reduction_free_energy,linear,RX-392,NGQSOUJFJIALFZ-OWOJBTEDSA-N,O=C(O)O/C=C/O,train,false,-0.8066943686844752,-0.896159777191133,,0.08946540850665785
rx392:578515426dfd7d00ce4f8feeb5e7dc72-C3H4O4-0-1,reduction_free_energy,linear,RX-392,RWBAWWWSHWELEI-UHFFFAOYSA-N,O=C([O-])OC[CH+]O,train,false,-3.867602315816839,-3.8544086788724976,,0.013193636944341502
rx392:7fa3376c2653bf2b400a3716928564a8-C4F1H7O2-0-1,reduction_free_energy,linear,RX-392,NWCCHUPUMSRTAD-UHFFFAOYSA-N,[O-]CC[O+]=CCF,train,false,-3.8520187157155306,-3.709924334510095,,0.14209438120543538
rx392:0d5b5afbc48149f2a157ada863e3b093-C4F1H7O2-0-1,reduction_free_energy,linear,RX-392,XZEZODIITWGNCH-UHFFFAOYSA-N,O=CCOCCF,train,false,-1.57409687263862,-1.8904782316781104,,0.3163813590394904
rx392:dc9d1683439687356a04502031ecf779-C3H3O3P1-0-1,reduction_free_energy,linear,RX-392,YBBDJQZVVRBANS-UHFFFAOYSA-N,C=COC(=O)[O+]=[P-],train,false,-4.183075224002096,-4.440925833337648,,0.25785060933555215
rx392:7bd57fea6c57e333f47b8062ceeea609-C3H3O3P1-0-1,reduction_free_energy,linear,RX-392,NOYWXBZKJAJNLP-UHFFFAOYSA-N,C=C[O+]=C=[O+][P-][O-],train,false,-3.242153294129821,-3.4145288602365746,,0.17237556610675364
rx392:6ecda3f5fc589415cdee44cf5cf40122-C3H1O3P1-0-1,reduction_free_energy,linear,RX-392,MHGKIRRPNXMZMW-UHFFFAOYSA-N,C#COC(=O)[O+]=[P-],train,false,-4.410899970269384,-4.621996535698345,,0.21109656542896094
rx392:cfd5075ae4fc772d2f2b95b41c4e8035-C2F3O2P1-0-1,reduction_free_energy,linear,RX-392,OTJGUQWZGKMDTN-UHFFFAOYSA-N,O=P(F)(F)OC#CF,train,false,-2.784476321503462,-1.571846531851699,,1.2126297896517628
rx392:2881971a29bc414c0a79cf1a019df7d8-C6H10O5-0-1,reduction_free_energy,linear,RX-392,CGMLNVQQZYYACK-UHFFFAOYSA-N,O=C(O)OCCCC[O+]=[C-]O,train,false,-0.7618875083171588,-1.6011288793734448,,0.839241371056286
rx392:78d898a1a2131b55b8d4ce9c4fb514fa-C1F1H2O3P1-0-1,reduction_free_energy,linear,RX-392,WJWIHWMMIHTGMA-UHFFFAOYSA-N,C=[O+]P(=O)([O-])F,test,true,-4.081655790483637,-3.810672843267361,,0.27098294721627614
rx392:1548e6e969e6678853e16a9d3b891995-C3F3H6O2P1-0-1,reduction_free_energy,linear,RX-392,HCWJXHMOQNIBGX-UHFFFAOYSA-N,[CH2-]OCCO[P+](F)(F)F,train,false,-4.101780819568376,-4.090577677610997,,0.01120314195737837
rx392:9b0a84f6bcd49a0e426f3992c5435d4e-C3F1H6O2P1-0-1,reduction_free_energy,linear,RX-392,NCVXBDNWLBFOQG-UHFFFAOYSA-N,C=[O+]CCO[P-]F,train,false,-3.5191776146311895,-4.104027022595266,,0.5848494079640769
rx392:6040c3b4c4bc1f39915dd6ae10f38081-C1F3N1O2S2-0-1,reduction_free_energy,linear,RX-392,LOYPLYBAQULGSM-UHFFFAOYSA-N,O=S(=O)(N=S)C(F)(F)F,train,false,-5.244581016828306,-5.133243749837543,,0.11133726699076263
rx392:c4fb0d278453fb0bae00d353e83bedd6-C1F3N1S2-0-1,reduction_free_energy,linear,RX-392,SCSIGUOKWOJZAW-UHFFFAOYSA-N,FC(F)(F)SN=S,train,false,-4.20262258495859,-4.417367434726776,,0.21474484976818609
rx392:7ff8e52a1d90eec55fd84c181ec7c6ff-C3F1H2O3P1-0-1,reduction_free_energy,linear,RX-392,FIWMHJNPEQNBFX-UHFFFAOYSA-N,[O-][P-][O+]=C=[O+]C[C-]=[F+],train,false,-3.381303083970124,-3.426863947068061,,0.04556086309793672
rx392:0cb31ae070376b2df1705bc872f553f1-C3F1H2O3P1-0-1,reduction_free_energy,linear,RX-392,QYMPXOBOCUEYSJ-UHFFFAOYSA-N,O=C(OC[C-]=[F+])[O+]=[P-],train,false,-4.26743667871051,-4.445598921059457,,0.17816224234894662
rx392:4d9e4ba7f6274b1c33a7cde73ab7fea4-C3F1H2O3P1-0-1,reduction_free_energy,linear,RX-392,ZOLLSSBJOIYUKW-UHFFFAOYSA-N,O=C([O+]=[P-])[O+]=[C-]CF,train,false,-3.3096609394269763,-4.644044408906401,,1.334383469479425
rx392:ac23131feb944800b5d02fa5e292e6d0-C3F1H2O3P1-0-1,reduction_free_energy,linear,RX-392,FOKNTPSCAHQHBY-UPHRSURJSA-N,O=C(O/C=C\F)[O+]=[P-],train,false,-4.297348414958833,-4.437231088956754,,0.13988267399792065
rx392:dd955e703d6c0827f99f92d9ec9ddefb-C2F3H4O2P1-0-1,reduction_free_energy,linear,RX-392,RFJVYQFUZPNUJW-UHFFFAOYSA-N,C=COP(O)(F)(F)F,train,false,-0.9502548255222791,-1.144141505779936,,0.19388668025765687
rx392:ed2aaaf49ed7c7beb9aff5f288bcac16-C2F3H4O2P1-0-1,reduction_free_energy,linear,RX-392,HKEMDSWHALFBQT-UHFFFAOYSA-N,O=P(F)(F)OCCF,train,false,-1.7556329326180276,-1.2411796219472164,,0.5144533106708111
rx392:82eb0ed55f3099cfa273cd4a2c22b3f9-C3H3O2P1-0-1,reduction_free_energy,linear,RX-392,CCMWXFXAMURFIT-UHFFFAOYSA-N,C=C[O+]=[C-][O+]=[P-],test,true,-4.370555186942511,-4.365452294174246,,0.005102892768264589
rx392:778aa819b51f24af08b9500e29ee88f8-C3F2H3O3P1-0-1,reduction_free_energy,linear,RX-392,HCSAQDLCGQZRJN-UHFFFAOYSA-N,C=C[O+]=[C-]OP(=O)(F)F,train,false,-2.6824441724529606,-2.554909949040219,,0.12753422341274145
rx392:224f1c1ef0de881ba40b47a8c0e482fb-C3F2H3O3P1-0-1,reduction_free_energy,linear,RX-392,XHYVYPTUTXZPON-UHFFFAOYSA-N,C=COC(=O)OP(F)F,train,false,-1.153598909771972,-1.5514203172379446,,0.3978214074659725
rx392:6a749e8aa4b69eaa368d2447ae1be167-C2H1O3P1-0-1,reduction_free_energy,linear,RX-392,GFKMYEYYVBMTGZ-UHFFFAOYSA-N,O=C=COP=O,train,false,-2.8016624929732643,-3.152068344613588,,0.3504058516403239
rx392:936e9e0c9c07a526ac0e8e4178ff7ed9-C2H1O3P1-0-1,reduction_free_energy,linear,RX-392,VRDROWXNTKTQGC-UHFFFAOYSA-N,O=P[O+]=C=C[O-],train,false,-3.9139311472827103,-3.779043637079917,,0.13488751020279333
rx392:2b2beeb5c0de15bfe309a1a9166f58bf-C4F3H6O3P1-0-1,reduction_free_energy,linear,RX-392,RUHDHDDPGFJWTE-ONEGZZNKSA-N,C=CO/C=C/OP(O)(F)(F)F,train,false,-0.819804687245778,-1.0811252579278705,,0.26132057068209247
rx392:3ae7da5ea8451513ecb9a50c5ce58d6e-C4F3H6O3P1-0-1,reduction_free_energy,linear,RX-392,HDWRTNIKGBUHPK-OWOJBTEDSA-N,O=P(F)(F)OCCO/C=C/F,test,true,-1.641944376686297,-0.685823687668612,,0.9561206890176849
rx392:04929a667d04a50c4640d3e4bc6169ce-C4F3H6O3P1-0-1,reduction_free_energy,linear,RX-392,FAFNZQCMUULBEV-UHFFFAOYSA-N,[CH-]=COCC=[O+]P(O)(F)(F)F,train,false,-4.211224655966362,-3.845550076303428,,0.36567457966293393
rx392:845e0ebd5c73aedbd5f13374265969af-C4F3H6O3P1-0-1,reduction_free_energy,linear,RX-392,DSTXKVALWBYNJT-UHFFFAOYSA-N,O=P(F)(F)OCC[O+]=[C-]CF,train,false,-1.7385994682190358,-2.6697887787907577,,0.9311893105717219
rx392:c506165f6cc71a02fcd88568fa86271c-C4F3H6O3P1-0-1,reduction_free_energy,linear,RX-392,HWEVNYWTQXBQLS-ONEGZZNKSA-N,O[P+](F)(F)O/C=C/OC[CH-]F,test,true,-5.022474150078779,-4.92922594761392,,0.09324820246485821
rx392:1bb2e75cce5131e755ed9eba1c6f763a-C4F4H7O2P1-0-1,reduction_free_energy,linear,RX-392,KYGBLAHPGAKPBT-UHFFFAOYSA-N,F[CH-]COCCO[P+](F)(F)F,train,false,-5.030815530135442,-4.9667648516554985,,0.06405067847994328
rx392:5a74d769f03b500059d19e7f8772cdd0-C4F4H7O2P1-0-1,reduction_free_energy,linear,RX-392,BTZKNVPCNMJTGG-UHFFFAOYSA-N,FCCO[CH-]CO[P+](F)(F)F,train,false,-3.7854911469476065,-3.733525204223948,,0.05196594272365829
rx392:1555a9ae48f02c7055964e3d8e1027ff-C4F4H7O2P1-0-1,reduction_free_energy,linear,RX-392,PAAKWGZHJPXUJK-UHFFFAOYSA-N,FC[CH-]OCCO[P+](F)(F)F,train,false,-4.193401954798901,-3.9940566070937065,,0.19934534770519452
rx392:06bf74e46db587e6b52d7cfd3d7f32ce-C2F1H4O3P1-0-1,reduction_free_energy,linear,RX-392,GBXWZVOUCRPXSR-ZETCQYMHSA-N,[CH-]=[O+][P@@](=O)(F)OC,test,true,-3.2097895659571805,-3.299022667494946,,0.08923310153776542
rx392:97da17e94c50f325d7832b5f8eb42c99-C4F3H6O3P1-0-1,reduction_free_energy,linear,RX-392,HDYWTSRBPRUOFG-UHFFFAOYSA-N,O=P(F)(F)OCCOC[C-]=[F+],test,true,-1.6482643379786168,-3.306427383495274,,1.6581630455166572
rx392:333d1e44a799c7e0b3678a352eb68f13-C4F2H7O2P1-0-1,reduction_free_energy,linear,RX-392,MNHDDDSZUQHRGW-UHFFFAOYSA-N,C=COCCOP(F)F,test,true,-0.6894080604397459,-0.9832170105153049,,0.29380895007555896
rx392:3c7628b0c58ea48032eaafe63ff375fb-C4F2H7O2P1-0-1,reduction_free_energy,linear,RX-392,PHUGHTCAHUHWOG-UHFFFAOYSA-N,FCCOCC=[O+][P-]F,train,false,-3.2914227321598446,-3.326162644667489,,0.03473991250764419
rx392:49a6c47904d5071bf495ef62289c7747-C4H10O2-0-1,reduction_free_energy,linear,RX-392,WERYXYBDKMZEQL-UHFFFAOYSA-N,OCCCCO,train,false,0.26676424832658086,-0.8028062653746331,,1.069570513701214
rx392:20a1cb1b939d750d91d02d795b402b61-C6F2H6O4-0-1,reduction_free_energy,linear,RX-392,WEOLSQZHCZFASG-OLQVQODUSA-N,O=[C-]OC[C@H](F)[C@H](F)COC#[O+],train,false,-4.808303486410296,-3.0146086250736066,,1.793694861336689
rx392:bf967f866014d1510bcfba7aebca3b2f-F1N1O2S2-0-1,reduction_free_energy,linear,RX-392,GGLOSWGOTVFHNA-UHFFFAOYSA-N,O=S(=O)(F)N=S,train,false,-5.238296590017853,-5.101093864778585,,0.13720272523926802
rx392:09f20ad4010955c45910a3394aa3ce0e-C4F3H8O3P1-0-1,reduction_free_energy,linear,RX-392,CDGMDRZKZLOQNQ-UHFFFAOYSA-N,[CH2-]COCC=[O+]P(O)(F)(F)F,test,true,-4.0914373147788865,-3.7923112873989084,,0.29912602737997807
rx392:4548b7fbbfd9e0216d5dcd9cb437c65b-C3F3H2O4P1-0-1,reduction_free_energy,linear,RX-392,XVLJQJZZJFJPBU-UHFFFAOYSA-N,O=C(OP(=O)(F)F)[O+]=[C-]CF,train,false,-3.492490804132103,-3.3486189939987208,,0.14387181013338246
rx392:44e6990c1b3c514ecacef0660e0c6423-C3F3H2O4P1-0-1,reduction_free_energy,linear,RX-392,AAERQJYPQQTSDR-UHFFFAOYSA-N,O=C(OC[C-]=[F+])OP(=O)(F)F,train,false,-3.3703172899586207,-3.3455845799836004,,0.024732709975020306
rx392:136e064da88dfc20b606f64102678a51-C4F4H5O2P1-0-1,reduction_free_energy,linear,RX-392,LZBWHVCDQDGLEH-UHFFFAOYSA-N,FC=[C-]OCCO[P+](F)(F)F,train,false,-4.944639396788261,-4.357962651252993,,0.5866767455352679
rx392:5f684626cf2d0adf9ebf421436c7e8ed-C4F4H5O2P1-0-1,reduction_free_energy,linear,RX-392,ATYPQYWEWJYECR-UHFFFAOYSA-N,F[C-]=COCCO[P+](F)(F)F,train,false,-5.862084821143071,-4.787460235150711,,1.0746245859923604
rx392:e047a270f0060f5ca0f7b3611cc3da3c-C4F4H5O2P1-0-1,reduction_free_energy,linear,RX-392,QDHHVEUEVDMSRQ-UHFFFAOYSA-N,F[P+](F)(F)OC[CH-]OC[C-]=[F+],train,false,-3.926736660381721,-3.8345472081616827,,0.09218945222003816
rx392:123aa122a965a5d72482b60c4faaeac5-C3F1H2O2P1-0-1,reduction_free_energy,linear,RX-392,PYHCZXYKSZBJGD-UPHRSURJSA-N,F/C=C\[O+]=[C-][O+]=[P-],train,false,-4.428572807246383,-4.4206627213775676,,0.007910085868815031
rx392:e1b3ee6876e218708f14970ee8ce564d-C3F1H2O2P1-0-1,reduction_free_energy,linear,RX-392,ZYGHMFCEGARLNI-UHFFFAOYSA-N,[F+]=[C-]C[O+]=[C-][O+]=[P-],train,false,-4.3896643443113135,-4.395681628469557,,0.006017284158243541
rx392:ffa722446da2bdce8596e58b0325e77e-C2F1H4O2P1-0-1,reduction_free_energy,linear,RX-392,OAPSVWVYBBSJPL-UHFFFAOYSA-N,O=POCCF,train,false,-2.4557209169543057,-2.81927183549662,,0.36355091854231425
rx392:c639d1597e6b8d3cc788eb0f79519b09-C2F1H4O2P1-0-1,reduction_free_energy,linear,RX-392,CDOJMNOPDHEVIP-ZCFIWIBFSA-N,[CH-]=[O+][P@@](F)OC,train,false,-2.827199790332088,-2.968467870380435,,0.1412680800483468
rx392:9a272b9f71079ea8cb63952bff4d6859-C2F1H4O2P1-0-1,reduction_free_energy,linear,RX-392,JEEQHMIUBGXUEB-ZCFIWIBFSA-N,C=CO[P@@](O)F,test,true,-0.9628249020242947,-1.1658934672015513,,0.20306856517725658
rx392:d209b7fca40a0075ae08a14ea4e99f9b-C3F1H4O4P1-0-1,reduction_free_energy,linear,RX-392,FHLINRSUENUQLX-UHFFFAOYSA-N,O=POC(=O)OCCF,train,false,-3.040956296837976,-3.304560245316737,,0.2636039484787611
rx392:913a46f02fa940717e1a86f1556fad4e-C4H8O3-0-1,reduction_free_energy,linear,RX-392,JBTWLSYIZRCDFO-UHFFFAOYSA-N,CCOC(=O)OC,test,true,-0.7122772432539932,0.02468442266617088,,0.7369616659201641
rx392:246afdd97110ea78e150fb138cf2ea92-C5H8O2-0-1,reduction_free_energy,linear,RX-392,RBELWZTTZLXTEA-UHFFFAOYSA-N,C[C-]=[O+][C-]=[O+]CC,train,false,-2.62093860645291,-2.7754354856254944,,0.15449687917258448
rx392:3aab79c7f56d26cbfa207b305170d3fd-C5H8O2-0-1,reduction_free_energy,linear,RX-392,KZXJSZRXKLHDAM-UHFFFAOYSA-N,C=C[O+]=[C-]OCC,test,true,-1.455803129776541,-1.8005277382767981,,0.3447246085002571
rx392:a59e6c1837d2d64831fe45170e6996c9-C5H8O2-0-1,reduction_free_energy,linear,RX-392,JYWTYTUFPXGMAK-UHFFFAOYSA-N,C=CCC[O+]=[C-]O,train,false,-1.1640204807590635,-1.2426414082940187,,0.0786209275349552
rx392:6fda537c573db2e86cfd0066e1b63f0a-C5H8O2-0-1,reduction_free_energy,linear,RX-392,OKFSBEPUAXIQNU-UHFFFAOYSA-N,C[CH-][O+]=C=[O+][CH-]C,test,true,-3.7237715044029756,-3.264073883211408,,0.45969762119156776
rx392:bc2536af65293855a3db8ff8e9cfedb9-C4-0-1,reduction_free_energy,linear,RX-392,FMIYQRFAIMZVNM-UHFFFAOYSA-N,[C+]#CC#[C-],train,false,-6.5642103682957895,-6.509006007652773,,0.05520436064301659
rx392:e4af80ed7395aef9001d1b170c5c0ec6-C1H2O1-0-1,reduction_free_energy,linear,RX-392,WSFSSNUMVMOOMR-UHFFFAOYSA-N,C=O,train,false,-1.5794487831499282,-2.077170975313841,,0.4977221921639128
rx392:008565e723376b227b96affb399076e4-C2F1H2O1P1-0-1,reduction_free_energy,linear,RX-392,JCOWVKDGTBWZQH-UHFFFAOYSA-N,[F+]=[C-]C[O+]=[P-],train,false,-3.7820453637377796,-4.139916118981422,,0.35787075524364287
rx392:3fcff53f213e649591b379219e598dd1-C2F1H2O1P1-0-1,reduction_free_energy,linear,RX-392,CVCHJCQMHRXNKV-UPHRSURJSA-N,F/C=C\[O+]=[P-],train,false,-4.002629904303831,-4.179376497686174,,0.1767465933823429
rx392:77358f89405e1e92cb317182333fa86f-C2-0-1,reduction_free_energy,linear,RX-392,LBVWYGNGGJURHQ-UHFFFAOYSA-N,[C+]#[C-],train,false,-7.145388981517954,-7.112762754909465,,0.032626226608488906
rx392:b812bca53e9edfa5c1a76413b8b52d6e-C3H4O1-0-1,reduction_free_energy,linear,RX-392,DMAZUHPLIHKHFL-UHFFFAOYSA-N,C=C=[O+][CH2-],train,false,-3.2343853676593426,-3.273056072568316,,0.03867070490897362
rx392:2ad1bfb8dc71b8d128bd4661a86028d8-C3H4O1-0-1,reduction_free_energy,linear,RX-392,TVDSBUOJIPERQY-UHFFFAOYSA-N,C#CCO,train,false,-1.0675385966551403,-0.8196717273655851,,0.24786686928955515
rx392:f2c30241e2e2273e59b9b15026755415-C3H4O1-0-1,reduction_free_energy,linear,RX-392,HGINCPLSRVDWNT-UHFFFAOYSA-N,C=CC=O,train,false,-2.22675016404537,-2.588016827803836,,0.3612666637584656
rx392:eaee414191c3cdd2c729d6b8b60ace1a-C3H4O1-0-1,reduction_free_energy,linear,RX-392,QJRDTOIKHQIJLL-UHFFFAOYSA-N,[CH2+]C=[C-]O,train,false,-2.6999826661531188,-2.9985296747348684,,0.29854700858174965
rx392:709c5f08f8e9f9dc320f92881c98bb8d-C3H4O1-0-1,reduction_free_energy,linear,RX-392,YQTVBZHHWNMNKX-UHFFFAOYSA-N,C=C=CO,train,false,-1.5757356790863923,-1.534825820400916,,0.040909858685476364
rx392:50119444c444f4e83d5d9eea8eb46bc3-C3H4O1-0-1,reduction_free_energy,linear,RX-392,FMNGCVKRMOYGKC-UHFFFAOYSA-N,[CH-]=[O+]C=C,train,false,-2.5590830368464594,-2.8392820079948424,,0.280198971148383
rx392:7d5eb6bbb84fb2e36b80d0e8b74f0d80-C3H4O3-0-1,reduction_free_energy,linear,RX-392,BUTNBPHMSLWDBB-UHFFFAOYSA-N,C=[O+]C(=O)O[CH2-],train,false,-4.237271030198826,-3.8718736147832575,,0.3653974154155688
rx392:06580be20d403d09f627fe858572c511-C3H4O3-0-1,reduction_free_energy,linear,RX-392,JCZKILZQSCSMDM-OWOJBTEDSA-N,O[C-]=[O+]/C=C/O,train,false,-0.8390999797647964,-1.7508371083896874,,0.911737128624891
rx392:026bac9d6f9da06c0db598e93ffdb069-C3H4O3-0-1,reduction_free_energy,linear,RX-392,FXPHJTKVWZVEGA-UHFFFAOYSA-N,C=COC(=O)O,train,false,-0.9979052563558071,-1.3417691186115803,,0.34386386225577326
rx392:f072e9ab7c7364436335ff7aa6bfb44d-C3H4-0-1,reduction_free_energy,linear,RX-392,OOXWYYGXTJLWHA-UHFFFAOYSA-N,C1=CC1,train,false,-1.3378025006995813,-1.3368833880444622,,0.0009191126551191253
rx392:3913fc4e49ba8d3c3b49ac60272cc307-C3H4-0-1,reduction_free_energy,linear,RX-392,OQOPKWGTWCVGHN-UHFFFAOYSA-N,[CH-]=C[CH2+],train,false,-3.6413156078479005,-3.841496859063279,,0.20018125121537844
rx392:dbcb7576fc44002df96b331d41d85893-C3H4-0-1,reduction_free_energy,linear,RX-392,MWWATHDPGQKSAR-UHFFFAOYSA-N,C#CC,train,false,-1.0401183046310507,-0.38689789763452487,,0.6532204069965258
rx392:d2774c3c7e51ef586311938745c9d719-C3H4-0-1,reduction_free_energy,linear,RX-392,IYABWNGZIDDRAK-UHFFFAOYSA-N,C=C=C,train,false,-1.3167626897611626,-1.0963411398492338,,0.22042154991192886
rx392:8c11c7f439bc11c00a650118281a8423-C2H2O1-0-1,reduction_free_energy,linear,RX-392,QFXZANXYUCUTQH-UHFFFAOYSA-N,C#CO,train,false,-1.636522538450663,-1.8030010040030837,,0.16647846555242074
rx392:db38b27b8bc203eb8e84f808deccd211-C2H2O1-0-1,reduction_free_energy,linear,RX-392,CCGKOQOJPYTBIH-UHFFFAOYSA-N,C=C=O,test,true,-1.9711327232253097,-1.7511333713530886,,0.2199993518722212
rx392:85a0b2cb7df42b9ce75148d553a5413c-C4F1H5O2-0-1,reduction_free_energy,linear,RX-392,NFRSUFCVPJPISR-UHFFFAOYSA-N,[O-]C=C=[O+]CCF,train,false,-3.278512643824797,-2.830219379084352,,0.4482932647404452
rx392:487e38e4c49b1645f4db9f9b058e1a85-C4F1H5O2-0-1,reduction_free_energy,linear,RX-392,GSEPJCCJRORXBD-UHFFFAOYSA-N,O=CCOC[C-]=[F+],train,false,-2.9272514266558574,-3.3168715152938257,,0.3896200886379684
rx392:b9c881903e8e7af10c9fa7285c546dab-C4F1H5O2-0-1,reduction_free_energy,linear,RX-392,QWLNWTOCEWNDAC-UHFFFAOYSA-N,O=C=COCCF,train,false,-2.379957471846865,-2.275775027985322,,0.10418244386154285
rx392:1b30b01ddff3aa438d454e56a45cbb95-C4F1H5O2-0-1,reduction_free_energy,linear,RX-392,YBOSEYLQPLVONR-HNQUOIGGSA-N,O=CCO/C=C/F,train,false,-1.5496751030714222,-2.0111638917192773,,0.46148878864785514
rx392:b48550501accae491101b12773fb2296-C3H3O4P1-0-1,reduction_free_energy,linear,RX-392,JBEIJKJLJZCZFC-UHFFFAOYSA-N,C=COC(=O)OP=O,test,true,-3.139362959020218,-3.391515324270752,,0.25215236525053397
rx392:2da908be95a4ca5fb3be510eb469c625-C3F3H6O3P1-0-1,reduction_free_energy,linear,RX-392,UJTBXDRWYRTHJK-UHFFFAOYSA-N,[CH2-]OCC=[O+]P(O)(F)(F)F,test,true,-4.011520131312864,-3.777544899312772,,0.23397523200009163
rx392:55ca6ec8a2cf3efd25a30cc806def00f-C3F1H4O2P1-0-1,reduction_free_energy,linear,RX-392,OCMCERHKUCOWRV-UHFFFAOYSA-N,FCC[O+]=[C-][O+]=[P-],train,false,-4.283048488170607,-4.300438448780133,,0.0173899606095258
rx392:d3705b2b21d0bbfb9f9f0bafb7060c64-C3F3H4O2P1-0-1,reduction_free_energy,linear,RX-392,OKNQBAOIRDCUQY-UHFFFAOYSA-N,FCC[O+]=[C-]OP(F)F,train,false,-2.060152014000778,-2.178635245924796,,0.1184832319240181
rx392:f4f2514ef548091fac10596c1eda0a83-C2F1H5-0-1,reduction_free_energy,linear,RX-392,UHCBBWUQDAVSMS-UHFFFAOYSA-N,CCF,train,false,0.251967274438357,-0.7905653647092357,,1.0425326391475926
rx392:a09bd161f99ef9c01b54cbaf4144cf38-C1F3N1S1-0-1,reduction_free_energy,linear,RX-392,AAXXOYNBIPBZCE-UHFFFAOYSA-N,N#SC(F)(F)F,train,false,-4.039752046701324,-4.237901877382539,,0.19814983068121528
rx392:ef1e50212e5f9a09e73d506f901abefe-C2F3H2O3P1-0-1,reduction_free_energy,linear,RX-392,MVPLXAZBLZNPNR-UHFFFAOYSA-N,O=C=COP(O)(F)(F)F,test,true,-2.5455965218279744,-2.3997805973387933,,0.14581592448918101
rx392:d0493d190d4ed0e739eff2814ce28f04-C3F3O3P1-0-1,reduction_free_energy,linear,RX-392,RSUQQKAVYYYAMJ-UHFFFAOYSA-N,O=P(F)(F)O[C-]=[O+]C#CF,train,false,-2.900360752330016,-3.0499764546251322,,0.14961570229511612
rx392:a636101b3bb07ae1a18cd2d58615cb6e-C3F3O3P1-0-1,reduction_free_energy,linear,RX-392,BXAOLLYWACCEFX-UHFFFAOYSA-N,O=C(OC#CF)OP(F)F,train,false,-2.5619666574857547,-1.836257651104268,,0.7257090063814866
rx392:e9f8d977a4573e522f78d01f77b71008-C6H8O5-0-1,reduction_free_energy,linear,RX-392,QQEXEEDMFFZXMX-DUXPYHPUSA-N,O=C(O)O/C=C/CC[O+]=[C-]O,train,false,-0.9072381547848636,-1.6223518071011425,,0.7151136523162789
rx392:b0826e97321191f6134c4c990682c841-C6H8O5-0-1,reduction_free_energy,linear,RX-392,JTPAGSDUGREDNW-HNQUOIGGSA-N,O=C(O)OCC/C=C/[O+]=[C-]O,train,false,-0.9295606897721882,-1.8261657715243758,,0.8966050817521876
rx392:44303505daaf06af4bea6a6880b3e2c2-C6H8O5-0-1,reduction_free_energy,linear,RX-392,CPFDTFPNYBASJP-UHFFFAOYSA-N,O=C(O)[O+]=[C-]CCC[O+]=[C-]O,train,false,-2.7266261316181044,-2.8358548499369878,,0.10922871831888337
rx392:94a870ca0bb49bc0f28aeb34c846d3c7-C6H8O5-0-1,reduction_free_energy,linear,RX-392,PZYYRUSVWMSYNA-UHFFFAOYSA-N,O=C(O)O[CH-]CCCOC#[O+],train,false,-4.448887067770556,-4.221544853373295,,0.227342214397261
rx392:24623b2b2158cb018e8e05656da96a2c-C4F3H8O2P1-0-1,reduction_free_energy,linear,RX-392,IHMQIPQVQXSNCT-UHFFFAOYSA-N,[CH2-]COCCO[P+](F)(F)F,train,false,-4.471015168626764,-1.4802602670600065,,2.990754901566757
rx392:3709938b1042f5f0eb1e484350b5c440-C4F3H8O2P1-0-1,reduction_free_energy,linear,RX-392,OYKFCNJSJWCLQV-UHFFFAOYSA-N,FCCOCCOP(F)F,train,false,-1.4341203884250717,-1.2703228529786301,,0.1637975354464416
rx392:3e2da78536092d0bc73cd1fe2bb9d0ff-C1F2H3O2P1-0-1,reduction_free_energy,linear,RX-392,ZLTVJTLCEBCPRC-UHFFFAOYSA-N,COP(=O)(F)F,train,false,-1.4635990788410709,-1.288135327813923,,0.17546375102714795
rx392:64cdd76288da4cd4db45a8d0965a4ed5-C3H6O1-0-1,reduction_free_energy,linear,RX-392,XXROGKLTLUQVRX-UHFFFAOYSA-N,C=CCO,train,false,-0.8898121537258703,-1.3030983370948444,,0.41328618336897405
rx392:311eef44ca0634a1e16023369a1c70c2-C4H4O2-0-1,reduction_free_energy,linear,RX-392,AAKAUACJZNKYNA-UHFFFAOYSA-N,OC=C=C=CO,test,true,-1.8507124821062462,-1.5835223243281762,,0.26719015777807
rx392:da710964f960ef635c7831864c00f442-C4H4O2-0-1,reduction_free_energy,linear,RX-392,DELKMSIDPXIEDM-HNQUOIGGSA-N,[O-]C=[C+]/C=C/O,train,false,-3.309946707531708,-3.530631890170736,,0.22068518263902792
rx392:7b65e197ad50b0a93820790683e48728-C4H4O2-0-1,reduction_free_energy,linear,RX-392,QAPQYLWHUDXNHY-UHFFFAOYSA-N,O=CC#CCO,train,false,-2.369470942961925,-2.6856468036127907,,0.31617586065086556
rx392:92c14b2e822aed7a5bc31503ee377483-C4H4O2-0-1,reduction_free_energy,linear,RX-392,FGWHKLZLKZTTJC-UHFFFAOYSA-N,[O+]#CC=[C-]CO,train,false,-2.8994313597686414,-2.7337091260308384,,0.16572223373780304
rx392:856604a3206396048f178fbbb8ab1528-C4H4O2-0-1,reduction_free_energy,linear,RX-392,ZQSNQCCHTLRBEJ-HNQUOIGGSA-N,OC#C/C=C/O,train,false,-1.5755948909663857,-1.3920884584798832,,0.18350643248650256
rx392:4da1ee5be66e0b0c393f512788564331-C4H4O2-0-1,reduction_free_energy,linear,RX-392,NLKDMABNKZYWOR-UHFFFAOYSA-N,O=C=C=CCO,train,false,-2.977434705788255,-3.23944075947474,,0.262006053686485
rx392:0d1d75c8d49274281ec6e8b7b195b1bc-C4H4O2-0-1,reduction_free_energy,linear,RX-392,QLPLVBRHAUYLGI-HNQUOIGGSA-N,O=C=C/C=C/O,train,false,-2.144002548788194,-1.846598438743436,,0.297404110044758
rx392:31d1fff2054652f7e691cbd6bfb0a6ff-C4H4O2-0-1,reduction_free_energy,linear,RX-392,XBSRXVZINSXPAK-UHFFFAOYSA-N,O=C=CCC=O,train,false,-2.092968843784547,-1.8004554180695214,,0.2925134257150257
rx392:9f23037fd8540b07909f70323d7c44b9-C4H4O2-0-1,reduction_free_energy,linear,RX-392,RNWVTGJNQBCHSH-UHFFFAOYSA-N,O[C-]=C=[C+]CO,train,false,-2.868745199009936,-3.1858254820238208,,0.3170802830138846
rx392:6abdcc8c67947b277e6af1d5ba146a5a-C4H4O2-0-1,reduction_free_energy,linear,RX-392,PHPQBNJFEJABAQ-UHFFFAOYSA-N,O=CCC#CO,train,false,-1.582655428275757,-1.8068010067419724,,0.2241455784662154
rx392:47f2766ce1d2c727d5c51407754daeef-C4H4O2-0-1,reduction_free_energy,linear,RX-392,VXSCYUIHNUFSOI-UHFFFAOYSA-N,O=CC[C+]=C[O-],train,false,-3.807890958525604,-3.771212017984557,,0.036678940541047034
rx392:80b7cbfe2da14e00b5dcef4df1173a5c-C4H4O2-0-1,reduction_free_energy,linear,RX-392,AANWVHZBSWQSNZ-UHFFFAOYSA-N,[O-]CC#C[CH+]O,train,false,-4.072834812304791,-4.271315267797052,,0.1984804554922608
rx392:bfbf9b8228dd679ef518da77c6157f11-C4H4O2-0-1,reduction_free_energy,linear,RX-392,RKIFFIQLHZSJEB-UHFFFAOYSA-N,O=CC=C=CO,train,false,-2.2657321898823284,-2.6346912676170064,,0.36895907773467806
rx392:5d40cb3799904b843bf0c9d322623522-C4H4O2-0-1,reduction_free_energy,linear,RX-392,JGEMYUOFGVHXKV-OWOJBTEDSA-N,O=C/C=C/C=O,train,false,-3.1643577922004624,-3.387421807726823,,0.22306401552636057
rx392:ab108a5daf5a58582a32793c93fc8228-C4O2-0-1,reduction_free_energy,linear,RX-392,QIQCZROILFZKAT-UHFFFAOYSA-N,O=C=C=C=C=O,test,true,-4.42587960236051,-4.636744542436099,,0.21086494007558887
rx392:de2b1338d888741b40170b6a510e5b55-F1O1P1-0-1,reduction_free_energy,linear,RX-392,WFAADKZBQQNDRX-UHFFFAOYSA-N,O=PF,train,false,-2.927729641500264,-3.342463770478203,,0.41473412897793915
rx392:5b20bf3c7fd6d56a8c2f86481fc4d61b-C2H3O2P1-0-1,reduction_free_energy,linear,RX-392,AYVCODLNKJXNFQ-UHFFFAOYSA-N,C=COP=O,train,false,-2.677611256363889,-3.0239927295709643,,0.34638147320707535
rx392:08ad803d6147084d826c099a1075f02d-C1O1-0-1,reduction_free_energy,linear,RX-392,UGFAIRIUMAVXCW-UHFFFAOYSA-N,[C-]#[O+],test,true,-1.05914916784468,-1.695913095133254,,0.6367639272885739
rx392:9c565f3ebb570f6c48e634f8fcdc99fa-C2H4O2-0-1,reduction_free_energy,linear,RX-392,WGCNASOHLSPBMP-UHFFFAOYSA-N,O=CCO,train,false,-1.399938728761299,-1.8898102812601278,,0.48987155249882885
rx392:5e1ee1bacbb4cab2d267e1a2a09e9e44-C2H4O2-0-1,reduction_free_energy,linear,RX-392,JMCRDEBJJPRTPV-OWOJBTEDSA-N,O/C=C/O,test,true,-0.4458537120581241,-0.4883904358358233,,0.04253672377769924
rx392:445ae81f0abc0c33c164b93d6050d790-F3P1-0-1,reduction_free_energy,linear,RX-392,WKFBZNUBXWCCHG-UHFFFAOYSA-N,FP(F)F,train,false,-1.9820907337889366,-1.593847667403307,,0.38824306638562955
rx392:af963087bf371c3036e9fa28886708b7-C2F1H1-0-1,reduction_free_energy,linear,RX-392,IAWCIZWLKMTPLL-UHFFFAOYSA-N,C#CF,train,false,-2.368191985946396,-1.404863712564583,,0.9633282733818129
rx392:3b55aecf679a1a6a6a02bde10bf2dc86-C4F1H7O1-0-1,reduction_free_energy,linear,RX-392,FPFVPEGEWVRCGK-UHFFFAOYSA-N,C=COCCF,train,false,-0.6031946191833413,-0.8125067374045511,,0.20931211822120988
rx392:67270c9a9113802536fa59895226efff-C4H8O1-0-1,reduction_free_energy,linear,RX-392,ZSPTYLOMNJNZNG-UHFFFAOYSA-N,C=CCCO,train,false,-0.7005547053358896,-1.1886470520113024,,0.4880923466754128
rx392:608a852d63f3b4f49956bae07e2b3f8c-O2-0-1,reduction_free_energy,linear,RX-392,MYMOFIZGZYHOMD-UHFFFAOYSA-N,O=O,train,false,-4.480405129331302,-4.404493590962739,,0.07591153836856357
rx392:dd0f80fa049b9315dcc8619dcd456691-C1F1H2O2P1-0-1,reduction_free_energy,linear,RX-392,MAJMPRMKWNLKLB-RXMQYKEDSA-N,[CH-]=[O+][P@@](O)F,train,false,-2.901477668325242,-2.9731738912957546,,0.07169622297051248
rx392:77f1b2b9ecd647aa592fe99eea6c12a7-C2F1H3-0-1,reduction_free_energy,linear,RX-392,UWUSHLGXEGIMLQ-UHFFFAOYSA-N,C[C-]=[F+],train,false,-2.7747603218194854,-3.0310021460364096,,0.2562418242169242
rx392:026d6508bf37cf251bb0523a14289794-C2F1H3-0-1,reduction_free_energy,linear,RX-392,XUCNUKMRBVNAPB-UHFFFAOYSA-N,C=CF,train,false,-0.9939156146429013,-1.1789198049353065,,0.1850041902924051
rx392:e46dd34a11fd8764dd5df89a238cb0c1-C2H2O3-0-1,reduction_free_energy,linear,RX-392,GRUQTSNPKSBFCU-UHFFFAOYSA-N,[CH-]=[O+]C(=O)O,train,false,-3.1008482462057145,-3.2441937307561224,,0.14334548455040785
rx392:4fd4eca88b4746a85c49a2ec924ad076-C4F1H5O1-0-1,reduction_free_energy,linear,RX-392,KOTSEKBQFCVDHQ-UHFFFAOYSA-N,C=[C-]OCC=[F+],train,false,-4.731231345045671,-4.557972621862005,,0.17325872318366642
rx392:d51b2ba8b3abc455636b457aa8624881-C4F1H5O1-0-1,reduction_free_energy,linear,RX-392,DJNAECOKNXPLQG-UHFFFAOYSA-N,C=[C-][O+]=CCF,test,true,-3.2231923750514397,-3.1699637748929566,,0.053228600158483186
rx392:669d18218c5a65be4111e7e54cfabf4c-C4F1H5O1-0-1,reduction_free_energy,linear,RX-392,FQSFRNBGIOXIAL-UHFFFAOYSA-N,C=C[O+]=[C-]CF,train,false,-2.489568480716116,-2.778402391753461,,0.288833911037345
rx392:ce9ba929822d1046826f4eb6a16e7d3d-C4F1H5O1-0-1,reduction_free_energy,linear,RX-392,JSZXJSAAUNIPPB-ONEGZZNKSA-N,C=CO/C=C/F,test,true,-0.8225359931348066,-1.0423479542371759,,0.21981196110236922
rx392:4adee762bef56a023f7ba785e0ae3c78-C4F1H5O1-0-1,reduction_free_energy,linear,RX-392,YIFLLUFXHUBQLQ-UHFFFAOYSA-N,C#COCCF,train,false,-1.3524649042283272,-1.2445366881197268,,0.10792821610860037
rx392:ed5c6fe25b5000d0904487cc91430c03-C4F1H5O1-0-1,reduction_free_energy,linear,RX-392,GZXBZRDDNZNSPA-UHFFFAOYSA-N,[CH2-]COC=C=[F+],train,false,-4.247450757715342,-1.309851614138844,,2.937599143576498
rx392:d8690e8a904412eff5d3f72114c404fc-C4F1H5O1-0-1,reduction_free_energy,linear,RX-392,JSDDQFGOKCHKKY-UHFFFAOYSA-N,C=COC[C-]=[F+],test,true,-2.9884929825129802,-3.3384573499637176,,0.34996436745073733
rx392:d6dcd30d93f1e9b6f23abb71db2810c3-C3O3-0-1,reduction_free_energy,linear,RX-392,ZYFDSSUZPIREPW-UHFFFAOYSA-N,O=c1oc#co1,test,true,-5.320090743909532,-5.011758892371404,,0.3083318515381279
rx392:57311bbaca6db6c4aea47d0a657dca1d-C2F1H3O1-0-1,reduction_free_energy,linear,RX-392,OUJKXJCTKVAHMW-UHFFFAOYSA-N,C=C(O)F,test,true,-1.0470987859507659,-0.6902358926846357,,0.3568628932661302
rx392:34762e4f0a628856a19d3d0cfc263fe9-C2F1H3O1-0-1,reduction_free_energy,linear,RX-392,FQHQFKKLNBWDFN-UHFFFAOYSA-N,OC[C-]=[F+],test,true,-2.9298957846731355,-2.991861443573995,,0.06196565890085948
rx392:9a4435a9c40da4fefd8f636d2ac3cf88-C1F2S1-0-1,reduction_free_energy,linear,RX-392,FOCAHLGSDWHSAH-UHFFFAOYSA-N,FC(F)=S,train,false,-2.9644537851127097,-2.9360780939340945,,0.02837569117861527
rx392:9595d8fa8e1dcddb5105d12f20ebe40f-C3O2-0-1,reduction_free_energy,linear,RX-392,FLTLJXSVXKNUEG-UHFFFAOYSA-N,[C-]#COC#[O+],train,false,-5.198229913687101,-3.1559017035537265,,2.042328210133374
rx392:ca59b15f7aefab2d49c8c11b6615c290-C1F2-0-1,reduction_free_energy,linear,RX-392,LTVOKYUPTHZZQH-UHFFFAOYSA-N,F[C-]=[F+],train,false,-2.882310495881029,-3.0453912563081342,,0.16308076042710518
rx392:2a388c1f9dc62f9fbac9a6c21f953731-C2F2H2-0-1,reduction_free_energy,linear,RX-392,WFLOTYSKFUPZQB-OWOJBTEDSA-N,F/C=C/F,test,true,-1.1881159255053717,-1.084814266020853,,0.10330165948451864
rx392:f63f9c835239d71494f5de95b4f84e70-C2F1O1P1-0-1,reduction_free_energy,linear,RX-392,ABNPZFCPRKJGHG-UHFFFAOYSA-N,[C+]#CO[P-]F,train,false,-4.972570268537311,-5.0265873640892265,,0.054017095551915695
rx392:089df419ed7c91b59ca2d4fe026c3661-C3H2-0-1,reduction_free_energy,linear,RX-392,LPUFMQSFYARLPQ-UHFFFAOYSA-N,[C-]#C[CH2+],train,false,-4.251993844313802,-4.6004085920668025,,0.34841474775300085
rx392:77eafc00794f25345e928a654ce7021d-C3H2-0-1,reduction_free_energy,linear,RX-392,OUSWHEMIRJJMAW-UHFFFAOYSA-N,[CH+]=C=[CH-],train,false,-4.010907262069395,-4.428601346425074,,0.4176940843556789
rx392:dfc867f60c83e93a4dd1f5eb6394c536-C3H2-0-1,reduction_free_energy,linear,RX-392,VVLPCWSYZYKZKR-UHFFFAOYSA-N,C1=CC=1,test,true,-1.7395630870305467,-1.9467704570375626,,0.20720737000701583
rx392:f042ce2a042dbb48b9d20bb0ad59c396-C4O1-0-1,reduction_free_energy,linear,RX-392,CDVSZGXKZFCJCX-UHFFFAOYSA-N,[C+]#CC#C[O-],train,false,-5.455412494146913,-5.595120132823965,,0.13970763867705216
rx392:d9535e0927b4e45ca0362a0e9da2f8c5-C1O2-0-1,reduction_free_energy,linear,RX-392,CURLTUGMZLYLDI-UHFFFAOYSA-N,O=C=O,test,true,-1.841995024159587,-1.6592918501538407,,0.18270317400574632
rx392:717bb68f76a95d83f831725af11d12bf-C4H4O1-0-1,reduction_free_energy,linear,RX-392,XGIVOKYSENAIBM-UHFFFAOYSA-N,C=CC=C=O,train,false,-2.277874863627403,-1.9628128771255509,,0.31506198650185224
rx392:0a385519fdb46414e6b03aee5f5046b6-C4H4O1-0-1,reduction_free_energy,linear,RX-392,WTHYFEKXKDCABL-UHFFFAOYSA-N,OCC1=C=C1,train,false,-1.6041462673965725,-1.7768700764535712,,0.1727238090569987
rx392:df614fd2c582a561f8265c9a763f8029-C4H4O1-0-1,reduction_free_energy,linear,RX-392,LTEGMYHYMQASQH-ONEGZZNKSA-N,C#C/C=C/O,train,false,-0.9848951106114328,-1.6284693567133035,,0.6435742461018708
rx392:34d21e66568aa8000fea1118e704ad8c-C4H4O1-0-1,reduction_free_energy,linear,RX-392,YPNHTQKSEBTVTA-UHFFFAOYSA-N,[CH+]=C=[C-]CO,train,false,-3.620618136471421,-4.075784136678798,,0.4551660002073765
rx392:d404b61e927388aef6c12bd8b0a5f193-C4H4O1-0-1,reduction_free_energy,linear,RX-392,GROQXUVMFYCDCH-UHFFFAOYSA-N,[C-]#C[CH+]CO,train,false,-4.053583250768497,-4.4289539396140505,,0.37537068884555325
rx392:96f0ebf9f78c01889f1767da151819ef-C4H4O1-0-1,reduction_free_energy,linear,RX-392,KYTQITOHJJHPDS-UHFFFAOYSA-N,C=C[C+]=C[O-],test,true,-3.88725118700404,-4.117262797800014,,0.230011610795974
rx392:86246cda987d79bef420a20538b9f58d-C4H4O1-0-1,reduction_free_energy,linear,RX-392,OYBQILSQCOWJHL-UHFFFAOYSA-N,C=C=CC=O,train,false,-2.154710968049585,-2.4423449026443067,,0.28763393459472164
rx392:fa23fdb99d7369ef92fae66db79c9646-C4H4O1-0-1,reduction_free_energy,linear,RX-392,CBANTOIXIJQPFT-UHFFFAOYSA-N,C=[C+]C=[C-]O,train,false,-2.5605250160888318,-2.8839437291091774,,0.32341871302034564
rx392:9eb2988bd2c4c29bc331257730678f58-C4H4O1-0-1,reduction_free_energy,linear,RX-392,DITVRNREGUJROD-UHFFFAOYSA-N,C=CC#CO,train,false,-1.8143259428397869,-1.7527079949682751,,0.06161794787151176
rx392:8f762fee749beeeae9284d231a27fa81-C4H4O1-0-1,reduction_free_energy,linear,RX-392,CGMKCLKVASCLPD-UHFFFAOYSA-N,[O-]C[c+]1cc1,train,false,-2.486816320400976,-2.5525628854700324,,0.0657465650690563
rx392:3cb51328ce5a796a981172e6c49047d2-C4H4O1-0-1,reduction_free_energy,linear,RX-392,OGQNOIVDVXRWRE-UHFFFAOYSA-N,C#CCC=O,train,false,-1.4968980909143283,-1.8906100325207342,,0.3937119416064059
rx392:c9378c2b3015c8ea86777ab68e160976-C4H4O1-0-1,reduction_free_energy,linear,RX-392,MVKDNEGFXJWGSU-UHFFFAOYSA-N,C=C=C=CO,train,false,-2.0292949186359692,-2.3082228412606756,,0.27892792262470634
rx392:dad684072d722bc093205e405a3ba53e-C2H3O1P1-0-1,reduction_free_energy,linear,RX-392,NOHDQPINCFUWAH-UHFFFAOYSA-N,C1=POC1,train,false,-1.9252358446501603,-2.475852072988678,,0.5506162283385176
rx392:77c664eeb5278406e50f4110656abf11-C2H3O1P1-0-1,reduction_free_energy,linear,RX-392,QEMVZEKDXHHVTD-UHFFFAOYSA-N,C=C[O+]=[P-],train,false,-3.8400267042943597,-4.1318464143589875,,0.2918197100646278
rx392:7b49e2b8308c6aca4cea6ad206841e70-C3H6O3-0-1,reduction_free_energy,linear,RX-392,IEJIGPNLZYLLBP-UHFFFAOYSA-N,COC(=O)OC,train,false,-0.7449517287968774,-1.2013869633138812,,0.45643523451700374
rx392:e6fda78e26bde59f3f7b9dd469251c75-C2H2-0-1,reduction_free_energy,linear,RX-392,HSFWRNGVRCDJHI-UHFFFAOYSA-N,C#C,train,false,-1.2870571953822036,-0.7772656614340363,,0.5097915339481673
rx392:b70818472fa2a9ce7a9445f51da53842-C4H4-0-1,reduction_free_energy,linear,RX-392,WXBUKAPYXQZTGS-UHFFFAOYSA-N,[CH-]=C[C+]=C,train,false,-3.4560611099313974,-3.895153758981584,,0.4390926490501865
rx392:352c093fd23cdc6610076725c4186609-C4H4-0-1,reduction_free_energy,linear,RX-392,WFYPICNXBKQZGB-UHFFFAOYSA-N,C#CC=C,train,false,-1.7372033405845286,-2.10377593624195,,0.3665725956574213
rx392:d8dd086cad717e230689723ea8f4d600-C2H4O1-0-1,reduction_free_energy,linear,RX-392,QJVFBSULGFNYKF-UHFFFAOYSA-N,[CH-]=[O+]C,train,false,-2.182743182309423,-2.540422163430282,,0.35767898112085916
rx392:17a19cea6a7365e56c7fb753dc613eed-C2H4O1-0-1,reduction_free_energy,linear,RX-392,ALPNRGFNSBABCF-UHFFFAOYSA-N,C=[O+][CH2-],test,true,-2.6010888596238146,-2.5139105358547464,,0.0871783237690682
rx392:f42321c652bedf6fd652e9b0129f9b90-C2H4O1-0-1,reduction_free_energy,linear,RX-392,IMROMDMJAWUWLK-UHFFFAOYSA-N,C=CO,train,false,-0.5876702181676592,-0.8611280542887192,,0.27345783612106
rx392:7019b6e9d5861ab98b5afd52b3e6b2b4-O2S1-0-1,reduction_free_energy,linear,RX-392,RAHZWNYVWXNFOC-UHFFFAOYSA-N,O=S=O,train,false,-3.433293927953855,-3.6657342917794398,,0.23244036382558475
rx392:eea5abe87924b73848bbbdd330660e88-C2H4O1-0-1,reduction_free_energy,linear,RX-392,IKHGUXGNUITLKF-UHFFFAOYSA-N,CC=O,train,false,-1.225587088757493,-1.5930499603676767,,0.36746287161018376
rx392:600ebb07b249b7cbfca57c3d9db067aa-C3F1H5O1-0-1,reduction_free_energy,linear,RX-392,LHYAEMPPNIXGCD-UHFFFAOYSA-N,[CH2-][O+]=CCF,test,true,-2.7810180728438354,-2.919334894169877,,0.1383168213260415
rx392:2c460dabb27022713f6ef673942553fb-C3F1H5O1-0-1,reduction_free_energy,linear,RX-392,BJZRZNNVMYEWTG-UHFFFAOYSA-N,[CH-]=[O+]CCF,train,false,-2.3212722561320334,-2.675548251794918,,0.3542759956628845
rx392:2a7038045e0ffe3518968f79bd496cbd-C2O1-0-1,reduction_free_energy,linear,RX-392,WPPUQEJWLSCIER-UHFFFAOYSA-N,C1#CO1,train,false,-4.157029813133704,-4.129391414986641,,0.02763839814706337
rx392:6526f866a7fadcec9362735ba14ceaec-C2O1-0-1,reduction_free_energy,linear,RX-392,VILAVOFMIJHSJA-UHFFFAOYSA-N,[C+]#C[O-],train,false,-5.660048233446105,-5.7205548785147755,,0.06050664506867065
rx392:8d3efaa4d851690620e0b9623f321f49-C2H2O2-0-1,reduction_free_energy,linear,RX-392,ZUQAPLKKNAQJAU-UHFFFAOYSA-N,OC#CO,train,false,-1.863722284438154,-1.0942469973602031,,0.7694752870779509
rx392:bdff71708378e53bec98bbb3fe4eb1ba-C2H2O2-0-1,reduction_free_energy,linear,RX-392,WVKOKNQPFFEMSR-UHFFFAOYSA-N,O=C=CO,train,false,-2.3032209981247433,-2.237383183482929,,0.06583781464181415
rx392:63769b47845d3137f387e3f82470c1c1-C2H2O2-0-1,reduction_free_energy,linear,RX-392,LVHRYALDLLEVEI-UHFFFAOYSA-N,[O-]C=[C+]O,train,false,-3.422451504837227,-2.8699897619913166,,0.5524617428459102
rx392:94475f73a1d56a2569e9bd20f87fcce9-C2H2O2-0-1,reduction_free_energy,linear,RX-392,LEQAOMBKQFMDFZ-UHFFFAOYSA-N,O=CC=O,train,false,-3.1308530457508823,-3.3217010813949592,,0.19084803564407693
rx392:ec16263886edf512f85f2220e95c56fc-F1N1S1-0-1,reduction_free_energy,linear,RX-392,IMFUYZDKLVTPSW-UHFFFAOYSA-N,N#SF,test,true,-3.714114508276907,-3.8456242987308698,,0.1315097904539626
rx392:79062cdbb9ba23fa8889e4308470481e-C1H3O1P1-0-1,reduction_free_energy,linear,RX-392,GHKHMOXIOVURDV-UHFFFAOYSA-N,C[O+]=[P-],train,false,-3.5955928857183608,-3.958323726250651,,0.36273084053229043
rx392:d27d50d59db302f5c59659367756f95b-C3H4O2-0-1,reduction_free_energy,linear,RX-392,LSERFZTYQJGIIQ-UHFFFAOYSA-N,[CH-]=[O+][C-]=[O+]C,train,false,-3.0770860466509475,-3.187156972118589,,0.11007092546764152
rx392:34bc207638fea54ddec67f0dba000f16-C3H4O2-0-1,reduction_free_energy,linear,RX-392,VMMCEBXMWYYEPC-UHFFFAOYSA-N,[CH2-][O+]=C=[O+][CH2-],train,false,-4.152060453084232,-3.770410357527801,,0.3816500955564308
rx392:1910c66317a43ac1a84f43717dbf0ae5-C3H4O2-0-1,reduction_free_energy,linear,RX-392,JTNLWJFHWILBSI-UHFFFAOYSA-N,C=C[O+]=[C-]O,train,false,-1.0002162069249607,-1.8633533000440652,,0.8631370931191045
rx392:2fa911ba20075e558feaaeba5f735f06-C3H4O2-0-1,reduction_free_energy,linear,RX-392,IGDWZJVLDCGUOP-UHFFFAOYSA-N,[CH-]=[O+]CC=O,test,true,-2.4126139840891483,-2.7394165633604044,,0.3268025792712561
rx392:97bf22fefb34db5d1e8c2c68182b5b54-C3F1H3O2-0-1,reduction_free_energy,linear,RX-392,QAASNXVFZQIXDD-UWTATZPHSA-N,O=C1OC[C@H]1F,train,false,-1.470534673813745,-1.5504560539186376,,0.07992138010489258
rx392:4cecb3d23331364b36306d3854c4138e-C3F1H3O2-0-1,reduction_free_energy,linear,RX-392,KTKPMYNFYLRXHC-REOHCLBHSA-N,O=C1C[C@@H](F)O1,test,true,-1.3716367642773548,-1.1333646865126479,,0.23827207776470694
rx392:d9b4ba38c9c0d3ff7f6d54d228e9e566-C3F1H3O2-0-1,reduction_free_energy,linear,RX-392,PDBVVFPFLGGBJC-GSVOUGTGSA-N,F[C@H]1C[O+]=[C-]O1,train,false,-1.6227568433532724,-1.8263270019296884,,0.20357015857641603
rx392:a7edd3047d627321616f873cc83d2e5e-O1S1-0-1,reduction_free_energy,linear,RX-392,XTQHKBHJIVJGKJ-UHFFFAOYSA-N,O=S,train,false,-4.566120905208663,-4.783562693686584,,0.21744178847792028
rx392:53eb1fdbc1f2979b1e1d4130d5ba5230-C1H1O3P1-0-1,reduction_free_energy,linear,RX-392,GFKOZOLWKBKQSO-UHFFFAOYSA-N,[CH+]=[O+]P([O-])[O-],train,false,-4.1388655295850185,-3.7191564278237923,,0.4197091017612262
rx392:bbcc38cf2eedd48ebaf4305ecfb486f1-C2F1H4O1P1-0-1,reduction_free_energy,linear,RX-392,JCWRFJCNMTWLPK-UHFFFAOYSA-N,FCC[O+]=[P-],train,false,-3.648084074504368,-3.991311902597465,,0.34322782809309693
rx392:f7f9133d8a497a106aa41c1b52ac672a-C3H2O3-0-1,reduction_free_energy,linear,RX-392,OIRKEYBSXAKFEG-UHFFFAOYSA-N,C#COC(=O)O,train,false,-1.7973394878135878,-0.9158393924108923,,0.8815000954026955
rx392:3fb941d50a3516ed67ee46f8c3734696-C3H2O3-0-1,reduction_free_energy,linear,RX-392,DZAVROKYUKLHKI-UHFFFAOYSA-N,O[C-]=[O+][C+]=CO,train,false,-4.056761397350783,-3.477692450612202,,0.5790689467385812
rx392:a98427e6929735cbbf7041ad27c4e789-C3H2O3-0-1,reduction_free_energy,linear,RX-392,IIXJQSDWIGLBMK-UHFFFAOYSA-N,O=C=C[O+]=[C-]O,train,false,-2.6537930807735393,-2.533691689142712,,0.12010139163082734
rx392:aea0bce2cd3fef5c37faf048e72009db-C3H2O3-0-1,reduction_free_energy,linear,RX-392,YJHQIFYRQAFGQT-UHFFFAOYSA-N,OC#C[O+]=[C-]O,test,true,-2.330590552986905,-2.188507816957501,,0.1420827360294039
rx392:755fd53074b2ce97f914e86d67868f47-C3H2O3-0-1,reduction_free_energy,linear,RX-392,VAYTZRYEBVHVLE-UHFFFAOYSA-N,O=c1occo1,test,true,-1.188543852964358,-1.1017740294461604,,0.08676982351819751
rx392:b2dca69accb554b099a6457183c3d020-C4H2O1-0-1,reduction_free_energy,linear,RX-392,PNUPOTHXVFOIPH-UHFFFAOYSA-N,C#CC=C=O,test,true,-2.518028592206065,-2.190124415575414,,0.32790417663065075
rx392:9656e50e43ddda7361eaee69d531f655-C4H2O1-0-1,reduction_free_energy,linear,RX-392,MPWMGYWYHDNMBY-UHFFFAOYSA-N,[C+]#CC=C[O-],test,true,-4.936138266137277,-5.122579356853832,,0.18644109071655457
rx392:d8085953de6741ce68ab26767ff39bd6-C4H2O1-0-1,reduction_free_energy,linear,RX-392,DCCHGIXMZZZONN-UHFFFAOYSA-N,[C-]#CCC#[O+],test,true,-4.039478831458837,-3.086693250100985,,0.9527855813578516
rx392:139f2b49c8be376cb14db500a3762e95-C4H2O1-0-1,reduction_free_energy,linear,RX-392,HLFJXKFMBIFMJS-UHFFFAOYSA-N,[C-]#C[C+]=CO,train,false,-4.264517945862281,-4.565456538086076,,0.3009385922237957
rx392:d2742e8c94dac6d9f0a981b01592faa6-C4H2O1-0-1,reduction_free_energy,linear,RX-392,LKBNOWKSKAWTFX-UHFFFAOYSA-N,C#CC#CO,train,false,-2.1159002748336206,-1.589763681927091,,0.5261365929065296
rx392:2059a08bead111d2aaa444ef43111fac-C4H2O1-0-1,reduction_free_energy,linear,RX-392,MUDCFAXVUHCJJF-UHFFFAOYSA-N,O=CC1=C=C1,train,false,-3.071338889677463,-2.3498742448557683,,0.7214646448216948
rx392:7a3b1b8b453a89b7f1eece28e766a0f7-C4H2O1-0-1,reduction_free_energy,linear,RX-392,SNSRHYGVROTZIT-UHFFFAOYSA-N,[C-]#CC=[C+]O,train,false,-4.47307063100925,-3.8063805746265857,,0.6666900563826643
rx392:e9f04108db37fc1f8d7f364fe7f54591-C3F1H3O1-0-1,reduction_free_energy,linear,RX-392,ZAOLUEKKEAPLGC-VKHMYHEASA-N,F[C@@H]1C[C-]=[O+]1,train,false,-2.384100315513024,-2.641205758933017,,0.2571054434199933
rx392:05a3eea09be53c21b3993fb3211c85f0-C3F1H3O1-0-1,reduction_free_energy,linear,RX-392,CHGZFHWILYWLLL-GSVOUGTGSA-N,F[C@H]1[C-]=[O+]C1,test,true,-2.6110794799296855,-2.8275737069164757,,0.21649422698679022
rx392:0913732cc5892b35a63c9dc59f58c51e-C3F1H3O1-0-1,reduction_free_energy,linear,RX-392,KXDSHNIRPKBDIW-UHFFFAOYSA-N,[CH2-]OC=C=[F+],test,true,-3.7159856143389334,-3.785209438766855,,0.06922382442792152
rx392:8bd924e490bcfea65e8b756b1bfb8893-C3F1H3O1-0-1,reduction_free_energy,linear,RX-392,XXEXRXKCJYEXJC-UHFFFAOYSA-N,[CH2-][O+]=C=CF,train,false,-3.415264588496939,-3.5172738645359156,,0.1020092760389768
rx392:bf61d7471859b3b633d42da39968ff3c-C3F1H3O1-0-1,reduction_free_energy,linear,RX-392,UFFXTCAXVUKPBT-NSCUHMNNSA-N,[CH-]=[O+]/C=C/F,test,true,-2.6135157967892155,-2.877808138313587,,0.26429234152437164
rx392:4221dfc057671ef0d5fb5d0f87b67d55-C3F1H3O1-0-1,reduction_free_energy,linear,RX-392,AYWOXVSVGIDGKF-UHFFFAOYSA-N,[CH-]=[O+]C[C-]=[F+],train,false,-2.4514771026179005,-3.5045823037734243,,1.0531052011555238
rx392:e55a6daf043edfbcdbbc4f7947bbfc71-C3F1H1O2-0-1,reduction_free_energy,linear,RX-392,SVMAUGPTISPORA-UHFFFAOYSA-N,Fc1c[o+][c-]o1,train,false,-1.765384124169941,-1.9794233174257023,,0.21403919325576126
rx392:bf3aa5108a56a034a6a68caac2498f35-C2F1H1O1-0-1,reduction_free_energy,linear,RX-392,FFOWAQICHGFLEL-UHFFFAOYSA-N,OC#CF,train,false,-2.2240980175092773,-1.7966314280911724,,0.4274665894181049
rx392:843e4de28f492c3f0d835bce97aebc3d-C2F1H1O1-0-1,reduction_free_energy,linear,RX-392,HNTCBGXYMDSKEY-UHFFFAOYSA-N,O=C=CF,train,false,-2.789340811958027,-2.717093297481117,,0.07224751447691036
rx392:56b04dd4e0a7a8cfed5d4fa60cf10b48-C2F1H1O1-0-1,reduction_free_energy,linear,RX-392,LADGZKCRZCUWIO-UHFFFAOYSA-N,[O-]C=C=[F+],train,false,-4.309615977941576,-3.7219890669548414,,0.5876269109867343
rx392:b32f0759f4878403f30f5df678ffb3c8-C1F2O1S1-0-1,reduction_free_energy,linear,RX-392,WDZXEXFTGXQKCI-UHFFFAOYSA-N,O=S=C(F)F,train,false,-3.0912238146192976,-2.762933674097259,,0.3282901405220384
rx392:146f12ef9aa432ac39565855810d1f38-C2H1O1P1-0-1,reduction_free_energy,linear,RX-392,UHWXAQLTXLZBDY-UHFFFAOYSA-N,C#C[O+]=[P-],test,true,-2.51905471990176,-4.57683665625028,,2.05778193634852
rx392:329b3fd8697ce440ea6c1628cc6df9f5-F1O2P1-0-1,reduction_free_energy,linear,RX-392,CCFKWUMXBUQERQ-UHFFFAOYSA-N,O=P(=O)F,train,false,-3.9594786522775394,-3.071341585414432,,0.8881370668631074
rx392:2352bf3b4f33dabe6b7671295b2673e0-C3H2O2-0-1,reduction_free_energy,linear,RX-392,UQROQIDUTGICFH-UHFFFAOYSA-N,[c-]1occ[o+]1,train,false,-1.0535070905034445,-1.7611052539943761,,0.7075981634909316
rx392:4e8e6684a74c3c851aeb4c27c1fcdc02-C3H2O2-0-1,reduction_free_energy,linear,RX-392,OYKRIXBTRIQKFX-UHFFFAOYSA-N,[O-]C1=[C+]CO1,train,false,-4.523368990361632,-4.7416755866195555,,0.21830659625792315
rx392:ef12501202de07379d9caeb7f220686f-C3H2O2-0-1,reduction_free_energy,linear,RX-392,PJCDYOZPTHSALQ-UHFFFAOYSA-N,[C-]1=[O+][C-]=[O+]C1,train,false,-2.954854693109155,-3.145997198573036,,0.19114250546388112
rx392:406cafacf48a7628d38d8e46cd783d02-C3H2O2-0-1,reduction_free_energy,linear,RX-392,OVQPWBHZHCKJFN-UHFFFAOYSA-N,C#C[O+]=[C-]O,train,false,-1.828222234412351,-2.3255738067746172,,0.4973515723622661
rx392:384a6b808777c69145ddc061e67fe943-C3O1-0-1,reduction_free_energy,linear,RX-392,ZCNKODXATWVMAO-UHFFFAOYSA-N,[C-]#CC#[O+],train,false,-3.454100289956841,-3.57415428200587,,0.12005399204902867
rx392:08ef2921ab10dd418b8f53a57643fb2b-F1P1-0-1,reduction_free_energy,linear,RX-392,QUQSORXWLOUIIW-UHFFFAOYSA-N,[F+]=[P-],train,false,-4.30251082925497,-4.605121223082069,,0.30261039382709853
rx392:941475dc3544b6163fb267e6867610f8-C3H2O1-0-1,reduction_free_energy,linear,RX-392,SDWMQFNKBVOBFS-UHFFFAOYSA-N,[CH+]=C=[C-]O,train,false,-3.01771334777186,-3.344714102421918,,0.32700075465005796
rx392:884aff4253be4381e697c7aef229d7ae-C3H2O1-0-1,reduction_free_energy,linear,RX-392,OSFFAALSRLBVRK-UHFFFAOYSA-N,[C-]#C[CH+]O,train,false,-3.603815355986626,-3.935470426674111,,0.33165507068748523
rx392:05fe1f5c4725fa3ac6722ce4e0dc8f15-C3H2O1-0-1,reduction_free_energy,linear,RX-392,IJNJLGFTSIAHEA-UHFFFAOYSA-N,C#CC=O,train,false,-2.4613795539926286,-2.840370000906793,,0.3789904469141643
rx392:7bbf85d99fbcb4130be624a18fc2aa44-C4H2O2-0-1,reduction_free_energy,linear,RX-392,ZLAYGKUULCENFX-UHFFFAOYSA-N,O=C=C=CC=O,train,false,-3.8947280413522094,-4.037484296011435,,0.1427562546592256
rx392:3d802a4ed9f29b3eeb3c489e4fdda6be-C4H2O2-0-1,reduction_free_energy,linear,RX-392,IBHMKHMMZPPEQT-UHFFFAOYSA-N,O=C=CC=C=O,test,true,-1.3515707923234004,-1.7987533202453163,,0.44718252792191593
rx392:28030bd04c51e99bdb3a11371ad239cc-C4H2O2-0-1,reduction_free_energy,linear,RX-392,LAROZPSQWDTWCT-UHFFFAOYSA-N,O=C=C=C=CO,train,false,-3.2074041868636414,-3.499520974059922,,0.29211678719628065
rx392:ed2a7363213ac7d8965225b0d1ff7f2b-C4H2O2-0-1,reduction_free_energy,linear,RX-392,AHOXMZNKCDMIRQ-UHFFFAOYSA-N,O=C=CC#CO,train,false,-1.6697341785911703,-2.051057196825586,,0.38132301823441583
rx392:eedfc00910bba3c84e88b6b1a210d287-C4H2O2-0-1,reduction_free_energy,linear,RX-392,RDGLIZKUUULFSM-UHFFFAOYSA-N,O=C[C+]=C=[C-]O,train,false,-3.5780434072676144,-3.523766102273827,,0.05427730499378747
rx392:356c6dcd546ab5a579cd9116b6def069-C4H2O2-0-1,reduction_free_energy,linear,RX-392,KBEJGLIHVKPYOS-UHFFFAOYSA-N,O=C=[C+]C=[C-]O,train,false,-4.042490403999182,-3.3760225348525448,,0.6664678691466368
rx392:ce74317914cb1a834da31fbbe5722320-C4H2O2-0-1,reduction_free_energy,linear,RX-392,GERYVQDMLQDEAU-UHFFFAOYSA-N,[O+]#CC=C=C[O-],test,true,-3.2886407093556045,-3.1743928048458314,,0.11424790450977307
rx392:3c9b68f5d8dd01a6ba62671d2261c12d-C4H2O2-0-1,reduction_free_energy,linear,RX-392,AZEBXWRLBFPUTO-UHFFFAOYSA-N,O=CC#CC=O,train,false,-3.287214686268271,-2.859691475743711,,0.4275232105245603
rx392:ae8eef2114f08f7925237c23134866fa-F1N1S2-0-1,reduction_free_energy,linear,RX-392,LVGRAYFPKDSCNT-UHFFFAOYSA-N,FSN=S,test,true,-4.091541206671536,-4.243517734965534,,0.15197652829399821
rx392:160d885d28576d91e274f1defce0c389-C1H3O2P1-0-1,reduction_free_energy,linear,RX-392,XKCQASMZNPBLKI-UHFFFAOYSA-N,COP=O,test,true,-2.358970871182464,-2.796856494186228,,0.43788562300376377
rx392:1c3f5eecc1fb05d7cb13d87345a2cdc6-C1F1H1-0-1,reduction_free_energy,linear,RX-392,YUCFVHQCAFKDQG-UHFFFAOYSA-N,[CH-]=[F+],train,false,-3.256112743542417,-3.5581704967889474,,0.3020577532465305
rx392:04373f67ba12209dc4cb674e15e966cb-C4H6O1-0-1,reduction_free_energy,linear,RX-392,NCFPZDYBQKIZMD-UHFFFAOYSA-N,[CH2+]C=[C-]CO,train,false,-3.263016222323131,-3.6591164404928365,,0.39610021816970553
rx392:45ec2f77e11a813fd074c55af028ffad-C4H6O1-0-1,reduction_free_energy,linear,RX-392,IWJMQXOBCQTQCF-UHFFFAOYSA-N,C=CCC=O,train,false,-1.341336303494245,-1.7485517143223919,,0.40721541082814694
rx392:3b00e16ecf8c4c7ae66cefedc1ec0eb2-C4H6O1-0-1,reduction_free_energy,linear,RX-392,QYKIQEUNHZKYBP-UHFFFAOYSA-N,C=COC=C,train,false,-0.7889726618768691,-0.8557309504945595,,0.0667582886176904
rx392:d925982cbfe76b9f0a3f5c5c5b67723c-C4H6O1-0-1,reduction_free_energy,linear,RX-392,LNDKRVOOYMEYTC-ONEGZZNKSA-N,C=C/C=C/O,train,false,-1.1824457113225435,-1.5897519341523256,,0.4073062228297821
rx392:d02791f154fc6140f1633530b3922ba3-C4H6O1-0-1,reduction_free_energy,linear,RX-392,JXKCVRNKAPHWJG-UHFFFAOYSA-N,C=C=CCO,train,false,-1.3766786967953522,-1.0422291259972385,,0.33444957079811366
rx392:27b95b5385bfb3ad0a3841da7f6712d8-C4H6O1-0-1,reduction_free_energy,linear,RX-392,OTJZCIYGRUNXTP-UHFFFAOYSA-N,C#CCCO,train,false,-0.8934086860763273,-0.5084803576195345,,0.3849283284567928
rx392:a59b346cd7beb352d5b9bae0658151d7-C2H6O1-0-1,reduction_free_energy,linear,RX-392,LFQSCWFLJHTTHZ-UHFFFAOYSA-N,CCO,train,false,-0.4939470196814,-1.4272305781974628,,0.9332835585160628
rx392:a3db9544d034c691cbc60faa12755e71-C2H6O1-0-1,reduction_free_energy,linear,RX-392,LCGLNKUTAGEVQW-UHFFFAOYSA-N,COC,test,true,-0.02581895091680053,-1.0894083658856772,,1.0635894149688767
rx392:7bf5519e5982924121186547eaf5d649-C4H8O2-0-1,reduction_free_energy,linear,RX-392,ORTVZLZNOYNASJ-OWOJBTEDSA-N,OC/C=C/CO,train,false,-0.9353922282916756,-1.226500523438616,,0.29110829514694037
rx392:c0a13cb44784464a401b3028b3b5869d-C4H8O2-0-1,reduction_free_energy,linear,RX-392,PIAOXUVIBAKVSP-UHFFFAOYSA-N,O=CCCCO,train,false,-1.273258632132638,-1.6480403599106537,,0.37478172777801566
rx392:02e13eb9623710b55d20c36768c4bd9d-C4H8O2-0-1,reduction_free_energy,linear,RX-392,VELCGBOSFKSMCL-UHFFFAOYSA-N,O[CH+]CC[CH-]O,train,false,-2.9463480141348555,-2.9757858341404084,,0.02943782000555295
rx392:c686e9e23fc75f07b4bd59c858545550-C4H8O2-0-1,reduction_free_energy,linear,RX-392,SLZVWNSKTHSLQV-UHFFFAOYSA-N,[O-]CCC[CH+]O,train,false,-3.6079212623844796,-3.4837928991512817,,0.12412836323319798
rx392:84ac55e3ad863f76a68984ab7b64ff26-C4H8O2-0-1,reduction_free_energy,linear,RX-392,OZCRKDNRAAKDAN-HNQUOIGGSA-N,O/C=C/CCO,train,false,-0.45390513916026975,-0.7019350602535335,,0.24802992109326372
rx392:f92b9a6ed7e1114a9b4fc807be6de284-C4H8O2-0-1,reduction_free_energy,linear,RX-392,WSJASAOEQFRGMD-UHFFFAOYSA-N,CCO[C-]=[O+]C,train,false,-1.2241395623004792,-1.5457984701737022,,0.32165890787322304
rx392:0af1d0155d7207c806d7d5e78e18bece-C2F1H3O2-0-1,reduction_free_energy,linear,RX-392,JNEQDYIGMHVAEU-UHFFFAOYSA-N,O=CCOF,train,false,-1.8707594109455385,-2.14631282405656,,0.27555341311102133
rx392:f1220d1f66a012560b6d7b7cc0c7fd6f-C2F1H3O2-0-1,reduction_free_energy,linear,RX-392,JKKYWQUELJLABD-UHFFFAOYSA-N,[O-]CC(O)=[F+],test,true,-3.233539406406635,-2.9655424884301897,,0.2679969179764452
rx392:d007f8ebbf7675fb135fc14956eb395b-C2F1H3O2-0-1,reduction_free_energy,linear,RX-392,MFPBWDUJXLGBJA-UHFFFAOYSA-N,O=C(F)CO,train,false,-1.6954867167787597,-1.4148559003014078,,0.2806308164773519
rx392:f1df0b6638cbfa57107ca92f4cfc1a7b-C4H6O2-0-1,reduction_free_energy,linear,RX-392,MGBUMQZXWSKNOU-UHFFFAOYSA-N,[O+]#CCCC[O-],test,true,-3.7456628734016704,-2.884711237350024,,0.8609516360516465
rx392:f1d587942678f6938595d6db7fa9c2e8-C4H6O2-0-1,reduction_free_energy,linear,RX-392,CXDWIOQNFMIXCX-ZPUQHVIOSA-N,O/C=C/C=C/O,train,false,-0.8858918129426456,-1.127344551154068,,0.24145273821142244
rx392:122d7a8c12bfd909977f17fb54bf5af4-C4H6O2-0-1,reduction_free_energy,linear,RX-392,IMXMGQOZHBFVCT-HNQUOIGGSA-N,O=CC/C=C/O,train,false,-1.3232056285469298,-1.6858663251788122,,0.3626606966318824
rx392:f63aa0e41fd871081eba5014a59d5b87-C4H6O2-0-1,reduction_free_energy,linear,RX-392,APZPFVRUUMXYRZ-UHFFFAOYSA-N,C=COCC=O,train,false,-1.5221272952039726,-2.0087125415407363,,0.4865852463367637
rx392:15e82ffb96026ba438c9a594ee12c388-C4H6O2-0-1,reduction_free_energy,linear,RX-392,CNDSYBVNLAHPIS-UHFFFAOYSA-N,C[C-]=[O+][C-]=[O+]C,test,true,-2.656197901333144,-2.796780465714397,,0.14058256438125305
rx392:51baaa178735ebe9393248615911e892-C4H6O2-0-1,reduction_free_energy,linear,RX-392,PCSMJKASWLYICJ-UHFFFAOYSA-N,O=CCCC=O,train,false,-1.0096859582627076,-1.7396766454771777,,0.7299906872144701
rx392:5b874a641ebc121894720adf0e054ed7-C4H6O2-0-1,reduction_free_energy,linear,RX-392,FXCMZPXXCRHRNK-OWOJBTEDSA-N,O=C/C=C/CO,train,false,-2.1908596828034206,-2.503722182887895,,0.31286250008447425
rx392:f58f7ccea34a03ace606a6fd63af6b21-C4H6O2-0-1,reduction_free_energy,linear,RX-392,DOZAJVJEGUTITC-UHFFFAOYSA-N,[CH-]=[O+][C-]=[O+]CC,train,false,-3.0274027536815993,-3.1604716164335325,,0.1330688627519332
rx392:941151a043d36f390ccb03571373f9ad-C4H6O2-0-1,reduction_free_energy,linear,RX-392,QUFHOMKJGBDIRS-UHFFFAOYSA-N,OC=C=CCO,train,false,-1.6500472437764984,-1.4797913062360477,,0.17025593754045065
rx392:ab8258a112dca63a09ebe1f4f225758a-C4H6O2-0-1,reduction_free_energy,linear,RX-392,XVGZAGBFDQIJKR-UHFFFAOYSA-N,C=CO[C-]=[O+]C,train,false,-1.4924453058574727,-1.8055042672645114,,0.3130589614070387
rx392:6f558cd3ef2a8bfb682a3477ee20c9b4-C4H6O2-0-1,reduction_free_energy,linear,RX-392,YXWXNWRDFORZSN-UHFFFAOYSA-N,O=C=CCCO,train,false,-1.963026418328809,-1.7507699607179763,,0.21225645761083278
rx392:9bc564a7ce92ad9a12b907122d4435b2-C4H6O2-0-1,reduction_free_energy,linear,RX-392,JSPXPZKDILSYNN-UHFFFAOYSA-N,OC#CCCO,train,false,-1.420957426646055,-1.7822576969810429,,0.3613002703349879
rx392:cf215a47ecba16f4b1796be7b6d4bafe-F2H1O1P1-0-1,reduction_free_energy,linear,RX-392,UWETVEYENGVTQS-UHFFFAOYSA-N,OP(F)F,train,false,-0.8889267027261667,-1.66458844270481,,0.7756617399786434
rx392:538e8059ad5ccd51e316f1d85d318683-C4H2-0-1,reduction_free_energy,linear,RX-392,LLCSWKVOHICRDD-UHFFFAOYSA-N,C#CC#C,test,true,-1.8782486340032847,-1.924664774598215,,0.04641614059493038
rx392:beebe803fd6de3ac87ed838a4d8d6ff3-C4H2-0-1,reduction_free_energy,linear,RX-392,MRJFCQHWODZEPM-UHFFFAOYSA-N,[C-]#C[C+]=C,train,false,-2.1493144591768214,-4.388889450048453,,2.239574990871632
rx392:a99e892f8740e416eab9c9abaefc8334-H1O2P1-0-1,reduction_free_energy,linear,RX-392,GQZXNSPRSGFJLY-UHFFFAOYSA-N,O=PO,train,false,-2.4766316169952916,-2.9146015587804195,,0.43796994178512794
rx392:17803bdcdac2136091857ecd4da57350-C1H3O3P1-0-1,reduction_free_energy,linear,RX-392,XAKRTGZVYPZHCO-UHFFFAOYSA-N,COP(=O)=O,train,false,-3.171695421115146,-2.491059511573556,,0.6806359095415901
rx392:4ee2c58d616283263e1a276b35e7a267-C3H6O2-0-1,reduction_free_energy,linear,RX-392,XWVOVMOHQDSGQK-UHFFFAOYSA-N,C=[O+]CC[O-],test,true,-3.7039593989802597,-3.791012231482746,,0.08705283250248641
rx392:98d7f5bb7626f9e7c27692b1b37749c4-C3H6O2-0-1,reduction_free_energy,linear,RX-392,RUKWBTSQVWLBIH-UHFFFAOYSA-N,CO[C-]=[O+]C,train,false,-1.2469230919641632,-1.5473554485821224,,0.3004323566179592
rx392:ac8e8ba99e1867ad472f3a9f585ad7ae-C3H6-0-1,reduction_free_energy,linear,RX-392,QQONPFPTGQHPMA-UHFFFAOYSA-N,C=CC,train,false,-0.6378879217404574,-1.0927193020786268,,0.4548313803381694
rx392:a6d449700787155e9836404e03f5a41c-C2H5O2P1-0-1,reduction_free_energy,linear,RX-392,IDKDNOJBBSKTIR-UHFFFAOYSA-N,C=[O+][P-]OC,train,false,-3.5635636555980454,-3.629636071462684,,0.06607241586463841
rx392:7e3a2b19a5af30ab0981eacd78038857-C1F1H1O1-0-1,reduction_free_energy,linear,RX-392,ROGRBZXOYPJSCQ-UHFFFAOYSA-N,O[C-]=[F+],train,false,-2.0818203769204047,-2.319503024764631,,0.2376826478442262
rx392:b6fe479487a04352d702164756d6d0ac-C1F1H1O1-0-1,reduction_free_energy,linear,RX-392,NHGVZTMBVDFPHJ-UHFFFAOYSA-N,O=CF,test,true,-1.7335118735963988,-1.689797338713794,,0.043714534882604905
rx392:6d258c73cf11fae93d4d3816af0290e8-F1N1O1S1-0-1,reduction_free_energy,linear,RX-392,QMAYPUZHQUBYJT-UHFFFAOYSA-N,N#S(=O)F,train,false,-4.928336494383984,-2.7890685178447505,,2.1392679765392337
rx392:133004eb20f26ef002a92f06abee41ca-C2F1H1O2-0-1,reduction_free_energy,linear,RX-392,BITVLRXIXBFBAR-UHFFFAOYSA-N,O=CC(=O)F,train,false,-3.3225527181893995,-3.412719420474724,,0.09016670228532453
rx392:799e73273a32c13492ae5ba5a010993d-C2F1H1O2-0-1,reduction_free_energy,linear,RX-392,IZHBWHIERKKUJK-UHFFFAOYSA-N,[O-]C(F)=[C+]O,train,false,-3.614405995911511,-3.1566748367597346,,0.45773115915177653
rx392:e473ee39de591ff8cac6ea1f47a0b34b-C2F1H1O2-0-1,reduction_free_energy,linear,RX-392,QHSNXCQFHFUEHV-UHFFFAOYSA-N,O=C=C(O)F,train,false,-2.832427705774535,-2.6063133430155485,,0.22611436275898633
rx392:366cdd57a062ca777e3bf29de84d24a8-C2H1O2P1-0-1,reduction_free_energy,linear,RX-392,ZBDQWDLMUMITEL-UHFFFAOYSA-N,O=C=C[O+]=[P-],train,false,-3.827782576192476,-4.148391052891439,,0.320608476698963
rx392:baf894588b8d74d033c90149bda9e473-C4H6-0-1,reduction_free_energy,linear,RX-392,KAKZBPTYRLMSJV-UHFFFAOYSA-N,C=CC=C,test,true,-1.555109354491833,-1.995212269567899,,0.440102915076066
rx392:bd9b37b2515625b8ce57eb1a55ccf49f-C4H4O4-0-1,reduction_free_energy,linear,RX-392,MRAJCEICDPBEDR-OWOJBTEDSA-N,O[C-]=[O+]/C=C/[O+]=[C-]O,train,false,-1.2336318896250305,-1.5241535407719426,,0.2905216511469122
rx392:1fc65468e969ed0cd3847a1197d120d5-C5H8O3-0-1,reduction_free_energy,linear,RX-392,CLWVKGFYURNSNJ-UHFFFAOYSA-N,O=CCCC[O+]=[C-]O,train,false,-1.309959867850921,-1.6966160204688767,,0.3866561526179557
rx392:1a215994cacd2d069dd3bcecf83afb79-C5H8O3-0-1,reduction_free_energy,linear,RX-392,QQPSZXOAEYMLMI-UHFFFAOYSA-N,C[C-]=[O+]C(=O)OCC,train,false,-2.5042258420216967,-2.5156420318938135,,0.011416189872116789
rx392:b7259c5fa131a846cc431c9cf5fbde76-C5H8O3-0-1,reduction_free_energy,linear,RX-392,BPFOYPDHLJUICH-UHFFFAOYSA-N,C=COC(=O)OCC,train,false,-0.9255404864215961,-1.2738978184298284,,0.34835733200823227
rx392:b5838f64215417f1c3804cff939a3900-C5H8O3-0-1,reduction_free_energy,linear,RX-392,JNKPQAPJKCOIHT-UHFFFAOYSA-N,CC=[O+]C(=O)O[CH-]C,test,true,-3.7307376419139473,-3.4974553756437716,,0.23328226627017568
rx392:dfd9a0f6874b88ecc7fef406b4956d90-C5H8O3-0-1,reduction_free_energy,linear,RX-392,GQQCHPMAXKWHMY-UHFFFAOYSA-N,C=CCCOC(=O)O,train,false,-0.7319673649544711,-1.2001019078409474,,0.46813454288647627
rx392:081d558fc5b077fbd576acd7ecacbfb0-C6H8O4-0-1,reduction_free_energy,linear,RX-392,AAVDHVVATBWPJH-UHFFFAOYSA-N,[O+]#COCCC[CH-][O+]=[C-]O,train,false,-4.421531635816791,-4.192891139320114,,0.22864049649667706
rx392:263028ed45faf4d76e960a16cc9958ee-C5H10O2-0-1,reduction_free_energy,linear,RX-392,BOHGEFZURVLVHR-UHFFFAOYSA-N,CCO[C-]=[O+]CC,train,false,-1.2005562730828387,-1.5358784936861043,,0.33532222060326555
rx392:371cebb7237ba0efe137a66acc7dfaba-C4H4O5-0-1,reduction_free_energy,linear,RX-392,ZSHIWERRZIDCML-OWOJBTEDSA-N,O=C(O)O/C=C/[O+]=[C-]O,test,true,-1.212261236840277,-1.9102353924219533,,0.6979741555816763
rx392:b04430ea9543ecf6ec8abfd54b403d71-C5H8O4-0-1,reduction_free_energy,linear,RX-392,PISYRMGYCCLHGH-UHFFFAOYSA-N,O=CCCCOC(=O)O,test,true,-1.3139672606066597,-1.6961581762898357,,0.382190915683176
rx392:3a24d341460bdb2d66f5602053084449-C6H10O4-0-1,reduction_free_energy,linear,RX-392,UKOCCXVYDOHHFX-UHFFFAOYSA-N,O[C-]=[O+]CCCC[O+]=[C-]O,train,false,-1.220554346609788,-0.9360858054919627,,0.28446854111782516
rx392:b01f452401e105d1b53e5d9a8e2ab475-C4H2O5-0-1,reduction_free_energy,linear,RX-392,SYMYXYYOYBPBAW-UHFFFAOYSA-N,O=C(O)OC#C[O+]=[C-]O,train,false,-2.6879664468397095,-2.2947515241376664,,0.39321492270204317
rx392:5c41cb65f21d8b65368c66bd132914ac-C5H10O3-0-1,reduction_free_energy,linear,RX-392,OIFBSDVPJOWBCH-UHFFFAOYSA-N,CCOC(=O)OCC,train,false,-0.686558718647575,-1.1774986070462616,,0.49093988839868663
rx392:6e387ff667eac339765e20c257db14a9-C4F1H8O2P1-0-1,reduction_free_energy,scalar_gpr,RX-392,OBSMVZFKBRNNHS-UHFFFAOYSA-N,[CH2+]COCCO[P-]F,test,true,-4.393270171727636,-1.4885668303090274,0.6215972712114541,2.9047033414186085
rx392:6e184145e0a3d59cf41deb7a48736e1a-C4F1H8O2P1-0-1,reduction_free_energy,scalar_gpr,RX-392,LHCUTHKDZDDJMQ-UHFFFAOYSA-N,FCCOCC[O+]=[P-],train,false,-3.6413988942476863,-4.03291844122861,0.6213669586737509,0.3915195469809234
rx392:82453decb15fa86619f405c2255afd24-F1N1O3S2-0-1,reduction_free_energy,scalar_gpr,RX-392,XWFDESPXXQQRMT-LURJTMIESA-N,O=S(=O)=N[S@@](=O)F,test,true,-4.846668234957178,-3.2129899564099667,0.6209977567440558,1.6336782785472117
rx392:c01bdfc12dd37e8f9b75769be4ff7135-C6H10O6-0-1,reduction_free_energy,scalar_gpr,RX-392,CELCNEUYEAWJAV-UHFFFAOYSA-N,O=C(O)OCCCCOC(=O)O,train,false,-0.7537082340750203,-1.5978823710444308,0.6213376029137192,0.8441741369694105
rx392:13fde7cb21aa0bae798661910af042f9-C5F2H6O3-0-1,reduction_free_energy,scalar_gpr,RX-392,ZTTLVSHDZKENLA-SCSAIBSYSA-N,O=C([O-])O[C@@H](F)CCC=[F+],train,false,-4.786887290185405,-4.661649980240835,0.6230270950888666,0.12523730994456983
rx392:9a80e7d3b8cba52608bfe53c2b6db0ac-C3F3H2O2P1-0-1,reduction_free_energy,scalar_gpr,RX-392,MRGMYRXPNFTBMU-UHFFFAOYSA-N,FP(F)O[C-]=[O+]C[C-]=[F+],train,false,-3.350772134745057,-3.2893852090074787,0.6210044392468707,0.06138692573757831
rx392:7effebabf4adbd155b4aac995e62d37b-C5F2H6O3-0-1,reduction_free_energy,scalar_gpr,RX-392,XBWCQEBTNGRMOZ-BYPYZUCNSA-N,O=C([O-])OC[C@@H](F)CC=[F+],train,false,-4.971485549012868,-4.919737477034592,0.6244940575365632,0.05174807197827658
rx392:2c96eb4288d63b2a9437ddd4172e67f3-H2O1-0-1,reduction_free_energy,scalar_gpr,RX-392,XLYOFNOQVPJJNP-UHFFFAOYSA-N,O,train,false,-0.6139330517471535,-1.5005116737026987,0.6215645483539157,0.8865786219555452
rx392:eefdfcd29fba955b8e8691b85f4badd3-C3F1H4O3P1-0-1,reduction_free_energy,scalar_gpr,RX-392,KXLJAUDVNOUKGB-UHFFFAOYSA-N,[O-][P-][O+]=C=[O+]CCF,test,true,-3.2256751387139957,-3.319950839192843,0.6210075724193974,0.09427570047884748
rx392:620346cfe2e5fd708d38ad59137e7e65-C3F1H4O3P1-0-1,reduction_free_energy,scalar_gpr,RX-392,VOOQPARPXZEUMN-UHFFFAOYSA-N,O=C(OCCF)[O+]=[P-],train,false,-4.119503059584531,-4.3753260261736795,0.6220113441432956,0.2558229665891485
rx392:05178f156d01553929413f706874b78a-C2F1O2P1-0-1,reduction_free_energy,scalar_gpr,RX-392,VIJLLDOHIJAUCA-UHFFFAOYSA-N,[O-]C#COP=[F+],train,false,-4.268973252277647,-4.408895794873565,0.6221038943965858,0.13992254259591874
rx392:6d3cb14458ca8bd6d2815732a5844caa-C2F1O2P1-0-1,reduction_free_energy,scalar_gpr,RX-392,FKISWKYBCYAUJN-UHFFFAOYSA-N,O=POC#CF,train,false,-2.415371377723204,-3.3661362810029227,0.6210130050477112,0.9507649032797185
rx392:91c8d2920d7fae87132a81b95c07dd4a-C2F1O2P1-0-1,reduction_free_energy,scalar_gpr,RX-392,AGKNEAIUUPFPTE-UHFFFAOYSA-N,[C+]#COP([O-])F,train,false,-6.221765022586624,-4.5731480879334825,0.6226542354469375,1.6486169346531412
rx392:0ab022f73af45db70b5abc61e7cc5bc6-C3H1O2P1-0-1,reduction_free_energy,scalar_gpr,RX-392,IRDMQKNTOIKALV-UHFFFAOYSA-N,C#C[O+]=[C-][O+]=[P-],train,false,-4.742610910550866,-4.741971787889458,0.6234188142333387,0.0006391226614077539
rx392:796506dbd3f3230e3d246a59ef72ecb3-C3F2H3O4P1-0-1,reduction_free_energy,scalar_gpr,RX-392,BMPGPKPDWJCMJY-UHFFFAOYSA-N,C=COC(=O)OP(=O)(F)F,train,false,-1.2339901808300056,-1.6104148291436398,0.6213131115732468,0.3764246483136342
rx392:a3b8cb94733e47a4966a08138fd78064-C2H6O2-0-1,reduction_free_energy,scalar_gpr,RX-392,LYCAIKOWRPUZTN-UHFFFAOYSA-N,OCCO,train,false,0.10610319524403167,-0.9874133724008713,0.6244545423682424,1.093516567644903
rx392:96b8af3838777f9f3e6b972d5aa3a84f-C4F1H8O3P1-0-1,reduction_free_energy,scalar_gpr,RX-392,QCVQEYURPKJMCT-UHFFFAOYSA-N,O=POCCOCCF,train,false,-2.412755893677968,-2.8134237304146272,0.6209637740245368,0.4006678367366594
rx392:5e15a57678ef5b22d37ef6cc5dbda8a3-C4F1H8O3P1-0-1,reduction_free_energy,scalar_gpr,RX-392,QRUXQZQTBWGEGC-SECBINFHSA-N,[CH2+]COCCO[P@@]([O-])F,train,false,-4.443994429493614,-1.468649721953068,0.6216544302503193,2.975344707540546
rx392:84a635271c4fddb04b12de734b6e0350-C4F1H8O3P1-0-1,reduction_free_energy,scalar_gpr,RX-392,ADIWOXLMVNWGTD-UHFFFAOYSA-N,O[P-][O+]=CCOCCF,train,false,-3.049674578869599,-3.1129338146369503,0.6209903047884608,0.06325923576735137
rx392:82e454f28d45cd2eaf051cbfb3804793-C4F1H8O3P1-0-1,reduction_free_energy,scalar_gpr,RX-392,KQDLFTJALZIDCG-SECBINFHSA-N,[CH2-]COCC=[O+][P@@](O)F,train,false,-4.123604886819521,-3.901424690559751,0.6212307548554579,0.22218019625977004
rx392:eab256ea76e458e90d49eaa61c4423a4-C3H2O4-0-1,reduction_free_energy,scalar_gpr,RX-392,NXYSYGVFDASHDR-UHFFFAOYSA-N,O=C=COC(=O)O,train,false,-2.6339297487938893,-2.4746932326320232,0.6209162058819857,0.15923651616186607
rx392:58bf453b2da0fa442f8213e43d1fcb28-C3H2O4-0-1,reduction_free_energy,scalar_gpr,RX-392,XBTQEVJNCGBLJB-UHFFFAOYSA-N,O=C(O)OC#CO,train,false,-2.2729358938722726,-1.7928884199021198,0.621054707328296,0.4800474739701528
rx392:28db6a82af56b90b126446758dd96749-C4H6O3-0-1,reduction_free_energy,scalar_gpr,RX-392,BPLRSEBVLPDSAK-UHFFFAOYSA-N,C[C-]=[O+]C(=O)OC,train,false,-2.5279520310978114,-2.5057885901702948,0.6209207706429348,0.022163440927516653
rx392:2a523d412b04d31a1160fdb5962b3724-C4H6O3-0-1,reduction_free_energy,scalar_gpr,RX-392,JNBNIINHOBNMLY-UHFFFAOYSA-N,[CH2-]OC(=O)[O+]=CC,train,false,-3.796719543495783,-3.578667790569469,0.6210557279082087,0.21805175292631418
rx392:7daa5fbb02de5e72b0368d31249f24e5-C4H6O3-0-1,reduction_free_energy,scalar_gpr,RX-392,NCHRDVARPJUMRC-UHFFFAOYSA-N,C=COC(=O)OC,test,true,-0.9367001424161572,-1.3019351529689298,0.6222790886654241,0.36523501055277263
rx392:8e12f0e9d0bcddddc5919ed33f643e1e-C3F2H1O3P1-0-1,reduction_free_energy,scalar_gpr,RX-392,ATHGTBQXCLJKGP-UHFFFAOYSA-N,O=C(OC=C=[F+])O[P-]F,train,false,-5.2304024837576435,-4.898238866660021,0.6243472658827434,0.3321636170976223
rx392:20aa5b08677c6496f350080e4d039a60-C3F1H6O3P1-0-1,reduction_free_energy,scalar_gpr,RX-392,AAGZBCKUVAXJNL-MRVPVSSYSA-N,[CH2-]OCC=[O+][P@@](O)F,test,true,-4.033408681796573,-3.867079790357254,0.6212026313022665,0.16632889143931884
rx392:0184135e4f900328a3c661dd5600d9a8-C3H6O4-0-1,reduction_free_energy,scalar_gpr,RX-392,BBRSEFOSZWEMPE-UHFFFAOYSA-N,O=C(O)OCCO,train,false,-0.6417276563115593,-1.5371790574594737,0.6214710499448016,0.8954514011479144
rx392:bb7fccf8e480fc83a39edf4843d93c6c-C2F3H2O2P1-0-1,reduction_free_energy,scalar_gpr,RX-392,HRGLKGRUHMYRFP-UHFFFAOYSA-N,O=P(F)(F)[O+]=[C-]CF,train,false,-3.707431595885282,-3.2250739402638158,0.6209987298567949,0.4823576556214664
rx392:b7f4432b69c68f4865160e1bdad6ef9a-C2F3H2O2P1-0-1,reduction_free_energy,scalar_gpr,RX-392,MBUXOOLUQJTNIB-UHFFFAOYSA-N,O=P(F)(F)OC[C-]=[F+],train,false,-3.4253466767113423,-3.333477415499687,0.6210090688781804,0.0918692612116554
rx392:73d82496d43b06e56f25c4a0d106f468-C2F3H2O2P1-0-1,reduction_free_energy,scalar_gpr,RX-392,QOJASGSRCAWPGI-UPHRSURJSA-N,O=P(F)(F)O/C=C\F,train,false,-1.6886225937378185,-1.215589829550862,0.622725738684099,0.4730327641869565
rx392:390b4ebf4b758be7382327cd87d28e99-C5F1H7O2-0-1,reduction_free_energy,scalar_gpr,RX-392,ILQXZULLEHDOHG-UHFFFAOYSA-N,[O+]#COCCC[CH-]F,train,false,-4.614591883530011,-4.2211846304360146,0.6216599777350222,0.39340725309399627
rx392:0d40ed1ae2549562537c4d2ef026dc32-C2F3H2O1P1-0-1,reduction_free_energy,scalar_gpr,RX-392,SXMHFQFWJLNVGF-UHFFFAOYSA-N,FC[C-]=[O+]P(F)F,train,false,-3.2941688127466477,-2.826469804151669,0.620965261802711,0.4676990085949786
rx392:f5c0d32cb4243e77b18ae286bc39a8db-C2F3H2O1P1-0-1,reduction_free_energy,scalar_gpr,RX-392,ZQAOZAYCWQBIAN-UHFFFAOYSA-N,FP(F)OC[C-]=[F+],train,false,-3.2789404403811204,-3.226433486329724,0.6209988409373919,0.05250695405139627
rx392:31ebd083e3d73bfad23b4361f9fb48e6-C2F2H3O2P1-0-1,reduction_free_energy,scalar_gpr,RX-392,PVXDVJPIOWEQIZ-UHFFFAOYSA-N,C=COP(=O)(F)F,train,false,-1.8997206458479923,-1.439283056784976,0.621744885857982,0.46043758906301635
rx392:079282e8951ef25043cc187a1eeeba61-C3F3H2O3P1-0-1,reduction_free_energy,scalar_gpr,RX-392,BOQAQYZLOGHMDL-UHFFFAOYSA-N,O=P(F)(F)O[C-]=[O+]C[C-]=[F+],train,false,-3.481498845943861,-3.3682489672054627,0.6210132768449506,0.1132498787383982
rx392:3c248ee85a538adb3b04a15c91ad0bfd-C3F2H5O2P1-0-1,reduction_free_energy,scalar_gpr,RX-392,CMFWTHBATNXNEO-UHFFFAOYSA-N,[CH-]=[O+]CCOP(F)F,train,false,-2.41504952415562,-2.6521593881980916,0.6209426221027782,0.23710986404247159
rx392:956a458d86d5a327087383cc45d2429c-C2F3H4O1P1-0-1,reduction_free_energy,scalar_gpr,RX-392,CGELEAYJQUNLQU-UHFFFAOYSA-N,FCCOP(F)F,train,false,-1.278810088409955,-1.3814190472101684,0.6219463074371646,0.10260895880021348
rx392:b0626fbc4250f17418f086afc0c04c88-C6F2H6O5-0-1,reduction_free_energy,scalar_gpr,RX-392,AALOWOLJVRWAFV-CRCLSJGQSA-N,O=C([O-])O[C@@H](F)C[C@H](F)COC#[O+],train,false,-4.936330505544902,-3.2229240672935244,0.6209985548862489,1.7134064382513774
rx392:6afc8b87d2decd8d32bf667ccaab0be2-C6F2H6O5-0-1,reduction_free_energy,scalar_gpr,RX-392,PZLYQHDXYOUJPM-CRCLSJGQSA-N,O=C([O-])OC[C@@H](F)[C@@H](F)COC#[O+],train,false,-4.7792030138625705,-3.2813531709393855,0.621003666977552,1.497849842923185
rx392:db3b5309b96fef654ff39e1c4277f277-C3F1O2P1-0-1,reduction_free_energy,scalar_gpr,RX-392,HQUVGDUEDWRYHT-UHFFFAOYSA-N,[C-]#C[O+]=C=[O+][P-]F,train,false,-5.450739181771496,-5.18527675245414,0.6267592549862275,0.2654624293173562
rx392:a3aec91fc4c5258bc56344e921ff3e93-C4F3H6O2P1-0-1,reduction_free_energy,scalar_gpr,RX-392,ACGHTOCXFLNEEM-UHFFFAOYSA-N,FCCOC[C-]=[O+]P(F)F,train,false,-2.3410184973763535,-2.955827055912092,0.6209781258800466,0.6148085585357386
rx392:fc731b7e2ac2b605df35e96e8b399b60-C4F3H6O2P1-0-1,reduction_free_energy,scalar_gpr,RX-392,UUJWMQSOBATTKK-ONEGZZNKSA-N,FCCO/C=C/OP(F)F,train,false,-1.6545875918891397,-1.583116753738875,0.6213677567575835,0.07147083815026467
rx392:59b4374c1833abf195a8a9803de080d5-C4F3H6O2P1-0-1,reduction_free_energy,scalar_gpr,RX-392,WIHCAQOCPVHARP-UHFFFAOYSA-N,FC[C-]=[O+]CCOP(F)F,train,false,-1.5479230760247447,-2.612614276125317,0.6209368168341151,1.0646912001005724
rx392:2b5a6c235e3f51a6f43ac533253cd165-C4F3H6O2P1-0-1,reduction_free_energy,scalar_gpr,RX-392,FXARLLGYJYAVPA-UHFFFAOYSA-N,C=[C-]OCCO[P+](F)(F)F,train,false,-4.167470132928429,-3.4755939495717474,0.6210305530914628,0.6918761833566816
rx392:63bc2536bdd693b139805f016e5af60a-C4F3H6O2P1-0-1,reduction_free_energy,scalar_gpr,RX-392,FQSHJLBUFQCHJC-UHFFFAOYSA-N,FCC[O+]=[C-]COP(F)F,test,true,-1.5177320642651466,-2.6304013797259778,0.620939447920507,1.1126693154608311
rx392:0a9c070d174be308780714f4382ea3f3-C4F3H6O2P1-0-1,reduction_free_energy,scalar_gpr,RX-392,LYULEUMSLMECSM-UHFFFAOYSA-N,FP(F)OCCOC[C-]=[F+],test,true,-1.4839221198417363,-3.2743463775161903,0.6210030088898095,1.790424257674454
rx392:67ad0b3efe8f5d2ec4f72bc8187f179b-C3F1O3P1-0-1,reduction_free_energy,scalar_gpr,RX-392,SRMAHOZUVUJKQP-UHFFFAOYSA-N,[C+]#COC(=O)O[P-]F,train,false,-5.5240987760189455,-5.265514246940453,0.6276327766668272,0.25858452907849294
rx392:ac6fcf62cb6e30142dd0bdbff7f2fd11-C3F1O3P1-0-1,reduction_free_energy,scalar_gpr,RX-392,MNDGFGSAYSDRLM-UHFFFAOYSA-N,O=C(OC#CF)[O+]=[P-],train,false,-4.39529839320312,-4.639538434071802,0.6229284135522225,0.24424004086868223
rx392:d17ad8c007a93456b5bf7857216292ea-C3F2H5O3P1-0-1,reduction_free_energy,scalar_gpr,RX-392,ZUHVKSZKBRTVRW-UHFFFAOYSA-N,[CH-]=[O+]CCOP(=O)(F)F,train,false,-1.6891138836726896,-2.6979081425953586,0.6209490914316165,1.008794258922669
rx392:92e536266b92af9c064e48eaa7ac26b0-C3F3H4O3P1-0-1,reduction_free_energy,scalar_gpr,RX-392,VBGGRGUHBVEDDG-UHFFFAOYSA-N,[CH2-][O+]=C=COP(O)(F)(F)F,test,true,-3.376858229497884,-3.4554993870782864,0.6210267308609474,0.07864115758040224
rx392:43f8252d83847dfaaf3ab6c2c77ca6d0-C3F3H4O3P1-0-1,reduction_free_energy,scalar_gpr,RX-392,BRVRIVCFGXLEDH-UHFFFAOYSA-N,O=P(F)(F)O[C-]=[O+]CCF,test,true,-2.3375923642452108,-2.3544132706819796,0.6209006937880195,0.016820906436768812
rx392:88556cbbe62e7dbea3e0083231abde30-C3F3H4O3P1-0-1,reduction_free_energy,scalar_gpr,RX-392,DYCHWIATUZKJLX-NSCUHMNNSA-N,[CH-]=[O+]/C=C/OP(O)(F)(F)F,train,false,-2.5867965059442213,-2.7941996960620217,0.6209615162726162,0.2074031901178004
rx392:d38b7fab6a8f640c8e3659db568bd2b1-C3F1H1O3-0-1,reduction_free_energy,scalar_gpr,RX-392,ZQCQTPBVJCWETB-UHFFFAOYSA-N,O=c1occ(F)o1,test,true,-1.7830433672261279,-0.7292841848205942,0.6277682909975427,1.0537591824055337
rx392:8d243794e8cd04e8c7b6efba19f119f0-C3F1H1O3-0-1,reduction_free_energy,scalar_gpr,RX-392,DTFNRASXVKNOOG-UHFFFAOYSA-N,[O+]#COC=C([O-])F,train,false,-4.182696845949977,-2.5937485390865094,0.6209339987542292,1.5889483068634673
rx392:09aa54d153627b2ccca466948039c9a7-C3F2H3O2P1-0-1,reduction_free_energy,scalar_gpr,RX-392,ARMKYQZTTKRQDX-UHFFFAOYSA-N,C=C[O+]=[C-]OP(F)F,test,true,-2.4150096184130234,-2.319018169620323,0.6208972472465848,0.0959914487927005
rx392:8a8d5e092c1554b7a50056f85c9fba1a-C2F2H1O1P1-0-1,reduction_free_energy,scalar_gpr,RX-392,OHQUZHIADUDYAC-UHFFFAOYSA-N,C#COP(F)F,train,false,-2.0396342856001866,-1.6928696523100917,0.6211752359808791,0.3467646332900949
rx392:3d9837c36dd14ed9e25623a7d6fe7a7d-C2F2H1O1P1-0-1,reduction_free_energy,scalar_gpr,RX-392,VQFRIDPGWQXXAZ-UHFFFAOYSA-N,FC=C=[O+][P-]F,train,false,-4.312955821886135,-4.3544061736737305,0.621956756017524,0.04145035178759571
rx392:44f0e182e5501acaf1eaf07098040a8b-F1N1O1S2-0-1,reduction_free_energy,scalar_gpr,RX-392,BZUADLLCCNLRKN-UHFFFAOYSA-N,O=S=NSF,test,true,-3.759265383690945,-3.5287148421213708,0.6210422626105038,0.2305505415695741
rx392:89021f982c3184bcbb1fef5eef9e6779-C5F1H7O3-0-1,reduction_free_energy,scalar_gpr,RX-392,USMHJBJOPYILPC-UHFFFAOYSA-N,O=C([O-])OCCCC=[F+],train,false,-4.72157868956856,-4.495056924631912,0.6223712801680773,0.22652176493664733
rx392:ac511fb7ddcc82bc116b10460f810617-C2F2H1O4P1-0-1,reduction_free_energy,scalar_gpr,RX-392,QILVKTFUYZVFOU-UHFFFAOYSA-N,[CH-]=[O+]C(=O)OP(=O)(F)F,train,false,-3.4975051435212663,-3.5376371411873655,0.6210444811018928,0.040131997666099206
rx392:48520374534fbf55c5079c48d5271d75-C1F2H1O2P1-0-1,reduction_free_energy,scalar_gpr,RX-392,PMPAIMDBFRMFJP-UHFFFAOYSA-N,[CH-]=[O+]P(=O)(F)F,test,true,-2.402905256716622,-3.570155711033882,0.6210532472847884,1.1672504543172604
rx392:d9ceb9b7ed76d1fa42d9fa458d30d0e0-C3F1O4P1-0-1,reduction_free_energy,scalar_gpr,RX-392,YEKNQWDUGUJVFV-UHFFFAOYSA-N,[C+]#COC(=O)OP([O-])F,train,false,-6.557601975950092,-4.552873925353142,0.6225768197390914,2.0047280505969507
rx392:223fe308ef4ad013168804f44e01acec-C3F1O4P1-0-1,reduction_free_energy,scalar_gpr,RX-392,ULNVKYFXMLJIAZ-UHFFFAOYSA-N,O=POC(=O)OC#CF,train,false,-2.5845397946723097,-3.59235878719294,0.6210598890046377,1.0078189925206305
rx392:b0f13dcf5a68ddbc4d962cd040cf83fb-C5F2H6O2-0-1,reduction_free_energy,scalar_gpr,RX-392,PCTYDUALZWNRHO-YFKPBYRVSA-N,[O+]#COC[C@@H](F)C[CH-]F,test,true,-4.894627565105111,-4.832626454593722,0.6239287872547564,0.0620011105113889
rx392:e7093972202fe91d98ae41e78912f397-C2F2H1O2P1-0-1,reduction_free_energy,scalar_gpr,RX-392,WJIJSBKKNIROFR-UHFFFAOYSA-N,C#COP(=O)(F)F,train,false,-2.418297664124111,-1.5523999196810694,0.6214351824217136,0.8658977444430418
rx392:8d81e9dbbf2892594400fa6964089385-C2F2H1O2P1-0-1,reduction_free_energy,scalar_gpr,RX-392,HYHBQCVPEFEQKW-UHFFFAOYSA-N,O=C=COP(F)F,train,false,-2.7253915808578313,-2.5056594057436894,0.6209207514458225,0.2197321751141419
rx392:2e35e66ce343dedffd619c98420f83cc-C2F2H1O2P1-0-1,reduction_free_energy,scalar_gpr,RX-392,PLQRPIOGJFOUOK-UHFFFAOYSA-N,[O-]C=C=[O+]P(F)F,train,false,-3.9796781231889327,-3.3402170981567756,0.6210098423402578,0.6394610250321571
rx392:1be51dbe1efa6d1c664221f811e57f9f-C2F1H2O2P1-0-1,reduction_free_energy,scalar_gpr,RX-392,TVZGVMVZKJJHFT-UPHRSURJSA-N,O=PO/C=C\F,train,false,-1.3602429577476869,-2.986091312086147,0.6209806907168991,1.6258483543384603
rx392:d8f2605de501a7b204d3ab3f48f2758d-C2F1H2O2P1-0-1,reduction_free_energy,scalar_gpr,RX-392,ZBNHCLBWCOWAKW-UHFFFAOYSA-N,O=P[O+]=[C-]CF,train,false,-3.2124227194290143,-2.9805048153463547,0.6209802279366071,0.23191790408265955
rx392:712e795618e0acbdd0c4b57a53551e0a-C2H3O3P1-0-1,reduction_free_energy,scalar_gpr,RX-392,UEEPGOAAMIRRAI-UHFFFAOYSA-N,O=CCOP=O,train,false,-2.51668146963857,-2.594543961246716,0.620934118029174,0.07786249160814585
rx392:c7f552cb999a7ce124c18bd0725210fe-C2F2H1O3P1-0-1,reduction_free_energy,scalar_gpr,RX-392,LDUDDUABFRXOCN-UHFFFAOYSA-N,O=C=COP(=O)(F)F,train,false,-2.958306691587495,-2.7266385662188086,0.6209529826338641,0.23166812536868653
rx392:be4f0f90e01062df9189f824ca607fd3-C2F2H1O3P1-0-1,reduction_free_energy,scalar_gpr,RX-392,UZVWTGIUIMWMPY-UHFFFAOYSA-N,O=P(F)(F)[O+]=C=C[O-],train,false,-4.364357281621778,-3.7009750110700175,0.6211014098487917,0.6633822705517609
rx392:70419a2a17e6a5fd24a81a9156bb713d-C4F4H7O3P1-0-1,reduction_free_energy,scalar_gpr,RX-392,OWZUIIHBHYKSCV-UHFFFAOYSA-N,OP(F)(F)(F)[O+]=CCOC[CH-]F,train,false,-4.208745022649964,-3.877456272489347,0.621210834822758,0.331288750160617
rx392:c3f9f22ce28b83bb6492f32b439bc138-C3F3O4P1-0-1,reduction_free_energy,scalar_gpr,RX-392,GGVNUPFJJKBQAL-UHFFFAOYSA-N,O=C(OC#CF)OP(=O)(F)F,train,false,-2.7388085389102343,-1.5203013145498985,0.6215128129284753,1.2185072243603359
rx392:935ab72749fc46385c6efadb4a3659cf-C3F1H3O3-0-1,reduction_free_energy,scalar_gpr,RX-392,SBLRHMKNNHXPHG-REOHCLBHSA-N,O=C1OC[C@@H](F)O1,train,false,-1.2425772245442204,-0.6108181310222838,0.6299658630562897,0.6317590935219366
rx392:3c79b65d20f3023daefe4349b75b936d-C4F1H3O5-0-1,reduction_free_energy,scalar_gpr,RX-392,MAGRHNUCUYWXHO-GSVOUGTGSA-N,O=C([O-])O[C@@H](F)COC#[O+],train,false,-4.787318497146771,-3.104898582639286,0.6209897247857514,1.6824199145074847
rx392:dc3af32f0ebff3aabc993e46eecf9c12-C2F2H3O1P1-0-1,reduction_free_energy,scalar_gpr,RX-392,MELGDKXDLDYZJQ-UHFFFAOYSA-N,C=COP(F)F,test,true,-1.0585187962133205,-1.3644614965039261,0.6220115860879294,0.30594270029060566
rx392:571bceae46fb809b0f9afa74166cc098-F3O1P1-0-1,reduction_free_energy,scalar_gpr,RX-392,FFUQCRZBKUBHQT-UHFFFAOYSA-N,O=P(F)(F)F,train,false,-2.2526416749424243,-1.5166081851141713,0.6215222377642112,0.736033489828253
rx392:14ecbf9adffeab91c43accfd325fddc4-C4H4O6-0-1,reduction_free_energy,scalar_gpr,RX-392,ZWVIGXAESYYHMY-OWOJBTEDSA-N,O=C(O)O/C=C/OC(=O)O,train,false,-1.2355171877497924,-1.3833891872245774,0.6219389138866319,0.14787199947478502
rx392:77e36ea5825316cb2ce160bb69df140e-C4H4O6-0-1,reduction_free_energy,scalar_gpr,RX-392,DHXVFTIERQCMBS-UHFFFAOYSA-N,O=C(O)OC[C-]=[O+]C(=O)O,test,true,-2.959971715878055,-3.109324717678498,0.6209900443512796,0.14935300180044297
rx392:8a5050e998b7b28682f72b317573f938-C4H4O6-0-1,reduction_free_energy,scalar_gpr,RX-392,SDDWCNBUKQPEBT-UHFFFAOYSA-N,O=C(O)[O+]=CCO[C+]([O-])[O-],train,false,-4.49846094167151,-4.263783809903418,0.6217458310838478,0.23467713176809202
rx392:82578fc54f1b73dbc927161288404fcf-C4F2H7O3P1-0-1,reduction_free_energy,scalar_gpr,RX-392,LSCFZPUCXACYEI-SNVBAGLBSA-N,[O-][P@@](F)[O+]=CCOCCF,train,false,-3.139396604954527,-2.719971305596163,0.6209520926353509,0.4194252993583638
rx392:f9a8716ff8cf3d1944526f62e864b488-C4F2H7O3P1-0-1,reduction_free_energy,scalar_gpr,RX-392,WRQPTYHRVGJJPO-SNVBAGLBSA-N,O[P@@](F)[O+]=CCOC[CH-]F,test,true,-4.234331874475174,-3.991696574965652,0.6213189964705923,0.242635299509522
rx392:ea8d5c1a8759d8ff3368cfac6e8d58bd-C4F2H7O3P1-0-1,reduction_free_energy,scalar_gpr,RX-392,WUVRZNWLPXAVBL-SNVBAGLBSA-N,[O-][P@@](F)OCC[O+]=CCF,train,false,-4.177787237429584,-3.9877416523073324,0.621314661149544,0.19004558512225156
rx392:419d46397555f67fc2e923ed4a98c18d-C4F2H7O3P1-0-1,reduction_free_energy,scalar_gpr,RX-392,RBKOOOPNCJKAKV-UHFFFAOYSA-N,C=COCCOP(=O)(F)F,train,false,-1.591994189813704,-1.0516800708337304,0.6238742651994466,0.5403141189799736
rx392:5cda00256bc78e492ac7cd5328fa32e5-C6H8O6-0-1,reduction_free_energy,scalar_gpr,RX-392,RDIAOGKHDDKJRX-HNQUOIGGSA-N,O=C(O)O/C=C/CCOC(=O)O,test,true,-0.8808635315836,-1.2412877340862294,0.6225826904507186,0.3604242025026294
rx392:14087bb55f635f76e12b515c4caab80f-C6H8O6-0-1,reduction_free_energy,scalar_gpr,RX-392,UFLQDGXRAYSTJE-UHFFFAOYSA-N,O=C(O)OCCC[C-]=[O+]C(=O)O,train,false,-2.6952396102897183,-2.799561099815262,0.6209621537455522,0.10432148952554376
rx392:60622cd678e3e23579c8ea21ccdcd939-C6H8O6-0-1,reduction_free_energy,scalar_gpr,RX-392,KNSMUEMEYHPWIS-UHFFFAOYSA-N,O=C(O)[O+]=CCCCO[C+]([O-])[O-],train,false,-4.538430706208601,-4.343752109280741,0.6219298385025126,0.19467859692785972
rx392:2d83ec2708a54987ba5f21a518c2025c-C4F4H5O3P1-0-1,reduction_free_energy,scalar_gpr,RX-392,XCJSMDDRHWNIBF-UHFFFAOYSA-N,OP(F)(F)(F)OC=C=[O+][CH-]CF,train,false,-3.5527947009868512,-3.3654773929827058,0.6210129207325674,0.18731730800414548
rx392:aa6cf6f2f061f54b089a5e2740c5738c-C4F4H5O3P1-0-1,reduction_free_energy,scalar_gpr,RX-392,VTQQKTGSCODGKX-UHFFFAOYSA-N,OP(F)(F)(F)[O+]=CCOC=[C-]F,train,false,-4.197672271518968,-3.8883799662740173,0.6212197429614326,0.30929230524495077
rx392:8fcf6da3917e28613ae02746eb4413ed-C4F4H5O3P1-0-1,reduction_free_energy,scalar_gpr,RX-392,NFVSVNWIJCUWIU-UHFFFAOYSA-N,OP(F)(F)(F)[O+]=C=CO[CH-]CF,train,false,-3.8085119819370448,-3.6327922211567136,0.6210734898175123,0.17571976078033114
rx392:42c1f80fccf1c7cd705908378384f551-C4F4H5O3P1-0-1,reduction_free_energy,scalar_gpr,RX-392,ZTCMYMAAHLEZHK-ONEGZZNKSA-N,OP(F)(F)(F)O/C=C/[O+]=[C-]CF,train,false,-2.568756781267439,-2.737768983252659,0.6209544501081005,0.16901220198522005
rx392:908e70f5f0342915fd78ed3b98289086-C4F4H5O3P1-0-1,reduction_free_energy,scalar_gpr,RX-392,HIRTYHRGENRCML-ONEGZZNKSA-N,OP(F)(F)(F)O/C=C/OC[C-]=[F+],train,false,-3.0829835829172225,-3.351712267763485,0.6210112069233192,0.26872868484626267
rx392:7983f518ec5f0e8d6ce067a43780ccd2-C4F4H5O3P1-0-1,reduction_free_energy,scalar_gpr,RX-392,HLXPDGBXIIZKRF-UHFFFAOYSA-N,OP(F)(F)(F)OC#COCCF,train,false,-2.157353031961975,-1.3068407196516256,0.6222565014171624,0.8505123123103493
rx392:691ec7ecaddf547e284a85d6057b5da1-C2F3O1P1-0-1,reduction_free_energy,scalar_gpr,RX-392,JUYBSSUZFIUIGW-UHFFFAOYSA-N,FC#COP(F)F,train,false,-2.433833622944803,-1.7538024125775908,0.621096385091294,0.6800312103672124
rx392:0a520d0e09c071cab5ba79f842785136-F2H1O2P1-0-1,reduction_free_energy,scalar_gpr,RX-392,DGTVXEHQMSJRPE-UHFFFAOYSA-N,O=P(O)(F)F,test,true,-1.5648118904864532,-1.8119149109950619,0.6210366988907188,0.24710302050860866
rx392:bea9f8f92f17ce7b21d77ac7b2ab96de-C3H4O4-0-1,reduction_free_energy,scalar_gpr,RX-392,ICKCSDLZUVLALP-UHFFFAOYSA-N,O=C(O)[O+]=[C-]CO,train,false,-2.7627879033661884,-2.997096650519418,0.6209815892495741,0.23430874715322947
rx392:afe6a2932a4dadd9ffbafd0f618c2197-C3H4O4-0-1,reduction_free_energy,scalar_gpr,RX-392,NGQSOUJFJIALFZ-OWOJBTEDSA-N,O=C(O)O/C=C/O,train,false,-0.8066943686844752,-0.9567204363817106,0.6247616878557675,0.15002606769723537
rx392:578515426dfd7d00ce4f8feeb5e7dc72-C3H4O4-0-1,reduction_free_energy,scalar_gpr,RX-392,RWBAWWWSHWELEI-UHFFFAOYSA-N,O=C([O-])OC[CH+]O,train,false,-3.867602315816839,-3.85946596486926,0.6211967688980529,0.008136350947578919
rx392:7fa3376c2653bf2b400a3716928564a8-C4F1H7O2-0-1,reduction_free_energy,scalar_gpr,RX-392,NWCCHUPUMSRTAD-UHFFFAOYSA-N,[O-]CC[O+]=CCF,train,false,-3.8520187157155306,-3.709547864410587,0.6211054115387221,0.14247085130494375
rx392:0d5b5afbc48149f2a157ada863e3b093-C4F1H7O2-0-1,reduction_free_energy,scalar_gpr,RX-392,XZEZODIITWGNCH-UHFFFAOYSA-N,O=CCOCCF,train,false,-1.57409687263862,-1.8697162967185816,0.6209902833479756,0.29561942407996167
rx392:dc9d1683439687356a04502031ecf779-C3H3O3P1-0-1,reduction_free_energy,scalar_gpr,RX-392,YBBDJQZVVRBANS-UHFFFAOYSA-N,C=COC(=O)[O+]=[P-],train,false,-4.183075224002096,-4.466114538042509,0.6222764690940172,0.2830393140404137
rx392:7bd57fea6c57e333f47b8062ceeea609-C3H3O3P1-0-1,reduction_free_energy,scalar_gpr,RX-392,NOYWXBZKJAJNLP-UHFFFAOYSA-N,C=C[O+]=C=[O+][P-][O-],train,false,-3.242153294129821,-3.403408742229724,0.6210181447905111,0.1612554480999031
rx392:6ecda3f5fc589415cdee44cf5cf40122-C3H1O3P1-0-1,reduction_free_energy,scalar_gpr,RX-392,MHGKIRRPNXMZMW-UHFFFAOYSA-N,C#COC(=O)[O+]=[P-],train,false,-4.410899970269384,-4.651874995934587,0.6229830011779208,0.240975025665203
rx392:cfd5075ae4fc772d2f2b95b41c4e8035-C2F3O2P1-0-1,reduction_free_energy,scalar_gpr,RX-392,OTJGUQWZGKMDTN-UHFFFAOYSA-N,O=P(F)(F)OC#CF,train,false,-2.784476321503462,-1.5671668327818202,0.6214019583138445,1.2173094887216416
rx392:2881971a29bc414c0a79cf1a019df7d8-C6H10O5-0-1,reduction_free_energy,scalar_gpr,RX-392,CGMLNVQQZYYACK-UHFFFAOYSA-N,O=C(O)OCCCC[O+]=[C-]O,train,false,-0.7618875083171588,-1.5946128419756158,0.6213441573443274,0.832725333658457
rx392:78d898a1a2131b55b8d4ce9c4fb514fa-C1F1H2O3P1-0-1,reduction_free_energy,scalar_gpr,RX-392,WJWIHWMMIHTGMA-UHFFFAOYSA-N,C=[O+]P(=O)([O-])F,test,true,-4.081655790483637,-3.81408533337813,0.621164465454556,0.2675704571055073
rx392:1548e6e969e6678853e16a9d3b891995-C3F3H6O2P1-0-1,reduction_free_energy,scalar_gpr,RX-392,HCWJXHMOQNIBGX-UHFFFAOYSA-N,[CH2-]OCCO[P+](F)(F)F,train,false,-4.101780819568376,-4.104337147017864,0.6214629104114971,0.002556327449488194
rx392:9b0a84f6bcd49a0e426f3992c5435d4e-C3F1H6O2P1-0-1,reduction_free_energy,scalar_gpr,RX-392,NCVXBDNWLBFOQG-UHFFFAOYSA-N,C=[O+]CCO[P-]F,train,false,-3.5191776146311895,-4.118265928225988,0.6214836667982458,0.5990883135947982
rx392:6040c3b4c4bc1f39915dd6ae10f38081-C1F3N1O2S2-0-1,reduction_free_energy,scalar_gpr,RX-392,LOYPLYBAQULGSM-UHFFFAOYSA-N,O=S(=O)(N=S)C(F)(F)F,train,false,-5.244581016828306,-5.169296359099232,0.6265967390306545,0.07528465772907378
rx392:c4fb0d278453fb0bae00d353e83bedd6-C1F3N1S2-0-1,reduction_free_energy,scalar_gpr,RX-392,SCSIGUOKWOJZAW-UHFFFAOYSA-N,FC(F)(F)SN=S,train,false,-4.20262258495859,-4.441873852415485,0.6222010056452545,0.23925126745689518
rx392:7ff8e52a1d90eec55fd84c181ec7c6ff-C3F1H2O3P1-0-1,reduction_free_energy,scalar_gpr,RX-392,FIWMHJNPEQNBFX-UHFFFAOYSA-N,[O-][P-][O+]=C=[O+]C[C-]=[F+],train,false,-3.381303083970124,-3.416172040554307,0.6210200860107168,0.034868956584182875
rx392:0cb31ae070376b2df1705bc872f553f1-C3F1H2O3P1-0-1,reduction_free_energy,scalar_gpr,RX-392,QYMPXOBOCUEYSJ-UHFFFAOYSA-N,O=C(OC[C-]=[F+])[O+]=[P-],train,false,-4.26743667871051,-4.47092115583176,0.6222918551519288,0.20348447712124962
rx392:4d9e4ba7f6274b1c33a7cde73ab7fea4-C3F1H2O3P1-0-1,reduction_free_energy,scalar_gpr,RX-392,ZOLLSSBJOIYUKW-UHFFFAOYSA-N,O=C([O+]=[P-])[O+]=[C-]CF,train,false,-3.3096609394269763,-4.674419770420876,0.6230858348788342,1.3647588309938996
rx392:ac23131feb944800b5d02fa5e292e6d0-C3F1H2O3P1-0-1,reduction_free_energy,scalar_gpr,RX-392,FOKNTPSCAHQHBY-UPHRSURJSA-N,O=C(O/C=C\F)[O+]=[P-],train,false,-4.297348414958833,-4.462313790616702,0.6222644027892676,0.16496537565786884
rx392:dd955e703d6c0827f99f92d9ec9ddefb-C2F3H4O2P1-0-1,reduction_free_energy,scalar_gpr,RX-392,RFJVYQFUZPNUJW-UHFFFAOYSA-N,C=COP(O)(F)(F)F,train,false,-0.9502548255222791,-1.175398527025381,0.6229680662975895,0.22514370150310192
rx392:ed2aaaf49ed7c7beb9aff5f288bcac16-C2F3H4O2P1-0-1,reduction_free_energy,scalar_gpr,RX-392,HKEMDSWHALFBQT-UHFFFAOYSA-N,O=P(F)(F)OCCF,train,false,-1.7556329326180276,-1.2627218745477577,0.6224700958872685,0.4929110580702698
rx392:82eb0ed55f3099cfa273cd4a2c22b3f9-C3H3O2P1-0-1,reduction_free_energy,scalar_gpr,RX-392,CCMWXFXAMURFIT-UHFFFAOYSA-N,C=C[O+]=[C-][O+]=[P-],test,true,-4.370555186942511,-4.388403643793745,0.6220466611084577,0.01784845685123404
rx392:778aa819b51f24af08b9500e29ee88f8-C3F2H3O3P1-0-1,reduction_free_energy,scalar_gpr,RX-392,HCSAQDLCGQZRJN-UHFFFAOYSA-N,C=C[O+]=[C-]OP(=O)(F)F,train,false,-2.6824441724529606,-2.5244050195280483,0.6209235515159088,0.15803915292491233
rx392:224f1c1ef0de881ba40b47a8c0e482fb-C3F2H3O3P1-0-1,reduction_free_energy,scalar_gpr,RX-392,XHYVYPTUTXZPON-UHFFFAOYSA-N,C=COC(=O)OP(F)F,train,false,-1.153598909771972,-1.5480665594182932,0.6214452238860442,0.3944676496463211
rx392:6a749e8aa4b69eaa368d2447ae1be167-C2H1O3P1-0-1,reduction_free_energy,scalar_gpr,RX-392,GFKMYEYYVBMTGZ-UHFFFAOYSA-N,O=C=COP=O,train,false,-2.8016624929732643,-3.132542940385923,0.6209917206037807,0.33088044741265854
rx392:936e9e0c9c07a526ac0e8e4178ff7ed9-C2H1O3P1-0-1,reduction_free_energy,scalar_gpr,RX-392,VRDROWXNTKTQGC-UHFFFAOYSA-N,O=P[O+]=C=C[O-],train,false,-3.9139311472827103,-3.781265448360383,0.6211437520599314,0.13266569892232738
rx392:2b2beeb5c0de15bfe309a1a9166f58bf-C4F3H6O3P1-0-1,reduction_free_energy,scalar_gpr,RX-392,RUHDHDDPGFJWTE-ONEGZZNKSA-N,C=CO/C=C/OP(O)(F)(F)F,train,false,-0.819804687245778,-1.119208978033472,0.623347876912463,0.2994042907876939
rx392:3ae7da5ea8451513ecb9a50c5ce58d6e-C4F3H6O3P1-0-1,reduction_free_energy,scalar_gpr,RX-392,HDWRTNIKGBUHPK-OWOJBTEDSA-N,O=P(F)(F)OCCO/C=C/F,test,true,-1.641944376686297,-0.7765608531625623,0.6270240585885091,0.8653835235237346
rx392:04929a667d04a50c4640d3e4bc6169ce-C4F3H6O3P1-0-1,reduction_free_energy,scalar_gpr,RX-392,FAFNZQCMUULBEV-UHFFFAOYSA-N,[CH-]=COCC=[O+]P(O)(F)(F)F,train,false,-4.211224655966362,-3.850274512040466,0.6211898655238416,0.36095014392589597
rx392:845e0ebd5c73aedbd5f13374265969af-C4F3H6O3P1-0-1,reduction_free_energy,scalar_gpr,RX-392,DSTXKVALWBYNJT-UHFFFAOYSA-N,O=P(F)(F)OCC[O+]=[C-]CF,train,false,-1.7385994682190358,-2.6402327619308315,0.6209408888261202,0.9016332937117957
rx392:c506165f6cc71a02fcd88568fa86271c-C4F3H6O3P1-0-1,reduction_free_energy,scalar_gpr,RX-392,HWEVNYWTQXBQLS-ONEGZZNKSA-N,O[P+](F)(F)O/C=C/OC[CH-]F,test,true,-5.022474150078779,-4.964278799168742,0.6248141757958152,0.05819535091003658
rx392:1bb2e75cce5131e755ed9eba1c6f763a-C4F4H7O2P1-0-1,reduction_free_energy,scalar_gpr,RX-392,KYGBLAHPGAKPBT-UHFFFAOYSA-N,F[CH-]COCCO[P+](F)(F)F,train,false,-5.030815530135442,-5.002162472853998,0.6251041180365309,0.02865305728144385
rx392:5a74d769f03b500059d19e7f8772cdd0-C4F4H7O2P1-0-1,reduction_free_energy,scalar_gpr,RX-392,BTZKNVPCNMJTGG-UHFFFAOYSA-N,FCCO[CH-]CO[P+](F)(F)F,train,false,-3.7854911469476065,-3.7340347582307265,0.6211174994590334,0.051456388716879964
rx392:1555a9ae48f02c7055964e3d8e1027ff-C4F4H7O2P1-0-1,reduction_free_energy,scalar_gpr,RX-392,PAAKWGZHJPXUJK-UHFFFAOYSA-N,FC[CH-]OCCO[P+](F)(F)F,train,false,-4.193401954798901,-4.004313761349248,0.6213331334619498,0.18908819344965266
rx392:06bf74e46db587e6b52d7cfd3d7f32ce-C2F1H4O3P1-0-1,reduction_free_energy,scalar_gpr,RX-392,GBXWZVOUCRPXSR-ZETCQYMHSA-N,[CH-]=[O+][P@@](=O)(F)OC,test,true,-3.2097895659571805,-3.2840220388257135,0.6210039214160774,0.07423247286853307
rx392:97da17e94c50f325d7832b5f8eb42c99-C4F3H6O3P1-0-1,reduction_free_energy,scalar_gpr,RX-392,HDYWTSRBPRUOFG-UHFFFAOYSA-N,O=P(F)(F)OCCOC[C-]=[F+],test,true,-1.6482643379786168,-3.2916678340117276,0.6210046623515664,1.6434034960331108
rx392:333d1e44a799c7e0b3678a352eb68f13-C4F2H7O2P1-0-1,reduction_free_energy,scalar_gpr,RX-392,MNHDDDSZUQHRGW-UHFFFAOYSA-N,C=COCCOP(F)F,test,true,-0.6894080604397459,-1.0327380878592347,0.6240368423845475,0.3433300274194888
rx392:3c7628b0c58ea48032eaafe63ff375fb-C4F2H7O2P1-0-1,reduction_free_energy,scalar_gpr,RX-392,PHUGHTCAHUHWOG-UHFFFAOYSA-N,FCCOCC=[O+][P-]F,train,false,-3.2914227321598446,-3.3120511035033284,0.6210067311121061,0.02062837134348383
rx392:49a6c47904d5071bf495ef62289c7747-C4H10O2-0-1,reduction_free_energy,scalar_gpr,RX-392,WERYXYBDKMZEQL-UHFFFAOYSA-N,OCCCCO,train,false,0.26676424832658086,-0.8761385940550497,0.625670308622152,1.1429028423816305
rx392:20a1cb1b939d750d91d02d795b402b61-C6F2H6O4-0-1,reduction_free_energy,scalar_gpr,RX-392,WEOLSQZHCZFASG-OLQVQODUSA-N,O=[C-]OC[C@H](F)[C@H](F)COC#[O+],train,false,-4.808303486410296,-2.9913781753581254,0.6209811244938642,1.8169253110521701
rx392:bf967f866014d1510bcfba7aebca3b2f-F1N1O2S2-0-1,reduction_free_energy,scalar_gpr,RX-392,GGLOSWGOTVFHNA-UHFFFAOYSA-N,O=S(=O)(F)N=S,train,false,-5.238296590017853,-5.137136185232771,0.6262806829818194,0.10116040478508204
rx392:09f20ad4010955c45910a3394aa3ce0e-C4F3H8O3P1-0-1,reduction_free_energy,scalar_gpr,RX-392,CDGMDRZKZLOQNQ-UHFFFAOYSA-N,[CH2-]COCC=[O+]P(O)(F)(F)F,test,true,-4.0914373147788865,-3.7950325714291053,0.621152182638023,0.2964047433497812
rx392:4548b7fbbfd9e0216d5dcd9cb437c65b-C3F3H2O4P1-0-1,reduction_free_energy,scalar_gpr,RX-392,XVLJQJZZJFJPBU-UHFFFAOYSA-N,O=C(OP(=O)(F)F)[O+]=[C-]CF,train,false,-3.492490804132103,-3.335254166323511,0.6210092709316847,0.15723663780859232
rx392:44e6990c1b3c514ecacef0660e0c6423-C3F3H2O4P1-0-1,reduction_free_energy,scalar_gpr,RX-392,AAERQJYPQQTSDR-UHFFFAOYSA-N,O=C(OC[C-]=[F+])OP(=O)(F)F,train,false,-3.3703172899586207,-3.3321182868125003,0.6210089151978647,0.03819900314612035
rx392:136e064da88dfc20b606f64102678a51-C4F4H5O2P1-0-1,reduction_free_energy,scalar_gpr,RX-392,LZBWHVCDQDGLEH-UHFFFAOYSA-N,FC=[C-]OCCO[P+](F)(F)F,train,false,-4.944639396788261,-4.380684065931616,0.6220257015750099,0.5639553308566452
rx392:5f684626cf2d0adf9ebf421436c7e8ed-C4F4H5O2P1-0-1,reduction_free_energy,scalar_gpr,RX-392,ATYPQYWEWJYECR-UHFFFAOYSA-N,F[C-]=COCCO[P+](F)(F)F,train,false,-5.862084821143071,-4.82061732756136,0.6238568225571269,1.0414674935817114
rx392:e047a270f0060f5ca0f7b3611cc3da3c-C4F4H5O2P1-0-1,reduction_free_energy,scalar_gpr,RX-392,QDHHVEUEVDMSRQ-UHFFFAOYSA-N,F[P+](F)(F)OC[CH-]OC[C-]=[F+],train,false,-3.926736660381721,-3.8388579765300848,0.6211815504733625,0.08787868385163611
rx392:123aa122a965a5d72482b60c4faaeac5-C3F1H2O2P1-0-1,reduction_free_energy,scalar_gpr,RX-392,PYHCZXYKSZBJGD-UPHRSURJSA-N,F/C=C\[O+]=[C-][O+]=[P-],train,false,-4.428572807246383,-4.445265479731322,0.6222113525353306,0.016692672484939663
rx392:e1b3ee6876e218708f14970ee8ce564d-C3F1H2O2P1-0-1,reduction_free_energy,scalar_gpr,RX-392,ZYGHMFCEGARLNI-UHFFFAOYSA-N,[F+]=[C-]C[O+]=[C-][O+]=[P-],train,false,-4.3896643443113135,-4.419546879812509,0.6221345740414364,0.02988253550119513
rx392:ffa722446da2bdce8596e58b0325e77e-C2F1H4O2P1-0-1,reduction_free_energy,scalar_gpr,RX-392,OAPSVWVYBBSJPL-UHFFFAOYSA-N,O=POCCF,train,false,-2.4557209169543057,-2.791869953968697,0.6209612373925996,0.33614903701439136
rx392:c639d1597e6b8d3cc788eb0f79519b09-C2F1H4O2P1-0-1,reduction_free_energy,scalar_gpr,RX-392,CDOJMNOPDHEVIP-ZCFIWIBFSA-N,[CH-]=[O+][P@@](F)OC,train,false,-2.827199790332088,-2.944127534946557,0.6209770942464736,0.1169277446144692
rx392:9a272b9f71079ea8cb63952bff4d6859-C2F1H4O2P1-0-1,reduction_free_energy,scalar_gpr,RX-392,JEEQHMIUBGXUEB-ZCFIWIBFSA-N,C=CO[P@@](O)F,test,true,-0.9628249020242947,-1.1948894829645773,0.6228476322923617,0.2320645809402826
rx392:d209b7fca40a0075ae08a14ea4e99f9b-C3F1H4O4P1-0-1,reduction_free_energy,scalar_gpr,RX-392,FHLINRSUENUQLX-UHFFFAOYSA-N,O=POC(=O)OCCF,train,false,-3.040956296837976,-3.289739799144072,0.6210044737970731,0.24878350230609625
rx392:913a46f02fa940717e1a86f1556fad4e-C4H8O3-0-1,reduction_free_energy,scalar_gpr,RX-392,JBTWLSYIZRCDFO-UHFFFAOYSA-N,CCOC(=O)OC,test,true,-0.7122772432539932,-0.2077396259433537,0.6423629217308324,0.5045376173106395
rx392:246afdd97110ea78e150fb138cf2ea92-C5H8O2-0-1,reduction_free_energy,scalar_gpr,RX-392,RBELWZTTZLXTEA-UHFFFAOYSA-N,C[C-]=[O+][C-]=[O+]CC,train,false,-2.62093860645291,-2.747301062729299,0.6209556881828563,0.12636245627638898
rx392:3aab79c7f56d26cbfa207b305170d3fd-C5H8O2-0-1,reduction_free_energy,scalar_gpr,RX-392,KZXJSZRXKLHDAM-UHFFFAOYSA-N,C=C[O+]=[C-]OCC,test,true,-1.455803129776541,-1.783460334350997,0.6210641702276504,0.3276572045744559
rx392:a59e6c1837d2d64831fe45170e6996c9-C5H8O2-0-1,reduction_free_energy,scalar_gpr,RX-392,JYWTYTUFPXGMAK-UHFFFAOYSA-N,C=CCC[O+]=[C-]O,train,false,-1.1640204807590635,-1.2640445860692113,0.6224633418045667,0.10002410531014783
rx392:6fda537c573db2e86cfd0066e1b63f0a-C5H8O2-0-1,reduction_free_energy,scalar_gpr,RX-392,OKFSBEPUAXIQNU-UHFFFAOYSA-N,C[CH-][O+]=C=[O+][CH-]C,test,true,-3.7237715044029756,-3.247951191458433,0.621000647543682,0.4758203129445424
rx392:bc2536af65293855a3db8ff8e9cfedb9-C4-0-1,reduction_free_energy,scalar_gpr,RX-392,FMIYQRFAIMZVNM-UHFFFAOYSA-N,[C+]#CC#[C-],train,false,-6.5642103682957895,-6.473764606285588,0.6600389205832161,0.09044576201020149
rx392:e4af80ed7395aef9001d1b170c5c0ec6-C1H2O1-0-1,reduction_free_energy,scalar_gpr,RX-392,WSFSSNUMVMOOMR-UHFFFAOYSA-N,C=O,train,false,-1.5794487831499282,-2.050704887219796,0.6209092314282192,0.47125610406986773
rx392:008565e723376b227b96affb399076e4-C2F1H2O1P1-0-1,reduction_free_energy,scalar_gpr,RX-392,JCOWVKDGTBWZQH-UHFFFAOYSA-N,[F+]=[C-]C[O+]=[P-],train,false,-3.7820453637377796,-4.155422272054022,0.6215425286077534,0.37337690831624215
rx392:3fcff53f213e649591b379219e598dd1-C2F1H2O1P1-0-1,reduction_free_energy,scalar_gpr,RX-392,CVCHJCQMHRXNKV-UPHRSURJSA-N,F/C=C\[O+]=[P-],train,false,-4.002629904303831,-4.196253785315336,0.6216133722467254,0.19362388101150518
rx392:77358f89405e1e92cb317182333fa86f-C2-0-1,reduction_free_energy,scalar_gpr,RX-392,LBVWYGNGGJURHQ-UHFFFAOYSA-N,[C+]#[C-],train,false,-7.145388981517954,-6.987276583381429,0.6942241822827755,0.15811239813652467
rx392:b812bca53e9edfa5c1a76413b8b52d6e-C3H4O1-0-1,reduction_free_energy,scalar_gpr,RX-392,DMAZUHPLIHKHFL-UHFFFAOYSA-N,C=C=[O+][CH2-],train,false,-3.2343853676593426,-3.257219220747276,0.6210014568023146,0.02283385308793351
rx392:2ad1bfb8dc71b8d128bd4661a86028d8-C3H4O1-0-1,reduction_free_energy,scalar_gpr,RX-392,TVDSBUOJIPERQY-UHFFFAOYSA-N,C#CCO,train,false,-1.0675385966551403,-0.8906241235398629,0.6254954381408255,0.17691447311527742
rx392:f2c30241e2e2273e59b9b15026755415-C3H4O1-0-1,reduction_free_energy,scalar_gpr,RX-392,HGINCPLSRVDWNT-UHFFFAOYSA-N,C=CC=O,train,false,-2.22675016404537,-2.557718162180941,0.6209285709396198,0.3309679981355709
rx392:eaee414191c3cdd2c729d6b8b60ace1a-C3H4O1-0-1,reduction_free_energy,scalar_gpr,RX-392,QJRDTOIKHQIJLL-UHFFFAOYSA-N,[CH2+]C=[C-]O,train,false,-2.6999826661531188,-2.974904308802352,0.6209797593001283,0.27492164264923336
rx392:709c5f08f8e9f9dc320f92881c98bb8d-C3H4O1-0-1,reduction_free_energy,scalar_gpr,RX-392,YQTVBZHHWNMNKX-UHFFFAOYSA-N,C=C=CO,train,false,-1.5757356790863923,-1.5325767275049456,0.6214822275619754,0.04315895158144678
rx392:50119444c444f4e83d5d9eea8eb46bc3-C3H4O1-0-1,reduction_free_energy,scalar_gpr,RX-392,FMNGCVKRMOYGKC-UHFFFAOYSA-N,[CH-]=[O+]C=C,train,false,-2.5590830368464594,-2.8122408557511247,0.6209636373496826,0.25315781890466527
rx392:7d5eb6bbb84fb2e36b80d0e8b74f0d80-C3H4O3-0-1,reduction_free_energy,scalar_gpr,RX-392,BUTNBPHMSLWDBB-UHFFFAOYSA-N,C=[O+]C(=O)O[CH2-],train,false,-4.237271030198826,-3.877586476159099,0.6212109393476891,0.35968455403972754
rx392:06580be20d403d09f627fe858572c511-C3H4O3-0-1,reduction_free_energy,scalar_gpr,RX-392,JCZKILZQSCSMDM-OWOJBTEDSA-N,O[C-]=[O+]/C=C/O,train,false,-0.8390999797647964,-1.7360883906803732,0.6211174836427832,0.8969884109155768
rx392:026bac9d6f9da06c0db598e93ffdb069-C3H4O3-0-1,reduction_free_energy,scalar_gpr,RX-392,FXPHJTKVWZVEGA-UHFFFAOYSA-N,C=COC(=O)O,train,false,-0.9979052563558071,-1.354233856600376,0.6220524062388931,0.3563286002445689
rx392:f072e9ab7c7364436335ff7aa6bfb44d-C3H4-0-1,reduction_free_energy,scalar_gpr,RX-392,OOXWYYGXTJLWHA-UHFFFAOYSA-N,C1=CC1,train,false,-1.3378025006995813,-1.3497661734888933,0.6220705866896875,0.011963672789311985
rx392:3913fc4e49ba8d3c3b49ac60272cc307-C3H4-0-1,reduction_free_energy,scalar_gpr,RX-392,OQOPKWGTWCVGHN-UHFFFAOYSA-N,[CH-]=C[CH2+],train,false,-3.6413156078479005,-3.8460689382680417,0.6211867693250335,0.2047533304201412
rx392:dbcb7576fc44002df96b331d41d85893-C3H4-0-1,reduction_free_energy,scalar_gpr,RX-392,MWWATHDPGQKSAR-UHFFFAOYSA-N,C#CC,train,false,-1.0401183046310507,-0.5294886604573104,0.6317898596854272,0.5106296441737403
rx392:d2774c3c7e51ef586311938745c9d719-C3H4-0-1,reduction_free_energy,scalar_gpr,RX-392,IYABWNGZIDDRAK-UHFFFAOYSA-N,C=C=C,train,false,-1.3167626897611626,-1.132738573039082,0.6232518272586273,0.18402411672208063
rx392:8c11c7f439bc11c00a650118281a8423-C2H2O1-0-1,reduction_free_energy,scalar_gpr,RX-392,QFXZANXYUCUTQH-UHFFFAOYSA-N,C#CO,train,false,-1.636522538450663,-1.785823424176399,0.6210617641037859,0.14930088572573608
rx392:db38b27b8bc203eb8e84f808deccd211-C2H2O1-0-1,reduction_free_energy,scalar_gpr,RX-392,CCGKOQOJPYTBIH-UHFFFAOYSA-N,C=C=O,test,true,-1.9711327232253097,-1.7363702311769833,0.6211171366522695,0.23476249204832644
rx392:85a0b2cb7df42b9ce75148d553a5413c-C4F1H5O2-0-1,reduction_free_energy,scalar_gpr,RX-392,NFRSUFCVPJPISR-UHFFFAOYSA-N,[O-]C=C=[O+]CCF,train,false,-3.278512643824797,-2.803012843551278,0.6209625609706655,0.4754998002735191
rx392:487e38e4c49b1645f4db9f9b058e1a85-C4F1H5O2-0-1,reduction_free_energy,scalar_gpr,RX-392,GSEPJCCJRORXBD-UHFFFAOYSA-N,O=CCOC[C-]=[F+],train,false,-2.9272514266558574,-3.3024539192976707,0.6210057394255423,0.3752024926418134
rx392:b9c881903e8e7af10c9fa7285c546dab-C4F1H5O2-0-1,reduction_free_energy,scalar_gpr,RX-392,QWLNWTOCEWNDAC-UHFFFAOYSA-N,O=C=COCCF,train,false,-2.379957471846865,-2.2459230284789267,0.6208927324973861,0.13403444336793813
rx392:1b30b01ddff3aa438d454e56a45cbb95-C4F1H5O2-0-1,reduction_free_energy,scalar_gpr,RX-392,YBOSEYLQPLVONR-HNQUOIGGSA-N,O=CCO/C=C/F,train,false,-1.5496751030714222,-1.9864220561124357,0.6209286274899639,0.4367469530410135
rx392:b48550501accae491101b12773fb2296-C3H3O4P1-0-1,reduction_free_energy,scalar_gpr,RX-392,JBEIJKJLJZCZFC-UHFFFAOYSA-N,C=COC(=O)OP=O,test,true,-3.139362959020218,-3.3796028844972525,0.6210147761837337,0.24023992547703443
rx392:2da908be95a4ca5fb3be510eb469c625-C3F3H6O3P1-0-1,reduction_free_energy,scalar_gpr,RX-392,UJTBXDRWYRTHJK-UHFFFAOYSA-N,[CH2-]OCC=[O+]P(O)(F)(F)F,test,true,-4.011520131312864,-3.7797102932743374,0.6211428225874054,0.23180983803852628
rx392:55ca6ec8a2cf3efd25a30cc806def00f-C3F1H4O2P1-0-1,reduction_free_energy,scalar_gpr,RX-392,OCMCERHKUCOWRV-UHFFFAOYSA-N,FCC[O+]=[C-][O+]=[P-],train,false,-4.283048488170607,-4.32134995723441,0.621875133806791,0.03830146906380261
rx392:d3705b2b21d0bbfb9f9f0bafb7060c64-C3F3H4O2P1-0-1,reduction_free_energy,scalar_gpr,RX-392,OKNQBAOIRDCUQY-UHFFFAOYSA-N,FCC[O+]=[C-]OP(F)F,train,false,-2.060152014000778,-2.150111867524564,0.6208943484831865,0.08995985352378622
rx392:f4f2514ef548091fac10596c1eda0a83-C2F1H5-0-1,reduction_free_energy,scalar_gpr,RX-392,UHCBBWUQDAVSMS-UHFFFAOYSA-N,CCF,train,false,0.251967274438357,-0.8656452716842915,0.6258003096198813,1.1176125461226485
rx392:a09bd161f99ef9c01b54cbaf4144cf38-C1F3N1S1-0-1,reduction_free_energy,scalar_gpr,RX-392,AAXXOYNBIPBZCE-UHFFFAOYSA-N,N#SC(F)(F)F,train,false,-4.039752046701324,-4.256764446750251,0.621731127603806,0.21701240004892686
rx392:ef1e50212e5f9a09e73d506f901abefe-C2F3H2O3P1-0-1,reduction_free_energy,scalar_gpr,RX-392,MVPLXAZBLZNPNR-UHFFFAOYSA-N,O=C=COP(O)(F)(F)F,test,true,-2.5455965218279744,-2.3690866610880903,0.6209023106887439,0.17650986073988406
rx392:d0493d190d4ed0e739eff2814ce28f04-C3F3O3P1-0-1,reduction_free_energy,scalar_gpr,RX-392,RSUQQKAVYYYAMJ-UHFFFAOYSA-N,O=P(F)(F)O[C-]=[O+]C#CF,train,false,-2.900360752330016,-3.0276443205863326,0.6209840006677828,0.12728356825631648
rx392:a636101b3bb07ae1a18cd2d58615cb6e-C3F3O3P1-0-1,reduction_free_energy,scalar_gpr,RX-392,BXAOLLYWACCEFX-UHFFFAOYSA-N,O=C(OC#CF)OP(F)F,train,false,-2.5619666574857547,-1.8176461756922826,0.621031551317445,0.7443204817934721
rx392:e9f8d977a4573e522f78d01f77b71008-C6H8O5-0-1,reduction_free_energy,scalar_gpr,RX-392,QQEXEEDMFFZXMX-DUXPYHPUSA-N,O=C(O)O/C=C/CC[O+]=[C-]O,train,false,-0.9072381547848636,-1.6145518920455901,0.6213052438102972,0.7073137372607265
rx392:b0826e97321191f6134c4c990682c841-C6H8O5-0-1,reduction_free_energy,scalar_gpr,RX-392,JTPAGSDUGREDNW-HNQUOIGGSA-N,O=C(O)OCC/C=C/[O+]=[C-]O,train,false,-0.9295606897721882,-1.8079800939456787,0.6210403062685363,0.8784194041734905
rx392:44303505daaf06af4bea6a6880b3e2c2-C6H8O5-0-1,reduction_free_energy,scalar_gpr,RX-392,CPFDTFPNYBASJP-UHFFFAOYSA-N,O=C(O)[O+]=[C-]CCC[O+]=[C-]O,train,false,-2.7266261316181044,-2.808750766901984,0.6209632323671693,0.08212463528387959
rx392:94a870ca0bb49bc0f28aeb34c846d3c7-C6H8O5-0-1,reduction_free_energy,scalar_gpr,RX-392,PZYYRUSVWMSYNA-UHFFFAOYSA-N,O=C(O)O[CH-]CCCOC#[O+],train,false,-4.448887067770556,-4.239858774732226,0.6216966255761237,0.20902829303833048
rx392:24623b2b2158cb018e8e05656da96a2c-C4F3H8O2P1-0-1,reduction_free_energy,scalar_gpr,RX-392,IHMQIPQVQXSNCT-UHFFFAOYSA-N,[CH2-]COCCO[P+](F)(F)F,train,false,-4.471015168626764,-1.481819087482301,0.6216162679160192,2.9891960811444624
rx392:3709938b1042f5f0eb1e484350b5c440-C4F3H8O2P1-0-1,reduction_free_energy,scalar_gpr,RX-392,OYKFCNJSJWCLQV-UHFFFAOYSA-N,FCCOCCOP(F)F,train,false,-1.4341203884250717,-1.2891325807795668,0.6223393836840493,0.1449878076455049
rx392:3e2da78536092d0bc73cd1fe2bb9d0ff-C1F2H3O2P1-0-1,reduction_free_energy,scalar_gpr,RX-392,ZLTVJTLCEBCPRC-UHFFFAOYSA-N,COP(=O)(F)F,train,false,-1.4635990788410709,-1.3053163642868904,0.6222634898764383,0.15828271455418053
rx392:64cdd76288da4cd4db45a8d0965a4ed5-C3H6O1-0-1,reduction_free_energy,scalar_gpr,RX-392,XXROGKLTLUQVRX-UHFFFAOYSA-N,C=CCO,train,false,-0.8898121537258703,-1.3189353555084689,0.622202010974886,0.42912320178259855
rx392:311eef44ca0634a1e16023369a1c70c2-C4H4O2-0-1,reduction_free_energy,scalar_gpr,RX-392,AAKAUACJZNKYNA-UHFFFAOYSA-N,OC=C=C=CO,test,true,-1.8507124821062462,-1.578101350496748,0.6213783263122762,0.2726111316094981
rx392:da710964f960ef635c7831864c00f442-C4H4O2-0-1,reduction_free_energy,scalar_gpr,RX-392,DELKMSIDPXIEDM-HNQUOIGGSA-N,[O-]C=[C+]/C=C/O,train,false,-3.309946707531708,-3.52362804563372,0.6210410319983792,0.21368133810201195
rx392:7b65e197ad50b0a93820790683e48728-C4H4O2-0-1,reduction_free_energy,scalar_gpr,RX-392,QAPQYLWHUDXNHY-UHFFFAOYSA-N,O=CC#CCO,train,false,-2.369470942961925,-2.656271881003459,0.6209432157220504,0.2868009380415337
rx392:92c14b2e822aed7a5bc31503ee377483-C4H4O2-0-1,reduction_free_energy,scalar_gpr,RX-392,FGWHKLZLKZTTJC-UHFFFAOYSA-N,[O+]#CC=[C-]CO,train,false,-2.8994313597686414,-2.7049536060918844,0.6209500589165518,0.19447775367675701
rx392:856604a3206396048f178fbbb8ab1528-C4H4O2-0-1,reduction_free_energy,scalar_gpr,RX-392,ZQSNQCCHTLRBEJ-HNQUOIGGSA-N,OC#C/C=C/O,train,false,-1.5755948909663857,-1.4003810775451215,0.6218767545008399,0.1752138134212642
rx392:4da1ee5be66e0b0c393f512788564331-C4H4O2-0-1,reduction_free_energy,scalar_gpr,RX-392,NLKDMABNKZYWOR-UHFFFAOYSA-N,O=C=C=CCO,train,false,-2.977434705788255,-3.222543538244671,0.6209985240023307,0.2451088324564159
rx392:0d1d75c8d49274281ec6e8b7b195b1bc-C4H4O2-0-1,reduction_free_energy,scalar_gpr,RX-392,QLPLVBRHAUYLGI-HNQUOIGGSA-N,O=C=C/C=C/O,train,false,-2.144002548788194,-1.8275590348202377,0.6210229418612133,0.3164435139679562
rx392:31d1fff2054652f7e691cbd6bfb0a6ff-C4H4O2-0-1,reduction_free_energy,scalar_gpr,RX-392,XBSRXVZINSXPAK-UHFFFAOYSA-N,O=C=CCC=O,train,false,-2.092968843784547,-1.7833912431842223,0.6210642409251229,0.3095776006003248
rx392:9f23037fd8540b07909f70323d7c44b9-C4H4O2-0-1,reduction_free_energy,scalar_gpr,RX-392,RNWVTGJNQBCHSH-UHFFFAOYSA-N,O[C-]=C=[C+]CO,train,false,-2.868745199009936,-3.167292494457402,0.6209942599937619,0.2985472954474657
rx392:6abdcc8c67947b277e6af1d5ba146a5a-C4H4O2-0-1,reduction_free_energy,scalar_gpr,RX-392,PHPQBNJFEJABAQ-UHFFFAOYSA-N,O=CCC#CO,train,false,-1.582655428275757,-1.7894551080049306,0.6210581111521039,0.20679967972917357
rx392:47f2766ce1d2c727d5c51407754daeef-C4H4O2-0-1,reduction_free_energy,scalar_gpr,RX-392,VXSCYUIHNUFSOI-UHFFFAOYSA-N,O=CC[C+]=C[O-],train,false,-3.807890958525604,-3.773139038360818,0.6211389455188957,0.03475192016478612
rx392:80b7cbfe2da14e00b5dcef4df1173a5c-C4H4O2-0-1,reduction_free_energy,scalar_gpr,RX-392,AANWVHZBSWQSNZ-UHFFFAOYSA-N,[O-]CC#C[CH+]O,train,false,-4.072834812304791,-4.291282530926656,0.6218056252190837,0.2184477186218654
rx392:bfbf9b8228dd679ef518da77c6157f11-C4H4O2-0-1,reduction_free_energy,scalar_gpr,RX-392,RKIFFIQLHZSJEB-UHFFFAOYSA-N,O=CC=C=CO,train,false,-2.2657321898823284,-2.6047767090143528,0.6209356490478539,0.3390445191320244
rx392:5d40cb3799904b843bf0c9d322623522-C4H4O2-0-1,reduction_free_energy,scalar_gpr,RX-392,JGEMYUOFGVHXKV-OWOJBTEDSA-N,O=C/C=C/C=O,train,false,-3.1643577922004624,-3.3753693642314584,0.6210142093886456,0.21101157203099596
rx392:ab108a5daf5a58582a32793c93fc8228-C4O2-0-1,reduction_free_energy,scalar_gpr,RX-392,QIQCZROILFZKAT-UHFFFAOYSA-N,O=C=C=C=C=O,test,true,-4.42587960236051,-4.6669573144300776,0.6230513509504482,0.24107771206956752
rx392:de2b1338d888741b40170b6a510e5b55-F1O1P1-0-1,reduction_free_energy,scalar_gpr,RX-392,WFAADKZBQQNDRX-UHFFFAOYSA-N,O=PF,train,false,-2.927729641500264,-3.3288933051248364,0.6210085535589249,0.40116366362457256
rx392:5b20bf3c7fd6d56a8c2f86481fc4d61b-C2H3O2P1-0-1,reduction_free_energy,scalar_gpr,RX-392,AYVCODLNKJXNFQ-UHFFFAOYSA-N,C=COP=O,train,false,-2.677611256363889,-3.0009966994103845,0.6209819036532988,0.3233854430464955
rx392:08ad803d6147084d826c099a1075f02d-C1O1-0-1,reduction_free_energy,scalar_gpr,RX-392,UGFAIRIUMAVXCW-UHFFFAOYSA-N,[C-]#[O+],test,true,-1.05914916784468,-1.6839640203359953,0.6211883060646362,0.6248148524913153
rx392:9c565f3ebb570f6c48e634f8fcdc99fa-C2H4O2-0-1,reduction_free_energy,scalar_gpr,RX-392,WGCNASOHLSPBMP-UHFFFAOYSA-N,O=CCO,train,false,-1.399938728761299,-1.8690734443952384,0.6209907354122656,0.4691347156339394
rx392:5e1ee1bacbb4cab2d267e1a2a09e9e44-C2H4O2-0-1,reduction_free_energy,scalar_gpr,RX-392,JMCRDEBJJPRTPV-OWOJBTEDSA-N,O/C=C/O,test,true,-0.4458537120581241,-0.6121570863685704,0.6299381191608038,0.16630337431044628
rx392:445ae81f0abc0c33c164b93d6050d790-F3P1-0-1,reduction_free_energy,scalar_gpr,RX-392,WKFBZNUBXWCCHG-UHFFFAOYSA-N,FP(F)F,train,false,-1.9820907337889366,-1.5877811878498624,0.6213580768875219,0.3943095459390742
rx392:af963087bf371c3036e9fa28886708b7-C2F1H1-0-1,reduction_free_energy,scalar_gpr,RX-392,IAWCIZWLKMTPLL-UHFFFAOYSA-N,C#CF,train,false,-2.368191985946396,-1.412135515668946,0.6218354067548655,0.9560564702774501
rx392:3b55aecf679a1a6a6a02bde10bf2dc86-C4F1H7O1-0-1,reduction_free_energy,scalar_gpr,RX-392,FPFVPEGEWVRCGK-UHFFFAOYSA-N,C=COCCF,train,false,-0.6031946191833413,-0.8844662663411467,0.6255691327469067,0.2812716471578054
rx392:67270c9a9113802536fa59895226efff-C4H8O1-0-1,reduction_free_energy,scalar_gpr,RX-392,ZSPTYLOMNJNZNG-UHFFFAOYSA-N,C=CCCO,train,false,-0.7005547053358896,-1.2153297793451747,0.6227272325060521,0.5147750740092851
rx392:608a852d63f3b4f49956bae07e2b3f8c-O2-0-1,reduction_free_energy,scalar_gpr,RX-392,MYMOFIZGZYHOMD-UHFFFAOYSA-N,O=O,train,false,-4.480405129331302,-4.428620865214771,0.6221612232592839,0.05178426411653092
rx392:dd0f80fa049b9315dcc8619dcd456691-C1F1H2O2P1-0-1,reduction_free_energy,scalar_gpr,RX-392,MAJMPRMKWNLKLB-RXMQYKEDSA-N,[CH-]=[O+][P@@](O)F,train,false,-2.901477668325242,-2.948943435136528,0.6209775217491589,0.04746576681128589
rx392:77f1b2b9ecd647aa592fe99eea6c12a7-C2F1H3-0-1,reduction_free_energy,scalar_gpr,RX-392,UWUSHLGXEGIMLQ-UHFFFAOYSA-N,C[C-]=[F+],train,false,-2.7747603218194854,-3.0081830814727493,0.6209824777371429,0.23342275965326387
rx392:026d6508bf37cf251bb0523a14289794-C2F1H3-0-1,reduction_free_energy,scalar_gpr,RX-392,XUCNUKMRBVNAPB-UHFFFAOYSA-N,C=CF,train,false,-0.9939156146429013,-1.2065850105202276,0.6227780167970771,0.21266939587732625
rx392:e46dd34a11fd8764dd5df89a238cb0c1-C2H2O3-0-1,reduction_free_energy,scalar_gpr,RX-392,GRUQTSNPKSBFCU-UHFFFAOYSA-N,[CH-]=[O+]C(=O)O,train,false,-3.1008482462057145,-3.2274448669859743,0.6209989237919108,0.1265966207802598
rx392:4fd4eca88b4746a85c49a2ec924ad076-C4F1H5O1-0-1,reduction_free_energy,scalar_gpr,RX-392,KOTSEKBQFCVDHQ-UHFFFAOYSA-N,C=[C-]OCC=[F+],train,false,-4.731231345045671,-4.586312386843822,0.6227060477104568,0.14491895820184908
rx392:d51b2ba8b3abc455636b457aa8624881-C4F1H5O1-0-1,reduction_free_energy,scalar_gpr,RX-392,DJNAECOKNXPLQG-UHFFFAOYSA-N,C=[C-][O+]=CCF,test,true,-3.2231923750514397,-3.1509607273907942,0.6209930587559259,0.07223164766064549
rx392:669d18218c5a65be4111e7e54cfabf4c-C4F1H5O1-0-1,reduction_free_energy,scalar_gpr,RX-392,FQSFRNBGIOXIAL-UHFFFAOYSA-N,C=C[O+]=[C-]CF,train,false,-2.489568480716116,-2.7503149977162855,0.6209560759919126,0.2607465170001695
rx392:ce9ba929822d1046826f4eb6a16e7d3d-C4F1H5O1-0-1,reduction_free_energy,scalar_gpr,RX-392,JSZXJSAAUNIPPB-ONEGZZNKSA-N,C=CO/C=C/F,test,true,-0.8225359931348066,-1.0848394049721521,0.6236057228108077,0.2623034118373455
rx392:4adee762bef56a023f7ba785e0ae3c78-C4F1H5O1-0-1,reduction_free_energy,scalar_gpr,RX-392,YIFLLUFXHUBQLQ-UHFFFAOYSA-N,C#COCCF,train,false,-1.3524649042283272,-1.2657598660876996,0.6224546162732641,0.08670503814062758
rx392:ed5c6fe25b5000d0904487cc91430c03-C4F1H5O1-0-1,reduction_free_energy,scalar_gpr,RX-392,GZXBZRDDNZNSPA-UHFFFAOYSA-N,[CH2-]COC=C=[F+],train,false,-4.247450757715342,-1.3250892190865928,0.6221749304897197,2.922361538628749
rx392:d8690e8a904412eff5d3f72114c404fc-C4F1H5O1-0-1,reduction_free_energy,scalar_gpr,RX-392,JSDDQFGOKCHKKY-UHFFFAOYSA-N,C=COC[C-]=[F+],test,true,-2.9884929825129802,-3.3247534237828216,0.6210080954468747,0.33626044126984134
rx392:d6dcd30d93f1e9b6f23abb71db2810c3-C3O3-0-1,reduction_free_energy,scalar_gpr,RX-392,ZYFDSSUZPIREPW-UHFFFAOYSA-N,O=c1oc#co1,test,true,-5.320090743909532,-5.047477280916997,0.625473341051381,0.27261346299253475
rx392:57311bbaca6db6c4aea47d0a657dca1d-C2F1H3O1-0-1,reduction_free_energy,scalar_gpr,RX-392,OUJKXJCTKVAHMW-UHFFFAOYSA-N,C=C(O)F,test,true,-1.0470987859507659,-0.7802878348530169,0.6269683169448103,0.266810951097749
rx392:34762e4f0a628856a19d3d0cfc263fe9-C2F1H3O1-0-1,reduction_free_energy,scalar_gpr,RX-392,FQHQFKKLNBWDFN-UHFFFAOYSA-N,OC[C-]=[F+],test,true,-2.9298957846731355,-2.968074830993956,0.6209791812672159,0.038179046320820476
rx392:9a4435a9c40da4fefd8f636d2ac3cf88-C1F2S1-0-1,reduction_free_energy,scalar_gpr,RX-392,FOCAHLGSDWHSAH-UHFFFAOYSA-N,FC(F)=S,train,false,-2.9644537851127097,-2.911002615897006,0.6209740402436021,0.05345116921570359
rx392:9595d8fa8e1dcddb5105d12f20ebe40f-C3O2-0-1,reduction_free_energy,scalar_gpr,RX-392,FLTLJXSVXKNUEG-UHFFFAOYSA-N,[C-]#COC#[O+],train,false,-5.198229913687101,-3.1364874700820384,0.6209920061786611,2.061742443605062
rx392:ca59b15f7aefab2d49c8c11b6615c290-C1F2-0-1,reduction_free_energy,scalar_gpr,RX-392,LTVOKYUPTHZZQH-UHFFFAOYSA-N,F[C-]=[F+],train,false,-2.882310495881029,-3.022940408097773,0.6209836365704959,0.14062991221674404
rx392:2a388c1f9dc62f9fbac9a6c21f953731-C2F2H2-0-1,reduction_free_energy,scalar_gpr,RX-392,WFLOTYSKFUPZQB-OWOJBTEDSA-N,F/C=C/F,test,true,-1.1881159255053717,-1.1224869249740284,0.6233243297195995,0.06562900053134335
rx392:f63f9c835239d71494f5de95b4f84e70-C2F1O1P1-0-1,reduction_free_energy,scalar_gpr,RX-392,ABNPZFCPRKJGHG-UHFFFAOYSA-N,[C+]#CO[P-]F,train,false,-4.972570268537311,-5.06238878454554,0.6256003788266612,0.08981851600822921
rx392:089df419ed7c91b59ca2d4fe026c3661-C3H2-0-1,reduction_free_energy,scalar_gpr,RX-392,LPUFMQSFYARLPQ-UHFFFAOYSA-N,[C-]#C[CH2+],train,false,-4.251993844313802,-4.629783866081903,0.6228860780908421,0.37779002176810117
rx392:77eafc00794f25345e928a654ce7021d-C3H2-0-1,reduction_free_energy,scalar_gpr,RX-392,OUSWHEMIRJJMAW-UHFFFAOYSA-N,[CH+]=C=[CH-],train,false,-4.010907262069395,-4.453434997784558,0.6222365563405823,0.4425277357151627
rx392:dfc867f60c83e93a4dd1f5eb6394c536-C3H2-0-1,reduction_free_energy,scalar_gpr,RX-392,VVLPCWSYZYKZKR-UHFFFAOYSA-N,C1=CC=1,test,true,-1.7395630870305467,-1.9240161038227295,0.6209568047662732,0.18445301679218273
rx392:f042ce2a042dbb48b9d20bb0ad59c396-C4O1-0-1,reduction_free_energy,scalar_gpr,RX-392,CDVSZGXKZFCJCX-UHFFFAOYSA-N,[C+]#CC#C[O-],train,false,-5.455412494146913,-5.6242158127239446,0.6329268495456579,0.1688033185770319
rx392:d9535e0927b4e45ca0362a0e9da2f8c5-C1O2-0-1,reduction_free_energy,scalar_gpr,RX-392,CURLTUGMZLYLDI-UHFFFAOYSA-N,O=C=O,test,true,-1.841995024159587,-1.6493504453026713,0.6212431681117725,0.19264457885691577
rx392:717bb68f76a95d83f831725af11d12bf-C4H4O1-0-1,reduction_free_energy,scalar_gpr,RX-392,XGIVOKYSENAIBM-UHFFFAOYSA-N,C=CC=C=O,train,false,-2.277874863627403,-1.939534615996929,0.6209488374121582,0.3383402476304742
rx392:0a385519fdb46414e6b03aee5f5046b6-C4H4O1-0-1,reduction_free_energy,scalar_gpr,RX-392,WTHYFEKXKDCABL-UHFFFAOYSA-N,OCC1=C=C1,train,false,-1.6041462673965725,-1.7608815201109866,0.6210883491034564,0.15673525271441413
rx392:df614fd2c582a561f8265c9a763f8029-C4H4O1-0-1,reduction_free_energy,scalar_gpr,RX-392,LTEGMYHYMQASQH-ONEGZZNKSA-N,C#C/C=C/O,train,false,-0.9848951106114328,-1.6203066465335596,0.6212944757286277,0.6354115359221268
rx392:34d21e66568aa8000fea1118e704ad8c-C4H4O1-0-1,reduction_free_energy,scalar_gpr,RX-392,YPNHTQKSEBTVTA-UHFFFAOYSA-N,[CH+]=C=[C-]CO,train,false,-3.620618136471421,-4.089013585635855,0.6214408703751193,0.46839544916443376
rx392:d404b61e927388aef6c12bd8b0a5f193-C4H4O1-0-1,reduction_free_energy,scalar_gpr,RX-392,GROQXUVMFYCDCH-UHFFFAOYSA-N,[C-]#C[CH+]CO,train,false,-4.053583250768497,-4.453797806491597,0.62223768490075,0.4002145557230996
rx392:96f0ebf9f78c01889f1767da151819ef-C4H4O1-0-1,reduction_free_energy,scalar_gpr,RX-392,KYTQITOHJJHPDS-UHFFFAOYSA-N,C=C[C+]=C[O-],test,true,-3.88725118700404,-4.131971167624785,0.621504777853259,0.2447199806207454
rx392:86246cda987d79bef420a20538b9f58d-C4H4O1-0-1,reduction_free_energy,scalar_gpr,RX-392,OYBQILSQCOWJHL-UHFFFAOYSA-N,C=C=CC=O,train,false,-2.154710968049585,-2.411570625761237,0.6209074958801193,0.25685965771165176
rx392:fa23fdb99d7369ef92fae66db79c9646-C4H4O1-0-1,reduction_free_energy,scalar_gpr,RX-392,CBANTOIXIJQPFT-UHFFFAOYSA-N,C=[C+]C=[C-]O,train,false,-2.5605250160888318,-2.8577651205914276,0.6209686840738378,0.29724010450259586
rx392:9eb2988bd2c4c29bc331257730678f58-C4H4O1-0-1,reduction_free_energy,scalar_gpr,RX-392,DITVRNREGUJROD-UHFFFAOYSA-N,C=CC#CO,train,false,-1.8143259428397869,-1.7378683213196806,0.6211152984774155,0.07645762152010627
rx392:8f762fee749beeeae9284d231a27fa81-C4H4O1-0-1,reduction_free_energy,scalar_gpr,RX-392,CGMKCLKVASCLPD-UHFFFAOYSA-N,[O-]C[c+]1cc1,train,false,-2.486816320400976,-2.5220454641561614,0.6209231976702121,0.035229143755185266
rx392:3cb51328ce5a796a981172e6c49047d2-C4H4O1-0-1,reduction_free_energy,scalar_gpr,RX-392,OGQNOIVDVXRWRE-UHFFFAOYSA-N,C#CCC=O,train,false,-1.4968980909143283,-1.8698431492445513,0.6209901943049707,0.37294505833022296
rx392:c9378c2b3015c8ea86777ab68e160976-C4H4O1-0-1,reduction_free_energy,scalar_gpr,RX-392,MVKDNEGFXJWGSU-UHFFFAOYSA-N,C=C=C=CO,train,false,-2.0292949186359692,-2.2780605030676475,0.6208942230758915,0.2487655844316783
rx392:dad684072d722bc093205e405a3ba53e-C2H3O1P1-0-1,reduction_free_energy,scalar_gpr,RX-392,NOHDQPINCFUWAH-UHFFFAOYSA-N,C1=POC1,train,false,-1.9252358446501603,-2.445086214565572,0.6209120039591425,0.5198503699154116
rx392:77c664eeb5278406e50f4110656abf11-C2H3O1P1-0-1,reduction_free_energy,scalar_gpr,RX-392,QEMVZEKDXHHVTD-UHFFFAOYSA-N,C=C[O+]=[P-],train,false,-3.8400267042943597,-4.147069226779672,0.621528842896455,0.30704252248531194
rx392:7b49e2b8308c6aca4cea6ad206841e70-C3H6O3-0-1,reduction_free_energy,scalar_gpr,RX-392,IEJIGPNLZYLLBP-UHFFFAOYSA-N,COC(=O)OC,train,false,-0.7449517287968774,-1.2267974667275519,0.6226622463996068,0.4818457379306744
rx392:e6fda78e26bde59f3f7b9dd469251c75-C2H2-0-1,reduction_free_energy,scalar_gpr,RX-392,HSFWRNGVRCDJHI-UHFFFAOYSA-N,C#C,train,false,-1.2870571953822036,-0.8542636657321823,0.6259445393214057,0.4327935296500214
rx392:b70818472fa2a9ce7a9445f51da53842-C4H4-0-1,reduction_free_energy,scalar_gpr,RX-392,WXBUKAPYXQZTGS-UHFFFAOYSA-N,[CH-]=C[C+]=C,train,false,-3.4560611099313974,-3.9017388101751957,0.6212310251268637,0.4456777002437984
rx392:352c093fd23cdc6610076725c4186609-C4H4-0-1,reduction_free_energy,scalar_gpr,RX-392,WFYPICNXBKQZGB-UHFFFAOYSA-N,C#CC=C,train,false,-1.7372033405845286,-2.0767020475640656,0.6209037460693965,0.339498706979537
rx392:d8dd086cad717e230689723ea8f4d600-C2H4O1-0-1,reduction_free_energy,scalar_gpr,RX-392,QJVFBSULGFNYKF-UHFFFAOYSA-N,[CH-]=[O+]C,train,false,-2.182743182309423,-2.509844685700914,0.6209213741711624,0.327101503391491
rx392:17a19cea6a7365e56c7fb753dc613eed-C2H4O1-0-1,reduction_free_energy,scalar_gpr,RX-392,ALPNRGFNSBABCF-UHFFFAOYSA-N,C=[O+][CH2-],test,true,-2.6010888596238146,-2.4832287611991766,0.620917446149838,0.11786009842463807
rx392:f42321c652bedf6fd652e9b0129f9b90-C2H4O1-0-1,reduction_free_energy,scalar_gpr,RX-392,IMROMDMJAWUWLK-UHFFFAOYSA-N,C=CO,train,false,-0.5876702181676592,-0.9263668749354059,0.6250859508199282,0.33869665676774674
rx392:7019b6e9d5861ab98b5afd52b3e6b2b4-O2S1-0-1,reduction_free_energy,scalar_gpr,RX-392,RAHZWNYVWXNFOC-UHFFFAOYSA-N,O=S=O,train,false,-3.433293927953855,-3.663704495038307,0.6210853217254518,0.23041056708445184
rx392:eea5abe87924b73848bbbdd330660e88-C2H4O1-0-1,reduction_free_energy,scalar_gpr,RX-392,IKHGUXGNUITLKF-UHFFFAOYSA-N,CC=O,train,false,-1.225587088757493,-1.5870330161006463,0.6213596198579885,0.3614459273431534
rx392:600ebb07b249b7cbfca57c3d9db067aa-C3F1H5O1-0-1,reduction_free_energy,scalar_gpr,RX-392,LHYAEMPPNIXGCD-UHFFFAOYSA-N,[CH2-][O+]=CCF,test,true,-2.7810180728438354,-2.893894162218413,0.6209723812348861,0.11287608937457749
rx392:2c460dabb27022713f6ef673942553fb-C3F1H5O1-0-1,reduction_free_energy,scalar_gpr,RX-392,BJZRZNNVMYEWTG-UHFFFAOYSA-N,[CH-]=[O+]CCF,train,false,-2.3212722561320334,-2.6460566481090204,0.6209417373170099,0.32478439197698705
rx392:2a7038045e0ffe3518968f79bd496cbd-C2O1-0-1,reduction_free_energy,scalar_gpr,RX-392,WPPUQEJWLSCIER-UHFFFAOYSA-N,C1#CO1,train,false,-4.157029813133704,-4.14452783934962,0.6215247319505967,0.012501973784083908
rx392:6526f866a7fadcec9362735ba14ceaec-C2O1-0-1,reduction_free_energy,scalar_gpr,RX-392,VILAVOFMIJHSJA-UHFFFAOYSA-N,[C+]#C[O-],train,false,-5.660048233446105,-5.745165808477397,0.6353357900673194,0.08511757503129225
rx392:8d3efaa4d851690620e0b9623f321f49-C2H2O2-0-1,reduction_free_energy,scalar_gpr,RX-392,ZUQAPLKKNAQJAU-UHFFFAOYSA-N,OC#CO,train,false,-1.863722284438154,-1.13087507236803,0.6232648788223719,0.7328472120701239
rx392:bdff71708378e53bec98bbb3fe4eb1ba-C2H2O2-0-1,reduction_free_energy,scalar_gpr,RX-392,WVKOKNQPFFEMSR-UHFFFAOYSA-N,O=C=CO,train,false,-2.3032209981247433,-2.207983664778103,0.6208921718064969,0.09523733334664053
rx392:63769b47845d3137f387e3f82470c1c1-C2H2O2-0-1,reduction_free_energy,scalar_gpr,RX-392,LVHRYALDLLEVEI-UHFFFAOYSA-N,[O-]C=[C+]O,train,false,-3.422451504837227,-2.843533294398215,0.6209671533721794,0.5789182104390118
rx392:94475f73a1d56a2569e9bd20f87fcce9-C2H2O2-0-1,reduction_free_energy,scalar_gpr,RX-392,LEQAOMBKQFMDFZ-UHFFFAOYSA-N,O=CC=O,train,false,-3.1308530457508823,-3.307442358598979,0.6210062508330837,0.17658931284809665
rx392:ec16263886edf512f85f2220e95c56fc-F1N1S1-0-1,reduction_free_energy,scalar_gpr,RX-392,IMFUYZDKLVTPSW-UHFFFAOYSA-N,N#SF,test,true,-3.714114508276907,-3.850351524071876,0.6211899225844045,0.13623701579496883
rx392:79062cdbb9ba23fa8889e4308470481e-C1H3O1P1-0-1,reduction_free_energy,scalar_gpr,RX-392,GHKHMOXIOVURDV-UHFFFAOYSA-N,C[O+]=[P-],train,false,-3.5955928857183608,-3.9672617850252347,0.6212929279430136,0.37166889930687397
rx392:d27d50d59db302f5c59659367756f95b-C3H4O2-0-1,reduction_free_energy,scalar_gpr,RX-392,LSERFZTYQJGIIQ-UHFFFAOYSA-N,[CH-]=[O+][C-]=[O+]C,train,false,-3.0770860466509475,-3.16866373961652,0.6209943617113202,0.0915776929655725
rx392:34bc207638fea54ddec67f0dba000f16-C3H4O2-0-1,reduction_free_energy,scalar_gpr,RX-392,VMMCEBXMWYYEPC-UHFFFAOYSA-N,[CH2-][O+]=C=[O+][CH2-],train,false,-4.152060453084232,-3.772307205157865,0.6211384605048261,0.379753247926367
rx392:1910c66317a43ac1a84f43717dbf0ae5-C3H4O2-0-1,reduction_free_energy,scalar_gpr,RX-392,JTNLWJFHWILBSI-UHFFFAOYSA-N,C=C[O+]=[C-]O,train,false,-1.0002162069249607,-1.8436384204060103,0.621009747078663,0.8434222134810496
rx392:2fa911ba20075e558feaaeba5f735f06-C3H4O2-0-1,reduction_free_energy,scalar_gpr,RX-392,IGDWZJVLDCGUOP-UHFFFAOYSA-N,[CH-]=[O+]CC=O,test,true,-2.4126139840891483,-2.710741500220881,0.620950847395949,0.2981275161317325
rx392:97bf22fefb34db5d1e8c2c68182b5b54-C3F1H3O2-0-1,reduction_free_energy,scalar_gpr,RX-392,QAASNXVFZQIXDD-UWTATZPHSA-N,O=C1OC[C@H]1F,train,false,-1.470534673813745,-1.5471658099003152,0.6214473280085603,0.07663113608657013
rx392:4cecb3d23331364b36306d3854c4138e-C3F1H3O2-0-1,reduction_free_energy,scalar_gpr,RX-392,KTKPMYNFYLRXHC-REOHCLBHSA-N,O=C1C[C@@H](F)O1,test,true,-1.3716367642773548,-1.165759949663379,0.6230297151482106,0.20587681461397578
rx392:d9b4ba38c9c0d3ff7f6d54d228e9e566-C3F1H3O2-0-1,reduction_free_energy,scalar_gpr,RX-392,PDBVVFPFLGGBJC-GSVOUGTGSA-N,F[C@H]1C[O+]=[C-]O1,train,false,-1.6227568433532724,-1.8081344580634506,0.6210401636161528,0.18537761471017822
rx392:a7edd3047d627321616f873cc83d2e5e-O1S1-0-1,reduction_free_energy,scalar_gpr,RX-392,XTQHKBHJIVJGKJ-UHFFFAOYSA-N,O=S,train,false,-4.566120905208663,-4.81665512422715,0.6238333832963082,0.25053421901848694
rx392:53eb1fdbc1f2979b1e1d4130d5ba5230-C1H1O3P1-0-1,reduction_free_energy,scalar_gpr,RX-392,GFKOZOLWKBKQSO-UHFFFAOYSA-N,[CH+]=[O+]P([O-])[O-],train,false,-4.1388655295850185,-3.7191263490142052,0.6211100221811181,0.4197391805708133
rx392:bbcc38cf2eedd48ebaf4305ecfb486f1-C2F1H4O1P1-0-1,reduction_free_energy,scalar_gpr,RX-392,JCWRFJCNMTWLPK-UHFFFAOYSA-N,FCC[O+]=[P-],train,false,-3.648084074504368,-4.0014681020850436,0.6213299039617417,0.35338402758067566
rx392:f7f9133d8a497a106aa41c1b52ac672a-C3H2O3-0-1,reduction_free_energy,scalar_gpr,RX-392,OIRKEYBSXAKFEG-UHFFFAOYSA-N,C#COC(=O)O,train,false,-1.7973394878135878,-0.9738317621384462,0.6245879513582232,0.8235077256751415
rx392:3fb941d50a3516ed67ee46f8c3734696-C3H2O3-0-1,reduction_free_energy,scalar_gpr,RX-392,DZAVROKYUKLHKI-UHFFFAOYSA-N,O[C-]=[O+][C+]=CO,train,false,-4.056761397350783,-3.4687891088312672,0.6210292241069871,0.587972288519516
rx392:a98427e6929735cbbf7041ad27c4e789-C3H2O3-0-1,reduction_free_energy,scalar_gpr,RX-392,IIXJQSDWIGLBMK-UHFFFAOYSA-N,O=C=C[O+]=[C-]O,train,false,-2.6537930807735393,-2.50308422878774,0.6209203691057829,0.15070885198579909
rx392:aea0bce2cd3fef5c37faf048e72009db-C3H2O3-0-1,reduction_free_energy,scalar_gpr,RX-392,YJHQIFYRQAFGQT-UHFFFAOYSA-N,OC#C[O+]=[C-]O,test,true,-2.330590552986905,-2.159821396314666,0.6208936953613342,0.17076915667223913
rx392:755fd53074b2ce97f914e86d67868f47-C3H2O3-0-1,reduction_free_energy,scalar_gpr,RX-392,VAYTZRYEBVHVLE-UHFFFAOYSA-N,O=c1occo1,test,true,-1.188543852964358,-1.1375752405111146,0.6232182144453431,0.050968612453243356
rx392:b2dca69accb554b099a6457183c3d020-C4H2O1-0-1,reduction_free_energy,scalar_gpr,RX-392,PNUPOTHXVFOIPH-UHFFFAOYSA-N,C#CC=C=O,test,true,-2.518028592206065,-2.161411911421956,0.6208936001410311,0.3566166807841089
rx392:9656e50e43ddda7361eaee69d531f655-C4H2O1-0-1,reduction_free_energy,scalar_gpr,RX-392,MPWMGYWYHDNMBY-UHFFFAOYSA-N,[C+]#CC=C[O-],test,true,-4.936138266137277,-5.158634961204195,0.6264903504421768,0.22249669506691738
rx392:d8085953de6741ce68ab26767ff39bd6-C4H2O1-0-1,reduction_free_energy,scalar_gpr,RX-392,DCCHGIXMZZZONN-UHFFFAOYSA-N,[C-]#CCC#[O+],test,true,-4.039478831458837,-3.065335196037773,0.620986841521975,0.974143635421064
rx392:139f2b49c8be376cb14db500a3762e95-C4H2O1-0-1,reduction_free_energy,scalar_gpr,RX-392,HLFJXKFMBIFMJS-UHFFFAOYSA-N,[C-]#C[C+]=CO,train,false,-4.264517945862281,-4.593983285040258,0.6227368100334468,0.32946533917797716
rx392:d2742e8c94dac6d9f0a981b01592faa6-C4H2O1-0-1,reduction_free_energy,scalar_gpr,RX-392,LKBNOWKSKAWTFX-UHFFFAOYSA-N,C#CC#CO,train,false,-2.1159002748336206,-1.583951396495479,0.6213660140875438,0.5319488783381416
rx392:2059a08bead111d2aaa444ef43111fac-C4H2O1-0-1,reduction_free_energy,scalar_gpr,RX-392,MUDCFAXVUHCJJF-UHFFFAOYSA-N,O=CC1=C=C1,train,false,-3.071338889677463,-2.319408080837954,0.6208972813403912,0.7519308088395094
rx392:7a3b1b8b453a89b7f1eece28e766a0f7-C4H2O1-0-1,reduction_free_energy,scalar_gpr,RX-392,SNSRHYGVROTZIT-UHFFFAOYSA-N,[C-]#CC=[C+]O,train,false,-4.47307063100925,-3.8096315007380817,0.6211615288362669,0.6634391302711684
rx392:e9f04108db37fc1f8d7f364fe7f54591-C3F1H3O1-0-1,reduction_free_energy,scalar_gpr,RX-392,ZAOLUEKKEAPLGC-VKHMYHEASA-N,F[C@@H]1C[C-]=[O+]1,train,false,-2.384100315513024,-2.6113532937316406,0.6209366292651202,0.22725297821861679
rx392:05a3eea09be53c21b3993fb3211c85f0-C3F1H3O1-0-1,reduction_free_energy,scalar_gpr,RX-392,CHGZFHWILYWLLL-GSVOUGTGSA-N,F[C@H]1[C-]=[O+]C1,test,true,-2.6110794799296855,-2.800319516060863,0.6209622434353586,0.18924003613117746
rx392:0913732cc5892b35a63c9dc59f58c51e-C3F1H3O1-0-1,reduction_free_energy,scalar_gpr,RX-392,KXDSHNIRPKBDIW-UHFFFAOYSA-N,[CH2-]OC=C=[F+],test,true,-3.7159856143389334,-3.7876633616783586,0.6211476244539167,0.07167774733942522
rx392:8bd924e490bcfea65e8b756b1bfb8893-C3F1H3O1-0-1,reduction_free_energy,scalar_gpr,RX-392,XXEXRXKCJYEXJC-UHFFFAOYSA-N,[CH2-][O+]=C=CF,train,false,-3.415264588496939,-3.509787537135552,0.6210378055153543,0.09452294863861299
rx392:bf61d7471859b3b633d42da39968ff3c-C3F1H3O1-0-1,reduction_free_energy,scalar_gpr,RX-392,UFFXTCAXVUKPBT-NSCUHMNNSA-N,[CH-]=[O+]/C=C/F,test,true,-2.6135157967892155,-2.8515064303282163,0.6209680161627875,0.23799063353900074
rx392:4221dfc057671ef0d5fb5d0f87b67d55-C3F1H3O1-0-1,reduction_free_energy,scalar_gpr,RX-392,AYWOXVSVGIDGKF-UHFFFAOYSA-N,[CH-]=[O+]C[C-]=[F+],train,false,-2.4514771026179005,-3.4966394970350025,0.6210348995716392,1.045162394417102
rx392:e55a6daf043edfbcdbbc4f7947bbfc71-C3F1H1O2-0-1,reduction_free_energy,scalar_gpr,RX-392,SVMAUGPTISPORA-UHFFFAOYSA-N,Fc1c[o+][c-]o1,train,false,-1.765384124169941,-1.9556228182090476,0.62094126908774,0.19023869403910654
rx392:bf3aa5108a56a034a6a68caac2498f35-C2F1H1O1-0-1,reduction_free_energy,scalar_gpr,RX-392,FFOWAQICHGFLEL-UHFFFAOYSA-N,OC#CF,train,false,-2.2240980175092773,-1.779738591752558,0.6210680068017439,0.44435942575671916
rx392:843e4de28f492c3f0d835bce97aebc3d-C2F1H1O1-0-1,reduction_free_energy,scalar_gpr,RX-392,HNTCBGXYMDSKEY-UHFFFAOYSA-N,O=C=CF,train,false,-2.789340811958027,-2.6881118103496684,0.6209477326159991,0.10122900160835879
rx392:56b04dd4e0a7a8cfed5d4fa60cf10b48-C2F1H1O1-0-1,reduction_free_energy,scalar_gpr,RX-392,LADGZKCRZCUWIO-UHFFFAOYSA-N,[O-]C=C=[F+],train,false,-4.309615977941576,-3.7220653240774104,0.6211114669110138,0.5875506538641653
rx392:b32f0759f4878403f30f5df678ffb3c8-C1F2O1S1-0-1,reduction_free_energy,scalar_gpr,RX-392,WDZXEXFTGXQKCI-UHFFFAOYSA-N,O=S=C(F)F,train,false,-3.0912238146192976,-2.734605225218577,0.6209540353489651,0.3566185894007208
rx392:146f12ef9aa432ac39565855810d1f38-C2H1O1P1-0-1,reduction_free_energy,scalar_gpr,RX-392,UHWXAQLTXLZBDY-UHFFFAOYSA-N,C#C[O+]=[P-],test,true,-2.51905471990176,-4.605644185692731,0.6227843901536565,2.086589465790971
rx392:329b3fd8697ce440ea6c1628cc6df9f5-F1O2P1-0-1,reduction_free_energy,scalar_gpr,RX-392,CCFKWUMXBUQERQ-UHFFFAOYSA-N,O=P(=O)F,train,false,-3.9594786522775394,-3.0495712447964687,0.6209856682570889,0.9099074074810707
rx392:2352bf3b4f33dabe6b7671295b2673e0-C3H2O2-0-1,reduction_free_energy,scalar_gpr,RX-392,UQROQIDUTGICFH-UHFFFAOYSA-N,[c-]1occ[o+]1,train,false,-1.0535070905034445,-1.7458608789433951,0.6211056668506576,0.6923537884399507
rx392:4e8e6684a74c3c851aeb4c27c1fcdc02-C3H2O2-0-1,reduction_free_energy,scalar_gpr,RX-392,OYKRIXBTRIQKFX-UHFFFAOYSA-N,[O-]C1=[C+]CO1,train,false,-4.523368990361632,-4.77403321975614,0.6235905695695101,0.2506642293945074
rx392:ef12501202de07379d9caeb7f220686f-C3H2O2-0-1,reduction_free_energy,scalar_gpr,RX-392,PJCDYOZPTHSALQ-UHFFFAOYSA-N,[C-]1=[O+][C-]=[O+]C1,train,false,-2.954854693109155,-3.1262965420089377,0.6209912691165694,0.17144184889978265
rx392:406cafacf48a7628d38d8e46cd783d02-C3H2O2-0-1,reduction_free_energy,scalar_gpr,RX-392,OVQPWBHZHCKJFN-UHFFFAOYSA-N,C#C[O+]=[C-]O,train,false,-1.828222234412351,-2.295272123491581,0.6208953533898631,0.46704988907923006
rx392:384a6b808777c69145ddc061e67fe943-C3O1-0-1,reduction_free_energy,scalar_gpr,RX-392,ZCNKODXATWVMAO-UHFFFAOYSA-N,[C-]#CC#[O+],train,false,-3.454100289956841,-3.5687356771149754,0.6210528412078866,0.11463538715813426
rx392:08ef2921ab10dd418b8f53a57643fb2b-F1P1-0-1,reduction_free_energy,scalar_gpr,RX-392,QUQSORXWLOUIIW-UHFFFAOYSA-N,[F+]=[P-],train,false,-4.30251082925497,-4.634607726243383,0.6229069233219103,0.3320968969884124
rx392:941475dc3544b6163fb267e6867610f8-C3H2O1-0-1,reduction_free_energy,scalar_gpr,RX-392,SDWMQFNKBVOBFS-UHFFFAOYSA-N,[CH+]=C=[C-]O,train,false,-3.01771334777186,-3.3312187341957333,0.6210088138997399,0.3135053864238735
rx392:884aff4253be4381e697c7aef229d7ae-C3H2O1-0-1,reduction_free_energy,scalar_gpr,RX-392,OSFFAALSRLBVRK-UHFFFAOYSA-N,[C-]#C[CH+]O,train,false,-3.603815355986626,-3.9435599477749017,0.6212692308959571,0.33974459178827576
rx392:05fe1f5c4725fa3ac6722ce4e0dc8f15-C3H2O1-0-1,reduction_free_energy,scalar_gpr,RX-392,IJNJLGFTSIAHEA-UHFFFAOYSA-N,C#CC=O,train,false,-2.4613795539926286,-2.8133489253623214,0.6209637653899772,0.35196937136969275
rx392:7bbf85d99fbcb4130be624a18fc2aa44-C4H2O2-0-1,reduction_free_energy,scalar_gpr,RX-392,ZLAYGKUULCENFX-UHFFFAOYSA-N,O=C=C=CC=O,train,false,-3.8947280413522094,-4.04932952855181,0.6213875158592901,0.1546014871996002
rx392:3d802a4ed9f29b3eeb3c489e4fdda6be-C4H2O2-0-1,reduction_free_energy,scalar_gpr,RX-392,IBHMKHMMZPPEQT-UHFFFAOYSA-N,O=C=CC=C=O,test,true,-1.3515707923234004,-1.781765264354742,0.6210659104352468,0.43019447203134153
rx392:28030bd04c51e99bdb3a11371ad239cc-C4H2O2-0-1,reduction_free_energy,scalar_gpr,RX-392,LAROZPSQWDTWCT-UHFFFAOYSA-N,O=C=C=C=CO,train,false,-3.2074041868636414,-3.4913966703726103,0.6210337824484263,0.2839924835089689
rx392:ed2a7363213ac7d8965225b0d1ff7f2b-C4H2O2-0-1,reduction_free_energy,scalar_gpr,RX-392,AHOXMZNKCDMIRQ-UHFFFAOYSA-N,O=C=CC#CO,train,false,-1.6697341785911703,-2.0252360526300413,0.6209158664195749,0.3555018740388709
rx392:eedfc00910bba3c84e88b6b1a210d287-C4H2O2-0-1,reduction_free_energy,scalar_gpr,RX-392,RDGLIZKUUULFSM-UHFFFAOYSA-N,O=C[C+]=C=[C-]O,train,false,-3.5780434072676144,-3.5165140157928443,0.6210393516326843,0.0615293914747701
rx392:356c6dcd546ab5a579cd9116b6def069-C4H2O2-0-1,reduction_free_energy,scalar_gpr,RX-392,KBEJGLIHVKPYOS-UHFFFAOYSA-N,O=C=[C+]C=[C-]O,train,false,-4.042490403999182,-3.363581749118958,0.6210126793410777,0.6789086548802237
rx392:ce74317914cb1a834da31fbbe5722320-C4H2O2-0-1,reduction_free_energy,scalar_gpr,RX-392,GERYVQDMLQDEAU-UHFFFAOYSA-N,[O+]#CC=C=C[O-],test,true,-3.2886407093556045,-3.155520350809565,0.6209933924164491,0.13312035854603943
rx392:3c9b68f5d8dd01a6ba62671d2261c12d-C4H2O2-0-1,reduction_free_energy,scalar_gpr,RX-392,AZEBXWRLBFPUTO-UHFFFAOYSA-N,O=CC#CC=O,train,false,-3.287214686268271,-2.833034785894601,0.6209659968509278,0.4541799003736702
rx392:ae8eef2114f08f7925237c23134866fa-F1N1S2-0-1,reduction_free_energy,scalar_gpr,RX-392,LVGRAYFPKDSCNT-UHFFFAOYSA-N,FSN=S,test,true,-4.091541206671536,-4.262567504386287,0.6217432672161233,0.17102629771475097
rx392:160d885d28576d91e274f1defce0c389-C1H3O2P1-0-1,reduction_free_energy,scalar_gpr,RX-392,XKCQASMZNPBLKI-UHFFFAOYSA-N,COP=O,test,true,-2.358970871182464,-2.769069994320204,0.6209584488620695,0.4100991231377398
rx392:1c3f5eecc1fb05d7cb13d87345a2cdc6-C1F1H1-0-1,reduction_free_energy,scalar_gpr,RX-392,YUCFVHQCAFKDQG-UHFFFAOYSA-N,[CH-]=[F+],train,false,-3.256112743542417,-3.552167479288104,0.6210482627673661,0.2960547357456873
rx392:04373f67ba12209dc4cb674e15e966cb-C4H6O1-0-1,reduction_free_energy,scalar_gpr,RX-392,NCFPZDYBQKIZMD-UHFFFAOYSA-N,[CH2+]C=[C-]CO,train,false,-3.263016222323131,-3.6568398562498214,0.621082580425284,0.3938236339266905
rx392:45ec2f77e11a813fd074c55af028ffad-C4H6O1-0-1,reduction_free_energy,scalar_gpr,RX-392,IWJMQXOBCQTQCF-UHFFFAOYSA-N,C=CCC=O,train,false,-1.341336303494245,-1.7339144955718686,0.6211201725320262,0.3925781920776237
rx392:3b00e16ecf8c4c7ae66cefedc1ec0eb2-C4H6O1-0-1,reduction_free_energy,scalar_gpr,RX-392,QYKIQEUNHZKYBP-UHFFFAOYSA-N,C=COC=C,train,false,-0.7889726618768691,-0.9217026769453438,0.62513765548093,0.1327300150684747
rx392:d925982cbfe76b9f0a3f5c5c5b67723c-C4H6O1-0-1,reduction_free_energy,scalar_gpr,RX-392,LNDKRVOOYMEYTC-ONEGZZNKSA-N,C=C/C=C/O,train,false,-1.1824457113225435,-1.5839403820396116,0.6213660370547698,0.4014946707170681
rx392:d02791f154fc6140f1633530b3922ba3-C4H6O1-0-1,reduction_free_energy,scalar_gpr,RX-392,JXKCVRNKAPHWJG-UHFFFAOYSA-N,C=C=CCO,train,false,-1.3766786967953522,-1.0847343284163935,0.6236065424728257,0.29194436837895865
rx392:27b95b5385bfb3ad0a3841da7f6712d8-C4H6O1-0-1,reduction_free_energy,scalar_gpr,RX-392,OTJZCIYGRUNXTP-UHFFFAOYSA-N,C#CCCO,train,false,-0.8934086860763273,-0.6286713811205802,0.6296016994412702,0.2647373049557471
rx392:a59b346cd7beb352d5b9bae0658151d7-C2H6O1-0-1,reduction_free_energy,scalar_gpr,RX-392,LFQSCWFLJHTTHZ-UHFFFAOYSA-N,CCO,train,false,-0.4939470196814,-1.4327522237749137,0.6217660418708087,0.9388052040935138
rx392:a3db9544d034c691cbc60faa12755e71-C2H6O1-0-1,reduction_free_energy,scalar_gpr,RX-392,LCGLNKUTAGEVQW-UHFFFAOYSA-N,COC,test,true,-0.02581895091680053,-1.1265711075813925,0.623295239069142,1.100752156664592
rx392:7bf5519e5982924121186547eaf5d649-C4H8O2-0-1,reduction_free_energy,scalar_gpr,RX-392,ORTVZLZNOYNASJ-OWOJBTEDSA-N,OC/C=C/CO,train,false,-0.9353922282916756,-1.249451205334514,0.6225391020204768,0.31405897704283836
rx392:c0a13cb44784464a401b3028b3b5869d-C4H8O2-0-1,reduction_free_energy,scalar_gpr,RX-392,PIAOXUVIBAKVSP-UHFFFAOYSA-N,O=CCCCO,train,false,-1.273258632132638,-1.6387387701280933,0.621261336986256,0.3654801379954553
rx392:02e13eb9623710b55d20c36768c4bd9d-C4H8O2-0-1,reduction_free_energy,scalar_gpr,RX-392,VELCGBOSFKSMCL-UHFFFAOYSA-N,O[CH+]CC[CH-]O,train,false,-2.9463480141348555,-2.951616694009168,0.6209777573221213,0.005268679874312454
rx392:c686e9e23fc75f07b4bd59c858545550-C4H8O2-0-1,reduction_free_energy,scalar_gpr,RX-392,SLZVWNSKTHSLQV-UHFFFAOYSA-N,[O-]CCC[CH+]O,train,false,-3.6079212623844796,-3.4751066536047976,0.6210304567145388,0.132814608779682
rx392:84ac55e3ad863f76a68984ab7b64ff26-C4H8O2-0-1,reduction_free_energy,scalar_gpr,RX-392,OZCRKDNRAAKDAN-HNQUOIGGSA-N,O/C=C/CCO,train,false,-0.45390513916026975,-0.7901811101692311,0.6268223573493884,0.33627597100896134
rx392:f92b9a6ed7e1114a9b4fc807be6de284-C4H8O2-0-1,reduction_free_energy,scalar_gpr,RX-392,WSJASAOEQFRGMD-UHFFFAOYSA-N,CCO[C-]=[O+]C,train,false,-1.2241395623004792,-1.542816182211129,0.6214575708528363,0.3186766199106499
rx392:0af1d0155d7207c806d7d5e78e18bece-C2F1H3O2-0-1,reduction_free_energy,scalar_gpr,RX-392,JNEQDYIGMHVAEU-UHFFFAOYSA-N,O=CCOF,train,false,-1.8707594109455385,-2.118368714000969,0.6208973950259835,0.24760930305543027
rx392:f1220d1f66a012560b6d7b7cc0c7fd6f-C2F1H3O2-0-1,reduction_free_energy,scalar_gpr,RX-392,JKKYWQUELJLABD-UHFFFAOYSA-N,[O-]CC(O)=[F+],test,true,-3.233539406406635,-2.9411342370421334,0.6209768264896525,0.29240516936450156
rx392:d007f8ebbf7675fb135fc14956eb395b-C2F1H3O2-0-1,reduction_free_energy,scalar_gpr,RX-392,MFPBWDUJXLGBJA-UHFFFAOYSA-N,O=C(F)CO,train,false,-1.6954867167787597,-1.4213400192377477,0.6218039482958775,0.27414669754101206
rx392:f1df0b6638cbfa57107ca92f4cfc1a7b-C4H6O2-0-1,reduction_free_energy,scalar_gpr,RX-392,MGBUMQZXWSKNOU-UHFFFAOYSA-N,[O+]#CCCC[O-],test,true,-3.7456628734016704,-2.8585481290292267,0.6209687670572763,0.8871147443724436
rx392:f1d587942678f6938595d6db7fa9c2e8-C4H6O2-0-1,reduction_free_energy,scalar_gpr,RX-392,CXDWIOQNFMIXCX-ZPUQHVIOSA-N,O/C=C/C=C/O,train,false,-0.8858918129426456,-1.1603808842540655,0.6230647347846667,0.27448907131141986
rx392:122d7a8c12bfd909977f17fb54bf5af4-C4H6O2-0-1,reduction_free_energy,scalar_gpr,RX-392,IMXMGQOZHBFVCT-HNQUOIGGSA-N,O=CC/C=C/O,train,false,-1.3232056285469298,-1.674456709504283,0.621202722087879,0.35125108095735325
rx392:f63aa0e41fd871081eba5014a59d5b87-C4H6O2-0-1,reduction_free_energy,scalar_gpr,RX-392,APZPFVRUUMXYRZ-UHFFFAOYSA-N,C=COCC=O,train,false,-1.5221272952039726,-1.9840407787925907,0.620929522120219,0.46191348358861806
rx392:15e82ffb96026ba438c9a594ee12c388-C4H6O2-0-1,reduction_free_energy,scalar_gpr,RX-392,CNDSYBVNLAHPIS-UHFFFAOYSA-N,C[C-]=[O+][C-]=[O+]C,test,true,-2.656197901333144,-2.768992696802637,0.6209584392271923,0.112794795469493
rx392:51baaa178735ebe9393248615911e892-C4H6O2-0-1,reduction_free_energy,scalar_gpr,RX-392,PCSMJKASWLYICJ-UHFFFAOYSA-N,O=CCCC=O,train,false,-1.0096859582627076,-1.725476506539871,0.6211308206263912,0.7157905482771634
rx392:5b874a641ebc121894720adf0e054ed7-C4H6O2-0-1,reduction_free_energy,scalar_gpr,RX-392,FXCMZPXXCRHRNK-OWOJBTEDSA-N,O=C/C=C/CO,train,false,-2.1908596828034206,-2.473010245190321,0.620915962675009,0.2821505623869003
rx392:f58f7ccea34a03ace606a6fd63af6b21-C4H6O2-0-1,reduction_free_energy,scalar_gpr,RX-392,DOZAJVJEGUTITC-UHFFFAOYSA-N,[CH-]=[O+][C-]=[O+]CC,train,false,-3.0274027536815993,-3.141190431798122,0.6209923472851901,0.1137876781165228
rx392:941151a043d36f390ccb03571373f9ad-C4H6O2-0-1,reduction_free_energy,scalar_gpr,RX-392,QUFHOMKJGBDIRS-UHFFFAOYSA-N,OC=C=CCO,train,false,-1.6500472437764984,-1.4813840313308833,0.6216175055521586,0.1686632124456151
rx392:ab8258a112dca63a09ebe1f4f225758a-C4H6O2-0-1,reduction_free_energy,scalar_gpr,RX-392,XVGZAGBFDQIJKR-UHFFFAOYSA-N,C=CO[C-]=[O+]C,train,false,-1.4924453058574727,-1.7882156763882417,0.6210593517558716,0.29577037053076904
rx392:6f558cd3ef2a8bfb682a3477ee20c9b4-C4H6O2-0-1,reduction_free_energy,scalar_gpr,RX-392,YXWXNWRDFORZSN-UHFFFAOYSA-N,O=C=CCCO,train,false,-1.963026418328809,-1.7360245128497949,0.6211175623380893,0.22700190547901422
rx392:9bc564a7ce92ad9a12b907122d4435b2-C4H6O2-0-1,reduction_free_energy,scalar_gpr,RX-392,JSPXPZKDILSYNN-UHFFFAOYSA-N,OC#CCCO,train,false,-1.420957426646055,-1.766019462717812,0.6210826547340723,0.3450620360717571
rx392:cf215a47ecba16f4b1796be7b6d4bafe-F2H1O1P1-0-1,reduction_free_energy,scalar_gpr,RX-392,UWETVEYENGVTQS-UHFFFAOYSA-N,OP(F)F,train,false,-0.8889267027261667,-1.6543496031399707,0.6212348332010873,0.765422900413804
rx392:538e8059ad5ccd51e316f1d85d318683-C4H2-0-1,reduction_free_energy,scalar_gpr,RX-392,LLCSWKVOHICRDD-UHFFFAOYSA-N,C#CC#C,test,true,-1.8782486340032847,-1.9026640659646648,0.6209688938177281,0.024415431961380074
rx392:beebe803fd6de3ac87ed838a4d8d6ff3-C4H2-0-1,reduction_free_energy,scalar_gpr,RX-392,MRJFCQHWODZEPM-UHFFFAOYSA-N,[C-]#C[C+]=C,train,false,-2.1493144591768214,-4.412551368785279,0.6221143513517285,2.263236909608458
rx392:a99e892f8740e416eab9c9abaefc8334-H1O2P1-0-1,reduction_free_energy,scalar_gpr,RX-392,GQZXNSPRSGFJLY-UHFFFAOYSA-N,O=PO,train,false,-2.4766316169952916,-2.889059430755135,0.6209719019050075,0.4124278137598436
rx392:17803bdcdac2136091857ecd4da57350-C1H3O3P1-0-1,reduction_free_energy,scalar_gpr,RX-392,XAKRTGZVYPZHCO-UHFFFAOYSA-N,COP(=O)=O,train,false,-3.171695421115146,-2.4603178555762133,0.6209141443240861,0.7113775655389327
rx392:4ee2c58d616283263e1a276b35e7a267-C3H6O2-0-1,reduction_free_energy,scalar_gpr,RX-392,XWVOVMOHQDSGQK-UHFFFAOYSA-N,C=[O+]CC[O-],test,true,-3.7039593989802597,-3.793684610036062,0.621151340958401,0.08972521105580222
rx392:98d7f5bb7626f9e7c27692b1b37749c4-C3H6O2-0-1,reduction_free_energy,scalar_gpr,RX-392,RUKWBTSQVWLBIH-UHFFFAOYSA-N,CO[C-]=[O+]C,train,false,-1.2469230919641632,-1.5442699981882406,0.6214541320889223,0.29734690622407745
rx392:ac8e8ba99e1867ad472f3a9f585ad7ae-C3H6-0-1,reduction_free_energy,scalar_gpr,RX-392,QQONPFPTGQHPMA-UHFFFAOYSA-N,C=CC,train,false,-0.6378879217404574,-1.1295159218685815,0.6232744336339474,0.49162800012812413
rx392:a6d449700787155e9836404e03f5a41c-C2H5O2P1-0-1,reduction_free_energy,scalar_gpr,RX-392,IDKDNOJBBSKTIR-UHFFFAOYSA-N,C=[O+][P-]OC,train,false,-3.5635636555980454,-3.626263309501302,0.6210711547517024,0.06269965390325671
rx392:7e3a2b19a5af30ab0981eacd78038857-C1F1H1O1-0-1,reduction_free_energy,scalar_gpr,RX-392,ROGRBZXOYPJSCQ-UHFFFAOYSA-N,O[C-]=[F+],train,false,-2.0818203769204047,-2.28924800677948,0.620894933346212,0.20742762985907515
rx392:b6fe479487a04352d702164756d6d0ac-C1F1H1O1-0-1,reduction_free_energy,scalar_gpr,RX-392,NHGVZTMBVDFPHJ-UHFFFAOYSA-N,O=CF,test,true,-1.7335118735963988,-1.6781756322307877,0.6211970254736956,0.055336241365611105
rx392:6d258c73cf11fae93d4d3816af0290e8-F1N1O1S1-0-1,reduction_free_energy,scalar_gpr,RX-392,QMAYPUZHQUBYJT-UHFFFAOYSA-N,N#S(=O)F,train,false,-4.928336494383984,-2.7611532827354655,0.6209574558062014,2.167183211648519
rx392:133004eb20f26ef002a92f06abee41ca-C2F1H1O2-0-1,reduction_free_energy,scalar_gpr,RX-392,BITVLRXIXBFBAR-UHFFFAOYSA-N,O=CC(=O)F,train,false,-3.3225527181893995,-3.4015366914544467,0.6210178682629148,0.07898397326504725
rx392:799e73273a32c13492ae5ba5a010993d-C2F1H1O2-0-1,reduction_free_energy,scalar_gpr,RX-392,IZHBWHIERKKUJK-UHFFFAOYSA-N,[O-]C(F)=[C+]O,train,false,-3.614405995911511,-3.1372830729013885,0.6209920638325135,0.4771229230101226
rx392:e473ee39de591ff8cac6ea1f47a0b34b-C2F1H1O2-0-1,reduction_free_energy,scalar_gpr,RX-392,QHSNXCQFHFUEHV-UHFFFAOYSA-N,O=C=C(O)F,train,false,-2.832427705774535,-2.576152416161662,0.6209313526090512,0.2562752896128728
rx392:366cdd57a062ca777e3bf29de84d24a8-C2H1O2P1-0-1,reduction_free_energy,scalar_gpr,RX-392,ZBDQWDLMUMITEL-UHFFFAOYSA-N,O=C=C[O+]=[P-],train,false,-3.827782576192476,-4.1641937304224115,0.621557189845182,0.3364111542299355
rx392:baf894588b8d74d033c90149bda9e473-C4H6-0-1,reduction_free_energy,scalar_gpr,RX-392,KAKZBPTYRLMSJV-UHFFFAOYSA-N,C=CC=C,test,true,-1.555109354491833,-1.970934276787569,0.6209346905708868,0.415824922295736
rx392:bd9b37b2515625b8ce57eb1a55ccf49f-C4H4O4-0-1,reduction_free_energy,scalar_gpr,RX-392,MRAJCEICDPBEDR-OWOJBTEDSA-N,O[C-]=[O+]/C=C/[O+]=[C-]O,train,false,-1.2336318896250305,-1.5226279669817155,0.6215069286774796,0.2889960773566851
rx392:1fc65468e969ed0cd3847a1197d120d5-C5H8O3-0-1,reduction_free_energy,scalar_gpr,RX-392,CLWVKGFYURNSNJ-UHFFFAOYSA-N,O=CCCC[O+]=[C-]O,train,false,-1.309959867850921,-1.6846295212423217,0.621187314976568,0.3746696533914007
rx392:1a215994cacd2d069dd3bcecf83afb79-C5H8O3-0-1,reduction_free_energy,scalar_gpr,RX-392,QQPSZXOAEYMLMI-UHFFFAOYSA-N,C[C-]=[O+]C(=O)OCC,train,false,-2.5042258420216967,-2.484965934258497,0.6209176998862047,0.019259907763199635
rx392:b7259c5fa131a846cc431c9cf5fbde76-C5H8O3-0-1,reduction_free_energy,scalar_gpr,RX-392,BPFOYPDHLJUICH-UHFFFAOYSA-N,C=COC(=O)OCC,train,false,-0.9255404864215961,-1.2923781550517635,0.6223239123565086,0.3668376686301673
rx392:b5838f64215417f1c3804cff939a3900-C5H8O3-0-1,reduction_free_energy,scalar_gpr,RX-392,JNKPQAPJKCOIHT-UHFFFAOYSA-N,CC=[O+]C(=O)O[CH-]C,test,true,-3.7307376419139473,-3.4892570918574686,0.6210333332092619,0.24148055005647873
rx392:dfd9a0f6874b88ecc7fef406b4956d90-C5H8O3-0-1,reduction_free_energy,scalar_gpr,RX-392,GQQCHPMAXKWHMY-UHFFFAOYSA-N,C=CCCOC(=O)O,train,false,-0.7319673649544711,-1.225639992394076,0.6226687237013185,0.4936726274396048
rx392:081d558fc5b077fbd576acd7ecacbfb0-C6H8O4-0-1,reduction_free_energy,scalar_gpr,RX-392,AAVDHVVATBWPJH-UHFFFAOYSA-N,[O+]#COCCC[CH-][O+]=[C-]O,train,false,-4.421531635816791,-4.2102322201244196,0.6216391815231321,0.21129941569237154
rx392:263028ed45faf4d76e960a16cc9958ee-C5H10O2-0-1,reduction_free_energy,scalar_gpr,RX-392,BOHGEFZURVLVHR-UHFFFAOYSA-N,CCO[C-]=[O+]CC,train,false,-1.2005562730828387,-1.533558591716677,0.6214798297963157,0.3330023186338382
rx392:371cebb7237ba0efe137a66acc7dfaba-C4H4O5-0-1,reduction_free_energy,scalar_gpr,RX-392,ZSHIWERRZIDCML-OWOJBTEDSA-N,O=C(O)O/C=C/[O+]=[C-]O,test,true,-1.212261236840277,-1.8887466259385994,0.6209775106526154,0.6764853890983225
rx392:b04430ea9543ecf6ec8abfd54b403d71-C5H8O4-0-1,reduction_free_energy,scalar_gpr,RX-392,PISYRMGYCCLHGH-UHFFFAOYSA-N,O=CCCCOC(=O)O,test,true,-1.3139672606066597,-1.6841960484034038,0.6211879602543917,0.37022878779674406
rx392:3a24d341460bdb2d66f5602053084449-C6H10O4-0-1,reduction_free_energy,scalar_gpr,RX-392,UKOCCXVYDOHHFX-UHFFFAOYSA-N,O[C-]=[O+]CCCC[O+]=[C-]O,train,false,-1.220554346609788,-0.991480461226621,0.6244153498397521,0.22907388538316686
rx392:b01f452401e105d1b53e5d9a8e2ab475-C4H2O5-0-1,reduction_free_energy,scalar_gpr,RX-392,SYMYXYYOYBPBAW-UHFFFAOYSA-N,O=C(O)OC#C[O+]=[C-]O,train,false,-2.6879664468397095,-2.2647101067482955,0.6208935007259928,0.423256340091414
rx392:5c41cb65f21d8b65368c66bd132914ac-C5H10O3-0-1,reduction_free_energy,scalar_gpr,RX-392,OIFBSDVPJOWBCH-UHFFFAOYSA-N,CCOC(=O)OCC,train,false,-0.686558718647575,-1.2053081644480312,0.6227855220831453,0.5187494458004562
rx392:6e387ff667eac339765e20c257db14a9-C4F1H8O2P1-0-1,reduction_free_energy,fingerprint_gpr,RX-392,OBSMVZFKBRNNHS-UHFFFAOYSA-N,[CH2+]COCCO[P-]F,test,true,-4.393270171727636,-4.650475131802295,1.3586323742814002,0.25720496007465954
rx392:6e184145e0a3d59cf41deb7a48736e1a-C4F1H8O2P1-0-1,reduction_free_energy,fingerprint_gpr,RX-392,LHCUTHKDZDDJMQ-UHFFFAOYSA-N,FCCOCC[O+]=[P-],train,false,-3.6413988942476863,-3.4739444687005987,0.6757111310909567,0.16745442554708756
rx392:82453decb15fa86619f405c2255afd24-F1N1O3S2-0-1,reduction_free_energy,fingerprint_gpr,RX-392,XWFDESPXXQQRMT-LURJTMIESA-N,O=S(=O)=N[S@@](=O)F,test,true,-4.846668234957178,-4.494948510035476,1.6967073606421388,0.35171972492170234
rx392:c01bdfc12dd37e8f9b75769be4ff7135-C6H10O6-0-1,reduction_free_energy,fingerprint_gpr,RX-392,CELCNEUYEAWJAV-UHFFFAOYSA-N,O=C(O)OCCCCOC(=O)O,train,false,-0.7537082340750203,-0.9166937694012232,0.6501653839340658,0.16298553532620286
rx392:13fde7cb21aa0bae798661910af042f9-C5F2H6O3-0-1,reduction_free_energy,fingerprint_gpr,RX-392,ZTTLVSHDZKENLA-SCSAIBSYSA-N,O=C([O-])O[C@@H](F)CCC=[F+],train,false,-4.786887290185405,-4.654801199793169,0.6713557645083043,0.13208609039223607
rx392:9a80e7d3b8cba52608bfe53c2b6db0ac-C3F3H2O2P1-0-1,reduction_free_energy,fingerprint_gpr,RX-392,MRGMYRXPNFTBMU-UHFFFAOYSA-N,FP(F)O[C-]=[O+]C[C-]=[F+],train,false,-3.350772134745057,-3.181080205742072,0.6682207810705832,0.16969192900298502
rx392:7effebabf4adbd155b4aac995e62d37b-C5F2H6O3-0-1,reduction_free_energy,fingerprint_gpr,RX-392,XBWCQEBTNGRMOZ-BYPYZUCNSA-N,O=C([O-])OC[C@@H](F)CC=[F+],train,false,-4.971485549012868,-4.8568755254122555,0.6878358540124428,0.1146100236006129
rx392:2c96eb4288d63b2a9437ddd4172e67f3-H2O1-0-1,reduction_free_energy,fingerprint_gpr,RX-392,XLYOFNOQVPJJNP-UHFFFAOYSA-N,O,train,false,-0.6139330517471535,-1.3090560415774073,0.6485295132894232,0.6951229898302538
rx392:eefdfcd29fba955b8e8691b85f4badd3-C3F1H4O3P1-0-1,reduction_free_energy,fingerprint_gpr,RX-392,KXLJAUDVNOUKGB-UHFFFAOYSA-N,[O-][P-][O+]=C=[O+]CCF,test,true,-3.2256751387139957,-3.25962792539091,1.0052325652650969,0.03395278667691448
rx392:620346cfe2e5fd708d38ad59137e7e65-C3F1H4O3P1-0-1,reduction_free_energy,fingerprint_gpr,RX-392,VOOQPARPXZEUMN-UHFFFAOYSA-N,O=C(OCCF)[O+]=[P-],train,false,-4.119503059584531,-3.9440897797216334,0.6571812080932469,0.17541327986289756
rx392:05178f156d01553929413f706874b78a-C2F1O2P1-0-1,reduction_free_energy,fingerprint_gpr,RX-392,VIJLLDOHIJAUCA-UHFFFAOYSA-N,[O-]C#COP=[F+],train,false,-4.268973252277647,-4.189731516577212,0.696214606756998,0.07924173570043447
rx392:6d3cb14458ca8bd6d2815732a5844caa-C2F1O2P1-0-1,reduction_free_energy,fingerprint_gpr,RX-392,FKISWKYBCYAUJN-UHFFFAOYSA-N,O=POC#CF,train,false,-2.415371377723204,-2.503281356394562,0.6850097704144165,0.08790997867135797
rx392:91c8d2920d7fae87132a81b95c07dd4a-C2F1O2P1-0-1,reduction_free_energy,fingerprint_gpr,RX-392,AGKNEAIUUPFPTE-UHFFFAOYSA-N,[C+]#COP([O-])F,train,false,-6.221765022586624,-5.96857326465872,0.6889872293689475,0.2531917579279037
rx392:0ab022f73af45db70b5abc61e7cc5bc6-C3H1O2P1-0-1,reduction_free_energy,fingerprint_gpr,RX-392,IRDMQKNTOIKALV-UHFFFAOYSA-N,C#C[O+]=[C-][O+]=[P-],train,false,-4.742610910550866,-4.480149899862466,0.6849999800749164,0.26246101068839955
rx392:796506dbd3f3230e3d246a59ef72ecb3-C3F2H3O4P1-0-1,reduction_free_energy,fingerprint_gpr,RX-392,BMPGPKPDWJCMJY-UHFFFAOYSA-N,C=COC(=O)OP(=O)(F)F,train,false,-1.2339901808300056,-1.4198470865517878,0.6691016131218052,0.18585690572178226
rx392:a3b8cb94733e47a4966a08138fd78064-C2H6O2-0-1,reduction_free_energy,fingerprint_gpr,RX-392,LYCAIKOWRPUZTN-UHFFFAOYSA-N,OCCO,train,false,0.10610319524403167,-0.4561722201266587,0.6546635777725655,0.5622754153706904
rx392:96b8af3838777f9f3e6b972d5aa3a84f-C4F1H8O3P1-0-1,reduction_free_energy,fingerprint_gpr,RX-392,QCVQEYURPKJMCT-UHFFFAOYSA-N,O=POCCOCCF,train,false,-2.412755893677968,-2.4265874327570507,0.6488422090707272,0.013831539079082855
rx392:5e15a57678ef5b22d37ef6cc5dbda8a3-C4F1H8O3P1-0-1,reduction_free_energy,fingerprint_gpr,RX-392,QRUXQZQTBWGEGC-SECBINFHSA-N,[CH2+]COCCO[P@@]([O-])F,train,false,-4.443994429493614,-4.367698406798381,0.6901793745884479,0.07629602269523339
rx392:84a635271c4fddb04b12de734b6e0350-C4F1H8O3P1-0-1,reduction_free_energy,fingerprint_gpr,RX-392,ADIWOXLMVNWGTD-UHFFFAOYSA-N,O[P-][O+]=CCOCCF,train,false,-3.049674578869599,-2.9865412231142003,0.6871440953214154,0.06313335575539858
rx392:82e454f28d45cd2eaf051cbfb3804793-C4F1H8O3P1-0-1,reduction_free_energy,fingerprint_gpr,RX-392,KQDLFTJALZIDCG-SECBINFHSA-N,[CH2-]COCC=[O+][P@@](O)F,train,false,-4.123604886819521,-4.025543838084751,0.6914167539455365,0.0980610487347704
rx392:eab256ea76e458e90d49eaa61c4423a4-C3H2O4-0-1,reduction_free_energy,fingerprint_gpr,RX-392,NXYSYGVFDASHDR-UHFFFAOYSA-N,O=C=COC(=O)O,train,false,-2.6339297487938893,-2.599022264417028,0.6780934152098318,0.03490748437686131
rx392:58bf453b2da0fa442f8213e43d1fcb28-C3H2O4-0-1,reduction_free_energy,fingerprint_gpr,RX-392,XBTQEVJNCGBLJB-UHFFFAOYSA-N,O=C(O)OC#CO,train,false,-2.2729358938722726,-2.2460054119108546,0.6772510124767473,0.026930481961418007
rx392:28db6a82af56b90b126446758dd96749-C4H6O3-0-1,reduction_free_energy,fingerprint_gpr,RX-392,BPLRSEBVLPDSAK-UHFFFAOYSA-N,C[C-]=[O+]C(=O)OC,train,false,-2.5279520310978114,-2.5645715850686917,0.6755520749962884,0.036619553970880236
rx392:2a523d412b04d31a1160fdb5962b3724-C4H6O3-0-1,reduction_free_energy,fingerprint_gpr,RX-392,JNBNIINHOBNMLY-UHFFFAOYSA-N,[CH2-]OC(=O)[O+]=CC,train,false,-3.796719543495783,-3.5983805164121705,0.6896425269198063,0.1983390270836125
rx392:7daa5fbb02de5e72b0368d31249f24e5-C4H6O3-0-1,reduction_free_energy,fingerprint_gpr,RX-392,NCHRDVARPJUMRC-UHFFFAOYSA-N,C=COC(=O)OC,test,true,-0.9367001424161572,-1.3012428792454875,0.6849088601044739,0.36454273682933036
rx392:8e12f0e9d0bcddddc5919ed33f643e1e-C3F2H1O3P1-0-1,reduction_free_energy,fingerprint_gpr,RX-392,ATHGTBQXCLJKGP-UHFFFAOYSA-N,O=C(OC=C=[F+])O[P-]F,train,false,-5.2304024837576435,-4.868146975931632,0.6803453988953599,0.3622555078260117
rx392:20aa5b08677c6496f350080e4d039a60-C3F1H6O3P1-0-1,reduction_free_energy,fingerprint_gpr,RX-392,AAGZBCKUVAXJNL-MRVPVSSYSA-N,[CH2-]OCC=[O+][P@@](O)F,test,true,-4.033408681796573,-3.5818425753290524,1.1689425131283353,0.45156610646752027
rx392:0184135e4f900328a3c661dd5600d9a8-C3H6O4-0-1,reduction_free_energy,fingerprint_gpr,RX-392,BBRSEFOSZWEMPE-UHFFFAOYSA-N,O=C(O)OCCO,train,false,-0.6417276563115593,-0.8247452738755308,0.6758999277883571,0.1830176175639715
rx392:bb7fccf8e480fc83a39edf4843d93c6c-C2F3H2O2P1-0-1,reduction_free_energy,fingerprint_gpr,RX-392,HRGLKGRUHMYRFP-UHFFFAOYSA-N,O=P(F)(F)[O+]=[C-]CF,train,false,-3.707431595885282,-3.547743228218972,0.6711673496356703,0.15968836766631034
rx392:b7f4432b69c68f4865160e1bdad6ef9a-C2F3H2O2P1-0-1,reduction_free_energy,fingerprint_gpr,RX-392,MBUXOOLUQJTNIB-UHFFFAOYSA-N,O=P(F)(F)OC[C-]=[F+],train,false,-3.4253466767113423,-3.197046144667173,0.6637313418464776,0.2283005320441691
rx392:73d82496d43b06e56f25c4a0d106f468-C2F3H2O2P1-0-1,reduction_free_energy,fingerprint_gpr,RX-392,QOJASGSRCAWPGI-UPHRSURJSA-N,O=P(F)(F)O/C=C\F,train,false,-1.6886225937378185,-1.781689045450344,0.6817386906248922,0.09306645171252548
rx392:390b4ebf4b758be7382327cd87d28e99-C5F1H7O2-0-1,reduction_free_energy,fingerprint_gpr,RX-392,ILQXZULLEHDOHG-UHFFFAOYSA-N,[O+]#COCCC[CH-]F,train,false,-4.614591883530011,-4.497142614729036,0.683559953265049,0.11744926880097495
rx392:0d40ed1ae2549562537c4d2ef026dc32-C2F3H2O1P1-0-1,reduction_free_energy,fingerprint_gpr,RX-392,SXMHFQFWJLNVGF-UHFFFAOYSA-N,FC[C-]=[O+]P(F)F,train,false,-3.2941688127466477,-3.190208890032618,0.6571513336151188,0.10395992271402976
rx392:f5c0d32cb4243e77b18ae286bc39a8db-C2F3H2O1P1-0-1,reduction_free_energy,fingerprint_gpr,RX-392,ZQAOZAYCWQBIAN-UHFFFAOYSA-N,FP(F)OC[C-]=[F+],train,false,-3.2789404403811204,-3.1465085561827,0.6679845675584719,0.13243188419842022
rx392:31ebd083e3d73bfad23b4361f9fb48e6-C2F2H3O2P1-0-1,reduction_free_energy,fingerprint_gpr,RX-392,PVXDVJPIOWEQIZ-UHFFFAOYSA-N,C=COP(=O)(F)F,train,false,-1.8997206458479923,-1.94574002828865,0.6729501329721723,0.04601938244065762
rx392:079282e8951ef25043cc187a1eeeba61-C3F3H2O3P1-0-1,reduction_free_energy,fingerprint_gpr,RX-392,BOQAQYZLOGHMDL-UHFFFAOYSA-N,O=P(F)(F)O[C-]=[O+]C[C-]=[F+],train,false,-3.481498845943861,-3.4474146920190547,0.6754711963810431,0.03408415392480624
rx392:3c248ee85a538adb3b04a15c91ad0bfd-C3F2H5O2P1-0-1,reduction_free_energy,fingerprint_gpr,RX-392,CMFWTHBATNXNEO-UHFFFAOYSA-N,[CH-]=[O+]CCOP(F)F,train,false,-2.41504952415562,-2.0357546807925964,0.6297066165878843,0.37929484336302366
rx392:956a458d86d5a327087383cc45d2429c-C2F3H4O1P1-0-1,reduction_free_energy,fingerprint_gpr,RX-392,CGELEAYJQUNLQU-UHFFFAOYSA-N,FCCOP(F)F,train,false,-1.278810088409955,-1.7239362860990624,0.6246691318103225,0.44512619768910744
rx392:b0626fbc4250f17418f086afc0c04c88-C6F2H6O5-0-1,reduction_free_energy,fingerprint_gpr,RX-392,AALOWOLJVRWAFV-CRCLSJGQSA-N,O=C([O-])O[C@@H](F)C[C@H](F)COC#[O+],train,false,-4.936330505544902,-4.884514294289332,0.6943648992438566,0.05181621125557001
rx392:6afc8b87d2decd8d32bf667ccaab0be2-C6F2H6O5-0-1,reduction_free_energy,fingerprint_gpr,RX-392,PZLYQHDXYOUJPM-CRCLSJGQSA-N,O=C([O-])OC[C@@H](F)[C@@H](F)COC#[O+],train,false,-4.7792030138625705,-4.723372331547474,0.6723826540561877,0.05583068231509625
rx392:db3b5309b96fef654ff39e1c4277f277-C3F1O2P1-0-1,reduction_free_energy,fingerprint_gpr,RX-392,HQUVGDUEDWRYHT-UHFFFAOYSA-N,[C-]#C[O+]=C=[O+][P-]F,train,false,-5.450739181771496,-5.324151030477481,0.6982261564656277,0.12658815129401546
rx392:a3aec91fc4c5258bc56344e921ff3e93-C4F3H6O2P1-0-1,reduction_free_energy,fingerprint_gpr,RX-392,ACGHTOCXFLNEEM-UHFFFAOYSA-N,FCCOC[C-]=[O+]P(F)F,train,false,-2.3410184973763535,-2.3907544692117826,0.6801907553735367,0.049735971835429105
rx392:fc731b7e2ac2b605df35e96e8b399b60-C4F3H6O2P1-0-1,reduction_free_energy,fingerprint_gpr,RX-392,UUJWMQSOBATTKK-ONEGZZNKSA-N,FCCO/C=C/OP(F)F,train,false,-1.6545875918891397,-1.7364971725524134,0.6652195434185473,0.0819095806632737
rx392:59b4374c1833abf195a8a9803de080d5-C4F3H6O2P1-0-1,reduction_free_energy,fingerprint_gpr,RX-392,WIHCAQOCPVHARP-UHFFFAOYSA-N,FC[C-]=[O+]CCOP(F)F,train,false,-1.5479230760247447,-1.7300699798876311,0.6422946827483954,0.18214690386288646
rx392:2b5a6c235e3f51a6f43ac533253cd165-C4F3H6O2P1-0-1,reduction_free_energy,fingerprint_gpr,RX-392,FXARLLGYJYAVPA-UHFFFAOYSA-N,C=[C-]OCCO[P+](F)(F)F,train,false,-4.167470132928429,-4.15236151972029,0.6578278571669057,0.015108613208139055
rx392:63bc2536bdd693b139805f016e5af60a-C4F3H6O2P1-0-1,reduction_free_energy,fingerprint_gpr,RX-392,FQSHJLBUFQCHJC-UHFFFAOYSA-N,FCC[O+]=[C-]COP(F)F,test,true,-1.5177320642651466,-2.447413783624632,1.0537789628012069,0.9296817193594853
rx392:0a9c070d174be308780714f4382ea3f3-C4F3H6O2P1-0-1,reduction_free_energy,fingerprint_gpr,RX-392,LYULEUMSLMECSM-UHFFFAOYSA-N,FP(F)OCCOC[C-]=[F+],test,true,-1.4839221198417363,-2.2064840063112863,0.866208898910083,0.72256188646955
rx392:67ad0b3efe8f5d2ec4f72bc8187f179b-C3F1O3P1-0-1,reduction_free_energy,fingerprint_gpr,RX-392,SRMAHOZUVUJKQP-UHFFFAOYSA-N,[C+]#COC(=O)O[P-]F,train,false,-5.5240987760189455,-5.507122208730234,0.6727155322668004,0.016976567288711664
rx392:ac6fcf62cb6e30142dd0bdbff7f2fd11-C3F1O3P1-0-1,reduction_free_energy,fingerprint_gpr,RX-392,MNDGFGSAYSDRLM-UHFFFAOYSA-N,O=C(OC#CF)[O+]=[P-],train,false,-4.39529839320312,-4.291929519050159,0.6587236497765729,0.10336887415296125
rx392:d17ad8c007a93456b5bf7857216292ea-C3F2H5O3P1-0-1,reduction_free_energy,fingerprint_gpr,RX-392,ZUHVKSZKBRTVRW-UHFFFAOYSA-N,[CH-]=[O+]CCOP(=O)(F)F,train,false,-1.6891138836726896,-1.9707815025509892,0.6373284627078383,0.2816676188782996
rx392:92e536266b92af9c064e48eaa7ac26b0-C3F3H4O3P1-0-1,reduction_free_energy,fingerprint_gpr,RX-392,VBGGRGUHBVEDDG-UHFFFAOYSA-N,[CH2-][O+]=C=COP(O)(F)(F)F,test,true,-3.376858229497884,-3.67901640483365,1.0310346803365074,0.30215817533576583
rx392:43f8252d83847dfaaf3ab6c2c77ca6d0-C3F3H4O3P1-0-1,reduction_free_energy,fingerprint_gpr,RX-392,BRVRIVCFGXLEDH-UHFFFAOYSA-N,O=P(F)(F)O[C-]=[O+]CCF,test,true,-2.3375923642452108,-2.56225178303273,0.9236413815243735,0.22465941878751927
rx392:88556cbbe62e7dbea3e0083231abde30-C3F3H4O3P1-0-1,reduction_free_energy,fingerprint_gpr,RX-392,DYCHWIATUZKJLX-NSCUHMNNSA-N,[CH-]=[O+]/C=C/OP(O)(F)(F)F,train,false,-2.5867965059442213,-2.662616734421251,0.6743846668279134,0.07582022847702952
rx392:d38b7fab6a8f640c8e3659db568bd2b1-C3F1H1O3-0-1,reduction_free_energy,fingerprint_gpr,RX-392,ZQCQTPBVJCWETB-UHFFFAOYSA-N,O=c1occ(F)o1,test,true,-1.7830433672261279,-3.066731685935714,1.4285709216254971,1.283688318709586
rx392:8d243794e8cd04e8c7b6efba19f119f0-C3F1H1O3-0-1,reduction_free_energy,fingerprint_gpr,RX-392,DTFNRASXVKNOOG-UHFFFAOYSA-N,[O+]#COC=C([O-])F,train,false,-4.182696845949977,-4.067752187211008,0.6880397435207333,0.11494465873896864
rx392:09aa54d153627b2ccca466948039c9a7-C3F2H3O2P1-0-1,reduction_free_energy,fingerprint_gpr,RX-392,ARMKYQZTTKRQDX-UHFFFAOYSA-N,C=C[O+]=[C-]OP(F)F,test,true,-2.4150096184130234,-2.5069197967891403,1.0457968684117411,0.09191017837611692
rx392:8a8d5e092c1554b7a50056f85c9fba1a-C2F2H1O1P1-0-1,reduction_free_energy,fingerprint_gpr,RX-392,OHQUZHIADUDYAC-UHFFFAOYSA-N,C#COP(F)F,train,false,-2.0396342856001866,-2.017725869629397,0.6683062944933644,0.02190841597078963
rx392:3d9837c36dd14ed9e25623a7d6fe7a7d-C2F2H1O1P1-0-1,reduction_free_energy,fingerprint_gpr,RX-392,VQFRIDPGWQXXAZ-UHFFFAOYSA-N,FC=C=[O+][P-]F,train,false,-4.312955821886135,-4.0372617635764,0.6630585332101171,0.2756940583097345
rx392:44f0e182e5501acaf1eaf07098040a8b-F1N1O1S2-0-1,reduction_free_energy,fingerprint_gpr,RX-392,BZUADLLCCNLRKN-UHFFFAOYSA-N,O=S=NSF,test,true,-3.759265383690945,-3.3974458007678776,1.063899269502785,0.36181958292306726
rx392:89021f982c3184bcbb1fef5eef9e6779-C5F1H7O3-0-1,reduction_free_energy,fingerprint_gpr,RX-392,USMHJBJOPYILPC-UHFFFAOYSA-N,O=C([O-])OCCCC=[F+],train,false,-4.72157868956856,-4.301644400254086,0.6655075991990803,0.4199342893144733
rx392:ac511fb7ddcc82bc116b10460f810617-C2F2H1O4P1-0-1,reduction_free_energy,fingerprint_gpr,RX-392,QILVKTFUYZVFOU-UHFFFAOYSA-N,[CH-]=[O+]C(=O)OP(=O)(F)F,train,false,-3.4975051435212663,-3.454232701446046,0.6789515310852124,0.04327244207522041
rx392:48520374534fbf55c5079c48d5271d75-C1F2H1O2P1-0-1,reduction_free_energy,fingerprint_gpr,RX-392,PMPAIMDBFRMFJP-UHFFFAOYSA-N,[CH-]=[O+]P(=O)(F)F,test,true,-2.402905256716622,-3.033515147563575,0.7227502745796873,0.6306098908469533
rx392:d9ceb9b7ed76d1fa42d9fa458d30d0e0-C3F1O4P1-0-1,reduction_free_energy,fingerprint_gpr,RX-392,YEKNQWDUGUJVFV-UHFFFAOYSA-N,[C+]#COC(=O)OP([O-])F,train,false,-6.557601975950092,-6.170500007001243,0.6827919313106846,0.3871019689488495
rx392:223fe308ef4ad013168804f44e01acec-C3F1O4P1-0-1,reduction_free_energy,fingerprint_gpr,RX-392,ULNVKYFXMLJIAZ-UHFFFAOYSA-N,O=POC(=O)OC#CF,train,false,-2.5845397946723097,-2.6939408322094094,0.677140968905453,0.10940103753709973
rx392:b0f13dcf5a68ddbc4d962cd040cf83fb-C5F2H6O2-0-1,reduction_free_energy,fingerprint_gpr,RX-392,PCTYDUALZWNRHO-YFKPBYRVSA-N,[O+]#COC[C@@H](F)C[CH-]F,test,true,-4.894627565105111,-3.6133490915408304,1.181435538257188,1.2812784735642806
rx392:e7093972202fe91d98ae41e78912f397-C2F2H1O2P1-0-1,reduction_free_energy,fingerprint_gpr,RX-392,WJIJSBKKNIROFR-UHFFFAOYSA-N,C#COP(=O)(F)F,train,false,-2.418297664124111,-2.413864587323515,0.6816587455378367,0.004433076800596236
rx392:8d81e9dbbf2892594400fa6964089385-C2F2H1O2P1-0-1,reduction_free_energy,fingerprint_gpr,RX-392,HYHBQCVPEFEQKW-UHFFFAOYSA-N,O=C=COP(F)F,train,false,-2.7253915808578313,-2.727529228262783,0.6511123874891662,0.0021376474049517036
rx392:2e35e66ce343dedffd619c98420f83cc-C2F2H1O2P1-0-1,reduction_free_energy,fingerprint_gpr,RX-392,PLQRPIOGJFOUOK-UHFFFAOYSA-N,[O-]C=C=[O+]P(F)F,train,false,-3.9796781231889327,-3.9129718603192445,0.6927017903119289,0.06670626286968817
rx392:1be51dbe1efa6d1c664221f811e57f9f-C2F1H2O2P1-0-1,reduction_free_energy,fingerprint_gpr,RX-392,TVZGVMVZKJJHFT-UPHRSURJSA-N,O=PO/C=C\F,train,false,-1.3602429577476869,-1.7956584342357578,0.6523027934905851,0.4354154764880709
rx392:d8f2605de501a7b204d3ab3f48f2758d-C2F1H2O2P1-0-1,reduction_free_energy,fingerprint_gpr,RX-392,ZBNHCLBWCOWAKW-UHFFFAOYSA-N,O=P[O+]=[C-]CF,train,false,-3.2124227194290143,-3.1495772205599755,0.6876011021771087,0.06284549886903879
rx392:712e795618e0acbdd0c4b57a53551e0a-C2H3O3P1-0-1,reduction_free_energy,fingerprint_gpr,RX-392,UEEPGOAAMIRRAI-UHFFFAOYSA-N,O=CCOP=O,train,false,-2.51668146963857,-2.5009647074411077,0.6805252281173418,0.01571676219746232
rx392:c7f552cb999a7ce124c18bd0725210fe-C2F2H1O3P1-0-1,reduction_free_energy,fingerprint_gpr,RX-392,LDUDDUABFRXOCN-UHFFFAOYSA-N,O=C=COP(=O)(F)F,train,false,-2.958306691587495,-2.9095116197076636,0.6746043107679306,0.048795071879831564
rx392:be4f0f90e01062df9189f824ca607fd3-C2F2H1O3P1-0-1,reduction_free_energy,fingerprint_gpr,RX-392,UZVWTGIUIMWMPY-UHFFFAOYSA-N,O=P(F)(F)[O+]=C=C[O-],train,false,-4.364357281621778,-4.242429632316409,0.687148551022319,0.12192764930536981
rx392:70419a2a17e6a5fd24a81a9156bb713d-C4F4H7O3P1-0-1,reduction_free_energy,fingerprint_gpr,RX-392,OWZUIIHBHYKSCV-UHFFFAOYSA-N,OP(F)(F)(F)[O+]=CCOC[CH-]F,train,false,-4.208745022649964,-4.159112950621944,0.6744722868224071,0.04963207202801989
rx392:c3f9f22ce28b83bb6492f32b439bc138-C3F3O4P1-0-1,reduction_free_energy,fingerprint_gpr,RX-392,GGVNUPFJJKBQAL-UHFFFAOYSA-N,O=C(OC#CF)OP(=O)(F)F,train,false,-2.7388085389102343,-2.7149252376014137,0.6598168735910718,0.02388330130882066
rx392:935ab72749fc46385c6efadb4a3659cf-C3F1H3O3-0-1,reduction_free_energy,fingerprint_gpr,RX-392,SBLRHMKNNHXPHG-REOHCLBHSA-N,O=C1OC[C@@H](F)O1,train,false,-1.2425772245442204,-1.332943897004658,0.6993525628784792,0.09036667246043772
rx392:3c79b65d20f3023daefe4349b75b936d-C4F1H3O5-0-1,reduction_free_energy,fingerprint_gpr,RX-392,MAGRHNUCUYWXHO-GSVOUGTGSA-N,O=C([O-])O[C@@H](F)COC#[O+],train,false,-4.787318497146771,-4.707509556287235,0.6758326329979645,0.07980894085953594
rx392:dc3af32f0ebff3aabc993e46eecf9c12-C2F2H3O1P1-0-1,reduction_free_energy,fingerprint_gpr,RX-392,MELGDKXDLDYZJQ-UHFFFAOYSA-N,C=COP(F)F,test,true,-1.0585187962133205,-1.8301270655254567,1.0407142943075023,0.7716082693121362
rx392:571bceae46fb809b0f9afa74166cc098-F3O1P1-0-1,reduction_free_energy,fingerprint_gpr,RX-392,FFUQCRZBKUBHQT-UHFFFAOYSA-N,O=P(F)(F)F,train,false,-2.2526416749424243,-2.372008666226023,0.6532702734745564,0.11936699128359862
rx392:14ecbf9adffeab91c43accfd325fddc4-C4H4O6-0-1,reduction_free_energy,fingerprint_gpr,RX-392,ZWVIGXAESYYHMY-OWOJBTEDSA-N,O=C(O)O/C=C/OC(=O)O,train,false,-1.2355171877497924,-1.3130271701528664,0.6576728720978502,0.07750998240307405
rx392:77e36ea5825316cb2ce160bb69df140e-C4H4O6-0-1,reduction_free_energy,fingerprint_gpr,RX-392,DHXVFTIERQCMBS-UHFFFAOYSA-N,O=C(O)OC[C-]=[O+]C(=O)O,test,true,-2.959971715878055,-2.3652029852511127,1.0381864183980698,0.5947687306269422
rx392:8a5050e998b7b28682f72b317573f938-C4H4O6-0-1,reduction_free_energy,fingerprint_gpr,RX-392,SDDWCNBUKQPEBT-UHFFFAOYSA-N,O=C(O)[O+]=CCO[C+]([O-])[O-],train,false,-4.49846094167151,-4.402639001489707,0.6907143593354625,0.09582194018180346
rx392:82578fc54f1b73dbc927161288404fcf-C4F2H7O3P1-0-1,reduction_free_energy,fingerprint_gpr,RX-392,LSCFZPUCXACYEI-SNVBAGLBSA-N,[O-][P@@](F)[O+]=CCOCCF,train,false,-3.139396604954527,-3.1056460623447713,0.6870341088920798,0.03375054260975574
rx392:f9a8716ff8cf3d1944526f62e864b488-C4F2H7O3P1-0-1,reduction_free_energy,fingerprint_gpr,RX-392,WRQPTYHRVGJJPO-SNVBAGLBSA-N,O[P@@](F)[O+]=CCOC[CH-]F,test,true,-4.234331874475174,-4.215171996698128,1.0861244316677734,0.019159877777045864
rx392:ea8d5c1a8759d8ff3368cfac6e8d58bd-C4F2H7O3P1-0-1,reduction_free_energy,fingerprint_gpr,RX-392,WUVRZNWLPXAVBL-SNVBAGLBSA-N,[O-][P@@](F)OCC[O+]=CCF,train,false,-4.177787237429584,-4.050949208015755,0.6860717894789137,0.12683802941382893
rx392:419d46397555f67fc2e923ed4a98c18d-C4F2H7O3P1-0-1,reduction_free_energy,fingerprint_gpr,RX-392,RBKOOOPNCJKAKV-UHFFFAOYSA-N,C=COCCOP(=O)(F)F,train,false,-1.591994189813704,-1.6365090902410675,0.6734001073284417,0.0445149004273635
rx392:5cda00256bc78e492ac7cd5328fa32e5-C6H8O6-0-1,reduction_free_energy,fingerprint_gpr,RX-392,RDIAOGKHDDKJRX-HNQUOIGGSA-N,O=C(O)O/C=C/CCOC(=O)O,test,true,-0.8808635315836,-0.8016192958843438,0.8944611175076339,0.0792442356992562
rx392:14087bb55f635f76e12b515c4caab80f-C6H8O6-0-1,reduction_free_energy,fingerprint_gpr,RX-392,UFLQDGXRAYSTJE-UHFFFAOYSA-N,O=C(O)OCCC[C-]=[O+]C(=O)O,train,false,-2.6952396102897183,-2.5938158413193033,0.6537127162098193,0.10142376897041494
rx392:60622cd678e3e23579c8ea21ccdcd939-C6H8O6-0-1,reduction_free_energy,fingerprint_gpr,RX-392,KNSMUEMEYHPWIS-UHFFFAOYSA-N,O=C(O)[O+]=CCCCO[C+]([O-])[O-],train,false,-4.538430706208601,-4.410562901741734,0.6927507726427035,0.12786780446686663
rx392:2d83ec2708a54987ba5f21a518c2025c-C4F4H5O3P1-0-1,reduction_free_energy,fingerprint_gpr,RX-392,XCJSMDDRHWNIBF-UHFFFAOYSA-N,OP(F)(F)(F)OC=C=[O+][CH-]CF,train,false,-3.5527947009868512,-3.5205121906183607,0.696108992667787,0.0322825103684905
rx392:aa6cf6f2f061f54b089a5e2740c5738c-C4F4H5O3P1-0-1,reduction_free_energy,fingerprint_gpr,RX-392,VTQQKTGSCODGKX-UHFFFAOYSA-N,OP(F)(F)(F)[O+]=CCOC=[C-]F,train,false,-4.197672271518968,-4.2485590630023395,0.6730574276598905,0.050886791483371496
rx392:8fcf6da3917e28613ae02746eb4413ed-C4F4H5O3P1-0-1,reduction_free_energy,fingerprint_gpr,RX-392,NFVSVNWIJCUWIU-UHFFFAOYSA-N,OP(F)(F)(F)[O+]=C=CO[CH-]CF,train,false,-3.8085119819370448,-3.8062715796781457,0.693175619412428,0.002240402258899099
rx392:42c1f80fccf1c7cd705908378384f551-C4F4H5O3P1-0-1,reduction_free_energy,fingerprint_gpr,RX-392,ZTCMYMAAHLEZHK-ONEGZZNKSA-N,OP(F)(F)(F)O/C=C/[O+]=[C-]CF,train,false,-2.568756781267439,-2.5631004412087064,0.6830347388413226,0.00565634005873239
rx392:908e70f5f0342915fd78ed3b98289086-C4F4H5O3P1-0-1,reduction_free_energy,fingerprint_gpr,RX-392,HIRTYHRGENRCML-ONEGZZNKSA-N,OP(F)(F)(F)O/C=C/OC[C-]=[F+],train,false,-3.0829835829172225,-2.992748204028413,0.6807090229429901,0.0902353788888095
rx392:7983f518ec5f0e8d6ce067a43780ccd2-C4F4H5O3P1-0-1,reduction_free_energy,fingerprint_gpr,RX-392,HLXPDGBXIIZKRF-UHFFFAOYSA-N,OP(F)(F)(F)OC#COCCF,train,false,-2.157353031961975,-2.174402946503532,0.6971032422554374,0.017049914541557243
rx392:691ec7ecaddf547e284a85d6057b5da1-C2F3O1P1-0-1,reduction_free_energy,fingerprint_gpr,RX-392,JUYBSSUZFIUIGW-UHFFFAOYSA-N,FC#COP(F)F,train,false,-2.433833622944803,-2.4569723361888807,0.6654625057250902,0.023138713244077458
rx392:0a520d0e09c071cab5ba79f842785136-F2H1O2P1-0-1,reduction_free_energy,fingerprint_gpr,RX-392,DGTVXEHQMSJRPE-UHFFFAOYSA-N,O=P(O)(F)F,test,true,-1.5648118904864532,-2.6788241993054718,0.7198166154462309,1.1140123088190186
rx392:bea9f8f92f17ce7b21d77ac7b2ab96de-C3H4O4-0-1,reduction_free_energy,fingerprint_gpr,RX-392,ICKCSDLZUVLALP-UHFFFAOYSA-N,O=C(O)[O+]=[C-]CO,train,false,-2.7627879033661884,-3.137410137605444,0.6710506923389479,0.37462223423925556
rx392:afe6a2932a4dadd9ffbafd0f618c2197-C3H4O4-0-1,reduction_free_energy,fingerprint_gpr,RX-392,NGQSOUJFJIALFZ-OWOJBTEDSA-N,O=C(O)O/C=C/O,train,false,-0.8066943686844752,-1.142443793375838,0.6364580910250021,0.3357494246913628
rx392:578515426dfd7d00ce4f8feeb5e7dc72-C3H4O4-0-1,reduction_free_energy,fingerprint_gpr,RX-392,RWBAWWWSHWELEI-UHFFFAOYSA-N,O=C([O-])OC[CH+]O,train,false,-3.867602315816839,-3.803620758847308,0.6931630661884162,0.063981556969531
rx392:7fa3376c2653bf2b400a3716928564a8-C4F1H7O2-0-1,reduction_free_energy,fingerprint_gpr,RX-392,NWCCHUPUMSRTAD-UHFFFAOYSA-N,[O-]CC[O+]=CCF,train,false,-3.8520187157155306,-3.7494863150902296,0.6865438599567396,0.102532400625301
rx392:0d5b5afbc48149f2a157ada863e3b093-C4F1H7O2-0-1,reduction_free_energy,fingerprint_gpr,RX-392,XZEZODIITWGNCH-UHFFFAOYSA-N,O=CCOCCF,train,false,-1.57409687263862,-1.8628400651073218,0.6344485441743926,0.28874319246870184
rx392:dc9d1683439687356a04502031ecf779-C3H3O3P1-0-1,reduction_free_energy,fingerprint_gpr,RX-392,YBBDJQZVVRBANS-UHFFFAOYSA-N,C=COC(=O)[O+]=[P-],train,false,-4.183075224002096,-3.8725480344930174,0.655403011234054,0.3105271895090782
rx392:7bd57fea6c57e333f47b8062ceeea609-C3H3O3P1-0-1,reduction_free_energy,fingerprint_gpr,RX-392,NOYWXBZKJAJNLP-UHFFFAOYSA-N,C=C[O+]=C=[O+][P-][O-],train,false,-3.242153294129821,-3.241846944327717,0.6918795420302463,0.00030634980210386686
rx392:6ecda3f5fc589415cdee44cf5cf40122-C3H1O3P1-0-1,reduction_free_energy,fingerprint_gpr,RX-392,MHGKIRRPNXMZMW-UHFFFAOYSA-N,C#COC(=O)[O+]=[P-],train,false,-4.410899970269384,-4.202455573754259,0.6734780011998764,0.2084443965151248
rx392:cfd5075ae4fc772d2f2b95b41c4e8035-C2F3O2P1-0-1,reduction_free_energy,fingerprint_gpr,RX-392,OTJGUQWZGKMDTN-UHFFFAOYSA-N,O=P(F)(F)OC#CF,train,false,-2.784476321503462,-2.7521700546261667,0.666559234416109,0.0323062668772951
rx392:2881971a29bc414c0a79cf1a019df7d8-C6H10O5-0-1,reduction_free_energy,fingerprint_gpr,RX-392,CGMLNVQQZYYACK-UHFFFAOYSA-N,O=C(O)OCCCC[O+]=[C-]O,train,false,-0.7618875083171588,-1.037191805486188,0.5810802012417298,0.27530429716902916
rx392:78d898a1a2131b55b8d4ce9c4fb514fa-C1F1H2O3P1-0-1,reduction_free_energy,fingerprint_gpr,RX-392,WJWIHWMMIHTGMA-UHFFFAOYSA-N,C=[O+]P(=O)([O-])F,test,true,-4.081655790483637,-2.5685412382898876,0.8983414175924205,1.5131145521937497
rx392:1548e6e969e6678853e16a9d3b891995-C3F3H6O2P1-0-1,reduction_free_energy,fingerprint_gpr,RX-392,HCWJXHMOQNIBGX-UHFFFAOYSA-N,[CH2-]OCCO[P+](F)(F)F,train,false,-4.101780819568376,-4.035543049699802,0.6816572020809878,0.06623776986857344
rx392:9b0a84f6bcd49a0e426f3992c5435d4e-C3F1H6O2P1-0-1,reduction_free_energy,fingerprint_gpr,RX-392,NCVXBDNWLBFOQG-UHFFFAOYSA-N,C=[O+]CCO[P-]F,train,false,-3.5191776146311895,-3.482215895453967,0.697681674556143,0.03696171917722246
rx392:6040c3b4c4bc1f39915dd6ae10f38081-C1F3N1O2S2-0-1,reduction_free_energy,fingerprint_gpr,RX-392,LOYPLYBAQULGSM-UHFFFAOYSA-N,O=S(=O)(N=S)C(F)(F)F,train,false,-5.244581016828306,-5.167116722321451,0.6954880706096578,0.07746429450685532
rx392:c4fb0d278453fb0bae00d353e83bedd6-C1F3N1S2-0-1,reduction_free_energy,fingerprint_gpr,RX-392,SCSIGUOKWOJZAW-UHFFFAOYSA-N,FC(F)(F)SN=S,train,false,-4.20262258495859,-4.117274782264102,0.6951579951208278,0.08534780269448827
rx392:7ff8e52a1d90eec55fd84c181ec7c6ff-C3F1H2O3P1-0-1,reduction_free_energy,fingerprint_gpr,RX-392,FIWMHJNPEQNBFX-UHFFFAOYSA-N,[O-][P-][O+]=C=[O+]C[C-]=[F+],train,false,-3.381303083970124,-3.467045312940011,0.6862173315833526,0.08574222896988681
rx392:0cb31ae070376b2df1705bc872f553f1-C3F1H2O3P1-0-1,reduction_free_energy,fingerprint_gpr,RX-392,QYMPXOBOCUEYSJ-UHFFFAOYSA-N,O=C(OC[C-]=[F+])[O+]=[P-],train,false,-4.26743667871051,-4.288677621708626,0.6559298908688741,0.02124094299811574
rx392:4d9e4ba7f6274b1c33a7cde73ab7fea4-C3F1H2O3P1-0-1,reduction_free_energy,fingerprint_gpr,RX-392,ZOLLSSBJOIYUKW-UHFFFAOYSA-N,O=C([O+]=[P-])[O+]=[C-]CF,train,false,-3.3096609394269763,-3.350626889200953,0.6909699636792406,0.04096594977397672
rx392:ac23131feb944800b5d02fa5e292e6d0-C3F1H2O3P1-0-1,reduction_free_energy,fingerprint_gpr,RX-392,FOKNTPSCAHQHBY-UPHRSURJSA-N,O=C(O/C=C\F)[O+]=[P-],train,false,-4.297348414958833,-4.133502744829416,0.6750303123828754,0.1638456701294171
rx392:dd955e703d6c0827f99f92d9ec9ddefb-C2F3H4O2P1-0-1,reduction_free_energy,fingerprint_gpr,RX-392,RFJVYQFUZPNUJW-UHFFFAOYSA-N,C=COP(O)(F)(F)F,train,false,-0.9502548255222791,-1.2051794991142306,0.6773737927687239,0.2549246735919515
rx392:ed2aaaf49ed7c7beb9aff5f288bcac16-C2F3H4O2P1-0-1,reduction_free_energy,fingerprint_gpr,RX-392,HKEMDSWHALFBQT-UHFFFAOYSA-N,O=P(F)(F)OCCF,train,false,-1.7556329326180276,-1.9095647935180171,0.6359498374110872,0.15393186089998956
rx392:82eb0ed55f3099cfa273cd4a2c22b3f9-C3H3O2P1-0-1,reduction_free_energy,fingerprint_gpr,RX-392,CCMWXFXAMURFIT-UHFFFAOYSA-N,C=C[O+]=[C-][O+]=[P-],test,true,-4.370555186942511,-3.5012411884896917,0.8953834187152592,0.8693139984528191
rx392:778aa819b51f24af08b9500e29ee88f8-C3F2H3O3P1-0-1,reduction_free_energy,fingerprint_gpr,RX-392,HCSAQDLCGQZRJN-UHFFFAOYSA-N,C=C[O+]=[C-]OP(=O)(F)F,train,false,-2.6824441724529606,-2.5298744050002706,0.6564269410418616,0.15256976745269002
rx392:224f1c1ef0de881ba40b47a8c0e482fb-C3F2H3O3P1-0-1,reduction_free_energy,fingerprint_gpr,RX-392,XHYVYPTUTXZPON-UHFFFAOYSA-N,C=COC(=O)OP(F)F,train,false,-1.153598909771972,-1.2344360993418682,0.6713306762215112,0.08083718956989605
rx392:6a749e8aa4b69eaa368d2447ae1be167-C2H1O3P1-0-1,reduction_free_energy,fingerprint_gpr,RX-392,GFKMYEYYVBMTGZ-UHFFFAOYSA-N,O=C=COP=O,train,false,-2.8016624929732643,-2.7457991987901216,0.6713277067041237,0.05586329418314273
rx392:936e9e0c9c07a526ac0e8e4178ff7ed9-C2H1O3P1-0-1,reduction_free_energy,fingerprint_gpr,RX-392,VRDROWXNTKTQGC-UHFFFAOYSA-N,O=P[O+]=C=C[O-],train,false,-3.9139311472827103,-3.8780006982453865,0.6851431384279483,0.035930449037323786
rx392:2b2beeb5c0de15bfe309a1a9166f58bf-C4F3H6O3P1-0-1,reduction_free_energy,fingerprint_gpr,RX-392,RUHDHDDPGFJWTE-ONEGZZNKSA-N,C=CO/C=C/OP(O)(F)(F)F,train,false,-0.819804687245778,-0.9903037148486427,0.6793761882873266,0.17049902760286462
rx392:3ae7da5ea8451513ecb9a50c5ce58d6e-C4F3H6O3P1-0-1,reduction_free_energy,fingerprint_gpr,RX-392,HDWRTNIKGBUHPK-OWOJBTEDSA-N,O=P(F)(F)OCCO/C=C/F,test,true,-1.641944376686297,-2.091167878005874,0.9829828501721684,0.4492235013195769
rx392:04929a667d04a50c4640d3e4bc6169ce-C4F3H6O3P1-0-1,reduction_free_energy,fingerprint_gpr,RX-392,FAFNZQCMUULBEV-UHFFFAOYSA-N,[CH-]=COCC=[O+]P(O)(F)(F)F,train,false,-4.211224655966362,-4.025695461676786,0.6798486399354997,0.18552919428957537
rx392:845e0ebd5c73aedbd5f13374265969af-C4F3H6O3P1-0-1,reduction_free_energy,fingerprint_gpr,RX-392,DSTXKVALWBYNJT-UHFFFAOYSA-N,O=P(F)(F)OCC[O+]=[C-]CF,train,false,-1.7385994682190358,-1.759110747516947,0.6457620650880928,0.02051127929791119
rx392:c506165f6cc71a02fcd88568fa86271c-C4F3H6O3P1-0-1,reduction_free_energy,fingerprint_gpr,RX-392,HWEVNYWTQXBQLS-ONEGZZNKSA-N,O[P+](F)(F)O/C=C/OC[CH-]F,test,true,-5.022474150078779,-3.545025340792125,0.9551720241237912,1.4774488092866536
rx392:1bb2e75cce5131e755ed9eba1c6f763a-C4F4H7O2P1-0-1,reduction_free_energy,fingerprint_gpr,RX-392,KYGBLAHPGAKPBT-UHFFFAOYSA-N,F[CH-]COCCO[P+](F)(F)F,train,false,-5.030815530135442,-4.850729053599768,0.6757878643995158,0.18008647653567422
rx392:5a74d769f03b500059d19e7f8772cdd0-C4F4H7O2P1-0-1,reduction_free_energy,fingerprint_gpr,RX-392,BTZKNVPCNMJTGG-UHFFFAOYSA-N,FCCO[CH-]CO[P+](F)(F)F,train,false,-3.7854911469476065,-3.622080173169637,0.6540242019846818,0.16341097377796965
rx392:1555a9ae48f02c7055964e3d8e1027ff-C4F4H7O2P1-0-1,reduction_free_energy,fingerprint_gpr,RX-392,PAAKWGZHJPXUJK-UHFFFAOYSA-N,FC[CH-]OCCO[P+](F)(F)F,train,false,-4.193401954798901,-4.169269089841087,0.6859887280814668,0.024132864957813638
rx392:06bf74e46db587e6b52d7cfd3d7f32ce-C2F1H4O3P1-0-1,reduction_free_energy,fingerprint_gpr,RX-392,GBXWZVOUCRPXSR-ZETCQYMHSA-N,[CH-]=[O+][P@@](=O)(F)OC,test,true,-3.2097895659571805,-2.580899718311156,1.0811369270493847,0.6288898476460245
rx392:97da17e94c50f325d7832b5f8eb42c99-C4F3H6O3P1-0-1,reduction_free_energy,fingerprint_gpr,RX-392,HDYWTSRBPRUOFG-UHFFFAOYSA-N,O=P(F)(F)OCCOC[C-]=[F+],test,true,-1.6482643379786168,-2.419801333430563,0.9379065716117355,0.771536995451946
rx392:333d1e44a799c7e0b3678a352eb68f13-C4F2H7O2P1-0-1,reduction_free_energy,fingerprint_gpr,RX-392,MNHDDDSZUQHRGW-UHFFFAOYSA-N,C=COCCOP(F)F,test,true,-0.6894080604397459,-1.4224907883938187,0.841372654021528,0.7330827279540728
rx392:3c7628b0c58ea48032eaafe63ff375fb-C4F2H7O2P1-0-1,reduction_free_energy,fingerprint_gpr,RX-392,PHUGHTCAHUHWOG-UHFFFAOYSA-N,FCCOCC=[O+][P-]F,train,false,-3.2914227321598446,-3.215842187459333,0.6630585091906385,0.07558054470051179
rx392:49a6c47904d5071bf495ef62289c7747-C4H10O2-0-1,reduction_free_energy,fingerprint_gpr,RX-392,WERYXYBDKMZEQL-UHFFFAOYSA-N,OCCCCO,train,false,0.26676424832658086,-0.18830964045289855,0.6678444700365535,0.4550738887794794
rx392:20a1cb1b939d750d91d02d795b402b61-C6F2H6O4-0-1,reduction_free_energy,fingerprint_gpr,RX-392,WEOLSQZHCZFASG-OLQVQODUSA-N,O=[C-]OC[C@H](F)[C@H](F)COC#[O+],train,false,-4.808303486410296,-4.6797470839844095,0.689604137694067,0.12855640242588606
rx392:bf967f866014d1510bcfba7aebca3b2f-F1N1O2S2-0-1,reduction_free_energy,fingerprint_gpr,RX-392,GGLOSWGOTVFHNA-UHFFFAOYSA-N,O=S(=O)(F)N=S,train,false,-5.238296590017853,-5.023239749623447,0.6901764224089677,0.2150568403944062
rx392:09f20ad4010955c45910a3394aa3ce0e-C4F3H8O3P1-0-1,reduction_free_energy,fingerprint_gpr,RX-392,CDGMDRZKZLOQNQ-UHFFFAOYSA-N,[CH2-]COCC=[O+]P(O)(F)(F)F,test,true,-4.0914373147788865,-3.871982076079779,0.9955131384831265,0.21945523869910755
rx392:4548b7fbbfd9e0216d5dcd9cb437c65b-C3F3H2O4P1-0-1,reduction_free_energy,fingerprint_gpr,RX-392,XVLJQJZZJFJPBU-UHFFFAOYSA-N,O=C(OP(=O)(F)F)[O+]=[C-]CF,train,false,-3.492490804132103,-3.4175165898302535,0.6861949871476994,0.0749742143018497
rx392:44e6990c1b3c514ecacef0660e0c6423-C3F3H2O4P1-0-1,reduction_free_energy,fingerprint_gpr,RX-392,AAERQJYPQQTSDR-UHFFFAOYSA-N,O=C(OC[C-]=[F+])OP(=O)(F)F,train,false,-3.3703172899586207,-3.252566170342673,0.6820678097021039,0.11775111961594753
rx392:136e064da88dfc20b606f64102678a51-C4F4H5O2P1-0-1,reduction_free_energy,fingerprint_gpr,RX-392,LZBWHVCDQDGLEH-UHFFFAOYSA-N,FC=[C-]OCCO[P+](F)(F)F,train,false,-4.944639396788261,-4.864777782010411,0.6910130421395866,0.07986161477785014
rx392:5f684626cf2d0adf9ebf421436c7e8ed-C4F4H5O2P1-0-1,reduction_free_energy,fingerprint_gpr,RX-392,ATYPQYWEWJYECR-UHFFFAOYSA-N,F[C-]=COCCO[P+](F)(F)F,train,false,-5.862084821143071,-5.399540460184955,0.6714420556977749,0.46254436095811613
rx392:e047a270f0060f5ca0f7b3611cc3da3c-C4F4H5O2P1-0-1,reduction_free_energy,fingerprint_gpr,RX-392,QDHHVEUEVDMSRQ-UHFFFAOYSA-N,F[P+](F)(F)OC[CH-]OC[C-]=[F+],train,false,-3.926736660381721,-3.9768149666229604,0.6504624438860069,0.050078306241239545
rx392:123aa122a965a5d72482b60c4faaeac5-C3F1H2O2P1-0-1,reduction_free_energy,fingerprint_gpr,RX-392,PYHCZXYKSZBJGD-UPHRSURJSA-N,F/C=C\[O+]=[C-][O+]=[P-],train,false,-4.428572807246383,-4.30942773296794,0.6894492130746313,0.11914507427844256
rx392:e1b3ee6876e218708f14970ee8ce564d-C3F1H2O2P1-0-1,reduction_free_energy,fingerprint_gpr,RX-392,ZYGHMFCEGARLNI-UHFFFAOYSA-N,[F+]=[C-]C[O+]=[C-][O+]=[P-],train,false,-4.3896643443113135,-4.329442826580193,0.6718055215592653,0.0602215177311205
rx392:ffa722446da2bdce8596e58b0325e77e-C2F1H4O2P1-0-1,reduction_free_energy,fingerprint_gpr,RX-392,OAPSVWVYBBSJPL-UHFFFAOYSA-N,O=POCCF,train,false,-2.4557209169543057,-2.40583342105613,0.6640498042563324,0.04988749589817587
rx392:c639d1597e6b8d3cc788eb0f79519b09-C2F1H4O2P1-0-1,reduction_free_energy,fingerprint_gpr,RX-392,CDOJMNOPDHEVIP-ZCFIWIBFSA-N,[CH-]=[O+][P@@](F)OC,train,false,-2.827199790332088,-2.803679827134924,0.6874889621336903,0.023519963197164095
rx392:9a272b9f71079ea8cb63952bff4d6859-C2F1H4O2P1-0-1,reduction_free_energy,fingerprint_gpr,RX-392,JEEQHMIUBGXUEB-ZCFIWIBFSA-N,C=CO[P@@](O)F,test,true,-0.9628249020242947,-1.5175512635867883,0.8953441831138365,0.5547263615624936
rx392:d209b7fca40a0075ae08a14ea4e99f9b-C3F1H4O4P1-0-1,reduction_free_energy,fingerprint_gpr,RX-392,FHLINRSUENUQLX-UHFFFAOYSA-N,O=POC(=O)OCCF,train,false,-3.040956296837976,-2.8877450430925276,0.6799716911586077,0.15321125374544842
rx392:913a46f02fa940717e1a86f1556fad4e-C4H8O3-0-1,reduction_free_energy,fingerprint_gpr,RX-392,JBTWLSYIZRCDFO-UHFFFAOYSA-N,CCOC(=O)OC,test,true,-0.7122772432539932,-1.4297821875168655,0.6604458528726506,0.7175049442628723
rx392:246afdd97110ea78e150fb138cf2ea92-C5H8O2-0-1,reduction_free_energy,fingerprint_gpr,RX-392,RBELWZTTZLXTEA-UHFFFAOYSA-N,C[C-]=[O+][C-]=[O+]CC,train,false,-2.62093860645291,-2.414152401443132,0.6830075035399703,0.20678620500977773
rx392:3aab79c7f56d26cbfa207b305170d3fd-C5H8O2-0-1,reduction_free_energy,fingerprint_gpr,RX-392,KZXJSZRXKLHDAM-UHFFFAOYSA-N,C=C[O+]=[C-]OCC,test,true,-1.455803129776541,-1.3811964510789405,0.8259278356867629,0.07460667869760051
rx392:a59e6c1837d2d64831fe45170e6996c9-C5H8O2-0-1,reduction_free_energy,fingerprint_gpr,RX-392,JYWTYTUFPXGMAK-UHFFFAOYSA-N,C=CCC[O+]=[C-]O,train,false,-1.1640204807590635,-1.1743031837479367,0.6519365660877955,0.010282702988873238
rx392:6fda537c573db2e86cfd0066e1b63f0a-C5H8O2-0-1,reduction_free_energy,fingerprint_gpr,RX-392,OKFSBEPUAXIQNU-UHFFFAOYSA-N,C[CH-][O+]=C=[O+][CH-]C,test,true,-3.7237715044029756,-2.6919239148210705,1.7455532317151878,1.031847589581905
rx392:bc2536af65293855a3db8ff8e9cfedb9-C4-0-1,reduction_free_energy,fingerprint_gpr,RX-392,FMIYQRFAIMZVNM-UHFFFAOYSA-N,[C+]#CC#[C-],train,false,-6.5642103682957895,-5.677463478900822,0.6493609528622851,0.8867468893949679
rx392:e4af80ed7395aef9001d1b170c5c0ec6-C1H2O1-0-1,reduction_free_energy,fingerprint_gpr,RX-392,WSFSSNUMVMOOMR-UHFFFAOYSA-N,C=O,train,false,-1.5794487831499282,-1.8842290870311558,0.648980154294931,0.30478030388122757
rx392:008565e723376b227b96affb399076e4-C2F1H2O1P1-0-1,reduction_free_energy,fingerprint_gpr,RX-392,JCOWVKDGTBWZQH-UHFFFAOYSA-N,[F+]=[C-]C[O+]=[P-],train,false,-3.7820453637377796,-3.7195627295132274,0.6385601899850117,0.062482634224552136
rx392:3fcff53f213e649591b379219e598dd1-C2F1H2O1P1-0-1,reduction_free_energy,fingerprint_gpr,RX-392,CVCHJCQMHRXNKV-UPHRSURJSA-N,F/C=C\[O+]=[P-],train,false,-4.002629904303831,-3.775683328930021,0.6714670270211834,0.2269465753738098
rx392:77358f89405e1e92cb317182333fa86f-C2-0-1,reduction_free_energy,fingerprint_gpr,RX-392,LBVWYGNGGJURHQ-UHFFFAOYSA-N,[C+]#[C-],train,false,-7.145388981517954,-5.231613023484551,0.622065389018902,1.913775958033403
rx392:b812bca53e9edfa5c1a76413b8b52d6e-C3H4O1-0-1,reduction_free_energy,fingerprint_gpr,RX-392,DMAZUHPLIHKHFL-UHFFFAOYSA-N,C=C=[O+][CH2-],train,false,-3.2343853676593426,-3.0795686508138007,0.6656397554850311,0.15481671684554188
rx392:2ad1bfb8dc71b8d128bd4661a86028d8-C3H4O1-0-1,reduction_free_energy,fingerprint_gpr,RX-392,TVDSBUOJIPERQY-UHFFFAOYSA-N,C#CCO,train,false,-1.0675385966551403,-1.2223595870304882,0.6687155836385658,0.1548209903753479
rx392:f2c30241e2e2273e59b9b15026755415-C3H4O1-0-1,reduction_free_energy,fingerprint_gpr,RX-392,HGINCPLSRVDWNT-UHFFFAOYSA-N,C=CC=O,train,false,-2.22675016404537,-2.2018960840926534,0.6374594536965521,0.024854079952716823
rx392:eaee414191c3cdd2c729d6b8b60ace1a-C3H4O1-0-1,reduction_free_energy,fingerprint_gpr,RX-392,QJRDTOIKHQIJLL-UHFFFAOYSA-N,[CH2+]C=[C-]O,train,false,-2.6999826661531188,-2.732757333234106,0.6627431813323011,0.032774667080987196
rx392:709c5f08f8e9f9dc320f92881c98bb8d-C3H4O1-0-1,reduction_free_energy,fingerprint_gpr,RX-392,YQTVBZHHWNMNKX-UHFFFAOYSA-N,C=C=CO,train,false,-1.5757356790863923,-2.0457801329787557,0.6268176162569262,0.4700444538923634
rx392:50119444c444f4e83d5d9eea8eb46bc3-C3H4O1-0-1,reduction_free_energy,fingerprint_gpr,RX-392,FMNGCVKRMOYGKC-UHFFFAOYSA-N,[CH-]=[O+]C=C,train,false,-2.5590830368464594,-2.521681350060202,0.6662264668258456,0.037401686786257216
rx392:7d5eb6bbb84fb2e36b80d0e8b74f0d80-C3H4O3-0-1,reduction_free_energy,fingerprint_gpr,RX-392,BUTNBPHMSLWDBB-UHFFFAOYSA-N,C=[O+]C(=O)O[CH2-],train,false,-4.237271030198826,-4.062863359051357,0.6876428801138788,0.17440767114746958
rx392:06580be20d403d09f627fe858572c511-C3H4O3-0-1,reduction_free_energy,fingerprint_gpr,RX-392,JCZKILZQSCSMDM-OWOJBTEDSA-N,O[C-]=[O+]/C=C/O,train,false,-0.8390999797647964,-1.0163127869989537,0.6770214044174694,0.17721280723415722
rx392:026bac9d6f9da06c0db598e93ffdb069-C3H4O3-0-1,reduction_free_energy,fingerprint_gpr,RX-392,FXPHJTKVWZVEGA-UHFFFAOYSA-N,C=COC(=O)O,train,false,-0.9979052563558071,-1.1941444386737017,0.6584754995791099,0.1962391823178946
rx392:f072e9ab7c7364436335ff7aa6bfb44d-C3H4-0-1,reduction_free_energy,fingerprint_gpr,RX-392,OOXWYYGXTJLWHA-UHFFFAOYSA-N,C1=CC1,train,false,-1.3378025006995813,-1.6060263879937402,0.6678286027928544,0.2682238872941589
rx392:3913fc4e49ba8d3c3b49ac60272cc307-C3H4-0-1,reduction_free_energy,fingerprint_gpr,RX-392,OQOPKWGTWCVGHN-UHFFFAOYSA-N,[CH-]=C[CH2+],train,false,-3.6413156078479005,-3.5571869102943086,0.6430071444616795,0.08412869755359198
rx392:dbcb7576fc44002df96b331d41d85893-C3H4-0-1,reduction_free_energy,fingerprint_gpr,RX-392,MWWATHDPGQKSAR-UHFFFAOYSA-N,C#CC,train,false,-1.0401183046310507,-1.4450039949631834,0.654333090797297,0.40488569033213273
rx392:d2774c3c7e51ef586311938745c9d719-C3H4-0-1,reduction_free_energy,fingerprint_gpr,RX-392,IYABWNGZIDDRAK-UHFFFAOYSA-N,C=C=C,train,false,-1.3167626897611626,-1.5334663192472198,0.6616446967121581,0.21670362948605715
rx392:8c11c7f439bc11c00a650118281a8423-C2H2O1-0-1,reduction_free_energy,fingerprint_gpr,RX-392,QFXZANXYUCUTQH-UHFFFAOYSA-N,C#CO,train,false,-1.636522538450663,-1.7772374172484735,0.652529846970208,0.14071487879781053
rx392:db38b27b8bc203eb8e84f808deccd211-C2H2O1-0-1,reduction_free_energy,fingerprint_gpr,RX-392,CCGKOQOJPYTBIH-UHFFFAOYSA-N,C=C=O,test,true,-1.9711327232253097,-2.4611258770787128,0.6424590142872891,0.48999315385340303
rx392:85a0b2cb7df42b9ce75148d553a5413c-C4F1H5O2-0-1,reduction_free_energy,fingerprint_gpr,RX-392,NFRSUFCVPJPISR-UHFFFAOYSA-N,[O-]C=C=[O+]CCF,train,false,-3.278512643824797,-3.2500422849758306,0.6849641949313644,0.028470358848966537
rx392:487e38e4c49b1645f4db9f9b058e1a85-C4F1H5O2-0-1,reduction_free_energy,fingerprint_gpr,RX-392,GSEPJCCJRORXBD-UHFFFAOYSA-N,O=CCOC[C-]=[F+],train,false,-2.9272514266558574,-2.745990894698981,0.6545351899832624,0.1812605319568763
rx392:b9c881903e8e7af10c9fa7285c546dab-C4F1H5O2-0-1,reduction_free_energy,fingerprint_gpr,RX-392,QWLNWTOCEWNDAC-UHFFFAOYSA-N,O=C=COCCF,train,false,-2.379957471846865,-2.3799668084148355,0.6797962163818442,9.33656797075244e-06
rx392:1b30b01ddff3aa438d454e56a45cbb95-C4F1H5O2-0-1,reduction_free_energy,fingerprint_gpr,RX-392,YBOSEYLQPLVONR-HNQUOIGGSA-N,O=CCO/C=C/F,train,false,-1.5496751030714222,-1.6401449160618298,0.6801543372297996,0.09046981299040757
rx392:b48550501accae491101b12773fb2296-C3H3O4P1-0-1,reduction_free_energy,fingerprint_gpr,RX-392,JBEIJKJLJZCZFC-UHFFFAOYSA-N,C=COC(=O)OP=O,test,true,-3.139362959020218,-1.9157298027497585,0.8245018973633556,1.2236331562704597
rx392:2da908be95a4ca5fb3be510eb469c625-C3F3H6O3P1-0-1,reduction_free_energy,fingerprint_gpr,RX-392,UJTBXDRWYRTHJK-UHFFFAOYSA-N,[CH2-]OCC=[O+]P(O)(F)(F)F,test,true,-4.011520131312864,-3.4651163077354314,1.014810102486768,0.5464038235774322
rx392:55ca6ec8a2cf3efd25a30cc806def00f-C3F1H4O2P1-0-1,reduction_free_energy,fingerprint_gpr,RX-392,OCMCERHKUCOWRV-UHFFFAOYSA-N,FCC[O+]=[C-][O+]=[P-],train,false,-4.283048488170607,-4.089729715226116,0.6726488983015603,0.19331877294449118
rx392:d3705b2b21d0bbfb9f9f0bafb7060c64-C3F3H4O2P1-0-1,reduction_free_energy,fingerprint_gpr,RX-392,OKNQBAOIRDCUQY-UHFFFAOYSA-N,FCC[O+]=[C-]OP(F)F,train,false,-2.060152014000778,-2.2086845968199045,0.6762102128573122,0.14853258281912662
rx392:f4f2514ef548091fac10596c1eda0a83-C2F1H5-0-1,reduction_free_energy,fingerprint_gpr,RX-392,UHCBBWUQDAVSMS-UHFFFAOYSA-N,CCF,train,false,0.251967274438357,-1.0228450591115439,0.6176691500194785,1.2748123335499009
rx392:a09bd161f99ef9c01b54cbaf4144cf38-C1F3N1S1-0-1,reduction_free_energy,fingerprint_gpr,RX-392,AAXXOYNBIPBZCE-UHFFFAOYSA-N,N#SC(F)(F)F,train,false,-4.039752046701324,-3.91500223203211,0.6874309280889401,0.12474981466921387
rx392:ef1e50212e5f9a09e73d506f901abefe-C2F3H2O3P1-0-1,reduction_free_energy,fingerprint_gpr,RX-392,MVPLXAZBLZNPNR-UHFFFAOYSA-N,O=C=COP(O)(F)(F)F,test,true,-2.5455965218279744,-2.973695360220156,0.9091690965624342,0.42809883839218177
rx392:d0493d190d4ed0e739eff2814ce28f04-C3F3O3P1-0-1,reduction_free_energy,fingerprint_gpr,RX-392,RSUQQKAVYYYAMJ-UHFFFAOYSA-N,O=P(F)(F)O[C-]=[O+]C#CF,train,false,-2.900360752330016,-2.923085145287786,0.6914320083530435,0.022724392957770068
rx392:a636101b3bb07ae1a18cd2d58615cb6e-C3F3O3P1-0-1,reduction_free_energy,fingerprint_gpr,RX-392,BXAOLLYWACCEFX-UHFFFAOYSA-N,O=C(OC#CF)OP(F)F,train,false,-2.5619666574857547,-2.6180388426109773,0.6608817231721587,0.05607218512522261
rx392:e9f8d977a4573e522f78d01f77b71008-C6H8O5-0-1,reduction_free_energy,fingerprint_gpr,RX-392,QQEXEEDMFFZXMX-DUXPYHPUSA-N,O=C(O)O/C=C/CC[O+]=[C-]O,train,false,-0.9072381547848636,-0.9895365599053334,0.6830857457053168,0.08229840512046982
rx392:b0826e97321191f6134c4c990682c841-C6H8O5-0-1,reduction_free_energy,fingerprint_gpr,RX-392,JTPAGSDUGREDNW-HNQUOIGGSA-N,O=C(O)OCC/C=C/[O+]=[C-]O,train,false,-0.9295606897721882,-1.1414111559522744,0.648094241849895,0.21185046618008618
rx392:44303505daaf06af4bea6a6880b3e2c2-C6H8O5-0-1,reduction_free_energy,fingerprint_gpr,RX-392,CPFDTFPNYBASJP-UHFFFAOYSA-N,O=C(O)[O+]=[C-]CCC[O+]=[C-]O,train,false,-2.7266261316181044,-2.6521428384095582,0.6691747028448014,0.07448329320854619
rx392:94a870ca0bb49bc0f28aeb34c846d3c7-C6H8O5-0-1,reduction_free_energy,fingerprint_gpr,RX-392,PZYYRUSVWMSYNA-UHFFFAOYSA-N,O=C(O)O[CH-]CCCOC#[O+],train,false,-4.448887067770556,-4.291095053281232,0.6890899582088137,0.15779201448932412
rx392:24623b2b2158cb018e8e05656da96a2c-C4F3H8O2P1-0-1,reduction_free_energy,fingerprint_gpr,RX-392,IHMQIPQVQXSNCT-UHFFFAOYSA-N,[CH2-]COCCO[P+](F)(F)F,train,false,-4.471015168626764,-4.367492508429683,0.6762452038309174,0.1035226601970809
rx392:3709938b1042f5f0eb1e484350b5c440-C4F3H8O2P1-0-1,reduction_free_energy,fingerprint_gpr,RX-392,OYKFCNJSJWCLQV-UHFFFAOYSA-N,FCCOCCOP(F)F,train,false,-1.4341203884250717,-1.6197311727893537,0.649144732516821,0.18561078436428202
rx392:3e2da78536092d0bc73cd1fe2bb9d0ff-C1F2H3O2P1-0-1,reduction_free_energy,fingerprint_gpr,RX-392,ZLTVJTLCEBCPRC-UHFFFAOYSA-N,COP(=O)(F)F,train,false,-1.4635990788410709,-1.6517536678024645,0.6759541780940179,0.1881545889613936
rx392:64cdd76288da4cd4db45a8d0965a4ed5-C3H6O1-0-1,reduction_free_energy,fingerprint_gpr,RX-392,XXROGKLTLUQVRX-UHFFFAOYSA-N,C=CCO,train,false,-0.8898121537258703,-1.3093849884056572,0.600752156372871,0.4195728346797869
rx392:311eef44ca0634a1e16023369a1c70c2-C4H4O2-0-1,reduction_free_energy,fingerprint_gpr,RX-392,AAKAUACJZNKYNA-UHFFFAOYSA-N,OC=C=C=CO,test,true,-1.8507124821062462,-2.0182463260044763,1.0412585256938374,0.16753384389823012
rx392:da710964f960ef635c7831864c00f442-C4H4O2-0-1,reduction_free_energy,fingerprint_gpr,RX-392,DELKMSIDPXIEDM-HNQUOIGGSA-N,[O-]C=[C+]/C=C/O,train,false,-3.309946707531708,-3.2463219075098353,0.6943450695931398,0.06362480002187265
rx392:7b65e197ad50b0a93820790683e48728-C4H4O2-0-1,reduction_free_energy,fingerprint_gpr,RX-392,QAPQYLWHUDXNHY-UHFFFAOYSA-N,O=CC#CCO,train,false,-2.369470942961925,-2.4301594023685054,0.6730377801170391,0.060688459406580186
rx392:92c14b2e822aed7a5bc31503ee377483-C4H4O2-0-1,reduction_free_energy,fingerprint_gpr,RX-392,FGWHKLZLKZTTJC-UHFFFAOYSA-N,[O+]#CC=[C-]CO,train,false,-2.8994313597686414,-2.8595921301190663,0.6881412757536487,0.03983922964957509
rx392:856604a3206396048f178fbbb8ab1528-C4H4O2-0-1,reduction_free_energy,fingerprint_gpr,RX-392,ZQSNQCCHTLRBEJ-HNQUOIGGSA-N,OC#C/C=C/O,train,false,-1.5755948909663857,-1.566521936950829,0.6850738627155151,0.009072954015556745
rx392:4da1ee5be66e0b0c393f512788564331-C4H4O2-0-1,reduction_free_energy,fingerprint_gpr,RX-392,NLKDMABNKZYWOR-UHFFFAOYSA-N,O=C=C=CCO,train,false,-2.977434705788255,-2.901720815900664,0.6758981238192664,0.07571388988759109
rx392:0d1d75c8d49274281ec6e8b7b195b1bc-C4H4O2-0-1,reduction_free_energy,fingerprint_gpr,RX-392,QLPLVBRHAUYLGI-HNQUOIGGSA-N,O=C=C/C=C/O,train,false,-2.144002548788194,-2.0700797188619555,0.6702288812841605,0.07392282992623844
rx392:31d1fff2054652f7e691cbd6bfb0a6ff-C4H4O2-0-1,reduction_free_energy,fingerprint_gpr,RX-392,XBSRXVZINSXPAK-UHFFFAOYSA-N,O=C=CCC=O,train,false,-2.092968843784547,-2.1746082431468325,0.680791376975559,0.08163939936228548
rx392:9f23037fd8540b07909f70323d7c44b9-C4H4O2-0-1,reduction_free_energy,fingerprint_gpr,RX-392,RNWVTGJNQBCHSH-UHFFFAOYSA-N,O[C-]=C=[C+]CO,train,false,-2.868745199009936,-2.815325554029129,0.6886635267462389,0.05341964498080731
rx392:6abdcc8c67947b277e6af1d5ba146a5a-C4H4O2-0-1,reduction_free_energy,fingerprint_gpr,RX-392,PHPQBNJFEJABAQ-UHFFFAOYSA-N,O=CCC#CO,train,false,-1.582655428275757,-1.6596033146241396,0.6849978663322441,0.07694788634838257
rx392:47f2766ce1d2c727d5c51407754daeef-C4H4O2-0-1,reduction_free_energy,fingerprint_gpr,RX-392,VXSCYUIHNUFSOI-UHFFFAOYSA-N,O=CC[C+]=C[O-],train,false,-3.807890958525604,-3.647113977717642,0.6936939116283937,0.1607769808079622
rx392:80b7cbfe2da14e00b5dcef4df1173a5c-C4H4O2-0-1,reduction_free_energy,fingerprint_gpr,RX-392,AANWVHZBSWQSNZ-UHFFFAOYSA-N,[O-]CC#C[CH+]O,train,false,-4.072834812304791,-3.940642468272924,0.6950738517941547,0.13219234403186686
rx392:bfbf9b8228dd679ef518da77c6157f11-C4H4O2-0-1,reduction_free_energy,fingerprint_gpr,RX-392,RKIFFIQLHZSJEB-UHFFFAOYSA-N,O=CC=C=CO,train,false,-2.2657321898823284,-2.297623565018176,0.6846435367897731,0.03189137513584761
rx392:5d40cb3799904b843bf0c9d322623522-C4H4O2-0-1,reduction_free_energy,fingerprint_gpr,RX-392,JGEMYUOFGVHXKV-OWOJBTEDSA-N,O=C/C=C/C=O,train,false,-3.1643577922004624,-3.0460072577048884,0.6763160748516771,0.11835053449557398
rx392:ab108a5daf5a58582a32793c93fc8228-C4O2-0-1,reduction_free_energy,fingerprint_gpr,RX-392,QIQCZROILFZKAT-UHFFFAOYSA-N,O=C=C=C=C=O,test,true,-4.42587960236051,-3.6997118486845952,1.4782754489903482,0.7261677536759148
rx392:de2b1338d888741b40170b6a510e5b55-F1O1P1-0-1,reduction_free_energy,fingerprint_gpr,RX-392,WFAADKZBQQNDRX-UHFFFAOYSA-N,O=PF,train,false,-2.927729641500264,-2.832255691193537,0.6604566969894202,0.09547395030672678
rx392:5b20bf3c7fd6d56a8c2f86481fc4d61b-C2H3O2P1-0-1,reduction_free_energy,fingerprint_gpr,RX-392,AYVCODLNKJXNFQ-UHFFFAOYSA-N,C=COP=O,train,false,-2.677611256363889,-2.371727255673128,0.6383637257165263,0.30588400069076105
rx392:08ad803d6147084d826c099a1075f02d-C1O1-0-1,reduction_free_energy,fingerprint_gpr,RX-392,UGFAIRIUMAVXCW-UHFFFAOYSA-N,[C-]#[O+],test,true,-1.05914916784468,-3.152483626401669,0.5770707537614392,2.093334458556989
rx392:9c565f3ebb570f6c48e634f8fcdc99fa-C2H4O2-0-1,reduction_free_energy,fingerprint_gpr,RX-392,WGCNASOHLSPBMP-UHFFFAOYSA-N,O=CCO,train,false,-1.399938728761299,-1.79346793525391,0.5937055388259277,0.39352920649261103
rx392:5e1ee1bacbb4cab2d267e1a2a09e9e44-C2H4O2-0-1,reduction_free_energy,fingerprint_gpr,RX-392,JMCRDEBJJPRTPV-OWOJBTEDSA-N,O/C=C/O,test,true,-0.4458537120581241,-1.670968568682641,0.6441607599729843,1.225114856624517
rx392:445ae81f0abc0c33c164b93d6050d790-F3P1-0-1,reduction_free_energy,fingerprint_gpr,RX-392,WKFBZNUBXWCCHG-UHFFFAOYSA-N,FP(F)F,train,false,-1.9820907337889366,-2.182175431373217,0.652789282524772,0.2000846975842805
rx392:af963087bf371c3036e9fa28886708b7-C2F1H1-0-1,reduction_free_energy,fingerprint_gpr,RX-392,IAWCIZWLKMTPLL-UHFFFAOYSA-N,C#CF,train,false,-2.368191985946396,-2.3274288431247125,0.6534383057550214,0.040763142821683473
rx392:3b55aecf679a1a6a6a02bde10bf2dc86-C4F1H7O1-0-1,reduction_free_energy,fingerprint_gpr,RX-392,FPFVPEGEWVRCGK-UHFFFAOYSA-N,C=COCCF,train,false,-0.6031946191833413,-1.0213135166376301,0.6311667059708123,0.4181188974542889
rx392:67270c9a9113802536fa59895226efff-C4H8O1-0-1,reduction_free_energy,fingerprint_gpr,RX-392,ZSPTYLOMNJNZNG-UHFFFAOYSA-N,C=CCCO,train,false,-0.7005547053358896,-0.8989418855649971,0.6446472674754193,0.1983871802291075
rx392:608a852d63f3b4f49956bae07e2b3f8c-O2-0-1,reduction_free_energy,fingerprint_gpr,RX-392,MYMOFIZGZYHOMD-UHFFFAOYSA-N,O=O,train,false,-4.480405129331302,-3.827519146561627,0.6491253994313583,0.6528859827696754
rx392:dd0f80fa049b9315dcc8619dcd456691-C1F1H2O2P1-0-1,reduction_free_energy,fingerprint_gpr,RX-392,MAJMPRMKWNLKLB-RXMQYKEDSA-N,[CH-]=[O+][P@@](O)F,train,false,-2.901477668325242,-2.8372027385019734,0.6530750885384309,0.06427492982326877
rx392:77f1b2b9ecd647aa592fe99eea6c12a7-C2F1H3-0-1,reduction_free_energy,fingerprint_gpr,RX-392,UWUSHLGXEGIMLQ-UHFFFAOYSA-N,C[C-]=[F+],train,false,-2.7747603218194854,-2.743022837763389,0.6561914004164433,0.03173748405609622
rx392:026d6508bf37cf251bb0523a14289794-C2F1H3-0-1,reduction_free_energy,fingerprint_gpr,RX-392,XUCNUKMRBVNAPB-UHFFFAOYSA-N,C=CF,train,false,-0.9939156146429013,-1.868024016669973,0.5783276827325269,0.8741084020270717
rx392:e46dd34a11fd8764dd5df89a238cb0c1-C2H2O3-0-1,reduction_free_energy,fingerprint_gpr,RX-392,GRUQTSNPKSBFCU-UHFFFAOYSA-N,[CH-]=[O+]C(=O)O,train,false,-3.1008482462057145,-2.852856626511121,0.6230347040007228,0.2479916196945937
rx392:4fd4eca88b4746a85c49a2ec924ad076-C4F1H5O1-0-1,reduction_free_energy,fingerprint_gpr,RX-392,KOTSEKBQFCVDHQ-UHFFFAOYSA-N,C=[C-]OCC=[F+],train,false,-4.731231345045671,-4.380976380452322,0.6736510447004143,0.3502549645933497
rx392:d51b2ba8b3abc455636b457aa8624881-C4F1H5O1-0-1,reduction_free_energy,fingerprint_gpr,RX-392,DJNAECOKNXPLQG-UHFFFAOYSA-N,C=[C-][O+]=CCF,test,true,-3.2231923750514397,-3.3947659133341395,1.3032893257604037,0.17157353828269972
rx392:669d18218c5a65be4111e7e54cfabf4c-C4F1H5O1-0-1,reduction_free_energy,fingerprint_gpr,RX-392,FQSFRNBGIOXIAL-UHFFFAOYSA-N,C=C[O+]=[C-]CF,train,false,-2.489568480716116,-2.3787850255907097,0.6445500778342559,0.11078345512540633
rx392:ce9ba929822d1046826f4eb6a16e7d3d-C4F1H5O1-0-1,reduction_free_energy,fingerprint_gpr,RX-392,JSZXJSAAUNIPPB-ONEGZZNKSA-N,C=CO/C=C/F,test,true,-0.8225359931348066,-1.1850111164122648,0.8024663809297773,0.3624751232774581
rx392:4adee762bef56a023f7ba785e0ae3c78-C4F1H5O1-0-1,reduction_free_energy,fingerprint_gpr,RX-392,YIFLLUFXHUBQLQ-UHFFFAOYSA-N,C#COCCF,train,false,-1.3524649042283272,-1.6211957051183044,0.655246789428253,0.26873080088997714
rx392:ed5c6fe25b5000d0904487cc91430c03-C4F1H5O1-0-1,reduction_free_energy,fingerprint_gpr,RX-392,GZXBZRDDNZNSPA-UHFFFAOYSA-N,[CH2-]COC=C=[F+],train,false,-4.247450757715342,-4.1617975904616,0.6847626222311939,0.08565316725374217
rx392:d8690e8a904412eff5d3f72114c404fc-C4F1H5O1-0-1,reduction_free_energy,fingerprint_gpr,RX-392,JSDDQFGOKCHKKY-UHFFFAOYSA-N,C=COC[C-]=[F+],test,true,-2.9884929825129802,-2.219036606722686,0.9258041838431685,0.7694563757902944
rx392:d6dcd30d93f1e9b6f23abb71db2810c3-C3O3-0-1,reduction_free_energy,fingerprint_gpr,RX-392,ZYFDSSUZPIREPW-UHFFFAOYSA-N,O=c1oc#co1,test,true,-5.320090743909532,-1.7968406022883172,1.5351514309277388,3.5232501416212143
rx392:57311bbaca6db6c4aea47d0a657dca1d-C2F1H3O1-0-1,reduction_free_energy,fingerprint_gpr,RX-392,OUJKXJCTKVAHMW-UHFFFAOYSA-N,C=C(O)F,test,true,-1.0470987859507659,-2.4912666639681103,0.7136071610387756,1.4441678780173444
rx392:34762e4f0a628856a19d3d0cfc263fe9-C2F1H3O1-0-1,reduction_free_energy,fingerprint_gpr,RX-392,FQHQFKKLNBWDFN-UHFFFAOYSA-N,OC[C-]=[F+],test,true,-2.9298957846731355,-3.0181833457860754,0.6634265041223564,0.0882875611129399
rx392:9a4435a9c40da4fefd8f636d2ac3cf88-C1F2S1-0-1,reduction_free_energy,fingerprint_gpr,RX-392,FOCAHLGSDWHSAH-UHFFFAOYSA-N,FC(F)=S,train,false,-2.9644537851127097,-2.94771442842552,0.6784969459463519,0.016739356687189844
rx392:9595d8fa8e1dcddb5105d12f20ebe40f-C3O2-0-1,reduction_free_energy,fingerprint_gpr,RX-392,FLTLJXSVXKNUEG-UHFFFAOYSA-N,[C-]#COC#[O+],train,false,-5.198229913687101,-5.001580137261202,0.6886241587897532,0.19664977642589854
rx392:ca59b15f7aefab2d49c8c11b6615c290-C1F2-0-1,reduction_free_energy,fingerprint_gpr,RX-392,LTVOKYUPTHZZQH-UHFFFAOYSA-N,F[C-]=[F+],train,false,-2.882310495881029,-2.9393676606569965,0.6607822600362999,0.05705716477596745
rx392:2a388c1f9dc62f9fbac9a6c21f953731-C2F2H2-0-1,reduction_free_energy,fingerprint_gpr,RX-392,WFLOTYSKFUPZQB-OWOJBTEDSA-N,F/C=C/F,test,true,-1.1881159255053717,-2.317244444779028,0.7469927720843004,1.1291285192736562
rx392:f63f9c835239d71494f5de95b4f84e70-C2F1O1P1-0-1,reduction_free_energy,fingerprint_gpr,RX-392,ABNPZFCPRKJGHG-UHFFFAOYSA-N,[C+]#CO[P-]F,train,false,-4.972570268537311,-4.941863626676611,0.685510557260243,0.030706641860700046
rx392:089df419ed7c91b59ca2d4fe026c3661-C3H2-0-1,reduction_free_energy,fingerprint_gpr,RX-392,LPUFMQSFYARLPQ-UHFFFAOYSA-N,[C-]#C[CH2+],train,false,-4.251993844313802,-4.056824119974349,0.6769142678704886,0.19516972433945234
rx392:77eafc00794f25345e928a654ce7021d-C3H2-0-1,reduction_free_energy,fingerprint_gpr,RX-392,OUSWHEMIRJJMAW-UHFFFAOYSA-N,[CH+]=C=[CH-],train,false,-4.010907262069395,-3.753781197091553,0.6698187067825937,0.2571260649778422
rx392:dfc867f60c83e93a4dd1f5eb6394c536-C3H2-0-1,reduction_free_energy,fingerprint_gpr,RX-392,VVLPCWSYZYKZKR-UHFFFAOYSA-N,C1=CC=1,test,true,-1.7395630870305467,-2.619518307315399,0.7311639017270049,0.8799552202848524
rx392:f042ce2a042dbb48b9d20bb0ad59c396-C4O1-0-1,reduction_free_energy,fingerprint_gpr,RX-392,CDVSZGXKZFCJCX-UHFFFAOYSA-N,[C+]#CC#C[O-],train,false,-5.455412494146913,-5.349530073577213,0.6919008311454874,0.10588242056969932
rx392:d9535e0927b4e45ca0362a0e9da2f8c5-C1O2-0-1,reduction_free_energy,fingerprint_gpr,RX-392,CURLTUGMZLYLDI-UHFFFAOYSA-N,O=C=O,test,true,-1.841995024159587,-2.622725775288531,0.6289544206516826,0.7807307511289441
rx392:717bb68f76a95d83f831725af11d12bf-C4H4O1-0-1,reduction_free_energy,fingerprint_gpr,RX-392,XGIVOKYSENAIBM-UHFFFAOYSA-N,C=CC=C=O,train,false,-2.277874863627403,-2.3369287059087243,0.6728155589552548,0.059053842281321156
rx392:0a385519fdb46414e6b03aee5f5046b6-C4H4O1-0-1,reduction_free_energy,fingerprint_gpr,RX-392,WTHYFEKXKDCABL-UHFFFAOYSA-N,OCC1=C=C1,train,false,-1.6041462673965725,-1.6992091877308355,0.6954085006625311,0.095062920334263
rx392:df614fd2c582a561f8265c9a763f8029-C4H4O1-0-1,reduction_free_energy,fingerprint_gpr,RX-392,LTEGMYHYMQASQH-ONEGZZNKSA-N,C#C/C=C/O,train,false,-0.9848951106114328,-1.209307611986706,0.6793577488718004,0.22441250137527335
rx392:34d21e66568aa8000fea1118e704ad8c-C4H4O1-0-1,reduction_free_energy,fingerprint_gpr,RX-392,YPNHTQKSEBTVTA-UHFFFAOYSA-N,[CH+]=C=[C-]CO,train,false,-3.620618136471421,-3.496756041237383,0.6774619834396025,0.12386209523403835
rx392:d404b61e927388aef6c12bd8b0a5f193-C4H4O1-0-1,reduction_free_energy,fingerprint_gpr,RX-392,GROQXUVMFYCDCH-UHFFFAOYSA-N,[C-]#C[CH+]CO,train,false,-4.053583250768497,-3.924455846184932,0.6900230797750191,0.1291274045835653
rx392:96f0ebf9f78c01889f1767da151819ef-C4H4O1-0-1,reduction_free_energy,fingerprint_gpr,RX-392,KYTQITOHJJHPDS-UHFFFAOYSA-N,C=C[C+]=C[O-],test,true,-3.88725118700404,-2.8236293109606536,1.1292016275377652,1.0636218760433862
rx392:86246cda987d79bef420a20538b9f58d-C4H4O1-0-1,reduction_free_energy,fingerprint_gpr,RX-392,OYBQILSQCOWJHL-UHFFFAOYSA-N,C=C=CC=O,train,false,-2.154710968049585,-2.1840974461859686,0.6810866297622827,0.02938647813638351
rx392:fa23fdb99d7369ef92fae66db79c9646-C4H4O1-0-1,reduction_free_energy,fingerprint_gpr,RX-392,CBANTOIXIJQPFT-UHFFFAOYSA-N,C=[C+]C=[C-]O,train,false,-2.5605250160888318,-2.558830349898252,0.6841605579633884,0.0016946661905796745
rx392:9eb2988bd2c4c29bc331257730678f58-C4H4O1-0-1,reduction_free_energy,fingerprint_gpr,RX-392,DITVRNREGUJROD-UHFFFAOYSA-N,C=CC#CO,train,false,-1.8143259428397869,-1.9121815071041683,0.6668202163240374,0.09785556426438147
rx392:8f762fee749beeeae9284d231a27fa81-C4H4O1-0-1,reduction_free_energy,fingerprint_gpr,RX-392,CGMKCLKVASCLPD-UHFFFAOYSA-N,[O-]C[c+]1cc1,train,false,-2.486816320400976,-2.49477255000002,0.6967526034084757,0.007956229599043851
rx392:3cb51328ce5a796a981172e6c49047d2-C4H4O1-0-1,reduction_free_energy,fingerprint_gpr,RX-392,OGQNOIVDVXRWRE-UHFFFAOYSA-N,C#CCC=O,train,false,-1.4968980909143283,-1.638044369583497,0.6700460583762341,0.14114627866916862
rx392:c9378c2b3015c8ea86777ab68e160976-C4H4O1-0-1,reduction_free_energy,fingerprint_gpr,RX-392,MVKDNEGFXJWGSU-UHFFFAOYSA-N,C=C=C=CO,train,false,-2.0292949186359692,-2.0303986560740546,0.6834551820864931,0.0011037374380853393
rx392:dad684072d722bc093205e405a3ba53e-C2H3O1P1-0-1,reduction_free_energy,fingerprint_gpr,RX-392,NOHDQPINCFUWAH-UHFFFAOYSA-N,C1=POC1,train,false,-1.9252358446501603,-2.0402110327716545,0.6853075133081097,0.11497518812149421
rx392:77c664eeb5278406e50f4110656abf11-C2H3O1P1-0-1,reduction_free_energy,fingerprint_gpr,RX-392,QEMVZEKDXHHVTD-UHFFFAOYSA-N,C=C[O+]=[P-],train,false,-3.8400267042943597,-3.549238555683237,0.6607829413211646,0.29078814861112257
rx392:7b49e2b8308c6aca4cea6ad206841e70-C3H6O3-0-1,reduction_free_energy,fingerprint_gpr,RX-392,IEJIGPNLZYLLBP-UHFFFAOYSA-N,COC(=O)OC,train,false,-0.7449517287968774,-1.1169570323943097,0.6753092289384863,0.3720053035974322
rx392:e6fda78e26bde59f3f7b9dd469251c75-C2H2-0-1,reduction_free_energy,fingerprint_gpr,RX-392,HSFWRNGVRCDJHI-UHFFFAOYSA-N,C#C,train,false,-1.2870571953822036,-1.871001890786211,0.6114741266909182,0.5839446954040073
rx392:b70818472fa2a9ce7a9445f51da53842-C4H4-0-1,reduction_free_energy,fingerprint_gpr,RX-392,WXBUKAPYXQZTGS-UHFFFAOYSA-N,[CH-]=C[C+]=C,train,false,-3.4560611099313974,-3.2707467737966973,0.6717782547037414,0.18531433613470005
rx392:352c093fd23cdc6610076725c4186609-C4H4-0-1,reduction_free_energy,fingerprint_gpr,RX-392,WFYPICNXBKQZGB-UHFFFAOYSA-N,C#CC=C,train,false,-1.7372033405845286,-1.8593942264338652,0.6610994556789468,0.12219088584933657
rx392:d8dd086cad717e230689723ea8f4d600-C2H4O1-0-1,reduction_free_energy,fingerprint_gpr,RX-392,QJVFBSULGFNYKF-UHFFFAOYSA-N,[CH-]=[O+]C,train,false,-2.182743182309423,-2.5399524854728632,0.6252710274639598,0.35720930316344024
rx392:17a19cea6a7365e56c7fb753dc613eed-C2H4O1-0-1,reduction_free_energy,fingerprint_gpr,RX-392,ALPNRGFNSBABCF-UHFFFAOYSA-N,C=[O+][CH2-],test,true,-2.6010888596238146,-2.872084586541821,0.6737012055848406,0.27099572691800633
rx392:f42321c652bedf6fd652e9b0129f9b90-C2H4O1-0-1,reduction_free_energy,fingerprint_gpr,RX-392,IMROMDMJAWUWLK-UHFFFAOYSA-N,C=CO,train,false,-0.5876702181676592,-1.0745539479721429,0.6505576416871699,0.4868837298044837
rx392:7019b6e9d5861ab98b5afd52b3e6b2b4-O2S1-0-1,reduction_free_energy,fingerprint_gpr,RX-392,RAHZWNYVWXNFOC-UHFFFAOYSA-N,O=S=O,train,false,-3.433293927953855,-3.282053193284243,0.6718600676871378,0.15124073466961185
rx392:eea5abe87924b73848bbbdd330660e88-C2H4O1-0-1,reduction_free_energy,fingerprint_gpr,RX-392,IKHGUXGNUITLKF-UHFFFAOYSA-N,CC=O,train,false,-1.225587088757493,-1.5295221676955966,0.6583355433183317,0.3039350789381037
rx392:600ebb07b249b7cbfca57c3d9db067aa-C3F1H5O1-0-1,reduction_free_energy,fingerprint_gpr,RX-392,LHYAEMPPNIXGCD-UHFFFAOYSA-N,[CH2-][O+]=CCF,test,true,-2.7810180728438354,-2.9770494798949514,1.1294956613540041,0.196031407051116
rx392:2c460dabb27022713f6ef673942553fb-C3F1H5O1-0-1,reduction_free_energy,fingerprint_gpr,RX-392,BJZRZNNVMYEWTG-UHFFFAOYSA-N,[CH-]=[O+]CCF,train,false,-2.3212722561320334,-2.350129271346887,0.6630794472734769,0.028857015214853732
rx392:2a7038045e0ffe3518968f79bd496cbd-C2O1-0-1,reduction_free_energy,fingerprint_gpr,RX-392,WPPUQEJWLSCIER-UHFFFAOYSA-N,C1#CO1,train,false,-4.157029813133704,-3.903100039149841,0.6839154160777328,0.25392977398386307
rx392:6526f866a7fadcec9362735ba14ceaec-C2O1-0-1,reduction_free_energy,fingerprint_gpr,RX-392,VILAVOFMIJHSJA-UHFFFAOYSA-N,[C+]#C[O-],train,false,-5.660048233446105,-5.083665426174126,0.645662299873303,0.5763828072719788
rx392:8d3efaa4d851690620e0b9623f321f49-C2H2O2-0-1,reduction_free_energy,fingerprint_gpr,RX-392,ZUQAPLKKNAQJAU-UHFFFAOYSA-N,OC#CO,train,false,-1.863722284438154,-2.0106516263017338,0.6214520564083051,0.14692934186357975
rx392:bdff71708378e53bec98bbb3fe4eb1ba-C2H2O2-0-1,reduction_free_energy,fingerprint_gpr,RX-392,WVKOKNQPFFEMSR-UHFFFAOYSA-N,O=C=CO,train,false,-2.3032209981247433,-2.332006528994547,0.6558970809131386,0.028785530869803733
rx392:63769b47845d3137f387e3f82470c1c1-C2H2O2-0-1,reduction_free_energy,fingerprint_gpr,RX-392,LVHRYALDLLEVEI-UHFFFAOYSA-N,[O-]C=[C+]O,train,false,-3.422451504837227,-3.3786072463860592,0.6751463882154238,0.04384425845116757
rx392:94475f73a1d56a2569e9bd20f87fcce9-C2H2O2-0-1,reduction_free_energy,fingerprint_gpr,RX-392,LEQAOMBKQFMDFZ-UHFFFAOYSA-N,O=CC=O,train,false,-3.1308530457508823,-2.8874121287029975,0.635155949909153,0.24344091704788484
rx392:ec16263886edf512f85f2220e95c56fc-F1N1S1-0-1,reduction_free_energy,fingerprint_gpr,RX-392,IMFUYZDKLVTPSW-UHFFFAOYSA-N,N#SF,test,true,-3.714114508276907,-3.1942681166040274,0.9550320672538452,0.5198463916728797
rx392:79062cdbb9ba23fa8889e4308470481e-C1H3O1P1-0-1,reduction_free_energy,fingerprint_gpr,RX-392,GHKHMOXIOVURDV-UHFFFAOYSA-N,C[O+]=[P-],train,false,-3.5955928857183608,-3.351489169679422,0.6557766549668506,0.24410371603893877
rx392:d27d50d59db302f5c59659367756f95b-C3H4O2-0-1,reduction_free_energy,fingerprint_gpr,RX-392,LSERFZTYQJGIIQ-UHFFFAOYSA-N,[CH-]=[O+][C-]=[O+]C,train,false,-3.0770860466509475,-3.0552082767080853,0.6749575207547767,0.02187776994286228
rx392:34bc207638fea54ddec67f0dba000f16-C3H4O2-0-1,reduction_free_energy,fingerprint_gpr,RX-392,VMMCEBXMWYYEPC-UHFFFAOYSA-N,[CH2-][O+]=C=[O+][CH2-],train,false,-4.152060453084232,-4.004859809199081,0.6858414486811066,0.1472006438851512
rx392:1910c66317a43ac1a84f43717dbf0ae5-C3H4O2-0-1,reduction_free_energy,fingerprint_gpr,RX-392,JTNLWJFHWILBSI-UHFFFAOYSA-N,C=C[O+]=[C-]O,train,false,-1.0002162069249607,-1.3019549235045849,0.6619629000505897,0.30173871657962414
rx392:2fa911ba20075e558feaaeba5f735f06-C3H4O2-0-1,reduction_free_energy,fingerprint_gpr,RX-392,IGDWZJVLDCGUOP-UHFFFAOYSA-N,[CH-]=[O+]CC=O,test,true,-2.4126139840891483,-2.7346347574624206,0.6660713592803589,0.3220207733732723
rx392:97bf22fefb34db5d1e8c2c68182b5b54-C3F1H3O2-0-1,reduction_free_energy,fingerprint_gpr,RX-392,QAASNXVFZQIXDD-UWTATZPHSA-N,O=C1OC[C@H]1F,train,false,-1.470534673813745,-1.5652824489146333,0.6951218966391617,0.09474777510088828
rx392:4cecb3d23331364b36306d3854c4138e-C3F1H3O2-0-1,reduction_free_energy,fingerprint_gpr,RX-392,KTKPMYNFYLRXHC-REOHCLBHSA-N,O=C1C[C@@H](F)O1,test,true,-1.3716367642773548,-2.361677086120725,1.2850954855630616,0.9900403218433702
rx392:d9b4ba38c9c0d3ff7f6d54d228e9e566-C3F1H3O2-0-1,reduction_free_energy,fingerprint_gpr,RX-392,PDBVVFPFLGGBJC-GSVOUGTGSA-N,F[C@H]1C[O+]=[C-]O1,train,false,-1.6227568433532724,-1.6723582761031617,0.6980605363957005,0.04960143274988926
rx392:a7edd3047d627321616f873cc83d2e5e-O1S1-0-1,reduction_free_energy,fingerprint_gpr,RX-392,XTQHKBHJIVJGKJ-UHFFFAOYSA-N,O=S,train,false,-4.566120905208663,-3.750214659880625,0.625735646301465,0.8159062453280383
rx392:53eb1fdbc1f2979b1e1d4130d5ba5230-C1H1O3P1-0-1,reduction_free_energy,fingerprint_gpr,RX-392,GFKOZOLWKBKQSO-UHFFFAOYSA-N,[CH+]=[O+]P([O-])[O-],train,false,-4.1388655295850185,-4.002731833389607,0.6877645664832884,0.1361336961954116
rx392:bbcc38cf2eedd48ebaf4305ecfb486f1-C2F1H4O1P1-0-1,reduction_free_energy,fingerprint_gpr,RX-392,JCWRFJCNMTWLPK-UHFFFAOYSA-N,FCC[O+]=[P-],train,false,-3.648084074504368,-3.508888197801493,0.650937622579336,0.1391958767028747
rx392:f7f9133d8a497a106aa41c1b52ac672a-C3H2O3-0-1,reduction_free_energy,fingerprint_gpr,RX-392,OIRKEYBSXAKFEG-UHFFFAOYSA-N,C#COC(=O)O,train,false,-1.7973394878135878,-1.9276826669863025,0.6714755697485196,0.13034317917271476
rx392:3fb941d50a3516ed67ee46f8c3734696-C3H2O3-0-1,reduction_free_energy,fingerprint_gpr,RX-392,DZAVROKYUKLHKI-UHFFFAOYSA-N,O[C-]=[O+][C+]=CO,train,false,-4.056761397350783,-3.8593183550605215,0.6919570768430988,0.19744304229026177
rx392:a98427e6929735cbbf7041ad27c4e789-C3H2O3-0-1,reduction_free_energy,fingerprint_gpr,RX-392,IIXJQSDWIGLBMK-UHFFFAOYSA-N,O=C=C[O+]=[C-]O,train,false,-2.6537930807735393,-2.6236212225626727,0.6749018371787227,0.030171858210866542
rx392:aea0bce2cd3fef5c37faf048e72009db-C3H2O3-0-1,reduction_free_energy,fingerprint_gpr,RX-392,YJHQIFYRQAFGQT-UHFFFAOYSA-N,OC#C[O+]=[C-]O,test,true,-2.330590552986905,-2.382860982210368,1.0504557996285315,0.05227042922346303
rx392:755fd53074b2ce97f914e86d67868f47-C3H2O3-0-1,reduction_free_energy,fingerprint_gpr,RX-392,VAYTZRYEBVHVLE-UHFFFAOYSA-N,O=c1occo1,test,true,-1.188543852964358,-3.472448625255642,1.4112898931737652,2.283904772291284
rx392:b2dca69accb554b099a6457183c3d020-C4H2O1-0-1,reduction_free_energy,fingerprint_gpr,RX-392,PNUPOTHXVFOIPH-UHFFFAOYSA-N,C#CC=C=O,test,true,-2.518028592206065,-2.099520288127452,1.1370685836612004,0.4185083040786126
rx392:9656e50e43ddda7361eaee69d531f655-C4H2O1-0-1,reduction_free_energy,fingerprint_gpr,RX-392,MPWMGYWYHDNMBY-UHFFFAOYSA-N,[C+]#CC=C[O-],test,true,-4.936138266137277,-4.456108234044375,1.2551138681347591,0.48003003209290185
rx392:d8085953de6741ce68ab26767ff39bd6-C4H2O1-0-1,reduction_free_energy,fingerprint_gpr,RX-392,DCCHGIXMZZZONN-UHFFFAOYSA-N,[C-]#CCC#[O+],test,true,-4.039478831458837,-3.7205161704317864,1.2464484779913187,0.3189626610270504
rx392:139f2b49c8be376cb14db500a3762e95-C4H2O1-0-1,reduction_free_energy,fingerprint_gpr,RX-392,HLFJXKFMBIFMJS-UHFFFAOYSA-N,[C-]#C[C+]=CO,train,false,-4.264517945862281,-4.056723539340661,0.6894379448050992,0.20779440652161973
rx392:d2742e8c94dac6d9f0a981b01592faa6-C4H2O1-0-1,reduction_free_energy,fingerprint_gpr,RX-392,LKBNOWKSKAWTFX-UHFFFAOYSA-N,C#CC#CO,train,false,-2.1159002748336206,-2.165133985352555,0.6837722767117781,0.04923371051893444
rx392:2059a08bead111d2aaa444ef43111fac-C4H2O1-0-1,reduction_free_energy,fingerprint_gpr,RX-392,MUDCFAXVUHCJJF-UHFFFAOYSA-N,O=CC1=C=C1,train,false,-3.071338889677463,-2.9937496963802035,0.692339087044888,0.07758919329725966
rx392:7a3b1b8b453a89b7f1eece28e766a0f7-C4H2O1-0-1,reduction_free_energy,fingerprint_gpr,RX-392,SNSRHYGVROTZIT-UHFFFAOYSA-N,[C-]#CC=[C+]O,train,false,-4.47307063100925,-4.32948728577319,0.6925636169954643,0.14358334523605976
rx392:e9f04108db37fc1f8d7f364fe7f54591-C3F1H3O1-0-1,reduction_free_energy,fingerprint_gpr,RX-392,ZAOLUEKKEAPLGC-VKHMYHEASA-N,F[C@@H]1C[C-]=[O+]1,train,false,-2.384100315513024,-2.402695215147949,0.6867968762157085,0.018594899634925
rx392:05a3eea09be53c21b3993fb3211c85f0-C3F1H3O1-0-1,reduction_free_energy,fingerprint_gpr,RX-392,CHGZFHWILYWLLL-GSVOUGTGSA-N,F[C@H]1[C-]=[O+]C1,test,true,-2.6110794799296855,-2.2481572446335525,0.975050386816064,0.362922235296133
rx392:0913732cc5892b35a63c9dc59f58c51e-C3F1H3O1-0-1,reduction_free_energy,fingerprint_gpr,RX-392,KXDSHNIRPKBDIW-UHFFFAOYSA-N,[CH2-]OC=C=[F+],test,true,-3.7159856143389334,-4.228269098849874,0.8419199432625054,0.5122834845109407
rx392:8bd924e490bcfea65e8b756b1bfb8893-C3F1H3O1-0-1,reduction_free_energy,fingerprint_gpr,RX-392,XXEXRXKCJYEXJC-UHFFFAOYSA-N,[CH2-][O+]=C=CF,train,false,-3.415264588496939,-3.3081869134691173,0.6725487642017293,0.1070776750278215
rx392:bf61d7471859b3b633d42da39968ff3c-C3F1H3O1-0-1,reduction_free_energy,fingerprint_gpr,RX-392,UFFXTCAXVUKPBT-NSCUHMNNSA-N,[CH-]=[O+]/C=C/F,test,true,-2.6135157967892155,-2.76036125451749,0.8799411920099597,0.1468454577282743
rx392:4221dfc057671ef0d5fb5d0f87b67d55-C3F1H3O1-0-1,reduction_free_energy,fingerprint_gpr,RX-392,AYWOXVSVGIDGKF-UHFFFAOYSA-N,[CH-]=[O+]C[C-]=[F+],train,false,-2.4514771026179005,-2.634227728633572,0.6642063630762223,0.18275062601567127
rx392:e55a6daf043edfbcdbbc4f7947bbfc71-C3F1H1O2-0-1,reduction_free_energy,fingerprint_gpr,RX-392,SVMAUGPTISPORA-UHFFFAOYSA-N,Fc1c[o+][c-]o1,train,false,-1.765384124169941,-1.8087562413613594,0.69970885704946,0.04337211719141831
rx392:bf3aa5108a56a034a6a68caac2498f35-C2F1H1O1-0-1,reduction_free_energy,fingerprint_gpr,RX-392,FFOWAQICHGFLEL-UHFFFAOYSA-N,OC#CF,train,false,-2.2240980175092773,-2.314789401622263,0.6127088676519685,0.09069138411298594
rx392:843e4de28f492c3f0d835bce97aebc3d-C2F1H1O1-0-1,reduction_free_energy,fingerprint_gpr,RX-392,HNTCBGXYMDSKEY-UHFFFAOYSA-N,O=C=CF,train,false,-2.789340811958027,-2.8112446007065732,0.6604437150500818,0.021903788748546038
rx392:56b04dd4e0a7a8cfed5d4fa60cf10b48-C2F1H1O1-0-1,reduction_free_energy,fingerprint_gpr,RX-392,LADGZKCRZCUWIO-UHFFFAOYSA-N,[O-]C=C=[F+],train,false,-4.309615977941576,-4.094273974260732,0.6662798108059939,0.21534200368084377
rx392:b32f0759f4878403f30f5df678ffb3c8-C1F2O1S1-0-1,reduction_free_energy,fingerprint_gpr,RX-392,WDZXEXFTGXQKCI-UHFFFAOYSA-N,O=S=C(F)F,train,false,-3.0912238146192976,-3.033134089536936,0.6797814927301382,0.05808972508236154
rx392:146f12ef9aa432ac39565855810d1f38-C2H1O1P1-0-1,reduction_free_energy,fingerprint_gpr,RX-392,UHWXAQLTXLZBDY-UHFFFAOYSA-N,C#C[O+]=[P-],test,true,-2.51905471990176,-3.0437314583921142,0.9905586211819948,0.5246767384903541
rx392:329b3fd8697ce440ea6c1628cc6df9f5-F1O2P1-0-1,reduction_free_energy,fingerprint_gpr,RX-392,CCFKWUMXBUQERQ-UHFFFAOYSA-N,O=P(=O)F,train,false,-3.9594786522775394,-3.6163295783039286,0.6618522961135498,0.3431490739736107
rx392:2352bf3b4f33dabe6b7671295b2673e0-C3H2O2-0-1,reduction_free_energy,fingerprint_gpr,RX-392,UQROQIDUTGICFH-UHFFFAOYSA-N,[c-]1occ[o+]1,train,false,-1.0535070905034445,-1.1801971197604608,0.6955704058038253,0.12669002925701633
rx392:4e8e6684a74c3c851aeb4c27c1fcdc02-C3H2O2-0-1,reduction_free_energy,fingerprint_gpr,RX-392,OYKRIXBTRIQKFX-UHFFFAOYSA-N,[O-]C1=[C+]CO1,train,false,-4.523368990361632,-4.353729029527475,0.6981949752643384,0.16963996083415722
rx392:ef12501202de07379d9caeb7f220686f-C3H2O2-0-1,reduction_free_energy,fingerprint_gpr,RX-392,PJCDYOZPTHSALQ-UHFFFAOYSA-N,[C-]1=[O+][C-]=[O+]C1,train,false,-2.954854693109155,-2.899631409488569,0.6984990735288862,0.05522328362058593
rx392:406cafacf48a7628d38d8e46cd783d02-C3H2O2-0-1,reduction_free_energy,fingerprint_gpr,RX-392,OVQPWBHZHCKJFN-UHFFFAOYSA-N,C#C[O+]=[C-]O,train,false,-1.828222234412351,-1.9753386308324616,0.6783642184840918,0.14711639642011054
rx392:384a6b808777c69145ddc061e67fe943-C3O1-0-1,reduction_free_energy,fingerprint_gpr,RX-392,ZCNKODXATWVMAO-UHFFFAOYSA-N,[C-]#CC#[O+],train,false,-3.454100289956841,-3.730159938437811,0.6685727594349223,0.27605964848096987
rx392:08ef2921ab10dd418b8f53a57643fb2b-F1P1-0-1,reduction_free_energy,fingerprint_gpr,RX-392,QUQSORXWLOUIIW-UHFFFAOYSA-N,[F+]=[P-],train,false,-4.30251082925497,-3.65158135721873,0.6191368601873118,0.6509294720362404
rx392:941475dc3544b6163fb267e6867610f8-C3H2O1-0-1,reduction_free_energy,fingerprint_gpr,RX-392,SDWMQFNKBVOBFS-UHFFFAOYSA-N,[CH+]=C=[C-]O,train,false,-3.01771334777186,-3.0318080641290304,0.6612946613567553,0.014094716357170523
rx392:884aff4253be4381e697c7aef229d7ae-C3H2O1-0-1,reduction_free_energy,fingerprint_gpr,RX-392,OSFFAALSRLBVRK-UHFFFAOYSA-N,[C-]#C[CH+]O,train,false,-3.603815355986626,-3.6732388262259814,0.6570855938794712,0.06942347023935547
rx392:05fe1f5c4725fa3ac6722ce4e0dc8f15-C3H2O1-0-1,reduction_free_energy,fingerprint_gpr,RX-392,IJNJLGFTSIAHEA-UHFFFAOYSA-N,C#CC=O,train,false,-2.4613795539926286,-2.524518978773047,0.6388207426206748,0.06313942478041845
rx392:7bbf85d99fbcb4130be624a18fc2aa44-C4H2O2-0-1,reduction_free_energy,fingerprint_gpr,RX-392,ZLAYGKUULCENFX-UHFFFAOYSA-N,O=C=C=CC=O,train,false,-3.8947280413522094,-3.751094844864623,0.6849345274326074,0.14363319648758655
rx392:3d802a4ed9f29b3eeb3c489e4fdda6be-C4H2O2-0-1,reduction_free_energy,fingerprint_gpr,RX-392,IBHMKHMMZPPEQT-UHFFFAOYSA-N,O=C=CC=C=O,test,true,-1.3515707923234004,-2.893768047921563,0.9638794606953554,1.5421972555981625
rx392:28030bd04c51e99bdb3a11371ad239cc-C4H2O2-0-1,reduction_free_energy,fingerprint_gpr,RX-392,LAROZPSQWDTWCT-UHFFFAOYSA-N,O=C=C=C=CO,train,false,-3.2074041868636414,-3.109581357610043,0.6901950002556834,0.09782282925359853
rx392:ed2a7363213ac7d8965225b0d1ff7f2b-C4H2O2-0-1,reduction_free_energy,fingerprint_gpr,RX-392,AHOXMZNKCDMIRQ-UHFFFAOYSA-N,O=C=CC#CO,train,false,-1.6697341785911703,-1.7713563479575647,0.6920697549893747,0.10162216936639434
rx392:eedfc00910bba3c84e88b6b1a210d287-C4H2O2-0-1,reduction_free_energy,fingerprint_gpr,RX-392,RDGLIZKUUULFSM-UHFFFAOYSA-N,O=C[C+]=C=[C-]O,train,false,-3.5780434072676144,-3.4950945663738073,0.692515723379928,0.08294884089380705
rx392:356c6dcd546ab5a579cd9116b6def069-C4H2O2-0-1,reduction_free_energy,fingerprint_gpr,RX-392,KBEJGLIHVKPYOS-UHFFFAOYSA-N,O=C=[C+]C=[C-]O,train,false,-4.042490403999182,-3.866873894462716,0.6866990162096064,0.17561650953646568
rx392:ce74317914cb1a834da31fbbe5722320-C4H2O2-0-1,reduction_free_energy,fingerprint_gpr,RX-392,GERYVQDMLQDEAU-UHFFFAOYSA-N,[O+]#CC=C=C[O-],test,true,-3.2886407093556045,-3.068096571220427,1.1338795150189585,0.22054413813517737
rx392:3c9b68f5d8dd01a6ba62671d2261c12d-C4H2O2-0-1,reduction_free_energy,fingerprint_gpr,RX-392,AZEBXWRLBFPUTO-UHFFFAOYSA-N,O=CC#CC=O,train,false,-3.287214686268271,-3.144347490197413,0.6804187274080541,0.14286719607085807
rx392:ae8eef2114f08f7925237c23134866fa-F1N1S2-0-1,reduction_free_energy,fingerprint_gpr,RX-392,LVGRAYFPKDSCNT-UHFFFAOYSA-N,FSN=S,test,true,-4.091541206671536,-3.522496478587305,0.9379137294929523,0.569044728084231
rx392:160d885d28576d91e274f1defce0c389-C1H3O2P1-0-1,reduction_free_energy,fingerprint_gpr,RX-392,XKCQASMZNPBLKI-UHFFFAOYSA-N,COP=O,test,true,-2.358970871182464,-2.3769603374860253,0.8222050573917696,0.01798946630356113
rx392:1c3f5eecc1fb05d7cb13d87345a2cdc6-C1F1H1-0-1,reduction_free_energy,fingerprint_gpr,RX-392,YUCFVHQCAFKDQG-UHFFFAOYSA-N,[CH-]=[F+],train,false,-3.256112743542417,-3.122799645930129,0.6508137749740706,0.13331309761228782
rx392:04373f67ba12209dc4cb674e15e966cb-C4H6O1-0-1,reduction_free_energy,fingerprint_gpr,RX-392,NCFPZDYBQKIZMD-UHFFFAOYSA-N,[CH2+]C=[C-]CO,train,false,-3.263016222323131,-3.1402085972899667,0.6735746678938855,0.12280762503316422
rx392:45ec2f77e11a813fd074c55af028ffad-C4H6O1-0-1,reduction_free_energy,fingerprint_gpr,RX-392,IWJMQXOBCQTQCF-UHFFFAOYSA-N,C=CCC=O,train,false,-1.341336303494245,-1.4204463292873346,0.6779641348666767,0.07911002579308968
rx392:3b00e16ecf8c4c7ae66cefedc1ec0eb2-C4H6O1-0-1,reduction_free_energy,fingerprint_gpr,RX-392,QYKIQEUNHZKYBP-UHFFFAOYSA-N,C=COC=C,train,false,-0.7889726618768691,-0.9003131135665552,0.6769828415698422,0.11134045168968609
rx392:d925982cbfe76b9f0a3f5c5c5b67723c-C4H6O1-0-1,reduction_free_energy,fingerprint_gpr,RX-392,LNDKRVOOYMEYTC-ONEGZZNKSA-N,C=C/C=C/O,train,false,-1.1824457113225435,-1.2958604256787023,0.6629003714090479,0.1134147143561588
rx392:d02791f154fc6140f1633530b3922ba3-C4H6O1-0-1,reduction_free_energy,fingerprint_gpr,RX-392,JXKCVRNKAPHWJG-UHFFFAOYSA-N,C=C=CCO,train,false,-1.3766786967953522,-1.450625488592602,0.6742302144125912,0.07394679179724983
rx392:27b95b5385bfb3ad0a3841da7f6712d8-C4H6O1-0-1,reduction_free_energy,fingerprint_gpr,RX-392,OTJZCIYGRUNXTP-UHFFFAOYSA-N,C#CCCO,train,false,-0.8934086860763273,-1.0020824934696841,0.6821195196329715,0.10867380739335686
rx392:a59b346cd7beb352d5b9bae0658151d7-C2H6O1-0-1,reduction_free_energy,fingerprint_gpr,RX-392,LFQSCWFLJHTTHZ-UHFFFAOYSA-N,CCO,train,false,-0.4939470196814,-0.9573892244892062,0.651268733066351,0.4634422048078062
rx392:a3db9544d034c691cbc60faa12755e71-C2H6O1-0-1,reduction_free_energy,fingerprint_gpr,RX-392,LCGLNKUTAGEVQW-UHFFFAOYSA-N,COC,test,true,-0.02581895091680053,-1.9808214973975375,0.867707856536301,1.955002546480737
rx392:7bf5519e5982924121186547eaf5d649-C4H8O2-0-1,reduction_free_energy,fingerprint_gpr,RX-392,ORTVZLZNOYNASJ-OWOJBTEDSA-N,OC/C=C/CO,train,false,-0.9353922282916756,-1.0454579400505282,0.6774626735600043,0.1100657117588526
rx392:c0a13cb44784464a401b3028b3b5869d-C4H8O2-0-1,reduction_free_energy,fingerprint_gpr,RX-392,PIAOXUVIBAKVSP-UHFFFAOYSA-N,O=CCCCO,train,false,-1.273258632132638,-1.3256138708857712,0.6394494315185301,0.05235523875313319
rx392:02e13eb9623710b55d20c36768c4bd9d-C4H8O2-0-1,reduction_free_energy,fingerprint_gpr,RX-392,VELCGBOSFKSMCL-UHFFFAOYSA-N,O[CH+]CC[CH-]O,train,false,-2.9463480141348555,-2.9498785651164776,0.6949781089078114,0.003530550981622138
rx392:c686e9e23fc75f07b4bd59c858545550-C4H8O2-0-1,reduction_free_energy,fingerprint_gpr,RX-392,SLZVWNSKTHSLQV-UHFFFAOYSA-N,[O-]CCC[CH+]O,train,false,-3.6079212623844796,-3.5217823206913876,0.6847502189882191,0.086138941693092
rx392:84ac55e3ad863f76a68984ab7b64ff26-C4H8O2-0-1,reduction_free_energy,fingerprint_gpr,RX-392,OZCRKDNRAAKDAN-HNQUOIGGSA-N,O/C=C/CCO,train,false,-0.45390513916026975,-0.5932288966916479,0.6821785810937934,0.13932375753137816
rx392:f92b9a6ed7e1114a9b4fc807be6de284-C4H8O2-0-1,reduction_free_energy,fingerprint_gpr,RX-392,WSJASAOEQFRGMD-UHFFFAOYSA-N,CCO[C-]=[O+]C,train,false,-1.2241395623004792,-1.28246255634693,0.6755260950575317,0.058322994046450916
rx392:0af1d0155d7207c806d7d5e78e18bece-C2F1H3O2-0-1,reduction_free_energy,fingerprint_gpr,RX-392,JNEQDYIGMHVAEU-UHFFFAOYSA-N,O=CCOF,train,false,-1.8707594109455385,-1.9688867158240577,0.686848541137153,0.09812730487851917
rx392:f1220d1f66a012560b6d7b7cc0c7fd6f-C2F1H3O2-0-1,reduction_free_energy,fingerprint_gpr,RX-392,JKKYWQUELJLABD-UHFFFAOYSA-N,[O-]CC(O)=[F+],test,true,-3.233539406406635,-2.726059179311966,1.1154246270232306,0.507480227094669
rx392:d007f8ebbf7675fb135fc14956eb395b-C2F1H3O2-0-1,reduction_free_energy,fingerprint_gpr,RX-392,MFPBWDUJXLGBJA-UHFFFAOYSA-N,O=C(F)CO,train,false,-1.6954867167787597,-2.051219132149412,0.6448077077386334,0.35573241537065226
rx392:f1df0b6638cbfa57107ca92f4cfc1a7b-C4H6O2-0-1,reduction_free_energy,fingerprint_gpr,RX-392,MGBUMQZXWSKNOU-UHFFFAOYSA-N,[O+]#CCCC[O-],test,true,-3.7456628734016704,-3.286833084802799,1.2190442865959064,0.45882978859887125
rx392:f1d587942678f6938595d6db7fa9c2e8-C4H6O2-0-1,reduction_free_energy,fingerprint_gpr,RX-392,CXDWIOQNFMIXCX-ZPUQHVIOSA-N,O/C=C/C=C/O,train,false,-0.8858918129426456,-1.073058226646609,0.6730618001915818,0.18716641370396347
rx392:122d7a8c12bfd909977f17fb54bf5af4-C4H6O2-0-1,reduction_free_energy,fingerprint_gpr,RX-392,IMXMGQOZHBFVCT-HNQUOIGGSA-N,O=CC/C=C/O,train,false,-1.3232056285469298,-1.4061059266543021,0.6759486638934825,0.08290029810737232
rx392:f63aa0e41fd871081eba5014a59d5b87-C4H6O2-0-1,reduction_free_energy,fingerprint_gpr,RX-392,APZPFVRUUMXYRZ-UHFFFAOYSA-N,C=COCC=O,train,false,-1.5221272952039726,-1.6531649582556094,0.6229161712558737,0.13103766305163678
rx392:15e82ffb96026ba438c9a594ee12c388-C4H6O2-0-1,reduction_free_energy,fingerprint_gpr,RX-392,CNDSYBVNLAHPIS-UHFFFAOYSA-N,C[C-]=[O+][C-]=[O+]C,test,true,-2.656197901333144,-2.531186612488232,0.9692056578685377,0.12501128884491175
rx392:51baaa178735ebe9393248615911e892-C4H6O2-0-1,reduction_free_energy,fingerprint_gpr,RX-392,PCSMJKASWLYICJ-UHFFFAOYSA-N,O=CCCC=O,train,false,-1.0096859582627076,-1.365529595219918,0.6645747723904692,0.35584363695721044
rx392:5b874a641ebc121894720adf0e054ed7-C4H6O2-0-1,reduction_free_energy,fingerprint_gpr,RX-392,FXCMZPXXCRHRNK-OWOJBTEDSA-N,O=C/C=C/CO,train,false,-2.1908596828034206,-2.1435634729648054,0.6696623384838176,0.047296209838615155
rx392:f58f7ccea34a03ace606a6fd63af6b21-C4H6O2-0-1,reduction_free_energy,fingerprint_gpr,RX-392,DOZAJVJEGUTITC-UHFFFAOYSA-N,[CH-]=[O+][C-]=[O+]CC,train,false,-3.0274027536815993,-2.961721281868955,0.6729483388914621,0.06568147181264417
rx392:941151a043d36f390ccb03571373f9ad-C4H6O2-0-1,reduction_free_energy,fingerprint_gpr,RX-392,QUFHOMKJGBDIRS-UHFFFAOYSA-N,OC=C=CCO,train,false,-1.6500472437764984,-1.6892083470254795,0.6767897174776353,0.039161103248981144
rx392:ab8258a112dca63a09ebe1f4f225758a-C4H6O2-0-1,reduction_free_energy,fingerprint_gpr,RX-392,XVGZAGBFDQIJKR-UHFFFAOYSA-N,C=CO[C-]=[O+]C,train,false,-1.4924453058574727,-1.5420411866636135,0.6924830099160337,0.049595880806140746
rx392:6f558cd3ef2a8bfb682a3477ee20c9b4-C4H6O2-0-1,reduction_free_energy,fingerprint_gpr,RX-392,YXWXNWRDFORZSN-UHFFFAOYSA-N,O=C=CCCO,train,false,-1.963026418328809,-1.9556249452643693,0.6810149205146074,0.007401473064439834
rx392:9bc564a7ce92ad9a12b907122d4435b2-C4H6O2-0-1,reduction_free_energy,fingerprint_gpr,RX-392,JSPXPZKDILSYNN-UHFFFAOYSA-N,OC#CCCO,train,false,-1.420957426646055,-1.5046873963217338,0.6780939728216069,0.0837299696756788
rx392:cf215a47ecba16f4b1796be7b6d4bafe-F2H1O1P1-0-1,reduction_free_energy,fingerprint_gpr,RX-392,UWETVEYENGVTQS-UHFFFAOYSA-N,OP(F)F,train,false,-0.8889267027261667,-1.3888484025771484,0.6591843170482473,0.49992169985098167
rx392:538e8059ad5ccd51e316f1d85d318683-C4H2-0-1,reduction_free_energy,fingerprint_gpr,RX-392,LLCSWKVOHICRDD-UHFFFAOYSA-N,C#CC#C,test,true,-1.8782486340032847,-1.6678651364350567,1.2997761982855296,0.21038349756822794
rx392:beebe803fd6de3ac87ed838a4d8d6ff3-C4H2-0-1,reduction_free_energy,fingerprint_gpr,RX-392,MRJFCQHWODZEPM-UHFFFAOYSA-N,[C-]#C[C+]=C,train,false,-2.1493144591768214,-2.622379465082366,0.6643943612574822,0.47306500590554457
rx392:a99e892f8740e416eab9c9abaefc8334-H1O2P1-0-1,reduction_free_energy,fingerprint_gpr,RX-392,GQZXNSPRSGFJLY-UHFFFAOYSA-N,O=PO,train,false,-2.4766316169952916,-2.5069704154363284,0.6651733197385327,0.03033879844103682
rx392:17803bdcdac2136091857ecd4da57350-C1H3O3P1-0-1,reduction_free_energy,fingerprint_gpr,RX-392,XAKRTGZVYPZHCO-UHFFFAOYSA-N,COP(=O)=O,train,false,-3.171695421115146,-3.101621700810447,0.6800158316556731,0.07007372030469883
rx392:4ee2c58d616283263e1a276b35e7a267-C3H6O2-0-1,reduction_free_energy,fingerprint_gpr,RX-392,XWVOVMOHQDSGQK-UHFFFAOYSA-N,C=[O+]CC[O-],test,true,-3.7039593989802597,-3.264096031987283,1.1243914428705521,0.4398633669929768
rx392:98d7f5bb7626f9e7c27692b1b37749c4-C3H6O2-0-1,reduction_free_energy,fingerprint_gpr,RX-392,RUKWBTSQVWLBIH-UHFFFAOYSA-N,CO[C-]=[O+]C,train,false,-1.2469230919641632,-1.4065669429252268,0.6847744956558965,0.1596438509610636
rx392:ac8e8ba99e1867ad472f3a9f585ad7ae-C3H6-0-1,reduction_free_energy,fingerprint_gpr,RX-392,QQONPFPTGQHPMA-UHFFFAOYSA-N,C=CC,train,false,-0.6378879217404574,-1.026573329798541,0.6585316806822277,0.3886854080580837
rx392:a6d449700787155e9836404e03f5a41c-C2H5O2P1-0-1,reduction_free_energy,fingerprint_gpr,RX-392,IDKDNOJBBSKTIR-UHFFFAOYSA-N,C=[O+][P-]OC,train,false,-3.5635636555980454,-3.3833977724396838,0.687493009954273,0.18016588315836168
rx392:7e3a2b19a5af30ab0981eacd78038857-C1F1H1O1-0-1,reduction_free_energy,fingerprint_gpr,RX-392,ROGRBZXOYPJSCQ-UHFFFAOYSA-N,O[C-]=[F+],train,false,-2.0818203769204047,-2.3004404681768023,0.6522634610590199,0.2186200912563976
rx392:b6fe479487a04352d702164756d6d0ac-C1F1H1O1-0-1,reduction_free_energy,fingerprint_gpr,RX-392,NHGVZTMBVDFPHJ-UHFFFAOYSA-N,O=CF,test,true,-1.7335118735963988,-2.727126131862469,0.8140325750795389,0.9936142582660703
rx392:6d258c73cf11fae93d4d3816af0290e8-F1N1O1S1-0-1,reduction_free_energy,fingerprint_gpr,RX-392,QMAYPUZHQUBYJT-UHFFFAOYSA-N,N#S(=O)F,train,false,-4.928336494383984,-4.682995717308829,0.6905872603404564,0.245340777075155
rx392:133004eb20f26ef002a92f06abee41ca-C2F1H1O2-0-1,reduction_free_energy,fingerprint_gpr,RX-392,BITVLRXIXBFBAR-UHFFFAOYSA-N,O=CC(=O)F,train,false,-3.3225527181893995,-3.1619237026789273,0.6697320669351927,0.16062901551047215
rx392:799e73273a32c13492ae5ba5a010993d-C2F1H1O2-0-1,reduction_free_energy,fingerprint_gpr,RX-392,IZHBWHIERKKUJK-UHFFFAOYSA-N,[O-]C(F)=[C+]O,train,false,-3.614405995911511,-3.481648788631462,0.6810513907413394,0.13275720728004892
rx392:e473ee39de591ff8cac6ea1f47a0b34b-C2F1H1O2-0-1,reduction_free_energy,fingerprint_gpr,RX-392,QHSNXCQFHFUEHV-UHFFFAOYSA-N,O=C=C(O)F,train,false,-2.832427705774535,-2.795475032852878,0.6808967548739092,0.03695267292165694
rx392:366cdd57a062ca777e3bf29de84d24a8-C2H1O2P1-0-1,reduction_free_energy,fingerprint_gpr,RX-392,ZBDQWDLMUMITEL-UHFFFAOYSA-N,O=C=C[O+]=[P-],train,false,-3.827782576192476,-3.7863789359774667,0.6737359770091661,0.04140364021500931
rx392:baf894588b8d74d033c90149bda9e473-C4H6-0-1,reduction_free_energy,fingerprint_gpr,RX-392,KAKZBPTYRLMSJV-UHFFFAOYSA-N,C=CC=C,test,true,-1.555109354491833,-1.6113651799230124,1.006490068361143,0.05625582543117935
rx392:bd9b37b2515625b8ce57eb1a55ccf49f-C4H4O4-0-1,reduction_free_energy,fingerprint_gpr,RX-392,MRAJCEICDPBEDR-OWOJBTEDSA-N,O[C-]=[O+]/C=C/[O+]=[C-]O,train,false,-1.2336318896250305,-1.3343283603466463,0.675443973135385,0.1006964707216158
rx392:1fc65468e969ed0cd3847a1197d120d5-C5H8O3-0-1,reduction_free_energy,fingerprint_gpr,RX-392,CLWVKGFYURNSNJ-UHFFFAOYSA-N,O=CCCC[O+]=[C-]O,train,false,-1.309959867850921,-1.4912089189447881,0.6609322320661952,0.18124905109386713
rx392:1a215994cacd2d069dd3bcecf83afb79-C5H8O3-0-1,reduction_free_energy,fingerprint_gpr,RX-392,QQPSZXOAEYMLMI-UHFFFAOYSA-N,C[C-]=[O+]C(=O)OCC,train,false,-2.5042258420216967,-2.4336653393439533,0.6750204484748495,0.07056050267774339
rx392:b7259c5fa131a846cc431c9cf5fbde76-C5H8O3-0-1,reduction_free_energy,fingerprint_gpr,RX-392,BPFOYPDHLJUICH-UHFFFAOYSA-N,C=COC(=O)OCC,train,false,-0.9255404864215961,-1.0513927043594058,0.6376226352651242,0.12585221793780965
rx392:b5838f64215417f1c3804cff939a3900-C5H8O3-0-1,reduction_free_energy,fingerprint_gpr,RX-392,JNKPQAPJKCOIHT-UHFFFAOYSA-N,CC=[O+]C(=O)O[CH-]C,test,true,-3.7307376419139473,-2.694435749047026,1.033340716570486,1.0363018928669212
rx392:dfd9a0f6874b88ecc7fef406b4956d90-C5H8O3-0-1,reduction_free_energy,fingerprint_gpr,RX-392,GQQCHPMAXKWHMY-UHFFFAOYSA-N,C=CCCOC(=O)O,train,false,-0.7319673649544711,-0.8316341806556167,0.6291971237942017,0.09966681570114555
rx392:081d558fc5b077fbd576acd7ecacbfb0-C6H8O4-0-1,reduction_free_energy,fingerprint_gpr,RX-392,AAVDHVVATBWPJH-UHFFFAOYSA-N,[O+]#COCCC[CH-][O+]=[C-]O,train,false,-4.421531635816791,-4.397090938174255,0.695177505190482,0.02444069764253598
rx392:263028ed45faf4d76e960a16cc9958ee-C5H10O2-0-1,reduction_free_energy,fingerprint_gpr,RX-392,BOHGEFZURVLVHR-UHFFFAOYSA-N,CCO[C-]=[O+]CC,train,false,-1.2005562730828387,-1.4541014487906851,0.6678386058864744,0.2535451757078464
rx392:371cebb7237ba0efe137a66acc7dfaba-C4H4O5-0-1,reduction_free_energy,fingerprint_gpr,RX-392,ZSHIWERRZIDCML-OWOJBTEDSA-N,O=C(O)O/C=C/[O+]=[C-]O,test,true,-1.212261236840277,-1.5985371302280589,1.0509335814348375,0.3862758933877819
rx392:b04430ea9543ecf6ec8abfd54b403d71-C5H8O4-0-1,reduction_free_energy,fingerprint_gpr,RX-392,PISYRMGYCCLHGH-UHFFFAOYSA-N,O=CCCCOC(=O)O,test,true,-1.3139672606066597,-1.6264023541010921,0.6736981500884979,0.31243509349443244
rx392:3a24d341460bdb2d66f5602053084449-C6H10O4-0-1,reduction_free_energy,fingerprint_gpr,RX-392,UKOCCXVYDOHHFX-UHFFFAOYSA-N,O[C-]=[O+]CCCC[O+]=[C-]O,train,false,-1.220554346609788,-1.2601295627030757,0.6520536832836885,0.039575216093287846
rx392:b01f452401e105d1b53e5d9a8e2ab475-C4H2O5-0-1,reduction_free_energy,fingerprint_gpr,RX-392,SYMYXYYOYBPBAW-UHFFFAOYSA-N,O=C(O)OC#C[O+]=[C-]O,train,false,-2.6879664468397095,-2.642228759291253,0.6881051415657649,0.04573768754845675
rx392:5c41cb65f21d8b65368c66bd132914ac-C5H10O3-0-1,reduction_free_energy,fingerprint_gpr,RX-392,OIFBSDVPJOWBCH-UHFFFAOYSA-N,CCOC(=O)OCC,train,false,-0.686558718647575,-0.8703632264217442,0.6781414631223855,0.18380450777416923
