inchikey,name,canonical_smiles,row_index,seed,motif_class,donor_symbol,donor_index,donor_anchor,formal_charge,gas_free_homo_eV,gas_free_lumo_eV,gas_free_gap_eV,gas_free_status,gas_li_homo_eV,gas_li_lumo_eV,gas_li_gap_eV,gas_li_status,free_thf_homo_eV,free_thf_lumo_eV,free_thf_gap_eV,free_thf_status,free_benzaldehyde_homo_eV,free_benzaldehyde_lumo_eV,free_benzaldehyde_gap_eV,free_benzaldehyde_status,free_water_homo_eV,free_water_lumo_eV,free_water_gap_eV,free_water_status,li_thf_homo_eV,li_thf_lumo_eV,li_thf_gap_eV,li_thf_status,li_benzaldehyde_homo_eV,li_benzaldehyde_lumo_eV,li_benzaldehyde_gap_eV,li_benzaldehyde_status,li_water_homo_eV,li_water_lumo_eV,li_water_gap_eV,li_water_status,free_thf_d_homo_eV,free_thf_d_lumo_eV,free_thf_d_gap_eV,free_benzaldehyde_d_homo_eV,free_benzaldehyde_d_lumo_eV,free_benzaldehyde_d_gap_eV,free_water_d_homo_eV,free_water_d_lumo_eV,free_water_d_gap_eV,li_thf_d_homo_eV,li_thf_d_lumo_eV,li_thf_d_gap_eV,li_benzaldehyde_d_homo_eV,li_benzaldehyde_d_lumo_eV,li_benzaldehyde_d_gap_eV,li_water_d_homo_eV,li_water_d_lumo_eV,li_water_d_gap_eV,li_mulliken_q,li_min_dist_A,li_nearest_atom,li_q_thf,li_dist_thf,qc_thf,seconds_thf,li_q_benzaldehyde,li_dist_benzaldehyde,qc_benzaldehyde,seconds_benzaldehyde,li_q_water,li_dist_water,qc_water,seconds_water,qc_gas,ff_status,xtb_version,gas_anchor_max_abs_delta_eV,seconds_total,error
AFBPFSWMIHJQDM-UHFFFAOYSA-N,N-methylaniline,CNc1ccccc1,0,42,lone_pair,N,1,N1,0,-9.5643,-5.8151,3.7492,ok,-13.8788,-11.852,2.0268,ok,-9.51,-5.84,3.6699,ok,-9.5251,-5.8346,3.6904,ok,-9.5478,-5.8996,3.6481,ok,-10.7656,-8.3883,2.3773,ok,-10.8057,-8.4013,2.4044,ok,-10.283,-7.6046,2.6784,ok,0.0543,-0.0249,-0.0793,0.0392,-0.0195,-0.0588,0.0165,-0.0845,-0.1011,3.1132,3.4637,0.3505,3.0731,3.4507,0.3776,3.5958,4.2474,0.6516,0.67645852,1.99500025453,N,0.69056486,1.99095174737,intact,0.2239281,0.70086593,1.99302846255,intact,0.210477,0.72810987,1.97675150855,intact,0.210826,intact,0,6.7.1pre,0,1.811194,
ALYCOCULEAWWJO-UHFFFAOYSA-N,triethylpentylammonium bis(trifluoromethylsulfonyl)imide,CCCCC[N+](CC)(CC)CC.O=S(=O)([N-]S(=O)(=O)C(F)(F)F)C(F)(F)F,1,43,lone_pair,O,12,O12,0,-3.8592,-3.6728,0.1864,ok,-8.7542,-8.5123,0.2419,ok,,,,xtb_failed,-5.5343,-5.4357,0.0986,ok,-3.4065,-3.2679,0.1386,ok,-6.009,-5.7387,0.2702,ok,-6.9464,-6.6814,0.265,ok,-5.6389,-5.4363,0.2026,ok,,,,-1.6751,-1.7629,-0.0878,0.4527,0.4049,-0.0478,2.7452,2.7736,0.0283,1.8078,1.8309,0.0231,3.1153,3.076,-0.0393,0.72888333,1.83459907966,O,0.71856954,1.85268646536,intact,15.274382,0.71614493,1.84601252725,intact,12.273409,0.7465744,1.85642699388,intact,16.516784,intact,0,6.7.1pre,0,95.701741,returncode=128 sentinel=False: -1- scf: Self consistent charge iterator did not converge
AMQJEAYHLZJPGS-UHFFFAOYSA-N,pentan-1-ol,CCCCCO,2,44,lone_pair,O,5,O5,0,-10.9646,1.1458,12.1103,ok,-15.0348,-11.4255,3.6093,ok,-10.8585,1.3349,12.1934,ok,-10.9731,1.1648,12.1378,ok,-10.9697,1.2474,12.217,ok,-11.8018,-7.9593,3.8425,ok,-11.9071,-7.9832,3.9239,ok,-11.3325,-7.1493,4.1832,ok,0.1061,0.1891,0.0831,-0.0085,0.019,0.0275,-0.0051,0.1016,0.1067,3.233,3.4662,0.2332,3.1277,3.4423,0.3146,3.7023,4.2762,0.5739,0.66777781,1.76190424199,O,0.65689016,1.76267116366,intact,0.2022974,0.66367543,1.76785290933,intact,0.2522774,0.68436007,1.76807810565,intact,0.1994945,intact,0,6.7.1pre,0,1.8882533,
BAPJBEWLBFYGME-UHFFFAOYSA-N,methyl propenoate,C=CC(=O)OC,3,45,lone_pair,O,3,O3,0,-11.362,-7.6744,3.6876,ok,-15.7525,-12.0638,3.6887,ok,-11.4896,-7.7102,3.7793,ok,-11.485,-7.7398,3.7452,ok,-11.6011,-7.7761,3.825,ok,-12.6533,-8.8075,3.8458,ok,-12.6866,-8.8066,3.88,ok,-12.1493,-8.2804,3.8689,ok,-0.1276,-0.0358,0.0917,-0.123,-0.0654,0.0576,-0.2391,-0.1017,0.1374,3.0992,3.2563,0.1571,3.0659,3.2572,0.1913,3.6032,3.7834,0.1802,0.72496526,1.65754120433,O,0.72431307,1.66796894188,intact,0.1389347,0.72927281,1.67118856678,intact,0.1879198,0.74482003,1.6806478551,intact,0.2097189,intact,0,6.7.1pre,0,1.5029637,
BBMCTIGTTCKYKF-UHFFFAOYSA-N,heptan-1-ol,CCCCCCCO,4,46,lone_pair,O,7,O7,0,-11.0297,1.2157,12.2454,ok,-13.5983,-12.2234,1.3749,ok,-10.9149,1.3759,12.2909,ok,-11.0272,1.2341,12.2613,ok,-11.0326,1.2782,12.3108,ok,-11.3142,-8.6773,2.6368,ok,-11.3471,-8.6151,2.732,ok,-11.1227,-7.6795,3.4432,ok,0.1148,0.1602,0.0455,0.0025,0.0184,0.0159,-0.0029,0.0625,0.0654,2.2841,3.5461,1.2619,2.2512,3.6083,1.3571,2.4756,4.5439,2.0683,0.6861991,1.77613435746,O,0.68932219,1.75814384308,intact,0.4458642,0.71122235,1.76001767889,intact,0.3061037,0.72053693,1.75646954548,intact,0.3847567,intact,0,6.7.1pre,0,2.9875763,
BDERNNFJNOPAEC-UHFFFAOYSA-N,propan-1-ol,CCCO,5,47,lone_pair,O,3,O3,0,-11.126,1.2762,12.4022,ok,-15.314,-12.3388,2.9753,ok,-11.0169,1.4251,12.442,ok,-11.1288,1.2883,12.4172,ok,-11.1445,1.3197,12.4642,ok,-12.1191,-8.6695,3.4497,ok,-12.1908,-8.6197,3.5711,ok,-11.656,-7.7131,3.9429,ok,0.1091,0.1489,0.0398,-0.0028,0.0121,0.015,-0.0185,0.0435,0.062,3.1949,3.6693,0.4744,3.1232,3.7191,0.5958,3.658,4.6257,0.9676,0.75089424,1.72945942948,O,0.69509532,1.75093533687,intact,0.344957,0.74727121,1.74068347084,intact,0.2076341,0.75873219,1.73934987625,intact,0.1686405,intact,0,6.7.1pre,0,1.5367094,
BGTOWKSIORTVQH-UHFFFAOYSA-N,cyclopentanone,O=C1CCCC1,6,48,lone_pair,O,0,O0,0,-10.7227,-6.8842,3.8385,ok,-15.0971,-11.9234,3.1737,ok,-10.732,-6.8972,3.8348,ok,-10.7885,-6.9576,3.8308,ok,-10.8324,-6.9999,3.8325,ok,-11.994,-8.624,3.37,ok,-12.1127,-8.6005,3.5122,ok,-11.508,-7.791,3.717,ok,-0.0093,-0.013,-0.0037,-0.0658,-0.0734,-0.0077,-0.1097,-0.1157,-0.006,3.1031,3.2994,0.1963,2.9844,3.3229,0.3385,3.5891,4.1324,0.5433,0.7367324,1.66847949776,O,0.73020855,1.67192810138,intact,0.1846274,0.74049178,1.67940541235,intact,0.1761501,0.74966199,1.68735189757,intact,0.1861454,intact,0,6.7.1pre,0,1.6036754,
BKIMMITUMNQMOS-UHFFFAOYSA-N,nonane,CCCCCCCCC,7,49,no_motif,none,-1,unbound_reference,0,-11.1298,1.7784,12.9083,ok,-13.8246,-6.9808,6.8438,ok,-11.0529,1.8522,12.905,ok,-11.1238,1.7819,12.9057,ok,-11.114,1.7814,12.8954,ok,-11.3493,-3.1181,8.2312,ok,-11.3975,-3.3683,8.0291,ok,-11.1274,-2.2233,8.9041,ok,0.0769,0.0738,-0.0033,0.006,0.0035,-0.0026,0.0158,0.003,-0.0129,2.4753,3.8627,1.3874,2.4271,3.6125,1.1853,2.6972,4.7575,2.0603,0.63448417,2.36690951858,C,0.62397463,2.53968489098,intact,1.051822,0.6124932,3.03567905707,loose,1.2058099,0.64044203,2.67434671931,loose,0.8469845,intact,0,6.7.1pre,0,5.1274135,
BMRWNKZVCUKKSR-UHFFFAOYSA-N,"1,2-butanediol",CCC(O)CO,8,50,lone_pair,O,3,O3,0,-11.0582,0.2146,11.2728,ok,-14.8032,-12.3741,2.4291,ok,-10.9256,0.4228,11.3484,ok,-11.0453,0.2972,11.3425,ok,-11.0614,0.3367,11.3981,ok,-11.6177,-8.7121,2.9056,ok,-11.6505,-8.6544,2.9961,ok,-11.2509,-7.7259,3.525,ok,0.1326,0.2082,0.0756,0.0129,0.0826,0.0697,-0.0032,0.1221,0.1253,3.1855,3.662,0.4765,3.1527,3.7197,0.567,3.5523,4.6482,1.0959,0.70748878,1.77080912764,O,0.6872053,1.77873043683,intact,0.4971672,0.69498412,1.77840546296,intact,0.4580719,0.69820373,1.78136690274,intact,0.4738259,intact,0,6.7.1pre,0,2.6082996,
BTANRVKWQNVYAZ-UHFFFAOYSA-N,butan-2-ol,CCC(C)O,9,51,lone_pair,O,4,O4,0,-11.0257,0.9367,11.9625,ok,-14.9583,-12.1726,2.7857,ok,-10.9255,1.0568,11.9824,ok,-11.0166,0.9554,11.9719,ok,-11.0342,0.9629,11.9971,ok,-11.9367,-8.607,3.3297,ok,-11.9934,-8.55,3.4434,ok,-11.5199,-7.6627,3.8572,ok,0.1002,0.1201,0.0199,0.0091,0.0187,0.0094,-0.0085,0.0262,0.0346,3.0216,3.5656,0.544,2.9649,3.6226,0.6577,3.4384,4.5099,1.0715,0.73672711,1.72188855957,O,0.72772681,1.72925689759,intact,0.2901987,0.74174747,1.73022786147,intact,0.1890976,0.75289199,1.74106213137,intact,0.1766898,intact,0,6.7.1pre,0,1.7216125,
BTGRAWJCKBQKAO-UHFFFAOYSA-N,hexanedinitrile,N#CCCCCC#N,10,52,lone_pair,N,0,N0,0,-11.76,-6.1164,5.6436,ok,-14.0095,-11.7277,2.2818,ok,-11.6834,-5.9931,5.6903,ok,-11.7559,-6.0591,5.6968,ok,-11.7162,-6.0458,5.6704,ok,-11.797,-8.3067,3.4902,ok,-11.8172,-8.2846,3.5326,ok,-11.6681,-7.4602,4.208,ok,0.0766,0.1233,0.0467,0.0041,0.0573,0.0532,0.0438,0.0706,0.0268,2.2125,3.421,1.2084,2.1923,3.4431,1.2508,2.3414,4.2675,1.9262,0.5989351,1.97556825072,N,0.70089726,1.85568197405,intact,0.233374,0.71060557,1.87215625563,intact,0.2539647,0.71707958,1.86845342094,intact,0.2661019,intact,0,6.7.1pre,0,2.2518059,
BTNXBLUGMAMSSH-UHFFFAOYSA-N,octanedinitrile,N#CCCCCCCC#N,11,53,lone_pair,N,0,N0,0,-11.6051,-5.9888,5.6162,ok,-13.5942,-11.6528,1.9414,ok,-11.5024,-5.9011,5.6013,ok,-11.5915,-5.9594,5.6321,ok,-11.5116,-5.9769,5.5347,ok,-11.6196,-8.284,3.3356,ok,-11.6441,-8.2514,3.3927,ok,-11.4481,-7.4315,4.0166,ok,0.1027,0.0877,-0.0149,0.0136,0.0294,0.0159,0.0935,0.0119,-0.0815,1.9746,3.3688,1.3942,1.9501,3.4014,1.4513,2.1461,4.2213,2.0752,0.57168511,1.93594262425,N,0.69186236,1.84859636551,intact,0.2359495,0.67509685,1.86878595568,intact,0.5495505,0.71011641,1.86708236505,intact,0.3665565,intact,0,6.7.1pre,0,3.112574,
CBTVGIZVANVGBH-UHFFFAOYSA-N,2-amino-2-methylpropan-1-ol,CC(C)(N)CO,12,54,lone_pair,O,5,O5,0,-9.9394,0.413,10.3523,ok,-13.5976,-12.2585,1.3391,ok,-9.8345,0.5433,10.3778,ok,-9.8853,0.4679,10.3532,ok,-9.95,0.4467,10.3967,ok,-10.4231,-8.6953,1.7277,ok,-10.3685,-8.596,1.7725,ok,-10.0058,-7.7435,2.2623,ok,0.1049,0.1303,0.0255,0.0541,0.0549,0.0009,-0.0106,0.0337,0.0444,3.1745,3.5632,0.3886,3.2291,3.6625,0.4334,3.5918,4.515,0.9232,0.65796256,1.78920435591,O,0.63919335,1.79223707705,intact,0.3696195,0.6456085,1.79430171548,intact,0.4781482,0.65508364,1.79027432855,intact,0.4969889,intact,0,6.7.1pre,0,2.5863982,
CGZZMOTZOONQIA-UHFFFAOYSA-N,cycloheptanone,O=C1CCCCCC1,13,55,lone_pair,O,0,O0,0,-10.5941,-6.937,3.657,ok,-14.5775,-11.7673,2.8102,ok,-10.6519,-7.0135,3.6384,ok,-10.687,-7.0423,3.6448,ok,-10.7581,-7.1328,3.6252,ok,-11.6878,-8.5746,3.1132,ok,-11.8037,-8.5398,3.2639,ok,-11.3072,-7.9054,3.4018,ok,-0.0578,-0.0765,-0.0186,-0.0929,-0.1053,-0.0122,-0.164,-0.1958,-0.0318,2.8897,3.1927,0.303,2.7738,3.2275,0.4537,3.2703,3.8619,0.5916,0.69973277,1.66282720129,O,0.70545135,1.67377683165,intact,0.2364634,0.70695631,1.67675060153,intact,0.2578259,0.73256552,1.68648398516,intact,0.2282443,intact,0,6.7.1pre,0,1.8227096,
CQEYYJKEWSMYFG-UHFFFAOYSA-N,butyl 2-propenoate,C=CC(=O)OCCCC,14,56,lone_pair,O,3,O3,0,-11.2512,-7.6673,3.5839,ok,-14.2678,-11.9024,2.3654,ok,-11.4078,-7.7317,3.6761,ok,-11.3849,-7.7341,3.6507,ok,-11.5114,-7.8089,3.7025,ok,-11.8264,-8.7948,3.0315,ok,-11.8426,-8.7771,3.0655,ok,-11.5656,-8.2828,3.2829,ok,-0.1566,-0.0644,0.0922,-0.1337,-0.0668,0.0668,-0.2602,-0.1416,0.1186,2.4414,3.1076,0.6661,2.4252,3.1253,0.7001,2.7022,3.6196,0.9175,0.71873011,1.65217975036,O,0.71980293,1.66405289171,intact,0.3223497,0.72639686,1.6673469869,intact,0.4275998,0.74143807,1.67641175044,intact,0.4477836,intact,0,6.7.1pre,0,3.2237353,
CRVGTESFCCXCTH-UHFFFAOYSA-N,N-methyldiethanolamine,CN(CCO)CCO,15,57,lone_pair,O,4,O4,0,-10.0115,-0.6879,9.3236,ok,-12.9299,-12.2675,0.6624,ok,-9.7908,-0.4664,9.3244,ok,-9.8321,-0.53,9.3021,ok,-9.8241,-0.516,9.3082,ok,-10.1857,-8.6871,1.4986,ok,-10.1746,-8.5964,1.5782,ok,-9.8778,-7.6975,2.1803,ok,0.2207,0.2215,0.0008,0.1794,0.1579,-0.0215,0.1874,0.1719,-0.0154,2.7442,3.5804,0.8362,2.7553,3.6711,0.9158,3.0521,4.57,1.5179,0.73477516,1.69975250611,O,0.73484509,1.70917723843,intact,0.3844971,0.74163324,1.71610905547,intact,0.4238816,0.76240487,1.73192596637,intact,0.3765445,intact,0,6.7.1pre,0,2.9437509,
DKGAVHZHDRPRBM-UHFFFAOYSA-N,2-methylpropan-2-ol,CC(C)(C)O,16,58,lone_pair,O,4,O4,0,-10.9724,0.8931,11.8654,ok,-15.4894,-11.8682,3.6212,ok,-10.9136,0.9852,11.8987,ok,-10.9424,0.934,11.8765,ok,-10.9809,0.9381,11.9189,ok,-12.1918,-8.3502,3.8416,ok,-12.1748,-8.2689,3.9058,ok,-11.6173,-7.4423,4.1751,ok,0.0588,0.0921,0.0333,0.03,0.0409,0.0111,-0.0085,0.045,0.0535,3.2976,3.518,0.2204,3.3146,3.5993,0.2846,3.8721,4.4259,0.5539,0.69346384,1.72762531711,O,0.68059894,1.73681499977,intact,0.1911079,0.69274094,1.73043792567,intact,0.1751173,0.70484464,1.73969938507,intact,0.2886802,intact,0,6.7.1pre,0,1.522471,
DNIAPMSPPWPWGF-UHFFFAOYSA-N,"1,2-propanediol",CC(O)CO,17,59,lone_pair,O,2,O2,0,-11.0462,0.1514,11.1976,ok,-14.833,-12.1749,2.6582,ok,-10.993,0.3839,11.377,ok,-11.0873,0.2265,11.3138,ok,-11.153,0.3061,11.4591,ok,-11.6538,-8.6049,3.0489,ok,-11.7282,-8.5464,3.1818,ok,-11.3087,-7.688,3.6207,ok,0.0532,0.2325,0.1794,-0.0411,0.0751,0.1162,-0.1068,0.1547,0.2615,3.1792,3.57,0.3907,3.1048,3.6285,0.5236,3.5243,4.4869,0.9625,0.73605762,1.71349557068,O,0.73225387,1.71048296995,intact,0.226902,0.7425099,1.72032168158,intact,0.2528884,0.75834776,1.72358970669,intact,0.1934574,intact,0,6.7.1pre,0,1.6650215,
DURPTKYDGMDSBL-UHFFFAOYSA-N,dibutyl ether,CCCCOCCCC,18,60,lone_pair,O,4,O4,0,-10.5434,0.3098,10.8532,ok,-14.3997,-11.2561,3.1437,ok,-10.6001,0.267,10.8671,ok,-10.5927,0.2648,10.8575,ok,-10.7176,0.1538,10.8715,ok,-11.6539,-8.0184,3.6355,ok,-11.6941,-8.0384,3.6558,ok,-11.1832,-7.2512,3.9321,ok,-0.0567,-0.0428,0.0139,-0.0493,-0.045,0.0043,-0.1742,-0.156,0.0183,2.7458,3.2377,0.4918,2.7056,3.2177,0.5121,3.2165,4.0049,0.7884,0.66880897,1.75288895696,O,0.67075029,1.76814140039,intact,0.3803042,0.67723467,1.77677549033,intact,0.6763338,0.70131103,1.77754549372,intact,0.3403889,intact,0,6.7.1pre,0,3.3860602,
FRZPYEHDSAQGAS-UHFFFAOYSA-M,1-butyl-3-methylimidazolium trifluoromethanesulfonate,CCCCn1cc[n+](C)c1.O=S(=O)([O-])C(F)(F)F,19,61,lone_pair,O,10,O10,0,-5.4284,-4.874,0.5544,ok,-9.8149,-8.9411,0.8738,ok,-5.2073,-4.5947,0.6126,ok,-5.83,-5.2072,0.6228,ok,-5.4204,-4.7192,0.7012,ok,-6.7931,-6.0049,0.7883,ok,-7.3141,-6.5297,0.7844,ok,-6.3791,-5.6212,0.7579,ok,0.2211,0.2793,0.0582,-0.4016,-0.3332,0.0684,0.008,0.1548,0.1468,3.0218,2.9362,-0.0855,2.5008,2.4114,-0.0894,3.4358,3.3199,-0.1159,0.69026228,1.80325118096,O,0.70355035,1.83276760004,intact,2.0017743,0.70151238,1.83619838716,intact,3.0228901,0.7249113,1.84593026881,intact,3.7598655,intact,0,6.7.1pre,0,21.063104,
FXHOOIRPVKKKFG-UHFFFAOYSA-N,"N,N-dimethylethanamide",CC(=O)N(C)C,20,62,lone_pair,O,2,O2,0,-10.4016,-5.6428,4.7588,ok,-14.5025,-11.5632,2.9393,ok,-10.4073,-5.7249,4.6824,ok,-10.4157,-5.7185,4.6972,ok,-10.4471,-5.8218,4.6253,ok,-11.3903,-8.4072,2.9831,ok,-11.3729,-8.3136,3.0593,ok,-10.858,-7.6126,3.2454,ok,-0.0057,-0.0821,-0.0764,-0.0141,-0.0757,-0.0616,-0.0455,-0.179,-0.1335,3.1122,3.156,0.0438,3.1296,3.2496,0.12,3.6445,3.9506,0.3061,0.70535609,1.64110231234,O,0.69475403,1.64571773429,intact,0.364494,0.69941003,1.64619153466,intact,0.4096728,0.70980169,1.65266080915,intact,0.2623335,intact,0,6.7.1pre,0,2.4897955,
FYIRUPZTYPILDH-UHFFFAOYSA-N,"1,1,1,2,3,3-hexafluoropropane",FC(F)C(F)C(F)(F)F,21,63,no_motif,none,-1,unbound_reference,0,-13.9086,-2.7818,11.1268,ok,-17.7067,-10.4307,7.276,ok,-13.772,-2.6641,11.1079,ok,-13.8178,-2.6954,11.1223,ok,-13.6669,-2.5414,11.1255,ok,-14.5101,-6.9257,7.5844,ok,-14.563,-6.9177,7.6452,ok,-13.9944,-5.9501,8.0443,ok,0.1366,0.1177,-0.0189,0.0908,0.0864,-0.0045,0.2417,0.2404,-0.0013,3.1966,3.505,0.3084,3.1437,3.513,0.3692,3.7123,4.4806,0.7683,0.72840638,1.82644025495,F,0.71510748,1.83234195778,intact,0.7369599,0.72315914,1.83890491088,intact,0.4583702,0.73312902,1.82907215988,intact,1.2238077,intact,0,6.7.1pre,0,4.0246853,
GRYUVYIMDGRRLN-UHFFFAOYSA-N,"1-butyl-2,3,4,5-tetramethylimidazolium bis(trifluoromethylsulfonyl)imide",CCCCn1c(C)c(C)[n+](C)c1C.O=S(=O)([N-]S(=O)(=O)C(F)(F)F)C(F)(F)F,22,64,lone_pair,O,13,O13,0,-2.6948,-2.2928,0.4019,ok,-6.8893,-6.658,0.2313,ok,,,,xtb_failed,,,,xtb_failed,-2.9358,-2.4445,0.4913,ok,-4.2715,-4.0482,0.2233,ok,,,,xtb_failed,-4.3851,-4.1583,0.2268,ok,,,,,,,-0.241,-0.1517,0.0894,2.6178,2.6098,-0.008,,,,2.5042,2.4997,-0.0045,0.74583717,1.7714923332,O,0.75554929,1.74269445559,intact,10.308944,,,not_available,1.2390109,0.80624169,1.87406625681,intact,10.096705,intact,0,6.7.1pre,0,62.81424,returncode=128 sentinel=False: -1- scf: Self consistent charge iterator did not converge | returncode=128 sentinel=False: -1- scf: Self consistent charge iterator did not converge | returncode=128 sentinel=False: -1- scf: Self consistent charge iterator did not converge
GSEJCLTVZPLZKY-UHFFFAOYSA-N,triethanolamine,OCCN(CCO)CCO,23,65,lone_pair,O,0,O0,0,-9.8872,-0.863,9.0242,ok,-12.8922,-12.1888,0.7034,ok,-9.7711,-0.7118,9.0593,ok,-9.7944,-0.7702,9.0242,ok,-9.8585,-0.7982,9.0603,ok,-10.174,-8.6768,1.4973,ok,-10.1522,-8.5911,1.5611,ok,-9.8589,-7.6712,2.1877,ok,0.1161,0.1512,0.0351,0.0928,0.0928,0,0.0287,0.0648,0.0361,2.7182,3.512,0.7939,2.74,3.5977,0.8577,3.0333,4.5176,1.4843,0.68387622,1.79285138139,O,0.68130197,1.78771311406,intact,1.6097446,0.67604029,1.79363290704,intact,1.2839141,0.69058758,1.78654403342,intact,1.3294032,intact,0,6.7.1pre,0,7.343371,
GSGLHYXFTXGIAQ-UHFFFAOYSA-M,"1,3-dimethylimidazolium dimethylphosphate",COP(=O)([O-])OC.Cn1cc[n+](C)c1,24,66,lone_pair,O,1,O1,0,,,,xtb_failed,,,,xtb_failed,,,,xtb_failed,,,,xtb_failed,,,,xtb_failed,,,,xtb_failed,,,,xtb_failed,,,,xtb_failed,,,,,,,,,,,,,,,,,,,,,,,,not_available,0.4632558,,,not_available,0.5448166,,,not_available,0.4390341,not_available,0,6.7.1pre,,4.2592958,returncode=128 sentinel=False: -1- scf: Self consistent charge iterator did not converge | returncode=128 sentinel=False: -1- scf: Self consistent charge iterator did not converge | returncode=128 sentinel=False: -1- scf: Self consistent charge iterator did not converge | returncode=128 sentinel=Fal
HPXRVTGHNJAIIH-UHFFFAOYSA-N,cyclohexanol,OC1CCCCC1,25,67,lone_pair,O,0,O0,0,-10.8499,0.8581,11.708,ok,-14.3771,-12.1318,2.2453,ok,-10.7549,0.9621,11.7169,ok,-10.8396,0.8691,11.7087,ok,-10.8493,0.865,11.7143,ok,-11.5359,-8.6367,2.8992,ok,-11.6056,-8.5881,3.0175,ok,-11.1707,-7.6915,3.4792,ok,0.095,0.104,0.0089,0.0103,0.011,0.0007,0.0006,0.0069,0.0063,2.8412,3.4951,0.6539,2.7715,3.5437,0.7722,3.2064,4.4403,1.2339,0.73517266,1.7202337087,O,0.72928767,1.72758719293,intact,0.2926724,0.74445556,1.73151766023,intact,0.3383429,0.75512637,1.73857946868,intact,0.3311995,intact,0,6.7.1pre,0,2.76027,
HQWOEDCLDNFWEV-UHFFFAOYSA-M,1-ethyl-3-methylimidazolium diethyl phosphate,CCOP(=O)([O-])OCC.CCn1cc[n+](C)c1,26,68,lone_pair,O,2,O2,0,-2.5466,-2.4719,0.0747,ok,-9.3,-8.3888,0.9112,ok,-2.3683,-2.319,0.0493,ok,-3.3263,-3.2701,0.0562,ok,-2.6981,-2.6692,0.0289,ok,-5.8048,-4.9852,0.8197,ok,-7.0744,-6.0636,1.0108,ok,-5.5651,-4.7655,0.7996,ok,0.1783,0.1529,-0.0254,-0.7797,-0.7982,-0.0185,-0.1515,-0.1973,-0.0458,3.4952,3.4036,-0.0915,2.2256,2.3252,0.0996,3.7349,3.6233,-0.1116,0.78854798,1.92130282438,O,0.71891091,1.71145121646,intact,2.4599129,0.72286013,1.70306181039,intact,2.8856602,0.79202364,1.69252914276,intact,3.5541861,intact,0,6.7.1pre,0,20.291027,
HXJUTPCZVOIRIF-UHFFFAOYSA-N,sulfolane,O=S1(=O)CCCC1,27,69,lone_pair,O,0,O0,0,-11.277,-4.0131,7.2639,ok,-15.0528,-11.9899,3.0629,ok,-11.1021,-3.8838,7.2183,ok,-11.2846,-4.0588,7.2258,ok,-11.3239,-4.1621,7.1618,ok,-11.9475,-8.7741,3.1733,ok,-12.1211,-8.7723,3.3488,ok,-11.5978,-8.045,3.5528,ok,0.1749,0.1293,-0.0456,-0.0076,-0.0457,-0.0381,-0.0469,-0.149,-0.1021,3.1053,3.2158,0.1104,2.9317,3.2176,0.2859,3.455,3.9449,0.4899,0.79606127,1.88681209715,O,0.7741886,1.87965672104,intact,0.470922,0.78594941,1.89524934687,intact,0.4572441,0.7863016,1.63880670372,intact,0.2557935,intact,0,6.7.1pre,0,2.7902359,
HZAXFHJVJLSVMW-UHFFFAOYSA-N,2-aminoethan-1-ol,NCCO,28,70,lone_pair,O,3,O3,0,-10.5476,0.2889,10.8365,ok,-13.8517,-12.2657,1.5859,ok,-10.2428,0.565,10.8079,ok,-10.3668,0.4179,10.7846,ok,-10.3109,0.4704,10.7813,ok,-10.6424,-8.6003,2.0421,ok,-10.6929,-8.5464,2.1465,ok,-10.3393,-7.6851,2.6542,ok,0.3048,0.2761,-0.0286,0.1808,0.129,-0.0519,0.2367,0.1815,-0.0552,3.2093,3.6654,0.4562,3.1588,3.7193,0.5606,3.5124,4.5806,1.0683,0.74484784,1.70471308069,O,0.73379399,1.70862641519,intact,0.2341335,0.7407983,1.71032763401,intact,0.1385781,0.75968744,1.72343374447,intact,0.2123271,intact,0,6.7.1pre,0,1.9216487,
HZKDSQCZNUUQIF-UHFFFAOYSA-M,1-ethyl-3-methylimidazolium hydrogen sulfate,CCn1cc[n+](C)c1.O=S(=O)([O-])O,29,71,lone_pair,O,8,O8,0,-4.5934,-2.8133,1.7802,ok,-9.1914,-8.8449,0.3464,ok,-4.3001,-2.421,1.8791,ok,-3.9411,-2.0518,1.8893,ok,-4.2128,-2.3494,1.8634,ok,-5.9745,-5.6262,0.3483,ok,-5.6383,-5.2743,0.364,ok,-5.2703,-4.9525,0.3178,ok,0.2933,0.3923,0.0989,0.6523,0.7615,0.1091,0.3806,0.4639,0.0832,3.2169,3.2187,0.0019,3.5531,3.5706,0.0176,3.9211,3.8924,-0.0286,0.74594639,1.8494894472,O,0.79681023,1.72634788787,intact,1.3071604,0.8009697,1.73356887745,intact,1.3845736,0.82412486,1.75016460356,intact,1.3323033,intact,0,6.7.1pre,0,10.141198,
IAZDPXIOMUYVGZ-UHFFFAOYSA-N,dimethyl sulfoxide,CS(C)=O,30,72,lone_pair,O,3,O3,0,-10.3482,-5.1831,5.165,ok,-14.8714,-11.663,3.2084,ok,-10.3554,-5.0441,5.3113,ok,-10.4106,-5.1241,5.2865,ok,-10.6003,-5.0503,5.5499,ok,-11.691,-8.4835,3.2075,ok,-11.6666,-8.4046,3.262,ok,-11.0957,-7.7373,3.3584,ok,-0.0072,0.139,0.1463,-0.0624,0.059,0.1215,-0.2521,0.1328,0.3849,3.1804,3.1795,-0.0009,3.2048,3.2584,0.0536,3.7757,3.9257,0.15,0.72860292,1.63031737909,O,0.71566979,1.63333126373,intact,0.157099,0.71774462,1.63346997627,intact,0.260124,0.72585182,1.64076593172,intact,0.1640751,intact,0,6.7.1pre,0,1.4654801,
IEJIGPNLZYLLBP-UHFFFAOYSA-N,dimethyl carbonate,COC(=O)OC,31,73,lone_pair,O,1,O1,0,-12.1428,-6.246,5.8967,ok,-16.2108,-12.5387,3.6721,ok,-12.3431,-6.4882,5.8549,ok,-12.3582,-6.4371,5.9211,ok,-12.3368,-6.629,5.7078,ok,-13.1295,-9.0738,4.0557,ok,-13.1169,-9.0044,4.1126,ok,-12.5995,-8.1357,4.4638,ok,-0.2003,-0.2422,-0.0418,-0.2154,-0.1911,0.0244,-0.194,-0.383,-0.1889,3.0813,3.4649,0.3836,3.0939,3.5343,0.4405,3.6113,4.403,0.7917,0.74508906,1.87003389967,O,0.75157815,1.88172958434,intact,0.1654107,0.75282994,1.8895729609,intact,0.1910135,0.77404153,1.89505444108,intact,0.1805429,intact,0,6.7.1pre,0,1.3802214,
IIRFCWANHMSDCG-UHFFFAOYSA-N,cyclooctanone,O=C1CCCCCCC1,32,74,lone_pair,O,0,O0,0,-10.523,-6.8341,3.6889,ok,-14.3525,-11.6709,2.6816,ok,-10.5686,-6.8999,3.6687,ok,-10.6137,-6.9396,3.6741,ok,-10.6742,-7.0221,3.6521,ok,-11.5367,-8.5155,3.0212,ok,-11.646,-8.486,3.1601,ok,-11.1553,-7.7736,3.3816,ok,-0.0456,-0.0658,-0.0202,-0.0907,-0.1055,-0.0148,-0.1512,-0.188,-0.0368,2.8158,3.1554,0.3396,2.7065,3.1849,0.4785,3.1972,3.8973,0.7,0.6930104,1.66228750968,O,0.69469696,1.66337073749,intact,0.2660326,0.70503177,1.67501472236,intact,0.233652,0.72372313,1.67752387441,intact,0.29178,intact,0,6.7.1pre,0,1.933197,
IMNFDUFMRHMDMM-UHFFFAOYSA-N,heptane,CCCCCCC,33,75,no_motif,none,-1,unbound_reference,0,-11.1526,1.964,13.1166,ok,-14.1886,-6.8304,7.3582,ok,-11.0784,2.0363,13.1147,ok,-11.1488,1.9654,13.1142,ok,-11.1382,1.9689,13.1071,ok,-11.514,-2.8449,8.6692,ok,-11.6043,-3.0918,8.5124,ok,-11.233,-1.9512,9.2818,ok,0.0742,0.0723,-0.0019,0.0038,0.0014,-0.0024,0.0144,0.0049,-0.0095,2.6746,3.9855,1.311,2.5843,3.7386,1.1542,2.9556,4.8792,1.9236,0.64905505,2.43977604901,C,0.6478359,2.49505782867,intact,0.8719437,0.67539113,2.84630304992,loose,0.8345493,0.71194876,2.83732996511,loose,0.9312132,intact,0,6.7.1pre,0,4.3789582,
IXQYBUDWDLYNMA-UHFFFAOYSA-N,1-butyl-3-methylimidazolium hexafluorophosphate,CCCCn1cc[n+](C)c1.F[P-](F)(F)(F)(F)F,34,76,anion_halide,F,10,F10,0,,,,xtb_failed,-10.8537,-10.446,0.4077,ok,,,,xtb_failed,,,,xtb_failed,,,,xtb_failed,-7.6515,-7.2314,0.42,ok,-8.2093,-7.7959,0.4134,ok,,,,xtb_failed,,,,,,,,,,3.2022,3.2146,0.0123,2.6444,2.6501,0.0057,,,,0.6921187,1.7611877504,F,0.63191256,1.55319039025,intact,2.1312984,0.62949353,1.55013311357,intact,3.289898,,,not_available,1.1453436,intact,0,6.7.1pre,0,12.012191,returncode=128 sentinel=False: -1- scf: Self consistent charge iterator did not converge | returncode=128 sentinel=False: -1- scf: Self consistent charge iterator did not converge | returncode=128 sentinel=False: -1- scf: Self consistent charge iterator did not converge | returncode=128 sentinel=Fal
JHIVVAPYMSGYDF-UHFFFAOYSA-N,cyclohexanone,O=C1CCCCC1,35,77,lone_pair,O,0,O0,0,-10.6083,-6.8788,3.7295,ok,-14.4476,-11.8179,2.6298,ok,-10.6155,-6.9163,3.6992,ok,-10.672,-6.9664,3.7056,ok,-10.706,-7.0308,3.6752,ok,-11.515,-8.5823,2.9326,ok,-11.6498,-8.554,3.0958,ok,-11.1369,-7.7896,3.3473,ok,-0.0072,-0.0375,-0.0303,-0.0637,-0.0876,-0.0239,-0.0977,-0.152,-0.0543,2.9326,3.2356,0.3028,2.7978,3.2639,0.466,3.3107,4.0283,0.7175,0.72613322,1.66320132156,O,0.72055292,1.66678216825,intact,0.2121783,0.73125265,1.67475910159,intact,0.1729469,0.74070425,1.6778455956,intact,0.1832601,intact,0,6.7.1pre,0,1.4820493,
JIGUQPWFLRLWPJ-UHFFFAOYSA-N,ethyl propenoate,C=CC(=O)OCC,36,78,lone_pair,O,3,O3,0,-11.2769,-7.688,3.5889,ok,-15.2788,-11.9468,3.3319,ok,-11.4323,-7.7432,3.6891,ok,-11.4091,-7.7512,3.658,ok,-11.5521,-7.814,3.7381,ok,-12.3894,-8.7952,3.5942,ok,-12.4125,-8.7845,3.6279,ok,-11.9366,-8.2924,3.6441,ok,-0.1554,-0.0552,0.1002,-0.1322,-0.0632,0.0691,-0.2752,-0.126,0.1492,2.8894,3.1516,0.2623,2.8663,3.1623,0.296,3.3422,3.6544,0.3122,0.72457708,1.65397875893,O,0.72488565,1.66751296634,intact,0.1990557,0.72936836,1.66852690981,intact,0.1688846,0.7447215,1.67729870721,intact,0.1619184,intact,0,6.7.1pre,0,1.2594733,
JWFPQAXAGSAKRF-UHFFFAOYSA-N,"1-butyl-2,3-dimethylimidazolium hexafluorophosphate",CCCCn1cc[n+](C)c1C.F[P-](F)(F)(F)(F)F,37,79,anion_halide,F,11,F11,0,,,,xtb_failed,-10.3324,-10.2953,0.0372,ok,,,,xtb_failed,-5.7434,-5.5683,0.1751,ok,-6.1599,-5.9343,0.2256,ok,-7.2849,-7.2496,0.0353,ok,-7.4078,-7.3679,0.04,ok,-6.9908,-6.94,0.0508,ok,,,,,,,,,,3.0475,3.0457,-0.0019,2.9246,2.9274,0.0028,3.3416,3.3553,0.0136,0.74606173,1.86176150973,F,0.75299482,1.74585188948,intact,4.3185509,0.54561282,1.69824399916,intact,4.0993004,0.5853756,1.67812278233,intact,3.5432295,intact,0,6.7.1pre,0,29.978845,returncode=128 sentinel=False: -1- scf: Self consistent charge iterator did not converge | returncode=128 sentinel=False: -1- scf: Self consistent charge iterator did not converge
JYPJLAPMBJKRDG-UHFFFAOYSA-M,1-ethyl-3-methylimidazolium butylsulfonate,CCCCS(=O)(=O)[O-].CCn1cc[n+](C)c1,38,80,lone_pair,O,5,O5,0,-4.0049,-3.0205,0.9844,ok,-8.1398,-8.0063,0.1335,ok,-3.3192,-2.1868,1.1324,ok,-4.9237,-3.8212,1.1025,ok,-4.1177,-2.8609,1.2567,ok,-4.9817,-4.8552,0.1264,ok,-6.4814,-6.3663,0.1151,ok,-5.3168,-5.2227,0.0941,ok,0.6857,0.8337,0.148,-0.9188,-0.8007,0.1181,-0.1128,0.1596,0.2723,3.1581,3.1511,-0.0071,1.6584,1.64,-0.0184,2.823,2.7836,-0.0394,0.76564319,1.83169172826,O,0.74302602,1.83115170433,intact,2.753419,0.74631491,1.82616408812,intact,2.9512685,0.72932708,1.85955642171,intact,4.3552163,intact,0,6.7.1pre,0,21.504744,
KBPLFHHGFOOTCA-UHFFFAOYSA-N,octan-1-ol,CCCCCCCCO,39,81,lone_pair,O,8,O8,0,-10.8663,1.2745,12.1408,ok,-13.9586,-11.8031,2.1555,ok,-10.7587,1.4469,12.2055,ok,-10.8594,1.3051,12.1645,ok,-10.8698,1.3497,12.2195,ok,-11.4063,-8.4004,3.0059,ok,-11.4498,-8.3612,3.0886,ok,-11.0767,-7.4799,3.5968,ok,0.1076,0.1724,0.0647,0.0069,0.0306,0.0237,-0.0035,0.0752,0.0787,2.5523,3.4027,0.8504,2.5088,3.4419,0.9331,2.8819,4.3232,1.4413,0.65550914,1.78549881553,O,0.63610238,1.77558603725,intact,0.5234846,0.6484042,1.7913821894,intact,0.5797047,0.68573096,1.77854624695,intact,0.6632289,intact,0,6.7.1pre,0,4.163138,
KFZMGEQAYNKOFK-UHFFFAOYSA-N,propan-2-ol,CC(C)O,40,82,lone_pair,O,3,O3,0,-11.1093,1.1719,12.2812,ok,-15.6725,-12.2151,3.4575,ok,-11.0067,1.3067,12.3133,ok,-11.0939,1.2031,12.297,ok,-11.1129,1.2265,12.3395,ok,-12.3161,-8.5889,3.7272,ok,-12.3437,-8.5319,3.8118,ok,-11.7648,-7.6511,4.1137,ok,0.1026,0.1348,0.0321,0.0154,0.0312,0.0158,-0.0036,0.0546,0.0583,3.3564,3.6262,0.2697,3.3288,3.6832,0.3543,3.9077,4.564,0.6562,0.74199647,1.72126580001,O,0.73109903,1.72893037074,intact,0.136955,0.74288711,1.72833954226,intact,0.6963141,0.75283942,1.73835263058,intact,0.2110267,intact,0,6.7.1pre,0,1.8891187,
KLTUZFZUYLXTFF-UHFFFAOYSA-N,1-(2-hydroxyethyl)-3-methylimidazolium tetrafluoroborate,C[n+]1ccn(CCO)c1.F[B-](F)(F)F,41,83,anion_halide,F,9,F9,0,-3.3644,-1.8263,1.5381,ok,-10.3953,-10.0837,0.3116,ok,-3.1944,-1.7153,1.4791,ok,-3.4171,-1.9032,1.5139,ok,-3.2541,-1.7742,1.4799,ok,-7.0724,-6.7512,0.3211,ok,-7.462,-7.1462,0.3158,ok,-6.7472,-6.4273,0.3199,ok,0.17,0.111,-0.059,-0.0527,-0.0769,-0.0242,0.1103,0.0521,-0.0582,3.3229,3.3325,0.0095,2.9333,2.9375,0.0042,3.6481,3.6564,0.0083,0.72763076,1.77505375891,F,0.69583625,1.74271258706,intact,2.0125919,0.70127043,1.74198132211,intact,1.6617161,0.71290582,1.73794415058,intact,1.7175755,intact,0,6.7.1pre,0,13.814134,
LBHLGZNUPKUZJC-UHFFFAOYSA-N,1-butyl-1-methylpyrrolidinium dicyanamide,CCCC[N+]1(C)CCCC1.N#C[N-]C#N,42,84,lone_pair,N,10,N10,0,-5.0121,-4.8512,0.1609,ok,-9.1745,-9.0911,0.0834,ok,-4.7018,-4.5277,0.1742,ok,-5.1128,-4.938,0.1748,ok,-5.0714,-4.8837,0.1878,ok,-6.1398,-6.0688,0.0711,ok,-6.5348,-6.4582,0.0765,ok,-6.0167,-5.9461,0.0706,ok,0.3103,0.3235,0.0133,-0.1007,-0.0868,0.0139,-0.0593,-0.0325,0.0269,3.0347,3.0223,-0.0123,2.6397,2.6329,-0.0069,3.1578,3.145,-0.0128,0.58221698,1.73301886601,N,0.58431591,1.740289067,intact,2.2268406,0.58111851,1.74087801288,intact,2.6202064,0.60756078,1.75174964444,intact,1.9943463,intact,0,6.7.1pre,0,16.914535,
LFQSCWFLJHTTHZ-UHFFFAOYSA-N,ethanol,CCO,43,85,lone_pair,O,2,O2,0,-11.1019,1.1939,12.2958,ok,-15.7818,-12.2115,3.5703,ok,-10.9814,1.388,12.3694,ok,-11.1052,1.2101,12.3153,ok,-11.0893,1.3043,12.3936,ok,-12.1286,-8.4653,3.6633,ok,-12.2063,-8.4487,3.7576,ok,-11.5349,-7.5554,3.9795,ok,0.1205,0.1941,0.0736,-0.0033,0.0162,0.0195,0.0126,0.1104,0.0978,3.6532,3.7462,0.093,3.5755,3.7628,0.1873,4.2469,4.6561,0.4092,0.72942596,1.75108090451,O,0.70809616,1.74840438356,intact,0.1739975,0.72097367,1.74877574125,intact,0.2677083,0.72728911,1.74772458641,intact,0.3233567,intact,0,6.7.1pre,0,1.9004456,
LLEVMYXEJUDBTA-UHFFFAOYSA-N,heptanedinitrile,N#CCCCCCC#N,44,86,lone_pair,N,0,N0,0,-11.6981,-6.0643,5.6338,ok,-13.4236,-11.7113,1.7123,ok,-11.6007,-5.9795,5.6212,ok,-11.6621,-6.0357,5.6264,ok,-11.6589,-6.0472,5.6117,ok,-11.6732,-8.3424,3.3308,ok,-11.6979,-8.2984,3.3995,ok,-11.6474,-7.4835,4.1639,ok,0.0974,0.0848,-0.0126,0.036,0.0286,-0.0074,0.0392,0.0171,-0.0221,1.7504,3.3689,1.6185,1.7257,3.4129,1.6872,1.7762,4.2278,2.4516,0.71315362,1.85281417519,N,0.70803384,1.85524604443,intact,0.2911369,0.71789704,1.87066109494,intact,0.3565452,0.72420395,1.86964947205,intact,0.2842658,intact,0,6.7.1pre,0,3.2637438,
LRHPLDYGYMQRHN-UHFFFAOYSA-N,butan-1-ol,CCCCO,45,87,lone_pair,O,4,O4,0,-11.0344,0.9785,12.0129,ok,-14.5055,-12.3385,2.167,ok,-10.9091,1.1309,12.04,ok,-11.0354,0.9866,12.022,ok,-11.0314,1.0203,12.0517,ok,-11.7316,-8.7063,3.0252,ok,-11.7904,-8.6558,3.1346,ok,-11.3842,-7.7272,3.6569,ok,0.1253,0.1524,0.0271,-0.000999999999999,0.0081,0.0091,0.003,0.0418,0.0388,2.7739,3.6322,0.8582,2.7151,3.6827,0.9676,3.1213,4.6113,1.4899,0.74863389,1.73786187899,O,0.74006499,1.73588673555,intact,0.3138427,0.75269546,1.74382395377,intact,0.5463619,0.76133514,1.7423831631,intact,0.3877763,intact,0,6.7.1pre,0,3.1095002,
LSBXQLQATZTAPE-UHFFFAOYSA-N,1-butyl-3-methylimidazolium tetrafluoroborate,CCCCn1cc[n+](C)c1.F[B-](F)(F)F,46,88,anion_halide,F,10,F10,0,-2.5148,-2.3502,0.1646,ok,,,,xtb_failed,-2.5483,-2.447,0.1014,ok,-2.6547,-2.5409,0.1138,ok,-2.6588,-2.5764,0.0824,ok,-4.9927,-4.973,0.0197,ok,-5.0471,-5.0289,0.0182,ok,-4.7044,-4.6836,0.0209,ok,-0.0335,-0.0968,-0.0632,-0.1399,-0.1907,-0.0508,-0.144,-0.2262,-0.0822,,,,,,,,,,,,,0.7420378,1.74944301005,intact,1.3926063,0.74066583,1.7504108251,intact,1.8998477,0.76957158,1.7651660624,intact,1.3826755,not_available,0,6.7.1pre,0,15.117842,returncode=128 sentinel=False: -1- scf: Self consistent charge iterator did not converge
LVTYICIALWPMFW-UHFFFAOYSA-N,N-(2-hydroxypropyl)-2-hydroxy-1-propanamine,CC(O)CNCC(C)O,47,89,lone_pair,O,2,O2,0,-9.9234,-0.1438,9.7796,ok,-13.5105,-11.3597,2.1508,ok,-9.8048,-0.019,9.7859,ok,-9.8426,-0.0673,9.7753,ok,-9.8973,-0.1083,9.7889,ok,-10.458,-7.9905,2.4675,ok,-10.4465,-7.9175,2.5291,ok,-10.0673,-7.1432,2.9242,ok,0.1186,0.1248,0.0063,0.0808,0.0765,-0.0043,0.0261,0.0355,0.0093,3.0525,3.3692,0.3167,3.064,3.4422,0.3783,3.4432,4.2165,0.7734,0.66592499,1.79613455397,O,0.65871623,1.79939621472,intact,0.8912811,0.6587652,1.8104985074,intact,0.7012757,0.66946207,1.79628324841,intact,0.8139542,intact,0,6.7.1pre,0,7.0854616,
LYCAIKOWRPUZTN-UHFFFAOYSA-N,"1,2-ethanediol",OCCO,48,90,lone_pair,O,0,O0,0,-11.2212,0.2488,11.47,ok,-15.2173,-12.4338,2.7836,ok,-11.0437,0.5289,11.5727,ok,-11.1838,0.3611,11.5449,ok,-11.1781,0.4561,11.6342,ok,-11.8975,-8.7039,3.1936,ok,-11.9815,-8.6602,3.3213,ok,-11.5109,-7.7539,3.7571,ok,0.1775,0.2801,0.1027,0.0374,0.1123,0.0749,0.0431,0.2073,0.1642,3.3198,3.7299,0.41,3.2358,3.7736,0.5377,3.7064,4.6799,0.9735,0.76038778,1.71481586521,O,0.74908927,1.71856695326,intact,0.511044,0.75736185,1.72293903379,intact,0.7436508,0.77005176,1.73463686921,intact,0.5078757,intact,0,6.7.1pre,0,4.3120127,
LZJIBRSVPKKOSI-UHFFFAOYSA-O,ethanolammonium nitrate,O=[N+]([O-])[O-].[NH3+]CCO,49,91,lone_pair,O,0,O0,0,-1.8414,-1.7106,0.1308,ok,-8.1123,-7.3064,0.8059,ok,-3.5705,-2.3212,1.2493,ok,-2.9236,-1.7818,1.1418,ok,-2.9564,-1.4392,1.5172,ok,-4.8625,-3.7179,1.1446,ok,-4.5928,-3.4476,1.1453,ok,-4.5263,-3.2273,1.299,ok,-1.7291,-0.6106,1.1185,-1.0822,-0.0712,1.011,-1.115,0.2714,1.3864,3.2498,3.5885,0.3387,3.5195,3.8588,0.3394,3.586,4.0791,0.4931,0.69033469,1.60563640975,O,0.65136307,1.59221434336,intact,0.7182893,0.66285674,1.59393123944,intact,0.8098012,0.62933261,1.58705690806,intact,0.6440273,intact,0,6.7.1pre,0,9.1667264,
MCTWTZJPVLRJOU-UHFFFAOYSA-N,1-methylimidazole,Cn1ccnc1,50,92,lone_pair,N,1,N1,0,-10.09,-5.4189,4.671,ok,-14.0799,-10.2109,3.8689,ok,-10.1999,-5.4268,4.773,ok,-10.1627,-5.4229,4.7398,ok,-10.2826,-5.4549,4.8277,ok,-10.8986,-6.528,4.3706,ok,-10.903,-6.5701,4.3329,ok,-10.5506,-6.0517,4.499,ok,-0.1099,-0.0079,0.102,-0.0727,-0.004,0.0688,-0.1926,-0.036,0.1567,3.1813,3.6829,0.5017,3.1769,3.6408,0.464,3.5293,4.1592,0.6301,0.67120827,1.8627207609,N,0.81193062,2.74612132527,loose,0.3182176,0.82252828,2.74599325249,loose,0.3517864,0.85999579,2.73672357809,loose,0.2645357,intact,0,6.7.1pre,0,2.6540407,
MTHSVFCYNBDYFN-UHFFFAOYSA-N,diethylene glycol,OCCOCCO,51,93,lone_pair,O,0,O0,0,-10.8297,-0.3158,10.5139,ok,-13.9159,-12.2612,1.6547,ok,-10.8425,-0.3142,10.5283,ok,-10.8784,-0.3776,10.5008,ok,-10.9738,-0.4548,10.519,ok,-11.239,-8.6949,2.5442,ok,-11.2248,-8.6256,2.5992,ok,-10.9852,-7.7193,3.2659,ok,-0.0128,0.0016,0.0144,-0.0487,-0.0618,-0.0131,-0.1441,-0.139,0.0051,2.6769,3.5663,0.8895,2.6911,3.6356,0.9445,2.9307,4.5419,1.6112,0.67721997,1.77437204161,O,0.66722537,1.77458122372,intact,0.6877948,0.65874204,1.7875041621,intact,0.564816,0.67565293,1.78833850249,intact,0.6819459,intact,0,6.7.1pre,0,3.5754756,
MWKFXSUHUHTGQN-UHFFFAOYSA-N,decan-1-ol,CCCCCCCCCCO,52,94,lone_pair,O,10,O10,0,-11.0085,0.8373,11.8458,ok,-13.2541,-12.0599,1.1942,ok,-10.9031,0.998,11.9011,ok,-11.0222,0.8347,11.8569,ok,-11.0225,0.8883,11.9108,ok,-11.2189,-8.57,2.6489,ok,-11.2358,-8.5091,2.7267,ok,-11.0535,-7.564,3.4896,ok,0.1054,0.1607,0.0553,-0.0137,-0.0026,0.0111,-0.014,0.051,0.065,2.0352,3.4899,1.4547,2.0183,3.5508,1.5325,2.2006,4.4959,2.2954,0.63880747,1.78162795944,O,0.6946714,1.75740111732,intact,0.5895647,0.70752433,1.75907567743,intact,0.6818448,0.72036462,1.75569947629,intact,0.4973899,intact,0,6.7.1pre,0,5.0133904,
NEQXUPRFDXNNTA-UHFFFAOYSA-N,2-hydroxyethylammonium lactate,CC(O)C(=O)O.NCCO,53,95,lone_pair,O,2,O2,0,-3.1042,-2.8456,0.2586,ok,-9.075,-8.8612,0.2138,ok,-2.789,-2.408,0.381,ok,-3.099,-2.7693,0.3297,ok,-2.8762,-2.4125,0.4637,ok,-5.3856,-5.1791,0.2065,ok,-5.8398,-5.6172,0.2227,ok,-4.8562,-4.6502,0.206,ok,0.3152,0.4376,0.1224,0.0052,0.0763,0.0711,0.228,0.4331,0.2051,3.6894,3.6821,-0.0073,3.2352,3.244,0.0089,4.2188,4.211,-0.0078,0.67102816,1.8415910604,O,0.68631326,1.82422023047,intact,1.5316039,0.6857039,1.78442041314,intact,1.4277052,0.67860034,1.8139129658,intact,1.6729381,intact,0,6.7.1pre,0,10.71029,
OHLUUHNLEMFGTQ-UHFFFAOYSA-N,N-methylacetamide,CN=C(C)O,54,96,lone_pair,O,4,O4,0,-10.0612,-5.7201,4.3411,ok,-14.0424,-12.3517,1.6907,ok,-10.0653,-5.6905,4.3748,ok,-10.074,-5.7189,4.3551,ok,-10.1624,-5.7661,4.3963,ok,-10.859,-8.7819,2.0771,ok,-10.7981,-8.694,2.1041,ok,-10.3677,-7.8122,2.5555,ok,-0.0041,0.0296,0.0337,-0.0128,0.0012,0.014,-0.1012,-0.046,0.0552,3.1834,3.5698,0.3864,3.2443,3.6577,0.4134,3.6747,4.5395,0.8648,0.72747265,1.74548325571,O,0.72236416,1.76174309853,intact,0.4636033,0.73270066,1.75838133343,intact,0.2894959,0.74986652,1.77295751971,intact,0.4169574,intact,0,6.7.1pre,0,2.2245416,
OIFBSDVPJOWBCH-UHFFFAOYSA-N,diethyl carbonate,CCOC(=O)OCC,55,97,lone_pair,O,2,O2,0,-11.9201,-6.0721,5.848,ok,-15.3869,-12.1965,3.1904,ok,-12.0825,-6.3839,5.6986,ok,-12.0999,-6.3111,5.7888,ok,-12.1023,-6.5588,5.5435,ok,-12.5829,-8.9112,3.6717,ok,-12.6139,-8.8488,3.7651,ok,-12.1741,-8.0272,4.147,ok,-0.1624,-0.3118,-0.1494,-0.1798,-0.239,-0.0592,-0.1822,-0.4867,-0.3045,2.804,3.2853,0.4813,2.773,3.3477,0.5747,3.2128,4.1693,0.9566,0.71452993,1.86094862424,O,0.72566096,1.8757610734,intact,0.2885994,0.72693131,1.883445598,intact,0.359506,0.75388371,1.88942170582,intact,0.3495497,intact,0,6.7.1pre,0,2.5861747,
OKKJLVBELUTLKV-UHFFFAOYSA-N,methanol,CO,56,98,lone_pair,O,1,O1,0,-11.3095,1.4496,12.7591,ok,-16.3737,-12.6279,3.7458,ok,-11.1236,1.7129,12.8365,ok,-11.2973,1.4836,12.7809,ok,-11.2536,1.6152,12.8688,ok,-12.5186,-8.7436,3.7751,ok,-12.5702,-8.715,3.8552,ok,-11.8375,-7.7787,4.0588,ok,0.1859,0.2633,0.0774,0.0122,0.034,0.0218,0.0559,0.1656,0.1097,3.8551,3.8843,0.0293,3.8035,3.9129,0.1094,4.5362,4.8492,0.313,0.78591167,1.74276693394,O,0.76612868,1.73349962212,intact,0.2121722,0.77484266,1.74211184056,intact,0.2732632,0.77746064,1.74044012605,intact,0.2037039,intact,0,6.7.1pre,0,1.6745131,
OOKUTCYPKPJYFV-UHFFFAOYSA-N,1-methylimidazolium bromide,Br.Cn1ccnc1,57,99,lone_pair,N,2,N2,0,-6.6706,-6.3034,0.3672,ok,-11.3438,-11.1454,0.1984,ok,-6.4398,-6.1805,0.2594,ok,-6.6338,-6.2994,0.3344,ok,-7.5532,-7.0602,0.493,ok,-7.7208,-7.5277,0.193,ok,-7.9421,-7.7332,0.209,ok,-8.0913,-7.7562,0.3351,ok,0.2308,0.1229,-0.1078,0.0368,0.004,-0.0328,-0.8826,-0.7568,0.1258,3.623,3.6177,-0.0054,3.4017,3.4122,0.0106,3.2525,3.3892,0.1367,0.66301095,2.00414693242,N,0.56329143,2.23926012477,intact,0.6138379,0.56444665,2.23980474364,intact,0.6935427,0.58726109,2.25049710752,intact,0.733009,intact,0,6.7.1pre,0,4.7033355,
PEDCQBHIVMGVHV-UHFFFAOYSA-N,glycerol,OCC(O)CO,58,100,lone_pair,O,0,O0,0,-11.226,-0.5594,10.6666,ok,-14.3993,-12.503,1.8963,ok,-11.0154,-0.3019,10.7135,ok,-11.1243,-0.4288,10.6955,ok,-11.1095,-0.3688,10.7407,ok,-11.4051,-8.8088,2.5962,ok,-11.4455,-8.7429,2.7026,ok,-11.1296,-7.8154,3.3142,ok,0.2106,0.2575,0.0469,0.1017,0.1306,0.0289,0.1165,0.1906,0.0741,2.9942,3.6942,0.6999,2.9538,3.7601,0.8063,3.2697,4.6876,1.4179,0.71649341,1.8120530397,O,0.74639685,1.71581005902,intact,0.5719829,0.75302057,1.72119731281,intact,0.2582312,0.76998598,1.72976309785,intact,0.2884914,intact,0,6.7.1pre,0,2.9507205,
QRCRANRUHQKZME-UHFFFAOYSA-N,"3-butyl-1,2,4,5-tetramethyl-1H-imidazol-3-ium tetrafluoroborate",CCCCn1c(C)c(C)[n+](C)c1C.F[B-](F)(F)F,59,101,anion_halide,F,13,F13,0,-4.4151,-4.3698,0.0453,ok,-9.6436,-9.4572,0.1864,ok,-4.3223,-4.2912,0.0311,ok,-3.8281,-3.7936,0.0346,ok,-4.0425,-4.021,0.0215,ok,-6.759,-6.6057,0.1533,ok,-6.4164,-6.2606,0.1557,ok,-6.0587,-5.927,0.1316,ok,0.0928,0.0786,-0.0142,0.587,0.5762,-0.0107,0.3726,0.3488,-0.0238,2.8846,2.8515,-0.0331,3.2272,3.1966,-0.0307,3.5849,3.5302,-0.0548,0.66137454,1.70819847554,F,0.61284133,1.74493848055,intact,5.6070817,0.62151159,1.77848896386,intact,5.2859185,0.57268421,1.62209250805,intact,6.3722726,intact,0,6.7.1pre,0,35.176527,
QTBSBXVTEAMEQO-UHFFFAOYSA-N,acetic acid,CC(=O)O,60,102,lone_pair,O,2,O2,0,-11.6727,-6.6347,5.038,ok,-16.7188,-12.2629,4.4559,ok,-11.6685,-6.5796,5.0889,ok,-11.6985,-6.6296,5.0689,ok,-11.7688,-6.6423,5.1266,ok,-13.2487,-8.7575,4.4912,ok,-13.2474,-8.6778,4.5696,ok,-12.6091,-7.8495,4.7596,ok,0.0042,0.0551,0.0509,-0.0258,0.0051,0.0309,-0.0961,-0.0076,0.0886,3.4701,3.5054,0.0353,3.4714,3.5851,0.1137,4.1097,4.4134,0.3037,0.75329742,1.67699739117,O,0.74227655,1.67715760179,intact,0.25009,0.7471404,1.67896600738,intact,0.1774445,0.7552579,1.68331313147,intact,0.1066526,intact,0,6.7.1pre,0,1.6859324,
RJQQOKKINHMXIM-UHFFFAOYSA-N,triethanolamine lactate,CC(O)C(=O)O.OCCN(CCO)CCO,61,103,lone_pair,O,2,O2,0,-4.774,-4.6234,0.1506,ok,-10.0574,-9.6893,0.3681,ok,-4.4064,-4.0657,0.3407,ok,-4.5139,-4.2993,0.2145,ok,-4.0435,-3.6754,0.3681,ok,-6.5836,-6.0427,0.5409,ok,-6.7458,-6.3183,0.4275,ok,-5.6827,-5.0941,0.5886,ok,0.3676,0.5577,0.1901,0.2601,0.3241,0.0639,0.7305,0.948,0.2175,3.4738,3.6466,0.1728,3.3116,3.371,0.0594,4.3747,4.5952,0.2205,0.61910728,1.86896574975,O,0.70855893,1.71629757561,intact,3.5014458,0.61034109,1.84320201218,intact,6.0396147,0.7432807,1.73354386894,intact,2.9595644,intact,0,6.7.1pre,0,35.745208,
RYHBNJHYFVUHQT-UHFFFAOYSA-N,"1,4-dioxane",C1COCCO1,62,104,lone_pair,O,2,O2,0,-10.6982,-0.4627,10.2355,ok,-14.2736,-12.4507,1.823,ok,-10.6851,-0.4597,10.2254,ok,-10.6801,-0.4469,10.2332,ok,-10.7371,-0.5176,10.2195,ok,-11.222,-8.9033,2.3188,ok,-11.2229,-8.8539,2.369,ok,-10.8474,-7.9822,2.8652,ok,0.0131,0.003,-0.0101,0.0181,0.0158,-0.0023,-0.0389,-0.0549,-0.016,3.0516,3.5474,0.4958,3.0507,3.5968,0.546,3.4262,4.4685,1.0422,0.76153415,1.74486013999,O,0.76590295,1.76353446484,intact,0.2997162,0.77375079,1.76798307717,intact,0.1985831,0.79203644,1.78168364869,intact,0.2762279,intact,0,6.7.1pre,0,1.7427327,
SBZXBUIDTXKZTM-UHFFFAOYSA-N,"2,5,8-trioxanonane",COCCOCCOC,63,105,lone_pair,O,1,O1,0,-10.9103,-0.7771,10.1332,ok,-13.159,-12.0668,1.0922,ok,-10.9405,-0.8194,10.1211,ok,-10.9437,-0.808,10.1357,ok,-11.0263,-0.9,10.1262,ok,-11.1164,-8.679,2.4374,ok,-11.0534,-8.6038,2.4496,ok,-11.0012,-7.7414,3.2598,ok,-0.0302,-0.0423,-0.0121,-0.0334,-0.0309,0.0025,-0.116,-0.1229,-0.007,2.0426,3.3878,1.3452,2.1056,3.463,1.3574,2.1578,4.3254,2.1676,0.70390878,1.77396214615,O,0.7146917,1.77984615972,intact,0.5994299,0.72228934,1.78064001614,intact,0.4903441,0.74757344,1.78626274339,intact,0.3309168,intact,0,6.7.1pre,0,3.907134,
SHQSVMDWKBRBGB-UHFFFAOYSA-N,cyclobutanone,O=C1CCC1,64,106,lone_pair,O,0,O0,0,-10.8216,-7.0468,3.7748,ok,-15.2214,-12.0478,3.1736,ok,-10.7696,-7.0222,3.7474,ok,-10.8436,-7.0896,3.754,ok,-10.8275,-7.0965,3.731,ok,-11.949,-8.6947,3.2543,ok,-12.0709,-8.6722,3.3988,ok,-11.4311,-7.8527,3.5784,ok,0.052,0.0246,-0.0274,-0.022,-0.0428,-0.0208,-0.0059,-0.0497,-0.0438,3.2724,3.3531,0.0807,3.1505,3.3756,0.2252,3.7903,4.1951,0.4048,0.74515966,1.67702454794,O,0.73670008,1.67675781873,intact,0.1838456,0.74711538,1.68815504254,intact,0.5215891,0.75448721,1.68743874111,intact,0.2645224,intact,0,6.7.1pre,0,2.2572089,
SIXHYMZEOJSYQH-UHFFFAOYSA-M,1-butyl-3-methylimidazolium thiocyanate,CCCCn1cc[n+](C)c1.N#C[S-],65,107,lone_pair,N,10,N10,0,-7.7998,-6.7786,1.0212,ok,-12.1966,-10.8591,1.3375,ok,-7.6749,-6.713,0.9619,ok,-8.2228,-7.261,0.9618,ok,-7.5799,-6.6367,0.9432,ok,-9.0394,-7.7937,1.2456,ok,-9.5996,-8.3685,1.231,ok,-8.3782,-7.1466,1.2316,ok,0.1249,0.0656,-0.0593,-0.423,-0.4824,-0.0594,0.2199,0.1419,-0.078,3.1572,3.0654,-0.0919,2.597,2.4906,-0.1065,3.8184,3.7125,-0.1059,0.62147245,1.90833563555,N,0.5405628,1.77717243268,intact,1.8275467,0.55458042,1.78213320525,intact,1.4770839,0.55832816,1.78547593388,intact,1.5925235,intact,0,6.7.1pre,0,12.926848,
STCBHSHARMAIOM-UHFFFAOYSA-N,1-methylimidazolium chloride,Cl.Cn1ccnc1,66,108,lone_pair,N,2,N2,0,-9.3632,-5.3126,4.0506,ok,-13.8406,-11.1494,2.6912,ok,-9.3563,-5.2679,4.0884,ok,-9.3619,-5.2791,4.0828,ok,-9.3837,-5.2842,4.0995,ok,-10.4968,-7.3876,3.1093,ok,-10.5002,-7.4083,3.0919,ok,-9.9914,-6.5713,3.4202,ok,0.0069,0.0447,0.0378,0.0013,0.0335,0.0322,-0.0205,0.0284,0.0489,3.3438,3.7618,0.4181,3.3404,3.7411,0.4007,3.8492,4.5781,0.729,0.57613628,1.87281561491,N,0.577685,1.89653017969,intact,0.7845174,0.58019303,1.90140425242,intact,0.8201135,0.59073523,1.91074613224,intact,0.7406007,intact,0,6.7.1pre,0,5.1909949,
TVMXDCGIABBOFY-UHFFFAOYSA-N,octane,CCCCCCCC,67,109,no_motif,none,-1,unbound_reference,0,-11.0855,1.9138,12.9993,ok,-13.9594,-5.7213,8.2381,ok,-11.0114,1.9857,12.997,ok,-11.0804,1.916,12.9964,ok,-11.072,1.9165,12.9885,ok,-11.3977,-1.728,9.6696,ok,-11.4694,-2.026,9.4434,ok,-11.1407,-0.8485,10.2921,ok,0.0741,0.0719,-0.0023,0.0051,0.0022,-0.0029,0.0135,0.0027,-0.0108,2.5617,3.9933,1.4315,2.49,3.6953,1.2053,2.8187,4.8728,2.054,0.65130669,2.36786028091,C,0.63728187,2.48124376931,intact,0.7403092,0.60579381,2.91965257605,loose,1.5773139,0.6980203,2.84138128708,loose,1.0272889,intact,0,6.7.1pre,0,6.2073641,
UAEPNZWRGJTJPN-UHFFFAOYSA-N,methylcyclohexane,CC1CCCCC1,68,110,no_motif,none,-1,unbound_reference,0,-10.9191,1.8662,12.7853,ok,-14.3656,-10.5439,3.8216,ok,-10.8616,1.9234,12.785,ok,-10.9106,1.8746,12.7852,ok,-10.9089,1.8726,12.7815,ok,-11.3881,-6.868,4.5201,ok,-11.5084,-7.0272,4.4812,ok,-11.0767,-5.9895,5.0872,ok,0.0575,0.0572,-0.000299999999999,0.0085,0.0084,-9.99999999998e-05,0.0102,0.0064,-0.0038,2.9775,3.6759,0.6985,2.8572,3.5167,0.6596,3.2889,4.5544,1.2656,0.6771073,2.41808331718,C,0.68000707,2.4837466692,intact,0.7097586,0.69779541,2.52059826901,intact,0.6048291,0.73188623,2.54226065017,intact,0.6411209,intact,0,6.7.1pre,0,3.4351313,
UCCKRVYTJPMHRO-UHFFFAOYSA-N,"1-butyl-2,3-dimethyl-1H-imidazolium bis(trifluoromethylsulfonyl)amide",CCCCn1cc[n+](C)c1C.O=S(=O)([N-]S(=O)(=O)C(F)(F)F)C(F)(F)F,69,111,lone_pair,O,11,O11,0,-6.1616,-6.0568,0.1048,ok,,,,xtb_failed,-6.1203,-5.9517,0.1686,ok,-8.7552,-8.6644,0.0909,ok,-5.6795,-5.3807,0.2988,ok,,,,xtb_failed,,,,xtb_failed,,,,xtb_failed,0.0413,0.1051,0.0638,-2.5936,-2.6076,-0.0139,0.4821,0.6761,0.194,,,,,,,,,,,,,,,not_available,0.9702195,,,not_available,2.286057,,,not_available,0.9807,not_available,0,6.7.1pre,0,31.076684,returncode=128 sentinel=False: -1- scf: Self consistent charge iterator did not converge | returncode=128 sentinel=False: -1- scf: Self consistent charge iterator did not converge | returncode=128 sentinel=False: -1- scf: Self consistent charge iterator did not converge | returncode=128 sentinel=Fal
UEEJHVSXFDXPFK-UHFFFAOYSA-N,"2-(N,N-dimethylamino)ethanol",CN(C)CCO,70,112,lone_pair,O,5,O5,0,-9.4138,0.4245,9.8383,ok,-12.9903,-11.831,1.1593,ok,-9.3499,0.5137,9.8636,ok,-9.3907,0.4641,9.8548,ok,-9.45,0.4348,9.8848,ok,-9.881,-8.4109,1.4701,ok,-9.8465,-8.3429,1.5036,ok,-9.4632,-7.5604,1.9028,ok,0.0639,0.0892,0.0253,0.0231,0.0396,0.0165,-0.0362,0.0103,0.0465,3.1093,3.4201,0.3108,3.1438,3.4881,0.3443,3.5271,4.2706,0.7435,0.63919148,1.78537766578,O,0.62472896,1.78833190003,intact,0.3229367,0.63142807,1.79846769361,intact,0.4078426,0.66745206,1.78170836754,intact,0.5225406,intact,0,6.7.1pre,0,2.5540096,
UODQEMVTULZGKO-UHFFFAOYSA-N,"1-pentyl-1-methylpyrrolidinium 1,1,1-trifluoro-N-[(trifluoromethyl)sulfonyl]methanesulfonamide",CCCCC[N+]1(C)CCCC1.O=S(=O)([N-]S(=O)(=O)C(F)(F)F)C(F)(F)F,71,113,lone_pair,O,11,O11,0,-4.4896,-4.1153,0.3743,ok,-8.4156,-8.1972,0.2184,ok,-4.2154,-3.7837,0.4317,ok,-6.6334,-6.3266,0.3069,ok,-4.6278,-4.1695,0.4583,ok,-5.4434,-5.202,0.2414,ok,-6.6209,-6.3665,0.2544,ok,-5.3475,-5.1189,0.2286,ok,0.2742,0.3316,0.0574,-2.1438,-2.2113,-0.0674,-0.1382,-0.0542,0.084,2.9722,2.9952,0.023,1.7947,1.8307,0.036,3.0681,3.0783,0.0102,0.7166336,1.77004475668,O,0.71846965,1.64506419121,intact,10.665897,0.73783453,1.64872994511,intact,7.3980346,0.75518156,1.66542293185,intact,14.43562,intact,0,6.7.1pre,0,82.432195,
UPCXAARSWVHVLY-UHFFFAOYSA-N,triethanolammonium acetate,CC(=O)O.OCCN(CCO)CCO,72,114,lone_pair,O,2,O2,0,-2.713,-1.3803,1.3328,ok,-9.2926,-9.2086,0.084,ok,-2.5819,-1.1222,1.4598,ok,-2.5224,-1.1594,1.363,ok,-2.4892,-1.0125,1.4767,ok,-5.8704,-5.7871,0.0832,ok,-6.2906,-6.2312,0.0594,ok,-5.085,-4.9985,0.0864,ok,0.1311,0.2581,0.127,0.1906,0.2209,0.0302,0.2238,0.3678,0.1439,3.4222,3.4215,-0.0008,3.002,2.9774,-0.0246,4.2076,4.2101,0.0024,0.6405423,1.75636579385,O,0.59315248,1.88030446777,intact,4.1776376,0.52106107,1.97510971071,intact,4.1369087,0.58040016,1.69387600756,intact,3.478663,intact,0,6.7.1pre,0,33.746215,
UWHCKJMYHZGTIT-UHFFFAOYSA-N,tetraethylene glycol,OCCOCCOCCOCCO,73,115,lone_pair,O,0,O0,0,-10.7625,-0.5414,10.2211,ok,-13.068,-12.275,0.7929,ok,-10.8536,-0.5975,10.2561,ok,-10.7991,-0.5861,10.213,ok,-10.9587,-0.7025,10.2562,ok,-11.1108,-8.7376,2.3732,ok,-10.968,-8.6115,2.3565,ok,-10.9185,-7.675,3.2436,ok,-0.0911,-0.0561,0.035,-0.0366,-0.0447,-0.0081,-0.1962,-0.1611,0.0351,1.9572,3.5374,1.5803,2.1,3.6635,1.5636,2.1495,4.6,2.4507,0.63603738,1.81163160779,O,0.6471424,1.79979000874,intact,1.2156232,0.6468578,1.79717649593,intact,0.956774,0.67455383,1.7909074222,intact,0.8143812,intact,0,6.7.1pre,0,6.414364,
VCAIYEJBOWHUGP-UHFFFAOYSA-N,"1-butyl-2,3-dimethylimidazolium tetrafluoroborate",CCCCn1cc[n+](C)c1C.F[B-](F)(F)F,74,116,anion_halide,F,11,F11,0,-0.6808,-0.5648,0.1159,ok,,,,xtb_failed,-0.646,-0.5559,0.09,ok,-1.1231,-1.0249,0.0983,ok,-0.7713,-0.6861,0.0852,ok,-4.9003,-4.4073,0.493,ok,-5.6437,-5.0866,0.5571,ok,-4.5074,-4.0386,0.4687,ok,0.0348,0.0089,-0.0259,-0.4423,-0.4601,-0.0176,-0.0905,-0.1213,-0.0307,,,,,,,,,,,,,0.52739487,1.85836970347,intact,3.286104,0.61201739,1.69375721067,intact,5.4681353,0.59510584,1.85098321891,intact,3.2200639,not_available,0,6.7.1pre,0,26.14267,returncode=128 sentinel=False: -1- scf: Self consistent charge iterator did not converge
VFTFKUDGYRBSAL-UHFFFAOYSA-N,"1,4,7,10,13-pentaoxacyclopentadecane",C1COCCOCCOCCOCCO1,75,117,lone_pair,O,2,O2,0,-10.4057,-0.5022,9.9035,ok,-13.2396,-11.3122,1.9274,ok,-10.6086,-0.7051,9.9035,ok,-10.5292,-0.6335,9.8957,ok,-10.7374,-0.8402,9.8972,ok,-11.0172,-8.24,2.7773,ok,-10.8744,-8.1484,2.726,ok,-10.7993,-7.4322,3.3671,ok,-0.2029,-0.2029,0,-0.1235,-0.1313,-0.0078,-0.3317,-0.338,-0.0063,2.2224,3.0722,0.8499,2.3652,3.1638,0.7986,2.4403,3.88,1.4397,0.66073479,1.85390034815,O,0.65812933,1.86425533214,intact,1.4371229,0.65378592,1.87828676569,intact,2.6673103,0.67032021,1.86964923402,intact,1.3848106,intact,0,6.7.1pre,0,11.355558,
VRFOKYHDLYBVAL-UHFFFAOYSA-M,1-ethyl-3-methylimidazolium ethyl sulfate,CCOS(=O)(=O)[O-].CCn1cc[n+](C)c1,76,118,lone_pair,O,2,O2,0,-2.4648,-1.7365,0.7283,ok,-8.629,-7.9818,0.6473,ok,-2.1938,-1.4543,0.7395,ok,-1.758,-1.0298,0.7282,ok,-2.2174,-1.4633,0.7541,ok,-5.2083,-4.5662,0.6421,ok,-4.7154,-4.0923,0.623,ok,-4.7789,-4.1494,0.6295,ok,0.271,0.2822,0.0112,0.7068,0.7067,-0.0001,0.2474,0.2732,0.0258,3.4207,3.4156,-0.0052,3.9136,3.8895,-0.0243,3.8501,3.8324,-0.0178,0.65252773,1.72718738328,O,0.64141176,1.74228264856,intact,4.650338,0.69827382,1.7978971773,intact,3.0109019,0.59598152,1.76021943464,intact,5.7611854,intact,0,6.7.1pre,0,25.584443,
VVLAIYIMMFWRFW-UHFFFAOYSA-N,2-hydroxyethylammonium acetate,CC(=O)O.NCCO,77,119,lone_pair,O,2,O2,0,-0.9439,-0.8443,0.0995,ok,-7.4602,-7.4373,0.023,ok,-1.2395,-0.9257,0.3138,ok,-0.9012,-0.7658,0.1354,ok,-1.7777,-1.0448,0.733,ok,-3.872,-3.8258,0.0462,ok,-4.1943,-4.1554,0.0388,ok,,,,xtb_failed,-0.2956,-0.0814,0.2143,0.0427,0.0785,0.0359,-0.8338,-0.2005,0.6335,3.5882,3.6115,0.0232,3.2659,3.2819,0.0158,,,,0.61938232,1.80518572275,O,0.6296376,1.8074688437,intact,1.8870762,0.65497606,1.80228453243,intact,1.7609206,,,not_available,0.5815735,intact,0,6.7.1pre,0,10.62131,returncode=128 sentinel=False: -1- scf: Self consistent charge iterator did not converge
WYJOVVXUZNRJQY-UHFFFAOYSA-N,2-acetylthiophene,CC(=O)c1cccs1,78,120,lone_pair,O,2,O2,0,-10.8498,-7.9767,2.8731,ok,-14.3955,-11.7941,2.6014,ok,-10.9334,-7.9607,2.9726,ok,-10.932,-7.9913,2.9407,ok,-11.041,-8.0023,3.0387,ok,-11.6345,-8.9425,2.692,ok,-11.6886,-8.9821,2.7065,ok,-11.2228,-8.4587,2.7641,ok,-0.0836,0.016,0.0995,-0.0822,-0.0146,0.0676,-0.1912,-0.0256,0.1656,2.761,2.8516,0.0906,2.7069,2.812,0.1051,3.1727,3.3354,0.1627,0.72824922,1.64660078373,O,0.72977422,1.65996853376,intact,0.5824631,0.73782046,1.66355241404,intact,0.2388777,0.75095757,1.67179640405,intact,0.2822885,intact,0,6.7.1pre,0,2.5263799,
WZLFPVPRZGTCKP-UHFFFAOYSA-N,"1,1,1,3,3-pentafluorobutane",CC(F)(F)CC(F)(F)F,79,121,no_motif,none,-1,unbound_reference,0,-13.2246,-0.8115,12.4131,ok,-16.9012,-8.2641,8.6371,ok,-13.1361,-0.7311,12.405,ok,-13.1653,-0.7597,12.4056,ok,-13.0471,-0.6464,12.4007,ok,-13.8214,-4.6733,9.1481,ok,-13.8457,-4.7113,9.1344,ok,-13.3093,-3.7147,9.5946,ok,0.0885,0.0804,-0.0081,0.0593,0.0518,-0.0075,0.1775,0.1651,-0.0124,3.0798,3.5908,0.511,3.0555,3.5528,0.4973,3.5919,4.5494,0.9575,0.77692258,1.84134951243,F,0.77252605,1.85654061235,intact,0.5441226,0.68334935,1.89050477179,intact,1.5162962,0.82282957,1.80353215122,intact,0.5198163,intact,0,6.7.1pre,0,4.2320765,
XDJYSDBSJWNTQT-UHFFFAOYSA-N,"1-ethyl-2,3-dimethylimidazolium bis[(trifluoromethyl)sulfonyl]imide",CCn1cc[n+](C)c1C.O=S(=O)([N-]S(=O)(=O)C(F)(F)F)C(F)(F)F,80,122,lone_pair,O,9,O9,0,-6.826,-6.1973,0.6288,ok,-10.3342,-10.1003,0.2339,ok,-6.8846,-6.2649,0.6197,ok,-8.6273,-7.9646,0.6627,ok,-6.4146,-5.7933,0.6213,ok,-7.9306,-7.5715,0.3591,ok,-8.6979,-8.3731,0.3248,ok,-6.9905,-6.6447,0.3457,ok,-0.0586,-0.0676,-0.0091,-1.8013,-1.7673,0.0339,0.4114,0.404,-0.0075,2.4036,2.5288,0.1252,1.6363,1.7272,0.0909,3.3437,3.4556,0.1118,0.76413306,1.74956764042,O,0.71019579,1.6887798034,intact,6.7623724,0.73456547,1.74579737891,intact,8.7763969,0.74300492,1.71136388062,intact,15.138905,intact,0,6.7.1pre,0,67.96651,
XDTMQSROBMDMFD-UHFFFAOYSA-N,cyclohexane,C1CCCCC1,81,123,no_motif,none,-1,unbound_reference,0,-11.1668,2.4117,13.5785,ok,-14.985,-11.517,3.468,ok,-11.1062,2.4729,13.5791,ok,-11.1628,2.416,13.5788,ok,-11.1553,2.4249,13.5802,ok,-11.7891,-7.9008,3.8883,ok,-11.9613,-8.0849,3.8763,ok,-11.4275,-7.1324,4.2951,ok,0.0606,0.0612,0.0006,0.004,0.0043,0.000299999999999,0.0115,0.0132,0.0017,3.1959,3.6162,0.4203,3.0237,3.4321,0.4083,3.5575,4.3846,0.8271,0.74445628,2.70530502923,C,0.76394589,2.74775504095,loose,0.3655066,0.77989802,2.78642987422,loose,0.3153082,0.69969351,3.18142725606,loose,0.8496795,loose,0,6.7.1pre,0,2.9141157,
XLYOFNOQVPJJNP-UHFFFAOYSA-N,water,O,82,124,lone_pair,O,0,O0,0,-12.1659,1.9938,14.1597,ok,-18.5523,-12.787,5.7653,ok,-11.6802,2.8029,14.4831,ok,-12.0655,2.1993,14.2648,ok,-11.8383,2.8324,14.6707,ok,-14.0205,-8.6122,5.4084,ok,-14.0921,-8.605,5.487,ok,-13.0315,-7.5753,5.4562,ok,0.4857,0.8091,0.3234,0.1004,0.2055,0.1051,0.3276,0.8386,0.511,4.5318,4.1748,-0.3569,4.4602,4.182,-0.2783,5.5208,5.2117,-0.3091,0.81267173,1.74388902399,O,0.77472406,1.72689283334,intact,0.1869548,0.78606107,1.72662403809,intact,0.2557748,0.77193271,1.7175332597,intact,0.3597077,intact,0,6.7.1pre,0,1.90339,
XQQZRZQVBFHBHL-UHFFFAOYSA-N,"1,4,7,10-tetraoxacyclododecane",C1COCCOCCOCCO1,83,125,lone_pair,O,2,O2,0,-10.5207,-0.7032,9.8175,ok,-13.5495,-11.4272,2.1223,ok,-10.665,-0.7833,9.8818,ok,-10.5912,-0.722,9.8691,ok,-10.76,-0.8518,9.9082,ok,-11.0592,-8.2914,2.7678,ok,-10.9527,-8.2171,2.7356,ok,-10.7964,-7.4993,3.2971,ok,-0.1443,-0.0801,0.0643,-0.0705,-0.0188,0.0516,-0.2393,-0.1486,0.0907,2.4903,3.1358,0.6455,2.5968,3.2101,0.6133,2.7531,3.9279,1.1748,0.73139695,1.83588603713,O,0.71518044,1.84470541124,intact,0.6558302,0.70261248,1.84871899126,intact,0.6840581,0.71340763,1.84757532332,intact,0.7649725,intact,0,6.7.1pre,0,4.4133006,
XTHFKEDIFFGKHM-UHFFFAOYSA-N,"1,2-dimethoxyethane",COCCOC,84,126,lone_pair,O,1,O1,0,-10.6272,-0.072,10.5552,ok,-14.4782,-12.1065,2.3718,ok,-10.6603,-0.0896,10.5707,ok,-10.6751,-0.1079,10.5672,ok,-10.7608,-0.1729,10.5879,ok,-11.4333,-8.6718,2.7615,ok,-11.3934,-8.6127,2.7807,ok,-11.0095,-7.7938,3.2157,ok,-0.0331,-0.0176,0.0155,-0.0479,-0.0359,0.012,-0.1336,-0.1009,0.0327,3.0449,3.4347,0.3897,3.0848,3.4938,0.4089,3.4687,4.3127,0.8439,0.69830507,1.79887195323,O,0.68868644,1.80953137745,intact,0.7014346,0.69191001,1.81062639094,intact,0.4682704,0.70223815,1.81403362538,intact,0.460153,intact,0,6.7.1pre,0,3.3704636,
YEJRWHAVMIAJKC-UHFFFAOYSA-N,.gamma.-butyrolactone,O=C1CCCO1,85,127,lone_pair,O,0,O0,0,-11.4191,-6.6264,4.7927,ok,-15.5921,-12.0538,3.5384,ok,-11.5121,-6.7101,4.8021,ok,-11.5193,-6.7175,4.8017,ok,-11.6261,-6.8156,4.8105,ok,-12.4406,-8.802,3.6386,ok,-12.5953,-8.745,3.8504,ok,-11.9878,-7.9576,4.0302,ok,-0.093,-0.0837,0.0094,-0.1002,-0.0911,0.009,-0.207,-0.1892,0.0178,3.1515,3.2518,0.1002,2.9968,3.3088,0.312,3.6043,4.0962,0.4918,0.75664156,1.66727974882,O,0.75041573,1.66973476311,intact,0.2482616,0.75641464,1.67659493362,intact,0.2351431,0.7667299,1.67703160932,intact,0.4247149,intact,0,6.7.1pre,0,2.1779194,
YEYKMVJDLWJFOA-UHFFFAOYSA-N,2-propoxyethanol,CCCOCCO,86,128,lone_pair,O,3,O3,0,-11.0093,-0.3091,10.7001,ok,-15.1733,-12.0325,3.1408,ok,-10.937,-0.236,10.7011,ok,-10.9596,-0.2731,10.6865,ok,-11.0065,-0.3134,10.6931,ok,-12.0152,-8.5468,3.4684,ok,-12.0609,-8.5327,3.5282,ok,-11.4836,-7.6847,3.7989,ok,0.0723,0.0731,0.000999999999999,0.0497,0.036,-0.0136,0.0028,-0.0043,-0.007,3.1581,3.4857,0.3276,3.1124,3.4998,0.3874,3.6897,4.3478,0.6581,0.68995194,1.80355109458,O,0.6839961,1.79981191693,intact,0.749112,0.69025304,1.79708584748,intact,0.9943912,0.69821613,1.79164365135,intact,0.5902136,intact,0,6.7.1pre,0,5.1659919,
YFMFNYKEUDLDTL-UHFFFAOYSA-N,"1,1,1,2,3,3,3-heptafluoropropane",FC(C(F)(F)F)C(F)(F)F,87,129,no_motif,none,-1,unbound_reference,0,-14.6052,-3.4166,11.1886,ok,-18.6883,-10.7123,7.976,ok,-14.5328,-3.306,11.2268,ok,-14.5259,-3.3139,11.212,ok,-14.4229,-3.1494,11.2734,ok,-15.5301,-7.139,8.3911,ok,-15.5249,-7.1225,8.4023,ok,-14.9488,-6.1081,8.8407,ok,0.0724,0.1106,0.0382,0.0793,0.1027,0.0234,0.1823,0.2672,0.0848,3.1582,3.5733,0.4151,3.1634,3.5898,0.4263,3.7395,4.6042,0.8647,0.73602541,1.86581630092,F,0.71623417,1.92642880501,intact,0.6213141,0.73574467,1.91012111505,intact,0.9323082,0.75150259,1.91910344559,intact,0.9872861,intact,0,6.7.1pre,0,4.8349377,
YFNKIDBQEZZDLK-UHFFFAOYSA-N,"2,5,8,11-tetraoxadodecane",COCCOCCOCCOC,88,130,lone_pair,O,1,O1,0,-10.6604,-0.2852,10.3752,ok,-12.7154,-11.8382,0.8772,ok,-10.7808,-0.3274,10.4534,ok,-10.7487,-0.2917,10.457,ok,-10.8946,-0.3925,10.5021,ok,-10.9794,-8.5169,2.4625,ok,-10.8917,-8.4237,2.468,ok,-10.8942,-7.5959,3.2982,ok,-0.1204,-0.0422,0.0782,-0.0883,-0.0065,0.0818,-0.2342,-0.1073,0.1269,1.736,3.3213,1.5853,1.8237,3.4145,1.5908,1.8212,4.2423,2.421,0.63294994,1.82780357549,O,0.64781533,1.81335570275,intact,0.9067072,0.64363263,1.82117161006,intact,1.3871887,0.67164919,1.81991814365,intact,1.0110793,intact,0,6.7.1pre,0,8.0373586,
YIWUKEYIRIRTPP-UHFFFAOYSA-N,2-ethyl-1-hexanol,CCCCC(CC)CO,89,131,lone_pair,O,8,O8,0,-10.9213,0.8853,11.8066,ok,-14.0448,-12.1324,1.9125,ok,-10.8221,1.0036,11.8257,ok,-10.9252,0.8861,11.8113,ok,-10.9413,0.8885,11.8298,ok,-11.4755,-8.6598,2.8157,ok,-11.5131,-8.5966,2.9164,ok,-11.1687,-7.669,3.4997,ok,0.0992,0.1183,0.0191,-0.0039,0.0008,0.0047,-0.02,0.0032,0.0232,2.5693,3.4726,0.9032,2.5317,3.5358,1.0039,2.8761,4.4634,1.5872,0.66104524,1.7753078071,O,0.65911863,1.77197994985,intact,1.4002507,0.65100457,1.77592122917,intact,1.0810926,0.67337658,1.76410102582,intact,0.7401252,intact,0,6.7.1pre,0,6.2872578,
YXFVVABEGXRONW-UHFFFAOYSA-N,toluene,Cc1ccccc1,90,132,aromatic_pi,pi,1,ring_centroid,0,-10.574,-5.9815,4.5924,ok,-15.3646,-12.1477,3.2168,ok,-10.5377,-5.9619,4.5759,ok,-10.5679,-5.9839,4.584,ok,-10.5605,-5.9911,4.5694,ok,-11.9382,-8.5569,3.3813,ok,-12.2052,-8.9158,3.2894,ok,-11.4623,-7.9821,3.4802,ok,0.0363,0.0196,-0.0165,0.0061,-0.0024,-0.0084,0.0135,-0.0096,-0.023,3.4264,3.5908,0.1645,3.1594,3.2319,0.0726,3.9023,4.1656,0.2634,0.71753268,2.34463966696,C,0.73865019,2.35674282995,intact,0.2075831,0.72110333,2.39503756608,intact,0.3424594,0.75602756,2.35923822577,intact,0.206118,intact,0,6.7.1pre,0,2.6973076,
ZBCBWPMODOFKDW-UHFFFAOYSA-N,diethanolamine,OCCNCCO,91,133,lone_pair,O,0,O0,0,-9.683,0.0055,9.6885,ok,-12.7453,-12.2607,0.4846,ok,-9.5883,0.1258,9.7141,ok,-9.6539,0.0294,9.6833,ok,-9.7254,-0.0041,9.7213,ok,-9.9277,-8.7836,1.1441,ok,-9.9211,-8.7003,1.2207,ok,-9.6728,-7.7963,1.8766,ok,0.0947,0.1203,0.0256,0.0291,0.0239,-0.0052,-0.0424,-0.0096,0.0328,2.8176,3.4771,0.6595,2.8242,3.5604,0.7361,3.0725,4.4644,1.392,0.66926251,1.81245831471,O,0.74967447,1.74094850216,intact,0.4773351,0.75584144,1.74574562691,intact,0.2784286,0.77293551,1.74891423449,intact,0.3411989,intact,0,6.7.1pre,0,3.6086471,
ZHNUHDYFZUAESO-UHFFFAOYSA-N,formamide,N=CO,92,134,lone_pair,O,2,O2,0,-10.9403,-6.3213,4.619,ok,-15.192,-12.8313,2.3607,ok,-10.8068,-6.1647,4.642,ok,-10.9164,-6.2814,4.635,ok,-10.9403,-6.2764,4.6639,ok,-11.6385,-8.9736,2.6649,ok,-11.6656,-8.931,2.7345,ok,-11.1822,-7.9934,3.1888,ok,0.1335,0.1566,0.023,0.0239,0.0399,0.016,0,0.0449,0.0449,3.5535,3.8577,0.3042,3.5264,3.9003,0.3738,4.0098,4.8379,0.8281,0.77649337,1.7840922528,O,0.76662374,1.78324390282,intact,0.2072159,0.7783045,1.79063231686,intact,0.2640142,0.7918179,1.79796839912,intact,0.3553967,intact,0,6.7.1pre,0,1.8569952,
ZIBGPFATKBEMQZ-UHFFFAOYSA-N,triethylene glycol,OCCOCCOCCO,93,135,lone_pair,O,0,O0,0,-10.9773,-0.8267,10.1507,ok,-13.3519,-12.5156,0.8362,ok,-10.8967,-0.7395,10.1572,ok,-10.9066,-0.7435,10.1631,ok,-10.9716,-0.7884,10.1832,ok,-11.3063,-8.9176,2.3887,ok,-11.2717,-8.8022,2.4695,ok,-11.042,-7.841,3.2009,ok,0.0806,0.0872,0.0065,0.0707,0.0832,0.0124,0.0057,0.0383,0.0325,2.0456,3.598,1.5525,2.0802,3.7134,1.6333,2.3099,4.6746,2.3647,0.67538467,1.87765133578,O,0.68083501,1.84353950338,intact,1.2971461,0.67221509,1.84359933977,intact,1.1888277,0.66867207,1.87585484117,intact,1.1003835,intact,0,6.7.1pre,0,6.6557091,
ZMXDDKWLCZADIW-UHFFFAOYSA-N,dimethylformamide,CN(C)C=O,94,136,lone_pair,O,4,O4,0,-10.6944,-5.9226,4.7718,ok,-14.8413,-11.7669,3.0744,ok,-10.6464,-6.0125,4.6339,ok,-10.685,-6.0243,4.6607,ok,-10.6849,-6.1351,4.5498,ok,-11.6181,-8.5164,3.1017,ok,-11.6087,-8.4373,3.1714,ok,-11.0697,-7.7091,3.3606,ok,0.048,-0.0899,-0.1379,0.0094,-0.1017,-0.1111,0.0095,-0.2125,-0.222,3.2232,3.2505,0.0273,3.2326,3.3296,0.097,3.7716,4.0578,0.2862,0.71904247,1.65142180703,O,0.70350273,1.65158231774,intact,0.2424221,0.70733131,1.65713098799,intact,0.166012,0.71680545,1.65856790226,intact,0.1828399,intact,0,6.7.1pre,0,1.8036501,
ZPTRYWVRCNOTAS-UHFFFAOYSA-M,1-ethyl-3-methylimidazolium trifluoromethanesulfonate,CCn1cc[n+](C)c1.O=S(=O)([O-])C(F)(F)F,95,137,lone_pair,O,8,O8,0,-3.7119,-3.6202,0.0917,ok,-8.4267,-8.3599,0.0668,ok,-3.9156,-3.827,0.0885,ok,-3.8416,-3.7553,0.0864,ok,-3.7328,-3.6391,0.0937,ok,-5.2963,-5.2305,0.0658,ok,-5.3581,-5.2951,0.063,ok,-4.4854,-4.4149,0.0705,ok,-0.2037,-0.2068,-0.0032,-0.1297,-0.1351,-0.0053,-0.0209,-0.0189,0.002,3.1304,3.1294,-0.001,3.0686,3.0648,-0.0038,3.9413,3.945,0.0037,0.67484046,1.79886825568,O,0.57540276,1.59451370335,intact,2.6232684,0.58092229,1.59775457339,intact,2.984735,0.73590037,1.77977537344,intact,4.7842477,intact,0,6.7.1pre,0,22.612653,
ZSIAUFGUXNUGDI-UHFFFAOYSA-N,hexan-1-ol,CCCCCCO,96,138,lone_pair,O,6,O6,0,-11.0091,1.1899,12.199,ok,-14.4782,-11.8233,2.6548,ok,-10.8963,1.3533,12.2497,ok,-11.0029,1.2136,12.2166,ok,-11.002,1.2575,12.2595,ok,-11.5279,-8.3761,3.1518,ok,-11.598,-8.3479,3.2501,ok,-11.1651,-7.4821,3.683,ok,0.1128,0.1634,0.0507,0.0062,0.0237,0.0176,0.0071,0.0676,0.0605,2.9503,3.4472,0.497,2.8802,3.4754,0.5953,3.3131,4.3412,1.0282,0.65467678,1.77223461388,O,0.64572699,1.77319239455,intact,0.3714154,0.65983982,1.77682423033,intact,0.7670357,0.67976617,1.7701840772,intact,0.4142302,intact,0,6.7.1pre,0,3.3463078,
ZTOMUSMDRMJOTH-UHFFFAOYSA-N,pentanedinitrile,N#CCCCC#N,97,139,lone_pair,N,0,N0,0,-11.8498,-6.2255,5.6244,ok,-14.4213,-11.7855,2.6358,ok,-11.7332,-6.1268,5.6065,ok,-11.8147,-6.1975,5.6172,ok,-11.772,-6.1785,5.5936,ok,-11.9136,-8.3413,3.5723,ok,-11.9571,-8.3284,3.6287,ok,-11.7111,-7.5082,4.2029,ok,0.1166,0.0987,-0.0179,0.0351,0.028,-0.0072,0.0778,0.047,-0.0308,2.5077,3.4442,0.9365,2.4642,3.4571,0.9929,2.7102,4.2773,1.5671,0.61154559,1.99526667495,N,0.70825804,1.8585346236,intact,0.3612539,0.71859521,1.87677651867,intact,0.3290164,0.72530535,1.87596085366,intact,0.2548053,intact,0,6.7.1pre,0,2.7257781,
ZUHZGEOKBKGPSW-UHFFFAOYSA-N,"2,5,8,11,14-pentaoxapentadecane",COCCOCCOCCOCCOC,98,140,lone_pair,O,1,O1,0,-10.3941,-0.1589,10.2352,ok,-13.5161,-10.3703,3.1458,ok,-10.6531,-0.2434,10.4098,ok,-10.5892,-0.1993,10.3898,ok,-10.831,-0.3322,10.4989,ok,-11.1801,-7.3939,3.7862,ok,-11.0656,-7.333,3.7326,ok,-10.9428,-6.658,4.2848,ok,-0.259,-0.0845,0.1746,-0.1951,-0.0404,0.1546,-0.4369,-0.1733,0.2637,2.336,2.9764,0.6404,2.4505,3.0373,0.5868,2.5733,3.7123,1.139,0.65292965,1.86461617948,O,0.66186399,1.91987071706,intact,2.1118639,0.63635568,1.86617764498,intact,2.9557445,0.66351704,1.9228044436,intact,2.3440747,intact,0,6.7.1pre,0,14.144,
ZXEKIIBDNHEJCQ-UHFFFAOYSA-N,2-methyl-1-propanol,CC(C)CO,99,141,lone_pair,O,4,O4,0,-11.0294,1.0325,12.0619,ok,-15.5387,-11.6646,3.874,ok,-10.929,1.1888,12.1178,ok,-11.0381,1.0389,12.077,ok,-11.0424,1.1043,12.1468,ok,-12.103,-8.1305,3.9725,ok,-12.1681,-8.1221,4.046,ok,-11.5319,-7.2992,4.2327,ok,0.1004,0.1563,0.0559,-0.0087,0.0064,0.0151,-0.013,0.0718,0.0849,3.4357,3.5341,0.0985,3.3706,3.5425,0.172,4.0068,4.3654,0.3587,0.68350562,1.74873479021,O,0.67305549,1.74690487439,intact,0.2996423,0.67117014,1.75708511256,intact,0.2537038,0.69078604,1.75675325718,intact,0.1964283,intact,0,6.7.1pre,0,2.2253287,
HXDLWJWIAHWIKI-UHFFFAOYSA-N,beta-Hydroxyethyl acetate (Glycol monoacetate),CC(=O)OCCO,100,142,lone_pair,O,2,O2,0,-11.4576,-6.7846,4.673,ok,-14.6752,-12.1384,2.5368,ok,-11.3578,-6.7934,4.5644,ok,-11.431,-6.7692,4.6618,ok,-11.4434,-6.842,4.6014,ok,-11.7796,-8.7904,2.9891,ok,-11.7994,-8.6932,3.1062,ok,-11.4728,-7.8817,3.5911,ok,0.0998,-0.0088,-0.1086,0.0266,0.0154,-0.0112,0.0142,-0.0574,-0.0716,2.8956,3.348,0.4523,2.8758,3.4452,0.5694,3.2024,4.2567,1.0543,0.72808902,1.66730657077,O,0.73052475,1.6751975791,intact,0.4304456,0.73272327,1.67924984746,intact,0.2239947,0.75114383,1.68690691524,intact,0.4723914,intact,0,6.7.1pre,0,2.5562114,
IYXGSMUGOJNHAZ-UHFFFAOYSA-N,Diethyl malonate,CCOC(=O)CC(=O)OCC,101,143,lone_pair,O,2,O2,0,-11.5705,-6.836,4.7345,ok,-15.0572,-12.3051,2.7522,ok,-11.7878,-7.0214,4.7664,ok,-11.7535,-6.9812,4.7723,ok,-11.8865,-7.1271,4.7594,ok,-12.4904,-9.0548,3.4356,ok,-12.5001,-9.0523,3.4478,ok,-12.118,-8.1803,3.9378,ok,-0.2173,-0.1854,0.0319,-0.183,-0.1452,0.0378,-0.316,-0.2911,0.0249,2.5668,3.2503,0.6834,2.5571,3.2528,0.6956,2.9392,4.1248,1.1856,0.68405976,1.73419282643,O,0.68122184,1.75362640851,intact,0.793766,0.68183327,1.74784133066,intact,0.8969605,0.69984687,1.76125563857,intact,0.6880934,intact,0,6.7.1pre,0,4.3878219,
SVONRAPFKPVNKG-UHFFFAOYSA-N,"beta-Ethoxyethyl acetate (""Cellosolve"" acetate)",CCOCCOC(C)=O,102,144,lone_pair,O,2,O2,0,-10.9901,-6.6166,4.3735,ok,-14.0979,-11.8696,2.2283,ok,-10.9854,-6.7395,4.2459,ok,-10.9552,-6.6869,4.2683,ok,-11.0321,-6.8144,4.2178,ok,-11.8954,-8.4319,3.4635,ok,-11.7885,-8.3846,3.4039,ok,-11.5254,-7.5183,4.0071,ok,0.0047,-0.1229,-0.1276,0.0349,-0.0703,-0.1052,-0.042,-0.1978,-0.1557,2.2025,3.4377,1.2352,2.3094,3.485,1.1756,2.5725,4.3513,1.7788,0.67408184,1.78128589807,O,0.69801815,1.77190035487,intact,0.6409394,0.7083922,1.77694782942,intact,0.7553346,0.72576359,1.78835117707,intact,0.496844,intact,0,6.7.1pre,0,4.1117896,
KXKVLQRXCPHEJC-UHFFFAOYSA-N,Methyl acetate,COC(C)=O,103,145,lone_pair,O,1,O1,0,-11.4615,-6.5343,4.9272,ok,-15.9016,-12.5776,3.3239,ok,-11.5941,-6.6389,4.9552,ok,-11.5689,-6.6222,4.9467,ok,-11.6998,-6.7222,4.9776,ok,-12.6346,-8.9307,3.7038,ok,-12.5824,-8.9042,3.6783,ok,-12.1115,-7.9658,4.1457,ok,-0.1326,-0.1046,0.028,-0.1074,-0.0879,0.0195,-0.2383,-0.1879,0.0504,3.267,3.6469,0.3799,3.3192,3.6734,0.3544,3.7901,4.6118,0.8218,0.74349943,1.78066705701,O,0.75273634,1.80896964268,intact,0.135036,0.76099762,1.81851396921,intact,0.1648759,0.78502437,1.83492366643,intact,0.1305917,intact,0,6.7.1pre,0,1.1959159,
XEKOWRVHYACXOJ-UHFFFAOYSA-N,Ethyl acetate,CCOC(C)=O,104,146,lone_pair,O,2,O2,0,-11.3824,-6.4568,4.9256,ok,-15.7548,-12.3566,3.3982,ok,-11.5357,-6.5927,4.9431,ok,-11.5005,-6.5606,4.9399,ok,-11.6435,-6.6871,4.9564,ok,-12.5525,-8.8208,3.7317,ok,-12.5197,-8.7974,3.7223,ok,-12.0344,-7.8903,4.1441,ok,-0.1533,-0.1359,0.0175,-0.1181,-0.1038,0.0143,-0.2611,-0.2303,0.0308,3.2023,3.5358,0.3335,3.2351,3.5592,0.3241,3.7204,4.4663,0.7459,0.70360255,1.77688719556,O,0.70881311,1.80548854679,intact,0.3172903,0.71697255,1.82110779084,intact,0.3343435,0.74143304,1.8248311288,intact,0.3710442,intact,0,6.7.1pre,0,2.1300181,
DIQMPQMYFZXDAX-UHFFFAOYSA-N,Amyl formate,CCCCCOC=O,105,147,lone_pair,O,5,O5,0,-11.6409,-6.961,4.6799,ok,-14.5678,-12.3978,2.1699,ok,-11.4744,-7.0964,4.378,ok,-11.5627,-7.0969,4.4658,ok,-11.4777,-7.2177,4.26,ok,-11.8003,-8.968,2.8323,ok,-11.8652,-8.9404,2.9248,ok,-11.481,-8.0431,3.4378,ok,0.1665,-0.1354,-0.3019,0.0782,-0.1359,-0.2141,0.1632,-0.2567,-0.4199,2.7675,3.4298,0.6624,2.7026,3.4574,0.7549,3.0868,4.3547,1.2679,0.66154582,1.84769915961,O,0.64953564,1.88833554451,intact,0.5942378,0.65043338,1.90814723852,intact,0.7479434,0.68043061,1.92379601356,intact,0.8870532,intact,0,6.7.1pre,0,3.8879108,
DKPFZGUDAPQIHT-UHFFFAOYSA-N,Butyl acetate,CCCCOC(C)=O,106,148,lone_pair,O,4,O4,0,-11.367,-6.4484,4.9186,ok,-15.5246,-11.7178,3.8069,ok,-11.5253,-6.6075,4.9178,ok,-11.5002,-6.5703,4.9299,ok,-11.5498,-6.7106,4.8392,ok,-12.2652,-8.33,3.9351,ok,-12.3727,-8.3567,4.016,ok,-11.7392,-7.4837,4.2555,ok,-0.1583,-0.1591,-0.0008,-0.1332,-0.1219,0.0113,-0.1828,-0.2622,-0.0794,3.2594,3.3878,0.1282,3.1519,3.3611,0.2091,3.7854,4.2341,0.4486,0.67720573,1.79858792196,O,0.68405044,1.82843457813,intact,0.2742014,0.68932452,1.84326251501,intact,0.2705938,0.71901476,1.84573332521,intact,0.2357891,intact,0,6.7.1pre,0,1.9754955,
GJRQTCIYDGXPES-UHFFFAOYSA-N,Isobutyl acetate,CC(=O)OCC(C)C,107,149,lone_pair,O,2,O2,0,-11.3473,-6.3878,4.9596,ok,-14.8021,-11.8211,2.9811,ok,-11.5118,-6.5373,4.9744,ok,-11.4697,-6.496,4.9737,ok,-11.6209,-6.6402,4.9807,ok,-12.0878,-8.657,3.4308,ok,-12.1062,-8.5554,3.5509,ok,-11.7353,-7.7944,3.9409,ok,-0.1645,-0.1495,0.0148,-0.1224,-0.1082,0.0141,-0.2736,-0.2524,0.0211,2.7143,3.1641,0.4497,2.6959,3.2657,0.5698,3.0668,4.0267,0.9598,0.67930304,1.6774651039,O,0.68087105,1.68621557424,intact,0.5579153,0.6984377,1.68427189998,intact,0.3814348,0.70383098,1.69284256868,intact,0.4909754,intact,0,6.7.1pre,0,2.7652478,
XNWFRZJHXBZDAG-UHFFFAOYSA-N,2-Methoxyethanol,COCCO,108,150,lone_pair,O,1,O1,0,-11.0754,-0.3696,10.7058,ok,-15.2956,-12.153,3.1426,ok,-11.023,-0.2933,10.7297,ok,-11.0523,-0.3573,10.695,ok,-11.0982,-0.3838,10.7144,ok,-11.9954,-8.5667,3.4286,ok,-12.0597,-8.5495,3.5102,ok,-11.5407,-7.6991,3.8417,ok,0.0524,0.0763,0.0239,0.0231,0.0123,-0.0108,-0.0228,-0.0142,0.0086,3.3002,3.5863,0.286,3.2359,3.6035,0.3676,3.7549,4.4539,0.6991,0.71754916,1.76744132319,O,0.71431553,1.77284142109,intact,0.2725404,0.72415945,1.77913014112,intact,0.2015196,0.74355527,1.78323924025,intact,0.2061244,intact,0,6.7.1pre,0,1.4747526,
SWXVUIWOUIDPGS-UHFFFAOYSA-N,4-Hydroxy-4-methyl-2-pentanone (Diacetone alcohol),CC(=O)CC(C)(C)O,109,151,lone_pair,O,2,O2,0,-10.6242,-6.857,3.7672,ok,-14.2226,-11.7246,2.498,ok,-10.7166,-6.9625,3.7541,ok,-10.7047,-6.9507,3.754,ok,-10.8024,-7.0624,3.74,ok,-11.4555,-8.5426,2.9129,ok,-11.4411,-8.4579,2.9832,ok,-11.0989,-7.7937,3.3051,ok,-0.0924,-0.1055,-0.0131,-0.0805,-0.0937,-0.0132,-0.1782,-0.2054,-0.0272,2.7671,3.182,0.4149,2.7815,3.2667,0.4852,3.1237,3.9309,0.8071,0.69357212,1.66618150073,O,0.69613381,1.67311636337,intact,0.4547869,0.70376403,1.67541879824,intact,0.3881793,0.72222186,1.68201815585,intact,0.4137375,intact,0,6.7.1pre,0,3.2017847,
CSCPPACGZOOCGX-UHFFFAOYSA-N,Acetone,CC(C)=O,110,152,lone_pair,O,3,O3,0,-10.8673,-6.9419,3.9254,ok,-15.6652,-11.9324,3.7328,ok,-10.8715,-6.9224,3.9491,ok,-10.8876,-6.9496,3.9379,ok,-10.9264,-6.9612,3.9652,ok,-12.3063,-8.5579,3.7484,ok,-12.324,-8.4943,3.8297,ok,-11.6839,-7.7032,3.9807,ok,-0.0042,0.0195,0.0237,-0.0203,-0.0077,0.0125,-0.0591,-0.0193,0.0398,3.3589,3.3745,0.0156,3.3412,3.4381,0.0969,3.9813,4.2292,0.2479,0.73564425,1.67308931436,O,0.724097,1.67362120176,intact,0.1167314,0.73118576,1.67677623767,intact,0.1617794,0.73780161,1.68054517904,intact,0.1319824,intact,0,6.7.1pre,0,1.1686437,
RTZKZFJDLAIYFH-UHFFFAOYSA-N,Ethyl ether,CCOCC,111,153,lone_pair,O,2,O2,0,-10.6929,0.4904,11.1833,ok,-15.3599,-11.7008,3.6591,ok,-10.7466,0.4572,11.2037,ok,-10.7389,0.4516,11.1905,ok,-10.8483,0.3661,11.2144,ok,-11.9491,-8.2314,3.7177,ok,-11.9912,-8.2253,3.7659,ok,-11.3748,-7.4192,3.9557,ok,-0.0537,-0.0332,0.0204,-0.046,-0.0388,0.0072,-0.1554,-0.1243,0.0311,3.4108,3.4694,0.0586,3.3687,3.4755,0.1068,3.9851,4.2816,0.2966,0.69496286,1.75300595177,O,0.69052246,1.76032024798,intact,0.3170372,0.70014746,1.76996951747,intact,0.2520728,0.71874655,1.77761205081,intact,0.1747924,intact,0,6.7.1pre,0,1.9986486,
XNLICIUVMPYHGG-UHFFFAOYSA-N,2-Pentanone,CCCC(C)=O,112,154,lone_pair,O,5,O5,0,-10.7229,-6.8727,3.8502,ok,-14.9784,-11.717,3.2614,ok,-10.7345,-6.8779,3.8566,ok,-10.7634,-6.9103,3.8531,ok,-10.8024,-6.9416,3.8608,ok,-11.8787,-8.4524,3.4263,ok,-11.9428,-8.4059,3.5368,ok,-11.3821,-7.6499,3.7322,ok,-0.0116,-0.0052,0.0064,-0.0405,-0.0376,0.0029,-0.0795,-0.0689,0.0106,3.0997,3.2646,0.1649,3.0356,3.3111,0.2754,3.5963,4.0671,0.4708,0.69170431,1.684322707,O,0.69139517,1.68302075665,intact,0.3113682,0.70911069,1.68497925767,intact,0.2459785,0.71430898,1.69078403158,intact,0.3160156,intact,0,6.7.1pre,0,2.2339132,
FDPIMTJIUBPUKL-UHFFFAOYSA-N,3-Pentanone,CCC(=O)CC,113,155,lone_pair,O,3,O3,0,-10.6788,-7.0033,3.6756,ok,-15.0261,-11.8274,3.1987,ok,-10.7079,-7.0484,3.6595,ok,-10.7452,-7.081,3.6642,ok,-10.8038,-7.156,3.6478,ok,-11.9371,-8.5894,3.3477,ok,-12.0009,-8.5394,3.4615,ok,-11.434,-7.9214,3.5126,ok,-0.0291,-0.0451,-0.0161,-0.0664,-0.0777,-0.0114,-0.125,-0.1527,-0.0278,3.089,3.238,0.149,3.0252,3.288,0.2628,3.5921,3.906,0.3139,0.72419006,1.66560760845,O,0.71922373,1.67199236249,intact,0.2698315,0.72731267,1.67543928935,intact,0.203927,0.73830572,1.68063496476,intact,0.2620977,intact,0,6.7.1pre,0,2.1289666,
NTIZESTWPVYFNL-UHFFFAOYSA-N,4-Methyl-2-pentanone,CC(=O)CC(C)C,114,156,lone_pair,O,2,O2,0,-10.5772,-6.8512,3.726,ok,-14.6783,-11.3847,3.2936,ok,-10.5851,-6.8587,3.7264,ok,-10.6101,-6.8815,3.7286,ok,-10.6458,-6.9178,3.728,ok,-11.5847,-8.2008,3.3839,ok,-11.6437,-8.2301,3.4136,ok,-11.0938,-7.6024,3.4914,ok,-0.0079,-0.0075,0.0004,-0.0329,-0.0303,0.0026,-0.0686,-0.0666,0.002,3.0936,3.1839,0.0903,3.0346,3.1546,0.12,3.5845,3.7823,0.1978,0.65997576,1.70159965757,O,0.65243818,1.70489030829,intact,0.25586,0.66850491,1.70894645639,intact,0.362329,0.67995092,1.70897162191,intact,0.2339269,intact,0,6.7.1pre,0,1.9781739,
JFDZBHWFFUWGJE-UHFFFAOYSA-N,Benzonitrile,N#Cc1ccccc1,115,157,lone_pair,N,0,N0,0,-11.5138,-7.5297,3.9841,ok,-14.8064,-11.5169,3.2894,ok,-11.4075,-7.4607,3.9469,ok,-11.4786,-7.5198,3.9588,ok,-11.4154,-7.4969,3.9185,ok,-11.9878,-8.5966,3.3912,ok,-12.1097,-8.6736,3.4362,ok,-11.6215,-8.1475,3.474,ok,0.1063,0.069,-0.0372,0.0352,0.0099,-0.0253,0.0984,0.0328,-0.0656,2.8186,2.9203,0.1018,2.6967,2.8433,0.1468,3.1849,3.3694,0.1846,0.6992639,1.83364647078,N,0.70671911,1.84806415891,intact,0.2180118,0.71432466,1.86117438478,intact,0.1787303,0.72924199,1.86900641877,intact,0.216618,intact,0,6.7.1pre,0,1.8616059,
DTQVDTLACAAQTR-UHFFFAOYSA-N,Trifluoroacetic acid,O=C(O)C(F)(F)F,116,158,lone_pair,O,0,O0,0,-13.5169,-9.0782,4.4387,ok,-18.0232,-13.8675,4.1558,ok,-13.4211,-8.9191,4.502,ok,-13.395,-8.9094,4.4856,ok,-13.3741,-8.8239,4.5502,ok,-14.8404,-10.3776,4.4628,ok,-14.7353,-10.2886,4.4467,ok,-14.179,-9.5926,4.5864,ok,0.0958,0.1591,0.0633,0.1219,0.1688,0.0469,0.1428,0.2543,0.1115,3.1828,3.4899,0.307,3.2879,3.5789,0.2909,3.8442,4.2749,0.4306,0.77406714,1.82700214968,O,0.78578686,1.75210221904,intact,0.2412365,0.78754883,1.75828832118,intact,0.2027945,0.8087507,1.73302952786,intact,0.2544194,intact,0,6.7.1pre,0,1.7730555,
HEBKCHPVOIAQTA-NGQZWQHPSA-N,Xylitol,OC[C@@H](O)C(O)[C@@H](O)CO,117,159,lone_pair,O,0,O0,0,-10.7621,-0.7228,10.0393,ok,-14.5237,-11.449,3.0747,ok,-10.6829,-0.5576,10.1252,ok,-10.7682,-0.6739,10.0943,ok,-10.8516,-0.7098,10.1418,ok,-11.4151,-7.9285,3.4866,ok,-11.4518,-7.9144,3.5374,ok,-11.0688,-7.1166,3.9522,ok,0.0792,0.1652,0.0859,-0.0061,0.0489,0.055,-0.0895,0.013,0.1025,3.1086,3.5205,0.4119,3.0719,3.5346,0.4627,3.4549,4.3324,0.8775,0.71621219,1.79535389129,O,0.70598816,1.78664694702,intact,0.6778199,0.6995736,1.79413265821,intact,1.1138088,0.71373636,1.78970660909,intact,0.6844277,intact,0,6.7.1pre,0,5.5155916,
NVJBFARDFTXOTO-UHFFFAOYSA-N,Ethyl sulfite,CCOS(=O)OCC,118,160,lone_pair,O,2,O2,0,-10.7958,-4.9368,5.859,ok,-14.661,-11.5362,3.1249,ok,-10.9643,-5.0192,5.9451,ok,-10.958,-5.0145,5.9435,ok,-11.3852,-5.2959,6.0893,ok,-11.9239,-8.2862,3.6377,ok,-11.8561,-8.246,3.6101,ok,-11.6728,-7.5062,4.1666,ok,-0.1685,-0.0824,0.0861,-0.1622,-0.0777,0.0845,-0.5894,-0.3591,0.2303,2.7371,3.25,0.5128,2.8049,3.2902,0.4852,2.9882,4.03,1.0417,0.75612661,1.74046851561,O,0.74021116,1.77439329203,intact,1.1659128,0.73649444,1.80469208985,intact,0.7359696,0.76031556,1.7791575603,intact,1.3798088,intact,0,6.7.1pre,0,7.5738007,
SQYNKIJPMDEDEG-UHFFFAOYSA-N,Paraldehyde,CC1OC(C)OC(C)O1,119,161,lone_pair,O,2,O2,0,-11.0083,-0.1792,10.8291,ok,-14.6412,-11.8767,2.7645,ok,-11.2167,-0.3528,10.8638,ok,-11.0458,-0.2021,10.8436,ok,-11.2599,-0.3917,10.8682,ok,-11.8895,-8.6131,3.2764,ok,-11.7616,-8.5071,3.2545,ok,-11.4698,-7.7321,3.7377,ok,-0.2084,-0.1736,0.0347,-0.0375,-0.0229,0.0145,-0.2516,-0.2125,0.0391,2.7517,3.2636,0.5119,2.8796,3.3696,0.49,3.1714,4.1446,0.9732,0.70033613,1.73180910882,O,0.71201163,1.75790188631,intact,0.2271919,0.7162319,1.76189728639,intact,0.2791012,0.74450634,1.77557801776,intact,0.3007726,intact,0,6.7.1pre,0,2.6658419,
WFCLYEAZTHWNEH-UHFFFAOYSA-N,Ethyl thiocyanate,CCSC#N,120,162,lone_pair,N,4,N4,0,-10.8853,-7.0994,3.7859,ok,-14.7786,-11.6283,3.1503,ok,-10.8455,-7.0951,3.7503,ok,-10.8845,-7.1286,3.7558,ok,-10.865,-7.1492,3.7158,ok,-11.7757,-8.5,3.2757,ok,-11.785,-8.4877,3.2973,ok,-11.2365,-7.8955,3.3411,ok,0.0398,0.0043,-0.0356,0.000800000000002,-0.0292,-0.0301,0.0203,-0.0498,-0.0701,3.0029,3.1283,0.1254,2.9936,3.1406,0.147,3.5421,3.7328,0.1908,0.71002366,1.83690136793,N,0.71712006,1.84980273605,intact,0.2040321,0.71977984,1.85881374482,intact,0.3388455,0.73484956,1.86566359721,intact,0.2219303,intact,0,6.7.1pre,0,2.3964372,
YPFDHNVEDLHUCE-UHFFFAOYSA-N,"1,3-Propanediol",OCCCO,121,163,lone_pair,O,0,O0,0,-11.1255,0.6141,11.7395,ok,-14.2713,-12.4245,1.8468,ok,-10.9766,0.8252,11.8018,ok,-11.1115,0.6539,11.7654,ok,-11.0991,0.7352,11.8342,ok,-11.2887,-8.7287,2.5599,ok,-11.3686,-8.6823,2.6864,ok,-11.0442,-7.752,3.2923,ok,0.1489,0.2111,0.0623,0.014,0.0398,0.0259,0.0264,0.1211,0.0947,2.9826,3.6958,0.7131,2.9027,3.7422,0.8396,3.2271,4.6725,1.4455,0.69799809,1.7648599325,O,0.67764034,1.76716547306,intact,0.4976811,0.6805817,1.77339902029,intact,0.5274516,0.75404423,1.74944458751,intact,0.2436551,intact,0,6.7.1pre,0,3.1035809,
FERIUCNNQQJTOY-UHFFFAOYSA-N,Butyric acid,CCCC(=O)O,122,164,lone_pair,O,4,O4,0,-11.5403,-6.5695,4.9707,ok,-14.9684,-12.1236,2.8448,ok,-11.5499,-6.5603,4.9896,ok,-11.6006,-6.6199,4.9807,ok,-11.6652,-6.6662,4.999,ok,-12.0331,-8.7409,3.2922,ok,-12.1253,-8.6714,3.4539,ok,-11.664,-7.841,3.8229,ok,-0.0096,0.0092,0.0189,-0.0603,-0.0504,0.01,-0.1249,-0.0967,0.0283,2.9353,3.3827,0.4474,2.8431,3.4522,0.6091,3.3044,4.2826,0.9781,0.71953739,1.67961101423,O,0.71617747,1.68155150512,intact,0.28171,0.72917222,1.68327660336,intact,0.2100813,0.73764318,1.68622793267,intact,0.2366165,intact,0,6.7.1pre,0,2.118111,
YNAVUWVOSKDBBP-UHFFFAOYSA-N,Morpholine,C1COCCN1,123,165,lone_pair,O,2,O2,0,-9.8166,-0.0752,9.7414,ok,-13.0938,-12.2625,0.8313,ok,-9.7121,-0.0512,9.6609,ok,-9.7472,-0.0583,9.6889,ok,-9.7771,-0.1451,9.6319,ok,-10.0272,-8.7885,1.2387,ok,-10.0514,-8.7382,1.3132,ok,-9.7077,-7.9192,1.7886,ok,0.1045,0.024,-0.0805,0.0694,0.0169,-0.0525,0.0395,-0.0699,-0.1095,3.0666,3.474,0.4074,3.0424,3.5243,0.4819,3.3861,4.3433,0.9573,0.75071228,1.73565892534,O,0.75294477,1.74753971559,intact,0.3417285,0.76024168,1.75451159896,intact,0.2214475,0.78018598,1.76599609959,intact,0.2236218,intact,0,6.7.1pre,0,2.2538874,
WERYXYBDKMZEQL-UHFFFAOYSA-N,"1,4-Butanediol",OCCCCO,124,166,lone_pair,O,0,O0,0,-11.138,0.9651,12.1031,ok,-13.9409,-12.3474,1.5935,ok,-10.9617,1.2155,12.1772,ok,-11.0809,1.0584,12.1392,ok,-11.0639,1.1428,12.2067,ok,-11.2883,-8.6764,2.6119,ok,-11.354,-8.6293,2.7248,ok,-11.1345,-7.6883,3.4462,ok,0.1763,0.2504,0.0741,0.0571,0.0933,0.0361,0.0741,0.1777,0.1036,2.6526,3.671,1.0184,2.5869,3.7181,1.1313,2.8064,4.6591,1.8527,0.70321361,1.7713032754,O,0.69935278,1.76451709171,intact,0.4376358,0.72234524,1.76080328793,intact,0.2271989,0.74516189,1.7497578703,intact,0.2110004,intact,0,6.7.1pre,0,2.1426994,
SPEUIVXLLWOEMJ-UHFFFAOYSA-N,"1,1-Dimethoxyethane",COC(C)OC,125,167,lone_pair,O,1,O1,0,-11.0695,-0.1126,10.9569,ok,-14.6782,-11.9301,2.7481,ok,-11.1342,-0.1825,10.9516,ok,-11.1154,-0.1689,10.9465,ok,-11.2097,-0.2653,10.9444,ok,-11.7204,-8.5328,3.1876,ok,-11.6696,-8.4815,3.1881,ok,-11.3129,-7.6696,3.6433,ok,-0.0647,-0.0699,-0.0053,-0.0459,-0.0563,-0.0104,-0.1402,-0.1527,-0.0125,2.9578,3.3973,0.4395,3.0086,3.4486,0.44,3.3653,4.2605,0.8952,0.69207553,1.82541307676,O,0.68190866,1.82942438844,intact,0.5054247,0.6864102,1.83563115725,intact,0.5206685,0.69635656,1.83486653195,intact,0.5172666,intact,0,6.7.1pre,0,3.1993029,
NQPDZGIKBAWPEJ-UHFFFAOYSA-N,Valeric acid,CCCCC(=O)O,126,168,lone_pair,O,5,O5,0,-11.404,-6.5327,4.8713,ok,-14.6917,-12.0052,2.6865,ok,-11.3679,-6.5252,4.8426,ok,-11.4377,-6.5858,4.8519,ok,-11.4386,-6.6341,4.8045,ok,-11.8643,-8.6661,3.1982,ok,-11.93,-8.6023,3.3277,ok,-11.5323,-7.784,3.7483,ok,0.0361,0.0075,-0.0287,-0.0337,-0.0531,-0.0194,-0.0346,-0.1014,-0.0668,2.8274,3.3391,0.5117,2.7617,3.4029,0.6412,3.1594,4.2212,1.0618,0.69433116,1.69162145489,O,0.69004662,1.69247813182,intact,0.345846,0.71720219,1.68638051556,intact,0.259561,0.72921982,1.69141933766,intact,0.2176461,intact,0,6.7.1pre,0,2.2223794,
GWYFCOCPABKNJV-UHFFFAOYSA-N,Isovaleric acid,CC(C)CC(=O)O,127,169,lone_pair,O,5,O5,0,-11.4702,-6.5366,4.9336,ok,-14.897,-12.0141,2.8829,ok,-11.4708,-6.5359,4.9349,ok,-11.5229,-6.5914,4.9315,ok,-11.5677,-6.6435,4.9243,ok,-11.9948,-8.6826,3.3122,ok,-12.0769,-8.6149,3.462,ok,-11.6313,-7.7977,3.8336,ok,-0.0006,0.0007,0.0013,-0.0527,-0.0548,-0.0021,-0.0975,-0.1069,-0.0093,2.9022,3.3315,0.4293,2.8201,3.3992,0.5791,3.2657,4.2164,0.9507,0.69747134,1.69242128931,O,0.69756319,1.69183271254,intact,0.2319388,0.71870629,1.68763387343,intact,0.2897493,0.7246751,1.6962709964,intact,0.266131,intact,0,6.7.1pre,0,2.0672091,
ISPYQTSUDJAMAB-UHFFFAOYSA-N,o-Chlorophenol,Oc1ccccc1Cl,128,170,lone_pair,O,0,O0,0,-10.6708,-6.6295,4.0413,ok,-14.2119,-12.2705,1.9415,ok,-10.5389,-6.4785,4.0604,ok,-10.613,-6.559,4.054,ok,-10.5723,-6.4928,4.0796,ok,-11.3124,-8.7861,2.5264,ok,-11.363,-8.7482,2.6148,ok,-10.8977,-7.8112,3.0865,ok,0.1319,0.151,0.0191,0.0578,0.0705,0.0127,0.0985,0.1367,0.0383,2.8995,3.4844,0.5849,2.8489,3.5223,0.6733,3.3142,4.4593,1.145,0.74374523,1.74859522223,O,0.74814768,1.76763542966,intact,0.1835503,0.76376584,1.77055501539,intact,0.2421789,0.77758835,1.7834492149,intact,0.179548,intact,0,6.7.1pre,0,1.7319157,
SVTBMSDMJJWYQN-UHFFFAOYSA-N,"2-Methyl-2,4-pentanediol",CC(O)CC(C)(C)O,129,171,lone_pair,O,2,O2,0,-10.4581,0.0099,10.468,ok,-14.3987,-11.5743,2.8244,ok,-10.5464,0.2206,10.767,ok,-10.565,0.1404,10.7054,ok,-10.7367,0.1925,10.9292,ok,-11.5438,-8.2388,3.305,ok,-11.5441,-8.1616,3.3824,ok,-11.1606,-7.3798,3.7809,ok,-0.0883,0.2107,0.299,-0.1069,0.1305,0.2374,-0.2786,0.1826,0.4612,2.8549,3.3355,0.4806,2.8546,3.4127,0.558,3.2381,4.1945,0.9565,0.69136628,1.70696704972,O,0.68288824,1.71552011894,intact,0.3864074,0.69499933,1.71799609506,intact,0.2571456,0.70913506,1.72576809376,intact,0.2945992,intact,0,6.7.1pre,0,2.3454328,
DHKHKXVYLBGOIT-UHFFFAOYSA-N,"1,1-Diethoxyethane",CCOC(C)OCC,130,172,lone_pair,O,2,O2,0,-10.8803,-0.1584,10.7218,ok,-14.3193,-11.7117,2.6076,ok,-11.0056,-0.2715,10.7341,ok,-10.935,-0.2135,10.7215,ok,-11.0882,-0.3587,10.7294,ok,-11.5931,-8.4571,3.136,ok,-11.5248,-8.3861,3.1387,ok,-11.2079,-7.6046,3.6032,ok,-0.1253,-0.1131,0.0123,-0.0547,-0.0551,-0.000299999999999,-0.2079,-0.2003,0.0076,2.7262,3.2546,0.5284,2.7945,3.3256,0.5311,3.1114,4.1071,0.9956,0.67007438,1.81180096363,O,0.66480065,1.82465350043,intact,0.7518038,0.67174233,1.83093770806,intact,0.6324037,0.68383986,1.82857977899,intact,0.8082948,intact,0,6.7.1pre,0,3.9619077,
QJPJQTDYNZXKQF-UHFFFAOYSA-N,p-Bromoanisole,COc1ccc(Br)cc1,131,173,lone_pair,O,1,O1,0,-10.5499,-6.7877,3.7622,ok,-13.7155,-12.0064,1.7091,ok,-10.5072,-6.6861,3.821,ok,-10.5418,-6.7464,3.7954,ok,-10.5828,-6.7355,3.8473,ok,-11.1245,-8.651,2.4735,ok,-11.1805,-8.6648,2.5157,ok,-10.872,-7.7863,3.0857,ok,0.0427,0.1016,0.0588,0.0081,0.0413,0.0332,-0.0329,0.0522,0.0851,2.591,3.3554,0.7644,2.535,3.3416,0.8066,2.8435,4.2201,1.3766,0.71981432,1.78495507952,O,0.73013458,1.80123189157,intact,0.348305,0.74266593,1.81049531527,intact,0.1615321,0.76635725,1.82171986689,intact,0.208113,intact,0,6.7.1pre,0,1.6458456,
WEVYAHXRMPXWCK-UHFFFAOYSA-N,Acetonitrile,CC#N,132,174,lone_pair,N,2,N2,0,-11.6849,-5.7742,5.9108,ok,-17.3257,-11.7434,5.5822,ok,-11.6688,-5.7294,5.9395,ok,-11.7158,-5.7854,5.9304,ok,-11.7388,-5.7774,5.9614,ok,-13.6819,-8.2056,5.4763,ok,-13.841,-8.1881,5.6529,ok,-13.0371,-7.4154,5.6217,ok,0.0161,0.0448,0.0287,-0.0309,-0.0112,0.0196,-0.0539,-0.0032,0.0506,3.6438,3.5378,-0.1059,3.4847,3.5553,0.0707,4.2886,4.328,0.0395,0.72128867,1.86033602394,N,0.70839329,1.85203975907,intact,0.1180407,0.71701161,1.86655166545,intact,0.1360652,0.71993652,1.86367660315,intact,0.0913328,intact,0,6.7.1pre,0,1.0536219,
LCGLNKUTAGEVQW-UHFFFAOYSA-N,Methyl ether,COC,133,175,lone_pair,O,1,O1,0,-10.9386,0.7863,11.7249,ok,-15.7796,-12.4084,3.3712,ok,-10.9246,0.8034,11.728,ok,-10.9805,0.7466,11.7271,ok,-11.0318,0.7058,11.7377,ok,-12.1458,-8.7353,3.4105,ok,-12.1596,-8.7026,3.4569,ok,-11.5076,-7.8366,3.671,ok,0.014,0.0171,0.0031,-0.0419,-0.0397,0.0022,-0.0932,-0.0805,0.0128,3.6338,3.6731,0.0393,3.62,3.7058,0.0857,4.272,4.5718,0.2998,0.76207228,1.74579315322,O,0.75570389,1.74805662534,intact,0.1429665,0.75997258,1.7563335104,intact,0.1213511,0.77375777,1.76245904638,intact,0.1387726,intact,0,6.7.1pre,0,1.0143368,
FVSKHRXBFJPNKK-UHFFFAOYSA-N,Propionitrile,CCC#N,134,176,lone_pair,N,3,N3,0,-11.5848,-5.829,5.7558,ok,-15.9828,-11.6673,4.3156,ok,-11.5911,-5.8383,5.7529,ok,-11.6432,-5.8875,5.7557,ok,-11.6792,-5.9296,5.7497,ok,-12.6881,-8.2391,4.449,ok,-12.8437,-8.2203,4.6234,ok,-12.2105,-7.4596,4.7509,ok,-0.0063,-0.0093,-0.0029,-0.0584,-0.0585,-9.99999999998e-05,-0.0944,-0.1006,-0.0061,3.2947,3.4282,0.1334,3.1391,3.447,0.3078,3.7723,4.2077,0.4353,0.71378862,1.85343272873,N,0.7070867,1.85151884282,intact,0.1134087,0.71597129,1.86706754546,intact,0.1458644,0.72337784,1.86662684102,intact,0.153732,intact,0,6.7.1pre,0,1.1642235,
NKKMVIVFRUYPLQ-NSCUHMNNSA-N,Crotononitrile (bp 108 C),C/C=C/C#N,135,177,lone_pair,N,4,N4,0,-11.457,-7.3928,4.0643,ok,-15.3181,-11.6869,3.6312,ok,-11.306,-7.2944,4.0116,ok,-11.3956,-7.3682,4.0274,ok,-11.3031,-7.3254,3.9777,ok,-12.203,-8.5308,3.6722,ok,-12.3132,-8.6031,3.71,ok,-11.7286,-8.0146,3.714,ok,0.151,0.0984,-0.0527,0.0614,0.0246,-0.0369,0.1539,0.0674,-0.0866,3.1151,3.1561,0.041,3.0049,3.0838,0.0788,3.5895,3.6723,0.0828,0.70073911,1.8360092782,N,0.69958385,1.84139367818,intact,0.1681143,0.70727511,1.85500714037,intact,0.1611522,0.71860537,1.85896431803,intact,0.1560157,intact,0,6.7.1pre,0,1.2205513,
ZWEHNKRNPOVVGH-UHFFFAOYSA-N,2-Butanone,CCC(C)=O,136,178,lone_pair,O,4,O4,0,-10.7684,-6.8899,3.8786,ok,-15.3484,-11.8283,3.5201,ok,-10.782,-6.8922,3.8898,ok,-10.8089,-6.9254,3.8835,ok,-10.8503,-6.9536,3.8967,ok,-12.0992,-8.5104,3.5888,ok,-12.1504,-8.4594,3.691,ok,-11.5365,-7.6738,3.8627,ok,-0.0136,-0.0023,0.0112,-0.0405,-0.0355,0.0049,-0.0819,-0.0637,0.0181,3.2492,3.3179,0.0687,3.198,3.3689,0.1709,3.8119,4.1545,0.3426,0.71240816,1.67784224143,O,0.70389383,1.67783998989,intact,0.201406,0.71679246,1.6818600448,intact,0.1655615,0.72389835,1.68540185469,intact,0.176501,intact,0,6.7.1pre,0,1.2470546,
XCIXKGXIYUWCLL-UHFFFAOYSA-N,Cyclopentanol,OC1CCCC1,137,179,lone_pair,O,0,O0,0,-11.0015,0.6728,11.6744,ok,-14.5071,-12.0393,2.4678,ok,-10.9215,0.7964,11.7179,ok,-11.0047,0.6906,11.6952,ok,-11.0235,0.7246,11.7481,ok,-11.5645,-8.4897,3.0748,ok,-11.6605,-8.469,3.1915,ok,-11.2599,-7.5819,3.6779,ok,0.08,0.1236,0.0435,-0.0032,0.0178,0.0208,-0.022,0.0518,0.0737,2.9426,3.5496,0.607,2.8466,3.5703,0.7237,3.2472,4.4574,1.2101,0.69854219,1.74843042283,O,0.68675049,1.75517619926,intact,0.2278208,0.70542138,1.75380459606,intact,0.2270717,0.71743911,1.75747082767,intact,0.2499961,intact,0,6.7.1pre,0,1.5346033,
PHTQWCKDNZKARW-UHFFFAOYSA-N,3-Methyl-1-butanol,CC(C)CCO,138,180,lone_pair,O,5,O5,0,-10.9867,1.1236,12.1103,ok,-14.9637,-11.7748,3.1889,ok,-10.8862,1.2857,12.1719,ok,-10.995,1.1316,12.1266,ok,-10.9932,1.1969,12.1901,ok,-11.8354,-8.2837,3.5517,ok,-11.9093,-8.2768,3.6326,ok,-11.3618,-7.421,3.9408,ok,0.1005,0.1621,0.0616,-0.0083,0.008,0.0163,-0.0065,0.0733,0.0798,3.1283,3.4911,0.3628,3.0544,3.498,0.4437,3.6019,4.3538,0.7519,0.68725327,1.77257518566,O,0.67961803,1.75359558563,intact,0.2232994,0.68660187,1.75965322898,intact,0.3567684,0.70476644,1.75429120583,intact,0.2458905,intact,0,6.7.1pre,0,2.4492492,
MSXVEPNJUHWQHW-UHFFFAOYSA-N,2-Methyl-2-butanol,CCC(C)(C)O,139,181,lone_pair,O,5,O5,0,-10.925,0.8544,11.7793,ok,-15.2714,-11.6347,3.6367,ok,-10.8664,0.942,11.8084,ok,-10.897,0.8898,11.7868,ok,-10.9377,0.8873,11.825,ok,-12.0352,-8.2008,3.8344,ok,-12.0513,-8.1352,3.9161,ok,-11.5124,-7.3337,4.1787,ok,0.0586,0.0876,0.0291,0.028,0.0354,0.0075,-0.0127,0.0329,0.0457,3.2362,3.4339,0.1977,3.2201,3.4995,0.2794,3.759,4.301,0.542,0.68540288,1.72946588315,O,0.67484718,1.73521488894,intact,0.2607116,0.68370054,1.73629648737,intact,0.2049446,0.70113346,1.7422846568,intact,0.3150959,intact,0,6.7.1pre,0,1.8438278,
POLCUAVZOMRGSN-UHFFFAOYSA-N,Propyl ether,CCCOCCC,140,182,lone_pair,O,3,O3,0,-10.6105,0.2421,10.8526,ok,-14.9231,-11.6074,3.3157,ok,-10.674,0.2016,10.8756,ok,-10.6735,0.1896,10.8631,ok,-10.7954,0.0907,10.886,ok,-11.8309,-8.2888,3.5421,ok,-11.8765,-8.2818,3.5946,ok,-11.3005,-7.4762,3.8243,ok,-0.0635,-0.0405,0.023,-0.063,-0.0525,0.0105,-0.1849,-0.1514,0.0334,3.0922,3.3186,0.2264,3.0466,3.3256,0.2789,3.6226,4.1312,0.5086,0.67890954,1.7572107777,O,0.68354749,1.76444093132,intact,0.2488407,0.6921469,1.77467811158,intact,0.2572808,0.71395223,1.77778387611,intact,0.1727712,intact,0,6.7.1pre,0,2.1587522,
ZAFNJMIOTHYJRJ-UHFFFAOYSA-N,Isopropyl ether,CC(C)OC(C)C,141,183,lone_pair,O,3,O3,0,-10.4901,0.1894,10.6796,ok,-15.1121,-11.0992,4.0129,ok,-10.5823,0.126,10.7083,ok,-10.4844,0.1996,10.684,ok,-10.6448,0.073,10.7178,ok,-11.8853,-7.8003,4.0851,ok,-11.8938,-7.7664,4.1274,ok,-11.3248,-7.0363,4.2884,ok,-0.0922,-0.0634,0.0287,0.0057,0.0102,0.0044,-0.1547,-0.1164,0.0382,3.2268,3.2989,0.0722,3.2183,3.3328,0.1145,3.7873,4.0629,0.2755,0.64922883,1.73639632927,O,0.64922277,1.74857908757,intact,0.217805,0.6595842,1.75838944973,intact,0.2775516,0.68023322,1.75933210857,intact,0.3673469,intact,0,6.7.1pre,0,1.9961731,
WVDDGKGOMKODPV-UHFFFAOYSA-N,Benzyl alcohol,OCc1ccccc1,142,184,lone_pair,O,0,O0,0,-10.638,-6.0668,4.5712,ok,-14.2248,-11.7248,2.5001,ok,-10.589,-6.0421,4.5469,ok,-10.6441,-6.0827,4.5614,ok,-10.6377,-6.0872,4.5505,ok,-11.2843,-8.3264,2.9579,ok,-11.3529,-8.3243,3.0286,ok,-10.8734,-7.4533,3.4201,ok,0.049,0.0247,-0.0243,-0.0061,-0.0159,-0.0098,0.000299999999999,-0.0204,-0.0207,2.9405,3.3984,0.4578,2.8719,3.4005,0.5285,3.3514,4.2715,0.92,0.70443874,1.77917162932,O,0.70763298,1.77441584838,intact,0.3386045,0.70462434,1.76930871516,intact,0.3162687,0.72138686,1.763911524,intact,0.3494064,intact,0,6.7.1pre,0,2.0155475,
QWVGKYWNOKOFNN-UHFFFAOYSA-N,o-Cresol,Cc1ccccc1O,143,185,lone_pair,O,7,O7,0,-10.2423,-6.0186,4.2237,ok,-14.0103,-12.0793,1.9311,ok,-10.1807,-5.9677,4.213,ok,-10.2178,-6.0008,4.217,ok,-10.2189,-6.0018,4.217,ok,-11.0655,-8.6865,2.379,ok,-11.1099,-8.6357,2.4741,ok,-10.6185,-7.7358,2.8826,ok,0.0616,0.0509,-0.0107,0.0245,0.0178,-0.0067,0.0234,0.0168,-0.0067,2.9448,3.3928,0.4479,2.9004,3.4436,0.543,3.3918,4.3435,0.9515,0.72003868,1.75488170608,O,0.72127913,1.76285552852,intact,0.1987784,0.73541341,1.76317778588,intact,0.220747,0.75173738,1.76956195529,intact,0.2948243,intact,0,6.7.1pre,0,1.6910104,
RLSSMJSEOOYNOY-UHFFFAOYSA-N,m-Cresol,Cc1cccc(O)c1,144,186,lone_pair,O,6,O6,0,-10.2676,-6.0252,4.2425,ok,-13.8846,-12.0947,1.7899,ok,-10.2083,-5.9725,4.2358,ok,-10.2468,-6.0039,4.2429,ok,-10.2484,-6.0036,4.2448,ok,-11.0397,-8.7084,2.3312,ok,-11.0823,-8.6604,2.4218,ok,-10.6219,-7.7519,2.87,ok,0.0593,0.0527,-0.0067,0.0208,0.0213,0.0004,0.0192,0.0216,0.0023,2.8449,3.3863,0.5413,2.8023,3.4343,0.6319,3.2627,4.3428,1.0801,0.72276166,1.76086393253,O,0.72274455,1.77114248822,intact,0.1935528,0.73783427,1.76886751683,intact,0.3110137,0.75291108,1.7743625252,intact,0.4360812,intact,0,6.7.1pre,0,1.9657955,
RDOXTESZEPMUJZ-UHFFFAOYSA-N,Methoxybenzene (Anisole),COc1ccccc1,145,187,lone_pair,O,1,O1,0,-10.2689,-6.0987,4.1703,ok,-14.2628,-11.7644,2.4984,ok,-10.2835,-6.1087,4.1749,ok,-10.2836,-6.1214,4.1622,ok,-10.3238,-6.1464,4.1774,ok,-11.257,-8.4802,2.7768,ok,-11.3195,-8.481,2.8386,ok,-10.7938,-7.655,3.1388,ok,-0.0146,-0.01,0.0046,-0.0147,-0.0227,-0.0081,-0.0549,-0.0477,0.0071,3.0058,3.2842,0.2784,2.9433,3.2834,0.3402,3.469,4.1094,0.6404,0.70910547,1.78228821829,O,0.7160331,1.79897510024,intact,0.1987056,0.72628745,1.80030910698,intact,0.2333772,0.7487803,1.8102364669,intact,0.4246154,intact,0,6.7.1pre,0,1.7411238,
LFSAPCRASZRSKS-UHFFFAOYSA-N,2-Methylcyclohexanone,CC1CCCCC1=O,146,188,lone_pair,O,7,O7,0,-10.5259,-6.8601,3.6659,ok,-14.3633,-11.7303,2.6329,ok,-10.5462,-6.916,3.6302,ok,-10.6024,-6.9624,3.64,ok,-10.6448,-7.0416,3.6032,ok,-11.463,-8.5411,2.9218,ok,-11.5986,-8.5181,3.0805,ok,-11.0843,-7.8022,3.2821,ok,-0.0203,-0.0559,-0.0357,-0.0765,-0.1023,-0.0259,-0.1189,-0.1815,-0.0627,2.9003,3.1892,0.2889,2.7647,3.2122,0.4476,3.279,3.9281,0.6492,0.70263636,1.66583541856,O,0.70404673,1.67279274901,intact,0.2817771,0.71557339,1.67875759797,intact,0.5680582,0.72676591,1.68013851497,intact,0.3927735,intact,0,6.7.1pre,0,2.6479571,
UJBOOUHRTQVGRU-UHFFFAOYSA-N,3-Methylcyclohexanone,CC1CCCC(=O)C1,147,189,lone_pair,O,6,O6,0,-10.6002,-6.8602,3.74,ok,-14.4027,-11.7867,2.6159,ok,-10.6281,-6.9119,3.7162,ok,-10.6764,-6.9565,3.7199,ok,-10.7292,-7.0313,3.6979,ok,-11.5601,-8.5943,2.9659,ok,-11.6862,-8.5593,3.1269,ok,-11.1883,-7.7946,3.3937,ok,-0.0279,-0.0517,-0.0238,-0.0762,-0.0963,-0.0201,-0.129,-0.1711,-0.0421,2.8426,3.1924,0.35,2.7165,3.2274,0.511,3.2144,3.9921,0.7778,0.7238254,1.66121261641,O,0.72061699,1.67113302913,intact,0.4980561,0.73084501,1.67465531764,intact,0.2069935,0.74104799,1.68089374322,intact,0.2471813,intact,0,6.7.1pre,0,2.3255726,
VGVHNLRUAMRIEW-UHFFFAOYSA-N,4-Methylcyclohexanone,CC1CCC(=O)CC1,148,190,lone_pair,O,5,O5,0,-10.6013,-6.924,3.6774,ok,-14.5308,-11.7971,2.7337,ok,-10.6244,-6.9779,3.6465,ok,-10.6747,-7.0202,3.6545,ok,-10.7199,-7.0951,3.6248,ok,-11.6532,-8.6026,3.0506,ok,-11.7663,-8.5665,3.1998,ok,-11.2291,-7.8614,3.3677,ok,-0.0231,-0.0539,-0.0309,-0.0734,-0.0962,-0.0229,-0.1186,-0.1711,-0.0526,2.8776,3.1945,0.3169,2.7645,3.2306,0.4661,3.3017,3.9357,0.634,0.72150925,1.66340067535,O,0.71937024,1.67181040393,intact,0.4206181,0.72843033,1.67667027265,intact,0.3739601,0.74049657,1.68464131125,intact,0.3883639,intact,0,6.7.1pre,0,2.5757673,
NDVWOBYBJYUSMF-UHFFFAOYSA-N,2-Methylcyclohexanol,CC1CCCCC1O,149,191,lone_pair,O,7,O7,0,-10.7837,0.708,11.4917,ok,-14.4261,-11.8412,2.5849,ok,-10.7231,0.7877,11.5108,ok,-10.79,0.7053,11.4954,ok,-10.8217,0.69,11.5117,ok,-11.543,-8.4203,3.1227,ok,-11.6218,-8.3863,3.2355,ok,-11.1557,-7.521,3.6346,ok,0.0606,0.0797,0.0191,-0.0063,-0.0027,0.0037,-0.038,-0.018,0.02,2.8831,3.4209,0.5378,2.8043,3.4549,0.6506,3.2704,4.3202,1.0497,0.68452188,1.7429975794,O,0.67335937,1.75572481521,intact,0.4142382,0.69306275,1.7511094383,intact,0.3481425,0.70640888,1.7547167074,intact,0.324513,intact,0,6.7.1pre,0,2.6692201,
HTSABYAWKQAHBT-UHFFFAOYSA-N,3-Methylcyclohexanol,CC1CCCC(O)C1,150,192,lone_pair,O,6,O6,0,-10.6613,0.8261,11.4874,ok,-14.4809,-11.4288,3.0521,ok,-10.6101,0.9065,11.5166,ok,-10.652,0.8433,11.4953,ok,-10.6882,0.8328,11.521,ok,-11.3723,-8.063,3.3094,ok,-11.4499,-8.0468,3.4031,ok,-10.9476,-7.2543,3.6934,ok,0.0512,0.0804,0.0292,0.0093,0.0172,0.0079,-0.0269,0.0067,0.0336,3.1086,3.3658,0.2573,3.031,3.382,0.351,3.5333,4.1745,0.6413,0.66715361,1.74947026235,O,0.66045494,1.74985113374,intact,0.4676955,0.65258474,1.76885733652,intact,0.2627919,0.67482739,1.7635486272,intact,0.2844486,intact,0,6.7.1pre,0,2.6378715,
MQWCXKGKQLNYQG-UHFFFAOYSA-N,4-Methylcyclohexanol,CC1CCC(O)CC1,151,193,lone_pair,O,5,O5,0,-10.8433,0.8468,11.6901,ok,-14.4645,-11.5231,2.9414,ok,-10.7854,0.93,11.7154,ok,-10.8371,0.8609,11.698,ok,-10.8666,0.8552,11.7218,ok,-11.4274,-8.1395,3.2879,ok,-11.5024,-8.1232,3.3792,ok,-11.0451,-7.3116,3.7335,ok,0.0579,0.0832,0.0253,0.0062,0.0141,0.0079,-0.0233,0.0084,0.0317,3.0371,3.3836,0.3465,2.9621,3.3999,0.4378,3.4194,4.2115,0.7921,0.6644562,1.76210695118,O,0.6487937,1.77381514238,intact,0.7674313,0.65717046,1.76298173732,intact,0.4186722,0.68269135,1.77067882414,intact,0.6566948,intact,0,6.7.1pre,0,4.3197294,
QGJOPFRUJISHPQ-UHFFFAOYSA-N,Carbon disulfide,S=C=S,152,194,lone_pair,S,0,S0,0,-11.2659,-9.2397,2.0263,ok,-15.4554,-13.4095,2.0459,ok,-11.262,-9.2352,2.0268,ok,-11.2607,-9.234,2.0268,ok,-11.2498,-9.221,2.0288,ok,-12.4112,-10.3758,2.0354,ok,-12.3538,-10.3179,2.0359,ok,-11.7313,-9.6981,2.0332,ok,0.0039,0.0045,0.0005,0.0052,0.0057,0.0005,0.0161,0.0187,0.0025,3.0442,3.0337,-0.0105,3.1016,3.0916,-0.01,3.7241,3.7114,-0.0127,0.82626852,2.29312788749,S,0.83184191,2.42952859211,intact,0.263883,0.83304586,2.45412322282,intact,0.2325157,0.8790349,2.45019886913,intact,0.2060755,intact,0,6.7.1pre,0,1.5998444,
LCZUOKDVTBMCMX-UHFFFAOYSA-N,"2,5-Dimethylpyrazine",Cc1cnc(C)cn1,153,195,lone_pair,N,3,N3,0,-9.7884,-7.5327,2.2557,ok,-14.0525,-11.9086,2.1439,ok,-9.8584,-7.5988,2.2596,ok,-9.7935,-7.5373,2.2562,ok,-9.9009,-7.6388,2.2621,ok,-11.0292,-8.8158,2.2134,ok,-11.0278,-8.8223,2.2055,ok,-10.5779,-8.3279,2.25,ok,-0.07,-0.0661,0.0039,-0.0051,-0.0046,0.0005,-0.1125,-0.1061,0.0064,3.0233,3.0928,0.0695,3.0247,3.0863,0.0616,3.4746,3.5807,0.1061,0.65976962,1.90191158893,N,0.66775739,1.9243703001,intact,0.2219257,0.67890691,1.9383672769,intact,0.2597851,0.69890869,1.95044489259,intact,0.2378496,intact,0,6.7.1pre,0,1.7280955,
MVPPADPHJFYWMZ-UHFFFAOYSA-N,Chlorobenzene,Clc1ccccc1,154,196,aromatic_pi,pi,1,ring_centroid,0,-10.8395,-6.5733,4.2663,ok,-15.1628,-12.5836,2.5792,ok,-10.7929,-6.4212,4.3717,ok,-10.8495,-6.5086,4.3408,ok,-10.8355,-6.4146,4.4209,ok,-11.9116,-8.8668,3.0449,ok,-12.1304,-9.2783,2.8522,ok,-11.5105,-8.2643,3.2463,ok,0.0466,0.1521,0.1054,-0.01,0.0647,0.0745,0.004,0.1587,0.1546,3.2512,3.7168,0.4657,3.0324,3.3053,0.273,3.6523,4.3193,0.6671,0.74231814,2.32553342614,C,0.76030196,2.30635269938,intact,0.2365009,0.74679479,2.32380326168,intact,0.2285634,0.778137,2.28708060914,intact,0.223329,intact,0,6.7.1pre,0,1.8398364,
YWAKXRMUMFPDSH-UHFFFAOYSA-N,1-Pentene,C=CCCC,155,197,alkene_pi,pi,0,alkene_midpoint,0,-10.7041,-5.5053,5.1988,ok,-14.9671,-12.0596,2.9076,ok,-10.644,-5.4521,5.1919,ok,-10.7157,-5.5215,5.1942,ok,-10.7014,-5.5137,5.1877,ok,-11.9183,-8.3454,3.5728,ok,-12.042,-8.502,3.54,ok,-11.5788,-7.519,4.0599,ok,0.0601,0.0532,-0.0069,-0.0116,-0.0162,-0.0046,0.0027,-0.0084,-0.0111,3.0488,3.7142,0.6652,2.9251,3.5576,0.6324,3.3883,4.5406,1.1523,0.67721289,2.26769382241,C,0.6832624,2.2684234283,intact,0.2310299,0.7044901,2.2451502084,intact,0.2459226,0.71981655,2.26320168882,intact,0.3536626,intact,0,6.7.1pre,0,2.1928748,
MHNNAWXXUZQSNM-UHFFFAOYSA-N,2-Methyl-1-butene,C=C(C)CC,156,198,alkene_pi,pi,0,alkene_midpoint,0,-10.4233,-5.3353,5.088,ok,-15.5877,-11.9957,3.592,ok,-10.3742,-5.2923,5.0819,ok,-10.4305,-5.3461,5.0844,ok,-10.4258,-5.3483,5.0775,ok,-12.0664,-8.3576,3.7088,ok,-12.2105,-8.5061,3.7044,ok,-11.4397,-7.5869,3.8527,ok,0.0491,0.043,-0.0061,-0.0072,-0.0108,-0.0036,-0.0025,-0.013,-0.0105,3.5213,3.6381,0.1168,3.3772,3.4896,0.1124,4.148,4.4088,0.2607,0.67437325,2.1833857011,C,0.68728905,2.19643487074,intact,0.1886062,0.69376829,2.18887940444,intact,0.225947,0.72199629,2.17499925651,intact,0.3483824,intact,0,6.7.1pre,0,1.7905485,
RGSFGYAAUTVSQA-UHFFFAOYSA-N,Cyclopentane,C1CCCC1,157,199,no_motif,none,-1,unbound_reference,0,-11.2435,2.1194,13.3629,ok,-14.9858,-11.8371,3.1487,ok,-11.1774,2.1809,13.3582,ok,-11.238,2.1236,13.3616,ok,-11.2185,2.1332,13.3517,ok,-11.6964,-8.1584,3.538,ok,-11.8768,-8.3299,3.5468,ok,-11.3273,-7.3729,3.9544,ok,0.0661,0.0615,-0.0047,0.0055,0.0042,-0.0013,0.025,0.0138,-0.0112,3.2894,3.6787,0.3893,3.109,3.5072,0.3981,3.6585,4.4642,0.8057,0.71427883,2.39794941802,C,0.71620576,2.40956235893,intact,0.3263623,0.7647502,2.81817016022,loose,0.327816,0.7944813,2.76960295787,loose,0.3990382,intact,0,6.7.1pre,0,2.1470242,
FOTXAJDDGPYIFU-UHFFFAOYSA-N,Ethylcyclopropane,CCC1CC1,158,200,no_motif,none,-1,unbound_reference,0,-10.8249,-1.3429,9.482,ok,-14.6961,-11.44,3.2561,ok,-10.7601,-1.2891,9.471,ok,-10.8255,-1.3497,9.4757,ok,-10.8088,-1.3445,9.4643,ok,-11.4651,-7.612,3.8531,ok,-11.6017,-7.7362,3.8655,ok,-11.0417,-6.6584,4.3833,ok,0.0648,0.0538,-0.011,-0.0006,-0.0068,-0.0063,0.0161,-0.0016,-0.0177,3.231,3.828,0.597,3.0944,3.7038,0.6094,3.6544,4.7816,1.1272,0.69165688,2.28119680509,C,0.66739534,2.89294057428,loose,0.5562927,0.71720099,2.75217932841,loose,0.5304679,0.82981731,2.8585722121,loose,0.3298947,intact,0,6.7.1pre,0,2.544916,
OFBQJSOFQDEBGM-UHFFFAOYSA-N,n-Pentane,CCCCC,159,201,no_motif,none,-1,unbound_reference,0,-11.2229,2.4367,13.6596,ok,-14.8292,-11.0675,3.7617,ok,-11.1466,2.5091,13.6557,ok,-11.2203,2.4369,13.6572,ok,-11.1993,2.4493,13.6485,ok,-11.7619,-7.2451,4.5168,ok,-11.8677,-7.3674,4.5003,ok,-11.4226,-6.2976,5.1251,ok,0.0763,0.0724,-0.0039,0.0026,0.0002,-0.0024,0.0236,0.0126,-0.0111,3.0673,3.8224,0.7551,2.9615,3.7001,0.7386,3.4066,4.7699,1.3634,0.65886432,2.45871593319,C,0.63694902,2.85849637339,loose,0.7542208,0.65484284,2.8646152216,loose,0.7189106,0.80565487,2.74357380713,loose,0.602111,intact,0,6.7.1pre,0,3.6456047,
QWTDNUCVQCZILF-UHFFFAOYSA-N,2-Methylbutane,CCC(C)C,160,202,no_motif,none,-1,unbound_reference,0,-11.3667,2.1155,13.4822,ok,,,,xtb_failed,-11.2938,2.1877,13.4815,ok,-11.3613,2.1197,13.4811,ok,-11.3435,2.1333,13.4768,ok,,,,xtb_failed,,,,xtb_failed,,,,xtb_failed,0.0729,0.0722,-0.0007,0.0054,0.0042,-0.0011,0.0232,0.0178,-0.0054,,,,,,,,,,,,,,,not_available,0.110245,,,not_available,0.2116576,,,not_available,0.1696795,not_available,0,6.7.1pre,0,1.3492507,"returncode=128 sentinel=False: -1- optimizer_relax: |grad| > 500, something is totally wrong! | returncode=128 sentinel=False: -1- optimizer_relax: |grad| > 500, something is totally wrong! | returncode=128 sentinel=False: -1- optimizer_relax: |grad| > 500, something is totally wrong! | returncode=1"
UHOVQNZJYSORNB-UHFFFAOYSA-N,Benzene,c1ccccc1,161,203,aromatic_pi,pi,0,ring_centroid,0,-10.9101,-6.0842,4.8259,ok,-16.0832,-12.325,3.7582,ok,-10.8734,-6.0474,4.826,ok,-10.9071,-6.0812,4.8259,ok,-10.8964,-6.0703,4.8261,ok,-12.4563,-8.5913,3.865,ok,-12.7864,-8.9863,3.8001,ok,-11.9626,-8.0114,3.9512,ok,0.0367,0.0368,9.99999999998e-05,0.003,0.003,0,0.0137,0.0139,0.0002,3.6269,3.7337,0.1068,3.2968,3.3387,0.0419,4.1206,4.3136,0.193,0.72225187,2.37365036579,C,0.73851301,2.37186551766,intact,0.1775746,0.72362753,2.43691129049,intact,0.1679701,0.75613256,2.39187007482,intact,0.3248402,intact,0,6.7.1pre,0,1.8059557,
HGCIXCUEYOPUTN-UHFFFAOYSA-N,Cyclohexene,C1=CCCCC1,162,204,alkene_pi,pi,0,alkene_midpoint,0,-10.2827,-5.2428,5.0399,ok,-15.2429,-11.7988,3.4441,ok,-10.239,-5.2094,5.0296,ok,-10.2872,-5.2519,5.0352,ok,-10.2874,-5.2633,5.0241,ok,-11.6879,-8.1953,3.4926,ok,-11.9315,-8.4263,3.5052,ok,-11.1621,-7.5135,3.6486,ok,0.0437,0.0334,-0.0103,-0.0045,-0.0091,-0.0047,-0.0047,-0.0205,-0.0158,3.555,3.6035,0.0485,3.3114,3.3725,0.0611,4.0808,4.2853,0.2045,0.6826661,2.23130185684,C,0.68684067,2.25055084758,intact,0.2711766,0.68351576,2.29004722049,intact,0.1987359,0.7179425,2.26217646706,intact,0.3208749,intact,0,6.7.1pre,0,1.8195682,
GDOPTJXRTPNYNR-UHFFFAOYSA-N,Methylcyclopentane,CC1CCCC1,163,205,no_motif,none,-1,unbound_reference,0,-11.2297,1.8161,13.0458,ok,-14.5951,-11.0647,3.5304,ok,-11.1688,1.876,13.0449,ok,-11.224,1.8232,13.0473,ok,-11.2117,1.8271,13.0389,ok,-11.5613,-7.3254,4.236,ok,-11.6913,-7.4846,4.2067,ok,-11.2628,-6.433,4.8298,ok,0.0609,0.0599,-0.0009,0.0057,0.0071,0.0015,0.018,0.011,-0.0069,3.0338,3.7393,0.7056,2.9038,3.5801,0.6763,3.3323,4.6317,1.2994,0.6884477,2.43891768827,C,0.68231692,2.87465450655,loose,0.9149878,0.6727644,3.13440171281,loose,1.0386428,0.76972268,2.35727499902,intact,0.5001752,intact,0,6.7.1pre,0,4.2915364,
NEZRFXZYPAIZAD-UHFFFAOYSA-N,Ethylcyclobutane,CCC1CCC1,164,206,no_motif,none,-1,unbound_reference,0,-11.041,0.9249,11.9659,ok,-21.3959,-20.7588,0.6371,ok,-10.9791,0.9839,11.963,ok,-11.0373,0.9278,11.9651,ok,-11.0269,0.9314,11.9584,ok,-12.5345,-11.1567,1.3778,ok,-15.5399,-14.9317,0.6083,ok,-11.7342,-10.2775,1.4568,ok,0.0619,0.059,-0.0029,0.0037,0.0029,-0.0008,0.0141,0.0065,-0.0075,8.8614,9.6021,0.7407,5.856,5.8271,-0.0288,9.6617,10.4813,0.8197,-7.7308574,1.17903806922,C,-1.68394214,2.77536321871,dissociated,1.0650631,-7.73435632,1.17924422055,dissociated,2.3495622,-1.91783134,2.69670813138,dissociated,0.8194673,dissociated,0,6.7.1pre,0,7.105946,
ZQDPJFUHLCOCRG-WAYWQWQTSA-N,cis-3-Hexene,CC/C=C\CC,165,207,alkene_pi,pi,2,alkene_midpoint,0,-10.4052,-5.3595,5.0456,ok,-15.3272,-11.5043,3.8229,ok,-10.358,-5.3188,5.0392,ok,-10.4171,-5.3748,5.0423,ok,-10.4185,-5.3836,5.0349,ok,-11.9331,-7.9619,3.9713,ok,-12.1162,-8.1588,3.9574,ok,-11.3831,-7.2417,4.1414,ok,0.0472,0.0407,-0.0064,-0.0119,-0.0153,-0.0033,-0.0133,-0.0241,-0.0107,3.3941,3.5424,0.1484,3.211,3.3455,0.1345,3.9441,4.2626,0.3185,0.66325253,2.25646661183,C,0.67128635,2.2754710323,intact,0.622527,0.66953702,2.29754034636,intact,0.4887246,0.70229229,2.27499855935,intact,0.3850528,intact,0,6.7.1pre,0,2.7389554,
ZQDPJFUHLCOCRG-AATRIKPKSA-N,trans-3-Hexene,CC/C=C/CC,166,208,alkene_pi,pi,2,alkene_midpoint,0,-10.2053,-5.1351,5.0702,ok,-15.0822,-11.6986,3.3836,ok,-10.1497,-5.0885,5.0612,ok,-10.2165,-5.15,5.0665,ok,-10.2122,-5.1574,5.0548,ok,-11.6123,-8.158,3.4543,ok,-11.8191,-8.3616,3.4575,ok,-11.0633,-7.4462,3.6171,ok,0.0556,0.0466,-0.009,-0.0112,-0.0149,-0.0037,-0.0069,-0.0223,-0.0154,3.4699,3.5406,0.0707,3.2631,3.337,0.0739,4.0189,4.2524,0.2335,0.64500774,2.28887650538,C,0.64705299,2.22893589292,intact,0.6892299,0.64881753,2.28228058915,intact,0.7253242,0.68516424,2.25150851161,intact,0.6047265,intact,0,6.7.1pre,0,3.683613,
VLKZOEOYAKHREP-UHFFFAOYSA-N,n-Hexane,CCCCCC,167,209,no_motif,none,-1,unbound_reference,0,-11.1753,2.3448,13.5201,ok,-20.7154,-20.3292,0.3863,ok,-11.1008,2.4165,13.5173,ok,-11.1722,2.3462,13.5183,ok,-11.1563,2.3545,13.5109,ok,-14.3863,-13.81,0.5764,ok,-14.9632,-14.4981,0.4651,ok,-13.2892,-12.6399,0.6493,ok,0.0745,0.0717,-0.0028,0.0031,0.0014,-0.0018,0.019,0.0097,-0.0092,6.3291,6.5192,0.1901,5.7522,5.8311,0.0788,7.4262,7.6893,0.263,-8.13424081,1.14799748142,C,-8.1186979,1.14770751191,dissociated,2.0362085,-8.25520766,1.1392427918,dissociated,3.4057471,-8.257036,1.14334638377,dissociated,4.1933866,dissociated,0,6.7.1pre,0,13.977764,
RWNKSTSCBHKHTB-UHFFFAOYSA-N,"Hexachloro-1,3-butadiene",ClC(Cl)=C(Cl)C(Cl)=C(Cl)Cl,168,210,alkene_pi,pi,1,alkene_midpoint,0,-11.5108,-8.0145,3.4964,ok,-15.1243,-12.4244,2.7,ok,-11.4091,-7.8983,3.5108,ok,-11.4283,-7.9232,3.5051,ok,-11.3953,-7.8786,3.5167,ok,-12.2662,-9.128,3.1382,ok,-12.2665,-9.1995,3.067,ok,-11.8195,-8.4787,3.3408,ok,0.1017,0.1162,0.0144,0.0825,0.0913,0.0087,0.1155,0.1359,0.0203,2.8581,3.2964,0.4382,2.8578,3.2249,0.367,3.3048,3.9457,0.6408,0.69300788,2.24167146927,Cl,0.7149991,2.26080459632,intact,0.7226569,0.71892807,2.28044030723,intact,0.6034167,0.74185207,2.28064875834,intact,0.545161,intact,0,6.7.1pre,0,4.6578275,
FYOFOKCECDGJBF-UHFFFAOYSA-N,Iron pentacarbonyl,[C]=O.[C]=O.[C]=O.[C]=O.[C]=O.[Fe],169,211,lone_pair,O,1,O1,0,,,,xtb_failed,,,,xtb_failed,,,,xtb_failed,,,,xtb_failed,,,,xtb_failed,,,,xtb_failed,,,,xtb_failed,,,,xtb_failed,,,,,,,,,,,,,,,,,,,,,,,,not_available,0.1273805,,,not_available,0.1655463,,,not_available,0.1055181,not_available,0,6.7.1pre,,1.2186614,returncode=128 sentinel=False: -1- Found *very* short distance of  0.000E+00 for C1-C3 | returncode=128 sentinel=False: -1- Found *very* short distance of  0.000E+00 for C1-C3 | returncode=128 sentinel=False: -1- Found *very* short distance of  0.000E+00 for C1-C3 | returncode=128 sentinel=False: -1
CYTYCFOTNPOANT-UHFFFAOYSA-N,Tetrachloroethylene,ClC(Cl)=C(Cl)Cl,170,212,alkene_pi,pi,1,alkene_midpoint,0,-11.3837,-7.6918,3.6919,ok,-15.7364,-13.3719,2.3644,ok,-11.3215,-7.6198,3.7018,ok,-11.3129,-7.6123,3.7007,ok,-11.3001,-7.5906,3.7095,ok,-12.4691,-9.8247,2.6444,ok,-12.4414,-9.8485,2.5928,ok,-11.8886,-9.0291,2.8595,ok,0.0622,0.072,0.0099,0.0708,0.0795,0.0088,0.0836,0.1012,0.0176,3.2673,3.5472,0.28,3.295,3.5234,0.2284,3.8478,4.3428,0.4951,0.77758548,2.20806008862,C,0.72702787,2.28326578215,intact,0.3632594,0.72926936,2.29435303326,intact,0.4075829,0.76680289,2.30583767377,intact,0.5906129,intact,0,6.7.1pre,0,2.5098925,
UQEAIHBTYFGYIE-UHFFFAOYSA-N,Hexamethyldisiloxane,C[Si](C)(C)O[Si](C)(C)C,171,213,lone_pair,O,4,O4,0,-10.3744,-3.8878,6.4865,ok,-13.9697,-11.222,2.7477,ok,-10.3571,-3.877,6.4801,ok,-10.3925,-3.9101,6.4825,ok,-10.2973,-3.8058,6.4915,ok,-11.2173,-8.2883,2.929,ok,-11.1595,-8.2082,2.9513,ok,-10.658,-7.4647,3.1933,ok,0.0173,0.0108,-0.0064,-0.0181,-0.0223,-0.004,0.0771,0.082,0.005,2.7524,2.9337,0.1813,2.8102,3.0138,0.2036,3.3117,3.7573,0.4456,0.71509948,1.80105603847,O,0.7237773,1.82489378667,intact,0.4237836,0.73482316,1.82033755089,intact,0.9879885,0.77281955,1.80946101711,intact,0.428493,intact,0,6.7.1pre,0,4.5869459,
GETTZEONDQJALK-UHFFFAOYSA-N,"alpha,alpha,alpha-Trifluorotoluene",FC(F)(F)c1ccccc1,172,214,aromatic_pi,pi,4,ring_centroid,0,-11.8529,-7.3155,4.5374,ok,-16.8785,-12.859,4.0194,ok,-11.6167,-7.1154,4.5013,ok,-11.7364,-7.225,4.5114,ok,-11.5536,-7.0669,4.4867,ok,-13.2241,-9.0835,4.1406,ok,-13.61,-9.5348,4.0752,ok,-12.6521,-8.4233,4.2287,ok,0.2362,0.2001,-0.0361,0.1165,0.0905,-0.026,0.2993,0.2486,-0.0507,3.6544,3.7755,0.1212,3.2685,3.3242,0.0558,4.2264,4.4357,0.2093,0.75764257,1.88467016414,F,0.76710868,2.37377747219,intact,0.2556282,0.7655675,1.88430377736,intact,0.4706791,0.78418556,2.39520687354,intact,0.2573322,intact,0,6.7.1pre,0,2.1608715,
KFUSEUYYWQURPO-UPHRSURJSA-N,"cis-1,2-Dichloroethylene",Cl/C=C\Cl,173,215,alkene_pi,pi,1,alkene_midpoint,0,-11.0062,-6.8435,4.1628,ok,-15.7364,-13.0252,2.7113,ok,-10.8931,-6.6292,4.264,ok,-10.9605,-6.7301,4.2303,ok,-10.9153,-6.5952,4.32,ok,-12.1875,-9.1899,2.9975,ok,-12.2527,-9.2877,2.965,ok,-11.5904,-8.3187,3.2717,ok,0.1131,0.2143,0.1012,0.0457,0.1134,0.0675,0.0909,0.2483,0.1572,3.5489,3.8353,0.2862,3.4837,3.7375,0.2537,4.146,4.7065,0.5604,0.67799468,2.25016563718,Cl,0.67697235,2.24596758452,intact,0.2719056,0.68400555,2.26334208933,intact,0.2509786,0.69399563,2.25523720919,intact,0.7439139,intact,0,6.7.1pre,0,2.1232899,
KFUSEUYYWQURPO-OWOJBTEDSA-N,"trans-1,2-Dichloroethylene",Cl/C=C/Cl,174,216,alkene_pi,pi,1,alkene_midpoint,0,-11.1351,-6.9478,4.1873,ok,-15.7369,-13.0202,2.7167,ok,-10.9928,-6.7377,4.2551,ok,-11.0494,-6.823,4.2264,ok,-11.001,-6.7102,4.2908,ok,-12.1855,-9.1857,2.9998,ok,-12.2408,-9.2779,2.9629,ok,-11.5804,-8.318,3.2625,ok,0.1423,0.2101,0.0678,0.0857,0.1248,0.0391,0.1341,0.2376,0.1035,3.5514,3.8345,0.2831,3.4961,3.7423,0.2462,4.1565,4.7022,0.5458,0.78537811,2.31299005443,C,0.76672936,2.12691900889,intact,0.3205257,0.76853867,2.15489031866,intact,0.2647737,0.78884982,2.1408093432,intact,0.3181303,intact,0,6.7.1pre,0,2.2741797,
PIICEJLVQHRZGT-UHFFFAOYSA-N,"1,2-Ethanediamine",NCCN,175,217,lone_pair,N,0,N0,0,-9.9438,0.513,10.4567,ok,-13.5323,-12.0273,1.505,ok,-9.7566,0.7196,10.4762,ok,-9.8563,0.6087,10.465,ok,-9.8917,0.5962,10.488,ok,-10.2803,-8.1939,2.0864,ok,-10.2819,-8.0855,2.1963,ok,-9.978,-7.3068,2.6712,ok,0.1872,0.2066,0.0195,0.0875,0.0957,0.0083,0.0521,0.0832,0.0313,3.252,3.8334,0.5814,3.2504,3.9418,0.6913,3.5543,4.7205,1.1662,0.70749371,1.94291866797,N,0.6959402,1.94976313147,intact,0.1938739,0.70621179,1.95523061698,intact,0.2220792,0.721948,1.95854529781,intact,0.2062185,intact,0,6.7.1pre,0,2.0909989,
HBNYJWAFDZLWRS-UHFFFAOYSA-N,Ethyl isothiocyanate,CCN=C=S,176,218,lone_pair,N,2,N2,0,-10.3182,-8.1277,2.1905,ok,-14.4404,-12.5741,1.8663,ok,-10.4163,-8.1512,2.265,ok,-10.4328,-8.1792,2.2536,ok,-10.5338,-8.2187,2.3151,ok,-11.4253,-9.4257,1.9996,ok,-11.4205,-9.4276,1.9929,ok,-10.9828,-8.8925,2.0903,ok,-0.0981,-0.0235,0.0745,-0.1146,-0.0515,0.0631,-0.2156,-0.091,0.1246,3.0151,3.1484,0.1333,3.0199,3.1465,0.1266,3.4576,3.6816,0.224,0.69467214,1.94126183923,N,0.7033207,1.98739992655,intact,0.2473977,0.711075,2.00933726521,intact,0.2425962,0.73348018,2.04760572428,intact,0.272304,intact,0,6.7.1pre,0,2.5725648,
QBELEDRHMPMKHP-UHFFFAOYSA-N,1-Bromo-2-chlorobenzene,Clc1ccccc1Br,177,219,aromatic_pi,pi,1,ring_centroid,0,-10.999,-7.1784,3.8206,ok,-15.0009,-12.9138,2.0871,ok,-10.9306,-6.9765,3.954,ok,-11.0128,-7.0985,3.9143,ok,-11.0344,-7.0216,4.0128,ok,-11.8789,-9.2317,2.6472,ok,-12.0965,-9.6796,2.4169,ok,-11.6285,-8.8309,2.7977,ok,0.0684,0.2019,0.1334,-0.0138,0.0799,0.0937,-0.0354,0.1568,0.1922,3.122,3.6821,0.5601,2.9044,3.2342,0.3298,3.3724,4.0829,0.7106,0.76494899,2.30612365716,C,0.78962999,2.304905339,intact,0.2217606,0.77143089,2.37217326922,intact,0.3336135,0.8062667,2.43890727073,intact,0.7339429,intact,0,6.7.1pre,0,2.7147273,
JRGGUPZKKTVKOV-UHFFFAOYSA-N,1-Bromo-3-chlorobenzene,Clc1cccc(Br)c1,178,220,aromatic_pi,pi,1,ring_centroid,0,-11.1535,-7.2284,3.9251,ok,-15.1587,-12.9474,2.2113,ok,-11.0236,-7.0178,4.0059,ok,-11.1091,-7.1349,3.9742,ok,-11.1156,-7.0694,4.0461,ok,-11.9792,-9.2757,2.7036,ok,-12.2056,-9.7148,2.4908,ok,-11.7154,-8.8966,2.8188,ok,0.1299,0.2106,0.0808,0.0444,0.0935,0.0491,0.0379,0.159,0.121,3.1795,3.6717,0.4923,2.9531,3.2326,0.2795,3.4433,4.0508,0.6075,0.76935051,2.32626633728,C,0.79736564,2.31775554041,intact,0.2595262,0.78900742,2.43674115053,intact,1.1640986,0.7870898,2.14218871925,intact,1.3265506,intact,0,6.7.1pre,0,4.3497637,
WQONPSCCEXUXTQ-UHFFFAOYSA-N,o-Dibromobenzene,Brc1ccccc1Br,179,221,aromatic_pi,pi,1,ring_centroid,0,-11.0741,-7.3735,3.7006,ok,-15.0426,-13.0127,2.0299,ok,-10.9945,-7.1751,3.8194,ok,-11.0839,-7.3006,3.7833,ok,-11.1794,-7.3079,3.8715,ok,-11.9252,-9.3362,2.589,ok,-12.1646,-9.8093,2.3552,ok,-11.7868,-9.1518,2.6351,ok,0.0796,0.1984,0.1188,-0.0098,0.0729,0.0827,-0.1053,0.0656,0.1709,3.1174,3.6765,0.5591,2.878,3.2034,0.3253,3.2558,3.8609,0.6052,0.77306575,2.33347051833,C,0.79895393,2.34138288418,intact,0.4275391,0.80857068,2.83329223147,loose,0.7133834,0.84211719,2.82398494109,loose,0.8309946,intact,0,6.7.1pre,0,3.5920447,
JSRLURSZEMLAFO-UHFFFAOYSA-N,m-Dibromobenzene,Brc1cccc(Br)c1,180,222,aromatic_pi,pi,1,ring_centroid,0,-11.2522,-7.4253,3.8269,ok,-15.2415,-13.0642,2.1773,ok,-11.1146,-7.2111,3.9035,ok,-11.2062,-7.3333,3.8728,ok,-11.2787,-7.3466,3.9321,ok,-12.0582,-9.3977,2.6605,ok,-12.3067,-9.8633,2.4434,ok,-11.9621,-9.3027,2.6594,ok,0.1376,0.2142,0.0766,0.046,0.092,0.0459,-0.0265,0.0787,0.1052,3.1833,3.6665,0.4832,2.9348,3.2009,0.2661,3.2794,3.7615,0.4821,0.77743969,2.3187865973,C,0.8095485,2.33665311669,intact,0.7868106,0.82003503,2.74520672595,loose,0.504941,0.85610781,2.73695994123,loose,0.6250598,intact,0,6.7.1pre,0,3.9838775,
RFFLAFLAYFXFSW-UHFFFAOYSA-N,o-Dichlorobenzene,Clc1ccccc1Cl,181,223,aromatic_pi,pi,1,ring_centroid,0,-10.9322,-6.9571,3.9751,ok,-15.017,-12.8045,2.2125,ok,-10.8751,-6.7489,4.1262,ok,-10.9491,-6.8703,4.0789,ok,-10.9241,-6.731,4.193,ok,-11.8693,-9.1196,2.7497,ok,-12.067,-9.5419,2.5251,ok,-11.4863,-8.5072,2.9791,ok,0.0571,0.2082,0.1511,-0.0169,0.0868,0.1038,0.0081,0.2261,0.2179,3.1477,3.6849,0.5372,2.95,3.2626,0.3126,3.5307,4.2973,0.7666,0.75593017,2.31203864708,C,0.77581894,2.3123030296,intact,0.2904248,0.76552636,2.3879998679,intact,1.0721485,0.79612704,2.37218998069,intact,0.5741276,intact,0,6.7.1pre,0,3.0787814,
ZPQOPVIELGIULI-UHFFFAOYSA-N,m-Dichlorobenzene,Clc1cccc(Cl)c1,182,224,aromatic_pi,pi,1,ring_centroid,0,-11.0691,-6.9802,4.0889,ok,-15.2069,-12.8307,2.3762,ok,-10.9436,-6.7685,4.1752,ok,-11.0236,-6.8831,4.1405,ok,-10.9632,-6.7493,4.2139,ok,-11.9662,-9.1546,2.8116,ok,-12.1843,-9.5684,2.6159,ok,-11.5389,-8.5413,2.9976,ok,0.1255,0.2117,0.0863,0.0455,0.0971,0.0516,0.1059,0.2309,0.125,3.2407,3.6761,0.4354,3.0226,3.2623,0.2397,3.668,4.2894,0.6214,0.75981515,2.3085426946,C,0.78497042,2.29418239841,intact,0.3126543,0.77477622,2.28332084526,intact,0.495803,0.80655579,2.2860355464,intact,0.436909,intact,0,6.7.1pre,0,3.5461465,
SFPQFQUXAJOWNF-UHFFFAOYSA-N,m-Diiodobenzene,Ic1cccc(I)c1,183,225,aromatic_pi,pi,1,ring_centroid,0,-11.191,-7.3406,3.8504,ok,-15.0467,-12.9684,2.0783,ok,-11.0613,-7.1515,3.9099,ok,-11.1516,-7.2672,3.8845,ok,-11.2004,-7.2652,3.9353,ok,-11.9638,-9.4017,2.5621,ok,-12.2432,-9.9103,2.3329,ok,-11.8558,-9.3287,2.5272,ok,0.1297,0.1891,0.0595,0.0394,0.0734,0.0341,-0.0094,0.0754,0.0849,3.0829,3.5667,0.4838,2.8035,3.0581,0.2546,3.1909,3.6397,0.4489,0.78476729,2.40481527716,C,0.80714643,2.32832399217,intact,0.4849317,0.81692254,2.74164967381,loose,0.5774638,0.85361239,2.73440763925,loose,0.524914,intact,0,6.7.1pre,0,4.0583544,
ROSDSFDQCJNGOL-UHFFFAOYSA-N,Dimethylamine,CNC,184,226,lone_pair,N,1,N1,0,-9.6357,1.3297,10.9655,ok,-15.1657,-11.8918,3.2739,ok,-9.5468,1.4318,10.9786,ok,-9.6428,1.3271,10.97,ok,-9.6778,1.3117,10.9895,ok,-11.3765,-8.0788,3.2977,ok,-11.3974,-8.0694,3.328,ok,-10.7339,-7.2824,3.4515,ok,0.0889,0.1021,0.0131,-0.0071,-0.0026,0.0045,-0.0421,-0.018,0.024,3.7892,3.813,0.0238,3.7683,3.8224,0.0541,4.4318,4.6094,0.1776,0.70296246,1.94378311434,N,0.69317553,1.94761621542,intact,0.3989683,0.70124308,1.96104805045,intact,0.2592304,0.71779487,1.96841450406,intact,0.4222203,intact,0,6.7.1pre,0,2.5542248,
GETQZCLCWQTVFV-UHFFFAOYSA-N,Trimethylamine,CN(C)C,185,227,lone_pair,N,1,N1,0,-9.483,0.9361,10.4191,ok,-14.7864,-11.7012,3.0853,ok,-9.4575,0.9681,10.4257,ok,-9.4995,0.9234,10.4229,ok,-9.5613,0.8754,10.4367,ok,-11.1554,-8.0343,3.1211,ok,-11.1684,-8.0395,3.1288,ok,-10.5269,-7.28,3.2469,ok,0.0255,0.032,0.0066,-0.0165,-0.0127,0.0038,-0.0783,-0.0607,0.0176,3.631,3.6669,0.0358,3.618,3.6617,0.0435,4.2595,4.4212,0.1616,0.6806149,1.93690035621,N,0.68074006,1.94614283797,intact,0.2298265,0.6846665,1.96533750503,intact,0.3921563,0.70649957,1.96452616778,intact,0.3201373,intact,0,6.7.1pre,0,2.5155102,
YLQBMQCUIZJEEH-UHFFFAOYSA-N,Furan,c1ccoc1,186,228,lone_pair,O,3,O3,0,-10.6183,-5.9094,4.7089,ok,-15.0018,-12.5595,2.4422,ok,-10.5803,-5.8829,4.6973,ok,-10.6034,-5.8985,4.7049,ok,-10.5925,-5.9008,4.6917,ok,-11.6129,-8.9644,2.6485,ok,-11.7057,-8.9742,2.7315,ok,-11.0827,-8.0618,3.0208,ok,0.038,0.0265,-0.0116,0.0149,0.0109,-0.004,0.0258,0.0086,-0.0172,3.3889,3.5951,0.2063,3.2961,3.5853,0.2893,3.9191,4.4977,0.5786,0.76198128,1.77922051753,O,0.76625631,1.79413425233,intact,0.1904489,0.77705271,1.8114127842,intact,0.3878718,0.79223421,1.81360031667,intact,0.2612732,intact,0,6.7.1pre,0,2.1972314,
WQAQPCDUOCURKW-UHFFFAOYSA-N,1-Butanethiol,CCCCS,187,229,lone_pair,S,4,S4,0,-10.0129,-5.4158,4.5971,ok,-14.5903,-11.9454,2.645,ok,-9.9647,-5.3307,4.634,ok,-10.0529,-5.434,4.6188,ok,-9.9997,-5.3442,4.6555,ok,-11.663,-8.5217,3.1412,ok,-11.7056,-8.5423,3.1633,ok,-10.8154,-7.434,3.3814,ok,0.0482,0.0851,0.0369,-0.04,-0.0182,0.0217,0.0132,0.0716,0.0584,2.9273,3.4237,0.4962,2.8847,3.4031,0.5183,3.7749,4.5114,0.7364,0.68530281,2.42535325569,S,0.69950301,2.44389861637,intact,0.8075625,0.71369739,2.47369201954,intact,0.812777,0.74738788,2.43237035431,intact,0.8663574,intact,0,6.7.1pre,0,4.2879595,
LJSQFQKUNVCTIA-UHFFFAOYSA-N,Ethyl sulfide,CCSCC,188,230,lone_pair,S,2,S2,0,-9.5449,-5.2634,4.2814,ok,-14.4353,-11.4784,2.9569,ok,-9.5388,-5.2308,4.308,ok,-9.5935,-5.2935,4.3,ok,-9.6559,-5.324,4.3319,ok,-11.1239,-8.1529,2.971,ok,-11.194,-8.2013,2.9927,ok,-10.4289,-7.2826,3.1463,ok,0.0061,0.0326,0.0266,-0.0486,-0.0301,0.0186,-0.111,-0.0606,0.0505,3.3114,3.3255,0.0141,3.2413,3.2771,0.0358,4.0064,4.1958,0.1894,0.65083988,2.3969979583,S,0.65462113,2.42390668805,intact,0.7855514,0.67162992,2.45257575452,intact,0.8365248,0.70832684,2.42694575588,intact,0.7833876,intact,0,6.7.1pre,0,4.6613985,
JUJWROOIHBZHMG-UHFFFAOYSA-N,Pyridine,c1ccncc1,189,231,lone_pair,N,3,N3,0,-10.1131,-6.9813,3.1318,ok,-15.2617,-11.5629,3.6988,ok,-10.1215,-6.9573,3.1642,ok,-10.12,-6.972,3.148,ok,-10.1714,-6.9876,3.1838,ok,-11.8973,-8.1927,3.7046,ok,-12.0194,-8.3019,3.7175,ok,-11.3829,-7.6958,3.6871,ok,-0.0084,0.024,0.0324,-0.0069,0.0093,0.0162,-0.0583,-0.0063,0.052,3.3644,3.3702,0.0058,3.2423,3.261,0.0187,3.8788,3.8671,-0.0117,0.69394759,1.89940602747,N,0.69679193,1.91388785657,intact,0.2390759,0.70961273,1.92954627713,intact,0.283729,0.72468015,1.93580578354,intact,0.2802144,intact,0,6.7.1pre,0,2.2768439,
OEPRBXUJOQLYID-UHFFFAOYSA-N,1-Fluoropentane,CCCCCF,190,232,no_motif,none,-1,unbound_reference,0,-11.5831,1.6207,13.2038,ok,-15.0645,-11.2016,3.8629,ok,-11.4599,1.6781,13.138,ok,-11.5488,1.6011,13.1499,ok,-11.4813,1.6175,13.0988,ok,-12.1672,-7.286,4.8812,ok,-12.2829,-7.4203,4.8626,ok,-11.7635,-6.2877,5.4758,ok,0.1232,0.0574,-0.0658,0.0343,-0.0196,-0.0539,0.1018,-0.0032,-0.105,2.8973,3.9156,1.0183,2.7816,3.7813,0.9997,3.301,4.9139,1.6129,0.70147685,2.48641760157,C,0.69719009,2.56816226669,intact,0.8943776,0.73368812,2.97969727848,loose,1.0087779,0.76283735,2.95046077905,loose,0.9088081,intact,0,6.7.1pre,0,5.2559042,
HLLCNVLEVVFTJB-UHFFFAOYSA-N,2-Fluoro-2-methylbutane,CCC(C)(C)F,191,233,no_motif,none,-1,unbound_reference,0,-11.5432,1.081,12.6242,ok,,,,xtb_failed,-11.5442,1.0923,12.6365,ok,-11.5665,1.0715,12.6379,ok,-11.5751,1.0603,12.6354,ok,,,,xtb_failed,,,,xtb_failed,,,,xtb_failed,-0.000999999999999,0.0113,0.0123,-0.0233,-0.0095,0.0137,-0.0319,-0.0207,0.0112,,,,,,,,,,,,,,,not_available,0.279343,,,not_available,0.1802063,,,not_available,0.2650651,not_available,0,6.7.1pre,0,2.3159496,"returncode=128 sentinel=False: -1- optimizer_relax: |grad| > 500, something is totally wrong! | returncode=128 sentinel=False: -1- optimizer_relax: |grad| > 500, something is totally wrong! | returncode=128 sentinel=False: -1- optimizer_relax: |grad| > 500, something is totally wrong! | returncode=1"
ZRKMQKLGEQPLNS-UHFFFAOYSA-N,1-Pentanethiol,CCCCCS,192,234,lone_pair,S,5,S5,0,-9.987,-5.3895,4.5974,ok,-14.3724,-11.8412,2.5312,ok,-9.9348,-5.3021,4.6327,ok,-10.0223,-5.404,4.6184,ok,-9.9715,-5.3165,4.655,ok,-11.5992,-8.448,3.1511,ok,-11.6506,-8.4721,3.1785,ok,-10.7736,-7.3749,3.3987,ok,0.0522,0.0874,0.0353,-0.0353,-0.0145,0.021,0.0155,0.073,0.0576,2.7732,3.3932,0.6199,2.7218,3.3691,0.6473,3.5988,4.4663,0.8675,0.63687454,2.41032978423,S,0.63146305,2.45192986847,intact,1.0161989,0.64125321,2.47181739628,intact,1.0596243,0.68274334,2.44785592888,intact,1.1584092,intact,0,6.7.1pre,0,5.7398616,
QARVLSVVCXYDNA-UHFFFAOYSA-N,Bromobenzene,Brc1ccccc1,193,235,aromatic_pi,pi,1,ring_centroid,0,-10.888,-6.8249,4.0631,ok,-15.0404,-12.7082,2.3322,ok,-10.84,-6.6811,4.1589,ok,-10.9001,-6.766,4.1341,ok,-10.9495,-6.7259,4.2236,ok,-11.8472,-8.9935,2.8537,ok,-12.0746,-9.43,2.6447,ok,-11.6063,-8.599,3.0073,ok,0.048,0.1438,0.0958,-0.0121,0.0589,0.071,-0.0615,0.099,0.1605,3.1932,3.7147,0.5215,2.9658,3.2782,0.3125,3.4341,4.1092,0.6751,0.75469539,2.35856816553,C,0.77285331,2.32326642064,intact,0.3737097,0.75597733,2.33545082875,intact,0.3289538,0.78592679,2.26622590363,intact,0.5631846,intact,0,6.7.1pre,0,2.7896655,
PYLWMHQQBFSUBP-UHFFFAOYSA-N,Fluorobenzene,Fc1ccccc1,194,236,aromatic_pi,pi,1,ring_centroid,0,-11.1413,-6.5876,4.5537,ok,-16.1419,-12.6724,3.4694,ok,-11.0813,-6.4773,4.604,ok,-11.1459,-6.561,4.5849,ok,-11.1113,-6.4782,4.6331,ok,-12.5824,-8.8916,3.6907,ok,-12.9008,-9.3247,3.5761,ok,-12.1172,-8.2881,3.8291,ok,0.06,0.1103,0.0503,-0.0046,0.0266,0.0312,0.03,0.1094,0.0794,3.5595,3.7808,0.2213,3.2411,3.3477,0.1067,4.0247,4.3843,0.3597,0.73342888,2.39205946968,C,0.75177706,2.36583808524,intact,0.31055,0.74065075,2.39739001984,intact,0.3103904,0.77186892,2.34996374117,intact,0.5975961,intact,0,6.7.1pre,0,2.5911006,
SNHMUERNLJLMHN-UHFFFAOYSA-N,Iodobenzene,Ic1ccccc1,195,237,aromatic_pi,pi,1,ring_centroid,0,-10.8689,-6.784,4.0849,ok,-14.8924,-12.6607,2.2317,ok,-10.8082,-6.6494,4.1588,ok,-10.8676,-6.7277,4.1399,ok,-10.9029,-6.6866,4.2163,ok,-11.7565,-8.9996,2.7568,ok,-11.9977,-9.453,2.5447,ok,-11.5026,-8.6134,2.8892,ok,0.0607,0.1346,0.0739,0.0013,0.0563,0.055,-0.034,0.0974,0.1314,3.1359,3.6611,0.5251,2.8947,3.2077,0.313,3.3898,4.0473,0.6575,0.75478357,2.38318978427,C,0.77809868,2.34745127856,intact,0.5046107,0.75561815,2.36618855088,intact,0.318045,0.78468549,2.27778117561,intact,0.367235,intact,0,6.7.1pre,0,2.9838071,
PAYRUJLWNCNPSJ-UHFFFAOYSA-N,Aniline,Nc1ccccc1,196,238,lone_pair,N,0,N0,0,-9.7777,-5.8673,3.9104,ok,-13.9928,-12.0125,1.9802,ok,-9.6847,-5.8565,3.8282,ok,-9.7122,-5.858,3.8542,ok,-9.7145,-5.9069,3.8076,ok,-10.8978,-8.4325,2.4653,ok,-10.895,-8.3553,2.5397,ok,-10.4163,-7.5331,2.8832,ok,0.093,0.0108,-0.0822,0.0655,0.0093,-0.0562,0.0632,-0.0396,-0.1028,3.095,3.58,0.4851,3.0978,3.6572,0.5595,3.5765,4.4794,0.903,0.70026683,1.96960150545,N,0.70235651,1.97094868795,intact,0.4669768,0.71145456,1.97259772912,intact,0.2612094,0.72824208,1.97018722869,intact,0.4128903,intact,0,6.7.1pre,0,2.6727867,
ZMANZCXQSJIPKH-UHFFFAOYSA-N,Triethylamine,CCN(CC)CC,197,239,lone_pair,N,2,N2,0,-9.1994,0.2611,9.4606,ok,-14.2767,-11.1042,3.1725,ok,-9.206,0.2728,9.4787,ok,-9.1942,0.27,9.4642,ok,-9.3044,0.186,9.4903,ok,-10.9313,-7.7143,3.217,ok,-10.9966,-7.7525,3.2441,ok,-10.3896,-7.0423,3.3473,ok,-0.0066,0.0117,0.0181,0.0052,0.0089,0.0036,-0.105,-0.0751,0.0297,3.3454,3.3899,0.0445,3.2801,3.3517,0.0716,3.8871,4.0619,0.1748,0.63393713,1.94753641236,N,0.63660787,1.9683673134,intact,1.0613545,0.64265792,1.9863736556,intact,1.2047434,0.67152968,1.98351291285,intact,0.9300475,intact,0,6.7.1pre,0,5.5921597,
IBSQPLPBRSHTTG-UHFFFAOYSA-N,o-Chlorotoluene,Cc1ccccc1Cl,198,240,aromatic_pi,pi,1,ring_centroid,0,-10.6639,-6.4336,4.2303,ok,-14.9031,-12.4254,2.4777,ok,-10.6244,-6.3314,4.293,ok,-10.6774,-6.4005,4.277,ok,-10.6683,-6.3463,4.322,ok,-11.7306,-8.8387,2.8918,ok,-11.9288,-9.2199,2.7089,ok,-11.3235,-8.2497,3.0738,ok,0.0395,0.1022,0.0627,-0.0135,0.0331,0.0467,-0.0044,0.0873,0.0917,3.1725,3.5867,0.4141,2.9743,3.2055,0.2312,3.5796,4.1757,0.5961,0.73362338,2.29006427026,C,0.75261857,2.2945999682,intact,0.5665036,0.74190601,2.27303040265,intact,0.4598403,0.7765697,2.25913884147,intact,0.3904089,intact,0,6.7.1pre,0,3.4620768,
OSOUNOBYRMOXQQ-UHFFFAOYSA-N,m-Chlorotoluene,Cc1cccc(Cl)c1,199,241,aromatic_pi,pi,1,ring_centroid,0,-10.6996,-6.4349,4.2647,ok,-14.9516,-12.4062,2.5454,ok,-10.6603,-6.3265,4.3338,ok,-10.7103,-6.391,4.3193,ok,-10.6953,-6.3364,4.3589,ok,-11.803,-8.8281,2.9749,ok,-12.0015,-9.2019,2.7996,ok,-11.3875,-8.2353,3.1521,ok,0.0393,0.1084,0.0691,-0.0107,0.0439,0.0546,0.0043,0.0985,0.0942,3.1486,3.5781,0.4295,2.9501,3.2043,0.2542,3.5641,4.1709,0.6067,0.73801651,2.33099878413,C,0.75903671,2.29706257195,intact,0.304522,0.74112284,2.2818414582,intact,0.537451,0.77619275,2.31050468207,intact,0.483622,intact,0,6.7.1pre,0,3.0923997,
NPDACUSDTOMAMK-UHFFFAOYSA-N,p-Chlorotoluene,Cc1ccc(Cl)cc1,200,242,aromatic_pi,pi,1,ring_centroid,0,-10.6032,-6.4677,4.1355,ok,-14.8249,-12.4165,2.4083,ok,-10.548,-6.3405,4.2075,ok,-10.6023,-6.4126,4.1897,ok,-10.5793,-6.3417,4.2376,ok,-11.651,-8.8313,2.8197,ok,-11.8569,-9.2083,2.6486,ok,-11.2273,-8.2381,2.9892,ok,0.0552,0.1272,0.072,0.0009,0.0551,0.0542,0.0239,0.126,0.1021,3.1739,3.5852,0.4114,2.968,3.2082,0.2403,3.5976,4.1784,0.5809,0.73949687,2.35814167683,C,0.76165862,2.33125241538,intact,0.3316594,0.7439748,2.34381452756,intact,0.4652941,0.77945119,2.30919984153,intact,0.6031186,intact,0,6.7.1pre,0,3.1657047,
MMZYCBHLNZVROM-UHFFFAOYSA-N,o-Fluorotoluene,Cc1ccccc1F,201,243,aromatic_pi,pi,1,ring_centroid,0,-10.8729,-6.4016,4.4713,ok,-15.5718,-12.4843,3.0875,ok,-10.8252,-6.3287,4.4965,ok,-10.8879,-6.3996,4.4883,ok,-10.8531,-6.3443,4.5087,ok,-12.1823,-8.8574,3.3249,ok,-12.4584,-9.2572,3.2012,ok,-11.7239,-8.2674,3.4565,ok,0.0477,0.0729,0.0252,-0.015,0.002,0.017,0.0198,0.0573,0.0374,3.3895,3.6269,0.2374,3.1134,3.2271,0.1137,3.8479,4.2169,0.369,0.7275802,2.33435656145,C,0.74954451,2.33644786123,intact,0.5758561,0.73663818,2.33982274308,intact,0.2616648,0.77083282,2.28979340843,intact,0.3580841,intact,0,6.7.1pre,0,2.8182581,
BTQZKHUEUDPRST-UHFFFAOYSA-N,m-Fluorotoluene,Cc1cccc(F)c1,202,244,aromatic_pi,pi,1,ring_centroid,0,-10.9142,-6.4149,4.4994,ok,-15.6696,-12.4748,3.1948,ok,-10.843,-6.3322,4.5108,ok,-10.9041,-6.3968,4.5074,ok,-10.8545,-6.3413,4.5132,ok,-12.2243,-8.8475,3.3768,ok,-12.5068,-9.2375,3.2693,ok,-11.735,-8.2526,3.4823,ok,0.0712,0.0827,0.0114,0.0101,0.0181,0.008,0.0597,0.0736,0.0138,3.4453,3.6273,0.182,3.1628,3.2373,0.0745,3.9346,4.2222,0.2875,0.72713284,2.37541606024,C,0.74982421,2.35860154349,intact,0.3694562,0.73511035,2.37847313559,intact,0.4716318,0.77032997,2.33162183217,intact,0.3902855,intact,0,6.7.1pre,0,2.7839827,
WRWPPGUCZBJXKX-UHFFFAOYSA-N,p-Fluorotoluene,Cc1ccc(F)cc1,203,245,aromatic_pi,pi,1,ring_centroid,0,-10.8102,-6.4717,4.3384,ok,-15.5077,-12.4831,3.0246,ok,-10.7418,-6.3872,4.3546,ok,-10.8005,-6.4542,4.3463,ok,-10.7609,-6.3966,4.3643,ok,-12.0854,-8.8497,3.2357,ok,-12.3561,-9.2424,3.1137,ok,-11.609,-8.2543,3.3547,ok,0.0684,0.0845,0.0162,0.0097,0.0175,0.0079,0.0493,0.0751,0.0259,3.4223,3.6334,0.2111,3.1516,3.2407,0.0891,3.8987,4.2288,0.3301,0.72864249,2.4006819384,C,0.75193236,2.36985650634,intact,0.3866212,0.73658,2.48814596691,intact,0.3236105,0.77102448,2.42781307548,intact,0.4391757,intact,0,6.7.1pre,0,2.9314175,
QQONPFPTGQHPMA-UHFFFAOYSA-N,Propene,C=CC,204,246,alkene_pi,pi,0,alkene_midpoint,0,-10.7264,-5.4818,5.2446,ok,-16.2767,-12.2186,4.0581,ok,-10.6517,-5.4163,5.2354,ok,-10.7297,-5.4904,5.2393,ok,-10.6971,-5.4674,5.2297,ok,-12.389,-8.3039,4.0851,ok,-12.5768,-8.4719,4.1049,ok,-11.7227,-7.4874,4.2352,ok,0.0747,0.0655,-0.0092,-0.0033,-0.0086,-0.0053,0.0293,0.0144,-0.0149,3.8877,3.9147,0.027,3.6999,3.7467,0.0468,4.554,4.7312,0.1771,0.70446684,2.23330505589,C,0.7011399,2.24442045287,intact,0.2874366,0.71379006,2.22303801861,intact,0.2551052,0.73177754,2.2450575081,intact,0.3699463,intact,0,6.7.1pre,0,1.9002705,
PMJHHCWVYXUKFD-SNAWJCMRSA-N,"1,3-Pentadiene",C=C/C=C/C,205,247,alkene_pi,pi,0,alkene_midpoint,0,-10.1492,-6.5667,3.5825,ok,-14.8354,-11.8824,2.9531,ok,-10.0883,-6.5129,3.5754,ok,-10.1557,-6.5779,3.5779,ok,-10.1327,-6.5614,3.5713,ok,-11.4399,-8.2817,3.1581,ok,-11.5995,-8.4486,3.1509,ok,-10.9042,-7.5688,3.3354,ok,0.0609,0.0538,-0.0071,-0.0065,-0.0112,-0.0046,0.0165,0.0053,-0.0112,3.3955,3.6007,0.205,3.2359,3.4338,0.1978,3.9312,4.3136,0.3823,0.67898363,2.28067809221,C,0.68839931,2.28284702896,intact,0.4444775,0.69448211,2.31445782709,intact,0.3772995,0.72029263,2.32717143607,intact,0.2900028,intact,0,6.7.1pre,0,2.5158761,
RRHGJUQNOFWUDK-UHFFFAOYSA-N,"2-Methyl-1,3-butadiene (Isoprene)",C=CC(=C)C,206,248,alkene_pi,pi,0,alkene_midpoint,0,-10.2968,-6.6548,3.642,ok,-15.0996,-11.998,3.1016,ok,-10.2375,-6.5984,3.6391,ok,-10.293,-6.6527,3.6403,ok,-10.2737,-6.6362,3.6375,ok,-11.6083,-8.3708,3.2375,ok,-11.7467,-8.5272,3.2194,ok,-11.0442,-7.6847,3.3596,ok,0.0593,0.0564,-0.0029,0.0038,0.0021,-0.0017,0.0231,0.0186,-0.0045,3.4913,3.6272,0.1359,3.3529,3.4708,0.1178,4.0554,4.3133,0.258,0.68025696,2.23491127288,C,0.68954943,2.24144869488,intact,0.2745056,0.68907195,2.2962208234,intact,0.2795508,0.71410737,2.31745162482,intact,0.275633,intact,0,6.7.1pre,0,2.0851866,
APPOKADJQUIAHP-UHFFFAOYSA-N,"2,4-Hexadiene",CC=CC=CC,207,249,alkene_pi,pi,1,alkene_midpoint,0,-9.886,-6.3815,3.5044,ok,-14.3914,-11.8046,2.5868,ok,-9.8408,-6.3431,3.4977,ok,-9.899,-6.3978,3.5012,ok,-9.8899,-6.3961,3.4938,ok,-11.1132,-8.3005,2.8127,ok,-11.2636,-8.4788,2.7848,ok,-10.5982,-7.563,3.0353,ok,0.0452,0.0384,-0.0067,-0.013,-0.0163,-0.0032,-0.0039,-0.0146,-0.0106,3.2782,3.5041,0.2259,3.1278,3.3258,0.198,3.7932,4.2416,0.4485,0.67104314,2.21712781819,C,0.68507599,2.23094031735,intact,0.6992046,0.69059989,2.26018481426,intact,0.7304203,0.71907641,2.24568762787,intact,0.5839353,intact,0,6.7.1pre,0,3.6814962,
RCJMVGJKROQDCB-UHFFFAOYSA-N,"2-Methyl-1,3-pentadiene",C=C(C)C=CC,208,250,alkene_pi,pi,0,alkene_midpoint,0,-9.9871,-6.4569,3.5302,ok,-14.6589,-11.8218,2.8371,ok,-9.9408,-6.4154,3.5254,ok,-9.9858,-6.4582,3.5276,ok,-9.9805,-6.4583,3.5222,ok,-11.3011,-8.3033,2.9978,ok,-11.4287,-8.451,2.9778,ok,-10.7573,-7.5868,3.1706,ok,0.0463,0.0415,-0.0048,0.0013,-0.0013,-0.0026,0.0066,-0.0014,-0.008,3.3578,3.5185,0.1607,3.2302,3.3708,0.1407,3.9016,4.235,0.3335,0.66894725,2.20959844326,C,0.66720088,2.28692740357,intact,1.3919657,0.68522253,2.17330128156,intact,0.3668363,0.71485452,2.18452795951,intact,0.4756078,intact,0,6.7.1pre,0,4.0797976,
BOGRNZQRTNVZCZ-AATRIKPKSA-N,"3-Methyl-1,3-pentadiene",C=C/C(C)=C/C,209,251,alkene_pi,pi,0,alkene_midpoint,0,-9.996,-6.434,3.562,ok,-14.5084,-11.748,2.7604,ok,-9.9431,-6.3929,3.5502,ok,-9.9972,-6.4429,3.5544,ok,-9.9847,-6.441,3.5438,ok,-11.2121,-8.254,2.9581,ok,-11.3374,-8.3944,2.943,ok,-10.6863,-7.5446,3.1417,ok,0.0529,0.0411,-0.0118,-0.0012,-0.0089,-0.0076,0.0113,-0.007,-0.0182,3.2963,3.494,0.1977,3.171,3.3536,0.1826,3.8221,4.2034,0.3813,0.66440095,2.2401523034,C,0.67655735,2.26805184294,intact,0.5676424,0.67796748,2.30136998444,intact,0.4559815,0.708554,2.28715781194,intact,0.3651919,intact,0,6.7.1pre,0,3.0340555,
KVNRLNFWIYMESJ-UHFFFAOYSA-N,butanenitrile,CCCC#N,210,252,lone_pair,N,4,N4,0,-11.5608,-5.8015,5.7593,ok,-15.1147,-11.6208,3.4939,ok,-11.5892,-5.8304,5.7588,ok,-11.6396,-5.8801,5.7595,ok,-11.6937,-5.9354,5.7583,ok,-12.1656,-8.2594,3.9062,ok,-12.2972,-8.2369,4.0602,ok,-11.8,-7.4719,4.3281,ok,-0.0284,-0.0289,-0.0005,-0.0788,-0.0786,0.0002,-0.1329,-0.1339,-0.000999999999999,2.9491,3.3614,0.4123,2.8175,3.3839,0.5663,3.3147,4.1489,0.8342,0.71031379,1.84888125121,N,0.70663032,1.8514963768,intact,0.3557331,0.71559636,1.86683464933,intact,0.4045475,0.72433501,1.86816588095,intact,0.5303137,intact,0,6.7.1pre,0,2.8598954,
RFFFKMOABOFIDF-UHFFFAOYSA-N,pentanenitrile,CCCCC#N,211,253,lone_pair,N,5,N5,0,-11.5132,-5.789,5.7242,ok,-14.6144,-11.5781,3.0363,ok,-11.4993,-5.8177,5.6816,ok,-11.57,-5.8719,5.6981,ok,-11.5556,-5.9249,5.6307,ok,-11.8986,-8.2445,3.6541,ok,-11.9904,-8.2205,3.7698,ok,-11.5978,-7.4469,4.1509,ok,0.0139,-0.0287,-0.0426,-0.0568,-0.0829,-0.0261,-0.0424,-0.1359,-0.0935,2.7158,3.3336,0.6178,2.624,3.3576,0.7335,3.0166,4.1312,1.1146,0.70220348,1.84465716884,N,0.69987055,1.84908909965,intact,0.352922,0.70859806,1.86346508082,intact,0.3690594,0.71835235,1.86630172556,intact,0.7016577,intact,0,6.7.1pre,0,2.9352513,
AILKHAQXUAOOFU-UHFFFAOYSA-N,hexanenitrile,CCCCCC#N,212,254,lone_pair,N,6,N6,0,-11.4633,-5.7534,5.7099,ok,-14.3278,-11.5413,2.7864,ok,-11.4461,-5.7923,5.6538,ok,-11.5146,-5.8423,5.6723,ok,-11.4993,-5.9039,5.5954,ok,-11.7607,-8.2323,3.5284,ok,-11.8285,-8.2057,3.6228,ok,-11.5058,-7.4333,4.0725,ok,0.0172,-0.0389,-0.0561,-0.0513,-0.0889,-0.0376,-0.036,-0.1505,-0.1145,2.5671,3.309,0.742,2.4993,3.3356,0.8364,2.822,4.108,1.2861,0.69761479,1.84342015409,N,0.69758001,1.84635994752,intact,0.3160656,0.70450367,1.85968395086,intact,0.5918826,0.71648646,1.86326490655,intact,0.3236691,intact,0,6.7.1pre,0,3.7697378,
YSIMAPNUZAVQER-UHFFFAOYSA-N,octanenitrile,CCCCCCCC#N,213,255,lone_pair,N,8,N8,0,-11.4469,-5.7754,5.6715,ok,-13.5333,-11.5658,1.9675,ok,-11.2695,-5.8194,5.4501,ok,-11.3571,-5.8702,5.4869,ok,-11.2748,-5.9321,5.3427,ok,-11.3746,-8.298,3.0766,ok,-11.4197,-8.2537,3.1659,ok,-11.2053,-7.464,3.7413,ok,0.1774,-0.044,-0.2214,0.0898,-0.0948,-0.1846,0.1721,-0.1567,-0.3288,2.1587,3.2678,1.1091,2.1136,3.3121,1.1984,2.328,4.1018,1.7738,0.70705355,1.84402327266,N,0.70564305,1.84996348855,intact,0.3410957,0.71499163,1.8653304711,intact,0.4821884,0.72340861,1.86591381781,intact,0.4083626,intact,0,6.7.1pre,0,3.9219297,
HBZDPWBWBJMYRY-UHFFFAOYSA-N,decanenitrile,CCCCCCCCCC#N,214,256,lone_pair,N,10,N10,0,-11.2994,-5.7562,5.5432,ok,-13.2808,-11.5181,1.7627,ok,-11.1145,-5.7996,5.3149,ok,-11.1974,-5.8501,5.3472,ok,-11.1275,-5.9128,5.2147,ok,-11.2273,-8.2664,2.9609,ok,-11.266,-8.2215,3.0444,ok,-11.0698,-7.4294,3.6404,ok,0.1849,-0.0434,-0.2283,0.102,-0.0939,-0.196,0.1719,-0.1566,-0.3285,2.0535,3.2517,1.1982,2.0148,3.2966,1.2817,2.211,4.0887,1.8777,0.69761526,1.84028328256,N,0.69898539,1.85090390393,intact,0.8862319,0.70647502,1.86346992691,intact,1.1242851,0.7170299,1.86471627532,intact,1.1592021,intact,0,6.7.1pre,0,8.5917944,
SZKKNEOUHLFYNA-UHFFFAOYSA-N,undecanenitrile,CCCCCCCCCCC#N,215,257,lone_pair,N,11,N11,0,-11.3034,-5.769,5.5344,ok,-13.1214,-11.5222,1.5993,ok,-11.1527,-5.8013,5.3514,ok,-11.2345,-5.8579,5.3766,ok,-11.191,-5.9143,5.2768,ok,-11.3011,-8.2775,3.0237,ok,-11.3267,-8.2294,3.0973,ok,-11.1453,-7.4287,3.7166,ok,0.1507,-0.0323,-0.183,0.0689,-0.0889,-0.1578,0.1124,-0.1453,-0.2576,1.8203,3.2447,1.4244,1.7947,3.2928,1.498,1.9761,4.0935,2.1173,0.59638217,1.88776351877,N,0.69522062,1.85191664326,intact,1.1373416,0.64249703,1.89089140903,intact,2.240601,0.71358449,1.8631454035,intact,0.7952506,intact,0,6.7.1pre,0,10.264704,
CJSBUWDGPXGFGA-UHFFFAOYSA-N,"4-methyl-1,3-pentadiene",C=CC=C(C)C,216,258,alkene_pi,pi,0,alkene_midpoint,0,-9.933,-6.4345,3.4985,ok,-14.4758,-11.7066,2.7692,ok,-9.8847,-6.396,3.4888,ok,-9.9365,-6.4453,3.4912,ok,-9.9267,-6.4442,3.4825,ok,-11.1934,-8.2091,2.9843,ok,-11.3158,-8.346,2.9698,ok,-10.6598,-7.471,3.1889,ok,0.0483,0.0385,-0.0097,-0.0035,-0.0108,-0.0073,0.0063,-0.0097,-0.016,3.2824,3.4975,0.2151,3.16,3.3606,0.2006,3.816,4.2356,0.4197,0.67048417,2.26063937196,C,0.68172636,2.27754020193,intact,0.8915591,0.68670752,2.28899233424,intact,0.902231,0.71390886,2.29595300066,intact,0.6262699,intact,0,6.7.1pre,0,4.7624304,
SDJHPPZKZZWAKF-UHFFFAOYSA-N,"2,3-dimethyl-1,3-butadiene",C=C(C)C(=C)C,217,259,alkene_pi,pi,0,alkene_midpoint,0,-10.1628,-6.5219,3.6409,ok,-14.878,-11.8921,2.9859,ok,-10.1135,-6.4746,3.6389,ok,-10.1593,-6.5191,3.6401,ok,-10.1511,-6.5133,3.6378,ok,-11.4918,-8.3662,3.1256,ok,-11.6148,-8.5157,3.0991,ok,-10.9426,-7.673,3.2696,ok,0.0493,0.0473,-0.002,0.0035,0.0028,-0.0008,0.0117,0.0086,-0.0031,3.3862,3.5259,0.1397,3.2632,3.3764,0.1132,3.9354,4.2191,0.2837,0.66417613,2.20776520822,C,0.67321162,2.23399278308,intact,0.8557239,0.67262029,2.2089383778,intact,0.9207361,0.70574798,2.21173318482,intact,0.4984457,intact,0,6.7.1pre,0,4.346169,
ZGEGCLOFRBLKSE-UHFFFAOYSA-N,1-heptene,C=CCCCCC,218,260,alkene_pi,pi,0,alkene_midpoint,0,-10.6785,-5.5016,5.1769,ok,-13.9817,-12.0215,1.9602,ok,-10.6164,-5.4471,5.1693,ok,-10.6892,-5.5178,5.1715,ok,-10.6768,-5.5117,5.1651,ok,-11.5492,-8.3771,3.1721,ok,-11.6213,-8.5192,3.102,ok,-11.3172,-7.5138,3.8034,ok,0.0621,0.0545,-0.0076,-0.0107,-0.0162,-0.0054,0.0017,-0.0101,-0.0118,2.4325,3.6444,1.2119,2.3604,3.5023,1.1418,2.6645,4.5077,1.8432,0.67315539,2.26774218325,C,0.68115717,2.25789512059,intact,1.063349,0.70260486,2.24848706316,intact,0.6798827,0.72685419,2.23964024838,intact,0.7945528,intact,0,6.7.1pre,0,5.3259929,
BWEKDYGHDCHWEN-UHFFFAOYSA-N,2-methyl-2-hexene,CCCC=C(C)C,219,261,alkene_pi,pi,3,alkene_midpoint,0,-10.072,-5.1649,4.907,ok,-14.6729,-11.8169,2.8561,ok,-10.0186,-5.1166,4.902,ok,-10.0693,-5.1641,4.9053,ok,-10.0705,-5.1726,4.8979,ok,-11.4906,-8.3419,3.1487,ok,-11.6256,-8.5,3.1256,ok,-10.9207,-7.5942,3.3264,ok,0.0534,0.0483,-0.005,0.0027,0.0008,-0.0017,0.0015,-0.0077,-0.0091,3.1823,3.475,0.2926,3.0473,3.3169,0.2695,3.7522,4.2227,0.4703,0.67865012,2.17341239373,C,0.69674969,2.19904256773,intact,1.0580764,0.69813055,2.2118917192,intact,0.8138805,0.73208168,2.22695270736,intact,1.0029654,intact,0,6.7.1pre,0,6.2175895,
RUOJZAUFBMNUDX-UHFFFAOYSA-N,propylene carbonate,CC1COC(=O)O1,220,262,lone_pair,O,3,O3,0,-12.2633,-6.5828,5.6806,ok,-16.3099,-12.6875,3.6224,ok,-12.362,-6.7954,5.5666,ok,-12.4058,-6.7269,5.6789,ok,-12.2471,-6.9138,5.3333,ok,-13.0251,-9.1802,3.8448,ok,-13.0895,-9.1422,3.9473,ok,-12.449,-8.2426,4.2064,ok,-0.0987,-0.2126,-0.114,-0.1425,-0.1441,-0.0017,0.0162,-0.331,-0.3473,3.2848,3.5073,0.2224,3.2204,3.5453,0.3249,3.8609,4.4449,0.584,0.77904977,1.65372285498,O,0.77654538,1.75254751564,intact,0.6723326,0.7807302,1.74579459986,intact,0.6652101,0.78650403,1.80680171217,intact,0.5111837,intact,0,6.7.1pre,0,4.1962283,
KMTRUDSVKNLOMY-UHFFFAOYSA-N,ethylene carbonate,O=C1OCCO1,221,263,lone_pair,O,0,O0,0,-12.3826,-6.7171,5.6655,ok,-16.0999,-12.2827,3.8172,ok,-12.4481,-6.8716,5.5765,ok,-12.5259,-6.8266,5.6993,ok,-12.2956,-6.9711,5.3244,ok,-12.9223,-9.0441,3.8782,ok,-13.0086,-8.9541,4.0544,ok,-12.3988,-8.1697,4.2291,ok,-0.0655,-0.1545,-0.089,-0.1433,-0.1095,0.0338,0.087,-0.254,-0.3411,3.1776,3.2386,0.061,3.0913,3.3286,0.2372,3.7011,4.113,0.4119,0.78382259,1.65908852679,O,0.78060027,1.66491896015,intact,0.7619454,0.78210899,1.66865939637,intact,0.316775,0.79527639,1.6757705791,intact,0.4400095,intact,0,6.7.1pre,0,3.3844178,
JBTWLSYIZRCDFO-UHFFFAOYSA-N,ethyl methyl carbonate,CCOC(=O)OC,222,264,lone_pair,O,2,O2,0,-12.017,-6.1581,5.8589,ok,-16.0406,-12.2937,3.7469,ok,-12.1422,-6.436,5.7061,ok,-12.1751,-6.3747,5.8004,ok,-12.1379,-6.5943,5.5436,ok,-12.8154,-8.9352,3.8802,ok,-12.8655,-8.8793,3.9862,ok,-12.2588,-8.0468,4.212,ok,-0.1252,-0.2779,-0.1528,-0.1581,-0.2166,-0.0585,-0.1209,-0.4362,-0.3153,3.2252,3.3585,0.1333,3.1751,3.4144,0.2393,3.7818,4.2469,0.4651,0.72537892,1.84982075099,O,0.73539546,1.87331557647,intact,0.5133765,0.73629487,1.87528643555,intact,0.6001824,0.76204189,1.88579617238,intact,0.4582683,intact,0,6.7.1pre,0,4.1375551,
WNXJIVFYUVYPPR-UHFFFAOYSA-N,"1,3-dioxolane",C1COCO1,223,265,lone_pair,O,2,O2,0,-11.0945,-0.3887,10.7057,ok,-15.0386,-12.617,2.4216,ok,-11.104,-0.3701,10.7338,ok,-11.1082,-0.3781,10.7301,ok,-11.1642,-0.4086,10.7556,ok,-11.7761,-8.9999,2.7762,ok,-11.7855,-8.9528,2.8327,ok,-11.3219,-8.0698,3.252,ok,-0.0095,0.0186,0.0281,-0.0137,0.0106,0.0244,-0.0697,-0.0199,0.0499,3.2625,3.6171,0.3546,3.2531,3.6642,0.4111,3.7167,4.5472,0.8304,0.75964975,1.97407956479,O,0.76846898,1.75848554422,intact,0.7654019,0.77447666,1.76463329189,intact,0.6018908,0.7921975,1.78034587852,intact,0.4717204,intact,0,6.7.1pre,0,3.6649473,
WYURNTSHIVDZCO-UHFFFAOYSA-N,tetrahydrofuran,C1CCOC1,224,266,lone_pair,O,3,O3,0,-10.5487,0.2383,10.7871,ok,-15.2209,-12.1472,3.0736,ok,-10.5902,0.2371,10.8274,ok,-10.5876,0.226,10.8135,ok,-10.6884,0.1628,10.8511,ok,-11.7838,-8.6473,3.1365,ok,-11.8595,-8.6254,3.2341,ok,-11.2346,-7.795,3.4396,ok,-0.0415,-0.0012,0.0403,-0.0389,-0.0123,0.0264,-0.1397,-0.0755,0.064,3.4371,3.4999,0.0629,3.3614,3.5218,0.1605,3.9863,4.3522,0.366,0.75080559,1.73481039273,O,0.74926162,1.74437512115,intact,0.2195812,0.7594591,1.75362766022,intact,0.5212764,0.77318951,1.76439112548,intact,0.3210842,intact,0,6.7.1pre,0,3.3384906,
JWUJQDFVADABEY-UHFFFAOYSA-N,2-methyltetrahydrofuran,CC1CCCO1,225,267,lone_pair,O,5,O5,0,-10.5202,0.1692,10.6895,ok,-15.1733,-11.8669,3.3064,ok,-10.5871,0.1479,10.735,ok,-10.5387,0.1736,10.7124,ok,-10.6685,0.0887,10.7572,ok,-11.8379,-8.4617,3.3761,ok,-11.8925,-8.428,3.4645,ok,-11.2956,-7.6406,3.6549,ok,-0.0669,-0.0213,0.0455,-0.0185,0.0044,0.0229,-0.1483,-0.0805,0.0677,3.3354,3.4052,0.0697,3.2808,3.4389,0.1581,3.8777,4.2263,0.3485,0.69864931,1.73673293404,O,0.69350341,1.7498644394,intact,0.7961858,0.70634695,1.75218771018,intact,0.6526223,0.7203372,1.76308889615,intact,0.8436638,intact,0,6.7.1pre,0,5.1471051,
GAEKPEKOJKCEMS-UHFFFAOYSA-N,gamma-valerolactone,CC1CCC(=O)O1,226,268,lone_pair,O,5,O5,0,-11.3431,-6.5563,4.7868,ok,-15.291,-11.9975,3.2935,ok,-11.4899,-6.6957,4.7942,ok,-11.4679,-6.6716,4.7962,ok,-11.6121,-6.8089,4.8032,ok,-12.3831,-8.8185,3.5647,ok,-12.4882,-8.7448,3.7435,ok,-11.9675,-7.9625,4.005,ok,-0.1468,-0.1394,0.0074,-0.1248,-0.1153,0.0094,-0.269,-0.2526,0.0164,2.9079,3.179,0.2712,2.8028,3.2527,0.45,3.3235,4.035,0.7115,0.75224946,1.66275104184,O,0.74861102,1.66786913181,intact,0.6070664,0.75446396,1.67596362301,intact,0.4360682,0.76600856,1.67795690678,intact,0.5876208,intact,0,6.7.1pre,0,3.9056886,
CWIFAKBLLXGZIC-UHFFFAOYSA-N,"1,1,2,2-tetrafluoroethyl 2,2,2-trifluoroethyl ether",FC(F)C(F)(F)OCC(F)(F)F,227,269,lone_pair,O,6,O6,0,-13.6325,-3.6054,10.0271,ok,-17.7226,-12.9794,4.7432,ok,-13.4424,-3.4821,9.9603,ok,-13.4311,-3.4348,9.9963,ok,-13.2383,-3.2979,9.9403,ok,-14.4861,-9.4363,5.0498,ok,-14.4518,-9.3606,5.0912,ok,-13.7534,-8.3786,5.3748,ok,0.1901,0.1233,-0.0668,0.2014,0.1706,-0.0308,0.3942,0.3075,-0.0868,3.2365,3.5431,0.3066,3.2708,3.6188,0.348,3.9692,4.6008,0.6316,0.73499813,1.90418817479,O,0.73158516,1.88724574479,intact,0.7360122,0.73616407,1.88269230769,intact,0.9743983,0.75023032,1.88960674179,intact,0.6922934,intact,0,6.7.1pre,0,5.6023938,
HCBRSIIGBBDDCD-UHFFFAOYSA-N,"1,1,2,2-tetrafluoroethyl 2,2,3,3-tetrafluoropropyl ether",FC(F)C(F)(F)COC(F)(F)C(F)F,228,270,lone_pair,O,7,O7,0,-13.4965,-3.5036,9.9929,ok,-17.663,-11.2149,6.4481,ok,-13.3931,-3.3951,9.998,ok,-13.3863,-3.3606,10.0257,ok,-13.1931,-3.228,9.965,ok,-14.4343,-7.8575,6.5768,ok,-14.4269,-7.8373,6.5896,ok,-13.7122,-6.9176,6.7946,ok,0.1034,0.1085,0.0051,0.1102,0.143,0.0328,0.3034,0.2756,-0.0279,3.2287,3.3574,0.1287,3.2361,3.3776,0.1415,3.9508,4.2973,0.3465,0.69906735,1.93700066003,F,0.68885972,1.87721661005,intact,1.2995272,0.66207861,1.88170760186,intact,1.7528592,0.71000269,1.86326926541,intact,0.6245077,intact,0,6.7.1pre,0,8.7763988,
KGPPDNUWZNWPSI-UHFFFAOYSA-N,"bis(2,2,2-trifluoroethyl) ether",FC(F)(F)COCC(F)(F)F,229,271,lone_pair,O,5,O5,0,-12.8851,-3.1534,9.7317,ok,-17.3959,-12.7929,4.603,ok,-12.6095,-2.9417,9.6677,ok,-12.6303,-2.9349,9.6954,ok,-12.4066,-2.7625,9.6441,ok,-13.8917,-9.1893,4.7023,ok,-13.9163,-9.1423,4.774,ok,-13.0662,-8.1405,4.9257,ok,0.2756,0.2117,-0.064,0.2548,0.2185,-0.0363,0.4785,0.3909,-0.0876,3.5042,3.6036,0.0993,3.4796,3.6506,0.171,4.3297,4.6524,0.3227,0.69242081,1.84780699704,F,0.67526187,1.86614659017,intact,0.6835583,0.67948458,1.8660424524,intact,0.9295834,0.68917716,1.87447589546,intact,0.6564864,intact,0,6.7.1pre,0,4.878228,
VAYTZRYEBVHVLE-UHFFFAOYSA-N,vinylene carbonate,O=c1occo1,230,272,lone_pair,O,0,O0,0,-11.9981,-7.0894,4.9087,ok,-15.9313,-12.3718,3.5595,ok,-11.8942,-7.1868,4.7074,ok,-11.9289,-7.168,4.7609,ok,-11.8561,-7.2612,4.5949,ok,-12.7621,-9.0835,3.6785,ok,-12.806,-9.0095,3.7964,ok,-12.2326,-8.2046,4.028,ok,0.1039,-0.0974,-0.2013,0.0692,-0.0786,-0.1478,0.142,-0.1718,-0.3138,3.1692,3.2883,0.119,3.1253,3.3623,0.2369,3.6987,4.1672,0.4685,0.78895123,1.66221960684,O,0.78509836,1.66542490325,intact,0.2031046,0.78790209,1.67223113953,intact,0.3113942,0.79980453,1.67751513521,intact,0.2147081,intact,0,6.7.1pre,0,2.4653995,
RJUFJBKOKNCXHH-UHFFFAOYSA-N,methyl propionate,CCC(=O)OC,231,273,lone_pair,O,3,O3,0,-11.3475,-6.481,4.8665,ok,-15.661,-12.0014,3.6596,ok,-11.4747,-6.6133,4.8614,ok,-11.4706,-6.6027,4.8679,ok,-11.586,-6.7286,4.8574,ok,-12.5312,-8.7114,3.8198,ok,-12.6083,-8.6258,3.9825,ok,-12.0527,-7.8395,4.2132,ok,-0.1272,-0.1323,-0.0051,-0.1231,-0.1217,0.0014,-0.2385,-0.2476,-0.0091,3.1298,3.29,0.1602,3.0527,3.3756,0.3229,3.6083,4.1619,0.5536,0.71674097,1.66308647556,O,0.71279261,1.67271524164,intact,0.4130777,0.72327416,1.6736359786,intact,0.3316708,0.73619514,1.68735056324,intact,0.3573661,intact,0,6.7.1pre,0,2.6035502,
UUIQMZJEGPQKFD-UHFFFAOYSA-N,methyl butyrate,CCCC(=O)OC,232,274,lone_pair,O,4,O4,0,-11.2254,-6.5208,4.7046,ok,-14.9277,-11.9481,2.9795,ok,-11.3354,-6.6731,4.6623,ok,-11.3447,-6.6577,4.687,ok,-11.4345,-6.8029,4.6316,ok,-12.0698,-8.7186,3.3513,ok,-12.1299,-8.629,3.5009,ok,-11.6936,-7.8457,3.8479,ok,-0.11,-0.1523,-0.0423,-0.1193,-0.1369,-0.0176,-0.2091,-0.2821,-0.073,2.8579,3.2295,0.3718,2.7978,3.3191,0.5214,3.2341,4.1024,0.8684,0.69457634,1.66939052342,O,0.69694162,1.68145543981,intact,0.7371955,0.71051431,1.67349375208,intact,0.4768792,0.73662562,1.68014285128,intact,0.3820675,intact,0,6.7.1pre,0,3.4617561,
GOYDNIKZWGIXJT-UHFFFAOYSA-N,"1,2-difluorobenzene",Fc1ccccc1F,233,275,aromatic_pi,pi,1,ring_centroid,0,-11.4716,-7.0261,4.4456,ok,-16.3602,-13.0296,3.3306,ok,-11.3955,-6.8692,4.5263,ok,-11.4866,-6.9898,4.4968,ok,-11.4241,-6.857,4.5671,ok,-12.851,-9.208,3.643,ok,-13.1665,-9.6751,3.4914,ok,-12.4007,-8.5821,3.8186,ok,0.0761,0.1569,0.0807,-0.015,0.0363,0.0512,0.0475,0.1691,0.1215,3.5092,3.8216,0.3124,3.1937,3.3545,0.1608,3.9595,4.4475,0.488,0.74869779,2.47059987786,C,0.76842953,2.39336702851,intact,0.4226829,0.80327123,2.81679804064,loose,0.6710993,0.80446059,2.46334606336,intact,0.4310402,intact,0,6.7.1pre,0,2.7499198,
DLRJIFUOBPOJNS-UHFFFAOYSA-N,ethoxybenzene,CCOc1ccccc1,234,276,lone_pair,O,2,O2,0,-10.2009,-6.0661,4.1348,ok,-14.1885,-11.5721,2.6165,ok,-10.2383,-6.0969,4.1413,ok,-10.2184,-6.0937,4.1247,ok,-10.2826,-6.1384,4.1442,ok,-11.2419,-8.3637,2.8782,ok,-11.3046,-8.3676,2.937,ok,-10.79,-7.5714,3.2186,ok,-0.0374,-0.0308,0.0065,-0.0175,-0.0276,-0.0101,-0.0817,-0.0723,0.0094,2.9466,3.2084,0.2617,2.8839,3.2045,0.3205,3.3985,4.0007,0.6021,0.69275771,1.77642738806,O,0.70269013,1.79363218833,intact,0.7736502,0.71176237,1.7978803102,intact,0.534949,0.73532493,1.81011026959,intact,0.7108679,intact,0,6.7.1pre,0,4.2557909,
SECXISVLQFMRJM-UHFFFAOYSA-N,N-methylpyrrolidone,CN1CCCC1=O,235,277,lone_pair,O,6,O6,0,-10.3986,-5.6768,4.7218,ok,-14.368,-11.6529,2.7152,ok,-10.4005,-5.7633,4.6372,ok,-10.4294,-5.7736,4.6558,ok,-10.4589,-5.8827,4.5761,ok,-11.3067,-8.5056,2.8011,ok,-11.3679,-8.4428,2.9251,ok,-10.8455,-7.7179,3.1276,ok,-0.0019,-0.0865,-0.0846,-0.0308,-0.0968,-0.066,-0.0603,-0.2059,-0.1457,3.0613,3.1473,0.0859,3.0001,3.2101,0.2099,3.5225,3.935,0.4124,0.7109485,1.63940701457,O,0.70254567,1.64600050789,intact,0.5110223,0.70957616,1.648205908,intact,0.3790948,0.72027282,1.65451733609,intact,0.6914475,intact,0,6.7.1pre,0,3.4142377,
WSLDOOZREJYCGB-UHFFFAOYSA-N,"1,2-dichloroethane",ClCCCl,236,278,no_motif,none,-1,unbound_reference,0,-11.616,-5.3599,6.2562,ok,-15.051,-11.532,3.5189,ok,-11.4285,-5.1121,6.3164,ok,-11.506,-5.204,6.302,ok,-11.4453,-5.0959,6.3493,ok,-11.8844,-7.6116,4.2728,ok,-11.9399,-7.6869,4.253,ok,-11.515,-6.74,4.7749,ok,0.1875,0.2478,0.0602,0.11,0.1559,0.0458,0.1707,0.264,0.0931,3.1666,3.9204,0.7539,3.1111,3.8451,0.7341,3.536,4.792,1.256,0.75616343,2.11382220161,Cl,0.76260702,2.11347206746,intact,0.4003873,0.77025275,2.12143408442,intact,0.232353,0.78209972,2.12320535315,intact,0.2989675,intact,0,6.7.1pre,0,2.3857947,
ZNSMNVMLTJELDZ-UHFFFAOYSA-N,"2,2'-dichlorodiethyl ether",ClCCOCCCl,237,279,lone_pair,O,3,O3,0,-11.3383,-4.6726,6.6658,ok,-14.6155,-11.8189,2.7966,ok,-11.2657,-4.5483,6.7174,ok,-11.2935,-4.5995,6.694,ok,-11.2614,-4.5707,6.6907,ok,-11.7597,-8.2883,3.4713,ok,-11.7489,-8.2982,3.4508,ok,-11.376,-7.421,3.9549,ok,0.0726,0.1243,0.0516,0.0448,0.0731,0.0282,0.0769,0.1019,0.0249,2.8558,3.5306,0.6747,2.8666,3.5207,0.6542,3.2395,4.3979,1.1583,0.66004492,1.81627408958,O,0.65909832,1.82594084252,intact,0.4578952,0.66496297,1.83641733818,intact,0.4116651,0.67864567,1.83322079638,intact,0.5535915,intact,0,6.7.1pre,0,3.7548419,
KNKRKFALVUDBJE-UHFFFAOYSA-N,"1,2-dichloropropane",CC(Cl)CCl,238,280,no_motif,none,-1,unbound_reference,0,-11.4806,-5.3323,6.1483,ok,-15.0222,-11.4705,3.5517,ok,-11.3627,-5.1448,6.218,ok,-11.4161,-5.2239,6.1922,ok,-11.4145,-5.1557,6.2588,ok,-11.9125,-7.6246,4.2879,ok,-11.9588,-7.7141,4.2446,ok,-11.5507,-6.7654,4.7853,ok,0.1179,0.1875,0.0697,0.0645,0.1084,0.0439,0.0661,0.1766,0.1105,3.1097,3.8459,0.7362,3.0634,3.7564,0.6929,3.4715,4.7051,1.2336,0.70034121,2.14591079145,Cl,0.71104804,2.15747009884,intact,0.9662642,0.72930892,2.15150177005,intact,0.6308486,0.77517297,2.13431221566,intact,0.5111248,intact,0,6.7.1pre,0,4.0881199,
YHRUOJUYPBUZOS-UHFFFAOYSA-N,"1,3-dichloropropane",ClCCCCl,239,281,no_motif,none,-1,unbound_reference,0,-11.3174,-4.5441,6.7733,ok,-14.592,-11.3827,3.2093,ok,-11.1891,-4.2897,6.8994,ok,-11.2652,-4.3953,6.8699,ok,-11.2551,-4.3001,6.9551,ok,-11.6222,-7.3657,4.2564,ok,-11.6892,-7.4952,4.194,ok,-11.3582,-6.4455,4.9127,ok,0.1283,0.2544,0.1261,0.0522,0.1488,0.0966,0.0623,0.244,0.1818,2.9698,4.017,1.0471,2.9028,3.8875,0.9847,3.2338,4.9372,1.7034,0.65021158,2.21303719248,Cl,0.73621432,2.11998702117,intact,0.6258756,0.73816843,2.14658607639,intact,0.6452476,0.76433568,2.1244836457,intact,0.5663064,intact,0,6.7.1pre,0,4.1977331,
KJDRSWPQXHESDQ-UHFFFAOYSA-N,"1,4-dichlorobutane",ClCCCCCl,240,282,no_motif,none,-1,unbound_reference,0,-11.2531,-4.3639,6.8892,ok,-14.104,-11.0536,3.0504,ok,-11.1427,-4.1375,7.0052,ok,-11.2215,-4.2396,6.9818,ok,-11.2178,-4.1665,7.0513,ok,-11.4403,-7.0453,4.395,ok,-11.4963,-7.1854,4.3109,ok,-11.2783,-6.0972,5.1812,ok,0.1104,0.2264,0.116,0.0316,0.1243,0.0926,0.0353,0.1974,0.1621,2.6637,4.0083,1.3446,2.6077,3.8682,1.2605,2.8257,4.9564,2.1308,0.62352257,2.21612304984,Cl,0.65308046,2.02004658869,intact,1.1682834,0.70669997,2.19955002096,intact,0.9466342,0.67744028,2.03271393774,intact,1.2189063,intact,0,6.7.1pre,0,5.5850479,
YMWUJEATGCHHMB-UHFFFAOYSA-N,dichloromethane,ClCCl,241,283,no_motif,none,-1,unbound_reference,0,-11.7043,-5.5313,6.173,ok,-15.8807,-11.8971,3.9836,ok,-11.5407,-5.3157,6.225,ok,-11.6033,-5.3878,6.2155,ok,-11.5351,-5.2738,6.2613,ok,-12.4799,-8.11,4.3699,ok,-12.473,-8.077,4.3959,ok,-11.9337,-7.2168,4.7169,ok,0.1636,0.2156,0.052,0.101,0.1435,0.0425,0.1692,0.2575,0.0883,3.4008,3.7871,0.3863,3.4077,3.8201,0.4123,3.947,4.6803,0.7333,0.71305804,2.29023760237,Cl,0.71265588,2.28799798276,intact,0.436271,0.71609502,2.29508733565,intact,0.3138512,0.79487126,2.12801516365,intact,0.2214196,intact,0,6.7.1pre,0,2.3858833,
DQWPFSLDHJDLRL-UHFFFAOYSA-N,triethyl phosphate,CCOP(=O)(OCC)OCC,242,284,lone_pair,O,2,O2,0,-11.5129,-2.0238,9.4891,ok,-14.5764,-11.818,2.7584,ok,-11.8891,-2.3921,9.497,ok,-11.9574,-2.4039,9.5535,ok,-11.8827,-2.5041,9.3786,ok,-12.2866,-8.7074,3.5792,ok,-12.2999,-8.6825,3.6174,ok,-11.9653,-7.8184,4.147,ok,-0.3762,-0.3683,0.0079,-0.4445,-0.3801,0.0644,-0.3698,-0.4803,-0.1105,2.2898,3.1106,0.8208,2.2765,3.1355,0.859,2.6111,3.9996,1.3886,0.77034716,1.71229807148,O,0.78087549,1.73253195597,intact,0.5619574,0.77727968,1.74910494417,intact,0.4526958,0.80608494,1.74018045888,intact,0.4254388,intact,0,6.7.1pre,0,8.3783753,
WVLBCYQITXONBZ-UHFFFAOYSA-N,trimethyl phosphate,COP(=O)(OC)OC,243,285,lone_pair,O,1,O1,0,-11.6627,-2.1357,9.527,ok,-15.4718,-12.6535,2.8183,ok,-12.0893,-2.4017,9.6876,ok,-12.1362,-2.4555,9.6807,ok,-12.1868,-2.4678,9.719,ok,-12.8352,-9.3147,3.5205,ok,-12.7913,-9.2425,3.5489,ok,-12.3539,-8.3275,4.0264,ok,-0.4266,-0.266,0.1606,-0.4735,-0.3198,0.1537,-0.5241,-0.3321,0.192,2.6366,3.3388,0.7022,2.6805,3.411,0.7306,3.1179,4.326,1.2081,0.76711489,1.81246583044,O,0.77923306,1.83503491992,intact,0.6643081,0.78389367,1.83885486327,intact,0.5160198,0.8066964,1.84458703193,intact,0.6297396,intact,0,6.7.1pre,0,5.1670638,
SBLRHMKNNHXPHG-UHFFFAOYSA-N,fluoroethylene carbonate,O=C1OCC(F)O1,244,286,lone_pair,O,0,O0,0,-12.8198,-7.196,5.6238,ok,-16.9774,-12.4642,4.5132,ok,-12.9726,-7.3021,5.6705,ok,-12.9335,-7.2615,5.672,ok,-13.0099,-7.3487,5.6613,ok,-13.872,-9.166,4.706,ok,-13.9254,-9.0748,4.8506,ok,-13.3127,-8.2455,5.0672,ok,-0.1528,-0.1061,0.0467,-0.1137,-0.0655,0.0482,-0.1901,-0.1527,0.0375,3.1054,3.2982,0.1928,3.052,3.3894,0.3374,3.6647,4.2187,0.554,0.79796787,1.6736422548,O,0.7966653,1.68201876244,intact,0.227038,0.7986036,1.68779699704,intact,0.2170806,0.81115733,1.69331395776,intact,0.2578939,intact,0,6.7.1pre,0,2.0003572,
OOWFYDWAMOKVSF-UHFFFAOYSA-N,3-methoxypropionitrile,COCCC#N,245,287,lone_pair,O,1,O1,0,-11.388,-6.049,5.339,ok,-14.8138,-12.4947,2.3191,ok,-11.2371,-6.0514,5.1857,ok,-11.2853,-6.0904,5.1949,ok,-11.2604,-6.1316,5.1288,ok,-12.1025,-8.8486,3.2539,ok,-12.1035,-8.8243,3.2792,ok,-11.7455,-7.8844,3.861,ok,0.1509,-0.0024,-0.1533,0.1027,-0.0414,-0.1441,0.1276,-0.0826,-0.2102,2.7113,3.6461,0.9348,2.7103,3.6704,0.9601,3.0683,4.6103,1.5419,0.74880124,1.75910535446,O,0.74822124,1.76621591499,intact,0.3393666,0.75578057,1.77744089947,intact,0.2012206,0.77101799,1.78277749162,intact,0.3107039,intact,0,6.7.1pre,0,2.3547389,
