inchikey,smiles,hbond_donor_sites,hbond_acceptor_sites,donor_site_density,acceptor_site_density,intramolecular_hbond_competition,donor_acceptor_pair_density
AFBPFSWMIHJQDM-UHFFFAOYSA-N,CNc1ccccc1,1.0,1.0,0.125,0.125,0.0,0.015625
ALYCOCULEAWWJO-UHFFFAOYSA-N,CCCCC[N+](CC)(CC)CC.O=S(=O)([N-]S(=O)(=O)C(F)(F)F)C(F)(F)F,0.0,4.0,0.0,0.14814814814814814,0.0,0.0
AMQJEAYHLZJPGS-UHFFFAOYSA-N,CCCCCO,1.0,1.0,0.16666666666666666,0.16666666666666666,0.0,0.027777777777777776
AMQJEAYHLZJPGS-UHFFFAOYSA-N,CCCCCO,1.0,1.0,0.16666666666666666,0.16666666666666666,0.0,0.027777777777777776
AMQJEAYHLZJPGS-UHFFFAOYSA-N,CCCCCO,1.0,1.0,0.16666666666666666,0.16666666666666666,0.0,0.027777777777777776
AMQJEAYHLZJPGS-UHFFFAOYSA-N,CCCCCO,1.0,1.0,0.16666666666666666,0.16666666666666666,0.0,0.027777777777777776
AMQJEAYHLZJPGS-UHFFFAOYSA-N,CCCCCO,1.0,1.0,0.16666666666666666,0.16666666666666666,0.0,0.027777777777777776
AMQJEAYHLZJPGS-UHFFFAOYSA-N,CCCCCO,1.0,1.0,0.16666666666666666,0.16666666666666666,0.0,0.027777777777777776
AMQJEAYHLZJPGS-UHFFFAOYSA-N,CCCCCO,1.0,1.0,0.16666666666666666,0.16666666666666666,0.0,0.027777777777777776
AMQJEAYHLZJPGS-UHFFFAOYSA-N,CCCCCO,1.0,1.0,0.16666666666666666,0.16666666666666666,0.0,0.027777777777777776
AMQJEAYHLZJPGS-UHFFFAOYSA-N,CCCCCO,1.0,1.0,0.16666666666666666,0.16666666666666666,0.0,0.027777777777777776
AMQJEAYHLZJPGS-UHFFFAOYSA-N,CCCCCO,1.0,1.0,0.16666666666666666,0.16666666666666666,0.0,0.027777777777777776
AMQJEAYHLZJPGS-UHFFFAOYSA-N,CCCCCO,1.0,1.0,0.16666666666666666,0.16666666666666666,0.0,0.027777777777777776
AMQJEAYHLZJPGS-UHFFFAOYSA-N,CCCCCO,1.0,1.0,0.16666666666666666,0.16666666666666666,0.0,0.027777777777777776
AMQJEAYHLZJPGS-UHFFFAOYSA-N,CCCCCO,1.0,1.0,0.16666666666666666,0.16666666666666666,0.0,0.027777777777777776
AMQJEAYHLZJPGS-UHFFFAOYSA-N,CCCCCO,1.0,1.0,0.16666666666666666,0.16666666666666666,0.0,0.027777777777777776
AMQJEAYHLZJPGS-UHFFFAOYSA-N,CCCCCO,1.0,1.0,0.16666666666666666,0.16666666666666666,0.0,0.027777777777777776
BAPJBEWLBFYGME-UHFFFAOYSA-N,C=CC(=O)OC,0.0,2.0,0.0,0.3333333333333333,0.0,0.0
BAPJBEWLBFYGME-UHFFFAOYSA-N,C=CC(=O)OC,0.0,2.0,0.0,0.3333333333333333,0.0,0.0
BAPJBEWLBFYGME-UHFFFAOYSA-N,C=CC(=O)OC,0.0,2.0,0.0,0.3333333333333333,0.0,0.0
BAPJBEWLBFYGME-UHFFFAOYSA-N,C=CC(=O)OC,0.0,2.0,0.0,0.3333333333333333,0.0,0.0
BAPJBEWLBFYGME-UHFFFAOYSA-N,C=CC(=O)OC,0.0,2.0,0.0,0.3333333333333333,0.0,0.0
BAPJBEWLBFYGME-UHFFFAOYSA-N,C=CC(=O)OC,0.0,2.0,0.0,0.3333333333333333,0.0,0.0
BAPJBEWLBFYGME-UHFFFAOYSA-N,C=CC(=O)OC,0.0,2.0,0.0,0.3333333333333333,0.0,0.0
BAPJBEWLBFYGME-UHFFFAOYSA-N,C=CC(=O)OC,0.0,2.0,0.0,0.3333333333333333,0.0,0.0
BAPJBEWLBFYGME-UHFFFAOYSA-N,C=CC(=O)OC,0.0,2.0,0.0,0.3333333333333333,0.0,0.0
BAPJBEWLBFYGME-UHFFFAOYSA-N,C=CC(=O)OC,0.0,2.0,0.0,0.3333333333333333,0.0,0.0
BAPJBEWLBFYGME-UHFFFAOYSA-N,C=CC(=O)OC,0.0,2.0,0.0,0.3333333333333333,0.0,0.0
BAPJBEWLBFYGME-UHFFFAOYSA-N,C=CC(=O)OC,0.0,2.0,0.0,0.3333333333333333,0.0,0.0
BAPJBEWLBFYGME-UHFFFAOYSA-N,C=CC(=O)OC,0.0,2.0,0.0,0.3333333333333333,0.0,0.0
BAPJBEWLBFYGME-UHFFFAOYSA-N,C=CC(=O)OC,0.0,2.0,0.0,0.3333333333333333,0.0,0.0
BAPJBEWLBFYGME-UHFFFAOYSA-N,C=CC(=O)OC,0.0,2.0,0.0,0.3333333333333333,0.0,0.0
BAPJBEWLBFYGME-UHFFFAOYSA-N,C=CC(=O)OC,0.0,2.0,0.0,0.3333333333333333,0.0,0.0
BAPJBEWLBFYGME-UHFFFAOYSA-N,C=CC(=O)OC,0.0,2.0,0.0,0.3333333333333333,0.0,0.0
BAPJBEWLBFYGME-UHFFFAOYSA-N,C=CC(=O)OC,0.0,2.0,0.0,0.3333333333333333,0.0,0.0
BAPJBEWLBFYGME-UHFFFAOYSA-N,C=CC(=O)OC,0.0,2.0,0.0,0.3333333333333333,0.0,0.0
BAPJBEWLBFYGME-UHFFFAOYSA-N,C=CC(=O)OC,0.0,2.0,0.0,0.3333333333333333,0.0,0.0
BAPJBEWLBFYGME-UHFFFAOYSA-N,C=CC(=O)OC,0.0,2.0,0.0,0.3333333333333333,0.0,0.0
BAPJBEWLBFYGME-UHFFFAOYSA-N,C=CC(=O)OC,0.0,2.0,0.0,0.3333333333333333,0.0,0.0
BAPJBEWLBFYGME-UHFFFAOYSA-N,C=CC(=O)OC,0.0,2.0,0.0,0.3333333333333333,0.0,0.0
BAPJBEWLBFYGME-UHFFFAOYSA-N,C=CC(=O)OC,0.0,2.0,0.0,0.3333333333333333,0.0,0.0
BAPJBEWLBFYGME-UHFFFAOYSA-N,C=CC(=O)OC,0.0,2.0,0.0,0.3333333333333333,0.0,0.0
BBMCTIGTTCKYKF-UHFFFAOYSA-N,CCCCCCCO,1.0,1.0,0.125,0.125,0.0,0.015625
BBMCTIGTTCKYKF-UHFFFAOYSA-N,CCCCCCCO,1.0,1.0,0.125,0.125,0.0,0.015625
BBMCTIGTTCKYKF-UHFFFAOYSA-N,CCCCCCCO,1.0,1.0,0.125,0.125,0.0,0.015625
BBMCTIGTTCKYKF-UHFFFAOYSA-N,CCCCCCCO,1.0,1.0,0.125,0.125,0.0,0.015625
BBMCTIGTTCKYKF-UHFFFAOYSA-N,CCCCCCCO,1.0,1.0,0.125,0.125,0.0,0.015625
BBMCTIGTTCKYKF-UHFFFAOYSA-N,CCCCCCCO,1.0,1.0,0.125,0.125,0.0,0.015625
BBMCTIGTTCKYKF-UHFFFAOYSA-N,CCCCCCCO,1.0,1.0,0.125,0.125,0.0,0.015625
BDERNNFJNOPAEC-UHFFFAOYSA-N,CCCO,1.0,1.0,0.25,0.25,0.0,0.0625
BDERNNFJNOPAEC-UHFFFAOYSA-N,CCCO,1.0,1.0,0.25,0.25,0.0,0.0625
BDERNNFJNOPAEC-UHFFFAOYSA-N,CCCO,1.0,1.0,0.25,0.25,0.0,0.0625
BDERNNFJNOPAEC-UHFFFAOYSA-N,CCCO,1.0,1.0,0.25,0.25,0.0,0.0625
BDERNNFJNOPAEC-UHFFFAOYSA-N,CCCO,1.0,1.0,0.25,0.25,0.0,0.0625
BDERNNFJNOPAEC-UHFFFAOYSA-N,CCCO,1.0,1.0,0.25,0.25,0.0,0.0625
BDERNNFJNOPAEC-UHFFFAOYSA-N,CCCO,1.0,1.0,0.25,0.25,0.0,0.0625
BDERNNFJNOPAEC-UHFFFAOYSA-N,CCCO,1.0,1.0,0.25,0.25,0.0,0.0625
BDERNNFJNOPAEC-UHFFFAOYSA-N,CCCO,1.0,1.0,0.25,0.25,0.0,0.0625
BDERNNFJNOPAEC-UHFFFAOYSA-N,CCCO,1.0,1.0,0.25,0.25,0.0,0.0625
BDERNNFJNOPAEC-UHFFFAOYSA-N,CCCO,1.0,1.0,0.25,0.25,0.0,0.0625
BDERNNFJNOPAEC-UHFFFAOYSA-N,CCCO,1.0,1.0,0.25,0.25,0.0,0.0625
BDERNNFJNOPAEC-UHFFFAOYSA-N,CCCO,1.0,1.0,0.25,0.25,0.0,0.0625
BDERNNFJNOPAEC-UHFFFAOYSA-N,CCCO,1.0,1.0,0.25,0.25,0.0,0.0625
BDERNNFJNOPAEC-UHFFFAOYSA-N,CCCO,1.0,1.0,0.25,0.25,0.0,0.0625
BDERNNFJNOPAEC-UHFFFAOYSA-N,CCCO,1.0,1.0,0.25,0.25,0.0,0.0625
BDERNNFJNOPAEC-UHFFFAOYSA-N,CCCO,1.0,1.0,0.25,0.25,0.0,0.0625
BGTOWKSIORTVQH-UHFFFAOYSA-N,O=C1CCCC1,0.0,1.0,0.0,0.16666666666666666,0.0,0.0
BGTOWKSIORTVQH-UHFFFAOYSA-N,O=C1CCCC1,0.0,1.0,0.0,0.16666666666666666,0.0,0.0
BGTOWKSIORTVQH-UHFFFAOYSA-N,O=C1CCCC1,0.0,1.0,0.0,0.16666666666666666,0.0,0.0
BGTOWKSIORTVQH-UHFFFAOYSA-N,O=C1CCCC1,0.0,1.0,0.0,0.16666666666666666,0.0,0.0
BGTOWKSIORTVQH-UHFFFAOYSA-N,O=C1CCCC1,0.0,1.0,0.0,0.16666666666666666,0.0,0.0
BGTOWKSIORTVQH-UHFFFAOYSA-N,O=C1CCCC1,0.0,1.0,0.0,0.16666666666666666,0.0,0.0
BGTOWKSIORTVQH-UHFFFAOYSA-N,O=C1CCCC1,0.0,1.0,0.0,0.16666666666666666,0.0,0.0
BGTOWKSIORTVQH-UHFFFAOYSA-N,O=C1CCCC1,0.0,1.0,0.0,0.16666666666666666,0.0,0.0
BGTOWKSIORTVQH-UHFFFAOYSA-N,O=C1CCCC1,0.0,1.0,0.0,0.16666666666666666,0.0,0.0
BGTOWKSIORTVQH-UHFFFAOYSA-N,O=C1CCCC1,0.0,1.0,0.0,0.16666666666666666,0.0,0.0
BGTOWKSIORTVQH-UHFFFAOYSA-N,O=C1CCCC1,0.0,1.0,0.0,0.16666666666666666,0.0,0.0
BGTOWKSIORTVQH-UHFFFAOYSA-N,O=C1CCCC1,0.0,1.0,0.0,0.16666666666666666,0.0,0.0
BGTOWKSIORTVQH-UHFFFAOYSA-N,O=C1CCCC1,0.0,1.0,0.0,0.16666666666666666,0.0,0.0
BGTOWKSIORTVQH-UHFFFAOYSA-N,O=C1CCCC1,0.0,1.0,0.0,0.16666666666666666,0.0,0.0
BGTOWKSIORTVQH-UHFFFAOYSA-N,O=C1CCCC1,0.0,1.0,0.0,0.16666666666666666,0.0,0.0
BGTOWKSIORTVQH-UHFFFAOYSA-N,O=C1CCCC1,0.0,1.0,0.0,0.16666666666666666,0.0,0.0
BGTOWKSIORTVQH-UHFFFAOYSA-N,O=C1CCCC1,0.0,1.0,0.0,0.16666666666666666,0.0,0.0
BGTOWKSIORTVQH-UHFFFAOYSA-N,O=C1CCCC1,0.0,1.0,0.0,0.16666666666666666,0.0,0.0
BGTOWKSIORTVQH-UHFFFAOYSA-N,O=C1CCCC1,0.0,1.0,0.0,0.16666666666666666,0.0,0.0
BGTOWKSIORTVQH-UHFFFAOYSA-N,O=C1CCCC1,0.0,1.0,0.0,0.16666666666666666,0.0,0.0
BGTOWKSIORTVQH-UHFFFAOYSA-N,O=C1CCCC1,0.0,1.0,0.0,0.16666666666666666,0.0,0.0
BGTOWKSIORTVQH-UHFFFAOYSA-N,O=C1CCCC1,0.0,1.0,0.0,0.16666666666666666,0.0,0.0
BGTOWKSIORTVQH-UHFFFAOYSA-N,O=C1CCCC1,0.0,1.0,0.0,0.16666666666666666,0.0,0.0
BGTOWKSIORTVQH-UHFFFAOYSA-N,O=C1CCCC1,0.0,1.0,0.0,0.16666666666666666,0.0,0.0
BGTOWKSIORTVQH-UHFFFAOYSA-N,O=C1CCCC1,0.0,1.0,0.0,0.16666666666666666,0.0,0.0
BGTOWKSIORTVQH-UHFFFAOYSA-N,O=C1CCCC1,0.0,1.0,0.0,0.16666666666666666,0.0,0.0
BGTOWKSIORTVQH-UHFFFAOYSA-N,O=C1CCCC1,0.0,1.0,0.0,0.16666666666666666,0.0,0.0
BGTOWKSIORTVQH-UHFFFAOYSA-N,O=C1CCCC1,0.0,1.0,0.0,0.16666666666666666,0.0,0.0
BGTOWKSIORTVQH-UHFFFAOYSA-N,O=C1CCCC1,0.0,1.0,0.0,0.16666666666666666,0.0,0.0
BGTOWKSIORTVQH-UHFFFAOYSA-N,O=C1CCCC1,0.0,1.0,0.0,0.16666666666666666,0.0,0.0
BKIMMITUMNQMOS-UHFFFAOYSA-N,CCCCCCCCC,0.0,0.0,0.0,0.0,0.0,0.0
BKIMMITUMNQMOS-UHFFFAOYSA-N,CCCCCCCCC,0.0,0.0,0.0,0.0,0.0,0.0
BKIMMITUMNQMOS-UHFFFAOYSA-N,CCCCCCCCC,0.0,0.0,0.0,0.0,0.0,0.0
BKIMMITUMNQMOS-UHFFFAOYSA-N,CCCCCCCCC,0.0,0.0,0.0,0.0,0.0,0.0
BKIMMITUMNQMOS-UHFFFAOYSA-N,CCCCCCCCC,0.0,0.0,0.0,0.0,0.0,0.0
BKIMMITUMNQMOS-UHFFFAOYSA-N,CCCCCCCCC,0.0,0.0,0.0,0.0,0.0,0.0
BMRWNKZVCUKKSR-UHFFFAOYSA-N,CCC(O)CO,2.0,2.0,0.3333333333333333,0.3333333333333333,1.0,0.1111111111111111
BMRWNKZVCUKKSR-UHFFFAOYSA-N,CCC(O)CO,2.0,2.0,0.3333333333333333,0.3333333333333333,1.0,0.1111111111111111
BMRWNKZVCUKKSR-UHFFFAOYSA-N,CCC(O)CO,2.0,2.0,0.3333333333333333,0.3333333333333333,1.0,0.1111111111111111
BTANRVKWQNVYAZ-UHFFFAOYSA-N,CCC(C)O,1.0,1.0,0.2,0.2,0.0,0.04
BTANRVKWQNVYAZ-UHFFFAOYSA-N,CCC(C)O,1.0,1.0,0.2,0.2,0.0,0.04
BTANRVKWQNVYAZ-UHFFFAOYSA-N,CCC(C)O,1.0,1.0,0.2,0.2,0.0,0.04
BTANRVKWQNVYAZ-UHFFFAOYSA-N,CCC(C)O,1.0,1.0,0.2,0.2,0.0,0.04
BTANRVKWQNVYAZ-UHFFFAOYSA-N,CCC(C)O,1.0,1.0,0.2,0.2,0.0,0.04
BTANRVKWQNVYAZ-UHFFFAOYSA-N,CCC(C)O,1.0,1.0,0.2,0.2,0.0,0.04
BTANRVKWQNVYAZ-UHFFFAOYSA-N,CCC(C)O,1.0,1.0,0.2,0.2,0.0,0.04
BTANRVKWQNVYAZ-UHFFFAOYSA-N,CCC(C)O,1.0,1.0,0.2,0.2,0.0,0.04
BTANRVKWQNVYAZ-UHFFFAOYSA-N,CCC(C)O,1.0,1.0,0.2,0.2,0.0,0.04
BTANRVKWQNVYAZ-UHFFFAOYSA-N,CCC(C)O,1.0,1.0,0.2,0.2,0.0,0.04
BTANRVKWQNVYAZ-UHFFFAOYSA-N,CCC(C)O,1.0,1.0,0.2,0.2,0.0,0.04
BTANRVKWQNVYAZ-UHFFFAOYSA-N,CCC(C)O,1.0,1.0,0.2,0.2,0.0,0.04
BTANRVKWQNVYAZ-UHFFFAOYSA-N,CCC(C)O,1.0,1.0,0.2,0.2,0.0,0.04
BTANRVKWQNVYAZ-UHFFFAOYSA-N,CCC(C)O,1.0,1.0,0.2,0.2,0.0,0.04
BTANRVKWQNVYAZ-UHFFFAOYSA-N,CCC(C)O,1.0,1.0,0.2,0.2,0.0,0.04
BTGRAWJCKBQKAO-UHFFFAOYSA-N,N#CCCCCC#N,0.0,2.0,0.0,0.25,0.0,0.0
BTGRAWJCKBQKAO-UHFFFAOYSA-N,N#CCCCCC#N,0.0,2.0,0.0,0.25,0.0,0.0
BTGRAWJCKBQKAO-UHFFFAOYSA-N,N#CCCCCC#N,0.0,2.0,0.0,0.25,0.0,0.0
BTGRAWJCKBQKAO-UHFFFAOYSA-N,N#CCCCCC#N,0.0,2.0,0.0,0.25,0.0,0.0
BTGRAWJCKBQKAO-UHFFFAOYSA-N,N#CCCCCC#N,0.0,2.0,0.0,0.25,0.0,0.0
BTGRAWJCKBQKAO-UHFFFAOYSA-N,N#CCCCCC#N,0.0,2.0,0.0,0.25,0.0,0.0
BTGRAWJCKBQKAO-UHFFFAOYSA-N,N#CCCCCC#N,0.0,2.0,0.0,0.25,0.0,0.0
BTGRAWJCKBQKAO-UHFFFAOYSA-N,N#CCCCCC#N,0.0,2.0,0.0,0.25,0.0,0.0
BTGRAWJCKBQKAO-UHFFFAOYSA-N,N#CCCCCC#N,0.0,2.0,0.0,0.25,0.0,0.0
BTGRAWJCKBQKAO-UHFFFAOYSA-N,N#CCCCCC#N,0.0,2.0,0.0,0.25,0.0,0.0
BTGRAWJCKBQKAO-UHFFFAOYSA-N,N#CCCCCC#N,0.0,2.0,0.0,0.25,0.0,0.0
BTGRAWJCKBQKAO-UHFFFAOYSA-N,N#CCCCCC#N,0.0,2.0,0.0,0.25,0.0,0.0
BTGRAWJCKBQKAO-UHFFFAOYSA-N,N#CCCCCC#N,0.0,2.0,0.0,0.25,0.0,0.0
BTGRAWJCKBQKAO-UHFFFAOYSA-N,N#CCCCCC#N,0.0,2.0,0.0,0.25,0.0,0.0
BTGRAWJCKBQKAO-UHFFFAOYSA-N,N#CCCCCC#N,0.0,2.0,0.0,0.25,0.0,0.0
BTGRAWJCKBQKAO-UHFFFAOYSA-N,N#CCCCCC#N,0.0,2.0,0.0,0.25,0.0,0.0
BTGRAWJCKBQKAO-UHFFFAOYSA-N,N#CCCCCC#N,0.0,2.0,0.0,0.25,0.0,0.0
BTGRAWJCKBQKAO-UHFFFAOYSA-N,N#CCCCCC#N,0.0,2.0,0.0,0.25,0.0,0.0
BTGRAWJCKBQKAO-UHFFFAOYSA-N,N#CCCCCC#N,0.0,2.0,0.0,0.25,0.0,0.0
BTGRAWJCKBQKAO-UHFFFAOYSA-N,N#CCCCCC#N,0.0,2.0,0.0,0.25,0.0,0.0
BTGRAWJCKBQKAO-UHFFFAOYSA-N,N#CCCCCC#N,0.0,2.0,0.0,0.25,0.0,0.0
BTGRAWJCKBQKAO-UHFFFAOYSA-N,N#CCCCCC#N,0.0,2.0,0.0,0.25,0.0,0.0
BTGRAWJCKBQKAO-UHFFFAOYSA-N,N#CCCCCC#N,0.0,2.0,0.0,0.25,0.0,0.0
BTGRAWJCKBQKAO-UHFFFAOYSA-N,N#CCCCCC#N,0.0,2.0,0.0,0.25,0.0,0.0
BTGRAWJCKBQKAO-UHFFFAOYSA-N,N#CCCCCC#N,0.0,2.0,0.0,0.25,0.0,0.0
BTGRAWJCKBQKAO-UHFFFAOYSA-N,N#CCCCCC#N,0.0,2.0,0.0,0.25,0.0,0.0
BTGRAWJCKBQKAO-UHFFFAOYSA-N,N#CCCCCC#N,0.0,2.0,0.0,0.25,0.0,0.0
BTGRAWJCKBQKAO-UHFFFAOYSA-N,N#CCCCCC#N,0.0,2.0,0.0,0.25,0.0,0.0
BTGRAWJCKBQKAO-UHFFFAOYSA-N,N#CCCCCC#N,0.0,2.0,0.0,0.25,0.0,0.0
BTGRAWJCKBQKAO-UHFFFAOYSA-N,N#CCCCCC#N,0.0,2.0,0.0,0.25,0.0,0.0
BTGRAWJCKBQKAO-UHFFFAOYSA-N,N#CCCCCC#N,0.0,2.0,0.0,0.25,0.0,0.0
BTNXBLUGMAMSSH-UHFFFAOYSA-N,N#CCCCCCCC#N,0.0,2.0,0.0,0.2,0.0,0.0
BTNXBLUGMAMSSH-UHFFFAOYSA-N,N#CCCCCCCC#N,0.0,2.0,0.0,0.2,0.0,0.0
BTNXBLUGMAMSSH-UHFFFAOYSA-N,N#CCCCCCCC#N,0.0,2.0,0.0,0.2,0.0,0.0
BTNXBLUGMAMSSH-UHFFFAOYSA-N,N#CCCCCCCC#N,0.0,2.0,0.0,0.2,0.0,0.0
BTNXBLUGMAMSSH-UHFFFAOYSA-N,N#CCCCCCCC#N,0.0,2.0,0.0,0.2,0.0,0.0
BTNXBLUGMAMSSH-UHFFFAOYSA-N,N#CCCCCCCC#N,0.0,2.0,0.0,0.2,0.0,0.0
BTNXBLUGMAMSSH-UHFFFAOYSA-N,N#CCCCCCCC#N,0.0,2.0,0.0,0.2,0.0,0.0
BTNXBLUGMAMSSH-UHFFFAOYSA-N,N#CCCCCCCC#N,0.0,2.0,0.0,0.2,0.0,0.0
BTNXBLUGMAMSSH-UHFFFAOYSA-N,N#CCCCCCCC#N,0.0,2.0,0.0,0.2,0.0,0.0
BTNXBLUGMAMSSH-UHFFFAOYSA-N,N#CCCCCCCC#N,0.0,2.0,0.0,0.2,0.0,0.0
BTNXBLUGMAMSSH-UHFFFAOYSA-N,N#CCCCCCCC#N,0.0,2.0,0.0,0.2,0.0,0.0
BTNXBLUGMAMSSH-UHFFFAOYSA-N,N#CCCCCCCC#N,0.0,2.0,0.0,0.2,0.0,0.0
BTNXBLUGMAMSSH-UHFFFAOYSA-N,N#CCCCCCCC#N,0.0,2.0,0.0,0.2,0.0,0.0
BTNXBLUGMAMSSH-UHFFFAOYSA-N,N#CCCCCCCC#N,0.0,2.0,0.0,0.2,0.0,0.0
BTNXBLUGMAMSSH-UHFFFAOYSA-N,N#CCCCCCCC#N,0.0,2.0,0.0,0.2,0.0,0.0
BTNXBLUGMAMSSH-UHFFFAOYSA-N,N#CCCCCCCC#N,0.0,2.0,0.0,0.2,0.0,0.0
BTNXBLUGMAMSSH-UHFFFAOYSA-N,N#CCCCCCCC#N,0.0,2.0,0.0,0.2,0.0,0.0
BTNXBLUGMAMSSH-UHFFFAOYSA-N,N#CCCCCCCC#N,0.0,2.0,0.0,0.2,0.0,0.0
BTNXBLUGMAMSSH-UHFFFAOYSA-N,N#CCCCCCCC#N,0.0,2.0,0.0,0.2,0.0,0.0
BTNXBLUGMAMSSH-UHFFFAOYSA-N,N#CCCCCCCC#N,0.0,2.0,0.0,0.2,0.0,0.0
BTNXBLUGMAMSSH-UHFFFAOYSA-N,N#CCCCCCCC#N,0.0,2.0,0.0,0.2,0.0,0.0
BTNXBLUGMAMSSH-UHFFFAOYSA-N,N#CCCCCCCC#N,0.0,2.0,0.0,0.2,0.0,0.0
BTNXBLUGMAMSSH-UHFFFAOYSA-N,N#CCCCCCCC#N,0.0,2.0,0.0,0.2,0.0,0.0
BTNXBLUGMAMSSH-UHFFFAOYSA-N,N#CCCCCCCC#N,0.0,2.0,0.0,0.2,0.0,0.0
BTNXBLUGMAMSSH-UHFFFAOYSA-N,N#CCCCCCCC#N,0.0,2.0,0.0,0.2,0.0,0.0
CBTVGIZVANVGBH-UHFFFAOYSA-N,CC(C)(N)CO,2.0,2.0,0.3333333333333333,0.3333333333333333,1.0,0.1111111111111111
CBTVGIZVANVGBH-UHFFFAOYSA-N,CC(C)(N)CO,2.0,2.0,0.3333333333333333,0.3333333333333333,1.0,0.1111111111111111
CBTVGIZVANVGBH-UHFFFAOYSA-N,CC(C)(N)CO,2.0,2.0,0.3333333333333333,0.3333333333333333,1.0,0.1111111111111111
CBTVGIZVANVGBH-UHFFFAOYSA-N,CC(C)(N)CO,2.0,2.0,0.3333333333333333,0.3333333333333333,1.0,0.1111111111111111
CBTVGIZVANVGBH-UHFFFAOYSA-N,CC(C)(N)CO,2.0,2.0,0.3333333333333333,0.3333333333333333,1.0,0.1111111111111111
CBTVGIZVANVGBH-UHFFFAOYSA-N,CC(C)(N)CO,2.0,2.0,0.3333333333333333,0.3333333333333333,1.0,0.1111111111111111
CGZZMOTZOONQIA-UHFFFAOYSA-N,O=C1CCCCCC1,0.0,1.0,0.0,0.125,0.0,0.0
CGZZMOTZOONQIA-UHFFFAOYSA-N,O=C1CCCCCC1,0.0,1.0,0.0,0.125,0.0,0.0
CGZZMOTZOONQIA-UHFFFAOYSA-N,O=C1CCCCCC1,0.0,1.0,0.0,0.125,0.0,0.0
CGZZMOTZOONQIA-UHFFFAOYSA-N,O=C1CCCCCC1,0.0,1.0,0.0,0.125,0.0,0.0
CGZZMOTZOONQIA-UHFFFAOYSA-N,O=C1CCCCCC1,0.0,1.0,0.0,0.125,0.0,0.0
CGZZMOTZOONQIA-UHFFFAOYSA-N,O=C1CCCCCC1,0.0,1.0,0.0,0.125,0.0,0.0
CGZZMOTZOONQIA-UHFFFAOYSA-N,O=C1CCCCCC1,0.0,1.0,0.0,0.125,0.0,0.0
CGZZMOTZOONQIA-UHFFFAOYSA-N,O=C1CCCCCC1,0.0,1.0,0.0,0.125,0.0,0.0
CGZZMOTZOONQIA-UHFFFAOYSA-N,O=C1CCCCCC1,0.0,1.0,0.0,0.125,0.0,0.0
CGZZMOTZOONQIA-UHFFFAOYSA-N,O=C1CCCCCC1,0.0,1.0,0.0,0.125,0.0,0.0
CGZZMOTZOONQIA-UHFFFAOYSA-N,O=C1CCCCCC1,0.0,1.0,0.0,0.125,0.0,0.0
CGZZMOTZOONQIA-UHFFFAOYSA-N,O=C1CCCCCC1,0.0,1.0,0.0,0.125,0.0,0.0
CGZZMOTZOONQIA-UHFFFAOYSA-N,O=C1CCCCCC1,0.0,1.0,0.0,0.125,0.0,0.0
CGZZMOTZOONQIA-UHFFFAOYSA-N,O=C1CCCCCC1,0.0,1.0,0.0,0.125,0.0,0.0
CGZZMOTZOONQIA-UHFFFAOYSA-N,O=C1CCCCCC1,0.0,1.0,0.0,0.125,0.0,0.0
CGZZMOTZOONQIA-UHFFFAOYSA-N,O=C1CCCCCC1,0.0,1.0,0.0,0.125,0.0,0.0
CGZZMOTZOONQIA-UHFFFAOYSA-N,O=C1CCCCCC1,0.0,1.0,0.0,0.125,0.0,0.0
CGZZMOTZOONQIA-UHFFFAOYSA-N,O=C1CCCCCC1,0.0,1.0,0.0,0.125,0.0,0.0
CGZZMOTZOONQIA-UHFFFAOYSA-N,O=C1CCCCCC1,0.0,1.0,0.0,0.125,0.0,0.0
CGZZMOTZOONQIA-UHFFFAOYSA-N,O=C1CCCCCC1,0.0,1.0,0.0,0.125,0.0,0.0
CGZZMOTZOONQIA-UHFFFAOYSA-N,O=C1CCCCCC1,0.0,1.0,0.0,0.125,0.0,0.0
CGZZMOTZOONQIA-UHFFFAOYSA-N,O=C1CCCCCC1,0.0,1.0,0.0,0.125,0.0,0.0
CGZZMOTZOONQIA-UHFFFAOYSA-N,O=C1CCCCCC1,0.0,1.0,0.0,0.125,0.0,0.0
CGZZMOTZOONQIA-UHFFFAOYSA-N,O=C1CCCCCC1,0.0,1.0,0.0,0.125,0.0,0.0
CGZZMOTZOONQIA-UHFFFAOYSA-N,O=C1CCCCCC1,0.0,1.0,0.0,0.125,0.0,0.0
CGZZMOTZOONQIA-UHFFFAOYSA-N,O=C1CCCCCC1,0.0,1.0,0.0,0.125,0.0,0.0
CGZZMOTZOONQIA-UHFFFAOYSA-N,O=C1CCCCCC1,0.0,1.0,0.0,0.125,0.0,0.0
CGZZMOTZOONQIA-UHFFFAOYSA-N,O=C1CCCCCC1,0.0,1.0,0.0,0.125,0.0,0.0
CQEYYJKEWSMYFG-UHFFFAOYSA-N,C=CC(=O)OCCCC,0.0,2.0,0.0,0.2222222222222222,0.0,0.0
CQEYYJKEWSMYFG-UHFFFAOYSA-N,C=CC(=O)OCCCC,0.0,2.0,0.0,0.2222222222222222,0.0,0.0
CQEYYJKEWSMYFG-UHFFFAOYSA-N,C=CC(=O)OCCCC,0.0,2.0,0.0,0.2222222222222222,0.0,0.0
CQEYYJKEWSMYFG-UHFFFAOYSA-N,C=CC(=O)OCCCC,0.0,2.0,0.0,0.2222222222222222,0.0,0.0
CQEYYJKEWSMYFG-UHFFFAOYSA-N,C=CC(=O)OCCCC,0.0,2.0,0.0,0.2222222222222222,0.0,0.0
CQEYYJKEWSMYFG-UHFFFAOYSA-N,C=CC(=O)OCCCC,0.0,2.0,0.0,0.2222222222222222,0.0,0.0
CQEYYJKEWSMYFG-UHFFFAOYSA-N,C=CC(=O)OCCCC,0.0,2.0,0.0,0.2222222222222222,0.0,0.0
CQEYYJKEWSMYFG-UHFFFAOYSA-N,C=CC(=O)OCCCC,0.0,2.0,0.0,0.2222222222222222,0.0,0.0
CQEYYJKEWSMYFG-UHFFFAOYSA-N,C=CC(=O)OCCCC,0.0,2.0,0.0,0.2222222222222222,0.0,0.0
CQEYYJKEWSMYFG-UHFFFAOYSA-N,C=CC(=O)OCCCC,0.0,2.0,0.0,0.2222222222222222,0.0,0.0
CQEYYJKEWSMYFG-UHFFFAOYSA-N,C=CC(=O)OCCCC,0.0,2.0,0.0,0.2222222222222222,0.0,0.0
CQEYYJKEWSMYFG-UHFFFAOYSA-N,C=CC(=O)OCCCC,0.0,2.0,0.0,0.2222222222222222,0.0,0.0
CQEYYJKEWSMYFG-UHFFFAOYSA-N,C=CC(=O)OCCCC,0.0,2.0,0.0,0.2222222222222222,0.0,0.0
CQEYYJKEWSMYFG-UHFFFAOYSA-N,C=CC(=O)OCCCC,0.0,2.0,0.0,0.2222222222222222,0.0,0.0
CQEYYJKEWSMYFG-UHFFFAOYSA-N,C=CC(=O)OCCCC,0.0,2.0,0.0,0.2222222222222222,0.0,0.0
CQEYYJKEWSMYFG-UHFFFAOYSA-N,C=CC(=O)OCCCC,0.0,2.0,0.0,0.2222222222222222,0.0,0.0
CQEYYJKEWSMYFG-UHFFFAOYSA-N,C=CC(=O)OCCCC,0.0,2.0,0.0,0.2222222222222222,0.0,0.0
CQEYYJKEWSMYFG-UHFFFAOYSA-N,C=CC(=O)OCCCC,0.0,2.0,0.0,0.2222222222222222,0.0,0.0
CQEYYJKEWSMYFG-UHFFFAOYSA-N,C=CC(=O)OCCCC,0.0,2.0,0.0,0.2222222222222222,0.0,0.0
CQEYYJKEWSMYFG-UHFFFAOYSA-N,C=CC(=O)OCCCC,0.0,2.0,0.0,0.2222222222222222,0.0,0.0
CQEYYJKEWSMYFG-UHFFFAOYSA-N,C=CC(=O)OCCCC,0.0,2.0,0.0,0.2222222222222222,0.0,0.0
CQEYYJKEWSMYFG-UHFFFAOYSA-N,C=CC(=O)OCCCC,0.0,2.0,0.0,0.2222222222222222,0.0,0.0
CQEYYJKEWSMYFG-UHFFFAOYSA-N,C=CC(=O)OCCCC,0.0,2.0,0.0,0.2222222222222222,0.0,0.0
CQEYYJKEWSMYFG-UHFFFAOYSA-N,C=CC(=O)OCCCC,0.0,2.0,0.0,0.2222222222222222,0.0,0.0
CQEYYJKEWSMYFG-UHFFFAOYSA-N,C=CC(=O)OCCCC,0.0,2.0,0.0,0.2222222222222222,0.0,0.0
CRVGTESFCCXCTH-UHFFFAOYSA-N,CN(CCO)CCO,2.0,3.0,0.25,0.375,2.0,0.09375
CRVGTESFCCXCTH-UHFFFAOYSA-N,CN(CCO)CCO,2.0,3.0,0.25,0.375,2.0,0.09375
CRVGTESFCCXCTH-UHFFFAOYSA-N,CN(CCO)CCO,2.0,3.0,0.25,0.375,2.0,0.09375
CRVGTESFCCXCTH-UHFFFAOYSA-N,CN(CCO)CCO,2.0,3.0,0.25,0.375,2.0,0.09375
CRVGTESFCCXCTH-UHFFFAOYSA-N,CN(CCO)CCO,2.0,3.0,0.25,0.375,2.0,0.09375
CRVGTESFCCXCTH-UHFFFAOYSA-N,CN(CCO)CCO,2.0,3.0,0.25,0.375,2.0,0.09375
CRVGTESFCCXCTH-UHFFFAOYSA-N,CN(CCO)CCO,2.0,3.0,0.25,0.375,2.0,0.09375
CRVGTESFCCXCTH-UHFFFAOYSA-N,CN(CCO)CCO,2.0,3.0,0.25,0.375,2.0,0.09375
CRVGTESFCCXCTH-UHFFFAOYSA-N,CN(CCO)CCO,2.0,3.0,0.25,0.375,2.0,0.09375
CRVGTESFCCXCTH-UHFFFAOYSA-N,CN(CCO)CCO,2.0,3.0,0.25,0.375,2.0,0.09375
CRVGTESFCCXCTH-UHFFFAOYSA-N,CN(CCO)CCO,2.0,3.0,0.25,0.375,2.0,0.09375
CRVGTESFCCXCTH-UHFFFAOYSA-N,CN(CCO)CCO,2.0,3.0,0.25,0.375,2.0,0.09375
CRVGTESFCCXCTH-UHFFFAOYSA-N,CN(CCO)CCO,2.0,3.0,0.25,0.375,2.0,0.09375
CRVGTESFCCXCTH-UHFFFAOYSA-N,CN(CCO)CCO,2.0,3.0,0.25,0.375,2.0,0.09375
DKGAVHZHDRPRBM-UHFFFAOYSA-N,CC(C)(C)O,1.0,1.0,0.2,0.2,0.0,0.04
DKGAVHZHDRPRBM-UHFFFAOYSA-N,CC(C)(C)O,1.0,1.0,0.2,0.2,0.0,0.04
DKGAVHZHDRPRBM-UHFFFAOYSA-N,CC(C)(C)O,1.0,1.0,0.2,0.2,0.0,0.04
DKGAVHZHDRPRBM-UHFFFAOYSA-N,CC(C)(C)O,1.0,1.0,0.2,0.2,0.0,0.04
DKGAVHZHDRPRBM-UHFFFAOYSA-N,CC(C)(C)O,1.0,1.0,0.2,0.2,0.0,0.04
DNIAPMSPPWPWGF-UHFFFAOYSA-N,CC(O)CO,2.0,2.0,0.4,0.4,1.0,0.16
DNIAPMSPPWPWGF-UHFFFAOYSA-N,CC(O)CO,2.0,2.0,0.4,0.4,1.0,0.16
DNIAPMSPPWPWGF-UHFFFAOYSA-N,CC(O)CO,2.0,2.0,0.4,0.4,1.0,0.16
DNIAPMSPPWPWGF-UHFFFAOYSA-N,CC(O)CO,2.0,2.0,0.4,0.4,1.0,0.16
DNIAPMSPPWPWGF-UHFFFAOYSA-N,CC(O)CO,2.0,2.0,0.4,0.4,1.0,0.16
DNIAPMSPPWPWGF-UHFFFAOYSA-N,CC(O)CO,2.0,2.0,0.4,0.4,1.0,0.16
DURPTKYDGMDSBL-UHFFFAOYSA-N,CCCCOCCCC,0.0,1.0,0.0,0.1111111111111111,0.0,0.0
DURPTKYDGMDSBL-UHFFFAOYSA-N,CCCCOCCCC,0.0,1.0,0.0,0.1111111111111111,0.0,0.0
DURPTKYDGMDSBL-UHFFFAOYSA-N,CCCCOCCCC,0.0,1.0,0.0,0.1111111111111111,0.0,0.0
DURPTKYDGMDSBL-UHFFFAOYSA-N,CCCCOCCCC,0.0,1.0,0.0,0.1111111111111111,0.0,0.0
DURPTKYDGMDSBL-UHFFFAOYSA-N,CCCCOCCCC,0.0,1.0,0.0,0.1111111111111111,0.0,0.0
FRZPYEHDSAQGAS-UHFFFAOYSA-M,CCCCn1cc[n+](C)c1.O=S(=O)([O-])C(F)(F)F,0.0,3.0,0.0,0.16666666666666666,0.0,0.0
FXHOOIRPVKKKFG-UHFFFAOYSA-N,CC(=O)N(C)C,0.0,1.0,0.0,0.16666666666666666,0.0,0.0
FXHOOIRPVKKKFG-UHFFFAOYSA-N,CC(=O)N(C)C,0.0,1.0,0.0,0.16666666666666666,0.0,0.0
FXHOOIRPVKKKFG-UHFFFAOYSA-N,CC(=O)N(C)C,0.0,1.0,0.0,0.16666666666666666,0.0,0.0
FXHOOIRPVKKKFG-UHFFFAOYSA-N,CC(=O)N(C)C,0.0,1.0,0.0,0.16666666666666666,0.0,0.0
FXHOOIRPVKKKFG-UHFFFAOYSA-N,CC(=O)N(C)C,0.0,1.0,0.0,0.16666666666666666,0.0,0.0
FXHOOIRPVKKKFG-UHFFFAOYSA-N,CC(=O)N(C)C,0.0,1.0,0.0,0.16666666666666666,0.0,0.0
FXHOOIRPVKKKFG-UHFFFAOYSA-N,CC(=O)N(C)C,0.0,1.0,0.0,0.16666666666666666,0.0,0.0
FXHOOIRPVKKKFG-UHFFFAOYSA-N,CC(=O)N(C)C,0.0,1.0,0.0,0.16666666666666666,0.0,0.0
FXHOOIRPVKKKFG-UHFFFAOYSA-N,CC(=O)N(C)C,0.0,1.0,0.0,0.16666666666666666,0.0,0.0
FXHOOIRPVKKKFG-UHFFFAOYSA-N,CC(=O)N(C)C,0.0,1.0,0.0,0.16666666666666666,0.0,0.0
FXHOOIRPVKKKFG-UHFFFAOYSA-N,CC(=O)N(C)C,0.0,1.0,0.0,0.16666666666666666,0.0,0.0
FXHOOIRPVKKKFG-UHFFFAOYSA-N,CC(=O)N(C)C,0.0,1.0,0.0,0.16666666666666666,0.0,0.0
FYIRUPZTYPILDH-UHFFFAOYSA-N,FC(F)C(F)C(F)(F)F,0.0,0.0,0.0,0.0,0.0,0.0
FYIRUPZTYPILDH-UHFFFAOYSA-N,FC(F)C(F)C(F)(F)F,0.0,0.0,0.0,0.0,0.0,0.0
FYIRUPZTYPILDH-UHFFFAOYSA-N,FC(F)C(F)C(F)(F)F,0.0,0.0,0.0,0.0,0.0,0.0
FYIRUPZTYPILDH-UHFFFAOYSA-N,FC(F)C(F)C(F)(F)F,0.0,0.0,0.0,0.0,0.0,0.0
FYIRUPZTYPILDH-UHFFFAOYSA-N,FC(F)C(F)C(F)(F)F,0.0,0.0,0.0,0.0,0.0,0.0
FYIRUPZTYPILDH-UHFFFAOYSA-N,FC(F)C(F)C(F)(F)F,0.0,0.0,0.0,0.0,0.0,0.0
FYIRUPZTYPILDH-UHFFFAOYSA-N,FC(F)C(F)C(F)(F)F,0.0,0.0,0.0,0.0,0.0,0.0
FYIRUPZTYPILDH-UHFFFAOYSA-N,FC(F)C(F)C(F)(F)F,0.0,0.0,0.0,0.0,0.0,0.0
FYIRUPZTYPILDH-UHFFFAOYSA-N,FC(F)C(F)C(F)(F)F,0.0,0.0,0.0,0.0,0.0,0.0
FYIRUPZTYPILDH-UHFFFAOYSA-N,FC(F)C(F)C(F)(F)F,0.0,0.0,0.0,0.0,0.0,0.0
FYIRUPZTYPILDH-UHFFFAOYSA-N,FC(F)C(F)C(F)(F)F,0.0,0.0,0.0,0.0,0.0,0.0
FYIRUPZTYPILDH-UHFFFAOYSA-N,FC(F)C(F)C(F)(F)F,0.0,0.0,0.0,0.0,0.0,0.0
FYIRUPZTYPILDH-UHFFFAOYSA-N,FC(F)C(F)C(F)(F)F,0.0,0.0,0.0,0.0,0.0,0.0
FYIRUPZTYPILDH-UHFFFAOYSA-N,FC(F)C(F)C(F)(F)F,0.0,0.0,0.0,0.0,0.0,0.0
FYIRUPZTYPILDH-UHFFFAOYSA-N,FC(F)C(F)C(F)(F)F,0.0,0.0,0.0,0.0,0.0,0.0
FYIRUPZTYPILDH-UHFFFAOYSA-N,FC(F)C(F)C(F)(F)F,0.0,0.0,0.0,0.0,0.0,0.0
FYIRUPZTYPILDH-UHFFFAOYSA-N,FC(F)C(F)C(F)(F)F,0.0,0.0,0.0,0.0,0.0,0.0
FYIRUPZTYPILDH-UHFFFAOYSA-N,FC(F)C(F)C(F)(F)F,0.0,0.0,0.0,0.0,0.0,0.0
FYIRUPZTYPILDH-UHFFFAOYSA-N,FC(F)C(F)C(F)(F)F,0.0,0.0,0.0,0.0,0.0,0.0
FYIRUPZTYPILDH-UHFFFAOYSA-N,FC(F)C(F)C(F)(F)F,0.0,0.0,0.0,0.0,0.0,0.0
FYIRUPZTYPILDH-UHFFFAOYSA-N,FC(F)C(F)C(F)(F)F,0.0,0.0,0.0,0.0,0.0,0.0
FYIRUPZTYPILDH-UHFFFAOYSA-N,FC(F)C(F)C(F)(F)F,0.0,0.0,0.0,0.0,0.0,0.0
FYIRUPZTYPILDH-UHFFFAOYSA-N,FC(F)C(F)C(F)(F)F,0.0,0.0,0.0,0.0,0.0,0.0
FYIRUPZTYPILDH-UHFFFAOYSA-N,FC(F)C(F)C(F)(F)F,0.0,0.0,0.0,0.0,0.0,0.0
FYIRUPZTYPILDH-UHFFFAOYSA-N,FC(F)C(F)C(F)(F)F,0.0,0.0,0.0,0.0,0.0,0.0
FYIRUPZTYPILDH-UHFFFAOYSA-N,FC(F)C(F)C(F)(F)F,0.0,0.0,0.0,0.0,0.0,0.0
FYIRUPZTYPILDH-UHFFFAOYSA-N,FC(F)C(F)C(F)(F)F,0.0,0.0,0.0,0.0,0.0,0.0
FYIRUPZTYPILDH-UHFFFAOYSA-N,FC(F)C(F)C(F)(F)F,0.0,0.0,0.0,0.0,0.0,0.0
FYIRUPZTYPILDH-UHFFFAOYSA-N,FC(F)C(F)C(F)(F)F,0.0,0.0,0.0,0.0,0.0,0.0
FYIRUPZTYPILDH-UHFFFAOYSA-N,FC(F)C(F)C(F)(F)F,0.0,0.0,0.0,0.0,0.0,0.0
FYIRUPZTYPILDH-UHFFFAOYSA-N,FC(F)C(F)C(F)(F)F,0.0,0.0,0.0,0.0,0.0,0.0
FYIRUPZTYPILDH-UHFFFAOYSA-N,FC(F)C(F)C(F)(F)F,0.0,0.0,0.0,0.0,0.0,0.0
FYIRUPZTYPILDH-UHFFFAOYSA-N,FC(F)C(F)C(F)(F)F,0.0,0.0,0.0,0.0,0.0,0.0
FYIRUPZTYPILDH-UHFFFAOYSA-N,FC(F)C(F)C(F)(F)F,0.0,0.0,0.0,0.0,0.0,0.0
FYIRUPZTYPILDH-UHFFFAOYSA-N,FC(F)C(F)C(F)(F)F,0.0,0.0,0.0,0.0,0.0,0.0
FYIRUPZTYPILDH-UHFFFAOYSA-N,FC(F)C(F)C(F)(F)F,0.0,0.0,0.0,0.0,0.0,0.0
FYIRUPZTYPILDH-UHFFFAOYSA-N,FC(F)C(F)C(F)(F)F,0.0,0.0,0.0,0.0,0.0,0.0
FYIRUPZTYPILDH-UHFFFAOYSA-N,FC(F)C(F)C(F)(F)F,0.0,0.0,0.0,0.0,0.0,0.0
FYIRUPZTYPILDH-UHFFFAOYSA-N,FC(F)C(F)C(F)(F)F,0.0,0.0,0.0,0.0,0.0,0.0
FYIRUPZTYPILDH-UHFFFAOYSA-N,FC(F)C(F)C(F)(F)F,0.0,0.0,0.0,0.0,0.0,0.0
FYIRUPZTYPILDH-UHFFFAOYSA-N,FC(F)C(F)C(F)(F)F,0.0,0.0,0.0,0.0,0.0,0.0
FYIRUPZTYPILDH-UHFFFAOYSA-N,FC(F)C(F)C(F)(F)F,0.0,0.0,0.0,0.0,0.0,0.0
FYIRUPZTYPILDH-UHFFFAOYSA-N,FC(F)C(F)C(F)(F)F,0.0,0.0,0.0,0.0,0.0,0.0
FYIRUPZTYPILDH-UHFFFAOYSA-N,FC(F)C(F)C(F)(F)F,0.0,0.0,0.0,0.0,0.0,0.0
FYIRUPZTYPILDH-UHFFFAOYSA-N,FC(F)C(F)C(F)(F)F,0.0,0.0,0.0,0.0,0.0,0.0
FYIRUPZTYPILDH-UHFFFAOYSA-N,FC(F)C(F)C(F)(F)F,0.0,0.0,0.0,0.0,0.0,0.0
FYIRUPZTYPILDH-UHFFFAOYSA-N,FC(F)C(F)C(F)(F)F,0.0,0.0,0.0,0.0,0.0,0.0
FYIRUPZTYPILDH-UHFFFAOYSA-N,FC(F)C(F)C(F)(F)F,0.0,0.0,0.0,0.0,0.0,0.0
FYIRUPZTYPILDH-UHFFFAOYSA-N,FC(F)C(F)C(F)(F)F,0.0,0.0,0.0,0.0,0.0,0.0
FYIRUPZTYPILDH-UHFFFAOYSA-N,FC(F)C(F)C(F)(F)F,0.0,0.0,0.0,0.0,0.0,0.0
FYIRUPZTYPILDH-UHFFFAOYSA-N,FC(F)C(F)C(F)(F)F,0.0,0.0,0.0,0.0,0.0,0.0
FYIRUPZTYPILDH-UHFFFAOYSA-N,FC(F)C(F)C(F)(F)F,0.0,0.0,0.0,0.0,0.0,0.0
FYIRUPZTYPILDH-UHFFFAOYSA-N,FC(F)C(F)C(F)(F)F,0.0,0.0,0.0,0.0,0.0,0.0
FYIRUPZTYPILDH-UHFFFAOYSA-N,FC(F)C(F)C(F)(F)F,0.0,0.0,0.0,0.0,0.0,0.0
FYIRUPZTYPILDH-UHFFFAOYSA-N,FC(F)C(F)C(F)(F)F,0.0,0.0,0.0,0.0,0.0,0.0
FYIRUPZTYPILDH-UHFFFAOYSA-N,FC(F)C(F)C(F)(F)F,0.0,0.0,0.0,0.0,0.0,0.0
FYIRUPZTYPILDH-UHFFFAOYSA-N,FC(F)C(F)C(F)(F)F,0.0,0.0,0.0,0.0,0.0,0.0
FYIRUPZTYPILDH-UHFFFAOYSA-N,FC(F)C(F)C(F)(F)F,0.0,0.0,0.0,0.0,0.0,0.0
FYIRUPZTYPILDH-UHFFFAOYSA-N,FC(F)C(F)C(F)(F)F,0.0,0.0,0.0,0.0,0.0,0.0
FYIRUPZTYPILDH-UHFFFAOYSA-N,FC(F)C(F)C(F)(F)F,0.0,0.0,0.0,0.0,0.0,0.0
FYIRUPZTYPILDH-UHFFFAOYSA-N,FC(F)C(F)C(F)(F)F,0.0,0.0,0.0,0.0,0.0,0.0
FYIRUPZTYPILDH-UHFFFAOYSA-N,FC(F)C(F)C(F)(F)F,0.0,0.0,0.0,0.0,0.0,0.0
FYIRUPZTYPILDH-UHFFFAOYSA-N,FC(F)C(F)C(F)(F)F,0.0,0.0,0.0,0.0,0.0,0.0
FYIRUPZTYPILDH-UHFFFAOYSA-N,FC(F)C(F)C(F)(F)F,0.0,0.0,0.0,0.0,0.0,0.0
FYIRUPZTYPILDH-UHFFFAOYSA-N,FC(F)C(F)C(F)(F)F,0.0,0.0,0.0,0.0,0.0,0.0
FYIRUPZTYPILDH-UHFFFAOYSA-N,FC(F)C(F)C(F)(F)F,0.0,0.0,0.0,0.0,0.0,0.0
FYIRUPZTYPILDH-UHFFFAOYSA-N,FC(F)C(F)C(F)(F)F,0.0,0.0,0.0,0.0,0.0,0.0
FYIRUPZTYPILDH-UHFFFAOYSA-N,FC(F)C(F)C(F)(F)F,0.0,0.0,0.0,0.0,0.0,0.0
FYIRUPZTYPILDH-UHFFFAOYSA-N,FC(F)C(F)C(F)(F)F,0.0,0.0,0.0,0.0,0.0,0.0
FYIRUPZTYPILDH-UHFFFAOYSA-N,FC(F)C(F)C(F)(F)F,0.0,0.0,0.0,0.0,0.0,0.0
FYIRUPZTYPILDH-UHFFFAOYSA-N,FC(F)C(F)C(F)(F)F,0.0,0.0,0.0,0.0,0.0,0.0
FYIRUPZTYPILDH-UHFFFAOYSA-N,FC(F)C(F)C(F)(F)F,0.0,0.0,0.0,0.0,0.0,0.0
FYIRUPZTYPILDH-UHFFFAOYSA-N,FC(F)C(F)C(F)(F)F,0.0,0.0,0.0,0.0,0.0,0.0
FYIRUPZTYPILDH-UHFFFAOYSA-N,FC(F)C(F)C(F)(F)F,0.0,0.0,0.0,0.0,0.0,0.0
FYIRUPZTYPILDH-UHFFFAOYSA-N,FC(F)C(F)C(F)(F)F,0.0,0.0,0.0,0.0,0.0,0.0
FYIRUPZTYPILDH-UHFFFAOYSA-N,FC(F)C(F)C(F)(F)F,0.0,0.0,0.0,0.0,0.0,0.0
FYIRUPZTYPILDH-UHFFFAOYSA-N,FC(F)C(F)C(F)(F)F,0.0,0.0,0.0,0.0,0.0,0.0
FYIRUPZTYPILDH-UHFFFAOYSA-N,FC(F)C(F)C(F)(F)F,0.0,0.0,0.0,0.0,0.0,0.0
FYIRUPZTYPILDH-UHFFFAOYSA-N,FC(F)C(F)C(F)(F)F,0.0,0.0,0.0,0.0,0.0,0.0
FYIRUPZTYPILDH-UHFFFAOYSA-N,FC(F)C(F)C(F)(F)F,0.0,0.0,0.0,0.0,0.0,0.0
FYIRUPZTYPILDH-UHFFFAOYSA-N,FC(F)C(F)C(F)(F)F,0.0,0.0,0.0,0.0,0.0,0.0
FYIRUPZTYPILDH-UHFFFAOYSA-N,FC(F)C(F)C(F)(F)F,0.0,0.0,0.0,0.0,0.0,0.0
FYIRUPZTYPILDH-UHFFFAOYSA-N,FC(F)C(F)C(F)(F)F,0.0,0.0,0.0,0.0,0.0,0.0
FYIRUPZTYPILDH-UHFFFAOYSA-N,FC(F)C(F)C(F)(F)F,0.0,0.0,0.0,0.0,0.0,0.0
FYIRUPZTYPILDH-UHFFFAOYSA-N,FC(F)C(F)C(F)(F)F,0.0,0.0,0.0,0.0,0.0,0.0
FYIRUPZTYPILDH-UHFFFAOYSA-N,FC(F)C(F)C(F)(F)F,0.0,0.0,0.0,0.0,0.0,0.0
FYIRUPZTYPILDH-UHFFFAOYSA-N,FC(F)C(F)C(F)(F)F,0.0,0.0,0.0,0.0,0.0,0.0
FYIRUPZTYPILDH-UHFFFAOYSA-N,FC(F)C(F)C(F)(F)F,0.0,0.0,0.0,0.0,0.0,0.0
FYIRUPZTYPILDH-UHFFFAOYSA-N,FC(F)C(F)C(F)(F)F,0.0,0.0,0.0,0.0,0.0,0.0
FYIRUPZTYPILDH-UHFFFAOYSA-N,FC(F)C(F)C(F)(F)F,0.0,0.0,0.0,0.0,0.0,0.0
FYIRUPZTYPILDH-UHFFFAOYSA-N,FC(F)C(F)C(F)(F)F,0.0,0.0,0.0,0.0,0.0,0.0
FYIRUPZTYPILDH-UHFFFAOYSA-N,FC(F)C(F)C(F)(F)F,0.0,0.0,0.0,0.0,0.0,0.0
FYIRUPZTYPILDH-UHFFFAOYSA-N,FC(F)C(F)C(F)(F)F,0.0,0.0,0.0,0.0,0.0,0.0
FYIRUPZTYPILDH-UHFFFAOYSA-N,FC(F)C(F)C(F)(F)F,0.0,0.0,0.0,0.0,0.0,0.0
FYIRUPZTYPILDH-UHFFFAOYSA-N,FC(F)C(F)C(F)(F)F,0.0,0.0,0.0,0.0,0.0,0.0
FYIRUPZTYPILDH-UHFFFAOYSA-N,FC(F)C(F)C(F)(F)F,0.0,0.0,0.0,0.0,0.0,0.0
FYIRUPZTYPILDH-UHFFFAOYSA-N,FC(F)C(F)C(F)(F)F,0.0,0.0,0.0,0.0,0.0,0.0
FYIRUPZTYPILDH-UHFFFAOYSA-N,FC(F)C(F)C(F)(F)F,0.0,0.0,0.0,0.0,0.0,0.0
FYIRUPZTYPILDH-UHFFFAOYSA-N,FC(F)C(F)C(F)(F)F,0.0,0.0,0.0,0.0,0.0,0.0
FYIRUPZTYPILDH-UHFFFAOYSA-N,FC(F)C(F)C(F)(F)F,0.0,0.0,0.0,0.0,0.0,0.0
FYIRUPZTYPILDH-UHFFFAOYSA-N,FC(F)C(F)C(F)(F)F,0.0,0.0,0.0,0.0,0.0,0.0
FYIRUPZTYPILDH-UHFFFAOYSA-N,FC(F)C(F)C(F)(F)F,0.0,0.0,0.0,0.0,0.0,0.0
FYIRUPZTYPILDH-UHFFFAOYSA-N,FC(F)C(F)C(F)(F)F,0.0,0.0,0.0,0.0,0.0,0.0
FYIRUPZTYPILDH-UHFFFAOYSA-N,FC(F)C(F)C(F)(F)F,0.0,0.0,0.0,0.0,0.0,0.0
FYIRUPZTYPILDH-UHFFFAOYSA-N,FC(F)C(F)C(F)(F)F,0.0,0.0,0.0,0.0,0.0,0.0
FYIRUPZTYPILDH-UHFFFAOYSA-N,FC(F)C(F)C(F)(F)F,0.0,0.0,0.0,0.0,0.0,0.0
FYIRUPZTYPILDH-UHFFFAOYSA-N,FC(F)C(F)C(F)(F)F,0.0,0.0,0.0,0.0,0.0,0.0
FYIRUPZTYPILDH-UHFFFAOYSA-N,FC(F)C(F)C(F)(F)F,0.0,0.0,0.0,0.0,0.0,0.0
FYIRUPZTYPILDH-UHFFFAOYSA-N,FC(F)C(F)C(F)(F)F,0.0,0.0,0.0,0.0,0.0,0.0
FYIRUPZTYPILDH-UHFFFAOYSA-N,FC(F)C(F)C(F)(F)F,0.0,0.0,0.0,0.0,0.0,0.0
FYIRUPZTYPILDH-UHFFFAOYSA-N,FC(F)C(F)C(F)(F)F,0.0,0.0,0.0,0.0,0.0,0.0
FYIRUPZTYPILDH-UHFFFAOYSA-N,FC(F)C(F)C(F)(F)F,0.0,0.0,0.0,0.0,0.0,0.0
FYIRUPZTYPILDH-UHFFFAOYSA-N,FC(F)C(F)C(F)(F)F,0.0,0.0,0.0,0.0,0.0,0.0
FYIRUPZTYPILDH-UHFFFAOYSA-N,FC(F)C(F)C(F)(F)F,0.0,0.0,0.0,0.0,0.0,0.0
FYIRUPZTYPILDH-UHFFFAOYSA-N,FC(F)C(F)C(F)(F)F,0.0,0.0,0.0,0.0,0.0,0.0
FYIRUPZTYPILDH-UHFFFAOYSA-N,FC(F)C(F)C(F)(F)F,0.0,0.0,0.0,0.0,0.0,0.0
FYIRUPZTYPILDH-UHFFFAOYSA-N,FC(F)C(F)C(F)(F)F,0.0,0.0,0.0,0.0,0.0,0.0
FYIRUPZTYPILDH-UHFFFAOYSA-N,FC(F)C(F)C(F)(F)F,0.0,0.0,0.0,0.0,0.0,0.0
FYIRUPZTYPILDH-UHFFFAOYSA-N,FC(F)C(F)C(F)(F)F,0.0,0.0,0.0,0.0,0.0,0.0
FYIRUPZTYPILDH-UHFFFAOYSA-N,FC(F)C(F)C(F)(F)F,0.0,0.0,0.0,0.0,0.0,0.0
FYIRUPZTYPILDH-UHFFFAOYSA-N,FC(F)C(F)C(F)(F)F,0.0,0.0,0.0,0.0,0.0,0.0
FYIRUPZTYPILDH-UHFFFAOYSA-N,FC(F)C(F)C(F)(F)F,0.0,0.0,0.0,0.0,0.0,0.0
FYIRUPZTYPILDH-UHFFFAOYSA-N,FC(F)C(F)C(F)(F)F,0.0,0.0,0.0,0.0,0.0,0.0
FYIRUPZTYPILDH-UHFFFAOYSA-N,FC(F)C(F)C(F)(F)F,0.0,0.0,0.0,0.0,0.0,0.0
FYIRUPZTYPILDH-UHFFFAOYSA-N,FC(F)C(F)C(F)(F)F,0.0,0.0,0.0,0.0,0.0,0.0
FYIRUPZTYPILDH-UHFFFAOYSA-N,FC(F)C(F)C(F)(F)F,0.0,0.0,0.0,0.0,0.0,0.0
FYIRUPZTYPILDH-UHFFFAOYSA-N,FC(F)C(F)C(F)(F)F,0.0,0.0,0.0,0.0,0.0,0.0
FYIRUPZTYPILDH-UHFFFAOYSA-N,FC(F)C(F)C(F)(F)F,0.0,0.0,0.0,0.0,0.0,0.0
FYIRUPZTYPILDH-UHFFFAOYSA-N,FC(F)C(F)C(F)(F)F,0.0,0.0,0.0,0.0,0.0,0.0
FYIRUPZTYPILDH-UHFFFAOYSA-N,FC(F)C(F)C(F)(F)F,0.0,0.0,0.0,0.0,0.0,0.0
FYIRUPZTYPILDH-UHFFFAOYSA-N,FC(F)C(F)C(F)(F)F,0.0,0.0,0.0,0.0,0.0,0.0
FYIRUPZTYPILDH-UHFFFAOYSA-N,FC(F)C(F)C(F)(F)F,0.0,0.0,0.0,0.0,0.0,0.0
FYIRUPZTYPILDH-UHFFFAOYSA-N,FC(F)C(F)C(F)(F)F,0.0,0.0,0.0,0.0,0.0,0.0
FYIRUPZTYPILDH-UHFFFAOYSA-N,FC(F)C(F)C(F)(F)F,0.0,0.0,0.0,0.0,0.0,0.0
FYIRUPZTYPILDH-UHFFFAOYSA-N,FC(F)C(F)C(F)(F)F,0.0,0.0,0.0,0.0,0.0,0.0
FYIRUPZTYPILDH-UHFFFAOYSA-N,FC(F)C(F)C(F)(F)F,0.0,0.0,0.0,0.0,0.0,0.0
FYIRUPZTYPILDH-UHFFFAOYSA-N,FC(F)C(F)C(F)(F)F,0.0,0.0,0.0,0.0,0.0,0.0
FYIRUPZTYPILDH-UHFFFAOYSA-N,FC(F)C(F)C(F)(F)F,0.0,0.0,0.0,0.0,0.0,0.0
FYIRUPZTYPILDH-UHFFFAOYSA-N,FC(F)C(F)C(F)(F)F,0.0,0.0,0.0,0.0,0.0,0.0
FYIRUPZTYPILDH-UHFFFAOYSA-N,FC(F)C(F)C(F)(F)F,0.0,0.0,0.0,0.0,0.0,0.0
FYIRUPZTYPILDH-UHFFFAOYSA-N,FC(F)C(F)C(F)(F)F,0.0,0.0,0.0,0.0,0.0,0.0
FYIRUPZTYPILDH-UHFFFAOYSA-N,FC(F)C(F)C(F)(F)F,0.0,0.0,0.0,0.0,0.0,0.0
FYIRUPZTYPILDH-UHFFFAOYSA-N,FC(F)C(F)C(F)(F)F,0.0,0.0,0.0,0.0,0.0,0.0
FYIRUPZTYPILDH-UHFFFAOYSA-N,FC(F)C(F)C(F)(F)F,0.0,0.0,0.0,0.0,0.0,0.0
GRYUVYIMDGRRLN-UHFFFAOYSA-N,CCCCn1c(C)c(C)[n+](C)c1C.O=S(=O)([N-]S(=O)(=O)C(F)(F)F)C(F)(F)F,0.0,4.0,0.0,0.14285714285714285,0.0,0.0
GSEJCLTVZPLZKY-UHFFFAOYSA-N,OCCN(CCO)CCO,3.0,4.0,0.3,0.4,3.0,0.12
GSEJCLTVZPLZKY-UHFFFAOYSA-N,OCCN(CCO)CCO,3.0,4.0,0.3,0.4,3.0,0.12
GSEJCLTVZPLZKY-UHFFFAOYSA-N,OCCN(CCO)CCO,3.0,4.0,0.3,0.4,3.0,0.12
GSEJCLTVZPLZKY-UHFFFAOYSA-N,OCCN(CCO)CCO,3.0,4.0,0.3,0.4,3.0,0.12
GSEJCLTVZPLZKY-UHFFFAOYSA-N,OCCN(CCO)CCO,3.0,4.0,0.3,0.4,3.0,0.12
GSEJCLTVZPLZKY-UHFFFAOYSA-N,OCCN(CCO)CCO,3.0,4.0,0.3,0.4,3.0,0.12
HPXRVTGHNJAIIH-UHFFFAOYSA-N,OC1CCCCC1,1.0,1.0,0.14285714285714285,0.14285714285714285,0.0,0.02040816326530612
HQWOEDCLDNFWEV-UHFFFAOYSA-M,CCOP(=O)([O-])OCC.CCn1cc[n+](C)c1,0.0,4.0,0.0,0.23529411764705882,0.0,0.0
HXJUTPCZVOIRIF-UHFFFAOYSA-N,O=S1(=O)CCCC1,0.0,2.0,0.0,0.2857142857142857,0.0,0.0
HXJUTPCZVOIRIF-UHFFFAOYSA-N,O=S1(=O)CCCC1,0.0,2.0,0.0,0.2857142857142857,0.0,0.0
HXJUTPCZVOIRIF-UHFFFAOYSA-N,O=S1(=O)CCCC1,0.0,2.0,0.0,0.2857142857142857,0.0,0.0
HXJUTPCZVOIRIF-UHFFFAOYSA-N,O=S1(=O)CCCC1,0.0,2.0,0.0,0.2857142857142857,0.0,0.0
HXJUTPCZVOIRIF-UHFFFAOYSA-N,O=S1(=O)CCCC1,0.0,2.0,0.0,0.2857142857142857,0.0,0.0
HXJUTPCZVOIRIF-UHFFFAOYSA-N,O=S1(=O)CCCC1,0.0,2.0,0.0,0.2857142857142857,0.0,0.0
HXJUTPCZVOIRIF-UHFFFAOYSA-N,O=S1(=O)CCCC1,0.0,2.0,0.0,0.2857142857142857,0.0,0.0
HXJUTPCZVOIRIF-UHFFFAOYSA-N,O=S1(=O)CCCC1,0.0,2.0,0.0,0.2857142857142857,0.0,0.0
HZAXFHJVJLSVMW-UHFFFAOYSA-N,NCCO,2.0,2.0,0.5,0.5,1.0,0.25
HZKDSQCZNUUQIF-UHFFFAOYSA-M,CCn1cc[n+](C)c1.O=S(=O)([O-])O,1.0,3.0,0.07692307692307693,0.23076923076923078,3.0,0.01775147928994083
IAZDPXIOMUYVGZ-UHFFFAOYSA-N,CS(C)=O,0.0,1.0,0.0,0.25,0.0,0.0
IAZDPXIOMUYVGZ-UHFFFAOYSA-N,CS(C)=O,0.0,1.0,0.0,0.25,0.0,0.0
IAZDPXIOMUYVGZ-UHFFFAOYSA-N,CS(C)=O,0.0,1.0,0.0,0.25,0.0,0.0
IAZDPXIOMUYVGZ-UHFFFAOYSA-N,CS(C)=O,0.0,1.0,0.0,0.25,0.0,0.0
IAZDPXIOMUYVGZ-UHFFFAOYSA-N,CS(C)=O,0.0,1.0,0.0,0.25,0.0,0.0
IAZDPXIOMUYVGZ-UHFFFAOYSA-N,CS(C)=O,0.0,1.0,0.0,0.25,0.0,0.0
IAZDPXIOMUYVGZ-UHFFFAOYSA-N,CS(C)=O,0.0,1.0,0.0,0.25,0.0,0.0
IAZDPXIOMUYVGZ-UHFFFAOYSA-N,CS(C)=O,0.0,1.0,0.0,0.25,0.0,0.0
IAZDPXIOMUYVGZ-UHFFFAOYSA-N,CS(C)=O,0.0,1.0,0.0,0.25,0.0,0.0
IAZDPXIOMUYVGZ-UHFFFAOYSA-N,CS(C)=O,0.0,1.0,0.0,0.25,0.0,0.0
IAZDPXIOMUYVGZ-UHFFFAOYSA-N,CS(C)=O,0.0,1.0,0.0,0.25,0.0,0.0
IAZDPXIOMUYVGZ-UHFFFAOYSA-N,CS(C)=O,0.0,1.0,0.0,0.25,0.0,0.0
IAZDPXIOMUYVGZ-UHFFFAOYSA-N,CS(C)=O,0.0,1.0,0.0,0.25,0.0,0.0
IAZDPXIOMUYVGZ-UHFFFAOYSA-N,CS(C)=O,0.0,1.0,0.0,0.25,0.0,0.0
IAZDPXIOMUYVGZ-UHFFFAOYSA-N,CS(C)=O,0.0,1.0,0.0,0.25,0.0,0.0
IAZDPXIOMUYVGZ-UHFFFAOYSA-N,CS(C)=O,0.0,1.0,0.0,0.25,0.0,0.0
IAZDPXIOMUYVGZ-UHFFFAOYSA-N,CS(C)=O,0.0,1.0,0.0,0.25,0.0,0.0
IAZDPXIOMUYVGZ-UHFFFAOYSA-N,CS(C)=O,0.0,1.0,0.0,0.25,0.0,0.0
IAZDPXIOMUYVGZ-UHFFFAOYSA-N,CS(C)=O,0.0,1.0,0.0,0.25,0.0,0.0
IAZDPXIOMUYVGZ-UHFFFAOYSA-N,CS(C)=O,0.0,1.0,0.0,0.25,0.0,0.0
IAZDPXIOMUYVGZ-UHFFFAOYSA-N,CS(C)=O,0.0,1.0,0.0,0.25,0.0,0.0
IAZDPXIOMUYVGZ-UHFFFAOYSA-N,CS(C)=O,0.0,1.0,0.0,0.25,0.0,0.0
IAZDPXIOMUYVGZ-UHFFFAOYSA-N,CS(C)=O,0.0,1.0,0.0,0.25,0.0,0.0
IAZDPXIOMUYVGZ-UHFFFAOYSA-N,CS(C)=O,0.0,1.0,0.0,0.25,0.0,0.0
IAZDPXIOMUYVGZ-UHFFFAOYSA-N,CS(C)=O,0.0,1.0,0.0,0.25,0.0,0.0
IAZDPXIOMUYVGZ-UHFFFAOYSA-N,CS(C)=O,0.0,1.0,0.0,0.25,0.0,0.0
IAZDPXIOMUYVGZ-UHFFFAOYSA-N,CS(C)=O,0.0,1.0,0.0,0.25,0.0,0.0
IAZDPXIOMUYVGZ-UHFFFAOYSA-N,CS(C)=O,0.0,1.0,0.0,0.25,0.0,0.0
IAZDPXIOMUYVGZ-UHFFFAOYSA-N,CS(C)=O,0.0,1.0,0.0,0.25,0.0,0.0
IAZDPXIOMUYVGZ-UHFFFAOYSA-N,CS(C)=O,0.0,1.0,0.0,0.25,0.0,0.0
IAZDPXIOMUYVGZ-UHFFFAOYSA-N,CS(C)=O,0.0,1.0,0.0,0.25,0.0,0.0
IAZDPXIOMUYVGZ-UHFFFAOYSA-N,CS(C)=O,0.0,1.0,0.0,0.25,0.0,0.0
IAZDPXIOMUYVGZ-UHFFFAOYSA-N,CS(C)=O,0.0,1.0,0.0,0.25,0.0,0.0
IAZDPXIOMUYVGZ-UHFFFAOYSA-N,CS(C)=O,0.0,1.0,0.0,0.25,0.0,0.0
IAZDPXIOMUYVGZ-UHFFFAOYSA-N,CS(C)=O,0.0,1.0,0.0,0.25,0.0,0.0
IAZDPXIOMUYVGZ-UHFFFAOYSA-N,CS(C)=O,0.0,1.0,0.0,0.25,0.0,0.0
IAZDPXIOMUYVGZ-UHFFFAOYSA-N,CS(C)=O,0.0,1.0,0.0,0.25,0.0,0.0
IAZDPXIOMUYVGZ-UHFFFAOYSA-N,CS(C)=O,0.0,1.0,0.0,0.25,0.0,0.0
IAZDPXIOMUYVGZ-UHFFFAOYSA-N,CS(C)=O,0.0,1.0,0.0,0.25,0.0,0.0
IAZDPXIOMUYVGZ-UHFFFAOYSA-N,CS(C)=O,0.0,1.0,0.0,0.25,0.0,0.0
IAZDPXIOMUYVGZ-UHFFFAOYSA-N,CS(C)=O,0.0,1.0,0.0,0.25,0.0,0.0
IAZDPXIOMUYVGZ-UHFFFAOYSA-N,CS(C)=O,0.0,1.0,0.0,0.25,0.0,0.0
IAZDPXIOMUYVGZ-UHFFFAOYSA-N,CS(C)=O,0.0,1.0,0.0,0.25,0.0,0.0
IAZDPXIOMUYVGZ-UHFFFAOYSA-N,CS(C)=O,0.0,1.0,0.0,0.25,0.0,0.0
IAZDPXIOMUYVGZ-UHFFFAOYSA-N,CS(C)=O,0.0,1.0,0.0,0.25,0.0,0.0
IAZDPXIOMUYVGZ-UHFFFAOYSA-N,CS(C)=O,0.0,1.0,0.0,0.25,0.0,0.0
IAZDPXIOMUYVGZ-UHFFFAOYSA-N,CS(C)=O,0.0,1.0,0.0,0.25,0.0,0.0
IAZDPXIOMUYVGZ-UHFFFAOYSA-N,CS(C)=O,0.0,1.0,0.0,0.25,0.0,0.0
IAZDPXIOMUYVGZ-UHFFFAOYSA-N,CS(C)=O,0.0,1.0,0.0,0.25,0.0,0.0
IAZDPXIOMUYVGZ-UHFFFAOYSA-N,CS(C)=O,0.0,1.0,0.0,0.25,0.0,0.0
IAZDPXIOMUYVGZ-UHFFFAOYSA-N,CS(C)=O,0.0,1.0,0.0,0.25,0.0,0.0
IAZDPXIOMUYVGZ-UHFFFAOYSA-N,CS(C)=O,0.0,1.0,0.0,0.25,0.0,0.0
IAZDPXIOMUYVGZ-UHFFFAOYSA-N,CS(C)=O,0.0,1.0,0.0,0.25,0.0,0.0
IAZDPXIOMUYVGZ-UHFFFAOYSA-N,CS(C)=O,0.0,1.0,0.0,0.25,0.0,0.0
IAZDPXIOMUYVGZ-UHFFFAOYSA-N,CS(C)=O,0.0,1.0,0.0,0.25,0.0,0.0
IAZDPXIOMUYVGZ-UHFFFAOYSA-N,CS(C)=O,0.0,1.0,0.0,0.25,0.0,0.0
IAZDPXIOMUYVGZ-UHFFFAOYSA-N,CS(C)=O,0.0,1.0,0.0,0.25,0.0,0.0
IAZDPXIOMUYVGZ-UHFFFAOYSA-N,CS(C)=O,0.0,1.0,0.0,0.25,0.0,0.0
IAZDPXIOMUYVGZ-UHFFFAOYSA-N,CS(C)=O,0.0,1.0,0.0,0.25,0.0,0.0
IAZDPXIOMUYVGZ-UHFFFAOYSA-N,CS(C)=O,0.0,1.0,0.0,0.25,0.0,0.0
IAZDPXIOMUYVGZ-UHFFFAOYSA-N,CS(C)=O,0.0,1.0,0.0,0.25,0.0,0.0
IAZDPXIOMUYVGZ-UHFFFAOYSA-N,CS(C)=O,0.0,1.0,0.0,0.25,0.0,0.0
IAZDPXIOMUYVGZ-UHFFFAOYSA-N,CS(C)=O,0.0,1.0,0.0,0.25,0.0,0.0
IAZDPXIOMUYVGZ-UHFFFAOYSA-N,CS(C)=O,0.0,1.0,0.0,0.25,0.0,0.0
IAZDPXIOMUYVGZ-UHFFFAOYSA-N,CS(C)=O,0.0,1.0,0.0,0.25,0.0,0.0
IAZDPXIOMUYVGZ-UHFFFAOYSA-N,CS(C)=O,0.0,1.0,0.0,0.25,0.0,0.0
IAZDPXIOMUYVGZ-UHFFFAOYSA-N,CS(C)=O,0.0,1.0,0.0,0.25,0.0,0.0
IAZDPXIOMUYVGZ-UHFFFAOYSA-N,CS(C)=O,0.0,1.0,0.0,0.25,0.0,0.0
IAZDPXIOMUYVGZ-UHFFFAOYSA-N,CS(C)=O,0.0,1.0,0.0,0.25,0.0,0.0
IAZDPXIOMUYVGZ-UHFFFAOYSA-N,CS(C)=O,0.0,1.0,0.0,0.25,0.0,0.0
IAZDPXIOMUYVGZ-UHFFFAOYSA-N,CS(C)=O,0.0,1.0,0.0,0.25,0.0,0.0
IAZDPXIOMUYVGZ-UHFFFAOYSA-N,CS(C)=O,0.0,1.0,0.0,0.25,0.0,0.0
IAZDPXIOMUYVGZ-UHFFFAOYSA-N,CS(C)=O,0.0,1.0,0.0,0.25,0.0,0.0
IAZDPXIOMUYVGZ-UHFFFAOYSA-N,CS(C)=O,0.0,1.0,0.0,0.25,0.0,0.0
IAZDPXIOMUYVGZ-UHFFFAOYSA-N,CS(C)=O,0.0,1.0,0.0,0.25,0.0,0.0
IAZDPXIOMUYVGZ-UHFFFAOYSA-N,CS(C)=O,0.0,1.0,0.0,0.25,0.0,0.0
IAZDPXIOMUYVGZ-UHFFFAOYSA-N,CS(C)=O,0.0,1.0,0.0,0.25,0.0,0.0
IAZDPXIOMUYVGZ-UHFFFAOYSA-N,CS(C)=O,0.0,1.0,0.0,0.25,0.0,0.0
IAZDPXIOMUYVGZ-UHFFFAOYSA-N,CS(C)=O,0.0,1.0,0.0,0.25,0.0,0.0
IAZDPXIOMUYVGZ-UHFFFAOYSA-N,CS(C)=O,0.0,1.0,0.0,0.25,0.0,0.0
IAZDPXIOMUYVGZ-UHFFFAOYSA-N,CS(C)=O,0.0,1.0,0.0,0.25,0.0,0.0
IAZDPXIOMUYVGZ-UHFFFAOYSA-N,CS(C)=O,0.0,1.0,0.0,0.25,0.0,0.0
IAZDPXIOMUYVGZ-UHFFFAOYSA-N,CS(C)=O,0.0,1.0,0.0,0.25,0.0,0.0
IAZDPXIOMUYVGZ-UHFFFAOYSA-N,CS(C)=O,0.0,1.0,0.0,0.25,0.0,0.0
IAZDPXIOMUYVGZ-UHFFFAOYSA-N,CS(C)=O,0.0,1.0,0.0,0.25,0.0,0.0
IAZDPXIOMUYVGZ-UHFFFAOYSA-N,CS(C)=O,0.0,1.0,0.0,0.25,0.0,0.0
IAZDPXIOMUYVGZ-UHFFFAOYSA-N,CS(C)=O,0.0,1.0,0.0,0.25,0.0,0.0
IAZDPXIOMUYVGZ-UHFFFAOYSA-N,CS(C)=O,0.0,1.0,0.0,0.25,0.0,0.0
IAZDPXIOMUYVGZ-UHFFFAOYSA-N,CS(C)=O,0.0,1.0,0.0,0.25,0.0,0.0
IAZDPXIOMUYVGZ-UHFFFAOYSA-N,CS(C)=O,0.0,1.0,0.0,0.25,0.0,0.0
IAZDPXIOMUYVGZ-UHFFFAOYSA-N,CS(C)=O,0.0,1.0,0.0,0.25,0.0,0.0
IAZDPXIOMUYVGZ-UHFFFAOYSA-N,CS(C)=O,0.0,1.0,0.0,0.25,0.0,0.0
IAZDPXIOMUYVGZ-UHFFFAOYSA-N,CS(C)=O,0.0,1.0,0.0,0.25,0.0,0.0
IAZDPXIOMUYVGZ-UHFFFAOYSA-N,CS(C)=O,0.0,1.0,0.0,0.25,0.0,0.0
IAZDPXIOMUYVGZ-UHFFFAOYSA-N,CS(C)=O,0.0,1.0,0.0,0.25,0.0,0.0
IAZDPXIOMUYVGZ-UHFFFAOYSA-N,CS(C)=O,0.0,1.0,0.0,0.25,0.0,0.0
IAZDPXIOMUYVGZ-UHFFFAOYSA-N,CS(C)=O,0.0,1.0,0.0,0.25,0.0,0.0
IAZDPXIOMUYVGZ-UHFFFAOYSA-N,CS(C)=O,0.0,1.0,0.0,0.25,0.0,0.0
IAZDPXIOMUYVGZ-UHFFFAOYSA-N,CS(C)=O,0.0,1.0,0.0,0.25,0.0,0.0
IAZDPXIOMUYVGZ-UHFFFAOYSA-N,CS(C)=O,0.0,1.0,0.0,0.25,0.0,0.0
IAZDPXIOMUYVGZ-UHFFFAOYSA-N,CS(C)=O,0.0,1.0,0.0,0.25,0.0,0.0
IAZDPXIOMUYVGZ-UHFFFAOYSA-N,CS(C)=O,0.0,1.0,0.0,0.25,0.0,0.0
IAZDPXIOMUYVGZ-UHFFFAOYSA-N,CS(C)=O,0.0,1.0,0.0,0.25,0.0,0.0
IAZDPXIOMUYVGZ-UHFFFAOYSA-N,CS(C)=O,0.0,1.0,0.0,0.25,0.0,0.0
IAZDPXIOMUYVGZ-UHFFFAOYSA-N,CS(C)=O,0.0,1.0,0.0,0.25,0.0,0.0
IEJIGPNLZYLLBP-UHFFFAOYSA-N,COC(=O)OC,0.0,3.0,0.0,0.5,0.0,0.0
IEJIGPNLZYLLBP-UHFFFAOYSA-N,COC(=O)OC,0.0,3.0,0.0,0.5,0.0,0.0
IEJIGPNLZYLLBP-UHFFFAOYSA-N,COC(=O)OC,0.0,3.0,0.0,0.5,0.0,0.0
IEJIGPNLZYLLBP-UHFFFAOYSA-N,COC(=O)OC,0.0,3.0,0.0,0.5,0.0,0.0
IEJIGPNLZYLLBP-UHFFFAOYSA-N,COC(=O)OC,0.0,3.0,0.0,0.5,0.0,0.0
IIRFCWANHMSDCG-UHFFFAOYSA-N,O=C1CCCCCCC1,0.0,1.0,0.0,0.1111111111111111,0.0,0.0
IIRFCWANHMSDCG-UHFFFAOYSA-N,O=C1CCCCCCC1,0.0,1.0,0.0,0.1111111111111111,0.0,0.0
IIRFCWANHMSDCG-UHFFFAOYSA-N,O=C1CCCCCCC1,0.0,1.0,0.0,0.1111111111111111,0.0,0.0
IIRFCWANHMSDCG-UHFFFAOYSA-N,O=C1CCCCCCC1,0.0,1.0,0.0,0.1111111111111111,0.0,0.0
IIRFCWANHMSDCG-UHFFFAOYSA-N,O=C1CCCCCCC1,0.0,1.0,0.0,0.1111111111111111,0.0,0.0
IIRFCWANHMSDCG-UHFFFAOYSA-N,O=C1CCCCCCC1,0.0,1.0,0.0,0.1111111111111111,0.0,0.0
IIRFCWANHMSDCG-UHFFFAOYSA-N,O=C1CCCCCCC1,0.0,1.0,0.0,0.1111111111111111,0.0,0.0
IIRFCWANHMSDCG-UHFFFAOYSA-N,O=C1CCCCCCC1,0.0,1.0,0.0,0.1111111111111111,0.0,0.0
IIRFCWANHMSDCG-UHFFFAOYSA-N,O=C1CCCCCCC1,0.0,1.0,0.0,0.1111111111111111,0.0,0.0
IIRFCWANHMSDCG-UHFFFAOYSA-N,O=C1CCCCCCC1,0.0,1.0,0.0,0.1111111111111111,0.0,0.0
IIRFCWANHMSDCG-UHFFFAOYSA-N,O=C1CCCCCCC1,0.0,1.0,0.0,0.1111111111111111,0.0,0.0
IIRFCWANHMSDCG-UHFFFAOYSA-N,O=C1CCCCCCC1,0.0,1.0,0.0,0.1111111111111111,0.0,0.0
IIRFCWANHMSDCG-UHFFFAOYSA-N,O=C1CCCCCCC1,0.0,1.0,0.0,0.1111111111111111,0.0,0.0
IIRFCWANHMSDCG-UHFFFAOYSA-N,O=C1CCCCCCC1,0.0,1.0,0.0,0.1111111111111111,0.0,0.0
IIRFCWANHMSDCG-UHFFFAOYSA-N,O=C1CCCCCCC1,0.0,1.0,0.0,0.1111111111111111,0.0,0.0
IIRFCWANHMSDCG-UHFFFAOYSA-N,O=C1CCCCCCC1,0.0,1.0,0.0,0.1111111111111111,0.0,0.0
IIRFCWANHMSDCG-UHFFFAOYSA-N,O=C1CCCCCCC1,0.0,1.0,0.0,0.1111111111111111,0.0,0.0
IIRFCWANHMSDCG-UHFFFAOYSA-N,O=C1CCCCCCC1,0.0,1.0,0.0,0.1111111111111111,0.0,0.0
IMNFDUFMRHMDMM-UHFFFAOYSA-N,CCCCCCC,0.0,0.0,0.0,0.0,0.0,0.0
IMNFDUFMRHMDMM-UHFFFAOYSA-N,CCCCCCC,0.0,0.0,0.0,0.0,0.0,0.0
IMNFDUFMRHMDMM-UHFFFAOYSA-N,CCCCCCC,0.0,0.0,0.0,0.0,0.0,0.0
JHIVVAPYMSGYDF-UHFFFAOYSA-N,O=C1CCCCC1,0.0,1.0,0.0,0.14285714285714285,0.0,0.0
JHIVVAPYMSGYDF-UHFFFAOYSA-N,O=C1CCCCC1,0.0,1.0,0.0,0.14285714285714285,0.0,0.0
JHIVVAPYMSGYDF-UHFFFAOYSA-N,O=C1CCCCC1,0.0,1.0,0.0,0.14285714285714285,0.0,0.0
JHIVVAPYMSGYDF-UHFFFAOYSA-N,O=C1CCCCC1,0.0,1.0,0.0,0.14285714285714285,0.0,0.0
JHIVVAPYMSGYDF-UHFFFAOYSA-N,O=C1CCCCC1,0.0,1.0,0.0,0.14285714285714285,0.0,0.0
JHIVVAPYMSGYDF-UHFFFAOYSA-N,O=C1CCCCC1,0.0,1.0,0.0,0.14285714285714285,0.0,0.0
JHIVVAPYMSGYDF-UHFFFAOYSA-N,O=C1CCCCC1,0.0,1.0,0.0,0.14285714285714285,0.0,0.0
JHIVVAPYMSGYDF-UHFFFAOYSA-N,O=C1CCCCC1,0.0,1.0,0.0,0.14285714285714285,0.0,0.0
JHIVVAPYMSGYDF-UHFFFAOYSA-N,O=C1CCCCC1,0.0,1.0,0.0,0.14285714285714285,0.0,0.0
JHIVVAPYMSGYDF-UHFFFAOYSA-N,O=C1CCCCC1,0.0,1.0,0.0,0.14285714285714285,0.0,0.0
JHIVVAPYMSGYDF-UHFFFAOYSA-N,O=C1CCCCC1,0.0,1.0,0.0,0.14285714285714285,0.0,0.0
JHIVVAPYMSGYDF-UHFFFAOYSA-N,O=C1CCCCC1,0.0,1.0,0.0,0.14285714285714285,0.0,0.0
JHIVVAPYMSGYDF-UHFFFAOYSA-N,O=C1CCCCC1,0.0,1.0,0.0,0.14285714285714285,0.0,0.0
JHIVVAPYMSGYDF-UHFFFAOYSA-N,O=C1CCCCC1,0.0,1.0,0.0,0.14285714285714285,0.0,0.0
JHIVVAPYMSGYDF-UHFFFAOYSA-N,O=C1CCCCC1,0.0,1.0,0.0,0.14285714285714285,0.0,0.0
JHIVVAPYMSGYDF-UHFFFAOYSA-N,O=C1CCCCC1,0.0,1.0,0.0,0.14285714285714285,0.0,0.0
JHIVVAPYMSGYDF-UHFFFAOYSA-N,O=C1CCCCC1,0.0,1.0,0.0,0.14285714285714285,0.0,0.0
JHIVVAPYMSGYDF-UHFFFAOYSA-N,O=C1CCCCC1,0.0,1.0,0.0,0.14285714285714285,0.0,0.0
JHIVVAPYMSGYDF-UHFFFAOYSA-N,O=C1CCCCC1,0.0,1.0,0.0,0.14285714285714285,0.0,0.0
JHIVVAPYMSGYDF-UHFFFAOYSA-N,O=C1CCCCC1,0.0,1.0,0.0,0.14285714285714285,0.0,0.0
JHIVVAPYMSGYDF-UHFFFAOYSA-N,O=C1CCCCC1,0.0,1.0,0.0,0.14285714285714285,0.0,0.0
JHIVVAPYMSGYDF-UHFFFAOYSA-N,O=C1CCCCC1,0.0,1.0,0.0,0.14285714285714285,0.0,0.0
JHIVVAPYMSGYDF-UHFFFAOYSA-N,O=C1CCCCC1,0.0,1.0,0.0,0.14285714285714285,0.0,0.0
JHIVVAPYMSGYDF-UHFFFAOYSA-N,O=C1CCCCC1,0.0,1.0,0.0,0.14285714285714285,0.0,0.0
JHIVVAPYMSGYDF-UHFFFAOYSA-N,O=C1CCCCC1,0.0,1.0,0.0,0.14285714285714285,0.0,0.0
JHIVVAPYMSGYDF-UHFFFAOYSA-N,O=C1CCCCC1,0.0,1.0,0.0,0.14285714285714285,0.0,0.0
JHIVVAPYMSGYDF-UHFFFAOYSA-N,O=C1CCCCC1,0.0,1.0,0.0,0.14285714285714285,0.0,0.0
JHIVVAPYMSGYDF-UHFFFAOYSA-N,O=C1CCCCC1,0.0,1.0,0.0,0.14285714285714285,0.0,0.0
JHIVVAPYMSGYDF-UHFFFAOYSA-N,O=C1CCCCC1,0.0,1.0,0.0,0.14285714285714285,0.0,0.0
JHIVVAPYMSGYDF-UHFFFAOYSA-N,O=C1CCCCC1,0.0,1.0,0.0,0.14285714285714285,0.0,0.0
JIGUQPWFLRLWPJ-UHFFFAOYSA-N,C=CC(=O)OCC,0.0,2.0,0.0,0.2857142857142857,0.0,0.0
JIGUQPWFLRLWPJ-UHFFFAOYSA-N,C=CC(=O)OCC,0.0,2.0,0.0,0.2857142857142857,0.0,0.0
JIGUQPWFLRLWPJ-UHFFFAOYSA-N,C=CC(=O)OCC,0.0,2.0,0.0,0.2857142857142857,0.0,0.0
JIGUQPWFLRLWPJ-UHFFFAOYSA-N,C=CC(=O)OCC,0.0,2.0,0.0,0.2857142857142857,0.0,0.0
JIGUQPWFLRLWPJ-UHFFFAOYSA-N,C=CC(=O)OCC,0.0,2.0,0.0,0.2857142857142857,0.0,0.0
JIGUQPWFLRLWPJ-UHFFFAOYSA-N,C=CC(=O)OCC,0.0,2.0,0.0,0.2857142857142857,0.0,0.0
JIGUQPWFLRLWPJ-UHFFFAOYSA-N,C=CC(=O)OCC,0.0,2.0,0.0,0.2857142857142857,0.0,0.0
JIGUQPWFLRLWPJ-UHFFFAOYSA-N,C=CC(=O)OCC,0.0,2.0,0.0,0.2857142857142857,0.0,0.0
JIGUQPWFLRLWPJ-UHFFFAOYSA-N,C=CC(=O)OCC,0.0,2.0,0.0,0.2857142857142857,0.0,0.0
JIGUQPWFLRLWPJ-UHFFFAOYSA-N,C=CC(=O)OCC,0.0,2.0,0.0,0.2857142857142857,0.0,0.0
JIGUQPWFLRLWPJ-UHFFFAOYSA-N,C=CC(=O)OCC,0.0,2.0,0.0,0.2857142857142857,0.0,0.0
JIGUQPWFLRLWPJ-UHFFFAOYSA-N,C=CC(=O)OCC,0.0,2.0,0.0,0.2857142857142857,0.0,0.0
JIGUQPWFLRLWPJ-UHFFFAOYSA-N,C=CC(=O)OCC,0.0,2.0,0.0,0.2857142857142857,0.0,0.0
JIGUQPWFLRLWPJ-UHFFFAOYSA-N,C=CC(=O)OCC,0.0,2.0,0.0,0.2857142857142857,0.0,0.0
JIGUQPWFLRLWPJ-UHFFFAOYSA-N,C=CC(=O)OCC,0.0,2.0,0.0,0.2857142857142857,0.0,0.0
JIGUQPWFLRLWPJ-UHFFFAOYSA-N,C=CC(=O)OCC,0.0,2.0,0.0,0.2857142857142857,0.0,0.0
JIGUQPWFLRLWPJ-UHFFFAOYSA-N,C=CC(=O)OCC,0.0,2.0,0.0,0.2857142857142857,0.0,0.0
JIGUQPWFLRLWPJ-UHFFFAOYSA-N,C=CC(=O)OCC,0.0,2.0,0.0,0.2857142857142857,0.0,0.0
JIGUQPWFLRLWPJ-UHFFFAOYSA-N,C=CC(=O)OCC,0.0,2.0,0.0,0.2857142857142857,0.0,0.0
JIGUQPWFLRLWPJ-UHFFFAOYSA-N,C=CC(=O)OCC,0.0,2.0,0.0,0.2857142857142857,0.0,0.0
JIGUQPWFLRLWPJ-UHFFFAOYSA-N,C=CC(=O)OCC,0.0,2.0,0.0,0.2857142857142857,0.0,0.0
JIGUQPWFLRLWPJ-UHFFFAOYSA-N,C=CC(=O)OCC,0.0,2.0,0.0,0.2857142857142857,0.0,0.0
JIGUQPWFLRLWPJ-UHFFFAOYSA-N,C=CC(=O)OCC,0.0,2.0,0.0,0.2857142857142857,0.0,0.0
JIGUQPWFLRLWPJ-UHFFFAOYSA-N,C=CC(=O)OCC,0.0,2.0,0.0,0.2857142857142857,0.0,0.0
JIGUQPWFLRLWPJ-UHFFFAOYSA-N,C=CC(=O)OCC,0.0,2.0,0.0,0.2857142857142857,0.0,0.0
JYPJLAPMBJKRDG-UHFFFAOYSA-M,CCCCS(=O)(=O)[O-].CCn1cc[n+](C)c1,0.0,3.0,0.0,0.1875,0.0,0.0
KBPLFHHGFOOTCA-UHFFFAOYSA-N,CCCCCCCCO,1.0,1.0,0.1111111111111111,0.1111111111111111,0.0,0.012345679012345678
KBPLFHHGFOOTCA-UHFFFAOYSA-N,CCCCCCCCO,1.0,1.0,0.1111111111111111,0.1111111111111111,0.0,0.012345679012345678
KBPLFHHGFOOTCA-UHFFFAOYSA-N,CCCCCCCCO,1.0,1.0,0.1111111111111111,0.1111111111111111,0.0,0.012345679012345678
KBPLFHHGFOOTCA-UHFFFAOYSA-N,CCCCCCCCO,1.0,1.0,0.1111111111111111,0.1111111111111111,0.0,0.012345679012345678
KBPLFHHGFOOTCA-UHFFFAOYSA-N,CCCCCCCCO,1.0,1.0,0.1111111111111111,0.1111111111111111,0.0,0.012345679012345678
KBPLFHHGFOOTCA-UHFFFAOYSA-N,CCCCCCCCO,1.0,1.0,0.1111111111111111,0.1111111111111111,0.0,0.012345679012345678
KFZMGEQAYNKOFK-UHFFFAOYSA-N,CC(C)O,1.0,1.0,0.25,0.25,0.0,0.0625
KFZMGEQAYNKOFK-UHFFFAOYSA-N,CC(C)O,1.0,1.0,0.25,0.25,0.0,0.0625
KFZMGEQAYNKOFK-UHFFFAOYSA-N,CC(C)O,1.0,1.0,0.25,0.25,0.0,0.0625
KFZMGEQAYNKOFK-UHFFFAOYSA-N,CC(C)O,1.0,1.0,0.25,0.25,0.0,0.0625
KFZMGEQAYNKOFK-UHFFFAOYSA-N,CC(C)O,1.0,1.0,0.25,0.25,0.0,0.0625
KFZMGEQAYNKOFK-UHFFFAOYSA-N,CC(C)O,1.0,1.0,0.25,0.25,0.0,0.0625
KFZMGEQAYNKOFK-UHFFFAOYSA-N,CC(C)O,1.0,1.0,0.25,0.25,0.0,0.0625
KFZMGEQAYNKOFK-UHFFFAOYSA-N,CC(C)O,1.0,1.0,0.25,0.25,0.0,0.0625
KFZMGEQAYNKOFK-UHFFFAOYSA-N,CC(C)O,1.0,1.0,0.25,0.25,0.0,0.0625
KFZMGEQAYNKOFK-UHFFFAOYSA-N,CC(C)O,1.0,1.0,0.25,0.25,0.0,0.0625
KLTUZFZUYLXTFF-UHFFFAOYSA-N,C[n+]1ccn(CCO)c1.F[B-](F)(F)F,1.0,1.0,0.07142857142857142,0.07142857142857142,0.0,0.00510204081632653
LBHLGZNUPKUZJC-UHFFFAOYSA-N,CCCC[N+]1(C)CCCC1.N#C[N-]C#N,0.0,2.0,0.0,0.13333333333333333,0.0,0.0
LCGLNKUTAGEVQW-UHFFFAOYSA-N,COC,0.0,1.0,0.0,0.3333333333333333,0.0,0.0
LCGLNKUTAGEVQW-UHFFFAOYSA-N,COC,0.0,1.0,0.0,0.3333333333333333,0.0,0.0
LCGLNKUTAGEVQW-UHFFFAOYSA-N,COC,0.0,1.0,0.0,0.3333333333333333,0.0,0.0
LCGLNKUTAGEVQW-UHFFFAOYSA-N,COC,0.0,1.0,0.0,0.3333333333333333,0.0,0.0
LCGLNKUTAGEVQW-UHFFFAOYSA-N,COC,0.0,1.0,0.0,0.3333333333333333,0.0,0.0
LCGLNKUTAGEVQW-UHFFFAOYSA-N,COC,0.0,1.0,0.0,0.3333333333333333,0.0,0.0
LCGLNKUTAGEVQW-UHFFFAOYSA-N,COC,0.0,1.0,0.0,0.3333333333333333,0.0,0.0
LCGLNKUTAGEVQW-UHFFFAOYSA-N,COC,0.0,1.0,0.0,0.3333333333333333,0.0,0.0
LCGLNKUTAGEVQW-UHFFFAOYSA-N,COC,0.0,1.0,0.0,0.3333333333333333,0.0,0.0
LCGLNKUTAGEVQW-UHFFFAOYSA-N,COC,0.0,1.0,0.0,0.3333333333333333,0.0,0.0
LCGLNKUTAGEVQW-UHFFFAOYSA-N,COC,0.0,1.0,0.0,0.3333333333333333,0.0,0.0
LCGLNKUTAGEVQW-UHFFFAOYSA-N,COC,0.0,1.0,0.0,0.3333333333333333,0.0,0.0
LCGLNKUTAGEVQW-UHFFFAOYSA-N,COC,0.0,1.0,0.0,0.3333333333333333,0.0,0.0
LCGLNKUTAGEVQW-UHFFFAOYSA-N,COC,0.0,1.0,0.0,0.3333333333333333,0.0,0.0
LCGLNKUTAGEVQW-UHFFFAOYSA-N,COC,0.0,1.0,0.0,0.3333333333333333,0.0,0.0
LCGLNKUTAGEVQW-UHFFFAOYSA-N,COC,0.0,1.0,0.0,0.3333333333333333,0.0,0.0
LCGLNKUTAGEVQW-UHFFFAOYSA-N,COC,0.0,1.0,0.0,0.3333333333333333,0.0,0.0
LCGLNKUTAGEVQW-UHFFFAOYSA-N,COC,0.0,1.0,0.0,0.3333333333333333,0.0,0.0
LCGLNKUTAGEVQW-UHFFFAOYSA-N,COC,0.0,1.0,0.0,0.3333333333333333,0.0,0.0
LCGLNKUTAGEVQW-UHFFFAOYSA-N,COC,0.0,1.0,0.0,0.3333333333333333,0.0,0.0
LCGLNKUTAGEVQW-UHFFFAOYSA-N,COC,0.0,1.0,0.0,0.3333333333333333,0.0,0.0
LCGLNKUTAGEVQW-UHFFFAOYSA-N,COC,0.0,1.0,0.0,0.3333333333333333,0.0,0.0
LCGLNKUTAGEVQW-UHFFFAOYSA-N,COC,0.0,1.0,0.0,0.3333333333333333,0.0,0.0
LCGLNKUTAGEVQW-UHFFFAOYSA-N,COC,0.0,1.0,0.0,0.3333333333333333,0.0,0.0
LCGLNKUTAGEVQW-UHFFFAOYSA-N,COC,0.0,1.0,0.0,0.3333333333333333,0.0,0.0
LCGLNKUTAGEVQW-UHFFFAOYSA-N,COC,0.0,1.0,0.0,0.3333333333333333,0.0,0.0
LCGLNKUTAGEVQW-UHFFFAOYSA-N,COC,0.0,1.0,0.0,0.3333333333333333,0.0,0.0
LCGLNKUTAGEVQW-UHFFFAOYSA-N,COC,0.0,1.0,0.0,0.3333333333333333,0.0,0.0
LCGLNKUTAGEVQW-UHFFFAOYSA-N,COC,0.0,1.0,0.0,0.3333333333333333,0.0,0.0
LCGLNKUTAGEVQW-UHFFFAOYSA-N,COC,0.0,1.0,0.0,0.3333333333333333,0.0,0.0
LCGLNKUTAGEVQW-UHFFFAOYSA-N,COC,0.0,1.0,0.0,0.3333333333333333,0.0,0.0
LCGLNKUTAGEVQW-UHFFFAOYSA-N,COC,0.0,1.0,0.0,0.3333333333333333,0.0,0.0
LCGLNKUTAGEVQW-UHFFFAOYSA-N,COC,0.0,1.0,0.0,0.3333333333333333,0.0,0.0
LCGLNKUTAGEVQW-UHFFFAOYSA-N,COC,0.0,1.0,0.0,0.3333333333333333,0.0,0.0
LCGLNKUTAGEVQW-UHFFFAOYSA-N,COC,0.0,1.0,0.0,0.3333333333333333,0.0,0.0
LCGLNKUTAGEVQW-UHFFFAOYSA-N,COC,0.0,1.0,0.0,0.3333333333333333,0.0,0.0
LCGLNKUTAGEVQW-UHFFFAOYSA-N,COC,0.0,1.0,0.0,0.3333333333333333,0.0,0.0
LCGLNKUTAGEVQW-UHFFFAOYSA-N,COC,0.0,1.0,0.0,0.3333333333333333,0.0,0.0
LCGLNKUTAGEVQW-UHFFFAOYSA-N,COC,0.0,1.0,0.0,0.3333333333333333,0.0,0.0
LCGLNKUTAGEVQW-UHFFFAOYSA-N,COC,0.0,1.0,0.0,0.3333333333333333,0.0,0.0
LCGLNKUTAGEVQW-UHFFFAOYSA-N,COC,0.0,1.0,0.0,0.3333333333333333,0.0,0.0
LCGLNKUTAGEVQW-UHFFFAOYSA-N,COC,0.0,1.0,0.0,0.3333333333333333,0.0,0.0
LCGLNKUTAGEVQW-UHFFFAOYSA-N,COC,0.0,1.0,0.0,0.3333333333333333,0.0,0.0
LCGLNKUTAGEVQW-UHFFFAOYSA-N,COC,0.0,1.0,0.0,0.3333333333333333,0.0,0.0
LCGLNKUTAGEVQW-UHFFFAOYSA-N,COC,0.0,1.0,0.0,0.3333333333333333,0.0,0.0
LCGLNKUTAGEVQW-UHFFFAOYSA-N,COC,0.0,1.0,0.0,0.3333333333333333,0.0,0.0
LCGLNKUTAGEVQW-UHFFFAOYSA-N,COC,0.0,1.0,0.0,0.3333333333333333,0.0,0.0
LCGLNKUTAGEVQW-UHFFFAOYSA-N,COC,0.0,1.0,0.0,0.3333333333333333,0.0,0.0
LCGLNKUTAGEVQW-UHFFFAOYSA-N,COC,0.0,1.0,0.0,0.3333333333333333,0.0,0.0
LCGLNKUTAGEVQW-UHFFFAOYSA-N,COC,0.0,1.0,0.0,0.3333333333333333,0.0,0.0
LCGLNKUTAGEVQW-UHFFFAOYSA-N,COC,0.0,1.0,0.0,0.3333333333333333,0.0,0.0
LCGLNKUTAGEVQW-UHFFFAOYSA-N,COC,0.0,1.0,0.0,0.3333333333333333,0.0,0.0
LCGLNKUTAGEVQW-UHFFFAOYSA-N,COC,0.0,1.0,0.0,0.3333333333333333,0.0,0.0
LCGLNKUTAGEVQW-UHFFFAOYSA-N,COC,0.0,1.0,0.0,0.3333333333333333,0.0,0.0
LCGLNKUTAGEVQW-UHFFFAOYSA-N,COC,0.0,1.0,0.0,0.3333333333333333,0.0,0.0
LCGLNKUTAGEVQW-UHFFFAOYSA-N,COC,0.0,1.0,0.0,0.3333333333333333,0.0,0.0
LCGLNKUTAGEVQW-UHFFFAOYSA-N,COC,0.0,1.0,0.0,0.3333333333333333,0.0,0.0
LCGLNKUTAGEVQW-UHFFFAOYSA-N,COC,0.0,1.0,0.0,0.3333333333333333,0.0,0.0
LCGLNKUTAGEVQW-UHFFFAOYSA-N,COC,0.0,1.0,0.0,0.3333333333333333,0.0,0.0
LCGLNKUTAGEVQW-UHFFFAOYSA-N,COC,0.0,1.0,0.0,0.3333333333333333,0.0,0.0
LCGLNKUTAGEVQW-UHFFFAOYSA-N,COC,0.0,1.0,0.0,0.3333333333333333,0.0,0.0
LCGLNKUTAGEVQW-UHFFFAOYSA-N,COC,0.0,1.0,0.0,0.3333333333333333,0.0,0.0
LCGLNKUTAGEVQW-UHFFFAOYSA-N,COC,0.0,1.0,0.0,0.3333333333333333,0.0,0.0
LCGLNKUTAGEVQW-UHFFFAOYSA-N,COC,0.0,1.0,0.0,0.3333333333333333,0.0,0.0
LCGLNKUTAGEVQW-UHFFFAOYSA-N,COC,0.0,1.0,0.0,0.3333333333333333,0.0,0.0
LCGLNKUTAGEVQW-UHFFFAOYSA-N,COC,0.0,1.0,0.0,0.3333333333333333,0.0,0.0
LCGLNKUTAGEVQW-UHFFFAOYSA-N,COC,0.0,1.0,0.0,0.3333333333333333,0.0,0.0
LCGLNKUTAGEVQW-UHFFFAOYSA-N,COC,0.0,1.0,0.0,0.3333333333333333,0.0,0.0
LCGLNKUTAGEVQW-UHFFFAOYSA-N,COC,0.0,1.0,0.0,0.3333333333333333,0.0,0.0
LCGLNKUTAGEVQW-UHFFFAOYSA-N,COC,0.0,1.0,0.0,0.3333333333333333,0.0,0.0
LCGLNKUTAGEVQW-UHFFFAOYSA-N,COC,0.0,1.0,0.0,0.3333333333333333,0.0,0.0
LCGLNKUTAGEVQW-UHFFFAOYSA-N,COC,0.0,1.0,0.0,0.3333333333333333,0.0,0.0
LCGLNKUTAGEVQW-UHFFFAOYSA-N,COC,0.0,1.0,0.0,0.3333333333333333,0.0,0.0
LCGLNKUTAGEVQW-UHFFFAOYSA-N,COC,0.0,1.0,0.0,0.3333333333333333,0.0,0.0
LCGLNKUTAGEVQW-UHFFFAOYSA-N,COC,0.0,1.0,0.0,0.3333333333333333,0.0,0.0
LCGLNKUTAGEVQW-UHFFFAOYSA-N,COC,0.0,1.0,0.0,0.3333333333333333,0.0,0.0
LCGLNKUTAGEVQW-UHFFFAOYSA-N,COC,0.0,1.0,0.0,0.3333333333333333,0.0,0.0
LCGLNKUTAGEVQW-UHFFFAOYSA-N,COC,0.0,1.0,0.0,0.3333333333333333,0.0,0.0
LCGLNKUTAGEVQW-UHFFFAOYSA-N,COC,0.0,1.0,0.0,0.3333333333333333,0.0,0.0
LCGLNKUTAGEVQW-UHFFFAOYSA-N,COC,0.0,1.0,0.0,0.3333333333333333,0.0,0.0
LCGLNKUTAGEVQW-UHFFFAOYSA-N,COC,0.0,1.0,0.0,0.3333333333333333,0.0,0.0
LCGLNKUTAGEVQW-UHFFFAOYSA-N,COC,0.0,1.0,0.0,0.3333333333333333,0.0,0.0
LCGLNKUTAGEVQW-UHFFFAOYSA-N,COC,0.0,1.0,0.0,0.3333333333333333,0.0,0.0
LCGLNKUTAGEVQW-UHFFFAOYSA-N,COC,0.0,1.0,0.0,0.3333333333333333,0.0,0.0
LCGLNKUTAGEVQW-UHFFFAOYSA-N,COC,0.0,1.0,0.0,0.3333333333333333,0.0,0.0
LCGLNKUTAGEVQW-UHFFFAOYSA-N,COC,0.0,1.0,0.0,0.3333333333333333,0.0,0.0
LCGLNKUTAGEVQW-UHFFFAOYSA-N,COC,0.0,1.0,0.0,0.3333333333333333,0.0,0.0
LCGLNKUTAGEVQW-UHFFFAOYSA-N,COC,0.0,1.0,0.0,0.3333333333333333,0.0,0.0
LCGLNKUTAGEVQW-UHFFFAOYSA-N,COC,0.0,1.0,0.0,0.3333333333333333,0.0,0.0
LCGLNKUTAGEVQW-UHFFFAOYSA-N,COC,0.0,1.0,0.0,0.3333333333333333,0.0,0.0
LCGLNKUTAGEVQW-UHFFFAOYSA-N,COC,0.0,1.0,0.0,0.3333333333333333,0.0,0.0
LCGLNKUTAGEVQW-UHFFFAOYSA-N,COC,0.0,1.0,0.0,0.3333333333333333,0.0,0.0
LCGLNKUTAGEVQW-UHFFFAOYSA-N,COC,0.0,1.0,0.0,0.3333333333333333,0.0,0.0
LCGLNKUTAGEVQW-UHFFFAOYSA-N,COC,0.0,1.0,0.0,0.3333333333333333,0.0,0.0
LCGLNKUTAGEVQW-UHFFFAOYSA-N,COC,0.0,1.0,0.0,0.3333333333333333,0.0,0.0
LCGLNKUTAGEVQW-UHFFFAOYSA-N,COC,0.0,1.0,0.0,0.3333333333333333,0.0,0.0
LCGLNKUTAGEVQW-UHFFFAOYSA-N,COC,0.0,1.0,0.0,0.3333333333333333,0.0,0.0
LCGLNKUTAGEVQW-UHFFFAOYSA-N,COC,0.0,1.0,0.0,0.3333333333333333,0.0,0.0
LCGLNKUTAGEVQW-UHFFFAOYSA-N,COC,0.0,1.0,0.0,0.3333333333333333,0.0,0.0
LCGLNKUTAGEVQW-UHFFFAOYSA-N,COC,0.0,1.0,0.0,0.3333333333333333,0.0,0.0
LCGLNKUTAGEVQW-UHFFFAOYSA-N,COC,0.0,1.0,0.0,0.3333333333333333,0.0,0.0
LCGLNKUTAGEVQW-UHFFFAOYSA-N,COC,0.0,1.0,0.0,0.3333333333333333,0.0,0.0
LCGLNKUTAGEVQW-UHFFFAOYSA-N,COC,0.0,1.0,0.0,0.3333333333333333,0.0,0.0
LCGLNKUTAGEVQW-UHFFFAOYSA-N,COC,0.0,1.0,0.0,0.3333333333333333,0.0,0.0
LCGLNKUTAGEVQW-UHFFFAOYSA-N,COC,0.0,1.0,0.0,0.3333333333333333,0.0,0.0
LCGLNKUTAGEVQW-UHFFFAOYSA-N,COC,0.0,1.0,0.0,0.3333333333333333,0.0,0.0
LCGLNKUTAGEVQW-UHFFFAOYSA-N,COC,0.0,1.0,0.0,0.3333333333333333,0.0,0.0
LCGLNKUTAGEVQW-UHFFFAOYSA-N,COC,0.0,1.0,0.0,0.3333333333333333,0.0,0.0
LCGLNKUTAGEVQW-UHFFFAOYSA-N,COC,0.0,1.0,0.0,0.3333333333333333,0.0,0.0
LCGLNKUTAGEVQW-UHFFFAOYSA-N,COC,0.0,1.0,0.0,0.3333333333333333,0.0,0.0
LCGLNKUTAGEVQW-UHFFFAOYSA-N,COC,0.0,1.0,0.0,0.3333333333333333,0.0,0.0
LCGLNKUTAGEVQW-UHFFFAOYSA-N,COC,0.0,1.0,0.0,0.3333333333333333,0.0,0.0
LCGLNKUTAGEVQW-UHFFFAOYSA-N,COC,0.0,1.0,0.0,0.3333333333333333,0.0,0.0
LCGLNKUTAGEVQW-UHFFFAOYSA-N,COC,0.0,1.0,0.0,0.3333333333333333,0.0,0.0
LCGLNKUTAGEVQW-UHFFFAOYSA-N,COC,0.0,1.0,0.0,0.3333333333333333,0.0,0.0
LCGLNKUTAGEVQW-UHFFFAOYSA-N,COC,0.0,1.0,0.0,0.3333333333333333,0.0,0.0
LCGLNKUTAGEVQW-UHFFFAOYSA-N,COC,0.0,1.0,0.0,0.3333333333333333,0.0,0.0
LCGLNKUTAGEVQW-UHFFFAOYSA-N,COC,0.0,1.0,0.0,0.3333333333333333,0.0,0.0
LCGLNKUTAGEVQW-UHFFFAOYSA-N,COC,0.0,1.0,0.0,0.3333333333333333,0.0,0.0
LCGLNKUTAGEVQW-UHFFFAOYSA-N,COC,0.0,1.0,0.0,0.3333333333333333,0.0,0.0
LCGLNKUTAGEVQW-UHFFFAOYSA-N,COC,0.0,1.0,0.0,0.3333333333333333,0.0,0.0
LCGLNKUTAGEVQW-UHFFFAOYSA-N,COC,0.0,1.0,0.0,0.3333333333333333,0.0,0.0
LCGLNKUTAGEVQW-UHFFFAOYSA-N,COC,0.0,1.0,0.0,0.3333333333333333,0.0,0.0
LCGLNKUTAGEVQW-UHFFFAOYSA-N,COC,0.0,1.0,0.0,0.3333333333333333,0.0,0.0
LCGLNKUTAGEVQW-UHFFFAOYSA-N,COC,0.0,1.0,0.0,0.3333333333333333,0.0,0.0
LCGLNKUTAGEVQW-UHFFFAOYSA-N,COC,0.0,1.0,0.0,0.3333333333333333,0.0,0.0
LCGLNKUTAGEVQW-UHFFFAOYSA-N,COC,0.0,1.0,0.0,0.3333333333333333,0.0,0.0
LCGLNKUTAGEVQW-UHFFFAOYSA-N,COC,0.0,1.0,0.0,0.3333333333333333,0.0,0.0
LCGLNKUTAGEVQW-UHFFFAOYSA-N,COC,0.0,1.0,0.0,0.3333333333333333,0.0,0.0
LCGLNKUTAGEVQW-UHFFFAOYSA-N,COC,0.0,1.0,0.0,0.3333333333333333,0.0,0.0
LCGLNKUTAGEVQW-UHFFFAOYSA-N,COC,0.0,1.0,0.0,0.3333333333333333,0.0,0.0
LCGLNKUTAGEVQW-UHFFFAOYSA-N,COC,0.0,1.0,0.0,0.3333333333333333,0.0,0.0
LCGLNKUTAGEVQW-UHFFFAOYSA-N,COC,0.0,1.0,0.0,0.3333333333333333,0.0,0.0
LCGLNKUTAGEVQW-UHFFFAOYSA-N,COC,0.0,1.0,0.0,0.3333333333333333,0.0,0.0
LCGLNKUTAGEVQW-UHFFFAOYSA-N,COC,0.0,1.0,0.0,0.3333333333333333,0.0,0.0
LCGLNKUTAGEVQW-UHFFFAOYSA-N,COC,0.0,1.0,0.0,0.3333333333333333,0.0,0.0
LCGLNKUTAGEVQW-UHFFFAOYSA-N,COC,0.0,1.0,0.0,0.3333333333333333,0.0,0.0
LCGLNKUTAGEVQW-UHFFFAOYSA-N,COC,0.0,1.0,0.0,0.3333333333333333,0.0,0.0
LCGLNKUTAGEVQW-UHFFFAOYSA-N,COC,0.0,1.0,0.0,0.3333333333333333,0.0,0.0
LCGLNKUTAGEVQW-UHFFFAOYSA-N,COC,0.0,1.0,0.0,0.3333333333333333,0.0,0.0
LCGLNKUTAGEVQW-UHFFFAOYSA-N,COC,0.0,1.0,0.0,0.3333333333333333,0.0,0.0
LCGLNKUTAGEVQW-UHFFFAOYSA-N,COC,0.0,1.0,0.0,0.3333333333333333,0.0,0.0
LCGLNKUTAGEVQW-UHFFFAOYSA-N,COC,0.0,1.0,0.0,0.3333333333333333,0.0,0.0
LCGLNKUTAGEVQW-UHFFFAOYSA-N,COC,0.0,1.0,0.0,0.3333333333333333,0.0,0.0
LCGLNKUTAGEVQW-UHFFFAOYSA-N,COC,0.0,1.0,0.0,0.3333333333333333,0.0,0.0
LFQSCWFLJHTTHZ-UHFFFAOYSA-N,CCO,1.0,1.0,0.3333333333333333,0.3333333333333333,0.0,0.1111111111111111
LFQSCWFLJHTTHZ-UHFFFAOYSA-N,CCO,1.0,1.0,0.3333333333333333,0.3333333333333333,0.0,0.1111111111111111
LFQSCWFLJHTTHZ-UHFFFAOYSA-N,CCO,1.0,1.0,0.3333333333333333,0.3333333333333333,0.0,0.1111111111111111
LFQSCWFLJHTTHZ-UHFFFAOYSA-N,CCO,1.0,1.0,0.3333333333333333,0.3333333333333333,0.0,0.1111111111111111
LFQSCWFLJHTTHZ-UHFFFAOYSA-N,CCO,1.0,1.0,0.3333333333333333,0.3333333333333333,0.0,0.1111111111111111
LFQSCWFLJHTTHZ-UHFFFAOYSA-N,CCO,1.0,1.0,0.3333333333333333,0.3333333333333333,0.0,0.1111111111111111
LFQSCWFLJHTTHZ-UHFFFAOYSA-N,CCO,1.0,1.0,0.3333333333333333,0.3333333333333333,0.0,0.1111111111111111
LFQSCWFLJHTTHZ-UHFFFAOYSA-N,CCO,1.0,1.0,0.3333333333333333,0.3333333333333333,0.0,0.1111111111111111
LFQSCWFLJHTTHZ-UHFFFAOYSA-N,CCO,1.0,1.0,0.3333333333333333,0.3333333333333333,0.0,0.1111111111111111
LFQSCWFLJHTTHZ-UHFFFAOYSA-N,CCO,1.0,1.0,0.3333333333333333,0.3333333333333333,0.0,0.1111111111111111
LFQSCWFLJHTTHZ-UHFFFAOYSA-N,CCO,1.0,1.0,0.3333333333333333,0.3333333333333333,0.0,0.1111111111111111
LFQSCWFLJHTTHZ-UHFFFAOYSA-N,CCO,1.0,1.0,0.3333333333333333,0.3333333333333333,0.0,0.1111111111111111
LFQSCWFLJHTTHZ-UHFFFAOYSA-N,CCO,1.0,1.0,0.3333333333333333,0.3333333333333333,0.0,0.1111111111111111
LFQSCWFLJHTTHZ-UHFFFAOYSA-N,CCO,1.0,1.0,0.3333333333333333,0.3333333333333333,0.0,0.1111111111111111
LFQSCWFLJHTTHZ-UHFFFAOYSA-N,CCO,1.0,1.0,0.3333333333333333,0.3333333333333333,0.0,0.1111111111111111
LFQSCWFLJHTTHZ-UHFFFAOYSA-N,CCO,1.0,1.0,0.3333333333333333,0.3333333333333333,0.0,0.1111111111111111
LFQSCWFLJHTTHZ-UHFFFAOYSA-N,CCO,1.0,1.0,0.3333333333333333,0.3333333333333333,0.0,0.1111111111111111
LFQSCWFLJHTTHZ-UHFFFAOYSA-N,CCO,1.0,1.0,0.3333333333333333,0.3333333333333333,0.0,0.1111111111111111
LFQSCWFLJHTTHZ-UHFFFAOYSA-N,CCO,1.0,1.0,0.3333333333333333,0.3333333333333333,0.0,0.1111111111111111
LLEVMYXEJUDBTA-UHFFFAOYSA-N,N#CCCCCCC#N,0.0,2.0,0.0,0.2222222222222222,0.0,0.0
LLEVMYXEJUDBTA-UHFFFAOYSA-N,N#CCCCCCC#N,0.0,2.0,0.0,0.2222222222222222,0.0,0.0
LLEVMYXEJUDBTA-UHFFFAOYSA-N,N#CCCCCCC#N,0.0,2.0,0.0,0.2222222222222222,0.0,0.0
LLEVMYXEJUDBTA-UHFFFAOYSA-N,N#CCCCCCC#N,0.0,2.0,0.0,0.2222222222222222,0.0,0.0
LLEVMYXEJUDBTA-UHFFFAOYSA-N,N#CCCCCCC#N,0.0,2.0,0.0,0.2222222222222222,0.0,0.0
LLEVMYXEJUDBTA-UHFFFAOYSA-N,N#CCCCCCC#N,0.0,2.0,0.0,0.2222222222222222,0.0,0.0
LLEVMYXEJUDBTA-UHFFFAOYSA-N,N#CCCCCCC#N,0.0,2.0,0.0,0.2222222222222222,0.0,0.0
LLEVMYXEJUDBTA-UHFFFAOYSA-N,N#CCCCCCC#N,0.0,2.0,0.0,0.2222222222222222,0.0,0.0
LLEVMYXEJUDBTA-UHFFFAOYSA-N,N#CCCCCCC#N,0.0,2.0,0.0,0.2222222222222222,0.0,0.0
LLEVMYXEJUDBTA-UHFFFAOYSA-N,N#CCCCCCC#N,0.0,2.0,0.0,0.2222222222222222,0.0,0.0
LLEVMYXEJUDBTA-UHFFFAOYSA-N,N#CCCCCCC#N,0.0,2.0,0.0,0.2222222222222222,0.0,0.0
LLEVMYXEJUDBTA-UHFFFAOYSA-N,N#CCCCCCC#N,0.0,2.0,0.0,0.2222222222222222,0.0,0.0
LLEVMYXEJUDBTA-UHFFFAOYSA-N,N#CCCCCCC#N,0.0,2.0,0.0,0.2222222222222222,0.0,0.0
LLEVMYXEJUDBTA-UHFFFAOYSA-N,N#CCCCCCC#N,0.0,2.0,0.0,0.2222222222222222,0.0,0.0
LLEVMYXEJUDBTA-UHFFFAOYSA-N,N#CCCCCCC#N,0.0,2.0,0.0,0.2222222222222222,0.0,0.0
LLEVMYXEJUDBTA-UHFFFAOYSA-N,N#CCCCCCC#N,0.0,2.0,0.0,0.2222222222222222,0.0,0.0
LLEVMYXEJUDBTA-UHFFFAOYSA-N,N#CCCCCCC#N,0.0,2.0,0.0,0.2222222222222222,0.0,0.0
LLEVMYXEJUDBTA-UHFFFAOYSA-N,N#CCCCCCC#N,0.0,2.0,0.0,0.2222222222222222,0.0,0.0
LLEVMYXEJUDBTA-UHFFFAOYSA-N,N#CCCCCCC#N,0.0,2.0,0.0,0.2222222222222222,0.0,0.0
LLEVMYXEJUDBTA-UHFFFAOYSA-N,N#CCCCCCC#N,0.0,2.0,0.0,0.2222222222222222,0.0,0.0
LLEVMYXEJUDBTA-UHFFFAOYSA-N,N#CCCCCCC#N,0.0,2.0,0.0,0.2222222222222222,0.0,0.0
LLEVMYXEJUDBTA-UHFFFAOYSA-N,N#CCCCCCC#N,0.0,2.0,0.0,0.2222222222222222,0.0,0.0
LLEVMYXEJUDBTA-UHFFFAOYSA-N,N#CCCCCCC#N,0.0,2.0,0.0,0.2222222222222222,0.0,0.0
LLEVMYXEJUDBTA-UHFFFAOYSA-N,N#CCCCCCC#N,0.0,2.0,0.0,0.2222222222222222,0.0,0.0
LLEVMYXEJUDBTA-UHFFFAOYSA-N,N#CCCCCCC#N,0.0,2.0,0.0,0.2222222222222222,0.0,0.0
LLEVMYXEJUDBTA-UHFFFAOYSA-N,N#CCCCCCC#N,0.0,2.0,0.0,0.2222222222222222,0.0,0.0
LLEVMYXEJUDBTA-UHFFFAOYSA-N,N#CCCCCCC#N,0.0,2.0,0.0,0.2222222222222222,0.0,0.0
LLEVMYXEJUDBTA-UHFFFAOYSA-N,N#CCCCCCC#N,0.0,2.0,0.0,0.2222222222222222,0.0,0.0
LLEVMYXEJUDBTA-UHFFFAOYSA-N,N#CCCCCCC#N,0.0,2.0,0.0,0.2222222222222222,0.0,0.0
LLEVMYXEJUDBTA-UHFFFAOYSA-N,N#CCCCCCC#N,0.0,2.0,0.0,0.2222222222222222,0.0,0.0
LLEVMYXEJUDBTA-UHFFFAOYSA-N,N#CCCCCCC#N,0.0,2.0,0.0,0.2222222222222222,0.0,0.0
LLEVMYXEJUDBTA-UHFFFAOYSA-N,N#CCCCCCC#N,0.0,2.0,0.0,0.2222222222222222,0.0,0.0
LLEVMYXEJUDBTA-UHFFFAOYSA-N,N#CCCCCCC#N,0.0,2.0,0.0,0.2222222222222222,0.0,0.0
LLEVMYXEJUDBTA-UHFFFAOYSA-N,N#CCCCCCC#N,0.0,2.0,0.0,0.2222222222222222,0.0,0.0
LLEVMYXEJUDBTA-UHFFFAOYSA-N,N#CCCCCCC#N,0.0,2.0,0.0,0.2222222222222222,0.0,0.0
LRHPLDYGYMQRHN-UHFFFAOYSA-N,CCCCO,1.0,1.0,0.2,0.2,0.0,0.04
LRHPLDYGYMQRHN-UHFFFAOYSA-N,CCCCO,1.0,1.0,0.2,0.2,0.0,0.04
LRHPLDYGYMQRHN-UHFFFAOYSA-N,CCCCO,1.0,1.0,0.2,0.2,0.0,0.04
LRHPLDYGYMQRHN-UHFFFAOYSA-N,CCCCO,1.0,1.0,0.2,0.2,0.0,0.04
LRHPLDYGYMQRHN-UHFFFAOYSA-N,CCCCO,1.0,1.0,0.2,0.2,0.0,0.04
LRHPLDYGYMQRHN-UHFFFAOYSA-N,CCCCO,1.0,1.0,0.2,0.2,0.0,0.04
LRHPLDYGYMQRHN-UHFFFAOYSA-N,CCCCO,1.0,1.0,0.2,0.2,0.0,0.04
LRHPLDYGYMQRHN-UHFFFAOYSA-N,CCCCO,1.0,1.0,0.2,0.2,0.0,0.04
LRHPLDYGYMQRHN-UHFFFAOYSA-N,CCCCO,1.0,1.0,0.2,0.2,0.0,0.04
LRHPLDYGYMQRHN-UHFFFAOYSA-N,CCCCO,1.0,1.0,0.2,0.2,0.0,0.04
LRHPLDYGYMQRHN-UHFFFAOYSA-N,CCCCO,1.0,1.0,0.2,0.2,0.0,0.04
LRHPLDYGYMQRHN-UHFFFAOYSA-N,CCCCO,1.0,1.0,0.2,0.2,0.0,0.04
LRHPLDYGYMQRHN-UHFFFAOYSA-N,CCCCO,1.0,1.0,0.2,0.2,0.0,0.04
LRHPLDYGYMQRHN-UHFFFAOYSA-N,CCCCO,1.0,1.0,0.2,0.2,0.0,0.04
LRHPLDYGYMQRHN-UHFFFAOYSA-N,CCCCO,1.0,1.0,0.2,0.2,0.0,0.04
LRHPLDYGYMQRHN-UHFFFAOYSA-N,CCCCO,1.0,1.0,0.2,0.2,0.0,0.04
LRHPLDYGYMQRHN-UHFFFAOYSA-N,CCCCO,1.0,1.0,0.2,0.2,0.0,0.04
LRHPLDYGYMQRHN-UHFFFAOYSA-N,CCCCO,1.0,1.0,0.2,0.2,0.0,0.04
LRHPLDYGYMQRHN-UHFFFAOYSA-N,CCCCO,1.0,1.0,0.2,0.2,0.0,0.04
LRHPLDYGYMQRHN-UHFFFAOYSA-N,CCCCO,1.0,1.0,0.2,0.2,0.0,0.04
LRHPLDYGYMQRHN-UHFFFAOYSA-N,CCCCO,1.0,1.0,0.2,0.2,0.0,0.04
LRHPLDYGYMQRHN-UHFFFAOYSA-N,CCCCO,1.0,1.0,0.2,0.2,0.0,0.04
LRHPLDYGYMQRHN-UHFFFAOYSA-N,CCCCO,1.0,1.0,0.2,0.2,0.0,0.04
LSBXQLQATZTAPE-UHFFFAOYSA-N,CCCCn1cc[n+](C)c1.F[B-](F)(F)F,0.0,0.0,0.0,0.0,0.0,0.0
LVTYICIALWPMFW-UHFFFAOYSA-N,CC(O)CNCC(C)O,3.0,3.0,0.3333333333333333,0.3333333333333333,2.0,0.1111111111111111
LVTYICIALWPMFW-UHFFFAOYSA-N,CC(O)CNCC(C)O,3.0,3.0,0.3333333333333333,0.3333333333333333,2.0,0.1111111111111111
LVTYICIALWPMFW-UHFFFAOYSA-N,CC(O)CNCC(C)O,3.0,3.0,0.3333333333333333,0.3333333333333333,2.0,0.1111111111111111
LVTYICIALWPMFW-UHFFFAOYSA-N,CC(O)CNCC(C)O,3.0,3.0,0.3333333333333333,0.3333333333333333,2.0,0.1111111111111111
LVTYICIALWPMFW-UHFFFAOYSA-N,CC(O)CNCC(C)O,3.0,3.0,0.3333333333333333,0.3333333333333333,2.0,0.1111111111111111
LVTYICIALWPMFW-UHFFFAOYSA-N,CC(O)CNCC(C)O,3.0,3.0,0.3333333333333333,0.3333333333333333,2.0,0.1111111111111111
LYCAIKOWRPUZTN-UHFFFAOYSA-N,OCCO,2.0,2.0,0.5,0.5,1.0,0.25
LZJIBRSVPKKOSI-UHFFFAOYSA-O,O=[N+]([O-])[O-].[NH3+]CCO,2.0,4.0,0.25,0.5,1.0,0.125
MCTWTZJPVLRJOU-UHFFFAOYSA-N,Cn1ccnc1,0.0,1.0,0.0,0.16666666666666666,0.0,0.0
MTHSVFCYNBDYFN-UHFFFAOYSA-N,OCCOCCO,2.0,3.0,0.2857142857142857,0.42857142857142855,2.0,0.12244897959183673
MTHSVFCYNBDYFN-UHFFFAOYSA-N,OCCOCCO,2.0,3.0,0.2857142857142857,0.42857142857142855,2.0,0.12244897959183673
MTHSVFCYNBDYFN-UHFFFAOYSA-N,OCCOCCO,2.0,3.0,0.2857142857142857,0.42857142857142855,2.0,0.12244897959183673
MWKFXSUHUHTGQN-UHFFFAOYSA-N,CCCCCCCCCCO,1.0,1.0,0.09090909090909091,0.09090909090909091,0.0,0.008264462809917356
NEQXUPRFDXNNTA-UHFFFAOYSA-N,CC(O)C(=O)O.NCCO,4.0,4.0,0.4,0.4,4.0,0.16
OHLUUHNLEMFGTQ-UHFFFAOYSA-N,CN=C(C)O,1.0,1.0,0.2,0.2,1.0,0.04
OHLUUHNLEMFGTQ-UHFFFAOYSA-N,CN=C(C)O,1.0,1.0,0.2,0.2,1.0,0.04
OHLUUHNLEMFGTQ-UHFFFAOYSA-N,CN=C(C)O,1.0,1.0,0.2,0.2,1.0,0.04
OHLUUHNLEMFGTQ-UHFFFAOYSA-N,CN=C(C)O,1.0,1.0,0.2,0.2,1.0,0.04
OHLUUHNLEMFGTQ-UHFFFAOYSA-N,CN=C(C)O,1.0,1.0,0.2,0.2,1.0,0.04
OHLUUHNLEMFGTQ-UHFFFAOYSA-N,CN=C(C)O,1.0,1.0,0.2,0.2,1.0,0.04
OHLUUHNLEMFGTQ-UHFFFAOYSA-N,CN=C(C)O,1.0,1.0,0.2,0.2,1.0,0.04
OHLUUHNLEMFGTQ-UHFFFAOYSA-N,CN=C(C)O,1.0,1.0,0.2,0.2,1.0,0.04
OHLUUHNLEMFGTQ-UHFFFAOYSA-N,CN=C(C)O,1.0,1.0,0.2,0.2,1.0,0.04
OHLUUHNLEMFGTQ-UHFFFAOYSA-N,CN=C(C)O,1.0,1.0,0.2,0.2,1.0,0.04
OIFBSDVPJOWBCH-UHFFFAOYSA-N,CCOC(=O)OCC,0.0,3.0,0.0,0.375,0.0,0.0
OIFBSDVPJOWBCH-UHFFFAOYSA-N,CCOC(=O)OCC,0.0,3.0,0.0,0.375,0.0,0.0
OIFBSDVPJOWBCH-UHFFFAOYSA-N,CCOC(=O)OCC,0.0,3.0,0.0,0.375,0.0,0.0
OIFBSDVPJOWBCH-UHFFFAOYSA-N,CCOC(=O)OCC,0.0,3.0,0.0,0.375,0.0,0.0
OIFBSDVPJOWBCH-UHFFFAOYSA-N,CCOC(=O)OCC,0.0,3.0,0.0,0.375,0.0,0.0
OKKJLVBELUTLKV-UHFFFAOYSA-N,CO,1.0,1.0,0.5,0.5,0.0,0.25
OKKJLVBELUTLKV-UHFFFAOYSA-N,CO,1.0,1.0,0.5,0.5,0.0,0.25
OKKJLVBELUTLKV-UHFFFAOYSA-N,CO,1.0,1.0,0.5,0.5,0.0,0.25
OKKJLVBELUTLKV-UHFFFAOYSA-N,CO,1.0,1.0,0.5,0.5,0.0,0.25
OKKJLVBELUTLKV-UHFFFAOYSA-N,CO,1.0,1.0,0.5,0.5,0.0,0.25
OKKJLVBELUTLKV-UHFFFAOYSA-N,CO,1.0,1.0,0.5,0.5,0.0,0.25
OKKJLVBELUTLKV-UHFFFAOYSA-N,CO,1.0,1.0,0.5,0.5,0.0,0.25
OKKJLVBELUTLKV-UHFFFAOYSA-N,CO,1.0,1.0,0.5,0.5,0.0,0.25
OKKJLVBELUTLKV-UHFFFAOYSA-N,CO,1.0,1.0,0.5,0.5,0.0,0.25
OKKJLVBELUTLKV-UHFFFAOYSA-N,CO,1.0,1.0,0.5,0.5,0.0,0.25
OKKJLVBELUTLKV-UHFFFAOYSA-N,CO,1.0,1.0,0.5,0.5,0.0,0.25
OKKJLVBELUTLKV-UHFFFAOYSA-N,CO,1.0,1.0,0.5,0.5,0.0,0.25
OKKJLVBELUTLKV-UHFFFAOYSA-N,CO,1.0,1.0,0.5,0.5,0.0,0.25
OKKJLVBELUTLKV-UHFFFAOYSA-N,CO,1.0,1.0,0.5,0.5,0.0,0.25
OKKJLVBELUTLKV-UHFFFAOYSA-N,CO,1.0,1.0,0.5,0.5,0.0,0.25
OKKJLVBELUTLKV-UHFFFAOYSA-N,CO,1.0,1.0,0.5,0.5,0.0,0.25
OKKJLVBELUTLKV-UHFFFAOYSA-N,CO,1.0,1.0,0.5,0.5,0.0,0.25
OOKUTCYPKPJYFV-UHFFFAOYSA-N,Br.Cn1ccnc1,0.0,1.0,0.0,0.14285714285714285,0.0,0.0
PEDCQBHIVMGVHV-UHFFFAOYSA-N,OCC(O)CO,3.0,3.0,0.5,0.5,2.0,0.25
PEDCQBHIVMGVHV-UHFFFAOYSA-N,OCC(O)CO,3.0,3.0,0.5,0.5,2.0,0.25
QRCRANRUHQKZME-UHFFFAOYSA-N,CCCCn1c(C)c(C)[n+](C)c1C.F[B-](F)(F)F,0.0,0.0,0.0,0.0,0.0,0.0
QTBSBXVTEAMEQO-UHFFFAOYSA-N,CC(=O)O,1.0,1.0,0.25,0.25,1.0,0.0625
RJQQOKKINHMXIM-UHFFFAOYSA-N,CC(O)C(=O)O.OCCN(CCO)CCO,5.0,6.0,0.3125,0.375,6.0,0.1171875
RYHBNJHYFVUHQT-UHFFFAOYSA-N,C1COCCO1,0.0,2.0,0.0,0.3333333333333333,0.0,0.0
RYHBNJHYFVUHQT-UHFFFAOYSA-N,C1COCCO1,0.0,2.0,0.0,0.3333333333333333,0.0,0.0
RYHBNJHYFVUHQT-UHFFFAOYSA-N,C1COCCO1,0.0,2.0,0.0,0.3333333333333333,0.0,0.0
SBZXBUIDTXKZTM-UHFFFAOYSA-N,COCCOCCOC,0.0,3.0,0.0,0.3333333333333333,0.0,0.0
SBZXBUIDTXKZTM-UHFFFAOYSA-N,COCCOCCOC,0.0,3.0,0.0,0.3333333333333333,0.0,0.0
SBZXBUIDTXKZTM-UHFFFAOYSA-N,COCCOCCOC,0.0,3.0,0.0,0.3333333333333333,0.0,0.0
SBZXBUIDTXKZTM-UHFFFAOYSA-N,COCCOCCOC,0.0,3.0,0.0,0.3333333333333333,0.0,0.0
SBZXBUIDTXKZTM-UHFFFAOYSA-N,COCCOCCOC,0.0,3.0,0.0,0.3333333333333333,0.0,0.0
SBZXBUIDTXKZTM-UHFFFAOYSA-N,COCCOCCOC,0.0,3.0,0.0,0.3333333333333333,0.0,0.0
SBZXBUIDTXKZTM-UHFFFAOYSA-N,COCCOCCOC,0.0,3.0,0.0,0.3333333333333333,0.0,0.0
SBZXBUIDTXKZTM-UHFFFAOYSA-N,COCCOCCOC,0.0,3.0,0.0,0.3333333333333333,0.0,0.0
SBZXBUIDTXKZTM-UHFFFAOYSA-N,COCCOCCOC,0.0,3.0,0.0,0.3333333333333333,0.0,0.0
SHQSVMDWKBRBGB-UHFFFAOYSA-N,O=C1CCC1,0.0,1.0,0.0,0.2,0.0,0.0
SHQSVMDWKBRBGB-UHFFFAOYSA-N,O=C1CCC1,0.0,1.0,0.0,0.2,0.0,0.0
SHQSVMDWKBRBGB-UHFFFAOYSA-N,O=C1CCC1,0.0,1.0,0.0,0.2,0.0,0.0
SHQSVMDWKBRBGB-UHFFFAOYSA-N,O=C1CCC1,0.0,1.0,0.0,0.2,0.0,0.0
SHQSVMDWKBRBGB-UHFFFAOYSA-N,O=C1CCC1,0.0,1.0,0.0,0.2,0.0,0.0
SHQSVMDWKBRBGB-UHFFFAOYSA-N,O=C1CCC1,0.0,1.0,0.0,0.2,0.0,0.0
SHQSVMDWKBRBGB-UHFFFAOYSA-N,O=C1CCC1,0.0,1.0,0.0,0.2,0.0,0.0
SHQSVMDWKBRBGB-UHFFFAOYSA-N,O=C1CCC1,0.0,1.0,0.0,0.2,0.0,0.0
SHQSVMDWKBRBGB-UHFFFAOYSA-N,O=C1CCC1,0.0,1.0,0.0,0.2,0.0,0.0
SHQSVMDWKBRBGB-UHFFFAOYSA-N,O=C1CCC1,0.0,1.0,0.0,0.2,0.0,0.0
SHQSVMDWKBRBGB-UHFFFAOYSA-N,O=C1CCC1,0.0,1.0,0.0,0.2,0.0,0.0
SHQSVMDWKBRBGB-UHFFFAOYSA-N,O=C1CCC1,0.0,1.0,0.0,0.2,0.0,0.0
SHQSVMDWKBRBGB-UHFFFAOYSA-N,O=C1CCC1,0.0,1.0,0.0,0.2,0.0,0.0
SHQSVMDWKBRBGB-UHFFFAOYSA-N,O=C1CCC1,0.0,1.0,0.0,0.2,0.0,0.0
SHQSVMDWKBRBGB-UHFFFAOYSA-N,O=C1CCC1,0.0,1.0,0.0,0.2,0.0,0.0
SHQSVMDWKBRBGB-UHFFFAOYSA-N,O=C1CCC1,0.0,1.0,0.0,0.2,0.0,0.0
SHQSVMDWKBRBGB-UHFFFAOYSA-N,O=C1CCC1,0.0,1.0,0.0,0.2,0.0,0.0
SHQSVMDWKBRBGB-UHFFFAOYSA-N,O=C1CCC1,0.0,1.0,0.0,0.2,0.0,0.0
SHQSVMDWKBRBGB-UHFFFAOYSA-N,O=C1CCC1,0.0,1.0,0.0,0.2,0.0,0.0
SHQSVMDWKBRBGB-UHFFFAOYSA-N,O=C1CCC1,0.0,1.0,0.0,0.2,0.0,0.0
SHQSVMDWKBRBGB-UHFFFAOYSA-N,O=C1CCC1,0.0,1.0,0.0,0.2,0.0,0.0
SHQSVMDWKBRBGB-UHFFFAOYSA-N,O=C1CCC1,0.0,1.0,0.0,0.2,0.0,0.0
SHQSVMDWKBRBGB-UHFFFAOYSA-N,O=C1CCC1,0.0,1.0,0.0,0.2,0.0,0.0
SHQSVMDWKBRBGB-UHFFFAOYSA-N,O=C1CCC1,0.0,1.0,0.0,0.2,0.0,0.0
SHQSVMDWKBRBGB-UHFFFAOYSA-N,O=C1CCC1,0.0,1.0,0.0,0.2,0.0,0.0
SHQSVMDWKBRBGB-UHFFFAOYSA-N,O=C1CCC1,0.0,1.0,0.0,0.2,0.0,0.0
SHQSVMDWKBRBGB-UHFFFAOYSA-N,O=C1CCC1,0.0,1.0,0.0,0.2,0.0,0.0
SHQSVMDWKBRBGB-UHFFFAOYSA-N,O=C1CCC1,0.0,1.0,0.0,0.2,0.0,0.0
SHQSVMDWKBRBGB-UHFFFAOYSA-N,O=C1CCC1,0.0,1.0,0.0,0.2,0.0,0.0
SIXHYMZEOJSYQH-UHFFFAOYSA-M,CCCCn1cc[n+](C)c1.N#C[S-],0.0,2.0,0.0,0.15384615384615385,0.0,0.0
STCBHSHARMAIOM-UHFFFAOYSA-N,Cl.Cn1ccnc1,0.0,1.0,0.0,0.14285714285714285,0.0,0.0
TVMXDCGIABBOFY-UHFFFAOYSA-N,CCCCCCCC,0.0,0.0,0.0,0.0,0.0,0.0
TVMXDCGIABBOFY-UHFFFAOYSA-N,CCCCCCCC,0.0,0.0,0.0,0.0,0.0,0.0
TVMXDCGIABBOFY-UHFFFAOYSA-N,CCCCCCCC,0.0,0.0,0.0,0.0,0.0,0.0
TVMXDCGIABBOFY-UHFFFAOYSA-N,CCCCCCCC,0.0,0.0,0.0,0.0,0.0,0.0
TVMXDCGIABBOFY-UHFFFAOYSA-N,CCCCCCCC,0.0,0.0,0.0,0.0,0.0,0.0
TVMXDCGIABBOFY-UHFFFAOYSA-N,CCCCCCCC,0.0,0.0,0.0,0.0,0.0,0.0
TVMXDCGIABBOFY-UHFFFAOYSA-N,CCCCCCCC,0.0,0.0,0.0,0.0,0.0,0.0
TVMXDCGIABBOFY-UHFFFAOYSA-N,CCCCCCCC,0.0,0.0,0.0,0.0,0.0,0.0
UAEPNZWRGJTJPN-UHFFFAOYSA-N,CC1CCCCC1,0.0,0.0,0.0,0.0,0.0,0.0
UCCKRVYTJPMHRO-UHFFFAOYSA-N,CCCCn1cc[n+](C)c1C.O=S(=O)([N-]S(=O)(=O)C(F)(F)F)C(F)(F)F,0.0,4.0,0.0,0.15384615384615385,0.0,0.0
UEEJHVSXFDXPFK-UHFFFAOYSA-N,CN(C)CCO,1.0,2.0,0.16666666666666666,0.3333333333333333,1.0,0.05555555555555555
UEEJHVSXFDXPFK-UHFFFAOYSA-N,CN(C)CCO,1.0,2.0,0.16666666666666666,0.3333333333333333,1.0,0.05555555555555555
UODQEMVTULZGKO-UHFFFAOYSA-N,CCCCC[N+]1(C)CCCC1.O=S(=O)([N-]S(=O)(=O)C(F)(F)F)C(F)(F)F,0.0,4.0,0.0,0.15384615384615385,0.0,0.0
UPCXAARSWVHVLY-UHFFFAOYSA-N,CC(=O)O.OCCN(CCO)CCO,4.0,5.0,0.2857142857142857,0.35714285714285715,4.0,0.10204081632653061
UWHCKJMYHZGTIT-UHFFFAOYSA-N,OCCOCCOCCOCCO,2.0,5.0,0.15384615384615385,0.38461538461538464,2.0,0.05917159763313609
UWHCKJMYHZGTIT-UHFFFAOYSA-N,OCCOCCOCCOCCO,2.0,5.0,0.15384615384615385,0.38461538461538464,2.0,0.05917159763313609
UWHCKJMYHZGTIT-UHFFFAOYSA-N,OCCOCCOCCOCCO,2.0,5.0,0.15384615384615385,0.38461538461538464,2.0,0.05917159763313609
VCAIYEJBOWHUGP-UHFFFAOYSA-N,CCCCn1cc[n+](C)c1C.F[B-](F)(F)F,0.0,0.0,0.0,0.0,0.0,0.0
VFTFKUDGYRBSAL-UHFFFAOYSA-N,C1COCCOCCOCCOCCO1,0.0,5.0,0.0,0.3333333333333333,0.0,0.0
VFTFKUDGYRBSAL-UHFFFAOYSA-N,C1COCCOCCOCCOCCO1,0.0,5.0,0.0,0.3333333333333333,0.0,0.0
VFTFKUDGYRBSAL-UHFFFAOYSA-N,C1COCCOCCOCCOCCO1,0.0,5.0,0.0,0.3333333333333333,0.0,0.0
VFTFKUDGYRBSAL-UHFFFAOYSA-N,C1COCCOCCOCCOCCO1,0.0,5.0,0.0,0.3333333333333333,0.0,0.0
VFTFKUDGYRBSAL-UHFFFAOYSA-N,C1COCCOCCOCCOCCO1,0.0,5.0,0.0,0.3333333333333333,0.0,0.0
VFTFKUDGYRBSAL-UHFFFAOYSA-N,C1COCCOCCOCCOCCO1,0.0,5.0,0.0,0.3333333333333333,0.0,0.0
VFTFKUDGYRBSAL-UHFFFAOYSA-N,C1COCCOCCOCCOCCO1,0.0,5.0,0.0,0.3333333333333333,0.0,0.0
VFTFKUDGYRBSAL-UHFFFAOYSA-N,C1COCCOCCOCCOCCO1,0.0,5.0,0.0,0.3333333333333333,0.0,0.0
VFTFKUDGYRBSAL-UHFFFAOYSA-N,C1COCCOCCOCCOCCO1,0.0,5.0,0.0,0.3333333333333333,0.0,0.0
VFTFKUDGYRBSAL-UHFFFAOYSA-N,C1COCCOCCOCCOCCO1,0.0,5.0,0.0,0.3333333333333333,0.0,0.0
VFTFKUDGYRBSAL-UHFFFAOYSA-N,C1COCCOCCOCCOCCO1,0.0,5.0,0.0,0.3333333333333333,0.0,0.0
VFTFKUDGYRBSAL-UHFFFAOYSA-N,C1COCCOCCOCCOCCO1,0.0,5.0,0.0,0.3333333333333333,0.0,0.0
VFTFKUDGYRBSAL-UHFFFAOYSA-N,C1COCCOCCOCCOCCO1,0.0,5.0,0.0,0.3333333333333333,0.0,0.0
VFTFKUDGYRBSAL-UHFFFAOYSA-N,C1COCCOCCOCCOCCO1,0.0,5.0,0.0,0.3333333333333333,0.0,0.0
VFTFKUDGYRBSAL-UHFFFAOYSA-N,C1COCCOCCOCCOCCO1,0.0,5.0,0.0,0.3333333333333333,0.0,0.0
VFTFKUDGYRBSAL-UHFFFAOYSA-N,C1COCCOCCOCCOCCO1,0.0,5.0,0.0,0.3333333333333333,0.0,0.0
VFTFKUDGYRBSAL-UHFFFAOYSA-N,C1COCCOCCOCCOCCO1,0.0,5.0,0.0,0.3333333333333333,0.0,0.0
VFTFKUDGYRBSAL-UHFFFAOYSA-N,C1COCCOCCOCCOCCO1,0.0,5.0,0.0,0.3333333333333333,0.0,0.0
VFTFKUDGYRBSAL-UHFFFAOYSA-N,C1COCCOCCOCCOCCO1,0.0,5.0,0.0,0.3333333333333333,0.0,0.0
VFTFKUDGYRBSAL-UHFFFAOYSA-N,C1COCCOCCOCCOCCO1,0.0,5.0,0.0,0.3333333333333333,0.0,0.0
VFTFKUDGYRBSAL-UHFFFAOYSA-N,C1COCCOCCOCCOCCO1,0.0,5.0,0.0,0.3333333333333333,0.0,0.0
VFTFKUDGYRBSAL-UHFFFAOYSA-N,C1COCCOCCOCCOCCO1,0.0,5.0,0.0,0.3333333333333333,0.0,0.0
VFTFKUDGYRBSAL-UHFFFAOYSA-N,C1COCCOCCOCCOCCO1,0.0,5.0,0.0,0.3333333333333333,0.0,0.0
VFTFKUDGYRBSAL-UHFFFAOYSA-N,C1COCCOCCOCCOCCO1,0.0,5.0,0.0,0.3333333333333333,0.0,0.0
VFTFKUDGYRBSAL-UHFFFAOYSA-N,C1COCCOCCOCCOCCO1,0.0,5.0,0.0,0.3333333333333333,0.0,0.0
VRFOKYHDLYBVAL-UHFFFAOYSA-M,CCOS(=O)(=O)[O-].CCn1cc[n+](C)c1,0.0,4.0,0.0,0.26666666666666666,0.0,0.0
VVLAIYIMMFWRFW-UHFFFAOYSA-N,CC(=O)O.NCCO,3.0,3.0,0.375,0.375,2.0,0.140625
WYJOVVXUZNRJQY-UHFFFAOYSA-N,CC(=O)c1cccs1,0.0,2.0,0.0,0.25,0.0,0.0
WYJOVVXUZNRJQY-UHFFFAOYSA-N,CC(=O)c1cccs1,0.0,2.0,0.0,0.25,0.0,0.0
WYJOVVXUZNRJQY-UHFFFAOYSA-N,CC(=O)c1cccs1,0.0,2.0,0.0,0.25,0.0,0.0
WYJOVVXUZNRJQY-UHFFFAOYSA-N,CC(=O)c1cccs1,0.0,2.0,0.0,0.25,0.0,0.0
WYJOVVXUZNRJQY-UHFFFAOYSA-N,CC(=O)c1cccs1,0.0,2.0,0.0,0.25,0.0,0.0
WYJOVVXUZNRJQY-UHFFFAOYSA-N,CC(=O)c1cccs1,0.0,2.0,0.0,0.25,0.0,0.0
WYJOVVXUZNRJQY-UHFFFAOYSA-N,CC(=O)c1cccs1,0.0,2.0,0.0,0.25,0.0,0.0
WYJOVVXUZNRJQY-UHFFFAOYSA-N,CC(=O)c1cccs1,0.0,2.0,0.0,0.25,0.0,0.0
WYJOVVXUZNRJQY-UHFFFAOYSA-N,CC(=O)c1cccs1,0.0,2.0,0.0,0.25,0.0,0.0
WYJOVVXUZNRJQY-UHFFFAOYSA-N,CC(=O)c1cccs1,0.0,2.0,0.0,0.25,0.0,0.0
WYJOVVXUZNRJQY-UHFFFAOYSA-N,CC(=O)c1cccs1,0.0,2.0,0.0,0.25,0.0,0.0
WYJOVVXUZNRJQY-UHFFFAOYSA-N,CC(=O)c1cccs1,0.0,2.0,0.0,0.25,0.0,0.0
WYJOVVXUZNRJQY-UHFFFAOYSA-N,CC(=O)c1cccs1,0.0,2.0,0.0,0.25,0.0,0.0
WYJOVVXUZNRJQY-UHFFFAOYSA-N,CC(=O)c1cccs1,0.0,2.0,0.0,0.25,0.0,0.0
WYJOVVXUZNRJQY-UHFFFAOYSA-N,CC(=O)c1cccs1,0.0,2.0,0.0,0.25,0.0,0.0
WYJOVVXUZNRJQY-UHFFFAOYSA-N,CC(=O)c1cccs1,0.0,2.0,0.0,0.25,0.0,0.0
WYJOVVXUZNRJQY-UHFFFAOYSA-N,CC(=O)c1cccs1,0.0,2.0,0.0,0.25,0.0,0.0
WYJOVVXUZNRJQY-UHFFFAOYSA-N,CC(=O)c1cccs1,0.0,2.0,0.0,0.25,0.0,0.0
WYJOVVXUZNRJQY-UHFFFAOYSA-N,CC(=O)c1cccs1,0.0,2.0,0.0,0.25,0.0,0.0
WYJOVVXUZNRJQY-UHFFFAOYSA-N,CC(=O)c1cccs1,0.0,2.0,0.0,0.25,0.0,0.0
WYJOVVXUZNRJQY-UHFFFAOYSA-N,CC(=O)c1cccs1,0.0,2.0,0.0,0.25,0.0,0.0
WYJOVVXUZNRJQY-UHFFFAOYSA-N,CC(=O)c1cccs1,0.0,2.0,0.0,0.25,0.0,0.0
WYJOVVXUZNRJQY-UHFFFAOYSA-N,CC(=O)c1cccs1,0.0,2.0,0.0,0.25,0.0,0.0
WYJOVVXUZNRJQY-UHFFFAOYSA-N,CC(=O)c1cccs1,0.0,2.0,0.0,0.25,0.0,0.0
WYJOVVXUZNRJQY-UHFFFAOYSA-N,CC(=O)c1cccs1,0.0,2.0,0.0,0.25,0.0,0.0
WZLFPVPRZGTCKP-UHFFFAOYSA-N,CC(F)(F)CC(F)(F)F,0.0,0.0,0.0,0.0,0.0,0.0
WZLFPVPRZGTCKP-UHFFFAOYSA-N,CC(F)(F)CC(F)(F)F,0.0,0.0,0.0,0.0,0.0,0.0
WZLFPVPRZGTCKP-UHFFFAOYSA-N,CC(F)(F)CC(F)(F)F,0.0,0.0,0.0,0.0,0.0,0.0
WZLFPVPRZGTCKP-UHFFFAOYSA-N,CC(F)(F)CC(F)(F)F,0.0,0.0,0.0,0.0,0.0,0.0
WZLFPVPRZGTCKP-UHFFFAOYSA-N,CC(F)(F)CC(F)(F)F,0.0,0.0,0.0,0.0,0.0,0.0
WZLFPVPRZGTCKP-UHFFFAOYSA-N,CC(F)(F)CC(F)(F)F,0.0,0.0,0.0,0.0,0.0,0.0
WZLFPVPRZGTCKP-UHFFFAOYSA-N,CC(F)(F)CC(F)(F)F,0.0,0.0,0.0,0.0,0.0,0.0
WZLFPVPRZGTCKP-UHFFFAOYSA-N,CC(F)(F)CC(F)(F)F,0.0,0.0,0.0,0.0,0.0,0.0
WZLFPVPRZGTCKP-UHFFFAOYSA-N,CC(F)(F)CC(F)(F)F,0.0,0.0,0.0,0.0,0.0,0.0
WZLFPVPRZGTCKP-UHFFFAOYSA-N,CC(F)(F)CC(F)(F)F,0.0,0.0,0.0,0.0,0.0,0.0
WZLFPVPRZGTCKP-UHFFFAOYSA-N,CC(F)(F)CC(F)(F)F,0.0,0.0,0.0,0.0,0.0,0.0
WZLFPVPRZGTCKP-UHFFFAOYSA-N,CC(F)(F)CC(F)(F)F,0.0,0.0,0.0,0.0,0.0,0.0
WZLFPVPRZGTCKP-UHFFFAOYSA-N,CC(F)(F)CC(F)(F)F,0.0,0.0,0.0,0.0,0.0,0.0
WZLFPVPRZGTCKP-UHFFFAOYSA-N,CC(F)(F)CC(F)(F)F,0.0,0.0,0.0,0.0,0.0,0.0
WZLFPVPRZGTCKP-UHFFFAOYSA-N,CC(F)(F)CC(F)(F)F,0.0,0.0,0.0,0.0,0.0,0.0
WZLFPVPRZGTCKP-UHFFFAOYSA-N,CC(F)(F)CC(F)(F)F,0.0,0.0,0.0,0.0,0.0,0.0
WZLFPVPRZGTCKP-UHFFFAOYSA-N,CC(F)(F)CC(F)(F)F,0.0,0.0,0.0,0.0,0.0,0.0
WZLFPVPRZGTCKP-UHFFFAOYSA-N,CC(F)(F)CC(F)(F)F,0.0,0.0,0.0,0.0,0.0,0.0
WZLFPVPRZGTCKP-UHFFFAOYSA-N,CC(F)(F)CC(F)(F)F,0.0,0.0,0.0,0.0,0.0,0.0
WZLFPVPRZGTCKP-UHFFFAOYSA-N,CC(F)(F)CC(F)(F)F,0.0,0.0,0.0,0.0,0.0,0.0
WZLFPVPRZGTCKP-UHFFFAOYSA-N,CC(F)(F)CC(F)(F)F,0.0,0.0,0.0,0.0,0.0,0.0
WZLFPVPRZGTCKP-UHFFFAOYSA-N,CC(F)(F)CC(F)(F)F,0.0,0.0,0.0,0.0,0.0,0.0
WZLFPVPRZGTCKP-UHFFFAOYSA-N,CC(F)(F)CC(F)(F)F,0.0,0.0,0.0,0.0,0.0,0.0
WZLFPVPRZGTCKP-UHFFFAOYSA-N,CC(F)(F)CC(F)(F)F,0.0,0.0,0.0,0.0,0.0,0.0
WZLFPVPRZGTCKP-UHFFFAOYSA-N,CC(F)(F)CC(F)(F)F,0.0,0.0,0.0,0.0,0.0,0.0
WZLFPVPRZGTCKP-UHFFFAOYSA-N,CC(F)(F)CC(F)(F)F,0.0,0.0,0.0,0.0,0.0,0.0
WZLFPVPRZGTCKP-UHFFFAOYSA-N,CC(F)(F)CC(F)(F)F,0.0,0.0,0.0,0.0,0.0,0.0
WZLFPVPRZGTCKP-UHFFFAOYSA-N,CC(F)(F)CC(F)(F)F,0.0,0.0,0.0,0.0,0.0,0.0
WZLFPVPRZGTCKP-UHFFFAOYSA-N,CC(F)(F)CC(F)(F)F,0.0,0.0,0.0,0.0,0.0,0.0
WZLFPVPRZGTCKP-UHFFFAOYSA-N,CC(F)(F)CC(F)(F)F,0.0,0.0,0.0,0.0,0.0,0.0
WZLFPVPRZGTCKP-UHFFFAOYSA-N,CC(F)(F)CC(F)(F)F,0.0,0.0,0.0,0.0,0.0,0.0
WZLFPVPRZGTCKP-UHFFFAOYSA-N,CC(F)(F)CC(F)(F)F,0.0,0.0,0.0,0.0,0.0,0.0
WZLFPVPRZGTCKP-UHFFFAOYSA-N,CC(F)(F)CC(F)(F)F,0.0,0.0,0.0,0.0,0.0,0.0
WZLFPVPRZGTCKP-UHFFFAOYSA-N,CC(F)(F)CC(F)(F)F,0.0,0.0,0.0,0.0,0.0,0.0
WZLFPVPRZGTCKP-UHFFFAOYSA-N,CC(F)(F)CC(F)(F)F,0.0,0.0,0.0,0.0,0.0,0.0
WZLFPVPRZGTCKP-UHFFFAOYSA-N,CC(F)(F)CC(F)(F)F,0.0,0.0,0.0,0.0,0.0,0.0
WZLFPVPRZGTCKP-UHFFFAOYSA-N,CC(F)(F)CC(F)(F)F,0.0,0.0,0.0,0.0,0.0,0.0
WZLFPVPRZGTCKP-UHFFFAOYSA-N,CC(F)(F)CC(F)(F)F,0.0,0.0,0.0,0.0,0.0,0.0
WZLFPVPRZGTCKP-UHFFFAOYSA-N,CC(F)(F)CC(F)(F)F,0.0,0.0,0.0,0.0,0.0,0.0
WZLFPVPRZGTCKP-UHFFFAOYSA-N,CC(F)(F)CC(F)(F)F,0.0,0.0,0.0,0.0,0.0,0.0
WZLFPVPRZGTCKP-UHFFFAOYSA-N,CC(F)(F)CC(F)(F)F,0.0,0.0,0.0,0.0,0.0,0.0
WZLFPVPRZGTCKP-UHFFFAOYSA-N,CC(F)(F)CC(F)(F)F,0.0,0.0,0.0,0.0,0.0,0.0
WZLFPVPRZGTCKP-UHFFFAOYSA-N,CC(F)(F)CC(F)(F)F,0.0,0.0,0.0,0.0,0.0,0.0
WZLFPVPRZGTCKP-UHFFFAOYSA-N,CC(F)(F)CC(F)(F)F,0.0,0.0,0.0,0.0,0.0,0.0
WZLFPVPRZGTCKP-UHFFFAOYSA-N,CC(F)(F)CC(F)(F)F,0.0,0.0,0.0,0.0,0.0,0.0
WZLFPVPRZGTCKP-UHFFFAOYSA-N,CC(F)(F)CC(F)(F)F,0.0,0.0,0.0,0.0,0.0,0.0
WZLFPVPRZGTCKP-UHFFFAOYSA-N,CC(F)(F)CC(F)(F)F,0.0,0.0,0.0,0.0,0.0,0.0
WZLFPVPRZGTCKP-UHFFFAOYSA-N,CC(F)(F)CC(F)(F)F,0.0,0.0,0.0,0.0,0.0,0.0
WZLFPVPRZGTCKP-UHFFFAOYSA-N,CC(F)(F)CC(F)(F)F,0.0,0.0,0.0,0.0,0.0,0.0
WZLFPVPRZGTCKP-UHFFFAOYSA-N,CC(F)(F)CC(F)(F)F,0.0,0.0,0.0,0.0,0.0,0.0
WZLFPVPRZGTCKP-UHFFFAOYSA-N,CC(F)(F)CC(F)(F)F,0.0,0.0,0.0,0.0,0.0,0.0
WZLFPVPRZGTCKP-UHFFFAOYSA-N,CC(F)(F)CC(F)(F)F,0.0,0.0,0.0,0.0,0.0,0.0
WZLFPVPRZGTCKP-UHFFFAOYSA-N,CC(F)(F)CC(F)(F)F,0.0,0.0,0.0,0.0,0.0,0.0
WZLFPVPRZGTCKP-UHFFFAOYSA-N,CC(F)(F)CC(F)(F)F,0.0,0.0,0.0,0.0,0.0,0.0
WZLFPVPRZGTCKP-UHFFFAOYSA-N,CC(F)(F)CC(F)(F)F,0.0,0.0,0.0,0.0,0.0,0.0
WZLFPVPRZGTCKP-UHFFFAOYSA-N,CC(F)(F)CC(F)(F)F,0.0,0.0,0.0,0.0,0.0,0.0
WZLFPVPRZGTCKP-UHFFFAOYSA-N,CC(F)(F)CC(F)(F)F,0.0,0.0,0.0,0.0,0.0,0.0
WZLFPVPRZGTCKP-UHFFFAOYSA-N,CC(F)(F)CC(F)(F)F,0.0,0.0,0.0,0.0,0.0,0.0
WZLFPVPRZGTCKP-UHFFFAOYSA-N,CC(F)(F)CC(F)(F)F,0.0,0.0,0.0,0.0,0.0,0.0
WZLFPVPRZGTCKP-UHFFFAOYSA-N,CC(F)(F)CC(F)(F)F,0.0,0.0,0.0,0.0,0.0,0.0
WZLFPVPRZGTCKP-UHFFFAOYSA-N,CC(F)(F)CC(F)(F)F,0.0,0.0,0.0,0.0,0.0,0.0
WZLFPVPRZGTCKP-UHFFFAOYSA-N,CC(F)(F)CC(F)(F)F,0.0,0.0,0.0,0.0,0.0,0.0
WZLFPVPRZGTCKP-UHFFFAOYSA-N,CC(F)(F)CC(F)(F)F,0.0,0.0,0.0,0.0,0.0,0.0
WZLFPVPRZGTCKP-UHFFFAOYSA-N,CC(F)(F)CC(F)(F)F,0.0,0.0,0.0,0.0,0.0,0.0
WZLFPVPRZGTCKP-UHFFFAOYSA-N,CC(F)(F)CC(F)(F)F,0.0,0.0,0.0,0.0,0.0,0.0
WZLFPVPRZGTCKP-UHFFFAOYSA-N,CC(F)(F)CC(F)(F)F,0.0,0.0,0.0,0.0,0.0,0.0
WZLFPVPRZGTCKP-UHFFFAOYSA-N,CC(F)(F)CC(F)(F)F,0.0,0.0,0.0,0.0,0.0,0.0
WZLFPVPRZGTCKP-UHFFFAOYSA-N,CC(F)(F)CC(F)(F)F,0.0,0.0,0.0,0.0,0.0,0.0
WZLFPVPRZGTCKP-UHFFFAOYSA-N,CC(F)(F)CC(F)(F)F,0.0,0.0,0.0,0.0,0.0,0.0
WZLFPVPRZGTCKP-UHFFFAOYSA-N,CC(F)(F)CC(F)(F)F,0.0,0.0,0.0,0.0,0.0,0.0
WZLFPVPRZGTCKP-UHFFFAOYSA-N,CC(F)(F)CC(F)(F)F,0.0,0.0,0.0,0.0,0.0,0.0
WZLFPVPRZGTCKP-UHFFFAOYSA-N,CC(F)(F)CC(F)(F)F,0.0,0.0,0.0,0.0,0.0,0.0
WZLFPVPRZGTCKP-UHFFFAOYSA-N,CC(F)(F)CC(F)(F)F,0.0,0.0,0.0,0.0,0.0,0.0
WZLFPVPRZGTCKP-UHFFFAOYSA-N,CC(F)(F)CC(F)(F)F,0.0,0.0,0.0,0.0,0.0,0.0
WZLFPVPRZGTCKP-UHFFFAOYSA-N,CC(F)(F)CC(F)(F)F,0.0,0.0,0.0,0.0,0.0,0.0
WZLFPVPRZGTCKP-UHFFFAOYSA-N,CC(F)(F)CC(F)(F)F,0.0,0.0,0.0,0.0,0.0,0.0
WZLFPVPRZGTCKP-UHFFFAOYSA-N,CC(F)(F)CC(F)(F)F,0.0,0.0,0.0,0.0,0.0,0.0
WZLFPVPRZGTCKP-UHFFFAOYSA-N,CC(F)(F)CC(F)(F)F,0.0,0.0,0.0,0.0,0.0,0.0
WZLFPVPRZGTCKP-UHFFFAOYSA-N,CC(F)(F)CC(F)(F)F,0.0,0.0,0.0,0.0,0.0,0.0
WZLFPVPRZGTCKP-UHFFFAOYSA-N,CC(F)(F)CC(F)(F)F,0.0,0.0,0.0,0.0,0.0,0.0
XDJYSDBSJWNTQT-UHFFFAOYSA-N,CCn1cc[n+](C)c1C.O=S(=O)([N-]S(=O)(=O)C(F)(F)F)C(F)(F)F,0.0,4.0,0.0,0.16666666666666666,0.0,0.0
XDTMQSROBMDMFD-UHFFFAOYSA-N,C1CCCCC1,0.0,0.0,0.0,0.0,0.0,0.0
XDTMQSROBMDMFD-UHFFFAOYSA-N,C1CCCCC1,0.0,0.0,0.0,0.0,0.0,0.0
XDTMQSROBMDMFD-UHFFFAOYSA-N,C1CCCCC1,0.0,0.0,0.0,0.0,0.0,0.0
XLYOFNOQVPJJNP-UHFFFAOYSA-N,O,0.0,0.0,0.0,0.0,0.0,0.0
XLYOFNOQVPJJNP-UHFFFAOYSA-N,O,0.0,0.0,0.0,0.0,0.0,0.0
XLYOFNOQVPJJNP-UHFFFAOYSA-N,O,0.0,0.0,0.0,0.0,0.0,0.0
XLYOFNOQVPJJNP-UHFFFAOYSA-N,O,0.0,0.0,0.0,0.0,0.0,0.0
XLYOFNOQVPJJNP-UHFFFAOYSA-N,O,0.0,0.0,0.0,0.0,0.0,0.0
XLYOFNOQVPJJNP-UHFFFAOYSA-N,O,0.0,0.0,0.0,0.0,0.0,0.0
XLYOFNOQVPJJNP-UHFFFAOYSA-N,O,0.0,0.0,0.0,0.0,0.0,0.0
XLYOFNOQVPJJNP-UHFFFAOYSA-N,O,0.0,0.0,0.0,0.0,0.0,0.0
XLYOFNOQVPJJNP-UHFFFAOYSA-N,O,0.0,0.0,0.0,0.0,0.0,0.0
XLYOFNOQVPJJNP-UHFFFAOYSA-N,O,0.0,0.0,0.0,0.0,0.0,0.0
XLYOFNOQVPJJNP-UHFFFAOYSA-N,O,0.0,0.0,0.0,0.0,0.0,0.0
XLYOFNOQVPJJNP-UHFFFAOYSA-N,O,0.0,0.0,0.0,0.0,0.0,0.0
XLYOFNOQVPJJNP-UHFFFAOYSA-N,O,0.0,0.0,0.0,0.0,0.0,0.0
XLYOFNOQVPJJNP-UHFFFAOYSA-N,O,0.0,0.0,0.0,0.0,0.0,0.0
XLYOFNOQVPJJNP-UHFFFAOYSA-N,O,0.0,0.0,0.0,0.0,0.0,0.0
XLYOFNOQVPJJNP-UHFFFAOYSA-N,O,0.0,0.0,0.0,0.0,0.0,0.0
XLYOFNOQVPJJNP-UHFFFAOYSA-N,O,0.0,0.0,0.0,0.0,0.0,0.0
XLYOFNOQVPJJNP-UHFFFAOYSA-N,O,0.0,0.0,0.0,0.0,0.0,0.0
XLYOFNOQVPJJNP-UHFFFAOYSA-N,O,0.0,0.0,0.0,0.0,0.0,0.0
XLYOFNOQVPJJNP-UHFFFAOYSA-N,O,0.0,0.0,0.0,0.0,0.0,0.0
XLYOFNOQVPJJNP-UHFFFAOYSA-N,O,0.0,0.0,0.0,0.0,0.0,0.0
XLYOFNOQVPJJNP-UHFFFAOYSA-N,O,0.0,0.0,0.0,0.0,0.0,0.0
XLYOFNOQVPJJNP-UHFFFAOYSA-N,O,0.0,0.0,0.0,0.0,0.0,0.0
XLYOFNOQVPJJNP-UHFFFAOYSA-N,O,0.0,0.0,0.0,0.0,0.0,0.0
XLYOFNOQVPJJNP-UHFFFAOYSA-N,O,0.0,0.0,0.0,0.0,0.0,0.0
XLYOFNOQVPJJNP-UHFFFAOYSA-N,O,0.0,0.0,0.0,0.0,0.0,0.0
XLYOFNOQVPJJNP-UHFFFAOYSA-N,O,0.0,0.0,0.0,0.0,0.0,0.0
XLYOFNOQVPJJNP-UHFFFAOYSA-N,O,0.0,0.0,0.0,0.0,0.0,0.0
XLYOFNOQVPJJNP-UHFFFAOYSA-N,O,0.0,0.0,0.0,0.0,0.0,0.0
XLYOFNOQVPJJNP-UHFFFAOYSA-N,O,0.0,0.0,0.0,0.0,0.0,0.0
XLYOFNOQVPJJNP-UHFFFAOYSA-N,O,0.0,0.0,0.0,0.0,0.0,0.0
XLYOFNOQVPJJNP-UHFFFAOYSA-N,O,0.0,0.0,0.0,0.0,0.0,0.0
XLYOFNOQVPJJNP-UHFFFAOYSA-N,O,0.0,0.0,0.0,0.0,0.0,0.0
XQQZRZQVBFHBHL-UHFFFAOYSA-N,C1COCCOCCOCCO1,0.0,4.0,0.0,0.3333333333333333,0.0,0.0
XQQZRZQVBFHBHL-UHFFFAOYSA-N,C1COCCOCCOCCO1,0.0,4.0,0.0,0.3333333333333333,0.0,0.0
XQQZRZQVBFHBHL-UHFFFAOYSA-N,C1COCCOCCOCCO1,0.0,4.0,0.0,0.3333333333333333,0.0,0.0
XQQZRZQVBFHBHL-UHFFFAOYSA-N,C1COCCOCCOCCO1,0.0,4.0,0.0,0.3333333333333333,0.0,0.0
XQQZRZQVBFHBHL-UHFFFAOYSA-N,C1COCCOCCOCCO1,0.0,4.0,0.0,0.3333333333333333,0.0,0.0
XQQZRZQVBFHBHL-UHFFFAOYSA-N,C1COCCOCCOCCO1,0.0,4.0,0.0,0.3333333333333333,0.0,0.0
XQQZRZQVBFHBHL-UHFFFAOYSA-N,C1COCCOCCOCCO1,0.0,4.0,0.0,0.3333333333333333,0.0,0.0
XQQZRZQVBFHBHL-UHFFFAOYSA-N,C1COCCOCCOCCO1,0.0,4.0,0.0,0.3333333333333333,0.0,0.0
XQQZRZQVBFHBHL-UHFFFAOYSA-N,C1COCCOCCOCCO1,0.0,4.0,0.0,0.3333333333333333,0.0,0.0
XQQZRZQVBFHBHL-UHFFFAOYSA-N,C1COCCOCCOCCO1,0.0,4.0,0.0,0.3333333333333333,0.0,0.0
XQQZRZQVBFHBHL-UHFFFAOYSA-N,C1COCCOCCOCCO1,0.0,4.0,0.0,0.3333333333333333,0.0,0.0
XQQZRZQVBFHBHL-UHFFFAOYSA-N,C1COCCOCCOCCO1,0.0,4.0,0.0,0.3333333333333333,0.0,0.0
XQQZRZQVBFHBHL-UHFFFAOYSA-N,C1COCCOCCOCCO1,0.0,4.0,0.0,0.3333333333333333,0.0,0.0
XQQZRZQVBFHBHL-UHFFFAOYSA-N,C1COCCOCCOCCO1,0.0,4.0,0.0,0.3333333333333333,0.0,0.0
XQQZRZQVBFHBHL-UHFFFAOYSA-N,C1COCCOCCOCCO1,0.0,4.0,0.0,0.3333333333333333,0.0,0.0
XQQZRZQVBFHBHL-UHFFFAOYSA-N,C1COCCOCCOCCO1,0.0,4.0,0.0,0.3333333333333333,0.0,0.0
XQQZRZQVBFHBHL-UHFFFAOYSA-N,C1COCCOCCOCCO1,0.0,4.0,0.0,0.3333333333333333,0.0,0.0
XQQZRZQVBFHBHL-UHFFFAOYSA-N,C1COCCOCCOCCO1,0.0,4.0,0.0,0.3333333333333333,0.0,0.0
XQQZRZQVBFHBHL-UHFFFAOYSA-N,C1COCCOCCOCCO1,0.0,4.0,0.0,0.3333333333333333,0.0,0.0
XQQZRZQVBFHBHL-UHFFFAOYSA-N,C1COCCOCCOCCO1,0.0,4.0,0.0,0.3333333333333333,0.0,0.0
XQQZRZQVBFHBHL-UHFFFAOYSA-N,C1COCCOCCOCCO1,0.0,4.0,0.0,0.3333333333333333,0.0,0.0
XQQZRZQVBFHBHL-UHFFFAOYSA-N,C1COCCOCCOCCO1,0.0,4.0,0.0,0.3333333333333333,0.0,0.0
XQQZRZQVBFHBHL-UHFFFAOYSA-N,C1COCCOCCOCCO1,0.0,4.0,0.0,0.3333333333333333,0.0,0.0
XQQZRZQVBFHBHL-UHFFFAOYSA-N,C1COCCOCCOCCO1,0.0,4.0,0.0,0.3333333333333333,0.0,0.0
XTHFKEDIFFGKHM-UHFFFAOYSA-N,COCCOC,0.0,2.0,0.0,0.3333333333333333,0.0,0.0
XTHFKEDIFFGKHM-UHFFFAOYSA-N,COCCOC,0.0,2.0,0.0,0.3333333333333333,0.0,0.0
XTHFKEDIFFGKHM-UHFFFAOYSA-N,COCCOC,0.0,2.0,0.0,0.3333333333333333,0.0,0.0
XTHFKEDIFFGKHM-UHFFFAOYSA-N,COCCOC,0.0,2.0,0.0,0.3333333333333333,0.0,0.0
XTHFKEDIFFGKHM-UHFFFAOYSA-N,COCCOC,0.0,2.0,0.0,0.3333333333333333,0.0,0.0
XTHFKEDIFFGKHM-UHFFFAOYSA-N,COCCOC,0.0,2.0,0.0,0.3333333333333333,0.0,0.0
XTHFKEDIFFGKHM-UHFFFAOYSA-N,COCCOC,0.0,2.0,0.0,0.3333333333333333,0.0,0.0
XTHFKEDIFFGKHM-UHFFFAOYSA-N,COCCOC,0.0,2.0,0.0,0.3333333333333333,0.0,0.0
XTHFKEDIFFGKHM-UHFFFAOYSA-N,COCCOC,0.0,2.0,0.0,0.3333333333333333,0.0,0.0
YEJRWHAVMIAJKC-UHFFFAOYSA-N,O=C1CCCO1,0.0,2.0,0.0,0.3333333333333333,0.0,0.0
YEJRWHAVMIAJKC-UHFFFAOYSA-N,O=C1CCCO1,0.0,2.0,0.0,0.3333333333333333,0.0,0.0
YEJRWHAVMIAJKC-UHFFFAOYSA-N,O=C1CCCO1,0.0,2.0,0.0,0.3333333333333333,0.0,0.0
YEJRWHAVMIAJKC-UHFFFAOYSA-N,O=C1CCCO1,0.0,2.0,0.0,0.3333333333333333,0.0,0.0
YEJRWHAVMIAJKC-UHFFFAOYSA-N,O=C1CCCO1,0.0,2.0,0.0,0.3333333333333333,0.0,0.0
YEYKMVJDLWJFOA-UHFFFAOYSA-N,CCCOCCO,1.0,2.0,0.14285714285714285,0.2857142857142857,1.0,0.04081632653061224
YEYKMVJDLWJFOA-UHFFFAOYSA-N,CCCOCCO,1.0,2.0,0.14285714285714285,0.2857142857142857,1.0,0.04081632653061224
YEYKMVJDLWJFOA-UHFFFAOYSA-N,CCCOCCO,1.0,2.0,0.14285714285714285,0.2857142857142857,1.0,0.04081632653061224
YFMFNYKEUDLDTL-UHFFFAOYSA-N,FC(C(F)(F)F)C(F)(F)F,0.0,0.0,0.0,0.0,0.0,0.0
YFMFNYKEUDLDTL-UHFFFAOYSA-N,FC(C(F)(F)F)C(F)(F)F,0.0,0.0,0.0,0.0,0.0,0.0
YFMFNYKEUDLDTL-UHFFFAOYSA-N,FC(C(F)(F)F)C(F)(F)F,0.0,0.0,0.0,0.0,0.0,0.0
YFMFNYKEUDLDTL-UHFFFAOYSA-N,FC(C(F)(F)F)C(F)(F)F,0.0,0.0,0.0,0.0,0.0,0.0
YFMFNYKEUDLDTL-UHFFFAOYSA-N,FC(C(F)(F)F)C(F)(F)F,0.0,0.0,0.0,0.0,0.0,0.0
YFMFNYKEUDLDTL-UHFFFAOYSA-N,FC(C(F)(F)F)C(F)(F)F,0.0,0.0,0.0,0.0,0.0,0.0
YFMFNYKEUDLDTL-UHFFFAOYSA-N,FC(C(F)(F)F)C(F)(F)F,0.0,0.0,0.0,0.0,0.0,0.0
YFMFNYKEUDLDTL-UHFFFAOYSA-N,FC(C(F)(F)F)C(F)(F)F,0.0,0.0,0.0,0.0,0.0,0.0
YFMFNYKEUDLDTL-UHFFFAOYSA-N,FC(C(F)(F)F)C(F)(F)F,0.0,0.0,0.0,0.0,0.0,0.0
YFMFNYKEUDLDTL-UHFFFAOYSA-N,FC(C(F)(F)F)C(F)(F)F,0.0,0.0,0.0,0.0,0.0,0.0
YFMFNYKEUDLDTL-UHFFFAOYSA-N,FC(C(F)(F)F)C(F)(F)F,0.0,0.0,0.0,0.0,0.0,0.0
YFMFNYKEUDLDTL-UHFFFAOYSA-N,FC(C(F)(F)F)C(F)(F)F,0.0,0.0,0.0,0.0,0.0,0.0
YFMFNYKEUDLDTL-UHFFFAOYSA-N,FC(C(F)(F)F)C(F)(F)F,0.0,0.0,0.0,0.0,0.0,0.0
YFMFNYKEUDLDTL-UHFFFAOYSA-N,FC(C(F)(F)F)C(F)(F)F,0.0,0.0,0.0,0.0,0.0,0.0
YFMFNYKEUDLDTL-UHFFFAOYSA-N,FC(C(F)(F)F)C(F)(F)F,0.0,0.0,0.0,0.0,0.0,0.0
YFMFNYKEUDLDTL-UHFFFAOYSA-N,FC(C(F)(F)F)C(F)(F)F,0.0,0.0,0.0,0.0,0.0,0.0
YFMFNYKEUDLDTL-UHFFFAOYSA-N,FC(C(F)(F)F)C(F)(F)F,0.0,0.0,0.0,0.0,0.0,0.0
YFMFNYKEUDLDTL-UHFFFAOYSA-N,FC(C(F)(F)F)C(F)(F)F,0.0,0.0,0.0,0.0,0.0,0.0
YFMFNYKEUDLDTL-UHFFFAOYSA-N,FC(C(F)(F)F)C(F)(F)F,0.0,0.0,0.0,0.0,0.0,0.0
YFMFNYKEUDLDTL-UHFFFAOYSA-N,FC(C(F)(F)F)C(F)(F)F,0.0,0.0,0.0,0.0,0.0,0.0
YFMFNYKEUDLDTL-UHFFFAOYSA-N,FC(C(F)(F)F)C(F)(F)F,0.0,0.0,0.0,0.0,0.0,0.0
YFMFNYKEUDLDTL-UHFFFAOYSA-N,FC(C(F)(F)F)C(F)(F)F,0.0,0.0,0.0,0.0,0.0,0.0
YFMFNYKEUDLDTL-UHFFFAOYSA-N,FC(C(F)(F)F)C(F)(F)F,0.0,0.0,0.0,0.0,0.0,0.0
YFMFNYKEUDLDTL-UHFFFAOYSA-N,FC(C(F)(F)F)C(F)(F)F,0.0,0.0,0.0,0.0,0.0,0.0
YFMFNYKEUDLDTL-UHFFFAOYSA-N,FC(C(F)(F)F)C(F)(F)F,0.0,0.0,0.0,0.0,0.0,0.0
YFMFNYKEUDLDTL-UHFFFAOYSA-N,FC(C(F)(F)F)C(F)(F)F,0.0,0.0,0.0,0.0,0.0,0.0
YFMFNYKEUDLDTL-UHFFFAOYSA-N,FC(C(F)(F)F)C(F)(F)F,0.0,0.0,0.0,0.0,0.0,0.0
YFMFNYKEUDLDTL-UHFFFAOYSA-N,FC(C(F)(F)F)C(F)(F)F,0.0,0.0,0.0,0.0,0.0,0.0
YFMFNYKEUDLDTL-UHFFFAOYSA-N,FC(C(F)(F)F)C(F)(F)F,0.0,0.0,0.0,0.0,0.0,0.0
YFMFNYKEUDLDTL-UHFFFAOYSA-N,FC(C(F)(F)F)C(F)(F)F,0.0,0.0,0.0,0.0,0.0,0.0
YFMFNYKEUDLDTL-UHFFFAOYSA-N,FC(C(F)(F)F)C(F)(F)F,0.0,0.0,0.0,0.0,0.0,0.0
YFMFNYKEUDLDTL-UHFFFAOYSA-N,FC(C(F)(F)F)C(F)(F)F,0.0,0.0,0.0,0.0,0.0,0.0
YFMFNYKEUDLDTL-UHFFFAOYSA-N,FC(C(F)(F)F)C(F)(F)F,0.0,0.0,0.0,0.0,0.0,0.0
YFMFNYKEUDLDTL-UHFFFAOYSA-N,FC(C(F)(F)F)C(F)(F)F,0.0,0.0,0.0,0.0,0.0,0.0
YFMFNYKEUDLDTL-UHFFFAOYSA-N,FC(C(F)(F)F)C(F)(F)F,0.0,0.0,0.0,0.0,0.0,0.0
YFMFNYKEUDLDTL-UHFFFAOYSA-N,FC(C(F)(F)F)C(F)(F)F,0.0,0.0,0.0,0.0,0.0,0.0
YFMFNYKEUDLDTL-UHFFFAOYSA-N,FC(C(F)(F)F)C(F)(F)F,0.0,0.0,0.0,0.0,0.0,0.0
YFMFNYKEUDLDTL-UHFFFAOYSA-N,FC(C(F)(F)F)C(F)(F)F,0.0,0.0,0.0,0.0,0.0,0.0
YFMFNYKEUDLDTL-UHFFFAOYSA-N,FC(C(F)(F)F)C(F)(F)F,0.0,0.0,0.0,0.0,0.0,0.0
YFMFNYKEUDLDTL-UHFFFAOYSA-N,FC(C(F)(F)F)C(F)(F)F,0.0,0.0,0.0,0.0,0.0,0.0
YFMFNYKEUDLDTL-UHFFFAOYSA-N,FC(C(F)(F)F)C(F)(F)F,0.0,0.0,0.0,0.0,0.0,0.0
YFMFNYKEUDLDTL-UHFFFAOYSA-N,FC(C(F)(F)F)C(F)(F)F,0.0,0.0,0.0,0.0,0.0,0.0
YFMFNYKEUDLDTL-UHFFFAOYSA-N,FC(C(F)(F)F)C(F)(F)F,0.0,0.0,0.0,0.0,0.0,0.0
YFMFNYKEUDLDTL-UHFFFAOYSA-N,FC(C(F)(F)F)C(F)(F)F,0.0,0.0,0.0,0.0,0.0,0.0
YFMFNYKEUDLDTL-UHFFFAOYSA-N,FC(C(F)(F)F)C(F)(F)F,0.0,0.0,0.0,0.0,0.0,0.0
YFMFNYKEUDLDTL-UHFFFAOYSA-N,FC(C(F)(F)F)C(F)(F)F,0.0,0.0,0.0,0.0,0.0,0.0
YFMFNYKEUDLDTL-UHFFFAOYSA-N,FC(C(F)(F)F)C(F)(F)F,0.0,0.0,0.0,0.0,0.0,0.0
YFMFNYKEUDLDTL-UHFFFAOYSA-N,FC(C(F)(F)F)C(F)(F)F,0.0,0.0,0.0,0.0,0.0,0.0
YFMFNYKEUDLDTL-UHFFFAOYSA-N,FC(C(F)(F)F)C(F)(F)F,0.0,0.0,0.0,0.0,0.0,0.0
YFMFNYKEUDLDTL-UHFFFAOYSA-N,FC(C(F)(F)F)C(F)(F)F,0.0,0.0,0.0,0.0,0.0,0.0
YFMFNYKEUDLDTL-UHFFFAOYSA-N,FC(C(F)(F)F)C(F)(F)F,0.0,0.0,0.0,0.0,0.0,0.0
YFMFNYKEUDLDTL-UHFFFAOYSA-N,FC(C(F)(F)F)C(F)(F)F,0.0,0.0,0.0,0.0,0.0,0.0
YFMFNYKEUDLDTL-UHFFFAOYSA-N,FC(C(F)(F)F)C(F)(F)F,0.0,0.0,0.0,0.0,0.0,0.0
YFMFNYKEUDLDTL-UHFFFAOYSA-N,FC(C(F)(F)F)C(F)(F)F,0.0,0.0,0.0,0.0,0.0,0.0
YFMFNYKEUDLDTL-UHFFFAOYSA-N,FC(C(F)(F)F)C(F)(F)F,0.0,0.0,0.0,0.0,0.0,0.0
YFMFNYKEUDLDTL-UHFFFAOYSA-N,FC(C(F)(F)F)C(F)(F)F,0.0,0.0,0.0,0.0,0.0,0.0
YFMFNYKEUDLDTL-UHFFFAOYSA-N,FC(C(F)(F)F)C(F)(F)F,0.0,0.0,0.0,0.0,0.0,0.0
YFMFNYKEUDLDTL-UHFFFAOYSA-N,FC(C(F)(F)F)C(F)(F)F,0.0,0.0,0.0,0.0,0.0,0.0
YFMFNYKEUDLDTL-UHFFFAOYSA-N,FC(C(F)(F)F)C(F)(F)F,0.0,0.0,0.0,0.0,0.0,0.0
YFMFNYKEUDLDTL-UHFFFAOYSA-N,FC(C(F)(F)F)C(F)(F)F,0.0,0.0,0.0,0.0,0.0,0.0
YFMFNYKEUDLDTL-UHFFFAOYSA-N,FC(C(F)(F)F)C(F)(F)F,0.0,0.0,0.0,0.0,0.0,0.0
YFMFNYKEUDLDTL-UHFFFAOYSA-N,FC(C(F)(F)F)C(F)(F)F,0.0,0.0,0.0,0.0,0.0,0.0
YFMFNYKEUDLDTL-UHFFFAOYSA-N,FC(C(F)(F)F)C(F)(F)F,0.0,0.0,0.0,0.0,0.0,0.0
YFMFNYKEUDLDTL-UHFFFAOYSA-N,FC(C(F)(F)F)C(F)(F)F,0.0,0.0,0.0,0.0,0.0,0.0
YFMFNYKEUDLDTL-UHFFFAOYSA-N,FC(C(F)(F)F)C(F)(F)F,0.0,0.0,0.0,0.0,0.0,0.0
YFMFNYKEUDLDTL-UHFFFAOYSA-N,FC(C(F)(F)F)C(F)(F)F,0.0,0.0,0.0,0.0,0.0,0.0
YFMFNYKEUDLDTL-UHFFFAOYSA-N,FC(C(F)(F)F)C(F)(F)F,0.0,0.0,0.0,0.0,0.0,0.0
YFMFNYKEUDLDTL-UHFFFAOYSA-N,FC(C(F)(F)F)C(F)(F)F,0.0,0.0,0.0,0.0,0.0,0.0
YFMFNYKEUDLDTL-UHFFFAOYSA-N,FC(C(F)(F)F)C(F)(F)F,0.0,0.0,0.0,0.0,0.0,0.0
YFMFNYKEUDLDTL-UHFFFAOYSA-N,FC(C(F)(F)F)C(F)(F)F,0.0,0.0,0.0,0.0,0.0,0.0
YFMFNYKEUDLDTL-UHFFFAOYSA-N,FC(C(F)(F)F)C(F)(F)F,0.0,0.0,0.0,0.0,0.0,0.0
YFMFNYKEUDLDTL-UHFFFAOYSA-N,FC(C(F)(F)F)C(F)(F)F,0.0,0.0,0.0,0.0,0.0,0.0
YFMFNYKEUDLDTL-UHFFFAOYSA-N,FC(C(F)(F)F)C(F)(F)F,0.0,0.0,0.0,0.0,0.0,0.0
YFMFNYKEUDLDTL-UHFFFAOYSA-N,FC(C(F)(F)F)C(F)(F)F,0.0,0.0,0.0,0.0,0.0,0.0
YFMFNYKEUDLDTL-UHFFFAOYSA-N,FC(C(F)(F)F)C(F)(F)F,0.0,0.0,0.0,0.0,0.0,0.0
YFMFNYKEUDLDTL-UHFFFAOYSA-N,FC(C(F)(F)F)C(F)(F)F,0.0,0.0,0.0,0.0,0.0,0.0
YFMFNYKEUDLDTL-UHFFFAOYSA-N,FC(C(F)(F)F)C(F)(F)F,0.0,0.0,0.0,0.0,0.0,0.0
YFMFNYKEUDLDTL-UHFFFAOYSA-N,FC(C(F)(F)F)C(F)(F)F,0.0,0.0,0.0,0.0,0.0,0.0
YFMFNYKEUDLDTL-UHFFFAOYSA-N,FC(C(F)(F)F)C(F)(F)F,0.0,0.0,0.0,0.0,0.0,0.0
YFMFNYKEUDLDTL-UHFFFAOYSA-N,FC(C(F)(F)F)C(F)(F)F,0.0,0.0,0.0,0.0,0.0,0.0
YFMFNYKEUDLDTL-UHFFFAOYSA-N,FC(C(F)(F)F)C(F)(F)F,0.0,0.0,0.0,0.0,0.0,0.0
YFMFNYKEUDLDTL-UHFFFAOYSA-N,FC(C(F)(F)F)C(F)(F)F,0.0,0.0,0.0,0.0,0.0,0.0
YFMFNYKEUDLDTL-UHFFFAOYSA-N,FC(C(F)(F)F)C(F)(F)F,0.0,0.0,0.0,0.0,0.0,0.0
YFMFNYKEUDLDTL-UHFFFAOYSA-N,FC(C(F)(F)F)C(F)(F)F,0.0,0.0,0.0,0.0,0.0,0.0
YFMFNYKEUDLDTL-UHFFFAOYSA-N,FC(C(F)(F)F)C(F)(F)F,0.0,0.0,0.0,0.0,0.0,0.0
YFMFNYKEUDLDTL-UHFFFAOYSA-N,FC(C(F)(F)F)C(F)(F)F,0.0,0.0,0.0,0.0,0.0,0.0
YFMFNYKEUDLDTL-UHFFFAOYSA-N,FC(C(F)(F)F)C(F)(F)F,0.0,0.0,0.0,0.0,0.0,0.0
YFMFNYKEUDLDTL-UHFFFAOYSA-N,FC(C(F)(F)F)C(F)(F)F,0.0,0.0,0.0,0.0,0.0,0.0
YFMFNYKEUDLDTL-UHFFFAOYSA-N,FC(C(F)(F)F)C(F)(F)F,0.0,0.0,0.0,0.0,0.0,0.0
YFMFNYKEUDLDTL-UHFFFAOYSA-N,FC(C(F)(F)F)C(F)(F)F,0.0,0.0,0.0,0.0,0.0,0.0
YFMFNYKEUDLDTL-UHFFFAOYSA-N,FC(C(F)(F)F)C(F)(F)F,0.0,0.0,0.0,0.0,0.0,0.0
YFMFNYKEUDLDTL-UHFFFAOYSA-N,FC(C(F)(F)F)C(F)(F)F,0.0,0.0,0.0,0.0,0.0,0.0
YFMFNYKEUDLDTL-UHFFFAOYSA-N,FC(C(F)(F)F)C(F)(F)F,0.0,0.0,0.0,0.0,0.0,0.0
YFMFNYKEUDLDTL-UHFFFAOYSA-N,FC(C(F)(F)F)C(F)(F)F,0.0,0.0,0.0,0.0,0.0,0.0
YFMFNYKEUDLDTL-UHFFFAOYSA-N,FC(C(F)(F)F)C(F)(F)F,0.0,0.0,0.0,0.0,0.0,0.0
YFMFNYKEUDLDTL-UHFFFAOYSA-N,FC(C(F)(F)F)C(F)(F)F,0.0,0.0,0.0,0.0,0.0,0.0
YFMFNYKEUDLDTL-UHFFFAOYSA-N,FC(C(F)(F)F)C(F)(F)F,0.0,0.0,0.0,0.0,0.0,0.0
YFMFNYKEUDLDTL-UHFFFAOYSA-N,FC(C(F)(F)F)C(F)(F)F,0.0,0.0,0.0,0.0,0.0,0.0
YFMFNYKEUDLDTL-UHFFFAOYSA-N,FC(C(F)(F)F)C(F)(F)F,0.0,0.0,0.0,0.0,0.0,0.0
YFMFNYKEUDLDTL-UHFFFAOYSA-N,FC(C(F)(F)F)C(F)(F)F,0.0,0.0,0.0,0.0,0.0,0.0
YFMFNYKEUDLDTL-UHFFFAOYSA-N,FC(C(F)(F)F)C(F)(F)F,0.0,0.0,0.0,0.0,0.0,0.0
YFMFNYKEUDLDTL-UHFFFAOYSA-N,FC(C(F)(F)F)C(F)(F)F,0.0,0.0,0.0,0.0,0.0,0.0
YFMFNYKEUDLDTL-UHFFFAOYSA-N,FC(C(F)(F)F)C(F)(F)F,0.0,0.0,0.0,0.0,0.0,0.0
YFMFNYKEUDLDTL-UHFFFAOYSA-N,FC(C(F)(F)F)C(F)(F)F,0.0,0.0,0.0,0.0,0.0,0.0
YFMFNYKEUDLDTL-UHFFFAOYSA-N,FC(C(F)(F)F)C(F)(F)F,0.0,0.0,0.0,0.0,0.0,0.0
YFMFNYKEUDLDTL-UHFFFAOYSA-N,FC(C(F)(F)F)C(F)(F)F,0.0,0.0,0.0,0.0,0.0,0.0
YFMFNYKEUDLDTL-UHFFFAOYSA-N,FC(C(F)(F)F)C(F)(F)F,0.0,0.0,0.0,0.0,0.0,0.0
YFMFNYKEUDLDTL-UHFFFAOYSA-N,FC(C(F)(F)F)C(F)(F)F,0.0,0.0,0.0,0.0,0.0,0.0
YFMFNYKEUDLDTL-UHFFFAOYSA-N,FC(C(F)(F)F)C(F)(F)F,0.0,0.0,0.0,0.0,0.0,0.0
YFMFNYKEUDLDTL-UHFFFAOYSA-N,FC(C(F)(F)F)C(F)(F)F,0.0,0.0,0.0,0.0,0.0,0.0
YFMFNYKEUDLDTL-UHFFFAOYSA-N,FC(C(F)(F)F)C(F)(F)F,0.0,0.0,0.0,0.0,0.0,0.0
YFMFNYKEUDLDTL-UHFFFAOYSA-N,FC(C(F)(F)F)C(F)(F)F,0.0,0.0,0.0,0.0,0.0,0.0
YFMFNYKEUDLDTL-UHFFFAOYSA-N,FC(C(F)(F)F)C(F)(F)F,0.0,0.0,0.0,0.0,0.0,0.0
YFMFNYKEUDLDTL-UHFFFAOYSA-N,FC(C(F)(F)F)C(F)(F)F,0.0,0.0,0.0,0.0,0.0,0.0
YFMFNYKEUDLDTL-UHFFFAOYSA-N,FC(C(F)(F)F)C(F)(F)F,0.0,0.0,0.0,0.0,0.0,0.0
YFMFNYKEUDLDTL-UHFFFAOYSA-N,FC(C(F)(F)F)C(F)(F)F,0.0,0.0,0.0,0.0,0.0,0.0
YFMFNYKEUDLDTL-UHFFFAOYSA-N,FC(C(F)(F)F)C(F)(F)F,0.0,0.0,0.0,0.0,0.0,0.0
YFMFNYKEUDLDTL-UHFFFAOYSA-N,FC(C(F)(F)F)C(F)(F)F,0.0,0.0,0.0,0.0,0.0,0.0
YFMFNYKEUDLDTL-UHFFFAOYSA-N,FC(C(F)(F)F)C(F)(F)F,0.0,0.0,0.0,0.0,0.0,0.0
YFMFNYKEUDLDTL-UHFFFAOYSA-N,FC(C(F)(F)F)C(F)(F)F,0.0,0.0,0.0,0.0,0.0,0.0
YFMFNYKEUDLDTL-UHFFFAOYSA-N,FC(C(F)(F)F)C(F)(F)F,0.0,0.0,0.0,0.0,0.0,0.0
YFMFNYKEUDLDTL-UHFFFAOYSA-N,FC(C(F)(F)F)C(F)(F)F,0.0,0.0,0.0,0.0,0.0,0.0
YFMFNYKEUDLDTL-UHFFFAOYSA-N,FC(C(F)(F)F)C(F)(F)F,0.0,0.0,0.0,0.0,0.0,0.0
YFMFNYKEUDLDTL-UHFFFAOYSA-N,FC(C(F)(F)F)C(F)(F)F,0.0,0.0,0.0,0.0,0.0,0.0
YFMFNYKEUDLDTL-UHFFFAOYSA-N,FC(C(F)(F)F)C(F)(F)F,0.0,0.0,0.0,0.0,0.0,0.0
YFMFNYKEUDLDTL-UHFFFAOYSA-N,FC(C(F)(F)F)C(F)(F)F,0.0,0.0,0.0,0.0,0.0,0.0
YFMFNYKEUDLDTL-UHFFFAOYSA-N,FC(C(F)(F)F)C(F)(F)F,0.0,0.0,0.0,0.0,0.0,0.0
YFMFNYKEUDLDTL-UHFFFAOYSA-N,FC(C(F)(F)F)C(F)(F)F,0.0,0.0,0.0,0.0,0.0,0.0
YFMFNYKEUDLDTL-UHFFFAOYSA-N,FC(C(F)(F)F)C(F)(F)F,0.0,0.0,0.0,0.0,0.0,0.0
YFMFNYKEUDLDTL-UHFFFAOYSA-N,FC(C(F)(F)F)C(F)(F)F,0.0,0.0,0.0,0.0,0.0,0.0
YFMFNYKEUDLDTL-UHFFFAOYSA-N,FC(C(F)(F)F)C(F)(F)F,0.0,0.0,0.0,0.0,0.0,0.0
YFMFNYKEUDLDTL-UHFFFAOYSA-N,FC(C(F)(F)F)C(F)(F)F,0.0,0.0,0.0,0.0,0.0,0.0
YFMFNYKEUDLDTL-UHFFFAOYSA-N,FC(C(F)(F)F)C(F)(F)F,0.0,0.0,0.0,0.0,0.0,0.0
YFMFNYKEUDLDTL-UHFFFAOYSA-N,FC(C(F)(F)F)C(F)(F)F,0.0,0.0,0.0,0.0,0.0,0.0
YFMFNYKEUDLDTL-UHFFFAOYSA-N,FC(C(F)(F)F)C(F)(F)F,0.0,0.0,0.0,0.0,0.0,0.0
YFMFNYKEUDLDTL-UHFFFAOYSA-N,FC(C(F)(F)F)C(F)(F)F,0.0,0.0,0.0,0.0,0.0,0.0
YFMFNYKEUDLDTL-UHFFFAOYSA-N,FC(C(F)(F)F)C(F)(F)F,0.0,0.0,0.0,0.0,0.0,0.0
YFMFNYKEUDLDTL-UHFFFAOYSA-N,FC(C(F)(F)F)C(F)(F)F,0.0,0.0,0.0,0.0,0.0,0.0
YFMFNYKEUDLDTL-UHFFFAOYSA-N,FC(C(F)(F)F)C(F)(F)F,0.0,0.0,0.0,0.0,0.0,0.0
YFMFNYKEUDLDTL-UHFFFAOYSA-N,FC(C(F)(F)F)C(F)(F)F,0.0,0.0,0.0,0.0,0.0,0.0
YFMFNYKEUDLDTL-UHFFFAOYSA-N,FC(C(F)(F)F)C(F)(F)F,0.0,0.0,0.0,0.0,0.0,0.0
YFMFNYKEUDLDTL-UHFFFAOYSA-N,FC(C(F)(F)F)C(F)(F)F,0.0,0.0,0.0,0.0,0.0,0.0
YFMFNYKEUDLDTL-UHFFFAOYSA-N,FC(C(F)(F)F)C(F)(F)F,0.0,0.0,0.0,0.0,0.0,0.0
YFMFNYKEUDLDTL-UHFFFAOYSA-N,FC(C(F)(F)F)C(F)(F)F,0.0,0.0,0.0,0.0,0.0,0.0
YFNKIDBQEZZDLK-UHFFFAOYSA-N,COCCOCCOCCOC,0.0,4.0,0.0,0.3333333333333333,0.0,0.0
YFNKIDBQEZZDLK-UHFFFAOYSA-N,COCCOCCOCCOC,0.0,4.0,0.0,0.3333333333333333,0.0,0.0
YFNKIDBQEZZDLK-UHFFFAOYSA-N,COCCOCCOCCOC,0.0,4.0,0.0,0.3333333333333333,0.0,0.0
YFNKIDBQEZZDLK-UHFFFAOYSA-N,COCCOCCOCCOC,0.0,4.0,0.0,0.3333333333333333,0.0,0.0
YFNKIDBQEZZDLK-UHFFFAOYSA-N,COCCOCCOCCOC,0.0,4.0,0.0,0.3333333333333333,0.0,0.0
YFNKIDBQEZZDLK-UHFFFAOYSA-N,COCCOCCOCCOC,0.0,4.0,0.0,0.3333333333333333,0.0,0.0
YFNKIDBQEZZDLK-UHFFFAOYSA-N,COCCOCCOCCOC,0.0,4.0,0.0,0.3333333333333333,0.0,0.0
YFNKIDBQEZZDLK-UHFFFAOYSA-N,COCCOCCOCCOC,0.0,4.0,0.0,0.3333333333333333,0.0,0.0
YIWUKEYIRIRTPP-UHFFFAOYSA-N,CCCCC(CC)CO,1.0,1.0,0.1111111111111111,0.1111111111111111,0.0,0.012345679012345678
YIWUKEYIRIRTPP-UHFFFAOYSA-N,CCCCC(CC)CO,1.0,1.0,0.1111111111111111,0.1111111111111111,0.0,0.012345679012345678
YIWUKEYIRIRTPP-UHFFFAOYSA-N,CCCCC(CC)CO,1.0,1.0,0.1111111111111111,0.1111111111111111,0.0,0.012345679012345678
YXFVVABEGXRONW-UHFFFAOYSA-N,Cc1ccccc1,0.0,0.0,0.0,0.0,0.0,0.0
YXFVVABEGXRONW-UHFFFAOYSA-N,Cc1ccccc1,0.0,0.0,0.0,0.0,0.0,0.0
YXFVVABEGXRONW-UHFFFAOYSA-N,Cc1ccccc1,0.0,0.0,0.0,0.0,0.0,0.0
YXFVVABEGXRONW-UHFFFAOYSA-N,Cc1ccccc1,0.0,0.0,0.0,0.0,0.0,0.0
YXFVVABEGXRONW-UHFFFAOYSA-N,Cc1ccccc1,0.0,0.0,0.0,0.0,0.0,0.0
YXFVVABEGXRONW-UHFFFAOYSA-N,Cc1ccccc1,0.0,0.0,0.0,0.0,0.0,0.0
YXFVVABEGXRONW-UHFFFAOYSA-N,Cc1ccccc1,0.0,0.0,0.0,0.0,0.0,0.0
YXFVVABEGXRONW-UHFFFAOYSA-N,Cc1ccccc1,0.0,0.0,0.0,0.0,0.0,0.0
YXFVVABEGXRONW-UHFFFAOYSA-N,Cc1ccccc1,0.0,0.0,0.0,0.0,0.0,0.0
YXFVVABEGXRONW-UHFFFAOYSA-N,Cc1ccccc1,0.0,0.0,0.0,0.0,0.0,0.0
YXFVVABEGXRONW-UHFFFAOYSA-N,Cc1ccccc1,0.0,0.0,0.0,0.0,0.0,0.0
YXFVVABEGXRONW-UHFFFAOYSA-N,Cc1ccccc1,0.0,0.0,0.0,0.0,0.0,0.0
YXFVVABEGXRONW-UHFFFAOYSA-N,Cc1ccccc1,0.0,0.0,0.0,0.0,0.0,0.0
YXFVVABEGXRONW-UHFFFAOYSA-N,Cc1ccccc1,0.0,0.0,0.0,0.0,0.0,0.0
YXFVVABEGXRONW-UHFFFAOYSA-N,Cc1ccccc1,0.0,0.0,0.0,0.0,0.0,0.0
YXFVVABEGXRONW-UHFFFAOYSA-N,Cc1ccccc1,0.0,0.0,0.0,0.0,0.0,0.0
YXFVVABEGXRONW-UHFFFAOYSA-N,Cc1ccccc1,0.0,0.0,0.0,0.0,0.0,0.0
YXFVVABEGXRONW-UHFFFAOYSA-N,Cc1ccccc1,0.0,0.0,0.0,0.0,0.0,0.0
YXFVVABEGXRONW-UHFFFAOYSA-N,Cc1ccccc1,0.0,0.0,0.0,0.0,0.0,0.0
YXFVVABEGXRONW-UHFFFAOYSA-N,Cc1ccccc1,0.0,0.0,0.0,0.0,0.0,0.0
YXFVVABEGXRONW-UHFFFAOYSA-N,Cc1ccccc1,0.0,0.0,0.0,0.0,0.0,0.0
YXFVVABEGXRONW-UHFFFAOYSA-N,Cc1ccccc1,0.0,0.0,0.0,0.0,0.0,0.0
YXFVVABEGXRONW-UHFFFAOYSA-N,Cc1ccccc1,0.0,0.0,0.0,0.0,0.0,0.0
YXFVVABEGXRONW-UHFFFAOYSA-N,Cc1ccccc1,0.0,0.0,0.0,0.0,0.0,0.0
YXFVVABEGXRONW-UHFFFAOYSA-N,Cc1ccccc1,0.0,0.0,0.0,0.0,0.0,0.0
YXFVVABEGXRONW-UHFFFAOYSA-N,Cc1ccccc1,0.0,0.0,0.0,0.0,0.0,0.0
YXFVVABEGXRONW-UHFFFAOYSA-N,Cc1ccccc1,0.0,0.0,0.0,0.0,0.0,0.0
YXFVVABEGXRONW-UHFFFAOYSA-N,Cc1ccccc1,0.0,0.0,0.0,0.0,0.0,0.0
YXFVVABEGXRONW-UHFFFAOYSA-N,Cc1ccccc1,0.0,0.0,0.0,0.0,0.0,0.0
YXFVVABEGXRONW-UHFFFAOYSA-N,Cc1ccccc1,0.0,0.0,0.0,0.0,0.0,0.0
YXFVVABEGXRONW-UHFFFAOYSA-N,Cc1ccccc1,0.0,0.0,0.0,0.0,0.0,0.0
YXFVVABEGXRONW-UHFFFAOYSA-N,Cc1ccccc1,0.0,0.0,0.0,0.0,0.0,0.0
YXFVVABEGXRONW-UHFFFAOYSA-N,Cc1ccccc1,0.0,0.0,0.0,0.0,0.0,0.0
YXFVVABEGXRONW-UHFFFAOYSA-N,Cc1ccccc1,0.0,0.0,0.0,0.0,0.0,0.0
YXFVVABEGXRONW-UHFFFAOYSA-N,Cc1ccccc1,0.0,0.0,0.0,0.0,0.0,0.0
YXFVVABEGXRONW-UHFFFAOYSA-N,Cc1ccccc1,0.0,0.0,0.0,0.0,0.0,0.0
YXFVVABEGXRONW-UHFFFAOYSA-N,Cc1ccccc1,0.0,0.0,0.0,0.0,0.0,0.0
YXFVVABEGXRONW-UHFFFAOYSA-N,Cc1ccccc1,0.0,0.0,0.0,0.0,0.0,0.0
YXFVVABEGXRONW-UHFFFAOYSA-N,Cc1ccccc1,0.0,0.0,0.0,0.0,0.0,0.0
YXFVVABEGXRONW-UHFFFAOYSA-N,Cc1ccccc1,0.0,0.0,0.0,0.0,0.0,0.0
YXFVVABEGXRONW-UHFFFAOYSA-N,Cc1ccccc1,0.0,0.0,0.0,0.0,0.0,0.0
YXFVVABEGXRONW-UHFFFAOYSA-N,Cc1ccccc1,0.0,0.0,0.0,0.0,0.0,0.0
YXFVVABEGXRONW-UHFFFAOYSA-N,Cc1ccccc1,0.0,0.0,0.0,0.0,0.0,0.0
YXFVVABEGXRONW-UHFFFAOYSA-N,Cc1ccccc1,0.0,0.0,0.0,0.0,0.0,0.0
YXFVVABEGXRONW-UHFFFAOYSA-N,Cc1ccccc1,0.0,0.0,0.0,0.0,0.0,0.0
YXFVVABEGXRONW-UHFFFAOYSA-N,Cc1ccccc1,0.0,0.0,0.0,0.0,0.0,0.0
YXFVVABEGXRONW-UHFFFAOYSA-N,Cc1ccccc1,0.0,0.0,0.0,0.0,0.0,0.0
YXFVVABEGXRONW-UHFFFAOYSA-N,Cc1ccccc1,0.0,0.0,0.0,0.0,0.0,0.0
YXFVVABEGXRONW-UHFFFAOYSA-N,Cc1ccccc1,0.0,0.0,0.0,0.0,0.0,0.0
YXFVVABEGXRONW-UHFFFAOYSA-N,Cc1ccccc1,0.0,0.0,0.0,0.0,0.0,0.0
YXFVVABEGXRONW-UHFFFAOYSA-N,Cc1ccccc1,0.0,0.0,0.0,0.0,0.0,0.0
YXFVVABEGXRONW-UHFFFAOYSA-N,Cc1ccccc1,0.0,0.0,0.0,0.0,0.0,0.0
YXFVVABEGXRONW-UHFFFAOYSA-N,Cc1ccccc1,0.0,0.0,0.0,0.0,0.0,0.0
YXFVVABEGXRONW-UHFFFAOYSA-N,Cc1ccccc1,0.0,0.0,0.0,0.0,0.0,0.0
YXFVVABEGXRONW-UHFFFAOYSA-N,Cc1ccccc1,0.0,0.0,0.0,0.0,0.0,0.0
YXFVVABEGXRONW-UHFFFAOYSA-N,Cc1ccccc1,0.0,0.0,0.0,0.0,0.0,0.0
YXFVVABEGXRONW-UHFFFAOYSA-N,Cc1ccccc1,0.0,0.0,0.0,0.0,0.0,0.0
YXFVVABEGXRONW-UHFFFAOYSA-N,Cc1ccccc1,0.0,0.0,0.0,0.0,0.0,0.0
YXFVVABEGXRONW-UHFFFAOYSA-N,Cc1ccccc1,0.0,0.0,0.0,0.0,0.0,0.0
YXFVVABEGXRONW-UHFFFAOYSA-N,Cc1ccccc1,0.0,0.0,0.0,0.0,0.0,0.0
YXFVVABEGXRONW-UHFFFAOYSA-N,Cc1ccccc1,0.0,0.0,0.0,0.0,0.0,0.0
YXFVVABEGXRONW-UHFFFAOYSA-N,Cc1ccccc1,0.0,0.0,0.0,0.0,0.0,0.0
YXFVVABEGXRONW-UHFFFAOYSA-N,Cc1ccccc1,0.0,0.0,0.0,0.0,0.0,0.0
YXFVVABEGXRONW-UHFFFAOYSA-N,Cc1ccccc1,0.0,0.0,0.0,0.0,0.0,0.0
YXFVVABEGXRONW-UHFFFAOYSA-N,Cc1ccccc1,0.0,0.0,0.0,0.0,0.0,0.0
YXFVVABEGXRONW-UHFFFAOYSA-N,Cc1ccccc1,0.0,0.0,0.0,0.0,0.0,0.0
YXFVVABEGXRONW-UHFFFAOYSA-N,Cc1ccccc1,0.0,0.0,0.0,0.0,0.0,0.0
YXFVVABEGXRONW-UHFFFAOYSA-N,Cc1ccccc1,0.0,0.0,0.0,0.0,0.0,0.0
YXFVVABEGXRONW-UHFFFAOYSA-N,Cc1ccccc1,0.0,0.0,0.0,0.0,0.0,0.0
YXFVVABEGXRONW-UHFFFAOYSA-N,Cc1ccccc1,0.0,0.0,0.0,0.0,0.0,0.0
YXFVVABEGXRONW-UHFFFAOYSA-N,Cc1ccccc1,0.0,0.0,0.0,0.0,0.0,0.0
YXFVVABEGXRONW-UHFFFAOYSA-N,Cc1ccccc1,0.0,0.0,0.0,0.0,0.0,0.0
YXFVVABEGXRONW-UHFFFAOYSA-N,Cc1ccccc1,0.0,0.0,0.0,0.0,0.0,0.0
ZBCBWPMODOFKDW-UHFFFAOYSA-N,OCCNCCO,3.0,3.0,0.42857142857142855,0.42857142857142855,2.0,0.1836734693877551
ZBCBWPMODOFKDW-UHFFFAOYSA-N,OCCNCCO,3.0,3.0,0.42857142857142855,0.42857142857142855,2.0,0.1836734693877551
ZBCBWPMODOFKDW-UHFFFAOYSA-N,OCCNCCO,3.0,3.0,0.42857142857142855,0.42857142857142855,2.0,0.1836734693877551
ZBCBWPMODOFKDW-UHFFFAOYSA-N,OCCNCCO,3.0,3.0,0.42857142857142855,0.42857142857142855,2.0,0.1836734693877551
ZBCBWPMODOFKDW-UHFFFAOYSA-N,OCCNCCO,3.0,3.0,0.42857142857142855,0.42857142857142855,2.0,0.1836734693877551
ZBCBWPMODOFKDW-UHFFFAOYSA-N,OCCNCCO,3.0,3.0,0.42857142857142855,0.42857142857142855,2.0,0.1836734693877551
ZHNUHDYFZUAESO-UHFFFAOYSA-N,N=CO,2.0,1.0,0.6666666666666666,0.3333333333333333,1.0,0.2222222222222222
ZHNUHDYFZUAESO-UHFFFAOYSA-N,N=CO,2.0,1.0,0.6666666666666666,0.3333333333333333,1.0,0.2222222222222222
ZIBGPFATKBEMQZ-UHFFFAOYSA-N,OCCOCCOCCO,2.0,4.0,0.2,0.4,2.0,0.08
ZIBGPFATKBEMQZ-UHFFFAOYSA-N,OCCOCCOCCO,2.0,4.0,0.2,0.4,2.0,0.08
ZIBGPFATKBEMQZ-UHFFFAOYSA-N,OCCOCCOCCO,2.0,4.0,0.2,0.4,2.0,0.08
ZMXDDKWLCZADIW-UHFFFAOYSA-N,CN(C)C=O,0.0,1.0,0.0,0.2,0.0,0.0
ZMXDDKWLCZADIW-UHFFFAOYSA-N,CN(C)C=O,0.0,1.0,0.0,0.2,0.0,0.0
ZMXDDKWLCZADIW-UHFFFAOYSA-N,CN(C)C=O,0.0,1.0,0.0,0.2,0.0,0.0
ZMXDDKWLCZADIW-UHFFFAOYSA-N,CN(C)C=O,0.0,1.0,0.0,0.2,0.0,0.0
ZMXDDKWLCZADIW-UHFFFAOYSA-N,CN(C)C=O,0.0,1.0,0.0,0.2,0.0,0.0
ZMXDDKWLCZADIW-UHFFFAOYSA-N,CN(C)C=O,0.0,1.0,0.0,0.2,0.0,0.0
ZMXDDKWLCZADIW-UHFFFAOYSA-N,CN(C)C=O,0.0,1.0,0.0,0.2,0.0,0.0
ZMXDDKWLCZADIW-UHFFFAOYSA-N,CN(C)C=O,0.0,1.0,0.0,0.2,0.0,0.0
ZMXDDKWLCZADIW-UHFFFAOYSA-N,CN(C)C=O,0.0,1.0,0.0,0.2,0.0,0.0
ZMXDDKWLCZADIW-UHFFFAOYSA-N,CN(C)C=O,0.0,1.0,0.0,0.2,0.0,0.0
ZMXDDKWLCZADIW-UHFFFAOYSA-N,CN(C)C=O,0.0,1.0,0.0,0.2,0.0,0.0
ZMXDDKWLCZADIW-UHFFFAOYSA-N,CN(C)C=O,0.0,1.0,0.0,0.2,0.0,0.0
ZMXDDKWLCZADIW-UHFFFAOYSA-N,CN(C)C=O,0.0,1.0,0.0,0.2,0.0,0.0
ZMXDDKWLCZADIW-UHFFFAOYSA-N,CN(C)C=O,0.0,1.0,0.0,0.2,0.0,0.0
ZMXDDKWLCZADIW-UHFFFAOYSA-N,CN(C)C=O,0.0,1.0,0.0,0.2,0.0,0.0
ZMXDDKWLCZADIW-UHFFFAOYSA-N,CN(C)C=O,0.0,1.0,0.0,0.2,0.0,0.0
ZMXDDKWLCZADIW-UHFFFAOYSA-N,CN(C)C=O,0.0,1.0,0.0,0.2,0.0,0.0
ZMXDDKWLCZADIW-UHFFFAOYSA-N,CN(C)C=O,0.0,1.0,0.0,0.2,0.0,0.0
ZMXDDKWLCZADIW-UHFFFAOYSA-N,CN(C)C=O,0.0,1.0,0.0,0.2,0.0,0.0
ZMXDDKWLCZADIW-UHFFFAOYSA-N,CN(C)C=O,0.0,1.0,0.0,0.2,0.0,0.0
ZMXDDKWLCZADIW-UHFFFAOYSA-N,CN(C)C=O,0.0,1.0,0.0,0.2,0.0,0.0
ZMXDDKWLCZADIW-UHFFFAOYSA-N,CN(C)C=O,0.0,1.0,0.0,0.2,0.0,0.0
ZMXDDKWLCZADIW-UHFFFAOYSA-N,CN(C)C=O,0.0,1.0,0.0,0.2,0.0,0.0
ZMXDDKWLCZADIW-UHFFFAOYSA-N,CN(C)C=O,0.0,1.0,0.0,0.2,0.0,0.0
ZMXDDKWLCZADIW-UHFFFAOYSA-N,CN(C)C=O,0.0,1.0,0.0,0.2,0.0,0.0
ZMXDDKWLCZADIW-UHFFFAOYSA-N,CN(C)C=O,0.0,1.0,0.0,0.2,0.0,0.0
ZMXDDKWLCZADIW-UHFFFAOYSA-N,CN(C)C=O,0.0,1.0,0.0,0.2,0.0,0.0
ZMXDDKWLCZADIW-UHFFFAOYSA-N,CN(C)C=O,0.0,1.0,0.0,0.2,0.0,0.0
ZMXDDKWLCZADIW-UHFFFAOYSA-N,CN(C)C=O,0.0,1.0,0.0,0.2,0.0,0.0
ZMXDDKWLCZADIW-UHFFFAOYSA-N,CN(C)C=O,0.0,1.0,0.0,0.2,0.0,0.0
ZMXDDKWLCZADIW-UHFFFAOYSA-N,CN(C)C=O,0.0,1.0,0.0,0.2,0.0,0.0
ZMXDDKWLCZADIW-UHFFFAOYSA-N,CN(C)C=O,0.0,1.0,0.0,0.2,0.0,0.0
ZMXDDKWLCZADIW-UHFFFAOYSA-N,CN(C)C=O,0.0,1.0,0.0,0.2,0.0,0.0
ZMXDDKWLCZADIW-UHFFFAOYSA-N,CN(C)C=O,0.0,1.0,0.0,0.2,0.0,0.0
ZMXDDKWLCZADIW-UHFFFAOYSA-N,CN(C)C=O,0.0,1.0,0.0,0.2,0.0,0.0
ZMXDDKWLCZADIW-UHFFFAOYSA-N,CN(C)C=O,0.0,1.0,0.0,0.2,0.0,0.0
ZMXDDKWLCZADIW-UHFFFAOYSA-N,CN(C)C=O,0.0,1.0,0.0,0.2,0.0,0.0
ZMXDDKWLCZADIW-UHFFFAOYSA-N,CN(C)C=O,0.0,1.0,0.0,0.2,0.0,0.0
ZMXDDKWLCZADIW-UHFFFAOYSA-N,CN(C)C=O,0.0,1.0,0.0,0.2,0.0,0.0
ZMXDDKWLCZADIW-UHFFFAOYSA-N,CN(C)C=O,0.0,1.0,0.0,0.2,0.0,0.0
ZMXDDKWLCZADIW-UHFFFAOYSA-N,CN(C)C=O,0.0,1.0,0.0,0.2,0.0,0.0
ZMXDDKWLCZADIW-UHFFFAOYSA-N,CN(C)C=O,0.0,1.0,0.0,0.2,0.0,0.0
ZMXDDKWLCZADIW-UHFFFAOYSA-N,CN(C)C=O,0.0,1.0,0.0,0.2,0.0,0.0
ZMXDDKWLCZADIW-UHFFFAOYSA-N,CN(C)C=O,0.0,1.0,0.0,0.2,0.0,0.0
ZMXDDKWLCZADIW-UHFFFAOYSA-N,CN(C)C=O,0.0,1.0,0.0,0.2,0.0,0.0
ZMXDDKWLCZADIW-UHFFFAOYSA-N,CN(C)C=O,0.0,1.0,0.0,0.2,0.0,0.0
ZMXDDKWLCZADIW-UHFFFAOYSA-N,CN(C)C=O,0.0,1.0,0.0,0.2,0.0,0.0
ZMXDDKWLCZADIW-UHFFFAOYSA-N,CN(C)C=O,0.0,1.0,0.0,0.2,0.0,0.0
ZMXDDKWLCZADIW-UHFFFAOYSA-N,CN(C)C=O,0.0,1.0,0.0,0.2,0.0,0.0
ZMXDDKWLCZADIW-UHFFFAOYSA-N,CN(C)C=O,0.0,1.0,0.0,0.2,0.0,0.0
ZMXDDKWLCZADIW-UHFFFAOYSA-N,CN(C)C=O,0.0,1.0,0.0,0.2,0.0,0.0
ZMXDDKWLCZADIW-UHFFFAOYSA-N,CN(C)C=O,0.0,1.0,0.0,0.2,0.0,0.0
ZMXDDKWLCZADIW-UHFFFAOYSA-N,CN(C)C=O,0.0,1.0,0.0,0.2,0.0,0.0
ZMXDDKWLCZADIW-UHFFFAOYSA-N,CN(C)C=O,0.0,1.0,0.0,0.2,0.0,0.0
ZMXDDKWLCZADIW-UHFFFAOYSA-N,CN(C)C=O,0.0,1.0,0.0,0.2,0.0,0.0
ZMXDDKWLCZADIW-UHFFFAOYSA-N,CN(C)C=O,0.0,1.0,0.0,0.2,0.0,0.0
ZMXDDKWLCZADIW-UHFFFAOYSA-N,CN(C)C=O,0.0,1.0,0.0,0.2,0.0,0.0
ZMXDDKWLCZADIW-UHFFFAOYSA-N,CN(C)C=O,0.0,1.0,0.0,0.2,0.0,0.0
ZMXDDKWLCZADIW-UHFFFAOYSA-N,CN(C)C=O,0.0,1.0,0.0,0.2,0.0,0.0
ZMXDDKWLCZADIW-UHFFFAOYSA-N,CN(C)C=O,0.0,1.0,0.0,0.2,0.0,0.0
ZMXDDKWLCZADIW-UHFFFAOYSA-N,CN(C)C=O,0.0,1.0,0.0,0.2,0.0,0.0
ZMXDDKWLCZADIW-UHFFFAOYSA-N,CN(C)C=O,0.0,1.0,0.0,0.2,0.0,0.0
ZMXDDKWLCZADIW-UHFFFAOYSA-N,CN(C)C=O,0.0,1.0,0.0,0.2,0.0,0.0
ZMXDDKWLCZADIW-UHFFFAOYSA-N,CN(C)C=O,0.0,1.0,0.0,0.2,0.0,0.0
ZMXDDKWLCZADIW-UHFFFAOYSA-N,CN(C)C=O,0.0,1.0,0.0,0.2,0.0,0.0
ZMXDDKWLCZADIW-UHFFFAOYSA-N,CN(C)C=O,0.0,1.0,0.0,0.2,0.0,0.0
ZMXDDKWLCZADIW-UHFFFAOYSA-N,CN(C)C=O,0.0,1.0,0.0,0.2,0.0,0.0
ZMXDDKWLCZADIW-UHFFFAOYSA-N,CN(C)C=O,0.0,1.0,0.0,0.2,0.0,0.0
ZMXDDKWLCZADIW-UHFFFAOYSA-N,CN(C)C=O,0.0,1.0,0.0,0.2,0.0,0.0
ZMXDDKWLCZADIW-UHFFFAOYSA-N,CN(C)C=O,0.0,1.0,0.0,0.2,0.0,0.0
ZMXDDKWLCZADIW-UHFFFAOYSA-N,CN(C)C=O,0.0,1.0,0.0,0.2,0.0,0.0
ZMXDDKWLCZADIW-UHFFFAOYSA-N,CN(C)C=O,0.0,1.0,0.0,0.2,0.0,0.0
ZMXDDKWLCZADIW-UHFFFAOYSA-N,CN(C)C=O,0.0,1.0,0.0,0.2,0.0,0.0
ZMXDDKWLCZADIW-UHFFFAOYSA-N,CN(C)C=O,0.0,1.0,0.0,0.2,0.0,0.0
ZMXDDKWLCZADIW-UHFFFAOYSA-N,CN(C)C=O,0.0,1.0,0.0,0.2,0.0,0.0
ZMXDDKWLCZADIW-UHFFFAOYSA-N,CN(C)C=O,0.0,1.0,0.0,0.2,0.0,0.0
ZMXDDKWLCZADIW-UHFFFAOYSA-N,CN(C)C=O,0.0,1.0,0.0,0.2,0.0,0.0
ZMXDDKWLCZADIW-UHFFFAOYSA-N,CN(C)C=O,0.0,1.0,0.0,0.2,0.0,0.0
ZMXDDKWLCZADIW-UHFFFAOYSA-N,CN(C)C=O,0.0,1.0,0.0,0.2,0.0,0.0
ZMXDDKWLCZADIW-UHFFFAOYSA-N,CN(C)C=O,0.0,1.0,0.0,0.2,0.0,0.0
ZMXDDKWLCZADIW-UHFFFAOYSA-N,CN(C)C=O,0.0,1.0,0.0,0.2,0.0,0.0
ZMXDDKWLCZADIW-UHFFFAOYSA-N,CN(C)C=O,0.0,1.0,0.0,0.2,0.0,0.0
ZMXDDKWLCZADIW-UHFFFAOYSA-N,CN(C)C=O,0.0,1.0,0.0,0.2,0.0,0.0
ZMXDDKWLCZADIW-UHFFFAOYSA-N,CN(C)C=O,0.0,1.0,0.0,0.2,0.0,0.0
ZMXDDKWLCZADIW-UHFFFAOYSA-N,CN(C)C=O,0.0,1.0,0.0,0.2,0.0,0.0
ZMXDDKWLCZADIW-UHFFFAOYSA-N,CN(C)C=O,0.0,1.0,0.0,0.2,0.0,0.0
ZMXDDKWLCZADIW-UHFFFAOYSA-N,CN(C)C=O,0.0,1.0,0.0,0.2,0.0,0.0
ZMXDDKWLCZADIW-UHFFFAOYSA-N,CN(C)C=O,0.0,1.0,0.0,0.2,0.0,0.0
ZMXDDKWLCZADIW-UHFFFAOYSA-N,CN(C)C=O,0.0,1.0,0.0,0.2,0.0,0.0
ZMXDDKWLCZADIW-UHFFFAOYSA-N,CN(C)C=O,0.0,1.0,0.0,0.2,0.0,0.0
ZMXDDKWLCZADIW-UHFFFAOYSA-N,CN(C)C=O,0.0,1.0,0.0,0.2,0.0,0.0
ZMXDDKWLCZADIW-UHFFFAOYSA-N,CN(C)C=O,0.0,1.0,0.0,0.2,0.0,0.0
ZMXDDKWLCZADIW-UHFFFAOYSA-N,CN(C)C=O,0.0,1.0,0.0,0.2,0.0,0.0
ZMXDDKWLCZADIW-UHFFFAOYSA-N,CN(C)C=O,0.0,1.0,0.0,0.2,0.0,0.0
ZMXDDKWLCZADIW-UHFFFAOYSA-N,CN(C)C=O,0.0,1.0,0.0,0.2,0.0,0.0
ZMXDDKWLCZADIW-UHFFFAOYSA-N,CN(C)C=O,0.0,1.0,0.0,0.2,0.0,0.0
ZMXDDKWLCZADIW-UHFFFAOYSA-N,CN(C)C=O,0.0,1.0,0.0,0.2,0.0,0.0
ZMXDDKWLCZADIW-UHFFFAOYSA-N,CN(C)C=O,0.0,1.0,0.0,0.2,0.0,0.0
ZMXDDKWLCZADIW-UHFFFAOYSA-N,CN(C)C=O,0.0,1.0,0.0,0.2,0.0,0.0
ZMXDDKWLCZADIW-UHFFFAOYSA-N,CN(C)C=O,0.0,1.0,0.0,0.2,0.0,0.0
ZMXDDKWLCZADIW-UHFFFAOYSA-N,CN(C)C=O,0.0,1.0,0.0,0.2,0.0,0.0
ZMXDDKWLCZADIW-UHFFFAOYSA-N,CN(C)C=O,0.0,1.0,0.0,0.2,0.0,0.0
ZMXDDKWLCZADIW-UHFFFAOYSA-N,CN(C)C=O,0.0,1.0,0.0,0.2,0.0,0.0
ZMXDDKWLCZADIW-UHFFFAOYSA-N,CN(C)C=O,0.0,1.0,0.0,0.2,0.0,0.0
ZMXDDKWLCZADIW-UHFFFAOYSA-N,CN(C)C=O,0.0,1.0,0.0,0.2,0.0,0.0
ZMXDDKWLCZADIW-UHFFFAOYSA-N,CN(C)C=O,0.0,1.0,0.0,0.2,0.0,0.0
ZMXDDKWLCZADIW-UHFFFAOYSA-N,CN(C)C=O,0.0,1.0,0.0,0.2,0.0,0.0
ZPTRYWVRCNOTAS-UHFFFAOYSA-M,CCn1cc[n+](C)c1.O=S(=O)([O-])C(F)(F)F,0.0,3.0,0.0,0.1875,0.0,0.0
ZSIAUFGUXNUGDI-UHFFFAOYSA-N,CCCCCCO,1.0,1.0,0.14285714285714285,0.14285714285714285,0.0,0.02040816326530612
ZSIAUFGUXNUGDI-UHFFFAOYSA-N,CCCCCCO,1.0,1.0,0.14285714285714285,0.14285714285714285,0.0,0.02040816326530612
ZSIAUFGUXNUGDI-UHFFFAOYSA-N,CCCCCCO,1.0,1.0,0.14285714285714285,0.14285714285714285,0.0,0.02040816326530612
ZSIAUFGUXNUGDI-UHFFFAOYSA-N,CCCCCCO,1.0,1.0,0.14285714285714285,0.14285714285714285,0.0,0.02040816326530612
ZSIAUFGUXNUGDI-UHFFFAOYSA-N,CCCCCCO,1.0,1.0,0.14285714285714285,0.14285714285714285,0.0,0.02040816326530612
ZSIAUFGUXNUGDI-UHFFFAOYSA-N,CCCCCCO,1.0,1.0,0.14285714285714285,0.14285714285714285,0.0,0.02040816326530612
ZSIAUFGUXNUGDI-UHFFFAOYSA-N,CCCCCCO,1.0,1.0,0.14285714285714285,0.14285714285714285,0.0,0.02040816326530612
ZSIAUFGUXNUGDI-UHFFFAOYSA-N,CCCCCCO,1.0,1.0,0.14285714285714285,0.14285714285714285,0.0,0.02040816326530612
ZTOMUSMDRMJOTH-UHFFFAOYSA-N,N#CCCCC#N,0.0,2.0,0.0,0.2857142857142857,0.0,0.0
ZTOMUSMDRMJOTH-UHFFFAOYSA-N,N#CCCCC#N,0.0,2.0,0.0,0.2857142857142857,0.0,0.0
ZTOMUSMDRMJOTH-UHFFFAOYSA-N,N#CCCCC#N,0.0,2.0,0.0,0.2857142857142857,0.0,0.0
ZTOMUSMDRMJOTH-UHFFFAOYSA-N,N#CCCCC#N,0.0,2.0,0.0,0.2857142857142857,0.0,0.0
ZTOMUSMDRMJOTH-UHFFFAOYSA-N,N#CCCCC#N,0.0,2.0,0.0,0.2857142857142857,0.0,0.0
ZTOMUSMDRMJOTH-UHFFFAOYSA-N,N#CCCCC#N,0.0,2.0,0.0,0.2857142857142857,0.0,0.0
ZTOMUSMDRMJOTH-UHFFFAOYSA-N,N#CCCCC#N,0.0,2.0,0.0,0.2857142857142857,0.0,0.0
ZTOMUSMDRMJOTH-UHFFFAOYSA-N,N#CCCCC#N,0.0,2.0,0.0,0.2857142857142857,0.0,0.0
ZTOMUSMDRMJOTH-UHFFFAOYSA-N,N#CCCCC#N,0.0,2.0,0.0,0.2857142857142857,0.0,0.0
ZTOMUSMDRMJOTH-UHFFFAOYSA-N,N#CCCCC#N,0.0,2.0,0.0,0.2857142857142857,0.0,0.0
ZTOMUSMDRMJOTH-UHFFFAOYSA-N,N#CCCCC#N,0.0,2.0,0.0,0.2857142857142857,0.0,0.0
ZTOMUSMDRMJOTH-UHFFFAOYSA-N,N#CCCCC#N,0.0,2.0,0.0,0.2857142857142857,0.0,0.0
ZTOMUSMDRMJOTH-UHFFFAOYSA-N,N#CCCCC#N,0.0,2.0,0.0,0.2857142857142857,0.0,0.0
ZTOMUSMDRMJOTH-UHFFFAOYSA-N,N#CCCCC#N,0.0,2.0,0.0,0.2857142857142857,0.0,0.0
ZTOMUSMDRMJOTH-UHFFFAOYSA-N,N#CCCCC#N,0.0,2.0,0.0,0.2857142857142857,0.0,0.0
ZTOMUSMDRMJOTH-UHFFFAOYSA-N,N#CCCCC#N,0.0,2.0,0.0,0.2857142857142857,0.0,0.0
ZTOMUSMDRMJOTH-UHFFFAOYSA-N,N#CCCCC#N,0.0,2.0,0.0,0.2857142857142857,0.0,0.0
ZTOMUSMDRMJOTH-UHFFFAOYSA-N,N#CCCCC#N,0.0,2.0,0.0,0.2857142857142857,0.0,0.0
ZTOMUSMDRMJOTH-UHFFFAOYSA-N,N#CCCCC#N,0.0,2.0,0.0,0.2857142857142857,0.0,0.0
ZTOMUSMDRMJOTH-UHFFFAOYSA-N,N#CCCCC#N,0.0,2.0,0.0,0.2857142857142857,0.0,0.0
ZTOMUSMDRMJOTH-UHFFFAOYSA-N,N#CCCCC#N,0.0,2.0,0.0,0.2857142857142857,0.0,0.0
ZTOMUSMDRMJOTH-UHFFFAOYSA-N,N#CCCCC#N,0.0,2.0,0.0,0.2857142857142857,0.0,0.0
ZTOMUSMDRMJOTH-UHFFFAOYSA-N,N#CCCCC#N,0.0,2.0,0.0,0.2857142857142857,0.0,0.0
ZTOMUSMDRMJOTH-UHFFFAOYSA-N,N#CCCCC#N,0.0,2.0,0.0,0.2857142857142857,0.0,0.0
ZTOMUSMDRMJOTH-UHFFFAOYSA-N,N#CCCCC#N,0.0,2.0,0.0,0.2857142857142857,0.0,0.0
ZTOMUSMDRMJOTH-UHFFFAOYSA-N,N#CCCCC#N,0.0,2.0,0.0,0.2857142857142857,0.0,0.0
ZTOMUSMDRMJOTH-UHFFFAOYSA-N,N#CCCCC#N,0.0,2.0,0.0,0.2857142857142857,0.0,0.0
ZTOMUSMDRMJOTH-UHFFFAOYSA-N,N#CCCCC#N,0.0,2.0,0.0,0.2857142857142857,0.0,0.0
ZTOMUSMDRMJOTH-UHFFFAOYSA-N,N#CCCCC#N,0.0,2.0,0.0,0.2857142857142857,0.0,0.0
ZTOMUSMDRMJOTH-UHFFFAOYSA-N,N#CCCCC#N,0.0,2.0,0.0,0.2857142857142857,0.0,0.0
ZTOMUSMDRMJOTH-UHFFFAOYSA-N,N#CCCCC#N,0.0,2.0,0.0,0.2857142857142857,0.0,0.0
ZUHZGEOKBKGPSW-UHFFFAOYSA-N,COCCOCCOCCOCCOC,0.0,5.0,0.0,0.3333333333333333,0.0,0.0
ZUHZGEOKBKGPSW-UHFFFAOYSA-N,COCCOCCOCCOCCOC,0.0,5.0,0.0,0.3333333333333333,0.0,0.0
ZUHZGEOKBKGPSW-UHFFFAOYSA-N,COCCOCCOCCOCCOC,0.0,5.0,0.0,0.3333333333333333,0.0,0.0
ZUHZGEOKBKGPSW-UHFFFAOYSA-N,COCCOCCOCCOCCOC,0.0,5.0,0.0,0.3333333333333333,0.0,0.0
ZUHZGEOKBKGPSW-UHFFFAOYSA-N,COCCOCCOCCOCCOC,0.0,5.0,0.0,0.3333333333333333,0.0,0.0
ZUHZGEOKBKGPSW-UHFFFAOYSA-N,COCCOCCOCCOCCOC,0.0,5.0,0.0,0.3333333333333333,0.0,0.0
ZXEKIIBDNHEJCQ-UHFFFAOYSA-N,CC(C)CO,1.0,1.0,0.2,0.2,0.0,0.04
ZXEKIIBDNHEJCQ-UHFFFAOYSA-N,CC(C)CO,1.0,1.0,0.2,0.2,0.0,0.04
ZXEKIIBDNHEJCQ-UHFFFAOYSA-N,CC(C)CO,1.0,1.0,0.2,0.2,0.0,0.04
ZXEKIIBDNHEJCQ-UHFFFAOYSA-N,CC(C)CO,1.0,1.0,0.2,0.2,0.0,0.04
ZXEKIIBDNHEJCQ-UHFFFAOYSA-N,CC(C)CO,1.0,1.0,0.2,0.2,0.0,0.04
ZXEKIIBDNHEJCQ-UHFFFAOYSA-N,CC(C)CO,1.0,1.0,0.2,0.2,0.0,0.04
ZXEKIIBDNHEJCQ-UHFFFAOYSA-N,CC(C)CO,1.0,1.0,0.2,0.2,0.0,0.04
ZXEKIIBDNHEJCQ-UHFFFAOYSA-N,CC(C)CO,1.0,1.0,0.2,0.2,0.0,0.04
ZXEKIIBDNHEJCQ-UHFFFAOYSA-N,CC(C)CO,1.0,1.0,0.2,0.2,0.0,0.04
ZXEKIIBDNHEJCQ-UHFFFAOYSA-N,CC(C)CO,1.0,1.0,0.2,0.2,0.0,0.04
AQIXEPGDORPWBJ-UHFFFAOYSA-N,CCC(CC)O,1.0,1.0,0.16666666666666666,0.16666666666666666,0.0,0.027777777777777776
AQIXEPGDORPWBJ-UHFFFAOYSA-N,CCC(CC)O,1.0,1.0,0.16666666666666666,0.16666666666666666,0.0,0.027777777777777776
ATHHXGZTWNVVOU-UHFFFAOYSA-N,CNC=O,1.0,1.0,0.25,0.25,1.0,0.0625
BMVXCPBXGZKUPN-UHFFFAOYSA-N,CCCCCCN,1.0,1.0,0.14285714285714285,0.14285714285714285,0.0,0.02040816326530612
BMVXCPBXGZKUPN-UHFFFAOYSA-N,CCCCCCN,1.0,1.0,0.14285714285714285,0.14285714285714285,0.0,0.02040816326530612
BMVXCPBXGZKUPN-UHFFFAOYSA-N,CCCCCCN,1.0,1.0,0.14285714285714285,0.14285714285714285,0.0,0.02040816326530612
BSPCSKHALVHRSR-UHFFFAOYSA-N,CCC(C)Cl,0.0,0.0,0.0,0.0,0.0,0.0
BSPCSKHALVHRSR-UHFFFAOYSA-N,CCC(C)Cl,0.0,0.0,0.0,0.0,0.0,0.0
BSPCSKHALVHRSR-UHFFFAOYSA-N,CCC(C)Cl,0.0,0.0,0.0,0.0,0.0,0.0
BSYVTEYKTMYBMK-UHFFFAOYSA-N,C1CC(OC1)CO,1.0,2.0,0.14285714285714285,0.2857142857142857,1.0,0.04081632653061224
BSYVTEYKTMYBMK-UHFFFAOYSA-N,C1CC(OC1)CO,1.0,2.0,0.14285714285714285,0.2857142857142857,1.0,0.04081632653061224
BSYVTEYKTMYBMK-UHFFFAOYSA-N,C1CC(OC1)CO,1.0,2.0,0.14285714285714285,0.2857142857142857,1.0,0.04081632653061224
BSYVTEYKTMYBMK-UHFFFAOYSA-N,C1CC(OC1)CO,1.0,2.0,0.14285714285714285,0.2857142857142857,1.0,0.04081632653061224
BSYVTEYKTMYBMK-UHFFFAOYSA-N,C1CC(OC1)CO,1.0,2.0,0.14285714285714285,0.2857142857142857,1.0,0.04081632653061224
BSYVTEYKTMYBMK-UHFFFAOYSA-N,C1CC(OC1)CO,1.0,2.0,0.14285714285714285,0.2857142857142857,1.0,0.04081632653061224
BSYVTEYKTMYBMK-UHFFFAOYSA-N,C1CC(OC1)CO,1.0,2.0,0.14285714285714285,0.2857142857142857,1.0,0.04081632653061224
BSYVTEYKTMYBMK-UHFFFAOYSA-N,C1CC(OC1)CO,1.0,2.0,0.14285714285714285,0.2857142857142857,1.0,0.04081632653061224
BSYVTEYKTMYBMK-UHFFFAOYSA-N,C1CC(OC1)CO,1.0,2.0,0.14285714285714285,0.2857142857142857,1.0,0.04081632653061224
BSYVTEYKTMYBMK-UHFFFAOYSA-N,C1CC(OC1)CO,1.0,2.0,0.14285714285714285,0.2857142857142857,1.0,0.04081632653061224
BSYVTEYKTMYBMK-UHFFFAOYSA-N,C1CC(OC1)CO,1.0,2.0,0.14285714285714285,0.2857142857142857,1.0,0.04081632653061224
BSYVTEYKTMYBMK-UHFFFAOYSA-N,C1CC(OC1)CO,1.0,2.0,0.14285714285714285,0.2857142857142857,1.0,0.04081632653061224
BSYVTEYKTMYBMK-UHFFFAOYSA-N,C1CC(OC1)CO,1.0,2.0,0.14285714285714285,0.2857142857142857,1.0,0.04081632653061224
BSYVTEYKTMYBMK-UHFFFAOYSA-N,C1CC(OC1)CO,1.0,2.0,0.14285714285714285,0.2857142857142857,1.0,0.04081632653061224
BSYVTEYKTMYBMK-UHFFFAOYSA-N,C1CC(OC1)CO,1.0,2.0,0.14285714285714285,0.2857142857142857,1.0,0.04081632653061224
BSYVTEYKTMYBMK-UHFFFAOYSA-N,C1CC(OC1)CO,1.0,2.0,0.14285714285714285,0.2857142857142857,1.0,0.04081632653061224
BSYVTEYKTMYBMK-UHFFFAOYSA-N,C1CC(OC1)CO,1.0,2.0,0.14285714285714285,0.2857142857142857,1.0,0.04081632653061224
BSYVTEYKTMYBMK-UHFFFAOYSA-N,C1CC(OC1)CO,1.0,2.0,0.14285714285714285,0.2857142857142857,1.0,0.04081632653061224
BSYVTEYKTMYBMK-UHFFFAOYSA-N,C1CC(OC1)CO,1.0,2.0,0.14285714285714285,0.2857142857142857,1.0,0.04081632653061224
BSYVTEYKTMYBMK-UHFFFAOYSA-N,C1CC(OC1)CO,1.0,2.0,0.14285714285714285,0.2857142857142857,1.0,0.04081632653061224
BSYVTEYKTMYBMK-UHFFFAOYSA-N,C1CC(OC1)CO,1.0,2.0,0.14285714285714285,0.2857142857142857,1.0,0.04081632653061224
BSYVTEYKTMYBMK-UHFFFAOYSA-N,C1CC(OC1)CO,1.0,2.0,0.14285714285714285,0.2857142857142857,1.0,0.04081632653061224
BSYVTEYKTMYBMK-UHFFFAOYSA-N,C1CC(OC1)CO,1.0,2.0,0.14285714285714285,0.2857142857142857,1.0,0.04081632653061224
BSYVTEYKTMYBMK-UHFFFAOYSA-N,C1CC(OC1)CO,1.0,2.0,0.14285714285714285,0.2857142857142857,1.0,0.04081632653061224
BSYVTEYKTMYBMK-UHFFFAOYSA-N,C1CC(OC1)CO,1.0,2.0,0.14285714285714285,0.2857142857142857,1.0,0.04081632653061224
CSCPPACGZOOCGX-UHFFFAOYSA-N,CC(C)=O,0.0,1.0,0.0,0.25,0.0,0.0
GSNUFIFRDBKVIE-UHFFFAOYSA-N,CC1=CC=C(O1)C,0.0,1.0,0.0,0.14285714285714285,0.0,0.0
GSNUFIFRDBKVIE-UHFFFAOYSA-N,CC1=CC=C(O1)C,0.0,1.0,0.0,0.14285714285714285,0.0,0.0
GSNUFIFRDBKVIE-UHFFFAOYSA-N,CC1=CC=C(O1)C,0.0,1.0,0.0,0.14285714285714285,0.0,0.0
GSNUFIFRDBKVIE-UHFFFAOYSA-N,CC1=CC=C(O1)C,0.0,1.0,0.0,0.14285714285714285,0.0,0.0
GSNUFIFRDBKVIE-UHFFFAOYSA-N,CC1=CC=C(O1)C,0.0,1.0,0.0,0.14285714285714285,0.0,0.0
GSNUFIFRDBKVIE-UHFFFAOYSA-N,CC1=CC=C(O1)C,0.0,1.0,0.0,0.14285714285714285,0.0,0.0
GSNUFIFRDBKVIE-UHFFFAOYSA-N,CC1=CC=C(O1)C,0.0,1.0,0.0,0.14285714285714285,0.0,0.0
GSNUFIFRDBKVIE-UHFFFAOYSA-N,CC1=CC=C(O1)C,0.0,1.0,0.0,0.14285714285714285,0.0,0.0
GSNUFIFRDBKVIE-UHFFFAOYSA-N,CC1=CC=C(O1)C,0.0,1.0,0.0,0.14285714285714285,0.0,0.0
GSNUFIFRDBKVIE-UHFFFAOYSA-N,CC1=CC=C(O1)C,0.0,1.0,0.0,0.14285714285714285,0.0,0.0
GSNUFIFRDBKVIE-UHFFFAOYSA-N,CC1=CC=C(O1)C,0.0,1.0,0.0,0.14285714285714285,0.0,0.0
GSNUFIFRDBKVIE-UHFFFAOYSA-N,CC1=CC=C(O1)C,0.0,1.0,0.0,0.14285714285714285,0.0,0.0
GSNUFIFRDBKVIE-UHFFFAOYSA-N,CC1=CC=C(O1)C,0.0,1.0,0.0,0.14285714285714285,0.0,0.0
GSNUFIFRDBKVIE-UHFFFAOYSA-N,CC1=CC=C(O1)C,0.0,1.0,0.0,0.14285714285714285,0.0,0.0
GSNUFIFRDBKVIE-UHFFFAOYSA-N,CC1=CC=C(O1)C,0.0,1.0,0.0,0.14285714285714285,0.0,0.0
GSNUFIFRDBKVIE-UHFFFAOYSA-N,CC1=CC=C(O1)C,0.0,1.0,0.0,0.14285714285714285,0.0,0.0
GSNUFIFRDBKVIE-UHFFFAOYSA-N,CC1=CC=C(O1)C,0.0,1.0,0.0,0.14285714285714285,0.0,0.0
GSNUFIFRDBKVIE-UHFFFAOYSA-N,CC1=CC=C(O1)C,0.0,1.0,0.0,0.14285714285714285,0.0,0.0
GSNUFIFRDBKVIE-UHFFFAOYSA-N,CC1=CC=C(O1)C,0.0,1.0,0.0,0.14285714285714285,0.0,0.0
GSNUFIFRDBKVIE-UHFFFAOYSA-N,CC1=CC=C(O1)C,0.0,1.0,0.0,0.14285714285714285,0.0,0.0
GSNUFIFRDBKVIE-UHFFFAOYSA-N,CC1=CC=C(O1)C,0.0,1.0,0.0,0.14285714285714285,0.0,0.0
GSNUFIFRDBKVIE-UHFFFAOYSA-N,CC1=CC=C(O1)C,0.0,1.0,0.0,0.14285714285714285,0.0,0.0
GSNUFIFRDBKVIE-UHFFFAOYSA-N,CC1=CC=C(O1)C,0.0,1.0,0.0,0.14285714285714285,0.0,0.0
GSNUFIFRDBKVIE-UHFFFAOYSA-N,CC1=CC=C(O1)C,0.0,1.0,0.0,0.14285714285714285,0.0,0.0
GSNUFIFRDBKVIE-UHFFFAOYSA-N,CC1=CC=C(O1)C,0.0,1.0,0.0,0.14285714285714285,0.0,0.0
HDGQICNBXPAKLR-UHFFFAOYSA-N,CCC(C)CC(C)C,0.0,0.0,0.0,0.0,0.0,0.0
HDGQICNBXPAKLR-UHFFFAOYSA-N,CCC(C)CC(C)C,0.0,0.0,0.0,0.0,0.0,0.0
HDGQICNBXPAKLR-UHFFFAOYSA-N,CCC(C)CC(C)C,0.0,0.0,0.0,0.0,0.0,0.0
HLPIHRDZBHXTFJ-UHFFFAOYSA-N,CCC1=CC=CO1,0.0,1.0,0.0,0.14285714285714285,0.0,0.0
HLPIHRDZBHXTFJ-UHFFFAOYSA-N,CCC1=CC=CO1,0.0,1.0,0.0,0.14285714285714285,0.0,0.0
HLPIHRDZBHXTFJ-UHFFFAOYSA-N,CCC1=CC=CO1,0.0,1.0,0.0,0.14285714285714285,0.0,0.0
HLPIHRDZBHXTFJ-UHFFFAOYSA-N,CCC1=CC=CO1,0.0,1.0,0.0,0.14285714285714285,0.0,0.0
HLPIHRDZBHXTFJ-UHFFFAOYSA-N,CCC1=CC=CO1,0.0,1.0,0.0,0.14285714285714285,0.0,0.0
HLPIHRDZBHXTFJ-UHFFFAOYSA-N,CCC1=CC=CO1,0.0,1.0,0.0,0.14285714285714285,0.0,0.0
HLPIHRDZBHXTFJ-UHFFFAOYSA-N,CCC1=CC=CO1,0.0,1.0,0.0,0.14285714285714285,0.0,0.0
HLPIHRDZBHXTFJ-UHFFFAOYSA-N,CCC1=CC=CO1,0.0,1.0,0.0,0.14285714285714285,0.0,0.0
HLPIHRDZBHXTFJ-UHFFFAOYSA-N,CCC1=CC=CO1,0.0,1.0,0.0,0.14285714285714285,0.0,0.0
HLPIHRDZBHXTFJ-UHFFFAOYSA-N,CCC1=CC=CO1,0.0,1.0,0.0,0.14285714285714285,0.0,0.0
HLPIHRDZBHXTFJ-UHFFFAOYSA-N,CCC1=CC=CO1,0.0,1.0,0.0,0.14285714285714285,0.0,0.0
HLPIHRDZBHXTFJ-UHFFFAOYSA-N,CCC1=CC=CO1,0.0,1.0,0.0,0.14285714285714285,0.0,0.0
HLPIHRDZBHXTFJ-UHFFFAOYSA-N,CCC1=CC=CO1,0.0,1.0,0.0,0.14285714285714285,0.0,0.0
HLPIHRDZBHXTFJ-UHFFFAOYSA-N,CCC1=CC=CO1,0.0,1.0,0.0,0.14285714285714285,0.0,0.0
HLPIHRDZBHXTFJ-UHFFFAOYSA-N,CCC1=CC=CO1,0.0,1.0,0.0,0.14285714285714285,0.0,0.0
HLPIHRDZBHXTFJ-UHFFFAOYSA-N,CCC1=CC=CO1,0.0,1.0,0.0,0.14285714285714285,0.0,0.0
HLPIHRDZBHXTFJ-UHFFFAOYSA-N,CCC1=CC=CO1,0.0,1.0,0.0,0.14285714285714285,0.0,0.0
HLPIHRDZBHXTFJ-UHFFFAOYSA-N,CCC1=CC=CO1,0.0,1.0,0.0,0.14285714285714285,0.0,0.0
HLPIHRDZBHXTFJ-UHFFFAOYSA-N,CCC1=CC=CO1,0.0,1.0,0.0,0.14285714285714285,0.0,0.0
HLPIHRDZBHXTFJ-UHFFFAOYSA-N,CCC1=CC=CO1,0.0,1.0,0.0,0.14285714285714285,0.0,0.0
HLPIHRDZBHXTFJ-UHFFFAOYSA-N,CCC1=CC=CO1,0.0,1.0,0.0,0.14285714285714285,0.0,0.0
HLPIHRDZBHXTFJ-UHFFFAOYSA-N,CCC1=CC=CO1,0.0,1.0,0.0,0.14285714285714285,0.0,0.0
HLPIHRDZBHXTFJ-UHFFFAOYSA-N,CCC1=CC=CO1,0.0,1.0,0.0,0.14285714285714285,0.0,0.0
HLPIHRDZBHXTFJ-UHFFFAOYSA-N,CCC1=CC=CO1,0.0,1.0,0.0,0.14285714285714285,0.0,0.0
HLPIHRDZBHXTFJ-UHFFFAOYSA-N,CCC1=CC=CO1,0.0,1.0,0.0,0.14285714285714285,0.0,0.0
HQABUPZFAYXKJW-UHFFFAOYSA-N,CCCCN,1.0,1.0,0.2,0.2,0.0,0.04
HQABUPZFAYXKJW-UHFFFAOYSA-N,CCCCN,1.0,1.0,0.2,0.2,0.0,0.04
HQABUPZFAYXKJW-UHFFFAOYSA-N,CCCCN,1.0,1.0,0.2,0.2,0.0,0.04
JCCCMAAJYSNBPR-UHFFFAOYSA-N,CCC1=CC=CS1,0.0,1.0,0.0,0.14285714285714285,0.0,0.0
JCCCMAAJYSNBPR-UHFFFAOYSA-N,CCC1=CC=CS1,0.0,1.0,0.0,0.14285714285714285,0.0,0.0
JCCCMAAJYSNBPR-UHFFFAOYSA-N,CCC1=CC=CS1,0.0,1.0,0.0,0.14285714285714285,0.0,0.0
JCCCMAAJYSNBPR-UHFFFAOYSA-N,CCC1=CC=CS1,0.0,1.0,0.0,0.14285714285714285,0.0,0.0
JCCCMAAJYSNBPR-UHFFFAOYSA-N,CCC1=CC=CS1,0.0,1.0,0.0,0.14285714285714285,0.0,0.0
JCCCMAAJYSNBPR-UHFFFAOYSA-N,CCC1=CC=CS1,0.0,1.0,0.0,0.14285714285714285,0.0,0.0
JCCCMAAJYSNBPR-UHFFFAOYSA-N,CCC1=CC=CS1,0.0,1.0,0.0,0.14285714285714285,0.0,0.0
JCCCMAAJYSNBPR-UHFFFAOYSA-N,CCC1=CC=CS1,0.0,1.0,0.0,0.14285714285714285,0.0,0.0
JCCCMAAJYSNBPR-UHFFFAOYSA-N,CCC1=CC=CS1,0.0,1.0,0.0,0.14285714285714285,0.0,0.0
JCCCMAAJYSNBPR-UHFFFAOYSA-N,CCC1=CC=CS1,0.0,1.0,0.0,0.14285714285714285,0.0,0.0
JCCCMAAJYSNBPR-UHFFFAOYSA-N,CCC1=CC=CS1,0.0,1.0,0.0,0.14285714285714285,0.0,0.0
JCCCMAAJYSNBPR-UHFFFAOYSA-N,CCC1=CC=CS1,0.0,1.0,0.0,0.14285714285714285,0.0,0.0
JCCCMAAJYSNBPR-UHFFFAOYSA-N,CCC1=CC=CS1,0.0,1.0,0.0,0.14285714285714285,0.0,0.0
JCCCMAAJYSNBPR-UHFFFAOYSA-N,CCC1=CC=CS1,0.0,1.0,0.0,0.14285714285714285,0.0,0.0
JCCCMAAJYSNBPR-UHFFFAOYSA-N,CCC1=CC=CS1,0.0,1.0,0.0,0.14285714285714285,0.0,0.0
JCCCMAAJYSNBPR-UHFFFAOYSA-N,CCC1=CC=CS1,0.0,1.0,0.0,0.14285714285714285,0.0,0.0
JCCCMAAJYSNBPR-UHFFFAOYSA-N,CCC1=CC=CS1,0.0,1.0,0.0,0.14285714285714285,0.0,0.0
JCCCMAAJYSNBPR-UHFFFAOYSA-N,CCC1=CC=CS1,0.0,1.0,0.0,0.14285714285714285,0.0,0.0
JCCCMAAJYSNBPR-UHFFFAOYSA-N,CCC1=CC=CS1,0.0,1.0,0.0,0.14285714285714285,0.0,0.0
JCCCMAAJYSNBPR-UHFFFAOYSA-N,CCC1=CC=CS1,0.0,1.0,0.0,0.14285714285714285,0.0,0.0
JCCCMAAJYSNBPR-UHFFFAOYSA-N,CCC1=CC=CS1,0.0,1.0,0.0,0.14285714285714285,0.0,0.0
JCCCMAAJYSNBPR-UHFFFAOYSA-N,CCC1=CC=CS1,0.0,1.0,0.0,0.14285714285714285,0.0,0.0
JCCCMAAJYSNBPR-UHFFFAOYSA-N,CCC1=CC=CS1,0.0,1.0,0.0,0.14285714285714285,0.0,0.0
JCCCMAAJYSNBPR-UHFFFAOYSA-N,CCC1=CC=CS1,0.0,1.0,0.0,0.14285714285714285,0.0,0.0
JCCCMAAJYSNBPR-UHFFFAOYSA-N,CCC1=CC=CS1,0.0,1.0,0.0,0.14285714285714285,0.0,0.0
JQVDAXLFBXTEQA-UHFFFAOYSA-N,CCCCNCCCC,1.0,1.0,0.1111111111111111,0.1111111111111111,0.0,0.012345679012345678
JQVDAXLFBXTEQA-UHFFFAOYSA-N,CCCCNCCCC,1.0,1.0,0.1111111111111111,0.1111111111111111,0.0,0.012345679012345678
JQVDAXLFBXTEQA-UHFFFAOYSA-N,CCCCNCCCC,1.0,1.0,0.1111111111111111,0.1111111111111111,0.0,0.012345679012345678
JYVLIDXNZAXMDK-UHFFFAOYSA-N,CCCC(C)O,1.0,1.0,0.16666666666666666,0.16666666666666666,0.0,0.027777777777777776
JYVLIDXNZAXMDK-UHFFFAOYSA-N,CCCC(C)O,1.0,1.0,0.16666666666666666,0.16666666666666666,0.0,0.027777777777777776
KWOLFJPFCHCOCG-UHFFFAOYSA-N,CC(=O)C1=CC=CC=C1,0.0,1.0,0.0,0.1111111111111111,0.0,0.0
LAIUFBWHERIJIH-UHFFFAOYSA-N,CCCCC(C)CC,0.0,0.0,0.0,0.0,0.0,0.0
LAIUFBWHERIJIH-UHFFFAOYSA-N,CCCCC(C)CC,0.0,0.0,0.0,0.0,0.0,0.0
LAIUFBWHERIJIH-UHFFFAOYSA-N,CCCCC(C)CC,0.0,0.0,0.0,0.0,0.0,0.0
LHIJANUOQQMGNT-UHFFFAOYSA-N,C(CNCCO)N,3.0,3.0,0.42857142857142855,0.42857142857142855,2.0,0.1836734693877551
LHIJANUOQQMGNT-UHFFFAOYSA-N,C(CNCCO)N,3.0,3.0,0.42857142857142855,0.42857142857142855,2.0,0.1836734693877551
LHIJANUOQQMGNT-UHFFFAOYSA-N,C(CNCCO)N,3.0,3.0,0.42857142857142855,0.42857142857142855,2.0,0.1836734693877551
LHIJANUOQQMGNT-UHFFFAOYSA-N,C(CNCCO)N,3.0,3.0,0.42857142857142855,0.42857142857142855,2.0,0.1836734693877551
LHIJANUOQQMGNT-UHFFFAOYSA-N,C(CNCCO)N,3.0,3.0,0.42857142857142855,0.42857142857142855,2.0,0.1836734693877551
LHIJANUOQQMGNT-UHFFFAOYSA-N,C(CNCCO)N,3.0,3.0,0.42857142857142855,0.42857142857142855,2.0,0.1836734693877551
LHIJANUOQQMGNT-UHFFFAOYSA-N,C(CNCCO)N,3.0,3.0,0.42857142857142855,0.42857142857142855,2.0,0.1836734693877551
LHIJANUOQQMGNT-UHFFFAOYSA-N,C(CNCCO)N,3.0,3.0,0.42857142857142855,0.42857142857142855,2.0,0.1836734693877551
LHIJANUOQQMGNT-UHFFFAOYSA-N,C(CNCCO)N,3.0,3.0,0.42857142857142855,0.42857142857142855,2.0,0.1836734693877551
LHIJANUOQQMGNT-UHFFFAOYSA-N,C(CNCCO)N,3.0,3.0,0.42857142857142855,0.42857142857142855,2.0,0.1836734693877551
LHIJANUOQQMGNT-UHFFFAOYSA-N,C(CNCCO)N,3.0,3.0,0.42857142857142855,0.42857142857142855,2.0,0.1836734693877551
LHIJANUOQQMGNT-UHFFFAOYSA-N,C(CNCCO)N,3.0,3.0,0.42857142857142855,0.42857142857142855,2.0,0.1836734693877551
LPEKGGXMPWTOCB-UHFFFAOYSA-N,CC(C(=O)OC)O,1.0,3.0,0.14285714285714285,0.42857142857142855,2.0,0.061224489795918366
LPEKGGXMPWTOCB-UHFFFAOYSA-N,CC(C(=O)OC)O,1.0,3.0,0.14285714285714285,0.42857142857142855,2.0,0.061224489795918366
LPEKGGXMPWTOCB-UHFFFAOYSA-N,CC(C(=O)OC)O,1.0,3.0,0.14285714285714285,0.42857142857142855,2.0,0.061224489795918366
LPEKGGXMPWTOCB-UHFFFAOYSA-N,CC(C(=O)OC)O,1.0,3.0,0.14285714285714285,0.42857142857142855,2.0,0.061224489795918366
LPEKGGXMPWTOCB-UHFFFAOYSA-N,CC(C(=O)OC)O,1.0,3.0,0.14285714285714285,0.42857142857142855,2.0,0.061224489795918366
LPEKGGXMPWTOCB-UHFFFAOYSA-N,CC(C(=O)OC)O,1.0,3.0,0.14285714285714285,0.42857142857142855,2.0,0.061224489795918366
LPEKGGXMPWTOCB-UHFFFAOYSA-N,CC(C(=O)OC)O,1.0,3.0,0.14285714285714285,0.42857142857142855,2.0,0.061224489795918366
LPEKGGXMPWTOCB-UHFFFAOYSA-N,CC(C(=O)OC)O,1.0,3.0,0.14285714285714285,0.42857142857142855,2.0,0.061224489795918366
LPEKGGXMPWTOCB-UHFFFAOYSA-N,CC(C(=O)OC)O,1.0,3.0,0.14285714285714285,0.42857142857142855,2.0,0.061224489795918366
LPEKGGXMPWTOCB-UHFFFAOYSA-N,CC(C(=O)OC)O,1.0,3.0,0.14285714285714285,0.42857142857142855,2.0,0.061224489795918366
LPEKGGXMPWTOCB-UHFFFAOYSA-N,CC(C(=O)OC)O,1.0,3.0,0.14285714285714285,0.42857142857142855,2.0,0.061224489795918366
LPEKGGXMPWTOCB-UHFFFAOYSA-N,CC(C(=O)OC)O,1.0,3.0,0.14285714285714285,0.42857142857142855,2.0,0.061224489795918366
LPEKGGXMPWTOCB-UHFFFAOYSA-N,CC(C(=O)OC)O,1.0,3.0,0.14285714285714285,0.42857142857142855,2.0,0.061224489795918366
LPEKGGXMPWTOCB-UHFFFAOYSA-N,CC(C(=O)OC)O,1.0,3.0,0.14285714285714285,0.42857142857142855,2.0,0.061224489795918366
LPEKGGXMPWTOCB-UHFFFAOYSA-N,CC(C(=O)OC)O,1.0,3.0,0.14285714285714285,0.42857142857142855,2.0,0.061224489795918366
LPEKGGXMPWTOCB-UHFFFAOYSA-N,CC(C(=O)OC)O,1.0,3.0,0.14285714285714285,0.42857142857142855,2.0,0.061224489795918366
LPEKGGXMPWTOCB-UHFFFAOYSA-N,CC(C(=O)OC)O,1.0,3.0,0.14285714285714285,0.42857142857142855,2.0,0.061224489795918366
LPEKGGXMPWTOCB-UHFFFAOYSA-N,CC(C(=O)OC)O,1.0,3.0,0.14285714285714285,0.42857142857142855,2.0,0.061224489795918366
LPEKGGXMPWTOCB-UHFFFAOYSA-N,CC(C(=O)OC)O,1.0,3.0,0.14285714285714285,0.42857142857142855,2.0,0.061224489795918366
LPEKGGXMPWTOCB-UHFFFAOYSA-N,CC(C(=O)OC)O,1.0,3.0,0.14285714285714285,0.42857142857142855,2.0,0.061224489795918366
LPEKGGXMPWTOCB-UHFFFAOYSA-N,CC(C(=O)OC)O,1.0,3.0,0.14285714285714285,0.42857142857142855,2.0,0.061224489795918366
LPEKGGXMPWTOCB-UHFFFAOYSA-N,CC(C(=O)OC)O,1.0,3.0,0.14285714285714285,0.42857142857142855,2.0,0.061224489795918366
LPEKGGXMPWTOCB-UHFFFAOYSA-N,CC(C(=O)OC)O,1.0,3.0,0.14285714285714285,0.42857142857142855,2.0,0.061224489795918366
LPEKGGXMPWTOCB-UHFFFAOYSA-N,CC(C(=O)OC)O,1.0,3.0,0.14285714285714285,0.42857142857142855,2.0,0.061224489795918366
LPEKGGXMPWTOCB-UHFFFAOYSA-N,CC(C(=O)OC)O,1.0,3.0,0.14285714285714285,0.42857142857142855,2.0,0.061224489795918366
LPSXSORODABQKT-FIRGSJFUSA-N,C1C[C@H]2[C@@H]3CC[C@@H](C3)[C@H]2C1,0.0,0.0,0.0,0.0,0.0,0.0
LPSXSORODABQKT-FIRGSJFUSA-N,C1C[C@H]2[C@@H]3CC[C@@H](C3)[C@H]2C1,0.0,0.0,0.0,0.0,0.0,0.0
LPSXSORODABQKT-FIRGSJFUSA-N,C1C[C@H]2[C@@H]3CC[C@@H](C3)[C@H]2C1,0.0,0.0,0.0,0.0,0.0,0.0
LQNUZADURLCDLV-UHFFFAOYSA-N,C1=CC=C(C=C1)[N+](=O)[O-],0.0,2.0,0.0,0.2222222222222222,0.0,0.0
LQNUZADURLCDLV-UHFFFAOYSA-N,C1=CC=C(C=C1)[N+](=O)[O-],0.0,2.0,0.0,0.2222222222222222,0.0,0.0
LQNUZADURLCDLV-UHFFFAOYSA-N,C1=CC=C(C=C1)[N+](=O)[O-],0.0,2.0,0.0,0.2222222222222222,0.0,0.0
LQNUZADURLCDLV-UHFFFAOYSA-N,C1=CC=C(C=C1)[N+](=O)[O-],0.0,2.0,0.0,0.2222222222222222,0.0,0.0
LQNUZADURLCDLV-UHFFFAOYSA-N,C1=CC=C(C=C1)[N+](=O)[O-],0.0,2.0,0.0,0.2222222222222222,0.0,0.0
LZCLXQDLBQLTDK-UHFFFAOYSA-N,CCOC(=O)C(C)O,1.0,3.0,0.125,0.375,2.0,0.046875
LZCLXQDLBQLTDK-UHFFFAOYSA-N,CCOC(=O)C(C)O,1.0,3.0,0.125,0.375,2.0,0.046875
LZCLXQDLBQLTDK-UHFFFAOYSA-N,CCOC(=O)C(C)O,1.0,3.0,0.125,0.375,2.0,0.046875
LZCLXQDLBQLTDK-UHFFFAOYSA-N,CCOC(=O)C(C)O,1.0,3.0,0.125,0.375,2.0,0.046875
LZCLXQDLBQLTDK-UHFFFAOYSA-N,CCOC(=O)C(C)O,1.0,3.0,0.125,0.375,2.0,0.046875
LZCLXQDLBQLTDK-UHFFFAOYSA-N,CCOC(=O)C(C)O,1.0,3.0,0.125,0.375,2.0,0.046875
LZCLXQDLBQLTDK-UHFFFAOYSA-N,CCOC(=O)C(C)O,1.0,3.0,0.125,0.375,2.0,0.046875
LZCLXQDLBQLTDK-UHFFFAOYSA-N,CCOC(=O)C(C)O,1.0,3.0,0.125,0.375,2.0,0.046875
LZCLXQDLBQLTDK-UHFFFAOYSA-N,CCOC(=O)C(C)O,1.0,3.0,0.125,0.375,2.0,0.046875
LZCLXQDLBQLTDK-UHFFFAOYSA-N,CCOC(=O)C(C)O,1.0,3.0,0.125,0.375,2.0,0.046875
LZCLXQDLBQLTDK-UHFFFAOYSA-N,CCOC(=O)C(C)O,1.0,3.0,0.125,0.375,2.0,0.046875
LZCLXQDLBQLTDK-UHFFFAOYSA-N,CCOC(=O)C(C)O,1.0,3.0,0.125,0.375,2.0,0.046875
LZCLXQDLBQLTDK-UHFFFAOYSA-N,CCOC(=O)C(C)O,1.0,3.0,0.125,0.375,2.0,0.046875
LZCLXQDLBQLTDK-UHFFFAOYSA-N,CCOC(=O)C(C)O,1.0,3.0,0.125,0.375,2.0,0.046875
LZCLXQDLBQLTDK-UHFFFAOYSA-N,CCOC(=O)C(C)O,1.0,3.0,0.125,0.375,2.0,0.046875
LZCLXQDLBQLTDK-UHFFFAOYSA-N,CCOC(=O)C(C)O,1.0,3.0,0.125,0.375,2.0,0.046875
LZCLXQDLBQLTDK-UHFFFAOYSA-N,CCOC(=O)C(C)O,1.0,3.0,0.125,0.375,2.0,0.046875
LZCLXQDLBQLTDK-UHFFFAOYSA-N,CCOC(=O)C(C)O,1.0,3.0,0.125,0.375,2.0,0.046875
LZCLXQDLBQLTDK-UHFFFAOYSA-N,CCOC(=O)C(C)O,1.0,3.0,0.125,0.375,2.0,0.046875
LZCLXQDLBQLTDK-UHFFFAOYSA-N,CCOC(=O)C(C)O,1.0,3.0,0.125,0.375,2.0,0.046875
LZCLXQDLBQLTDK-UHFFFAOYSA-N,CCOC(=O)C(C)O,1.0,3.0,0.125,0.375,2.0,0.046875
LZCLXQDLBQLTDK-UHFFFAOYSA-N,CCOC(=O)C(C)O,1.0,3.0,0.125,0.375,2.0,0.046875
LZCLXQDLBQLTDK-UHFFFAOYSA-N,CCOC(=O)C(C)O,1.0,3.0,0.125,0.375,2.0,0.046875
LZCLXQDLBQLTDK-UHFFFAOYSA-N,CCOC(=O)C(C)O,1.0,3.0,0.125,0.375,2.0,0.046875
LZCLXQDLBQLTDK-UHFFFAOYSA-N,CCOC(=O)C(C)O,1.0,3.0,0.125,0.375,2.0,0.046875
MRABAEUHTLLEML-UHFFFAOYSA-N,CCCCOC(=O)C(C)O,1.0,3.0,0.1,0.3,2.0,0.03
MRABAEUHTLLEML-UHFFFAOYSA-N,CCCCOC(=O)C(C)O,1.0,3.0,0.1,0.3,2.0,0.03
MRABAEUHTLLEML-UHFFFAOYSA-N,CCCCOC(=O)C(C)O,1.0,3.0,0.1,0.3,2.0,0.03
MRABAEUHTLLEML-UHFFFAOYSA-N,CCCCOC(=O)C(C)O,1.0,3.0,0.1,0.3,2.0,0.03
MRABAEUHTLLEML-UHFFFAOYSA-N,CCCCOC(=O)C(C)O,1.0,3.0,0.1,0.3,2.0,0.03
MRABAEUHTLLEML-UHFFFAOYSA-N,CCCCOC(=O)C(C)O,1.0,3.0,0.1,0.3,2.0,0.03
MRABAEUHTLLEML-UHFFFAOYSA-N,CCCCOC(=O)C(C)O,1.0,3.0,0.1,0.3,2.0,0.03
MRABAEUHTLLEML-UHFFFAOYSA-N,CCCCOC(=O)C(C)O,1.0,3.0,0.1,0.3,2.0,0.03
MRABAEUHTLLEML-UHFFFAOYSA-N,CCCCOC(=O)C(C)O,1.0,3.0,0.1,0.3,2.0,0.03
MRABAEUHTLLEML-UHFFFAOYSA-N,CCCCOC(=O)C(C)O,1.0,3.0,0.1,0.3,2.0,0.03
MRABAEUHTLLEML-UHFFFAOYSA-N,CCCCOC(=O)C(C)O,1.0,3.0,0.1,0.3,2.0,0.03
MRABAEUHTLLEML-UHFFFAOYSA-N,CCCCOC(=O)C(C)O,1.0,3.0,0.1,0.3,2.0,0.03
MRABAEUHTLLEML-UHFFFAOYSA-N,CCCCOC(=O)C(C)O,1.0,3.0,0.1,0.3,2.0,0.03
MRABAEUHTLLEML-UHFFFAOYSA-N,CCCCOC(=O)C(C)O,1.0,3.0,0.1,0.3,2.0,0.03
MRABAEUHTLLEML-UHFFFAOYSA-N,CCCCOC(=O)C(C)O,1.0,3.0,0.1,0.3,2.0,0.03
MRABAEUHTLLEML-UHFFFAOYSA-N,CCCCOC(=O)C(C)O,1.0,3.0,0.1,0.3,2.0,0.03
MRABAEUHTLLEML-UHFFFAOYSA-N,CCCCOC(=O)C(C)O,1.0,3.0,0.1,0.3,2.0,0.03
MRABAEUHTLLEML-UHFFFAOYSA-N,CCCCOC(=O)C(C)O,1.0,3.0,0.1,0.3,2.0,0.03
MRABAEUHTLLEML-UHFFFAOYSA-N,CCCCOC(=O)C(C)O,1.0,3.0,0.1,0.3,2.0,0.03
MRABAEUHTLLEML-UHFFFAOYSA-N,CCCCOC(=O)C(C)O,1.0,3.0,0.1,0.3,2.0,0.03
MRABAEUHTLLEML-UHFFFAOYSA-N,CCCCOC(=O)C(C)O,1.0,3.0,0.1,0.3,2.0,0.03
MRABAEUHTLLEML-UHFFFAOYSA-N,CCCCOC(=O)C(C)O,1.0,3.0,0.1,0.3,2.0,0.03
MRABAEUHTLLEML-UHFFFAOYSA-N,CCCCOC(=O)C(C)O,1.0,3.0,0.1,0.3,2.0,0.03
MRABAEUHTLLEML-UHFFFAOYSA-N,CCCCOC(=O)C(C)O,1.0,3.0,0.1,0.3,2.0,0.03
MRABAEUHTLLEML-UHFFFAOYSA-N,CCCCOC(=O)C(C)O,1.0,3.0,0.1,0.3,2.0,0.03
MSXVEPNJUHWQHW-UHFFFAOYSA-N,CCC(C)(C)O,1.0,1.0,0.16666666666666666,0.16666666666666666,0.0,0.027777777777777776
MSXVEPNJUHWQHW-UHFFFAOYSA-N,CCC(C)(C)O,1.0,1.0,0.16666666666666666,0.16666666666666666,0.0,0.027777777777777776
MXLMTQWGSQIYOW-UHFFFAOYSA-N,CC(C)C(C)O,1.0,1.0,0.16666666666666666,0.16666666666666666,0.0,0.027777777777777776
MXLMTQWGSQIYOW-UHFFFAOYSA-N,CC(C)C(C)O,1.0,1.0,0.16666666666666666,0.16666666666666666,0.0,0.027777777777777776
NBRKLOOSMBRFMH-UHFFFAOYSA-N,CC(C)(C)Cl,0.0,0.0,0.0,0.0,0.0,0.0
NBRKLOOSMBRFMH-UHFFFAOYSA-N,CC(C)(C)Cl,0.0,0.0,0.0,0.0,0.0,0.0
NBRKLOOSMBRFMH-UHFFFAOYSA-N,CC(C)(C)Cl,0.0,0.0,0.0,0.0,0.0,0.0
NHTMVDHEPJAVLT-UHFFFAOYSA-N,CC(C)CC(C)(C)C,0.0,0.0,0.0,0.0,0.0,0.0
NHTMVDHEPJAVLT-UHFFFAOYSA-N,CC(C)CC(C)(C)C,0.0,0.0,0.0,0.0,0.0,0.0
NHTMVDHEPJAVLT-UHFFFAOYSA-N,CC(C)CC(C)(C)C,0.0,0.0,0.0,0.0,0.0,0.0
OUDFNZMQXZILJD-UHFFFAOYSA-N,CC1=CC=C(O1)C=O,0.0,2.0,0.0,0.25,0.0,0.0
OUDFNZMQXZILJD-UHFFFAOYSA-N,CC1=CC=C(O1)C=O,0.0,2.0,0.0,0.25,0.0,0.0
OUDFNZMQXZILJD-UHFFFAOYSA-N,CC1=CC=C(O1)C=O,0.0,2.0,0.0,0.25,0.0,0.0
OUDFNZMQXZILJD-UHFFFAOYSA-N,CC1=CC=C(O1)C=O,0.0,2.0,0.0,0.25,0.0,0.0
OUDFNZMQXZILJD-UHFFFAOYSA-N,CC1=CC=C(O1)C=O,0.0,2.0,0.0,0.25,0.0,0.0
OUDFNZMQXZILJD-UHFFFAOYSA-N,CC1=CC=C(O1)C=O,0.0,2.0,0.0,0.25,0.0,0.0
OUDFNZMQXZILJD-UHFFFAOYSA-N,CC1=CC=C(O1)C=O,0.0,2.0,0.0,0.25,0.0,0.0
OUDFNZMQXZILJD-UHFFFAOYSA-N,CC1=CC=C(O1)C=O,0.0,2.0,0.0,0.25,0.0,0.0
OUDFNZMQXZILJD-UHFFFAOYSA-N,CC1=CC=C(O1)C=O,0.0,2.0,0.0,0.25,0.0,0.0
OUDFNZMQXZILJD-UHFFFAOYSA-N,CC1=CC=C(O1)C=O,0.0,2.0,0.0,0.25,0.0,0.0
OUDFNZMQXZILJD-UHFFFAOYSA-N,CC1=CC=C(O1)C=O,0.0,2.0,0.0,0.25,0.0,0.0
OUDFNZMQXZILJD-UHFFFAOYSA-N,CC1=CC=C(O1)C=O,0.0,2.0,0.0,0.25,0.0,0.0
OUDFNZMQXZILJD-UHFFFAOYSA-N,CC1=CC=C(O1)C=O,0.0,2.0,0.0,0.25,0.0,0.0
OUDFNZMQXZILJD-UHFFFAOYSA-N,CC1=CC=C(O1)C=O,0.0,2.0,0.0,0.25,0.0,0.0
OUDFNZMQXZILJD-UHFFFAOYSA-N,CC1=CC=C(O1)C=O,0.0,2.0,0.0,0.25,0.0,0.0
OUDFNZMQXZILJD-UHFFFAOYSA-N,CC1=CC=C(O1)C=O,0.0,2.0,0.0,0.25,0.0,0.0
OUDFNZMQXZILJD-UHFFFAOYSA-N,CC1=CC=C(O1)C=O,0.0,2.0,0.0,0.25,0.0,0.0
OUDFNZMQXZILJD-UHFFFAOYSA-N,CC1=CC=C(O1)C=O,0.0,2.0,0.0,0.25,0.0,0.0
OUDFNZMQXZILJD-UHFFFAOYSA-N,CC1=CC=C(O1)C=O,0.0,2.0,0.0,0.25,0.0,0.0
OUDFNZMQXZILJD-UHFFFAOYSA-N,CC1=CC=C(O1)C=O,0.0,2.0,0.0,0.25,0.0,0.0
OUDFNZMQXZILJD-UHFFFAOYSA-N,CC1=CC=C(O1)C=O,0.0,2.0,0.0,0.25,0.0,0.0
OUDFNZMQXZILJD-UHFFFAOYSA-N,CC1=CC=C(O1)C=O,0.0,2.0,0.0,0.25,0.0,0.0
OUDFNZMQXZILJD-UHFFFAOYSA-N,CC1=CC=C(O1)C=O,0.0,2.0,0.0,0.25,0.0,0.0
OUDFNZMQXZILJD-UHFFFAOYSA-N,CC1=CC=C(O1)C=O,0.0,2.0,0.0,0.25,0.0,0.0
OUDFNZMQXZILJD-UHFFFAOYSA-N,CC1=CC=C(O1)C=O,0.0,2.0,0.0,0.25,0.0,0.0
OWBTYPJTUOEWEK-UHFFFAOYSA-N,CC(C(C)O)O,2.0,2.0,0.3333333333333333,0.3333333333333333,1.0,0.1111111111111111
PAFZNILMFXTMIY-UHFFFAOYSA-N,C1CCC(CC1)N,1.0,1.0,0.14285714285714285,0.14285714285714285,0.0,0.02040816326530612
PAFZNILMFXTMIY-UHFFFAOYSA-N,C1CCC(CC1)N,1.0,1.0,0.14285714285714285,0.14285714285714285,0.0,0.02040816326530612
PAFZNILMFXTMIY-UHFFFAOYSA-N,C1CCC(CC1)N,1.0,1.0,0.14285714285714285,0.14285714285714285,0.0,0.02040816326530612
PAYRUJLWNCNPSJ-UHFFFAOYSA-N,Nc1ccccc1,1.0,1.0,0.14285714285714285,0.14285714285714285,0.0,0.02040816326530612
PAYRUJLWNCNPSJ-UHFFFAOYSA-N,Nc1ccccc1,1.0,1.0,0.14285714285714285,0.14285714285714285,0.0,0.02040816326530612
PAYRUJLWNCNPSJ-UHFFFAOYSA-N,Nc1ccccc1,1.0,1.0,0.14285714285714285,0.14285714285714285,0.0,0.02040816326530612
PHTQWCKDNZKARW-UHFFFAOYSA-N,CC(C)CCO,1.0,1.0,0.16666666666666666,0.16666666666666666,0.0,0.027777777777777776
PHTQWCKDNZKARW-UHFFFAOYSA-N,CC(C)CCO,1.0,1.0,0.16666666666666666,0.16666666666666666,0.0,0.027777777777777776
PHTQWCKDNZKARW-UHFFFAOYSA-N,CC(C)CCO,1.0,1.0,0.16666666666666666,0.16666666666666666,0.0,0.027777777777777776
PLDWAJLZAAHOGG-UHFFFAOYSA-N,COC1=CC(=CC=C1)Br,0.0,1.0,0.0,0.1111111111111111,0.0,0.0
PLDWAJLZAAHOGG-UHFFFAOYSA-N,COC1=CC(=CC=C1)Br,0.0,1.0,0.0,0.1111111111111111,0.0,0.0
PLDWAJLZAAHOGG-UHFFFAOYSA-N,COC1=CC(=CC=C1)Br,0.0,1.0,0.0,0.1111111111111111,0.0,0.0
PLDWAJLZAAHOGG-UHFFFAOYSA-N,COC1=CC(=CC=C1)Br,0.0,1.0,0.0,0.1111111111111111,0.0,0.0
POAOYUHQDCAZBD-UHFFFAOYSA-N,CCCCOCCO,1.0,2.0,0.125,0.25,1.0,0.03125
POAOYUHQDCAZBD-UHFFFAOYSA-N,CCCCOCCO,1.0,2.0,0.125,0.25,1.0,0.03125
POAOYUHQDCAZBD-UHFFFAOYSA-N,CCCCOCCO,1.0,2.0,0.125,0.25,1.0,0.03125
POAOYUHQDCAZBD-UHFFFAOYSA-N,CCCCOCCO,1.0,2.0,0.125,0.25,1.0,0.03125
POAOYUHQDCAZBD-UHFFFAOYSA-N,CCCCOCCO,1.0,2.0,0.125,0.25,1.0,0.03125
PUPZLCDOIYMWBV-UHFFFAOYSA-N,CC(CCO)O,2.0,2.0,0.3333333333333333,0.3333333333333333,0.0,0.1111111111111111
PUPZLCDOIYMWBV-UHFFFAOYSA-N,CC(CCO)O,2.0,2.0,0.3333333333333333,0.3333333333333333,0.0,0.1111111111111111
PUPZLCDOIYMWBV-UHFFFAOYSA-N,CC(CCO)O,2.0,2.0,0.3333333333333333,0.3333333333333333,0.0,0.1111111111111111
PUPZLCDOIYMWBV-UHFFFAOYSA-N,CC(CCO)O,2.0,2.0,0.3333333333333333,0.3333333333333333,0.0,0.1111111111111111
PUPZLCDOIYMWBV-UHFFFAOYSA-N,CC(CCO)O,2.0,2.0,0.3333333333333333,0.3333333333333333,0.0,0.1111111111111111
QPRQEDXDYOZYLA-UHFFFAOYSA-N,CCC(C)CO,1.0,1.0,0.16666666666666666,0.16666666666666666,0.0,0.027777777777777776
QPRQEDXDYOZYLA-UHFFFAOYSA-N,CCC(C)CO,1.0,1.0,0.16666666666666666,0.16666666666666666,0.0,0.027777777777777776
QTBFPMKWQKYFLR-UHFFFAOYSA-N,CC(C)CCl,0.0,0.0,0.0,0.0,0.0,0.0
QTBFPMKWQKYFLR-UHFFFAOYSA-N,CC(C)CCl,0.0,0.0,0.0,0.0,0.0,0.0
QTBFPMKWQKYFLR-UHFFFAOYSA-N,CC(C)CCl,0.0,0.0,0.0,0.0,0.0,0.0
SNRUBQQJIBEYMU-UHFFFAOYSA-N,CCCCCCCCCCCC,0.0,0.0,0.0,0.0,0.0,0.0
SNRUBQQJIBEYMU-UHFFFAOYSA-N,CCCCCCCCCCCC,0.0,0.0,0.0,0.0,0.0,0.0
SNRUBQQJIBEYMU-UHFFFAOYSA-N,CCCCCCCCCCCC,0.0,0.0,0.0,0.0,0.0,0.0
SNRUBQQJIBEYMU-UHFFFAOYSA-N,CCCCCCCCCCCC,0.0,0.0,0.0,0.0,0.0,0.0
SNRUBQQJIBEYMU-UHFFFAOYSA-N,CCCCCCCCCCCC,0.0,0.0,0.0,0.0,0.0,0.0
SNRUBQQJIBEYMU-UHFFFAOYSA-N,CCCCCCCCCCCC,0.0,0.0,0.0,0.0,0.0,0.0
SNRUBQQJIBEYMU-UHFFFAOYSA-N,CCCCCCCCCCCC,0.0,0.0,0.0,0.0,0.0,0.0
UAGJVSRUFNSIHR-UHFFFAOYSA-N,CC(=O)CCC(=O)OC,0.0,3.0,0.0,0.3333333333333333,0.0,0.0
UAGJVSRUFNSIHR-UHFFFAOYSA-N,CC(=O)CCC(=O)OC,0.0,3.0,0.0,0.3333333333333333,0.0,0.0
UAGJVSRUFNSIHR-UHFFFAOYSA-N,CC(=O)CCC(=O)OC,0.0,3.0,0.0,0.3333333333333333,0.0,0.0
UAGJVSRUFNSIHR-UHFFFAOYSA-N,CC(=O)CCC(=O)OC,0.0,3.0,0.0,0.3333333333333333,0.0,0.0
UAGJVSRUFNSIHR-UHFFFAOYSA-N,CC(=O)CCC(=O)OC,0.0,3.0,0.0,0.3333333333333333,0.0,0.0
UAGJVSRUFNSIHR-UHFFFAOYSA-N,CC(=O)CCC(=O)OC,0.0,3.0,0.0,0.3333333333333333,0.0,0.0
UAGJVSRUFNSIHR-UHFFFAOYSA-N,CC(=O)CCC(=O)OC,0.0,3.0,0.0,0.3333333333333333,0.0,0.0
UAGJVSRUFNSIHR-UHFFFAOYSA-N,CC(=O)CCC(=O)OC,0.0,3.0,0.0,0.3333333333333333,0.0,0.0
UAGJVSRUFNSIHR-UHFFFAOYSA-N,CC(=O)CCC(=O)OC,0.0,3.0,0.0,0.3333333333333333,0.0,0.0
UAGJVSRUFNSIHR-UHFFFAOYSA-N,CC(=O)CCC(=O)OC,0.0,3.0,0.0,0.3333333333333333,0.0,0.0
UAGJVSRUFNSIHR-UHFFFAOYSA-N,CC(=O)CCC(=O)OC,0.0,3.0,0.0,0.3333333333333333,0.0,0.0
UAGJVSRUFNSIHR-UHFFFAOYSA-N,CC(=O)CCC(=O)OC,0.0,3.0,0.0,0.3333333333333333,0.0,0.0
UAGJVSRUFNSIHR-UHFFFAOYSA-N,CC(=O)CCC(=O)OC,0.0,3.0,0.0,0.3333333333333333,0.0,0.0
UAGJVSRUFNSIHR-UHFFFAOYSA-N,CC(=O)CCC(=O)OC,0.0,3.0,0.0,0.3333333333333333,0.0,0.0
UAGJVSRUFNSIHR-UHFFFAOYSA-N,CC(=O)CCC(=O)OC,0.0,3.0,0.0,0.3333333333333333,0.0,0.0
UAGJVSRUFNSIHR-UHFFFAOYSA-N,CC(=O)CCC(=O)OC,0.0,3.0,0.0,0.3333333333333333,0.0,0.0
UAGJVSRUFNSIHR-UHFFFAOYSA-N,CC(=O)CCC(=O)OC,0.0,3.0,0.0,0.3333333333333333,0.0,0.0
UAGJVSRUFNSIHR-UHFFFAOYSA-N,CC(=O)CCC(=O)OC,0.0,3.0,0.0,0.3333333333333333,0.0,0.0
UAGJVSRUFNSIHR-UHFFFAOYSA-N,CC(=O)CCC(=O)OC,0.0,3.0,0.0,0.3333333333333333,0.0,0.0
UAGJVSRUFNSIHR-UHFFFAOYSA-N,CC(=O)CCC(=O)OC,0.0,3.0,0.0,0.3333333333333333,0.0,0.0
UAGJVSRUFNSIHR-UHFFFAOYSA-N,CC(=O)CCC(=O)OC,0.0,3.0,0.0,0.3333333333333333,0.0,0.0
UAGJVSRUFNSIHR-UHFFFAOYSA-N,CC(=O)CCC(=O)OC,0.0,3.0,0.0,0.3333333333333333,0.0,0.0
UAGJVSRUFNSIHR-UHFFFAOYSA-N,CC(=O)CCC(=O)OC,0.0,3.0,0.0,0.3333333333333333,0.0,0.0
UAGJVSRUFNSIHR-UHFFFAOYSA-N,CC(=O)CCC(=O)OC,0.0,3.0,0.0,0.3333333333333333,0.0,0.0
UAGJVSRUFNSIHR-UHFFFAOYSA-N,CC(=O)CCC(=O)OC,0.0,3.0,0.0,0.3333333333333333,0.0,0.0
UHOVQNZJYSORNB-UHFFFAOYSA-N,c1ccccc1,0.0,0.0,0.0,0.0,0.0,0.0
UJPMYEOUBPIPHQ-UHFFFAOYSA-N,CC(F)(F)F,0.0,0.0,0.0,0.0,0.0,0.0
UJPMYEOUBPIPHQ-UHFFFAOYSA-N,CC(F)(F)F,0.0,0.0,0.0,0.0,0.0,0.0
UJPMYEOUBPIPHQ-UHFFFAOYSA-N,CC(F)(F)F,0.0,0.0,0.0,0.0,0.0,0.0
UJPMYEOUBPIPHQ-UHFFFAOYSA-N,CC(F)(F)F,0.0,0.0,0.0,0.0,0.0,0.0
UJPMYEOUBPIPHQ-UHFFFAOYSA-N,CC(F)(F)F,0.0,0.0,0.0,0.0,0.0,0.0
UJPMYEOUBPIPHQ-UHFFFAOYSA-N,CC(F)(F)F,0.0,0.0,0.0,0.0,0.0,0.0
UJPMYEOUBPIPHQ-UHFFFAOYSA-N,CC(F)(F)F,0.0,0.0,0.0,0.0,0.0,0.0
UJPMYEOUBPIPHQ-UHFFFAOYSA-N,CC(F)(F)F,0.0,0.0,0.0,0.0,0.0,0.0
UJPMYEOUBPIPHQ-UHFFFAOYSA-N,CC(F)(F)F,0.0,0.0,0.0,0.0,0.0,0.0
UJPMYEOUBPIPHQ-UHFFFAOYSA-N,CC(F)(F)F,0.0,0.0,0.0,0.0,0.0,0.0
UJPMYEOUBPIPHQ-UHFFFAOYSA-N,CC(F)(F)F,0.0,0.0,0.0,0.0,0.0,0.0
UJPMYEOUBPIPHQ-UHFFFAOYSA-N,CC(F)(F)F,0.0,0.0,0.0,0.0,0.0,0.0
UJPMYEOUBPIPHQ-UHFFFAOYSA-N,CC(F)(F)F,0.0,0.0,0.0,0.0,0.0,0.0
UJPMYEOUBPIPHQ-UHFFFAOYSA-N,CC(F)(F)F,0.0,0.0,0.0,0.0,0.0,0.0
UJPMYEOUBPIPHQ-UHFFFAOYSA-N,CC(F)(F)F,0.0,0.0,0.0,0.0,0.0,0.0
UJPMYEOUBPIPHQ-UHFFFAOYSA-N,CC(F)(F)F,0.0,0.0,0.0,0.0,0.0,0.0
UJPMYEOUBPIPHQ-UHFFFAOYSA-N,CC(F)(F)F,0.0,0.0,0.0,0.0,0.0,0.0
UJPMYEOUBPIPHQ-UHFFFAOYSA-N,CC(F)(F)F,0.0,0.0,0.0,0.0,0.0,0.0
UJPMYEOUBPIPHQ-UHFFFAOYSA-N,CC(F)(F)F,0.0,0.0,0.0,0.0,0.0,0.0
UJPMYEOUBPIPHQ-UHFFFAOYSA-N,CC(F)(F)F,0.0,0.0,0.0,0.0,0.0,0.0
UJPMYEOUBPIPHQ-UHFFFAOYSA-N,CC(F)(F)F,0.0,0.0,0.0,0.0,0.0,0.0
UJPMYEOUBPIPHQ-UHFFFAOYSA-N,CC(F)(F)F,0.0,0.0,0.0,0.0,0.0,0.0
UJPMYEOUBPIPHQ-UHFFFAOYSA-N,CC(F)(F)F,0.0,0.0,0.0,0.0,0.0,0.0
UJPMYEOUBPIPHQ-UHFFFAOYSA-N,CC(F)(F)F,0.0,0.0,0.0,0.0,0.0,0.0
UJPMYEOUBPIPHQ-UHFFFAOYSA-N,CC(F)(F)F,0.0,0.0,0.0,0.0,0.0,0.0
UJPMYEOUBPIPHQ-UHFFFAOYSA-N,CC(F)(F)F,0.0,0.0,0.0,0.0,0.0,0.0
UJPMYEOUBPIPHQ-UHFFFAOYSA-N,CC(F)(F)F,0.0,0.0,0.0,0.0,0.0,0.0
UJPMYEOUBPIPHQ-UHFFFAOYSA-N,CC(F)(F)F,0.0,0.0,0.0,0.0,0.0,0.0
UJPMYEOUBPIPHQ-UHFFFAOYSA-N,CC(F)(F)F,0.0,0.0,0.0,0.0,0.0,0.0
UJPMYEOUBPIPHQ-UHFFFAOYSA-N,CC(F)(F)F,0.0,0.0,0.0,0.0,0.0,0.0
UJPMYEOUBPIPHQ-UHFFFAOYSA-N,CC(F)(F)F,0.0,0.0,0.0,0.0,0.0,0.0
UJPMYEOUBPIPHQ-UHFFFAOYSA-N,CC(F)(F)F,0.0,0.0,0.0,0.0,0.0,0.0
UJPMYEOUBPIPHQ-UHFFFAOYSA-N,CC(F)(F)F,0.0,0.0,0.0,0.0,0.0,0.0
UJPMYEOUBPIPHQ-UHFFFAOYSA-N,CC(F)(F)F,0.0,0.0,0.0,0.0,0.0,0.0
UJPMYEOUBPIPHQ-UHFFFAOYSA-N,CC(F)(F)F,0.0,0.0,0.0,0.0,0.0,0.0
UJPMYEOUBPIPHQ-UHFFFAOYSA-N,CC(F)(F)F,0.0,0.0,0.0,0.0,0.0,0.0
UJPMYEOUBPIPHQ-UHFFFAOYSA-N,CC(F)(F)F,0.0,0.0,0.0,0.0,0.0,0.0
UJPMYEOUBPIPHQ-UHFFFAOYSA-N,CC(F)(F)F,0.0,0.0,0.0,0.0,0.0,0.0
UJPMYEOUBPIPHQ-UHFFFAOYSA-N,CC(F)(F)F,0.0,0.0,0.0,0.0,0.0,0.0
UJPMYEOUBPIPHQ-UHFFFAOYSA-N,CC(F)(F)F,0.0,0.0,0.0,0.0,0.0,0.0
UJPMYEOUBPIPHQ-UHFFFAOYSA-N,CC(F)(F)F,0.0,0.0,0.0,0.0,0.0,0.0
UJPMYEOUBPIPHQ-UHFFFAOYSA-N,CC(F)(F)F,0.0,0.0,0.0,0.0,0.0,0.0
VFWCMGCRMGJXDK-UHFFFAOYSA-N,CCCCCl,0.0,0.0,0.0,0.0,0.0,0.0
VFWCMGCRMGJXDK-UHFFFAOYSA-N,CCCCCl,0.0,0.0,0.0,0.0,0.0,0.0
VFWCMGCRMGJXDK-UHFFFAOYSA-N,CCCCCl,0.0,0.0,0.0,0.0,0.0,0.0
VLKZOEOYAKHREP-UHFFFAOYSA-N,CCCCCC,0.0,0.0,0.0,0.0,0.0,0.0
VLKZOEOYAKHREP-UHFFFAOYSA-N,CCCCCC,0.0,0.0,0.0,0.0,0.0,0.0
VLKZOEOYAKHREP-UHFFFAOYSA-N,CCCCCC,0.0,0.0,0.0,0.0,0.0,0.0
VLKZOEOYAKHREP-UHFFFAOYSA-N,CCCCCC,0.0,0.0,0.0,0.0,0.0,0.0
VLKZOEOYAKHREP-UHFFFAOYSA-N,CCCCCC,0.0,0.0,0.0,0.0,0.0,0.0
VQKFNUFAXTZWDK-UHFFFAOYSA-N,CC1=CC=CO1,0.0,1.0,0.0,0.16666666666666666,0.0,0.0
VQKFNUFAXTZWDK-UHFFFAOYSA-N,CC1=CC=CO1,0.0,1.0,0.0,0.16666666666666666,0.0,0.0
VQKFNUFAXTZWDK-UHFFFAOYSA-N,CC1=CC=CO1,0.0,1.0,0.0,0.16666666666666666,0.0,0.0
VQKFNUFAXTZWDK-UHFFFAOYSA-N,CC1=CC=CO1,0.0,1.0,0.0,0.16666666666666666,0.0,0.0
VQKFNUFAXTZWDK-UHFFFAOYSA-N,CC1=CC=CO1,0.0,1.0,0.0,0.16666666666666666,0.0,0.0
VQKFNUFAXTZWDK-UHFFFAOYSA-N,CC1=CC=CO1,0.0,1.0,0.0,0.16666666666666666,0.0,0.0
VQKFNUFAXTZWDK-UHFFFAOYSA-N,CC1=CC=CO1,0.0,1.0,0.0,0.16666666666666666,0.0,0.0
VQKFNUFAXTZWDK-UHFFFAOYSA-N,CC1=CC=CO1,0.0,1.0,0.0,0.16666666666666666,0.0,0.0
VQKFNUFAXTZWDK-UHFFFAOYSA-N,CC1=CC=CO1,0.0,1.0,0.0,0.16666666666666666,0.0,0.0
VQKFNUFAXTZWDK-UHFFFAOYSA-N,CC1=CC=CO1,0.0,1.0,0.0,0.16666666666666666,0.0,0.0
VQKFNUFAXTZWDK-UHFFFAOYSA-N,CC1=CC=CO1,0.0,1.0,0.0,0.16666666666666666,0.0,0.0
VQKFNUFAXTZWDK-UHFFFAOYSA-N,CC1=CC=CO1,0.0,1.0,0.0,0.16666666666666666,0.0,0.0
VQKFNUFAXTZWDK-UHFFFAOYSA-N,CC1=CC=CO1,0.0,1.0,0.0,0.16666666666666666,0.0,0.0
VQKFNUFAXTZWDK-UHFFFAOYSA-N,CC1=CC=CO1,0.0,1.0,0.0,0.16666666666666666,0.0,0.0
VQKFNUFAXTZWDK-UHFFFAOYSA-N,CC1=CC=CO1,0.0,1.0,0.0,0.16666666666666666,0.0,0.0
VQKFNUFAXTZWDK-UHFFFAOYSA-N,CC1=CC=CO1,0.0,1.0,0.0,0.16666666666666666,0.0,0.0
VQKFNUFAXTZWDK-UHFFFAOYSA-N,CC1=CC=CO1,0.0,1.0,0.0,0.16666666666666666,0.0,0.0
VQKFNUFAXTZWDK-UHFFFAOYSA-N,CC1=CC=CO1,0.0,1.0,0.0,0.16666666666666666,0.0,0.0
VQKFNUFAXTZWDK-UHFFFAOYSA-N,CC1=CC=CO1,0.0,1.0,0.0,0.16666666666666666,0.0,0.0
VQKFNUFAXTZWDK-UHFFFAOYSA-N,CC1=CC=CO1,0.0,1.0,0.0,0.16666666666666666,0.0,0.0
VQKFNUFAXTZWDK-UHFFFAOYSA-N,CC1=CC=CO1,0.0,1.0,0.0,0.16666666666666666,0.0,0.0
VQKFNUFAXTZWDK-UHFFFAOYSA-N,CC1=CC=CO1,0.0,1.0,0.0,0.16666666666666666,0.0,0.0
VQKFNUFAXTZWDK-UHFFFAOYSA-N,CC1=CC=CO1,0.0,1.0,0.0,0.16666666666666666,0.0,0.0
VQKFNUFAXTZWDK-UHFFFAOYSA-N,CC1=CC=CO1,0.0,1.0,0.0,0.16666666666666666,0.0,0.0
VQKFNUFAXTZWDK-UHFFFAOYSA-N,CC1=CC=CO1,0.0,1.0,0.0,0.16666666666666666,0.0,0.0
VZGDMQKNWNREIO-UHFFFAOYSA-N,C(Cl)(Cl)(Cl)Cl,0.0,0.0,0.0,0.0,0.0,0.0
WEHWNAOGRSTTBQ-UHFFFAOYSA-N,CCCNCCC,1.0,1.0,0.14285714285714285,0.14285714285714285,0.0,0.02040816326530612
WEHWNAOGRSTTBQ-UHFFFAOYSA-N,CCCNCCC,1.0,1.0,0.14285714285714285,0.14285714285714285,0.0,0.02040816326530612
WEHWNAOGRSTTBQ-UHFFFAOYSA-N,CCCNCCC,1.0,1.0,0.14285714285714285,0.14285714285714285,0.0,0.02040816326530612
WERYXYBDKMZEQL-UHFFFAOYSA-N,OCCCCO,2.0,2.0,0.3333333333333333,0.3333333333333333,0.0,0.1111111111111111
WERYXYBDKMZEQL-UHFFFAOYSA-N,OCCCCO,2.0,2.0,0.3333333333333333,0.3333333333333333,0.0,0.1111111111111111
WERYXYBDKMZEQL-UHFFFAOYSA-N,OCCCCO,2.0,2.0,0.3333333333333333,0.3333333333333333,0.0,0.1111111111111111
WERYXYBDKMZEQL-UHFFFAOYSA-N,OCCCCO,2.0,2.0,0.3333333333333333,0.3333333333333333,0.0,0.1111111111111111
WEVYAHXRMPXWCK-UHFFFAOYSA-N,CC#N,0.0,1.0,0.0,0.3333333333333333,0.0,0.0
WEVYAHXRMPXWCK-UHFFFAOYSA-N,CC#N,0.0,1.0,0.0,0.3333333333333333,0.0,0.0
WEVYAHXRMPXWCK-UHFFFAOYSA-N,CC#N,0.0,1.0,0.0,0.3333333333333333,0.0,0.0
WEVYAHXRMPXWCK-UHFFFAOYSA-N,CC#N,0.0,1.0,0.0,0.3333333333333333,0.0,0.0
WEVYAHXRMPXWCK-UHFFFAOYSA-N,CC#N,0.0,1.0,0.0,0.3333333333333333,0.0,0.0
WEVYAHXRMPXWCK-UHFFFAOYSA-N,CC#N,0.0,1.0,0.0,0.3333333333333333,0.0,0.0
WEVYAHXRMPXWCK-UHFFFAOYSA-N,CC#N,0.0,1.0,0.0,0.3333333333333333,0.0,0.0
WEVYAHXRMPXWCK-UHFFFAOYSA-N,CC#N,0.0,1.0,0.0,0.3333333333333333,0.0,0.0
WEVYAHXRMPXWCK-UHFFFAOYSA-N,CC#N,0.0,1.0,0.0,0.3333333333333333,0.0,0.0
WEVYAHXRMPXWCK-UHFFFAOYSA-N,CC#N,0.0,1.0,0.0,0.3333333333333333,0.0,0.0
XNWFRZJHXBZDAG-UHFFFAOYSA-N,COCCO,1.0,2.0,0.2,0.4,1.0,0.08
XNWFRZJHXBZDAG-UHFFFAOYSA-N,COCCO,1.0,2.0,0.2,0.4,1.0,0.08
XNWFRZJHXBZDAG-UHFFFAOYSA-N,COCCO,1.0,2.0,0.2,0.4,1.0,0.08
XNWFRZJHXBZDAG-UHFFFAOYSA-N,COCCO,1.0,2.0,0.2,0.4,1.0,0.08
XNWFRZJHXBZDAG-UHFFFAOYSA-N,COCCO,1.0,2.0,0.2,0.4,1.0,0.08
YLQBMQCUIZJEEH-UHFFFAOYSA-N,c1ccoc1,0.0,1.0,0.0,0.2,0.0,0.0
YLQBMQCUIZJEEH-UHFFFAOYSA-N,c1ccoc1,0.0,1.0,0.0,0.2,0.0,0.0
YLQBMQCUIZJEEH-UHFFFAOYSA-N,c1ccoc1,0.0,1.0,0.0,0.2,0.0,0.0
YLQBMQCUIZJEEH-UHFFFAOYSA-N,c1ccoc1,0.0,1.0,0.0,0.2,0.0,0.0
YLQBMQCUIZJEEH-UHFFFAOYSA-N,c1ccoc1,0.0,1.0,0.0,0.2,0.0,0.0
YLQBMQCUIZJEEH-UHFFFAOYSA-N,c1ccoc1,0.0,1.0,0.0,0.2,0.0,0.0
YLQBMQCUIZJEEH-UHFFFAOYSA-N,c1ccoc1,0.0,1.0,0.0,0.2,0.0,0.0
YLQBMQCUIZJEEH-UHFFFAOYSA-N,c1ccoc1,0.0,1.0,0.0,0.2,0.0,0.0
YLQBMQCUIZJEEH-UHFFFAOYSA-N,c1ccoc1,0.0,1.0,0.0,0.2,0.0,0.0
YLQBMQCUIZJEEH-UHFFFAOYSA-N,c1ccoc1,0.0,1.0,0.0,0.2,0.0,0.0
YLQBMQCUIZJEEH-UHFFFAOYSA-N,c1ccoc1,0.0,1.0,0.0,0.2,0.0,0.0
ZNQVEEAIQZEUHB-UHFFFAOYSA-N,CCOCCO,1.0,2.0,0.16666666666666666,0.3333333333333333,1.0,0.05555555555555555
ZNQVEEAIQZEUHB-UHFFFAOYSA-N,CCOCCO,1.0,2.0,0.16666666666666666,0.3333333333333333,1.0,0.05555555555555555
ZNQVEEAIQZEUHB-UHFFFAOYSA-N,CCOCCO,1.0,2.0,0.16666666666666666,0.3333333333333333,1.0,0.05555555555555555
ZNQVEEAIQZEUHB-UHFFFAOYSA-N,CCOCCO,1.0,2.0,0.16666666666666666,0.3333333333333333,1.0,0.05555555555555555
ZNQVEEAIQZEUHB-UHFFFAOYSA-N,CCOCCO,1.0,2.0,0.16666666666666666,0.3333333333333333,1.0,0.05555555555555555
ZWEHNKRNPOVVGH-UHFFFAOYSA-N,CCC(C)=O,0.0,1.0,0.0,0.2,0.0,0.0
ZWEHNKRNPOVVGH-UHFFFAOYSA-N,CCC(C)=O,0.0,1.0,0.0,0.2,0.0,0.0
ZWEHNKRNPOVVGH-UHFFFAOYSA-N,CCC(C)=O,0.0,1.0,0.0,0.2,0.0,0.0
ZWEHNKRNPOVVGH-UHFFFAOYSA-N,CCC(C)=O,0.0,1.0,0.0,0.2,0.0,0.0
