protocol,representation,repeat,fold,train_rows,test_rows,train_compounds,test_compounds,mae,rmse,r2,spearman
band_room_only,Morgan,0,0,328,129,77,20,15.80106188420732,19.79736735084448,-1.2465833595490716,-0.2692634868251015
band_room_only,Physical,0,0,328,129,77,20,18.707810244005778,22.068834615700332,-1.7916852659006017,0.5341175799905006
band_room_only,Morgan+Physical,0,0,328,129,77,20,8.309259865930837,9.80603209563924,0.44881895349169376,0.5057784148328935
band_room_only,Morgan,0,1,321,136,77,20,13.270327840625537,17.482831436499804,-0.31308848270569967,-0.022933490707184263
band_room_only,Physical,0,1,321,136,77,20,3.428869516310972,5.53189024207353,0.8685327553259132,0.8481192909406743
band_room_only,Morgan+Physical,0,1,321,136,77,20,7.839173476376252,10.562870067864445,0.5206703138537356,0.36187862555591604
band_room_only,Morgan,0,2,385,72,78,19,6.268117459636264,8.857746930671421,0.02993889940388106,0.0495327547692496
band_room_only,Physical,0,2,385,72,78,19,8.945496932856242,12.393051971798998,-0.8989306106858601,0.22511629796957838
band_room_only,Morgan+Physical,0,2,385,72,78,19,5.9120675322002825,9.694086800105929,-0.1618936053547555,0.2204951900098126
band_room_only,Morgan,0,3,411,46,78,19,9.867929656318998,26.08893468095654,0.08617721016724211,0.5992786766114082
band_room_only,Physical,0,3,411,46,78,19,8.52724353242957,24.42468719819851,0.19904647897859884,0.7093651627132864
band_room_only,Morgan+Physical,0,3,411,46,78,19,8.169022655818775,24.957106263192273,0.16374688167566387,0.8192838059082257
band_room_only,Morgan,0,4,383,74,78,19,16.23708513894571,23.56896636951814,-0.15007120440533428,0.26297376646379506
band_room_only,Physical,0,4,383,74,78,19,8.52862388536711,12.198760840372474,0.6919117820505831,0.8885283237138828
band_room_only,Morgan+Physical,0,4,383,74,78,19,10.953391586412998,17.163096858912656,0.3901332403782234,0.8242179464778916
band_room_only,Morgan,1,0,355,102,77,20,7.422386764436608,9.0745583131983,0.20807070838327002,0.8218613040372529
band_room_only,Physical,1,0,355,102,77,20,7.04940995862624,11.172940600748136,-0.20052275194450497,0.45330834802895514
band_room_only,Morgan+Physical,1,0,355,102,77,20,5.323196221063651,8.653252333709396,0.2798977770127249,0.8844221581548171
band_room_only,Morgan,1,1,379,78,77,20,10.373795394035241,24.03312431702561,0.05557654826417158,0.40165403100884084
band_room_only,Physical,1,1,379,78,77,20,6.941951966878452,22.07595653208704,0.20313388925174014,0.9072576085729132
band_room_only,Morgan+Physical,1,1,379,78,77,20,8.330839296297905,22.788814896817318,0.1508395106870407,0.8926405144919384
band_room_only,Morgan,1,2,365,92,78,19,14.909710118003515,17.71454997500406,-0.09923459961854486,0.8444538729664535
band_room_only,Physical,1,2,365,92,78,19,5.952657193681468,7.184900104319601,0.8191695301957583,0.9033169763385194
band_room_only,Morgan+Physical,1,2,365,92,78,19,6.146600221302198,7.485837694162419,0.8037042235431462,0.8910273553841033
band_room_only,Morgan,1,3,346,111,78,19,10.381847117738465,17.313417386600925,0.18810830258250388,0.772040636346388
band_room_only,Physical,1,3,346,111,78,19,12.390877646475436,19.19254141529826,0.00230573652928201,0.857834551477673
band_room_only,Morgan+Physical,1,3,346,111,78,19,9.50064488737089,15.602429666865754,0.34064854435863023,0.8601742936215496
band_room_only,Morgan,1,4,383,74,78,19,11.551480190586398,15.450778074813183,-0.1837775780761315,0.6054307253727218
band_room_only,Physical,1,4,383,74,78,19,17.986117296244647,24.43612783567078,-1.9609711599257271,0.7715392730034066
band_room_only,Morgan+Physical,1,4,383,74,78,19,8.056639739887137,11.466379079982838,0.3480384381588497,0.8388769668295742
band_room_only,Morgan,2,0,383,74,77,20,17.0548245483151,24.08207313108728,-0.18621941806634967,0.03218028789198679
band_room_only,Physical,2,0,383,74,77,20,12.318566374552958,16.161945691322707,0.4657253439628576,0.5604453163651264
band_room_only,Morgan+Physical,2,0,383,74,77,20,14.44714931040171,19.95309391764664,0.18567497605988703,0.43272261444424415
band_room_only,Morgan,2,1,341,116,77,20,6.299133330141264,7.992154460880511,0.14118488551702402,0.8904115261760212
band_room_only,Physical,2,1,341,116,77,20,7.081787087315526,10.811716704867901,-0.571669613704519,0.48270185857859105
band_room_only,Morgan+Physical,2,1,341,116,77,20,5.255862817961593,8.095500783212591,0.11883065531420267,0.8434360254481522
band_room_only,Morgan,2,2,380,77,78,19,9.717596913622572,23.713034818400796,-0.012727050664265604,0.6241040273746519
band_room_only,Physical,2,2,380,77,78,19,8.122421236508853,22.943890392270447,0.051904138113807896,0.7917222422455337
band_room_only,Morgan+Physical,2,2,380,77,78,19,8.169152891481078,23.017357738389933,0.04582272791077724,0.7870890362398834
band_room_only,Morgan,2,3,358,99,78,19,5.3638431406194504,6.41748197316443,0.42302779635107035,0.689508755078189
band_room_only,Physical,2,3,358,99,78,19,4.0920089546434815,7.604578632275814,0.18983050655130274,0.8221678324435785
band_room_only,Morgan+Physical,2,3,358,99,78,19,4.124234310311983,6.129200778756852,0.4737001183476688,0.7657110639530829
band_room_only,Morgan,2,4,366,91,78,19,15.364694404099014,18.23121267895863,-0.30200788879157603,0.6883674255525745
band_room_only,Physical,2,4,366,91,78,19,7.1942846869583965,8.494688593258948,0.7173314922828956,0.9150183847732065
band_room_only,Morgan+Physical,2,4,366,91,78,19,6.720492051847687,8.335912811713536,0.7277995568988198,0.9120164691866892
band_room_only,Morgan,3,0,348,109,77,20,9.850515186288819,18.62346037511424,0.12545782623629465,0.6104419011502987
band_room_only,Physical,3,0,348,109,77,20,6.33476714062822,16.882261648034888,0.28134367387228976,0.8240705581056469
band_room_only,Morgan+Physical,3,0,348,109,77,20,7.382438313531436,16.9771623857329,0.2732413583080485,0.799641532919014
band_room_only,Morgan,3,1,417,40,77,20,12.151753050231934,23.505476467129622,0.08449442878266733,0.6081145035610794
band_room_only,Physical,3,1,417,40,77,20,11.658883573436736,17.199779592082653,0.5098052712018711,0.6949646064590004
band_room_only,Morgan+Physical,3,1,417,40,77,20,11.366380926990509,17.99321860611051,0.4635359964598702,0.7709888256813365
band_room_only,Morgan,3,2,295,162,78,19,10.85950156441206,13.008316903320488,0.20059838194627222,0.5823115628924441
band_room_only,Physical,3,2,295,162,78,19,8.724482455851707,13.980304977004574,0.07667180586555189,0.7464286114446615
band_room_only,Morgan+Physical,3,2,295,162,78,19,8.258940378222054,9.702795837841885,0.5552493489777315,0.7715114745236148
band_room_only,Morgan,3,3,366,91,78,19,11.824455937027144,18.861687747531708,0.24200424139319576,0.7630677558307558
band_room_only,Physical,3,3,366,91,78,19,8.951035437162629,15.392625945399512,0.4951863317808033,0.9282659722429973
band_room_only,Morgan+Physical,3,3,366,91,78,19,9.947930633679064,16.184287445187696,0.4419246501328634,0.9112729109891047
band_room_only,Morgan,3,4,402,55,78,19,10.476464447515315,15.382098398837563,-0.809372282324345,0.18214316351441348
band_room_only,Physical,3,4,402,55,78,19,6.651674338227706,8.37549994800185,0.46356359515819456,0.8940890474516655
band_room_only,Morgan+Physical,3,4,402,55,78,19,6.152776605232932,9.560961384937615,0.3009634386546969,0.6609907677791698
band_room_only,Morgan,4,0,398,59,77,20,10.275598775443386,21.91928107986351,0.055691551084629975,0.24109108692760567
band_room_only,Physical,4,0,398,59,77,20,9.6338510679148,21.66995500197766,0.07705189431622717,0.7635762893376479
band_room_only,Morgan+Physical,4,0,398,59,77,20,7.367958848791607,20.76110020778039,0.15284672698561508,0.7777122280480024
band_room_only,Morgan,4,1,340,117,77,20,7.534073092740051,11.860218700221338,-0.4724501317174197,0.4417181414495794
band_room_only,Physical,4,1,340,117,77,20,4.368143005120693,6.028716956868658,0.6195435164154892,0.6524600224875374
band_room_only,Morgan+Physical,4,1,340,117,77,20,5.248253312015371,8.327235673182049,0.27413323425208047,0.5329591929565134
band_room_only,Morgan,4,2,346,111,78,19,13.628407963259583,20.004464658648356,0.008600713012182903,0.5976345029663745
band_room_only,Physical,4,2,346,111,78,19,22.290187128757786,30.89386425046601,-1.3644993701883092,0.7212588631456919
band_room_only,Morgan+Physical,4,2,346,111,78,19,13.483369948117367,19.685150000519208,0.03999788070518251,0.7168053829421622
band_room_only,Morgan,4,3,384,73,78,19,6.7408485747245885,15.66387906156617,0.30634862332241797,0.6533266904597351
band_room_only,Physical,4,3,384,73,78,19,6.020985156208195,8.533581397247502,0.7941242091207202,0.8329416320338915
band_room_only,Morgan+Physical,4,3,384,73,78,19,5.583846388704482,11.023311985278,0.6564683082558735,0.9092831780346011
band_room_only,Morgan,4,4,360,97,78,19,13.21303199697278,17.750742231435936,-0.22986644536605394,0.6568263533135187
band_room_only,Physical,4,4,360,97,78,19,8.923509608868471,9.764522731354534,0.6278423424696626,0.82975004653168
band_room_only,Morgan+Physical,4,4,360,97,78,19,6.88338522889442,7.7816083439547405,0.7636456198969277,0.9064151711915784
band_room_only,Morgan,5,0,394,63,77,20,7.254420235648988,16.439888323483142,0.08118742397029144,0.7334547289529771
band_room_only,Physical,5,0,394,63,77,20,6.15921705636524,9.493350578018632,0.69361447527967,0.5938887027167242
band_room_only,Morgan+Physical,5,0,394,63,77,20,6.175525371430413,12.4927186909845,0.4694294671458614,0.6895904282952904
band_room_only,Morgan,5,1,376,81,77,20,9.172393744631167,11.83284381052476,0.4934684910716626,0.8023833752067941
band_room_only,Physical,5,1,376,81,77,20,9.665134623690005,15.312702334051366,0.15173434684256193,0.8063537571851271
band_room_only,Morgan+Physical,5,1,376,81,77,20,7.098237754878291,10.968299715807344,0.5647820283798219,0.8145519798435091
band_room_only,Morgan,5,2,346,111,78,19,15.031620462487023,22.43039536883135,0.09189270466542254,0.47149653428813326
band_room_only,Physical,5,2,346,111,78,19,7.9320690605754685,16.499691344581393,0.5086228610872109,0.8993854236832184
band_room_only,Morgan+Physical,5,2,346,111,78,19,11.16449009153074,18.970940414208428,0.3504074625179693,0.8163152297440893
band_room_only,Morgan,5,3,329,128,78,19,6.0287598174572,8.74038531179953,0.3287868187874422,0.8442322922595502
band_room_only,Physical,5,3,329,128,78,19,10.514898349183799,14.48069779833603,-0.8423761371739784,0.9126052215265522
band_room_only,Morgan+Physical,5,3,329,128,78,19,3.9969469678282734,4.87998151710268,0.790764354225227,0.9048072888412921
band_room_only,Morgan,5,4,383,74,78,19,12.516003713968637,20.629905716388055,0.0882375642346862,0.6334981469037098
band_room_only,Physical,5,4,383,74,78,19,8.799968504364426,15.219818981817795,0.5037435282746545,0.7523926117075952
band_room_only,Morgan+Physical,5,4,383,74,78,19,10.585976308461781,17.282975215642136,0.3600821516849575,0.744159915864457
band_room_only,Morgan,6,0,414,43,77,20,11.0422242153079,20.548884462955137,0.08691594692311233,0.5194802158142786
band_room_only,Physical,6,0,414,43,77,20,10.216209004734838,13.777945788860961,0.5895094150297561,0.7070613952196215
band_room_only,Morgan+Physical,6,0,414,43,77,20,10.43162505358319,16.341192954398274,0.4225667692274564,0.7093334434047746
band_room_only,Morgan,6,1,397,60,77,20,13.966465471013388,23.608422842093464,0.09766006923418924,0.8408078806650149
band_room_only,Physical,6,1,397,60,77,20,7.724932819747924,13.256177561094793,0.7155061702836527,0.8356132200502165
band_room_only,Morgan+Physical,6,1,397,60,77,20,10.340416638437908,18.09045656612645,0.47017154151920093,0.8776822348962082
band_room_only,Morgan,6,2,331,126,78,19,15.740486170438736,19.218832892251406,-2.49578905194409,-0.5192273686056881
band_room_only,Physical,6,2,331,126,78,19,6.058384596827673,8.247012783243838,0.35629848364798866,0.901846129454554
band_room_only,Morgan+Physical,6,2,331,126,78,19,10.32898287956601,12.412702833795828,-0.45822289716764764,0.7269783746779054
band_room_only,Morgan,6,3,333,124,78,19,6.7340923874270535,9.077997580810711,0.422967006833706,0.8493674724113045
band_room_only,Physical,6,3,333,124,78,19,11.792290883882583,16.023600408792138,-0.7977973360043358,0.8044252113274851
band_room_only,Morgan+Physical,6,3,333,124,78,19,5.193559699876848,6.753503913217428,0.6806412409989151,0.8564731704751966
band_room_only,Morgan,6,4,353,104,78,19,15.48650596010208,23.2741685374006,-0.2627484084872047,0.2879003521272135
band_room_only,Physical,6,4,353,104,78,19,9.625787739904844,17.748763480152675,0.26564732006379244,0.8284759765692045
band_room_only,Morgan+Physical,6,4,353,104,78,19,11.277058686811008,19.724605371788368,0.0930462805520541,0.7404054947622619
band_room_only,Morgan,7,0,343,114,77,20,5.619109242302075,8.464374171458367,0.5847239869889165,0.9099401094819854
band_room_only,Physical,7,0,343,114,77,20,4.6436903450413745,7.683688574886021,0.6577947655646348,0.9269442320664649
band_room_only,Morgan+Physical,7,0,343,114,77,20,3.418817673612896,6.076806377384515,0.7859585238850064,0.9350437171685037
band_room_only,Morgan,7,1,380,77,77,20,18.662115705613967,24.250664021400894,-0.3619639650613853,0.5207328803931845
band_room_only,Physical,7,1,380,77,77,20,4.5572484268584805,8.392875195515195,0.8368677306476782,0.9504519194651178
band_room_only,Morgan+Physical,7,1,380,77,77,20,11.430764838082451,15.234352423773469,0.462515005855742,0.6984848567704732
band_room_only,Morgan,7,2,377,80,78,19,8.500720731601714,10.204867163487597,0.1664298053639257,0.7306705192333308
band_room_only,Physical,7,2,377,80,78,19,9.966273387596607,17.301159359502662,-1.3959507049769626,0.7093514149205459
band_room_only,Morgan+Physical,7,2,377,80,78,19,8.790723446235656,12.39067518569513,-0.228902450992845,0.7065875286360318
band_room_only,Morgan,7,3,379,78,78,19,7.380298582376334,19.28050336423922,0.12029909270614592,0.36258667435947456
band_room_only,Physical,7,3,379,78,78,19,8.571237016468537,18.079183226553344,0.22650783972006017,0.4829866889643582
band_room_only,Morgan+Physical,7,3,379,78,78,19,7.6808675830899755,18.20822836501134,0.21542640627275345,0.4578195664742614
band_room_only,Morgan,7,4,349,108,78,19,13.510199314258715,20.434073694614103,-0.4081088632485337,0.7830831304933195
band_room_only,Physical,7,4,349,108,78,19,13.719010704817595,20.902581121650506,-0.47341862955232283,0.864094403644815
band_room_only,Morgan+Physical,7,4,349,108,78,19,8.469483029330219,14.03528490900231,0.33569306304944324,0.8652615622642431
band_room_only,Morgan,8,0,321,136,77,20,8.401872533820656,16.22021713993842,0.241940556590863,0.663524753428235
band_room_only,Physical,8,0,321,136,77,20,7.1286246810296,14.86852296403729,0.36302030209643177,0.7956485233907937
band_room_only,Morgan+Physical,8,0,321,136,77,20,4.52445478927388,14.11285493972012,0.426121849631656,0.814779456708211
band_room_only,Morgan,8,1,375,82,77,20,10.659687834070718,12.767035486422492,0.304071524234966,0.5221556873692655
band_room_only,Physical,8,1,375,82,77,20,6.927960593112852,8.754253807181236,0.6727928813187256,0.8586899025890479
band_room_only,Morgan+Physical,8,1,375,82,77,20,5.837141502246392,8.702765643386709,0.6766305013816338,0.8870548052641064
band_room_only,Morgan,8,2,377,80,78,19,4.967265239295959,5.7639260575267945,0.667375773836971,0.8376032487957459
band_room_only,Physical,8,2,377,80,78,19,3.5654472019052506,4.789216811593219,0.7703607751669884,0.8975162845859209
band_room_only,Morgan+Physical,8,2,377,80,78,19,4.198869341192245,4.774358786060338,0.7717834264866437,0.8925254618727461
band_room_only,Morgan,8,3,406,51,78,19,17.606692211824303,29.3595783018521,-0.12721636982644902,0.41105938332601916
band_room_only,Physical,8,3,406,51,78,19,11.805470121196672,18.969915965075106,0.5294145725659654,0.6988137227208994
band_room_only,Morgan+Physical,8,3,406,51,78,19,13.75130773447074,23.59585822369546,0.27191980721869446,0.719028941985849
band_room_only,Morgan,8,4,349,108,78,19,13.178153026439523,17.44241166153482,-0.2296731940218506,0.41322385157165115
band_room_only,Physical,8,4,349,108,78,19,5.93237174212491,8.98349949602199,0.6738121823612417,0.8793266753673494
band_room_only,Morgan+Physical,8,4,349,108,78,19,7.967854383980785,10.403494443673758,0.5625432514581624,0.8595435240257073
band_room_only,Morgan,9,0,389,68,77,20,9.872007392883301,17.598002881008338,0.1776076775296016,0.7566212274031847
band_room_only,Physical,9,0,389,68,77,20,5.307263039504781,7.121995510728184,0.8653036989613,0.8812710002864316
band_room_only,Morgan+Physical,9,0,389,68,77,20,6.7105848470295175,11.21243382188993,0.666149474735175,0.9213995325860296
band_room_only,Morgan,9,1,351,106,77,20,13.192489055417619,17.479404123300643,-0.4505420380820542,0.751295310237066
band_room_only,Physical,9,1,351,106,77,20,8.087346746120812,10.000404923791304,0.5251983238964839,0.9425562093992721
band_room_only,Morgan+Physical,9,1,351,106,77,20,4.42342320532169,6.0895937630237515,0.8239428300447731,0.9287941672867402
band_room_only,Morgan,9,2,359,98,78,19,6.476206584323181,17.416933767468908,0.10253416671490678,0.6649451981336082
band_room_only,Physical,9,2,359,98,78,19,6.197939206321872,16.329128479890866,0.21113890965718185,0.8835701283162948
band_room_only,Morgan+Physical,9,2,359,98,78,19,4.953953104587477,16.4179597333431,0.20253267857030888,0.7767574455065677
band_room_only,Morgan,9,3,366,91,78,19,13.56390558754722,24.391372783054692,-2.5749084907470885,0.29690745033829374
band_room_only,Physical,9,3,366,91,78,19,18.29727022062532,25.48678907916737,-2.9032169549970277,0.6847787330647529
band_room_only,Morgan+Physical,9,3,366,91,78,19,12.849823528294827,18.302320793090132,-1.0128192079977518,0.6278549038137965
band_room_only,Morgan,9,4,363,94,78,19,16.74775615171067,20.779215943209792,0.11983941321159719,0.5144819550393203
band_room_only,Physical,9,4,363,94,78,19,27.45948037417797,30.29179981481371,-0.8704829788387554,0.06850408855664057
band_room_only,Morgan+Physical,9,4,363,94,78,19,21.84339985549602,24.497248006059944,-0.2233147217606426,0.07300069256386349
train_core_test_room,Morgan,0,0,467,129,78,20,16.65753407379269,21.23211296362123,-1.5840093845896992,-0.25949702204509817
train_core_test_room,Physical,0,0,467,129,78,20,10.964953901009967,16.363269620162193,-0.5347859931324748,0.4829853688521811
train_core_test_room,Morgan+Physical,0,0,467,129,78,20,9.928598410081491,12.288771662777833,0.13438533869083413,0.46119125697922586
train_core_test_room,Morgan,0,1,484,136,78,20,11.36175296496223,15.869733862326822,-0.08195634674504526,-0.03737067511759849
train_core_test_room,Physical,0,1,484,136,78,20,5.5577782510056215,7.706963576824926,0.7448256221525189,0.8276369780752384
train_core_test_room,Morgan+Physical,0,1,484,136,78,20,8.223524540665569,11.513027855724884,0.43055791290294787,0.4895774357327289
train_core_test_room,Morgan,0,2,555,72,79,19,4.046093323516846,7.159960009891261,0.3661686051904077,0.41966280861680094
train_core_test_room,Physical,0,2,555,72,79,19,9.339845360310871,12.114987809934135,-0.814673580253386,0.21573097620746765
train_core_test_room,Morgan+Physical,0,2,555,72,79,19,6.287001731851365,8.708991808957958,0.062247312220197526,0.3058997826691826
train_core_test_room,Morgan,0,3,576,46,79,19,8.71802575016022,26.028137179138856,0.09043138207713497,0.6536625352690146
train_core_test_room,Physical,0,3,576,46,79,19,9.897098261667333,26.507589910712795,0.05661323267934937,0.6850419494387304
train_core_test_room,Morgan+Physical,0,3,576,46,79,19,8.581626765914587,26.051734008824873,0.0887814242141779,0.6726637238537149
train_core_test_room,Morgan,0,4,526,74,79,19,16.123032366423736,23.677543732201425,-0.16069189310065335,0.15545240818823458
train_core_test_room,Physical,0,4,526,74,79,19,11.23347538706393,17.146810809535545,0.3912900954442755,0.6341076517819967
train_core_test_room,Morgan+Physical,0,4,526,74,79,19,13.027153274593871,19.95488735989953,0.1755919619126476,0.48017911593377927
train_core_test_room,Morgan,1,0,525,102,78,20,6.728931703141155,8.525090597778183,0.3010704195273892,0.8267360918572386
train_core_test_room,Physical,1,0,525,102,78,20,6.884068556404116,13.045843857046485,-0.6367402696645217,0.46217398121672243
train_core_test_room,Morgan+Physical,1,0,525,102,78,20,5.310438652891271,9.109569103110799,0.201948194331946,0.6250892849710653
train_core_test_room,Morgan,1,1,536,78,78,20,9.678009017118796,24.309128315091126,0.03375987368569899,0.5499833678735975
train_core_test_room,Physical,1,1,536,78,78,20,7.1214879148004,23.06307404819856,0.13027754374065725,0.8687936946037402
train_core_test_room,Morgan+Physical,1,1,536,78,78,20,8.089752119192466,23.45987457725996,0.10009291962613787,0.8748053616656611
train_core_test_room,Morgan,1,2,515,92,79,19,15.17909998802517,18.390390015862373,-0.1847099102963159,0.8029082368146817
train_core_test_room,Physical,1,2,515,92,79,19,5.0035977338293325,5.957145814732562,0.8756898463589444,0.9024581756979041
train_core_test_room,Morgan+Physical,1,2,515,92,79,19,9.518785921138265,11.371983536831745,0.5469954264865993,0.9276989386276686
train_core_test_room,Morgan,1,3,495,111,79,19,10.305768517379072,18.193184277276753,0.10350073220897937,0.7828940108632865
train_core_test_room,Physical,1,3,495,111,79,19,7.6865788474589865,11.83758860271438,0.6204587465242897,0.8641464413684019
train_core_test_room,Morgan+Physical,1,3,495,111,79,19,7.8105762896632305,14.117764039186248,0.4601608959728062,0.9328600454486379
train_core_test_room,Morgan,1,4,537,74,79,19,12.047331276352342,16.198070151149054,-0.30105588495197466,0.626061767347423
train_core_test_room,Physical,1,4,537,74,79,19,12.47991746928241,15.90212707963719,-0.2539489032791926,0.76394628169091
train_core_test_room,Morgan+Physical,1,4,537,74,79,19,5.064110277536753,9.8061381450287,0.5231679762007106,0.7683282117443111
train_core_test_room,Morgan,2,0,518,74,78,20,16.965658562485977,24.335538506158294,-0.21132089585327019,0.05732847967992397
train_core_test_room,Physical,2,0,518,74,78,20,13.8405178039458,20.34561385156752,0.15332081639018558,0.39054609349325825
train_core_test_room,Morgan+Physical,2,0,518,74,78,20,15.288054884736345,21.52766005171068,0.052081627638801864,0.35640828148009207
train_core_test_room,Morgan,2,1,514,116,78,20,5.797507565360233,8.050775655891385,0.12854013396039166,0.8268990995184329
train_core_test_room,Physical,2,1,514,116,78,20,7.10785305503319,14.326531940126321,-1.7596505169456114,0.4887284732334326
train_core_test_room,Morgan+Physical,2,1,514,116,78,20,5.644281670011322,9.777922480995413,-0.28547939994903504,0.4986401686479119
train_core_test_room,Morgan,2,2,536,77,79,19,10.030183354167196,24.458912180317768,-0.07743829611117414,0.5586070633984735
train_core_test_room,Physical,2,2,536,77,79,19,8.35551672353373,23.750493693381273,-0.01592913586612843,0.748520286440517
train_core_test_room,Morgan+Physical,2,2,536,77,79,19,8.408905820970412,23.841874514587346,-0.02376181804777544,0.7686815581843066
train_core_test_room,Morgan,2,3,527,99,79,19,4.635591177668717,5.816624849607871,0.5260116309685992,0.7970802003008253
train_core_test_room,Physical,2,3,527,99,79,19,3.7818042511294596,7.644968210978003,0.18120167804564535,0.8363739591597072
train_core_test_room,Morgan+Physical,2,3,527,99,79,19,3.878528219558254,5.766670394559498,0.5341181037331051,0.8078812768440924
train_core_test_room,Morgan,2,4,513,91,79,19,15.722045425918074,19.675788528079575,-0.5165152892086335,0.4862417758379871
train_core_test_room,Physical,2,4,513,91,79,19,4.849591889559568,6.396217744284861,0.8397385822170854,0.9180868282053823
train_core_test_room,Morgan+Physical,2,4,513,91,79,19,9.714138105119979,11.97003088688206,0.4387284321838598,0.8700168737172774
train_core_test_room,Morgan,3,0,504,109,78,20,10.32980005899132,19.729042642981,0.018541315601058983,0.6220653126696065
train_core_test_room,Physical,3,0,504,109,78,20,6.068438787078856,16.938323854682604,0.2765627557183994,0.8267260376186154
train_core_test_room,Morgan+Physical,3,0,504,109,78,20,7.825661704023167,17.335343688588733,0.24225180261244228,0.8248638847619696
train_core_test_room,Morgan,3,1,583,40,78,20,11.811507688903808,24.083860000177182,0.0388856500896243,0.5983016395780923
train_core_test_room,Physical,3,1,583,40,78,20,11.014361693000794,15.520285197964938,0.6008627428123647,0.6883017212244995
train_core_test_room,Morgan+Physical,3,1,583,40,78,20,10.765779009199143,17.31951520648357,0.5029565713180328,0.7933128189768182
train_core_test_room,Morgan,3,2,434,162,79,19,10.991558262799112,13.700795116467956,0.11322314435789271,0.49482556823619595
train_core_test_room,Physical,3,2,434,162,79,19,9.39832087115064,12.544971655186991,0.25653218110648957,0.4973634254374654
train_core_test_room,Morgan+Physical,3,2,434,162,79,19,9.436588487375518,11.577199256217714,0.36681616039593723,0.6513346571257199
train_core_test_room,Morgan,3,3,527,91,79,19,12.147146025907075,19.5590045313529,0.18492200522479119,0.5342790041575441
train_core_test_room,Physical,3,3,527,91,79,19,6.9079096849127115,11.96470329987239,0.6949931867925103,0.9567039039089267
train_core_test_room,Morgan+Physical,3,3,527,91,79,19,9.259083762585986,15.526823405744974,0.4863457321753385,0.9222058880564477
train_core_test_room,Morgan,3,4,560,55,79,19,9.998516975480513,13.86336605218461,-0.469718442742604,0.21752435697988434
train_core_test_room,Physical,3,4,560,55,79,19,7.925720600275213,9.370519951134158,0.3285338218860753,0.8172893354202589
train_core_test_room,Morgan+Physical,3,4,560,55,79,19,5.731012880229604,9.255158504933277,0.3449650322486818,0.6207719227644792
train_core_test_room,Morgan,4,0,563,59,78,20,10.038948874263442,22.28213302381237,0.02416859902346391,0.2828532808465999
train_core_test_room,Physical,4,0,563,59,78,20,8.325281080019677,22.48247771636179,0.006541781124173918,0.7858606507237823
train_core_test_room,Morgan+Physical,4,0,563,59,78,20,7.434320012626001,21.840856871364444,0.06243667745212722,0.644377165945659
train_core_test_room,Morgan,4,1,480,117,78,20,7.846111685543224,12.618441098549088,-0.6667352099599246,0.43339963225540673
train_core_test_room,Physical,4,1,480,117,78,20,3.748802920718723,5.299321110652246,0.706034968000484,0.671273438923914
train_core_test_room,Morgan+Physical,4,1,480,117,78,20,5.421905775422969,8.584450028570568,0.22859907705279414,0.6006274804896242
train_core_test_room,Morgan,4,2,492,111,79,19,14.478868613179523,21.221699485362397,-0.11571958215395584,0.629889310389041
train_core_test_room,Physical,4,2,492,111,79,19,19.00041671902768,27.425220783307147,-0.8633524119103297,0.7174894946253381
train_core_test_room,Morgan+Physical,4,2,492,111,79,19,12.274970814314832,18.478224742211786,0.15410740187712257,0.7669819744018669
train_core_test_room,Morgan,4,3,556,73,79,19,6.24387820850529,15.911336415682651,0.2842589497675245,0.7420903083366648
train_core_test_room,Physical,4,3,556,73,79,19,5.847053376477385,9.25802825143105,0.7576853826184601,0.8948448157380028
train_core_test_room,Morgan+Physical,4,3,556,73,79,19,5.263691862346701,11.646061706634097,0.6165570266896201,0.9828262438258183
train_core_test_room,Morgan,4,4,517,97,79,19,13.853730674114422,19.23227942849558,-0.4437315209710275,0.037279879150061535
train_core_test_room,Physical,4,4,517,97,79,19,9.940934212950086,11.626881999516382,0.4723433113876242,0.5489915199603806
train_core_test_room,Morgan+Physical,4,4,517,97,79,19,11.548208896479654,13.65356351692807,0.27235935865015237,0.5782702601878483
train_core_test_room,Morgan,5,0,557,63,78,20,6.116190544612825,16.501512571249055,0.07428625119836418,0.8780877595540592
train_core_test_room,Physical,5,0,557,63,78,20,11.043095057472348,15.110969156630123,0.22372814027201793,0.36732471646567666
train_core_test_room,Morgan+Physical,5,0,557,63,78,20,7.741148748004248,13.740242555805555,0.3581729693589256,0.514949307007438
train_core_test_room,Morgan,5,1,541,81,78,20,9.587152980248723,12.00819129329438,0.47834497247189356,0.8124283292544202
train_core_test_room,Physical,5,1,541,81,78,20,8.538952426872724,13.907457065216866,0.3002810147375735,0.8264872519712718
train_core_test_room,Morgan+Physical,5,1,541,81,78,20,7.154133886134772,10.632645112361441,0.5910117425124745,0.8298987528152701
train_core_test_room,Morgan,5,2,473,111,79,19,15.958546179059002,23.65293007974783,-0.009794970132449343,0.3941007657938373
train_core_test_room,Physical,5,2,473,111,79,19,8.644173897030806,17.792230425091,0.42862123498144145,0.9160267633654934
train_core_test_room,Morgan+Physical,5,2,473,111,79,19,12.167046249716817,20.16850850899575,0.2658059298570975,0.7946573524071936
train_core_test_room,Morgan,5,3,479,128,79,19,6.1097537937045105,8.796580004054949,0.32012819122151437,0.8822259563193742
train_core_test_room,Physical,5,3,479,128,79,19,10.594515027168393,15.525153886027175,-1.1177327199228477,0.8894814895441945
train_core_test_room,Morgan+Physical,5,3,479,128,79,19,4.246649238306285,5.107913953904052,0.7707620770275734,0.9041357789836526
train_core_test_room,Morgan,5,4,558,74,79,19,11.742974735698184,20.96894020196662,0.05802327607204083,0.6489571448070673
train_core_test_room,Physical,5,4,558,74,79,19,8.24309695096918,14.2921402070824,0.5623955343518711,0.7504426171742938
train_core_test_room,Morgan+Physical,5,4,558,74,79,19,10.001726008698746,17.091911625630374,0.3741525509121353,0.7525349499906345
train_core_test_room,Morgan,6,0,583,43,78,20,10.804942927338356,21.052523437737413,0.04160933180105997,0.5667707496530598
train_core_test_room,Physical,6,0,583,43,78,20,12.08076742944052,17.098268575314727,0.3678232397572011,0.6321958172284032
train_core_test_room,Morgan+Physical,6,0,583,43,78,20,11.157692008883453,17.3191088778912,0.35138745801105853,0.6908480897311879
train_core_test_room,Morgan,6,1,566,60,78,20,14.110506440862022,24.489915906073996,0.029018816280337645,0.6626334910057368
train_core_test_room,Physical,6,1,566,60,78,20,8.121344105784098,13.824350916380554,0.6905961417445257,0.8152319095128647
train_core_test_room,Morgan+Physical,6,1,566,60,78,20,10.996541440709432,18.898620437276534,0.42177557672186505,0.8239438000378687
train_core_test_room,Morgan,6,2,495,126,79,19,10.649811001054067,12.732925449149464,-0.534431796314178,0.2022188602550275
train_core_test_room,Physical,6,2,495,126,79,19,8.23751964744992,11.558859017988567,-0.2645066864981185,0.8394827658057696
train_core_test_room,Morgan+Physical,6,2,495,126,79,19,8.840525200422984,10.409070247107099,-0.025451384072842753,0.7205015492482358
train_core_test_room,Morgan,6,3,492,124,79,19,7.483801226905085,9.980660157664003,0.30250827996282736,0.8643102170450154
train_core_test_room,Physical,6,3,492,124,79,19,9.2807071883017,11.901034876956638,0.008277934732020098,0.8669391944072546
train_core_test_room,Morgan+Physical,6,3,492,124,79,19,3.948221901512146,5.522952884664941,0.7864187140661679,0.8634910469836663
train_core_test_room,Morgan,6,4,472,104,79,19,15.715342829011771,24.026240499220666,-0.3456748012589095,0.23170644737636356
train_core_test_room,Physical,6,4,472,104,79,19,9.251138868391331,18.486713794701927,0.20331266103491652,0.8612830170073977
train_core_test_room,Morgan+Physical,6,4,472,104,79,19,12.080573293396876,20.75318755887047,-0.004010147357186078,0.7501397088104969
train_core_test_room,Morgan,7,0,509,114,78,20,6.529702017613462,9.562557497103503,0.4699763376611559,0.8589993070654257
train_core_test_room,Physical,7,0,509,114,78,20,6.6092673491227,10.385273657937736,0.3748517358982909,0.8530862156190617
train_core_test_room,Morgan+Physical,7,0,509,114,78,20,4.720613268681577,7.317288811429907,0.6896530129776246,0.9185012187162356
train_core_test_room,Morgan,7,1,532,77,78,20,19.744410173193206,25.87462408189845,-0.5504809883011035,0.42101308175945573
train_core_test_room,Physical,7,1,532,77,78,20,6.329057997121439,8.944972807836969,0.8146995828737835,0.9263787370031588
train_core_test_room,Morgan+Physical,7,1,532,77,78,20,12.723409436411671,16.480901246694614,0.3709571043915052,0.6993074471491058
train_core_test_room,Morgan,7,2,541,80,79,19,8.3373147290802,9.92204181346585,0.2119939142989673,0.5766890312065748
train_core_test_room,Physical,7,2,541,80,79,19,7.65191271744728,12.409614734718657,-0.2326621567481142,0.6634150475487081
train_core_test_room,Morgan+Physical,7,2,541,80,79,19,7.758289568052291,10.213280725559727,0.16505473882523303,0.7030893857613307
train_core_test_room,Morgan,7,3,524,78,79,19,7.046778525793614,19.257856349536933,0.12236448471301986,0.3701863001414055
train_core_test_room,Physical,7,3,524,78,79,19,8.168624144100287,18.910241839729686,0.15376210411657243,0.5077827535999906
train_core_test_room,Morgan+Physical,7,3,524,78,79,19,7.001669207974948,18.48986394098947,0.19096793514877897,0.555101455073911
train_core_test_room,Morgan,7,4,502,108,79,19,13.332506802205684,20.865777185778732,-0.4682345937454868,0.6146878634184549
train_core_test_room,Physical,7,4,502,108,79,19,10.87197483698527,14.943634308669717,0.24692404021092995,0.830054250989394
train_core_test_room,Morgan+Physical,7,4,502,108,79,19,6.205764776088574,13.617329651580624,0.37466861860191336,0.8489380066907786
train_core_test_room,Morgan,8,0,471,136,78,20,8.198530206029556,16.189459605212694,0.24481276637340166,0.4438536484612086
train_core_test_room,Physical,8,0,471,136,78,20,6.508331919964622,15.231237332216235,0.3315632710269847,0.8230812714443843
train_core_test_room,Morgan+Physical,8,0,471,136,78,20,5.255573476623086,14.634564143886031,0.38290856346364,0.823186615580864
train_core_test_room,Morgan,8,1,532,82,78,20,10.447309041424264,13.137340192220034,0.2631155899953683,0.45824467840655314
train_core_test_room,Physical,8,1,532,82,78,20,6.514548819524253,8.949829972144444,0.6580094973132542,0.8712380033148331
train_core_test_room,Morgan+Physical,8,1,532,82,78,20,5.8951051791642355,9.091097845730243,0.6471280477578156,0.8774694727559512
train_core_test_room,Morgan,8,2,542,80,79,19,5.792002051887512,6.828317682561029,0.5331853125795862,0.8753727775057638
train_core_test_room,Physical,8,2,542,80,79,19,3.586457578716278,4.700285750631238,0.7788099441577729,0.8687670700599317
train_core_test_room,Morgan+Physical,8,2,542,80,79,19,4.5349363084411625,5.22347008712841,0.7268285552693053,0.8912030872307342
train_core_test_room,Morgan,8,3,570,51,79,19,17.666114167007745,30.255938691673702,-0.19709584452987805,0.19371058422536858
train_core_test_room,Physical,8,3,570,51,79,19,11.709075424493529,17.59207292333277,0.5952920892928915,0.6748650620601706
train_core_test_room,Morgan+Physical,8,3,570,51,79,19,14.462547737345973,23.292236978211985,0.2905364946828778,0.6854279694238381
train_core_test_room,Morgan,8,4,493,108,79,19,13.568619008311519,18.80553053003812,-0.429380396252232,0.08111417582817529
train_core_test_room,Physical,8,4,493,108,79,19,10.262335268497466,12.890839886673126,0.3283561074395117,0.6772277251971336
train_core_test_room,Morgan+Physical,8,4,493,108,79,19,11.645655160586042,15.144616143680325,0.07297129543273362,0.5331468048923033
train_core_test_room,Morgan,9,0,558,68,78,20,10.26854050770928,18.151207522404732,0.12509011666073733,0.43803230097797385
train_core_test_room,Physical,9,0,558,68,78,20,6.6247451834959135,10.004148057185988,0.7342259959891525,0.9517345453125384
train_core_test_room,Morgan+Physical,9,0,558,68,78,20,7.659582619610956,13.625949043025297,0.5069558624256612,0.9468116152904932
train_core_test_room,Morgan,9,1,507,106,78,20,14.030840236016038,18.86695510012065,-0.6899766522427715,0.5394033790298721
train_core_test_room,Physical,9,1,507,106,78,20,6.578405836933064,10.250442844423425,0.5011587834945784,0.8580482702314399
train_core_test_room,Morgan+Physical,9,1,507,106,78,20,9.298882698346985,11.62913566960123,0.3579454215672423,0.8050197126595485
train_core_test_room,Morgan,9,2,516,98,79,19,5.569304290553502,17.324022684381944,0.1120837367218277,0.6768172414755265
train_core_test_room,Physical,9,2,516,98,79,19,6.693520122629283,17.465350000948423,0.09753761444895315,0.828290132202146
train_core_test_room,Morgan+Physical,9,2,516,98,79,19,5.352051522570241,17.005082203435254,0.14447639933364254,0.819693252296093
train_core_test_room,Morgan,9,3,496,91,79,19,14.103385409140117,24.54169042175177,-2.6191067118544393,0.23204546118732108
train_core_test_room,Physical,9,3,496,91,79,19,9.876302811910609,13.366172165380336,-0.07351111031723945,0.628869180654604
train_core_test_room,Morgan+Physical,9,3,496,91,79,19,7.92403935623672,16.897612205403075,-0.7157069867640893,0.3798602179347013
train_core_test_room,Morgan,9,4,531,94,79,19,15.666943096144657,20.78699327139824,0.11918042985020039,0.5337058109015124
train_core_test_room,Physical,9,4,531,94,79,19,17.79722569573585,22.0542813179186,0.008507520682028424,0.476805713921112
train_core_test_room,Morgan+Physical,9,4,531,94,79,19,16.45838976927412,20.317106971595212,0.1585518910494056,0.7536073065006488
train_all_test_room,Morgan,0,0,1218,129,78,20,16.96535617112744,21.321155859242037,-1.6057283861154836,-0.2609849661795092
train_all_test_room,Physical,0,0,1218,129,78,20,6.532297453769418,9.693668965873789,0.4613780800063271,0.6695931659141657
train_all_test_room,Morgan+Physical,0,0,1218,129,78,20,10.973074137606362,13.392455398896457,-0.02808274867309213,0.607038572729616
train_all_test_room,Morgan,0,1,1118,136,78,20,8.914082970355539,14.152767091094184,0.1394954504201592,0.5000745330688533
train_all_test_room,Physical,0,1,1118,136,78,20,4.937093720817566,8.409528812950489,0.6961818063245919,0.8325750318173544
train_all_test_room,Morgan+Physical,0,1,1118,136,78,20,6.4539061360527485,11.028907710903587,0.4774408498749474,0.7952547940250734
train_all_test_room,Morgan,0,2,1400,72,79,19,5.1009436547809175,7.652720045905764,0.27592391171059893,0.4162235022951784
train_all_test_room,Physical,0,2,1400,72,79,19,9.667799289364284,12.228588999867634,-0.8488652116969473,0.2875867434594495
train_all_test_room,Morgan+Physical,0,2,1400,72,79,19,7.318716595840453,9.098500604901021,-0.02351028233611574,0.37482594454734086
train_all_test_room,Morgan,0,3,1458,46,79,19,8.33259760284424,26.057674929716992,0.0883657824203754,0.7088825611750225
train_all_test_room,Physical,0,3,1458,46,79,19,10.063041314373844,26.76453278865248,0.03823575600160767,0.6354834069006856
train_all_test_room,Morgan+Physical,0,3,1458,46,79,19,8.480236276626586,26.23061392410631,0.07622500064763094,0.6560816426039929
train_all_test_room,Morgan,0,4,1327,74,79,19,16.53902260925293,24.59447732010375,-0.25233019227928755,0.22902172939457108
train_all_test_room,Physical,0,4,1327,74,79,19,12.912671042422735,20.220640929368038,0.1534872754604234,0.4473028729062468
train_all_test_room,Morgan+Physical,0,4,1327,74,79,19,14.462914076785527,21.6503469046322,0.029549528896357757,0.377595372320391
train_all_test_room,Morgan,1,0,1229,102,78,20,4.582971117909749,6.517834560846943,0.5914529482267977,0.7179870074100101
train_all_test_room,Physical,1,0,1229,102,78,20,6.743068254766278,12.228045093638244,-0.4379688508316839,0.6186125061143426
train_all_test_room,Morgan+Physical,1,0,1229,102,78,20,5.100304080245075,7.782843218467841,0.41747847332258015,0.6212081547132932
train_all_test_room,Morgan,1,1,1377,78,78,20,9.976744205334004,24.716508307803124,0.0011034039080598523,0.41948051462040115
train_all_test_room,Physical,1,1,1377,78,78,20,7.154190500558707,22.800582285921738,0.14996232757701378,0.8945895865536009
train_all_test_room,Morgan+Physical,1,1,1377,78,78,20,8.357486730777056,23.52368677728051,0.09519066406346266,0.871383715050671
train_all_test_room,Morgan,1,2,1324,92,79,19,16.04703091861891,20.04637442825865,-0.40767312054449634,0.698202004535143
train_all_test_room,Physical,1,2,1324,92,79,19,8.523098726231119,9.828858076479879,0.6615953902834892,0.9118146323746257
train_all_test_room,Morgan+Physical,1,2,1324,92,79,19,11.974821500736734,14.431690618736413,0.270434040607921,0.8957069199242639
train_all_test_room,Morgan,1,3,1226,111,79,19,10.439607697096816,18.87925622861418,0.034611182888216074,0.7337497787830898
train_all_test_room,Physical,1,3,1226,111,79,19,7.669630947735073,11.838315464595647,0.6204121352509114,0.8450863432663233
train_all_test_room,Morgan+Physical,1,3,1226,111,79,19,7.915708825305561,14.261066330803125,0.44914600685086714,0.8969474775413541
train_all_test_room,Morgan,1,4,1365,74,79,19,12.996245633615029,17.759991937207676,-0.5640654730419026,0.5814370179389321
train_all_test_room,Physical,1,4,1365,74,79,19,5.656200926239426,9.073131790428073,0.5917898126111234,0.8472962174836874
train_all_test_room,Morgan+Physical,1,4,1365,74,79,19,7.414139518119194,11.258123271711884,0.3715056181592413,0.8231713166871996
train_all_test_room,Morgan,2,0,1288,74,78,20,17.791450166296055,25.412768693894943,-0.320934412231904,-0.11604013805248195
train_all_test_room,Physical,2,0,1288,74,78,20,15.316881161154669,23.693126081518663,-0.14821183307866814,0.39577717379762295
train_all_test_room,Morgan+Physical,2,0,1288,74,78,20,16.472054977320077,23.629608148807414,-0.1420636969959148,0.32746206696761554
train_all_test_room,Morgan,2,1,1217,116,78,20,3.809465087200033,7.2465644116798344,0.293948702785504,0.838590069649571
train_all_test_room,Physical,2,1,1217,116,78,20,6.301366297886289,12.340804381981286,-1.0476648631959988,0.46626442298491066
train_all_test_room,Morgan+Physical,2,1,1217,116,78,20,4.9346669625578246,8.772653242883317,-0.03474626695720073,0.49069405190750043
train_all_test_room,Morgan,2,2,1369,77,79,19,10.823654662788687,24.91328762680929,-0.11784146838989673,0.5199544403045236
train_all_test_room,Physical,2,2,1369,77,79,19,8.377147244936461,23.994231063813107,-0.03688789892425559,0.717908339499849
train_all_test_room,Morgan+Physical,2,2,1369,77,79,19,9.150316607784916,24.206190279080047,-0.05528804496852713,0.7627030230658751
train_all_test_room,Morgan,2,3,1298,99,79,19,4.58002868059717,5.625144003932101,0.5567049662143863,0.8214765594572533
train_all_test_room,Physical,2,3,1298,99,79,19,3.2202216359225186,5.709886997988223,0.5432478472263993,0.8298143228365575
train_all_test_room,Morgan+Physical,2,3,1298,99,79,19,3.2266797337849944,4.490800795927456,0.7174644126394945,0.8311227149936443
train_all_test_room,Morgan,2,4,1349,91,79,19,16.728313561408072,21.050982712396962,-0.7359101796972689,0.4321458158004513
train_all_test_room,Physical,2,4,1349,91,79,19,5.018696613710005,6.614786988287357,0.8285986541706991,0.9295287391229479
train_all_test_room,Morgan+Physical,2,4,1349,91,79,19,10.147508850600694,12.770025556143114,0.36119834363923065,0.8893812904268027
train_all_test_room,Morgan,3,0,1283,109,78,20,10.659877106020867,20.196564544444097,-0.02852535619983354,0.6696023303097671
train_all_test_room,Physical,3,0,1283,109,78,20,6.735395339024396,17.022549764320953,0.2693502766983732,0.8472084466270542
train_all_test_room,Morgan+Physical,3,0,1283,109,78,20,8.548411080757631,17.721511039033945,0.20811612717797823,0.8404822040664127
train_all_test_room,Morgan,3,1,1452,40,78,20,13.109957888031005,24.4790234408728,0.007087335838908637,0.6132526068992141
train_all_test_room,Physical,3,1,1452,40,78,20,11.394102573728562,16.970626567217046,0.5227800095625579,0.7877892395588653
train_all_test_room,Morgan+Physical,3,1,1452,40,78,20,11.446379044675826,18.58326266897269,0.4277750304758554,0.8011169421879664
train_all_test_room,Morgan,3,2,1096,162,79,19,11.285975959645965,15.10162927308989,-0.07738373621432326,0.7683058372165239
train_all_test_room,Physical,3,2,1096,162,79,19,7.16688248220844,9.802659721463867,0.5460472403571366,0.7808126530038806
train_all_test_room,Morgan+Physical,3,2,1096,162,79,19,8.622763436267993,11.1198328939248,0.415856797026685,0.7918724706646765
train_all_test_room,Morgan,3,3,1273,91,79,19,12.215822458003116,20.882747426515756,0.0708604530960153,0.4218867561023284
train_all_test_room,Physical,3,3,1273,91,79,19,5.742236070159241,10.757074826001094,0.753456218517006,0.9775216969589184
train_all_test_room,Morgan+Physical,3,3,1273,91,79,19,8.641630908890606,15.637627858724482,0.47898836598695993,0.9051837953498886
train_all_test_room,Morgan,3,4,1417,55,79,19,11.407523824318625,15.800138148409044,-0.9090553979119234,0.18996906732244737
train_all_test_room,Physical,3,4,1417,55,79,19,7.448226446992353,10.281879086446544,0.19157125468658043,0.650180720972458
train_all_test_room,Morgan+Physical,3,4,1417,55,79,19,7.583096404482754,11.801161596362453,-0.0649918329296042,0.2480190272515259
train_all_test_room,Morgan,4,0,1462,59,78,20,10.4775059527381,22.715153443447814,-0.01412762588505001,0.568838790465904
train_all_test_room,Physical,4,0,1462,59,78,20,10.88900848796004,24.149272131386986,-0.1462236228795888,0.755738432719427
train_all_test_room,Morgan+Physical,4,0,1462,59,78,20,8.373319825511867,22.3043182249884,0.022224458995168783,0.7327685547814948
train_all_test_room,Morgan,4,1,1153,117,78,20,8.707812366919885,13.088055074863757,-0.7931037883410004,0.49060642909074154
train_all_test_room,Physical,4,1,1153,117,78,20,5.704653291647496,11.80060954299646,-0.4576863326797389,0.5613749092692216
train_all_test_room,Morgan+Physical,4,1,1153,117,78,20,6.8584421858280535,12.0301059450044,-0.5149353667207073,0.5555540358921072
train_all_test_room,Morgan,4,2,1163,111,79,19,15.682777446863673,22.412400286700088,-0.24443287505948774,0.6102321708727688
train_all_test_room,Physical,4,2,1163,111,79,19,19.270995984536246,27.231370828408735,-0.8371040028992469,0.7902714108758605
train_all_test_room,Morgan+Physical,4,2,1163,111,79,19,12.004607486291835,17.89694546106217,0.20648970777889575,0.7685167781540452
train_all_test_room,Morgan,4,3,1384,73,79,19,6.016922912315474,16.50013288435961,0.2303070768396801,0.913939841821964
train_all_test_room,Physical,4,3,1384,73,79,19,7.2132060350182945,10.829589156892782,0.6684366095059162,0.9044003486792247
train_all_test_room,Morgan+Physical,4,3,1384,73,79,19,5.757129120191809,12.712276560374944,0.5431335414428792,0.9792539096221639
train_all_test_room,Morgan,4,4,1359,97,79,19,14.613308736191582,20.27721214263286,-0.6048757232755297,0.5561796925475047
train_all_test_room,Physical,4,4,1359,97,79,19,9.376781318192627,10.370705942089343,0.580200846751834,0.8331312902270516
train_all_test_room,Morgan+Physical,4,4,1359,97,79,19,11.555986078871895,14.342512142888483,0.1970742789012655,0.8350614108762554
train_all_test_room,Morgan,5,0,1448,63,78,20,7.595789770459371,17.553272166606256,-0.047479128415529814,0.7670601537134762
train_all_test_room,Physical,5,0,1448,63,78,20,9.610180636875212,13.024685848735718,0.4232817178641719,0.3804400390761986
train_all_test_room,Morgan+Physical,5,0,1448,63,78,20,7.1433115190778445,13.883657598131755,0.34470478955209183,0.48960538885862587
train_all_test_room,Morgan,5,1,1284,81,78,20,9.695170827521807,13.389380645538543,0.35144146586632385,0.8188694414526814
train_all_test_room,Physical,5,1,1284,81,78,20,9.728895746358235,18.03811959936445,-0.17709286217403308,0.8130004519679981
train_all_test_room,Morgan+Physical,5,1,1284,81,78,20,8.310883556139911,12.557301027764819,0.4295457595829777,0.83020578789123
train_all_test_room,Morgan,5,2,1125,111,79,19,16.812786302361015,24.480797424283757,-0.08171892406838421,0.36829617383191876
train_all_test_room,Physical,5,2,1125,111,79,19,6.5360763081566065,16.606023655335278,0.5022690904843647,0.9583141987908773
train_all_test_room,Morgan+Physical,5,2,1125,111,79,19,11.514602259782672,19.604541409308762,0.30629203247893555,0.8154044446003441
train_all_test_room,Morgan,5,3,1245,128,79,19,6.916058234977722,10.652673569946396,0.0029508725989074724,0.8259662568863608
train_all_test_room,Physical,5,3,1245,128,79,19,8.125455798643827,9.713425478952905,0.1710198246343252,0.9081334008030473
train_all_test_room,Morgan+Physical,5,3,1245,128,79,19,2.841703142005205,3.485633153974849,0.8932512802824357,0.9112137379902682
train_all_test_room,Morgan,5,4,1419,74,79,19,10.941057220974482,21.329974299909285,0.025306940622857432,0.622779285512188
train_all_test_room,Physical,5,4,1419,74,79,19,8.549813839216489,14.998935861217973,0.5180432077803587,0.8140687147363607
train_all_test_room,Morgan+Physical,5,4,1419,74,79,19,9.735805429303966,17.832763185379747,0.3187217977265391,0.8189647958940617
train_all_test_room,Morgan,6,0,1450,43,78,20,10.227884828079578,21.43677361615313,0.0063050093329301005,0.6080008278979849
train_all_test_room,Physical,6,0,1450,43,78,20,12.904064627314723,19.52178208086278,0.1759127815794459,0.6380504943397308
train_all_test_room,Morgan+Physical,6,0,1450,43,78,20,11.000580090899799,18.546120264257272,0.25622701392806524,0.6935956598316791
train_all_test_room,Morgan,6,1,1431,60,78,20,13.946872601954142,25.906447827629236,-0.08655562266897321,0.45464248193839923
train_all_test_room,Physical,6,1,1431,60,78,20,8.917202130953472,15.689937932797989,0.6014537955879595,0.8076754242111914
train_all_test_room,Morgan+Physical,6,1,1431,60,78,20,11.290399789810182,20.532228293214292,0.31749098032039647,0.7737600733634622
train_all_test_room,Morgan,6,2,1145,126,79,19,10.336799766528415,12.472468689714718,-0.47229908257889486,-0.3979744023786284
train_all_test_room,Physical,6,2,1145,126,79,19,7.7711416545928484,10.409012994323994,-0.02544010356789439,0.6585903918000116
train_all_test_room,Morgan+Physical,6,2,1145,126,79,19,8.494169433702742,9.854958806948739,0.08081945579171834,0.46750164335872585
train_all_test_room,Morgan,6,3,1264,124,79,19,8.146507687137973,11.835845787655641,0.019112689365933022,0.8118265034804294
train_all_test_room,Physical,6,3,1264,124,79,19,6.662282985213495,7.9234608571289655,0.5604074193458992,0.873414981087021
train_all_test_room,Morgan+Physical,6,3,1264,124,79,19,4.404665118728146,5.680029103701343,0.7740971852543992,0.879351068579464
train_all_test_room,Morgan,6,4,1231,104,79,19,16.49245399765308,24.929672697271943,-0.44877730236719504,0.22483907019739108
train_all_test_room,Physical,6,4,1231,104,79,19,8.139045011873245,18.152241873345506,0.2318800949458958,0.8072815995241376
train_all_test_room,Morgan+Physical,6,4,1231,104,79,19,11.877454422038152,20.81264688209096,-0.009771506456156542,0.6859175250656039
train_all_test_room,Morgan,7,0,1224,114,78,20,6.954145484736928,10.607134744814786,0.3478562876702127,0.5891710501639349
train_all_test_room,Physical,7,0,1224,114,78,20,6.042560064295719,9.485284505891032,0.47850774432314636,0.8676059763194536
train_all_test_room,Morgan+Physical,7,0,1224,114,78,20,5.300168943117376,7.7093279449579715,0.6555071753714865,0.8948729717474132
train_all_test_room,Morgan,7,1,1371,77,78,20,19.961194913591658,26.60338487370517,-0.6390497751248208,0.26771271509850253
train_all_test_room,Physical,7,1,1371,77,78,20,9.008587441085222,12.163973640732975,0.6573353623873647,0.8260333749668549
train_all_test_room,Morgan+Physical,7,1,1371,77,78,20,14.295095685686384,18.739999344821683,0.18668741909107522,0.6863151228043143
train_all_test_room,Morgan,7,2,1289,80,79,19,8.191871927413938,9.775488721065,0.23510041792655456,0.5382004316443243
train_all_test_room,Physical,7,2,1289,80,79,19,8.000458880887033,14.067490169308867,-0.5840201664345961,0.7225910538975571
train_all_test_room,Morgan+Physical,7,2,1289,80,79,19,7.8276374739265435,10.394854362417943,0.1351032130660672,0.701849692119926
train_all_test_room,Morgan,7,3,1311,78,79,19,6.735452329211112,19.23768134704061,0.12420238646223125,0.41414288999328513
train_all_test_room,Physical,7,3,1311,78,79,19,8.188933617651523,19.516636627811106,0.09861929700977046,0.4782439914137553
train_all_test_room,Morgan+Physical,7,3,1311,78,79,19,7.163330487897824,19.020320119245927,0.14388136997626622,0.49128573326141817
train_all_test_room,Morgan,7,4,1326,108,79,19,14.398192418734231,21.808127888863137,-0.6038475761999078,0.618180389151399
train_all_test_room,Physical,7,4,1326,108,79,19,7.885139952377036,11.563688223021687,0.5490596794994447,0.8760203110744917
train_all_test_room,Morgan+Physical,7,4,1326,108,79,19,7.533258620262145,14.238098943022544,0.31635548345595566,0.8630151183034706
train_all_test_room,Morgan,8,0,1105,136,78,20,7.939342723498625,16.77463138892564,0.18923329449649495,0.496755001410126
train_all_test_room,Physical,8,0,1105,136,78,20,6.946605379076565,15.525955752014626,0.3054450307059502,0.8191510661775089
train_all_test_room,Morgan+Physical,8,0,1105,136,78,20,6.051598131796893,14.906865043328423,0.35973085409825256,0.7983743243195585
train_all_test_room,Morgan,8,1,1360,82,78,20,10.325125049643168,13.594021509544154,0.21099386221965533,0.4355671155907986
train_all_test_room,Physical,8,1,1360,82,78,20,8.820772914519893,15.376157091142915,-0.009439025501567944,0.4729336340015186
train_all_test_room,Morgan+Physical,8,1,1360,82,78,20,8.36109642434097,13.049335434516863,0.27295504391918457,0.5075403979216685
train_all_test_room,Morgan,8,2,1297,80,79,19,6.385478278980256,7.336436060453819,0.4611258519393825,0.8201527530954795
train_all_test_room,Physical,8,2,1297,80,79,19,3.3180029519176486,4.438718317227674,0.8027430806211233,0.9336529325631833
train_all_test_room,Morgan+Physical,8,2,1297,80,79,19,4.538673018512726,5.267975141562771,0.7221537693226736,0.9278337906584075
train_all_test_room,Morgan,8,3,1442,51,79,19,17.424963466569487,31.673682482023136,-0.31191222120479534,0.15973312465962
train_all_test_room,Physical,8,3,1442,51,79,19,11.242118991178623,16.97011739870938,0.6234025683910072,0.7941467139528408
train_all_test_room,Morgan+Physical,8,3,1442,51,79,19,13.682794219147924,23.904329128251376,0.25275885050120894,0.6745202167989452
train_all_test_room,Morgan,8,4,1317,108,79,19,13.690662795066835,19.171018682728405,-0.48548072999406067,0.09738655675064893
train_all_test_room,Physical,8,4,1317,108,79,19,10.137031304324115,12.694250567733015,0.3486854585373451,0.5661459720594341
train_all_test_room,Morgan+Physical,8,4,1317,108,79,19,11.448137412177195,14.97062684846237,0.09414932460505543,0.5593187152014009
train_all_test_room,Morgan,9,0,1464,68,78,20,10.673434081694658,19.2254423002706,0.0184668808455003,0.5354458243836409
train_all_test_room,Physical,9,0,1464,68,78,20,5.862076321153079,10.497093971432667,0.7073891346398076,0.9481309797371658
train_all_test_room,Morgan+Physical,9,0,1464,68,78,20,7.160708726434146,14.288842052860373,0.4578164340819807,0.9504288291851696
train_all_test_room,Morgan,9,1,1327,106,78,20,14.371949985288223,19.55087787618641,-0.8147198876219195,0.4110098342494539
train_all_test_room,Physical,9,1,1327,106,78,20,6.947259271873618,7.637810216455477,0.7230414361047747,0.9237035001063524
train_all_test_room,Morgan+Physical,9,1,1327,106,78,20,9.580201826779348,12.605132986434652,0.24565166393217275,0.8425083765572314
train_all_test_room,Morgan,9,2,1332,98,79,19,5.676044994260827,17.61202845334677,0.08231574577525025,0.7786428198590661
train_all_test_room,Physical,9,2,1332,98,79,19,6.347325447611907,17.62489577961698,0.08097433796970532,0.8548854867550033
train_all_test_room,Morgan+Physical,9,2,1332,98,79,19,5.8825536756943695,17.38196426034198,0.10613439074148379,0.8476420254138431
train_all_test_room,Morgan,9,3,1223,91,79,19,13.792202518038486,21.939527329882456,-1.8923242276032868,0.24646103020469753
train_all_test_room,Physical,9,3,1223,91,79,19,8.217875285195571,14.013825413199617,-0.18006477600052606,0.6209858274724602
train_all_test_room,Morgan+Physical,9,3,1223,91,79,19,9.432109423328022,16.887861529041967,-0.7137274790587693,0.3657247295404891
train_all_test_room,Morgan,9,4,1175,94,79,19,14.326269312416239,21.067857337010356,0.0952171875755159,0.4339493023689744
train_all_test_room,Physical,9,4,1175,94,79,19,12.423352959068785,17.223179439137002,0.395313522150057,0.8078545065987067
train_all_test_room,Morgan+Physical,9,4,1175,94,79,19,13.076510793060953,17.721458786553015,0.35981935092744444,0.8310646160689459
band_all,Morgan,0,0,1026,568,78,20,19.033094685095126,24.59774596089522,-0.2902354416575972,0.11610864357902502
band_all,Physical,0,0,1026,568,78,20,21.638298178280575,29.892389881906603,-0.9054590494067787,-0.008252998490543784
band_all,Morgan+Physical,0,0,1026,568,78,20,19.976922650341248,23.11379501027835,-0.1392547768308845,-0.06192953326456126
band_all,Morgan,0,1,1042,552,78,20,9.969099246235169,12.229394925843701,-0.1850888292471693,0.19744985600068968
band_all,Physical,0,1,1042,552,78,20,5.532639027126976,7.063862511620829,0.6046102196294783,0.5912802664437606
band_all,Morgan+Physical,0,1,1042,552,78,20,6.5786286573949075,8.330327361064773,0.45012357383933743,0.5767163178050002
band_all,Morgan,0,2,1421,173,78,20,13.006021233751595,29.636197009520156,-0.046445433229161504,0.6308508106494907
band_all,Physical,0,2,1421,173,78,20,12.333599668778437,29.64260457638859,-0.0468979807634633,0.8226789162920728
band_all,Morgan+Physical,0,2,1421,173,78,20,10.429896758239392,28.65869809038503,0.021446543196338763,0.8200069451747053
band_all,Morgan,0,3,1479,115,79,19,5.878396038237863,9.211902871694699,0.26203796069306085,0.6227289259295674
band_all,Physical,0,3,1479,115,79,19,7.42146185513372,10.891284221367481,-0.0315576525197967,0.6473810014437359
band_all,Morgan+Physical,0,3,1479,115,79,19,4.766372081914156,8.08637306286506,0.4313528472157665,0.6968056935007316
band_all,Morgan,0,4,1408,186,79,19,5.208757330494541,7.118188784319061,0.24213701441484092,0.7551496734056262
band_all,Physical,0,4,1408,186,79,19,4.857714755437708,7.008597971711899,0.26529331771605735,0.8376270293097112
band_all,Morgan+Physical,0,4,1408,186,79,19,4.725709612979684,6.317077198064357,0.4031240762500846,0.8188411963753406
band_all,Morgan,1,0,1431,163,78,20,7.057119609622138,10.049373967915871,-0.11018376268923458,0.4832699896996842
band_all,Physical,1,0,1431,163,78,20,7.161240897032382,10.18187727292933,-0.13965282449291117,0.43617070685262743
band_all,Morgan+Physical,1,0,1431,163,78,20,5.095870560090235,7.2490902162792805,0.4223246121969887,0.5823169582017018
band_all,Morgan,1,1,1287,307,78,20,16.247519045508568,24.355579051664332,-0.46445294492341493,0.5078935322213242
band_all,Physical,1,1,1287,307,78,20,12.317333364693583,15.117082180013693,0.43582420307118486,0.792335399416288
band_all,Morgan+Physical,1,1,1287,307,78,20,9.008105329238942,16.475159789554404,0.3299028453019225,0.7571808442805732
band_all,Morgan,1,2,1398,196,78,20,12.160287580676954,17.46240188249415,-0.7930073440827639,-0.4761257687985593
band_all,Physical,1,2,1398,196,78,20,12.308805074742377,16.987779286382253,-0.6968651495121103,0.47009075186952015
band_all,Morgan+Physical,1,2,1398,196,78,20,12.13713617950751,15.177270522328872,-0.3544452698856311,0.3043317029298352
band_all,Morgan,1,3,1173,421,79,19,14.033239583872163,23.95671284304873,-0.07570505066342914,0.6964946619416138
band_all,Physical,1,3,1173,421,79,19,8.968220759781861,19.57947230754976,0.2814769265555336,0.933239617741268
band_all,Morgan+Physical,1,3,1173,421,79,19,11.36944492349874,21.272094091739138,0.15187621294069353,0.9052663565199106
band_all,Morgan,1,4,1087,507,79,19,6.09585499077671,6.925819155733056,0.11374250752324899,0.7780374155998475
band_all,Physical,1,4,1087,507,79,19,17.707574285217525,28.118125178370803,-13.607986045956503,-0.057861478622287
band_all,Morgan+Physical,1,4,1087,507,79,19,11.44121190175314,16.04406045192019,-3.7560477327587316,-0.009878730967638945
band_all,Morgan,2,0,1367,227,78,20,24.274231337149864,31.175679387053385,-0.4119469920865291,-0.2976342890094009
band_all,Physical,2,0,1367,227,78,20,26.449729795541636,35.28209122484104,-0.8084028243687131,-0.22211738268455344
band_all,Morgan+Physical,2,0,1367,227,78,20,24.788358542498617,31.7672208686374,-0.4660371805435899,-0.21238303617046966
band_all,Morgan,2,1,1009,585,78,20,14.22210119827401,16.16665831860621,-6.377286297919367,-0.3670051555642768
band_all,Physical,2,1,1009,585,78,20,7.3147306124701865,11.19100436958104,-2.535039323960421,0.6953840480511102
band_all,Morgan+Physical,2,1,1009,585,78,20,7.494409477662308,9.480076741068704,-1.53676259060859,0.4522570436190011
band_all,Morgan,2,2,1329,265,78,20,9.792598170989415,14.274822374233207,0.018219741680744028,0.5504389647671516
band_all,Physical,2,2,1329,265,78,20,7.820019913792161,11.290519273249126,0.3858128836305632,0.7397263126028965
band_all,Morgan+Physical,2,2,1329,265,78,20,5.848269255627326,9.66676598472556,0.5497691189363348,0.8464775978725405
band_all,Morgan,2,3,1474,120,79,19,12.43502305150032,33.622417501083476,-0.1148195139223036,0.5500589583189088
band_all,Physical,2,3,1474,120,79,19,15.830988398456578,34.79430036175247,-0.19388612549864725,0.5721490941399247
band_all,Morgan+Physical,2,3,1474,120,79,19,13.073135960324606,33.96336846193158,-0.13754399507092563,0.7672521301532439
band_all,Morgan,2,4,1197,397,79,19,13.797668611022027,16.922446684251195,0.04519927223657927,0.7678560412574759
band_all,Physical,2,4,1197,397,79,19,14.754080069611597,18.322648293470866,-0.1193423179122266,0.6339978746183789
band_all,Morgan+Physical,2,4,1197,397,79,19,14.091054430368265,15.320924902588875,0.21737016458844782,0.5801566112255491
band_all,Morgan,3,0,1271,323,78,20,17.638242438225998,24.82455044496516,-5.429216417943351,-0.36756426100180695
band_all,Physical,3,0,1271,323,78,20,8.77339707247731,13.79305360148806,-0.9847970601287599,0.18538110219616652
band_all,Morgan+Physical,3,0,1271,323,78,20,12.761584379173728,19.03416703980484,-2.7797494512939473,0.010693963404537009
band_all,Morgan,3,1,1259,335,78,20,10.443700468841099,15.820291306227544,-0.5644847319694668,0.4613968574882171
band_all,Physical,3,1,1259,335,78,20,7.572798560981181,8.930064704450235,0.501515580929714,0.9531813033343073
band_all,Morgan+Physical,3,1,1259,335,78,20,5.04802881646683,7.680971185257881,0.6312138107264413,0.8573294902437169
band_all,Morgan,3,2,1344,250,78,20,13.124019732295992,23.296087956585612,-0.1202198223758082,0.5221567045989259
band_all,Physical,3,2,1344,250,78,20,14.428950275009154,21.42425026997982,0.052566963051528304,0.6445646341341564
band_all,Morgan+Physical,3,2,1344,250,78,20,13.479041349380495,20.16894252183895,0.1603399022380141,0.7081084767965349
band_all,Morgan,3,3,1055,539,79,19,11.615190311395084,20.354001822154085,0.14411200230083765,0.8235777473259123
band_all,Physical,3,3,1055,539,79,19,8.717497922552672,17.087910603734265,0.39675289730460195,0.5368287698535296
band_all,Morgan+Physical,3,3,1055,539,79,19,9.87524910790438,18.12870399653194,0.32102961175929234,0.6015401623462825
band_all,Morgan,3,4,1447,147,79,19,5.188490249114783,7.842109830380129,0.6284857225863203,0.7692409687955942
band_all,Physical,3,4,1447,147,79,19,4.651438377951278,7.809023311790779,0.6316140091269353,0.8715821015519021
band_all,Morgan+Physical,3,4,1447,147,79,19,4.054778621076727,7.2004239410615485,0.6867970801063505,0.9070450003937345
band_all,Morgan,4,0,1317,277,78,20,9.841109179885809,23.09686005675671,0.19548622987946673,0.7425878713339876
band_all,Physical,4,0,1317,277,78,20,11.83048060682276,24.410928177620153,0.10133840575082742,0.5025681140247834
band_all,Morgan+Physical,4,0,1317,277,78,20,10.257752653101292,23.393088446802416,0.17471733733591588,0.8460815628036608
band_all,Morgan,4,1,1304,290,78,20,10.898986964166577,21.944222767779152,-0.15529296573873363,0.4603403572952063
band_all,Physical,4,1,1304,290,78,20,12.334812268224256,16.562296444709133,0.3418985772285881,0.4981475507417519
band_all,Morgan+Physical,4,1,1304,290,78,20,11.276609513605054,17.957511086186372,0.226350928357145,0.7050361490844381
band_all,Morgan,4,2,1146,448,78,20,8.127407654253075,11.676519085897352,0.21948997976180828,0.7853194685535889
band_all,Physical,4,2,1146,448,78,20,7.892274331195866,11.909664192778786,0.1880099111708663,0.8172023206399924
band_all,Morgan+Physical,4,2,1146,448,78,20,4.836705382431404,7.4217523548340285,0.6846704915983639,0.7918344341989341
band_all,Morgan,4,3,1350,244,79,19,14.775720574669762,21.13814786340454,-3.7408245850359467,-0.33108723411276453
band_all,Physical,4,3,1350,244,79,19,14.11907962471696,19.10998944409163,-2.874725292361337,-0.2745191445177831
band_all,Morgan+Physical,4,3,1350,244,79,19,13.580431574690149,19.76844701159297,-3.1463420793138797,-0.2898230954488118
band_all,Morgan,4,4,1259,335,79,19,14.007568380167946,18.362224837529403,-0.04840107920467873,0.6659720313708423
band_all,Physical,4,4,1259,335,79,19,5.992372142712038,7.998795954298419,0.8010581765760267,0.9200025010656213
band_all,Morgan+Physical,4,4,1259,335,79,19,9.690596701585001,12.456710040962504,0.5175152752271481,0.9037498570422312
band_all,Morgan,5,0,1416,178,78,20,15.188908508420797,20.241576828643417,-2.095457837074013,-0.3547552786048113
band_all,Physical,5,0,1416,178,78,20,18.572545429794438,24.55001664693045,-3.5534418244563746,-0.1182314946322426
band_all,Morgan+Physical,5,0,1416,178,78,20,15.81182820295698,21.998377588702642,-2.656095360844875,-0.23551398460958384
band_all,Morgan,5,1,1448,146,78,20,14.75059063519517,32.14241722603541,-0.10767985947755832,0.6698845010353771
band_all,Physical,5,1,1448,146,78,20,18.453873172786135,34.683543414549476,-0.2897457683200757,0.6703120460809936
band_all,Morgan+Physical,5,1,1448,146,78,20,12.957950760828306,31.530878560635653,-0.06593159348242028,0.67227644638646
band_all,Morgan,5,2,1014,580,78,20,12.052628289234555,15.366958596259401,0.024063677643265113,-0.221738573242348
band_all,Physical,5,2,1014,580,78,20,7.697049463704865,11.929207280360247,0.41187612589504596,0.737963330065315
band_all,Morgan+Physical,5,2,1014,580,78,20,9.782726675630768,11.483956128431776,0.45495960708907435,0.650486935304515
band_all,Morgan,5,3,1120,474,79,19,11.83166453777587,20.301755196476215,0.045491365034419085,0.6546770813297642
band_all,Physical,5,3,1120,474,79,19,28.885092379137436,34.99877481016895,-1.8367324138034014,0.30875239957496714
band_all,Morgan+Physical,5,3,1120,474,79,19,15.428262761973128,20.97168780270597,-0.01854320577627777,0.3171661569364923
band_all,Morgan,5,4,1378,216,79,19,3.321003651303715,5.074759486991679,0.2347144955226328,0.3869236886990296
band_all,Physical,5,4,1378,216,79,19,5.297451765332398,6.5558706852679345,-0.27718354947167834,0.5369717340575412
band_all,Morgan+Physical,5,4,1378,216,79,19,4.209079622134455,4.93138580913759,0.2773458164944499,0.5671229388419489
band_all,Morgan,6,0,1252,342,78,20,16.213216717854998,27.686134891838755,-0.424269656269298,0.5089094986020604
band_all,Physical,6,0,1252,342,78,20,10.298448724583853,21.926997544953657,0.10664124735028935,0.852766742130049
band_all,Morgan+Physical,6,0,1252,342,78,20,12.920682466689884,24.096948732706856,-0.07892602304633622,0.7979157827711424
band_all,Morgan,6,1,1468,126,78,20,8.515042750403992,12.006914342691623,-0.20330700143215297,0.3009758570549508
band_all,Physical,6,1,1468,126,78,20,3.9328639308611555,6.3549298343796,0.6629183287403781,0.8495753327628379
band_all,Morgan+Physical,6,1,1468,126,78,20,5.308853979231818,7.879826914149419,0.4817408541935482,0.8414887485706726
band_all,Morgan,6,2,1353,241,78,20,12.02397848982435,24.127643516200763,-0.15799196866849674,0.3116896335403533
band_all,Physical,6,2,1353,241,78,20,13.111941067691662,20.660839881968794,0.15087490499156797,0.614995160089803
band_all,Morgan+Physical,6,2,1353,241,78,20,12.161255392462385,20.376967900925795,0.17404791310497114,0.6217939270485581
band_all,Morgan,6,3,1177,417,79,19,5.869586095876716,6.446206908795317,0.012960944206254155,0.36576666582526174
band_all,Physical,6,3,1177,417,79,19,19.465385236980705,30.86823135827668,-21.633376516593227,-0.36044591157138134
band_all,Morgan+Physical,6,3,1177,417,79,19,11.964227161863038,17.875660915637102,-6.590144966806179,-0.3476135939414602
band_all,Morgan,6,4,1126,468,79,19,12.828100062187717,16.286017430887952,-0.2498472015623805,0.0348580574814323
band_all,Physical,6,4,1126,468,79,19,7.385597990485134,10.992229724228693,0.4306245682214882,0.5530273231815518
band_all,Morgan+Physical,6,4,1126,468,79,19,9.115801046706467,11.982691378263212,0.32339394585744463,0.47834715411045814
band_all,Morgan,7,0,1082,512,78,20,13.708950082972645,18.113045122272837,-0.2577571661564626,0.4657432681866351
band_all,Physical,7,0,1082,512,78,20,11.067362329643219,14.265508119423844,0.21983160476344066,0.6078573148779938
band_all,Morgan+Physical,7,0,1082,512,78,20,11.822583606556059,13.64395181150548,0.28633529939636615,0.6674485366136506
band_all,Morgan,7,1,1263,331,78,20,5.250959361601308,9.52125151556293,0.4354005739535898,0.7059965077850394
band_all,Physical,7,1,1263,331,78,20,3.865254889948635,6.310175660685363,0.7520093795358218,0.8793654603711477
band_all,Morgan+Physical,7,1,1263,331,78,20,3.5451067493450243,6.970017255432964,0.6974340420929045,0.9347031724828171
band_all,Morgan,7,2,1214,380,78,20,6.052145714518898,7.006065114308404,0.3164074966186121,0.9035183027387258
band_all,Physical,7,2,1214,380,78,20,7.199885895180953,13.697465548988454,-1.6129396933120845,0.7853287305939236
band_all,Morgan+Physical,7,2,1214,380,78,20,6.039679127867849,8.644006943931709,-0.04058884717960032,0.8452228917695673
band_all,Morgan,7,3,1436,158,79,19,20.583455596923827,30.46530196264262,-0.15039109235858938,0.05442497429677976
band_all,Physical,7,3,1436,158,79,19,12.676232650255853,18.056871985259857,0.5958714111978711,0.780142665500312
band_all,Morgan+Physical,7,3,1436,158,79,19,16.1883692692141,24.03785188195553,0.2838139695053141,0.7683184835575482
band_all,Morgan,7,4,1381,213,79,19,14.802863528302689,26.631238755219176,0.06504191259978653,0.4603982314815642
band_all,Physical,7,4,1381,213,79,19,10.589247084614927,26.55945517695304,0.07007541367519654,0.919352224472516
band_all,Morgan+Physical,7,4,1381,213,79,19,10.876642444692978,25.616932388066296,0.13490530197482065,0.842179301031741
band_all,Morgan,8,0,1311,283,78,20,11.187493718824621,13.856053462327495,-0.1954551150785402,0.22107419796347616
band_all,Physical,8,0,1311,283,78,20,9.852275877170765,14.039300680570019,-0.22728414802983288,0.7369622411543817
band_all,Morgan+Physical,8,0,1311,283,78,20,6.197092368715643,7.895743907075941,0.6118136307029461,0.7688093812275755
band_all,Morgan,8,1,1236,358,78,20,6.196664819538394,10.368479269599677,0.25350053333030287,0.4457246396532325
band_all,Physical,8,1,1236,358,78,20,4.622026153581501,6.542040022259247,0.7028157646777425,0.9004943593517313
band_all,Morgan+Physical,8,1,1236,358,78,20,4.597427093738151,7.721763865612965,0.5859694308446463,0.619648272413764
band_all,Morgan,8,2,1160,434,78,20,11.573100337082122,17.48897932579353,-1.8784608428722875,0.09295569056169867
band_all,Physical,8,2,1160,434,78,20,20.864096669285857,29.365072706466723,-7.115094062651506,0.10415767904987717
band_all,Morgan+Physical,8,2,1160,434,78,20,15.417975965891898,19.51200871281008,-2.582905549163046,-0.34767198105473895
band_all,Morgan,8,3,1308,286,79,19,6.384923553520149,8.530449083940447,0.5850950274239364,0.8509779983489263
band_all,Physical,8,3,1308,286,79,19,4.447333765169957,6.806817991524649,0.7358241425167427,0.9676881826879897
band_all,Morgan+Physical,8,3,1308,286,79,19,4.97831955438894,6.948684963623821,0.724697538720207,0.9347453480114908
band_all,Morgan,8,4,1361,233,79,19,28.801772198656593,39.47882721693003,-0.8750113312345704,-0.027895203713173486
band_all,Physical,8,4,1361,233,79,19,17.27274084286833,29.77123559303544,-0.06627476262871235,0.7743882149308994
band_all,Morgan+Physical,8,4,1361,233,79,19,22.96039086291923,34.05440310145357,-0.3951533814520518,0.528527616583123
band_all,Morgan,9,0,1304,290,78,20,7.23555320105717,8.343282381434223,0.20415731335859566,0.7358476884386819
band_all,Physical,9,0,1304,290,78,20,3.902037614151527,6.847917126250391,0.46386972039498486,0.8183369605244369
band_all,Morgan+Physical,9,0,1304,290,78,20,4.249484019917455,5.547002706356452,0.6482208462114907,0.8250098895254273
band_all,Morgan,9,1,1328,266,78,20,13.536549849847207,18.572600507765088,-0.4283358144106695,0.4571214098765079
band_all,Physical,9,1,1328,266,78,20,5.840351554655491,6.8235565413398085,0.8072002437493945,0.9087017249686267
band_all,Morgan+Physical,9,1,1328,266,78,20,9.168549356417548,11.776689807204011,0.4257098551983257,0.8542998320687937
band_all,Morgan,9,2,1287,307,78,20,9.664837286610556,22.638953178856543,0.23363311071597526,0.8718877763092349
band_all,Physical,9,2,1287,307,78,20,11.4203150954231,23.16146499541542,0.19784905099045214,0.5481802586510716
band_all,Morgan+Physical,9,2,1287,307,78,20,10.276392858610867,22.69497203003111,0.22983575245715526,0.5886311287314814
band_all,Morgan,9,3,1237,357,79,19,7.557139924486945,11.60389941680089,-0.048366324606999855,0.7273711772741236
band_all,Physical,9,3,1237,357,79,19,8.546480858430408,10.269223458000488,0.17892966923368825,0.8743664411439485
band_all,Morgan+Physical,9,3,1237,357,79,19,3.351176449178914,4.224556307100126,0.8610471826277605,0.948714772123779
band_all,Morgan,9,4,1220,374,79,19,17.86852667018462,26.33764352548885,-0.606903024409218,-0.06039371355370562
band_all,Physical,9,4,1220,374,79,19,11.73967350623952,17.726208303170825,0.27210701405678495,0.5883163252467272
band_all,Morgan+Physical,9,4,1220,374,79,19,14.613291360695989,20.89926052246771,-0.011806994031079876,0.1193397733253304
cohort_v10_frozen,Morgan,0,0,77,20,77,20,10.501272423171995,15.062534794137472,-0.6803212302369501,0.23166605624769823
cohort_v10_frozen,Physical,0,0,77,20,77,20,14.500910471343994,19.4670135244479,-1.806692599400245,0.32481203007518794
cohort_v10_frozen,Morgan+Physical,0,0,77,20,77,20,9.889313440704344,14.916018931200629,-0.64779067224886,0.33684210526315783
cohort_v10_frozen,Morgan,0,1,77,20,77,20,11.315848107299804,20.295975807440907,0.17958803214252017,0.4855102831312109
cohort_v10_frozen,Physical,0,1,77,20,77,20,7.96484362903595,10.879153385508873,0.7642768077470532,0.6947368421052631
cohort_v10_frozen,Morgan+Physical,0,1,77,20,77,20,9.07944344230652,14.462773842362706,0.5834038000175092,0.631578947368421
cohort_v10_frozen,Morgan,0,2,78,19,78,19,10.141095345667788,12.740924310307992,-0.18847671271879474,0.25449761116075975
cohort_v10_frozen,Physical,0,2,78,19,78,19,10.43473350010922,13.529578934694841,-0.340162207174711,0.1842105263157895
cohort_v10_frozen,Morgan+Physical,0,2,78,19,78,19,10.002067796325683,12.598626495403643,-0.16207780559235596,0.31052631578947365
cohort_v10_frozen,Morgan,0,3,78,19,78,19,16.034867857079757,39.75387143025579,-0.004212420301388908,0.7905139102269326
cohort_v10_frozen,Physical,0,3,78,19,78,19,16.81381116585983,39.12094389347551,0.027509471335366298,0.7573497876956403
cohort_v10_frozen,Morgan+Physical,0,3,78,19,78,19,15.824224606764949,39.23412741632327,0.021874171240530038,0.8688021898246626
cohort_v10_frozen,Morgan,0,4,78,19,78,19,12.796183673898796,18.661951733766738,0.2389291297115702,0.7771929824561404
cohort_v10_frozen,Physical,0,4,78,19,78,19,9.9671209811562,14.0385901208359,0.5693167668290805,0.819298245614035
cohort_v10_frozen,Morgan+Physical,0,4,78,19,78,19,10.47563187191612,15.67809632946701,0.4628474607254758,0.8508771929824561
cohort_v10_frozen,Morgan,1,0,77,20,77,20,9.472403699951172,14.830627180658906,-0.11860925034492964,0.3858593729060688
cohort_v10_frozen,Physical,1,0,77,20,77,20,9.190250883712768,15.193456593914204,-0.17401203847246705,0.6902255639097743
cohort_v10_frozen,Morgan+Physical,1,0,77,20,77,20,8.86497675540924,13.981215967859278,0.005856081920531664,0.5458646616541353
cohort_v10_frozen,Morgan,1,1,77,20,77,20,18.92951675218582,41.97116905014658,-0.053164812672798156,0.6566378802085733
cohort_v10_frozen,Physical,1,1,77,20,77,20,16.544494866218567,41.027562609260514,-0.006342101099155784,0.8090225563909773
cohort_v10_frozen,Morgan+Physical,1,1,77,20,77,20,17.129976363029478,41.33252051035936,-0.02135798405582401,0.7894736842105263
cohort_v10_frozen,Morgan,1,2,78,19,78,19,9.498372308831469,12.403532750356165,0.274137919193551,0.6824561403508772
cohort_v10_frozen,Physical,1,2,78,19,78,19,5.7019661974655955,7.907942581292105,0.7049535941865697,0.7491228070175439
cohort_v10_frozen,Morgan+Physical,1,2,78,19,78,19,6.954838677054957,8.696883712061219,0.6431459417141798,0.8280701754385964
cohort_v10_frozen,Morgan,1,3,78,19,78,19,10.546661424335682,16.80997874908782,0.12074159571153864,0.47719298245614034
cohort_v10_frozen,Physical,1,3,78,19,78,19,11.240598179164687,16.03834623185253,0.19961052571882976,0.556140350877193
cohort_v10_frozen,Morgan+Physical,1,3,78,19,78,19,10.299581884283768,15.94120166576278,0.20927710977779657,0.5596491228070175
cohort_v10_frozen,Morgan,1,4,78,19,78,19,12.658320731915925,19.750357779089427,-0.013361101350453097,0.4025460930640913
cohort_v10_frozen,Physical,1,4,78,19,78,19,10.583479625099582,16.304558047557855,0.3093908032374133,0.6494076974446973
cohort_v10_frozen,Morgan+Physical,1,4,78,19,78,19,9.911775654039886,16.592827066137605,0.2847546076450751,0.7257569807929252
cohort_v10_frozen,Morgan,2,0,77,20,77,20,12.161845862045288,18.108413632138166,0.1649505998577614,0.6099404507421212
cohort_v10_frozen,Physical,2,0,77,20,77,20,10.704599745407105,16.98919793485449,0.26498346592453836,0.7007518796992479
cohort_v10_frozen,Morgan+Physical,2,0,77,20,77,20,10.485259389533997,17.084450136105936,0.2567184249570038,0.6812030075187969
cohort_v10_frozen,Morgan,2,1,77,20,77,20,9.372179354400632,13.40663115229953,0.40517387348217104,0.5639097744360902
cohort_v10_frozen,Physical,2,1,77,20,77,20,9.340375128822327,14.994745928883427,0.2559040572409583,0.6766917293233082
cohort_v10_frozen,Morgan+Physical,2,1,77,20,77,20,8.65922141048431,13.380908329387344,0.40745422692502187,0.6225563909774435
cohort_v10_frozen,Morgan,2,2,78,19,78,19,20.400385122600355,42.732085352113984,-0.1259221338992087,0.2614035087719298
cohort_v10_frozen,Physical,2,2,78,19,78,19,21.254012688887745,42.594095792360605,-0.11866226596727936,-0.06842105263157894
cohort_v10_frozen,Morgan+Physical,2,2,78,19,78,19,19.851254148784438,42.344963502724326,-0.1056144552246514,0.07017543859649124
cohort_v10_frozen,Morgan,2,3,78,19,78,19,7.7425303780003585,10.19822725763052,0.1409774438440169,0.46842105263157896
cohort_v10_frozen,Physical,2,3,78,19,78,19,8.57536183363262,14.116422707920506,-0.6459040188346399,0.43684210526315786
cohort_v10_frozen,Morgan+Physical,2,3,78,19,78,19,8.021571083028693,11.345006369762288,-0.06307690814705258,0.4807017543859649
cohort_v10_frozen,Morgan,2,4,78,19,78,19,12.143867847241852,15.679492161414897,0.218137249560859,0.41597195755241423
cohort_v10_frozen,Physical,2,4,78,19,78,19,6.904420290695993,10.048610074905143,0.6788717395465622,0.8087719298245614
cohort_v10_frozen,Morgan+Physical,2,4,78,19,78,19,9.15567865191008,11.619642830189088,0.5706098322131357,0.787719298245614
cohort_v10_frozen,Morgan,3,0,77,20,77,20,16.847720668907165,38.34976581996894,-0.049768234715183546,0.4947368421052631
cohort_v10_frozen,Physical,3,0,77,20,77,20,13.860563668708801,35.625747264211356,0.09406725033349972,0.7654135338345864
cohort_v10_frozen,Morgan+Physical,3,0,77,20,77,20,14.8985484299469,36.76414975826965,0.03524497875471333,0.7022556390977444
cohort_v10_frozen,Morgan,3,1,77,20,77,20,16.127059177970885,26.259713210646634,0.05151921261559489,0.4766917293233082
cohort_v10_frozen,Physical,3,1,77,20,77,20,13.666062882423404,21.164471188629808,0.38388267072063154,0.49323308270676686
cohort_v10_frozen,Morgan+Physical,3,1,77,20,77,20,13.169993144989013,20.15049582856031,0.4415040158958826,0.5984962406015037
cohort_v10_frozen,Morgan,3,2,78,19,78,19,9.88378503538433,11.990923004148721,-0.16290573584443857,0.07371654943966835
cohort_v10_frozen,Physical,3,2,78,19,78,19,11.138013609233655,18.462063736630505,-1.7567651877601396,0.5087719298245614
cohort_v10_frozen,Morgan+Physical,3,2,78,19,78,19,8.9011966327868,13.007569665227722,-0.36845841680569746,0.3333333333333333
cohort_v10_frozen,Morgan,3,3,78,19,78,19,9.813840486385947,15.611078659975743,0.36476352567824255,0.7339774558407662
cohort_v10_frozen,Physical,3,3,78,19,78,19,8.995794822050396,13.207490091849568,0.5453154579256738,0.8596491228070176
cohort_v10_frozen,Morgan+Physical,3,3,78,19,78,19,8.04756709827624,13.304578491041061,0.5386061062307473,0.8649122807017543
cohort_v10_frozen,Morgan,3,4,78,19,78,19,6.73403100650185,8.913830660240487,0.03698785487481859,0.5859649122807017
cohort_v10_frozen,Physical,3,4,78,19,78,19,5.5607383412210565,7.703647788508009,0.2807235473914962,0.7578947368421053
cohort_v10_frozen,Morgan+Physical,3,4,78,19,78,19,5.37276871835809,7.258633423571166,0.3614237915422498,0.7736842105263159
cohort_v10_frozen,Morgan,4,0,77,20,77,20,15.566936476707458,36.51121518426951,0.054494536755115286,0.6165413533834586
cohort_v10_frozen,Physical,4,0,77,20,77,20,15.145341369152069,36.01804324526673,0.07986468834395333,0.6706766917293233
cohort_v10_frozen,Morgan+Physical,4,0,77,20,77,20,14.843163853645326,36.07495131188283,0.07695478633735708,0.6736842105263157
cohort_v10_frozen,Morgan,4,1,77,20,77,20,8.265213762283325,11.451205063331493,-0.2844972336820992,0.2708804378565768
cohort_v10_frozen,Physical,4,1,77,20,77,20,7.9291160683441175,10.840853165652764,-0.15121837731580823,0.6
cohort_v10_frozen,Morgan+Physical,4,1,77,20,77,20,7.7483431873321535,9.816582193024058,0.05604475493581107,0.4015037593984962
cohort_v10_frozen,Morgan,4,2,78,19,78,19,11.302200101551255,17.572062873077552,0.03756446772528388,0.2614035087719298
cohort_v10_frozen,Physical,4,2,78,19,78,19,13.620394373441998,19.582725627996616,-0.1952876425011114,0.6000000000000001
cohort_v10_frozen,Morgan+Physical,4,2,78,19,78,19,11.52432255493967,16.908385498162637,0.10889181434770467,0.5719298245614035
cohort_v10_frozen,Morgan,4,3,78,19,78,19,11.180237138567472,21.437743703808106,0.33513085026280376,0.8872313271845798
cohort_v10_frozen,Physical,4,3,78,19,78,19,7.134102295102569,12.854296852994407,0.7609577415664012,0.9398860053557714
cohort_v10_frozen,Morgan+Physical,4,3,78,19,78,19,7.992237023082531,14.254585513818432,0.7060406892847464,0.9670909224108871
cohort_v10_frozen,Morgan,4,4,78,19,78,19,9.473751802143298,13.71659612605794,0.37031338624065746,0.7573497876956402
cohort_v10_frozen,Physical,4,4,78,19,78,19,6.520690508993049,8.182738117158555,0.7759066018110337,0.7473684210526316
cohort_v10_frozen,Morgan+Physical,4,4,78,19,78,19,7.258868656760768,8.856458547977152,0.7374863159904279,0.8807017543859648
cohort_v10_frozen,Morgan,5,0,77,20,77,20,9.54428459892273,20.24510444397861,0.06668473663735774,0.7491538702035955
cohort_v10_frozen,Physical,5,0,77,20,77,20,5.767871511459351,7.574395359052217,0.8693575653358402,0.8288830973537774
cohort_v10_frozen,Morgan+Physical,5,0,77,20,77,20,7.163581466674804,12.913733142898959,0.6202551084214736,0.8567131106043127
cohort_v10_frozen,Morgan,5,1,77,20,77,20,12.197906734237673,16.649126998015618,0.29810722808890644,0.6749437576593039
cohort_v10_frozen,Physical,5,1,77,20,77,20,13.738106463203433,19.98289617980317,-0.011124659022774708,0.5458646616541353
cohort_v10_frozen,Morgan+Physical,5,1,77,20,77,20,11.70194024253845,17.244416949453008,0.24701752589790293,0.6902255639097743
cohort_v10_frozen,Morgan,5,2,78,19,78,19,17.998604131236828,38.889954902176974,-0.022419323396945412,0.2368421052631579
cohort_v10_frozen,Physical,5,2,78,19,78,19,16.105696578618097,37.40631037676532,0.05410285201992848,0.7298245614035088
cohort_v10_frozen,Morgan+Physical,5,2,78,19,78,19,16.757815332754035,37.8749885990033,0.03025133272335312,0.5736842105263157
cohort_v10_frozen,Morgan,5,3,78,19,78,19,7.0227862274973,10.292770699791419,0.3876176843552722,0.7333333333333334
cohort_v10_frozen,Physical,5,3,78,19,78,19,4.752696111157067,6.443432594220958,0.760010288057503,0.7912280701754386
cohort_v10_frozen,Morgan+Physical,5,3,78,19,78,19,4.044202417795281,5.506628492488782,0.8247211156474381,0.8263157894736841
cohort_v10_frozen,Morgan,5,4,78,19,78,19,12.288749931937767,18.57400049416575,-0.1099301774779049,0.44844234242464903
cohort_v10_frozen,Physical,5,4,78,19,78,19,9.835270031427081,14.962240646567107,0.27975869364285066,0.5017543859649122
cohort_v10_frozen,Morgan+Physical,5,4,78,19,78,19,10.76202301908794,16.14672233834115,0.16120949014720132,0.5140350877192983
cohort_v10_frozen,Morgan,6,0,77,20,77,20,10.618806901359559,20.674851062006834,0.17246696732746414,0.6947368421052631
cohort_v10_frozen,Physical,6,0,77,20,77,20,7.911951458644867,11.623696116784533,0.7384293243290919,0.6406015037593984
cohort_v10_frozen,Morgan+Physical,6,0,77,20,77,20,8.405561736297608,13.167080005910943,0.6643555208316136,0.724812030075188
cohort_v10_frozen,Morgan,6,1,77,20,77,20,12.596357508659363,19.916964247179266,0.27719223562795947,0.6927416811822404
cohort_v10_frozen,Physical,6,1,77,20,77,20,10.348061331748962,17.081274212642043,0.46836073263140454,0.7413533834586465
cohort_v10_frozen,Morgan+Physical,6,1,77,20,77,20,11.046308454513548,17.96521451081901,0.4119133293688426,0.7804511278195487
cohort_v10_frozen,Morgan,6,2,78,19,78,19,11.95688305479351,16.304187036449438,-0.3215880339024373,0.03775242894874754
cohort_v10_frozen,Physical,6,2,78,19,78,19,9.617667753480609,13.976961956248164,0.02876714282884596,0.5912280701754385
cohort_v10_frozen,Morgan+Physical,6,2,78,19,78,19,10.211622741859836,14.003289575577677,0.025104783061975278,0.3333333333333333
cohort_v10_frozen,Morgan,6,3,78,19,78,19,7.811393314482036,9.682231753650623,0.2549735074242011,0.5423431851632742
cohort_v10_frozen,Physical,6,3,78,19,78,19,8.887311055213525,12.586455618587484,-0.25900561314559845,0.7052631578947368
cohort_v10_frozen,Morgan+Physical,6,3,78,19,78,19,7.2571625887017515,9.574912855222735,0.27139788297179446,0.7070175438596492
cohort_v10_frozen,Morgan,6,4,78,19,78,19,15.93390601493434,38.027702683433745,-0.06164798630732693,0.6526315789473683
cohort_v10_frozen,Physical,6,4,78,19,78,19,14.692741936974777,37.44080502165965,-0.029131133691982614,0.7385964912280703
cohort_v10_frozen,Morgan+Physical,6,4,78,19,78,19,14.128143873556036,37.50632277606472,-0.03273604312723699,0.7666666666666666
cohort_v10_frozen,Morgan,7,0,77,20,77,20,8.620546028900147,13.900544503736656,0.4082661879377606,0.45204967469112545
cohort_v10_frozen,Physical,7,0,77,20,77,20,8.942082864761352,14.228740079858323,0.3799943416849857,0.7022556390977444
cohort_v10_frozen,Morgan+Physical,7,0,77,20,77,20,7.744510470771789,13.237535612649683,0.4633674103241253,0.7789473684210525
cohort_v10_frozen,Morgan,7,1,77,20,77,20,13.784376468849183,22.990664780253994,-0.059984309976353956,0.6887218045112782
cohort_v10_frozen,Physical,7,1,77,20,77,20,8.494193976593015,10.83701545123124,0.7644865233050724,0.7639097744360903
cohort_v10_frozen,Morgan+Physical,7,1,77,20,77,20,10.110125346374511,15.342460142943288,0.5279517565009595,0.8421052631578947
cohort_v10_frozen,Morgan,7,2,78,19,78,19,9.785151130836887,12.471378954693082,0.27179495592848735,0.4719298245614035
cohort_v10_frozen,Physical,7,2,78,19,78,19,10.993530029055947,15.242704640539413,-0.08779936203141747,0.3877192982456141
cohort_v10_frozen,Morgan+Physical,7,2,78,19,78,19,10.00792497389944,13.28607678262542,0.1735468352691636,0.4508771929824561
cohort_v10_frozen,Morgan,7,3,78,19,78,19,16.10478443844444,37.17569223033603,0.06972086073953832,0.6263157894736843
cohort_v10_frozen,Physical,7,3,78,19,78,19,15.002750477359166,36.64961522920698,0.09586351831797102,0.780701754385965
cohort_v10_frozen,Morgan+Physical,7,3,78,19,78,19,15.271437504376863,36.55615768387366,0.10046878574484619,0.743859649122807
cohort_v10_frozen,Morgan,7,4,78,19,78,19,11.557243140973544,18.75082212282804,-0.0718021645828959,0.5177710020167182
cohort_v10_frozen,Physical,7,4,78,19,78,19,10.496125991620515,16.992657947728546,0.11976905433050267,0.712280701754386
cohort_v10_frozen,Morgan+Physical,7,4,78,19,78,19,8.988593731328063,14.976710147071595,0.3162350242568306,0.6982456140350877
cohort_v10_frozen,Morgan,8,0,77,20,77,20,16.925924892349244,38.4875607183243,-0.06902004559814756,0.5016924010299179
cohort_v10_frozen,Physical,8,0,77,20,77,20,13.90849522665024,36.024273187383635,0.0634401633440792,0.7157894736842104
cohort_v10_frozen,Morgan+Physical,8,0,77,20,77,20,14.703468392639161,36.87771670516222,0.01853882957745967,0.7278195488721804
cohort_v10_frozen,Morgan,8,1,77,20,77,20,9.084995222129823,12.830669926583838,0.5808925586130685,0.7100414191487894
cohort_v10_frozen,Physical,8,1,77,20,77,20,8.981072418727875,13.865895441821042,0.5105339787387632,0.7890184837786864
cohort_v10_frozen,Morgan+Physical,8,1,77,20,77,20,8.077044795074462,12.57020737631204,0.597735607596495,0.8476871603608958
cohort_v10_frozen,Morgan,8,2,78,19,78,19,7.000538210577715,9.81178287726642,0.049731342082366736,0.3350877192982456
cohort_v10_frozen,Physical,8,2,78,19,78,19,5.663995735429462,7.511790838447357,0.4430226680544189,0.6666666666666666
cohort_v10_frozen,Morgan+Physical,8,2,78,19,78,19,6.148922121108206,7.477420371384147,0.448107946760152,0.7017543859649124
cohort_v10_frozen,Morgan,8,3,78,19,78,19,14.034750025297468,25.68682007062567,0.011559048852949005,0.4807017543859649
cohort_v10_frozen,Physical,8,3,78,19,78,19,12.863496730101735,17.901448084786086,0.5199280079603859,0.45789473684210524
cohort_v10_frozen,Morgan+Physical,8,3,78,19,78,19,12.779306306738603,18.903715032514732,0.4646665678794195,0.6315789473684211
cohort_v10_frozen,Morgan,8,4,78,19,78,19,11.254829926540975,16.03677424203394,-0.5243521459398273,0.4298245614035088
cohort_v10_frozen,Physical,8,4,78,19,78,19,8.625630342533713,14.157514257436072,-0.18802420982530155,0.6596491228070176
cohort_v10_frozen,Morgan+Physical,8,4,78,19,78,19,9.354612168964588,14.519710562145013,-0.24958900115013805,0.6035087719298246
cohort_v10_frozen,Morgan,9,0,77,20,77,20,10.44392703552246,20.78004877986592,0.262716638363508,0.813533834586466
cohort_v10_frozen,Physical,9,0,77,20,77,20,5.696802516651154,8.802318408752438,0.8677074290401602,0.9172932330827066
cohort_v10_frozen,Morgan+Physical,9,0,77,20,77,20,7.273036831092836,11.97608338404649,0.7551100682871011,0.9353383458646616
cohort_v10_frozen,Morgan,9,1,77,20,77,20,9.193621230697632,13.682566127494388,0.08411252711081307,0.4481203007518797
cohort_v10_frozen,Physical,9,1,77,20,77,20,6.107364340782165,8.638662056209542,0.634909966849401,0.7609022556390977
cohort_v10_frozen,Morgan+Physical,9,1,77,20,77,20,6.8815245494842525,9.811260451894213,0.529069718671388,0.7563909774436091
cohort_v10_frozen,Morgan,9,2,78,19,78,19,15.340912559228196,38.50677259604608,-0.02758762568403017,0.5
cohort_v10_frozen,Physical,9,2,78,19,78,19,13.897948141278718,37.37345980961464,0.032009191484072774,0.7491228070175439
cohort_v10_frozen,Morgan+Physical,9,2,78,19,78,19,14.025155571064195,37.724807189389786,0.013723505410416892,0.7649122807017543
cohort_v10_frozen,Morgan,9,3,78,19,78,19,15.89913682058234,29.452075717306833,-6.062645054533489,0.22982456140350876
cohort_v10_frozen,Physical,9,3,78,19,78,19,11.276191220775402,17.302043274969805,-1.4374198956477375,0.3701754385964912
cohort_v10_frozen,Morgan+Physical,9,3,78,19,78,19,12.442417784480043,21.481042443389576,-2.7570439057224716,0.26491228070175443
cohort_v10_frozen,Morgan,9,4,78,19,78,19,12.833997396930894,18.889900543667984,0.26299605274457605,0.5329238226020875
cohort_v10_frozen,Physical,9,4,78,19,78,19,19.384921571591025,25.27060581537377,-0.3189908355867317,0.4070175438596491
cohort_v10_frozen,Morgan+Physical,9,4,78,19,78,19,15.745808681447883,20.706839577858652,0.11439897815344346,0.4964912280701754
cohort_single_row,Morgan,0,0,77,20,77,20,10.568672888755797,15.238026119532798,-0.6608589166636316,0.2716328066215199
cohort_single_row,Physical,0,0,77,20,77,20,14.253657547569276,18.78317429518254,-1.5235580076597182,0.32568637128329003
cohort_single_row,Morgan+Physical,0,0,77,20,77,20,10.001642209625244,14.817522610287869,-0.5704586730210568,0.32794285884414426
cohort_single_row,Morgan,0,1,77,20,77,20,11.162146053314208,20.206682135504256,0.18604764547195407,0.5126085314920227
cohort_single_row,Physical,0,1,77,20,77,20,7.133216255073546,9.512387434689124,0.8196201483693948,0.7529146828050192
cohort_single_row,Morgan+Physical,0,1,77,20,77,20,8.39585446472168,13.893787184731085,0.6151865447813237,0.7428571428571428
cohort_single_row,Morgan,0,2,78,19,78,19,9.975008317485608,12.743602730429558,-0.18371662878881811,0.2948661977586734
cohort_single_row,Physical,0,2,78,19,78,19,10.724421910295987,13.595053747916547,-0.3471785454374239,0.2912280701754386
cohort_single_row,Morgan+Physical,0,2,78,19,78,19,9.86085369856985,12.575167632239367,-0.15263251401288858,0.3315789473684211
cohort_single_row,Morgan,0,3,78,19,78,19,15.859462851674936,39.590637237801225,0.0066778890987693185,0.7843654687029453
cohort_single_row,Physical,0,3,78,19,78,19,16.76972116590801,39.19804399132684,0.02628040317421798,0.7626152555127594
cohort_single_row,Morgan+Physical,0,3,78,19,78,19,15.886396412297298,39.19761725853898,0.02630160401865067,0.8372093829219477
cohort_single_row,Morgan,0,4,78,19,78,19,12.743669814661931,18.857632543746742,0.23243934620011963,0.763157894736842
cohort_single_row,Physical,0,4,78,19,78,19,9.878819237357693,14.269019900023077,0.5605326108847619,0.8298245614035088
cohort_single_row,Morgan+Physical,0,4,78,19,78,19,10.348125778599789,15.920466067555529,0.4529211552086039,0.8666666666666666
cohort_single_row,Morgan,1,0,77,20,77,20,9.537399755935668,15.013504358948095,-0.14282528917491577,0.3759398496240601
cohort_single_row,Physical,1,0,77,20,77,20,9.4883891497612,15.37504730209268,-0.1985291868323904,0.6721804511278194
cohort_single_row,Morgan+Physical,1,0,77,20,77,20,8.973290188293456,14.089126097956553,-0.00643053685482764,0.5383458646616541
cohort_single_row,Morgan,1,1,77,20,77,20,18.93211059293747,41.94500045237419,-0.05008095110308863,0.6521249050868648
cohort_single_row,Physical,1,1,77,20,77,20,15.997890031814574,41.32671710044342,-0.019352020360289934,0.8120300751879698
cohort_single_row,Morgan+Physical,1,1,77,20,77,20,16.829655336380007,41.42963838947031,-0.02443559198367673,0.7894736842105263
cohort_single_row,Morgan,1,2,78,19,78,19,9.4700935747247,12.526045626197819,0.2699233341319883,0.7157894736842104
cohort_single_row,Physical,1,2,78,19,78,19,5.477625537069221,7.927518037384334,0.7075746844622456,0.7333333333333334
cohort_single_row,Morgan+Physical,1,2,78,19,78,19,6.7804899621260795,8.626354720508935,0.653745748409162,0.8122807017543859
cohort_single_row,Morgan,1,3,78,19,78,19,10.453504154767487,16.922829452780185,0.12888654904498986,0.4666666666666667
cohort_single_row,Physical,1,3,78,19,78,19,9.879220249416955,14.192418819765633,0.38730885746117594,0.6543859649122807
cohort_single_row,Morgan+Physical,1,3,78,19,78,19,9.579185155527215,15.014641204484006,0.314261265516086,0.6719298245614035
cohort_single_row,Morgan,1,4,78,19,78,19,12.662058950323809,19.62912531479288,0.0018665568224691675,0.42474773724761283
cohort_single_row,Physical,1,4,78,19,78,19,10.438404476266157,16.452785127198013,0.29876180419518894,0.6245614035087719
cohort_single_row,Morgan+Physical,1,4,78,19,78,19,10.688258551145855,16.961962204258402,0.2546866604742788,0.6789473684210526
cohort_single_row,Morgan,2,0,77,20,77,20,12.020376737213134,18.215138864634003,0.16508500222759936,0.6286837215091465
cohort_single_row,Physical,2,0,77,20,77,20,10.20997061214447,16.045060206493183,0.3521715871768669,0.7864661654135338
cohort_single_row,Morgan+Physical,2,0,77,20,77,20,10.063261996841431,16.61731598784416,0.3051372254350688,0.7488721804511278
cohort_single_row,Morgan,2,1,77,20,77,20,9.509731865692137,13.649596165197398,0.3856286769444318,0.5669172932330826
cohort_single_row,Physical,2,1,77,20,77,20,9.365762779159544,15.940619217152562,0.16208164084993615,0.6496240601503759
cohort_single_row,Morgan+Physical,2,1,77,20,77,20,8.827544778633117,13.8781559760657,0.36488135968528346,0.6270676691729322
cohort_single_row,Morgan,2,2,78,19,78,19,20.396941896538987,42.453782701542295,-0.10848295148308851,0.23157894736842102
cohort_single_row,Physical,2,2,78,19,78,19,20.94735857431512,42.126169220756196,-0.09144076039173665,-0.06140350877192983
cohort_single_row,Morgan+Physical,2,2,78,19,78,19,19.69183010984722,41.993678628511034,-0.08458619770289033,0.0894736842105263
cohort_single_row,Morgan,2,3,78,19,78,19,7.663832939991199,10.298128356723025,0.12173768741118107,0.4473684210526316
cohort_single_row,Physical,2,3,78,19,78,19,8.388658413174278,13.474150165046758,-0.5035241630370388,0.4280701754385965
cohort_single_row,Morgan+Physical,2,3,78,19,78,19,7.709814063062166,11.049517855847268,-0.011100445847870954,0.4403508771929824
cohort_single_row,Morgan,2,4,78,19,78,19,12.117208934583163,15.728653140463486,0.2234314673667106,0.4931988188701621
cohort_single_row,Physical,2,4,78,19,78,19,6.295511664340371,9.264202633478012,0.7305905597498408,0.8719298245614034
cohort_single_row,Morgan+Physical,2,4,78,19,78,19,9.021190846091823,11.408983802296326,0.5914072603943903,0.8280701754385964
cohort_single_row,Morgan,3,0,77,20,77,20,17.058047598876954,38.35160986328369,-0.04653273944620673,0.5533834586466165
cohort_single_row,Physical,3,0,77,20,77,20,13.938084016952516,35.939039716049294,0.08099355103766837,0.7999999999999999
cohort_single_row,Morgan+Physical,3,0,77,20,77,20,15.037182999763491,36.94049331045306,0.029063107424868284,0.7278195488721804
cohort_single_row,Morgan,3,1,77,20,77,20,16.42196304950714,26.73020147836396,0.01709193815065102,0.4601503759398496
cohort_single_row,Physical,3,1,77,20,77,20,13.424849700927737,20.6688766966319,0.41231828077433186,0.4947368421052631
cohort_single_row,Morgan+Physical,3,1,77,20,77,20,13.108836130142212,20.25701466475788,0.4355060162569724,0.5969924812030075
cohort_single_row,Morgan,3,2,78,19,78,19,9.820746296691896,12.161839063017023,-0.16486748943378893,0.09262510974539068
cohort_single_row,Physical,3,2,78,19,78,19,10.782720575192101,17.736091705541938,-1.4773870990637819,0.47125936963216547
cohort_single_row,Morgan+Physical,3,2,78,19,78,19,8.814546132700068,12.703462365941817,-0.27093175521618407,0.2834576841549152
cohort_single_row,Morgan,3,3,78,19,78,19,10.076187506264134,15.98627765246263,0.34499388341412474,0.7146622596344303
cohort_single_row,Physical,3,3,78,19,78,19,8.110087206027382,12.264754164035324,0.6144609725294667,0.8596491228070176
cohort_single_row,Morgan+Physical,3,3,78,19,78,19,7.939448686941046,13.23356268054646,0.5511469197893526,0.8771929824561402
cohort_single_row,Morgan,3,4,78,19,78,19,6.554273811139559,8.921696721528173,0.02293603732072147,0.6087719298245614
cohort_single_row,Physical,3,4,78,19,78,19,5.8258047100870245,7.880710815308984,0.2376421688922985,0.7947368421052632
cohort_single_row,Morgan+Physical,3,4,78,19,78,19,5.312244713632684,7.319861031637657,0.3422910445038464,0.7543859649122807
cohort_single_row,Morgan,4,0,77,20,77,20,15.437934225082397,36.43295159522075,0.05881160527585616,0.593984962406015
cohort_single_row,Physical,4,0,77,20,77,20,15.126426714897155,36.30017917914382,0.06565904140837109,0.6887218045112782
cohort_single_row,Morgan+Physical,4,0,77,20,77,20,14.67556405830383,36.17370499154406,0.07215841177406301,0.6556390977443608
cohort_single_row,Morgan,4,1,77,20,77,20,8.21270339225769,11.480464762503646,-0.2905502567136189,0.29646359032080905
cohort_single_row,Physical,4,1,77,20,77,20,7.695917328891755,10.051664657650546,0.010690990225728614,0.5007518796992482
cohort_single_row,Morgan+Physical,4,1,77,20,77,20,7.570449543228149,9.610170620679014,0.09568824070789483,0.3984962406015037
cohort_single_row,Morgan,4,2,78,19,78,19,11.405471058253239,17.920853956486926,0.019565817817109976,0.1789473684210526
cohort_single_row,Physical,4,2,78,19,78,19,12.90536779580367,18.826479188222766,-0.08202989541327965,0.5824561403508772
cohort_single_row,Morgan+Physical,4,2,78,19,78,19,11.135546163619193,16.973707838982495,0.12046224206561107,0.49473684210526314
cohort_single_row,Morgan,4,3,78,19,78,19,11.163334745346871,21.446074026268963,0.33554453858245126,0.8819658593674605
cohort_single_row,Physical,4,3,78,19,78,19,7.134702263239809,12.72135255886069,0.766204121137638,0.9354981155081721
cohort_single_row,Morgan+Physical,4,3,78,19,78,19,7.945670893177232,14.50361156579279,0.6961056722341596,0.9784994360146454
cohort_single_row,Morgan,4,4,78,19,78,19,9.362761236090408,13.798897421205853,0.3732974324878211,0.7784116589641169
cohort_single_row,Physical,4,4,78,19,78,19,6.502941527717993,8.14798978775129,0.7814888243815186,0.7456140350877193
cohort_single_row,Morgan+Physical,4,4,78,19,78,19,7.135941800167685,9.014447697612352,0.7325448603329836,0.8666666666666666
cohort_single_row,Morgan,5,0,77,20,77,20,9.56921643257141,20.205771198664216,0.07238676789465237,0.7702144207715682
cohort_single_row,Physical,5,0,77,20,77,20,6.053935702800751,8.190354775796651,0.8475871789497732,0.8288830973537774
cohort_single_row,Morgan+Physical,5,0,77,20,77,20,7.103585141181945,13.250434654020983,0.6010887148869399,0.872508523530292
cohort_single_row,Morgan,5,1,77,20,77,20,12.131215549316405,16.667814402264828,0.2945387283457004,0.6829635684185389
cohort_single_row,Physical,5,1,77,20,77,20,13.316574642028812,19.923217679932122,-0.00794033589893628,0.5969924812030075
cohort_single_row,Morgan+Physical,5,1,77,20,77,20,11.503608909454346,17.214569241394948,0.24749708811239512,0.7112781954887217
cohort_single_row,Morgan,5,2,78,19,78,19,18.128305760594415,38.916777262674564,-0.02259531685119409,0.2157894736842105
cohort_single_row,Physical,5,2,78,19,78,19,16.061742171598738,37.47174140976479,0.051935653035337204,0.7649122807017543
cohort_single_row,Morgan+Physical,5,2,78,19,78,19,16.764460715605086,37.903430980917214,0.029965659078982743,0.6280701754385966
cohort_single_row,Morgan,5,3,78,19,78,19,6.973076457615904,10.384255182284836,0.3850750510161435,0.7503291639394815
cohort_single_row,Physical,5,3,78,19,78,19,3.7891424634933473,4.911133807668939,0.8624581239056874,0.8
cohort_single_row,Morgan+Physical,5,3,78,19,78,19,4.205252936152408,5.780377369406701,0.8094610383993772,0.8578947368421052
cohort_single_row,Morgan,5,4,78,19,78,19,12.390887583280863,18.941490148850576,-0.12417465994306243,0.4642387458760066
cohort_single_row,Physical,5,4,78,19,78,19,9.59878874798825,15.274567821683876,0.2689562490814078,0.5280701754385965
cohort_single_row,Morgan+Physical,5,4,78,19,78,19,10.753523161235607,16.501299327982018,0.14681778980526106,0.4982456140350877
cohort_single_row,Morgan,6,0,77,20,77,20,10.644637561225892,20.69363644307374,0.17286714688090277,0.6872180451127818
cohort_single_row,Physical,6,0,77,20,77,20,8.242126468849182,12.457854246584814,0.7002300247089484,0.625563909774436
cohort_single_row,Morgan+Physical,6,0,77,20,77,20,8.613444626998902,13.574908194476022,0.6440611084803983,0.7308270676691728
cohort_single_row,Morgan,6,1,77,20,77,20,12.757362889480591,20.196545825709663,0.2672496791024126,0.6280557044377533
cohort_single_row,Physical,6,1,77,20,77,20,10.580020867538453,17.3501297368214,0.45923662245778096,0.7909774436090224
cohort_single_row,Morgan+Physical,6,1,77,20,77,20,11.223096389961244,18.20348107224296,0.40473450124890664,0.7909774436090224
cohort_single_row,Morgan,6,2,78,19,78,19,12.487781086570337,16.805669586231133,-0.40881123767796623,0.007898201725678752
cohort_single_row,Physical,6,2,78,19,78,19,9.538764398574829,14.04852650864387,0.01552947839424268,0.6473684210526316
cohort_single_row,Morgan+Physical,6,2,78,19,78,19,10.101046501561214,13.8781749829394,0.03925997551969196,0.4508771929824561
cohort_single_row,Morgan,6,3,78,19,78,19,8.014385257961877,9.858439910773436,0.22965325627997735,0.5318122495290359
cohort_single_row,Physical,6,3,78,19,78,19,8.260658265625802,12.347131788488728,-0.2083758333634549,0.6807017543859648
cohort_single_row,Morgan+Physical,6,3,78,19,78,19,7.409554767046477,9.900335899008047,0.2230917683189807,0.6964912280701754
cohort_single_row,Morgan,6,4,78,19,78,19,15.705272696645636,37.903444527956786,-0.05148584842512505,0.6719298245614035
cohort_single_row,Physical,6,4,78,19,78,19,14.759042383997064,37.62853526262453,-0.0362885525155765,0.7491228070175439
cohort_single_row,Morgan+Physical,6,4,78,19,78,19,14.036875291121634,37.544460120677336,-0.03166287300727877,0.7929824561403509
cohort_single_row,Morgan,7,0,77,20,77,20,8.655411652908324,13.931732587349488,0.4067567583670709,0.41293722363631924
cohort_single_row,Physical,7,0,77,20,77,20,8.51526530002594,13.382965642434911,0.4525716739026886,0.7774436090225564
cohort_single_row,Morgan+Physical,7,0,77,20,77,20,7.45462362915039,12.782832155244513,0.5005676006220979,0.7999999999999999
cohort_single_row,Morgan,7,1,77,20,77,20,14.069264422988894,23.295759283570764,-0.08206449907075064,0.6857142857142857
cohort_single_row,Physical,7,1,77,20,77,20,8.529549719905853,10.978980763777058,0.759661438811432,0.77593984962406
cohort_single_row,Morgan+Physical,7,1,77,20,77,20,10.323547808265687,15.652535737008275,0.5114952211431534,0.8345864661654135
cohort_single_row,Morgan,7,2,78,19,78,19,9.840364603785464,12.668663760436052,0.25040795093002044,0.45964912280701753
cohort_single_row,Physical,7,2,78,19,78,19,10.972161478604768,15.501639950336802,-0.12232501549806951,0.3508771929824562
cohort_single_row,Morgan+Physical,7,2,78,19,78,19,10.101949507100958,13.47623886478975,0.15179514807171002,0.4666666666666667
cohort_single_row,Morgan,7,3,78,19,78,19,16.137179342811987,37.03854962563788,0.07685427244566023,0.6263157894736843
cohort_single_row,Physical,7,3,78,19,78,19,14.862311306863079,36.570371148027945,0.10004445756239733,0.7754385964912281
cohort_single_row,Morgan+Physical,7,3,78,19,78,19,15.016746294483383,36.41858717377448,0.10749941907398353,0.736842105263158
cohort_single_row,Morgan,7,4,78,19,78,19,11.382932151192113,18.65378292343935,-0.030210273765384876,0.5739359920659892
cohort_single_row,Physical,7,4,78,19,78,19,10.10071149565044,16.478641693552976,0.19603922365330995,0.7280701754385965
cohort_single_row,Morgan+Physical,7,4,78,19,78,19,8.702793607611406,15.244256956061163,0.3119744586114884,0.7245614035087719
cohort_single_row,Morgan,8,0,77,20,77,20,16.652384495162966,38.238647092126186,-0.050649987587858325,0.5626175651729813
cohort_single_row,Physical,8,0,77,20,77,20,13.61604926197052,36.0412364296873,0.06663312001097643,0.7413533834586465
cohort_single_row,Morgan+Physical,8,0,77,20,77,20,14.579315228958132,36.792169068701305,0.027333837519766924,0.7443609022556391
cohort_single_row,Morgan,8,1,77,20,77,20,8.883189710998534,12.672241096066076,0.5890034169323052,0.7213238569530604
cohort_single_row,Physical,8,1,77,20,77,20,8.971171142482758,13.615004709065094,0.5255756742734878,0.8446785102797569
cohort_single_row,Morgan+Physical,8,1,77,20,77,20,7.892997724914551,12.371202661880293,0.6082985311048812,0.838661210117479
cohort_single_row,Morgan,8,2,78,19,78,19,6.836268095157021,9.589830652297264,0.09237551497376117,0.4052631578947368
cohort_single_row,Physical,8,2,78,19,78,19,5.643175133644908,7.50248421314595,0.4444866403134434,0.6684210526315789
cohort_single_row,Morgan+Physical,8,2,78,19,78,19,6.086026161033229,7.266622622688474,0.47886584155610146,0.6894736842105263
cohort_single_row,Morgan,8,3,78,19,78,19,13.997055582146896,25.70215893930761,0.019390741611884144,0.5140350877192983
cohort_single_row,Physical,8,3,78,19,78,19,13.449791054876226,18.724813290821647,0.47953471017733074,0.48245614035087714
cohort_single_row,Morgan+Physical,8,3,78,19,78,19,12.891279206928454,18.837689752342122,0.4732408847791987,0.6228070175438596
cohort_single_row,Morgan,8,4,78,19,78,19,11.326601649635714,16.342047163104443,-0.5426133971077352,0.4350877192982456
cohort_single_row,Physical,8,4,78,19,78,19,8.690422452424702,13.599799898243297,-0.06833932899081319,0.6731023026217335
cohort_single_row,Morgan+Physical,8,4,78,19,78,19,9.384615726270173,14.469915249944444,-0.20941723867714113,0.5912280701754385
cohort_single_row,Morgan,9,0,77,20,77,20,10.616288437461852,20.690893043319182,0.2705286462238041,0.8033095716640964
cohort_single_row,Physical,9,0,77,20,77,20,5.478389756774902,9.114507287765417,0.8584479499531713,0.9142857142857143
cohort_single_row,Morgan+Physical,9,0,77,20,77,20,7.5565273328781135,12.188278175041305,0.746875323395001,0.9082706766917292
cohort_single_row,Morgan,9,1,77,20,77,20,9.261844676589964,13.800784274152061,0.08507620834960206,0.44360902255639095
cohort_single_row,Physical,9,1,77,20,77,20,5.524256284332276,7.512689391732005,0.7288758187030503,0.7684210526315788
cohort_single_row,Morgan+Physical,9,1,77,20,77,20,6.578852639770508,9.204326743451585,0.5930308950378891,0.7533834586466165
cohort_single_row,Morgan,9,2,78,19,78,19,15.429756661906998,38.64760239205422,-0.03329342532989665,0.4859649122807017
cohort_single_row,Physical,9,2,78,19,78,19,13.729409404614097,37.58070651634753,0.02296879597270729,0.7771929824561404
cohort_single_row,Morgan+Physical,9,2,78,19,78,19,13.981438438455681,37.891830884485856,0.006724476126673262,0.7894736842105263
cohort_single_row,Morgan,9,3,78,19,78,19,15.856670595470229,29.669447726791148,-6.04263615050422,0.2175438596491228
cohort_single_row,Physical,9,3,78,19,78,19,11.696916321854841,17.718012455293163,-1.51157604549232,0.3350877192982456
cohort_single_row,Morgan+Physical,9,3,78,19,78,19,12.611086081856177,21.545854405681506,-2.714015984948801,0.2614035087719298
cohort_single_row,Morgan,9,4,78,19,78,19,13.077101850810804,19.160768542739408,0.25221628122075734,0.5575067995919696
cohort_single_row,Physical,9,4,78,19,78,19,18.73677446144506,24.85893582451902,-0.2586796829377409,0.48947368421052634
cohort_single_row,Morgan+Physical,9,4,78,19,78,19,15.516655888607632,20.53284674442864,0.14128611171898153,0.6315789473684211
cohort_room_train_single_test,Morgan,0,0,328,20,77,20,11.522772845458984,16.587483737486647,-0.9680509399605033,0.17162214237720236
cohort_room_train_single_test,Physical,0,0,328,20,77,20,14.615024272537232,19.14044954527716,-1.6204723554094396,0.40466343591318715
cohort_room_train_single_test,Morgan+Physical,0,0,328,20,77,20,10.550809213256837,14.504690128138797,-0.5048465793875765,0.35953368469610303
cohort_room_train_single_test,Morgan,0,1,321,20,77,20,11.455623093795776,19.793759396320443,0.21897391652618048,0.581011281291924
cohort_room_train_single_test,Physical,0,1,321,20,77,20,6.622111422710418,9.362510445970836,0.825259491672238,0.8326439099552011
cohort_room_train_single_test,Morgan+Physical,0,1,321,20,77,20,8.550600946617127,13.974064096156495,0.6107268708800191,0.7654135338345864
cohort_room_train_single_test,Morgan,0,2,385,19,78,19,8.349164612860429,10.950204437401561,0.12600740136563293,0.4282580491256923
cohort_room_train_single_test,Physical,0,2,385,19,78,19,12.39912621102584,18.15838027955861,-1.4033527243895336,0.0824561403508772
cohort_room_train_single_test,Morgan+Physical,0,2,385,19,78,19,9.916551014307926,13.747084107984406,-0.3774773917867764,0.19824561403508772
cohort_room_train_single_test,Morgan,0,3,411,19,78,19,17.07244290723299,40.02562605142983,-0.01526960787258469,0.6420729648620974
cohort_room_train_single_test,Physical,0,3,411,19,78,19,17.045583181080065,37.796186941827244,0.09468212497636408,0.7389206503357232
cohort_room_train_single_test,Morgan+Physical,0,3,411,19,78,19,15.887945404253509,38.63319918389923,0.054140859578991396,0.7977183742935539
cohort_room_train_single_test,Morgan,0,4,383,19,78,19,13.472100562647771,19.664817103723927,0.1653234940770697,0.6496929633040275
cohort_room_train_single_test,Physical,0,4,383,19,78,19,7.514127932197168,10.490062040262334,0.7624831200352687,0.9333333333333333
cohort_room_train_single_test,Morgan+Physical,0,4,383,19,78,19,9.435201268045526,14.181093001352526,0.5659319936460632,0.8964912280701753
cohort_room_train_single_test,Morgan,1,0,355,20,77,20,9.095602941207884,13.590786216746947,0.06350630995826678,0.4550583247722644
cohort_room_train_single_test,Physical,1,0,355,20,77,20,9.903426546859741,15.990904126724681,-0.29646779264520173,0.6285714285714286
cohort_room_train_single_test,Morgan+Physical,1,0,355,20,77,20,8.486993289756775,13.787285550119076,0.036230375869445,0.5894736842105263
cohort_room_train_single_test,Morgan,1,1,379,20,77,20,19.576308678007123,41.08369466789063,-0.007398637740060332,0.5921747349809054
cohort_room_train_single_test,Physical,1,1,379,20,77,20,15.685278644657135,39.52413523517142,0.06763250011271826,0.8270676691729323
cohort_room_train_single_test,Morgan+Physical,1,1,379,20,77,20,17.196943752384186,40.122707517705024,0.03917822404558824,0.801503759398496
cohort_room_train_single_test,Morgan,1,2,365,19,78,19,8.91835362323962,13.146998837068123,0.1957450574416988,0.6347268076985249
cohort_room_train_single_test,Physical,1,2,365,19,78,19,6.567638760014585,8.997559964852298,0.6233048844270049,0.7117157332806074
cohort_room_train_single_test,Morgan+Physical,1,2,365,19,78,19,6.270643108167147,9.064921472619579,0.6176434080072732,0.7614035087719299
cohort_room_train_single_test,Morgan,1,3,346,19,78,19,10.790384799515573,16.691826268371745,0.15250630460314807,0.6052631578947367
cohort_room_train_single_test,Physical,1,3,346,19,78,19,11.863961473404734,16.67853346316853,0.1538555976839806,0.6789473684210526
cohort_room_train_single_test,Morgan+Physical,1,3,346,19,78,19,10.12179171006052,15.153466278748787,0.30152198955177933,0.7315789473684211
cohort_room_train_single_test,Morgan,1,4,383,19,78,19,15.413287853040195,22.871464699643493,-0.35511036706558796,0.55184619495032
cohort_room_train_single_test,Physical,1,4,383,19,78,19,11.647050918378326,17.78372613507557,0.1807202221359938,0.7
cohort_room_train_single_test,Morgan+Physical,1,4,383,19,78,19,11.723877616681548,17.95095591885588,0.16523953397010616,0.7333333333333334
cohort_room_train_single_test,Morgan,2,0,383,20,77,20,11.812445251083373,18.13331980242655,0.17256872664454248,0.5092287749533205
cohort_room_train_single_test,Physical,2,0,383,20,77,20,8.57987540588379,12.49825087035512,0.6069246904995882,0.7533834586466165
cohort_room_train_single_test,Morgan+Physical,2,0,383,20,77,20,9.77208815727234,14.955942873341613,0.4371341698656621,0.7022556390977444
cohort_room_train_single_test,Morgan,2,1,341,20,77,20,9.36742381362915,13.283000125918464,0.41818664708489284,0.7356149448384705
cohort_room_train_single_test,Physical,2,1,341,20,77,20,9.521910304164885,14.524858865063429,0.3043109414329658,0.7819548872180451
cohort_room_train_single_test,Morgan+Physical,2,1,341,20,77,20,8.886383039398194,13.225142293462353,0.4232441109158881,0.78796992481203
cohort_room_train_single_test,Morgan,2,2,380,19,78,19,21.020527896680335,42.120464523086994,-0.0911451760509967,0.30701754385964913
cohort_room_train_single_test,Physical,2,2,380,19,78,19,20.79075015298944,41.944299375010075,-0.08203702501907917,0.012280701754385965
cohort_room_train_single_test,Morgan+Physical,2,2,380,19,78,19,19.796204091925375,41.69389470528025,-0.06915621118829152,0.21052631578947367
cohort_room_train_single_test,Morgan,2,3,358,19,78,19,7.3037222806428606,9.250714100472372,0.2913069662656763,0.5543859649122806
cohort_room_train_single_test,Physical,2,3,358,19,78,19,8.797959826057836,15.763231186013703,-1.057776180715738,0.5221588918643175
cohort_room_train_single_test,Morgan+Physical,2,3,358,19,78,19,7.667940771644993,11.533664864056565,-0.10164660787992319,0.512280701754386
cohort_room_train_single_test,Morgan,2,4,366,19,78,19,12.633573471872431,15.956616974107787,0.20075788808632544,0.4802460147666257
cohort_room_train_single_test,Physical,2,4,366,19,78,19,6.783488309759843,9.285181327475682,0.7293690282874845,0.8543859649122807
cohort_room_train_single_test,Morgan+Physical,2,4,366,19,78,19,8.762531661987303,10.945157456032565,0.6239541973686674,0.7912280701754386
cohort_room_train_single_test,Morgan,3,0,348,20,77,20,17.525365298309325,36.50916539867177,0.05160461543160999,0.46917293233082696
cohort_room_train_single_test,Physical,3,0,348,20,77,20,14.550890917930605,37.54666198971035,-0.0030631772174789518,0.7488721804511278
cohort_room_train_single_test,Morgan+Physical,3,0,348,20,77,20,15.88390938774109,36.7175129875449,0.040749275314407196,0.7383458646616541
cohort_room_train_single_test,Morgan,3,1,417,20,77,20,16.55796831893921,26.71116162055417,0.01849168552115643,0.48664915062422326
cohort_room_train_single_test,Physical,3,1,417,20,77,20,14.727962352752687,22.03647197871145,0.33197523370169724,0.5323308270676691
cohort_room_train_single_test,Morgan+Physical,3,1,417,20,77,20,14.579096500396727,21.865693245929595,0.34228925821396095,0.6120300751879698
cohort_room_train_single_test,Morgan,3,2,295,19,78,19,9.518507792181719,11.562457993576134,-0.052878739747606485,0.23134328358208955
cohort_room_train_single_test,Physical,3,2,295,19,78,19,10.394678222114162,14.272928006820855,-0.6043686635353536,0.43352351694281144
cohort_room_train_single_test,Morgan+Physical,3,2,295,19,78,19,8.806946025005141,10.609821970409131,0.11346841387971185,0.5388328732851948
cohort_room_train_single_test,Morgan,3,3,366,19,78,19,11.48577554305227,17.075345715592196,0.25270915274493033,0.6684280083535982
cohort_room_train_single_test,Physical,3,3,366,19,78,19,9.219541530649286,13.933433654390491,0.5024153660328103,0.887719298245614
cohort_room_train_single_test,Morgan+Physical,3,3,366,19,78,19,9.88156631975676,14.51715535009572,0.4598508451072649,0.8578947368421052
cohort_room_train_single_test,Morgan,3,4,402,19,78,19,8.072086114582262,12.227599190435686,-0.8353144009213604,0.5127306629318271
cohort_room_train_single_test,Physical,3,4,402,19,78,19,5.986167390421818,7.723381877389986,0.26777744782643187,0.8596491228070176
cohort_room_train_single_test,Morgan+Physical,3,4,402,19,78,19,6.090409275054931,8.615292166157031,0.08889568509724222,0.7298245614035088
cohort_room_train_single_test,Morgan,4,0,398,20,77,20,16.772647970199586,36.084559068637404,0.07672589392865325,0.5347875519224462
cohort_room_train_single_test,Physical,4,0,398,20,77,20,15.615111977100373,35.13223679847287,0.12481583232138505,0.6917293233082705
cohort_room_train_single_test,Morgan+Physical,4,0,398,20,77,20,15.49485185909271,35.240859192663045,0.11939565020784815,0.6781954887218045
cohort_room_train_single_test,Morgan,4,1,340,20,77,20,9.332574384918212,12.932918342900656,-0.6377554476240159,0.3717081563920804
cohort_room_train_single_test,Physical,4,1,340,20,77,20,5.893722715415954,7.928818499523021,0.3844363947721142,0.6491162550057258
cohort_room_train_single_test,Morgan+Physical,4,1,340,20,77,20,6.816770569076537,9.481270336093335,0.1197844411174277,0.5278195488721804
cohort_room_train_single_test,Morgan,4,2,346,19,78,19,10.96270036853991,17.718386777906613,0.04159427681265593,0.42738047115617245
cohort_room_train_single_test,Physical,4,2,346,19,78,19,16.217213665450245,25.711506416312485,-1.0181622932392504,0.5089952223215195
cohort_room_train_single_test,Morgan+Physical,4,2,346,19,78,19,12.125720034107408,18.93224864047019,-0.09422199922306485,0.512280701754386
cohort_room_train_single_test,Morgan,4,3,384,19,78,19,11.416186551786723,22.32184281743814,0.280169299380304,0.8000006955690753
cohort_room_train_single_test,Physical,4,3,384,19,78,19,7.3483199238626575,12.457359933865213,0.7758068703564209,0.9398860053557714
cohort_room_train_single_test,Morgan+Physical,4,3,384,19,78,19,8.325064663495516,16.37123226407286,0.6128020814595508,0.9723563902280061
cohort_room_train_single_test,Morgan,4,4,360,19,78,19,10.307322794864051,14.566078384910103,0.30167436171215856,0.7585604328306484
cohort_room_train_single_test,Physical,4,4,360,19,78,19,7.2394506329988175,8.315310521772878,0.7724223307047761,0.7771929824561404
cohort_room_train_single_test,Morgan+Physical,4,4,360,19,78,19,7.8649150322361985,9.55172194132305,0.6997133367305249,0.887719298245614
cohort_room_train_single_test,Morgan,5,0,394,20,77,20,9.778665723800659,20.363044852576817,0.0578902270474575,0.7408800824804633
cohort_room_train_single_test,Physical,5,0,394,20,77,20,7.50819651670456,10.888437916425945,0.7306312371526531,0.7604363080078667
cohort_room_train_single_test,Morgan+Physical,5,0,394,20,77,20,7.986340635490417,15.064454398178865,0.4843881529715385,0.7860098336975476
cohort_room_train_single_test,Morgan,5,1,376,20,77,20,11.817693353500365,17.028168759072937,0.2637051609547586,0.7401279199601787
cohort_room_train_single_test,Physical,5,1,376,20,77,20,12.71703162082672,19.06247283737973,0.07727063723944938,0.5774436090225563
cohort_room_train_single_test,Morgan+Physical,5,1,376,20,77,20,11.258215394821164,16.90802884790182,0.27405816423519747,0.6827067669172932
cohort_room_train_single_test,Morgan,5,2,346,19,78,19,18.56878553025095,38.22398233747916,0.013489015218523193,0.4291356270952121
cohort_room_train_single_test,Physical,5,2,346,19,78,19,14.170333452084193,35.49474286352368,0.14933584957692358,0.8280701754385964
cohort_room_train_single_test,Morgan+Physical,5,2,346,19,78,19,15.644209489681849,36.40182726890182,0.10530207292785543,0.7473684210526316
cohort_room_train_single_test,Morgan,5,3,329,19,78,19,7.001145451836838,11.192623589459247,0.28561026252955424,0.7608600995737197
cohort_room_train_single_test,Physical,5,3,329,19,78,19,6.671364447101794,9.451643894565962,0.4905681298492376,0.8070175438596491
cohort_room_train_single_test,Morgan+Physical,5,3,329,19,78,19,4.7839695962203175,6.873142140395765,0.7306096336854113,0.8263157894736841
cohort_room_train_single_test,Morgan,5,4,383,19,78,19,13.820179904736973,20.076136724132866,-0.2628907901110318,0.37137854524000496
cohort_room_train_single_test,Physical,5,4,383,19,78,19,10.948728285940069,17.15806106535461,0.0775519332966974,0.4912280701754386
cohort_room_train_single_test,Morgan+Physical,5,4,383,19,78,19,12.374240943105598,17.53902056442116,0.03613506456460758,0.443859649122807
cohort_room_train_single_test,Morgan,6,0,414,20,77,20,10.74975682296753,20.742101911237736,0.16898824194944262,0.625563909774436
cohort_room_train_single_test,Physical,6,0,414,20,77,20,9.227192259502411,12.541659547141201,0.6961832903992637,0.7157894736842104
cohort_room_train_single_test,Morgan+Physical,6,0,414,20,77,20,9.563653338623046,15.87147233485355,0.5134403682520652,0.7639097744360903
cohort_room_train_single_test,Morgan,6,1,397,20,77,20,13.362697343063354,20.920031791789768,0.21381183993946373,0.7419114214627354
cohort_room_train_single_test,Physical,6,1,397,20,77,20,9.003489337158204,14.197925815913688,0.6378807401449597,0.849624060150376
cohort_room_train_single_test,Morgan+Physical,6,1,397,20,77,20,10.642667329025269,17.01707167023678,0.479798650325587,0.8706766917293233
cohort_room_train_single_test,Morgan,6,2,331,19,78,19,12.176333218223169,17.256532952107467,-0.4854165419152612,-0.1132075580680621
cohort_room_train_single_test,Physical,6,2,331,19,78,19,10.371046566812614,15.77219221688417,-0.24086715229181044,0.6421052631578947
cohort_room_train_single_test,Morgan+Physical,6,2,331,19,78,19,10.59012811921772,15.293220208757571,-0.16664587519138285,0.42280701754385963
cohort_room_train_single_test,Morgan,6,3,333,19,78,19,9.102168343634355,11.27043342550429,-0.006818297727309464,0.7125933112501274
cohort_room_train_single_test,Physical,6,3,333,19,78,19,11.185029057914333,16.008021984517622,-1.0311650165261228,0.6719298245614035
cohort_room_train_single_test,Morgan+Physical,6,3,333,19,78,19,8.5644930497822,11.612808761836066,-0.06891805357589798,0.7578947368421053
cohort_room_train_single_test,Morgan,6,4,353,19,78,19,15.663037040108128,37.18736549159197,-0.012131400610015719,0.6421052631578947
cohort_room_train_single_test,Physical,6,4,353,19,78,19,14.749911132611727,36.328027797606964,0.034105447506814435,0.7614035087719299
cohort_room_train_single_test,Morgan+Physical,6,4,353,19,78,19,14.023914230748227,36.37516480077116,0.03159725119723522,0.7859649122807018
cohort_room_train_single_test,Morgan,7,0,343,20,77,20,8.007825159606933,13.069203562765274,0.4779395604490305,0.7799925335352696
cohort_room_train_single_test,Physical,7,0,343,20,77,20,7.385620523986816,12.163824356101186,0.5477664061488614,0.8270676691729323
cohort_room_train_single_test,Morgan+Physical,7,0,343,20,77,20,6.6593871369934075,11.804721161633623,0.5740741429815233,0.8917293233082706
cohort_room_train_single_test,Morgan,7,1,380,20,77,20,16.187948634719852,25.940975965998916,-0.3417513200709297,0.5473684210526315
cohort_room_train_single_test,Physical,7,1,380,20,77,20,8.932247939205169,12.730285037942055,0.676871202600934,0.8461828353203263
cohort_room_train_single_test,Morgan+Physical,7,1,380,20,77,20,11.871266511535646,18.56465463680897,0.3128158129873456,0.7563909774436091
cohort_room_train_single_test,Morgan,7,2,377,19,78,19,9.595236223160592,11.812040239836781,0.3483518185750972,0.5230364698338372
cohort_room_train_single_test,Physical,7,2,377,19,78,19,14.378982473965694,22.008795636311753,-1.262329754999497,0.3929824561403509
cohort_room_train_single_test,Morgan+Physical,7,2,377,19,78,19,11.650203294292249,15.800902360673971,-0.16607673567768022,0.39122807017543854
cohort_room_train_single_test,Morgan,7,3,379,19,78,19,16.374082985165245,36.11843185691758,0.12215044593729607,0.562527478462231
cohort_room_train_single_test,Physical,7,3,379,19,78,19,15.503703088619835,34.63450153679171,0.19280176570014684,0.7333333333333334
cohort_room_train_single_test,Morgan+Physical,7,3,379,19,78,19,15.479646129969545,35.07736953117729,0.172026654608328,0.7175438596491229
cohort_room_train_single_test,Morgan,7,4,349,19,78,19,11.336977616561088,19.320359303496133,-0.10515307680071162,0.5920075406130366
cohort_room_train_single_test,Physical,7,4,349,19,78,19,7.858188476964047,13.102602057166727,0.4917151774357226,0.8052631578947368
cohort_room_train_single_test,Morgan+Physical,7,4,349,19,78,19,8.034229260093285,13.493081945790582,0.4609682392635065,0.8035087719298245
cohort_room_train_single_test,Morgan,8,0,321,20,77,20,16.19353010406494,37.61428956096539,-0.016620236138037647,0.6975171274806852
cohort_room_train_single_test,Physical,8,0,321,20,77,20,14.277087985134125,34.61728966748499,0.13892863398964528,0.7714285714285714
cohort_room_train_single_test,Morgan+Physical,8,0,321,20,77,20,14.08981974555969,35.584813657051725,0.09012356966620239,0.806015037593985
cohort_room_train_single_test,Morgan,8,1,375,20,77,20,10.620882973098755,14.555557563769078,0.4577631238322015,0.7095560571858539
cohort_room_train_single_test,Physical,8,1,375,20,77,20,8.279284386062622,12.32492035689798,0.6112238628019491,0.8634825732868752
cohort_room_train_single_test,Morgan+Physical,8,1,375,20,77,20,7.735484355354309,12.470452779611877,0.6019883340501688,0.8785258236925699
cohort_room_train_single_test,Morgan,8,2,377,19,78,19,5.967193638289602,7.661716845526718,0.42065598768450385,0.6719298245614035
cohort_room_train_single_test,Physical,8,2,377,19,78,19,5.051402576988621,6.142908230217863,0.627580526212784,0.8
cohort_room_train_single_test,Morgan+Physical,8,2,377,19,78,19,5.225142725532932,6.144965577116519,0.6273310273351758,0.8543859649122807
cohort_room_train_single_test,Morgan,8,3,406,19,78,19,13.999452021147075,25.247679484928213,0.05376345727253029,0.5555068547060721
cohort_room_train_single_test,Physical,8,3,406,19,78,19,11.093144893043918,16.138101679310495,0.613400156029077,0.5385964912280702
cohort_room_train_single_test,Morgan+Physical,8,3,406,19,78,19,11.647426788330078,19.621314851833603,0.428504265959603,0.5824561403508772
cohort_room_train_single_test,Morgan,8,4,349,19,78,19,11.547313458091333,16.194882083437403,-0.5149550952284769,0.4389817319621807
cohort_room_train_single_test,Physical,8,4,349,19,78,19,9.155845279994763,15.631858355172648,-0.4114496875534217,0.6660816788655747
cohort_room_train_single_test,Morgan+Physical,8,4,349,19,78,19,9.9587499430807,14.919452193334932,-0.28573046357763077,0.6333333333333333
cohort_room_train_single_test,Morgan,9,0,389,20,77,20,10.786357507324219,20.9705584013477,0.2506757971666923,0.7897706462989713
cohort_room_train_single_test,Physical,9,0,389,20,77,20,7.090430878734589,9.616834576709735,0.8424152954983639,0.8857142857142858
cohort_room_train_single_test,Morgan+Physical,9,0,389,20,77,20,7.9989468995094315,13.70380251624627,0.6800132810455499,0.9293233082706768
cohort_room_train_single_test,Morgan,9,1,351,20,77,20,10.172736616897584,15.496101198399456,-0.1535124183680978,0.49323308270676686
cohort_room_train_single_test,Physical,9,1,351,20,77,20,5.498925361251831,7.046181324012815,0.7615018489732204,0.8556390977443609
cohort_room_train_single_test,Morgan+Physical,9,1,351,20,77,20,6.450140820312501,9.468619361800469,0.569323967961358,0.793984962406015
cohort_room_train_single_test,Morgan,9,2,359,19,78,19,15.359722158974098,37.30835255581224,0.037078913211500475,0.6634489449570152
cohort_room_train_single_test,Physical,9,2,359,19,78,19,12.464553661908601,35.396397760959815,0.13324433932149238,0.8
cohort_room_train_single_test,Morgan+Physical,9,2,359,19,78,19,13.376095015435467,36.141707024219464,0.09635910875020137,0.8175438596491227
cohort_room_train_single_test,Morgan,9,3,366,19,78,19,16.34169722306101,27.702280018886057,-5.139702907884685,0.23694605177036257
cohort_room_train_single_test,Physical,9,3,366,19,78,19,11.500648510983117,17.772310764519098,-1.5269934968907282,0.4466871864856094
cohort_room_train_single_test,Morgan+Physical,9,3,366,19,78,19,12.864737667686063,20.114136624884726,-2.236824244878607,0.30526315789473685
cohort_room_train_single_test,Morgan,9,4,363,19,78,19,13.446469149137798,19.300714152963007,0.2412531286465629,0.5639003576759192
cohort_room_train_single_test,Physical,9,4,363,19,78,19,19.396191832693006,26.053136959089105,-0.38251611021874776,0.20526315789473687
cohort_room_train_single_test,Morgan+Physical,9,4,363,19,78,19,15.331567761069856,21.035093838824718,0.09876289622860712,0.30701754385964913
cohort_room_rows,Morgan,0,0,328,129,77,20,15.80106188420732,19.79736735084448,-1.2465833595490716,-0.2692634868251015
cohort_room_rows,Physical,0,0,328,129,77,20,18.707810244005778,22.068834615700332,-1.7916852659006017,0.5341175799905006
cohort_room_rows,Morgan+Physical,0,0,328,129,77,20,8.309259865930837,9.80603209563924,0.44881895349169376,0.5057784148328935
cohort_room_rows,Morgan,0,1,321,136,77,20,13.270327840625537,17.482831436499804,-0.31308848270569967,-0.022933490707184263
cohort_room_rows,Physical,0,1,321,136,77,20,3.428869516310972,5.53189024207353,0.8685327553259132,0.8481192909406743
cohort_room_rows,Morgan+Physical,0,1,321,136,77,20,7.839173476376252,10.562870067864445,0.5206703138537356,0.36187862555591604
cohort_room_rows,Morgan,0,2,385,72,78,19,6.268117459636264,8.857746930671421,0.02993889940388106,0.0495327547692496
cohort_room_rows,Physical,0,2,385,72,78,19,8.945496932856242,12.393051971798998,-0.8989306106858601,0.22511629796957838
cohort_room_rows,Morgan+Physical,0,2,385,72,78,19,5.9120675322002825,9.694086800105929,-0.1618936053547555,0.2204951900098126
cohort_room_rows,Morgan,0,3,411,46,78,19,9.867929656318998,26.08893468095654,0.08617721016724211,0.5992786766114082
cohort_room_rows,Physical,0,3,411,46,78,19,8.52724353242957,24.42468719819851,0.19904647897859884,0.7093651627132864
cohort_room_rows,Morgan+Physical,0,3,411,46,78,19,8.169022655818775,24.957106263192273,0.16374688167566387,0.8192838059082257
cohort_room_rows,Morgan,0,4,383,74,78,19,16.23708513894571,23.56896636951814,-0.15007120440533428,0.26297376646379506
cohort_room_rows,Physical,0,4,383,74,78,19,8.52862388536711,12.198760840372474,0.6919117820505831,0.8885283237138828
cohort_room_rows,Morgan+Physical,0,4,383,74,78,19,10.953391586412998,17.163096858912656,0.3901332403782234,0.8242179464778916
cohort_room_rows,Morgan,1,0,355,102,77,20,7.422386764436608,9.0745583131983,0.20807070838327002,0.8218613040372529
cohort_room_rows,Physical,1,0,355,102,77,20,7.04940995862624,11.172940600748136,-0.20052275194450497,0.45330834802895514
cohort_room_rows,Morgan+Physical,1,0,355,102,77,20,5.323196221063651,8.653252333709396,0.2798977770127249,0.8844221581548171
cohort_room_rows,Morgan,1,1,379,78,77,20,10.373795394035241,24.03312431702561,0.05557654826417158,0.40165403100884084
cohort_room_rows,Physical,1,1,379,78,77,20,6.941951966878452,22.07595653208704,0.20313388925174014,0.9072576085729132
cohort_room_rows,Morgan+Physical,1,1,379,78,77,20,8.330839296297905,22.788814896817318,0.1508395106870407,0.8926405144919384
cohort_room_rows,Morgan,1,2,365,92,78,19,14.909710118003515,17.71454997500406,-0.09923459961854486,0.8444538729664535
cohort_room_rows,Physical,1,2,365,92,78,19,5.952657193681468,7.184900104319601,0.8191695301957583,0.9033169763385194
cohort_room_rows,Morgan+Physical,1,2,365,92,78,19,6.146600221302198,7.485837694162419,0.8037042235431462,0.8910273553841033
cohort_room_rows,Morgan,1,3,346,111,78,19,10.381847117738465,17.313417386600925,0.18810830258250388,0.772040636346388
cohort_room_rows,Physical,1,3,346,111,78,19,12.390877646475436,19.19254141529826,0.00230573652928201,0.857834551477673
cohort_room_rows,Morgan+Physical,1,3,346,111,78,19,9.50064488737089,15.602429666865754,0.34064854435863023,0.8601742936215496
cohort_room_rows,Morgan,1,4,383,74,78,19,11.551480190586398,15.450778074813183,-0.1837775780761315,0.6054307253727218
cohort_room_rows,Physical,1,4,383,74,78,19,17.986117296244647,24.43612783567078,-1.9609711599257271,0.7715392730034066
cohort_room_rows,Morgan+Physical,1,4,383,74,78,19,8.056639739887137,11.466379079982838,0.3480384381588497,0.8388769668295742
cohort_room_rows,Morgan,2,0,383,74,77,20,17.0548245483151,24.08207313108728,-0.18621941806634967,0.03218028789198679
cohort_room_rows,Physical,2,0,383,74,77,20,12.318566374552958,16.161945691322707,0.4657253439628576,0.5604453163651264
cohort_room_rows,Morgan+Physical,2,0,383,74,77,20,14.44714931040171,19.95309391764664,0.18567497605988703,0.43272261444424415
cohort_room_rows,Morgan,2,1,341,116,77,20,6.299133330141264,7.992154460880511,0.14118488551702402,0.8904115261760212
cohort_room_rows,Physical,2,1,341,116,77,20,7.081787087315526,10.811716704867901,-0.571669613704519,0.48270185857859105
cohort_room_rows,Morgan+Physical,2,1,341,116,77,20,5.255862817961593,8.095500783212591,0.11883065531420267,0.8434360254481522
cohort_room_rows,Morgan,2,2,380,77,78,19,9.717596913622572,23.713034818400796,-0.012727050664265604,0.6241040273746519
cohort_room_rows,Physical,2,2,380,77,78,19,8.122421236508853,22.943890392270447,0.051904138113807896,0.7917222422455337
cohort_room_rows,Morgan+Physical,2,2,380,77,78,19,8.169152891481078,23.017357738389933,0.04582272791077724,0.7870890362398834
cohort_room_rows,Morgan,2,3,358,99,78,19,5.3638431406194504,6.41748197316443,0.42302779635107035,0.689508755078189
cohort_room_rows,Physical,2,3,358,99,78,19,4.0920089546434815,7.604578632275814,0.18983050655130274,0.8221678324435785
cohort_room_rows,Morgan+Physical,2,3,358,99,78,19,4.124234310311983,6.129200778756852,0.4737001183476688,0.7657110639530829
cohort_room_rows,Morgan,2,4,366,91,78,19,15.364694404099014,18.23121267895863,-0.30200788879157603,0.6883674255525745
cohort_room_rows,Physical,2,4,366,91,78,19,7.1942846869583965,8.494688593258948,0.7173314922828956,0.9150183847732065
cohort_room_rows,Morgan+Physical,2,4,366,91,78,19,6.720492051847687,8.335912811713536,0.7277995568988198,0.9120164691866892
cohort_room_rows,Morgan,3,0,348,109,77,20,9.850515186288819,18.62346037511424,0.12545782623629465,0.6104419011502987
cohort_room_rows,Physical,3,0,348,109,77,20,6.33476714062822,16.882261648034888,0.28134367387228976,0.8240705581056469
cohort_room_rows,Morgan+Physical,3,0,348,109,77,20,7.382438313531436,16.9771623857329,0.2732413583080485,0.799641532919014
cohort_room_rows,Morgan,3,1,417,40,77,20,12.151753050231934,23.505476467129622,0.08449442878266733,0.6081145035610794
cohort_room_rows,Physical,3,1,417,40,77,20,11.658883573436736,17.199779592082653,0.5098052712018711,0.6949646064590004
cohort_room_rows,Morgan+Physical,3,1,417,40,77,20,11.366380926990509,17.99321860611051,0.4635359964598702,0.7709888256813365
cohort_room_rows,Morgan,3,2,295,162,78,19,10.85950156441206,13.008316903320488,0.20059838194627222,0.5823115628924441
cohort_room_rows,Physical,3,2,295,162,78,19,8.724482455851707,13.980304977004574,0.07667180586555189,0.7464286114446615
cohort_room_rows,Morgan+Physical,3,2,295,162,78,19,8.258940378222054,9.702795837841885,0.5552493489777315,0.7715114745236148
cohort_room_rows,Morgan,3,3,366,91,78,19,11.824455937027144,18.861687747531708,0.24200424139319576,0.7630677558307558
cohort_room_rows,Physical,3,3,366,91,78,19,8.951035437162629,15.392625945399512,0.4951863317808033,0.9282659722429973
cohort_room_rows,Morgan+Physical,3,3,366,91,78,19,9.947930633679064,16.184287445187696,0.4419246501328634,0.9112729109891047
cohort_room_rows,Morgan,3,4,402,55,78,19,10.476464447515315,15.382098398837563,-0.809372282324345,0.18214316351441348
cohort_room_rows,Physical,3,4,402,55,78,19,6.651674338227706,8.37549994800185,0.46356359515819456,0.8940890474516655
cohort_room_rows,Morgan+Physical,3,4,402,55,78,19,6.152776605232932,9.560961384937615,0.3009634386546969,0.6609907677791698
cohort_room_rows,Morgan,4,0,398,59,77,20,10.275598775443386,21.91928107986351,0.055691551084629975,0.24109108692760567
cohort_room_rows,Physical,4,0,398,59,77,20,9.6338510679148,21.66995500197766,0.07705189431622717,0.7635762893376479
cohort_room_rows,Morgan+Physical,4,0,398,59,77,20,7.367958848791607,20.76110020778039,0.15284672698561508,0.7777122280480024
cohort_room_rows,Morgan,4,1,340,117,77,20,7.534073092740051,11.860218700221338,-0.4724501317174197,0.4417181414495794
cohort_room_rows,Physical,4,1,340,117,77,20,4.368143005120693,6.028716956868658,0.6195435164154892,0.6524600224875374
cohort_room_rows,Morgan+Physical,4,1,340,117,77,20,5.248253312015371,8.327235673182049,0.27413323425208047,0.5329591929565134
cohort_room_rows,Morgan,4,2,346,111,78,19,13.628407963259583,20.004464658648356,0.008600713012182903,0.5976345029663745
cohort_room_rows,Physical,4,2,346,111,78,19,22.290187128757786,30.89386425046601,-1.3644993701883092,0.7212588631456919
cohort_room_rows,Morgan+Physical,4,2,346,111,78,19,13.483369948117367,19.685150000519208,0.03999788070518251,0.7168053829421622
cohort_room_rows,Morgan,4,3,384,73,78,19,6.7408485747245885,15.66387906156617,0.30634862332241797,0.6533266904597351
cohort_room_rows,Physical,4,3,384,73,78,19,6.020985156208195,8.533581397247502,0.7941242091207202,0.8329416320338915
cohort_room_rows,Morgan+Physical,4,3,384,73,78,19,5.583846388704482,11.023311985278,0.6564683082558735,0.9092831780346011
cohort_room_rows,Morgan,4,4,360,97,78,19,13.21303199697278,17.750742231435936,-0.22986644536605394,0.6568263533135187
cohort_room_rows,Physical,4,4,360,97,78,19,8.923509608868471,9.764522731354534,0.6278423424696626,0.82975004653168
cohort_room_rows,Morgan+Physical,4,4,360,97,78,19,6.88338522889442,7.7816083439547405,0.7636456198969277,0.9064151711915784
cohort_room_rows,Morgan,5,0,394,63,77,20,7.254420235648988,16.439888323483142,0.08118742397029144,0.7334547289529771
cohort_room_rows,Physical,5,0,394,63,77,20,6.15921705636524,9.493350578018632,0.69361447527967,0.5938887027167242
cohort_room_rows,Morgan+Physical,5,0,394,63,77,20,6.175525371430413,12.4927186909845,0.4694294671458614,0.6895904282952904
cohort_room_rows,Morgan,5,1,376,81,77,20,9.172393744631167,11.83284381052476,0.4934684910716626,0.8023833752067941
cohort_room_rows,Physical,5,1,376,81,77,20,9.665134623690005,15.312702334051366,0.15173434684256193,0.8063537571851271
cohort_room_rows,Morgan+Physical,5,1,376,81,77,20,7.098237754878291,10.968299715807344,0.5647820283798219,0.8145519798435091
cohort_room_rows,Morgan,5,2,346,111,78,19,15.031620462487023,22.43039536883135,0.09189270466542254,0.47149653428813326
cohort_room_rows,Physical,5,2,346,111,78,19,7.9320690605754685,16.499691344581393,0.5086228610872109,0.8993854236832184
cohort_room_rows,Morgan+Physical,5,2,346,111,78,19,11.16449009153074,18.970940414208428,0.3504074625179693,0.8163152297440893
cohort_room_rows,Morgan,5,3,329,128,78,19,6.0287598174572,8.74038531179953,0.3287868187874422,0.8442322922595502
cohort_room_rows,Physical,5,3,329,128,78,19,10.514898349183799,14.48069779833603,-0.8423761371739784,0.9126052215265522
cohort_room_rows,Morgan+Physical,5,3,329,128,78,19,3.9969469678282734,4.87998151710268,0.790764354225227,0.9048072888412921
cohort_room_rows,Morgan,5,4,383,74,78,19,12.516003713968637,20.629905716388055,0.0882375642346862,0.6334981469037098
cohort_room_rows,Physical,5,4,383,74,78,19,8.799968504364426,15.219818981817795,0.5037435282746545,0.7523926117075952
cohort_room_rows,Morgan+Physical,5,4,383,74,78,19,10.585976308461781,17.282975215642136,0.3600821516849575,0.744159915864457
cohort_room_rows,Morgan,6,0,414,43,77,20,11.0422242153079,20.548884462955137,0.08691594692311233,0.5194802158142786
cohort_room_rows,Physical,6,0,414,43,77,20,10.216209004734838,13.777945788860961,0.5895094150297561,0.7070613952196215
cohort_room_rows,Morgan+Physical,6,0,414,43,77,20,10.43162505358319,16.341192954398274,0.4225667692274564,0.7093334434047746
cohort_room_rows,Morgan,6,1,397,60,77,20,13.966465471013388,23.608422842093464,0.09766006923418924,0.8408078806650149
cohort_room_rows,Physical,6,1,397,60,77,20,7.724932819747924,13.256177561094793,0.7155061702836527,0.8356132200502165
cohort_room_rows,Morgan+Physical,6,1,397,60,77,20,10.340416638437908,18.09045656612645,0.47017154151920093,0.8776822348962082
cohort_room_rows,Morgan,6,2,331,126,78,19,15.740486170438736,19.218832892251406,-2.49578905194409,-0.5192273686056881
cohort_room_rows,Physical,6,2,331,126,78,19,6.058384596827673,8.247012783243838,0.35629848364798866,0.901846129454554
cohort_room_rows,Morgan+Physical,6,2,331,126,78,19,10.32898287956601,12.412702833795828,-0.45822289716764764,0.7269783746779054
cohort_room_rows,Morgan,6,3,333,124,78,19,6.7340923874270535,9.077997580810711,0.422967006833706,0.8493674724113045
cohort_room_rows,Physical,6,3,333,124,78,19,11.792290883882583,16.023600408792138,-0.7977973360043358,0.8044252113274851
cohort_room_rows,Morgan+Physical,6,3,333,124,78,19,5.193559699876848,6.753503913217428,0.6806412409989151,0.8564731704751966
cohort_room_rows,Morgan,6,4,353,104,78,19,15.48650596010208,23.2741685374006,-0.2627484084872047,0.2879003521272135
cohort_room_rows,Physical,6,4,353,104,78,19,9.625787739904844,17.748763480152675,0.26564732006379244,0.8284759765692045
cohort_room_rows,Morgan+Physical,6,4,353,104,78,19,11.277058686811008,19.724605371788368,0.0930462805520541,0.7404054947622619
cohort_room_rows,Morgan,7,0,343,114,77,20,5.619109242302075,8.464374171458367,0.5847239869889165,0.9099401094819854
cohort_room_rows,Physical,7,0,343,114,77,20,4.6436903450413745,7.683688574886021,0.6577947655646348,0.9269442320664649
cohort_room_rows,Morgan+Physical,7,0,343,114,77,20,3.418817673612896,6.076806377384515,0.7859585238850064,0.9350437171685037
cohort_room_rows,Morgan,7,1,380,77,77,20,18.662115705613967,24.250664021400894,-0.3619639650613853,0.5207328803931845
cohort_room_rows,Physical,7,1,380,77,77,20,4.5572484268584805,8.392875195515195,0.8368677306476782,0.9504519194651178
cohort_room_rows,Morgan+Physical,7,1,380,77,77,20,11.430764838082451,15.234352423773469,0.462515005855742,0.6984848567704732
cohort_room_rows,Morgan,7,2,377,80,78,19,8.500720731601714,10.204867163487597,0.1664298053639257,0.7306705192333308
cohort_room_rows,Physical,7,2,377,80,78,19,9.966273387596607,17.301159359502662,-1.3959507049769626,0.7093514149205459
cohort_room_rows,Morgan+Physical,7,2,377,80,78,19,8.790723446235656,12.39067518569513,-0.228902450992845,0.7065875286360318
cohort_room_rows,Morgan,7,3,379,78,78,19,7.380298582376334,19.28050336423922,0.12029909270614592,0.36258667435947456
cohort_room_rows,Physical,7,3,379,78,78,19,8.571237016468537,18.079183226553344,0.22650783972006017,0.4829866889643582
cohort_room_rows,Morgan+Physical,7,3,379,78,78,19,7.6808675830899755,18.20822836501134,0.21542640627275345,0.4578195664742614
cohort_room_rows,Morgan,7,4,349,108,78,19,13.510199314258715,20.434073694614103,-0.4081088632485337,0.7830831304933195
cohort_room_rows,Physical,7,4,349,108,78,19,13.719010704817595,20.902581121650506,-0.47341862955232283,0.864094403644815
cohort_room_rows,Morgan+Physical,7,4,349,108,78,19,8.469483029330219,14.03528490900231,0.33569306304944324,0.8652615622642431
cohort_room_rows,Morgan,8,0,321,136,77,20,8.401872533820656,16.22021713993842,0.241940556590863,0.663524753428235
cohort_room_rows,Physical,8,0,321,136,77,20,7.1286246810296,14.86852296403729,0.36302030209643177,0.7956485233907937
cohort_room_rows,Morgan+Physical,8,0,321,136,77,20,4.52445478927388,14.11285493972012,0.426121849631656,0.814779456708211
cohort_room_rows,Morgan,8,1,375,82,77,20,10.659687834070718,12.767035486422492,0.304071524234966,0.5221556873692655
cohort_room_rows,Physical,8,1,375,82,77,20,6.927960593112852,8.754253807181236,0.6727928813187256,0.8586899025890479
cohort_room_rows,Morgan+Physical,8,1,375,82,77,20,5.837141502246392,8.702765643386709,0.6766305013816338,0.8870548052641064
cohort_room_rows,Morgan,8,2,377,80,78,19,4.967265239295959,5.7639260575267945,0.667375773836971,0.8376032487957459
cohort_room_rows,Physical,8,2,377,80,78,19,3.5654472019052506,4.789216811593219,0.7703607751669884,0.8975162845859209
cohort_room_rows,Morgan+Physical,8,2,377,80,78,19,4.198869341192245,4.774358786060338,0.7717834264866437,0.8925254618727461
cohort_room_rows,Morgan,8,3,406,51,78,19,17.606692211824303,29.3595783018521,-0.12721636982644902,0.41105938332601916
cohort_room_rows,Physical,8,3,406,51,78,19,11.805470121196672,18.969915965075106,0.5294145725659654,0.6988137227208994
cohort_room_rows,Morgan+Physical,8,3,406,51,78,19,13.75130773447074,23.59585822369546,0.27191980721869446,0.719028941985849
cohort_room_rows,Morgan,8,4,349,108,78,19,13.178153026439523,17.44241166153482,-0.2296731940218506,0.41322385157165115
cohort_room_rows,Physical,8,4,349,108,78,19,5.93237174212491,8.98349949602199,0.6738121823612417,0.8793266753673494
cohort_room_rows,Morgan+Physical,8,4,349,108,78,19,7.967854383980785,10.403494443673758,0.5625432514581624,0.8595435240257073
cohort_room_rows,Morgan,9,0,389,68,77,20,9.872007392883301,17.598002881008338,0.1776076775296016,0.7566212274031847
cohort_room_rows,Physical,9,0,389,68,77,20,5.307263039504781,7.121995510728184,0.8653036989613,0.8812710002864316
cohort_room_rows,Morgan+Physical,9,0,389,68,77,20,6.7105848470295175,11.21243382188993,0.666149474735175,0.9213995325860296
cohort_room_rows,Morgan,9,1,351,106,77,20,13.192489055417619,17.479404123300643,-0.4505420380820542,0.751295310237066
cohort_room_rows,Physical,9,1,351,106,77,20,8.087346746120812,10.000404923791304,0.5251983238964839,0.9425562093992721
cohort_room_rows,Morgan+Physical,9,1,351,106,77,20,4.42342320532169,6.0895937630237515,0.8239428300447731,0.9287941672867402
cohort_room_rows,Morgan,9,2,359,98,78,19,6.476206584323181,17.416933767468908,0.10253416671490678,0.6649451981336082
cohort_room_rows,Physical,9,2,359,98,78,19,6.197939206321872,16.329128479890866,0.21113890965718185,0.8835701283162948
cohort_room_rows,Morgan+Physical,9,2,359,98,78,19,4.953953104587477,16.4179597333431,0.20253267857030888,0.7767574455065677
cohort_room_rows,Morgan,9,3,366,91,78,19,13.56390558754722,24.391372783054692,-2.5749084907470885,0.29690745033829374
cohort_room_rows,Physical,9,3,366,91,78,19,18.29727022062532,25.48678907916737,-2.9032169549970277,0.6847787330647529
cohort_room_rows,Morgan+Physical,9,3,366,91,78,19,12.849823528294827,18.302320793090132,-1.0128192079977518,0.6278549038137965
cohort_room_rows,Morgan,9,4,363,94,78,19,16.74775615171067,20.779215943209792,0.11983941321159719,0.5144819550393203
cohort_room_rows,Physical,9,4,363,94,78,19,27.45948037417797,30.29179981481371,-0.8704829788387554,0.06850408855664057
cohort_room_rows,Morgan+Physical,9,4,363,94,78,19,21.84339985549602,24.497248006059944,-0.2233147217606426,0.07300069256386349
