source,key,representation,repeat,rows,r2,r2_shipped,abs_gap,spearman,auc_gt15,auc_gt30
dielectric_coordination_block_v3,baseline,Morgan,0,457,-0.10955067846774535,-0.10955067846774535,0.0,-0.024082866512766792,0.5437379016647309,0.4983679525222552
dielectric_coordination_block_v3,baseline,Morgan,1,457,0.1312278281744378,0.1312278281744378,0.0,0.6903750201015879,0.8552361595044522,0.8370301681503461
dielectric_coordination_block_v3,baseline,Morgan,2,457,0.16586799903427585,0.16586799903427585,0.0,0.6825982144686984,0.8733255903987611,0.8552423343224531
dielectric_coordination_block_v3,baseline,Morgan,3,457,0.13483978348900205,0.13483978348900205,0.0,0.5631610111443214,0.7621080139372822,0.810126112759644
dielectric_coordination_block_v3,baseline,Morgan,4,457,0.10228847111567263,0.10228847111567263,0.0,0.6229287783046534,0.8393050716221448,0.8089886251236399
dielectric_coordination_block_v3,baseline,Morgan,5,457,0.1819019920720838,0.1819019920720838,0.0,0.669731757150507,0.8596205962059621,0.8317754698318497
dielectric_coordination_block_v3,baseline,Morgan,6,457,-0.07369182949900233,-0.07369182949900233,0.0,0.1533333128633057,0.6124661246612466,0.6886498516320475
dielectric_coordination_block_v3,baseline,Morgan,7,457,0.11419280513887242,0.11419280513887242,0.0,0.6366178391073837,0.8460220673635308,0.8113996043521267
dielectric_coordination_block_v3,baseline,Morgan,8,457,0.16145600051707287,0.16145600051707287,0.0,0.6469044049348538,0.8369047619047619,0.8398615232443126
dielectric_coordination_block_v3,baseline,Morgan,9,457,-0.15979373447372613,-0.15979373447372613,0.0,0.30838053714777547,0.6772744870305846,0.7565034619188922
dielectric_coordination_block_v3,baseline,Morgan+Physical,0,457,0.447193425246294,0.447193425246294,0.0,0.7274667773318803,0.8836430507162214,0.9351755687438181
dielectric_coordination_block_v3,baseline,Morgan+Physical,1,457,0.4129203868816147,0.4129203868816147,0.0,0.8647419254568515,0.9456058846302748,0.9326904055390702
dielectric_coordination_block_v3,baseline,Morgan+Physical,2,457,0.4269432849639294,0.4269432849639294,0.0,0.8094551741940366,0.9218544328300426,0.9257789317507419
dielectric_coordination_block_v3,baseline,Morgan+Physical,3,457,0.42315691979046577,0.42315691979046577,0.0,0.7832827706135533,0.8963608207510646,0.9048343224530168
dielectric_coordination_block_v3,baseline,Morgan+Physical,4,457,0.40477687156569253,0.40477687156569253,0.0,0.8138933275295599,0.9110917537746805,0.9426310583580614
dielectric_coordination_block_v3,baseline,Morgan+Physical,5,457,0.44795602450286376,0.44795602450286376,0.0,0.8461743348167768,0.9370886566008516,0.9573813056379822
dielectric_coordination_block_v3,baseline,Morgan+Physical,6,457,0.3699048728984914,0.3699048728984914,0.0,0.7318860695652335,0.8736933797909407,0.9516444114737884
dielectric_coordination_block_v3,baseline,Morgan+Physical,7,457,0.4686873069965476,0.4686873069965476,0.0,0.8339374011534331,0.9239450251645374,0.9630440158259149
dielectric_coordination_block_v3,baseline,Morgan+Physical,8,457,0.5097062933273586,0.5097062933273586,0.0,0.8715869936927935,0.941753774680604,0.9754945598417408
dielectric_coordination_block_v3,baseline,Morgan+Physical,9,457,0.17993455717788576,0.17993455717788576,0.0,0.4801400063470832,0.7275938830816879,0.9118694362017804
dielectric_coordination_block_v3,baseline,Physical,0,457,0.2404842594351414,0.2404842594351414,0.0,0.8131515335495735,0.9125048393341076,0.9418273986152325
dielectric_coordination_block_v3,baseline,Physical,1,457,0.08357211616344884,0.08357211616344884,0.0,0.8618857964214333,0.9451413085559426,0.9437438180019783
dielectric_coordination_block_v3,baseline,Physical,2,457,0.441190855167954,0.441190855167954,0.0,0.7946631685961453,0.921564072783585,0.9265949554896142
dielectric_coordination_block_v3,baseline,Physical,3,457,0.34818503250642197,0.34818503250642197,0.0,0.7997476566778329,0.9081687959736741,0.9129945598417408
dielectric_coordination_block_v3,baseline,Physical,4,457,0.006028035832564171,0.006028035832564171,0.0,0.8276503194750764,0.9171312427409989,0.9496043521266073
dielectric_coordination_block_v3,baseline,Physical,5,457,0.35542228795722963,0.35542228795722963,0.0,0.8460775353675989,0.9355594270228417,0.9594584569732938
dielectric_coordination_block_v3,baseline,Physical,6,457,0.40102862913623094,0.40102862913623094,0.0,0.8449610225166484,0.9249128919860626,0.9659371909000989
dielectric_coordination_block_v3,baseline,Physical,7,457,0.2908051173616335,0.2908051173616335,0.0,0.8468664900928691,0.9345334881920249,0.9713526211671613
dielectric_coordination_block_v3,baseline,Physical,8,457,0.5745864971299884,0.5745864971299884,0.0,0.8654999441802018,0.9345334881920249,0.9719831849653808
dielectric_coordination_block_v3,baseline,Physical,9,457,-0.20964283539590012,-0.20964283539590012,0.0,0.5266832924065501,0.7461769260549749,0.9244312561819981
dielectric_coordination_block_v3,baseline_features_shuffled_target,Morgan,0,457,-0.08974913439427112,-0.08974913439427112,0.0,0.020743779859713547,0.5287650019357336,0.5058852621167161
dielectric_coordination_block_v3,baseline_features_shuffled_target,Morgan,1,457,-0.05218447747252908,-0.05218447747252908,0.0,0.04472726230305024,0.5358594657375145,0.5000741839762611
dielectric_coordination_block_v3,baseline_features_shuffled_target,Morgan,2,457,-0.09040318700179939,-0.09040318700179939,0.0,-0.02374220901194369,0.49634146341463414,0.47091988130563794
dielectric_coordination_block_v3,baseline_features_shuffled_target,Morgan,3,457,-0.07028323986440865,-0.07028323986440865,0.0,-0.014021613315301574,0.503319783197832,0.49235905044510386
dielectric_coordination_block_v3,baseline_features_shuffled_target,Morgan,4,457,-0.08464425801125608,-0.08464425801125608,0.0,-0.006622649001318635,0.5047522260936895,0.48618941641938673
dielectric_coordination_block_v3,baseline_features_shuffled_target,Morgan,5,457,-0.10185870591606427,-0.10185870591606427,0.0,-0.05423538407301429,0.48471738288811456,0.45790059347181006
dielectric_coordination_block_v3,baseline_features_shuffled_target,Morgan,6,457,-0.03702714903837845,-0.03702714903837845,0.0,0.0709046240592957,0.5458575300038715,0.5227497527200792
dielectric_coordination_block_v3,baseline_features_shuffled_target,Morgan,7,457,-0.05281834466130597,-0.05281834466130597,0.0,0.006935670303206452,0.49876113046844756,0.48993570722057367
dielectric_coordination_block_v3,baseline_features_shuffled_target,Morgan,8,457,-0.04613348871292122,-0.04613348871292122,0.0,0.00646391986947242,0.5035907859078591,0.49951780415430264
dielectric_coordination_block_v3,baseline_features_shuffled_target,Morgan,9,457,-0.05143063131896697,-0.05143063131896697,0.0,0.03787395230575903,0.5419957413859852,0.5207096933728982
dielectric_coordination_block_v3,baseline_features_shuffled_target,Morgan+Physical,0,457,-0.02143697534163147,-0.02143697534163147,0.0,0.006410825403763492,0.5069976771196283,0.5358555885262117
dielectric_coordination_block_v3,baseline_features_shuffled_target,Morgan+Physical,1,457,-0.02040213512732736,-0.02040213512732736,0.0,0.002685384064938469,0.47734223770809137,0.520116221562809
dielectric_coordination_block_v3,baseline_features_shuffled_target,Morgan+Physical,2,457,-0.03384675873494003,-0.03384675873494003,0.0,-0.01920235430365595,0.4798296554394116,0.5131305637982195
dielectric_coordination_block_v3,baseline_features_shuffled_target,Morgan+Physical,3,457,-0.029590280686087933,-0.029590280686087933,0.0,-0.007403876135271581,0.4861304684475416,0.5149233432245302
dielectric_coordination_block_v3,baseline_features_shuffled_target,Morgan+Physical,4,457,-0.059366950503950466,-0.059366950503950466,0.0,-0.03170514614451612,0.4788230739450252,0.4979970326409495
dielectric_coordination_block_v3,baseline_features_shuffled_target,Morgan+Physical,5,457,-0.051701692949904565,-0.051701692949904565,0.0,-0.04885716938829529,0.467789392179636,0.4949431256181998
dielectric_coordination_block_v3,baseline_features_shuffled_target,Morgan+Physical,6,457,-0.02621284251402689,-0.02621284251402689,0.0,-0.0037634039799749586,0.483284939992257,0.5036350148367953
dielectric_coordination_block_v3,baseline_features_shuffled_target,Morgan+Physical,7,457,-0.017792669327757027,-0.017792669327757027,0.0,-0.00817511504007158,0.48076848625629115,0.5045746785361029
dielectric_coordination_block_v3,baseline_features_shuffled_target,Morgan+Physical,8,457,-0.027854220537947283,-0.027854220537947283,0.0,0.003402970321760514,0.4845528455284553,0.5280539070227497
dielectric_coordination_block_v3,baseline_features_shuffled_target,Morgan+Physical,9,457,-0.016003111144779147,-0.016003111144779147,0.0,0.054725600156870065,0.5151761517615177,0.5528437190900098
dielectric_coordination_block_v3,baseline_features_shuffled_target,Physical,0,457,-0.024405427836851734,-0.024405427836851734,0.0,0.025530189004336436,0.5096883468834688,0.5492087042532147
dielectric_coordination_block_v3,baseline_features_shuffled_target,Physical,1,457,-0.04589686611976651,-0.04589686611976651,0.0,-0.02452167084921547,0.45223577235772355,0.5191023738872403
dielectric_coordination_block_v3,baseline_features_shuffled_target,Physical,2,457,-0.04365007803047849,-0.04365007803047849,0.0,0.010252922549731106,0.4834494773519164,0.5479228486646884
dielectric_coordination_block_v3,baseline_features_shuffled_target,Physical,3,457,-0.04745745087416875,-0.04745745087416875,0.0,-0.017244086204076404,0.4707607433217189,0.5199925816023738
dielectric_coordination_block_v3,baseline_features_shuffled_target,Physical,4,457,-0.10514585701476764,-0.10514585701476764,0.0,-0.03233962788088528,0.47319008904374754,0.508419881305638
dielectric_coordination_block_v3,baseline_features_shuffled_target,Physical,5,457,-0.06581357731972082,-0.06581357731972082,0.0,-0.029443593439570835,0.46567944250871074,0.5227126607319486
dielectric_coordination_block_v3,baseline_features_shuffled_target,Physical,6,457,-0.08737091805701325,-0.08737091805701325,0.0,-0.03202563700782944,0.4610046457607433,0.494782393669634
dielectric_coordination_block_v3,baseline_features_shuffled_target,Physical,7,457,-0.03304201286369768,-0.03304201286369768,0.0,0.0028661423514607315,0.47943283004258613,0.525024727992087
dielectric_coordination_block_v3,baseline_features_shuffled_target,Physical,8,457,-0.06914195917697352,-0.06914195917697352,0.0,-0.030024231956482753,0.4579171506000774,0.5215009891196836
dielectric_coordination_block_v3,baseline_features_shuffled_target,Physical,9,457,-0.025302173972695963,-0.025302173972695963,0.0,0.056304575095391274,0.4998644986449864,0.5592482690405539
dielectric_coordination_block_v3,lever4_features_shuffled_target,Morgan,0,457,-0.08974913439427112,-0.08974913439427112,0.0,0.020743779859713547,0.5287650019357336,0.5058852621167161
dielectric_coordination_block_v3,lever4_features_shuffled_target,Morgan,1,457,-0.05218447747252908,-0.05218447747252908,0.0,0.04472726230305024,0.5358594657375145,0.5000741839762611
dielectric_coordination_block_v3,lever4_features_shuffled_target,Morgan,2,457,-0.09040318700179939,-0.09040318700179939,0.0,-0.02374220901194369,0.49634146341463414,0.47091988130563794
dielectric_coordination_block_v3,lever4_features_shuffled_target,Morgan,3,457,-0.07028323986440865,-0.07028323986440865,0.0,-0.014021613315301574,0.503319783197832,0.49235905044510386
dielectric_coordination_block_v3,lever4_features_shuffled_target,Morgan,4,457,-0.08464425801125608,-0.08464425801125608,0.0,-0.006622649001318635,0.5047522260936895,0.48618941641938673
dielectric_coordination_block_v3,lever4_features_shuffled_target,Morgan,5,457,-0.10185870591606427,-0.10185870591606427,0.0,-0.05423538407301429,0.48471738288811456,0.45790059347181006
dielectric_coordination_block_v3,lever4_features_shuffled_target,Morgan,6,457,-0.03702714903837845,-0.03702714903837845,0.0,0.0709046240592957,0.5458575300038715,0.5227497527200792
dielectric_coordination_block_v3,lever4_features_shuffled_target,Morgan,7,457,-0.05281834466130597,-0.05281834466130597,0.0,0.006935670303206452,0.49876113046844756,0.48993570722057367
dielectric_coordination_block_v3,lever4_features_shuffled_target,Morgan,8,457,-0.04613348871292122,-0.04613348871292122,0.0,0.00646391986947242,0.5035907859078591,0.49951780415430264
dielectric_coordination_block_v3,lever4_features_shuffled_target,Morgan,9,457,-0.05143063131896697,-0.05143063131896697,0.0,0.03787395230575903,0.5419957413859852,0.5207096933728982
dielectric_coordination_block_v3,lever4_features_shuffled_target,Morgan+Physical,0,457,-0.014428847020502955,-0.014428847020502955,0.0,0.02314139219577873,0.5142566782810685,0.5259891196834817
dielectric_coordination_block_v3,lever4_features_shuffled_target,Morgan+Physical,1,457,-0.009782563610770234,-0.009782563610770234,0.0,0.03360674209387588,0.5039779326364693,0.5093966369930762
dielectric_coordination_block_v3,lever4_features_shuffled_target,Morgan+Physical,2,457,-0.03034528104969958,-0.03034528104969958,0.0,0.0024751710526070203,0.4903310104529617,0.5220079129574678
dielectric_coordination_block_v3,lever4_features_shuffled_target,Morgan+Physical,3,457,-0.01683807768954515,-0.01683807768954515,0.0,-0.0023766670008470827,0.49156020131629885,0.5129698318496538
dielectric_coordination_block_v3,lever4_features_shuffled_target,Morgan+Physical,4,457,-0.039987694434181265,-0.039987694434181265,0.0,0.0074968287095523445,0.494618660472319,0.5065034619188922
dielectric_coordination_block_v3,lever4_features_shuffled_target,Morgan+Physical,5,457,-0.037090820755609544,-0.037090820755609544,0.0,-0.018456997958521133,0.48519163763066203,0.49484421364985165
dielectric_coordination_block_v3,lever4_features_shuffled_target,Morgan+Physical,6,457,-0.004492408718146601,-0.004492408718146601,0.0,0.032225226840596116,0.5000580720092915,0.5117828882294758
dielectric_coordination_block_v3,lever4_features_shuffled_target,Morgan+Physical,7,457,-0.0199364757027527,-0.0199364757027527,0.0,-0.022356526718430893,0.4721641502129307,0.4863625123639961
dielectric_coordination_block_v3,lever4_features_shuffled_target,Morgan+Physical,8,457,-0.023077401794054708,-0.023077401794054708,0.0,0.008280609910486143,0.48511420828493995,0.5255811078140455
dielectric_coordination_block_v3,lever4_features_shuffled_target,Morgan+Physical,9,457,-0.004262548353930029,-0.004262548353930029,0.0,0.05847714831452384,0.5230739450251646,0.5488996043521266
dielectric_coordination_block_v3,lever4_features_shuffled_target,Physical,0,457,-0.016284352802658164,-0.016284352802658164,0.0,0.03701540052792545,0.5120112272551297,0.537784371909001
dielectric_coordination_block_v3,lever4_features_shuffled_target,Physical,1,457,-0.024262998473044695,-0.024262998473044695,0.0,0.014925893099276973,0.4848528842431281,0.5143916913946587
dielectric_coordination_block_v3,lever4_features_shuffled_target,Physical,2,457,-0.029837940161687504,-0.029837940161687504,0.0,0.023978858114518536,0.48682733255903987,0.5527942631058358
dielectric_coordination_block_v3,lever4_features_shuffled_target,Physical,3,457,-0.0195979582935073,-0.0195979582935073,0.0,0.010707167453513307,0.48724351529229576,0.5216493570722058
dielectric_coordination_block_v3,lever4_features_shuffled_target,Physical,4,457,-0.0838378796993553,-0.0838378796993553,0.0,0.018686477186630652,0.49386372435152925,0.5219831849653809
dielectric_coordination_block_v3,lever4_features_shuffled_target,Physical,5,457,-0.032535824752023546,-0.032535824752023546,0.0,-0.006729962944780207,0.4760356174990321,0.5184099901088032
dielectric_coordination_block_v3,lever4_features_shuffled_target,Physical,6,457,-0.0346131613118803,-0.0346131613118803,0.0,0.002262756354876383,0.47773906310491676,0.5007542037586548
dielectric_coordination_block_v3,lever4_features_shuffled_target,Physical,7,457,-0.054629013300968365,-0.054629013300968365,0.0,-0.015956571046286512,0.46939605110336813,0.5048837784371909
dielectric_coordination_block_v3,lever4_features_shuffled_target,Physical,8,457,-0.061023701903091254,-0.061023701903091254,0.0,-0.028784686901664396,0.45849787069299264,0.5142556874381801
dielectric_coordination_block_v3,lever4_features_shuffled_target,Physical,9,457,-0.0027394613250348865,-0.0027394613250348865,0.0,0.045888510547501565,0.5003871467286102,0.5405662710187933
dielectric_coordination_block_v3,no_information_floor,Morgan+Physical,0,457,-0.001438821898705811,-0.001438821898705811,0.0,-0.045870477872811746,0.489121176926055,0.5013476755687438
dielectric_coordination_block_v3,no_information_floor,Morgan+Physical,1,457,-0.008429512163228292,-0.008429512163228292,0.0,-0.11223955433706727,0.4622144792876501,0.4165182987141445
dielectric_coordination_block_v3,no_information_floor,Morgan+Physical,2,457,-0.007379642393106733,-0.007379642393106733,0.0,-0.12270753489278567,0.4519550909794813,0.4230341246290801
dielectric_coordination_block_v3,no_information_floor,Morgan+Physical,3,457,-0.006551371048867827,-0.006551371048867827,0.0,-0.08740645123818347,0.4577235772357724,0.47847428288822946
dielectric_coordination_block_v3,no_information_floor,Morgan+Physical,4,457,-0.0012429206810391502,-0.0012429206810391502,0.0,-0.024436999931777625,0.5122338366240805,0.49831849653808113
dielectric_coordination_block_v3,no_information_floor,Morgan+Physical,5,457,-0.004897079816722272,-0.004897079816722272,0.0,-0.08610675888817215,0.4841463414634146,0.45644164193867454
dielectric_coordination_block_v3,no_information_floor,Morgan+Physical,6,457,-0.005904313806477823,-0.005904313806477823,0.0,-0.059953530803685755,0.489043747580333,0.4447329376854599
dielectric_coordination_block_v3,no_information_floor,Morgan+Physical,7,457,-0.0054427377658159415,-0.0054427377658159415,0.0,-0.07163313620528497,0.4741289198606272,0.4480712166172106
dielectric_coordination_block_v3,no_information_floor,Morgan+Physical,8,457,-0.0011486141884105017,-0.0011486141884105017,0.0,-0.06803421917094657,0.452787456445993,0.4706726013847675
dielectric_coordination_block_v3,no_information_floor,Morgan+Physical,9,457,-0.001098104569876135,-0.001098104569876135,0.0,-0.013560242233445766,0.5152729384436701,0.5094584569732938
dielectric_coordination_block_v3,no_information_floor_real_labels,Morgan+Physical,0,457,-0.12768282536751108,-0.12768282536751108,0.0,-0.49056093432228626,0.2640727835849787,0.2406280909990109
dielectric_coordination_block_v3,no_information_floor_real_labels,Morgan+Physical,1,457,-0.050313569578466444,-0.050313569578466444,0.0,-0.3550967452871786,0.3644696089818041,0.26015084075173095
dielectric_coordination_block_v3,no_information_floor_real_labels,Morgan+Physical,2,457,-0.1419574239665753,-0.1419574239665753,0.0,-0.5036136166495839,0.27235772357723576,0.20008654797230466
dielectric_coordination_block_v3,no_information_floor_real_labels,Morgan+Physical,3,457,-0.0031269284290955657,-0.0031269284290955657,0.0,-0.1315156285915522,0.4319783197831978,0.49892433234421363
dielectric_coordination_block_v3,no_information_floor_real_labels,Morgan+Physical,4,457,-0.07601487520673,-0.07601487520673,0.0,-0.38298434675333287,0.35240030971738284,0.26184470820969336
dielectric_coordination_block_v3,no_information_floor_real_labels,Morgan+Physical,5,457,-0.00794419610378072,-0.00794419610378072,0.0,-0.12723259296840667,0.45393921796360825,0.4479104846686449
dielectric_coordination_block_v3,no_information_floor_real_labels,Morgan+Physical,6,457,-0.10427104132022347,-0.10427104132022347,0.0,-0.3991630747828927,0.333168795973674,0.3165182987141444
dielectric_coordination_block_v3,no_information_floor_real_labels,Morgan+Physical,7,457,-0.0887760865185574,-0.0887760865185574,0.0,-0.4337514236627027,0.2989159891598916,0.3315900098911968
dielectric_coordination_block_v3,no_information_floor_real_labels,Morgan+Physical,8,457,-0.04028391550375998,-0.04028391550375998,0.0,-0.29429265659345616,0.3887340301974448,0.3543150346191889
dielectric_coordination_block_v3,no_information_floor_real_labels,Morgan+Physical,9,457,-0.04674056596823828,-0.04674056596823828,0.0,-0.41721599466708453,0.30490708478513356,0.3101632047477745
dielectric_coordination_block_v3,placebo_shuffled_target,Morgan,0,457,-0.08974913439427112,-0.08974913439427112,0.0,0.020743779859713547,0.5287650019357336,0.5058852621167161
dielectric_coordination_block_v3,placebo_shuffled_target,Morgan,1,457,-0.05218447747252908,-0.05218447747252908,0.0,0.04472726230305024,0.5358594657375145,0.5000741839762611
dielectric_coordination_block_v3,placebo_shuffled_target,Morgan,2,457,-0.09040318700179939,-0.09040318700179939,0.0,-0.02374220901194369,0.49634146341463414,0.47091988130563794
dielectric_coordination_block_v3,placebo_shuffled_target,Morgan,3,457,-0.07028323986440865,-0.07028323986440865,0.0,-0.014021613315301574,0.503319783197832,0.49235905044510386
dielectric_coordination_block_v3,placebo_shuffled_target,Morgan,4,457,-0.08464425801125608,-0.08464425801125608,0.0,-0.006622649001318635,0.5047522260936895,0.48618941641938673
dielectric_coordination_block_v3,placebo_shuffled_target,Morgan,5,457,-0.10185870591606427,-0.10185870591606427,0.0,-0.05423538407301429,0.48471738288811456,0.45790059347181006
dielectric_coordination_block_v3,placebo_shuffled_target,Morgan,6,457,-0.03702714903837845,-0.03702714903837845,0.0,0.0709046240592957,0.5458575300038715,0.5227497527200792
dielectric_coordination_block_v3,placebo_shuffled_target,Morgan,7,457,-0.05281834466130597,-0.05281834466130597,0.0,0.006935670303206452,0.49876113046844756,0.48993570722057367
dielectric_coordination_block_v3,placebo_shuffled_target,Morgan,8,457,-0.04613348871292122,-0.04613348871292122,0.0,0.00646391986947242,0.5035907859078591,0.49951780415430264
dielectric_coordination_block_v3,placebo_shuffled_target,Morgan,9,457,-0.05143063131896697,-0.05143063131896697,0.0,0.03787395230575903,0.5419957413859852,0.5207096933728982
dielectric_coordination_block_v3,placebo_shuffled_target,Morgan+Physical,0,457,-0.020338597713853712,-0.020338597713853712,0.0,0.008901098051949557,0.5059233449477352,0.5158877349159248
dielectric_coordination_block_v3,placebo_shuffled_target,Morgan+Physical,1,457,-0.01893504511143229,-0.01893504511143229,0.0,0.029298467053024548,0.5103368176538908,0.5154920870425321
dielectric_coordination_block_v3,placebo_shuffled_target,Morgan+Physical,2,457,-0.0531216275087123,-0.0531216275087123,0.0,-0.02146255937271809,0.48034262485482,0.50351137487636
dielectric_coordination_block_v3,placebo_shuffled_target,Morgan+Physical,3,457,-0.022415462650048346,-0.022415462650048346,0.0,-0.009827628806719677,0.48742740998838563,0.5176434223541049
dielectric_coordination_block_v3,placebo_shuffled_target,Morgan+Physical,4,457,-0.06223775638085116,-0.06223775638085116,0.0,-0.05551278538853085,0.4672377080913666,0.4709817012858556
dielectric_coordination_block_v3,placebo_shuffled_target,Morgan+Physical,5,457,-0.04653447597798155,-0.04653447597798155,0.0,-0.03927690699580866,0.47794231513743707,0.49107319485657763
dielectric_coordination_block_v3,placebo_shuffled_target,Morgan+Physical,6,457,-0.006081431760040834,-0.006081431760040834,0.0,0.040289382209704766,0.5131049167634534,0.5193867457962413
dielectric_coordination_block_v3,placebo_shuffled_target,Morgan+Physical,7,457,-0.014826867667540267,-0.014826867667540267,0.0,0.009071424518878967,0.4959446380178087,0.5144164193867458
dielectric_coordination_block_v3,placebo_shuffled_target,Morgan+Physical,8,457,-0.02763112406305357,-0.02763112406305357,0.0,-0.0030973800389587796,0.4870692992644212,0.5271142433234421
dielectric_coordination_block_v3,placebo_shuffled_target,Morgan+Physical,9,457,-0.031740302445879554,-0.031740302445879554,0.0,0.042921967552687845,0.5339430894308943,0.5558728981206726
dielectric_coordination_block_v3,placebo_shuffled_target,Physical,0,457,-0.021017620908583723,-0.021017620908583723,0.0,0.0347195227094705,0.504084397986837,0.54364490603363
dielectric_coordination_block_v3,placebo_shuffled_target,Physical,1,457,-0.03534015774693988,-0.03534015774693988,0.0,0.018574576376507675,0.498703058459156,0.522910484668645
dielectric_coordination_block_v3,placebo_shuffled_target,Physical,2,457,-0.0732853855465403,-0.0732853855465403,0.0,-0.00845849510153187,0.472483546264034,0.5263600395647873
dielectric_coordination_block_v3,placebo_shuffled_target,Physical,3,457,-0.03035569829146101,-0.03035569829146101,0.0,-0.021597508057088138,0.46698606271777,0.5233308605341247
dielectric_coordination_block_v3,placebo_shuffled_target,Physical,4,457,-0.10030099595966635,-0.10030099595966635,0.0,-0.032864698638267374,0.47470963995354243,0.4952645895153313
dielectric_coordination_block_v3,placebo_shuffled_target,Physical,5,457,-0.040064234206724336,-0.040064234206724336,0.0,-0.030771991043079816,0.4686701509872241,0.5134025717111771
dielectric_coordination_block_v3,placebo_shuffled_target,Physical,6,457,-0.033032581504959024,-0.033032581504959024,0.0,-0.009017062416856953,0.4791908633372048,0.4977992087042532
dielectric_coordination_block_v3,placebo_shuffled_target,Physical,7,457,-0.016218084225613216,-0.016218084225613216,0.0,0.012420947082868516,0.49280874951606657,0.5409990108803164
dielectric_coordination_block_v3,placebo_shuffled_target,Physical,8,457,-0.06122487098295948,-0.06122487098295948,0.0,-0.004063342627379823,0.47710027100271,0.5401706231454007
dielectric_coordination_block_v3,placebo_shuffled_target,Physical,9,457,-0.06072863498366021,-0.06072863498366021,0.0,0.03588124618229251,0.5210123886953155,0.5545375865479722
dielectric_coordination_block_v3,plus_both,Morgan,0,457,-0.10955067846774535,-0.10955067846774535,0.0,-0.024082866512766792,0.5437379016647309,0.4983679525222552
dielectric_coordination_block_v3,plus_both,Morgan,1,457,0.1312278281744378,0.1312278281744378,0.0,0.6903750201015879,0.8552361595044522,0.8370301681503461
dielectric_coordination_block_v3,plus_both,Morgan,2,457,0.16586799903427585,0.16586799903427585,0.0,0.6825982144686984,0.8733255903987611,0.8552423343224531
dielectric_coordination_block_v3,plus_both,Morgan,3,457,0.13483978348900205,0.13483978348900205,0.0,0.5631610111443214,0.7621080139372822,0.810126112759644
dielectric_coordination_block_v3,plus_both,Morgan,4,457,0.10228847111567263,0.10228847111567263,0.0,0.6229287783046534,0.8393050716221448,0.8089886251236399
dielectric_coordination_block_v3,plus_both,Morgan,5,457,0.1819019920720838,0.1819019920720838,0.0,0.669731757150507,0.8596205962059621,0.8317754698318497
dielectric_coordination_block_v3,plus_both,Morgan,6,457,-0.07369182949900233,-0.07369182949900233,0.0,0.1533333128633057,0.6124661246612466,0.6886498516320475
dielectric_coordination_block_v3,plus_both,Morgan,7,457,0.11419280513887242,0.11419280513887242,0.0,0.6366178391073837,0.8460220673635308,0.8113996043521267
dielectric_coordination_block_v3,plus_both,Morgan,8,457,0.16145600051707287,0.16145600051707287,0.0,0.6469044049348538,0.8369047619047619,0.8398615232443126
dielectric_coordination_block_v3,plus_both,Morgan,9,457,-0.15979373447372613,-0.15979373447372613,0.0,0.30838053714777547,0.6772744870305846,0.7565034619188922
dielectric_coordination_block_v3,plus_both,Morgan+Physical,0,457,0.4641683092114449,0.4641683092114449,0.0,0.6933209360850636,0.8585753000387147,0.9512858555885262
dielectric_coordination_block_v3,plus_both,Morgan+Physical,1,457,0.4038196902995732,0.4038196902995732,0.0,0.8783910623559096,0.9455865272938444,0.9504451038575668
dielectric_coordination_block_v3,plus_both,Morgan+Physical,2,457,0.4793905008997835,0.4793905008997835,0.0,0.8520380489978606,0.9387146728610143,0.9548466864490603
dielectric_coordination_block_v3,plus_both,Morgan+Physical,3,457,0.4894118359931424,0.4894118359931424,0.0,0.8521296469600166,0.910956252419667,0.9526829871414441
dielectric_coordination_block_v3,plus_both,Morgan+Physical,4,457,0.5409718335825064,0.5409718335825064,0.0,0.8648975339352929,0.9342431281455672,0.9591493570722056
dielectric_coordination_block_v3,plus_both,Morgan+Physical,5,457,0.4956091804390489,0.4956091804390489,0.0,0.8874123799831685,0.9478513356562137,0.9625618199802177
dielectric_coordination_block_v3,plus_both,Morgan+Physical,6,457,0.44122211105078923,0.44122211105078923,0.0,0.7519766572723675,0.8809523809523809,0.9583209693372898
dielectric_coordination_block_v3,plus_both,Morgan+Physical,7,457,0.49285309605332617,0.49285309605332617,0.0,0.8747914099494765,0.9409988385598141,0.9633407517309593
dielectric_coordination_block_v3,plus_both,Morgan+Physical,8,457,0.5481700994700015,0.5481700994700015,0.0,0.9037540353586649,0.9478706929926443,0.9801186943620178
dielectric_coordination_block_v3,plus_both,Morgan+Physical,9,457,0.410783726508259,0.410783726508259,0.0,0.6902262458148628,0.8581687959736739,0.9466122650840751
dielectric_coordination_block_v3,plus_both,Physical,0,457,0.3886302090473811,0.3886302090473811,0.0,0.8254103090393483,0.9238095238095239,0.9572700296735905
dielectric_coordination_block_v3,plus_both,Physical,1,457,0.35585809438517035,0.35585809438517035,0.0,0.8899192700692461,0.948664343786295,0.9625370919881305
dielectric_coordination_block_v3,plus_both,Physical,2,457,0.47972592268300907,0.47972592268300907,0.0,0.8898003187622411,0.9429926442121563,0.957542037586548
dielectric_coordination_block_v3,plus_both,Physical,3,457,0.4816983919334209,0.4816983919334209,0.0,0.899520246359003,0.9415795586527294,0.9396018793273987
dielectric_coordination_block_v3,plus_both,Physical,4,457,0.43070879171304244,0.43070879171304244,0.0,0.8977487454850166,0.9429152148664344,0.9585558852621167
dielectric_coordination_block_v3,plus_both,Physical,5,457,0.45057009437241147,0.45057009437241147,0.0,0.9014133530830117,0.9486449864498644,0.9590999010880317
dielectric_coordination_block_v3,plus_both,Physical,6,457,0.5452332813406722,0.5452332813406722,0.0,0.908663642089334,0.9444831591173055,0.9664070227497527
dielectric_coordination_block_v3,plus_both,Physical,7,457,0.3703347116863446,0.3703347116863446,0.0,0.8956575987742819,0.9418505613627565,0.9621290801186944
dielectric_coordination_block_v3,plus_both,Physical,8,457,0.5488547201204018,0.5488547201204018,0.0,0.9158869448466973,0.9490127758420441,0.9794757665677548
dielectric_coordination_block_v3,plus_both,Physical,9,457,0.47385159457335935,0.47385159457335935,0.0,0.763338295176402,0.8853077816492451,0.9594213649851632
dielectric_coordination_block_v3,plus_lever4,Morgan,0,457,-0.10955067846774535,-0.10955067846774535,0.0,-0.024082866512766792,0.5437379016647309,0.4983679525222552
dielectric_coordination_block_v3,plus_lever4,Morgan,1,457,0.1312278281744378,0.1312278281744378,0.0,0.6903750201015879,0.8552361595044522,0.8370301681503461
dielectric_coordination_block_v3,plus_lever4,Morgan,2,457,0.16586799903427585,0.16586799903427585,0.0,0.6825982144686984,0.8733255903987611,0.8552423343224531
dielectric_coordination_block_v3,plus_lever4,Morgan,3,457,0.13483978348900205,0.13483978348900205,0.0,0.5631610111443214,0.7621080139372822,0.810126112759644
dielectric_coordination_block_v3,plus_lever4,Morgan,4,457,0.10228847111567263,0.10228847111567263,0.0,0.6229287783046534,0.8393050716221448,0.8089886251236399
dielectric_coordination_block_v3,plus_lever4,Morgan,5,457,0.1819019920720838,0.1819019920720838,0.0,0.669731757150507,0.8596205962059621,0.8317754698318497
dielectric_coordination_block_v3,plus_lever4,Morgan,6,457,-0.07369182949900233,-0.07369182949900233,0.0,0.1533333128633057,0.6124661246612466,0.6886498516320475
dielectric_coordination_block_v3,plus_lever4,Morgan,7,457,0.11419280513887242,0.11419280513887242,0.0,0.6366178391073837,0.8460220673635308,0.8113996043521267
dielectric_coordination_block_v3,plus_lever4,Morgan,8,457,0.16145600051707287,0.16145600051707287,0.0,0.6469044049348538,0.8369047619047619,0.8398615232443126
dielectric_coordination_block_v3,plus_lever4,Morgan,9,457,-0.15979373447372613,-0.15979373447372613,0.0,0.30838053714777547,0.6772744870305846,0.7565034619188922
dielectric_coordination_block_v3,plus_lever4,Morgan+Physical,0,457,0.48332163770454983,0.48332163770454983,0.0,0.8091942214717186,0.9110336817653891,0.9588526211671612
dielectric_coordination_block_v3,plus_lever4,Morgan+Physical,1,457,0.43057664474378066,0.43057664474378066,0.0,0.8880600667966162,0.9404084397986837,0.9627101879327399
dielectric_coordination_block_v3,plus_lever4,Morgan+Physical,2,457,0.4568409622462192,0.4568409622462192,0.0,0.8367759094601823,0.9232094463801781,0.9492087042532146
dielectric_coordination_block_v3,plus_lever4,Morgan+Physical,3,457,0.49416301392481354,0.49416301392481354,0.0,0.8353168457176603,0.9034456058846302,0.9626112759643917
dielectric_coordination_block_v3,plus_lever4,Morgan+Physical,4,457,0.4962358525101841,0.4962358525101841,0.0,0.8428102352404941,0.9174506387921022,0.9465875370919882
dielectric_coordination_block_v3,plus_lever4,Morgan+Physical,5,457,0.4925836029091044,0.4925836029091044,0.0,0.8814432201367147,0.9459156020131629,0.9676805143422355
dielectric_coordination_block_v3,plus_lever4,Morgan+Physical,6,457,0.4191181681819922,0.4191181681819922,0.0,0.760229660042243,0.8836817653890825,0.9557987141444115
dielectric_coordination_block_v3,plus_lever4,Morgan+Physical,7,457,0.49506749071371425,0.49506749071371425,0.0,0.8612973832112587,0.9260743321718932,0.9698936696340257
dielectric_coordination_block_v3,plus_lever4,Morgan+Physical,8,457,0.559073614810216,0.559073614810216,0.0,0.9034207213232431,0.9411343399148276,0.976236399604352
dielectric_coordination_block_v3,plus_lever4,Morgan+Physical,9,457,0.3225834810789787,0.3225834810789787,0.0,0.6552915577027532,0.8228803716608595,0.9408753709198813
dielectric_coordination_block_v3,plus_lever4,Physical,0,457,0.5514858314264739,0.5514858314264739,0.0,0.8609883455101224,0.9158923732094464,0.9606577645895154
dielectric_coordination_block_v3,plus_lever4,Physical,1,457,0.3244047796346512,0.3244047796346512,0.0,0.9051951622496174,0.9508226867982966,0.9707715133531157
dielectric_coordination_block_v3,plus_lever4,Physical,2,457,0.46375199605117867,0.46375199605117867,0.0,0.8522184163688377,0.9192315137437088,0.951162215628091
dielectric_coordination_block_v3,plus_lever4,Physical,3,457,0.5802803349929171,0.5802803349929171,0.0,0.8854373467041611,0.929810298102981,0.9594708209693373
dielectric_coordination_block_v3,plus_lever4,Physical,4,457,0.42038142815747237,0.42038142815747237,0.0,0.8585838548426127,0.899467673248161,0.9534124629080118
dielectric_coordination_block_v3,plus_lever4,Physical,5,457,0.3887619562516961,0.3887619562516961,0.0,0.8964043441579846,0.9428861788617886,0.9620178041543027
dielectric_coordination_block_v3,plus_lever4,Physical,6,457,0.39473777236381014,0.39473777236381014,0.0,0.8984663567880807,0.9356949283778552,0.9724901088031651
dielectric_coordination_block_v3,plus_lever4,Physical,7,457,0.43964663408953353,0.43964663408953353,0.0,0.8824931325969243,0.9255323267518389,0.9742457962413452
dielectric_coordination_block_v3,plus_lever4,Physical,8,457,0.6082896120963326,0.6082896120963326,0.0,0.9168935234614357,0.9434668989547038,0.9748763600395648
dielectric_coordination_block_v3,plus_lever4,Physical,9,457,0.05482338422532296,0.05482338422532296,0.0,0.7301935661162855,0.8521099496709252,0.9547972304648863
dielectric_coordination_block_v3,plus_lever8,Morgan,0,457,-0.10955067846774535,-0.10955067846774535,0.0,-0.024082866512766792,0.5437379016647309,0.4983679525222552
dielectric_coordination_block_v3,plus_lever8,Morgan,1,457,0.1312278281744378,0.1312278281744378,0.0,0.6903750201015879,0.8552361595044522,0.8370301681503461
dielectric_coordination_block_v3,plus_lever8,Morgan,2,457,0.16586799903427585,0.16586799903427585,0.0,0.6825982144686984,0.8733255903987611,0.8552423343224531
dielectric_coordination_block_v3,plus_lever8,Morgan,3,457,0.13483978348900205,0.13483978348900205,0.0,0.5631610111443214,0.7621080139372822,0.810126112759644
dielectric_coordination_block_v3,plus_lever8,Morgan,4,457,0.10228847111567263,0.10228847111567263,0.0,0.6229287783046534,0.8393050716221448,0.8089886251236399
dielectric_coordination_block_v3,plus_lever8,Morgan,5,457,0.1819019920720838,0.1819019920720838,0.0,0.669731757150507,0.8596205962059621,0.8317754698318497
dielectric_coordination_block_v3,plus_lever8,Morgan,6,457,-0.07369182949900233,-0.07369182949900233,0.0,0.1533333128633057,0.6124661246612466,0.6886498516320475
dielectric_coordination_block_v3,plus_lever8,Morgan,7,457,0.11419280513887242,0.11419280513887242,0.0,0.6366178391073837,0.8460220673635308,0.8113996043521267
dielectric_coordination_block_v3,plus_lever8,Morgan,8,457,0.16145600051707287,0.16145600051707287,0.0,0.6469044049348538,0.8369047619047619,0.8398615232443126
dielectric_coordination_block_v3,plus_lever8,Morgan,9,457,-0.15979373447372613,-0.15979373447372613,0.0,0.30838053714777547,0.6772744870305846,0.7565034619188922
dielectric_coordination_block_v3,plus_lever8,Morgan+Physical,0,457,0.4373383389761868,0.4373383389761868,0.0,0.6901301066464919,0.8579752226093689,0.9390207715133531
dielectric_coordination_block_v3,plus_lever8,Morgan+Physical,1,457,0.42322159288028227,0.42322159288028227,0.0,0.8558812370678671,0.9377274487030585,0.9295252225519287
dielectric_coordination_block_v3,plus_lever8,Morgan+Physical,2,457,0.43201231580109456,0.43201231580109456,0.0,0.8176820851410909,0.9267905536198219,0.9484668644906034
dielectric_coordination_block_v3,plus_lever8,Morgan+Physical,3,457,0.4714774069652623,0.4714774069652623,0.0,0.8131010154685191,0.9018195896244676,0.9425939663699308
dielectric_coordination_block_v3,plus_lever8,Morgan+Physical,4,457,0.530085229267697,0.530085229267697,0.0,0.8367581673589,0.9245934959349593,0.9698194856577645
dielectric_coordination_block_v3,plus_lever8,Morgan+Physical,5,457,0.46913592015052485,0.46913592015052485,0.0,0.8455008926027493,0.936488579171506,0.9601632047477745
dielectric_coordination_block_v3,plus_lever8,Morgan+Physical,6,457,0.4029982848762612,0.4029982848762612,0.0,0.7033324820147552,0.8584397986837011,0.9554772502472799
dielectric_coordination_block_v3,plus_lever8,Morgan+Physical,7,457,0.46014603034385915,0.46014603034385915,0.0,0.8271910452167153,0.9335849787069299,0.959013353115727
dielectric_coordination_block_v3,plus_lever8,Morgan+Physical,8,457,0.5370077090108263,0.5370077090108263,0.0,0.8866205977585052,0.9439024390243903,0.9805390702274975
dielectric_coordination_block_v3,plus_lever8,Morgan+Physical,9,457,0.368345277236112,0.368345277236112,0.0,0.5924191583104114,0.8044328300425861,0.9348788328387736
dielectric_coordination_block_v3,plus_lever8,Physical,0,457,0.4676051483212771,0.4676051483212771,0.0,0.8028745500776322,0.916182733255904,0.9453758654797231
dielectric_coordination_block_v3,plus_lever8,Physical,1,457,0.3373521281941072,0.3373521281941072,0.0,0.8500774444857563,0.9346302748741773,0.9449802176063303
dielectric_coordination_block_v3,plus_lever8,Physical,2,457,0.4344048572422491,0.4344048572422491,0.0,0.8163596288707547,0.9263453348819203,0.9502472799208704
dielectric_coordination_block_v3,plus_lever8,Physical,3,457,0.43070028238477986,0.43070028238477986,0.0,0.8310297742234386,0.9150600077429345,0.9361646884272996
dielectric_coordination_block_v3,plus_lever8,Physical,4,457,0.3942643692495682,0.3942643692495682,0.0,0.8627323365853304,0.9385114208284939,0.9715999010880317
dielectric_coordination_block_v3,plus_lever8,Physical,5,457,0.4229100556018609,0.4229100556018609,0.0,0.8464286039463085,0.9381726674409602,0.963427299703264
dielectric_coordination_block_v3,plus_lever8,Physical,6,457,0.5305785714551021,0.5305785714551021,0.0,0.8482011566137337,0.9307588075880759,0.971253709198813
dielectric_coordination_block_v3,plus_lever8,Physical,7,457,0.31939827807825794,0.31939827807825794,0.0,0.8459425690220194,0.9373015873015872,0.9686325420375866
dielectric_coordination_block_v3,plus_lever8,Physical,8,457,0.5405773688899496,0.5405773688899496,0.0,0.8640460850486286,0.9314750290360047,0.9817260138476757
dielectric_coordination_block_v3,plus_lever8,Physical,9,457,0.4277709707958346,0.4277709707958346,0.0,0.6619430068743807,0.8267518389469608,0.9667779426310584
dielectric_observations_benchmark,grouped,Morgan,0,1594,-0.0914539231799405,-0.0914539231799405,0.0,0.05891260695927537,0.5589856652765556,0.4759310240180352
dielectric_observations_benchmark,grouped,Morgan,1,1594,0.04206149804690951,0.04206149804690951,0.0,0.49070900554116303,0.8312035301169478,0.7061313188242434
dielectric_observations_benchmark,grouped,Morgan,2,1594,-0.23673535731572337,-0.23673535731572337,0.0,0.03893315624848936,0.5568040517274362,0.5010589178878002
dielectric_observations_benchmark,grouped,Morgan,3,1594,-0.18931431672756394,-0.18931431672756394,0.0,0.4848025356164871,0.8160717246304728,0.6974442902974074
dielectric_observations_benchmark,grouped,Morgan,4,1594,-0.04234532396920265,-0.04234532396920265,0.0,0.4567791217283212,0.8182023249289003,0.6688697650221104
dielectric_observations_benchmark,grouped,Morgan,5,1594,-0.026233279774124263,-0.026233279774124263,0.0,0.2756719410867113,0.7389444720766218,0.6019639295933408
dielectric_observations_benchmark,grouped,Morgan,6,1594,-0.026984353572436115,-0.026984353572436115,0.0,0.451394598653467,0.8293112573490964,0.6989042313361657
dielectric_observations_benchmark,grouped,Morgan,7,1594,0.06021215389847556,0.06021215389847556,0.0,0.5006469835242469,0.8211499343204396,0.6587379693054712
dielectric_observations_benchmark,grouped,Morgan,8,1594,-0.11369394625520535,-0.11369394625520535,0.0,0.4013331920578231,0.8196466375891138,0.6767569149397382
dielectric_observations_benchmark,grouped,Morgan,9,1594,-0.05387926915583341,-0.05387926915583341,0.0,0.5821209791829783,0.864853942686613,0.7938610942512789
dielectric_observations_benchmark,grouped,Morgan+Physical,0,1594,0.08863849051209449,0.08863849051209449,0.0,0.36743009393717435,0.7825847138794302,0.804325630798578
dielectric_observations_benchmark,grouped,Morgan+Physical,1,1594,0.16306649467989254,0.16306649467989254,0.0,0.4420454225108206,0.8063226141740317,0.8400329489291598
dielectric_observations_benchmark,grouped,Morgan+Physical,2,1594,0.016946389049687816,0.016946389049687816,0.0,0.4024966580191964,0.8028720460139522,0.8373363392005551
dielectric_observations_benchmark,grouped,Morgan+Physical,3,1594,0.22666478643502563,0.22666478643502563,0.0,0.5587893233286403,0.875250283761207,0.8695623428422786
dielectric_observations_benchmark,grouped,Morgan+Physical,4,1594,0.2378720418053658,0.2378720418053658,0.0,0.5398354604329606,0.8651823404879418,0.8685391918841585
dielectric_observations_benchmark,grouped,Morgan+Physical,5,1594,0.04713001978176523,0.04713001978176523,0.0,0.3308489059591119,0.7757178520870796,0.8297125639469348
dielectric_observations_benchmark,grouped,Morgan+Physical,6,1594,0.07377447875772891,0.07377447875772891,0.0,0.31139791827062163,0.757811404012192,0.7845942079250845
dielectric_observations_benchmark,grouped,Morgan+Physical,7,1594,0.32238775023024757,0.32238775023024757,0.0,0.7054886440374434,0.9275253153256559,0.9112947628544178
dielectric_observations_benchmark,grouped,Morgan+Physical,8,1594,0.10791172566665896,0.10791172566665896,0.0,0.31291345051357844,0.7649596357653901,0.7681143241134137
dielectric_observations_benchmark,grouped,Morgan+Physical,9,1594,0.3172578688128289,0.3172578688128289,0.0,0.6237952193165295,0.8980292943592099,0.8982669296800485
dielectric_observations_benchmark,grouped,Physical,0,1594,-0.2970433760487736,-0.2970433760487736,0.0,0.44711610601342694,0.794085013582278,0.8137290817653688
dielectric_observations_benchmark,grouped,Physical,1,1594,-0.2897110979140065,-0.2897110979140065,0.0,0.40453086807669375,0.7696775643723457,0.8252341108124512
dielectric_observations_benchmark,grouped,Physical,2,1594,-0.22086211427921665,-0.22086211427921665,0.0,0.377129065017556,0.7797510872199053,0.8374902453828146
dielectric_observations_benchmark,grouped,Physical,3,1594,0.3252977644379573,0.3252977644379573,0.0,0.6416618078501468,0.9000156228080245,0.9452299921963063
dielectric_observations_benchmark,grouped,Physical,4,1594,0.23497852962378563,0.23497852962378563,0.0,0.552309968346069,0.8592823392126105,0.9055612156420706
dielectric_observations_benchmark,grouped,Physical,5,1594,-0.7455515754595559,-0.7455515754595559,0.0,0.35812987217558157,0.7732979110073843,0.8444355328188677
dielectric_observations_benchmark,grouped,Physical,6,1594,-0.32702326600011133,-0.32702326600011133,0.0,0.36781303869870924,0.7776531672852023,0.8261553802133009
dielectric_observations_benchmark,grouped,Physical,7,1594,0.2866131552515566,0.2866131552515566,0.0,0.6474323143304113,0.8892239290405684,0.9325121390791642
dielectric_observations_benchmark,grouped,Physical,8,1594,-0.2152516019580626,-0.2152516019580626,0.0,0.4431022097059485,0.7974821772455394,0.8218037371022283
dielectric_observations_benchmark,grouped,Physical,9,1594,0.36809626270692275,0.36809626270692275,0.0,0.7087365184001019,0.9280091441251865,0.9465132662793723
dielectric_observations_benchmark,grouped_single_row,Morgan,0,98,0.08299400365552945,0.08299400365552945,0.0,0.5386609030647067,0.8027083333333332,0.74372009569378
dielectric_observations_benchmark,grouped_single_row,Morgan,1,98,0.1176506900090839,0.1176506900090839,0.0,0.5812088966796549,0.8152083333333333,0.7999401913875599
dielectric_observations_benchmark,grouped_single_row,Morgan,2,98,0.07745294558917803,0.07745294558917803,0.0,0.5030746817958335,0.7883333333333334,0.7305622009569378
dielectric_observations_benchmark,grouped_single_row,Morgan,3,98,-0.01710014033407181,-0.01710014033407181,0.0,0.49171799090552215,0.7904166666666667,0.7236842105263158
dielectric_observations_benchmark,grouped_single_row,Morgan,4,98,0.13451046515597964,0.13451046515597964,0.0,0.48733626405281316,0.7689583333333334,0.7452153110047847
dielectric_observations_benchmark,grouped_single_row,Morgan,5,98,0.03192587064321506,0.03192587064321506,0.0,0.5121903013250755,0.7983333333333333,0.7505980861244019
dielectric_observations_benchmark,grouped_single_row,Morgan,6,98,0.07497750552329818,0.07497750552329818,0.0,0.47145944774206716,0.791875,0.7308612440191388
dielectric_observations_benchmark,grouped_single_row,Morgan,7,98,0.1361387517988062,0.1361387517988062,0.0,0.5210938047906559,0.7666666666666666,0.7380382775119617
dielectric_observations_benchmark,grouped_single_row,Morgan,8,98,0.010820989779837142,0.010820989779837142,0.0,0.48851102356169296,0.8102083333333333,0.7057416267942583
dielectric_observations_benchmark,grouped_single_row,Morgan,9,98,0.10576988784254282,0.10576988784254282,0.0,0.5699120799250226,0.8220833333333333,0.7479066985645932
dielectric_observations_benchmark,grouped_single_row,Morgan+Physical,0,98,0.20125709971094385,0.20125709971094385,0.0,0.6693677955863881,0.8295833333333333,0.861842105263158
dielectric_observations_benchmark,grouped_single_row,Morgan+Physical,1,98,0.2436910252410679,0.2436910252410679,0.0,0.6946151688399872,0.8383333333333334,0.8773923444976076
dielectric_observations_benchmark,grouped_single_row,Morgan+Physical,2,98,0.21708865651846676,0.21708865651846676,0.0,0.6602698153760634,0.8358333333333333,0.8516746411483254
dielectric_observations_benchmark,grouped_single_row,Morgan+Physical,3,98,0.18719542817241364,0.18719542817241364,0.0,0.63726665307834,0.81125,0.8534688995215312
dielectric_observations_benchmark,grouped_single_row,Morgan+Physical,4,98,0.15531985718940877,0.15531985718940877,0.0,0.6210152504461622,0.80375,0.8450956937799042
dielectric_observations_benchmark,grouped_single_row,Morgan+Physical,5,98,0.1847047831604388,0.1847047831604388,0.0,0.6444009487022736,0.8183333333333334,0.8702153110047848
dielectric_observations_benchmark,grouped_single_row,Morgan+Physical,6,98,0.1005053740544577,0.1005053740544577,0.0,0.5808872284112756,0.7979166666666666,0.8456937799043063
dielectric_observations_benchmark,grouped_single_row,Morgan+Physical,7,98,0.2779334467805922,0.2779334467805922,0.0,0.7120843109396995,0.8191666666666666,0.8732057416267942
dielectric_observations_benchmark,grouped_single_row,Morgan+Physical,8,98,0.14484149975043747,0.14484149975043747,0.0,0.6802381924039099,0.8604166666666667,0.8235645933014354
dielectric_observations_benchmark,grouped_single_row,Morgan+Physical,9,98,0.14823278015070696,0.14823278015070696,0.0,0.7068180659125599,0.8445833333333332,0.8690191387559809
dielectric_observations_benchmark,grouped_single_row,Physical,0,98,0.1098133775989597,0.1098133775989597,0.0,0.6495672548208782,0.7895833333333333,0.8744019138755982
dielectric_observations_benchmark,grouped_single_row,Physical,1,98,0.2095399856422051,0.2095399856422051,0.0,0.658809803134883,0.7995833333333333,0.8606459330143541
dielectric_observations_benchmark,grouped_single_row,Physical,2,98,0.17931463944007553,0.17931463944007553,0.0,0.6861611241596154,0.8258333333333333,0.8696172248803828
dielectric_observations_benchmark,grouped_single_row,Physical,3,98,0.18393225287007942,0.18393225287007942,0.0,0.6511101547714749,0.7799999999999999,0.8851674641148325
dielectric_observations_benchmark,grouped_single_row,Physical,4,98,0.05343236782232408,0.05343236782232408,0.0,0.6358193920357726,0.7954166666666667,0.8576555023923446
dielectric_observations_benchmark,grouped_single_row,Physical,5,98,0.15603064882116136,0.15603064882116136,0.0,0.6753353565372388,0.8049999999999999,0.8851674641148325
dielectric_observations_benchmark,grouped_single_row,Physical,6,98,-0.021060528750882268,-0.021060528750882268,0.0,0.586040580821926,0.7562499999999999,0.8672248803827751
dielectric_observations_benchmark,grouped_single_row,Physical,7,98,0.19746874316069662,0.19746874316069662,0.0,0.7048438770178787,0.8025,0.8833732057416268
dielectric_observations_benchmark,grouped_single_row,Physical,8,98,0.13639417443403834,0.13639417443403834,0.0,0.6855363154275819,0.8170833333333334,0.8510765550239234
dielectric_observations_benchmark,grouped_single_row,Physical,9,98,0.11205263405789712,0.11205263405789712,0.0,0.6707683283709603,0.7904166666666667,0.8833732057416269
dielectric_observations_benchmark,random_row,Morgan,0,1594,0.9040232996546627,0.9040232996546627,0.0,0.941855890840503,0.9800809197689101,0.9857105696696437
dielectric_observations_benchmark,random_row,Morgan,1,1594,0.9033548152635171,0.9033548152635171,0.0,0.9424943876691261,0.9805233003022534,0.9863402844012833
dielectric_observations_benchmark,random_row,Morgan,2,1594,0.9074304494280575,0.9074304494280575,0.0,0.9400417325476526,0.982087175268776,0.9864627590392786
dielectric_observations_benchmark,random_row,Morgan,3,1594,0.9035692607877331,0.9035692607877331,0.0,0.9367833200573162,0.980160627973116,0.9873298361224312
dielectric_observations_benchmark,random_row,Morgan,4,1594,0.9064816436262114,0.9064816436262114,0.0,0.940431016026258,0.9805663427325247,0.9864378305731379
dielectric_observations_benchmark,random_row,Morgan,5,1594,0.9072802743016141,0.9072802743016141,0.0,0.9414267119342908,0.981349077297828,0.9869938437527096
dielectric_observations_benchmark,random_row,Morgan,6,1594,0.8813055130406441,0.8813055130406441,0.0,0.9411498485042157,0.9813809605795104,0.985702982745166
dielectric_observations_benchmark,random_row,Morgan,7,1594,0.8995007616790724,0.8995007616790724,0.0,0.9422915247017266,0.9806532246751093,0.9865570536720714
dielectric_observations_benchmark,random_row,Morgan,8,1594,0.8983841823475512,0.8983841823475512,0.0,0.9441877664374089,0.9798904171608576,0.9873406745859707
dielectric_observations_benchmark,random_row,Morgan,9,1594,0.8991695532941759,0.8991695532941759,0.0,0.9437810326546949,0.9815467536442593,0.986145192057574
dielectric_observations_benchmark,random_row,Morgan+Physical,0,1594,0.9382929040296326,0.9382929040296326,0.0,0.9684687867941812,0.9864679381719401,0.9938318303997226
dielectric_observations_benchmark,random_row,Morgan+Physical,1,1594,0.9316863816656108,0.9316863816656108,0.0,0.9667674009010602,0.9861809886367984,0.9939120350299142
dielectric_observations_benchmark,random_row,Morgan+Physical,2,1594,0.9383607471069371,0.9383607471069371,0.0,0.9653271638216989,0.9870235043552563,0.9943054712563946
dielectric_observations_benchmark,random_row,Morgan+Physical,3,1594,0.9385976344499338,0.9385976344499338,0.0,0.9675823837415966,0.9865835150680389,0.9933744472383594
dielectric_observations_benchmark,random_row,Morgan+Physical,4,1594,0.9370312195591775,0.9370312195591775,0.0,0.967586248848303,0.9865404726377676,0.9933874533946068
dielectric_observations_benchmark,random_row,Morgan+Physical,5,1594,0.9396216221513058,0.9396216221513058,0.0,0.9685635236839725,0.9860151955720499,0.9941233850689326
dielectric_observations_benchmark,random_row,Morgan+Physical,6,1594,0.9224612390814008,0.9224612390814008,0.0,0.9677519669154523,0.9868513346341712,0.994409520506373
dielectric_observations_benchmark,random_row,Morgan+Physical,7,1594,0.9305313316453243,0.9305313316453243,0.0,0.9676813162267862,0.9858310696203338,0.9935088441862481
dielectric_observations_benchmark,random_row,Morgan+Physical,8,1594,0.9265180620363282,0.9265180620363282,0.0,0.9681012922343772,0.9859633852393158,0.9943401543397209
dielectric_observations_benchmark,random_row,Morgan+Physical,9,1594,0.9335667560610047,0.9335667560610047,0.0,0.9685314229827774,0.9855887566795476,0.9928238532905576
dielectric_observations_benchmark,random_row,Physical,0,1594,0.9441215068734483,0.9441215068734483,0.0,0.9753831032759401,0.9857433905957073,0.9959171507847048
dielectric_observations_benchmark,random_row,Physical,1,1594,0.9324250480098424,0.9324250480098424,0.0,0.9731553767264116,0.9851543469666245,0.9960949015867511
dielectric_observations_benchmark,random_row,Physical,2,1594,0.9420890038802634,0.9420890038802634,0.0,0.9738328053787226,0.9855010776549209,0.996462325500737
dielectric_observations_benchmark,random_row,Physical,3,1594,0.9442911141438851,0.9442911141438851,0.0,0.9739191439747765,0.9857936067643571,0.9958174369201422
dielectric_observations_benchmark,random_row,Physical,4,1594,0.9416371101297043,0.9416371101297043,0.0,0.9740223475576902,0.9864129395110379,0.9955789907222752
dielectric_observations_benchmark,random_row,Physical,5,1594,0.9439979644745474,0.9439979644745474,0.0,0.9726007931150159,0.9846234903266123,0.9962130408393306
dielectric_observations_benchmark,random_row,Physical,6,1594,0.9346897763913056,0.9346897763913056,0.0,0.9752257843677311,0.9861977273596816,0.996206537761207
dielectric_observations_benchmark,random_row,Physical,7,1594,0.9338964013082932,0.9338964013082932,0.0,0.9740293678673787,0.985502671819005,0.9959735107951097
dielectric_observations_benchmark,random_row,Physical,8,1594,0.928205008951861,0.928205008951861,0.0,0.9747582509169757,0.9857210722985296,0.996462325500737
dielectric_observations_benchmark,random_row,Physical,9,1594,0.9375294693487679,0.9375294693487679,0.0,0.9743306476040141,0.9846003749473925,0.9950598283187375
dielectric_room_window_paired,band_all,Morgan,0,1594,-0.0914539231799405,-0.0914539231799405,0.0,0.05891260695927537,0.5589856652765556,0.4759310240180352
dielectric_room_window_paired,band_all,Morgan,1,1594,0.04206149804690951,0.04206149804690951,0.0,0.49070900554116303,0.8312035301169478,0.7061313188242434
dielectric_room_window_paired,band_all,Morgan,2,1594,-0.23673535731572337,-0.23673535731572337,0.0,0.03893315624848936,0.5568040517274362,0.5010589178878002
dielectric_room_window_paired,band_all,Morgan,3,1594,-0.18931431672756394,-0.18931431672756394,0.0,0.4848025356164871,0.8160717246304728,0.6974442902974074
dielectric_room_window_paired,band_all,Morgan,4,1594,-0.04234532396920265,-0.04234532396920265,0.0,0.4567791217283212,0.8182023249289003,0.6688697650221104
dielectric_room_window_paired,band_all,Morgan,5,1594,-0.026233279774124263,-0.026233279774124263,0.0,0.2756719410867113,0.7389444720766218,0.6019639295933408
dielectric_room_window_paired,band_all,Morgan,6,1594,-0.026984353572436115,-0.026984353572436115,0.0,0.451394598653467,0.8293112573490964,0.6989042313361657
dielectric_room_window_paired,band_all,Morgan,7,1594,0.06021215389847556,0.06021215389847556,0.0,0.5006469835242469,0.8211499343204396,0.6587379693054712
dielectric_room_window_paired,band_all,Morgan,8,1594,-0.11369394625520535,-0.11369394625520535,0.0,0.4013331920578231,0.8196466375891138,0.6767569149397382
dielectric_room_window_paired,band_all,Morgan,9,1594,-0.05387926915583341,-0.05387926915583341,0.0,0.5821209791829783,0.864853942686613,0.7938610942512789
dielectric_room_window_paired,band_all,Morgan+Physical,0,1594,0.08863849051209449,0.08863849051209449,0.0,0.36743009393717435,0.7825847138794302,0.804325630798578
dielectric_room_window_paired,band_all,Morgan+Physical,1,1594,0.16306649467989254,0.16306649467989254,0.0,0.4420454225108206,0.8063226141740317,0.8400329489291598
dielectric_room_window_paired,band_all,Morgan+Physical,2,1594,0.016946389049687816,0.016946389049687816,0.0,0.4024966580191964,0.8028720460139522,0.8373363392005551
dielectric_room_window_paired,band_all,Morgan+Physical,3,1594,0.22666478643502563,0.22666478643502563,0.0,0.5587893233286403,0.875250283761207,0.8695623428422786
dielectric_room_window_paired,band_all,Morgan+Physical,4,1594,0.2378720418053658,0.2378720418053658,0.0,0.5398354604329606,0.8651823404879418,0.8685391918841585
dielectric_room_window_paired,band_all,Morgan+Physical,5,1594,0.04713001978176523,0.04713001978176523,0.0,0.3308489059591119,0.7757178520870796,0.8297125639469348
dielectric_room_window_paired,band_all,Morgan+Physical,6,1594,0.07377447875772891,0.07377447875772891,0.0,0.31139791827062163,0.757811404012192,0.7845942079250845
dielectric_room_window_paired,band_all,Morgan+Physical,7,1594,0.32238775023024757,0.32238775023024757,0.0,0.7054886440374434,0.9275253153256559,0.9112947628544178
dielectric_room_window_paired,band_all,Morgan+Physical,8,1594,0.10791172566665896,0.10791172566665896,0.0,0.31291345051357844,0.7649596357653901,0.7681143241134137
dielectric_room_window_paired,band_all,Morgan+Physical,9,1594,0.3172578688128289,0.3172578688128289,0.0,0.6237952193165295,0.8980292943592099,0.8982669296800485
dielectric_room_window_paired,band_all,Physical,0,1594,-0.2970433760487736,-0.2970433760487736,0.0,0.44711610601342694,0.794085013582278,0.8137290817653688
dielectric_room_window_paired,band_all,Physical,1,1594,-0.2897110979140065,-0.2897110979140065,0.0,0.40453086807669375,0.7696775643723457,0.8252341108124512
dielectric_room_window_paired,band_all,Physical,2,1594,-0.22086211427921665,-0.22086211427921665,0.0,0.377129065017556,0.7797510872199053,0.8374902453828146
dielectric_room_window_paired,band_all,Physical,3,1594,0.3252977644379573,0.3252977644379573,0.0,0.6416618078501468,0.9000156228080245,0.9452299921963063
dielectric_room_window_paired,band_all,Physical,4,1594,0.23497852962378563,0.23497852962378563,0.0,0.552309968346069,0.8592823392126105,0.9055612156420706
dielectric_room_window_paired,band_all,Physical,5,1594,-0.7455515754595559,-0.7455515754595559,0.0,0.35812987217558157,0.7732979110073843,0.8444355328188677
dielectric_room_window_paired,band_all,Physical,6,1594,-0.32702326600011133,-0.32702326600011133,0.0,0.36781303869870924,0.7776531672852023,0.8261553802133009
dielectric_room_window_paired,band_all,Physical,7,1594,0.2866131552515566,0.2866131552515566,0.0,0.6474323143304113,0.8892239290405684,0.9325121390791642
dielectric_room_window_paired,band_all,Physical,8,1594,-0.2152516019580626,-0.2152516019580626,0.0,0.4431022097059485,0.7974821772455394,0.8218037371022283
dielectric_room_window_paired,band_all,Physical,9,1594,0.36809626270692275,0.36809626270692275,0.0,0.7087365184001019,0.9280091441251865,0.9465132662793723
dielectric_room_window_paired,band_room_only,Morgan,0,457,-0.10955067846774535,-0.10955067846774535,0.0,-0.024082866512766792,0.5437379016647309,0.4983679525222552
dielectric_room_window_paired,band_room_only,Morgan,1,457,0.1312278281744378,0.1312278281744378,0.0,0.6903750201015879,0.8552361595044522,0.8370301681503461
dielectric_room_window_paired,band_room_only,Morgan,2,457,0.16586799903427585,0.16586799903427585,0.0,0.6825982144686984,0.8733255903987611,0.8552423343224531
dielectric_room_window_paired,band_room_only,Morgan,3,457,0.13483978348900205,0.13483978348900205,0.0,0.5631610111443214,0.7621080139372822,0.810126112759644
dielectric_room_window_paired,band_room_only,Morgan,4,457,0.10228847111567263,0.10228847111567263,0.0,0.6229287783046534,0.8393050716221448,0.8089886251236399
dielectric_room_window_paired,band_room_only,Morgan,5,457,0.1819019920720838,0.1819019920720838,0.0,0.669731757150507,0.8596205962059621,0.8317754698318497
dielectric_room_window_paired,band_room_only,Morgan,6,457,-0.07369182949900233,-0.07369182949900233,0.0,0.1533333128633057,0.6124661246612466,0.6886498516320475
dielectric_room_window_paired,band_room_only,Morgan,7,457,0.11419280513887242,0.11419280513887242,0.0,0.6366178391073837,0.8460220673635308,0.8113996043521267
dielectric_room_window_paired,band_room_only,Morgan,8,457,0.16145600051707287,0.16145600051707287,0.0,0.6469044049348538,0.8369047619047619,0.8398615232443126
dielectric_room_window_paired,band_room_only,Morgan,9,457,-0.15979373447372613,-0.15979373447372613,0.0,0.30838053714777547,0.6772744870305846,0.7565034619188922
dielectric_room_window_paired,band_room_only,Morgan+Physical,0,457,0.447193425246294,0.447193425246294,0.0,0.7274667773318803,0.8836430507162214,0.9351755687438181
dielectric_room_window_paired,band_room_only,Morgan+Physical,1,457,0.4129203868816147,0.4129203868816147,0.0,0.8647419254568515,0.9456058846302748,0.9326904055390702
dielectric_room_window_paired,band_room_only,Morgan+Physical,2,457,0.4269432849639294,0.4269432849639294,0.0,0.8094551741940366,0.9218544328300426,0.9257789317507419
dielectric_room_window_paired,band_room_only,Morgan+Physical,3,457,0.42315691979046577,0.42315691979046577,0.0,0.7832827706135533,0.8963608207510646,0.9048343224530168
dielectric_room_window_paired,band_room_only,Morgan+Physical,4,457,0.40477687156569253,0.40477687156569253,0.0,0.8138933275295599,0.9110917537746805,0.9426310583580614
dielectric_room_window_paired,band_room_only,Morgan+Physical,5,457,0.44795602450286376,0.44795602450286376,0.0,0.8461743348167768,0.9370886566008516,0.9573813056379822
dielectric_room_window_paired,band_room_only,Morgan+Physical,6,457,0.3699048728984914,0.3699048728984914,0.0,0.7318860695652335,0.8736933797909407,0.9516444114737884
dielectric_room_window_paired,band_room_only,Morgan+Physical,7,457,0.4686873069965476,0.4686873069965476,0.0,0.8339374011534331,0.9239450251645374,0.9630440158259149
dielectric_room_window_paired,band_room_only,Morgan+Physical,8,457,0.5097062933273586,0.5097062933273586,0.0,0.8715869936927935,0.941753774680604,0.9754945598417408
dielectric_room_window_paired,band_room_only,Morgan+Physical,9,457,0.17993455717788576,0.17993455717788576,0.0,0.4801400063470832,0.7275938830816879,0.9118694362017804
dielectric_room_window_paired,band_room_only,Physical,0,457,0.2404842594351414,0.2404842594351414,0.0,0.8131515335495735,0.9125048393341076,0.9418273986152325
dielectric_room_window_paired,band_room_only,Physical,1,457,0.08357211616344884,0.08357211616344884,0.0,0.8618857964214333,0.9451413085559426,0.9437438180019783
dielectric_room_window_paired,band_room_only,Physical,2,457,0.441190855167954,0.441190855167954,0.0,0.7946631685961453,0.921564072783585,0.9265949554896142
dielectric_room_window_paired,band_room_only,Physical,3,457,0.34818503250642197,0.34818503250642197,0.0,0.7997476566778329,0.9081687959736741,0.9129945598417408
dielectric_room_window_paired,band_room_only,Physical,4,457,0.006028035832564171,0.006028035832564171,0.0,0.8276503194750764,0.9171312427409989,0.9496043521266073
dielectric_room_window_paired,band_room_only,Physical,5,457,0.35542228795722963,0.35542228795722963,0.0,0.8460775353675989,0.9355594270228417,0.9594584569732938
dielectric_room_window_paired,band_room_only,Physical,6,457,0.40102862913623094,0.40102862913623094,0.0,0.8449610225166484,0.9249128919860626,0.9659371909000989
dielectric_room_window_paired,band_room_only,Physical,7,457,0.2908051173616335,0.2908051173616335,0.0,0.8468664900928691,0.9345334881920249,0.9713526211671613
dielectric_room_window_paired,band_room_only,Physical,8,457,0.5745864971299884,0.5745864971299884,0.0,0.8654999441802018,0.9345334881920249,0.9719831849653808
dielectric_room_window_paired,band_room_only,Physical,9,457,-0.20964283539590012,-0.20964283539590012,0.0,0.5266832924065501,0.7461769260549749,0.9244312561819981
dielectric_room_window_paired,cohort_room_rows,Morgan,0,457,-0.10955067846774535,-0.10955067846774535,0.0,-0.024082866512766792,0.5437379016647309,0.4983679525222552
dielectric_room_window_paired,cohort_room_rows,Morgan,1,457,0.1312278281744378,0.1312278281744378,0.0,0.6903750201015879,0.8552361595044522,0.8370301681503461
dielectric_room_window_paired,cohort_room_rows,Morgan,2,457,0.16586799903427585,0.16586799903427585,0.0,0.6825982144686984,0.8733255903987611,0.8552423343224531
dielectric_room_window_paired,cohort_room_rows,Morgan,3,457,0.13483978348900205,0.13483978348900205,0.0,0.5631610111443214,0.7621080139372822,0.810126112759644
dielectric_room_window_paired,cohort_room_rows,Morgan,4,457,0.10228847111567263,0.10228847111567263,0.0,0.6229287783046534,0.8393050716221448,0.8089886251236399
dielectric_room_window_paired,cohort_room_rows,Morgan,5,457,0.1819019920720838,0.1819019920720838,0.0,0.669731757150507,0.8596205962059621,0.8317754698318497
dielectric_room_window_paired,cohort_room_rows,Morgan,6,457,-0.07369182949900233,-0.07369182949900233,0.0,0.1533333128633057,0.6124661246612466,0.6886498516320475
dielectric_room_window_paired,cohort_room_rows,Morgan,7,457,0.11419280513887242,0.11419280513887242,0.0,0.6366178391073837,0.8460220673635308,0.8113996043521267
dielectric_room_window_paired,cohort_room_rows,Morgan,8,457,0.16145600051707287,0.16145600051707287,0.0,0.6469044049348538,0.8369047619047619,0.8398615232443126
dielectric_room_window_paired,cohort_room_rows,Morgan,9,457,-0.15979373447372613,-0.15979373447372613,0.0,0.30838053714777547,0.6772744870305846,0.7565034619188922
dielectric_room_window_paired,cohort_room_rows,Morgan+Physical,0,457,0.447193425246294,0.447193425246294,0.0,0.7274667773318803,0.8836430507162214,0.9351755687438181
dielectric_room_window_paired,cohort_room_rows,Morgan+Physical,1,457,0.4129203868816147,0.4129203868816147,0.0,0.8647419254568515,0.9456058846302748,0.9326904055390702
dielectric_room_window_paired,cohort_room_rows,Morgan+Physical,2,457,0.4269432849639294,0.4269432849639294,0.0,0.8094551741940366,0.9218544328300426,0.9257789317507419
dielectric_room_window_paired,cohort_room_rows,Morgan+Physical,3,457,0.42315691979046577,0.42315691979046577,0.0,0.7832827706135533,0.8963608207510646,0.9048343224530168
dielectric_room_window_paired,cohort_room_rows,Morgan+Physical,4,457,0.40477687156569253,0.40477687156569253,0.0,0.8138933275295599,0.9110917537746805,0.9426310583580614
dielectric_room_window_paired,cohort_room_rows,Morgan+Physical,5,457,0.44795602450286376,0.44795602450286376,0.0,0.8461743348167768,0.9370886566008516,0.9573813056379822
dielectric_room_window_paired,cohort_room_rows,Morgan+Physical,6,457,0.3699048728984914,0.3699048728984914,0.0,0.7318860695652335,0.8736933797909407,0.9516444114737884
dielectric_room_window_paired,cohort_room_rows,Morgan+Physical,7,457,0.4686873069965476,0.4686873069965476,0.0,0.8339374011534331,0.9239450251645374,0.9630440158259149
dielectric_room_window_paired,cohort_room_rows,Morgan+Physical,8,457,0.5097062933273586,0.5097062933273586,0.0,0.8715869936927935,0.941753774680604,0.9754945598417408
dielectric_room_window_paired,cohort_room_rows,Morgan+Physical,9,457,0.17993455717788576,0.17993455717788576,0.0,0.4801400063470832,0.7275938830816879,0.9118694362017804
dielectric_room_window_paired,cohort_room_rows,Physical,0,457,0.2404842594351414,0.2404842594351414,0.0,0.8131515335495735,0.9125048393341076,0.9418273986152325
dielectric_room_window_paired,cohort_room_rows,Physical,1,457,0.08357211616344884,0.08357211616344884,0.0,0.8618857964214333,0.9451413085559426,0.9437438180019783
dielectric_room_window_paired,cohort_room_rows,Physical,2,457,0.441190855167954,0.441190855167954,0.0,0.7946631685961453,0.921564072783585,0.9265949554896142
dielectric_room_window_paired,cohort_room_rows,Physical,3,457,0.34818503250642197,0.34818503250642197,0.0,0.7997476566778329,0.9081687959736741,0.9129945598417408
dielectric_room_window_paired,cohort_room_rows,Physical,4,457,0.006028035832564171,0.006028035832564171,0.0,0.8276503194750764,0.9171312427409989,0.9496043521266073
dielectric_room_window_paired,cohort_room_rows,Physical,5,457,0.35542228795722963,0.35542228795722963,0.0,0.8460775353675989,0.9355594270228417,0.9594584569732938
dielectric_room_window_paired,cohort_room_rows,Physical,6,457,0.40102862913623094,0.40102862913623094,0.0,0.8449610225166484,0.9249128919860626,0.9659371909000989
dielectric_room_window_paired,cohort_room_rows,Physical,7,457,0.2908051173616335,0.2908051173616335,0.0,0.8468664900928691,0.9345334881920249,0.9713526211671613
dielectric_room_window_paired,cohort_room_rows,Physical,8,457,0.5745864971299884,0.5745864971299884,0.0,0.8654999441802018,0.9345334881920249,0.9719831849653808
dielectric_room_window_paired,cohort_room_rows,Physical,9,457,-0.20964283539590012,-0.20964283539590012,0.0,0.5266832924065501,0.7461769260549749,0.9244312561819981
dielectric_room_window_paired,cohort_room_train_single_test,Morgan,0,97,0.05601659611531917,0.05601659611531917,0.0,0.45004060165466786,0.764468085106383,0.7351515151515152
dielectric_room_window_paired,cohort_room_train_single_test,Morgan,1,97,0.010676902518273024,0.010676902518273024,0.0,0.5736049290030433,0.818936170212766,0.7681818181818182
dielectric_room_window_paired,cohort_room_train_single_test,Morgan,2,97,0.11127506945800392,0.11127506945800392,0.0,0.5654575222513529,0.8229787234042553,0.7709090909090909
dielectric_room_window_paired,cohort_room_train_single_test,Morgan,3,97,0.08349588783137829,0.08349588783137829,0.0,0.4538135316185863,0.7408510638297872,0.7318181818181818
dielectric_room_window_paired,cohort_room_train_single_test,Morgan,4,97,0.1364989242462179,0.1364989242462179,0.0,0.5886185813068683,0.8253191489361702,0.7812121212121211
dielectric_room_window_paired,cohort_room_train_single_test,Morgan,5,97,0.08275264938640459,0.08275264938640459,0.0,0.581054292646238,0.8151063829787234,0.7954545454545455
dielectric_room_window_paired,cohort_room_train_single_test,Morgan,6,97,0.08605226937691768,0.08605226937691768,0.0,0.5060061935898659,0.7736170212765957,0.769090909090909
dielectric_room_window_paired,cohort_room_train_single_test,Morgan,7,97,0.0913533789637162,0.0913533789637162,0.0,0.5595626331914777,0.7970212765957447,0.7784848484848484
dielectric_room_window_paired,cohort_room_train_single_test,Morgan,8,97,0.10302464436373282,0.10302464436373282,0.0,0.6146871630860473,0.8527659574468086,0.793030303030303
dielectric_room_window_paired,cohort_room_train_single_test,Morgan,9,97,-0.09069152705518602,-0.09069152705518602,0.0,0.5112431949525472,0.7804255319148936,0.7533333333333333
dielectric_room_window_paired,cohort_room_train_single_test,Morgan+Physical,0,97,0.22430639725996482,0.22430639725996482,0.0,0.6402051349623895,0.8170212765957446,0.870909090909091
dielectric_room_window_paired,cohort_room_train_single_test,Morgan+Physical,1,97,0.15073107078531678,0.15073107078531678,0.0,0.730510536193836,0.8672340425531915,0.8745454545454545
dielectric_room_window_paired,cohort_room_train_single_test,Morgan+Physical,2,97,0.19033664047453025,0.19033664047453025,0.0,0.6682665439507997,0.8480851063829787,0.8400000000000001
dielectric_room_window_paired,cohort_room_train_single_test,Morgan+Physical,3,97,0.22083936664176174,0.22083936664176174,0.0,0.6760643019311778,0.823404255319149,0.8581818181818182
dielectric_room_window_paired,cohort_room_train_single_test,Morgan+Physical,4,97,0.28812862932838657,0.28812862932838657,0.0,0.7229428975467742,0.8442553191489361,0.890909090909091
dielectric_room_window_paired,cohort_room_train_single_test,Morgan+Physical,5,97,0.2544864330179978,0.2544864330179978,0.0,0.7288142279653894,0.8553191489361702,0.8945454545454545
dielectric_room_window_paired,cohort_room_train_single_test,Morgan+Physical,6,97,0.24034163874891945,0.24034163874891945,0.0,0.7085177027668838,0.834468085106383,0.8921212121212121
dielectric_room_window_paired,cohort_room_train_single_test,Morgan+Physical,7,97,0.2706527351601361,0.2706527351601361,0.0,0.7075183273764812,0.8446808510638297,0.896969696969697
dielectric_room_window_paired,cohort_room_train_single_test,Morgan+Physical,8,97,0.28061283925932656,0.28061283925932656,0.0,0.7737137973144648,0.8906382978723404,0.9066666666666666
dielectric_room_window_paired,cohort_room_train_single_test,Morgan+Physical,9,97,0.17872865374291025,0.17872865374291025,0.0,0.6175350932116775,0.7902127659574468,0.8642424242424243
dielectric_room_window_paired,cohort_room_train_single_test,Physical,0,97,0.21201150895576226,0.21201150895576226,0.0,0.636268898615814,0.7940425531914894,0.8787878787878787
dielectric_room_window_paired,cohort_room_train_single_test,Physical,1,97,0.13049820065276496,0.13049820065276496,0.0,0.7272219209058903,0.8438297872340426,0.9018181818181819
dielectric_room_window_paired,cohort_room_train_single_test,Physical,2,97,0.16690895027497477,0.16690895027497477,0.0,0.6472423394700791,0.8178723404255319,0.8466666666666667
dielectric_room_window_paired,cohort_room_train_single_test,Physical,3,97,0.17627924439920184,0.17627924439920184,0.0,0.6767612347692219,0.8046808510638298,0.8709090909090909
dielectric_room_window_paired,cohort_room_train_single_test,Physical,4,97,0.24405400374915065,0.24405400374915065,0.0,0.7289129101517571,0.8293617021276595,0.9006060606060606
dielectric_room_window_paired,cohort_room_train_single_test,Physical,5,97,0.27760981354004965,0.27760981354004965,0.0,0.7306354581176364,0.843404255319149,0.9048484848484849
dielectric_room_window_paired,cohort_room_train_single_test,Physical,6,97,0.26028097662831673,0.26028097662831673,0.0,0.7189125217946899,0.811063829787234,0.9066666666666666
dielectric_room_window_paired,cohort_room_train_single_test,Physical,7,97,0.2671852261355655,0.2671852261355655,0.0,0.7025171850433604,0.8259574468085107,0.9148484848484848
dielectric_room_window_paired,cohort_room_train_single_test,Physical,8,97,0.3404328437501475,0.3404328437501475,0.0,0.7548818493826187,0.847659574468085,0.9181818181818181
dielectric_room_window_paired,cohort_room_train_single_test,Physical,9,97,0.1949132239655631,0.1949132239655631,0.0,0.6679662972727415,0.7919148936170213,0.8981818181818182
dielectric_room_window_paired,cohort_single_row,Morgan,0,97,0.07316379021761166,0.07316379021761166,0.0,0.5063399335952614,0.7931914893617021,0.7763636363636364
dielectric_room_window_paired,cohort_single_row,Morgan,1,97,0.020034892181933217,0.020034892181933217,0.0,0.4960353465619946,0.7914893617021276,0.7372727272727273
dielectric_room_window_paired,cohort_single_row,Morgan,2,97,0.09281444966451047,0.09281444966451047,0.0,0.4766601246748298,0.777872340425532,0.7369696969696969
dielectric_room_window_paired,cohort_single_row,Morgan,3,97,0.06517401197531003,0.06517401197531003,0.0,0.520163583587908,0.7717021276595745,0.7266666666666667
dielectric_room_window_paired,cohort_single_row,Morgan,4,97,0.1578616008927055,0.1578616008927055,0.0,0.5611219414403716,0.8151063829787234,0.7781818181818182
dielectric_room_window_paired,cohort_single_row,Morgan,5,97,0.09207873809749378,0.09207873809749378,0.0,0.5502930763014346,0.8068085106382978,0.7927272727272726
dielectric_room_window_paired,cohort_single_row,Morgan,6,97,0.09439724335511201,0.09439724335511201,0.0,0.4599013107093859,0.7604255319148936,0.7460606060606061
dielectric_room_window_paired,cohort_single_row,Morgan,7,97,0.10801529734174675,0.10801529734174675,0.0,0.528403487317054,0.778936170212766,0.7539393939393939
dielectric_room_window_paired,cohort_single_row,Morgan,8,97,0.08385366630181768,0.08385366630181768,0.0,0.5544250449585992,0.8174468085106382,0.7763636363636364
dielectric_room_window_paired,cohort_single_row,Morgan,9,97,-0.13927444875014938,-0.13927444875014938,0.0,0.5289969656851526,0.7827659574468084,0.7572727272727273
dielectric_room_window_paired,cohort_single_row,Morgan+Physical,0,97,0.19987632732129967,0.19987632732129967,0.0,0.6379894145244573,0.8136170212765956,0.8557575757575757
dielectric_room_window_paired,cohort_single_row,Morgan+Physical,1,97,0.1256849987086116,0.1256849987086116,0.0,0.6996679706913449,0.8468085106382979,0.8757575757575757
dielectric_room_window_paired,cohort_single_row,Morgan+Physical,2,97,0.15729904764605585,0.15729904764605585,0.0,0.6147670863737861,0.8029787234042554,0.8278787878787879
dielectric_room_window_paired,cohort_single_row,Morgan+Physical,3,97,0.24149214643327366,0.24149214643327366,0.0,0.6711726223886809,0.8182978723404255,0.8624242424242424
dielectric_room_window_paired,cohort_single_row,Morgan+Physical,4,97,0.31004152806158936,0.31004152806158936,0.0,0.7186363785947102,0.8323404255319149,0.8860606060606061
dielectric_room_window_paired,cohort_single_row,Morgan+Physical,5,97,0.24798138502058797,0.24798138502058797,0.0,0.7283342647844724,0.8659574468085107,0.8981818181818182
dielectric_room_window_paired,cohort_single_row,Morgan+Physical,6,97,0.24668427019914818,0.24668427019914818,0.0,0.6719813274743357,0.8246808510638297,0.8612121212121212
dielectric_room_window_paired,cohort_single_row,Morgan+Physical,7,97,0.2711288463905227,0.2711288463905227,0.0,0.7106873993381526,0.8391489361702128,0.8745454545454545
dielectric_room_window_paired,cohort_single_row,Morgan+Physical,8,97,0.2600979871606818,0.2600979871606818,0.0,0.7038627173957979,0.8476595744680852,0.8763636363636363
dielectric_room_window_paired,cohort_single_row,Morgan+Physical,9,97,0.1378097674385298,0.1378097674385298,0.0,0.6386008744672694,0.8063829787234043,0.8545454545454545
dielectric_room_window_paired,cohort_single_row,Physical,0,97,0.19679310574694653,0.19679310574694653,0.0,0.6064453349759421,0.7685106382978723,0.8454545454545455
dielectric_room_window_paired,cohort_single_row,Physical,1,97,0.13296633263637125,0.13296633263637125,0.0,0.7061836352432461,0.8140425531914892,0.896969696969697
dielectric_room_window_paired,cohort_single_row,Physical,2,97,0.13334314148870152,0.13334314148870152,0.0,0.6025707617080174,0.7604255319148936,0.8248484848484848
dielectric_room_window_paired,cohort_single_row,Physical,3,97,0.21531930571862645,0.21531930571862645,0.0,0.6862092771113834,0.8136170212765957,0.8927272727272727
dielectric_room_window_paired,cohort_single_row,Physical,4,97,0.3027457717353029,0.3027457717353029,0.0,0.7089999967164013,0.7940425531914893,0.8927272727272728
dielectric_room_window_paired,cohort_single_row,Physical,5,97,0.2779150726144626,0.2779150726144626,0.0,0.7462309740783929,0.8519148936170212,0.9042424242424243
dielectric_room_window_paired,cohort_single_row,Physical,6,97,0.24568830624660887,0.24568830624660887,0.0,0.6951839311107226,0.8059574468085107,0.8745454545454545
dielectric_room_window_paired,cohort_single_row,Physical,7,97,0.2729950143772759,0.2729950143772759,0.0,0.6945921956821948,0.8102127659574467,0.8915151515151514
dielectric_room_window_paired,cohort_single_row,Physical,8,97,0.27646380122384995,0.27646380122384995,0.0,0.694153963493555,0.814468085106383,0.889090909090909
dielectric_room_window_paired,cohort_single_row,Physical,9,97,0.16336887688395374,0.16336887688395374,0.0,0.6638351030749353,0.8,0.873939393939394
dielectric_room_window_paired,cohort_v10_frozen,Morgan,0,97,0.06733383745837707,0.06733383745837707,0.0,0.4904054467874686,0.7813299232736572,0.7606060606060606
dielectric_room_window_paired,cohort_v10_frozen,Morgan,1,97,0.01707257304084242,0.01707257304084242,0.0,0.49523812654983296,0.7911338448422847,0.7354545454545455
dielectric_room_window_paired,cohort_v10_frozen,Morgan,2,97,0.08527081419587557,0.08527081419587557,0.0,0.4816476815330319,0.7766410912190964,0.7393939393939393
dielectric_room_window_paired,cohort_v10_frozen,Morgan,3,97,0.07492019115719561,0.07492019115719561,0.0,0.5084898434214342,0.7587382779198636,0.7224242424242424
dielectric_room_window_paired,cohort_v10_frozen,Morgan,4,97,0.15698804775477726,0.15698804775477726,0.0,0.5602935036701797,0.8054134697357204,0.78
dielectric_room_window_paired,cohort_v10_frozen,Morgan,5,97,0.09325979184553668,0.09325979184553668,0.0,0.5603987021171882,0.8107416879795396,0.790909090909091
dielectric_room_window_paired,cohort_v10_frozen,Morgan,6,97,0.09778004952943176,0.09778004952943176,0.0,0.47893065428109427,0.763000852514919,0.7466666666666667
dielectric_room_window_paired,cohort_v10_frozen,Morgan,7,97,0.10596222477242812,0.10596222477242812,0.0,0.5278774968111826,0.7798380221653879,0.7503030303030304
dielectric_room_window_paired,cohort_v10_frozen,Morgan,8,97,0.0732706646220761,0.0732706646220761,0.0,0.5302427109490204,0.7996589940323956,0.7696969696969697
dielectric_room_window_paired,cohort_v10_frozen,Morgan,9,97,-0.13356045146805418,-0.13356045146805418,0.0,0.5288538666877064,0.7772804774083546,0.7575757575757576
dielectric_room_window_paired,cohort_v10_frozen,Morgan+Physical,0,97,0.19058284672651093,0.19058284672651093,0.0,0.6190210066210919,0.8026427962489343,0.8418181818181818
dielectric_room_window_paired,cohort_v10_frozen,Morgan+Physical,1,97,0.11939898526579162,0.11939898526579162,0.0,0.6869785331684696,0.8461210571184995,0.8672727272727272
dielectric_room_window_paired,cohort_v10_frozen,Morgan+Physical,2,97,0.13850187904331512,0.13850187904331512,0.0,0.5940300470229318,0.7902813299232736,0.8151515151515152
dielectric_room_window_paired,cohort_v10_frozen,Morgan+Physical,3,97,0.2409300998900954,0.2409300998900954,0.0,0.666116571893815,0.8137254901960784,0.8666666666666667
dielectric_room_window_paired,cohort_v10_frozen,Morgan+Physical,4,97,0.31187123830212626,0.31187123830212626,0.0,0.7199316216993767,0.8435635123614663,0.8781818181818182
dielectric_room_window_paired,cohort_v10_frozen,Morgan+Physical,5,97,0.25272001629101604,0.25272001629101604,0.0,0.7146454518711945,0.8589087809036658,0.8963636363636365
dielectric_room_window_paired,cohort_v10_frozen,Morgan+Physical,6,97,0.2518387951159232,0.2518387951159232,0.0,0.6679312272079672,0.8218243819266837,0.8654545454545455
dielectric_room_window_paired,cohort_v10_frozen,Morgan+Physical,7,97,0.2678090666248206,0.2678090666248206,0.0,0.6991288339675751,0.8320545609548167,0.8715151515151515
dielectric_room_window_paired,cohort_v10_frozen,Morgan+Physical,8,97,0.2500749987202674,0.2500749987202674,0.0,0.6990367862342486,0.8533674339300938,0.8606060606060606
dielectric_room_window_paired,cohort_v10_frozen,Morgan+Physical,9,97,0.1340677077686846,0.1340677077686846,0.0,0.6154245701832616,0.7932651321398125,0.8448484848484848
dielectric_room_window_paired,cohort_v10_frozen,Physical,0,97,0.1784825731785794,0.1784825731785794,0.0,0.5818994707381107,0.7578857630008525,0.8296969696969696
dielectric_room_window_paired,cohort_v10_frozen,Physical,1,97,0.12233091877513202,0.12233091877513202,0.0,0.701028962176959,0.8209718670076727,0.8957575757575758
dielectric_room_window_paired,cohort_v10_frozen,Physical,2,97,0.10391712041800549,0.10391712041800549,0.0,0.5740622637291639,0.7502131287297529,0.8078787878787879
dielectric_room_window_paired,cohort_v10_frozen,Physical,3,97,0.19601250067532627,0.19601250067532627,0.0,0.6788060094166902,0.809462915601023,0.8896969696969697
dielectric_room_window_paired,cohort_v10_frozen,Physical,4,97,0.28956082412834927,0.28956082412834927,0.0,0.7025369096224872,0.8107416879795396,0.8787878787878788
dielectric_room_window_paired,cohort_v10_frozen,Physical,5,97,0.2759319222772606,0.2759319222772606,0.0,0.7164798316996308,0.8456947996589941,0.8939393939393939
dielectric_room_window_paired,cohort_v10_frozen,Physical,6,97,0.255818693665557,0.255818693665557,0.0,0.6884775962540735,0.8009377664109122,0.8818181818181818
dielectric_room_window_paired,cohort_v10_frozen,Physical,7,97,0.2571405010134974,0.2571405010134974,0.0,0.6692922186935814,0.7936913895993181,0.8757575757575757
dielectric_room_window_paired,cohort_v10_frozen,Physical,8,97,0.2757919584400931,0.2757919584400931,0.0,0.68068641311179,0.8218243819266836,0.8672727272727272
dielectric_room_window_paired,cohort_v10_frozen,Physical,9,97,0.1579697324629411,0.1579697324629411,0.0,0.6354515270198823,0.7868712702472294,0.8666666666666667
dielectric_room_window_paired,train_all_test_room,Morgan,0,457,-0.08283927436299021,-0.08283927436299021,0.0,0.12443546703190551,0.6445509097948122,0.4753585558852621
dielectric_room_window_paired,train_all_test_room,Morgan,1,457,0.009975766378192419,0.009975766378192419,0.0,0.6520951579964562,0.883623693379791,0.7410361028684471
dielectric_room_window_paired,train_all_test_room,Morgan,2,457,0.05383257135386643,0.05383257135386643,0.0,0.6265411465151287,0.8753193960511033,0.7558234421364984
dielectric_room_window_paired,train_all_test_room,Morgan,3,457,-0.03521252467451963,-0.03521252467451963,0.0,0.533864290647273,0.7689121176926055,0.718954005934718
dielectric_room_window_paired,train_all_test_room,Morgan,4,457,-0.08220970218927603,-0.08220970218927603,0.0,0.4893980759621646,0.8328881145954317,0.6513353115727003
dielectric_room_window_paired,train_all_test_room,Morgan,5,457,0.03090192491189281,0.03090192491189281,0.0,0.6162626195034522,0.869541231126597,0.700828387734916
dielectric_room_window_paired,train_all_test_room,Morgan,6,457,-0.053759359211566826,-0.053759359211566826,0.0,0.15632149690099165,0.6537553232675184,0.5591493570722058
dielectric_room_window_paired,train_all_test_room,Morgan,7,457,-0.011794323017789043,-0.011794323017789043,0.0,0.5366694650393242,0.8047231900890438,0.7021142433234421
dielectric_room_window_paired,train_all_test_room,Morgan,8,457,0.03131682723145901,0.03131682723145901,0.0,0.5842026308267988,0.8683120402632598,0.7512116716122651
dielectric_room_window_paired,train_all_test_room,Morgan,9,457,-0.1837455653685478,-0.1837455653685478,0.0,0.36688650399820666,0.7505226480836237,0.6606948565776459
dielectric_room_window_paired,train_all_test_room,Morgan+Physical,0,457,0.2699820061228655,0.2699820061228655,0.0,0.7275887612597705,0.8828300425861402,0.9042037586547972
dielectric_room_window_paired,train_all_test_room,Morgan+Physical,1,457,0.34508965829091665,0.34508965829091665,0.0,0.8450440739699647,0.9391211769260549,0.9261498516320474
dielectric_room_window_paired,train_all_test_room,Morgan+Physical,2,457,0.26853048547811464,0.26853048547811464,0.0,0.7546895000248706,0.9008904374758034,0.9074554896142433
dielectric_room_window_paired,train_all_test_room,Morgan+Physical,3,457,0.3611734297650465,0.3611734297650465,0.0,0.7515013060821871,0.8820751064653504,0.9155415430267063
dielectric_room_window_paired,train_all_test_room,Morgan+Physical,4,457,0.2594773411700514,0.2594773411700514,0.0,0.7550297170054545,0.9129113433991483,0.8882542037586548
dielectric_room_window_paired,train_all_test_room,Morgan+Physical,5,457,0.3958799899730885,0.3958799899730885,0.0,0.856783387574225,0.9361595044521873,0.9547601384767557
dielectric_room_window_paired,train_all_test_room,Morgan+Physical,6,457,0.33912120009109437,0.33912120009109437,0.0,0.7704774324617204,0.9130274874177313,0.9150346191889218
dielectric_room_window_paired,train_all_test_room,Morgan+Physical,7,457,0.3964789806275896,0.3964789806275896,0.0,0.825198957496219,0.9251258226867982,0.9514589515331355
dielectric_room_window_paired,train_all_test_room,Morgan+Physical,8,457,0.34968058944052804,0.34968058944052804,0.0,0.7603609932595239,0.909581881533101,0.9223046488625124
dielectric_room_window_paired,train_all_test_room,Morgan+Physical,9,457,0.24499961061975628,0.24499961061975628,0.0,0.7454604017014481,0.8931862175764615,0.9125741839762611
dielectric_room_window_paired,train_all_test_room,Physical,0,457,0.37599965594322426,0.37599965594322426,0.0,0.7353725065375094,0.8762291908633372,0.9316765578635015
dielectric_room_window_paired,train_all_test_room,Physical,1,457,0.43713767534349546,0.43713767534349546,0.0,0.843675372804923,0.9274293457220286,0.9451162215628091
dielectric_room_window_paired,train_all_test_room,Physical,2,457,0.2779972495748637,0.2779972495748637,0.0,0.7659296329425708,0.8934185056136276,0.9176681503461919
dielectric_room_window_paired,train_all_test_room,Physical,3,457,0.5109422598866562,0.5109422598866562,0.0,0.8026301742285499,0.8957026713124274,0.9594831849653809
dielectric_room_window_paired,train_all_test_room,Physical,4,457,0.0090132154488205,0.0090132154488205,0.0,0.7681602373480099,0.8978513356562137,0.9106824925816025
dielectric_room_window_paired,train_all_test_room,Physical,5,457,0.3716851298488232,0.3716851298488232,0.0,0.8480738419156498,0.9263066202090593,0.9513971315529178
dielectric_room_window_paired,train_all_test_room,Physical,6,457,0.43370919448477974,0.43370919448477974,0.0,0.8174332743360081,0.9151761517615177,0.9400098911968349
dielectric_room_window_paired,train_all_test_room,Physical,7,457,0.4678039306177416,0.4678039306177416,0.0,0.8255753039854233,0.9195315524583818,0.9614243323442135
dielectric_room_window_paired,train_all_test_room,Physical,8,457,0.44039407711242606,0.44039407711242606,0.0,0.7603974489161318,0.8956058846302749,0.9334569732937685
dielectric_room_window_paired,train_all_test_room,Physical,9,457,0.4140774490763405,0.4140774490763405,0.0,0.7655621497632933,0.8889856755710415,0.9415059347181008
dielectric_room_window_paired,train_core_test_room,Morgan,0,457,-0.10011545769671759,-0.10011545769671759,0.0,0.014073790605368891,0.5871467286101433,0.4693867457962414
dielectric_room_window_paired,train_core_test_room,Morgan,1,457,0.08222313097952494,0.08222313097952494,0.0,0.6994742009668713,0.8699864498644987,0.8154797230464885
dielectric_room_window_paired,train_core_test_room,Morgan,2,457,0.11345717777499231,0.11345717777499231,0.0,0.6803790790715409,0.8982965543941154,0.8071958456973294
dielectric_room_window_paired,train_core_test_room,Morgan,3,457,0.07802869695935477,0.07802869695935477,0.0,0.5514569616498527,0.751829268292683,0.7840875370919882
dielectric_room_window_paired,train_core_test_room,Morgan,4,457,0.007280365614326434,0.007280365614326434,0.0,0.5311290882479304,0.828668215253581,0.68311078140455
dielectric_room_window_paired,train_core_test_room,Morgan,5,457,0.13046499099193776,0.13046499099193776,0.0,0.6664843971602522,0.885994967092528,0.7899233432245302
dielectric_room_window_paired,train_core_test_room,Morgan,6,457,0.036055568134549576,0.036055568134549576,0.0,0.30564652302338213,0.7138017808749517,0.6803412462908012
dielectric_room_window_paired,train_core_test_room,Morgan,7,457,0.04947599270281933,0.04947599270281933,0.0,0.6347993675247474,0.8596399535423925,0.7978857566765579
dielectric_room_window_paired,train_core_test_room,Morgan,8,457,0.09766490999650834,0.09766490999650834,0.0,0.6095046216226111,0.8574912891986064,0.772984668644906
dielectric_room_window_paired,train_core_test_room,Morgan,9,457,-0.2059121469344225,-0.2059121469344225,0.0,0.3191735827232585,0.706987998451413,0.7026706231454006
dielectric_room_window_paired,train_core_test_room,Morgan+Physical,0,457,0.3242346954501034,0.3242346954501034,0.0,0.6617606339113322,0.8406891211769262,0.9260385756676558
dielectric_room_window_paired,train_core_test_room,Morgan+Physical,1,457,0.3967629928324241,0.3967629928324241,0.0,0.8682255963430521,0.9466318234610918,0.9571587537091987
dielectric_room_window_paired,train_core_test_room,Morgan+Physical,2,457,0.3123017609883578,0.3123017609883578,0.0,0.766511333313151,0.9090205187766164,0.9052917903066271
dielectric_room_window_paired,train_core_test_room,Morgan+Physical,3,457,0.39293294199255346,0.39293294199255346,0.0,0.7575262123158827,0.8697444831591173,0.9319114737883284
dielectric_room_window_paired,train_core_test_room,Morgan+Physical,4,457,0.33078311624271606,0.33078311624271606,0.0,0.7687103812663311,0.9041521486643438,0.9018175074183976
dielectric_room_window_paired,train_core_test_room,Morgan+Physical,5,457,0.4056931701191675,0.4056931701191675,0.0,0.8383368065225995,0.9322299651567945,0.9406651829871414
dielectric_room_window_paired,train_core_test_room,Morgan+Physical,6,457,0.37052904439647805,0.37052904439647805,0.0,0.7699766138585289,0.9075106465350368,0.9290924826904056
dielectric_room_window_paired,train_core_test_room,Morgan+Physical,7,457,0.4650441210242706,0.4650441210242706,0.0,0.8370734821915792,0.9316105303910183,0.9653808110781404
dielectric_room_window_paired,train_core_test_room,Morgan+Physical,8,457,0.4098219778272497,0.4098219778272497,0.0,0.8231453496028187,0.9338559814169571,0.940937190900099
dielectric_room_window_paired,train_core_test_room,Morgan+Physical,9,457,0.21712607233678194,0.21712607233678194,0.0,0.6297287351945606,0.8261130468447541,0.9095202769535113
dielectric_room_window_paired,train_core_test_room,Physical,0,457,0.3006981216532336,0.3006981216532336,0.0,0.7238460811745523,0.8660085172280294,0.930811078140455
dielectric_room_window_paired,train_core_test_room,Physical,1,457,0.37166002805890175,0.37166002805890175,0.0,0.8531767013552307,0.9372628726287263,0.9638600395647873
dielectric_room_window_paired,train_core_test_room,Physical,2,457,0.2999208678482861,0.2999208678482861,0.0,0.7658282575092026,0.897483546264034,0.9228239366963402
dielectric_room_window_paired,train_core_test_room,Physical,3,457,0.4506820459843619,0.4506820459843619,0.0,0.751539100513877,0.871486643437863,0.9279302670623145
dielectric_room_window_paired,train_core_test_room,Physical,4,457,0.11359017623545253,0.11359017623545253,0.0,0.8250361777042219,0.9160375532326752,0.925927299703264
dielectric_room_window_paired,train_core_test_room,Physical,5,457,0.2753174354898268,0.2753174354898268,0.0,0.829252700438324,0.923054587688734,0.9431132542037587
dielectric_room_window_paired,train_core_test_room,Physical,6,457,0.387323061830964,0.387323061830964,0.0,0.823669733778051,0.9184475416182734,0.9431627101879327
dielectric_room_window_paired,train_core_test_room,Physical,7,457,0.4602842231561255,0.4602842231561255,0.0,0.8318353614209448,0.92022841656988,0.962809099901088
dielectric_room_window_paired,train_core_test_room,Physical,8,457,0.5200662500633443,0.5200662500633443,0.0,0.8397265300938778,0.9318234610917537,0.9629945598417409
dielectric_room_window_paired,train_core_test_room,Physical,9,457,0.28407316180631215,0.28407316180631215,0.0,0.6530213978106395,0.8310491676345335,0.9291295746785361
dielectric_coverage_paired_benchmark,extended_pool_room,Morgan,0,584,0.13842580102042668,0.13842580102042668,0.0,0.5745671356228335,0.7814919071076707,0.8063681592039802
dielectric_coverage_paired_benchmark,extended_pool_room,Morgan,1,584,0.1477777471352686,0.1477777471352686,0.0,0.6648190577791427,0.8602568613652358,0.7911028192371476
dielectric_coverage_paired_benchmark,extended_pool_room,Morgan,2,584,0.14762243663443642,0.14762243663443642,0.0,0.6126201966567857,0.787192118226601,0.7767993366500829
dielectric_coverage_paired_benchmark,extended_pool_room,Morgan,3,584,0.1502511000213933,0.1502511000213933,0.0,0.6457596879830398,0.82050785831574,0.8143034825870646
dielectric_coverage_paired_benchmark,extended_pool_room,Morgan,4,584,0.01843318530141491,0.01843318530141491,0.0,0.46637544899115396,0.7645906638517476,0.5978855721393035
dielectric_coverage_paired_benchmark,extended_pool_room,Morgan,5,584,0.1302916451958367,0.1302916451958367,0.0,0.6467120839362134,0.8234811165845648,0.792636815920398
dielectric_coverage_paired_benchmark,extended_pool_room,Morgan,6,584,0.14313825471788488,0.14313825471788488,0.0,0.6490339105837073,0.840886699507389,0.8249419568822554
dielectric_coverage_paired_benchmark,extended_pool_room,Morgan,7,584,0.11705842827740542,0.11705842827740542,0.0,0.6282634976399029,0.8394499178981937,0.774726368159204
dielectric_coverage_paired_benchmark,extended_pool_room,Morgan,8,584,0.12942752654874357,0.12942752654874357,0.0,0.5973496886725717,0.8103506920009382,0.7825953565505804
dielectric_coverage_paired_benchmark,extended_pool_room,Morgan,9,584,0.05673310029064871,0.05673310029064871,0.0,0.5748670028718887,0.8150891391039173,0.69575456053068
dielectric_coverage_paired_benchmark,extended_pool_room,Morgan+Physical,0,584,0.4602874192775337,0.4602874192775337,0.0,0.8602063637000742,0.9296973961998594,0.9687479270315091
dielectric_coverage_paired_benchmark,extended_pool_room,Morgan+Physical,1,584,0.4133996138998809,0.4133996138998809,0.0,0.8452678213335063,0.9265892563922121,0.9406053067993366
dielectric_coverage_paired_benchmark,extended_pool_room,Morgan+Physical,2,584,0.4499589379485347,0.4499589379485347,0.0,0.8527109695452053,0.916256157635468,0.9489137645107795
dielectric_coverage_paired_benchmark,extended_pool_room,Morgan+Physical,3,584,0.5048042888978552,0.5048042888978552,0.0,0.8707806924695315,0.9251407459535539,0.9727280265339968
dielectric_coverage_paired_benchmark,extended_pool_room,Morgan+Physical,4,584,0.5069408275826479,0.5069408275826479,0.0,0.8629202498653679,0.9213581984517945,0.9672139303482586
dielectric_coverage_paired_benchmark,extended_pool_room,Morgan+Physical,5,584,0.4560460086339383,0.4560460086339383,0.0,0.8577148194803285,0.9226600985221675,0.9707379767827529
dielectric_coverage_paired_benchmark,extended_pool_room,Morgan+Physical,6,584,0.4723867921982299,0.4723867921982299,0.0,0.8456492313528396,0.9228712174524982,0.9580348258706468
dielectric_coverage_paired_benchmark,extended_pool_room,Morgan+Physical,7,584,0.5095317115725672,0.5095317115725672,0.0,0.8517026358911416,0.9228712174524983,0.9558623548922056
dielectric_coverage_paired_benchmark,extended_pool_room,Morgan+Physical,8,584,0.49944535230391984,0.49944535230391984,0.0,0.8512606333390818,0.922882946281961,0.969212271973466
dielectric_coverage_paired_benchmark,extended_pool_room,Morgan+Physical,9,584,0.5105332184289045,0.5105332184289045,0.0,0.8806384758411938,0.9377668308702791,0.9659452736318408
dielectric_coverage_paired_benchmark,extended_pool_room,Physical,0,584,0.16149485544480235,0.16149485544480235,0.0,0.8697954881624117,0.9356087262491204,0.9680348258706468
dielectric_coverage_paired_benchmark,extended_pool_room,Physical,1,584,-0.022063641532552802,-0.022063641532552802,0.0,0.8652138721439527,0.9356615059817031,0.9488805970149254
dielectric_coverage_paired_benchmark,extended_pool_room,Physical,2,584,0.26047831880228134,0.26047831880228134,0.0,0.8472779888972394,0.912092423176167,0.9509203980099502
dielectric_coverage_paired_benchmark,extended_pool_room,Physical,3,584,0.3911170091645111,0.3911170091645111,0.0,0.8750636161167824,0.9332043162092423,0.9719154228855722
dielectric_coverage_paired_benchmark,extended_pool_room,Physical,4,584,0.4346698721820411,0.4346698721820411,0.0,0.879570165628788,0.9260497302369224,0.9696185737976781
dielectric_coverage_paired_benchmark,extended_pool_room,Physical,5,584,0.20403148776383517,0.20403148776383517,0.0,0.8706661402803125,0.9327703495191179,0.9749502487562189
dielectric_coverage_paired_benchmark,extended_pool_room,Physical,6,584,0.17195845380938257,0.17195845380938257,0.0,0.8524204920938959,0.9253811869575416,0.9529933665008291
dielectric_coverage_paired_benchmark,extended_pool_room,Physical,7,584,0.32482755767697713,0.32482755767697713,0.0,0.8682136337415721,0.9239385409336147,0.9596932006633498
dielectric_coverage_paired_benchmark,extended_pool_room,Physical,8,584,0.2786471638707917,0.2786471638707917,0.0,0.8709569075814333,0.9347759793572602,0.9710199004975124
dielectric_coverage_paired_benchmark,extended_pool_room,Physical,9,584,0.4669582457712752,0.4669582457712752,0.0,0.8972341324799371,0.9482524044100398,0.9770895522388059
dielectric_coverage_paired_benchmark,extended_pool_room_random_row,Morgan,0,584,0.6160072123175633,0.6160072123175633,0.0,0.8949511828666573,0.9389514426460238,0.9665671641791045
dielectric_coverage_paired_benchmark,extended_pool_room_random_row,Morgan,1,584,0.6172004431864793,0.6172004431864793,0.0,0.8992678087328826,0.9443994839315035,0.973698175787728
dielectric_coverage_paired_benchmark,extended_pool_room_random_row,Morgan,2,584,0.5411067200899993,0.5411067200899993,0.0,0.8843051177830827,0.9354503870513723,0.9664262023217247
dielectric_coverage_paired_benchmark,extended_pool_room_random_row,Morgan,3,584,0.6078854187506921,0.6078854187506921,0.0,0.8913881069838224,0.9345531315974666,0.9695107794361526
dielectric_coverage_paired_benchmark,extended_pool_room_random_row,Morgan,4,584,0.6172680075141388,0.6172680075141388,0.0,0.8869835680750416,0.9374442880600515,0.9734577114427861
dielectric_coverage_paired_benchmark,extended_pool_room_random_row,Morgan,5,584,0.6027435382777968,0.6027435382777968,0.0,0.8854916114949173,0.9309699741965752,0.9696683250414593
dielectric_coverage_paired_benchmark,extended_pool_room_random_row,Morgan,6,584,0.6185042261508874,0.6185042261508874,0.0,0.9006637097757575,0.9429275158339198,0.9731426202321725
dielectric_coverage_paired_benchmark,extended_pool_room_random_row,Morgan,7,584,0.5529205139013144,0.5529205139013144,0.0,0.8895590174115852,0.9367405582922823,0.9691708126036485
dielectric_coverage_paired_benchmark,extended_pool_room_random_row,Morgan,8,584,0.6131491434735722,0.6131491434735722,0.0,0.894339942759709,0.9393267651888341,0.9714925373134328
dielectric_coverage_paired_benchmark,extended_pool_room_random_row,Morgan,9,584,0.5567156438265113,0.5567156438265113,0.0,0.8910918467437707,0.9414555477363359,0.9681757877280265
dielectric_coverage_paired_benchmark,extended_pool_room_random_row,Morgan+Physical,0,584,0.6865107004943928,0.6865107004943928,0.0,0.9371124349807528,0.9624736101337088,0.9862023217247098
dielectric_coverage_paired_benchmark,extended_pool_room_random_row,Morgan+Physical,1,584,0.6958976839603093,0.6958976839603093,0.0,0.9444859540002684,0.9669364297443115,0.9905223880597015
dielectric_coverage_paired_benchmark,extended_pool_room_random_row,Morgan+Physical,2,584,0.6280499141749505,0.6280499141749505,0.0,0.9417004239416213,0.9658221909453437,0.9867247097844112
dielectric_coverage_paired_benchmark,extended_pool_room_random_row,Morgan+Physical,3,584,0.6781611715074789,0.6781611715074789,0.0,0.9370830711845304,0.9597759793572602,0.9843449419568822
dielectric_coverage_paired_benchmark,extended_pool_room_random_row,Morgan+Physical,4,584,0.6901535081665668,0.6901535081665668,0.0,0.9350623922755431,0.9602216748768473,0.9906218905472637
dielectric_coverage_paired_benchmark,extended_pool_room_random_row,Morgan+Physical,5,584,0.6779865020419698,0.6779865020419698,0.0,0.9352328012994069,0.9585561810931269,0.9845107794361526
dielectric_coverage_paired_benchmark,extended_pool_room_random_row,Morgan+Physical,6,584,0.6948033439817511,0.6948033439817511,0.0,0.9486754668701883,0.9676929392446634,0.9901658374792703
dielectric_coverage_paired_benchmark,extended_pool_room_random_row,Morgan+Physical,7,584,0.6569754677540349,0.6569754677540349,0.0,0.938552675786149,0.9591191649073423,0.9873051409618574
dielectric_coverage_paired_benchmark,extended_pool_room_random_row,Morgan+Physical,8,584,0.6893164275980179,0.6893164275980179,0.0,0.9380343777981648,0.9606556415669717,0.9883416252072968
dielectric_coverage_paired_benchmark,extended_pool_room_random_row,Morgan+Physical,9,584,0.6501387242378694,0.6501387242378694,0.0,0.9430201215716031,0.9657342247243725,0.9903150912106136
dielectric_coverage_paired_benchmark,extended_pool_room_random_row,Physical,0,584,0.6825957792070698,0.6825957792070698,0.0,0.9413708065265805,0.9637755102040816,0.9843946932006633
dielectric_coverage_paired_benchmark,extended_pool_room_random_row,Physical,1,584,0.7109245351473873,0.7109245351473873,0.0,0.949252122243172,0.9676401595120807,0.9883167495854063
dielectric_coverage_paired_benchmark,extended_pool_room_random_row,Physical,2,584,0.6444488464930995,0.6444488464930995,0.0,0.9491165131599332,0.9671475486746423,0.9879850746268657
dielectric_coverage_paired_benchmark,extended_pool_room_random_row,Physical,3,584,0.6841003233982751,0.6841003233982751,0.0,0.9424403189966938,0.9635761201032136,0.9809950248756218
dielectric_coverage_paired_benchmark,extended_pool_room_random_row,Physical,4,584,0.6907095477015468,0.6907095477015468,0.0,0.9383156778258459,0.9591954022988506,0.9895771144278607
dielectric_coverage_paired_benchmark,extended_pool_room_random_row,Physical,5,584,0.6830728801774406,0.6830728801774406,0.0,0.9379166199887846,0.9567616701853154,0.9830845771144279
dielectric_coverage_paired_benchmark,extended_pool_room_random_row,Physical,6,584,0.7113483802180568,0.7113483802180568,0.0,0.952227998603504,0.9672707013840018,0.9903980099502487
dielectric_coverage_paired_benchmark,extended_pool_room_random_row,Physical,7,584,0.6954079702742364,0.6954079702742364,0.0,0.9420763345534425,0.9593889279849871,0.9863930348258706
dielectric_coverage_paired_benchmark,extended_pool_room_random_row,Physical,8,584,0.6910175409190387,0.6910175409190387,0.0,0.9384045942722645,0.9600340136054422,0.9855887230514097
dielectric_coverage_paired_benchmark,extended_pool_room_random_row,Physical,9,584,0.6720271257459882,0.6720271257459882,0.0,0.9474210389627381,0.966027445460943,0.9892537313432835
dielectric_coverage_paired_benchmark,paired_base,Morgan,0,457,-0.10955067846774535,-0.10955067846774535,0.0,-0.024082866512766792,0.5437379016647309,0.4983679525222552
dielectric_coverage_paired_benchmark,paired_base,Morgan,1,457,0.1312278281744378,0.1312278281744378,0.0,0.6903750201015879,0.8552361595044522,0.8370301681503461
dielectric_coverage_paired_benchmark,paired_base,Morgan,2,457,0.16586799903427585,0.16586799903427585,0.0,0.6825982144686984,0.8733255903987611,0.8552423343224531
dielectric_coverage_paired_benchmark,paired_base,Morgan,3,457,0.13483978348900205,0.13483978348900205,0.0,0.5631610111443214,0.7621080139372822,0.810126112759644
dielectric_coverage_paired_benchmark,paired_base,Morgan,4,457,0.10228847111567263,0.10228847111567263,0.0,0.6229287783046534,0.8393050716221448,0.8089886251236399
dielectric_coverage_paired_benchmark,paired_base,Morgan,5,457,0.1819019920720838,0.1819019920720838,0.0,0.669731757150507,0.8596205962059621,0.8317754698318497
dielectric_coverage_paired_benchmark,paired_base,Morgan,6,457,-0.07369182949900233,-0.07369182949900233,0.0,0.1533333128633057,0.6124661246612466,0.6886498516320475
dielectric_coverage_paired_benchmark,paired_base,Morgan,7,457,0.11419280513887242,0.11419280513887242,0.0,0.6366178391073837,0.8460220673635308,0.8113996043521267
dielectric_coverage_paired_benchmark,paired_base,Morgan,8,457,0.16145600051707287,0.16145600051707287,0.0,0.6469044049348538,0.8369047619047619,0.8398615232443126
dielectric_coverage_paired_benchmark,paired_base,Morgan,9,457,-0.15979373447372613,-0.15979373447372613,0.0,0.30838053714777547,0.6772744870305846,0.7565034619188922
dielectric_coverage_paired_benchmark,paired_base,Morgan+Physical,0,457,0.447193425246294,0.447193425246294,0.0,0.7274667773318803,0.8836430507162214,0.9351755687438181
dielectric_coverage_paired_benchmark,paired_base,Morgan+Physical,1,457,0.4129203868816147,0.4129203868816147,0.0,0.8647419254568515,0.9456058846302748,0.9326904055390702
dielectric_coverage_paired_benchmark,paired_base,Morgan+Physical,2,457,0.4269432849639294,0.4269432849639294,0.0,0.8094551741940366,0.9218544328300426,0.9257789317507419
dielectric_coverage_paired_benchmark,paired_base,Morgan+Physical,3,457,0.42315691979046577,0.42315691979046577,0.0,0.7832827706135533,0.8963608207510646,0.9048343224530168
dielectric_coverage_paired_benchmark,paired_base,Morgan+Physical,4,457,0.40477687156569253,0.40477687156569253,0.0,0.8138933275295599,0.9110917537746805,0.9426310583580614
dielectric_coverage_paired_benchmark,paired_base,Morgan+Physical,5,457,0.44795602450286376,0.44795602450286376,0.0,0.8461743348167768,0.9370886566008516,0.9573813056379822
dielectric_coverage_paired_benchmark,paired_base,Morgan+Physical,6,457,0.3699048728984914,0.3699048728984914,0.0,0.7318860695652335,0.8736933797909407,0.9516444114737884
dielectric_coverage_paired_benchmark,paired_base,Morgan+Physical,7,457,0.4686873069965476,0.4686873069965476,0.0,0.8339374011534331,0.9239450251645374,0.9630440158259149
dielectric_coverage_paired_benchmark,paired_base,Morgan+Physical,8,457,0.5097062933273586,0.5097062933273586,0.0,0.8715869936927935,0.941753774680604,0.9754945598417408
dielectric_coverage_paired_benchmark,paired_base,Morgan+Physical,9,457,0.17993455717788576,0.17993455717788576,0.0,0.4801400063470832,0.7275938830816879,0.9118694362017804
dielectric_coverage_paired_benchmark,paired_base,Physical,0,457,0.2404842594351414,0.2404842594351414,0.0,0.8131515335495735,0.9125048393341076,0.9418273986152325
dielectric_coverage_paired_benchmark,paired_base,Physical,1,457,0.08357211616344884,0.08357211616344884,0.0,0.8618857964214333,0.9451413085559426,0.9437438180019783
dielectric_coverage_paired_benchmark,paired_base,Physical,2,457,0.441190855167954,0.441190855167954,0.0,0.7946631685961453,0.921564072783585,0.9265949554896142
dielectric_coverage_paired_benchmark,paired_base,Physical,3,457,0.34818503250642197,0.34818503250642197,0.0,0.7997476566778329,0.9081687959736741,0.9129945598417408
dielectric_coverage_paired_benchmark,paired_base,Physical,4,457,0.006028035832564171,0.006028035832564171,0.0,0.8276503194750764,0.9171312427409989,0.9496043521266073
dielectric_coverage_paired_benchmark,paired_base,Physical,5,457,0.35542228795722963,0.35542228795722963,0.0,0.8460775353675989,0.9355594270228417,0.9594584569732938
dielectric_coverage_paired_benchmark,paired_base,Physical,6,457,0.40102862913623094,0.40102862913623094,0.0,0.8449610225166484,0.9249128919860626,0.9659371909000989
dielectric_coverage_paired_benchmark,paired_base,Physical,7,457,0.2908051173616335,0.2908051173616335,0.0,0.8468664900928691,0.9345334881920249,0.9713526211671613
dielectric_coverage_paired_benchmark,paired_base,Physical,8,457,0.5745864971299884,0.5745864971299884,0.0,0.8654999441802018,0.9345334881920249,0.9719831849653808
dielectric_coverage_paired_benchmark,paired_base,Physical,9,457,-0.20964283539590012,-0.20964283539590012,0.0,0.5266832924065501,0.7461769260549749,0.9244312561819981
dielectric_coverage_paired_benchmark,paired_plus_coverage,Morgan,0,457,0.03190883638049291,0.03190883638049291,0.0,0.4228916988144674,0.7320073557878436,0.718001978239367
dielectric_coverage_paired_benchmark,paired_plus_coverage,Morgan,1,457,0.13841903033858882,0.13841903033858882,0.0,0.7524264536330921,0.8670828493999225,0.8704253214638972
dielectric_coverage_paired_benchmark,paired_plus_coverage,Morgan,2,457,0.12146276845234483,0.12146276845234483,0.0,0.6789017861331379,0.8344076655052265,0.8126978239366963
dielectric_coverage_paired_benchmark,paired_plus_coverage,Morgan,3,457,0.15042719698213458,0.15042719698213458,0.0,0.6174111011897924,0.7358110723964383,0.8318743818001978
dielectric_coverage_paired_benchmark,paired_plus_coverage,Morgan,4,457,0.10915088642654014,0.10915088642654014,0.0,0.6481241662205829,0.8364305071622145,0.8025346191889219
dielectric_coverage_paired_benchmark,paired_plus_coverage,Morgan,5,457,0.11440544129511099,0.11440544129511099,0.0,0.609711533713047,0.7792876500193572,0.7600148367952522
dielectric_coverage_paired_benchmark,paired_plus_coverage,Morgan,6,457,0.045524780449732405,0.045524780449732405,0.0,0.307376239834221,0.6620983352690669,0.7048095944609298
dielectric_coverage_paired_benchmark,paired_plus_coverage,Morgan,7,457,0.11660530255712176,0.11660530255712176,0.0,0.6608058145521627,0.7916569879984514,0.823627596439169
dielectric_coverage_paired_benchmark,paired_plus_coverage,Morgan,8,457,0.09420331290901385,0.09420331290901385,0.0,0.5597862284057017,0.753319783197832,0.7417161226508407
dielectric_coverage_paired_benchmark,paired_plus_coverage,Morgan,9,457,0.11902066846444959,0.11902066846444959,0.0,0.6047245711025512,0.8164053426248548,0.8072453016815034
dielectric_coverage_paired_benchmark,paired_plus_coverage,Morgan+Physical,0,457,0.5761442268112078,0.5761442268112078,0.0,0.8723702953776248,0.9346883468834689,0.9619807121661722
dielectric_coverage_paired_benchmark,paired_plus_coverage,Morgan+Physical,1,457,0.4952526645960227,0.4952526645960227,0.0,0.9101791117087036,0.9503677893921796,0.9777942631058357
dielectric_coverage_paired_benchmark,paired_plus_coverage,Morgan+Physical,2,457,0.5647055034754788,0.5647055034754788,0.0,0.9022253953633046,0.9424699961285328,0.9652200791295746
dielectric_coverage_paired_benchmark,paired_plus_coverage,Morgan+Physical,3,457,0.5964832764585308,0.5964832764585308,0.0,0.8833339262549413,0.9073170731707316,0.9794139465875371
dielectric_coverage_paired_benchmark,paired_plus_coverage,Morgan+Physical,4,457,0.49037269998251276,0.49037269998251276,0.0,0.8855717680430069,0.9393341076267905,0.9748639960435213
dielectric_coverage_paired_benchmark,paired_plus_coverage,Morgan+Physical,5,457,0.5786912109971507,0.5786912109971507,0.0,0.9266068876400023,0.9554006968641116,0.9832962413452028
dielectric_coverage_paired_benchmark,paired_plus_coverage,Morgan+Physical,6,457,0.5057097878196624,0.5057097878196624,0.0,0.8607393486801436,0.9282617111885405,0.9653189910979229
dielectric_coverage_paired_benchmark,paired_plus_coverage,Morgan+Physical,7,457,0.5734272504066906,0.5734272504066906,0.0,0.9028864370492006,0.9315911730545877,0.9829747774480713
dielectric_coverage_paired_benchmark,paired_plus_coverage,Morgan+Physical,8,457,0.5067951693110124,0.5067951693110124,0.0,0.9085527996926515,0.9471931862175764,0.9768793273986152
dielectric_coverage_paired_benchmark,paired_plus_coverage,Morgan+Physical,9,457,0.444462650470166,0.444462650470166,0.0,0.7910952931872043,0.8964963221060782,0.9573565776458951
dielectric_coverage_paired_benchmark,paired_plus_coverage,Physical,0,457,0.49568090875033843,0.49568090875033843,0.0,0.880565218713797,0.9465931087882308,0.959013353115727
dielectric_coverage_paired_benchmark,paired_plus_coverage,Physical,1,457,-0.04043217102450836,-0.04043217102450836,0.0,0.9125973886542906,0.9572590011614402,0.975593471810089
dielectric_coverage_paired_benchmark,paired_plus_coverage,Physical,2,457,0.369401913227122,0.369401913227122,0.0,0.9071477861360827,0.9493612078977933,0.9656404549950544
dielectric_coverage_paired_benchmark,paired_plus_coverage,Physical,3,457,0.3914712793448131,0.3914712793448131,0.0,0.890290210322874,0.9431475029036005,0.9830242334322454
dielectric_coverage_paired_benchmark,paired_plus_coverage,Physical,4,457,0.15236769431856734,0.15236769431856734,0.0,0.9028908937168267,0.9420054200542004,0.975284371909001
dielectric_coverage_paired_benchmark,paired_plus_coverage,Physical,5,457,0.39200740838206194,0.39200740838206194,0.0,0.9058628853123833,0.9577816492450639,0.9813674579624135
dielectric_coverage_paired_benchmark,paired_plus_coverage,Physical,6,457,0.5156041844856554,0.5156041844856554,0.0,0.8928675217690939,0.9439024390243903,0.9715751730959447
dielectric_coverage_paired_benchmark,paired_plus_coverage,Physical,7,457,0.11065929912622963,0.11065929912622963,0.0,0.8975126000101242,0.9447348044909021,0.979933234421365
dielectric_coverage_paired_benchmark,paired_plus_coverage,Physical,8,457,0.627494003360622,0.627494003360622,0.0,0.9011779287276107,0.9534068912117692,0.9711424332344214
dielectric_coverage_paired_benchmark,paired_plus_coverage,Physical,9,457,0.24875684430827227,0.24875684430827227,0.0,0.7583212457071316,0.8800232288037166,0.9589391691394658
dielectric_coverage_paired_benchmark,paired_plus_new_xtb,Morgan,0,457,0.020010412124314536,0.020010412124314536,0.0,0.26165868443709284,0.6450154858691444,0.6969708209693373
dielectric_coverage_paired_benchmark,paired_plus_new_xtb,Morgan,1,457,0.1316201047088359,0.1316201047088359,0.0,0.7914211139426043,0.8995547812620983,0.8852744807121662
dielectric_coverage_paired_benchmark,paired_plus_new_xtb,Morgan,2,457,0.10133167802367293,0.10133167802367293,0.0,0.6627757528632884,0.8402535811072397,0.8259272997032642
dielectric_coverage_paired_benchmark,paired_plus_new_xtb,Morgan,3,457,0.16496527293036267,0.16496527293036267,0.0,0.6473353130560037,0.7772067363530777,0.8671859545004945
dielectric_coverage_paired_benchmark,paired_plus_new_xtb,Morgan,4,457,0.10399108409374014,0.10399108409374014,0.0,0.6679137092410857,0.8460123886953156,0.824715628090999
dielectric_coverage_paired_benchmark,paired_plus_new_xtb,Morgan,5,457,0.11691740070085277,0.11691740070085277,0.0,0.6439286846346781,0.8128919860627178,0.8029179030662711
dielectric_coverage_paired_benchmark,paired_plus_new_xtb,Morgan,6,457,0.0006060501059518275,0.0006060501059518275,0.0,0.24722901733199154,0.6339334107626791,0.7081231454005935
dielectric_coverage_paired_benchmark,paired_plus_new_xtb,Morgan,7,457,0.09793687459562939,0.09793687459562939,0.0,0.6699832192812426,0.8081204026325977,0.8414317507418397
dielectric_coverage_paired_benchmark,paired_plus_new_xtb,Morgan,8,457,0.10975790313429612,0.10975790313429612,0.0,0.5858669768288117,0.7718060394889663,0.7742087042532146
dielectric_coverage_paired_benchmark,paired_plus_new_xtb,Morgan,9,457,0.04376131693216545,0.04376131693216545,0.0,0.4138109338013298,0.7019260549748354,0.7901829871414441
dielectric_coverage_paired_benchmark,paired_plus_new_xtb,Morgan+Physical,0,457,0.560708140790981,0.560708140790981,0.0,0.7976946518429633,0.9010065814943864,0.9505563798219584
dielectric_coverage_paired_benchmark,paired_plus_new_xtb,Morgan+Physical,1,457,0.4978241411005959,0.4978241411005959,0.0,0.9059598683384433,0.9462446767324817,0.9709940652818991
dielectric_coverage_paired_benchmark,paired_plus_new_xtb,Morgan+Physical,2,457,0.5723234541371481,0.5723234541371481,0.0,0.8933336458883984,0.9407084785133566,0.9530044510385757
dielectric_coverage_paired_benchmark,paired_plus_new_xtb,Morgan+Physical,3,457,0.5964520344139069,0.5964520344139069,0.0,0.887191102560511,0.9195509097948122,0.9586424332344213
dielectric_coverage_paired_benchmark,paired_plus_new_xtb,Morgan+Physical,4,457,0.4959089322549072,0.4959089322549072,0.0,0.871396578534152,0.9388501742160279,0.9451162215628091
dielectric_coverage_paired_benchmark,paired_plus_new_xtb,Morgan+Physical,5,457,0.585064700080309,0.585064700080309,0.0,0.9075672596328923,0.9443863724351529,0.9637363996043521
dielectric_coverage_paired_benchmark,paired_plus_new_xtb,Morgan+Physical,6,457,0.5413800825480412,0.5413800825480412,0.0,0.8044576034609812,0.8924506387921023,0.9578264094955491
dielectric_coverage_paired_benchmark,paired_plus_new_xtb,Morgan+Physical,7,457,0.6150234360150404,0.6150234360150404,0.0,0.9163468994975452,0.9411149825783971,0.9803783382789317
dielectric_coverage_paired_benchmark,paired_plus_new_xtb,Morgan+Physical,8,457,0.6395051869658738,0.6395051869658738,0.0,0.9076537566145056,0.9428184281842819,0.9675074183976261
dielectric_coverage_paired_benchmark,paired_plus_new_xtb,Morgan+Physical,9,457,0.34976945865530373,0.34976945865530373,0.0,0.639748515465651,0.8179636082075107,0.9183852621167161
dielectric_coverage_paired_benchmark,paired_plus_new_xtb,Physical,0,457,0.04386296667420497,0.04386296667420497,0.0,0.8585614925994709,0.9426442121564074,0.9571587537091989
dielectric_coverage_paired_benchmark,paired_plus_new_xtb,Physical,1,457,-0.10583135601405602,-0.10583135601405602,0.0,0.8944136920966818,0.9578010065814944,0.9687438180019783
dielectric_coverage_paired_benchmark,paired_plus_new_xtb,Physical,2,457,0.2574823749786911,0.2574823749786911,0.0,0.9053320934693064,0.951413085559427,0.9530539070227497
dielectric_coverage_paired_benchmark,paired_plus_new_xtb,Physical,3,457,0.3618470835979378,0.3618470835979378,0.0,0.8721298080870279,0.9338946960898181,0.9443991097922848
dielectric_coverage_paired_benchmark,paired_plus_new_xtb,Physical,4,457,-0.05547140243103055,-0.05547140243103055,0.0,0.8672617608493673,0.938211382113821,0.9431379821958457
dielectric_coverage_paired_benchmark,paired_plus_new_xtb,Physical,5,457,0.3294959446569391,0.3294959446569391,0.0,0.8734963243753511,0.9435927216415021,0.9597057368941643
dielectric_coverage_paired_benchmark,paired_plus_new_xtb,Physical,6,457,0.5024421790138157,0.5024421790138157,0.0,0.8662774406194281,0.927177700348432,0.9497403560830862
dielectric_coverage_paired_benchmark,paired_plus_new_xtb,Physical,7,457,0.1962389144012402,0.1962389144012402,0.0,0.8897637730207257,0.9430507162214479,0.9726632047477745
dielectric_coverage_paired_benchmark,paired_plus_new_xtb,Physical,8,457,0.35556211288484973,0.35556211288484973,0.0,0.8833137163527932,0.9390437475803329,0.9576904055390703
dielectric_coverage_paired_benchmark,paired_plus_new_xtb,Physical,9,457,-0.5300979832267088,-0.5300979832267088,0.0,0.7056668086133095,0.8456058846302749,0.9452645895153313
dielectric_coverage_paired_benchmark,paired_plus_v03_block,Morgan,0,457,0.005856068190795982,0.005856068190795982,0.0,0.15367596046768048,0.6207607433217189,0.5743323442136499
dielectric_coverage_paired_benchmark,paired_plus_v03_block,Morgan,1,457,0.17779275638251058,0.17779275638251058,0.0,0.7511567606378625,0.887175764614789,0.8545870425321463
dielectric_coverage_paired_benchmark,paired_plus_v03_block,Morgan,2,457,0.20214624092263433,0.20214624092263433,0.0,0.7538625830320912,0.9172280294231514,0.8666913946587538
dielectric_coverage_paired_benchmark,paired_plus_v03_block,Morgan,3,457,0.18397011545764141,0.18397011545764141,0.0,0.6896145944275504,0.8306716995741386,0.8403684470820969
dielectric_coverage_paired_benchmark,paired_plus_v03_block,Morgan,4,457,0.1646075649388392,0.1646075649388392,0.0,0.7298928704514908,0.8902535811072396,0.840368447082097
dielectric_coverage_paired_benchmark,paired_plus_v03_block,Morgan,5,457,0.16658066418595452,0.16658066418595452,0.0,0.7577420947400763,0.908052651955091,0.8499010880316519
dielectric_coverage_paired_benchmark,paired_plus_v03_block,Morgan,6,457,-0.04175514856794771,-0.04175514856794771,0.0,0.2104561451086624,0.6357142857142857,0.6763353115727003
dielectric_coverage_paired_benchmark,paired_plus_v03_block,Morgan,7,457,0.15145148383525187,0.15145148383525187,0.0,0.7285994401166828,0.8817460317460317,0.8373145400593471
dielectric_coverage_paired_benchmark,paired_plus_v03_block,Morgan,8,457,0.16465962954318514,0.16465962954318514,0.0,0.7430864339070291,0.8953252032520325,0.8377349159248269
dielectric_coverage_paired_benchmark,paired_plus_v03_block,Morgan,9,457,0.157328706998364,0.157328706998364,0.0,0.5554512609221604,0.8034359272164151,0.8294139465875371
dielectric_coverage_paired_benchmark,paired_plus_v03_block,Morgan+Physical,0,457,0.37611522969892375,0.37611522969892375,0.0,0.750742939982114,0.8921989934185057,0.9545375865479723
dielectric_coverage_paired_benchmark,paired_plus_v03_block,Morgan+Physical,1,457,0.43639294534155626,0.43639294534155626,0.0,0.8834167878215136,0.9519550909794813,0.9599406528189911
dielectric_coverage_paired_benchmark,paired_plus_v03_block,Morgan+Physical,2,457,0.4871444127114174,0.4871444127114174,0.0,0.8906760922499704,0.9535617499032134,0.9661473788328387
dielectric_coverage_paired_benchmark,paired_plus_v03_block,Morgan+Physical,3,457,0.5021896344760324,0.5021896344760324,0.0,0.8691868337370979,0.9193379790940766,0.9561696340257171
dielectric_coverage_paired_benchmark,paired_plus_v03_block,Morgan+Physical,4,457,0.4272776031555645,0.4272776031555645,0.0,0.8716673535449474,0.9404568331397599,0.9669015825914936
dielectric_coverage_paired_benchmark,paired_plus_v03_block,Morgan+Physical,5,457,0.41072592637426786,0.41072592637426786,0.0,0.8705111733256564,0.9490708478513356,0.9565158259149358
dielectric_coverage_paired_benchmark,paired_plus_v03_block,Morgan+Physical,6,457,0.30894016424631754,0.30894016424631754,0.0,0.7393394993837183,0.8926248548199768,0.9314663699307616
dielectric_coverage_paired_benchmark,paired_plus_v03_block,Morgan+Physical,7,457,0.4849106303041396,0.4849106303041396,0.0,0.8761022090994254,0.94579945799458,0.9793892185954501
dielectric_coverage_paired_benchmark,paired_plus_v03_block,Morgan+Physical,8,457,0.44529300642426817,0.44529300642426817,0.0,0.8856694325916059,0.9495160665892373,0.97521018793274
dielectric_coverage_paired_benchmark,paired_plus_v03_block,Morgan+Physical,9,457,0.4234341983304376,0.4234341983304376,0.0,0.8450069122452131,0.9376887340301975,0.9618694362017804
dielectric_coverage_paired_benchmark,paired_plus_v03_block,Physical,0,457,0.4789431754486778,0.4789431754486778,0.0,0.8467322237595433,0.9296360820751064,0.9737512363996043
dielectric_coverage_paired_benchmark,paired_plus_v03_block,Physical,1,457,0.16716116609520704,0.16716116609520704,0.0,0.88926038613101,0.953774680603949,0.965182987141444
dielectric_coverage_paired_benchmark,paired_plus_v03_block,Physical,2,457,0.5339067040245838,0.5339067040245838,0.0,0.8791821478239998,0.9393921796360821,0.9599653808110782
dielectric_coverage_paired_benchmark,paired_plus_v03_block,Physical,3,457,0.560751354153741,0.560751354153741,0.0,0.8637656371941892,0.9293457220286488,0.9674455984174084
dielectric_coverage_paired_benchmark,paired_plus_v03_block,Physical,4,457,0.12547979381488106,0.12547979381488106,0.0,0.8689674810061577,0.934010840108401,0.9734297725024729
dielectric_coverage_paired_benchmark,paired_plus_v03_block,Physical,5,457,0.291071795322036,0.291071795322036,0.0,0.8576415731210318,0.9414440572977159,0.9659866468842729
dielectric_coverage_paired_benchmark,paired_plus_v03_block,Physical,6,457,0.2779782569863839,0.2779782569863839,0.0,0.8349610004148937,0.9323848238482384,0.9510756676557864
dielectric_coverage_paired_benchmark,paired_plus_v03_block,Physical,7,457,0.17454623493293275,0.17454623493293275,0.0,0.8855654375744588,0.9495934959349593,0.9850024727992087
dielectric_coverage_paired_benchmark,paired_plus_v03_block,Physical,8,457,0.5088484449516868,0.5088484449516868,0.0,0.8741761778433278,0.9446380178087495,0.9769164193867458
dielectric_coverage_paired_benchmark,paired_plus_v03_block,Physical,9,457,0.34097509792435565,0.34097509792435565,0.0,0.8760067060330265,0.9412117692605498,0.9711424332344214
dielectric_band_ablation,band_all,Morgan,0,1594,-0.0914539231799405,-0.0914539231799405,0.0,0.05891260695927537,0.5589856652765556,0.4759310240180352
dielectric_band_ablation,band_all,Morgan,1,1594,0.04206149804690951,0.04206149804690951,0.0,0.49070900554116303,0.8312035301169478,0.7061313188242434
dielectric_band_ablation,band_all,Morgan,2,1594,-0.23673535731572337,-0.23673535731572337,0.0,0.03893315624848936,0.5568040517274362,0.5010589178878002
dielectric_band_ablation,band_all,Morgan,3,1594,-0.18931431672756394,-0.18931431672756394,0.0,0.4848025356164871,0.8160717246304728,0.6974442902974074
dielectric_band_ablation,band_all,Morgan,4,1594,-0.04234532396920265,-0.04234532396920265,0.0,0.4567791217283212,0.8182023249289003,0.6688697650221104
dielectric_band_ablation,band_all,Morgan,5,1594,-0.026233279774124263,-0.026233279774124263,0.0,0.2756719410867113,0.7389444720766218,0.6019639295933408
dielectric_band_ablation,band_all,Morgan,6,1594,-0.026984353572436115,-0.026984353572436115,0.0,0.451394598653467,0.8293112573490964,0.6989042313361657
dielectric_band_ablation,band_all,Morgan,7,1594,0.06021215389847556,0.06021215389847556,0.0,0.5006469835242469,0.8211499343204396,0.6587379693054712
dielectric_band_ablation,band_all,Morgan,8,1594,-0.11369394625520535,-0.11369394625520535,0.0,0.4013331920578231,0.8196466375891138,0.6767569149397382
dielectric_band_ablation,band_all,Morgan,9,1594,-0.05387926915583341,-0.05387926915583341,0.0,0.5821209791829783,0.864853942686613,0.7938610942512789
dielectric_band_ablation,band_all,Morgan+Physical,0,1594,0.08863849051209449,0.08863849051209449,0.0,0.36743009393717435,0.7825847138794302,0.804325630798578
dielectric_band_ablation,band_all,Morgan+Physical,1,1594,0.16306649467989254,0.16306649467989254,0.0,0.4420454225108206,0.8063226141740317,0.8400329489291598
dielectric_band_ablation,band_all,Morgan+Physical,2,1594,0.016946389049687816,0.016946389049687816,0.0,0.4024966580191964,0.8028720460139522,0.8373363392005551
dielectric_band_ablation,band_all,Morgan+Physical,3,1594,0.22666478643502563,0.22666478643502563,0.0,0.5587893233286403,0.875250283761207,0.8695623428422786
dielectric_band_ablation,band_all,Morgan+Physical,4,1594,0.2378720418053658,0.2378720418053658,0.0,0.5398354604329606,0.8651823404879418,0.8685391918841585
dielectric_band_ablation,band_all,Morgan+Physical,5,1594,0.04713001978176523,0.04713001978176523,0.0,0.3308489059591119,0.7757178520870796,0.8297125639469348
dielectric_band_ablation,band_all,Morgan+Physical,6,1594,0.07377447875772891,0.07377447875772891,0.0,0.31139791827062163,0.757811404012192,0.7845942079250845
dielectric_band_ablation,band_all,Morgan+Physical,7,1594,0.32238775023024757,0.32238775023024757,0.0,0.7054886440374434,0.9275253153256559,0.9112947628544178
dielectric_band_ablation,band_all,Morgan+Physical,8,1594,0.10791172566665896,0.10791172566665896,0.0,0.31291345051357844,0.7649596357653901,0.7681143241134137
dielectric_band_ablation,band_all,Morgan+Physical,9,1594,0.3172578688128289,0.3172578688128289,0.0,0.6237952193165295,0.8980292943592099,0.8982669296800485
dielectric_band_ablation,band_all,Physical,0,1594,-0.2970433760487736,-0.2970433760487736,0.0,0.44711610601342694,0.794085013582278,0.8137290817653688
dielectric_band_ablation,band_all,Physical,1,1594,-0.2897110979140065,-0.2897110979140065,0.0,0.40453086807669375,0.7696775643723457,0.8252341108124512
dielectric_band_ablation,band_all,Physical,2,1594,-0.22086211427921665,-0.22086211427921665,0.0,0.377129065017556,0.7797510872199053,0.8374902453828146
dielectric_band_ablation,band_all,Physical,3,1594,0.3252977644379573,0.3252977644379573,0.0,0.6416618078501468,0.9000156228080245,0.9452299921963063
dielectric_band_ablation,band_all,Physical,4,1594,0.23497852962378563,0.23497852962378563,0.0,0.552309968346069,0.8592823392126105,0.9055612156420706
dielectric_band_ablation,band_all,Physical,5,1594,-0.7455515754595559,-0.7455515754595559,0.0,0.35812987217558157,0.7732979110073843,0.8444355328188677
dielectric_band_ablation,band_all,Physical,6,1594,-0.32702326600011133,-0.32702326600011133,0.0,0.36781303869870924,0.7776531672852023,0.8261553802133009
dielectric_band_ablation,band_all,Physical,7,1594,0.2866131552515566,0.2866131552515566,0.0,0.6474323143304113,0.8892239290405684,0.9325121390791642
dielectric_band_ablation,band_all,Physical,8,1594,-0.2152516019580626,-0.2152516019580626,0.0,0.4431022097059485,0.7974821772455394,0.8218037371022283
dielectric_band_ablation,band_all,Physical,9,1594,0.36809626270692275,0.36809626270692275,0.0,0.7087365184001019,0.9280091441251865,0.9465132662793723
dielectric_band_ablation,band_room_extended,Morgan,0,644,-0.08535655494456074,-0.08535655494456074,0.0,0.13960597035195466,0.6248459620217545,0.5308266079726094
dielectric_band_ablation,band_room_extended,Morgan,1,644,0.0630604532039225,0.0630604532039225,0.0,0.589247745362149,0.861783056307552,0.7702861335289802
dielectric_band_ablation,band_room_extended,Morgan,2,644,-0.18916131289142002,-0.18916131289142002,0.0,0.047682296840646995,0.5502721741914826,0.5541024700415749
dielectric_band_ablation,band_room_extended,Morgan,3,644,-0.18578180804304134,-0.18578180804304134,0.0,0.48345414743403164,0.7969706672876702,0.6964049889948642
dielectric_band_ablation,band_room_extended,Morgan,4,644,-0.05126922912927445,-0.05126922912927445,0.0,0.4568571052931647,0.8109917620004076,0.649932746392761
dielectric_band_ablation,band_room_extended,Morgan,5,644,-0.09093887449923432,-0.09093887449923432,0.0,0.21634079800131667,0.697042470817687,0.6005502567865003
dielectric_band_ablation,band_room_extended,Morgan,6,644,-0.05344818274182739,-0.05344818274182739,0.0,0.5036997752247455,0.824309376182575,0.7024211298606016
dielectric_band_ablation,band_room_extended,Morgan,7,644,0.04562453818251855,0.04562453818251855,0.0,0.42893150379092665,0.7591428211024752,0.6092198581560284
dielectric_band_ablation,band_room_extended,Morgan,8,644,-0.09856941850553591,-0.09856941850553591,0.0,0.37314627589582977,0.7760651665550802,0.6333700171191
dielectric_band_ablation,band_room_extended,Morgan,9,644,0.023795625854377667,0.023795625854377667,0.0,0.585459477808463,0.8489214915727884,0.7879310344827586
dielectric_band_ablation,band_room_extended,Morgan+Physical,0,644,0.20530536638380636,0.20530536638380636,0.0,0.5941649313023271,0.8285981816241181,0.9022010271460015
dielectric_band_ablation,band_room_extended,Morgan+Physical,1,644,0.21123578038102298,0.21123578038102298,0.0,0.5929996075219008,0.8217380335535954,0.859678405478112
dielectric_band_ablation,band_room_extended,Morgan+Physical,2,644,0.10895508962927858,0.10895508962927858,0.0,0.46301197301460406,0.749400828651549,0.8663181707018831
dielectric_band_ablation,band_room_extended,Morgan+Physical,3,644,0.2589866978202352,0.2589866978202352,0.0,0.6768492475902247,0.8718695116389641,0.9034177060405968
dielectric_band_ablation,band_room_extended,Morgan+Physical,4,644,0.31182994095730343,0.31182994095730343,0.0,0.6959562879639866,0.8842895816959216,0.9220775250672535
dielectric_band_ablation,band_room_extended,Morgan+Physical,5,644,0.11948204080693903,0.11948204080693903,0.0,0.5197106614547385,0.7987851618975538,0.8616471019809244
dielectric_band_ablation,band_room_extended,Morgan+Physical,6,644,0.12153915652552982,0.12153915652552982,0.0,0.534270039501726,0.7972811690390941,0.8610479334800685
dielectric_band_ablation,band_room_extended,Morgan+Physical,7,644,0.33107904741703764,0.33107904741703764,0.0,0.7386058528444432,0.8752171086465035,0.939190511127415
dielectric_band_ablation,band_room_extended,Morgan+Physical,8,644,0.13439530390258903,0.13439530390258903,0.0,0.49790884680066666,0.792041451983815,0.7968023966740034
dielectric_band_ablation,band_room_extended,Morgan+Physical,9,644,0.3123795654012861,0.3123795654012861,0.0,0.7508719087422735,0.9067669975450955,0.9331254585473221
dielectric_band_ablation,band_room_extended,Physical,0,644,-0.19550737723390466,-0.19550737723390466,0.0,0.6486839561148403,0.834488011721441,0.910699437515285
dielectric_band_ablation,band_room_extended,Physical,1,644,-0.05597541812158835,-0.05597541812158835,0.0,0.6240759059216361,0.8260947612532628,0.8684580582049402
dielectric_band_ablation,band_room_extended,Physical,2,644,-0.19298737284095324,-0.19298737284095324,0.0,0.5443394593109191,0.7829835337039949,0.8973893372462705
dielectric_band_ablation,band_room_extended,Physical,3,644,0.30969152518203835,0.30969152518203835,0.0,0.7825421012565231,0.903890004754558,0.960277573978968
dielectric_band_ablation,band_room_extended,Physical,4,644,0.2858948492308454,0.2858948492308454,0.0,0.7473505768902646,0.9011051921714746,0.949235754463194
dielectric_band_ablation,band_room_extended,Physical,5,644,-0.4965962229319294,-0.4965962229319294,0.0,0.5874892171470443,0.8203553304417858,0.8633834678405478
dielectric_band_ablation,band_room_extended,Physical,6,644,-0.1699538950807702,-0.1699538950807702,0.0,0.6257794383100262,0.8340659234030992,0.890431645879188
dielectric_band_ablation,band_room_extended,Physical,7,644,-0.002342395551984122,-0.002342395551984122,0.0,0.7056435319546748,0.8588381412588906,0.917693812668134
dielectric_band_ablation,band_room_extended,Physical,8,644,-0.03158973787998165,-0.03158973787998165,0.0,0.5773593377731935,0.8095945041189999,0.844821472242602
dielectric_band_ablation,band_room_extended,Physical,9,644,0.3368793257622187,0.3368793257622187,0.0,0.7961231613030292,0.9191676612425891,0.9435069699192957
dielectric_band_ablation,band_room_only,Morgan,0,457,-0.10955067846774535,-0.10955067846774535,0.0,-0.024082866512766792,0.5437379016647309,0.4983679525222552
dielectric_band_ablation,band_room_only,Morgan,1,457,0.1312278281744378,0.1312278281744378,0.0,0.6903750201015879,0.8552361595044522,0.8370301681503461
dielectric_band_ablation,band_room_only,Morgan,2,457,0.16586799903427585,0.16586799903427585,0.0,0.6825982144686984,0.8733255903987611,0.8552423343224531
dielectric_band_ablation,band_room_only,Morgan,3,457,0.13483978348900205,0.13483978348900205,0.0,0.5631610111443214,0.7621080139372822,0.810126112759644
dielectric_band_ablation,band_room_only,Morgan,4,457,0.10228847111567263,0.10228847111567263,0.0,0.6229287783046534,0.8393050716221448,0.8089886251236399
dielectric_band_ablation,band_room_only,Morgan,5,457,0.1819019920720838,0.1819019920720838,0.0,0.669731757150507,0.8596205962059621,0.8317754698318497
dielectric_band_ablation,band_room_only,Morgan,6,457,-0.07369182949900233,-0.07369182949900233,0.0,0.1533333128633057,0.6124661246612466,0.6886498516320475
dielectric_band_ablation,band_room_only,Morgan,7,457,0.11419280513887242,0.11419280513887242,0.0,0.6366178391073837,0.8460220673635308,0.8113996043521267
dielectric_band_ablation,band_room_only,Morgan,8,457,0.16145600051707287,0.16145600051707287,0.0,0.6469044049348538,0.8369047619047619,0.8398615232443126
dielectric_band_ablation,band_room_only,Morgan,9,457,-0.15979373447372613,-0.15979373447372613,0.0,0.30838053714777547,0.6772744870305846,0.7565034619188922
dielectric_band_ablation,band_room_only,Morgan+Physical,0,457,0.447193425246294,0.447193425246294,0.0,0.7274667773318803,0.8836430507162214,0.9351755687438181
dielectric_band_ablation,band_room_only,Morgan+Physical,1,457,0.4129203868816147,0.4129203868816147,0.0,0.8647419254568515,0.9456058846302748,0.9326904055390702
dielectric_band_ablation,band_room_only,Morgan+Physical,2,457,0.4269432849639294,0.4269432849639294,0.0,0.8094551741940366,0.9218544328300426,0.9257789317507419
dielectric_band_ablation,band_room_only,Morgan+Physical,3,457,0.42315691979046577,0.42315691979046577,0.0,0.7832827706135533,0.8963608207510646,0.9048343224530168
dielectric_band_ablation,band_room_only,Morgan+Physical,4,457,0.40477687156569253,0.40477687156569253,0.0,0.8138933275295599,0.9110917537746805,0.9426310583580614
dielectric_band_ablation,band_room_only,Morgan+Physical,5,457,0.44795602450286376,0.44795602450286376,0.0,0.8461743348167768,0.9370886566008516,0.9573813056379822
dielectric_band_ablation,band_room_only,Morgan+Physical,6,457,0.3699048728984914,0.3699048728984914,0.0,0.7318860695652335,0.8736933797909407,0.9516444114737884
dielectric_band_ablation,band_room_only,Morgan+Physical,7,457,0.4686873069965476,0.4686873069965476,0.0,0.8339374011534331,0.9239450251645374,0.9630440158259149
dielectric_band_ablation,band_room_only,Morgan+Physical,8,457,0.5097062933273586,0.5097062933273586,0.0,0.8715869936927935,0.941753774680604,0.9754945598417408
dielectric_band_ablation,band_room_only,Morgan+Physical,9,457,0.17993455717788576,0.17993455717788576,0.0,0.4801400063470832,0.7275938830816879,0.9118694362017804
dielectric_band_ablation,band_room_only,Physical,0,457,0.2404842594351414,0.2404842594351414,0.0,0.8131515335495735,0.9125048393341076,0.9418273986152325
dielectric_band_ablation,band_room_only,Physical,1,457,0.08357211616344884,0.08357211616344884,0.0,0.8618857964214333,0.9451413085559426,0.9437438180019783
dielectric_band_ablation,band_room_only,Physical,2,457,0.441190855167954,0.441190855167954,0.0,0.7946631685961453,0.921564072783585,0.9265949554896142
dielectric_band_ablation,band_room_only,Physical,3,457,0.34818503250642197,0.34818503250642197,0.0,0.7997476566778329,0.9081687959736741,0.9129945598417408
dielectric_band_ablation,band_room_only,Physical,4,457,0.006028035832564171,0.006028035832564171,0.0,0.8276503194750764,0.9171312427409989,0.9496043521266073
dielectric_band_ablation,band_room_only,Physical,5,457,0.35542228795722963,0.35542228795722963,0.0,0.8460775353675989,0.9355594270228417,0.9594584569732938
dielectric_band_ablation,band_room_only,Physical,6,457,0.40102862913623094,0.40102862913623094,0.0,0.8449610225166484,0.9249128919860626,0.9659371909000989
dielectric_band_ablation,band_room_only,Physical,7,457,0.2908051173616335,0.2908051173616335,0.0,0.8468664900928691,0.9345334881920249,0.9713526211671613
dielectric_band_ablation,band_room_only,Physical,8,457,0.5745864971299884,0.5745864971299884,0.0,0.8654999441802018,0.9345334881920249,0.9719831849653808
dielectric_band_ablation,band_room_only,Physical,9,457,-0.20964283539590012,-0.20964283539590012,0.0,0.5266832924065501,0.7461769260549749,0.9244312561819981
dielectric_band_ablation,single_row_298,Morgan,0,98,0.08299400365552945,0.08299400365552945,0.0,0.5386609030647067,0.8027083333333332,0.74372009569378
dielectric_band_ablation,single_row_298,Morgan,1,98,0.1176506900090839,0.1176506900090839,0.0,0.5812088966796549,0.8152083333333333,0.7999401913875599
dielectric_band_ablation,single_row_298,Morgan,2,98,0.07745294558917803,0.07745294558917803,0.0,0.5030746817958335,0.7883333333333334,0.7305622009569378
dielectric_band_ablation,single_row_298,Morgan,3,98,-0.01710014033407181,-0.01710014033407181,0.0,0.49171799090552215,0.7904166666666667,0.7236842105263158
dielectric_band_ablation,single_row_298,Morgan,4,98,0.13451046515597964,0.13451046515597964,0.0,0.48733626405281316,0.7689583333333334,0.7452153110047847
dielectric_band_ablation,single_row_298,Morgan,5,98,0.03192587064321506,0.03192587064321506,0.0,0.5121903013250755,0.7983333333333333,0.7505980861244019
dielectric_band_ablation,single_row_298,Morgan,6,98,0.07497750552329818,0.07497750552329818,0.0,0.47145944774206716,0.791875,0.7308612440191388
dielectric_band_ablation,single_row_298,Morgan,7,98,0.1361387517988062,0.1361387517988062,0.0,0.5210938047906559,0.7666666666666666,0.7380382775119617
dielectric_band_ablation,single_row_298,Morgan,8,98,0.010820989779837142,0.010820989779837142,0.0,0.48851102356169296,0.8102083333333333,0.7057416267942583
dielectric_band_ablation,single_row_298,Morgan,9,98,0.10576988784254282,0.10576988784254282,0.0,0.5699120799250226,0.8220833333333333,0.7479066985645932
dielectric_band_ablation,single_row_298,Morgan+Physical,0,98,0.20125709971094385,0.20125709971094385,0.0,0.6693677955863881,0.8295833333333333,0.861842105263158
dielectric_band_ablation,single_row_298,Morgan+Physical,1,98,0.2436910252410679,0.2436910252410679,0.0,0.6946151688399872,0.8383333333333334,0.8773923444976076
dielectric_band_ablation,single_row_298,Morgan+Physical,2,98,0.21708865651846676,0.21708865651846676,0.0,0.6602698153760634,0.8358333333333333,0.8516746411483254
dielectric_band_ablation,single_row_298,Morgan+Physical,3,98,0.18719542817241364,0.18719542817241364,0.0,0.63726665307834,0.81125,0.8534688995215312
dielectric_band_ablation,single_row_298,Morgan+Physical,4,98,0.15531985718940877,0.15531985718940877,0.0,0.6210152504461622,0.80375,0.8450956937799042
dielectric_band_ablation,single_row_298,Morgan+Physical,5,98,0.1847047831604388,0.1847047831604388,0.0,0.6444009487022736,0.8183333333333334,0.8702153110047848
dielectric_band_ablation,single_row_298,Morgan+Physical,6,98,0.1005053740544577,0.1005053740544577,0.0,0.5808872284112756,0.7979166666666666,0.8456937799043063
dielectric_band_ablation,single_row_298,Morgan+Physical,7,98,0.2779334467805922,0.2779334467805922,0.0,0.7120843109396995,0.8191666666666666,0.8732057416267942
dielectric_band_ablation,single_row_298,Morgan+Physical,8,98,0.14484149975043747,0.14484149975043747,0.0,0.6802381924039099,0.8604166666666667,0.8235645933014354
dielectric_band_ablation,single_row_298,Morgan+Physical,9,98,0.14823278015070696,0.14823278015070696,0.0,0.7068180659125599,0.8445833333333332,0.8690191387559809
dielectric_band_ablation,single_row_298,Physical,0,98,0.1098133775989597,0.1098133775989597,0.0,0.6495672548208782,0.7895833333333333,0.8744019138755982
dielectric_band_ablation,single_row_298,Physical,1,98,0.2095399856422051,0.2095399856422051,0.0,0.658809803134883,0.7995833333333333,0.8606459330143541
dielectric_band_ablation,single_row_298,Physical,2,98,0.17931463944007553,0.17931463944007553,0.0,0.6861611241596154,0.8258333333333333,0.8696172248803828
dielectric_band_ablation,single_row_298,Physical,3,98,0.18393225287007942,0.18393225287007942,0.0,0.6511101547714749,0.7799999999999999,0.8851674641148325
dielectric_band_ablation,single_row_298,Physical,4,98,0.05343236782232408,0.05343236782232408,0.0,0.6358193920357726,0.7954166666666667,0.8576555023923446
dielectric_band_ablation,single_row_298,Physical,5,98,0.15603064882116136,0.15603064882116136,0.0,0.6753353565372388,0.8049999999999999,0.8851674641148325
dielectric_band_ablation,single_row_298,Physical,6,98,-0.021060528750882268,-0.021060528750882268,0.0,0.586040580821926,0.7562499999999999,0.8672248803827751
dielectric_band_ablation,single_row_298,Physical,7,98,0.19746874316069662,0.19746874316069662,0.0,0.7048438770178787,0.8025,0.8833732057416268
dielectric_band_ablation,single_row_298,Physical,8,98,0.13639417443403834,0.13639417443403834,0.0,0.6855363154275819,0.8170833333333334,0.8510765550239234
dielectric_band_ablation,single_row_298,Physical,9,98,0.11205263405789712,0.11205263405789712,0.0,0.6707683283709603,0.7904166666666667,0.8833732057416269
dielectric_band_ablation,train_all_test_core,Morgan,0,644,-0.11186003228919028,-0.11186003228919028,0.0,0.09791725135363602,0.6089133409018136,0.47808755196869646
dielectric_band_ablation,train_all_test_core,Morgan,1,644,-0.03086618780270345,-0.03086618780270345,0.0,0.4279921686402008,0.7907412258997274,0.6258131572511617
dielectric_band_ablation,train_all_test_core,Morgan,2,644,-0.1704537004574278,-0.1704537004574278,0.0,0.09958443631626561,0.5927915077770985,0.5285888970408413
dielectric_band_ablation,train_all_test_core,Morgan,3,644,-0.19562161750528761,-0.19562161750528761,0.0,0.43713688180391563,0.7965097662504003,0.6161775495231108
dielectric_band_ablation,train_all_test_core,Morgan,4,644,-0.08525005325415114,-0.08525005325415114,0.0,0.3847630040908323,0.786995798523176,0.5701638542430912
dielectric_band_ablation,train_all_test_core,Morgan,5,644,-0.07717903132321147,-0.07717903132321147,0.0,0.2623283289646329,0.7472855354699734,0.5438860357055515
dielectric_band_ablation,train_all_test_core,Morgan,6,644,-0.08958153258752355,-0.08958153258752355,0.0,0.41942497268865164,0.8059412569499025,0.6079175837613109
dielectric_band_ablation,train_all_test_core,Morgan,7,644,-0.02747892187681722,-0.02747892187681722,0.0,0.4100021768174722,0.7786656187232556,0.5674247982391784
dielectric_band_ablation,train_all_test_core,Morgan,8,644,-0.15730120592592733,-0.15730120592592733,0.0,0.368857371752429,0.7947243811797126,0.5683541208119344
dielectric_band_ablation,train_all_test_core,Morgan,9,644,-0.08098035559803973,-0.08098035559803973,0.0,0.5747491372265104,0.8547531025917192,0.744179505991685
dielectric_band_ablation,train_all_test_core,Morgan+Physical,0,644,0.1469111844750286,0.1469111844750286,0.0,0.5575396629390773,0.8232662843613852,0.8353081438004402
dielectric_band_ablation,train_all_test_core,Morgan+Physical,1,644,0.22461382938018704,0.22461382938018704,0.0,0.6013484247785896,0.8263858566452226,0.8656639765223771
dielectric_band_ablation,train_all_test_core,Morgan+Physical,2,644,0.10253053843386062,0.10253053843386062,0.0,0.5406710449318743,0.8074889141171562,0.8501100513573001
dielectric_band_ablation,train_all_test_core,Morgan+Physical,3,644,0.2360237647886413,0.2360237647886413,0.0,0.6556556247044936,0.8681240842624128,0.8771643433602349
dielectric_band_ablation,train_all_test_core,Morgan+Physical,4,644,0.21917404764398773,0.21917404764398773,0.0,0.6280025116589666,0.8573147420409668,0.8814808021521154
dielectric_band_ablation,train_all_test_core,Morgan+Physical,5,644,0.1605112044404141,0.1605112044404141,0.0,0.5397646554597193,0.8135145887307271,0.8649608706285155
dielectric_band_ablation,train_all_test_core,Morgan+Physical,6,644,0.14699913582957025,0.14699913582957025,0.0,0.5068831754537292,0.7857634946972122,0.8386219124480312
dielectric_band_ablation,train_all_test_core,Morgan+Physical,7,644,0.2992632874494251,0.2992632874494251,0.0,0.7679933482628889,0.9078343473156152,0.9059611151870873
dielectric_band_ablation,train_all_test_core,Morgan+Physical,8,644,0.15491596962651277,0.15491596962651277,0.0,0.4886966203500875,0.7946419041519907,0.779102470041575
dielectric_band_ablation,train_all_test_core,Morgan+Physical,9,644,0.2884590387506849,0.2884590387506849,0.0,0.7043318492767219,0.8895875178295928,0.9092871117632674
dielectric_band_ablation,train_all_test_core,Physical,0,644,-0.06578044317950638,-0.06578044317950638,0.0,0.6192376472329205,0.830068213353516,0.8628943506969919
dielectric_band_ablation,train_all_test_core,Physical,1,644,0.035312109882795206,0.035312109882795206,0.0,0.6114517835485209,0.8152271999534247,0.8735999021765712
dielectric_band_ablation,train_all_test_core,Physical,2,644,-0.021606515802706783,-0.021606515802706783,0.0,0.5268722754326132,0.7850503109869105,0.8634507214477867
dielectric_band_ablation,train_all_test_core,Physical,3,644,0.3722648796128901,0.3722648796128901,0.0,0.7438210148934317,0.8890926556632608,0.9534054781120079
dielectric_band_ablation,train_all_test_core,Physical,4,644,0.24163620460453505,0.24163620460453505,0.0,0.644060767336625,0.8434391950242095,0.9171129860601615
dielectric_band_ablation,train_all_test_core,Physical,5,644,-0.3460168659804692,-0.3460168659804692,0.0,0.5634814439094702,0.8080905112605401,0.8873135240890193
dielectric_band_ablation,train_all_test_core,Physical,6,644,0.022131123935132502,0.022131123935132502,0.0,0.5842385364829026,0.8117534616093693,0.887484715089264
dielectric_band_ablation,train_all_test_core,Physical,7,644,0.333914401322163,0.333914401322163,0.0,0.7573377683000818,0.888689973704383,0.9470224993886035
dielectric_band_ablation,train_all_test_core,Physical,8,644,0.06469495917169321,0.06469495917169321,0.0,0.6404440074422839,0.8338233439097993,0.8626314502323307
dielectric_band_ablation,train_all_test_core,Physical,9,644,0.3579576565816044,0.3579576565816044,0.0,0.8042851360862167,0.9216856363830428,0.958125458547322
