arm,representation,repeat,fold,train_rows,test_rows,train_compounds,test_compounds,mae,rmse,r2,spearman
baseline_hybrid,Morgan,0,0,328,129,77,20,15.80106188420732,19.79736735084448,-1.2465833595490716,-0.2692634868251015
baseline_hybrid,Physical,0,0,328,129,77,20,18.707810244005778,22.068834615700332,-1.7916852659006017,0.5341175799905006
baseline_hybrid,Morgan+Physical,0,0,328,129,77,20,8.309259865930837,9.80603209563924,0.44881895349169376,0.5057784148328935
baseline_hybrid,Morgan,0,1,321,136,77,20,13.270327840625537,17.482831436499804,-0.31308848270569967,-0.022933490707184263
baseline_hybrid,Physical,0,1,321,136,77,20,3.428869516310972,5.53189024207353,0.8685327553259132,0.8481192909406743
baseline_hybrid,Morgan+Physical,0,1,321,136,77,20,7.839173476376252,10.562870067864445,0.5206703138537356,0.36187862555591604
baseline_hybrid,Morgan,0,2,385,72,78,19,6.268117459636264,8.857746930671421,0.02993889940388106,0.0495327547692496
baseline_hybrid,Physical,0,2,385,72,78,19,8.945496932856242,12.393051971798998,-0.8989306106858601,0.22511629796957838
baseline_hybrid,Morgan+Physical,0,2,385,72,78,19,5.9120675322002825,9.694086800105929,-0.1618936053547555,0.2204951900098126
baseline_hybrid,Morgan,0,3,411,46,78,19,9.867929656318998,26.08893468095654,0.08617721016724211,0.5992786766114082
baseline_hybrid,Physical,0,3,411,46,78,19,8.52724353242957,24.42468719819851,0.19904647897859884,0.7093651627132864
baseline_hybrid,Morgan+Physical,0,3,411,46,78,19,8.169022655818775,24.957106263192273,0.16374688167566387,0.8192838059082257
baseline_hybrid,Morgan,0,4,383,74,78,19,16.23708513894571,23.56896636951814,-0.15007120440533428,0.26297376646379506
baseline_hybrid,Physical,0,4,383,74,78,19,8.52862388536711,12.198760840372474,0.6919117820505831,0.8885283237138828
baseline_hybrid,Morgan+Physical,0,4,383,74,78,19,10.953391586412998,17.163096858912656,0.3901332403782234,0.8242179464778916
baseline_hybrid,Morgan,1,0,355,102,77,20,7.422386764436608,9.0745583131983,0.20807070838327002,0.8218613040372529
baseline_hybrid,Physical,1,0,355,102,77,20,7.04940995862624,11.172940600748136,-0.20052275194450497,0.45330834802895514
baseline_hybrid,Morgan+Physical,1,0,355,102,77,20,5.323196221063651,8.653252333709396,0.2798977770127249,0.8844221581548171
baseline_hybrid,Morgan,1,1,379,78,77,20,10.373795394035241,24.03312431702561,0.05557654826417158,0.40165403100884084
baseline_hybrid,Physical,1,1,379,78,77,20,6.941951966878452,22.07595653208704,0.20313388925174014,0.9072576085729132
baseline_hybrid,Morgan+Physical,1,1,379,78,77,20,8.330839296297905,22.788814896817318,0.1508395106870407,0.8926405144919384
baseline_hybrid,Morgan,1,2,365,92,78,19,14.909710118003515,17.71454997500406,-0.09923459961854486,0.8444538729664535
baseline_hybrid,Physical,1,2,365,92,78,19,5.952657193681468,7.184900104319601,0.8191695301957583,0.9033169763385194
baseline_hybrid,Morgan+Physical,1,2,365,92,78,19,6.146600221302198,7.485837694162419,0.8037042235431462,0.8910273553841033
baseline_hybrid,Morgan,1,3,346,111,78,19,10.381847117738465,17.313417386600925,0.18810830258250388,0.772040636346388
baseline_hybrid,Physical,1,3,346,111,78,19,12.390877646475436,19.19254141529826,0.00230573652928201,0.857834551477673
baseline_hybrid,Morgan+Physical,1,3,346,111,78,19,9.50064488737089,15.602429666865754,0.34064854435863023,0.8601742936215496
baseline_hybrid,Morgan,1,4,383,74,78,19,11.551480190586398,15.450778074813183,-0.1837775780761315,0.6054307253727218
baseline_hybrid,Physical,1,4,383,74,78,19,17.986117296244647,24.43612783567078,-1.9609711599257271,0.7715392730034066
baseline_hybrid,Morgan+Physical,1,4,383,74,78,19,8.056639739887137,11.466379079982838,0.3480384381588497,0.8388769668295742
baseline_hybrid,Morgan,2,0,383,74,77,20,17.0548245483151,24.08207313108728,-0.18621941806634967,0.03218028789198679
baseline_hybrid,Physical,2,0,383,74,77,20,12.318566374552958,16.161945691322707,0.4657253439628576,0.5604453163651264
baseline_hybrid,Morgan+Physical,2,0,383,74,77,20,14.44714931040171,19.95309391764664,0.18567497605988703,0.43272261444424415
baseline_hybrid,Morgan,2,1,341,116,77,20,6.299133330141264,7.992154460880511,0.14118488551702402,0.8904115261760212
baseline_hybrid,Physical,2,1,341,116,77,20,7.081787087315526,10.811716704867901,-0.571669613704519,0.48270185857859105
baseline_hybrid,Morgan+Physical,2,1,341,116,77,20,5.255862817961593,8.095500783212591,0.11883065531420267,0.8434360254481522
baseline_hybrid,Morgan,2,2,380,77,78,19,9.717596913622572,23.713034818400796,-0.012727050664265604,0.6241040273746519
baseline_hybrid,Physical,2,2,380,77,78,19,8.122421236508853,22.943890392270447,0.051904138113807896,0.7917222422455337
baseline_hybrid,Morgan+Physical,2,2,380,77,78,19,8.169152891481078,23.017357738389933,0.04582272791077724,0.7870890362398834
baseline_hybrid,Morgan,2,3,358,99,78,19,5.3638431406194504,6.41748197316443,0.42302779635107035,0.689508755078189
baseline_hybrid,Physical,2,3,358,99,78,19,4.0920089546434815,7.604578632275814,0.18983050655130274,0.8221678324435785
baseline_hybrid,Morgan+Physical,2,3,358,99,78,19,4.124234310311983,6.129200778756852,0.4737001183476688,0.7657110639530829
baseline_hybrid,Morgan,2,4,366,91,78,19,15.364694404099014,18.23121267895863,-0.30200788879157603,0.6883674255525745
baseline_hybrid,Physical,2,4,366,91,78,19,7.1942846869583965,8.494688593258948,0.7173314922828956,0.9150183847732065
baseline_hybrid,Morgan+Physical,2,4,366,91,78,19,6.720492051847687,8.335912811713536,0.7277995568988198,0.9120164691866892
baseline_hybrid,Morgan,3,0,348,109,77,20,9.850515186288819,18.62346037511424,0.12545782623629465,0.6104419011502987
baseline_hybrid,Physical,3,0,348,109,77,20,6.33476714062822,16.882261648034888,0.28134367387228976,0.8240705581056469
baseline_hybrid,Morgan+Physical,3,0,348,109,77,20,7.382438313531436,16.9771623857329,0.2732413583080485,0.799641532919014
baseline_hybrid,Morgan,3,1,417,40,77,20,12.151753050231934,23.505476467129622,0.08449442878266733,0.6081145035610794
baseline_hybrid,Physical,3,1,417,40,77,20,11.658883573436736,17.199779592082653,0.5098052712018711,0.6949646064590004
baseline_hybrid,Morgan+Physical,3,1,417,40,77,20,11.366380926990509,17.99321860611051,0.4635359964598702,0.7709888256813365
baseline_hybrid,Morgan,3,2,295,162,78,19,10.85950156441206,13.008316903320488,0.20059838194627222,0.5823115628924441
baseline_hybrid,Physical,3,2,295,162,78,19,8.724482455851707,13.980304977004574,0.07667180586555189,0.7464286114446615
baseline_hybrid,Morgan+Physical,3,2,295,162,78,19,8.258940378222054,9.702795837841885,0.5552493489777315,0.7715114745236148
baseline_hybrid,Morgan,3,3,366,91,78,19,11.824455937027144,18.861687747531708,0.24200424139319576,0.7630677558307558
baseline_hybrid,Physical,3,3,366,91,78,19,8.951035437162629,15.392625945399512,0.4951863317808033,0.9282659722429973
baseline_hybrid,Morgan+Physical,3,3,366,91,78,19,9.947930633679064,16.184287445187696,0.4419246501328634,0.9112729109891047
baseline_hybrid,Morgan,3,4,402,55,78,19,10.476464447515315,15.382098398837563,-0.809372282324345,0.18214316351441348
baseline_hybrid,Physical,3,4,402,55,78,19,6.651674338227706,8.37549994800185,0.46356359515819456,0.8940890474516655
baseline_hybrid,Morgan+Physical,3,4,402,55,78,19,6.152776605232932,9.560961384937615,0.3009634386546969,0.6609907677791698
baseline_hybrid,Morgan,4,0,398,59,77,20,10.275598775443386,21.91928107986351,0.055691551084629975,0.24109108692760567
baseline_hybrid,Physical,4,0,398,59,77,20,9.6338510679148,21.66995500197766,0.07705189431622717,0.7635762893376479
baseline_hybrid,Morgan+Physical,4,0,398,59,77,20,7.367958848791607,20.76110020778039,0.15284672698561508,0.7777122280480024
baseline_hybrid,Morgan,4,1,340,117,77,20,7.534073092740051,11.860218700221338,-0.4724501317174197,0.4417181414495794
baseline_hybrid,Physical,4,1,340,117,77,20,4.368143005120693,6.028716956868658,0.6195435164154892,0.6524600224875374
baseline_hybrid,Morgan+Physical,4,1,340,117,77,20,5.248253312015371,8.327235673182049,0.27413323425208047,0.5329591929565134
baseline_hybrid,Morgan,4,2,346,111,78,19,13.628407963259583,20.004464658648356,0.008600713012182903,0.5976345029663745
baseline_hybrid,Physical,4,2,346,111,78,19,22.290187128757786,30.89386425046601,-1.3644993701883092,0.7212588631456919
baseline_hybrid,Morgan+Physical,4,2,346,111,78,19,13.483369948117367,19.685150000519208,0.03999788070518251,0.7168053829421622
baseline_hybrid,Morgan,4,3,384,73,78,19,6.7408485747245885,15.66387906156617,0.30634862332241797,0.6533266904597351
baseline_hybrid,Physical,4,3,384,73,78,19,6.020985156208195,8.533581397247502,0.7941242091207202,0.8329416320338915
baseline_hybrid,Morgan+Physical,4,3,384,73,78,19,5.583846388704482,11.023311985278,0.6564683082558735,0.9092831780346011
baseline_hybrid,Morgan,4,4,360,97,78,19,13.21303199697278,17.750742231435936,-0.22986644536605394,0.6568263533135187
baseline_hybrid,Physical,4,4,360,97,78,19,8.923509608868471,9.764522731354534,0.6278423424696626,0.82975004653168
baseline_hybrid,Morgan+Physical,4,4,360,97,78,19,6.88338522889442,7.7816083439547405,0.7636456198969277,0.9064151711915784
baseline_hybrid,Morgan,5,0,394,63,77,20,7.254420235648988,16.439888323483142,0.08118742397029144,0.7334547289529771
baseline_hybrid,Physical,5,0,394,63,77,20,6.15921705636524,9.493350578018632,0.69361447527967,0.5938887027167242
baseline_hybrid,Morgan+Physical,5,0,394,63,77,20,6.175525371430413,12.4927186909845,0.4694294671458614,0.6895904282952904
baseline_hybrid,Morgan,5,1,376,81,77,20,9.172393744631167,11.83284381052476,0.4934684910716626,0.8023833752067941
baseline_hybrid,Physical,5,1,376,81,77,20,9.665134623690005,15.312702334051366,0.15173434684256193,0.8063537571851271
baseline_hybrid,Morgan+Physical,5,1,376,81,77,20,7.098237754878291,10.968299715807344,0.5647820283798219,0.8145519798435091
baseline_hybrid,Morgan,5,2,346,111,78,19,15.031620462487023,22.43039536883135,0.09189270466542254,0.47149653428813326
baseline_hybrid,Physical,5,2,346,111,78,19,7.9320690605754685,16.499691344581393,0.5086228610872109,0.8993854236832184
baseline_hybrid,Morgan+Physical,5,2,346,111,78,19,11.16449009153074,18.970940414208428,0.3504074625179693,0.8163152297440893
baseline_hybrid,Morgan,5,3,329,128,78,19,6.0287598174572,8.74038531179953,0.3287868187874422,0.8442322922595502
baseline_hybrid,Physical,5,3,329,128,78,19,10.514898349183799,14.48069779833603,-0.8423761371739784,0.9126052215265522
baseline_hybrid,Morgan+Physical,5,3,329,128,78,19,3.9969469678282734,4.87998151710268,0.790764354225227,0.9048072888412921
baseline_hybrid,Morgan,5,4,383,74,78,19,12.516003713968637,20.629905716388055,0.0882375642346862,0.6334981469037098
baseline_hybrid,Physical,5,4,383,74,78,19,8.799968504364426,15.219818981817795,0.5037435282746545,0.7523926117075952
baseline_hybrid,Morgan+Physical,5,4,383,74,78,19,10.585976308461781,17.282975215642136,0.3600821516849575,0.744159915864457
baseline_hybrid,Morgan,6,0,414,43,77,20,11.0422242153079,20.548884462955137,0.08691594692311233,0.5194802158142786
baseline_hybrid,Physical,6,0,414,43,77,20,10.216209004734838,13.777945788860961,0.5895094150297561,0.7070613952196215
baseline_hybrid,Morgan+Physical,6,0,414,43,77,20,10.43162505358319,16.341192954398274,0.4225667692274564,0.7093334434047746
baseline_hybrid,Morgan,6,1,397,60,77,20,13.966465471013388,23.608422842093464,0.09766006923418924,0.8408078806650149
baseline_hybrid,Physical,6,1,397,60,77,20,7.724932819747924,13.256177561094793,0.7155061702836527,0.8356132200502165
baseline_hybrid,Morgan+Physical,6,1,397,60,77,20,10.340416638437908,18.09045656612645,0.47017154151920093,0.8776822348962082
baseline_hybrid,Morgan,6,2,331,126,78,19,15.740486170438736,19.218832892251406,-2.49578905194409,-0.5192273686056881
baseline_hybrid,Physical,6,2,331,126,78,19,6.058384596827673,8.247012783243838,0.35629848364798866,0.901846129454554
baseline_hybrid,Morgan+Physical,6,2,331,126,78,19,10.32898287956601,12.412702833795828,-0.45822289716764764,0.7269783746779054
baseline_hybrid,Morgan,6,3,333,124,78,19,6.7340923874270535,9.077997580810711,0.422967006833706,0.8493674724113045
baseline_hybrid,Physical,6,3,333,124,78,19,11.792290883882583,16.023600408792138,-0.7977973360043358,0.8044252113274851
baseline_hybrid,Morgan+Physical,6,3,333,124,78,19,5.193559699876848,6.753503913217428,0.6806412409989151,0.8564731704751966
baseline_hybrid,Morgan,6,4,353,104,78,19,15.48650596010208,23.2741685374006,-0.2627484084872047,0.2879003521272135
baseline_hybrid,Physical,6,4,353,104,78,19,9.625787739904844,17.748763480152675,0.26564732006379244,0.8284759765692045
baseline_hybrid,Morgan+Physical,6,4,353,104,78,19,11.277058686811008,19.724605371788368,0.0930462805520541,0.7404054947622619
baseline_hybrid,Morgan,7,0,343,114,77,20,5.619109242302075,8.464374171458367,0.5847239869889165,0.9099401094819854
baseline_hybrid,Physical,7,0,343,114,77,20,4.6436903450413745,7.683688574886021,0.6577947655646348,0.9269442320664649
baseline_hybrid,Morgan+Physical,7,0,343,114,77,20,3.418817673612896,6.076806377384515,0.7859585238850064,0.9350437171685037
baseline_hybrid,Morgan,7,1,380,77,77,20,18.662115705613967,24.250664021400894,-0.3619639650613853,0.5207328803931845
baseline_hybrid,Physical,7,1,380,77,77,20,4.5572484268584805,8.392875195515195,0.8368677306476782,0.9504519194651178
baseline_hybrid,Morgan+Physical,7,1,380,77,77,20,11.430764838082451,15.234352423773469,0.462515005855742,0.6984848567704732
baseline_hybrid,Morgan,7,2,377,80,78,19,8.500720731601714,10.204867163487597,0.1664298053639257,0.7306705192333308
baseline_hybrid,Physical,7,2,377,80,78,19,9.966273387596607,17.301159359502662,-1.3959507049769626,0.7093514149205459
baseline_hybrid,Morgan+Physical,7,2,377,80,78,19,8.790723446235656,12.39067518569513,-0.228902450992845,0.7065875286360318
baseline_hybrid,Morgan,7,3,379,78,78,19,7.380298582376334,19.28050336423922,0.12029909270614592,0.36258667435947456
baseline_hybrid,Physical,7,3,379,78,78,19,8.571237016468537,18.079183226553344,0.22650783972006017,0.4829866889643582
baseline_hybrid,Morgan+Physical,7,3,379,78,78,19,7.6808675830899755,18.20822836501134,0.21542640627275345,0.4578195664742614
baseline_hybrid,Morgan,7,4,349,108,78,19,13.510199314258715,20.434073694614103,-0.4081088632485337,0.7830831304933195
baseline_hybrid,Physical,7,4,349,108,78,19,13.719010704817595,20.902581121650506,-0.47341862955232283,0.864094403644815
baseline_hybrid,Morgan+Physical,7,4,349,108,78,19,8.469483029330219,14.03528490900231,0.33569306304944324,0.8652615622642431
baseline_hybrid,Morgan,8,0,321,136,77,20,8.401872533820656,16.22021713993842,0.241940556590863,0.663524753428235
baseline_hybrid,Physical,8,0,321,136,77,20,7.1286246810296,14.86852296403729,0.36302030209643177,0.7956485233907937
baseline_hybrid,Morgan+Physical,8,0,321,136,77,20,4.52445478927388,14.11285493972012,0.426121849631656,0.814779456708211
baseline_hybrid,Morgan,8,1,375,82,77,20,10.659687834070718,12.767035486422492,0.304071524234966,0.5221556873692655
baseline_hybrid,Physical,8,1,375,82,77,20,6.927960593112852,8.754253807181236,0.6727928813187256,0.8586899025890479
baseline_hybrid,Morgan+Physical,8,1,375,82,77,20,5.837141502246392,8.702765643386709,0.6766305013816338,0.8870548052641064
baseline_hybrid,Morgan,8,2,377,80,78,19,4.967265239295959,5.7639260575267945,0.667375773836971,0.8376032487957459
baseline_hybrid,Physical,8,2,377,80,78,19,3.5654472019052506,4.789216811593219,0.7703607751669884,0.8975162845859209
baseline_hybrid,Morgan+Physical,8,2,377,80,78,19,4.198869341192245,4.774358786060338,0.7717834264866437,0.8925254618727461
baseline_hybrid,Morgan,8,3,406,51,78,19,17.606692211824303,29.3595783018521,-0.12721636982644902,0.41105938332601916
baseline_hybrid,Physical,8,3,406,51,78,19,11.805470121196672,18.969915965075106,0.5294145725659654,0.6988137227208994
baseline_hybrid,Morgan+Physical,8,3,406,51,78,19,13.75130773447074,23.59585822369546,0.27191980721869446,0.719028941985849
baseline_hybrid,Morgan,8,4,349,108,78,19,13.178153026439523,17.44241166153482,-0.2296731940218506,0.41322385157165115
baseline_hybrid,Physical,8,4,349,108,78,19,5.93237174212491,8.98349949602199,0.6738121823612417,0.8793266753673494
baseline_hybrid,Morgan+Physical,8,4,349,108,78,19,7.967854383980785,10.403494443673758,0.5625432514581624,0.8595435240257073
baseline_hybrid,Morgan,9,0,389,68,77,20,9.872007392883301,17.598002881008338,0.1776076775296016,0.7566212274031847
baseline_hybrid,Physical,9,0,389,68,77,20,5.307263039504781,7.121995510728184,0.8653036989613,0.8812710002864316
baseline_hybrid,Morgan+Physical,9,0,389,68,77,20,6.7105848470295175,11.21243382188993,0.666149474735175,0.9213995325860296
baseline_hybrid,Morgan,9,1,351,106,77,20,13.192489055417619,17.479404123300643,-0.4505420380820542,0.751295310237066
baseline_hybrid,Physical,9,1,351,106,77,20,8.087346746120812,10.000404923791304,0.5251983238964839,0.9425562093992721
baseline_hybrid,Morgan+Physical,9,1,351,106,77,20,4.42342320532169,6.0895937630237515,0.8239428300447731,0.9287941672867402
baseline_hybrid,Morgan,9,2,359,98,78,19,6.476206584323181,17.416933767468908,0.10253416671490678,0.6649451981336082
baseline_hybrid,Physical,9,2,359,98,78,19,6.197939206321872,16.329128479890866,0.21113890965718185,0.8835701283162948
baseline_hybrid,Morgan+Physical,9,2,359,98,78,19,4.953953104587477,16.4179597333431,0.20253267857030888,0.7767574455065677
baseline_hybrid,Morgan,9,3,366,91,78,19,13.56390558754722,24.391372783054692,-2.5749084907470885,0.29690745033829374
baseline_hybrid,Physical,9,3,366,91,78,19,18.29727022062532,25.48678907916737,-2.9032169549970277,0.6847787330647529
baseline_hybrid,Morgan+Physical,9,3,366,91,78,19,12.849823528294827,18.302320793090132,-1.0128192079977518,0.6278549038137965
baseline_hybrid,Morgan,9,4,363,94,78,19,16.74775615171067,20.779215943209792,0.11983941321159719,0.5144819550393203
baseline_hybrid,Physical,9,4,363,94,78,19,27.45948037417797,30.29179981481371,-0.8704829788387554,0.06850408855664057
baseline_hybrid,Morgan+Physical,9,4,363,94,78,19,21.84339985549602,24.497248006059944,-0.2233147217606426,0.07300069256386349
full_table_hybrid,Morgan,0,0,1653,129,128,20,17.47119507527906,21.599442123461703,-1.6741928464324176,-0.3389326315754284
full_table_hybrid,Physical,0,0,1653,129,128,20,11.635613090692566,15.437525346938905,-0.36603875823843013,0.8727486867236889
full_table_hybrid,Morgan+Physical,0,0,1653,129,128,20,5.898501155646272,7.445241749738719,0.6822648498071175,0.8508696994055867
full_table_hybrid,Morgan,0,1,1553,136,128,20,8.33815480550878,13.630667307011283,0.20181293205702455,0.7940381050725369
full_table_hybrid,Physical,0,1,1553,136,128,20,5.256422599851383,8.273600036875205,0.7059240583891696,0.8592268736139844
full_table_hybrid,Morgan+Physical,0,1,1553,136,128,20,6.33003382507773,10.582606583965164,0.5188774041240343,0.8561945648542104
full_table_hybrid,Morgan,0,2,1835,72,129,19,3.8953298016442193,7.523825755223635,0.3001096400921619,0.4804325077725105
full_table_hybrid,Physical,0,2,1835,72,129,19,5.844287859471638,7.748610007989896,0.2576646199434047,0.4321602511879392
full_table_hybrid,Morgan+Physical,0,2,1835,72,129,19,4.494545117886861,6.659763331412902,0.45163447282308244,0.5378750599821194
full_table_hybrid,Morgan,0,3,1893,46,129,19,9.54016445707238,26.493798269268716,0.057594647238111474,0.37135174671795407
full_table_hybrid,Physical,0,3,1893,46,129,19,8.476484379022018,26.332366031187423,0.06904420307725445,0.8301612856691286
full_table_hybrid,Morgan+Physical,0,3,1893,46,129,19,8.632127795820649,26.177039777453533,0.07999463540179341,0.6182144400201053
full_table_hybrid,Morgan,0,4,1762,74,129,19,16.570041819552863,24.599387208943835,-0.25283025704663187,0.26163837946915003
full_table_hybrid,Physical,0,4,1762,74,129,19,5.270747636363055,7.788930427141498,0.8743972044882325,0.9560502260434683
full_table_hybrid,Morgan+Physical,0,4,1762,74,129,19,9.272857715664426,14.481046425279732,0.5658462586083975,0.9289094287381723
full_table_hybrid,Morgan,1,0,1664,102,128,20,4.061681527425728,5.936864287685523,0.6610390579126553,0.8792497340377264
full_table_hybrid,Physical,1,0,1664,102,128,20,6.572898620747586,10.216083253542521,-0.003700781190031366,0.3690027579891376
full_table_hybrid,Morgan+Physical,1,0,1664,102,128,20,4.656646018712661,6.79308538629485,0.5562181233856525,0.8093446070757401
full_table_hybrid,Morgan,1,1,1812,78,128,20,10.206111941270095,25.133449965704234,-0.03288152650790077,0.605727164687546
full_table_hybrid,Physical,1,1,1812,78,128,20,7.22989639654502,23.352313988261844,0.10832592529498286,0.8694604822447098
full_table_hybrid,Morgan+Physical,1,1,1812,78,128,20,8.378857123111823,24.07419460266784,0.052345933495379526,0.8269048572466428
full_table_hybrid,Morgan,1,2,1759,92,129,19,16.043514008024463,19.882768361800753,-0.3847897742976718,0.6753004774027536
full_table_hybrid,Physical,1,2,1759,92,129,19,12.613784016588461,17.135793497177332,-0.0285811989966811,0.9108183958492914
full_table_hybrid,Morgan+Physical,1,2,1759,92,129,19,3.398312002638112,5.461297898936717,0.8955227156461149,0.9316384519465142
full_table_hybrid,Morgan,1,3,1661,111,129,19,10.44820604380702,18.97567303669437,0.024725476872247576,0.656604993229969
full_table_hybrid,Physical,1,3,1661,111,129,19,4.33188854038479,7.156572556905788,0.8612788566250928,0.9635756216469016
full_table_hybrid,Morgan+Physical,1,3,1661,111,129,19,7.111756866022058,12.761143515728316,0.5589257665157066,0.9582302169674858
full_table_hybrid,Morgan,1,4,1800,74,129,19,10.934886412646318,13.861888977107574,0.047172610216992816,0.7028953893055729
full_table_hybrid,Physical,1,4,1800,74,129,19,10.858225586092152,14.806156029939684,-0.08706132268681932,0.8634419944502129
full_table_hybrid,Morgan+Physical,1,4,1800,74,129,19,5.15474143363334,9.241211505726213,0.5765255420672379,0.8688440075608992
full_table_hybrid,Morgan,2,0,1723,74,128,20,17.24000975439329,25.3771062461447,-0.31722960531288713,0.17948806865882874
full_table_hybrid,Physical,2,0,1723,74,128,20,5.380516306805997,7.341612993968476,0.889754654728966,0.9221409320859011
full_table_hybrid,Morgan+Physical,2,0,1723,74,128,20,9.518534557915764,13.084520198110141,0.6498187480124455,0.9767142831696296
full_table_hybrid,Morgan,2,1,1652,116,128,20,4.345384510730875,7.067101035838278,0.32848681822890524,0.4050934568313955
full_table_hybrid,Physical,2,1,1652,116,128,20,6.04222271078044,10.858608547380816,-0.5853322550872035,0.45827252356265336
full_table_hybrid,Morgan+Physical,2,1,1652,116,128,20,4.768311287814174,7.848072538383084,0.1718710661591898,0.4191657038205586
full_table_hybrid,Morgan,2,2,1804,77,129,19,11.273527882315896,25.704363125664496,-0.18995853465471968,0.4193823054762153
full_table_hybrid,Physical,2,2,1804,77,129,19,10.325675465472333,24.55319380160544,-0.08576069521207708,0.7093491043233153
full_table_hybrid,Morgan+Physical,2,2,1804,77,129,19,8.349676360489486,24.3791176303606,-0.07041971218015708,0.7213945894698621
full_table_hybrid,Morgan,2,3,1733,99,129,19,5.5689828933253445,6.578818662105816,0.39365275646004916,0.7077235034032305
full_table_hybrid,Physical,2,3,1733,99,129,19,3.5018017904570615,5.103329106865358,0.6351345601809624,0.823584271044055
full_table_hybrid,Morgan+Physical,2,3,1733,99,129,19,3.7581066475473275,4.813064766079472,0.6754594352150255,0.8527677550211353
full_table_hybrid,Morgan,2,4,1784,91,129,19,16.75804614987216,20.927002151521158,-0.7155229749702035,0.7397401819298796
full_table_hybrid,Physical,2,4,1784,91,129,19,12.006259905720807,15.670085013031855,0.03811045135562663,0.8964380167137957
full_table_hybrid,Morgan+Physical,2,4,1784,91,129,19,5.4569481793917145,7.98366540748595,0.7503180452003871,0.8925397449713889
full_table_hybrid,Morgan,3,0,1718,109,128,20,9.567075030349594,19.26871888882347,0.06380637190401284,0.6862748159889919
full_table_hybrid,Physical,3,0,1718,109,128,20,7.2366849262027575,17.127984261594428,0.2602712304141096,0.8480252924401739
full_table_hybrid,Morgan+Physical,3,0,1718,109,128,20,5.378445460454259,16.78735412627658,0.2894011456453339,0.8258378831394357
full_table_hybrid,Morgan,3,1,1887,40,128,20,12.083034221029282,24.73894672116281,-0.014110511076221854,0.6859894802506552
full_table_hybrid,Physical,3,1,1887,40,128,20,10.851404683685304,17.136232106977673,0.5134207938788866,0.825562184227519
full_table_hybrid,Morgan+Physical,3,1,1887,40,128,20,10.42813814136982,19.042662424034955,0.39913319673567593,0.8306472028140693
full_table_hybrid,Morgan,3,2,1531,162,129,19,11.094489757005666,14.804231048588164,-0.03536746788332579,0.6860336491936398
full_table_hybrid,Physical,3,2,1531,162,129,19,9.664907345710565,14.889121443276727,-0.0472755163242089,0.9332113920608137
full_table_hybrid,Morgan+Physical,3,2,1531,162,129,19,3.145310191670171,4.194849591004081,0.9168704187013865,0.9104336027576161
full_table_hybrid,Morgan,3,3,1708,91,129,19,11.984843242821329,21.035791897240948,0.05719168238226058,0.7258112358487827
full_table_hybrid,Physical,3,3,1708,91,129,19,4.083577325472989,5.641199894373477,0.9321970402899978,0.9740597911322407
full_table_hybrid,Morgan+Physical,3,3,1708,91,129,19,7.348393797033961,11.561318700963515,0.7152128298928959,0.8978801003879135
full_table_hybrid,Morgan,3,4,1852,55,129,19,10.50629147110818,13.202897163235026,-0.33301563681860347,-0.2146051261487779
full_table_hybrid,Physical,3,4,1852,55,129,19,5.3330555768182935,7.19481507566724,0.6041450912933342,0.9220225336060477
full_table_hybrid,Morgan+Physical,3,4,1852,55,129,19,3.9540144335743297,4.842788033630066,0.8206556563753643,0.9325832403774745
full_table_hybrid,Morgan,4,0,1897,59,128,20,11.257906172348283,23.769107496073154,-0.1104193299238454,0.46703923423204724
full_table_hybrid,Physical,4,0,1897,59,128,20,8.510414914470608,22.664001827651518,-0.0095653974400709,0.44617139205411804
full_table_hybrid,Morgan+Physical,4,0,1897,59,128,20,9.792006729934176,23.11894439372421,-0.05050292159547176,0.4404570992626674
full_table_hybrid,Morgan,4,1,1588,117,128,20,5.301050474650065,6.486712090108719,0.5595420580920425,0.7970666808957926
full_table_hybrid,Physical,4,1,1588,117,128,20,3.403351748485076,4.762349531712954,0.7625906960190889,0.9359558092415332
full_table_hybrid,Morgan+Physical,4,1,1588,117,128,20,4.01402742152157,5.000681789344444,0.738233756939084,0.9632269418667486
full_table_hybrid,Morgan,4,2,1598,111,129,19,14.234926721019573,21.323378211557642,-0.12643660490913167,0.6379752900299078
full_table_hybrid,Physical,4,2,1598,111,129,19,7.70404188496014,9.561286836523802,0.7735212657684365,0.8957041805474597
full_table_hybrid,Morgan+Physical,4,2,1598,111,129,19,6.790604353360013,12.234537734044078,0.6291742665545508,0.8864234741047974
full_table_hybrid,Morgan,4,3,1819,73,129,19,6.070686247530375,17.285264130784586,0.15531525607223973,0.8981458008569964
full_table_hybrid,Physical,4,3,1819,73,129,19,6.350987217660145,11.447208854065423,0.6295395729567467,0.8922959652482465
full_table_hybrid,Morgan+Physical,4,3,1819,73,129,19,5.431367386770902,13.45427038723461,0.4882440361025505,0.9788265977941284
full_table_hybrid,Morgan,4,4,1794,97,129,19,14.325231920615915,19.91740180494016,-0.5484254021752453,0.6449690545389399
full_table_hybrid,Physical,4,4,1794,97,129,19,9.410688265869297,11.747007326692401,0.4613838178521371,0.8635288061836538
full_table_hybrid,Morgan+Physical,4,4,1794,97,129,19,5.013007727160897,6.113130188771313,0.8541346267373602,0.9484288979170876
full_table_hybrid,Morgan,5,0,1883,63,128,20,9.13262897237142,18.682330821092076,-0.18656441879165753,0.7505029801787344
full_table_hybrid,Physical,5,0,1883,63,128,20,4.738327231028724,10.571643757417716,0.6200606769984143,0.8577288360096719
full_table_hybrid,Morgan+Physical,5,0,1883,63,128,20,6.256627985030886,14.112983887594856,0.3228780440390292,0.8694098265715531
full_table_hybrid,Morgan,5,1,1719,81,128,20,10.380718049847637,13.888525149372503,0.3021847422763012,0.8006549315732668
full_table_hybrid,Physical,5,1,1719,81,128,20,8.108532691023084,11.710457851636955,0.5038923173308114,0.8544455181845593
full_table_hybrid,Morgan+Physical,5,1,1719,81,128,20,7.190404234012558,10.350561545552482,0.612424758745908,0.8856691949074698
full_table_hybrid,Morgan,5,2,1560,111,129,19,15.848912415427817,24.513484238142006,-0.08460947942957553,0.6751759848375167
full_table_hybrid,Physical,5,2,1560,111,129,19,4.10869600222201,16.064545755206048,0.5341992249150127,0.9379990642819964
full_table_hybrid,Morgan+Physical,5,2,1560,111,129,19,9.6439612214207,18.599755495722782,0.3755786015686644,0.8902384293142842
full_table_hybrid,Morgan,5,3,1680,128,129,19,5.5755393881917,7.449488118356971,0.5124129268971024,0.91616691391942
full_table_hybrid,Physical,5,3,1680,128,129,19,6.733910511124134,8.16451747794796,0.4143200380469415,0.9182532527324517
full_table_hybrid,Morgan+Physical,5,3,1680,128,129,19,3.0754650173962115,3.765803859513301,0.8754009555054485,0.9236441663948964
full_table_hybrid,Morgan,5,4,1854,74,129,19,10.97655154297803,22.104767378190218,-0.046788895749129145,0.32537059419629527
full_table_hybrid,Physical,5,4,1854,74,129,19,2.929099643501076,7.788242579217835,0.8700530324862181,0.8372816084118805
full_table_hybrid,Morgan+Physical,5,4,1854,74,129,19,6.719442380905152,12.421961268650847,0.6694268693210419,0.8026941865332491
full_table_hybrid,Morgan,6,0,1885,43,128,20,10.49600611939541,22.08465501875225,-0.054667337882587264,0.3959154539596447
full_table_hybrid,Physical,6,0,1885,43,128,20,9.07061427812798,14.407968963487786,0.5511101496312467,0.807168790165743
full_table_hybrid,Morgan+Physical,6,0,1885,43,128,20,9.24244235956946,17.716519736118265,0.32127931984827696,0.833656913231517
full_table_hybrid,Morgan,6,1,1866,60,128,20,14.972013125864667,27.170486516903768,-0.19517377823251292,0.2763675045714083
full_table_hybrid,Physical,6,1,1866,60,128,20,5.96777197303772,9.444119144475446,0.8556026772722098,0.8677082565419929
full_table_hybrid,Morgan+Physical,6,1,1866,60,128,20,9.833855971654257,17.40340037223601,0.5096519538684192,0.7732062046495403
full_table_hybrid,Morgan,6,2,1580,126,129,19,8.151230286056277,9.280591938152641,0.1848405801037758,0.8034657249989497
full_table_hybrid,Physical,6,2,1580,126,129,19,5.366238935291958,9.087201940236444,0.2184593797188883,0.799996692950516
full_table_hybrid,Morgan+Physical,6,2,1580,126,129,19,6.4199954501439676,8.16149033588827,0.3695797742996706,0.7965302524524276
full_table_hybrid,Morgan,6,3,1699,124,129,19,7.1772979597091675,9.778766193914286,0.33044131891568573,0.6010303344265859
full_table_hybrid,Physical,6,3,1699,124,129,19,5.256992039214412,6.238552077887447,0.7274864320171994,0.8601287184052379
full_table_hybrid,Morgan+Physical,6,3,1699,124,129,19,3.6042445133609156,5.534625770771002,0.7855149422254575,0.9231627207848366
full_table_hybrid,Morgan,6,4,1666,104,129,19,16.103036410959685,25.022874918756035,-0.4596303669267625,0.13436148342531418
full_table_hybrid,Physical,6,4,1666,104,129,19,6.011109628920189,16.811988972968816,0.3411194719577626,0.8994841721765927
full_table_hybrid,Morgan+Physical,6,4,1666,104,129,19,10.774790503579654,19.777283547375863,0.08819543922402662,0.8185196938422488
full_table_hybrid,Morgan,7,0,1659,114,128,20,7.5136832342783615,11.176993828353902,0.27590231007145594,0.4447981000088264
full_table_hybrid,Physical,7,0,1659,114,128,20,4.794379249392057,8.040245708884896,0.6252981980910595,0.9281270342555697
full_table_hybrid,Morgan+Physical,7,0,1659,114,128,20,4.280903030743516,7.086585932463993,0.7089140421921304,0.9046947242007111
full_table_hybrid,Morgan,7,1,1806,77,128,20,18.722069678665758,25.52008118865596,-0.5082816625565079,0.39691592991358277
full_table_hybrid,Physical,7,1,1806,77,128,20,16.385802968954113,20.58565851536836,0.01859588183763916,0.882067325477054
full_table_hybrid,Morgan+Physical,7,1,1806,77,128,20,5.905320149409306,13.527765655137888,0.5761906926229066,0.8487337875920127
full_table_hybrid,Morgan,7,2,1724,80,129,19,7.1251459592914586,9.061810651836375,0.3427093835996182,0.5901298444022282
full_table_hybrid,Physical,7,2,1724,80,129,19,5.46051488165617,8.781806391421398,0.3827015562860244,0.7652536046301588
full_table_hybrid,Morgan+Physical,7,2,1724,80,129,19,6.228674721107483,8.231295112370795,0.45766977297705835,0.7663154490897646
full_table_hybrid,Morgan,7,3,1746,78,129,19,6.217144198565363,19.620280469659118,0.08902024335722336,0.6927171167763528
full_table_hybrid,Physical,7,3,1746,78,129,19,7.249192811903342,19.416544255209406,0.10784117082272016,0.7281491752903015
full_table_hybrid,Morgan+Physical,7,3,1746,78,129,19,5.744464097082677,19.1381817894913,0.13323841533566494,0.7325649077353185
full_table_hybrid,Morgan,7,4,1761,108,129,19,14.260067944138136,21.28200048530773,-0.5273944880866361,0.6656557518162227
full_table_hybrid,Physical,7,4,1761,108,129,19,7.952635412357472,11.060434944023456,0.5874555652929574,0.9237952077596719
full_table_hybrid,Morgan+Physical,7,4,1761,108,129,19,6.525241383658516,12.48765606860152,0.47411815308088123,0.8854758996307538
full_table_hybrid,Morgan,8,0,1540,136,128,20,5.990877626834196,15.538575896023016,0.30431544534464583,0.8197814260598245
full_table_hybrid,Physical,8,0,1540,136,128,20,7.443381084890926,16.062033740633378,0.2566540109725771,0.8140076618822012
full_table_hybrid,Morgan+Physical,8,0,1540,136,128,20,4.474249239304487,14.652186938372756,0.3814214780723254,0.9541119214897334
full_table_hybrid,Morgan,8,1,1795,82,128,20,10.667803686449938,13.989501273832621,0.1644182606072263,0.681769742598772
full_table_hybrid,Physical,8,1,1795,82,128,20,7.1930409218448546,10.27158025369281,0.5495371257675827,0.8587143250010347
full_table_hybrid,Morgan+Physical,8,1,1795,82,128,20,5.121151387499367,8.555854912258845,0.6874559044775344,0.9255636948413121
full_table_hybrid,Morgan,8,2,1732,80,129,19,6.475752363214492,7.380552396389646,0.45462552111616705,0.7830067687596108
full_table_hybrid,Physical,8,2,1732,80,129,19,4.600601178178787,6.906769754679483,0.5223970148619035,0.9066818543933813
full_table_hybrid,Morgan+Physical,8,2,1732,80,129,19,5.295652070293427,6.117907675872803,0.6252661601892706,0.9021793283897258
full_table_hybrid,Morgan,8,3,1877,51,129,19,18.208193244709687,32.08667865357949,-0.3463475674618701,0.2089273708442154
full_table_hybrid,Physical,8,3,1877,51,129,19,7.71627532824348,13.287140702800146,0.7691282854697121,0.8287955671281804
full_table_hybrid,Morgan+Physical,8,3,1877,51,129,19,12.163759700139362,22.096923209927425,0.3614847515237878,0.7683405893732834
full_table_hybrid,Morgan,8,4,1752,108,129,19,13.964183670750371,18.88475769547927,-0.4414496444479612,-0.003147534837402245
full_table_hybrid,Physical,8,4,1752,108,129,19,10.435857832820329,14.425577125627091,0.15890890362536214,0.9107907178078904
full_table_hybrid,Morgan+Physical,8,4,1752,108,129,19,4.258936949235421,6.5521280298254645,0.8264832552117233,0.8914712403983162
full_table_hybrid,Morgan,9,0,1899,68,128,20,11.96990836878384,20.20173356085808,-0.0837511122666823,0.5302122418444041
full_table_hybrid,Physical,9,0,1899,68,128,20,5.261495364076951,11.781684584962749,0.6313900433656826,0.9022270440768859
full_table_hybrid,Morgan+Physical,9,0,1899,68,128,20,7.835389217713301,15.136947921083177,0.3915443730127034,0.9532457861883314
full_table_hybrid,Morgan,9,1,1762,106,128,20,14.406097493729499,18.855628328706967,-0.687948107287655,0.5224911989975167
full_table_hybrid,Physical,9,1,1762,106,128,20,13.005518333471047,18.155015574494826,-0.5648413893889199,0.9340739693031646
full_table_hybrid,Morgan+Physical,9,1,1762,106,128,20,3.356312532748816,5.576265632668881,0.8523736165969349,0.9327567198036735
full_table_hybrid,Morgan,9,2,1767,98,129,19,5.995046431467486,18.117955746514955,0.028835246105209267,0.6225619570675552
full_table_hybrid,Physical,9,2,1767,98,129,19,6.989458872623834,17.886929360147263,0.053444448480088,0.8527467087438599
full_table_hybrid,Morgan+Physical,9,2,1767,98,129,19,6.366505826233845,17.782259975644582,0.06449000068714517,0.8537760217149863
full_table_hybrid,Morgan,9,3,1658,91,129,19,8.657386952960675,11.142160305736457,0.254013021311036,0.5854070643057084
full_table_hybrid,Physical,9,3,1658,91,129,19,6.121279949717261,8.9213682641084,0.5217495627866471,0.8841027488903165
full_table_hybrid,Morgan+Physical,9,3,1658,91,129,19,4.0762280412451775,7.058532371937321,0.7006210481790052,0.8663805041224628
full_table_hybrid,Morgan,9,4,1610,94,129,19,12.755436560756605,20.862813817152773,0.11274313347461928,0.6012013484063777
full_table_hybrid,Physical,9,4,1610,94,129,19,8.877452434848216,11.502433258225741,0.7302986947292793,0.46472756243245766
full_table_hybrid,Morgan+Physical,9,4,1610,94,129,19,10.207325998736442,13.809718080397058,0.6112474687888304,0.5515452908907253
full_table_lever4,Morgan,0,0,1653,129,128,20,17.47119507527906,21.599442123461703,-1.6741928464324176,-0.3389326315754284
full_table_lever4,Physical,0,0,1653,129,128,20,6.751349338294925,9.68955662493934,0.4618349817519882,0.8969666684665987
full_table_lever4,Morgan+Physical,0,0,1653,129,128,20,8.409798145028049,10.195608284376062,0.4041541247182707,0.8793796920087158
full_table_lever4,Morgan,0,1,1553,136,128,20,8.33815480550878,13.630667307011283,0.20181293205702455,0.7940381050725369
full_table_lever4,Physical,0,1,1553,136,128,20,3.5995797399745264,4.661116058992163,0.9066637635583229,0.9341722945952547
full_table_lever4,Morgan+Physical,0,1,1553,136,128,20,4.484692258206536,8.036214740599835,0.7225571621080278,0.927865151843005
full_table_lever4,Morgan,0,2,1835,72,129,19,3.8953298016442193,7.523825755223635,0.3001096400921619,0.4804325077725105
full_table_lever4,Physical,0,2,1835,72,129,19,4.586757418187458,7.741030662139934,0.2591161486230059,0.5526005024353242
full_table_lever4,Morgan+Physical,0,2,1835,72,129,19,4.037564080429076,6.5314681017111385,0.4725586506340168,0.5559851988193917
full_table_lever4,Morgan,0,3,1893,46,129,19,9.54016445707238,26.493798269268716,0.057594647238111474,0.37135174671795407
full_table_lever4,Physical,0,3,1893,46,129,19,7.189131787217179,25.34264720155447,0.1377101989842905,0.696628620092035
full_table_lever4,Morgan+Physical,0,3,1893,46,129,19,7.898805921367975,25.78490690101299,0.10735160336830607,0.6437412581511106
full_table_lever4,Morgan,0,4,1762,74,129,19,16.570041819552863,24.599387208943835,-0.25283025704663187,0.26163837946915003
full_table_lever4,Physical,0,4,1762,74,129,19,6.288853792235916,9.801286546060528,0.8011114284023355,0.8783644153301211
full_table_lever4,Morgan+Physical,0,4,1762,74,129,19,10.396625195999146,15.42210510152029,0.5075853409456272,0.9344834657398452
full_table_lever4,Morgan,1,0,1664,102,128,20,4.061681527425728,5.936864287685523,0.6610390579126553,0.8792497340377264
full_table_lever4,Physical,1,0,1664,102,128,20,7.295955644095179,11.36885011792144,-0.24299246854522782,0.6143858956356162
full_table_lever4,Morgan+Physical,1,0,1664,102,128,20,5.212876659498029,7.266795472486186,0.49216656692657745,0.9120415190739906
full_table_lever4,Morgan,1,1,1812,78,128,20,10.206111941270095,25.133449965704234,-0.03288152650790077,0.605727164687546
full_table_lever4,Physical,1,1,1812,78,128,20,7.40800843036456,23.072555202787584,0.1295623166216331,0.853689597043375
full_table_lever4,Morgan+Physical,1,1,1812,78,128,20,8.53731729476244,23.91460190251778,0.06486866814256875,0.7753323518772702
full_table_lever4,Morgan,1,2,1759,92,129,19,16.043514008024463,19.882768361800753,-0.3847897742976718,0.6753004774027536
full_table_lever4,Physical,1,2,1759,92,129,19,4.127398286135301,6.277790067923935,0.8619476768755381,0.9174036667357702
full_table_lever4,Morgan+Physical,1,2,1759,92,129,19,8.352224980395773,10.353945948071571,0.6244723418123259,0.9161224146566341
full_table_lever4,Morgan,1,3,1661,111,129,19,10.44820604380702,18.97567303669437,0.024725476872247576,0.656604993229969
full_table_lever4,Physical,1,3,1661,111,129,19,2.7265562359354516,4.044080106521376,0.9557032359402752,0.9628419316767172
full_table_lever4,Morgan+Physical,1,3,1661,111,129,19,6.290840457431689,10.390540337107534,0.7075788588416161,0.9522636224713095
full_table_lever4,Morgan,1,4,1800,74,129,19,10.934886412646318,13.861888977107574,0.047172610216992816,0.7028953893055729
full_table_lever4,Physical,1,4,1800,74,129,19,8.186942646722537,11.030389081632658,0.39667535760047457,0.8751475186254778
full_table_lever4,Morgan+Physical,1,4,1800,74,129,19,4.587990132306074,8.813030702318011,0.6148588111442076,0.8717691529933111
full_table_lever4,Morgan,2,0,1723,74,128,20,17.24000975439329,25.3771062461447,-0.31722960531288713,0.17948806865882874
full_table_lever4,Physical,2,0,1723,74,128,20,4.4544297995376585,6.59788279214178,0.91095972764035,0.9073989639921367
full_table_lever4,Morgan+Physical,2,0,1723,74,128,20,9.783946910709691,13.15389171747722,0.6460957222670853,0.85366199753851
full_table_lever4,Morgan,2,1,1652,116,128,20,4.345384510730875,7.067101035838278,0.32848681822890524,0.4050934568313955
full_table_lever4,Physical,2,1,1652,116,128,20,4.397318844810025,9.467298523818771,-0.20510277010882572,0.8090931524369479
full_table_lever4,Morgan+Physical,2,1,1652,116,128,20,4.005039718923898,7.24535260434971,0.2941848220138916,0.7809000620634283
full_table_lever4,Morgan,2,2,1804,77,129,19,11.273527882315896,25.704363125664496,-0.18995853465471968,0.4193823054762153
full_table_lever4,Physical,2,2,1804,77,129,19,10.303890207464043,24.248233225647265,-0.05895701960194821,0.7785247211435585
full_table_lever4,Morgan+Physical,2,2,1804,77,129,19,8.535750675350041,24.35890113207743,-0.06864514707832114,0.7474186176475313
full_table_lever4,Morgan,2,3,1733,99,129,19,5.5689828933253445,6.578818662105816,0.39365275646004916,0.7077235034032305
full_table_lever4,Physical,2,3,1733,99,129,19,2.97331043748952,5.119170144543953,0.6328659164961763,0.8389504815635648
full_table_lever4,Morgan+Physical,2,3,1733,99,129,19,3.8532891578847717,4.801339632239763,0.6770387393422095,0.822786839926786
full_table_lever4,Morgan,2,4,1784,91,129,19,16.75804614987216,20.927002151521158,-0.7155229749702035,0.7397401819298796
full_table_lever4,Physical,2,4,1784,91,129,19,3.912516478947231,6.08995730768068,0.8547182719240565,0.9111574006094368
full_table_lever4,Morgan+Physical,2,4,1784,91,129,19,10.158675427782667,11.923021170782013,0.4431283215710573,0.9431140240125186
full_table_lever4,Morgan,3,0,1718,109,128,20,9.567075030349594,19.26871888882347,0.06380637190401284,0.6862748159889919
full_table_lever4,Physical,3,0,1718,109,128,20,4.625930774790212,16.179209035114653,0.33995344080283807,0.7879519180794173
full_table_lever4,Morgan+Physical,3,0,1718,109,128,20,5.798460125928405,16.78989140468883,0.2891863263982837,0.8561035075083283
full_table_lever4,Morgan,3,1,1887,40,128,20,12.083034221029282,24.73894672116281,-0.014110511076221854,0.6859894802506552
full_table_lever4,Physical,3,1,1887,40,128,20,9.95913392291069,16.38168231865622,0.5553279087976204,0.6511014813104281
full_table_lever4,Morgan+Physical,3,1,1887,40,128,20,9.374822002387045,16.031392003156878,0.5741414794681928,0.7320889377650083
full_table_lever4,Morgan,3,2,1531,162,129,19,11.094489757005666,14.804231048588164,-0.03536746788332579,0.6860336491936398
full_table_lever4,Physical,3,2,1531,162,129,19,3.9430556609448093,6.049645871143511,0.8271048892749467,0.9070175568153102
full_table_lever4,Morgan+Physical,3,2,1531,162,129,19,6.728818936204322,8.816370342725095,0.6328001831133787,0.8912052339149591
full_table_lever4,Morgan,3,3,1708,91,129,19,11.984843242821329,21.035791897240948,0.05719168238226058,0.7258112358487827
full_table_lever4,Physical,3,3,1708,91,129,19,3.062431895547385,4.597871965887441,0.9549578180219169,0.9769936830785606
full_table_lever4,Morgan+Physical,3,3,1708,91,129,19,6.906873030241243,10.858977758951577,0.7487630219331335,0.9552011101983353
full_table_lever4,Morgan,3,4,1852,55,129,19,10.50629147110818,13.202897163235026,-0.33301563681860347,-0.2146051261487779
full_table_lever4,Physical,3,4,1852,55,129,19,4.971683643956964,7.201460406613808,0.6034135084273298,0.9254316251079077
full_table_lever4,Morgan+Physical,3,4,1852,55,129,19,3.827696770554976,4.813116505929349,0.8228465920841652,0.9279820272243469
full_table_lever4,Morgan,4,0,1897,59,128,20,11.257906172348283,23.769107496073154,-0.1104193299238454,0.46703923423204724
full_table_lever4,Physical,4,0,1897,59,128,20,7.823324448666331,21.944085322392198,0.05355314986969928,0.7109999543548936
full_table_lever4,Morgan+Physical,4,0,1897,59,128,20,9.136629690267274,22.66324348115867,-0.00949783765291401,0.603508803098749
full_table_lever4,Morgan,4,1,1588,117,128,20,5.301050474650065,6.486712090108719,0.5595420580920425,0.7970666808957926
full_table_lever4,Physical,4,1,1588,117,128,20,2.5682872006043,3.1475878472501813,0.8962923197317485,0.9261147564311709
full_table_lever4,Morgan+Physical,4,1,1588,117,128,20,3.2860017981348286,4.238212015396257,0.8119728526716983,0.9238133955285567
full_table_lever4,Morgan,4,2,1598,111,129,19,14.234926721019573,21.323378211557642,-0.12643660490913167,0.6379752900299078
full_table_lever4,Physical,4,2,1598,111,129,19,9.439211145077955,13.011330090888677,0.5805906340842741,0.8927428947227968
full_table_lever4,Morgan+Physical,4,2,1598,111,129,19,7.705341411844889,12.162188089930408,0.6335470974175861,0.9280076932599555
full_table_lever4,Morgan,4,3,1819,73,129,19,6.070686247530375,17.285264130784586,0.15531525607223973,0.8981458008569964
full_table_lever4,Physical,4,3,1819,73,129,19,4.305369694074865,7.92101594427998,0.8226201085372699,0.9626980304768057
full_table_lever4,Morgan+Physical,4,3,1819,73,129,19,4.649034933108499,11.864446394280382,0.6020417001978275,0.979737226659053
full_table_lever4,Morgan,4,4,1794,97,129,19,14.325231920615915,19.91740180494016,-0.5484254021752453,0.6449690545389399
full_table_lever4,Physical,4,4,1794,97,129,19,2.778936291527503,4.112662768481819,0.9339806693220066,0.8959576745760192
full_table_lever4,Morgan+Physical,4,4,1794,97,129,19,7.7755811758139695,9.926957922326118,0.6153574900108127,0.9078550856472781
full_table_lever4,Morgan,5,0,1883,63,128,20,9.13262897237142,18.682330821092076,-0.18656441879165753,0.7505029801787344
full_table_lever4,Physical,5,0,1883,63,128,20,4.985279319490705,8.5602960033123,0.7508810474000953,0.8606120739769096
full_table_lever4,Morgan+Physical,5,0,1883,63,128,20,6.166158074454655,12.549078237115815,0.4646314457398034,0.895210391209066
full_table_lever4,Morgan,5,1,1719,81,128,20,10.380718049847637,13.888525149372503,0.3021847422763012,0.8006549315732668
full_table_lever4,Physical,5,1,1719,81,128,20,6.526048171158777,10.095526975183976,0.6312889196622795,0.860683206630163
full_table_lever4,Morgan+Physical,5,1,1719,81,128,20,6.942217016300154,9.692736223011222,0.6601236152550234,0.8463452261022344
full_table_lever4,Morgan,5,2,1560,111,129,19,15.848912415427817,24.513484238142006,-0.08460947942957553,0.6751759848375167
full_table_lever4,Physical,5,2,1560,111,129,19,3.672901828405707,15.693792849781863,0.5554515105879025,0.9422566349935139
full_table_lever4,Morgan+Physical,5,2,1560,111,129,19,9.575866961350998,18.48673645702996,0.38314398024626706,0.9481765437906706
full_table_lever4,Morgan,5,3,1680,128,129,19,5.5755393881917,7.449488118356971,0.5124129268971024,0.91616691391942
full_table_lever4,Physical,5,3,1680,128,129,19,8.511408907461165,13.022855077672286,-0.4900873737069986,0.9129335827718142
full_table_lever4,Morgan+Physical,5,3,1680,128,129,19,4.032945975351334,5.08645085522872,0.7726845131251429,0.9396525784044263
full_table_lever4,Morgan,5,4,1854,74,129,19,10.97655154297803,22.104767378190218,-0.046788895749129145,0.32537059419629527
full_table_lever4,Physical,5,4,1854,74,129,19,3.904154187640629,9.44080862186013,0.8090561842297452,0.8070802286253269
full_table_lever4,Morgan+Physical,5,4,1854,74,129,19,6.025504957353747,11.043384774511916,0.7387287533554849,0.7447078508467451
full_table_lever4,Morgan,6,0,1885,43,128,20,10.49600611939541,22.08465501875225,-0.054667337882587264,0.3959154539596447
full_table_lever4,Physical,6,0,1885,43,128,20,9.61181099798513,15.825136508461295,0.45846168761878514,0.7517707727824677
full_table_lever4,Morgan+Physical,6,0,1885,43,128,20,9.498347310443258,16.971988744025925,0.377126681960139,0.7348940543719891
full_table_lever4,Morgan,6,1,1866,60,128,20,14.972013125864667,27.170486516903768,-0.19517377823251292,0.2763675045714083
full_table_lever4,Physical,6,1,1866,60,128,20,3.495002098910014,7.49229205346686,0.9091205641532533,0.8047423754112389
full_table_lever4,Morgan+Physical,6,1,1866,60,128,20,8.236904528299966,14.803047266791332,0.6452368699369251,0.795630155831606
full_table_lever4,Morgan,6,2,1580,126,129,19,8.151230286056277,9.280591938152641,0.1848405801037758,0.8034657249989497
full_table_lever4,Physical,6,2,1580,126,129,19,3.7812894811055013,7.23807291986399,0.504165085180759,0.926105787315073
full_table_lever4,Morgan+Physical,6,2,1580,126,129,19,5.556410129413909,7.108092036448729,0.5218135324307893,0.9149356333871638
full_table_lever4,Morgan,6,3,1699,124,129,19,7.1772979597091675,9.778766193914286,0.33044131891568573,0.6010303344265859
full_table_lever4,Physical,6,3,1699,124,129,19,7.229232983353829,9.83706388887692,0.322434157294046,0.8833413594871137
full_table_lever4,Morgan+Physical,6,3,1699,124,129,19,3.686327771026858,4.99324700757646,0.8254231628118247,0.9412476559128621
full_table_lever4,Morgan,6,4,1666,104,129,19,16.103036410959685,25.022874918756035,-0.4596303669267625,0.13436148342531418
full_table_lever4,Physical,6,4,1666,104,129,19,7.216203478359076,17.479085270984942,0.28779358334480953,0.8921408975332574
full_table_lever4,Morgan+Physical,6,4,1666,104,129,19,9.081865971973125,18.37531495101226,0.2128852276311629,0.8978399724310445
full_table_lever4,Morgan,7,0,1659,114,128,20,7.5136832342783615,11.176993828353902,0.27590231007145594,0.4447981000088264
full_table_lever4,Physical,7,0,1659,114,128,20,3.145290047849689,5.20938481394119,0.8427031523688088,0.9349045675588233
full_table_lever4,Morgan+Physical,7,0,1659,114,128,20,3.926326641497696,6.689076719076145,0.7406540360028713,0.8987314429092296
full_table_lever4,Morgan,7,1,1806,77,128,20,18.722069678665758,25.52008118865596,-0.5082816625565079,0.39691592991358277
full_table_lever4,Physical,7,1,1806,77,128,20,9.228180408552095,11.588170017548391,0.6890088255988953,0.9293755238902563
full_table_lever4,Morgan+Physical,7,1,1806,77,128,20,8.769451070463504,13.152984430105215,0.5993483278584077,0.9346390366504309
full_table_lever4,Morgan,7,2,1724,80,129,19,7.1251459592914586,9.061810651836375,0.3427093835996182,0.5901298444022282
full_table_lever4,Physical,7,2,1724,80,129,19,6.144293560013772,10.577828517772796,0.10438674995215558,0.8250617456489354
full_table_lever4,Morgan+Physical,7,2,1724,80,129,19,6.180199704751969,8.37202383629438,0.43896703772920365,0.818265335728324
full_table_lever4,Morgan,7,3,1746,78,129,19,6.217144198565363,19.620280469659118,0.08902024335722336,0.6927171167763528
full_table_lever4,Physical,7,3,1746,78,129,19,3.479424578667666,18.265824078077017,0.21045507754733195,0.8777496984309531
full_table_lever4,Morgan+Physical,7,3,1746,78,129,19,4.466244267464663,18.73821380015754,0.1690886648292067,0.945001899744249
full_table_lever4,Morgan,7,4,1761,108,129,19,14.260067944138136,21.28200048530773,-0.5273944880866361,0.6656557518162227
full_table_lever4,Physical,7,4,1761,108,129,19,7.149781862470838,9.48603478564237,0.6965439871308927,0.9297920048602346
full_table_lever4,Morgan+Physical,7,4,1761,108,129,19,6.432308203414635,11.029274878067357,0.58977677672412,0.9255598672984007
full_table_lever4,Morgan,8,0,1540,136,128,20,5.990877626834196,15.538575896023016,0.30431544534464583,0.8197814260598245
full_table_lever4,Physical,8,0,1540,136,128,20,4.006834730456857,14.362561242934209,0.40563432352192175,0.8928044570940442
full_table_lever4,Morgan+Physical,8,0,1540,136,128,20,3.536337350306791,14.36608231516766,0.4053428628309418,0.8917674360619391
full_table_lever4,Morgan,8,1,1795,82,128,20,10.667803686449938,13.989501273832621,0.1644182606072263,0.681769742598772
full_table_lever4,Physical,8,1,1795,82,128,20,6.946389174897728,9.68038911657145,0.5998985681684084,0.8784746169377766
full_table_lever4,Morgan+Physical,8,1,1795,82,128,20,4.73888362504773,7.931702817758247,0.731392989198774,0.9159963868898955
full_table_lever4,Morgan,8,2,1732,80,129,19,6.475752363214492,7.380552396389646,0.45462552111616705,0.7830067687596108
full_table_lever4,Physical,8,2,1732,80,129,19,3.320036048111916,4.914403691566327,0.7581986436713517,0.9084603060242153
full_table_lever4,Morgan+Physical,8,2,1732,80,129,19,4.473219505319595,5.139562005331746,0.7355343357387296,0.8821322371623644
full_table_lever4,Morgan,8,3,1877,51,129,19,18.208193244709687,32.08667865357949,-0.3463475674618701,0.2089273708442154
full_table_lever4,Physical,8,3,1877,51,129,19,7.40737712501077,10.42323174899502,0.8579267065394414,0.46779553864970475
full_table_lever4,Morgan+Physical,8,3,1877,51,129,19,12.111171623828364,19.26155713635346,0.5148339010409384,0.7175013518671154
full_table_lever4,Morgan,8,4,1752,108,129,19,13.964183670750371,18.88475769547927,-0.4414496444479612,-0.003147534837402245
full_table_lever4,Physical,8,4,1752,108,129,19,5.451846112286604,8.001734109224998,0.7412115593869008,0.929109386010162
full_table_lever4,Morgan+Physical,8,4,1752,108,129,19,6.415537737228253,8.81531003992515,0.6859116528158609,0.9180697610996144
full_table_lever4,Morgan,9,0,1899,68,128,20,11.96990836878384,20.20173356085808,-0.0837511122666823,0.5302122418444041
full_table_lever4,Physical,9,0,1899,68,128,20,4.326197637557984,9.2363046657078,0.7734579749701025,0.9293905484897209
full_table_lever4,Morgan+Physical,9,0,1899,68,128,20,7.260080801122328,13.7455259886711,0.4982642983485246,0.9661107833902882
full_table_lever4,Morgan,9,1,1762,106,128,20,14.406097493729499,18.855628328706967,-0.687948107287655,0.5224911989975167
full_table_lever4,Physical,9,1,1762,106,128,20,5.766066407203675,7.136204448830219,0.7582248615691342,0.8644829693653657
full_table_lever4,Morgan+Physical,9,1,1762,106,128,20,7.480080369049648,8.836068405078285,0.629323365257503,0.9191229307428059
full_table_lever4,Morgan,9,2,1767,98,129,19,5.995046431467486,18.117955746514955,0.028835246105209267,0.6225619570675552
full_table_lever4,Physical,9,2,1767,98,129,19,5.183719767800157,17.335552752226032,0.11090143145436193,0.08772860060525366
full_table_lever4,Morgan+Physical,9,2,1767,98,129,19,5.127966188384076,17.547062087943463,0.08907347407159849,0.6573268673360305
full_table_lever4,Morgan,9,3,1658,91,129,19,8.657386952960675,11.142160305736457,0.254013021311036,0.5854070643057084
full_table_lever4,Physical,9,3,1658,91,129,19,8.524529393337795,12.45019126076722,0.06858229685997308,0.8895835932049654
full_table_lever4,Morgan+Physical,9,3,1658,91,129,19,4.209662179365052,6.8951436776707515,0.7143204965530017,0.8812337181972169
full_table_lever4,Morgan,9,4,1610,94,129,19,12.755436560756605,20.862813817152773,0.11274313347461928,0.6012013484063777
full_table_lever4,Physical,9,4,1610,94,129,19,5.146746460999833,10.598522927852683,0.7710217184903727,0.8312338032054484
full_table_lever4,Morgan+Physical,9,4,1610,94,129,19,8.245325964323003,12.49119674447551,0.6819380611583734,0.7265831648423721
full_table_lever4_lever8,Morgan,0,0,1653,129,128,20,17.47119507527906,21.599442123461703,-1.6741928464324176,-0.3389326315754284
full_table_lever4_lever8,Physical,0,0,1653,129,128,20,6.167861953143926,7.699348024835335,0.660206117098944,0.8849459383331304
full_table_lever4_lever8,Morgan+Physical,0,0,1653,129,128,20,11.5445922516224,14.011160362264222,-0.1252677228847887,0.6056484042229775
full_table_lever4_lever8,Morgan,0,1,1553,136,128,20,8.33815480550878,13.630667307011283,0.20181293205702455,0.7940381050725369
full_table_lever4_lever8,Physical,0,1,1553,136,128,20,3.4042466184279494,5.6844881199203785,0.8611796362922357,0.918760045745052
full_table_lever4_lever8,Morgan+Physical,0,1,1553,136,128,20,5.69505517128215,8.052499177478987,0.721431612798209,0.8747245815538323
full_table_lever4_lever8,Morgan,0,2,1835,72,129,19,3.8953298016442193,7.523825755223635,0.3001096400921619,0.4804325077725105
full_table_lever4_lever8,Physical,0,2,1835,72,129,19,5.574771428298949,10.054514583208585,-0.24989856698109403,0.46423755882364176
full_table_lever4_lever8,Morgan+Physical,0,2,1835,72,129,19,4.689502141931322,7.428523434357083,0.31772799933869345,0.4784917509557662
full_table_lever4_lever8,Morgan,0,3,1893,46,129,19,9.54016445707238,26.493798269268716,0.057594647238111474,0.37135174671795407
full_table_lever4_lever8,Physical,0,3,1893,46,129,19,7.104817142403647,24.48679539505329,0.19496789844597795,0.8711569144970852
full_table_lever4_lever8,Morgan+Physical,0,3,1893,46,129,19,7.847231949184254,25.325193973793397,0.13889749073567603,0.6589270445329782
full_table_lever4_lever8,Morgan,0,4,1762,74,129,19,16.570041819552863,24.599387208943835,-0.25283025704663187,0.26163837946915003
full_table_lever4_lever8,Physical,0,4,1762,74,129,19,11.138189596775158,20.10024283439487,0.1635379061245954,0.9135141785990488
full_table_lever4_lever8,Morgan+Physical,0,4,1762,74,129,19,9.076147542031777,12.41381916075425,0.6809531323001647,0.9496914518393533
full_table_lever4_lever8,Morgan,1,0,1664,102,128,20,4.061681527425728,5.936864287685523,0.6610390579126553,0.8792497340377264
full_table_lever4_lever8,Physical,1,0,1664,102,128,20,4.7348666518454445,7.815588135288585,0.4125664521191067,0.857098437676149
full_table_lever4_lever8,Morgan+Physical,1,0,1664,102,128,20,4.032792030700982,5.912068309154949,0.6638645617138406,0.8833629803568808
full_table_lever4_lever8,Morgan,1,1,1812,78,128,20,10.206111941270095,25.133449965704234,-0.03288152650790077,0.605727164687546
full_table_lever4_lever8,Physical,1,1,1812,78,128,20,6.778353450194138,23.65517163250713,0.08504759325037214,0.8730494574097115
full_table_lever4_lever8,Morgan+Physical,1,1,1812,78,128,20,8.133337654021826,24.18607487844622,0.04351737969716618,0.8100607239285662
full_table_lever4_lever8,Morgan,1,2,1759,92,129,19,16.043514008024463,19.882768361800753,-0.3847897742976718,0.6753004774027536
full_table_lever4_lever8,Physical,1,2,1759,92,129,19,7.24300543044961,14.230356535660496,0.2906481517576278,0.771454475488179
full_table_lever4_lever8,Morgan+Physical,1,2,1759,92,129,19,8.369148694909137,10.189804720571429,0.6362844537665173,0.7721418632326225
full_table_lever4_lever8,Morgan,1,3,1661,111,129,19,10.44820604380702,18.97567303669437,0.024725476872247576,0.656604993229969
full_table_lever4_lever8,Physical,1,3,1661,111,129,19,5.13256762646512,10.78179188310735,0.6851422472963007,0.9527457597479302
full_table_lever4_lever8,Morgan+Physical,1,3,1661,111,129,19,7.422623986232176,14.491233935648085,0.43122141415542736,0.9465361640169696
full_table_lever4_lever8,Morgan,1,4,1800,74,129,19,10.934886412646318,13.861888977107574,0.047172610216992816,0.7028953893055729
full_table_lever4_lever8,Physical,1,4,1800,74,129,19,3.5173530092754883,7.5770167452077315,0.7153141414802355,0.9239039653300041
full_table_lever4_lever8,Morgan+Physical,1,4,1800,74,129,19,6.357452472119719,9.50948167352112,0.5515819434841833,0.9171360933733134
full_table_lever4_lever8,Morgan,2,0,1723,74,128,20,17.24000975439329,25.3771062461447,-0.31722960531288713,0.17948806865882874
full_table_lever4_lever8,Physical,2,0,1723,74,128,20,13.15317249881229,22.01404227124554,0.008764427086115911,0.8444611698484699
full_table_lever4_lever8,Morgan+Physical,2,0,1723,74,128,20,10.65806948471688,13.848409130922521,0.6077372591669277,0.820555582250558
full_table_lever4_lever8,Morgan,2,1,1652,116,128,20,4.345384510730875,7.067101035838278,0.32848681822890524,0.4050934568313955
full_table_lever4_lever8,Physical,2,1,1652,116,128,20,2.7282638482126695,5.492283654496894,0.5944187596199402,0.8089458358322409
full_table_lever4_lever8,Morgan+Physical,2,1,1652,116,128,20,3.3077673647650356,5.912733163491038,0.5299451891912823,0.7888485815996567
full_table_lever4_lever8,Morgan,2,2,1804,77,129,19,11.273527882315896,25.704363125664496,-0.18995853465471968,0.4193823054762153
full_table_lever4_lever8,Physical,2,2,1804,77,129,19,8.278505176990063,24.10808181877093,-0.046751148129539066,0.7521632827153831
full_table_lever4_lever8,Morgan+Physical,2,2,1804,77,129,19,9.515887090806837,24.58429046534011,-0.08851267251467254,0.6858656302550521
full_table_lever4_lever8,Morgan,2,3,1733,99,129,19,5.5689828933253445,6.578818662105816,0.39365275646004916,0.7077235034032305
full_table_lever4_lever8,Physical,2,3,1733,99,129,19,3.291855628454806,5.639225682674416,0.5544827469737592,0.8068936373220883
full_table_lever4_lever8,Morgan+Physical,2,3,1733,99,129,19,3.5597763921641343,4.936403870333909,0.658613027286175,0.8136142899561875
full_table_lever4_lever8,Morgan,2,4,1784,91,129,19,16.75804614987216,20.927002151521158,-0.7155229749702035,0.7397401819298796
full_table_lever4_lever8,Physical,2,4,1784,91,129,19,5.81961542079213,8.258955371806442,0.7328022852318957,0.8961756719812128
full_table_lever4_lever8,Morgan+Physical,2,4,1784,91,129,19,9.296541430630528,11.034631380055686,0.5230222062993221,0.9008667239270124
full_table_lever4_lever8,Morgan,3,0,1718,109,128,20,9.567075030349594,19.26871888882347,0.06380637190401284,0.6862748159889919
full_table_lever4_lever8,Physical,3,0,1718,109,128,20,4.735074082432316,16.278811920337457,0.331801632572552,0.8054201370185234
full_table_lever4_lever8,Morgan+Physical,3,0,1718,109,128,20,7.041222917098297,17.194012079167628,0.2545569771824422,0.7367200057929324
full_table_lever4_lever8,Morgan,3,1,1887,40,128,20,12.083034221029282,24.73894672116281,-0.014110511076221854,0.6859894802506552
full_table_lever4_lever8,Physical,3,1,1887,40,128,20,9.450997276520727,13.785597406189234,0.6850989882219164,0.7065511770845997
full_table_lever4_lever8,Morgan+Physical,3,1,1887,40,128,20,9.599907977199555,14.966487942262116,0.6288387114185452,0.7923929657135141
full_table_lever4_lever8,Morgan,3,2,1531,162,129,19,11.094489757005666,14.804231048588164,-0.03536746788332579,0.6860336491936398
full_table_lever4_lever8,Physical,3,2,1531,162,129,19,4.962011339724505,6.547686662765975,0.7974657003919134,0.9117556813517302
full_table_lever4_lever8,Morgan+Physical,3,2,1531,162,129,19,7.764838443624237,10.43408286129057,0.4856824207891419,0.85165745624292
full_table_lever4_lever8,Morgan,3,3,1708,91,129,19,11.984843242821329,21.035791897240948,0.05719168238226058,0.7258112358487827
full_table_lever4_lever8,Physical,3,3,1708,91,129,19,6.3123971916534085,10.910263317584876,0.7463842979403776,0.9433304943141094
full_table_lever4_lever8,Morgan+Physical,3,3,1708,91,129,19,8.626600860813687,15.675723598263149,0.4764467400426402,0.9565154237050723
full_table_lever4_lever8,Morgan,3,4,1852,55,129,19,10.50629147110818,13.202897163235026,-0.33301563681860347,-0.2146051261487779
full_table_lever4_lever8,Physical,3,4,1852,55,129,19,13.003867188167225,23.026446194862878,-3.0546240736364405,0.9450213924387891
full_table_lever4_lever8,Morgan+Physical,3,4,1852,55,129,19,5.604085395335805,7.057589441509275,0.6191012529037618,0.9360241802612178
full_table_lever4_lever8,Morgan,4,0,1897,59,128,20,11.257906172348283,23.769107496073154,-0.1104193299238454,0.46703923423204724
full_table_lever4_lever8,Physical,4,0,1897,59,128,20,6.5039498594575,22.236328703525047,0.028176415774140096,0.6344692566317288
full_table_lever4_lever8,Morgan+Physical,4,0,1897,59,128,20,8.601976102602684,22.658355571032637,-0.009062436374273952,0.5771034589098161
full_table_lever4_lever8,Morgan,4,1,1588,117,128,20,5.301050474650065,6.486712090108719,0.5595420580920425,0.7970666808957926
full_table_lever4_lever8,Physical,4,1,1588,117,128,20,2.389356063070705,3.4509887540678443,0.8753356466984646,0.9474607768167499
full_table_lever4_lever8,Morgan+Physical,4,1,1588,117,128,20,3.3603550018675716,4.499092416327257,0.7881126503670803,0.9267061328071822
full_table_lever4_lever8,Morgan,4,2,1598,111,129,19,14.234926721019573,21.323378211557642,-0.12643660490913167,0.6379752900299078
full_table_lever4_lever8,Physical,4,2,1598,111,129,19,8.020570382632005,14.096047154331274,0.5077458086927058,0.8894986445631083
full_table_lever4_lever8,Morgan+Physical,4,2,1598,111,129,19,7.2168161596830895,10.767665760771985,0.7127646633763851,0.8950082592708172
full_table_lever4_lever8,Morgan,4,3,1819,73,129,19,6.070686247530375,17.285264130784586,0.15531525607223973,0.8981458008569964
full_table_lever4_lever8,Physical,4,3,1819,73,129,19,2.476377358350362,6.528004335226076,0.8795231848783329,0.9712448101272169
full_table_lever4_lever8,Morgan+Physical,4,3,1819,73,129,19,4.137917717021786,10.232917528007214,0.7039660242766765,0.9733347161001277
full_table_lever4_lever8,Morgan,4,4,1794,97,129,19,14.325231920615915,19.91740180494016,-0.5484254021752453,0.6449690545389399
full_table_lever4_lever8,Physical,4,4,1794,97,129,19,9.116263774871827,14.668783229296253,0.16012800651569037,0.8504717253938222
full_table_lever4_lever8,Morgan+Physical,4,4,1794,97,129,19,11.245806979464502,14.406729850269217,0.18986808218659956,0.882842747370524
full_table_lever4_lever8,Morgan,5,0,1883,63,128,20,9.13262897237142,18.682330821092076,-0.18656441879165753,0.7505029801787344
full_table_lever4_lever8,Physical,5,0,1883,63,128,20,5.287919979307387,8.194496072727569,0.7717169282953521,0.4516348842352071
full_table_lever4_lever8,Morgan+Physical,5,0,1883,63,128,20,6.07142296055385,10.90163643985209,0.5959709484961137,0.7314852301946204
full_table_lever4_lever8,Morgan,5,1,1719,81,128,20,10.380718049847637,13.888525149372503,0.3021847422763012,0.8006549315732668
full_table_lever4_lever8,Physical,5,1,1719,81,128,20,14.453556872200672,23.04397727771434,-0.921069507106868,0.8894557439764865
full_table_lever4_lever8,Morgan+Physical,5,1,1719,81,128,20,8.761418627477575,11.16006245176098,0.5494308509965353,0.8915025741648126
full_table_lever4_lever8,Morgan,5,2,1560,111,129,19,15.848912415427817,24.513484238142006,-0.08460947942957553,0.6751759848375167
full_table_lever4_lever8,Physical,5,2,1560,111,129,19,5.227567121774485,16.553891986898872,0.5053892611437645,0.9600797535895848
full_table_lever4_lever8,Morgan+Physical,5,2,1560,111,129,19,8.636218061619664,17.89672679465496,0.42188994394625146,0.9399899013089679
full_table_lever4_lever8,Morgan,5,3,1680,128,129,19,5.5755393881917,7.449488118356971,0.5124129268971024,0.91616691391942
full_table_lever4_lever8,Physical,5,3,1680,128,129,19,3.175152055609226,4.5082589881775,0.8214264904858084,0.9045186021262525
full_table_lever4_lever8,Morgan+Physical,5,3,1680,128,129,19,3.5768267258286475,4.659194365267526,0.8092691362150545,0.9545625876231181
full_table_lever4_lever8,Morgan,5,4,1854,74,129,19,10.97655154297803,22.104767378190218,-0.046788895749129145,0.32537059419629527
full_table_lever4_lever8,Physical,5,4,1854,74,129,19,6.027455141686104,12.685535208686364,0.6552495837201939,0.8271803520771388
full_table_lever4_lever8,Morgan+Physical,5,4,1854,74,129,19,8.168420167433249,17.051181126681968,0.3771318204579901,0.7813746827192037
full_table_lever4_lever8,Morgan,6,0,1885,43,128,20,10.49600611939541,22.08465501875225,-0.054667337882587264,0.3959154539596447
full_table_lever4_lever8,Physical,6,0,1885,43,128,20,5.467215322849362,8.191879300051347,0.85488866191549,0.8904171769438892
full_table_lever4_lever8,Morgan+Physical,6,0,1885,43,128,20,7.436647537763728,12.315728634562788,0.6720146244938487,0.8610532005166885
full_table_lever4_lever8,Morgan,6,1,1866,60,128,20,14.972013125864667,27.170486516903768,-0.19517377823251292,0.2763675045714083
full_table_lever4_lever8,Physical,6,1,1866,60,128,20,7.878981541697184,14.875524109976942,0.6417544712785141,0.7761443577768027
full_table_lever4_lever8,Morgan+Physical,6,1,1866,60,128,20,11.125495885594686,20.557533207233252,0.315807629198548,0.7132756039564531
full_table_lever4_lever8,Morgan,6,2,1580,126,129,19,8.151230286056277,9.280591938152641,0.1848405801037758,0.8034657249989497
full_table_lever4_lever8,Physical,6,2,1580,126,129,19,3.613929692256261,5.383170121094887,0.7257368837507816,0.9214723320657171
full_table_lever4_lever8,Morgan+Physical,6,2,1580,126,129,19,5.521049427020363,6.77360957212407,0.5657583085067741,0.926726013608294
full_table_lever4_lever8,Morgan,6,3,1699,124,129,19,7.1772979597091675,9.778766193914286,0.33044131891568573,0.6010303344265859
full_table_lever4_lever8,Physical,6,3,1699,124,129,19,4.760327049726055,10.063006935629886,0.29095130128243096,0.9108691550235019
full_table_lever4_lever8,Morgan+Physical,6,3,1699,124,129,19,3.1641472763369163,3.9070946630065926,0.8931121386612407,0.9277558934803851
full_table_lever4_lever8,Morgan,6,4,1666,104,129,19,16.103036410959685,25.022874918756035,-0.4596303669267625,0.13436148342531418
full_table_lever4_lever8,Physical,6,4,1666,104,129,19,7.3050554184407455,17.2768917969148,0.3041755152501918,0.894772571231422
full_table_lever4_lever8,Morgan+Physical,6,4,1666,104,129,19,8.849064194573621,18.081773751807628,0.23783229667949946,0.8971519149556044
full_table_lever4_lever8,Morgan,7,0,1659,114,128,20,7.5136832342783615,11.176993828353902,0.27590231007145594,0.4447981000088264
full_table_lever4_lever8,Physical,7,0,1659,114,128,20,9.118881319434182,18.73061267308618,-1.0335324462528717,0.9250664132512153
full_table_lever4_lever8,Morgan+Physical,7,0,1659,114,128,20,5.355693555677982,8.387825677739427,0.59220121096291,0.8572222475993618
full_table_lever4_lever8,Morgan,7,1,1806,77,128,20,18.722069678665758,25.52008118865596,-0.5082816625565079,0.39691592991358277
full_table_lever4_lever8,Physical,7,1,1806,77,128,20,3.760845197405133,7.496178646107034,0.8698637753143881,0.8739687585528342
full_table_lever4_lever8,Morgan+Physical,7,1,1806,77,128,20,10.599075925455466,14.601317417969444,0.5062553168655788,0.8368732199726187
full_table_lever4_lever8,Morgan,7,2,1724,80,129,19,7.1251459592914586,9.061810651836375,0.3427093835996182,0.5901298444022282
full_table_lever4_lever8,Physical,7,2,1724,80,129,19,3.616865106210709,5.10496285063672,0.7914008003698384,0.8664237850870341
full_table_lever4_lever8,Morgan+Physical,7,2,1724,80,129,19,5.095044462070465,6.591173338301319,0.6522613754977824,0.8742224427292492
full_table_lever4_lever8,Morgan,7,3,1746,78,129,19,6.217144198565363,19.620280469659118,0.08902024335722336,0.6927171167763528
full_table_lever4_lever8,Physical,7,3,1746,78,129,19,3.9663530642934948,18.175757896847955,0.21822214854574284,0.9339736833612465
full_table_lever4_lever8,Morgan+Physical,7,3,1746,78,129,19,4.805661260434666,18.712846417286066,0.17133688108909073,0.9437889830462936
full_table_lever4_lever8,Morgan,7,4,1761,108,129,19,14.260067944138136,21.28200048530773,-0.5273944880866361,0.6656557518162227
full_table_lever4_lever8,Physical,7,4,1761,108,129,19,5.140623368369209,8.248064656874918,0.7705804439684235,0.9276895643024452
full_table_lever4_lever8,Morgan+Physical,7,4,1761,108,129,19,8.482462728659312,13.531010607000123,0.38257133196278015,0.8873885235590443
full_table_lever4_lever8,Morgan,8,0,1540,136,128,20,5.990877626834196,15.538575896023016,0.30431544534464583,0.8197814260598245
full_table_lever4_lever8,Physical,8,0,1540,136,128,20,2.900961489340838,13.601700751565046,0.4669396670531235,0.9508752357611393
full_table_lever4_lever8,Morgan+Physical,8,0,1540,136,128,20,4.06898561707104,14.199710357065014,0.41903642199341695,0.9292136240867284
full_table_lever4_lever8,Morgan,8,1,1795,82,128,20,10.667803686449938,13.989501273832621,0.1644182606072263,0.681769742598772
full_table_lever4_lever8,Physical,8,1,1795,82,128,20,11.455611781056103,19.241609311369984,-0.5807648152042655,0.9035026021995194
full_table_lever4_lever8,Morgan+Physical,8,1,1795,82,128,20,7.186101385587365,9.662646955618834,0.6013638313350944,0.9106756802913061
full_table_lever4_lever8,Morgan,8,2,1732,80,129,19,6.475752363214492,7.380552396389646,0.45462552111616705,0.7830067687596108
full_table_lever4_lever8,Physical,8,2,1732,80,129,19,3.0930577400302885,3.9267898822807834,0.8456195145721824,0.9490447122961245
full_table_lever4_lever8,Morgan+Physical,8,2,1732,80,129,19,3.9443946314430236,4.721240849498537,0.7768333019335807,0.920176881556642
full_table_lever4_lever8,Morgan,8,3,1877,51,129,19,18.208193244709687,32.08667865357949,-0.3463475674618701,0.2089273708442154
full_table_lever4_lever8,Physical,8,3,1877,51,129,19,10.574112277461033,16.34334988845532,0.6507070523393197,0.6940295661479687
full_table_lever4_lever8,Morgan+Physical,8,3,1877,51,129,19,13.717590677747538,22.329285705418148,0.3479853987475008,0.6988355197009123
full_table_lever4_lever8,Morgan,8,4,1752,108,129,19,13.964183670750371,18.88475769547927,-0.4414496444479612,-0.003147534837402245
full_table_lever4_lever8,Physical,8,4,1752,108,129,19,4.789267212673469,6.398363851413255,0.834531813203388,0.8950130439759244
full_table_lever4_lever8,Morgan+Physical,8,4,1752,108,129,19,9.168663382212323,12.059022629667462,0.41223886991245673,0.8549808173422343
full_table_lever4_lever8,Morgan,9,0,1899,68,128,20,11.96990836878384,20.20173356085808,-0.0837511122666823,0.5302122418444041
full_table_lever4_lever8,Physical,9,0,1899,68,128,20,12.026396236503828,21.565091638394144,-0.23496569612320695,0.9451314330154782
full_table_lever4_lever8,Morgan+Physical,9,0,1899,68,128,20,6.355867711179395,10.353753904181875,0.7153259011115287,0.9563852761691192
full_table_lever4_lever8,Morgan,9,1,1762,106,128,20,14.406097493729499,18.855628328706967,-0.687948107287655,0.5224911989975167
full_table_lever4_lever8,Physical,9,1,1762,106,128,20,5.980507533703211,7.212753621236768,0.7530100581791618,0.9275700498994275
full_table_lever4_lever8,Morgan+Physical,9,1,1762,106,128,20,7.536804310996577,8.940713538674558,0.6204915646641596,0.8918705302608768
full_table_lever4_lever8,Morgan,9,2,1767,98,129,19,5.995046431467486,18.117955746514955,0.028835246105209267,0.6225619570675552
full_table_lever4_lever8,Physical,9,2,1767,98,129,19,3.8812537674573004,16.80329330361062,0.16465988168151857,0.7970423410185837
full_table_lever4_lever8,Morgan+Physical,9,2,1767,98,129,19,4.405397184986971,17.23592451653033,0.12109144826495233,0.7776550153434081
full_table_lever4_lever8,Morgan,9,3,1658,91,129,19,8.657386952960675,11.142160305736457,0.254013021311036,0.5854070643057084
full_table_lever4_lever8,Physical,9,3,1658,91,129,19,3.2485785970528562,6.685188117631465,0.731453369834171,0.8318237408729413
full_table_lever4_lever8,Morgan+Physical,9,3,1658,91,129,19,5.399291458302592,7.602350260870289,0.6527132679584995,0.8307907502853797
full_table_lever4_lever8,Morgan,9,4,1610,94,129,19,12.755436560756605,20.862813817152773,0.11274313347461928,0.6012013484063777
full_table_lever4_lever8,Physical,9,4,1610,94,129,19,7.623549990516013,11.40907258195751,0.7346590434848687,0.8158603757031974
full_table_lever4_lever8,Morgan+Physical,9,4,1610,94,129,19,9.800407431850028,15.522107533418449,0.5088603686381439,0.8074492133751997
full_table_lever4_lever8full,Morgan,0,0,1653,129,128,20,17.47119507527906,21.599442123461703,-1.6741928464324176,-0.3389326315754284
full_table_lever4_lever8full,Physical,0,0,1653,129,128,20,8.014226576960366,9.950774274211962,0.4324274231157462,0.9197210693604242
full_table_lever4_lever8full,Morgan+Physical,0,0,1653,129,128,20,8.673891726885655,10.115179118913906,0.41351783519769003,0.8810005150360061
full_table_lever4_lever8full,Morgan,0,1,1553,136,128,20,8.33815480550878,13.630667307011283,0.20181293205702455,0.7940381050725369
full_table_lever4_lever8full,Physical,0,1,1553,136,128,20,2.463461536309298,5.657392939241827,0.8624998601952037,0.9401258061172159
full_table_lever4_lever8full,Morgan+Physical,0,1,1553,136,128,20,4.948677652684379,7.831636939936988,0.7365030795307741,0.9351688302656727
full_table_lever4_lever8full,Morgan,0,2,1835,72,129,19,3.8953298016442193,7.523825755223635,0.3001096400921619,0.4804325077725105
full_table_lever4_lever8full,Physical,0,2,1835,72,129,19,4.111201924673717,7.695543654642103,0.2677975702293547,0.48221840820845263
full_table_lever4_lever8full,Morgan+Physical,0,2,1835,72,129,19,3.9292837044186064,6.633709549187293,0.4559166219343883,0.4759051155108929
full_table_lever4_lever8full,Morgan,0,3,1893,46,129,19,9.54016445707238,26.493798269268716,0.057594647238111474,0.37135174671795407
full_table_lever4_lever8full,Physical,0,3,1893,46,129,19,7.372701108061748,23.91336311025562,0.23223093292053987,0.8054320653114664
full_table_lever4_lever8full,Morgan+Physical,0,3,1893,46,129,19,7.9145091936691925,25.032509981971938,0.15868605036214578,0.7289393815568104
full_table_lever4_lever8full,Morgan,0,4,1762,74,129,19,16.570041819552863,24.599387208943835,-0.25283025704663187,0.26163837946915003
full_table_lever4_lever8full,Physical,0,4,1762,74,129,19,8.865545031863032,14.952590564165902,0.5371113422910568,0.890254606311098
full_table_lever4_lever8full,Morgan+Physical,0,4,1762,74,129,19,11.83143897278863,19.08088846518224,0.24622653992700327,0.8351730017982207
full_table_lever4_lever8full,Morgan,1,0,1664,102,128,20,4.061681527425728,5.936864287685523,0.6610390579126553,0.8792497340377264
full_table_lever4_lever8full,Physical,1,0,1664,102,128,20,4.89353840707517,7.991499685929589,0.3858252061749322,0.8892866405665848
full_table_lever4_lever8full,Morgan+Physical,1,0,1664,102,128,20,4.108452506263583,6.130368957728369,0.6385829455222378,0.9262171205209643
full_table_lever4_lever8full,Morgan,1,1,1812,78,128,20,10.206111941270095,25.133449965704234,-0.03288152650790077,0.605727164687546
full_table_lever4_lever8full,Physical,1,1,1812,78,128,20,7.050302175454361,23.144059136292295,0.12415882654956056,0.8369146163426293
full_table_lever4_lever8full,Morgan+Physical,1,1,1812,78,128,20,8.372930185910738,23.92577221724187,0.06399487974492801,0.7669017769137073
full_table_lever4_lever8full,Morgan,1,2,1759,92,129,19,16.043514008024463,19.882768361800753,-0.3847897742976718,0.6753004774027536
full_table_lever4_lever8full,Physical,1,2,1759,92,129,19,4.715976015961688,6.31164834699382,0.8604545339531859,0.9357039818017917
full_table_lever4_lever8full,Morgan+Physical,1,2,1759,92,129,19,10.123580376334814,12.297034106484322,0.4702988726676618,0.9382905911278477
full_table_lever4_lever8full,Morgan,1,3,1661,111,129,19,10.44820604380702,18.97567303669437,0.024725476872247576,0.656604993229969
full_table_lever4_lever8full,Physical,1,3,1661,111,129,19,4.750328926244513,8.320199852693083,0.812500541100564,0.9218127705448452
full_table_lever4_lever8full,Morgan+Physical,1,3,1661,111,129,19,6.864814751716133,13.198871762768794,0.5281476514499933,0.9476886839363251
full_table_lever4_lever8full,Morgan,1,4,1800,74,129,19,10.934886412646318,13.861888977107574,0.047172610216992816,0.7028953893055729
full_table_lever4_lever8full,Physical,1,4,1800,74,129,19,3.3890961833644564,7.828232123838949,0.6961237276047196,0.9010132991189191
full_table_lever4_lever8full,Morgan+Physical,1,4,1800,74,129,19,6.684319749677504,9.832169512881745,0.520633020062386,0.8960968602204293
full_table_lever4_lever8full,Morgan,2,0,1723,74,128,20,17.24000975439329,25.3771062461447,-0.31722960531288713,0.17948806865882874
full_table_lever4_lever8full,Physical,2,0,1723,74,128,20,7.957614913791967,13.047999215196503,0.6517708433600178,0.8339378353155641
full_table_lever4_lever8full,Morgan+Physical,2,0,1723,74,128,20,11.93520210179097,18.526660839744974,0.2979442680814105,0.7877358816711105
full_table_lever4_lever8full,Morgan,2,1,1652,116,128,20,4.345384510730875,7.067101035838278,0.32848681822890524,0.4050934568313955
full_table_lever4_lever8full,Physical,2,1,1652,116,128,20,2.382811769656477,4.6908665673401,0.7041455535884018,0.9185064384685032
full_table_lever4_lever8full,Morgan+Physical,2,1,1652,116,128,20,2.968153224418903,5.5559077882358885,0.5849676018048737,0.8704252674794807
full_table_lever4_lever8full,Morgan,2,2,1804,77,129,19,11.273527882315896,25.704363125664496,-0.18995853465471968,0.4193823054762153
full_table_lever4_lever8full,Physical,2,2,1804,77,129,19,9.243712342398508,24.837653889078116,-0.11106450718140448,0.734312146117138
full_table_lever4_lever8full,Morgan+Physical,2,2,1804,77,129,19,9.794764451757654,24.959717169655356,-0.12201187187469675,0.6427662140521624
full_table_lever4_lever8full,Morgan,2,3,1733,99,129,19,5.5689828933253445,6.578818662105816,0.39365275646004916,0.7077235034032305
full_table_lever4_lever8full,Physical,2,3,1733,99,129,19,3.5173804265686965,6.64313036706894,0.38174003251123845,0.8101658651963687
full_table_lever4_lever8full,Morgan+Physical,2,3,1733,99,129,19,3.919800196838379,5.374725599324357,0.5952953730800279,0.8015951452641187
full_table_lever4_lever8full,Morgan,2,4,1784,91,129,19,16.75804614987216,20.927002151521158,-0.7155229749702035,0.7397401819298796
full_table_lever4_lever8full,Physical,2,4,1784,91,129,19,5.65521094072782,6.800001067928067,0.8188657978067082,0.9128699722862194
full_table_lever4_lever8full,Morgan+Physical,2,4,1784,91,129,19,10.930600738860749,13.017728818975922,0.3361760133134205,0.9265385959906077
full_table_lever4_lever8full,Morgan,3,0,1718,109,128,20,9.567075030349594,19.26871888882347,0.06380637190401284,0.6862748159889919
full_table_lever4_lever8full,Physical,3,0,1718,109,128,20,3.2500257931770524,15.708314268972373,0.37781553674198687,0.8743188782049813
full_table_lever4_lever8full,Morgan+Physical,3,0,1718,109,128,20,6.264424238166457,16.84473174334128,0.2845353226096887,0.8070941352601162
full_table_lever4_lever8full,Morgan,3,1,1887,40,128,20,12.083034221029282,24.73894672116281,-0.014110511076221854,0.6859894802506552
full_table_lever4_lever8full,Physical,3,1,1887,40,128,20,8.30810397670269,14.212985515668668,0.665270876372827,0.6548634825842263
full_table_lever4_lever8full,Morgan+Physical,3,1,1887,40,128,20,9.263175049638749,16.24829454500997,0.5625399078882465,0.7835443447673001
full_table_lever4_lever8full,Morgan,3,2,1531,162,129,19,11.094489757005666,14.804231048588164,-0.03536746788332579,0.6860336491936398
full_table_lever4_lever8full,Physical,3,2,1531,162,129,19,3.470402671051025,4.428579522584451,0.9073486607849818,0.9085322217902104
full_table_lever4_lever8full,Morgan+Physical,3,2,1531,162,129,19,6.510627615855653,8.576644406974268,0.652497754985111,0.9162885145643234
full_table_lever4_lever8full,Morgan,3,3,1708,91,129,19,11.984843242821329,21.035791897240948,0.05719168238226058,0.7258112358487827
full_table_lever4_lever8full,Physical,3,3,1708,91,129,19,6.410586673241921,10.40425927053663,0.7693635174452371,0.9459776782813094
full_table_lever4_lever8full,Morgan+Physical,3,3,1708,91,129,19,8.697756447056364,15.399497068040873,0.49473554309523815,0.9552020416246314
full_table_lever4_lever8full,Morgan,3,4,1852,55,129,19,10.50629147110818,13.202897163235026,-0.33301563681860347,-0.2146051261487779
full_table_lever4_lever8full,Physical,3,4,1852,55,129,19,3.106810244447188,4.609149868892567,0.8375430026462545,0.9278748410304656
full_table_lever4_lever8full,Morgan+Physical,3,4,1852,55,129,19,6.093270821874447,7.933034711134298,0.5187447593499908,0.8738168083504771
full_table_lever4_lever8full,Morgan,4,0,1897,59,128,20,11.257906172348283,23.769107496073154,-0.1104193299238454,0.46703923423204724
full_table_lever4_lever8full,Physical,4,0,1897,59,128,20,6.884911011227108,21.053650461157737,0.12880358318686558,0.7156294920124223
full_table_lever4_lever8full,Morgan+Physical,4,0,1897,59,128,20,8.720202548334154,22.171913350105154,0.03379871867174711,0.7065004379601671
full_table_lever4_lever8full,Morgan,4,1,1588,117,128,20,5.301050474650065,6.486712090108719,0.5595420580920425,0.7970666808957926
full_table_lever4_lever8full,Physical,4,1,1588,117,128,20,1.9404844668240018,2.5774342194322286,0.9304606894245265,0.9678335333133348
full_table_lever4_lever8full,Morgan+Physical,4,1,1588,117,128,20,3.2857800116358047,4.201574043553087,0.8152096690483168,0.9033100358585912
full_table_lever4_lever8full,Morgan,4,2,1598,111,129,19,14.234926721019573,21.323378211557642,-0.12643660490913167,0.6379752900299078
full_table_lever4_lever8full,Physical,4,2,1598,111,129,19,5.881983294660551,10.230554423797592,0.7407056372668899,0.9263305118082458
full_table_lever4_lever8full,Morgan+Physical,4,2,1598,111,129,19,8.462483197646957,14.71873627442881,0.46329482541119715,0.8758666705262689
full_table_lever4_lever8full,Morgan,4,3,1819,73,129,19,6.070686247530375,17.285264130784586,0.15531525607223973,0.8981458008569964
full_table_lever4_lever8full,Physical,4,3,1819,73,129,19,3.503662855623846,8.10691893523056,0.8141963374569455,0.9683356046286267
full_table_lever4_lever8full,Morgan+Physical,4,3,1819,73,129,19,4.480575996430279,10.669853292194883,0.6781455590536828,0.9672521539401634
full_table_lever4_lever8full,Morgan,4,4,1794,97,129,19,14.325231920615915,19.91740180494016,-0.5484254021752453,0.6449690545389399
full_table_lever4_lever8full,Physical,4,4,1794,97,129,19,4.8940215114711485,6.842501613550476,0.8172511154068451,0.849289591536843
full_table_lever4_lever8full,Morgan+Physical,4,4,1794,97,129,19,9.377263352108985,11.72314124321038,0.46357017905478104,0.8485609912680178
full_table_lever4_lever8full,Morgan,5,0,1883,63,128,20,9.13262897237142,18.682330821092076,-0.18656441879165753,0.7505029801787344
full_table_lever4_lever8full,Physical,5,0,1883,63,128,20,6.281807372078063,9.152683696508392,0.7152090968589679,0.555460611788687
full_table_lever4_lever8full,Morgan+Physical,5,0,1883,63,128,20,5.959478794219002,11.932669858575974,0.5159341387547061,0.7402102716908314
full_table_lever4_lever8full,Morgan,5,1,1719,81,128,20,10.380718049847637,13.888525149372503,0.3021847422763012,0.8006549315732668
full_table_lever4_lever8full,Physical,5,1,1719,81,128,20,5.152052319571413,8.133475276922034,0.7606791681646556,0.9045537629514351
full_table_lever4_lever8full,Morgan+Physical,5,1,1719,81,128,20,7.595058233906311,10.46206708741469,0.6040291616347992,0.9103760577251924
full_table_lever4_lever8full,Morgan,5,2,1560,111,129,19,15.848912415427817,24.513484238142006,-0.08460947942957553,0.6751759848375167
full_table_lever4_lever8full,Physical,5,2,1560,111,129,19,5.531441062367756,15.912501930144764,0.5429746963847406,0.9644509502445965
full_table_lever4_lever8full,Morgan+Physical,5,2,1560,111,129,19,8.075760535593119,17.230595226225578,0.4641245419490274,0.9507176166582451
full_table_lever4_lever8full,Morgan,5,3,1680,128,129,19,5.5755393881917,7.449488118356971,0.5124129268971024,0.91616691391942
full_table_lever4_lever8full,Physical,5,3,1680,128,129,19,2.3132219983518123,3.771013238277886,0.8750559919376927,0.9497754218079034
full_table_lever4_lever8full,Morgan+Physical,5,3,1680,128,129,19,3.1455244732737544,4.36610928852518,0.8325101381949838,0.9598324928482704
full_table_lever4_lever8full,Morgan,5,4,1854,74,129,19,10.97655154297803,22.104767378190218,-0.046788895749129145,0.32537059419629527
full_table_lever4_lever8full,Physical,5,4,1854,74,129,19,6.19365952960865,13.117735180958835,0.631357903283513,0.8482428392238077
full_table_lever4_lever8full,Morgan+Physical,5,4,1854,74,129,19,8.349214996505427,16.903282276121203,0.38789024998734767,0.6932015864944583
full_table_lever4_lever8full,Morgan,6,0,1885,43,128,20,10.49600611939541,22.08465501875225,-0.054667337882587264,0.3959154539596447
full_table_lever4_lever8full,Physical,6,0,1885,43,128,20,6.803162762797156,10.0633108456648,0.7810141602860701,0.773819246593367
full_table_lever4_lever8full,Morgan+Physical,6,0,1885,43,128,20,7.963516622676406,14.681232532883014,0.5339212611446502,0.7396912903823746
full_table_lever4_lever8full,Morgan,6,1,1866,60,128,20,14.972013125864667,27.170486516903768,-0.19517377823251292,0.2763675045714083
full_table_lever4_lever8full,Physical,6,1,1866,60,128,20,7.1361474401474005,12.41935525812721,0.7502909243854134,0.9417328601952193
full_table_lever4_lever8full,Morgan+Physical,6,1,1866,60,128,20,10.661601911417645,19.46851791574975,0.38637646454598784,0.8033989039376864
full_table_lever4_lever8full,Morgan,6,2,1580,126,129,19,8.151230286056277,9.280591938152641,0.1848405801037758,0.8034657249989497
full_table_lever4_lever8full,Physical,6,2,1580,126,129,19,2.9368324774060923,7.083209773898956,0.5251555082360462,0.9722676343348496
full_table_lever4_lever8full,Morgan+Physical,6,2,1580,126,129,19,5.1396293064178,6.936787116336506,0.5445843718219963,0.9730686315914883
full_table_lever4_lever8full,Morgan,6,3,1699,124,129,19,7.1772979597091675,9.778766193914286,0.33044131891568573,0.6010303344265859
full_table_lever4_lever8full,Physical,6,3,1699,124,129,19,3.1594008895689445,5.143903894228986,0.8147295262434523,0.848778118536374
full_table_lever4_lever8full,Morgan+Physical,6,3,1699,124,129,19,4.386873396067466,6.432372863181529,0.7102903626865056,0.9058869734628109
full_table_lever4_lever8full,Morgan,6,4,1666,104,129,19,16.103036410959685,25.022874918756035,-0.4596303669267625,0.13436148342531418
full_table_lever4_lever8full,Physical,6,4,1666,104,129,19,13.030120730734607,22.098246027138828,-0.13837169537862848,0.8938338346717793
full_table_lever4_lever8full,Morgan+Physical,6,4,1666,104,129,19,5.852535659684402,16.825011606604516,0.3400983336581118,0.8972872701722722
full_table_lever4_lever8full,Morgan,7,0,1659,114,128,20,7.5136832342783615,11.176993828353902,0.27590231007145594,0.4447981000088264
full_table_lever4_lever8full,Physical,7,0,1659,114,128,20,2.6548528946525174,5.36158290767992,0.8333776744215232,0.9281605784343998
full_table_lever4_lever8full,Morgan+Physical,7,0,1659,114,128,20,4.374613683713946,7.12830141553047,0.7054769764503961,0.8608172003916884
full_table_lever4_lever8full,Morgan,7,1,1806,77,128,20,18.722069678665758,25.52008118865596,-0.5082816625565079,0.39691592991358277
full_table_lever4_lever8full,Physical,7,1,1806,77,128,20,6.8897407457921425,8.930173364488606,0.8153122341324188,0.9324822285469674
full_table_lever4_lever8full,Morgan+Physical,7,1,1806,77,128,20,9.076992344843877,12.675883133921234,0.6278870359635688,0.876815773073938
full_table_lever4_lever8full,Morgan,7,2,1724,80,129,19,7.1251459592914586,9.061810651836375,0.3427093835996182,0.5901298444022282
full_table_lever4_lever8full,Physical,7,2,1724,80,129,19,4.22045744989872,6.551356985151268,0.6564499662848766,0.8656418280451817
full_table_lever4_lever8full,Morgan+Physical,7,2,1724,80,129,19,5.263271103010178,6.876224897931267,0.621533354578677,0.9000299107772043
full_table_lever4_lever8full,Morgan,7,3,1746,78,129,19,6.217144198565363,19.620280469659118,0.08902024335722336,0.6927171167763528
full_table_lever4_lever8full,Physical,7,3,1746,78,129,19,3.8214479196264812,18.273089933983524,0.20982681565212302,0.929549512142172
full_table_lever4_lever8full,Morgan+Physical,7,3,1746,78,129,19,4.535636219470685,18.723467566770527,0.17039593897641014,0.9298302541388929
full_table_lever4_lever8full,Morgan,7,4,1761,108,129,19,14.260067944138136,21.28200048530773,-0.5273944880866361,0.6656557518162227
full_table_lever4_lever8full,Physical,7,4,1761,108,129,19,5.3248351875411135,8.934681549085626,0.7307941597473455,0.9046494841200584
full_table_lever4_lever8full,Morgan+Physical,7,4,1761,108,129,19,8.216220496036389,14.011595332713657,0.3379336828761268,0.9053385804453229
full_table_lever4_lever8full,Morgan,8,0,1540,136,128,20,5.990877626834196,15.538575896023016,0.30431544534464583,0.8197814260598245
full_table_lever4_lever8full,Physical,8,0,1540,136,128,20,2.704111183685415,13.65927527362751,0.46241734302193416,0.9097536063466215
full_table_lever4_lever8full,Morgan+Physical,8,0,1540,136,128,20,3.9817110018674065,14.243179004368555,0.41547404586230385,0.9183161927077257
full_table_lever4_lever8full,Morgan,8,1,1795,82,128,20,10.667803686449938,13.989501273832621,0.1644182606072263,0.681769742598772
full_table_lever4_lever8full,Physical,8,1,1795,82,128,20,3.820940325637911,6.249172646197525,0.8332639447939072,0.9496170452686418
full_table_lever4_lever8full,Morgan+Physical,8,1,1795,82,128,20,6.906392092501012,9.482764660783717,0.6160679027533258,0.9281858717333632
full_table_lever4_lever8full,Morgan,8,2,1732,80,129,19,6.475752363214492,7.380552396389646,0.45462552111616705,0.7830067687596108
full_table_lever4_lever8full,Physical,8,2,1732,80,129,19,2.690009900484085,4.154433022346873,0.8272012490673416,0.9502824315837413
full_table_lever4_lever8full,Morgan+Physical,8,2,1732,80,129,19,3.9341363525962834,4.565589945404219,0.7913055585931645,0.8889448910996629
full_table_lever4_lever8full,Morgan,8,3,1877,51,129,19,18.208193244709687,32.08667865357949,-0.3463475674618701,0.2089273708442154
full_table_lever4_lever8full,Physical,8,3,1877,51,129,19,10.919253116084082,17.48930009565583,0.6000068814083015,0.7109933696760223
full_table_lever4_lever8full,Morgan+Physical,8,3,1877,51,129,19,13.921871784584194,22.27881547146034,0.3509295269353624,0.6706801344411645
full_table_lever4_lever8full,Morgan,8,4,1752,108,129,19,13.964183670750371,18.88475769547927,-0.4414496444479612,-0.003147534837402245
full_table_lever4_lever8full,Physical,8,4,1752,108,129,19,5.473050508004648,8.244674187815107,0.7252588970516561,0.8936376255243945
full_table_lever4_lever8full,Morgan+Physical,8,4,1752,108,129,19,8.927951844886499,12.291069949081301,0.389401093638436,0.8530006424432962
full_table_lever4_lever8full,Morgan,9,0,1899,68,128,20,11.96990836878384,20.20173356085808,-0.0837511122666823,0.5302122418444041
full_table_lever4_lever8full,Physical,9,0,1899,68,128,20,3.960889130143558,6.88009136148757,0.874298433773457,0.9145606826755177
full_table_lever4_lever8full,Morgan+Physical,9,0,1899,68,128,20,6.840883280473596,12.094429721905962,0.6115607840131522,0.9327057015099083
full_table_lever4_lever8full,Morgan,9,1,1762,106,128,20,14.406097493729499,18.855628328706967,-0.687948107287655,0.5224911989975167
full_table_lever4_lever8full,Physical,9,1,1762,106,128,20,5.486541889406602,6.336962072858965,0.8093489117610958,0.9188123989301549
full_table_lever4_lever8full,Morgan+Physical,9,1,1762,106,128,20,7.975732482046452,9.335425485948997,0.5862430455287027,0.867110356075131
full_table_lever4_lever8full,Morgan,9,2,1767,98,129,19,5.995046431467486,18.117955746514955,0.028835246105209267,0.6225619570675552
full_table_lever4_lever8full,Physical,9,2,1767,98,129,19,4.008960455248308,16.12456650585857,0.23077990892214295,0.7531508355904353
full_table_lever4_lever8full,Morgan+Physical,9,2,1767,98,129,19,4.725314049265337,16.926903562709537,0.1523246328139788,0.7939282749060118
full_table_lever4_lever8full,Morgan,9,3,1658,91,129,19,8.657386952960675,11.142160305736457,0.254013021311036,0.5854070643057084
full_table_lever4_lever8full,Physical,9,3,1658,91,129,19,3.2551769900843865,6.948473164758067,0.7098843139006752,0.8623350546128876
full_table_lever4_lever8full,Morgan+Physical,9,3,1658,91,129,19,5.421356491638855,7.526852695869006,0.6595767015430618,0.863961334568786
full_table_lever4_lever8full,Morgan,9,4,1610,94,129,19,12.755436560756605,20.862813817152773,0.11274313347461928,0.6012013484063777
full_table_lever4_lever8full,Physical,9,4,1610,94,129,19,5.61395831292335,10.515715234127914,0.7745858170852018,0.8045398124939939
full_table_lever4_lever8full,Morgan+Physical,9,4,1610,94,129,19,8.025026786544476,14.74183373825578,0.5569970462029858,0.8136053858287421
static_hybrid,Morgan,0,0,1218,129,78,20,16.96535617112744,21.321155859242037,-1.6057283861154836,-0.2609849661795092
static_hybrid,Physical,0,0,1218,129,78,20,6.532297453769418,9.693668965873789,0.4613780800063271,0.6695931659141657
static_hybrid,Morgan+Physical,0,0,1218,129,78,20,10.973074137606362,13.392455398896457,-0.02808274867309213,0.607038572729616
static_hybrid,Morgan,0,1,1118,136,78,20,8.914082970355539,14.152767091094184,0.1394954504201592,0.5000745330688533
static_hybrid,Physical,0,1,1118,136,78,20,4.937093720817566,8.409528812950489,0.6961818063245919,0.8325750318173544
static_hybrid,Morgan+Physical,0,1,1118,136,78,20,6.4539061360527485,11.028907710903587,0.4774408498749474,0.7952547940250734
static_hybrid,Morgan,0,2,1400,72,79,19,5.1009436547809175,7.652720045905764,0.27592391171059893,0.4162235022951784
static_hybrid,Physical,0,2,1400,72,79,19,9.667799289364284,12.228588999867634,-0.8488652116969473,0.2875867434594495
static_hybrid,Morgan+Physical,0,2,1400,72,79,19,7.318716595840453,9.098500604901021,-0.02351028233611574,0.37482594454734086
static_hybrid,Morgan,0,3,1458,46,79,19,8.33259760284424,26.057674929716992,0.0883657824203754,0.7088825611750225
static_hybrid,Physical,0,3,1458,46,79,19,10.063041314373844,26.76453278865248,0.03823575600160767,0.6354834069006856
static_hybrid,Morgan+Physical,0,3,1458,46,79,19,8.480236276626586,26.23061392410631,0.07622500064763094,0.6560816426039929
static_hybrid,Morgan,0,4,1327,74,79,19,16.53902260925293,24.59447732010375,-0.25233019227928755,0.22902172939457108
static_hybrid,Physical,0,4,1327,74,79,19,12.912671042422735,20.220640929368038,0.1534872754604234,0.4473028729062468
static_hybrid,Morgan+Physical,0,4,1327,74,79,19,14.462914076785527,21.6503469046322,0.029549528896357757,0.377595372320391
static_hybrid,Morgan,1,0,1229,102,78,20,4.582971117909749,6.517834560846943,0.5914529482267977,0.7179870074100101
static_hybrid,Physical,1,0,1229,102,78,20,6.743068254766278,12.228045093638244,-0.4379688508316839,0.6186125061143426
static_hybrid,Morgan+Physical,1,0,1229,102,78,20,5.100304080245075,7.782843218467841,0.41747847332258015,0.6212081547132932
static_hybrid,Morgan,1,1,1377,78,78,20,9.976744205334004,24.716508307803124,0.0011034039080598523,0.41948051462040115
static_hybrid,Physical,1,1,1377,78,78,20,7.154190500558707,22.800582285921738,0.14996232757701378,0.8945895865536009
static_hybrid,Morgan+Physical,1,1,1377,78,78,20,8.357486730777056,23.52368677728051,0.09519066406346266,0.871383715050671
static_hybrid,Morgan,1,2,1324,92,79,19,16.04703091861891,20.04637442825865,-0.40767312054449634,0.698202004535143
static_hybrid,Physical,1,2,1324,92,79,19,8.523098726231119,9.828858076479879,0.6615953902834892,0.9118146323746257
static_hybrid,Morgan+Physical,1,2,1324,92,79,19,11.974821500736734,14.431690618736413,0.270434040607921,0.8957069199242639
static_hybrid,Morgan,1,3,1226,111,79,19,10.439607697096816,18.87925622861418,0.034611182888216074,0.7337497787830898
static_hybrid,Physical,1,3,1226,111,79,19,7.669630947735073,11.838315464595647,0.6204121352509114,0.8450863432663233
static_hybrid,Morgan+Physical,1,3,1226,111,79,19,7.915708825305561,14.261066330803125,0.44914600685086714,0.8969474775413541
static_hybrid,Morgan,1,4,1365,74,79,19,12.996245633615029,17.759991937207676,-0.5640654730419026,0.5814370179389321
static_hybrid,Physical,1,4,1365,74,79,19,5.656200926239426,9.073131790428073,0.5917898126111234,0.8472962174836874
static_hybrid,Morgan+Physical,1,4,1365,74,79,19,7.414139518119194,11.258123271711884,0.3715056181592413,0.8231713166871996
static_hybrid,Morgan,2,0,1288,74,78,20,17.791450166296055,25.412768693894943,-0.320934412231904,-0.11604013805248195
static_hybrid,Physical,2,0,1288,74,78,20,15.316881161154669,23.693126081518663,-0.14821183307866814,0.39577717379762295
static_hybrid,Morgan+Physical,2,0,1288,74,78,20,16.472054977320077,23.629608148807414,-0.1420636969959148,0.32746206696761554
static_hybrid,Morgan,2,1,1217,116,78,20,3.809465087200033,7.2465644116798344,0.293948702785504,0.838590069649571
static_hybrid,Physical,2,1,1217,116,78,20,6.301366297886289,12.340804381981286,-1.0476648631959988,0.46626442298491066
static_hybrid,Morgan+Physical,2,1,1217,116,78,20,4.9346669625578246,8.772653242883317,-0.03474626695720073,0.49069405190750043
static_hybrid,Morgan,2,2,1369,77,79,19,10.823654662788687,24.91328762680929,-0.11784146838989673,0.5199544403045236
static_hybrid,Physical,2,2,1369,77,79,19,8.377147244936461,23.994231063813107,-0.03688789892425559,0.717908339499849
static_hybrid,Morgan+Physical,2,2,1369,77,79,19,9.150316607784916,24.206190279080047,-0.05528804496852713,0.7627030230658751
static_hybrid,Morgan,2,3,1298,99,79,19,4.58002868059717,5.625144003932101,0.5567049662143863,0.8214765594572533
static_hybrid,Physical,2,3,1298,99,79,19,3.2202216359225186,5.709886997988223,0.5432478472263993,0.8298143228365575
static_hybrid,Morgan+Physical,2,3,1298,99,79,19,3.2266797337849944,4.490800795927456,0.7174644126394945,0.8311227149936443
static_hybrid,Morgan,2,4,1349,91,79,19,16.728313561408072,21.050982712396962,-0.7359101796972689,0.4321458158004513
static_hybrid,Physical,2,4,1349,91,79,19,5.018696613710005,6.614786988287357,0.8285986541706991,0.9295287391229479
static_hybrid,Morgan+Physical,2,4,1349,91,79,19,10.147508850600694,12.770025556143114,0.36119834363923065,0.8893812904268027
static_hybrid,Morgan,3,0,1283,109,78,20,10.659877106020867,20.196564544444097,-0.02852535619983354,0.6696023303097671
static_hybrid,Physical,3,0,1283,109,78,20,6.735395339024396,17.022549764320953,0.2693502766983732,0.8472084466270542
static_hybrid,Morgan+Physical,3,0,1283,109,78,20,8.548411080757631,17.721511039033945,0.20811612717797823,0.8404822040664127
static_hybrid,Morgan,3,1,1452,40,78,20,13.109957888031005,24.4790234408728,0.007087335838908637,0.6132526068992141
static_hybrid,Physical,3,1,1452,40,78,20,11.394102573728562,16.970626567217046,0.5227800095625579,0.7877892395588653
static_hybrid,Morgan+Physical,3,1,1452,40,78,20,11.446379044675826,18.58326266897269,0.4277750304758554,0.8011169421879664
static_hybrid,Morgan,3,2,1096,162,79,19,11.285975959645965,15.10162927308989,-0.07738373621432326,0.7683058372165239
static_hybrid,Physical,3,2,1096,162,79,19,7.16688248220844,9.802659721463867,0.5460472403571366,0.7808126530038806
static_hybrid,Morgan+Physical,3,2,1096,162,79,19,8.622763436267993,11.1198328939248,0.415856797026685,0.7918724706646765
static_hybrid,Morgan,3,3,1273,91,79,19,12.215822458003116,20.882747426515756,0.0708604530960153,0.4218867561023284
static_hybrid,Physical,3,3,1273,91,79,19,5.742236070159241,10.757074826001094,0.753456218517006,0.9775216969589184
static_hybrid,Morgan+Physical,3,3,1273,91,79,19,8.641630908890606,15.637627858724482,0.47898836598695993,0.9051837953498886
static_hybrid,Morgan,3,4,1417,55,79,19,11.407523824318625,15.800138148409044,-0.9090553979119234,0.18996906732244737
static_hybrid,Physical,3,4,1417,55,79,19,7.448226446992353,10.281879086446544,0.19157125468658043,0.650180720972458
static_hybrid,Morgan+Physical,3,4,1417,55,79,19,7.583096404482754,11.801161596362453,-0.0649918329296042,0.2480190272515259
static_hybrid,Morgan,4,0,1462,59,78,20,10.4775059527381,22.715153443447814,-0.01412762588505001,0.568838790465904
static_hybrid,Physical,4,0,1462,59,78,20,10.88900848796004,24.149272131386986,-0.1462236228795888,0.755738432719427
static_hybrid,Morgan+Physical,4,0,1462,59,78,20,8.373319825511867,22.3043182249884,0.022224458995168783,0.7327685547814948
static_hybrid,Morgan,4,1,1153,117,78,20,8.707812366919885,13.088055074863757,-0.7931037883410004,0.49060642909074154
static_hybrid,Physical,4,1,1153,117,78,20,5.704653291647496,11.80060954299646,-0.4576863326797389,0.5613749092692216
static_hybrid,Morgan+Physical,4,1,1153,117,78,20,6.8584421858280535,12.0301059450044,-0.5149353667207073,0.5555540358921072
static_hybrid,Morgan,4,2,1163,111,79,19,15.682777446863673,22.412400286700088,-0.24443287505948774,0.6102321708727688
static_hybrid,Physical,4,2,1163,111,79,19,19.270995984536246,27.231370828408735,-0.8371040028992469,0.7902714108758605
static_hybrid,Morgan+Physical,4,2,1163,111,79,19,12.004607486291835,17.89694546106217,0.20648970777889575,0.7685167781540452
static_hybrid,Morgan,4,3,1384,73,79,19,6.016922912315474,16.50013288435961,0.2303070768396801,0.913939841821964
static_hybrid,Physical,4,3,1384,73,79,19,7.2132060350182945,10.829589156892782,0.6684366095059162,0.9044003486792247
static_hybrid,Morgan+Physical,4,3,1384,73,79,19,5.757129120191809,12.712276560374944,0.5431335414428792,0.9792539096221639
static_hybrid,Morgan,4,4,1359,97,79,19,14.613308736191582,20.27721214263286,-0.6048757232755297,0.5561796925475047
static_hybrid,Physical,4,4,1359,97,79,19,9.376781318192627,10.370705942089343,0.580200846751834,0.8331312902270516
static_hybrid,Morgan+Physical,4,4,1359,97,79,19,11.555986078871895,14.342512142888483,0.1970742789012655,0.8350614108762554
static_hybrid,Morgan,5,0,1448,63,78,20,7.595789770459371,17.553272166606256,-0.047479128415529814,0.7670601537134762
static_hybrid,Physical,5,0,1448,63,78,20,9.610180636875212,13.024685848735718,0.4232817178641719,0.3804400390761986
static_hybrid,Morgan+Physical,5,0,1448,63,78,20,7.1433115190778445,13.883657598131755,0.34470478955209183,0.48960538885862587
static_hybrid,Morgan,5,1,1284,81,78,20,9.695170827521807,13.389380645538543,0.35144146586632385,0.8188694414526814
static_hybrid,Physical,5,1,1284,81,78,20,9.728895746358235,18.03811959936445,-0.17709286217403308,0.8130004519679981
static_hybrid,Morgan+Physical,5,1,1284,81,78,20,8.310883556139911,12.557301027764819,0.4295457595829777,0.83020578789123
static_hybrid,Morgan,5,2,1125,111,79,19,16.812786302361015,24.480797424283757,-0.08171892406838421,0.36829617383191876
static_hybrid,Physical,5,2,1125,111,79,19,6.5360763081566065,16.606023655335278,0.5022690904843647,0.9583141987908773
static_hybrid,Morgan+Physical,5,2,1125,111,79,19,11.514602259782672,19.604541409308762,0.30629203247893555,0.8154044446003441
static_hybrid,Morgan,5,3,1245,128,79,19,6.916058234977722,10.652673569946396,0.0029508725989074724,0.8259662568863608
static_hybrid,Physical,5,3,1245,128,79,19,8.125455798643827,9.713425478952905,0.1710198246343252,0.9081334008030473
static_hybrid,Morgan+Physical,5,3,1245,128,79,19,2.841703142005205,3.485633153974849,0.8932512802824357,0.9112137379902682
static_hybrid,Morgan,5,4,1419,74,79,19,10.941057220974482,21.329974299909285,0.025306940622857432,0.622779285512188
static_hybrid,Physical,5,4,1419,74,79,19,8.549813839216489,14.998935861217973,0.5180432077803587,0.8140687147363607
static_hybrid,Morgan+Physical,5,4,1419,74,79,19,9.735805429303966,17.832763185379747,0.3187217977265391,0.8189647958940617
static_hybrid,Morgan,6,0,1450,43,78,20,10.227884828079578,21.43677361615313,0.0063050093329301005,0.6080008278979849
static_hybrid,Physical,6,0,1450,43,78,20,12.904064627314723,19.52178208086278,0.1759127815794459,0.6380504943397308
static_hybrid,Morgan+Physical,6,0,1450,43,78,20,11.000580090899799,18.546120264257272,0.25622701392806524,0.6935956598316791
static_hybrid,Morgan,6,1,1431,60,78,20,13.946872601954142,25.906447827629236,-0.08655562266897321,0.45464248193839923
static_hybrid,Physical,6,1,1431,60,78,20,8.917202130953472,15.689937932797989,0.6014537955879595,0.8076754242111914
static_hybrid,Morgan+Physical,6,1,1431,60,78,20,11.290399789810182,20.532228293214292,0.31749098032039647,0.7737600733634622
static_hybrid,Morgan,6,2,1145,126,79,19,10.336799766528415,12.472468689714718,-0.47229908257889486,-0.3979744023786284
static_hybrid,Physical,6,2,1145,126,79,19,7.7711416545928484,10.409012994323994,-0.02544010356789439,0.6585903918000116
static_hybrid,Morgan+Physical,6,2,1145,126,79,19,8.494169433702742,9.854958806948739,0.08081945579171834,0.46750164335872585
static_hybrid,Morgan,6,3,1264,124,79,19,8.146507687137973,11.835845787655641,0.019112689365933022,0.8118265034804294
static_hybrid,Physical,6,3,1264,124,79,19,6.662282985213495,7.9234608571289655,0.5604074193458992,0.873414981087021
static_hybrid,Morgan+Physical,6,3,1264,124,79,19,4.404665118728146,5.680029103701343,0.7740971852543992,0.879351068579464
static_hybrid,Morgan,6,4,1231,104,79,19,16.49245399765308,24.929672697271943,-0.44877730236719504,0.22483907019739108
static_hybrid,Physical,6,4,1231,104,79,19,8.139045011873245,18.152241873345506,0.2318800949458958,0.8072815995241376
static_hybrid,Morgan+Physical,6,4,1231,104,79,19,11.877454422038152,20.81264688209096,-0.009771506456156542,0.6859175250656039
static_hybrid,Morgan,7,0,1224,114,78,20,6.954145484736928,10.607134744814786,0.3478562876702127,0.5891710501639349
static_hybrid,Physical,7,0,1224,114,78,20,6.042560064295719,9.485284505891032,0.47850774432314636,0.8676059763194536
static_hybrid,Morgan+Physical,7,0,1224,114,78,20,5.300168943117376,7.7093279449579715,0.6555071753714865,0.8948729717474132
static_hybrid,Morgan,7,1,1371,77,78,20,19.961194913591658,26.60338487370517,-0.6390497751248208,0.26771271509850253
static_hybrid,Physical,7,1,1371,77,78,20,9.008587441085222,12.163973640732975,0.6573353623873647,0.8260333749668549
static_hybrid,Morgan+Physical,7,1,1371,77,78,20,14.295095685686384,18.739999344821683,0.18668741909107522,0.6863151228043143
static_hybrid,Morgan,7,2,1289,80,79,19,8.191871927413938,9.775488721065,0.23510041792655456,0.5382004316443243
static_hybrid,Physical,7,2,1289,80,79,19,8.000458880887033,14.067490169308867,-0.5840201664345961,0.7225910538975571
static_hybrid,Morgan+Physical,7,2,1289,80,79,19,7.8276374739265435,10.394854362417943,0.1351032130660672,0.701849692119926
static_hybrid,Morgan,7,3,1311,78,79,19,6.735452329211112,19.23768134704061,0.12420238646223125,0.41414288999328513
static_hybrid,Physical,7,3,1311,78,79,19,8.188933617651523,19.516636627811106,0.09861929700977046,0.4782439914137553
static_hybrid,Morgan+Physical,7,3,1311,78,79,19,7.163330487897824,19.020320119245927,0.14388136997626622,0.49128573326141817
static_hybrid,Morgan,7,4,1326,108,79,19,14.398192418734231,21.808127888863137,-0.6038475761999078,0.618180389151399
static_hybrid,Physical,7,4,1326,108,79,19,7.885139952377036,11.563688223021687,0.5490596794994447,0.8760203110744917
static_hybrid,Morgan+Physical,7,4,1326,108,79,19,7.533258620262145,14.238098943022544,0.31635548345595566,0.8630151183034706
static_hybrid,Morgan,8,0,1105,136,78,20,7.939342723498625,16.77463138892564,0.18923329449649495,0.496755001410126
static_hybrid,Physical,8,0,1105,136,78,20,6.946605379076565,15.525955752014626,0.3054450307059502,0.8191510661775089
static_hybrid,Morgan+Physical,8,0,1105,136,78,20,6.051598131796893,14.906865043328423,0.35973085409825256,0.7983743243195585
static_hybrid,Morgan,8,1,1360,82,78,20,10.325125049643168,13.594021509544154,0.21099386221965533,0.4355671155907986
static_hybrid,Physical,8,1,1360,82,78,20,8.820772914519893,15.376157091142915,-0.009439025501567944,0.4729336340015186
static_hybrid,Morgan+Physical,8,1,1360,82,78,20,8.36109642434097,13.049335434516863,0.27295504391918457,0.5075403979216685
static_hybrid,Morgan,8,2,1297,80,79,19,6.385478278980256,7.336436060453819,0.4611258519393825,0.8201527530954795
static_hybrid,Physical,8,2,1297,80,79,19,3.3180029519176486,4.438718317227674,0.8027430806211233,0.9336529325631833
static_hybrid,Morgan+Physical,8,2,1297,80,79,19,4.538673018512726,5.267975141562771,0.7221537693226736,0.9278337906584075
static_hybrid,Morgan,8,3,1442,51,79,19,17.424963466569487,31.673682482023136,-0.31191222120479534,0.15973312465962
static_hybrid,Physical,8,3,1442,51,79,19,11.242118991178623,16.97011739870938,0.6234025683910072,0.7941467139528408
static_hybrid,Morgan+Physical,8,3,1442,51,79,19,13.682794219147924,23.904329128251376,0.25275885050120894,0.6745202167989452
static_hybrid,Morgan,8,4,1317,108,79,19,13.690662795066835,19.171018682728405,-0.48548072999406067,0.09738655675064893
static_hybrid,Physical,8,4,1317,108,79,19,10.137031304324115,12.694250567733015,0.3486854585373451,0.5661459720594341
static_hybrid,Morgan+Physical,8,4,1317,108,79,19,11.448137412177195,14.97062684846237,0.09414932460505543,0.5593187152014009
static_hybrid,Morgan,9,0,1464,68,78,20,10.673434081694658,19.2254423002706,0.0184668808455003,0.5354458243836409
static_hybrid,Physical,9,0,1464,68,78,20,5.862076321153079,10.497093971432667,0.7073891346398076,0.9481309797371658
static_hybrid,Morgan+Physical,9,0,1464,68,78,20,7.160708726434146,14.288842052860373,0.4578164340819807,0.9504288291851696
static_hybrid,Morgan,9,1,1327,106,78,20,14.371949985288223,19.55087787618641,-0.8147198876219195,0.4110098342494539
static_hybrid,Physical,9,1,1327,106,78,20,6.947259271873618,7.637810216455477,0.7230414361047747,0.9237035001063524
static_hybrid,Morgan+Physical,9,1,1327,106,78,20,9.580201826779348,12.605132986434652,0.24565166393217275,0.8425083765572314
static_hybrid,Morgan,9,2,1332,98,79,19,5.676044994260827,17.61202845334677,0.08231574577525025,0.7786428198590661
static_hybrid,Physical,9,2,1332,98,79,19,6.347325447611907,17.62489577961698,0.08097433796970532,0.8548854867550033
static_hybrid,Morgan+Physical,9,2,1332,98,79,19,5.8825536756943695,17.38196426034198,0.10613439074148379,0.8476420254138431
static_hybrid,Morgan,9,3,1223,91,79,19,13.792202518038486,21.939527329882456,-1.8923242276032868,0.24646103020469753
static_hybrid,Physical,9,3,1223,91,79,19,8.217875285195571,14.013825413199617,-0.18006477600052606,0.6209858274724602
static_hybrid,Morgan+Physical,9,3,1223,91,79,19,9.432109423328022,16.887861529041967,-0.7137274790587693,0.3657247295404891
static_hybrid,Morgan,9,4,1175,94,79,19,14.326269312416239,21.067857337010356,0.0952171875755159,0.4339493023689744
static_hybrid,Physical,9,4,1175,94,79,19,12.423352959068785,17.223179439137002,0.395313522150057,0.8078545065987067
static_hybrid,Morgan+Physical,9,4,1175,94,79,19,13.076510793060953,17.721458786553015,0.35981935092744444,0.8310646160689459
static_lever4_lever8full,Morgan,0,0,1218,129,78,20,16.96535617112744,21.321155859242037,-1.6057283861154836,-0.2609849661795092
static_lever4_lever8full,Physical,0,0,1218,129,78,20,9.010663462143535,12.398882132992684,0.11880359378715821,0.7252376662327134
static_lever4_lever8full,Morgan+Physical,0,0,1218,129,78,20,12.742105608444804,16.35102692998815,-0.5324902563139531,0.5784935149417051
static_lever4_lever8full,Morgan,0,1,1118,136,78,20,8.914082970355539,14.152767091094184,0.1394954504201592,0.5000745330688533
static_lever4_lever8full,Physical,0,1,1118,136,78,20,3.195414969890258,5.249003494369465,0.8816347620991727,0.9231682658281154
static_lever4_lever8full,Morgan+Physical,0,1,1118,136,78,20,4.904620679507536,8.081614346795966,0.7194135490542516,0.8925769571564249
static_lever4_lever8full,Morgan,0,2,1400,72,79,19,5.1009436547809175,7.652720045905764,0.27592391171059893,0.4162235022951784
static_lever4_lever8full,Physical,0,2,1400,72,79,19,5.244821024492052,10.851342274278121,-0.4558595443200488,0.5678750415595573
static_lever4_lever8full,Morgan+Physical,0,2,1400,72,79,19,4.072200390688578,7.656352987065214,0.27523627379970006,0.4468684937133421
static_lever4_lever8full,Morgan,0,3,1458,46,79,19,8.33259760284424,26.057674929716992,0.0883657824203754,0.7088825611750225
static_lever4_lever8full,Physical,0,3,1458,46,79,19,7.949003981548806,24.898689636502873,0.16765710374304188,0.8433833174076406
static_lever4_lever8full,Morgan+Physical,0,3,1458,46,79,19,7.723940991712653,25.389853127182658,0.13449482066871066,0.8509298181758193
static_lever4_lever8full,Morgan,0,4,1327,74,79,19,16.53902260925293,24.59447732010375,-0.25233019227928755,0.22902172939457108
static_lever4_lever8full,Physical,0,4,1327,74,79,19,9.7221910375193,12.839600064408634,0.658691857844947,0.8807646552233426
static_lever4_lever8full,Morgan+Physical,0,4,1327,74,79,19,9.570189869500238,15.593833617780563,0.49655799488569274,0.8502500885136454
static_lever4_lever8full,Morgan,1,0,1229,102,78,20,4.582971117909749,6.517834560846943,0.5914529482267977,0.7179870074100101
static_lever4_lever8full,Physical,1,0,1229,102,78,20,3.477989657731149,6.90316212041899,0.5417193071041859,0.8998886377412771
static_lever4_lever8full,Morgan+Physical,1,0,1229,102,78,20,3.688895947654575,5.928430670440309,0.6620013963686129,0.921365938140278
static_lever4_lever8full,Morgan,1,1,1377,78,78,20,9.976744205334004,24.716508307803124,0.0011034039080598523,0.41948051462040115
static_lever4_lever8full,Physical,1,1,1377,78,78,20,7.169771903801943,24.71255652298717,0.0014227943968896373,0.7382132937722553
static_lever4_lever8full,Morgan+Physical,1,1,1377,78,78,20,8.35005409527412,24.396462633840375,0.02680466683078553,0.801730429010841
static_lever4_lever8full,Morgan,1,2,1324,92,79,19,16.04703091861891,20.04637442825865,-0.40767312054449634,0.698202004535143
static_lever4_lever8full,Physical,1,2,1324,92,79,19,7.11912632803295,8.556467581282396,0.7435402819110073,0.7825656463747845
static_lever4_lever8full,Morgan+Physical,1,2,1324,92,79,19,10.491565349578858,13.308953159969613,0.3795340756828923,0.7600317741834578
static_lever4_lever8full,Morgan,1,3,1226,111,79,19,10.439607697096816,18.87925622861418,0.034611182888216074,0.7337497787830898
static_lever4_lever8full,Physical,1,3,1226,111,79,19,5.613918677943462,11.234360147085209,0.6581550357193153,0.9342188037257098
static_lever4_lever8full,Morgan+Physical,1,3,1226,111,79,19,7.368022366649182,14.700425049604188,0.4146814519887406,0.9228085589294153
static_lever4_lever8full,Morgan,1,4,1365,74,79,19,12.996245633615029,17.759991937207676,-0.5640654730419026,0.5814370179389321
static_lever4_lever8full,Physical,1,4,1365,74,79,19,4.10521912061846,8.65222477677748,0.6287854524900637,0.8650408512610412
static_lever4_lever8full,Morgan+Physical,1,4,1365,74,79,19,8.26513917190964,12.147012941995497,0.2683415563996605,0.6554051734483043
static_lever4_lever8full,Morgan,2,0,1288,74,78,20,17.791450166296055,25.412768693894943,-0.320934412231904,-0.11604013805248195
static_lever4_lever8full,Physical,2,0,1288,74,78,20,10.548849980102744,13.763975316794795,0.6125059328695592,0.7073746919208634
static_lever4_lever8full,Morgan+Physical,2,0,1288,74,78,20,10.918642491888097,16.690076223790587,0.43023741403883,0.6676312081819135
static_lever4_lever8full,Morgan,2,1,1217,116,78,20,3.809465087200033,7.2465644116798344,0.293948702785504,0.838590069649571
static_lever4_lever8full,Physical,2,1,1217,116,78,20,2.343691946490057,5.164416646028556,0.6413965312088517,0.8713425149599632
static_lever4_lever8full,Morgan+Physical,2,1,1217,116,78,20,2.4451642746760927,5.86414976424006,0.5376380911457589,0.8498561187576403
static_lever4_lever8full,Morgan,2,2,1369,77,79,19,10.823654662788687,24.91328762680929,-0.11784146838989673,0.5199544403045236
static_lever4_lever8full,Physical,2,2,1369,77,79,19,9.328052133733575,24.119120945445808,-0.04770998543431282,0.6299237038609218
static_lever4_lever8full,Morgan+Physical,2,2,1369,77,79,19,9.580123786232688,24.345736993127996,-0.06749041584970117,0.6412801046181151
static_lever4_lever8full,Morgan,2,3,1298,99,79,19,4.58002868059717,5.625144003932101,0.5567049662143863,0.8214765594572533
static_lever4_lever8full,Physical,2,3,1298,99,79,19,3.4174258563956834,8.525780145499281,-0.018342419248887465,0.8265516445915614
static_lever4_lever8full,Morgan+Physical,2,3,1298,99,79,19,3.731990743548461,5.813624634404533,0.5265004712829089,0.827838527200813
static_lever4_lever8full,Morgan,2,4,1349,91,79,19,16.728313561408072,21.050982712396962,-0.7359101796972689,0.4321458158004513
static_lever4_lever8full,Physical,2,4,1349,91,79,19,8.019535283109644,9.497179044247874,0.646677128071975,0.8802463739773848
static_lever4_lever8full,Morgan+Physical,2,4,1349,91,79,19,11.696349176972777,14.401546227785742,0.18754232369643864,0.8288962550622859
static_lever4_lever8full,Morgan,3,0,1283,109,78,20,10.659877106020867,20.196564544444097,-0.02852535619983354,0.6696023303097671
static_lever4_lever8full,Physical,3,0,1283,109,78,20,6.458299336351167,17.237940012854953,0.2507431376188394,0.8264150879981964
static_lever4_lever8full,Morgan+Physical,3,0,1283,109,78,20,8.476479245156103,17.95779293027101,0.18685889034650083,0.8193393373672726
static_lever4_lever8full,Morgan,3,1,1452,40,78,20,13.109957888031005,24.4790234408728,0.007087335838908637,0.6132526068992141
static_lever4_lever8full,Physical,3,1,1452,40,78,20,7.3266392031669625,11.70193216737763,0.773098155568284,0.6551416776130606
static_lever4_lever8full,Morgan+Physical,3,1,1452,40,78,20,8.743639055395127,15.595533276748279,0.5969830305374766,0.802073559767311
static_lever4_lever8full,Morgan,3,2,1096,162,79,19,11.285975959645965,15.10162927308989,-0.07738373621432326,0.7683058372165239
static_lever4_lever8full,Physical,3,2,1096,162,79,19,4.853988292979016,6.5224852178238,0.7990217718861579,0.9337759525047595
static_lever4_lever8full,Morgan+Physical,3,2,1096,162,79,19,7.470884546454158,10.453380669980497,0.48377820348528966,0.9122285463205565
static_lever4_lever8full,Morgan,3,3,1273,91,79,19,12.215822458003116,20.882747426515756,0.0708604530960153,0.4218867561023284
static_lever4_lever8full,Physical,3,3,1273,91,79,19,5.972431370995072,11.810399824374244,0.7028095330718322,0.9853361055398777
static_lever4_lever8full,Morgan+Physical,3,3,1273,91,79,19,8.30528722072224,15.878346365604004,0.4628244758014076,0.9356523371925082
static_lever4_lever8full,Morgan,3,4,1417,55,79,19,11.407523824318625,15.800138148409044,-0.9090553979119234,0.18996906732244737
static_lever4_lever8full,Physical,3,4,1417,55,79,19,3.3225518618233414,4.634796800333989,0.8357300368745247,0.9409809103412483
static_lever4_lever8full,Morgan+Physical,3,4,1417,55,79,19,5.7200412936207155,8.1675492448449,0.48987067949533947,0.65743730718666
static_lever4_lever8full,Morgan,4,0,1462,59,78,20,10.4775059527381,22.715153443447814,-0.01412762588505001,0.568838790465904
static_lever4_lever8full,Physical,4,0,1462,59,78,20,11.368042050895044,24.336926949841224,-0.1641065713228702,0.779673050627419
static_lever4_lever8full,Morgan+Physical,4,0,1462,59,78,20,8.328879814665195,22.1053528686262,0.03959111830416728,0.755269771035138
static_lever4_lever8full,Morgan,4,1,1153,117,78,20,8.707812366919885,13.088055074863757,-0.7931037883410004,0.49060642909074154
static_lever4_lever8full,Physical,4,1,1153,117,78,20,2.445011411012177,3.745416255962669,0.8531562784433941,0.7982238505430705
static_lever4_lever8full,Morgan+Physical,4,1,1153,117,78,20,5.117350106143788,7.554047219764814,0.40266963717507154,0.5795356793654922
static_lever4_lever8full,Morgan,4,2,1163,111,79,19,15.682777446863673,22.412400286700088,-0.24443287505948774,0.6102321708727688
static_lever4_lever8full,Physical,4,2,1163,111,79,19,5.138188982425724,9.145813197802948,0.7927763169355916,0.9342414318948422
static_lever4_lever8full,Morgan+Physical,4,2,1163,111,79,19,9.12826157339285,14.487583273511632,0.4800200170788095,0.9256681057303328
static_lever4_lever8full,Morgan,4,3,1384,73,79,19,6.016922912315474,16.50013288435961,0.2303070768396801,0.913939841821964
static_lever4_lever8full,Physical,4,3,1384,73,79,19,4.64500536844959,7.854305321177059,0.8255953061675585,0.8578553587949819
static_lever4_lever8full,Morgan+Physical,4,3,1384,73,79,19,4.410142118161345,10.987934468317027,0.6586697874947771,0.9721996893601658
static_lever4_lever8full,Morgan,4,4,1359,97,79,19,14.613308736191582,20.27721214263286,-0.6048757232755297,0.5561796925475047
static_lever4_lever8full,Physical,4,4,1359,97,79,19,5.688109302855031,7.000137789514119,0.8087338591363252,0.9174817156020393
static_lever4_lever8full,Morgan+Physical,4,4,1359,97,79,19,9.837425331273028,12.834631850116885,0.35702846067794625,0.888792353178385
static_lever4_lever8full,Morgan,5,0,1448,63,78,20,7.595789770459371,17.553272166606256,-0.047479128415529814,0.7670601537134762
static_lever4_lever8full,Physical,5,0,1448,63,78,20,7.264899515242803,11.114088431008499,0.5800700011384811,0.33542803003796495
static_lever4_lever8full,Morgan+Physical,5,0,1448,63,78,20,6.379359393044123,12.37690763786715,0.47922095017652144,0.6060614285964149
static_lever4_lever8full,Morgan,5,1,1284,81,78,20,9.695170827521807,13.389380645538543,0.35144146586632385,0.8188694414526814
static_lever4_lever8full,Physical,5,1,1284,81,78,20,6.3616316382890865,10.045691486216061,0.6349201405316641,0.9171194577268292
static_lever4_lever8full,Morgan+Physical,5,1,1284,81,78,20,5.5014696285671665,9.018081780794866,0.7057906024518461,0.9134009218068708
static_lever4_lever8full,Morgan,5,2,1125,111,79,19,16.812786302361015,24.480797424283757,-0.08171892406838421,0.36829617383191876
static_lever4_lever8full,Physical,5,2,1125,111,79,19,6.792420626278439,17.166437516322436,0.4681077513701004,0.9447277309559398
static_lever4_lever8full,Morgan+Physical,5,2,1125,111,79,19,11.574577579378694,19.901105452310393,0.285145411652307,0.8108359111103897
static_lever4_lever8full,Morgan,5,3,1245,128,79,19,6.916058234977722,10.652673569946396,0.0029508725989074724,0.8259662568863608
static_lever4_lever8full,Physical,5,3,1245,128,79,19,4.251205205899478,5.236317114895814,0.759092012755376,0.9319826019369652
static_lever4_lever8full,Morgan+Physical,5,3,1245,128,79,19,5.079905958455801,7.106171395242837,0.5563191587182394,0.9146502334473066
static_lever4_lever8full,Morgan,5,4,1419,74,79,19,10.941057220974482,21.329974299909285,0.025306940622857432,0.622779285512188
static_lever4_lever8full,Physical,5,4,1419,74,79,19,7.803439449568051,15.467288734337624,0.48747436225489427,0.7439006997678038
static_lever4_lever8full,Morgan+Physical,5,4,1419,74,79,19,9.288752096588548,18.046081604474885,0.3023251896099185,0.8023356896081465
static_lever4_lever8full,Morgan,6,0,1450,43,78,20,10.227884828079578,21.43677361615313,0.0063050093329301005,0.6080008278979849
static_lever4_lever8full,Physical,6,0,1450,43,78,20,7.992459714312884,10.273807043187961,0.7717572102760107,0.8332269384736926
static_lever4_lever8full,Morgan+Physical,6,0,1450,43,78,20,8.78531491496951,14.823203644582659,0.5248634854812791,0.822111196577365
static_lever4_lever8full,Morgan,6,1,1431,60,78,20,13.946872601954142,25.906447827629236,-0.08655562266897321,0.45464248193839923
static_lever4_lever8full,Physical,6,1,1431,60,78,20,7.7829302983601885,14.189421644171963,0.674039020225123,0.8872321642024865
static_lever4_lever8full,Morgan+Physical,6,1,1431,60,78,20,10.632936146291097,19.805629599829008,0.36494179470429444,0.8355789993103969
static_lever4_lever8full,Morgan,6,2,1145,126,79,19,10.336799766528415,12.472468689714718,-0.47229908257889486,-0.3979744023786284
static_lever4_lever8full,Physical,6,2,1145,126,79,19,2.7557035212108065,5.628774058965683,0.7001397979771757,0.8973627013517301
static_lever4_lever8full,Morgan+Physical,6,2,1145,126,79,19,5.280451941160172,7.023128307068011,0.5331768313688247,0.7703513090855637
static_lever4_lever8full,Morgan,6,3,1264,124,79,19,8.146507687137973,11.835845787655641,0.019112689365933022,0.8118265034804294
static_lever4_lever8full,Physical,6,3,1264,124,79,19,3.4026467781497587,4.5119296069388675,0.8574572441348531,0.8526818509935956
static_lever4_lever8full,Morgan+Physical,6,3,1264,124,79,19,5.48486312996649,7.271419071537936,0.6297808578554818,0.9502397666513883
static_lever4_lever8full,Morgan,6,4,1231,104,79,19,16.49245399765308,24.929672697271943,-0.44877730236719504,0.22483907019739108
static_lever4_lever8full,Physical,6,4,1231,104,79,19,6.006599890484442,16.869059933521243,0.33663853049840076,0.878057527748295
static_lever4_lever8full,Morgan+Physical,6,4,1231,104,79,19,10.07724036910424,19.131273544261603,0.1467893989687712,0.8024275574447184
static_lever4_lever8full,Morgan,7,0,1224,114,78,20,6.954145484736928,10.607134744814786,0.3478562876702127,0.5891710501639349
static_lever4_lever8full,Physical,7,0,1224,114,78,20,4.4833784090209425,8.32159948180947,0.5986153513157559,0.936811802045423
static_lever4_lever8full,Morgan+Physical,7,0,1224,114,78,20,3.3145927051209574,6.505646334708606,0.7546827769278803,0.8859701298516315
static_lever4_lever8full,Morgan,7,1,1371,77,78,20,19.961194913591658,26.60338487370517,-0.6390497751248208,0.26771271509850253
static_lever4_lever8full,Physical,7,1,1371,77,78,20,7.687759609148099,9.120183407372489,0.8073693048877774,0.8573081541077682
static_lever4_lever8full,Morgan+Physical,7,1,1371,77,78,20,13.3857830248746,17.07532006978039,0.3247632765799209,0.696013429367334
static_lever4_lever8full,Morgan,7,2,1289,80,79,19,8.191871927413938,9.775488721065,0.23510041792655456,0.5382004316443243
static_lever4_lever8full,Physical,7,2,1289,80,79,19,3.883446219906807,7.053403211542151,0.6017783310481848,0.8412531853193846
static_lever4_lever8full,Morgan+Physical,7,2,1289,80,79,19,5.641247478113174,7.339303634427513,0.5688412777086806,0.8686785822612418
static_lever4_lever8full,Morgan,7,3,1311,78,79,19,6.735452329211112,19.23768134704061,0.12420238646223125,0.41414288999328513
static_lever4_lever8full,Physical,7,3,1311,78,79,19,4.2228280119372625,18.291409192919737,0.20824168219070316,0.9503515112362237
static_lever4_lever8full,Morgan+Physical,7,3,1311,78,79,19,4.934282240447999,18.46067955469879,0.19351987068529708,0.8803473704305692
static_lever4_lever8full,Morgan,7,4,1326,108,79,19,14.398192418734231,21.808127888863137,-0.6038475761999078,0.618180389151399
static_lever4_lever8full,Physical,7,4,1326,108,79,19,5.824472895233719,11.636066284786866,0.5433970693935721,0.8668161808866187
static_lever4_lever8full,Morgan+Physical,7,4,1326,108,79,19,9.361422970754129,15.815856607999736,0.15644819464115423,0.8261599808216595
static_lever4_lever8full,Morgan,8,0,1105,136,78,20,7.939342723498625,16.77463138892564,0.18923329449649495,0.496755001410126
static_lever4_lever8full,Physical,8,0,1105,136,78,20,3.255060659857357,14.235532914842095,0.4161014532899814,0.9177953047224591
static_lever4_lever8full,Morgan+Physical,8,0,1105,136,78,20,5.148318512209723,14.792987473615348,0.36947586698035484,0.9586176574722849
static_lever4_lever8full,Morgan,8,1,1360,82,78,20,10.325125049643168,13.594021509544154,0.21099386221965533,0.4355671155907986
static_lever4_lever8full,Physical,8,1,1360,82,78,20,4.919549844817185,7.713854235067743,0.74594524249796,0.9259594026400222
static_lever4_lever8full,Morgan+Physical,8,1,1360,82,78,20,6.243021281143282,8.819572442352266,0.6678918451673522,0.9045308174827275
static_lever4_lever8full,Morgan,8,2,1297,80,79,19,6.385478278980256,7.336436060453819,0.4611258519393825,0.8201527530954795
static_lever4_lever8full,Physical,8,2,1297,80,79,19,2.836813227567673,3.9733641525588084,0.8419356920922703,0.9480937957446325
static_lever4_lever8full,Morgan+Physical,8,2,1297,80,79,19,4.165181360635758,4.749906059277824,0.7741151434617621,0.9190468189001839
static_lever4_lever8full,Morgan,8,3,1442,51,79,19,17.424963466569487,31.673682482023136,-0.31191222120479534,0.15973312465962
static_lever4_lever8full,Physical,8,3,1442,51,79,19,12.106501252567067,19.476928019524635,0.5039235862033586,0.6493896656358924
static_lever4_lever8full,Morgan+Physical,8,3,1442,51,79,19,14.292722636353734,23.744220224534494,0.2627352269245782,0.7204768340851155
static_lever4_lever8full,Morgan,8,4,1317,108,79,19,13.690662795066835,19.171018682728405,-0.48548072999406067,0.09738655675064893
static_lever4_lever8full,Physical,8,4,1317,108,79,19,10.267791266962334,13.882483963239297,0.22104745160941097,0.7414960339335035
static_lever4_lever8full,Morgan+Physical,8,4,1317,108,79,19,11.35979903683839,16.266864265658782,-0.0695087135567456,0.6333420238585458
static_lever4_lever8full,Morgan,9,0,1464,68,78,20,10.673434081694658,19.2254423002706,0.0184668808455003,0.5354458243836409
static_lever4_lever8full,Physical,9,0,1464,68,78,20,4.2206144963152274,6.827928683585107,0.8761972672863346,0.9380296118348799
static_lever4_lever8full,Morgan+Physical,9,0,1464,68,78,20,5.777294893881853,11.138159751167729,0.6705578500975506,0.9690260524367359
static_lever4_lever8full,Morgan,9,1,1327,106,78,20,14.371949985288223,19.55087787618641,-0.8147198876219195,0.4110098342494539
static_lever4_lever8full,Physical,9,1,1327,106,78,20,7.995442534320761,9.467101121035654,0.5744886931400852,0.9074020755467108
static_lever4_lever8full,Morgan+Physical,9,1,1327,106,78,20,11.072871016376425,14.20189382086125,0.04243206348711015,0.8133217531882384
static_lever4_lever8full,Morgan,9,2,1332,98,79,19,5.676044994260827,17.61202845334677,0.08231574577525025,0.7786428198590661
static_lever4_lever8full,Physical,9,2,1332,98,79,19,4.689559689401122,17.21254347128687,0.12347436220552122,0.6622891039214321
static_lever4_lever8full,Morgan+Physical,9,2,1332,98,79,19,4.481333134764068,17.184217044604885,0.12635695872934327,0.8083881377336593
static_lever4_lever8full,Morgan,9,3,1223,91,79,19,13.792202518038486,21.939527329882456,-1.8923242276032868,0.24646103020469753
static_lever4_lever8full,Physical,9,3,1223,91,79,19,4.191223389997378,6.371244813756098,0.756083585150867,0.8967481042060959
static_lever4_lever8full,Morgan+Physical,9,3,1223,91,79,19,8.462551264736469,13.110715646141266,-0.03286898904188851,0.3743933512046333
static_lever4_lever8full,Morgan,9,4,1175,94,79,19,14.326269312416239,21.067857337010356,0.0952171875755159,0.4339493023689744
static_lever4_lever8full,Physical,9,4,1175,94,79,19,6.105571345893372,12.580072823779187,0.6773958761598542,0.7942313863814938
static_lever4_lever8full,Morgan+Physical,9,4,1175,94,79,19,9.54179407532063,15.91592960190684,0.48362212806034477,0.5970958823424927
widened_lever4_lever8full,Morgan,0,0,1778,129,134,20,17.16919607721373,21.327780595981224,-1.607347899286467,-0.36650069303716537
widened_lever4_lever8full,Physical,0,0,1778,129,134,20,14.267173754522043,17.91904474483583,-0.8405065278991726,0.9476525439067106
widened_lever4_lever8full,Morgan+Physical,0,0,1778,129,134,20,3.7079036120629127,5.296930563099751,0.8391740172147344,0.9503621763886806
widened_lever4_lever8full,Morgan,0,1,1683,136,134,20,8.629274794735627,13.786065631464078,0.18350950195653548,0.45390890608911727
widened_lever4_lever8full,Physical,0,1,1683,136,134,20,2.5087701665541706,4.968714555069004,0.8939383089141208,0.937894221110419
widened_lever4_lever8full,Morgan+Physical,0,1,1683,136,134,20,5.046394748508228,8.31388450513485,0.7030533530424089,0.9396283652398093
widened_lever4_lever8full,Morgan,0,2,1957,72,135,19,3.622389471647475,7.486569945423419,0.3070237885824849,0.44967244220742864
widened_lever4_lever8full,Physical,0,2,1957,72,135,19,3.8323278633859426,7.578996517416626,0.28980768508053234,0.42563047446432717
widened_lever4_lever8full,Morgan+Physical,0,2,1957,72,135,19,3.5541668987698025,6.498266649503708,0.4779073132969547,0.4363496073446357
widened_lever4_lever8full,Morgan,0,3,2041,46,135,19,9.460720600646473,26.468516660111547,0.05939236275213977,0.514336122723516
widened_lever4_lever8full,Physical,0,3,2041,46,135,19,7.346951648131658,23.527614406265773,0.25680105976488643,0.8647342380564482
widened_lever4_lever8full,Morgan+Physical,0,3,2041,46,135,19,7.866143954194109,24.821967755668886,0.17277870067936585,0.7190394335046374
widened_lever4_lever8full,Morgan,0,4,1881,74,135,19,17.010687269423205,24.508248725625734,-0.24356421043065213,0.09965966268187298
widened_lever4_lever8full,Physical,0,4,1881,74,135,19,7.892092330036677,10.578973286756014,0.768297512000758,0.941916263161038
widened_lever4_lever8full,Morgan+Physical,0,4,1881,74,135,19,8.67333718754124,14.404596960614814,0.5704181946908506,0.9460490917196405
widened_lever4_lever8full,Morgan,1,0,1799,102,134,20,4.282405174614401,6.096241972861586,0.6425956707991023,0.870418081875841
widened_lever4_lever8full,Physical,1,0,1799,102,134,20,5.150496935949138,8.011943361659567,0.38267885041009064,0.8850390090454673
widened_lever4_lever8full,Morgan+Physical,1,0,1799,102,134,20,4.271056481073416,6.2027999287395,0.6299921298391691,0.9159339804041574
widened_lever4_lever8full,Morgan,1,1,1943,78,134,20,9.891939563316933,25.028633297324053,-0.024284421861718863,0.6532545401148272
widened_lever4_lever8full,Physical,1,1,1943,78,134,20,7.204499315781227,23.80764547870191,0.07321458508030343,0.8189866636167155
widened_lever4_lever8full,Morgan+Physical,1,1,1943,78,134,20,8.380500674241384,24.197051127440133,0.042649030970556834,0.7773238258109498
widened_lever4_lever8full,Morgan,1,2,1889,92,135,19,16.013883434917613,19.5432751398986,-0.33790363789361266,0.667054985404543
widened_lever4_lever8full,Physical,1,2,1889,92,135,19,5.423797748254693,6.97379503131837,0.8296396594366895,0.7503924541990497
widened_lever4_lever8full,Morgan+Physical,1,2,1889,92,135,19,9.807011725342793,12.079292154720717,0.48889148900109924,0.9414131645484916
widened_lever4_lever8full,Morgan,1,3,1769,111,135,19,10.273455261209849,18.66386995278267,0.05651304106642052,0.6283034374812763
widened_lever4_lever8full,Physical,1,3,1769,111,135,19,4.787865427656432,7.848427481573858,0.8331609140432018,0.947337683859914
widened_lever4_lever8full,Morgan+Physical,1,3,1769,111,135,19,6.580342187396901,12.790445614673851,0.5568978543147529,0.9327513752927791
widened_lever4_lever8full,Morgan,1,4,1940,74,135,19,10.437567126712283,13.22866176245071,0.13223680712580932,0.7097522272653245
widened_lever4_lever8full,Physical,1,4,1940,74,135,19,3.491386698387764,7.614630888109115,0.7124806269168465,0.8896630019088253
widened_lever4_lever8full,Morgan+Physical,1,4,1940,74,135,19,6.090913948780782,9.200689446077908,0.5802312108345562,0.8946401375838398
widened_lever4_lever8full,Morgan,2,0,1839,74,134,20,17.51473883227374,25.76655715674945,-0.3579696821753411,0.1890210449195466
widened_lever4_lever8full,Physical,2,0,1839,74,134,20,5.751003967909942,9.66611903352161,0.8088908129176513,0.8966309718471192
widened_lever4_lever8full,Morgan+Physical,2,0,1839,74,134,20,10.79777792889982,16.736447570022552,0.42706698376865093,0.8366591399320975
widened_lever4_lever8full,Morgan,2,1,1792,116,134,20,4.608356029017217,6.917620450721733,0.35659356315432456,0.37389985234116135
widened_lever4_lever8full,Physical,2,1,1792,116,134,20,2.3029840643849866,5.559735631258964,0.5843955166642067,0.914280116673389
widened_lever4_lever8full,Morgan+Physical,2,1,1792,116,134,20,3.0886539728230447,5.5843952670512,0.5807005986673333,0.8689495317155561
widened_lever4_lever8full,Morgan,2,2,1941,77,135,19,10.718801733487613,25.306219156591098,-0.15338065261069156,0.5251995770500492
widened_lever4_lever8full,Physical,2,2,1941,77,135,19,9.04773345342859,24.89956314756531,-0.11661019241850612,0.7402984824047901
widened_lever4_lever8full,Morgan+Physical,2,2,1941,77,135,19,9.54518492453439,24.85473246616635,-0.112592986863284,0.7341603058919359
widened_lever4_lever8full,Morgan,2,3,1865,99,135,19,5.652958745463208,6.588884417090904,0.39179588450912595,0.706832107845068
widened_lever4_lever8full,Physical,2,3,1865,99,135,19,3.452670331962663,6.015736293032981,0.4930056067918711,0.7212204171369553
widened_lever4_lever8full,Morgan+Physical,2,3,1865,99,135,19,3.990103121428057,5.210121769999069,0.6197043800015534,0.8052735055383481
widened_lever4_lever8full,Morgan,2,4,1903,91,135,19,16.330308106894023,20.272221056705167,-0.6098490933638872,0.7448077970552
widened_lever4_lever8full,Physical,2,4,1903,91,135,19,4.4159163937411465,6.263762261282706,0.8463073734757389,0.925108098726395
widened_lever4_lever8full,Morgan+Physical,2,4,1903,91,135,19,8.688650500245148,10.313922431970534,0.5832935502201795,0.9434720889459898
widened_lever4_lever8full,Morgan,3,0,1850,109,134,20,9.987703324288187,19.3281984610759,0.058017679728768035,0.42305672972434044
widened_lever4_lever8full,Physical,3,0,1850,109,134,20,3.8822826399986887,15.463199556313972,0.397081346751476,0.866741228975216
widened_lever4_lever8full,Morgan+Physical,3,0,1850,109,134,20,6.813385649038891,16.796840153995028,0.28859784276881884,0.8658747765637113
widened_lever4_lever8full,Morgan,3,1,2030,40,134,20,11.975200583791734,24.542864409565063,0.0019015763128132912,0.6335259106468911
widened_lever4_lever8full,Physical,3,1,2030,40,134,20,7.948781920528411,13.510172497954528,0.6975562168598586,0.694427275268295
widened_lever4_lever8full,Morgan+Physical,3,1,2030,40,134,20,8.870537778949737,15.828178125096624,0.584869414854112,0.7837215242537958
widened_lever4_lever8full,Morgan,3,2,1648,162,135,19,10.956806836384901,14.582478551189354,-0.004582246086269448,0.6404699856070675
widened_lever4_lever8full,Physical,3,2,1648,162,135,19,3.889506701212753,4.9055912268412145,0.8863143840948071,0.9124313108436477
widened_lever4_lever8full,Morgan+Physical,3,2,1648,162,135,19,6.433958470483474,8.686757243235684,0.6435175318023644,0.9262542679573287
widened_lever4_lever8full,Morgan,3,3,1828,91,135,19,11.949959177759194,20.926418798884715,0.066970234367698,0.7257625487368371
widened_lever4_lever8full,Physical,3,3,1828,91,135,19,6.6653880230914115,11.549530893231651,0.7157932662776934,0.9587351850511807
widened_lever4_lever8full,Morgan+Physical,3,3,1828,91,135,19,8.844390039179876,15.999262558040888,0.45461196648543756,0.9631729579947026
widened_lever4_lever8full,Morgan,3,4,1984,55,135,19,10.3379177216353,12.925833867547091,-0.2776558923456445,-0.19094819858904785
widened_lever4_lever8full,Physical,3,4,1984,55,135,19,3.2583764885725532,4.24328506742823,0.8623103865399666,0.9437729964546356
widened_lever4_lever8full,Morgan+Physical,3,4,1984,55,135,19,4.673791385173451,5.881914643128277,0.7354338981674348,0.9300196068047728
widened_lever4_lever8full,Morgan,4,0,2022,59,134,20,10.944403545444295,23.48732553049894,-0.08424742129317009,0.47704467444186316
widened_lever4_lever8full,Physical,4,0,2022,59,134,20,12.577257651506844,23.455443980076417,-0.08130591754981653,0.8015603943494558
widened_lever4_lever8full,Morgan+Physical,4,0,2022,59,134,20,8.798218464479607,21.365744609970204,0.10278333940082685,0.7966130360243626
widened_lever4_lever8full,Morgan,4,1,1723,117,134,20,5.819406920810275,7.080440386538164,0.4752218530936404,0.7300415903406098
widened_lever4_lever8full,Physical,4,1,1723,117,134,20,1.8295458261480089,2.4222643955182117,0.9385816292649172,0.9477693150247793
widened_lever4_lever8full,Morgan+Physical,4,1,1723,117,134,20,3.394300265135154,4.310071694270645,0.8055427279014574,0.881087967678625
widened_lever4_lever8full,Morgan,4,2,1713,111,135,19,13.887560314982645,21.296648359354183,-0.12361429299927984,0.5989856291093556
widened_lever4_lever8full,Physical,4,2,1713,111,135,19,6.881849682081066,10.407988918898413,0.7316334536474568,0.916313393285161
widened_lever4_lever8full,Morgan+Physical,4,2,1713,111,135,19,7.382959728770214,14.142691708208947,0.5044826291033491,0.8707069724116453
widened_lever4_lever8full,Morgan,4,3,1950,73,135,19,6.043770233804885,17.264716745583733,0.1573222542763667,0.870080313244828
widened_lever4_lever8full,Physical,4,3,1950,73,135,19,3.431110792374284,8.435682451900316,0.7988208096800671,0.9696539861776879
widened_lever4_lever8full,Morgan+Physical,4,3,1950,73,135,19,4.480643767244522,11.829030476216413,0.6044140018399898,0.975253062627501
widened_lever4_lever8full,Morgan,4,4,1932,97,135,19,14.092222668716587,19.708327506995087,-0.5160881708374021,0.7093360848502753
widened_lever4_lever8full,Physical,4,4,1932,97,135,19,4.27865919663734,5.846274194754217,0.8665915684138139,0.8894818318207713
widened_lever4_lever8full,Morgan+Physical,4,4,1932,97,135,19,9.056555608179151,11.421433904100232,0.4908260463245704,0.8731810567155064
widened_lever4_lever8full,Morgan,5,0,2002,63,134,20,8.595260101257809,18.530665422589756,-0.16737727393049728,0.5831302110792171
widened_lever4_lever8full,Physical,5,0,2002,63,134,20,5.584170932921152,8.561875623269321,0.7507890997440132,0.6635349638942352
widened_lever4_lever8full,Morgan+Physical,5,0,2002,63,134,20,5.873268258775983,12.099025793144735,0.502343122918597,0.7466895483943403
widened_lever4_lever8full,Morgan,5,1,1853,81,134,20,10.628658596048236,13.947909303107531,0.2962045881137483,0.7529501469819048
widened_lever4_lever8full,Physical,5,1,1853,81,134,20,4.791212746853299,7.704254426796389,0.7852716262046745,0.9395557616108585
widened_lever4_lever8full,Morgan+Physical,5,1,1853,81,134,20,7.195607578569578,9.606926289914188,0.6661148381883415,0.9236126809999061
widened_lever4_lever8full,Morgan,5,2,1687,111,135,19,16.10302070760366,24.550548234381942,-0.08789178333433312,0.5750393974561663
widened_lever4_lever8full,Physical,5,2,1687,111,135,19,5.169885050525149,16.03037587248528,0.5361786684370873,0.9641623397599441
widened_lever4_lever8full,Morgan+Physical,5,2,1687,111,135,19,8.317810431558419,17.443955849704352,0.4507712474876381,0.958081022885294
widened_lever4_lever8full,Morgan,5,3,1812,128,135,19,5.327879416024686,7.2819373820434,0.5340994752052741,0.9090104968893451
widened_lever4_lever8full,Physical,5,3,1812,128,135,19,2.6781534223392605,3.8971675806944006,0.8665564823364983,0.9343335075876373
widened_lever4_lever8full,Morgan+Physical,5,3,1812,128,135,19,2.346026329761744,3.2076349289926984,0.9095998424244218,0.9695849783085575
widened_lever4_lever8full,Morgan,5,4,1986,74,135,19,11.286878354407644,21.998996323965763,-0.0367951178194168,0.2983460881785994
widened_lever4_lever8full,Physical,5,4,1986,74,135,19,6.378479222271894,13.14608444231409,0.6297628072172706,0.7678161794646646
widened_lever4_lever8full,Morgan+Physical,5,4,1986,74,135,19,8.515218409061431,16.86696684460988,0.39051756823731587,0.6478548913824618
widened_lever4_lever8full,Morgan,6,0,2028,43,134,20,10.851593875973723,22.058386957470837,-0.052159932603026204,0.3302392172049101
widened_lever4_lever8full,Physical,6,0,2028,43,134,20,7.126306638673294,10.265894419419595,0.7721086484231484,0.8079058085634532
widened_lever4_lever8full,Morgan+Physical,6,0,2028,43,134,20,8.226954072641773,15.203961092096831,0.5001407233287141,0.7253035761818896
widened_lever4_lever8full,Morgan,6,1,2012,60,134,20,14.588336028544111,26.609598521721235,-0.1463384787143871,0.28983522944863804
widened_lever4_lever8full,Physical,6,1,2012,60,134,20,6.4573010833581295,12.16129471559574,0.7605604692083451,0.9226176226032692
widened_lever4_lever8full,Morgan+Physical,6,1,2012,60,134,20,10.426600367101035,19.229901481558084,0.4013260725376604,0.8973542091776511
widened_lever4_lever8full,Morgan,6,2,1704,126,135,19,8.028788518136645,9.326480107736353,0.17675948960209342,0.7675662803487976
widened_lever4_lever8full,Physical,6,2,1704,126,135,19,2.9809148704680184,6.6781296756639925,0.577914053376297,0.9203352505281456
widened_lever4_lever8full,Morgan+Physical,6,2,1704,126,135,19,4.938850126799328,6.729330413767029,0.5714170374507442,0.9257287870191937
widened_lever4_lever8full,Morgan,6,3,1815,124,135,19,7.157281218341089,9.584820027454775,0.35673718707969226,0.47448697756415825
widened_lever4_lever8full,Physical,6,3,1815,124,135,19,2.6937060517218803,4.380760615552406,0.8656246636463893,0.8858035460302727
widened_lever4_lever8full,Morgan+Physical,6,3,1815,124,135,19,4.148297706477873,5.850938815753125,0.7602980132957197,0.9430321779670219
widened_lever4_lever8full,Morgan,6,4,1781,104,135,19,15.948308295070943,24.69562034456761,-0.42170129800500966,0.3332611238049815
widened_lever4_lever8full,Physical,6,4,1781,104,135,19,14.97746927725792,23.454376524381914,-0.28237861075202897,0.8937161917746941
widened_lever4_lever8full,Morgan+Physical,6,4,1781,104,135,19,4.6346218371068515,16.433942375785712,0.37041843952992815,0.9030360573687006
widened_lever4_lever8full,Morgan,7,0,1798,114,134,20,7.524707924872951,11.012012738454743,0.2971210293280071,0.6370592993815349
widened_lever4_lever8full,Physical,7,0,1798,114,134,20,2.8090017632467705,5.080604202816994,0.8503840598266026,0.9339969300130548
widened_lever4_lever8full,Morgan+Physical,7,0,1798,114,134,20,4.115341485756322,6.708000093488304,0.7391845827675484,0.8884976461920773
widened_lever4_lever8full,Morgan,7,1,1942,77,134,20,18.371736662034866,25.116635837705623,-0.46096995705855304,0.3848186497674579
widened_lever4_lever8full,Physical,7,1,1942,77,134,20,5.956551613671439,7.797814994409105,0.8591800447399787,0.9650432323104348
widened_lever4_lever8full,Morgan+Physical,7,1,1942,77,134,20,9.52378207422232,13.252623379444213,0.5932551528011827,0.9483196154917876
widened_lever4_lever8full,Morgan,7,2,1841,80,135,19,7.425001975212096,9.01579142524966,0.34936836196218113,0.6016124902881529
widened_lever4_lever8full,Physical,7,2,1841,80,135,19,3.889052713499069,5.727870306694559,0.7373884533334041,0.8657230627165337
widened_lever4_lever8full,Morgan+Physical,7,2,1841,80,135,19,5.175711025342942,6.509445520581438,0.6608315404319393,0.9000863275785446
widened_lever4_lever8full,Morgan,7,3,1875,78,135,19,6.290769433022525,19.75102060689791,0.07683912936997461,0.6915096294282896
widened_lever4_lever8full,Physical,7,3,1875,78,135,19,4.360688368578202,17.95417060903859,0.23716783073686576,0.9332066542610855
widened_lever4_lever8full,Morgan+Physical,7,3,1875,78,135,19,5.005285062815349,18.625625879876516,0.17904367253944187,0.9326707026197983
widened_lever4_lever8full,Morgan,7,4,1884,108,135,19,14.001241514329555,21.508436964143048,-0.5600697773307006,0.42414344473187704
widened_lever4_lever8full,Physical,7,4,1884,108,135,19,5.927288288354874,9.686393775221152,0.6835897368786854,0.9233612951110054
widened_lever4_lever8full,Morgan+Physical,7,4,1884,108,135,19,8.086634722215157,14.288650637186208,0.3114923708466899,0.8597882708296875
widened_lever4_lever8full,Morgan,8,0,1686,136,134,20,6.027586552586275,15.42409603678846,0.31452854224819793,0.8358123706883739
widened_lever4_lever8full,Physical,8,0,1686,136,134,20,3.0079450306892395,13.378060975691078,0.4843247630400823,0.8750146367095728
widened_lever4_lever8full,Morgan+Physical,8,0,1686,136,134,20,4.130159652844598,14.030898560610574,0.43276776361025215,0.9315813797979987
widened_lever4_lever8full,Morgan,8,1,1918,82,134,20,10.58361821700864,13.990740516197816,0.16427021613666493,0.5249968757229891
widened_lever4_lever8full,Physical,8,1,1918,82,134,20,4.797536895245808,7.354327942208299,0.7690752617942743,0.9080687542071029
widened_lever4_lever8full,Morgan+Physical,8,1,1918,82,134,20,5.554265605618082,8.57558214694827,0.6860129770707812,0.8966825517012661
widened_lever4_lever8full,Morgan,8,2,1859,80,135,19,6.290746138105392,7.137455549628149,0.4899603856677701,0.7852654959921344
widened_lever4_lever8full,Physical,8,2,1859,80,135,19,2.149284692201614,3.069260938726291,0.9056841462871332,0.9361143808855447
widened_lever4_lever8full,Morgan+Physical,8,2,1859,80,135,19,3.737040231380462,4.298124070424452,0.8150412119401753,0.8667788100271275
widened_lever4_lever8full,Morgan,8,3,2018,51,135,19,18.471083022996492,31.821320697030362,-0.32417096575826077,0.23682994606661795
widened_lever4_lever8full,Physical,8,3,2018,51,135,19,12.693169584162094,18.606050341642252,0.5472942156524192,0.5014526410768639
widened_lever4_lever8full,Morgan+Physical,8,3,2018,51,135,19,14.691966063705145,23.826157503805767,0.2576380958791181,0.648068792330747
widened_lever4_lever8full,Morgan,8,4,1859,108,135,19,13.72064333816811,18.714400676975007,-0.4155606730357715,-0.11046163754248932
widened_lever4_lever8full,Physical,8,4,1859,108,135,19,3.616040700179559,7.135472496959803,0.7942110199810107,0.891752624384686
widened_lever4_lever8full,Morgan+Physical,8,4,1859,108,135,19,7.654531383479084,10.319689351264346,0.5695627086470456,0.888022805870782
widened_lever4_lever8full,Morgan,9,0,2011,68,134,20,12.2562663676318,20.583734237992907,-0.12512457390493625,0.3583535340571027
widened_lever4_lever8full,Physical,9,0,2011,68,134,20,3.764822133905747,6.941565010303903,0.8720421102996319,0.9317749910656549
widened_lever4_lever8full,Morgan+Physical,9,0,2011,68,134,20,7.007454986908856,12.63876864702859,0.575808651575219,0.9490710972948307
widened_lever4_lever8full,Morgan,9,1,1887,106,134,20,14.129794337542549,18.256356517929675,-0.5823599758418212,0.3239753119644423
widened_lever4_lever8full,Physical,9,1,1887,106,134,20,6.612753156733963,7.7164511278258265,0.7173087978269301,0.8685922617620585
widened_lever4_lever8full,Morgan+Physical,9,1,1887,106,134,20,6.2500669975280765,7.6310393679382935,0.7235322608922612,0.9237932486001055
widened_lever4_lever8full,Morgan,9,2,1896,98,135,19,5.439092030295546,17.99384882402415,0.042094519366581595,0.6238058328857531
widened_lever4_lever8full,Physical,9,2,1896,98,135,19,4.945632170031023,16.261014857767194,0.21770632932874323,0.14406294146977844
widened_lever4_lever8full,Morgan+Physical,9,2,1896,98,135,19,4.876183017279178,16.93502267898951,0.15151125008987687,0.7984166419785879
widened_lever4_lever8full,Morgan,9,3,1790,91,135,19,8.499607277424571,10.796038377059007,0.2996400851501999,0.5910723720593666
widened_lever4_lever8full,Physical,9,3,1790,91,135,19,2.595106447413518,6.092877699813784,0.7769319538003066,0.9030545131242013
widened_lever4_lever8full,Morgan+Physical,9,3,1790,91,135,19,4.97308583182534,7.177707064817971,0.6904264111672873,0.8705413856570208
widened_lever4_lever8full,Morgan,9,4,1756,94,135,19,13.022568746631705,20.8014080822829,0.11795839165570576,0.6011352305560381
widened_lever4_lever8full,Physical,9,4,1756,94,135,19,5.360325252646588,11.06694817778403,0.7503340266457003,0.8390342132497237
widened_lever4_lever8full,Morgan+Physical,9,4,1756,94,135,19,8.4507405427811,14.991162798405755,0.5418852814393518,0.8092428401077333
full_table_label_placebo,Morgan,0,0,1653,129,128,20,17.08766185606727,20.987514255737644,-1.5248155864494843,-0.5577327739457609
full_table_label_placebo,Physical,0,0,1653,129,128,20,13.893734500145728,16.98440967691446,-0.653516632896685,0.5299746304255964
full_table_label_placebo,Morgan+Physical,0,0,1653,129,128,20,15.340823802149574,18.882639848875467,-1.0437749603007243,0.22244959513250423
full_table_label_placebo,Morgan,0,1,1553,136,128,20,10.412985144155165,14.88575957845834,0.04805369540433879,-0.14641959870527704
full_table_label_placebo,Physical,0,1,1553,136,128,20,10.861771580404394,15.252762666092499,0.0005352609729278868,0.5197010264848515
full_table_label_placebo,Morgan+Physical,0,1,1553,136,128,20,10.2581575562421,14.8757442846245,0.04933422322823322,0.32356653303493044
full_table_label_placebo,Morgan,0,2,1835,72,129,19,5.022891782845391,7.843462592776588,0.23937917334504222,0.43975411181290985
full_table_label_placebo,Physical,0,2,1835,72,129,19,6.767345444912381,9.076695535494366,-0.018610360715040963,0.13504765264165736
full_table_label_placebo,Morgan+Physical,0,2,1835,72,129,19,5.008058895195855,7.512294638366901,0.3022533189325124,0.2702430305986341
full_table_label_placebo,Morgan,0,3,1893,46,129,19,11.810861331607983,26.30818149981836,0.07075346008092964,0.021912775088420475
full_table_label_placebo,Physical,0,3,1893,46,129,19,11.16670737797281,25.225930437219557,0.14563454209518722,0.5035982701259853
full_table_label_placebo,Morgan+Physical,0,3,1893,46,129,19,11.299890166904616,25.537626837850624,0.12439069685624404,0.5128672191384247
full_table_label_placebo,Morgan,0,4,1762,74,129,19,15.835454913119756,24.091167227590944,-0.2015983983930394,-0.1000694778732728
full_table_label_placebo,Physical,0,4,1762,74,129,19,9.804867244571996,14.566915548780527,0.5606821382751512,0.841185684734681
full_table_label_placebo,Morgan+Physical,0,4,1762,74,129,19,12.48567669652578,19.092837444032995,0.24528217684771647,0.7459722272337262
full_table_label_placebo,Morgan,1,0,1664,102,128,20,6.912459364812513,9.060646479238246,0.21049699590768378,0.24333366918758229
full_table_label_placebo,Physical,1,0,1664,102,128,20,8.498836422699574,9.93394670364393,0.05097191134807355,0.14916256532420674
full_table_label_placebo,Morgan+Physical,1,0,1664,102,128,20,7.093789109607769,8.971432803292295,0.22596779184699012,0.2666073084080502
full_table_label_placebo,Morgan,1,1,1812,78,128,20,12.593984351481902,25.675574700334508,-0.07792028160032838,-0.2958292452243865
full_table_label_placebo,Physical,1,1,1812,78,128,20,9.708043418743426,23.0275269755823,0.13295648079739975,0.6530133187458632
full_table_label_placebo,Morgan+Physical,1,1,1812,78,128,20,10.989435535290056,24.138937622318714,0.04724200483914709,0.1531441152104931
full_table_label_placebo,Morgan,1,2,1759,92,129,19,17.62573000219594,21.583130146203114,-0.6317702132119472,0.014614503678211379
full_table_label_placebo,Physical,1,2,1759,92,129,19,13.282754473022791,15.724562276180526,0.13386164303342052,0.47212974501911037
full_table_label_placebo,Morgan+Physical,1,2,1759,92,129,19,14.440050873300304,17.800516588710426,-0.10992939783398903,0.46805444223467796
full_table_label_placebo,Morgan,1,3,1661,111,129,19,11.680604405940974,19.212239303693693,0.0002567577314448455,0.5539006053872289
full_table_label_placebo,Physical,1,3,1661,111,129,19,9.372044370579076,13.863623020527204,0.47942179291985876,0.858143862444943
full_table_label_placebo,Morgan+Physical,1,3,1661,111,129,19,10.31197964018401,16.421822377398318,0.26957571683767145,0.8360654594021767
full_table_label_placebo,Morgan,1,4,1800,74,129,19,12.091628258060764,15.112117070837234,-0.13245256325426213,0.4988403349599879
full_table_label_placebo,Physical,1,4,1800,74,129,19,9.778507384635306,13.168426707831422,0.1401213176447531,0.6306582302086369
full_table_label_placebo,Morgan+Physical,1,4,1800,74,129,19,9.915556283280656,12.715003678098984,0.19831754190510054,0.5110079658440775
full_table_label_placebo,Morgan,2,0,1723,74,128,20,19.493298582804915,25.91033395214897,-0.37316684320460847,-0.30153239297084516
full_table_label_placebo,Physical,2,0,1723,74,128,20,12.088104867838268,16.170577228806962,0.465154516259323,0.7639559214092126
full_table_label_placebo,Morgan+Physical,2,0,1723,74,128,20,15.424060604668696,20.509389464929676,0.139634966510082,0.6162063717018875
full_table_label_placebo,Morgan,2,1,1652,116,128,20,4.4328064011803985,6.1071725646137285,0.498521492231611,0.4644709167854584
full_table_label_placebo,Physical,2,1,1652,116,128,20,6.460824371298427,8.769701586731621,-0.03405008045865077,0.5482653550831809
full_table_label_placebo,Morgan+Physical,2,1,1652,116,128,20,5.403394121722516,7.267873456247879,0.2897902082034408,0.6042524691489858
full_table_label_placebo,Morgan,2,2,1804,77,129,19,14.17676085583575,26.573785627053407,-0.27181805744606935,0.4135454097132458
full_table_label_placebo,Physical,2,2,1804,77,129,19,12.395529936753313,24.74287730423564,-0.1026013898242013,0.5475950113938106
full_table_label_placebo,Morgan+Physical,2,2,1804,77,129,19,12.279570346188237,25.051980377322764,-0.13032220203097977,0.5487434439215821
full_table_label_placebo,Morgan,2,3,1733,99,129,19,8.361896891322282,10.506684489031043,-0.5465250458199877,-0.2372616918689814
full_table_label_placebo,Physical,2,3,1733,99,129,19,8.86732155752471,11.678965599578675,-0.9108840465058083,0.16278328316933446
full_table_label_placebo,Morgan+Physical,2,3,1733,99,129,19,8.305586584195224,10.812383507635857,-0.6378286319066568,-0.17750777388004488
full_table_label_placebo,Morgan,2,4,1784,91,129,19,17.126810671544334,21.04720373575449,-0.7352869902429167,0.3366138697624076
full_table_label_placebo,Physical,2,4,1784,91,129,19,13.237048776144512,15.504343892707125,0.05835048719248459,0.7172852154377013
full_table_label_placebo,Morgan+Physical,2,4,1784,91,129,19,14.771477190709378,18.096690790670625,-0.2828646335233589,0.6997848588313261
full_table_label_placebo,Morgan,3,0,1718,109,128,20,9.393293128631312,18.517669053929048,0.1353653505365059,0.6576696217578804
full_table_label_placebo,Physical,3,0,1718,109,128,20,10.702875484725535,18.619514135954258,0.12582841117171706,0.5322890176508386
full_table_label_placebo,Morgan+Physical,3,0,1718,109,128,20,9.977313966537618,18.456827481715134,0.1410376963086185,0.5872007741982862
full_table_label_placebo,Morgan,3,1,1887,40,128,20,14.466509571456907,24.164403910413274,0.032446370616941445,0.44458077408294605
full_table_label_placebo,Physical,3,1,1887,40,128,20,12.812752600097657,21.481004241554178,0.23540397601907714,0.649324103028102
full_table_label_placebo,Morgan+Physical,3,1,1887,40,128,20,12.209497757339477,22.03233746392309,0.19565193115755963,0.6510145620756151
full_table_label_placebo,Morgan,3,2,1531,162,129,19,11.007145908318037,15.703300801024241,-0.16494307912981077,0.5049427973493803
full_table_label_placebo,Physical,3,2,1531,162,129,19,11.107927554905269,15.445788928830043,-0.12704951789892793,0.20468252156090735
full_table_label_placebo,Morgan+Physical,3,2,1531,162,129,19,10.834295021678784,15.392706153926609,-0.11931613346534742,0.2624805695049222
full_table_label_placebo,Morgan,3,3,1708,91,129,19,15.675433586925463,22.254689551065894,-0.05523394780210844,-0.09439667128904383
full_table_label_placebo,Physical,3,3,1708,91,129,19,11.493380580155929,15.1799208890004,0.5090416053972336,0.501511320480343
full_table_label_placebo,Morgan+Physical,3,3,1708,91,129,19,13.506388827782931,18.535948788307476,0.2679591518296933,0.617150542403018
full_table_label_placebo,Morgan,3,4,1852,55,129,19,10.003262324046743,12.544603550354053,-0.20340176533490517,-0.0413674120673832
full_table_label_placebo,Physical,3,4,1852,55,129,19,5.380163090592817,7.365015239607521,0.585194923909325,0.818860659744982
full_table_label_placebo,Morgan+Physical,3,4,1852,55,129,19,6.97972953804155,8.78972594206295,0.40919055272480354,0.6955158142903567
full_table_label_placebo,Morgan,4,0,1897,59,128,20,9.224153950448766,22.214342588720644,0.030097242011105196,0.6144779869204908
full_table_label_placebo,Physical,4,0,1897,59,128,20,9.684955738390908,21.840621454329906,0.06245688885581446,0.2460011408930597
full_table_label_placebo,Morgan+Physical,4,0,1897,59,128,20,9.039892914852853,21.86825641675418,0.06008283919563184,0.29519546339069946
full_table_label_placebo,Morgan,4,1,1588,117,128,20,8.563238137019232,11.046671448164508,-0.2773740085770737,-0.20939851060280648
full_table_label_placebo,Physical,4,1,1588,117,128,20,8.168293409048228,10.28699243493884,-0.10772521421324877,0.14630893987051363
full_table_label_placebo,Morgan+Physical,4,1,1588,117,128,20,8.301292950502054,10.426365467819863,-0.13794451841575905,-0.07702143503294274
full_table_label_placebo,Morgan,4,2,1598,111,129,19,17.942245889763356,23.37552024928329,-0.3536840307818927,-0.445749429913226
full_table_label_placebo,Physical,4,2,1598,111,129,19,11.385402395588644,14.221686308603664,0.4989317035087514,0.7702159055219177
full_table_label_placebo,Morgan+Physical,4,2,1598,111,129,19,12.948082569239162,17.48814818524054,0.24232600065236387,0.7094381807765017
full_table_label_placebo,Morgan,4,3,1819,73,129,19,7.41677734742883,17.100929326023007,0.17323509308722418,0.5113425403943398
full_table_label_placebo,Physical,4,3,1819,73,129,19,9.7499822632463,17.35660707904932,0.14832818750328391,0.33300754058238924
full_table_label_placebo,Morgan+Physical,4,3,1819,73,129,19,8.515697056516883,17.028340293897337,0.1802390039435463,0.33988605699441893
full_table_label_placebo,Morgan,4,4,1794,97,129,19,15.861038740964279,20.22229745451911,-0.5961948542501248,-0.27631538561221264
full_table_label_placebo,Physical,4,4,1794,97,129,19,12.911068266721117,16.20638992773569,-0.025173769644861732,0.5655772613684565
full_table_label_placebo,Morgan+Physical,4,4,1794,97,129,19,13.59330634724725,17.663562677076953,-0.21781557860509548,0.4499290934350799
full_table_label_placebo,Morgan,5,0,1883,63,128,20,8.435528278653585,17.553785011343777,-0.047540336605208955,0.6052887257441866
full_table_label_placebo,Physical,5,0,1883,63,128,20,8.248510477944027,16.650482475352764,0.05749676476762866,0.7187834197960093
full_table_label_placebo,Morgan+Physical,5,0,1883,63,128,20,6.975724134293814,16.32611196279238,0.09386116047403015,0.793655615770469
full_table_label_placebo,Morgan,5,1,1719,81,128,20,13.90570606322112,16.14092227635689,0.05749232719221686,-0.022742420079453107
full_table_label_placebo,Physical,5,1,1719,81,128,20,10.158729845645103,12.359893126650102,0.4473405086902982,0.7541118338048978
full_table_label_placebo,Morgan+Physical,5,1,1719,81,128,20,11.735518892509555,13.57317959598944,0.33351344465110433,0.7466637314625141
full_table_label_placebo,Morgan,5,2,1560,111,129,19,17.247721561999622,24.795125273844512,-0.10967530398737035,0.3089199634837853
full_table_label_placebo,Physical,5,2,1560,111,129,19,14.6920591566591,21.97704531215357,0.12823001064216433,0.7254225641743914
full_table_label_placebo,Morgan+Physical,5,2,1560,111,129,19,15.59662478601679,23.217278587060104,0.02706028318437803,0.42233991602601184
full_table_label_placebo,Morgan,5,3,1680,128,129,19,6.985279365026951,10.493896186851831,0.03245127150691218,0.7859762150004158
full_table_label_placebo,Physical,5,3,1680,128,129,19,6.061195480954647,7.477576884662319,0.5087290389788772,0.7234107399061135
full_table_label_placebo,Morgan+Physical,5,3,1680,128,129,19,6.337037287783623,8.62485144366816,0.3464142627309257,0.7973647866682183
full_table_label_placebo,Morgan,5,4,1854,74,129,19,12.945488076184246,22.27176467308132,-0.0626652216511705,-0.16299896140321624
full_table_label_placebo,Physical,5,4,1854,74,129,19,11.779394533157348,16.898412380733063,0.38824290114639637,0.4575194292063676
full_table_label_placebo,Morgan+Physical,5,4,1854,74,129,19,12.301295509441477,19.38383313481246,0.19505439356272902,0.39772231447742423
full_table_label_placebo,Morgan,6,0,1885,43,128,20,12.549318994566452,22.848728934036473,-0.12890747367909916,0.2984294855188572
full_table_label_placebo,Physical,6,0,1885,43,128,20,9.803880563957746,18.147953611257204,0.28782031984404455,0.7617207247788951
full_table_label_placebo,Morgan+Physical,6,0,1885,43,128,20,10.825508199824844,20.080095760873764,0.12810172885042048,0.6372454262877331
full_table_label_placebo,Morgan,6,1,1866,60,128,20,15.524268545532228,25.621488126450306,-0.06278380342409373,-0.04645189501867275
full_table_label_placebo,Physical,6,1,1866,60,128,20,13.208994837824504,19.7501224934677,0.3684964251832755,0.6566941568372666
full_table_label_placebo,Morgan+Physical,6,1,1866,60,128,20,14.346051554107667,22.464267691036856,0.1830024435393609,0.6074510255188023
full_table_label_placebo,Morgan,6,2,1580,126,129,19,9.386747651648141,10.6627068627486,-0.07603435228017608,-0.08713296441427096
full_table_label_placebo,Physical,6,2,1580,126,129,19,8.647940884411524,10.502696021488418,-0.04398146583621765,0.6408494184574242
full_table_label_placebo,Morgan+Physical,6,2,1580,126,129,19,8.732467750052798,10.249466187371764,0.005754369969132034,0.5012493952921255
full_table_label_placebo,Morgan,6,3,1699,124,129,19,8.930857438425862,12.280088924182763,-0.05590183267780402,0.4451972409001766
full_table_label_placebo,Physical,6,3,1699,124,129,19,5.851210668822257,7.4942319182066885,0.6067445249262959,0.7468696255457898
full_table_label_placebo,Morgan+Physical,6,3,1699,124,129,19,6.679633449935913,9.003032328930285,0.43245782579911185,0.6859307428015354
full_table_label_placebo,Morgan,6,4,1666,104,129,19,17.25415685907217,25.348756701220033,-0.49789650037530775,-0.14972560881329536
full_table_label_placebo,Physical,6,4,1666,104,129,19,14.430234656301646,22.198766494580767,-0.1487516968973217,0.4218407762865508
full_table_label_placebo,Morgan+Physical,6,4,1666,104,129,19,15.527858421220044,23.551832839676692,-0.2930576872573556,0.11230203310851669
full_table_label_placebo,Morgan,7,0,1659,114,128,20,8.3578945121899,11.13722142183476,0.2810464245812351,0.6870331169377087
full_table_label_placebo,Physical,7,0,1659,114,128,20,7.738212041567083,9.701263342681692,0.45448873013937585,0.7688777621456145
full_table_label_placebo,Morgan+Physical,7,0,1659,114,128,20,7.9530859300178385,9.934158895127192,0.4279824624628633,0.7864273765609073
full_table_label_placebo,Morgan,7,1,1806,77,128,20,19.797535835563366,25.93537995538625,-0.5577708660090466,0.12247172999056266
full_table_label_placebo,Physical,7,1,1806,77,128,20,17.629828979888522,22.101367315556093,-0.1312448952346812,0.15469241245935494
full_table_label_placebo,Morgan+Physical,7,1,1806,77,128,20,18.31370869891675,23.813050882495,-0.31325307835452976,0.12925604541416813
full_table_label_placebo,Morgan,7,2,1724,80,129,19,9.777850341186525,11.442116057452125,-0.04794903652824156,0.12669416787022056
full_table_label_placebo,Physical,7,2,1724,80,129,19,10.500179683074952,13.024739128684908,-0.3578929481465105,-0.09911489998918764
full_table_label_placebo,Morgan+Physical,7,2,1724,80,129,19,9.974929025516511,11.860880196847466,-0.12605941014631705,-0.031323481584239345
full_table_label_placebo,Morgan,7,3,1746,78,129,19,8.166644699171018,20.805503492586595,-0.02436507757766604,0.2567353657130715
full_table_label_placebo,Physical,7,3,1746,78,129,19,8.51233281548916,19.07219745170827,0.13920492728098965,0.7352497115685659
full_table_label_placebo,Morgan+Physical,7,3,1746,78,129,19,7.427980864085662,19.40361674843131,0.10902877142794754,0.4976982796940981
full_table_label_placebo,Morgan,7,4,1761,108,129,19,15.299936808833365,22.110335354478337,-0.6486063979586343,0.5144355514572996
full_table_label_placebo,Physical,7,4,1761,108,129,19,9.644223020694874,14.67411871691935,0.27384325101722007,0.8310632534879543
full_table_label_placebo,Morgan+Physical,7,4,1761,108,129,19,12.390262020252367,18.238975065370173,-0.12183033835665347,0.7451485490519553
full_table_label_placebo,Morgan,8,0,1540,136,128,20,8.609134677067924,17.43360262550196,0.12428211417983526,0.8714209582440967
full_table_label_placebo,Physical,8,0,1540,136,128,20,6.944203006508771,15.234425985894411,0.33128336778692036,0.8878178829842002
full_table_label_placebo,Morgan+Physical,8,0,1540,136,128,20,7.753942143406588,16.22908517061657,0.24111142686632192,0.8800207215990816
full_table_label_placebo,Morgan,8,1,1795,82,128,20,12.225944794497606,14.626811132213076,0.08655209644494888,0.07930387910874795
full_table_label_placebo,Physical,8,1,1795,82,128,20,8.109829907818307,11.344269505903096,0.45053814611396836,0.6988627781172735
full_table_label_placebo,Morgan+Physical,8,1,1795,82,128,20,9.945880002329757,12.215539853085884,0.36289677131856446,0.6307770076344656
full_table_label_placebo,Morgan,8,2,1732,80,129,19,9.422864384422303,10.979955770060831,-0.20703053504455493,-0.055052502070066775
full_table_label_placebo,Physical,8,2,1732,80,129,19,10.884565568504334,13.159995224150371,-0.7339179352315892,0.033460623745658835
full_table_label_placebo,Morgan+Physical,8,2,1732,80,129,19,9.221110353240967,11.024647487781591,-0.2168764859337331,0.14419260317514848
full_table_label_placebo,Morgan,8,3,1877,51,129,19,17.25678163057215,31.476983969509494,-0.29566845709287914,0.049308227292530045
full_table_label_placebo,Physical,8,3,1877,51,129,19,16.825360766915715,27.486411479175374,0.012030021824797732,0.3906976282159436
full_table_label_placebo,Morgan+Physical,8,3,1877,51,129,19,16.84797533536425,29.18204431686948,-0.1136252914319098,0.26881865601924765
full_table_label_placebo,Morgan,8,4,1752,108,129,19,14.09333992103294,18.65790822830436,-0.4070273738803085,0.4132380971496165
full_table_label_placebo,Physical,8,4,1752,108,129,19,11.643628036993524,14.865158585377557,0.10686782508288639,0.330868258736593
full_table_label_placebo,Morgan+Physical,8,4,1752,108,129,19,12.34411274493182,16.444930909006718,-0.09305181055155098,0.633430823759703
full_table_label_placebo,Morgan,9,0,1899,68,128,20,12.26382658251594,19.442536780716765,-0.0038252988451574765,0.30011003088756955
full_table_label_placebo,Physical,9,0,1899,68,128,20,9.901443599700928,16.68805751642518,0.2604562788978334,0.8889256235473895
full_table_label_placebo,Morgan+Physical,9,0,1899,68,128,20,10.767515993903665,17.846601974710794,0.15420842639868726,0.8138514035032829
full_table_label_placebo,Morgan,9,1,1762,106,128,20,15.795816650390623,20.422900065596078,-0.9802129546072536,-0.33435524470499806
full_table_label_placebo,Physical,9,1,1762,106,128,20,12.191753198155816,14.99075132411446,-0.06690038690589106,0.5482460258394221
full_table_label_placebo,Morgan+Physical,9,1,1762,106,128,20,13.619253049310645,17.383958913903196,-0.4347440971287464,0.41839801409330046
full_table_label_placebo,Morgan,9,2,1767,98,129,19,6.077754299771055,17.712446846528387,0.07182120327285357,0.719717779184362
full_table_label_placebo,Physical,9,2,1767,98,129,19,5.86097697730551,16.64831499798791,0.17999765922310518,0.5149630517784021
full_table_label_placebo,Morgan+Physical,9,2,1767,98,129,19,5.451778296894929,17.001868569377585,0.14479972385052975,0.6210633512531916
full_table_label_placebo,Morgan,9,3,1658,91,129,19,11.870640501383686,15.2377468972237,-0.395191921685214,-0.11295006008606623
full_table_label_placebo,Physical,9,3,1658,91,129,19,9.410538456974239,10.930483623495842,0.2820880248168939,0.505605990900859
full_table_label_placebo,Morgan+Physical,9,3,1658,91,129,19,9.908926097623384,12.317068856978533,0.08839398843203772,0.17259654535124208
full_table_label_placebo,Morgan,9,4,1610,94,129,19,15.685724140394495,21.73548200174611,0.03696481354468595,0.018271456604061022
full_table_label_placebo,Physical,9,4,1610,94,129,19,10.903182935170925,13.796085034168966,0.6120146481272236,0.7843115498158884
full_table_label_placebo,Morgan+Physical,9,4,1610,94,129,19,13.182596212411434,17.49547878741712,0.3760421277820617,0.7128364414844048
