protocol,representation,repeat,fold,train_rows,test_rows,train_compounds,test_compounds,mae,rmse,r2,spearman
paired_base,Morgan,0,0,328,129,77,20,15.80106188420732,19.79736735084448,-1.2465833595490716,-0.2692634868251015
paired_base,Physical,0,0,328,129,77,20,18.707810244005778,22.068834615700332,-1.7916852659006017,0.5341175799905006
paired_base,Morgan+Physical,0,0,328,129,77,20,8.309259865930837,9.80603209563924,0.44881895349169376,0.5057784148328935
paired_base,Morgan,0,1,321,136,77,20,13.270327840625537,17.482831436499804,-0.31308848270569967,-0.022933490707184263
paired_base,Physical,0,1,321,136,77,20,3.428869516310972,5.53189024207353,0.8685327553259132,0.8481192909406743
paired_base,Morgan+Physical,0,1,321,136,77,20,7.839173476376252,10.562870067864445,0.5206703138537356,0.36187862555591604
paired_base,Morgan,0,2,385,72,78,19,6.268117459636264,8.857746930671421,0.02993889940388106,0.0495327547692496
paired_base,Physical,0,2,385,72,78,19,8.945496932856242,12.393051971798998,-0.8989306106858601,0.22511629796957838
paired_base,Morgan+Physical,0,2,385,72,78,19,5.9120675322002825,9.694086800105929,-0.1618936053547555,0.2204951900098126
paired_base,Morgan,0,3,411,46,78,19,9.867929656318998,26.08893468095654,0.08617721016724211,0.5992786766114082
paired_base,Physical,0,3,411,46,78,19,8.52724353242957,24.42468719819851,0.19904647897859884,0.7093651627132864
paired_base,Morgan+Physical,0,3,411,46,78,19,8.169022655818775,24.957106263192273,0.16374688167566387,0.8192838059082257
paired_base,Morgan,0,4,383,74,78,19,16.23708513894571,23.56896636951814,-0.15007120440533428,0.26297376646379506
paired_base,Physical,0,4,383,74,78,19,8.52862388536711,12.198760840372474,0.6919117820505831,0.8885283237138828
paired_base,Morgan+Physical,0,4,383,74,78,19,10.953391586412998,17.163096858912656,0.3901332403782234,0.8242179464778916
paired_base,Morgan,1,0,355,102,77,20,7.422386764436608,9.0745583131983,0.20807070838327002,0.8218613040372529
paired_base,Physical,1,0,355,102,77,20,7.04940995862624,11.172940600748136,-0.20052275194450497,0.45330834802895514
paired_base,Morgan+Physical,1,0,355,102,77,20,5.323196221063651,8.653252333709396,0.2798977770127249,0.8844221581548171
paired_base,Morgan,1,1,379,78,77,20,10.373795394035241,24.03312431702561,0.05557654826417158,0.40165403100884084
paired_base,Physical,1,1,379,78,77,20,6.941951966878452,22.07595653208704,0.20313388925174014,0.9072576085729132
paired_base,Morgan+Physical,1,1,379,78,77,20,8.330839296297905,22.788814896817318,0.1508395106870407,0.8926405144919384
paired_base,Morgan,1,2,365,92,78,19,14.909710118003515,17.71454997500406,-0.09923459961854486,0.8444538729664535
paired_base,Physical,1,2,365,92,78,19,5.952657193681468,7.184900104319601,0.8191695301957583,0.9033169763385194
paired_base,Morgan+Physical,1,2,365,92,78,19,6.146600221302198,7.485837694162419,0.8037042235431462,0.8910273553841033
paired_base,Morgan,1,3,346,111,78,19,10.381847117738465,17.313417386600925,0.18810830258250388,0.772040636346388
paired_base,Physical,1,3,346,111,78,19,12.390877646475436,19.19254141529826,0.00230573652928201,0.857834551477673
paired_base,Morgan+Physical,1,3,346,111,78,19,9.50064488737089,15.602429666865754,0.34064854435863023,0.8601742936215496
paired_base,Morgan,1,4,383,74,78,19,11.551480190586398,15.450778074813183,-0.1837775780761315,0.6054307253727218
paired_base,Physical,1,4,383,74,78,19,17.986117296244647,24.43612783567078,-1.9609711599257271,0.7715392730034066
paired_base,Morgan+Physical,1,4,383,74,78,19,8.056639739887137,11.466379079982838,0.3480384381588497,0.8388769668295742
paired_base,Morgan,2,0,383,74,77,20,17.0548245483151,24.08207313108728,-0.18621941806634967,0.03218028789198679
paired_base,Physical,2,0,383,74,77,20,12.318566374552958,16.161945691322707,0.4657253439628576,0.5604453163651264
paired_base,Morgan+Physical,2,0,383,74,77,20,14.44714931040171,19.95309391764664,0.18567497605988703,0.43272261444424415
paired_base,Morgan,2,1,341,116,77,20,6.299133330141264,7.992154460880511,0.14118488551702402,0.8904115261760212
paired_base,Physical,2,1,341,116,77,20,7.081787087315526,10.811716704867901,-0.571669613704519,0.48270185857859105
paired_base,Morgan+Physical,2,1,341,116,77,20,5.255862817961593,8.095500783212591,0.11883065531420267,0.8434360254481522
paired_base,Morgan,2,2,380,77,78,19,9.717596913622572,23.713034818400796,-0.012727050664265604,0.6241040273746519
paired_base,Physical,2,2,380,77,78,19,8.122421236508853,22.943890392270447,0.051904138113807896,0.7917222422455337
paired_base,Morgan+Physical,2,2,380,77,78,19,8.169152891481078,23.017357738389933,0.04582272791077724,0.7870890362398834
paired_base,Morgan,2,3,358,99,78,19,5.3638431406194504,6.41748197316443,0.42302779635107035,0.689508755078189
paired_base,Physical,2,3,358,99,78,19,4.0920089546434815,7.604578632275814,0.18983050655130274,0.8221678324435785
paired_base,Morgan+Physical,2,3,358,99,78,19,4.124234310311983,6.129200778756852,0.4737001183476688,0.7657110639530829
paired_base,Morgan,2,4,366,91,78,19,15.364694404099014,18.23121267895863,-0.30200788879157603,0.6883674255525745
paired_base,Physical,2,4,366,91,78,19,7.1942846869583965,8.494688593258948,0.7173314922828956,0.9150183847732065
paired_base,Morgan+Physical,2,4,366,91,78,19,6.720492051847687,8.335912811713536,0.7277995568988198,0.9120164691866892
paired_base,Morgan,3,0,348,109,77,20,9.850515186288819,18.62346037511424,0.12545782623629465,0.6104419011502987
paired_base,Physical,3,0,348,109,77,20,6.33476714062822,16.882261648034888,0.28134367387228976,0.8240705581056469
paired_base,Morgan+Physical,3,0,348,109,77,20,7.382438313531436,16.9771623857329,0.2732413583080485,0.799641532919014
paired_base,Morgan,3,1,417,40,77,20,12.151753050231934,23.505476467129622,0.08449442878266733,0.6081145035610794
paired_base,Physical,3,1,417,40,77,20,11.658883573436736,17.199779592082653,0.5098052712018711,0.6949646064590004
paired_base,Morgan+Physical,3,1,417,40,77,20,11.366380926990509,17.99321860611051,0.4635359964598702,0.7709888256813365
paired_base,Morgan,3,2,295,162,78,19,10.85950156441206,13.008316903320488,0.20059838194627222,0.5823115628924441
paired_base,Physical,3,2,295,162,78,19,8.724482455851707,13.980304977004574,0.07667180586555189,0.7464286114446615
paired_base,Morgan+Physical,3,2,295,162,78,19,8.258940378222054,9.702795837841885,0.5552493489777315,0.7715114745236148
paired_base,Morgan,3,3,366,91,78,19,11.824455937027144,18.861687747531708,0.24200424139319576,0.7630677558307558
paired_base,Physical,3,3,366,91,78,19,8.951035437162629,15.392625945399512,0.4951863317808033,0.9282659722429973
paired_base,Morgan+Physical,3,3,366,91,78,19,9.947930633679064,16.184287445187696,0.4419246501328634,0.9112729109891047
paired_base,Morgan,3,4,402,55,78,19,10.476464447515315,15.382098398837563,-0.809372282324345,0.18214316351441348
paired_base,Physical,3,4,402,55,78,19,6.651674338227706,8.37549994800185,0.46356359515819456,0.8940890474516655
paired_base,Morgan+Physical,3,4,402,55,78,19,6.152776605232932,9.560961384937615,0.3009634386546969,0.6609907677791698
paired_base,Morgan,4,0,398,59,77,20,10.275598775443386,21.91928107986351,0.055691551084629975,0.24109108692760567
paired_base,Physical,4,0,398,59,77,20,9.6338510679148,21.66995500197766,0.07705189431622717,0.7635762893376479
paired_base,Morgan+Physical,4,0,398,59,77,20,7.367958848791607,20.76110020778039,0.15284672698561508,0.7777122280480024
paired_base,Morgan,4,1,340,117,77,20,7.534073092740051,11.860218700221338,-0.4724501317174197,0.4417181414495794
paired_base,Physical,4,1,340,117,77,20,4.368143005120693,6.028716956868658,0.6195435164154892,0.6524600224875374
paired_base,Morgan+Physical,4,1,340,117,77,20,5.248253312015371,8.327235673182049,0.27413323425208047,0.5329591929565134
paired_base,Morgan,4,2,346,111,78,19,13.628407963259583,20.004464658648356,0.008600713012182903,0.5976345029663745
paired_base,Physical,4,2,346,111,78,19,22.290187128757786,30.89386425046601,-1.3644993701883092,0.7212588631456919
paired_base,Morgan+Physical,4,2,346,111,78,19,13.483369948117367,19.685150000519208,0.03999788070518251,0.7168053829421622
paired_base,Morgan,4,3,384,73,78,19,6.7408485747245885,15.66387906156617,0.30634862332241797,0.6533266904597351
paired_base,Physical,4,3,384,73,78,19,6.020985156208195,8.533581397247502,0.7941242091207202,0.8329416320338915
paired_base,Morgan+Physical,4,3,384,73,78,19,5.583846388704482,11.023311985278,0.6564683082558735,0.9092831780346011
paired_base,Morgan,4,4,360,97,78,19,13.21303199697278,17.750742231435936,-0.22986644536605394,0.6568263533135187
paired_base,Physical,4,4,360,97,78,19,8.923509608868471,9.764522731354534,0.6278423424696626,0.82975004653168
paired_base,Morgan+Physical,4,4,360,97,78,19,6.88338522889442,7.7816083439547405,0.7636456198969277,0.9064151711915784
paired_base,Morgan,5,0,394,63,77,20,7.254420235648988,16.439888323483142,0.08118742397029144,0.7334547289529771
paired_base,Physical,5,0,394,63,77,20,6.15921705636524,9.493350578018632,0.69361447527967,0.5938887027167242
paired_base,Morgan+Physical,5,0,394,63,77,20,6.175525371430413,12.4927186909845,0.4694294671458614,0.6895904282952904
paired_base,Morgan,5,1,376,81,77,20,9.172393744631167,11.83284381052476,0.4934684910716626,0.8023833752067941
paired_base,Physical,5,1,376,81,77,20,9.665134623690005,15.312702334051366,0.15173434684256193,0.8063537571851271
paired_base,Morgan+Physical,5,1,376,81,77,20,7.098237754878291,10.968299715807344,0.5647820283798219,0.8145519798435091
paired_base,Morgan,5,2,346,111,78,19,15.031620462487023,22.43039536883135,0.09189270466542254,0.47149653428813326
paired_base,Physical,5,2,346,111,78,19,7.9320690605754685,16.499691344581393,0.5086228610872109,0.8993854236832184
paired_base,Morgan+Physical,5,2,346,111,78,19,11.16449009153074,18.970940414208428,0.3504074625179693,0.8163152297440893
paired_base,Morgan,5,3,329,128,78,19,6.0287598174572,8.74038531179953,0.3287868187874422,0.8442322922595502
paired_base,Physical,5,3,329,128,78,19,10.514898349183799,14.48069779833603,-0.8423761371739784,0.9126052215265522
paired_base,Morgan+Physical,5,3,329,128,78,19,3.9969469678282734,4.87998151710268,0.790764354225227,0.9048072888412921
paired_base,Morgan,5,4,383,74,78,19,12.516003713968637,20.629905716388055,0.0882375642346862,0.6334981469037098
paired_base,Physical,5,4,383,74,78,19,8.799968504364426,15.219818981817795,0.5037435282746545,0.7523926117075952
paired_base,Morgan+Physical,5,4,383,74,78,19,10.585976308461781,17.282975215642136,0.3600821516849575,0.744159915864457
paired_base,Morgan,6,0,414,43,77,20,11.0422242153079,20.548884462955137,0.08691594692311233,0.5194802158142786
paired_base,Physical,6,0,414,43,77,20,10.216209004734838,13.777945788860961,0.5895094150297561,0.7070613952196215
paired_base,Morgan+Physical,6,0,414,43,77,20,10.43162505358319,16.341192954398274,0.4225667692274564,0.7093334434047746
paired_base,Morgan,6,1,397,60,77,20,13.966465471013388,23.608422842093464,0.09766006923418924,0.8408078806650149
paired_base,Physical,6,1,397,60,77,20,7.724932819747924,13.256177561094793,0.7155061702836527,0.8356132200502165
paired_base,Morgan+Physical,6,1,397,60,77,20,10.340416638437908,18.09045656612645,0.47017154151920093,0.8776822348962082
paired_base,Morgan,6,2,331,126,78,19,15.740486170438736,19.218832892251406,-2.49578905194409,-0.5192273686056881
paired_base,Physical,6,2,331,126,78,19,6.058384596827673,8.247012783243838,0.35629848364798866,0.901846129454554
paired_base,Morgan+Physical,6,2,331,126,78,19,10.32898287956601,12.412702833795828,-0.45822289716764764,0.7269783746779054
paired_base,Morgan,6,3,333,124,78,19,6.7340923874270535,9.077997580810711,0.422967006833706,0.8493674724113045
paired_base,Physical,6,3,333,124,78,19,11.792290883882583,16.023600408792138,-0.7977973360043358,0.8044252113274851
paired_base,Morgan+Physical,6,3,333,124,78,19,5.193559699876848,6.753503913217428,0.6806412409989151,0.8564731704751966
paired_base,Morgan,6,4,353,104,78,19,15.48650596010208,23.2741685374006,-0.2627484084872047,0.2879003521272135
paired_base,Physical,6,4,353,104,78,19,9.625787739904844,17.748763480152675,0.26564732006379244,0.8284759765692045
paired_base,Morgan+Physical,6,4,353,104,78,19,11.277058686811008,19.724605371788368,0.0930462805520541,0.7404054947622619
paired_base,Morgan,7,0,343,114,77,20,5.619109242302075,8.464374171458367,0.5847239869889165,0.9099401094819854
paired_base,Physical,7,0,343,114,77,20,4.6436903450413745,7.683688574886021,0.6577947655646348,0.9269442320664649
paired_base,Morgan+Physical,7,0,343,114,77,20,3.418817673612896,6.076806377384515,0.7859585238850064,0.9350437171685037
paired_base,Morgan,7,1,380,77,77,20,18.662115705613967,24.250664021400894,-0.3619639650613853,0.5207328803931845
paired_base,Physical,7,1,380,77,77,20,4.5572484268584805,8.392875195515195,0.8368677306476782,0.9504519194651178
paired_base,Morgan+Physical,7,1,380,77,77,20,11.430764838082451,15.234352423773469,0.462515005855742,0.6984848567704732
paired_base,Morgan,7,2,377,80,78,19,8.500720731601714,10.204867163487597,0.1664298053639257,0.7306705192333308
paired_base,Physical,7,2,377,80,78,19,9.966273387596607,17.301159359502662,-1.3959507049769626,0.7093514149205459
paired_base,Morgan+Physical,7,2,377,80,78,19,8.790723446235656,12.39067518569513,-0.228902450992845,0.7065875286360318
paired_base,Morgan,7,3,379,78,78,19,7.380298582376334,19.28050336423922,0.12029909270614592,0.36258667435947456
paired_base,Physical,7,3,379,78,78,19,8.571237016468537,18.079183226553344,0.22650783972006017,0.4829866889643582
paired_base,Morgan+Physical,7,3,379,78,78,19,7.6808675830899755,18.20822836501134,0.21542640627275345,0.4578195664742614
paired_base,Morgan,7,4,349,108,78,19,13.510199314258715,20.434073694614103,-0.4081088632485337,0.7830831304933195
paired_base,Physical,7,4,349,108,78,19,13.719010704817595,20.902581121650506,-0.47341862955232283,0.864094403644815
paired_base,Morgan+Physical,7,4,349,108,78,19,8.469483029330219,14.03528490900231,0.33569306304944324,0.8652615622642431
paired_base,Morgan,8,0,321,136,77,20,8.401872533820656,16.22021713993842,0.241940556590863,0.663524753428235
paired_base,Physical,8,0,321,136,77,20,7.1286246810296,14.86852296403729,0.36302030209643177,0.7956485233907937
paired_base,Morgan+Physical,8,0,321,136,77,20,4.52445478927388,14.11285493972012,0.426121849631656,0.814779456708211
paired_base,Morgan,8,1,375,82,77,20,10.659687834070718,12.767035486422492,0.304071524234966,0.5221556873692655
paired_base,Physical,8,1,375,82,77,20,6.927960593112852,8.754253807181236,0.6727928813187256,0.8586899025890479
paired_base,Morgan+Physical,8,1,375,82,77,20,5.837141502246392,8.702765643386709,0.6766305013816338,0.8870548052641064
paired_base,Morgan,8,2,377,80,78,19,4.967265239295959,5.7639260575267945,0.667375773836971,0.8376032487957459
paired_base,Physical,8,2,377,80,78,19,3.5654472019052506,4.789216811593219,0.7703607751669884,0.8975162845859209
paired_base,Morgan+Physical,8,2,377,80,78,19,4.198869341192245,4.774358786060338,0.7717834264866437,0.8925254618727461
paired_base,Morgan,8,3,406,51,78,19,17.606692211824303,29.3595783018521,-0.12721636982644902,0.41105938332601916
paired_base,Physical,8,3,406,51,78,19,11.805470121196672,18.969915965075106,0.5294145725659654,0.6988137227208994
paired_base,Morgan+Physical,8,3,406,51,78,19,13.75130773447074,23.59585822369546,0.27191980721869446,0.719028941985849
paired_base,Morgan,8,4,349,108,78,19,13.178153026439523,17.44241166153482,-0.2296731940218506,0.41322385157165115
paired_base,Physical,8,4,349,108,78,19,5.93237174212491,8.98349949602199,0.6738121823612417,0.8793266753673494
paired_base,Morgan+Physical,8,4,349,108,78,19,7.967854383980785,10.403494443673758,0.5625432514581624,0.8595435240257073
paired_base,Morgan,9,0,389,68,77,20,9.872007392883301,17.598002881008338,0.1776076775296016,0.7566212274031847
paired_base,Physical,9,0,389,68,77,20,5.307263039504781,7.121995510728184,0.8653036989613,0.8812710002864316
paired_base,Morgan+Physical,9,0,389,68,77,20,6.7105848470295175,11.21243382188993,0.666149474735175,0.9213995325860296
paired_base,Morgan,9,1,351,106,77,20,13.192489055417619,17.479404123300643,-0.4505420380820542,0.751295310237066
paired_base,Physical,9,1,351,106,77,20,8.087346746120812,10.000404923791304,0.5251983238964839,0.9425562093992721
paired_base,Morgan+Physical,9,1,351,106,77,20,4.42342320532169,6.0895937630237515,0.8239428300447731,0.9287941672867402
paired_base,Morgan,9,2,359,98,78,19,6.476206584323181,17.416933767468908,0.10253416671490678,0.6649451981336082
paired_base,Physical,9,2,359,98,78,19,6.197939206321872,16.329128479890866,0.21113890965718185,0.8835701283162948
paired_base,Morgan+Physical,9,2,359,98,78,19,4.953953104587477,16.4179597333431,0.20253267857030888,0.7767574455065677
paired_base,Morgan,9,3,366,91,78,19,13.56390558754722,24.391372783054692,-2.5749084907470885,0.29690745033829374
paired_base,Physical,9,3,366,91,78,19,18.29727022062532,25.48678907916737,-2.9032169549970277,0.6847787330647529
paired_base,Morgan+Physical,9,3,366,91,78,19,12.849823528294827,18.302320793090132,-1.0128192079977518,0.6278549038137965
paired_base,Morgan,9,4,363,94,78,19,16.74775615171067,20.779215943209792,0.11983941321159719,0.5144819550393203
paired_base,Physical,9,4,363,94,78,19,27.45948037417797,30.29179981481371,-0.8704829788387554,0.06850408855664057
paired_base,Morgan+Physical,9,4,363,94,78,19,21.84339985549602,24.497248006059944,-0.2233147217606426,0.07300069256386349
paired_plus_coverage,Morgan,0,0,455,129,127,20,14.859325592218445,18.550845777419475,-0.9725820831849428,0.07910510430988846
paired_plus_coverage,Physical,0,0,455,129,127,20,13.188091285764708,14.914903018370877,-0.2751125548151665,0.8622919414476168
paired_plus_coverage,Morgan+Physical,0,0,455,129,127,20,5.325738413729409,7.210267467407827,0.7020040203397947,0.8415103063572611
paired_plus_coverage,Morgan,0,1,448,136,127,20,9.285565352765252,13.853869792674871,0.1754582424792519,0.11223424200243105
paired_plus_coverage,Physical,0,1,448,136,127,20,5.420622874669467,8.712025097365608,0.6739316188940552,0.8185447894760572
paired_plus_coverage,Morgan+Physical,0,1,448,136,127,20,6.889859936141968,10.912536723945847,0.4884101869880707,0.7490400413979058
paired_plus_coverage,Morgan,0,2,512,72,128,19,5.803462332280477,9.196919825792532,-0.04577283040713409,0.2273651228107897
paired_plus_coverage,Physical,0,2,512,72,128,19,6.152437755987379,8.13401727695981,0.18198223674247505,0.4336728923387838
paired_plus_coverage,Morgan+Physical,0,2,512,72,128,19,5.6848585045920474,7.561106145714165,0.29315657396026373,0.32583597762248045
paired_plus_coverage,Morgan,0,3,538,46,128,19,9.451884034529975,25.63955086674925,0.11738740528125102,0.5590237029902182
paired_plus_coverage,Physical,0,3,538,46,128,19,8.61182025627468,25.494398572410457,0.1273525253634219,0.8905703633657146
paired_plus_coverage,Morgan+Physical,0,3,538,46,128,19,8.514312843156898,25.27490502787458,0.14231392597750125,0.7148304837748747
paired_plus_coverage,Morgan,0,4,510,74,128,19,15.233183075060458,23.729643945163744,-0.16580550009500628,0.4812513585562831
paired_plus_coverage,Physical,0,4,510,74,128,19,4.702628751052651,7.0481614559254675,0.8971521198834098,0.9295566650288546
paired_plus_coverage,Morgan+Physical,0,4,510,74,128,19,7.454542512281263,10.78726855879437,0.7590834483415562,0.9267840509587233
paired_plus_coverage,Morgan,1,0,482,102,127,20,5.1832212219462654,6.519593518355048,0.5912324106039373,0.8977212479005726
paired_plus_coverage,Physical,1,0,482,102,127,20,6.400980133273553,10.213903869851853,-0.0032725905154402657,0.858631579227654
paired_plus_coverage,Morgan+Physical,1,0,482,102,127,20,4.63031752761392,7.222829702164069,0.49829299378737635,0.857468799303724
paired_plus_coverage,Morgan,1,1,506,78,127,20,10.328321146799723,24.708191803359185,0.0017754996806504941,0.7710576280060091
paired_plus_coverage,Physical,1,1,506,78,127,20,6.553748773251068,21.79874069036666,0.22302131055643248,0.9112482295926194
paired_plus_coverage,Morgan+Physical,1,1,506,78,127,20,7.950724930328956,23.01184003886795,0.13413738259964714,0.8881867360436119
paired_plus_coverage,Morgan,1,2,492,92,128,19,15.500926795378975,18.534462732424736,-0.20334496445309513,0.7067009132202317
paired_plus_coverage,Physical,1,2,492,92,128,19,10.308739207682404,13.958643237618062,0.31747815357777665,0.9141818242134164
paired_plus_coverage,Morgan+Physical,1,2,492,92,128,19,4.1980363296011225,5.540108394096571,0.8924855924962908,0.9302252420821536
paired_plus_coverage,Morgan,1,3,473,111,128,19,10.253353148568642,18.712911653073142,0.05154826203407403,0.6391101911121512
paired_plus_coverage,Physical,1,3,473,111,128,19,3.7936202704042996,5.55018982197611,0.916565018188962,0.9437141448891287
paired_plus_coverage,Morgan+Physical,1,3,473,111,128,19,5.379560545789015,9.072231263695613,0.7770739981071436,0.9357571245436347
paired_plus_coverage,Morgan,1,4,510,74,128,19,8.830632349890632,11.466377261318675,0.34803864497200765,0.724148520562163
paired_plus_coverage,Physical,1,4,510,74,128,19,23.803477800987864,34.97885739559078,-5.0670928063487155,0.8400997941794521
paired_plus_coverage,Morgan+Physical,1,4,510,74,128,19,11.771300664334685,15.954889036667366,-0.26228370728113437,0.8489318774885057
paired_plus_coverage,Morgan,2,0,510,74,127,20,16.610758314293527,24.86166813949752,-0.26426413339260146,0.3175030676803439
paired_plus_coverage,Physical,2,0,510,74,127,20,5.518979216131262,7.409364533691967,0.8877104835629915,0.9586346920875479
paired_plus_coverage,Morgan+Physical,2,0,510,74,127,20,10.472603385931478,13.968161510624915,0.6009238412736713,0.9478565098033449
paired_plus_coverage,Morgan,2,1,468,116,127,20,4.062682266327431,6.419405248773868,0.4459339656289638,0.7625434391641835
paired_plus_coverage,Physical,2,1,468,116,127,20,4.575448453975545,7.458688177938724,0.25200818771070355,0.82854139487151
paired_plus_coverage,Morgan+Physical,2,1,468,116,127,20,3.097830536151755,6.23928661869114,0.47659024219699986,0.8398500732221791
paired_plus_coverage,Morgan,2,2,507,77,128,19,9.045719328298198,24.27091938615595,-0.06093942440036382,0.704261563024953
paired_plus_coverage,Physical,2,2,507,77,128,19,10.657313907672831,23.255210580416875,0.02600060873882193,0.7007147428919297
paired_plus_coverage,Morgan+Physical,2,2,507,77,128,19,7.605069278865666,23.175861819344792,0.032636007038913895,0.8016048344706688
paired_plus_coverage,Morgan,2,3,485,99,128,19,5.86287034484401,6.692941967924558,0.3724335831619109,0.7355087276954776
paired_plus_coverage,Physical,2,3,485,99,128,19,3.1768810322385854,5.396593413233138,0.591995480261015,0.8163666635332473
paired_plus_coverage,Morgan+Physical,2,3,485,99,128,19,3.763362070457382,4.998941572962371,0.6499083941733956,0.7829354169864832
paired_plus_coverage,Morgan,2,4,493,91,128,19,16.094836226997792,19.455352422675915,-0.482725324276684,0.722082860719022
paired_plus_coverage,Physical,2,4,493,91,128,19,15.50118005115383,21.402953019365565,-0.7944439482252503,0.8807535205545838
paired_plus_coverage,Morgan+Physical,2,4,493,91,128,19,4.307568773458292,6.6161178492018236,0.8285296771047205,0.8829707702222332
paired_plus_coverage,Morgan,3,0,475,109,127,20,8.773282689309776,18.091745466188062,0.17468272191191914,0.4168963894564053
paired_plus_coverage,Physical,3,0,475,109,127,20,5.814629062918567,16.94746781203449,0.2757814665067747,0.838202986202996
paired_plus_coverage,Morgan+Physical,3,0,475,109,127,20,5.053349152878228,16.704722761115537,0.2963794033952706,0.8182594352804435
paired_plus_coverage,Morgan,3,1,544,40,127,20,11.739520831966399,23.516347035179308,0.08364744600488339,0.7014500639113481
paired_plus_coverage,Physical,3,1,544,40,127,20,10.536071761703493,17.6998437450909,0.48088719906980615,0.8019563498360981
paired_plus_coverage,Morgan+Physical,3,1,544,40,127,20,10.276907695865631,18.818388986727467,0.41320317359333725,0.8177473328145866
paired_plus_coverage,Morgan,3,2,422,162,128,19,11.061315706686328,13.560631638365352,0.13127435163617296,0.5517239726734495
paired_plus_coverage,Physical,3,2,422,162,128,19,10.578839162850086,16.731685262801985,-0.32251978878743315,0.8856727945005984
paired_plus_coverage,Morgan+Physical,3,2,422,162,128,19,5.262710465352329,6.327539206847513,0.8108560320389921,0.7789586950416386
paired_plus_coverage,Morgan,3,3,493,91,128,19,10.564661070067016,19.73100966285421,0.17052310696606898,0.8684994082351153
paired_plus_coverage,Physical,3,3,493,91,128,19,4.303476436162257,5.8355894088387705,0.927443699878949,0.932316824298077
paired_plus_coverage,Morgan+Physical,3,3,493,91,128,19,6.460728892282338,9.994727084911977,0.7871627919278468,0.9397695910990245
paired_plus_coverage,Morgan,3,4,529,55,128,19,9.216687310105756,11.52053426670583,-0.014943818316660806,0.6021401286833207
paired_plus_coverage,Physical,3,4,529,55,128,19,2.9013033875288525,4.375441136676756,0.8536002099495793,0.9066751905176273
paired_plus_coverage,Morgan+Physical,3,4,529,55,128,19,4.463463197751132,5.619857618499448,0.7584831765206121,0.9223896812820652
paired_plus_coverage,Morgan,4,0,525,59,127,20,10.906348949884965,23.061721038154207,-0.0453090073910154,0.32363777188370396
paired_plus_coverage,Physical,4,0,525,59,127,20,6.938797620288396,22.423873371884703,0.011714261405339488,0.7121979414740579
paired_plus_coverage,Morgan+Physical,4,0,525,59,127,20,7.860400134135101,22.28556087005959,0.023868335373049665,0.6200651950855074
paired_plus_coverage,Morgan,4,1,467,117,127,20,5.8228110076486965,7.334554540258712,0.43687775301926424,0.6780033792439839
paired_plus_coverage,Physical,4,1,467,117,127,20,3.6200782650378636,5.083016512402235,0.7295429906157891,0.9357816889856752
paired_plus_coverage,Morgan+Physical,4,1,467,117,127,20,4.195596704346746,5.445998762087122,0.6895366945981918,0.849168663965402
paired_plus_coverage,Morgan,4,2,473,111,128,19,13.053548966464481,20.413071053778033,-0.03231307825151286,0.6184797756081117
paired_plus_coverage,Physical,4,2,473,111,128,19,16.044139830859073,24.874277713288315,-0.5328360027798065,0.7886448166016877
paired_plus_coverage,Morgan+Physical,4,2,473,111,128,19,11.774612665172954,15.855833919246642,0.37716514108567556,0.7922205920478157
paired_plus_coverage,Morgan,4,3,511,73,128,19,7.427179520154978,16.370535886258786,0.24235039312016804,0.8400443040539517
paired_plus_coverage,Physical,4,3,511,73,128,19,6.888005133816967,12.586141832181111,0.5521548732443722,0.8552576016259695
paired_plus_coverage,Morgan+Physical,4,3,511,73,128,19,6.613471945728668,14.03412758714788,0.44318176316131497,0.8714976907200515
paired_plus_coverage,Morgan,4,4,487,97,128,19,13.58356345166865,18.488533719208565,-0.33422740651419414,0.7167874499205642
paired_plus_coverage,Physical,4,4,487,97,128,19,10.355444939288896,13.271400906881185,0.3125225533370506,0.9106522631286763
paired_plus_coverage,Morgan+Physical,4,4,487,97,128,19,4.250510496237843,5.666836669019491,0.8746552037013678,0.9560003280316652
paired_plus_coverage,Morgan,5,0,521,63,127,20,8.215906000046504,17.361763885588676,-0.024747567548945026,0.8661866486779219
paired_plus_coverage,Physical,5,0,521,63,127,20,5.274946429903545,11.247729948269292,0.5699103751984719,0.8494281568136895
paired_plus_coverage,Morgan+Physical,5,0,521,63,127,20,6.143231744614859,14.01532930649787,0.33221629444163203,0.8590601753025822
paired_plus_coverage,Morgan,5,1,503,81,127,20,9.966622877671982,13.276700864802407,0.3623115623121421,0.7378017804104804
paired_plus_coverage,Physical,5,1,503,81,127,20,6.5972437300128695,10.199449546772318,0.6236588827306921,0.8746144390307806
paired_plus_coverage,Morgan+Physical,5,1,503,81,127,20,6.610332867149071,9.897360009546563,0.6456218494161232,0.9111930470000983
paired_plus_coverage,Morgan,5,2,473,111,128,19,14.892580934387757,23.615613884586708,-0.006611264632973235,0.6737085298914348
paired_plus_coverage,Physical,5,2,473,111,128,19,10.475911389918972,19.554791917382637,0.30980834321333395,0.9401397543267743
paired_plus_coverage,Morgan+Physical,5,2,473,111,128,19,5.791968668603296,16.18564641436867,0.5271499877697768,0.9442090582769758
paired_plus_coverage,Morgan,5,3,456,128,128,19,5.23790662778616,6.325012616233952,0.6485026042164901,0.6186999319419751
paired_plus_coverage,Physical,5,3,456,128,128,19,10.414929243314266,14.75061827966137,-0.9117001235357198,0.9002310332540742
paired_plus_coverage,Morgan+Physical,5,3,456,128,128,19,4.5522168157875535,6.6081649059724255,0.6163271537256098,0.9180409216541883
paired_plus_coverage,Morgan,5,4,510,74,128,19,11.66780825986089,21.917323593667113,-0.029111067087717934,0.3362043617365406
paired_plus_coverage,Physical,5,4,510,74,128,19,4.81982517250164,9.420543755827197,0.809875033139451,0.7860351529536095
paired_plus_coverage,Morgan+Physical,5,4,510,74,128,19,6.732366780822341,11.417034922043324,0.7207495586965378,0.8057029291304718
paired_plus_coverage,Morgan,6,0,541,43,127,20,11.004773466065872,21.2608715738853,0.022545870844081328,0.5284308861020912
paired_plus_coverage,Physical,6,0,541,43,127,20,8.646094296987666,13.641153180036268,0.5976199605981634,0.7197575316269945
paired_plus_coverage,Morgan+Physical,6,0,541,43,127,20,9.448504907120105,17.102153839985696,0.3675359062085938,0.7305872167093451
paired_plus_coverage,Morgan,6,1,524,60,127,20,14.211919486745199,25.736934248893956,-0.0723828312697472,0.3505462421454897
paired_plus_coverage,Physical,6,1,524,60,127,20,5.156430194282533,8.331327726160904,0.8876263044970186,0.8410738338977757
paired_plus_coverage,Morgan+Physical,6,1,524,60,127,20,7.975449475987753,13.298501358230242,0.7136866290368655,0.9228158799627687
paired_plus_coverage,Morgan,6,2,458,126,128,19,10.489642150806244,12.194114087652057,-0.40731625710969,-0.19739949857121522
paired_plus_coverage,Physical,6,2,458,126,128,19,4.3846311778447,8.417353707101947,0.32943273153175834,0.9582286096587331
paired_plus_coverage,Morgan+Physical,6,2,458,126,128,19,6.938195947544159,8.93289902400049,0.2447755416882823,0.7998713471984782
paired_plus_coverage,Morgan,6,3,460,124,128,19,5.426762643063453,8.019222276005626,0.5497175472970917,0.8200152720159878
paired_plus_coverage,Physical,6,3,460,124,128,19,10.401629425082668,14.608368318556796,-0.4942523260185274,0.8168066710244342
paired_plus_coverage,Morgan+Physical,6,3,460,124,128,19,6.720990406547054,8.15473016918529,0.5343713324068289,0.8183050450470031
paired_plus_coverage,Morgan,6,4,480,104,128,19,15.658743938083648,24.12222107930965,-0.35644774187059425,0.5386765393300476
paired_plus_coverage,Physical,6,4,480,104,128,19,4.718436768545738,16.036434690737458,0.4005069952245638,0.9074432442455493
paired_plus_coverage,Morgan+Physical,6,4,480,104,128,19,8.676652668040349,18.168699616605164,0.2304866306013832,0.8579443576797102
paired_plus_coverage,Morgan,7,0,470,114,127,20,6.854165221478647,10.025417626152834,0.4174246756591563,0.6643201359034563
paired_plus_coverage,Physical,7,0,470,114,127,20,4.0830324619427065,7.437268320658962,0.6793922324297953,0.9116230890581882
paired_plus_coverage,Morgan+Physical,7,0,470,114,127,20,4.499713117110939,7.065700344709792,0.7106272910315008,0.883857503687093
paired_plus_coverage,Morgan,7,1,507,77,127,20,17.38546491221639,23.69459735210625,-0.3002205136836009,0.5053928194261879
paired_plus_coverage,Physical,7,1,507,77,127,20,17.18455392064677,21.975182581360166,-0.11836439418082456,0.8915492563979062
paired_plus_coverage,Morgan+Physical,7,1,507,77,127,20,4.972087268779804,12.493985605910417,0.6384899708739609,0.8555109471569392
paired_plus_coverage,Morgan,7,2,504,80,128,19,7.8824078363037104,9.310857515750392,0.30608411872108565,0.7502343389103723
paired_plus_coverage,Physical,7,2,504,80,128,19,4.834444337830543,7.104904585757738,0.5959417619323715,0.8085749325346024
paired_plus_coverage,Morgan+Physical,7,2,504,80,128,19,6.027248178110122,7.768561599174766,0.5169315285865621,0.7997064626303788
paired_plus_coverage,Morgan,7,3,506,78,128,19,6.778815155788324,19.049214355020943,0.14127829257235613,0.8182542969003143
paired_plus_coverage,Physical,7,3,506,78,128,19,7.924398861553485,19.44955832761116,0.10480470500981642,0.6792650974075849
paired_plus_coverage,Morgan+Physical,7,3,506,78,128,19,5.433888676605226,18.63538379722308,0.17818325340881114,0.6940143289247515
paired_plus_coverage,Morgan,7,4,476,108,128,19,13.793030853977907,20.542462854322935,-0.4230866422679951,0.7613626003574747
paired_plus_coverage,Physical,7,4,476,108,128,19,14.094661465309285,23.448301180301108,-0.8541680316439599,0.8749024218293243
paired_plus_coverage,Morgan+Physical,7,4,476,108,128,19,9.055334765187016,12.097167743310255,0.5064925342539459,0.8703940957092244
paired_plus_coverage,Morgan,8,0,448,136,127,20,5.13346900916941,14.955315231566962,0.3555620938751801,0.7934386536039676
paired_plus_coverage,Physical,8,0,448,136,127,20,5.425559008037343,15.087005385846183,0.34416283234202705,0.8170112282436635
paired_plus_coverage,Morgan+Physical,8,0,448,136,127,20,3.262962458515167,14.343223097684287,0.4072337864197042,0.9564081964176899
paired_plus_coverage,Morgan,8,1,502,82,127,20,10.952256837524788,13.270463197842178,0.24810596407729513,0.6695231611755442
paired_plus_coverage,Physical,8,1,502,82,127,20,5.5702246492609175,8.93878050688275,0.6588534193830965,0.8254997898242492
paired_plus_coverage,Morgan+Physical,8,1,502,82,127,20,5.613413605858408,8.692015758022128,0.6774288770349008,0.8790629617277954
paired_plus_coverage,Morgan,8,2,504,80,128,19,6.078194532403947,6.59740996958634,0.5642232853940046,0.8314623561649443
paired_plus_coverage,Physical,8,2,504,80,128,19,4.345796285209656,6.136071763345784,0.6230376849781357,0.8151315444365583
paired_plus_coverage,Morgan+Physical,8,2,504,80,128,19,4.855631846961975,5.677513917838746,0.6772743452596908,0.8183382083054097
paired_plus_coverage,Morgan,8,3,533,51,128,19,18.27814345617855,31.78639414986599,-0.32126578534665295,-0.057286904847955615
paired_plus_coverage,Physical,8,3,533,51,128,19,8.065299547382429,14.650463920523014,0.7193206805974206,0.7522981085902838
paired_plus_coverage,Morgan+Physical,8,3,533,51,128,19,12.701896159003763,22.61294937979666,0.33131422984490244,0.7389851151835166
paired_plus_coverage,Morgan,8,4,476,108,128,19,14.251352850172255,19.01985782852871,-0.4621474600810185,0.39996147567304446
paired_plus_coverage,Physical,8,4,476,108,128,19,3.6636211136005548,7.246861578073194,0.7877358878462936,0.8936261675232928
paired_plus_coverage,Morgan+Physical,8,4,476,108,128,19,8.111144034173753,10.895406179961554,0.5201964109631052,0.8671634907406658
paired_plus_coverage,Morgan,9,0,516,68,127,20,11.647129226235784,19.671060860800257,-0.027561543604452066,0.5235033943154896
paired_plus_coverage,Physical,9,0,516,68,127,20,7.0190324813618385,12.736866225349278,0.5691982555085742,0.7529832631962208
paired_plus_coverage,Morgan+Physical,9,0,516,68,127,20,8.34595720762365,15.6891992563762,0.346337101021016,0.7163777784281208
paired_plus_coverage,Morgan,9,1,478,106,127,20,13.627257328897151,17.551814104784505,-0.46258492891863634,0.6858401002491199
paired_plus_coverage,Physical,9,1,478,106,127,20,2.82892353723634,4.313068824335162,0.9116818731477256,0.9352266956697931
paired_plus_coverage,Morgan+Physical,9,1,478,106,127,20,6.9007892426544775,8.848200474210657,0.6283047760770457,0.9348686358415496
paired_plus_coverage,Morgan,9,2,486,98,128,19,6.220852375209574,17.733758040614106,0.06958633437786366,0.6350775090489436
paired_plus_coverage,Physical,9,2,486,98,128,19,6.761838018246088,17.15885818537885,0.12893353745900427,0.8573460439186398
paired_plus_coverage,Morgan+Physical,9,2,486,98,128,19,6.2122693275763075,17.188358889760284,0.12593576639169446,0.7579977982877708
paired_plus_coverage,Morgan,9,3,493,91,128,19,6.96794888997843,8.48440416655677,0.5674511726194962,0.7955399464848402
paired_plus_coverage,Physical,9,3,493,91,128,19,15.621194214155594,25.007759298366338,-2.7578721719407677,0.9035334298221752
paired_plus_coverage,Morgan+Physical,9,3,493,91,128,19,8.026579580794115,11.284540913359422,0.234825950380668,0.8713827978166889
paired_plus_coverage,Morgan,9,4,490,94,128,19,13.861667283305717,20.31524062446488,0.15870647626027534,0.38982276157390916
paired_plus_coverage,Physical,9,4,490,94,128,19,11.472108032616147,13.234796939977604,0.64294249246332,0.3323126067944003
paired_plus_coverage,Morgan+Physical,9,4,490,94,128,19,12.101495100857347,14.452847479970671,0.5741953071325951,0.4463453851377255
paired_plus_new_xtb,Morgan,0,0,432,129,116,20,14.30725103742023,17.8482081851431,-0.8259837163848673,0.32922125758089116
paired_plus_new_xtb,Physical,0,0,432,129,116,20,24.240068502500076,28.49897611157737,-3.655498262468859,0.7183740699186987
paired_plus_new_xtb,Morgan+Physical,0,0,432,129,116,20,7.633124561161957,10.223627570766562,0.4008746505826041,0.7240962988937053
paired_plus_new_xtb,Morgan,0,1,425,136,116,20,10.642127026714999,14.784140351325805,0.061006458447068646,-0.11743737763562338
paired_plus_new_xtb,Physical,0,1,425,136,116,20,5.486853047191395,6.503088917090382,0.8183188643471189,0.7525233828122259
paired_plus_new_xtb,Morgan+Physical,0,1,425,136,116,20,7.543416365500057,9.854771388935681,0.5827814979570847,0.4987153373464917
paired_plus_new_xtb,Morgan,0,2,489,72,117,19,5.256075243610805,8.404075166920274,0.1267624355532132,0.2468208066105562
paired_plus_new_xtb,Physical,0,2,489,72,117,19,5.883687250010173,7.049579125898951,0.3855607753700169,0.3717541961150773
paired_plus_new_xtb,Morgan+Physical,0,2,489,72,117,19,5.235928548897637,6.487412622298317,0.47964995511445496,0.3417954887456078
paired_plus_new_xtb,Morgan,0,3,515,46,117,19,9.681898476890895,25.591565217763737,0.12068801735437429,0.5543563566129982
paired_plus_new_xtb,Physical,0,3,515,46,117,19,7.622735238572826,24.435222826997936,0.19835534472532934,0.8844334151895263
paired_plus_new_xtb,Morgan+Physical,0,3,515,46,117,19,7.9853457232350875,24.74853863829751,0.17766568513181635,0.6925143085887362
paired_plus_new_xtb,Morgan,0,4,487,74,117,19,16.608831657364306,24.463999022071977,-0.23907774774854818,0.15228528501527724
paired_plus_new_xtb,Physical,0,4,487,74,117,19,5.857354609547177,8.295995633537316,0.8575112141496654,0.9338378277606415
paired_plus_new_xtb,Morgan+Physical,0,4,487,74,117,19,8.544489808630042,11.3223844317209,0.7345886755076092,0.8969453224460947
paired_plus_new_xtb,Morgan,1,0,459,102,116,20,5.469311557418223,6.7337126851881965,0.5639416781339435,0.9218452907967178
paired_plus_new_xtb,Physical,1,0,459,102,116,20,7.827146027239629,13.196140229078752,-0.6746700720855157,0.4531033702545808
paired_plus_new_xtb,Morgan+Physical,1,0,459,102,116,20,5.386982915422027,8.888749625619413,0.24016943071722419,0.872476508970443
paired_plus_new_xtb,Morgan,1,1,483,78,116,20,10.230982653745993,24.673540140911033,0.004573428681412861,0.7101647872506788
paired_plus_new_xtb,Physical,1,1,483,78,116,20,6.148142634091988,20.866375216239973,0.2880650362772066,0.8763920122404731
paired_plus_new_xtb,Morgan+Physical,1,1,483,78,116,20,7.730772930835822,22.411675301068772,0.17871301502527592,0.8910260004677695
paired_plus_new_xtb,Morgan,1,2,469,92,117,19,14.847706613499186,17.530487305588917,-0.076510125980221,0.867358069677468
paired_plus_new_xtb,Physical,1,2,469,92,117,19,11.853375084462375,16.24967147883296,0.07504775137878483,0.9198365282877605
paired_plus_new_xtb,Morgan+Physical,1,2,469,92,117,19,3.358807809829713,4.941995580821161,0.914447077932016,0.9327592468787952
paired_plus_new_xtb,Morgan,1,3,450,111,117,19,10.267485532310417,18.76317752818456,0.04644603224670585,0.7314858862074718
paired_plus_new_xtb,Physical,1,3,450,111,117,19,6.191664167373245,8.209497070689991,0.8174568221797396,0.9188892999565184
paired_plus_new_xtb,Morgan+Physical,1,3,450,111,117,19,5.109261356298774,8.781571106271597,0.7911295767615296,0.9307970378403089
paired_plus_new_xtb,Morgan,1,4,487,74,117,19,9.933558936660353,13.625454228304422,0.0793991346810996,0.7114931442965234
paired_plus_new_xtb,Physical,1,4,487,74,117,19,23.742322362178083,34.115266481229455,-4.771210783393964,0.8375448211592593
paired_plus_new_xtb,Morgan+Physical,1,4,487,74,117,19,12.116861367612273,16.01703854056765,-0.2721368752713482,0.8322686196663887
paired_plus_new_xtb,Morgan,2,0,487,74,116,20,17.356673943706202,25.487679642968125,-0.32873350694025505,0.11183409923684294
paired_plus_new_xtb,Physical,2,0,487,74,116,20,8.036860577254426,11.014775874582986,0.7518418078654368,0.9655826112459598
paired_plus_new_xtb,Morgan+Physical,2,0,487,74,116,20,9.634026915479092,11.332377565341165,0.7373246264550085,0.9691159547495967
paired_plus_new_xtb,Morgan,2,1,445,116,116,20,3.739154724252635,6.3734767945055015,0.4538338760459809,0.7299677025843784
paired_plus_new_xtb,Physical,2,1,445,116,116,20,5.477333945050733,12.174769306603737,-0.9929363252933154,0.8257606629978788
paired_plus_new_xtb,Morgan+Physical,2,1,445,116,116,20,4.184181539140898,8.454365765587285,0.03897649997907082,0.8091178864601271
paired_plus_new_xtb,Morgan,2,2,484,77,117,19,9.751512893577676,24.430708304335795,-0.07495491373470231,0.6502759148279668
paired_plus_new_xtb,Physical,2,2,484,77,117,19,12.935352681147588,24.11221025559551,-0.047109684825733966,0.7662875803841297
paired_plus_new_xtb,Morgan+Physical,2,2,484,77,117,19,8.48599386636313,23.24702943431537,0.026685791068554066,0.7898503485332601
paired_plus_new_xtb,Morgan,2,3,462,99,117,19,5.9470421746456275,6.782752875362508,0.3554782694947026,0.7457659035321645
paired_plus_new_xtb,Physical,2,3,462,99,117,19,3.596008849180588,5.120543789994716,0.6326688612269338,0.8548481701011276
paired_plus_new_xtb,Morgan+Physical,2,3,462,99,117,19,3.8680994269130213,4.752119174300304,0.6836264097337401,0.8287916449747479
paired_plus_new_xtb,Morgan,2,4,470,91,117,19,16.303371337555266,19.48486823241245,-0.4872276365224346,0.7420728507112435
paired_plus_new_xtb,Physical,2,4,470,91,117,19,17.127574154906217,21.059422865630605,-0.7373024458221094,0.8716399722882896
paired_plus_new_xtb,Morgan+Physical,2,4,470,91,117,19,3.8373458509340383,6.595044865791465,0.8296202371126895,0.8782917212912378
paired_plus_new_xtb,Morgan,3,0,452,109,116,20,8.540980538408471,18.103002894632734,0.17365530962322095,0.5696455984399557
paired_plus_new_xtb,Physical,3,0,452,109,116,20,7.487469968764279,17.603012585309592,0.21867090258081034,0.8540875811706826
paired_plus_new_xtb,Morgan+Physical,3,0,452,109,116,20,4.721047652869268,16.527810457233848,0.3112039522263238,0.8358817998817135
paired_plus_new_xtb,Morgan,3,1,521,40,116,20,11.678490205669402,23.05664535777797,0.11912332010697191,0.6730116266310117
paired_plus_new_xtb,Physical,3,1,521,40,116,20,10.961964387321473,16.622322420648004,0.5421678594635702,0.795000797809859
paired_plus_new_xtb,Morgan+Physical,3,1,521,40,116,20,9.986581887626647,17.36102144025719,0.500571386641991,0.8273347153372403
paired_plus_new_xtb,Morgan,3,2,399,162,117,19,10.524800615013971,12.882132307742989,0.21603203495385181,0.7464847549974428
paired_plus_new_xtb,Physical,3,2,399,162,117,19,12.033963214130166,17.299189415996302,-0.4137555210135315,0.8821342567631101
paired_plus_new_xtb,Morgan+Physical,3,2,399,162,117,19,4.785795320802854,6.957830655581346,0.7712977091847968,0.8503842073775854
paired_plus_new_xtb,Morgan,3,3,470,91,117,19,10.825677213614325,20.011408932297712,0.1467800385000655,0.800296979323489
paired_plus_new_xtb,Physical,3,3,470,91,117,19,4.81617665599781,6.163969537969961,0.9190481755100425,0.9370000807192631
paired_plus_new_xtb,Morgan+Physical,3,3,470,91,117,19,6.912468488135703,10.333584828129512,0.7724862275583573,0.9535032396350266
paired_plus_new_xtb,Morgan,3,4,506,55,117,19,9.206176333487772,11.889007133027869,-0.08090602579471673,0.09098250870371521
paired_plus_new_xtb,Physical,3,4,506,55,117,19,2.620292734119762,4.513165628561754,0.8442387920083934,0.9005639996647903
paired_plus_new_xtb,Morgan+Physical,3,4,506,55,117,19,5.106515087205366,6.753281574317238,0.6512401531886169,0.8903059293046711
paired_plus_new_xtb,Morgan,4,0,502,59,116,20,11.119967187978455,23.03612271717163,-0.04298972646774968,0.3556012641503676
paired_plus_new_xtb,Physical,4,0,502,59,116,20,11.64505586068105,23.92551871608488,-0.1250815122881297,0.7903926569986995
paired_plus_new_xtb,Morgan+Physical,4,0,502,59,116,20,8.356121129537033,21.63721851996892,0.07983835622401825,0.7585005524795858
paired_plus_new_xtb,Morgan,4,1,444,117,116,20,5.7771203443191395,7.377041215812229,0.43033489142368353,0.6774274611379664
paired_plus_new_xtb,Physical,4,1,444,117,116,20,3.6478907951394106,4.665086162306513,0.7721890793296763,0.9171265460797484
paired_plus_new_xtb,Morgan+Physical,4,1,444,117,116,20,4.032947860402165,5.074987369455219,0.7303967446420527,0.8655807893950773
paired_plus_new_xtb,Morgan,4,2,450,111,117,19,13.048154065223212,20.68586412046219,-0.06008837022375624,0.6144930725213986
paired_plus_new_xtb,Physical,4,2,450,111,117,19,19.07313668189521,26.028700391992654,-0.6784163585883709,0.7428428253971884
paired_plus_new_xtb,Morgan+Physical,4,2,450,111,117,19,12.65090082393337,17.59935132464969,0.2326596131146369,0.7341459472738038
paired_plus_new_xtb,Morgan,4,3,488,73,117,19,7.453135144931323,16.283096120342503,0.2504224291229127,0.8418592256696796
paired_plus_new_xtb,Physical,4,3,488,73,117,19,5.850461984182384,8.670039469403633,0.7874873636744606,0.8926354000817674
paired_plus_new_xtb,Morgan+Physical,4,3,488,73,117,19,6.168782067682972,11.444141215181693,0.6297380993491877,0.9086053953589309
paired_plus_new_xtb,Morgan,4,4,464,97,117,19,13.652765435484266,18.41923388159701,-0.32424408834859775,0.6543314626950517
paired_plus_new_xtb,Physical,4,4,464,97,117,19,16.411622335178336,21.512156630836753,-0.8063122225270063,0.858924918580631
paired_plus_new_xtb,Morgan+Physical,4,4,464,97,117,19,4.202361161812065,5.319835494530061,0.8895358580281671,0.9349850428718441
paired_plus_new_xtb,Morgan,5,0,498,63,116,20,8.374570550343348,17.389264873802166,-0.02799653357909304,0.8474049729819512
paired_plus_new_xtb,Physical,5,0,498,63,116,20,4.6167603576599605,6.46583597101791,0.8578723514813862,0.8354267264288332
paired_plus_new_xtb,Morgan+Physical,5,0,498,63,116,20,5.636610133216495,11.09962124049711,0.5811625339699455,0.8095965014084947
paired_plus_new_xtb,Morgan,5,1,480,81,116,20,9.951364583107276,13.001365550280877,0.38848637156335886,0.7580409343421476
paired_plus_new_xtb,Physical,5,1,480,81,116,20,9.991131261623051,16.006709691458013,0.07310116006480949,0.7419677580730136
paired_plus_new_xtb,Morgan+Physical,5,1,480,81,116,20,8.581366905363108,12.033806444360396,0.4761170725650061,0.8264066599401216
paired_plus_new_xtb,Morgan,5,2,450,111,117,19,15.117809724464758,23.52377346380726,0.0012028738914084958,0.7080223511156137
paired_plus_new_xtb,Physical,5,2,450,111,117,19,6.903269391842405,16.015223930354757,0.5370550636867585,0.9421924120715662
paired_plus_new_xtb,Morgan+Physical,5,2,450,111,117,19,7.696587496148187,16.566966600812744,0.5046076445573373,0.9367636725096825
paired_plus_new_xtb,Morgan,5,3,433,128,117,19,5.278978041243553,6.332942405502809,0.6476206937153833,0.6183515387075308
paired_plus_new_xtb,Physical,5,3,433,128,117,19,13.032915044228734,17.58910803258677,-1.7182346998388276,0.8951003193869576
paired_plus_new_xtb,Morgan+Physical,5,3,433,128,117,19,5.188775849479437,7.211462726031324,0.5430738161709676,0.9076401068421508
paired_plus_new_xtb,Morgan,5,4,487,74,117,19,11.929664959881755,22.104040878144694,-0.04672008890125312,0.4471967436332921
paired_plus_new_xtb,Physical,5,4,487,74,117,19,6.860271194509559,12.40664020720919,0.6702418143614749,0.7490787287238049
paired_plus_new_xtb,Morgan+Physical,5,4,487,74,117,19,5.8168422120068515,9.748744326363184,0.7963968136329309,0.802487228471528
paired_plus_new_xtb,Morgan,6,0,518,43,116,20,11.192138791283895,21.136952715204366,0.03390683612913181,0.5300238020007698
paired_plus_new_xtb,Physical,6,0,518,43,116,20,8.955240644055744,12.505446454291677,0.6618318829571791,0.7273583590069885
paired_plus_new_xtb,Morgan+Physical,6,0,518,43,116,20,9.176165500995724,14.615046459118176,0.5381141498918656,0.6918386723790964
paired_plus_new_xtb,Morgan,6,1,501,60,116,20,14.411334606234233,25.882517449593166,-0.08454919725670629,0.44831460086219543
paired_plus_new_xtb,Physical,6,1,501,60,116,20,6.23255286954244,9.611400056471398,0.8504420392217806,0.8159438660891105
paired_plus_new_xtb,Morgan+Physical,6,1,501,60,116,20,7.778628501637777,12.401687763069015,0.7510008800556021,0.8972958683078494
paired_plus_new_xtb,Morgan,6,2,435,126,117,19,12.185269073292567,14.351031793063886,-0.9492046997707015,-0.4272448140404967
paired_plus_new_xtb,Physical,6,2,435,126,117,19,3.937037947597201,7.616786863220043,0.4509210393462755,0.7875371097500383
paired_plus_new_xtb,Morgan+Physical,6,2,435,126,117,19,7.578918508123975,9.34052038977088,0.17427897625888333,0.5056551035971775
paired_plus_new_xtb,Morgan,6,3,437,124,117,19,5.380092581853559,7.851140665914908,0.5683954272055991,0.8637068272589089
paired_plus_new_xtb,Physical,6,3,437,124,117,19,9.7432424204611,13.601794954728026,-0.29542706839417066,0.8349336514685738
paired_plus_new_xtb,Morgan+Physical,6,3,437,124,117,19,6.260823672897584,7.588122634217404,0.5968290774772222,0.8502564038738022
paired_plus_new_xtb,Morgan,6,4,457,104,117,19,16.028568868238008,24.078657033211005,-0.3515527537840033,0.5436046223097302
paired_plus_new_xtb,Physical,6,4,457,104,117,19,7.4452298577609435,18.028167396237237,0.24234473775003995,0.6538398257842644
paired_plus_new_xtb,Morgan+Physical,6,4,457,104,117,19,9.29713496223303,18.028184280631326,0.242343318575729,0.8594839614538674
paired_plus_new_xtb,Morgan,7,0,447,114,116,20,6.761073501031441,9.807018684663698,0.44253045671868774,0.77464323274153
paired_plus_new_xtb,Physical,7,0,447,114,116,20,3.880352587830393,7.831986180532379,0.644457956119762,0.9252516509058254
paired_plus_new_xtb,Morgan+Physical,7,0,447,114,116,20,4.627209305224502,7.284530144703282,0.6924255689144219,0.9093302734256768
paired_plus_new_xtb,Morgan,7,1,484,77,116,20,18.011177121150034,24.18428881467492,-0.3545186493986381,0.5543428157731268
paired_plus_new_xtb,Physical,7,1,484,77,116,20,18.02521927494198,22.766046497203355,-0.20031044311648882,0.8949605162039214
paired_plus_new_xtb,Morgan+Physical,7,1,484,77,116,20,5.792438043074174,11.716731062417926,0.6820701752217757,0.8672852955196368
paired_plus_new_xtb,Morgan,7,2,481,80,117,19,8.324387316093445,9.588651742937357,0.2640597488994444,0.5963811156957952
paired_plus_new_xtb,Physical,7,2,481,80,117,19,6.359253354654312,10.806091119990327,0.06531619829373281,0.8023021123584443
paired_plus_new_xtb,Morgan+Physical,7,2,481,80,117,19,6.675681184396742,9.018839991123906,0.3489282832912438,0.8014489126793116
paired_plus_new_xtb,Morgan,7,3,483,78,117,19,6.731499499762121,18.989320304276806,0.1466697448884725,0.8054996233819105
paired_plus_new_xtb,Physical,7,3,483,78,117,19,7.352125627332835,18.151911199017093,0.22027219680861154,0.6743311907790666
paired_plus_new_xtb,Morgan+Physical,7,3,483,78,117,19,5.3583557839378955,18.081226173185733,0.2263330207068719,0.6999192703684568
paired_plus_new_xtb,Morgan,7,4,453,108,117,19,13.72485475010342,20.835530936722623,-0.4639810831011091,0.7065012660912577
paired_plus_new_xtb,Physical,7,4,453,108,117,19,13.35758904819135,19.56583216062559,-0.2909902698133682,0.9071712001419725
paired_plus_new_xtb,Morgan+Physical,7,4,453,108,117,19,7.071459653359873,9.824102129330061,0.6745291794526642,0.9203611965945775
paired_plus_new_xtb,Morgan,8,0,425,136,116,20,4.799797642982707,14.757391582995899,0.37250663610549795,0.8334648995047211
paired_plus_new_xtb,Physical,8,0,425,136,116,20,6.81812929628877,15.268199675698828,0.3283150822916103,0.8156668900738155
paired_plus_new_xtb,Morgan+Physical,8,0,425,136,116,20,3.948707655233495,14.152554033384831,0.42288870003153667,0.94955570509787
paired_plus_new_xtb,Morgan,8,1,479,82,116,20,10.836257569202331,12.89842073905354,0.2896742563589202,0.814042211701806
paired_plus_new_xtb,Physical,8,1,479,82,116,20,13.287328509499156,19.60585626896242,-0.6411795814775358,0.7633844230592682
paired_plus_new_xtb,Morgan+Physical,8,1,479,82,116,20,6.825073985640363,9.672318654456735,0.6005654127366882,0.7804342010652705
paired_plus_new_xtb,Morgan,8,2,481,80,117,19,5.821829632530212,6.298477857963012,0.6028191604943518,0.8139583944928959
paired_plus_new_xtb,Physical,8,2,481,80,117,19,4.439846445140839,6.383487159245883,0.5920254672082012,0.8529364237324907
paired_plus_new_xtb,Morgan+Physical,8,2,481,80,117,19,4.9205080118274696,5.614031666883057,0.6844510120940178,0.8463061037029107
paired_plus_new_xtb,Morgan,8,3,510,51,117,19,18.191102674671246,31.992004957855766,-0.33841432783821435,-0.01292545763978943
paired_plus_new_xtb,Physical,8,3,510,51,117,19,5.694533170961866,7.538836450579365,0.9256781855515819,0.7648392776013729
paired_plus_new_xtb,Morgan+Physical,8,3,510,51,117,19,9.308861691493613,15.899686286770692,0.6694137613768465,0.8125015661996814
paired_plus_new_xtb,Morgan,8,4,453,108,117,19,14.113308754567745,18.738301716739265,-0.41917873995794763,0.34948094849054306
paired_plus_new_xtb,Physical,8,4,453,108,117,19,11.833408484405943,16.518028893705853,-0.10279067331815783,0.884270031101468
paired_plus_new_xtb,Morgan+Physical,8,4,453,108,117,19,3.9197971170566692,6.783882217746043,0.8139913076378922,0.8445011379142843
paired_plus_new_xtb,Morgan,9,0,493,68,116,20,11.067215245415184,19.14265987663759,0.026901407858548,0.5338068508318371
paired_plus_new_xtb,Physical,9,0,493,68,116,20,6.3882128591537475,9.119742795827127,0.779139801313631,0.7433179968405254
paired_plus_new_xtb,Morgan+Physical,9,0,493,68,116,20,7.634669879632838,13.301793247776473,0.5301354663576284,0.7244739600697025
paired_plus_new_xtb,Morgan,9,1,455,106,116,20,13.686978468265174,17.47016866335451,-0.4490096192747166,0.7196305780185206
paired_plus_new_xtb,Physical,9,1,455,106,116,20,20.34915915377635,26.64290504852778,-2.370080128065854,0.9138638656407743
paired_plus_new_xtb,Morgan+Physical,9,1,455,106,116,20,5.918385788323745,8.00517369468404,0.69575840300884,0.909628562378989
paired_plus_new_xtb,Morgan,9,2,463,98,117,19,5.683521380202623,17.57376260486692,0.08629913909004294,0.620395592109724
paired_plus_new_xtb,Physical,9,2,463,98,117,19,6.662883825091928,16.261935129748984,0.21761778094175455,0.8417388585289378
paired_plus_new_xtb,Morgan+Physical,9,2,463,98,117,19,5.717704006296275,16.479963179278204,0.19649793489011735,0.7480555047589812
paired_plus_new_xtb,Morgan,9,3,470,91,117,19,9.855262615376567,14.32116997277866,-0.23239361725632768,0.2798516766005742
paired_plus_new_xtb,Physical,9,3,470,91,117,19,18.274282102998587,29.44694751202755,-4.210423289024485,0.899507885493045
paired_plus_new_xtb,Morgan+Physical,9,3,470,91,117,19,10.935111560784645,14.982701491880722,-0.3488780754145273,0.6860317363228109
paired_plus_new_xtb,Morgan,9,4,467,94,117,19,15.426966007987488,20.751019550518738,0.12222646338989518,0.3317401162892314
paired_plus_new_xtb,Physical,9,4,467,94,117,19,17.76954703154868,22.826107612612493,-0.06210468641196987,0.22811735439189362
paired_plus_new_xtb,Morgan+Physical,9,4,467,94,117,19,16.039700160395846,18.982122055785293,0.2654977550336911,0.26376782545479965
paired_plus_v03_block,Morgan,0,0,351,129,88,20,15.816456210942231,19.970942707546424,-1.2861503353057588,-0.27079717810618303
paired_plus_v03_block,Physical,0,0,351,129,88,20,7.650863402462745,10.056256271137382,0.4203306751437579,0.6592708052988177
paired_plus_v03_block,Morgan+Physical,0,0,351,129,88,20,9.81150916012313,12.613845590085658,0.0879835431589353,0.5221892542259043
paired_plus_v03_block,Morgan,0,1,344,136,88,20,11.58754821206822,15.523142222026923,-0.03521301756212014,-0.00971842443966951
paired_plus_v03_block,Physical,0,1,344,136,88,20,6.248918939410938,10.967285246919198,0.48326398719954244,0.9126011633409266
paired_plus_v03_block,Morgan+Physical,0,1,344,136,88,20,8.529772045404771,12.89777577214114,0.2853389773905275,0.479712248119645
paired_plus_v03_block,Morgan,0,2,408,72,89,19,4.1434994128757054,7.644157268703904,0.277543370798767,0.24172928450697778
paired_plus_v03_block,Physical,0,2,408,72,89,19,7.104689743444654,9.432281315539955,-0.09998317770399523,0.4847119190614942
paired_plus_v03_block,Morgan+Physical,0,2,408,72,89,19,5.415466930792066,7.578797989481463,0.2898448908417187,0.4004255133164695
paired_plus_v03_block,Morgan,0,3,434,46,89,19,9.641226438605269,24.942524445535312,0.16472380007363263,0.6566514193892726
paired_plus_v03_block,Physical,0,3,434,46,89,19,9.134329869145931,26.204490926247583,0.07806405451165688,0.8450924062529833
paired_plus_v03_block,Morgan+Physical,0,3,434,46,89,19,8.691963762946752,25.278324652368774,0.14208182518703072,0.8473823779862113
paired_plus_v03_block,Morgan,0,4,406,74,89,19,14.12518459181502,21.88540448166128,0.008362797739139838,0.7268949504730426
paired_plus_v03_block,Physical,0,4,406,74,89,19,8.521352335600984,13.01135111567112,0.6494996552465047,0.9043192110458044
paired_plus_v03_block,Morgan+Physical,0,4,406,74,89,19,8.758752278411455,16.03156155750433,0.46789748679410403,0.9134912269393629
paired_plus_v03_block,Morgan,1,0,378,102,88,20,6.681787085424683,7.9823436596754505,0.3872317454565928,0.859287578085535
paired_plus_v03_block,Physical,1,0,378,102,88,20,6.773763570703243,10.732140167826865,-0.10766411883839977,0.869687429039535
paired_plus_v03_block,Morgan+Physical,1,0,378,102,88,20,5.14233249132493,8.00823840630587,0.3832496528666809,0.8766043004695645
paired_plus_v03_block,Morgan,1,1,402,78,88,20,9.490173699849446,23.643371358432375,0.08596020520628711,0.8903931445543269
paired_plus_v03_block,Physical,1,1,402,78,88,20,6.800323586653685,22.927518228060155,0.1404712817703352,0.8868445189259172
paired_plus_v03_block,Morgan+Physical,1,1,402,78,88,20,7.651799997482301,23.08165199001935,0.12887580857939163,0.8869716240918388
paired_plus_v03_block,Morgan,1,2,388,92,89,19,15.138942186687304,18.20644749361737,-0.161129256773634,0.8131636671214391
paired_plus_v03_block,Physical,1,2,388,92,89,19,6.261546625220257,7.9720621093693165,0.7773762524382392,0.6936917318456363
paired_plus_v03_block,Morgan+Physical,1,2,388,92,89,19,8.552338006973267,10.930587028941032,0.5814791343446346,0.7111130148225474
paired_plus_v03_block,Morgan,1,3,369,111,89,19,9.831704021742537,17.15008592007144,0.2033545086834393,0.7982751561932571
paired_plus_v03_block,Physical,1,3,369,111,89,19,6.503265838987333,8.866397060193787,0.7870749025374234,0.8900615235021494
paired_plus_v03_block,Morgan+Physical,1,3,369,111,89,19,6.364116087643736,11.810483355669055,0.6221948740007126,0.8997276769421552
paired_plus_v03_block,Morgan,1,4,406,74,89,19,10.08245882797241,13.188897873664926,0.13744576622570315,0.6355305380785488
paired_plus_v03_block,Physical,1,4,406,74,89,19,20.17075398499257,28.575360980109018,-3.049047309810814,0.8300925591636792
paired_plus_v03_block,Morgan+Physical,1,4,406,74,89,19,9.408352801348714,12.670007770106212,0.20398149677329658,0.842075796452572
paired_plus_v03_block,Morgan,2,0,406,74,88,20,15.090901119805414,22.74001924340043,-0.057691326463894965,0.6116217627699613
paired_plus_v03_block,Physical,2,0,406,74,88,20,8.881353207053108,12.27782836872976,0.6916667196222022,0.9184974980538518
paired_plus_v03_block,Morgan+Physical,2,0,406,74,88,20,11.784950943411749,17.09566099559847,0.4022093999207258,0.8862835924357858
paired_plus_v03_block,Morgan,2,1,364,116,88,20,4.570697751406964,6.685273409064752,0.3990888141031639,0.8105859059344954
paired_plus_v03_block,Physical,2,1,364,116,88,20,5.962234901691305,9.484285309434567,-0.2094311827659303,0.4803408599521169
paired_plus_v03_block,Morgan+Physical,2,1,364,116,88,20,4.850907941884007,7.459817359480227,0.25178169145251694,0.8352437226213024
paired_plus_v03_block,Morgan,2,2,403,77,89,19,9.541085026233228,23.612680246228003,-0.004173380866652643,0.5936284379762905
paired_plus_v03_block,Physical,2,2,403,77,89,19,8.396565286611581,23.208321202837947,0.029924390269400858,0.7951641043086288
paired_plus_v03_block,Morgan+Physical,2,2,403,77,89,19,8.437242073455415,23.105071478599545,0.03853658079836775,0.8049606785825432
paired_plus_v03_block,Morgan,2,3,381,99,89,19,5.262947590344361,6.334518969430906,0.43784916740269353,0.676986190713154
paired_plus_v03_block,Physical,2,3,381,99,89,19,2.9486084828309345,5.5550229588838,0.5676879981253027,0.7872107406427719
paired_plus_v03_block,Morgan+Physical,2,3,381,99,89,19,3.8960739973511362,5.347747427880798,0.5993479666296877,0.7530521902759965
paired_plus_v03_block,Morgan,2,4,389,91,89,19,15.394367568173251,18.760238317736153,-0.3786664366120229,0.6916170483185097
paired_plus_v03_block,Physical,2,4,389,91,89,19,6.271168347054785,7.685365401550488,0.7686276047542634,0.9173870499899383
paired_plus_v03_block,Morgan+Physical,2,4,389,91,89,19,7.3691331510439015,8.546288600097453,0.7138869877932692,0.9108657274380283
paired_plus_v03_block,Morgan,3,0,371,109,88,20,9.269243902104929,18.56628935517662,0.13081899150098586,0.6697979065979597
paired_plus_v03_block,Physical,3,0,371,109,88,20,7.0568139661421485,17.176196535441388,0.2561009556836432,0.8297924165020515
paired_plus_v03_block,Morgan+Physical,3,0,371,109,88,20,8.077838717455382,17.35238612734541,0.2407611802955555,0.8117756557662653
paired_plus_v03_block,Morgan,3,1,440,40,88,20,12.769089325571061,23.699024267392392,0.06935552175178639,0.6287531315258521
paired_plus_v03_block,Physical,3,1,440,40,88,20,11.347514017772674,18.23204354139588,0.44920045572031586,0.7463626091960769
paired_plus_v03_block,Morgan+Physical,3,1,440,40,88,20,11.580292102718353,19.67869736488429,0.35832433811811015,0.8053131460562374
paired_plus_v03_block,Morgan,3,2,318,162,89,19,10.861247954013026,13.44264495234026,0.14632559139260448,0.5802632717238883
paired_plus_v03_block,Physical,3,2,318,162,89,19,4.605591337401778,6.530204005025675,0.7985458103342251,0.8897059361966441
paired_plus_v03_block,Morgan+Physical,3,2,318,162,89,19,5.818155119917127,6.897872956750577,0.7752223177478639,0.848007303725135
paired_plus_v03_block,Morgan,3,3,389,91,89,19,11.250248006514664,18.68202989808747,0.2563753127405095,0.8061622966144248
paired_plus_v03_block,Physical,3,3,389,91,89,19,7.590202118221743,11.825991047976144,0.7020243570344071,0.9048623747424667
paired_plus_v03_block,Morgan+Physical,3,3,389,91,89,19,8.95841025430868,14.543897437349337,0.5493210432961884,0.8951201148913571
paired_plus_v03_block,Morgan,3,4,425,55,89,19,6.808160520180443,8.630194344113475,0.4304420552686973,0.8620858929777201
paired_plus_v03_block,Physical,3,4,425,55,89,19,4.726362728179237,6.448814475748307,0.6819784655385899,0.9341027970833361
paired_plus_v03_block,Morgan+Physical,3,4,425,55,89,19,3.4020926102461386,4.454428327766242,0.8482667662391673,0.9425420606420157
paired_plus_v03_block,Morgan,4,0,421,59,88,20,9.91688899327941,21.73897931418351,0.07116288182289177,0.6093198099397562
paired_plus_v03_block,Physical,4,0,421,59,88,20,6.754461342698437,21.863577986045144,0.060484962423797306,0.7158257367349444
paired_plus_v03_block,Morgan+Physical,4,0,421,59,88,20,7.677005370705815,21.492465680235313,0.09210892331559917,0.6836650445247632
paired_plus_v03_block,Morgan,4,1,363,117,88,20,5.730277407338721,7.097802013837044,0.4726451283585481,0.8030959998849477
paired_plus_v03_block,Physical,4,1,363,117,88,20,3.3954419317268307,4.5865112472970715,0.7797985745078744,0.856709165833322
paired_plus_v03_block,Morgan+Physical,4,1,363,117,88,20,4.0512509389476286,5.204617082132759,0.7164479666345626,0.8414466455028683
paired_plus_v03_block,Morgan,4,2,369,111,89,19,13.028281058419717,19.694933318462134,0.03904342114311854,0.5742774286040849
paired_plus_v03_block,Physical,4,2,369,111,89,19,18.480905749461886,27.38829360343472,-0.8583379016457788,0.7196965196094167
paired_plus_v03_block,Morgan+Physical,4,2,369,111,89,19,12.431511919739869,18.054837405881152,0.19242679959896103,0.7140315256126013
paired_plus_v03_block,Morgan,4,3,407,73,89,19,6.819516940370324,15.835903221648605,0.291029299092853,0.6699628093528662
paired_plus_v03_block,Physical,4,3,407,73,89,19,7.7427179807689095,13.643368899609897,0.4737575791752284,0.7939029956878227
paired_plus_v03_block,Morgan+Physical,4,3,407,73,89,19,6.710869039174955,14.231406497092934,0.42741725355829674,0.8735094945034899
paired_plus_v03_block,Morgan,4,4,383,97,89,19,13.61725309871398,18.444920675467234,-0.32794014906416,0.648977546491816
paired_plus_v03_block,Physical,4,4,383,97,89,19,7.473889591865933,8.26504807399867,0.7333659029905146,0.8475660324615859
paired_plus_v03_block,Morgan+Physical,4,4,383,97,89,19,7.074777463814646,8.159520906721223,0.7401311425496846,0.9207931644209755
paired_plus_v03_block,Morgan,5,0,417,63,88,20,7.391866961040194,16.618768784958505,0.06108366265973364,0.748625476031271
paired_plus_v03_block,Physical,5,0,417,63,88,20,7.093960159513686,14.741787886074695,0.2611955190926637,0.54920043177044
paired_plus_v03_block,Morgan+Physical,5,0,417,63,88,20,6.669383893512545,15.50682768676284,0.18252378248449352,0.6989933833534022
paired_plus_v03_block,Morgan,5,1,399,81,88,20,9.54161997661826,12.149897422840361,0.46596044588226304,0.8041712200894607
paired_plus_v03_block,Physical,5,1,399,81,88,20,8.913290135145774,13.14876568146474,0.3745419679528005,0.8248661422517369
paired_plus_v03_block,Morgan+Physical,5,1,399,81,88,20,6.443930483179916,9.619617380020081,0.665232107249977,0.8707921019092244
paired_plus_v03_block,Morgan,5,2,369,111,89,19,14.603435747009826,22.63576824254181,0.07518730092278825,0.768816574681181
paired_plus_v03_block,Physical,5,2,369,111,89,19,9.092398471257667,17.934073692226736,0.41947462577647077,0.9095035544313749
paired_plus_v03_block,Morgan+Physical,5,2,369,111,89,19,11.589113556166637,19.958547347477882,0.2810127906485431,0.8532771861384915
paired_plus_v03_block,Morgan,5,3,352,128,89,19,5.914514979159832,8.636384358231838,0.3446651802910987,0.8438897055790132
paired_plus_v03_block,Physical,5,3,352,128,89,19,10.485534831944108,15.685587213654367,-1.1617271799926838,0.8962393318525501
paired_plus_v03_block,Morgan+Physical,5,3,352,128,89,19,4.926743157494068,5.768905054545418,0.7075941196385757,0.8912858919301521
paired_plus_v03_block,Morgan,5,4,406,74,89,19,12.225341692589422,20.814340249985328,0.0718620972593087,0.7902148154903702
paired_plus_v03_block,Physical,5,4,406,74,89,19,7.811015082849038,13.682056291005832,0.5989579099682261,0.7978077259983571
paired_plus_v03_block,Morgan+Physical,5,4,406,74,89,19,9.727398542558825,16.136075030546113,0.4421942093403495,0.7880257418503028
paired_plus_v03_block,Morgan,6,0,437,43,88,20,11.102996594806049,20.8031739092555,0.06417755615812604,0.5608842807658833
paired_plus_v03_block,Physical,6,0,437,43,88,20,10.209881996953209,16.03832571329816,0.44377268085947696,0.6841894434890811
paired_plus_v03_block,Morgan+Physical,6,0,437,43,88,20,10.382833185151565,18.065435616123956,0.2942820987997551,0.6917629374395912
paired_plus_v03_block,Morgan,6,1,420,60,88,20,13.429133487129212,23.711059007769947,0.08979728015404831,0.8181582046060105
paired_plus_v03_block,Physical,6,1,420,60,88,20,7.763471475664774,14.261754560427363,0.6707072700702683,0.8820284377544697
paired_plus_v03_block,Morgan+Physical,6,1,420,60,88,20,10.326768160247804,18.62736570019425,0.4382551389750645,0.8813040706114261
paired_plus_v03_block,Morgan,6,2,354,126,89,19,14.844714558301652,17.91859981964292,-2.0387805461856554,-0.4596167895624413
paired_plus_v03_block,Physical,6,2,354,126,89,19,6.730995326983738,9.77206562158674,0.09621746193084257,0.8868624646973771
paired_plus_v03_block,Morgan+Physical,6,2,354,126,89,19,10.225712659611775,12.128041781900897,-0.39210683451820927,0.7436690703459301
paired_plus_v03_block,Morgan,6,3,356,124,89,19,6.431781452720396,8.635730354955296,0.47782188408994364,0.8080687186290455
paired_plus_v03_block,Physical,6,3,356,124,89,19,12.382921872649653,17.3710803148487,-1.1128768112956657,0.8120994956560341
paired_plus_v03_block,Morgan+Physical,6,3,356,124,89,19,5.769611617906632,7.365567903466877,0.6201317503991488,0.8506712222437897
paired_plus_v03_block,Morgan,6,4,376,104,89,19,15.242435649509428,23.56431093961692,-0.2944282113615171,0.6423080188032417
paired_plus_v03_block,Physical,6,4,376,104,89,19,10.347953628361042,19.124058567085992,0.14743282024565096,0.8413245741363529
paired_plus_v03_block,Morgan+Physical,6,4,376,104,89,19,12.583759986038208,21.0055753057256,-0.028578971427506872,0.6954734436746164
paired_plus_v03_block,Morgan,7,0,366,114,88,20,5.9748753951357125,8.918503295952103,0.5389679751412483,0.9187144939464781
paired_plus_v03_block,Physical,7,0,366,114,88,20,6.136129342008893,9.70438854423306,0.4541372074134711,0.919076504373445
paired_plus_v03_block,Morgan+Physical,7,0,366,114,88,20,3.9974711222866124,6.440683306067375,0.7595576135436349,0.9335427950318493
paired_plus_v03_block,Morgan,7,1,403,77,88,20,17.82792720591558,23.635781002497758,-0.29377353267845585,0.444972327040864
paired_plus_v03_block,Physical,7,1,403,77,88,20,6.824360059589534,12.790348837287516,0.6211361865655618,0.8771064225417935
paired_plus_v03_block,Morgan+Physical,7,1,403,77,88,20,9.804311125817238,15.402889311877136,0.4505568838076288,0.6671213733537776
paired_plus_v03_block,Morgan,7,2,400,80,89,19,8.573827514038086,9.962991258507731,0.20547610268493588,0.7855579709801777
paired_plus_v03_block,Physical,7,2,400,80,89,19,5.978839755163192,10.037670755123937,0.19352045197419276,0.8072713651797607
paired_plus_v03_block,Morgan+Physical,7,2,400,80,89,19,6.924601570949553,8.88165655928003,0.368584240912469,0.815661847305772
paired_plus_v03_block,Morgan,7,3,402,78,89,19,5.879087101370005,18.12182832229907,0.22285451644569176,0.7231191291961708
paired_plus_v03_block,Physical,7,3,402,78,89,19,8.55156588545726,19.176745935549647,0.12974178248398038,0.687258982360144
paired_plus_v03_block,Morgan+Physical,7,3,402,78,89,19,6.867833488793005,18.196872473652395,0.21640472816319456,0.685421220880137
paired_plus_v03_block,Morgan,7,4,372,108,89,19,13.62717404528017,20.3028752168171,-0.3900851771056164,0.8181559379108988
paired_plus_v03_block,Physical,7,4,372,108,89,19,16.121715605983027,24.821259375645706,-1.077657457765441,0.8604777589785345
paired_plus_v03_block,Morgan+Physical,7,4,372,108,89,19,9.984682217633281,14.867738639388772,0.2545540534996623,0.8589564067823653
paired_plus_v03_block,Morgan,8,0,344,136,88,20,7.376777184340533,15.520434564581173,0.3059389244653179,0.736821141788431
paired_plus_v03_block,Physical,8,0,344,136,88,20,4.8747037042673895,14.955284386463449,0.35556475215862193,0.8007633610610266
paired_plus_v03_block,Morgan+Physical,8,0,344,136,88,20,4.9641098266489365,14.474206193360107,0.3963580062355826,0.7934363340917574
paired_plus_v03_block,Morgan,8,1,398,82,88,20,9.746559225460146,11.595773183330612,0.4259048210735761,0.8997965100742168
paired_plus_v03_block,Physical,8,1,398,82,88,20,6.676572696028919,9.074419483330974,0.6484216050032954,0.9174103433371936
paired_plus_v03_block,Morgan+Physical,8,1,398,82,88,20,5.430633372382188,7.903607531941237,0.733292511995726,0.9371991678897515
paired_plus_v03_block,Morgan,8,2,400,80,89,19,5.560707600650787,6.373126756592346,0.593348678266183,0.8056657717670496
paired_plus_v03_block,Physical,8,2,400,80,89,19,4.139978536543846,5.934829459920656,0.6473583838897047,0.8274277743095977
paired_plus_v03_block,Morgan+Physical,8,2,400,80,89,19,4.802246135053634,5.605229283550242,0.6854397509522236,0.8697894917349502
paired_plus_v03_block,Morgan,8,3,429,51,89,19,17.634326446907192,29.900803397132098,-0.16915845620288872,0.35356163260402934
paired_plus_v03_block,Physical,8,3,429,51,89,19,12.704964576571596,22.582628052940265,0.33310628677309606,0.7613119902034411
paired_plus_v03_block,Morgan+Physical,8,3,429,51,89,19,14.278605938855339,25.958944493126776,0.11878532707726386,0.7336658853148631
paired_plus_v03_block,Morgan,8,4,372,108,89,19,13.378006965566565,18.130107997826887,-0.32854853182593824,0.3071974881975007
paired_plus_v03_block,Physical,8,4,372,108,89,19,4.958948352796061,9.29986158836714,0.650433656823208,0.8852987406059627
paired_plus_v03_block,Morgan+Physical,8,4,372,108,89,19,8.759079323980542,11.623187728457737,0.45395662029188844,0.8624959812795413
paired_plus_v03_block,Morgan,9,0,412,68,88,20,10.161826334785014,18.147167676601747,0.1254795241076586,0.7124901315800334
paired_plus_v03_block,Physical,9,0,412,68,88,20,7.422408369933857,13.747396283744832,0.4981277509870763,0.9375409145283826
paired_plus_v03_block,Morgan+Physical,9,0,412,68,88,20,7.717754698585062,15.487832832646427,0.36300857908690565,0.8370571026476716
paired_plus_v03_block,Morgan,9,1,374,106,88,20,13.238325554109968,17.422322523921988,-0.44108358489277677,0.7233776961618151
paired_plus_v03_block,Physical,9,1,374,106,88,20,2.580298790625806,3.7673915240925298,0.932615721039373,0.9444034633741084
paired_plus_v03_block,Morgan+Physical,9,1,374,106,88,20,6.858903763249235,8.900696648619967,0.6238811735150678,0.8991457409906148
paired_plus_v03_block,Morgan,9,2,382,98,89,19,5.537188773112394,16.924335876585097,0.15258178548055323,0.6826885707800432
paired_plus_v03_block,Physical,9,2,382,98,89,19,6.705256372261048,16.8251662815441,0.16248372875234252,0.8886985730556889
paired_plus_v03_block,Morgan+Physical,9,2,382,98,89,19,5.424501818232633,16.494199867874016,0.1951090786643196,0.8181311734416282
paired_plus_v03_block,Morgan,9,3,389,91,89,19,7.294185387836499,9.138740893489945,0.4981601205923175,0.7800307981009391
paired_plus_v03_block,Physical,9,3,389,91,89,19,13.624856604235305,20.096382298891854,-1.4267677203445297,0.8295965638731765
paired_plus_v03_block,Morgan+Physical,9,3,389,91,89,19,7.044287462721605,9.752739774237169,0.42846120526820675,0.8709353735144256
paired_plus_v03_block,Morgan,9,4,386,94,89,19,15.983449697762346,20.373482905664023,0.15387570975157605,0.6049535364131481
paired_plus_v03_block,Physical,9,4,386,94,89,19,10.27828422512298,15.38070816820158,0.5177677309115362,0.9310196804927855
paired_plus_v03_block,Morgan+Physical,9,4,386,94,89,19,12.957857533783608,17.385692539835794,0.383848380485193,0.7908807416061766
extended_pool_room,Morgan,0,0,497,87,117,30,14.377051105907919,24.05805036237572,0.1478048437079772,0.7206317488136877
extended_pool_room,Physical,0,0,497,87,117,30,5.978327909067088,12.281116966995112,0.7779279317364918,0.8163846994708237
extended_pool_room,Morgan+Physical,0,0,497,87,117,30,8.494394520740729,14.24502748219423,0.7012246354818574,0.8756395565376667
extended_pool_room,Morgan,0,1,481,103,117,30,8.925619008592031,19.162094023951617,-0.0012835321974462577,0.39262609529383075
extended_pool_room,Physical,0,1,481,103,117,30,5.915157939744226,16.86724632962555,0.2241826017602374,0.8359427584244467
extended_pool_room,Morgan+Physical,0,1,481,103,117,30,6.0310232712829,16.910018879017244,0.22024292346178753,0.7854458503353109
extended_pool_room,Morgan,0,2,470,114,118,29,7.912260474623295,16.69692289075441,0.2351671566967225,0.7921183378131817
extended_pool_room,Physical,0,2,470,114,118,29,15.461149542775074,27.466800859192873,-1.0697114562412677,0.9284932771277027
extended_pool_room,Morgan+Physical,0,2,470,114,118,29,8.493042533305653,16.870426747057742,0.2191892518639823,0.9363741934147337
extended_pool_room,Morgan,0,3,449,135,118,29,10.266279191939741,14.718801695764272,0.13323897618493452,0.8442374019521481
extended_pool_room,Physical,0,3,449,135,118,29,6.743531874878494,9.957414135964784,0.6033133310385543,0.7796321804238114
extended_pool_room,Morgan+Physical,0,3,449,135,118,29,7.438180095802588,9.2248611203923,0.65953369394508,0.8143877544163128
extended_pool_room,Morgan,0,4,439,145,118,29,11.054394205543256,12.548328080728785,0.012202500582014664,0.13935204227870135
extended_pool_room,Physical,0,4,439,145,118,29,7.190332820224103,13.29075002507978,-0.1081413788486858,0.9274904539493574
extended_pool_room,Morgan+Physical,0,4,439,145,118,29,7.904343089520685,10.740379621893192,0.27633851958686007,0.8395935202302248
extended_pool_room,Morgan,1,0,489,95,117,30,9.356139609567744,19.11405742763468,0.1462843421169029,0.5649578214137446
extended_pool_room,Physical,1,0,489,95,117,30,6.891872391831248,18.266221895470686,0.22034057726373157,0.8535889268000559
extended_pool_room,Morgan+Physical,1,0,489,95,117,30,7.254841646073994,17.940865325792082,0.2478676888003446,0.8231005931198891
extended_pool_room,Morgan,1,1,464,120,117,30,10.438765581684114,22.133351215598694,0.06479590294278181,0.6938855281627911
extended_pool_room,Physical,1,1,464,120,117,30,11.592917626891136,21.487333144212958,0.11859180466317543,0.6341214222153231
extended_pool_room,Morgan+Physical,1,1,464,120,117,30,10.735576556247077,20.025523187895555,0.23443901539398837,0.5813671813954474
extended_pool_room,Morgan,1,2,446,138,118,29,16.028124314465728,21.362013372976264,-0.051583431713179806,0.6240115539757962
extended_pool_room,Physical,1,2,446,138,118,29,14.35954447344628,20.6180361311925,0.02038830239156031,0.9395177031962068
extended_pool_room,Morgan+Physical,1,2,446,138,118,29,7.333457044247614,12.468979116356609,0.6417211555302702,0.9295804545589484
extended_pool_room,Morgan,1,3,515,69,118,29,6.2273033764051355,8.874960506766298,0.3157223713606042,0.6445052949407262
extended_pool_room,Physical,1,3,515,69,118,29,6.837294725970946,15.657091572297462,-1.129715867356706,0.8598913252348999
extended_pool_room,Morgan+Physical,1,3,515,69,118,29,5.86841644364509,11.341177274255266,-0.1174182531201684,0.7875033082402567
extended_pool_room,Morgan,1,4,422,162,118,29,6.115887727043246,7.142525241691472,0.6419019177451022,0.8787810583266151
extended_pool_room,Physical,1,4,422,162,118,29,9.052034603960248,15.986082573501331,-0.7938351567079613,0.9521614841225858
extended_pool_room,Morgan+Physical,1,4,422,162,118,29,5.0791126304796,7.070392643299466,0.6490982838812085,0.9433680502863695
extended_pool_room,Morgan,2,0,475,109,117,30,11.615104033322114,18.689557423492356,0.22207502091905118,0.3790982884592394
extended_pool_room,Physical,2,0,475,109,117,30,3.5477785955313585,7.826403017544126,0.8635843808990455,0.9081014222732232
extended_pool_room,Morgan+Physical,2,0,475,109,117,30,7.417558738691697,11.552006076945231,0.7027961029365183,0.7786571360134854
extended_pool_room,Morgan,2,1,419,165,117,30,5.228392604906486,6.237792472641154,0.6507179135755653,0.6367969410900319
extended_pool_room,Physical,2,1,419,165,117,30,10.079711671918233,15.111604491583154,-1.0499139253474419,0.7427138819280583
extended_pool_room,Morgan+Physical,2,1,419,165,117,30,5.699260983794241,8.32401874821999,0.37801405924186593,0.7689321962507087
extended_pool_room,Morgan,2,2,518,66,118,29,10.324660974155773,22.99151886738892,0.001161199594821527,0.7390761429408312
extended_pool_room,Physical,2,2,518,66,118,29,10.435099017201049,24.998540485491088,-0.18083545987843985,0.8234140567725353
extended_pool_room,Morgan+Physical,2,2,518,66,118,29,9.698515376293297,23.13807058049358,-0.011612907947043505,0.8261710934134295
extended_pool_room,Morgan,2,3,458,126,118,29,7.614513833188254,8.871167505264047,0.20896059224129626,0.7255948865955066
extended_pool_room,Physical,2,3,458,126,118,29,5.366410451153346,8.20937035243571,0.3225827406865005,0.863202266519482
extended_pool_room,Morgan+Physical,2,3,458,126,118,29,4.68226936710297,6.250625038847354,0.6072796059157992,0.8766832150127732
extended_pool_room,Morgan,2,4,466,118,118,29,17.613096850417833,26.183979106010632,-0.23455406443417437,0.630778008679778
extended_pool_room,Physical,2,4,466,118,118,29,12.754870637091942,21.30717281771781,0.18249488467465724,0.6628708977335045
extended_pool_room,Morgan+Physical,2,4,466,118,118,29,10.577864602952083,19.220779861583665,0.33475620635796954,0.8057050639937287
extended_pool_room,Morgan,3,0,464,120,117,30,11.278196250972746,21.625973112514334,0.015203892586556966,0.45507024270733243
extended_pool_room,Physical,3,0,464,120,117,30,5.807075211896897,10.009597161757478,0.7890263556010818,0.6988119276527166
extended_pool_room,Morgan+Physical,3,0,464,120,117,30,8.092619149754842,14.063569216589912,0.5835277052248673,0.7019980043624986
extended_pool_room,Morgan,3,1,446,138,117,30,7.021681436632681,14.364638330851886,0.33826413540791656,0.6872939417855468
extended_pool_room,Physical,3,1,446,138,117,30,10.812923563600624,17.946859058565938,-0.03293307897936537,0.8482266387816175
extended_pool_room,Morgan+Physical,3,1,446,138,117,30,6.876530556211611,13.35520832025236,0.4279992283362628,0.8299275709470308
extended_pool_room,Morgan,3,2,478,106,118,29,17.92083859357726,25.373831621204364,-0.3440641822694295,0.35072993869461055
extended_pool_room,Physical,3,2,478,106,118,29,11.974172915112478,22.10107531709922,-0.019705377960373083,0.8670131639585542
extended_pool_room,Morgan+Physical,3,2,478,106,118,29,8.46552455690204,19.071968732406656,0.24065532328331973,0.8527510293442077
extended_pool_room,Morgan,3,3,479,105,118,29,7.4006932547505695,8.667070391458205,-0.013817436625428448,0.6021442297888461
extended_pool_room,Physical,3,3,479,105,118,29,4.118920120809646,8.16996156425558,0.09914449756038202,0.7104476938748395
extended_pool_room,Morgan+Physical,3,3,479,105,118,29,5.196712526691982,7.289991622926846,0.2827522949733057,0.6564800812780618
extended_pool_room,Morgan,3,4,469,115,118,29,6.195543180893608,8.818565952163313,0.4080370805475071,0.8120349107788821
extended_pool_room,Physical,3,4,469,115,118,29,4.374119562517249,7.4147186674552845,0.5815072642677086,0.9233042586157956
extended_pool_room,Morgan+Physical,3,4,469,115,118,29,4.644078054690154,7.456472317235152,0.57678077404186,0.9178268697245364
extended_pool_room,Morgan,4,0,483,101,117,30,8.072128138823556,14.903209571800112,0.2881236906457486,0.7539471694323482
extended_pool_room,Physical,4,0,483,101,117,30,4.473315496282296,8.389935216421462,0.7743880299745022,0.9181103101300953
extended_pool_room,Morgan+Physical,4,0,483,101,117,30,5.830497775453623,11.006829622864633,0.6116981935728011,0.883968855061385
extended_pool_room,Morgan,4,1,467,117,117,30,7.3990000937737355,9.2671503384728,0.3115766775517208,0.6739784813203262
extended_pool_room,Physical,4,1,467,117,117,30,5.843583919284527,10.221275631105325,0.16252209581982002,0.7074675586219554
extended_pool_room,Morgan+Physical,4,1,467,117,117,30,5.865036173050057,8.220932732411084,0.4582419825391235,0.6875287445759036
extended_pool_room,Morgan,4,2,482,102,118,29,12.961786360153498,25.611241603510305,-0.14950830872787924,0.32410869496922584
extended_pool_room,Physical,4,2,482,102,118,29,5.63700231479009,16.37139263518945,0.5302983376695152,0.8997781737784603
extended_pool_room,Morgan+Physical,4,2,482,102,118,29,8.685929202910032,19.52136831973831,0.3321616417545803,0.8995969541367033
extended_pool_room,Morgan,4,3,445,139,118,29,17.479734395281017,25.070920556172318,-0.49686077581763,-0.04346582863491026
extended_pool_room,Physical,4,3,445,139,118,29,13.049148154787021,20.07623313399176,0.04014571670558165,0.7829059909642322
extended_pool_room,Morgan+Physical,4,3,445,139,118,29,7.04172656938841,15.005409372152997,0.46378798248888686,0.7545705481564727
extended_pool_room,Morgan,4,4,459,125,118,29,6.158010293572998,8.597719253579704,0.16547862053563167,0.7788477970049059
extended_pool_room,Physical,4,4,459,125,118,29,5.760010968618774,9.027323558636258,0.07999758923166433,0.796641262025899
extended_pool_room,Morgan+Physical,4,4,459,125,118,29,5.135170804534912,8.069802425390597,0.2648148068155455,0.7812979084701587
extended_pool_room,Morgan,5,0,476,108,117,30,8.488332439144276,10.325296203246031,0.11095220871629852,0.5352591284870375
extended_pool_room,Physical,5,0,476,108,117,30,4.204777861519919,6.359500399660159,0.6627390438643124,0.8773471405151959
extended_pool_room,Morgan+Physical,5,0,476,108,117,30,5.283543936380456,6.20175951177088,0.6792623729278855,0.8686672440249281
extended_pool_room,Morgan,5,1,442,142,117,30,11.519487390281784,18.42390134119763,0.17324745895332394,0.7952255031637073
extended_pool_room,Physical,5,1,442,142,117,30,12.966165804438523,24.24947844064876,-0.4322444371676588,0.9226042170028166
extended_pool_room,Morgan+Physical,5,1,442,142,117,30,9.29774925670355,13.491730372861083,0.5566490468289844,0.9239775662327069
extended_pool_room,Morgan,5,2,500,84,118,29,7.382733555248804,17.59021482118277,0.2457895714060978,0.7883367421864919
extended_pool_room,Physical,5,2,500,84,118,29,6.364586417493365,15.323058303540734,0.42767705885917584,0.7791803769633355
extended_pool_room,Morgan+Physical,5,2,500,84,118,29,6.288055075350262,16.215957805939468,0.35903331400042227,0.7887896225601633
extended_pool_room,Morgan,5,3,433,151,118,29,12.930281811402173,20.909714522670424,0.004718989276724428,0.7253596762414707
extended_pool_room,Physical,5,3,433,151,118,29,5.113648788007522,13.840702433546454,0.5639203961555559,0.8910947897580472
extended_pool_room,Morgan+Physical,5,3,433,151,118,29,8.737151160597643,15.964237368260568,0.4198425623894029,0.9070016893990032
extended_pool_room,Morgan,5,4,485,99,118,29,8.120265249248467,14.884832440471444,0.03511963134971152,0.4462235093701992
extended_pool_room,Physical,5,4,485,99,118,29,8.781381546552254,15.04773733438938,0.013884071991888125,0.5641465588492087
extended_pool_room,Morgan+Physical,5,4,485,99,118,29,7.990293247985841,13.499257694184452,0.2063932630421227,0.46746485418516953
extended_pool_room,Morgan,6,0,456,128,117,30,6.896083063623905,8.926397163630238,0.07956177781775586,0.37973990146397824
extended_pool_room,Physical,6,0,456,128,117,30,5.6012448078310495,8.654699132589032,0.13474088594700817,0.5995870472127728
extended_pool_room,Morgan+Physical,6,0,456,128,117,30,5.5859201595103745,7.7182355349867695,0.31185764703143637,0.5064782328806517
extended_pool_room,Morgan,6,1,420,164,117,30,13.372390520477294,22.014488807968092,0.02144513441915008,0.8217621378085568
extended_pool_room,Physical,6,1,420,164,117,30,9.119361096926433,17.173364086296655,0.40450416981172244,0.9326212886616421
extended_pool_room,Morgan+Physical,6,1,420,164,117,30,6.751578149362891,16.156457977731176,0.47293972918179383,0.9402139994276282
extended_pool_room,Morgan,6,2,516,68,118,29,16.8339012781592,31.115912414411607,-0.15082871726025737,0.2737741761350285
extended_pool_room,Physical,6,2,516,68,118,29,12.317468446675468,27.81484297695202,0.08040027029148145,0.8104630099493746
extended_pool_room,Morgan+Physical,6,2,516,68,118,29,9.86502771209268,22.813805984081636,0.38135558362740396,0.8524999095852317
extended_pool_room,Morgan,6,3,447,137,118,29,6.527866262962174,8.283624436496424,0.656419966077683,0.7920527540488562
extended_pool_room,Physical,6,3,447,137,118,29,11.749555695885988,18.899567136140714,-0.7885077730996484,0.9229421110669326
extended_pool_room,Morgan+Physical,6,3,447,137,118,29,8.168014538490686,10.458026803489535,0.45237077327170694,0.9009826324066108
extended_pool_room,Morgan,6,4,497,87,118,29,6.461418944567099,8.425612900617582,0.360983328850662,0.7186147408240855
extended_pool_room,Physical,6,4,497,87,118,29,5.724559384894097,8.192703329102955,0.39582376146798937,0.6731237125828542
extended_pool_room,Morgan+Physical,6,4,497,87,118,29,5.249181812198683,7.225038084599649,0.5301172896982091,0.8039553600167859
extended_pool_room,Morgan,7,0,419,165,117,30,13.861910756891424,17.595435027754057,-0.499912719818544,0.27390446925208345
extended_pool_room,Physical,7,0,419,165,117,30,12.170804979104707,16.84088124448552,-0.3740280458614862,0.8158331514528894
extended_pool_room,Morgan+Physical,7,0,419,165,117,30,8.172733144286184,9.574941325958076,0.5558412591044035,0.8077554658086561
extended_pool_room,Morgan,7,1,497,87,117,30,7.68055854592159,9.639078678521397,0.07977665855811111,0.6216340006676138
extended_pool_room,Physical,7,1,497,87,117,30,5.46031749610024,8.086781003815307,0.3523005041097106,0.8078425788921633
extended_pool_room,Morgan+Physical,7,1,497,87,117,30,6.06014089390108,7.932163529571148,0.37683147102444514,0.7332323620517576
extended_pool_room,Morgan,7,2,469,115,118,29,8.165086941751232,20.310365223414045,0.13969610226202367,0.7194155311463343
extended_pool_room,Physical,7,2,469,115,118,29,7.35757707820461,18.872091265573104,0.25722636349965344,0.8807711785765674
extended_pool_room,Morgan+Physical,7,2,469,115,118,29,7.3031728043504796,19.377400357861323,0.21691762519487057,0.7935322666882125
extended_pool_room,Morgan,7,3,517,67,118,29,8.665187066149354,19.24044117965904,0.2241284645368743,0.7493539648858725
extended_pool_room,Physical,7,3,517,67,118,29,8.173613394295991,17.937058008720843,0.3256859756219611,0.8261738143690578
extended_pool_room,Morgan+Physical,7,3,517,67,118,29,8.110952965067392,17.981427006857402,0.322345891539378,0.8392033750488149
extended_pool_room,Morgan,7,4,434,150,118,29,11.21665276915487,17.299850324719078,0.1569955304019406,0.7840717257832279
extended_pool_room,Physical,7,4,434,150,118,29,8.085810386723836,11.493476958531977,0.6279099602022107,0.7919126034964584
extended_pool_room,Morgan+Physical,7,4,434,150,118,29,7.31234509538269,9.124886171764134,0.7654690855132699,0.7972781005825725
extended_pool_room,Morgan,8,0,501,83,117,30,6.547982132105082,8.785546523539814,0.37127264275855865,0.4365772694704069
extended_pool_room,Physical,8,0,501,83,117,30,3.2920855422628925,4.9398979495149655,0.8012254648866857,0.865190447607362
extended_pool_room,Morgan+Physical,8,0,501,83,117,30,4.263780414682412,5.395808851051223,0.7628419316012486,0.8831936951094607
extended_pool_room,Morgan,8,1,464,120,117,30,9.29726999970754,20.760118413065285,0.09812144553035085,0.755062424521771
extended_pool_room,Physical,8,1,464,120,117,30,6.50708379913648,18.533627429508332,0.28119802088167367,0.9198532809946437
extended_pool_room,Morgan+Physical,8,1,464,120,117,30,7.394046086037954,19.404626103079718,0.21204944574963458,0.8792146962160116
extended_pool_room,Morgan,8,2,476,108,118,29,7.201067326566907,15.616117887808082,0.14830556491466595,0.45093548298810426
extended_pool_room,Physical,8,2,476,108,118,29,8.12665004434762,15.385293537881187,0.17329754923560425,0.4558145915003985
extended_pool_room,Morgan+Physical,8,2,476,108,118,29,7.500737074272721,15.010502836589769,0.2130844385414753,0.46265152067251586
extended_pool_room,Morgan,8,3,452,132,118,29,13.569434913265344,17.74067862301805,0.0342156781731946,0.7563456156977092
extended_pool_room,Physical,8,3,452,132,118,29,7.525022438503035,11.036373127090954,0.6262403246700052,0.9277823780798392
extended_pool_room,Morgan+Physical,8,3,452,132,118,29,6.691014969831525,8.92409262446042,0.755618777941063,0.9316572251754552
extended_pool_room,Morgan,8,4,443,141,118,29,10.973190794792444,18.4171147476076,-0.03414168087577907,0.5099678029623921
extended_pool_room,Physical,8,4,443,141,118,29,12.574887290423778,20.48168090906715,-0.27899264304415716,0.9254362837979807
extended_pool_room,Morgan+Physical,8,4,443,141,118,29,8.12556338612225,11.140862170917153,0.6215796722939555,0.9149452996462683
extended_pool_room,Morgan,9,0,469,115,117,30,7.880050306708294,9.077259104125526,0.3555495444003851,0.7447925046879514
extended_pool_room,Physical,9,0,469,115,117,30,3.837095937271118,6.047630484192309,0.7139443266552945,0.944952044797592
extended_pool_room,Morgan+Physical,9,0,469,115,117,30,5.605039790583072,7.00678665396873,0.6160118176379307,0.8852866684219146
extended_pool_room,Morgan,9,1,477,107,117,30,9.698868753144453,19.332863470309437,-0.0627011530707886,0.6252458217839508
extended_pool_room,Physical,9,1,477,107,117,30,9.073751444265774,13.530096199244046,0.4795002169599537,0.7433493563927074
extended_pool_room,Morgan+Physical,9,1,477,107,117,30,6.63033904593637,9.021513340327694,0.7685924228695539,0.7910436413438797
extended_pool_room,Morgan,9,2,450,134,118,29,17.849947210539636,24.847465754314065,-0.49114164891617884,0.06927553704216984
extended_pool_room,Physical,9,2,450,134,118,29,9.86711860749259,17.817964468223856,0.23321982401571595,0.6773587364831087
extended_pool_room,Morgan+Physical,9,2,450,134,118,29,9.024994615981825,17.221267440150996,0.2837165419093075,0.6483649206970183
extended_pool_room,Morgan,9,3,487,97,118,29,7.4925682505184845,21.39894934460211,0.13420413434192813,0.7447519935707296
extended_pool_room,Physical,9,3,487,97,118,29,6.563049808148256,19.328671780189943,0.29362612433597124,0.9451514733718256
extended_pool_room,Morgan+Physical,9,3,487,97,118,29,6.6105054142745505,20.012523265305365,0.24275867645320226,0.9109190399775138
extended_pool_room,Morgan,9,4,453,131,118,29,7.309538775306294,9.462838367485375,0.2530245777666129,0.6137924367623012
extended_pool_room,Physical,9,4,453,131,118,29,3.4375370751527976,5.428432178313255,0.7541827811956618,0.9064677134060758
extended_pool_room,Morgan+Physical,9,4,453,131,118,29,4.51594310980411,6.047403853567149,0.6949286576861196,0.8780341662923853
extended_pool_room_random_row,Morgan,0,0,467,117,137,59,6.039860723120534,16.32900668499791,0.46082640296760036,0.9129577436460726
extended_pool_room_random_row,Physical,0,0,467,117,137,59,3.8239184731833964,15.150741956597827,0.5358301942158519,0.9609121875696124
extended_pool_room_random_row,Morgan+Physical,0,0,467,117,137,59,4.541597769843208,15.557620725935504,0.5105645268741259,0.9489262742546658
extended_pool_room_random_row,Morgan,0,1,467,117,123,68,5.794503142156356,8.734890516887324,0.7083763412443629,0.8929705952188963
extended_pool_room_random_row,Physical,0,1,467,117,123,68,4.182650714240115,8.99266734170775,0.6909100537641265,0.9062744878029535
extended_pool_room_random_row,Morgan+Physical,0,1,467,117,123,68,4.242746428468492,7.387928115446394,0.7913813432354146,0.9193687963141843
extended_pool_room_random_row,Morgan,0,2,467,117,135,62,4.823240680646326,6.647340860341984,0.7652882867386526,0.8427606231061094
extended_pool_room_random_row,Physical,0,2,467,117,135,62,3.3289690413196262,7.816279159911098,0.6754818515577239,0.9173434070334278
extended_pool_room_random_row,Morgan+Physical,0,2,467,117,135,62,3.362766920155582,6.160619847127311,0.7984013187260015,0.9129700459016447
extended_pool_room_random_row,Morgan,0,3,467,117,134,60,5.345936968961538,7.358978199543203,0.8156597530508441,0.8727497337827094
extended_pool_room_random_row,Physical,0,3,467,117,134,60,2.825123505597236,4.703072599210708,0.9247080582032217,0.9309529628710828
extended_pool_room_random_row,Morgan+Physical,0,3,467,117,134,60,3.7332928320273373,5.4056665119872696,0.9005319437330788,0.9202932154475535
extended_pool_room_random_row,Morgan,0,4,468,116,137,64,5.567182831527447,14.69358805402617,0.5207858317846564,0.918865620273122
extended_pool_room_random_row,Physical,0,4,468,116,137,64,3.259247691239981,12.220518141784474,0.6685231752092198,0.9718923595429277
extended_pool_room_random_row,Morgan+Physical,0,4,468,116,137,64,3.951246103345936,13.141155271302987,0.6166980545630283,0.9647794431169235
extended_pool_room_random_row,Morgan,1,0,467,117,131,62,4.913926354178405,8.32557935520919,0.794491174453815,0.9150595823366884
extended_pool_room_random_row,Physical,1,0,467,117,131,62,3.719380383607261,9.172029435969314,0.7505793379054269,0.9366720531541014
extended_pool_room_random_row,Morgan+Physical,1,0,467,117,131,62,3.8999934562683105,7.946757312767681,0.8127674084724708,0.9337051060671959
extended_pool_room_random_row,Morgan,1,1,467,117,134,65,6.240794092025105,16.35348058984986,0.33505944622977013,0.9018238947033462
extended_pool_room_random_row,Physical,1,1,467,117,134,65,4.001474437348456,14.96733491832392,0.4430048998328606,0.9562198676187263
extended_pool_room_random_row,Morgan+Physical,1,1,467,117,134,65,4.695767636786567,15.4079507990534,0.40972799391757564,0.9559332037023366
extended_pool_room_random_row,Morgan,1,2,467,117,137,66,5.234991575313471,6.943056871190836,0.8334927404358655,0.904397075148464
extended_pool_room_random_row,Physical,1,2,467,117,137,66,2.783259961063678,5.031580434886534,0.9125538754130257,0.9386715084688487
extended_pool_room_random_row,Morgan+Physical,1,2,467,117,137,66,3.498247226666834,4.899431156129579,0.9170869202404458,0.9305086097852802
extended_pool_room_random_row,Morgan,1,3,467,117,135,64,5.128741136756309,7.0977807437887845,0.7751898463794544,0.8919043657226934
extended_pool_room_random_row,Physical,1,3,467,117,135,64,2.16168233112107,3.1996693958354414,0.9543142269367646,0.9679073237633076
extended_pool_room_random_row,Morgan+Physical,1,3,467,117,135,64,3.076734632045387,4.2650092104096045,0.9188271657580654,0.9562083654952113
extended_pool_room_random_row,Morgan,1,4,468,116,132,65,5.989965915344501,14.82697295308869,0.5078896469318356,0.9074777109542468
extended_pool_room_random_row,Physical,1,4,468,116,132,65,3.4515771286388928,12.285449195655453,0.6621378107613305,0.9557432155581589
extended_pool_room_random_row,Morgan+Physical,1,4,468,116,132,65,4.342967338719861,13.332594534230756,0.602088166682788,0.9492823942426463
extended_pool_room_random_row,Morgan,2,0,467,117,135,62,6.285609783874252,15.412022785593669,0.4617483274200881,0.9165484754691603
extended_pool_room_random_row,Physical,2,0,467,117,135,62,3.4312719479741802,12.851573148785901,0.6257354542115103,0.9713472536469538
extended_pool_room_random_row,Morgan+Physical,2,0,467,117,135,62,4.402868473982852,13.938005452449483,0.5597824389197145,0.9580309099643995
extended_pool_room_random_row,Morgan,2,1,467,117,134,67,4.741829931862334,6.527539501248026,0.7836746628252081,0.8638742258589671
extended_pool_room_random_row,Physical,2,1,467,117,134,67,3.435631169558794,7.53074345860671,0.7120718820270068,0.9165533536542143
extended_pool_room_random_row,Morgan+Physical,2,1,467,117,134,67,3.4462740666316103,5.893965341853307,0.8236304821949008,0.924735921414426
extended_pool_room_random_row,Morgan,2,2,467,117,133,68,5.235985387590196,7.118636288493525,0.7886122570666636,0.8789601141697849
extended_pool_room_random_row,Physical,2,2,467,117,133,68,2.7618032778601362,4.152927296684219,0.9280559553857034,0.9456673989744929
extended_pool_room_random_row,Morgan+Physical,2,2,467,117,133,68,3.435711971445981,4.714730860135156,0.9072743245455752,0.9334278232300179
extended_pool_room_random_row,Morgan,2,3,467,117,132,63,6.842953910279886,19.910727761742336,0.2893716182196694,0.877937816188955
extended_pool_room_random_row,Physical,2,3,467,117,132,63,4.761981806997968,18.203202975493245,0.40603082983410776,0.9460941449105242
extended_pool_room_random_row,Morgan+Physical,2,3,467,117,132,63,5.513986712209587,18.920939183010645,0.3582680535649504,0.9357278671700369
extended_pool_room_random_row,Morgan,2,4,468,116,131,61,5.356772457135956,7.509369323225875,0.7865644089047955,0.8473633035823811
extended_pool_room_random_row,Physical,2,4,468,116,131,61,2.9813223394591226,6.0521103034141985,0.861364777988095,0.9361987009153927
extended_pool_room_random_row,Morgan+Physical,2,4,468,116,131,61,3.510815497753537,5.075729440648948,0.9024882745667873,0.9229000817739138
extended_pool_room_random_row,Morgan,3,0,467,117,135,60,5.389302442514795,7.70880691707005,0.8184907471001066,0.9105314955258597
extended_pool_room_random_row,Physical,3,0,467,117,135,60,3.6806084365355662,7.917251654447314,0.808542081898461,0.8931739414731252
extended_pool_room_random_row,Morgan+Physical,3,0,467,117,135,60,3.857456186845568,6.565797924705009,0.8683261730976684,0.9044763355250727
extended_pool_room_random_row,Morgan,3,1,467,117,133,65,5.318185512546638,6.645042221867568,0.815128209008549,0.8701840505128337
extended_pool_room_random_row,Physical,3,1,467,117,133,65,2.777412152589325,5.003199036911088,0.8951977227157102,0.9420057265753314
extended_pool_room_random_row,Morgan+Physical,3,1,467,117,133,65,3.595017851156902,4.815423756696313,0.902916778041079,0.9308098627487966
extended_pool_room_random_row,Morgan,3,2,467,117,132,65,5.018585384942731,8.684747608498434,0.6899398322080417,0.916615568379489
extended_pool_room_random_row,Physical,3,2,467,117,132,65,2.9814989414769353,7.64534936155906,0.7597152294856273,0.96624903563208
extended_pool_room_random_row,Morgan+Physical,3,2,467,117,132,65,3.4782018422053413,7.724603216428533,0.7547076886788209,0.9499288231069349
extended_pool_room_random_row,Morgan,3,3,467,117,131,66,6.7528813878181655,16.83114723920408,0.40598723275100224,0.8746803275495991
extended_pool_room_random_row,Physical,3,3,467,117,131,66,3.901145092359364,15.32085732627829,0.5078080826253173,0.959133382326071
extended_pool_room_random_row,Morgan+Physical,3,3,467,117,131,66,4.945152947769816,15.760792024612401,0.47913590922602756,0.9497486767099894
extended_pool_room_random_row,Morgan,3,4,468,116,137,59,5.233495522551702,14.445848185731743,0.4928883460803132,0.9173913186866377
extended_pool_room_random_row,Physical,3,4,468,116,137,59,3.8734639676077602,12.63298194962753,0.6121808506237312,0.9514178083941432
extended_pool_room_random_row,Morgan+Physical,3,4,468,116,137,59,4.20558675907727,13.281439031287439,0.571345127989669,0.9610178074593041
extended_pool_room_random_row,Morgan,4,0,467,117,130,70,5.13051751981556,7.102346884210005,0.7654897560081917,0.8226305234423551
extended_pool_room_random_row,Physical,4,0,467,117,130,70,4.061816381769098,9.147159678803272,0.6110170371755401,0.9112342796976576
extended_pool_room_random_row,Morgan+Physical,4,0,467,117,130,70,4.019346566863753,6.7118632814645425,0.7905674107889192,0.8915572472242972
extended_pool_room_random_row,Morgan,4,1,467,117,135,64,5.359766064274454,6.731773805561555,0.7350555284036211,0.8513728731212279
extended_pool_room_random_row,Physical,4,1,467,117,135,64,2.558597340858329,4.188976655105038,0.897408421423179,0.9525917056521063
extended_pool_room_random_row,Morgan+Physical,4,1,467,117,135,64,3.5848148005858844,4.900227448819411,0.8596125422325503,0.9377553700326553
extended_pool_room_random_row,Morgan,4,2,467,117,131,58,5.362046310216137,15.03840427748827,0.5260055662102605,0.9177480215380461
extended_pool_room_random_row,Physical,4,2,467,117,131,58,3.491110451269557,12.639703076936657,0.6651552654897464,0.9534447868858071
extended_pool_room_random_row,Morgan+Physical,4,2,467,117,131,58,4.088248977745904,13.706462010427943,0.6062500936233001,0.9467150483556852
extended_pool_room_random_row,Morgan,4,3,467,117,134,62,5.52545036975176,16.16579313808183,0.46113231352861084,0.9048378294630219
extended_pool_room_random_row,Physical,4,3,467,117,134,62,3.8939906183943793,15.055526533093989,0.5326093668983831,0.9518688646186785
extended_pool_room_random_row,Morgan+Physical,4,3,467,117,134,62,4.217648561696111,15.383541010529061,0.5120214472743518,0.9538225360784088
extended_pool_room_random_row,Morgan,4,4,468,116,134,64,6.056855676032757,8.3986477515447,0.7925763458977532,0.9252751255239252
extended_pool_room_random_row,Physical,4,4,468,116,134,64,3.6904915783092886,6.367189256739395,0.8807838575715627,0.9206219761748831
extended_pool_room_random_row,Morgan+Physical,4,4,468,116,134,64,4.164603062241651,5.959391224926868,0.8955656564196285,0.93646837588511
extended_pool_room_random_row,Morgan,5,0,467,117,140,58,4.932596823530931,7.332154200385167,0.8255740640033989,0.8806189238695883
extended_pool_room_random_row,Physical,5,0,467,117,140,58,2.241741948131007,3.4383438049536976,0.9616428365798302,0.967687576813824
extended_pool_room_random_row,Morgan+Physical,5,0,467,117,140,58,3.2747180024432314,4.929653648600711,0.9211538127562492,0.9640647308819449
extended_pool_room_random_row,Morgan,5,1,467,117,133,57,6.633521718738263,21.033224650501975,0.3150946769565226,0.9180714032965288
extended_pool_room_random_row,Physical,5,1,467,117,133,57,4.432250433585012,19.048426400808598,0.43825782805674496,0.9647700217077139
extended_pool_room_random_row,Morgan+Physical,5,1,467,117,133,57,4.976722123956925,19.751350076639607,0.39603413500508555,0.9617040374844152
extended_pool_room_random_row,Morgan,5,2,467,117,124,73,6.1737166916415225,9.293189595561726,0.6231491532344472,0.8681090436439364
extended_pool_room_random_row,Physical,5,2,467,117,124,73,4.417610909535335,8.133765564877288,0.7113156757615643,0.8953264252500776
extended_pool_room_random_row,Morgan+Physical,5,2,467,117,124,73,4.895141489449525,8.362163086068847,0.6948754394385592,0.909788666926788
extended_pool_room_random_row,Morgan,5,3,467,117,134,60,4.904601359421167,6.077628118340074,0.8338844750881649,0.8727824144488587
extended_pool_room_random_row,Physical,5,3,467,117,134,60,2.800432921396564,4.9276947672041045,0.8907982558020647,0.9445026352200186
extended_pool_room_random_row,Morgan+Physical,5,3,467,117,134,60,3.4768080949832227,4.70866184158719,0.9002903982048904,0.9292720273882946
extended_pool_room_random_row,Morgan,5,4,468,116,136,66,5.669362280628601,7.682140686695158,0.7992154928496893,0.9002937133407254
extended_pool_room_random_row,Physical,5,4,468,116,136,66,3.997182971097683,8.74212206806135,0.7399843915866466,0.9372238279522608
extended_pool_room_random_row,Morgan+Physical,5,4,468,116,136,66,4.093008160913402,6.588899535828633,0.8522962717594303,0.929338343146555
extended_pool_room_random_row,Morgan,6,0,467,117,127,69,6.3163083185831725,16.461255749195878,0.4032331320453817,0.8733360543669073
extended_pool_room_random_row,Physical,6,0,467,117,127,69,4.262037652692224,15.43084943233948,0.47560511611341505,0.950726306955806
extended_pool_room_random_row,Morgan+Physical,6,0,467,117,127,69,4.717548628697844,15.602841507301164,0.4638501699228822,0.9442455911500295
extended_pool_room_random_row,Morgan,6,1,467,117,132,65,6.3918434926024865,15.754929967677997,0.511265475116063,0.9332718213787448
extended_pool_room_random_row,Physical,6,1,467,117,132,65,3.73858116162292,13.275766804749122,0.6529761724127392,0.9630734840322438
extended_pool_room_random_row,Morgan+Physical,6,1,467,117,132,65,4.470614904530843,14.19086818225657,0.6034864827599764,0.9625002473115616
extended_pool_room_random_row,Morgan,6,2,467,117,136,63,5.255315340188833,7.100221394019302,0.8326910017704978,0.9227352496219828
extended_pool_room_random_row,Physical,6,2,467,117,136,63,2.761654633173168,4.46255925945441,0.9339088194027899,0.9533807258617819
extended_pool_room_random_row,Morgan+Physical,6,2,467,117,136,63,3.431366322541848,4.7106868158359285,0.9263548789051926,0.9527209727545919
extended_pool_room_random_row,Morgan,6,3,467,117,141,59,4.884317748280713,6.079986556083573,0.8348270915833067,0.8981764212670977
extended_pool_room_random_row,Physical,6,3,467,117,141,59,2.1471752038456846,3.0555145735310916,0.9582840347481963,0.97079926962009
extended_pool_room_random_row,Morgan+Physical,6,3,467,117,141,59,3.2220811854996634,4.143138000351081,0.9233005276433298,0.9491922176176335
extended_pool_room_random_row,Morgan,6,4,468,116,132,69,4.689195507233717,6.699605044751623,0.7910683309383103,0.8751605740138978
extended_pool_room_random_row,Physical,6,4,468,116,132,69,3.0563943446619755,7.031048664986512,0.7698843903353187,0.9162608486938286
extended_pool_room_random_row,Morgan+Physical,6,4,468,116,132,69,3.3798170951185553,6.081743548771287,0.8278281769309503,0.9234262636179017
extended_pool_room_random_row,Morgan,7,0,467,117,135,68,5.456586235626744,15.867210515939295,0.4362137565916626,0.9133800074599236
extended_pool_room_random_row,Physical,7,0,467,117,135,68,3.5260555129825555,14.95139349846411,0.49941636164127157,0.9420293275727789
extended_pool_room_random_row,Morgan+Physical,7,0,467,117,135,68,3.9951041856847263,15.139571310446017,0.48673640307047006,0.9468514586704783
extended_pool_room_random_row,Morgan,7,1,467,117,132,62,6.069250020485902,15.11691553311298,0.3711047718134929,0.8853225436336076
extended_pool_room_random_row,Physical,7,1,467,117,132,62,3.776138084776137,13.048194309136067,0.5314534358937117,0.9358308885638262
extended_pool_room_random_row,Morgan+Physical,7,1,467,117,132,62,4.474428458186743,13.66811566263627,0.48587441450300783,0.9208647606970383
extended_pool_room_random_row,Morgan,7,2,467,117,131,65,6.114332271973699,7.710042601001404,0.7914190748165224,0.9077466971217468
extended_pool_room_random_row,Physical,7,2,467,117,131,65,3.7185398731688144,6.271422670395557,0.8619955224671458,0.93436173355096
extended_pool_room_random_row,Morgan+Physical,7,2,467,117,131,65,4.396116145768124,6.0200393094947335,0.8728373153013547,0.9435476582928715
extended_pool_room_random_row,Morgan,7,3,467,117,137,56,5.590621245587992,12.591698775418514,0.5022179180723154,0.8518665506105118
extended_pool_room_random_row,Physical,7,3,467,117,137,56,3.15080838064536,6.864514261698321,0.8520584271614926,0.9594733920297143
extended_pool_room_random_row,Morgan+Physical,7,3,467,117,137,56,4.060612521766597,9.486679652557514,0.7174475487512533,0.9435675233396004
extended_pool_room_random_row,Morgan,7,4,468,116,129,59,5.206575028176143,8.079042154720659,0.7646054262022911,0.8716098009446454
extended_pool_room_random_row,Physical,7,4,468,116,129,59,2.6403690511802145,6.317790250489401,0.856051512598842,0.9307541361129555
extended_pool_room_random_row,Morgan+Physical,7,4,468,116,129,59,3.431253263131503,6.597361230309315,0.8430297944189915,0.9202506258128695
extended_pool_room_random_row,Morgan,8,0,467,117,137,59,4.871112821151864,6.598182696091035,0.8687801599643841,0.9351496617900665
extended_pool_room_random_row,Physical,8,0,467,117,137,59,2.744141068207505,5.525254557903159,0.9079856814710019,0.9619020819530416
extended_pool_room_random_row,Morgan+Physical,8,0,467,117,137,59,3.4040411679650986,4.963500777430408,0.9257447748100178,0.9643238665020634
extended_pool_room_random_row,Morgan,8,1,467,117,134,69,5.16468914134099,7.827210560576296,0.7653450727658112,0.886640188697345
extended_pool_room_random_row,Physical,8,1,467,117,134,69,3.455433682592343,6.821458031501378,0.8217744075956875,0.8989067617523835
extended_pool_room_random_row,Morgan+Physical,8,1,467,117,134,69,3.7895119098865475,6.618311763565859,0.8322316294534422,0.9258142576249784
extended_pool_room_random_row,Morgan,8,2,467,117,131,64,4.7181066018129,6.384738980172979,0.7174871078020642,0.8413324397834416
extended_pool_room_random_row,Physical,8,2,467,117,131,64,3.1368715728205494,7.254931442810494,0.6352304289764026,0.9100245307393259
extended_pool_room_random_row,Morgan+Physical,8,2,467,117,131,64,3.1771267486963515,5.579086968747519,0.7842860459290157,0.898990661204244
extended_pool_room_random_row,Morgan,8,3,467,117,134,65,6.11189204764081,16.38775018843831,0.45293427254316687,0.8949409091959992
extended_pool_room_random_row,Physical,8,3,467,117,134,65,3.8724986889716906,15.330154087019382,0.5212664347592854,0.9536271358797539
extended_pool_room_random_row,Morgan+Physical,8,3,467,117,134,65,4.5572459802415635,15.55982410492754,0.5068146080990457,0.9441194934869753
extended_pool_room_random_row,Morgan,8,4,468,116,130,66,6.788507434226726,15.754595865091504,0.462232641321236,0.9026491215213875
extended_pool_room_random_row,Physical,8,4,468,116,130,66,4.081243742377183,12.80669425205077,0.644651909453787,0.9588618828206938
extended_pool_room_random_row,Morgan+Physical,8,4,468,116,130,66,4.987898040383438,13.790353482249202,0.5879682333423721,0.9535781495717559
extended_pool_room_random_row,Morgan,9,0,467,117,133,65,5.895766440210586,14.802461338002527,0.5032076103378746,0.9037244871067396
extended_pool_room_random_row,Physical,9,0,467,117,133,65,3.6154288105940204,11.775885609644178,0.6855915424409635,0.9272393632268824
extended_pool_room_random_row,Morgan+Physical,9,0,467,117,133,65,4.44722291355296,13.087697463524984,0.6116408356651277,0.9289581950277316
extended_pool_room_random_row,Morgan,9,1,467,117,137,56,5.13060545707507,6.937578874032591,0.8201890398638101,0.8956104711954722
extended_pool_room_random_row,Physical,9,1,467,117,137,56,3.872753229753217,8.888403430741233,0.7048465871600751,0.9309358111547373
extended_pool_room_random_row,Morgan+Physical,9,1,467,117,137,56,3.5245561184653256,6.072573508937544,0.8622327929688929,0.9344128612896193
extended_pool_room_random_row,Morgan,9,2,467,117,135,66,4.904210413060636,6.405881829779675,0.7935784402319166,0.8638564689057975
extended_pool_room_random_row,Physical,9,2,467,117,135,66,2.6100159690123332,3.9001959308911056,0.9234808637130367,0.954903923804477
extended_pool_room_random_row,Morgan+Physical,9,2,467,117,135,66,3.390684238433838,4.648611316050099,0.8912964619299472,0.9410649924761522
extended_pool_room_random_row,Morgan,9,3,467,117,130,61,5.780808412326912,15.961553422951877,0.3876829575611064,0.8909292935890579
extended_pool_room_random_row,Physical,9,3,467,117,130,61,3.65149990341969,15.103183284750637,0.4517697171818317,0.9585162947204408
extended_pool_room_random_row,Morgan+Physical,9,3,467,117,130,61,4.167242743708945,15.281777768823181,0.43872745996424023,0.9497759048867427
extended_pool_room_random_row,Morgan,9,4,468,116,131,65,6.243018157202623,13.96924503656865,0.48161915142902756,0.8842182109397474
extended_pool_room_random_row,Physical,9,4,468,116,131,65,3.87874536758949,9.97927099423898,0.7354542979651653,0.95372552234821
extended_pool_room_random_row,Morgan+Physical,9,4,468,116,131,65,4.66978834543557,11.6159314533147,0.641564382647543,0.9367644638780194
