arm,representation,repeat,fold,train_rows,test_rows,train_compounds,test_compounds,mae,rmse,r2,spearman
baseline,Morgan,0,0,328,129,77,20,15.80106188420732,19.79736735084448,-1.2465833595490716,-0.2692634868251015
baseline,Physical,0,0,328,129,77,20,18.707810244005778,22.068834615700332,-1.7916852659006017,0.5341175799905006
baseline,Morgan+Physical,0,0,328,129,77,20,8.309259865930837,9.80603209563924,0.44881895349169376,0.5057784148328935
baseline,Morgan,0,1,321,136,77,20,13.270327840625537,17.482831436499804,-0.31308848270569967,-0.022933490707184263
baseline,Physical,0,1,321,136,77,20,3.428869516310972,5.53189024207353,0.8685327553259132,0.8481192909406743
baseline,Morgan+Physical,0,1,321,136,77,20,7.839173476376252,10.562870067864445,0.5206703138537356,0.36187862555591604
baseline,Morgan,0,2,385,72,78,19,6.268117459636264,8.857746930671421,0.02993889940388106,0.0495327547692496
baseline,Physical,0,2,385,72,78,19,8.945496932856242,12.393051971798998,-0.8989306106858601,0.22511629796957838
baseline,Morgan+Physical,0,2,385,72,78,19,5.9120675322002825,9.694086800105929,-0.1618936053547555,0.2204951900098126
baseline,Morgan,0,3,411,46,78,19,9.867929656318998,26.08893468095654,0.08617721016724211,0.5992786766114082
baseline,Physical,0,3,411,46,78,19,8.52724353242957,24.42468719819851,0.19904647897859884,0.7093651627132864
baseline,Morgan+Physical,0,3,411,46,78,19,8.169022655818775,24.957106263192273,0.16374688167566387,0.8192838059082257
baseline,Morgan,0,4,383,74,78,19,16.23708513894571,23.56896636951814,-0.15007120440533428,0.26297376646379506
baseline,Physical,0,4,383,74,78,19,8.52862388536711,12.198760840372474,0.6919117820505831,0.8885283237138828
baseline,Morgan+Physical,0,4,383,74,78,19,10.953391586412998,17.163096858912656,0.3901332403782234,0.8242179464778916
baseline,Morgan,1,0,355,102,77,20,7.422386764436608,9.0745583131983,0.20807070838327002,0.8218613040372529
baseline,Physical,1,0,355,102,77,20,7.04940995862624,11.172940600748136,-0.20052275194450497,0.45330834802895514
baseline,Morgan+Physical,1,0,355,102,77,20,5.323196221063651,8.653252333709396,0.2798977770127249,0.8844221581548171
baseline,Morgan,1,1,379,78,77,20,10.373795394035241,24.03312431702561,0.05557654826417158,0.40165403100884084
baseline,Physical,1,1,379,78,77,20,6.941951966878452,22.07595653208704,0.20313388925174014,0.9072576085729132
baseline,Morgan+Physical,1,1,379,78,77,20,8.330839296297905,22.788814896817318,0.1508395106870407,0.8926405144919384
baseline,Morgan,1,2,365,92,78,19,14.909710118003515,17.71454997500406,-0.09923459961854486,0.8444538729664535
baseline,Physical,1,2,365,92,78,19,5.952657193681468,7.184900104319601,0.8191695301957583,0.9033169763385194
baseline,Morgan+Physical,1,2,365,92,78,19,6.146600221302198,7.485837694162419,0.8037042235431462,0.8910273553841033
baseline,Morgan,1,3,346,111,78,19,10.381847117738465,17.313417386600925,0.18810830258250388,0.772040636346388
baseline,Physical,1,3,346,111,78,19,12.390877646475436,19.19254141529826,0.00230573652928201,0.857834551477673
baseline,Morgan+Physical,1,3,346,111,78,19,9.50064488737089,15.602429666865754,0.34064854435863023,0.8601742936215496
baseline,Morgan,1,4,383,74,78,19,11.551480190586398,15.450778074813183,-0.1837775780761315,0.6054307253727218
baseline,Physical,1,4,383,74,78,19,17.986117296244647,24.43612783567078,-1.9609711599257271,0.7715392730034066
baseline,Morgan+Physical,1,4,383,74,78,19,8.056639739887137,11.466379079982838,0.3480384381588497,0.8388769668295742
baseline,Morgan,2,0,383,74,77,20,17.0548245483151,24.08207313108728,-0.18621941806634967,0.03218028789198679
baseline,Physical,2,0,383,74,77,20,12.318566374552958,16.161945691322707,0.4657253439628576,0.5604453163651264
baseline,Morgan+Physical,2,0,383,74,77,20,14.44714931040171,19.95309391764664,0.18567497605988703,0.43272261444424415
baseline,Morgan,2,1,341,116,77,20,6.299133330141264,7.992154460880511,0.14118488551702402,0.8904115261760212
baseline,Physical,2,1,341,116,77,20,7.081787087315526,10.811716704867901,-0.571669613704519,0.48270185857859105
baseline,Morgan+Physical,2,1,341,116,77,20,5.255862817961593,8.095500783212591,0.11883065531420267,0.8434360254481522
baseline,Morgan,2,2,380,77,78,19,9.717596913622572,23.713034818400796,-0.012727050664265604,0.6241040273746519
baseline,Physical,2,2,380,77,78,19,8.122421236508853,22.943890392270447,0.051904138113807896,0.7917222422455337
baseline,Morgan+Physical,2,2,380,77,78,19,8.169152891481078,23.017357738389933,0.04582272791077724,0.7870890362398834
baseline,Morgan,2,3,358,99,78,19,5.3638431406194504,6.41748197316443,0.42302779635107035,0.689508755078189
baseline,Physical,2,3,358,99,78,19,4.0920089546434815,7.604578632275814,0.18983050655130274,0.8221678324435785
baseline,Morgan+Physical,2,3,358,99,78,19,4.124234310311983,6.129200778756852,0.4737001183476688,0.7657110639530829
baseline,Morgan,2,4,366,91,78,19,15.364694404099014,18.23121267895863,-0.30200788879157603,0.6883674255525745
baseline,Physical,2,4,366,91,78,19,7.1942846869583965,8.494688593258948,0.7173314922828956,0.9150183847732065
baseline,Morgan+Physical,2,4,366,91,78,19,6.720492051847687,8.335912811713536,0.7277995568988198,0.9120164691866892
baseline,Morgan,3,0,348,109,77,20,9.850515186288819,18.62346037511424,0.12545782623629465,0.6104419011502987
baseline,Physical,3,0,348,109,77,20,6.33476714062822,16.882261648034888,0.28134367387228976,0.8240705581056469
baseline,Morgan+Physical,3,0,348,109,77,20,7.382438313531436,16.9771623857329,0.2732413583080485,0.799641532919014
baseline,Morgan,3,1,417,40,77,20,12.151753050231934,23.505476467129622,0.08449442878266733,0.6081145035610794
baseline,Physical,3,1,417,40,77,20,11.658883573436736,17.199779592082653,0.5098052712018711,0.6949646064590004
baseline,Morgan+Physical,3,1,417,40,77,20,11.366380926990509,17.99321860611051,0.4635359964598702,0.7709888256813365
baseline,Morgan,3,2,295,162,78,19,10.85950156441206,13.008316903320488,0.20059838194627222,0.5823115628924441
baseline,Physical,3,2,295,162,78,19,8.724482455851707,13.980304977004574,0.07667180586555189,0.7464286114446615
baseline,Morgan+Physical,3,2,295,162,78,19,8.258940378222054,9.702795837841885,0.5552493489777315,0.7715114745236148
baseline,Morgan,3,3,366,91,78,19,11.824455937027144,18.861687747531708,0.24200424139319576,0.7630677558307558
baseline,Physical,3,3,366,91,78,19,8.951035437162629,15.392625945399512,0.4951863317808033,0.9282659722429973
baseline,Morgan+Physical,3,3,366,91,78,19,9.947930633679064,16.184287445187696,0.4419246501328634,0.9112729109891047
baseline,Morgan,3,4,402,55,78,19,10.476464447515315,15.382098398837563,-0.809372282324345,0.18214316351441348
baseline,Physical,3,4,402,55,78,19,6.651674338227706,8.37549994800185,0.46356359515819456,0.8940890474516655
baseline,Morgan+Physical,3,4,402,55,78,19,6.152776605232932,9.560961384937615,0.3009634386546969,0.6609907677791698
baseline,Morgan,4,0,398,59,77,20,10.275598775443386,21.91928107986351,0.055691551084629975,0.24109108692760567
baseline,Physical,4,0,398,59,77,20,9.6338510679148,21.66995500197766,0.07705189431622717,0.7635762893376479
baseline,Morgan+Physical,4,0,398,59,77,20,7.367958848791607,20.76110020778039,0.15284672698561508,0.7777122280480024
baseline,Morgan,4,1,340,117,77,20,7.534073092740051,11.860218700221338,-0.4724501317174197,0.4417181414495794
baseline,Physical,4,1,340,117,77,20,4.368143005120693,6.028716956868658,0.6195435164154892,0.6524600224875374
baseline,Morgan+Physical,4,1,340,117,77,20,5.248253312015371,8.327235673182049,0.27413323425208047,0.5329591929565134
baseline,Morgan,4,2,346,111,78,19,13.628407963259583,20.004464658648356,0.008600713012182903,0.5976345029663745
baseline,Physical,4,2,346,111,78,19,22.290187128757786,30.89386425046601,-1.3644993701883092,0.7212588631456919
baseline,Morgan+Physical,4,2,346,111,78,19,13.483369948117367,19.685150000519208,0.03999788070518251,0.7168053829421622
baseline,Morgan,4,3,384,73,78,19,6.7408485747245885,15.66387906156617,0.30634862332241797,0.6533266904597351
baseline,Physical,4,3,384,73,78,19,6.020985156208195,8.533581397247502,0.7941242091207202,0.8329416320338915
baseline,Morgan+Physical,4,3,384,73,78,19,5.583846388704482,11.023311985278,0.6564683082558735,0.9092831780346011
baseline,Morgan,4,4,360,97,78,19,13.21303199697278,17.750742231435936,-0.22986644536605394,0.6568263533135187
baseline,Physical,4,4,360,97,78,19,8.923509608868471,9.764522731354534,0.6278423424696626,0.82975004653168
baseline,Morgan+Physical,4,4,360,97,78,19,6.88338522889442,7.7816083439547405,0.7636456198969277,0.9064151711915784
baseline,Morgan,5,0,394,63,77,20,7.254420235648988,16.439888323483142,0.08118742397029144,0.7334547289529771
baseline,Physical,5,0,394,63,77,20,6.15921705636524,9.493350578018632,0.69361447527967,0.5938887027167242
baseline,Morgan+Physical,5,0,394,63,77,20,6.175525371430413,12.4927186909845,0.4694294671458614,0.6895904282952904
baseline,Morgan,5,1,376,81,77,20,9.172393744631167,11.83284381052476,0.4934684910716626,0.8023833752067941
baseline,Physical,5,1,376,81,77,20,9.665134623690005,15.312702334051366,0.15173434684256193,0.8063537571851271
baseline,Morgan+Physical,5,1,376,81,77,20,7.098237754878291,10.968299715807344,0.5647820283798219,0.8145519798435091
baseline,Morgan,5,2,346,111,78,19,15.031620462487023,22.43039536883135,0.09189270466542254,0.47149653428813326
baseline,Physical,5,2,346,111,78,19,7.9320690605754685,16.499691344581393,0.5086228610872109,0.8993854236832184
baseline,Morgan+Physical,5,2,346,111,78,19,11.16449009153074,18.970940414208428,0.3504074625179693,0.8163152297440893
baseline,Morgan,5,3,329,128,78,19,6.0287598174572,8.74038531179953,0.3287868187874422,0.8442322922595502
baseline,Physical,5,3,329,128,78,19,10.514898349183799,14.48069779833603,-0.8423761371739784,0.9126052215265522
baseline,Morgan+Physical,5,3,329,128,78,19,3.9969469678282734,4.87998151710268,0.790764354225227,0.9048072888412921
baseline,Morgan,5,4,383,74,78,19,12.516003713968637,20.629905716388055,0.0882375642346862,0.6334981469037098
baseline,Physical,5,4,383,74,78,19,8.799968504364426,15.219818981817795,0.5037435282746545,0.7523926117075952
baseline,Morgan+Physical,5,4,383,74,78,19,10.585976308461781,17.282975215642136,0.3600821516849575,0.744159915864457
baseline,Morgan,6,0,414,43,77,20,11.0422242153079,20.548884462955137,0.08691594692311233,0.5194802158142786
baseline,Physical,6,0,414,43,77,20,10.216209004734838,13.777945788860961,0.5895094150297561,0.7070613952196215
baseline,Morgan+Physical,6,0,414,43,77,20,10.43162505358319,16.341192954398274,0.4225667692274564,0.7093334434047746
baseline,Morgan,6,1,397,60,77,20,13.966465471013388,23.608422842093464,0.09766006923418924,0.8408078806650149
baseline,Physical,6,1,397,60,77,20,7.724932819747924,13.256177561094793,0.7155061702836527,0.8356132200502165
baseline,Morgan+Physical,6,1,397,60,77,20,10.340416638437908,18.09045656612645,0.47017154151920093,0.8776822348962082
baseline,Morgan,6,2,331,126,78,19,15.740486170438736,19.218832892251406,-2.49578905194409,-0.5192273686056881
baseline,Physical,6,2,331,126,78,19,6.058384596827673,8.247012783243838,0.35629848364798866,0.901846129454554
baseline,Morgan+Physical,6,2,331,126,78,19,10.32898287956601,12.412702833795828,-0.45822289716764764,0.7269783746779054
baseline,Morgan,6,3,333,124,78,19,6.7340923874270535,9.077997580810711,0.422967006833706,0.8493674724113045
baseline,Physical,6,3,333,124,78,19,11.792290883882583,16.023600408792138,-0.7977973360043358,0.8044252113274851
baseline,Morgan+Physical,6,3,333,124,78,19,5.193559699876848,6.753503913217428,0.6806412409989151,0.8564731704751966
baseline,Morgan,6,4,353,104,78,19,15.48650596010208,23.2741685374006,-0.2627484084872047,0.2879003521272135
baseline,Physical,6,4,353,104,78,19,9.625787739904844,17.748763480152675,0.26564732006379244,0.8284759765692045
baseline,Morgan+Physical,6,4,353,104,78,19,11.277058686811008,19.724605371788368,0.0930462805520541,0.7404054947622619
baseline,Morgan,7,0,343,114,77,20,5.619109242302075,8.464374171458367,0.5847239869889165,0.9099401094819854
baseline,Physical,7,0,343,114,77,20,4.6436903450413745,7.683688574886021,0.6577947655646348,0.9269442320664649
baseline,Morgan+Physical,7,0,343,114,77,20,3.418817673612896,6.076806377384515,0.7859585238850064,0.9350437171685037
baseline,Morgan,7,1,380,77,77,20,18.662115705613967,24.250664021400894,-0.3619639650613853,0.5207328803931845
baseline,Physical,7,1,380,77,77,20,4.5572484268584805,8.392875195515195,0.8368677306476782,0.9504519194651178
baseline,Morgan+Physical,7,1,380,77,77,20,11.430764838082451,15.234352423773469,0.462515005855742,0.6984848567704732
baseline,Morgan,7,2,377,80,78,19,8.500720731601714,10.204867163487597,0.1664298053639257,0.7306705192333308
baseline,Physical,7,2,377,80,78,19,9.966273387596607,17.301159359502662,-1.3959507049769626,0.7093514149205459
baseline,Morgan+Physical,7,2,377,80,78,19,8.790723446235656,12.39067518569513,-0.228902450992845,0.7065875286360318
baseline,Morgan,7,3,379,78,78,19,7.380298582376334,19.28050336423922,0.12029909270614592,0.36258667435947456
baseline,Physical,7,3,379,78,78,19,8.571237016468537,18.079183226553344,0.22650783972006017,0.4829866889643582
baseline,Morgan+Physical,7,3,379,78,78,19,7.6808675830899755,18.20822836501134,0.21542640627275345,0.4578195664742614
baseline,Morgan,7,4,349,108,78,19,13.510199314258715,20.434073694614103,-0.4081088632485337,0.7830831304933195
baseline,Physical,7,4,349,108,78,19,13.719010704817595,20.902581121650506,-0.47341862955232283,0.864094403644815
baseline,Morgan+Physical,7,4,349,108,78,19,8.469483029330219,14.03528490900231,0.33569306304944324,0.8652615622642431
baseline,Morgan,8,0,321,136,77,20,8.401872533820656,16.22021713993842,0.241940556590863,0.663524753428235
baseline,Physical,8,0,321,136,77,20,7.1286246810296,14.86852296403729,0.36302030209643177,0.7956485233907937
baseline,Morgan+Physical,8,0,321,136,77,20,4.52445478927388,14.11285493972012,0.426121849631656,0.814779456708211
baseline,Morgan,8,1,375,82,77,20,10.659687834070718,12.767035486422492,0.304071524234966,0.5221556873692655
baseline,Physical,8,1,375,82,77,20,6.927960593112852,8.754253807181236,0.6727928813187256,0.8586899025890479
baseline,Morgan+Physical,8,1,375,82,77,20,5.837141502246392,8.702765643386709,0.6766305013816338,0.8870548052641064
baseline,Morgan,8,2,377,80,78,19,4.967265239295959,5.7639260575267945,0.667375773836971,0.8376032487957459
baseline,Physical,8,2,377,80,78,19,3.5654472019052506,4.789216811593219,0.7703607751669884,0.8975162845859209
baseline,Morgan+Physical,8,2,377,80,78,19,4.198869341192245,4.774358786060338,0.7717834264866437,0.8925254618727461
baseline,Morgan,8,3,406,51,78,19,17.606692211824303,29.3595783018521,-0.12721636982644902,0.41105938332601916
baseline,Physical,8,3,406,51,78,19,11.805470121196672,18.969915965075106,0.5294145725659654,0.6988137227208994
baseline,Morgan+Physical,8,3,406,51,78,19,13.75130773447074,23.59585822369546,0.27191980721869446,0.719028941985849
baseline,Morgan,8,4,349,108,78,19,13.178153026439523,17.44241166153482,-0.2296731940218506,0.41322385157165115
baseline,Physical,8,4,349,108,78,19,5.93237174212491,8.98349949602199,0.6738121823612417,0.8793266753673494
baseline,Morgan+Physical,8,4,349,108,78,19,7.967854383980785,10.403494443673758,0.5625432514581624,0.8595435240257073
baseline,Morgan,9,0,389,68,77,20,9.872007392883301,17.598002881008338,0.1776076775296016,0.7566212274031847
baseline,Physical,9,0,389,68,77,20,5.307263039504781,7.121995510728184,0.8653036989613,0.8812710002864316
baseline,Morgan+Physical,9,0,389,68,77,20,6.7105848470295175,11.21243382188993,0.666149474735175,0.9213995325860296
baseline,Morgan,9,1,351,106,77,20,13.192489055417619,17.479404123300643,-0.4505420380820542,0.751295310237066
baseline,Physical,9,1,351,106,77,20,8.087346746120812,10.000404923791304,0.5251983238964839,0.9425562093992721
baseline,Morgan+Physical,9,1,351,106,77,20,4.42342320532169,6.0895937630237515,0.8239428300447731,0.9287941672867402
baseline,Morgan,9,2,359,98,78,19,6.476206584323181,17.416933767468908,0.10253416671490678,0.6649451981336082
baseline,Physical,9,2,359,98,78,19,6.197939206321872,16.329128479890866,0.21113890965718185,0.8835701283162948
baseline,Morgan+Physical,9,2,359,98,78,19,4.953953104587477,16.4179597333431,0.20253267857030888,0.7767574455065677
baseline,Morgan,9,3,366,91,78,19,13.56390558754722,24.391372783054692,-2.5749084907470885,0.29690745033829374
baseline,Physical,9,3,366,91,78,19,18.29727022062532,25.48678907916737,-2.9032169549970277,0.6847787330647529
baseline,Morgan+Physical,9,3,366,91,78,19,12.849823528294827,18.302320793090132,-1.0128192079977518,0.6278549038137965
baseline,Morgan,9,4,363,94,78,19,16.74775615171067,20.779215943209792,0.11983941321159719,0.5144819550393203
baseline,Physical,9,4,363,94,78,19,27.45948037417797,30.29179981481371,-0.8704829788387554,0.06850408855664057
baseline,Morgan+Physical,9,4,363,94,78,19,21.84339985549602,24.497248006059944,-0.2233147217606426,0.07300069256386349
plus_lever4,Morgan,0,0,328,129,77,20,15.80106188420732,19.79736735084448,-1.2465833595490716,-0.2692634868251015
plus_lever4,Physical,0,0,328,129,77,20,8.643754219025604,12.409734066754705,0.11726041114753916,0.7230668853940995
plus_lever4,Morgan+Physical,0,0,328,129,77,20,6.897915563539017,9.700335528761626,0.46063697947178106,0.6883063760089726
plus_lever4,Morgan,0,1,321,136,77,20,13.270327840625537,17.482831436499804,-0.31308848270569967,-0.022933490707184263
plus_lever4,Physical,0,1,321,136,77,20,3.955723493979959,4.761632696667807,0.9025947792428927,0.8652183476436048
plus_lever4,Morgan+Physical,0,1,321,136,77,20,7.091669136989816,8.825498066412095,0.665382307660839,0.8104882845707884
plus_lever4,Morgan,0,2,385,72,78,19,6.268117459636264,8.857746930671421,0.02993889940388106,0.0495327547692496
plus_lever4,Physical,0,2,385,72,78,19,5.243361553827922,10.898358616629702,-0.4685026766127671,0.42157738900260855
plus_lever4,Morgan+Physical,0,2,385,72,78,19,5.5897050778283015,9.09130148543682,-0.021891233653100972,0.14751140905818794
plus_lever4,Morgan,0,3,411,46,78,19,9.867929656318998,26.08893468095654,0.08617721016724211,0.5992786766114082
plus_lever4,Physical,0,3,411,46,78,19,7.093668883240741,22.513056553516172,0.31951552950943274,0.8825532506794805
plus_lever4,Morgan+Physical,0,3,411,46,78,19,7.504706212251085,24.082664077879752,0.22132120236088737,0.8226771092210139
plus_lever4,Morgan,0,4,383,74,78,19,16.23708513894571,23.56896636951814,-0.15007120440533428,0.26297376646379506
plus_lever4,Physical,0,4,383,74,78,19,8.962025650739411,13.745342331156115,0.6088396939000325,0.9140759397087826
plus_lever4,Morgan+Physical,0,4,383,74,78,19,11.5210758066497,17.968304055036523,0.3315670773594467,0.8294849315433687
plus_lever4,Morgan,1,0,355,102,77,20,7.422386764436608,9.0745583131983,0.20807070838327002,0.8218613040372529
plus_lever4,Physical,1,0,355,102,77,20,4.979730195262384,8.140515031843991,0.3627069527557625,0.8781401284308225
plus_lever4,Morgan+Physical,1,0,355,102,77,20,4.723433513439404,7.529656151866748,0.45476251770070597,0.909432325548514
plus_lever4,Morgan,1,1,379,78,77,20,10.373795394035241,24.03312431702561,0.05557654826417158,0.40165403100884084
plus_lever4,Physical,1,1,379,78,77,20,6.878965622712649,23.237134743726973,0.11710013670519914,0.9380997550136124
plus_lever4,Morgan+Physical,1,1,379,78,77,20,8.176645388291188,23.26963847278719,0.11462843706692483,0.9009089198734634
plus_lever4,Morgan,1,2,365,92,78,19,14.909710118003515,17.71454997500406,-0.09923459961854486,0.8444538729664535
plus_lever4,Physical,1,2,365,92,78,19,5.4088399587817815,7.442959711930243,0.8059465007716017,0.7638433192096274
plus_lever4,Morgan+Physical,1,2,365,92,78,19,8.219982069430145,10.025085739600902,0.6479483911969655,0.7471619202190694
plus_lever4,Morgan,1,3,346,111,78,19,10.381847117738465,17.313417386600925,0.18810830258250388,0.772040636346388
plus_lever4,Physical,1,3,346,111,78,19,6.978822691757615,11.889147980985701,0.6171453136046512,0.9379768852290337
plus_lever4,Morgan+Physical,1,3,346,111,78,19,6.697530831634247,13.913824205225685,0.4756448641050809,0.9387251961169717
plus_lever4,Morgan,1,4,383,74,78,19,11.551480190586398,15.450778074813183,-0.1837775780761315,0.6054307253727218
plus_lever4,Physical,1,4,383,74,78,19,15.131470201079912,21.42419704083051,-1.2760327577945838,0.9084933286840952
plus_lever4,Morgan+Physical,1,4,383,74,78,19,6.800458687447212,10.774100711622161,0.42438584907086396,0.8852112401309205
plus_lever4,Morgan,2,0,383,74,77,20,17.0548245483151,24.08207313108728,-0.18621941806634967,0.03218028789198679
plus_lever4,Physical,2,0,383,74,77,20,9.680904313196748,15.653270874505031,0.49882720479016196,0.8576120777326807
plus_lever4,Morgan+Physical,2,0,383,74,77,20,12.969221046453942,19.666517541989815,0.2088984874316765,0.5131981626355931
plus_lever4,Morgan,2,1,341,116,77,20,6.299133330141264,7.992154460880511,0.14118488551702402,0.8904115261760212
plus_lever4,Physical,2,1,341,116,77,20,4.088823598203988,6.609953246437134,0.4125529639447474,0.8936957894848168
plus_lever4,Morgan+Physical,2,1,341,116,77,20,3.497142486993198,6.237486355966028,0.4768922443950312,0.9326441192320404
plus_lever4,Morgan,2,2,380,77,78,19,9.717596913622572,23.713034818400796,-0.012727050664265604,0.6241040273746519
plus_lever4,Physical,2,2,380,77,78,19,9.119907879024355,23.583411979644936,-0.0016855481450914755,0.8002477320399574
plus_lever4,Morgan+Physical,2,2,380,77,78,19,7.398158462722581,23.242062836244305,0.027101632937835518,0.7570898507792
plus_lever4,Morgan,2,3,358,99,78,19,5.3638431406194504,6.41748197316443,0.42302779635107035,0.689508755078189
plus_lever4,Physical,2,3,358,99,78,19,3.9836894678905757,7.81375627270133,0.14464716868552918,0.7397426192265779
plus_lever4,Morgan+Physical,2,3,358,99,78,19,4.114974861306855,6.188379995489291,0.46348789727373485,0.7549065828380397
plus_lever4,Morgan,2,4,366,91,78,19,15.364694404099014,18.23121267895863,-0.30200788879157603,0.6883674255525745
plus_lever4,Physical,2,4,366,91,78,19,9.14604434308901,10.57908359584319,0.5615918706412437,0.8771316374369423
plus_lever4,Morgan+Physical,2,4,366,91,78,19,6.01200442295284,7.258344435991593,0.7936247333976079,0.8965819401445897
plus_lever4,Morgan,3,0,348,109,77,20,9.850515186288819,18.62346037511424,0.12545782623629465,0.6104419011502987
plus_lever4,Physical,3,0,348,109,77,20,4.310360960010213,15.342941871953949,0.40642270743301423,0.8700976816463913
plus_lever4,Morgan+Physical,3,0,348,109,77,20,5.864838932128346,16.164023340706798,0.34119188965867475,0.8383881275291113
plus_lever4,Morgan,3,1,417,40,77,20,12.151753050231934,23.505476467129622,0.08449442878266733,0.6081145035610794
plus_lever4,Physical,3,1,417,40,77,20,9.54228735218048,15.474538916526521,0.6032122016860441,0.6152151383082108
plus_lever4,Morgan+Physical,3,1,417,40,77,20,10.23793712029457,16.48394444305659,0.5497588782131477,0.6998312199812546
plus_lever4,Morgan,3,2,295,162,78,19,10.85950156441206,13.008316903320488,0.20059838194627222,0.5823115628924441
plus_lever4,Physical,3,2,295,162,78,19,4.6804502828715755,7.020739797304236,0.7671433951219053,0.8445013587071943
plus_lever4,Morgan+Physical,3,2,295,162,78,19,6.77663366469395,8.346143964875358,0.670925258050201,0.8290881084980937
plus_lever4,Morgan,3,3,366,91,78,19,11.824455937027144,18.861687747531708,0.24200424139319576,0.7630677558307558
plus_lever4,Physical,3,3,366,91,78,19,6.632861056744922,13.144674792709257,0.631866478302033,0.96860449147187
plus_lever4,Morgan+Physical,3,3,366,91,78,19,8.651785210041421,15.734386209695037,0.4725208645630443,0.9504273562699662
plus_lever4,Morgan,3,4,402,55,78,19,10.476464447515315,15.382098398837563,-0.809372282324345,0.18214316351441348
plus_lever4,Physical,3,4,402,55,78,19,7.179081244355636,9.940184820979983,0.24441090459357806,0.9300925009229531
plus_lever4,Morgan+Physical,3,4,402,55,78,19,6.301566182023482,8.973122187933626,0.38427905684365105,0.7512832290264052
plus_lever4,Morgan,4,0,398,59,77,20,10.275598775443386,21.91928107986351,0.055691551084629975,0.24109108692760567
plus_lever4,Physical,4,0,398,59,77,20,10.0038865064524,22.005296841144762,0.048265688674458684,0.751974044650478
plus_lever4,Morgan+Physical,4,0,398,59,77,20,7.066793674404338,20.689564922519857,0.15867464026649358,0.7725178480370667
plus_lever4,Morgan,4,1,340,117,77,20,7.534073092740051,11.860218700221338,-0.4724501317174197,0.4417181414495794
plus_lever4,Physical,4,1,340,117,77,20,4.34826859256777,5.653738997400852,0.6653994029521393,0.6625388371877095
plus_lever4,Morgan+Physical,4,1,340,117,77,20,4.986447716193567,8.015943797523095,0.3273881297187716,0.5691713340111051
plus_lever4,Morgan,4,2,346,111,78,19,13.628407963259583,20.004464658648356,0.008600713012182903,0.5976345029663745
plus_lever4,Physical,4,2,346,111,78,19,14.656309901386981,21.221786548868817,-0.11572873680797646,0.7974568185083948
plus_lever4,Morgan+Physical,4,2,346,111,78,19,10.801292033372484,17.021565770657066,0.28221603963067776,0.7987168744751432
plus_lever4,Morgan,4,3,384,73,78,19,6.7408485747245885,15.66387906156617,0.30634862332241797,0.6533266904597351
plus_lever4,Physical,4,3,384,73,78,19,4.2900990388635085,6.620531254695199,0.8760837420141009,0.7785027561786048
plus_lever4,Morgan+Physical,4,3,384,73,78,19,4.743860966951553,8.179414929983475,0.8108583864598685,0.9661063712610904
plus_lever4,Morgan,4,4,360,97,78,19,13.21303199697278,17.750742231435936,-0.22986644536605394,0.6568263533135187
plus_lever4,Physical,4,4,360,97,78,19,4.854906066697898,5.926871079198514,0.8628878694933246,0.8968965691141366
plus_lever4,Morgan+Physical,4,4,360,97,78,19,7.518580102704234,8.76630104394286,0.7000439131048057,0.9424839213445563
plus_lever4,Morgan,5,0,394,63,77,20,7.254420235648988,16.439888323483142,0.08118742397029144,0.7334547289529771
plus_lever4,Physical,5,0,394,63,77,20,5.200866820289975,6.350710274582116,0.8628885242259854,0.5832177721188841
plus_lever4,Morgan+Physical,5,0,394,63,77,20,5.656911176469591,9.760747810205052,0.676111603991747,0.7573363922600971
plus_lever4,Morgan,5,1,376,81,77,20,9.172393744631167,11.83284381052476,0.4934684910716626,0.8023833752067941
plus_lever4,Physical,5,1,376,81,77,20,7.440442632472662,11.223138136607878,0.5443233040971167,0.8667189350269676
plus_lever4,Morgan+Physical,5,1,376,81,77,20,6.131147070482043,9.187222981406402,0.6946508493731403,0.9018103822756185
plus_lever4,Morgan,5,2,346,111,78,19,15.031620462487023,22.43039536883135,0.09189270466542254,0.47149653428813326
plus_lever4,Physical,5,2,346,111,78,19,7.10708704017158,16.01685682997956,0.5369606558715754,0.945174004334904
plus_lever4,Morgan+Physical,5,2,346,111,78,19,10.898484800923665,18.57948287129763,0.37693902395741796,0.874244205444949
plus_lever4,Morgan,5,3,329,128,78,19,6.0287598174572,8.74038531179953,0.3287868187874422,0.8442322922595502
plus_lever4,Physical,5,3,329,128,78,19,9.583978587132691,16.7663559487139,-1.4698847202538965,0.9052053581227344
plus_lever4,Morgan+Physical,5,3,329,128,78,19,3.9808036805987355,5.729985196679672,0.7115262372020805,0.8994119334798032
plus_lever4,Morgan,5,4,383,74,78,19,12.516003713968637,20.629905716388055,0.0882375642346862,0.6334981469037098
plus_lever4,Physical,5,4,383,74,78,19,7.737695333893235,14.957419110922597,0.5207076084205479,0.6824451607850415
plus_lever4,Morgan+Physical,5,4,383,74,78,19,9.527249781221958,17.426948031262473,0.3493762965969128,0.6904482621765979
plus_lever4,Morgan,6,0,414,43,77,20,11.0422242153079,20.548884462955137,0.08691594692311233,0.5194802158142786
plus_lever4,Physical,6,0,414,43,77,20,6.351633994390799,9.136664598327462,0.8194865268359839,0.6958526241728668
plus_lever4,Morgan+Physical,6,0,414,43,77,20,8.235148488066915,12.429089402494203,0.6659489192684851,0.6843409133680912
plus_lever4,Morgan,6,1,397,60,77,20,13.966465471013388,23.608422842093464,0.09766006923418924,0.8408078806650149
plus_lever4,Physical,6,1,397,60,77,20,8.104702724202474,14.809656204658387,0.644920025597223,0.8887114029732118
plus_lever4,Morgan+Physical,6,1,397,60,77,20,10.419662555440267,18.94178447349325,0.41913125648007654,0.8500499779331937
plus_lever4,Morgan,6,2,331,126,78,19,15.740486170438736,19.218832892251406,-2.49578905194409,-0.5192273686056881
plus_lever4,Physical,6,2,331,126,78,19,3.7370755777086524,6.500950238903191,0.6000139175706467,0.8964221778212484
plus_lever4,Morgan+Physical,6,2,331,126,78,19,9.264355652993824,11.241664498915195,-0.1960585403924533,0.6004795243675589
plus_lever4,Morgan,6,3,333,124,78,19,6.7340923874270535,9.077997580810711,0.422967006833706,0.8493674724113045
plus_lever4,Physical,6,3,333,124,78,19,11.604044386789875,18.09179373374899,-1.291837259227417,0.8708197607145252
plus_lever4,Morgan+Physical,6,3,333,124,78,19,5.226436841306379,7.409656757447525,0.6155705051541529,0.8647184374295279
plus_lever4,Morgan,6,4,353,104,78,19,15.48650596010208,23.2741685374006,-0.2627484084872047,0.2879003521272135
plus_lever4,Physical,6,4,353,104,78,19,8.429956585430364,17.034919208415968,0.3235298519255221,0.8900581216835993
plus_lever4,Morgan+Physical,6,4,353,104,78,19,10.776601220245364,19.165143823407536,0.14376565229538418,0.7988909399108663
plus_lever4,Morgan,7,0,343,114,77,20,5.619109242302075,8.464374171458367,0.5847239869889165,0.9099401094819854
plus_lever4,Physical,7,0,343,114,77,20,6.496255043417947,8.945512513628909,0.5361713243607632,0.8741515650045895
plus_lever4,Morgan+Physical,7,0,343,114,77,20,3.1878948429643064,6.082634993740433,0.7855477278592032,0.8915989410155283
plus_lever4,Morgan,7,1,380,77,77,20,18.662115705613967,24.250664021400894,-0.3619639650613853,0.5207328803931845
plus_lever4,Physical,7,1,380,77,77,20,5.343994518329571,6.732585857601983,0.8950259027381725,0.9494620246670209
plus_lever4,Morgan+Physical,7,1,380,77,77,20,11.781161739002576,14.41332459701045,0.5188874539201656,0.8118062208064157
plus_lever4,Morgan,7,2,377,80,78,19,8.500720731601714,10.204867163487597,0.1664298053639257,0.7306705192333308
plus_lever4,Physical,7,2,377,80,78,19,5.928196537361145,9.981041714956564,0.2025945362432553,0.7284943316650284
plus_lever4,Morgan+Physical,7,2,377,80,78,19,6.588692543849945,9.43173959619914,0.2879490518510245,0.7181598003403235
plus_lever4,Morgan,7,3,379,78,78,19,7.380298582376334,19.28050336423922,0.12029909270614592,0.36258667435947456
plus_lever4,Physical,7,3,379,78,78,19,4.901775620891866,17.36425065803013,0.28647302456286494,0.9190248267030957
plus_lever4,Morgan+Physical,7,3,379,78,78,19,5.831439953511556,17.923081908048463,0.239807320956136,0.607718965110437
plus_lever4,Morgan,7,4,349,108,78,19,13.510199314258715,20.434073694614103,-0.4081088632485337,0.7830831304933195
plus_lever4,Physical,7,4,349,108,78,19,12.416279377663576,19.68531999983478,-0.3068064803845396,0.8889761283299983
plus_lever4,Morgan+Physical,7,4,349,108,78,19,8.165531997256808,15.233955415459327,0.2173786668679153,0.8771062067631391
plus_lever4,Morgan,8,0,321,136,77,20,8.401872533820656,16.22021713993842,0.241940556590863,0.663524753428235
plus_lever4,Physical,8,0,321,136,77,20,4.92686560308793,13.420013519951096,0.48108545813252745,0.9680324826827365
plus_lever4,Morgan+Physical,8,0,321,136,77,20,4.002822719203725,13.556404877368085,0.4704841105181581,0.8868150793764216
plus_lever4,Morgan,8,1,375,82,77,20,10.659687834070718,12.767035486422492,0.304071524234966,0.5221556873692655
plus_lever4,Physical,8,1,375,82,77,20,5.937936151463578,7.833943523707741,0.7379734197954607,0.8858023276815796
plus_lever4,Morgan+Physical,8,1,375,82,77,20,5.448207705480065,8.000954622231033,0.726682090244702,0.9202567545641053
plus_lever4,Morgan,8,2,377,80,78,19,4.967265239295959,5.7639260575267945,0.667375773836971,0.8376032487957459
plus_lever4,Physical,8,2,377,80,78,19,3.4279731990790365,5.20076887950374,0.7291978025722652,0.8646057869845514
plus_lever4,Morgan+Physical,8,2,377,80,78,19,4.086752749977112,4.74244351677794,0.7748243579788098,0.8636654870530837
plus_lever4,Morgan,8,3,406,51,78,19,17.606692211824303,29.3595783018521,-0.12721636982644902,0.41105938332601916
plus_lever4,Physical,8,3,406,51,78,19,12.506777117261699,19.603729936757325,0.4974432826884281,0.5368311834593876
plus_lever4,Morgan+Physical,8,3,406,51,78,19,14.437503182055902,23.415910776384315,0.2829824768741188,0.7142877030574645
plus_lever4,Morgan,8,4,349,108,78,19,13.178153026439523,17.44241166153482,-0.2296731940218506,0.41322385157165115
plus_lever4,Physical,8,4,349,108,78,19,6.827522296543475,9.024184311115084,0.6708509884721872,0.9505300152055547
plus_lever4,Morgan+Physical,8,4,349,108,78,19,5.970003781954447,8.403962368735721,0.7145402772390471,0.8875138298578052
plus_lever4,Morgan,9,0,389,68,77,20,9.872007392883301,17.598002881008338,0.1776076775296016,0.7566212274031847
plus_lever4,Physical,9,0,389,68,77,20,3.7497472925186153,5.3715571969320886,0.9233781405189556,0.9377644764659242
plus_lever4,Morgan+Physical,9,0,389,68,77,20,5.572923419279211,9.642943882998726,0.7530713073108202,0.9449145993698412
plus_lever4,Morgan,9,1,351,106,77,20,13.192489055417619,17.479404123300643,-0.4505420380820542,0.751295310237066
plus_lever4,Physical,9,1,351,106,77,20,9.538512967955391,11.646642160623339,0.35601086968509954,0.849290541902204
plus_lever4,Morgan+Physical,9,1,351,106,77,20,5.955804687859877,7.144475549710256,0.757664085750184,0.864262082838262
plus_lever4,Morgan,9,2,359,98,78,19,6.476206584323181,17.416933767468908,0.10253416671490678,0.6649451981336082
plus_lever4,Physical,9,2,359,98,78,19,4.2186546614861005,15.910304028883402,0.25108680833782315,0.7993732580189962
plus_lever4,Morgan+Physical,9,2,359,98,78,19,4.933894599073761,16.461137686224827,0.19833260924996488,0.7257254522617457
plus_lever4,Morgan,9,3,366,91,78,19,13.56390558754722,24.391372783054692,-2.5749084907470885,0.29690745033829374
plus_lever4,Physical,9,3,366,91,78,19,17.035379044506367,26.26194204796219,-3.1442516509479157,0.9186371632712369
plus_lever4,Morgan+Physical,9,3,366,91,78,19,12.159543037377661,17.062006698922577,-0.7492531237683744,0.6487746576689651
plus_lever4,Morgan,9,4,363,94,78,19,16.74775615171067,20.779215943209792,0.11983941321159719,0.5144819550393203
plus_lever4,Physical,9,4,363,94,78,19,17.620554008143,20.902550217248127,0.10936008364007288,0.5419847299007791
plus_lever4,Morgan+Physical,9,4,363,94,78,19,16.918939698872666,20.402448853891787,0.15146804924932333,0.5917840173347512
plus_lever8,Morgan,0,0,328,129,77,20,15.80106188420732,19.79736735084448,-1.2465833595490716,-0.2692634868251015
plus_lever8,Physical,0,0,328,129,77,20,8.57683440245399,10.242144222901471,0.3987024583861347,0.5037417288058593
plus_lever8,Morgan+Physical,0,0,328,129,77,20,10.294619357027749,12.360070877719167,0.12431164055667299,0.49715097371792777
plus_lever8,Morgan,0,1,321,136,77,20,13.270327840625537,17.482831436499804,-0.31308848270569967,-0.022933490707184263
plus_lever8,Physical,0,1,321,136,77,20,5.336647867696425,6.1505484824669585,0.8374832442902106,0.8398785356934156
plus_lever8,Morgan+Physical,0,1,321,136,77,20,8.689675732881883,10.72955796413068,0.5054227765327557,0.4879583477217039
plus_lever8,Morgan,0,2,385,72,78,19,6.268117459636264,8.857746930671421,0.02993889940388106,0.0495327547692496
plus_lever8,Physical,0,2,385,72,78,19,10.297656227938335,13.81152166168327,-1.358498537160573,0.3089084594619959
plus_lever8,Morgan+Physical,0,2,385,72,78,19,6.428766763665941,9.455465479550183,-0.10539725118628818,0.29478519638004097
plus_lever8,Morgan,0,3,411,46,78,19,9.867929656318998,26.08893468095654,0.08617721016724211,0.5992786766114082
plus_lever8,Physical,0,3,411,46,78,19,9.014714189944058,25.229000767595306,0.1454265542184202,0.7003869592794018
plus_lever8,Morgan+Physical,0,3,411,46,78,19,8.45433231760108,25.366160821663666,0.13610934326006452,0.8707957525757752
plus_lever8,Morgan,0,4,383,74,78,19,16.23708513894571,23.56896636951814,-0.15007120440533428,0.26297376646379506
plus_lever8,Physical,0,4,383,74,78,19,11.415814922983325,16.42870547128266,0.4412077890324704,0.9086323672462084
plus_lever8,Morgan+Physical,0,4,383,74,78,19,10.285708826329,14.192832086705065,0.5829560880429379,0.8302852973929603
plus_lever8,Morgan,1,0,355,102,77,20,7.422386764436608,9.0745583131983,0.20807070838327002,0.8218613040372529
plus_lever8,Physical,1,0,355,102,77,20,5.865298984856698,8.821178680765893,0.2516777581565748,0.6677726851234768
plus_lever8,Morgan+Physical,1,0,355,102,77,20,4.862535668833115,7.326657164800759,0.483765344972778,0.8398948310025603
plus_lever8,Morgan,1,1,379,78,77,20,10.373795394035241,24.03312431702561,0.05557654826417158,0.40165403100884084
plus_lever8,Physical,1,1,379,78,77,20,7.282831628878668,22.939821713814776,0.13954854458658716,0.8833990395902208
plus_lever8,Morgan+Physical,1,1,379,78,77,20,8.060360761819497,23.09610977338438,0.12778416493962919,0.8835387375407022
plus_lever8,Morgan,1,2,365,92,78,19,14.909710118003515,17.71454997500406,-0.09923459961854486,0.8444538729664535
plus_lever8,Physical,1,2,365,92,78,19,8.45448093721141,12.21416322949345,0.4774142281673769,0.749498318077111
plus_lever8,Morgan+Physical,1,2,365,92,78,19,9.207317615757818,11.042238190904092,0.5728854521194586,0.7011144671404705
plus_lever8,Morgan,1,3,346,111,78,19,10.381847117738465,17.313417386600925,0.18810830258250388,0.772040636346388
plus_lever8,Physical,1,3,346,111,78,19,9.838919548295852,15.097093123679315,0.3826674591721967,0.8680237136284945
plus_lever8,Morgan+Physical,1,3,346,111,78,19,8.555194978538719,14.551449125394392,0.42648472050880193,0.8775445113208187
plus_lever8,Morgan,1,4,383,74,78,19,11.551480190586398,15.450778074813183,-0.1837775780761315,0.6054307253727218
plus_lever8,Physical,1,4,383,74,78,19,10.779696401132123,13.574205207748703,0.08631136875556333,0.7557034623941074
plus_lever8,Morgan+Physical,1,4,383,74,78,19,4.494191110559412,9.492012503208368,0.5532279419735728,0.7705772851265121
plus_lever8,Morgan,2,0,383,74,77,20,17.0548245483151,24.08207313108728,-0.18621941806634967,0.03218028789198679
plus_lever8,Physical,2,0,383,74,77,20,13.690579635677853,17.225346920515186,0.3931054436202882,0.756058910948802
plus_lever8,Morgan+Physical,2,0,383,74,77,20,12.43593102161923,17.633965611059736,0.3639704898715146,0.5992722269551741
plus_lever8,Morgan,2,1,341,116,77,20,6.299133330141264,7.992154460880511,0.14118488551702402,0.8904115261760212
plus_lever8,Physical,2,1,341,116,77,20,4.768005918622839,7.140428545079395,0.3144794210282178,0.48013609260173995
plus_lever8,Morgan+Physical,2,1,341,116,77,20,4.470967179364171,6.425122901014155,0.4449465321824584,0.8359099909898986
plus_lever8,Morgan,2,2,380,77,78,19,9.717596913622572,23.713034818400796,-0.012727050664265604,0.6241040273746519
plus_lever8,Physical,2,2,380,77,78,19,8.622379822173675,23.70000025670343,-0.011614006693441592,0.7681287317703273
plus_lever8,Morgan+Physical,2,2,380,77,78,19,8.082915416568905,23.402202610951743,0.013648742542953007,0.7829556827997942
plus_lever8,Morgan,2,3,358,99,78,19,5.3638431406194504,6.41748197316443,0.42302779635107035,0.689508755078189
plus_lever8,Physical,2,3,358,99,78,19,5.206203729463828,7.618744975355569,0.1868092137847528,0.8053718435561406
plus_lever8,Morgan+Physical,2,3,358,99,78,19,4.273991866071298,5.9270498720981575,0.5078440507646664,0.7431791212276806
plus_lever8,Morgan,2,4,366,91,78,19,15.364694404099014,18.23121267895863,-0.30200788879157603,0.6883674255525745
plus_lever8,Physical,2,4,366,91,78,19,6.113192218654757,10.424201556332573,0.57433484438449,0.8439194868740876
plus_lever8,Morgan+Physical,2,4,366,91,78,19,10.27695302095518,12.258948078202376,0.41130694543069113,0.784781298119807
plus_lever8,Morgan,3,0,348,109,77,20,9.850515186288819,18.62346037511424,0.12545782623629465,0.6104419011502987
plus_lever8,Physical,3,0,348,109,77,20,7.4491009110127,17.352255068370237,0.24077264899906647,0.7894840520632479
plus_lever8,Morgan+Physical,3,0,348,109,77,20,7.997894515627238,17.34787036832107,0.24115629522759385,0.7715240370305666
plus_lever8,Morgan,3,1,417,40,77,20,12.151753050231934,23.505476467129622,0.08449442878266733,0.6081145035610794
plus_lever8,Physical,3,1,417,40,77,20,14.726543404483795,20.309378312515392,0.31653523114791215,0.773963725831042
plus_lever8,Morgan+Physical,3,1,417,40,77,20,10.695760157966614,15.063250687375188,0.6240238631417376,0.769643054546063
plus_lever8,Morgan,3,2,295,162,78,19,10.85950156441206,13.008316903320488,0.20059838194627222,0.5823115628924441
plus_lever8,Physical,3,2,295,162,78,19,5.314805554340504,7.109521388259939,0.7612169274633456,0.8443798562033425
plus_lever8,Morgan+Physical,3,2,295,162,78,19,6.648473426451506,8.213380637053081,0.6813112695837401,0.8164317428012158
plus_lever8,Morgan,3,3,366,91,78,19,11.824455937027144,18.861687747531708,0.24200424139319576,0.7630677558307558
plus_lever8,Physical,3,3,366,91,78,19,8.709823133288372,13.787687728715287,0.5949687324270807,0.8981461366166981
plus_lever8,Morgan+Physical,3,3,366,91,78,19,9.625152288214714,15.803254679522274,0.46789326990560587,0.8942738169797648
plus_lever8,Morgan,3,4,402,55,78,19,10.476464447515315,15.382098398837563,-0.809372282324345,0.18214316351441348
plus_lever8,Physical,3,4,402,55,78,19,10.205492423117898,15.086457694938701,-0.7404891537697449,0.9357438031782321
plus_lever8,Morgan+Physical,3,4,402,55,78,19,7.46774262980513,10.031829254327615,0.23041423481724777,0.7477159323272469
plus_lever8,Morgan,4,0,398,59,77,20,10.275598775443386,21.91928107986351,0.055691551084629975,0.24109108692760567
plus_lever8,Physical,4,0,398,59,77,20,8.50967969063581,20.899050219690682,0.14155126912120874,0.5119199387606184
plus_lever8,Morgan+Physical,4,0,398,59,77,20,7.64298629043062,20.839001601200152,0.14647729237853124,0.3921902710678655
plus_lever8,Morgan,4,1,340,117,77,20,7.534073092740051,11.860218700221338,-0.4724501317174197,0.4417181414495794
plus_lever8,Physical,4,1,340,117,77,20,3.708255630259065,5.261657050548464,0.7101987355785719,0.9252443472612268
plus_lever8,Morgan+Physical,4,1,340,117,77,20,5.086149239770612,7.455647029231552,0.4181301176064619,0.5680055105332942
plus_lever8,Morgan,4,2,346,111,78,19,13.628407963259583,20.004464658648356,0.008600713012182903,0.5976345029663745
plus_lever8,Physical,4,2,346,111,78,19,14.687118007089424,19.03441296980917,0.10241887798228211,0.8399242128375048
plus_lever8,Morgan+Physical,4,2,346,111,78,19,9.048634877811466,13.743775165763543,0.5320420619020603,0.8255504633779863
plus_lever8,Morgan,4,3,384,73,78,19,6.7408485747245885,15.66387906156617,0.30634862332241797,0.6533266904597351
plus_lever8,Physical,4,3,384,73,78,19,6.7013352095512495,8.555560109742723,0.7930623543958305,0.8000719472717196
plus_lever8,Morgan+Physical,4,3,384,73,78,19,5.144219355314071,8.074075603160184,0.8156987701749392,0.8881266493047824
plus_lever8,Morgan,4,4,360,97,78,19,13.21303199697278,17.750742231435936,-0.22986644536605394,0.6568263533135187
plus_lever8,Physical,4,4,360,97,78,19,7.14610202600538,13.752193303588053,0.2618088156598344,0.7799241347905893
plus_lever8,Morgan+Physical,4,4,360,97,78,19,9.641217871675785,12.111470800570498,0.42744304979265246,0.8588105222156882
plus_lever8,Morgan,5,0,394,63,77,20,7.254420235648988,16.439888323483142,0.08118742397029144,0.7334547289529771
plus_lever8,Physical,5,0,394,63,77,20,6.348372351449635,7.791724907500747,0.7936063046431197,0.5095998906932658
plus_lever8,Morgan+Physical,5,0,394,63,77,20,5.697769134279281,9.41950844210537,0.6983622558670713,0.5931784215425187
plus_lever8,Morgan,5,1,376,81,77,20,9.172393744631167,11.83284381052476,0.4934684910716626,0.8023833752067941
plus_lever8,Physical,5,1,376,81,77,20,13.634316419869883,20.524108903748665,-0.5239012410542068,0.8020076773974992
plus_lever8,Morgan+Physical,5,1,376,81,77,20,8.776965355541089,11.831630619671888,0.4935723524765153,0.8307427118283188
plus_lever8,Morgan,5,2,346,111,78,19,15.031620462487023,22.43039536883135,0.09189270466542254,0.47149653428813326
plus_lever8,Physical,5,2,346,111,78,19,7.918297911343962,16.93485727386291,0.4823617161202496,0.8682082174828061
plus_lever8,Morgan+Physical,5,2,346,111,78,19,11.253526311703244,18.980116671496468,0.3497788937960644,0.7857232151125557
plus_lever8,Morgan,5,3,329,128,78,19,6.0287598174572,8.74038531179953,0.3287868187874422,0.8442322922595502
plus_lever8,Physical,5,3,329,128,78,19,4.939041938360035,5.965452880330406,0.6873300394707538,0.8819047487748688
plus_lever8,Morgan+Physical,5,3,329,128,78,19,4.593972640115023,5.241367111464934,0.7586271168638059,0.891792523637197
plus_lever8,Morgan,5,4,383,74,78,19,12.516003713968637,20.629905716388055,0.0882375642346862,0.6334981469037098
plus_lever8,Physical,5,4,383,74,78,19,7.862953990833179,13.845392005874233,0.5893255141069348,0.8195190549708847
plus_lever8,Morgan+Physical,5,4,383,74,78,19,10.103381436940785,16.84442535984046,0.3921455383079535,0.7844567977802455
plus_lever8,Morgan,6,0,414,43,77,20,11.0422242153079,20.548884462955137,0.08691594692311233,0.5194802158142786
plus_lever8,Physical,6,0,414,43,77,20,8.676742717787278,11.736327410913303,0.702149255122769,0.7481008462764285
plus_lever8,Morgan+Physical,6,0,414,43,77,20,9.5725505985881,14.820612764341854,0.5250295648598423,0.7214926082419728
plus_lever8,Morgan,6,1,397,60,77,20,13.966465471013388,23.608422842093464,0.09766006923418924,0.8408078806650149
plus_lever8,Physical,6,1,397,60,77,20,8.401505182647703,15.259588814273178,0.6230168935830924,0.8159232192335227
plus_lever8,Morgan+Physical,6,1,397,60,77,20,10.57236172396342,18.93013249452387,0.4198456758266639,0.8802896883533622
plus_lever8,Morgan,6,2,331,126,78,19,15.740486170438736,19.218832892251406,-2.49578905194409,-0.5192273686056881
plus_lever8,Physical,6,2,331,126,78,19,6.368852585553365,7.968174874255252,0.399090720935771,0.9199432338823536
plus_lever8,Morgan+Physical,6,2,331,126,78,19,10.462165798780653,12.6413287510359,-0.5124347534293279,0.5288524668811826
plus_lever8,Morgan,6,3,333,124,78,19,6.7340923874270535,9.077997580810711,0.422967006833706,0.8493674724113045
plus_lever8,Physical,6,3,333,124,78,19,8.223438300212736,11.582997791736581,0.060574234414914274,0.8252171993241124
plus_lever8,Morgan+Physical,6,3,333,124,78,19,4.730410937942997,5.785098455159767,0.7656623721742165,0.8162148182519646
plus_lever8,Morgan,6,4,353,104,78,19,15.48650596010208,23.2741685374006,-0.2627484084872047,0.2879003521272135
plus_lever8,Physical,6,4,353,104,78,19,6.85238511669159,16.253224198273404,0.38418887246467237,0.8949701057593332
plus_lever8,Morgan+Physical,6,4,353,104,78,19,10.377634231094948,18.6934813462406,0.1853916490648574,0.8480843512134593
plus_lever8,Morgan,7,0,343,114,77,20,5.619109242302075,8.464374171458367,0.5847239869889165,0.9099401094819854
plus_lever8,Physical,7,0,343,114,77,20,10.02436152114868,18.040282643388892,-0.8864001171310862,0.874380801883282
plus_lever8,Morgan+Physical,7,0,343,114,77,20,5.775267768204003,9.295067414675392,0.4992139442055409,0.9272956444864201
plus_lever8,Morgan,7,1,380,77,77,20,18.662115705613967,24.250664021400894,-0.3619639650613853,0.5207328803931845
plus_lever8,Physical,7,1,380,77,77,20,7.47413732994377,8.400479496237601,0.8365719872270596,0.765372303129919
plus_lever8,Morgan+Physical,7,1,380,77,77,20,12.807452251087536,15.270632453251393,0.4599519575412909,0.673027900083548
plus_lever8,Morgan,7,2,377,80,78,19,8.500720731601714,10.204867163487597,0.1664298053639257,0.7306705192333308
plus_lever8,Physical,7,2,377,80,78,19,7.141399034605025,10.681697011919423,0.08671152829450668,0.7219767752558853
plus_lever8,Morgan+Physical,7,2,377,80,78,19,7.3377704523658736,9.682904272003283,0.2495206577328155,0.7476448698267791
plus_lever8,Morgan,7,3,379,78,78,19,7.380298582376334,19.28050336423922,0.12029909270614592,0.36258667435947456
plus_lever8,Physical,7,3,379,78,78,19,8.378187191925049,18.674190350780133,0.17475696694688259,0.47182824372292315
plus_lever8,Morgan+Physical,7,3,379,78,78,19,7.6186243660129636,18.35921189841296,0.2023610141273141,0.453500851638038
plus_lever8,Morgan,7,4,349,108,78,19,13.510199314258715,20.434073694614103,-0.4081088632485337,0.7830831304933195
plus_lever8,Physical,7,4,349,108,78,19,10.802032189687091,15.37589004704888,0.20272737792313245,0.8408937536664477
plus_lever8,Morgan+Physical,7,4,349,108,78,19,6.9451646731694545,14.014234881193325,0.3376842151025624,0.8296085806397007
plus_lever8,Morgan,8,0,321,136,77,20,8.401872533820656,16.22021713993842,0.241940556590863,0.663524753428235
plus_lever8,Physical,8,0,321,136,77,20,6.257438719979454,14.967208133318811,0.3545367347976899,0.7505658132296698
plus_lever8,Morgan+Physical,8,0,321,136,77,20,5.016621172568377,14.511209663481875,0.3932676259572736,0.9256684581515918
plus_lever8,Morgan,8,1,375,82,77,20,10.659687834070718,12.767035486422492,0.304071524234966,0.5221556873692655
plus_lever8,Physical,8,1,375,82,77,20,9.324754911417147,15.376159601385362,-0.009439355094571056,0.9122749619366926
plus_lever8,Morgan+Physical,8,1,375,82,77,20,7.243335568549924,9.130005652939635,0.6441011628610336,0.9200604850058421
plus_lever8,Morgan,8,2,377,80,78,19,4.967265239295959,5.7639260575267945,0.667375773836971,0.8376032487957459
plus_lever8,Physical,8,2,377,80,78,19,4.059074049768448,5.318071041568338,0.7168442764365884,0.8647295540388928
plus_lever8,Morgan+Physical,8,2,377,80,78,19,4.445682656345367,5.072670240835091,0.7423736161554076,0.9005353098901412
plus_lever8,Morgan,8,3,406,51,78,19,17.606692211824303,29.3595783018521,-0.12721636982644902,0.41105938332601916
plus_lever8,Physical,8,3,406,51,78,19,10.417395428825827,15.73443127048027,0.6762500129413944,0.6358567486441595
plus_lever8,Morgan+Physical,8,3,406,51,78,19,12.734261665493834,20.601784903520116,0.4449688504595142,0.8104092336182398
plus_lever8,Morgan,8,4,349,108,78,19,13.178153026439523,17.44241166153482,-0.2296731940218506,0.41322385157165115
plus_lever8,Physical,8,4,349,108,78,19,4.19162222343021,7.282880356851136,0.7856206289694938,0.8927591213384312
plus_lever8,Morgan+Physical,8,4,349,108,78,19,7.98228129061946,10.470320679703606,0.5569052462267583,0.8717117550200398
plus_lever8,Morgan,9,0,389,68,77,20,9.872007392883301,17.598002881008338,0.1776076775296016,0.7566212274031847
plus_lever8,Physical,9,0,389,68,77,20,8.833163861471064,11.638218250332823,0.6403125600781449,0.8921721028992472
plus_lever8,Morgan+Physical,9,0,389,68,77,20,5.11064081915687,8.012782545416417,0.8295021165820262,0.9198065779338209
plus_lever8,Morgan,9,1,351,106,77,20,13.192489055417619,17.479404123300643,-0.4505420380820542,0.751295310237066
plus_lever8,Physical,9,1,351,106,77,20,2.9731850592955107,4.4474286953385604,0.9060936283552652,0.9440853251895533
plus_lever8,Morgan+Physical,9,1,351,106,77,20,7.474298201147116,9.425617897330456,0.57820955919974,0.879103035363639
plus_lever8,Morgan,9,2,359,98,78,19,6.476206584323181,17.416933767468908,0.10253416671490678,0.6649451981336082
plus_lever8,Physical,9,2,359,98,78,19,6.769475076815548,17.036009717157725,0.1413616506295916,0.798375531167779
plus_lever8,Morgan+Physical,9,2,359,98,78,19,5.274034674881916,16.75771824483493,0.1691850715165234,0.7331900527558135
plus_lever8,Morgan,9,3,366,91,78,19,13.56390558754722,24.391372783054692,-2.5749084907470885,0.29690745033829374
plus_lever8,Physical,9,3,366,91,78,19,7.373082924376269,9.763986695223124,0.4271422409056802,0.8091786503362394
plus_lever8,Morgan+Physical,9,3,366,91,78,19,7.5051250597825945,14.024793267232216,-0.18191264303646038,0.357923168351128
plus_lever8,Morgan,9,4,363,94,78,19,16.74775615171067,20.779215943209792,0.11983941321159719,0.5144819550393203
plus_lever8,Physical,9,4,363,94,78,19,18.51369524089732,20.459853383631355,0.14668645633140975,0.48482364054300187
plus_lever8,Morgan+Physical,9,4,363,94,78,19,17.22225872289779,20.022866714551707,0.18274776460061415,0.5056374731623
plus_both,Morgan,0,0,328,129,77,20,15.80106188420732,19.79736735084448,-1.2465833595490716,-0.2692634868251015
plus_both,Physical,0,0,328,129,77,20,7.422809148034384,8.965387805406378,0.5392707186373109,0.7259642964017282
plus_both,Morgan+Physical,0,0,328,129,77,20,9.293952419488004,12.059047734630168,0.16644610952268668,0.6878655877064555
plus_both,Morgan,0,1,321,136,77,20,13.270327840625537,17.482831436499804,-0.31308848270569967,-0.022933490707184263
plus_both,Physical,0,1,321,136,77,20,4.163388030910491,5.380090332569541,0.8756489127726286,0.8458391944350334
plus_both,Morgan+Physical,0,1,321,136,77,20,8.027042047657686,9.848019964978224,0.5833529681595138,0.37101360172218967
plus_both,Morgan,0,2,385,72,78,19,6.268117459636264,8.857746930671421,0.02993889940388106,0.0495327547692496
plus_both,Physical,0,2,385,72,78,19,8.368936669222514,12.260534662510388,-0.8585376885422622,0.3937998890558797
plus_both,Morgan+Physical,0,2,385,72,78,19,5.495488340293036,9.180987119986797,-0.042152583937688615,0.36204078380728116
plus_both,Morgan,0,3,411,46,78,19,9.867929656318998,26.08893468095654,0.08617721016724211,0.5992786766114082
plus_both,Physical,0,3,411,46,78,19,6.945301904802738,24.358173809617558,0.20340285776866374,0.8882991393790106
plus_both,Morgan+Physical,0,3,411,46,78,19,7.816666406880256,25.039247190749446,0.15823312970154546,0.8583456936368961
plus_both,Morgan,0,4,383,74,78,19,16.23708513894571,23.56896636951814,-0.15007120440533428,0.26297376646379506
plus_both,Physical,0,4,383,74,78,19,15.631445920821525,23.640392585681745,-0.1570523935278365,0.8219264784647097
plus_both,Morgan+Physical,0,4,383,74,78,19,11.453826610880672,14.394277653163975,0.5710334703369488,0.7796582668893225
plus_both,Morgan,1,0,355,102,77,20,7.422386764436608,9.0745583131983,0.20807070838327002,0.8218613040372529
plus_both,Physical,1,0,355,102,77,20,5.604639065510621,8.188563044810902,0.35516172223308595,0.8219087923161094
plus_both,Morgan+Physical,1,0,355,102,77,20,4.7497832766439405,7.416518839880574,0.47102441950049323,0.8592410581281369
plus_both,Morgan,1,1,379,78,77,20,10.373795394035241,24.03312431702561,0.05557654826417158,0.40165403100884084
plus_both,Physical,1,1,379,78,77,20,7.060436547566928,23.920054986655078,0.0644421562367572,0.8195382412652464
plus_both,Morgan+Physical,1,1,379,78,77,20,8.092051031363072,23.611292534824802,0.08843882212014087,0.8799974900078732
plus_both,Morgan,1,2,365,92,78,19,14.909710118003515,17.71454997500406,-0.09923459961854486,0.8444538729664535
plus_both,Physical,1,2,365,92,78,19,10.492631057822187,15.013699101294247,0.2104028767737689,0.7457575387081918
plus_both,Morgan+Physical,1,2,365,92,78,19,10.44948356396219,12.440319141693069,0.4578828010892242,0.7456383770197788
plus_both,Morgan,1,3,346,111,78,19,10.381847117738465,17.313417386600925,0.18810830258250388,0.772040636346388
plus_both,Physical,1,3,346,111,78,19,6.453695580116478,11.582735988711711,0.6366251906112963,0.9085713194429181
plus_both,Morgan+Physical,1,3,346,111,78,19,7.41272235727396,13.852371499775458,0.4802664378790614,0.9001231628313864
plus_both,Morgan,1,4,383,74,78,19,11.551480190586398,15.450778074813183,-0.1837775780761315,0.6054307253727218
plus_both,Physical,1,4,383,74,78,19,8.98592914473044,12.577444504473743,0.21556995417075953,0.8753362850769237
plus_both,Morgan+Physical,1,4,383,74,78,19,3.9080939489828572,9.596549734272552,0.5433329918084343,0.8293624588336765
plus_both,Morgan,2,0,383,74,77,20,17.0548245483151,24.08207313108728,-0.18621941806634967,0.03218028789198679
plus_both,Physical,2,0,383,74,77,20,12.22750489199458,16.812333124709887,0.4218596772681168,0.773086729358269
plus_both,Morgan+Physical,2,0,383,74,77,20,11.584957590006235,15.933232293476552,0.48073976815825725,0.7162381837783203
plus_both,Morgan,2,1,341,116,77,20,6.299133330141264,7.992154460880511,0.14118488551702402,0.8904115261760212
plus_both,Physical,2,1,341,116,77,20,2.691660602395288,5.149457132414536,0.6434710206427767,0.8726449036676283
plus_both,Morgan+Physical,2,1,341,116,77,20,3.617869583912554,5.869458729461651,0.5368005359920017,0.9035193993031277
plus_both,Morgan,2,2,380,77,78,19,9.717596913622572,23.713034818400796,-0.012727050664265604,0.6241040273746519
plus_both,Physical,2,2,380,77,78,19,8.316131240052062,23.556636836752304,0.0005876639474396983,0.8233623518808415
plus_both,Morgan+Physical,2,2,380,77,78,19,7.082525530034847,23.273651371635037,0.024455282731668748,0.7683956270358524
plus_both,Morgan,2,3,358,99,78,19,5.3638431406194504,6.41748197316443,0.42302779635107035,0.689508755078189
plus_both,Physical,2,3,358,99,78,19,4.238471246977527,7.499533357980029,0.21205834812210356,0.8272676361219775
plus_both,Morgan+Physical,2,3,358,99,78,19,3.9283223641597864,5.780365562353417,0.5319026460862706,0.7483951547443015
plus_both,Morgan,2,4,366,91,78,19,15.364694404099014,18.23121267895863,-0.30200788879157603,0.6883674255525745
plus_both,Physical,2,4,366,91,78,19,5.1529621794145175,9.087748678738254,0.6764844821333729,0.8400885111033723
plus_both,Morgan+Physical,2,4,366,91,78,19,9.936613695668651,11.510829596693531,0.4809660686987536,0.8657248033361008
plus_both,Morgan,3,0,348,109,77,20,9.850515186288819,18.62346037511424,0.12545782623629465,0.6104419011502987
plus_both,Physical,3,0,348,109,77,20,4.963118884725308,16.846176841392502,0.2844125588902935,0.8592424566234581
plus_both,Morgan+Physical,3,0,348,109,77,20,7.230479324284824,17.318546728271144,0.24371952085813742,0.7358835488491504
plus_both,Morgan,3,1,417,40,77,20,12.151753050231934,23.505476467129622,0.08449442878266733,0.6081145035610794
plus_both,Physical,3,1,417,40,77,20,11.262120554542543,15.676323785047217,0.5927966675077474,0.663083871530878
plus_both,Morgan+Physical,3,1,417,40,77,20,9.159958211517333,13.668863631534325,0.6904094504591978,0.7555024106545645
plus_both,Morgan,3,2,295,162,78,19,10.85950156441206,13.008316903320488,0.20059838194627222,0.5823115628924441
plus_both,Physical,3,2,295,162,78,19,5.279673319578759,6.197132651095371,0.8185719675104113,0.9115862578984505
plus_both,Morgan+Physical,3,2,295,162,78,19,6.4885967134640525,8.421816318610663,0.6649309330579436,0.8734092454164385
plus_both,Morgan,3,3,366,91,78,19,11.824455937027144,18.861687747531708,0.24200424139319576,0.7630677558307558
plus_both,Physical,3,3,366,91,78,19,6.065977587068998,11.65868450652428,0.7103958546916115,0.9889536322348625
plus_both,Morgan+Physical,3,3,366,91,78,19,8.250729698818331,14.963544931772581,0.5229381831233301,0.9539747449359536
plus_both,Morgan,3,4,402,55,78,19,10.476464447515315,15.382098398837563,-0.809372282324345,0.18214316351441348
plus_both,Physical,3,4,402,55,78,19,11.403074988425514,19.13954175508185,-1.80130137088713,0.908953206650634
plus_both,Morgan+Physical,3,4,402,55,78,19,8.328900184778387,10.691340102384855,0.12590013545949408,0.7905002646074663
plus_both,Morgan,4,0,398,59,77,20,10.275598775443386,21.91928107986351,0.055691551084629975,0.24109108692760567
plus_both,Physical,4,0,398,59,77,20,9.843933445170775,21.56121038424236,0.08629176680024919,0.7082316607066594
plus_both,Morgan+Physical,4,0,398,59,77,20,6.732919342170327,20.791450962855517,0.1503680013589508,0.6675454179065841
plus_both,Morgan,4,1,340,117,77,20,7.534073092740051,11.860218700221338,-0.4724501317174197,0.4417181414495794
plus_both,Physical,4,1,340,117,77,20,3.190310983423738,4.4583528588838375,0.7919325827094653,0.8714800702135903
plus_both,Morgan+Physical,4,1,340,117,77,20,4.652958998666095,7.344099263323452,0.43541117638917526,0.6590084394908221
plus_both,Morgan,4,2,346,111,78,19,13.628407963259583,20.004464658648356,0.008600713012182903,0.5976345029663745
plus_both,Physical,4,2,346,111,78,19,14.399674271554346,18.031547409414987,0.19450892812166343,0.8226280237096019
plus_both,Morgan+Physical,4,2,346,111,78,19,8.744674728029269,12.735276199971864,0.5981985761105879,0.7853974080951757
plus_both,Morgan,4,3,384,73,78,19,6.7408485747245885,15.66387906156617,0.30634862332241797,0.6533266904597351
plus_both,Physical,4,3,384,73,78,19,3.609724052659126,6.348749580857132,0.886048773457584,0.8770223368982042
plus_both,Morgan+Physical,4,3,384,73,78,19,4.214851635731736,7.525841270006515,0.8398773686821027,0.9104756376174602
plus_both,Morgan,4,4,360,97,78,19,13.21303199697278,17.750742231435936,-0.22986644536605394,0.6568263533135187
plus_both,Physical,4,4,360,97,78,19,8.253809701172347,13.823865436347127,0.25409432173337754,0.8700750283507183
plus_both,Morgan+Physical,4,4,360,97,78,19,10.20266301723362,13.025451049305472,0.33776754634591455,0.880798349189005
plus_both,Morgan,5,0,394,63,77,20,7.254420235648988,16.439888323483142,0.08118742397029144,0.7334547289529771
plus_both,Physical,5,0,394,63,77,20,6.533032574396286,7.446771512875968,0.8114766006073055,0.821444930019785
plus_both,Morgan+Physical,5,0,394,63,77,20,5.265830341036358,7.855998317220728,0.7901872054501277,0.8670124122623885
plus_both,Morgan,5,1,376,81,77,20,9.172393744631167,11.83284381052476,0.4934684910716626,0.8023833752067941
plus_both,Physical,5,1,376,81,77,20,13.125875583893576,20.023379339836456,-0.45045063356027826,0.8693828070474703
plus_both,Morgan+Physical,5,1,376,81,77,20,8.584798579708146,11.23486686162151,0.5433703978366872,0.8697695634121483
plus_both,Morgan,5,2,346,111,78,19,15.031620462487023,22.43039536883135,0.09189270466542254,0.47149653428813326
plus_both,Physical,5,2,346,111,78,19,7.028438759650153,17.173496826517074,0.46767020404480797,0.9242695697813816
plus_both,Morgan+Physical,5,2,346,111,78,19,10.740582641791265,18.907817551379782,0.35472310763455417,0.847708506677626
plus_both,Morgan,5,3,329,128,78,19,6.0287598174572,8.74038531179953,0.3287868187874422,0.8442322922595502
plus_both,Physical,5,3,329,128,78,19,3.075760315272212,3.7344326145296085,0.87746826752723,0.9098293741859897
plus_both,Morgan+Physical,5,3,329,128,78,19,3.7223661581456664,4.770691678584625,0.8000313019454626,0.8991690122709213
plus_both,Morgan,5,4,383,74,78,19,12.516003713968637,20.629905716388055,0.0882375642346862,0.6334981469037098
plus_both,Physical,5,4,383,74,78,19,6.7930043240624505,13.648538804464383,0.60092040127197,0.7526351587492544
plus_both,Morgan+Physical,5,4,383,74,78,19,9.111667178489066,16.708772719180086,0.4018965433763346,0.7351494776901728
plus_both,Morgan,6,0,414,43,77,20,11.0422242153079,20.548884462955137,0.08691594692311233,0.5194802158142786
plus_both,Physical,6,0,414,43,77,20,8.145745578677156,10.822666224855466,0.7467188980519937,0.8102959341914757
plus_both,Morgan+Physical,6,0,414,43,77,20,9.095834686900293,12.69709515326054,0.6513874594621727,0.7655596219121542
plus_both,Morgan,6,1,397,60,77,20,13.966465471013388,23.608422842093464,0.09766006923418924,0.8408078806650149
plus_both,Physical,6,1,397,60,77,20,8.077956631088256,14.224175793061887,0.6724403123777755,0.9048996977007893
plus_both,Morgan+Physical,6,1,397,60,77,20,10.100943565750123,18.50191230572853,0.4457962467448494,0.9139542839285549
plus_both,Morgan,6,2,331,126,78,19,15.740486170438736,19.218832892251406,-2.49578905194409,-0.5192273686056881
plus_both,Physical,6,2,331,126,78,19,5.477190469275582,7.117086856363839,0.5206025400625918,0.8928654156068667
plus_both,Morgan+Physical,6,2,331,126,78,19,10.047464705137225,11.987851981357302,-0.3601097081440585,0.6204881994608195
plus_both,Morgan,6,3,333,124,78,19,6.7340923874270535,9.077997580810711,0.422967006833706,0.8493674724113045
plus_both,Physical,6,3,333,124,78,19,6.4349498960156595,12.011782265940484,-0.010265268540921912,0.8812066972988577
plus_both,Morgan+Physical,6,3,333,124,78,19,4.095117910151328,5.6215676730202055,0.7787234423891398,0.8646795451034275
plus_both,Morgan,6,4,353,104,78,19,15.48650596010208,23.2741685374006,-0.2627484084872047,0.2879003521272135
plus_both,Physical,6,4,353,104,78,19,6.496292762146729,16.49786297544523,0.36551134007234687,0.8868592732003456
plus_both,Morgan+Physical,6,4,353,104,78,19,10.066799323343131,18.660153987920836,0.18829368138924607,0.8819214533939806
plus_both,Morgan,7,0,343,114,77,20,5.619109242302075,8.464374171458367,0.5847239869889165,0.9099401094819854
plus_both,Physical,7,0,343,114,77,20,9.088795829391481,17.842963023329848,-0.8453599492477863,0.9063083735949419
plus_both,Morgan+Physical,7,0,343,114,77,20,5.13334045030025,8.916463843945328,0.539178805400597,0.9222370541729242
plus_both,Morgan,7,1,380,77,77,20,18.662115705613967,24.250664021400894,-0.3619639650613853,0.5207328803931845
plus_both,Physical,7,1,380,77,77,20,6.337198407755269,7.538956819061695,0.8683742498744571,0.8923769520368553
plus_both,Morgan+Physical,7,1,380,77,77,20,11.881169208873404,14.094302445968998,0.5399494852766662,0.7872906244755556
plus_both,Morgan,7,2,377,80,78,19,8.500720731601714,10.204867163487597,0.1664298053639257,0.7306705192333308
plus_both,Physical,7,2,377,80,78,19,5.489137997612953,8.665892317578246,0.398889876574097,0.7190673237869597
plus_both,Morgan+Physical,7,2,377,80,78,19,6.518733723268508,8.794532961785556,0.3809110853412039,0.7581044680828344
plus_both,Morgan,7,3,379,78,78,19,7.380298582376334,19.28050336423922,0.12029909270614592,0.36258667435947456
plus_both,Physical,7,3,379,78,78,19,4.950704454897368,18.378954201382097,0.2006446335571378,0.9080711290759935
plus_both,Morgan+Physical,7,3,379,78,78,19,5.767468197999612,18.35491396552644,0.2027344285825079,0.6026709053498187
plus_both,Morgan,7,4,349,108,78,19,13.510199314258715,20.434073694614103,-0.4081088632485337,0.7830831304933195
plus_both,Physical,7,4,349,108,78,19,10.172892095018316,14.769198290290964,0.2644026361510905,0.9046816112990476
plus_both,Morgan+Physical,7,4,349,108,78,19,6.1843341061980635,13.932868194678246,0.3453527032183833,0.8936599049267662
plus_both,Morgan,8,0,321,136,77,20,8.401872533820656,16.22021713993842,0.241940556590863,0.663524753428235
plus_both,Physical,8,0,321,136,77,20,3.5521912457017337,13.663235352136502,0.4621055873711354,0.9545013707966072
plus_both,Morgan+Physical,8,0,321,136,77,20,4.498951877055449,14.13731292191691,0.42413103147972975,0.9112723589814625
plus_both,Morgan,8,1,375,82,77,20,10.659687834070718,12.767035486422492,0.304071524234966,0.5221556873692655
plus_both,Physical,8,1,375,82,77,20,9.283217787504428,15.451070381678264,-0.019299045979237928,0.8959900941395668
plus_both,Morgan+Physical,8,1,375,82,77,20,7.144596664434294,9.046410050144127,0.650588644721704,0.9110724868195534
plus_both,Morgan,8,2,377,80,78,19,4.967265239295959,5.7639260575267945,0.667375773836971,0.8376032487957459
plus_both,Physical,8,2,377,80,78,19,3.1672579600191115,4.5284158521758116,0.7946902001779856,0.9081026303367589
plus_both,Morgan+Physical,8,2,377,80,78,19,3.945898991165161,4.554046254242718,0.7923595553838817,0.900148482007886
plus_both,Morgan,8,3,406,51,78,19,17.606692211824303,29.3595783018521,-0.12721636982644902,0.41105938332601916
plus_both,Physical,8,3,406,51,78,19,12.522941393534344,18.986838784581007,0.5285745915779105,0.6413243284397455
plus_both,Morgan+Physical,8,3,406,51,78,19,13.103168827281278,20.9325099467362,0.42700573820950694,0.6660651270147717
plus_both,Morgan,8,4,349,108,78,19,13.178153026439523,17.44241166153482,-0.2296731940218506,0.41322385157165115
plus_both,Physical,8,4,349,108,78,19,3.5849696667900792,6.24305863180122,0.8424670271316899,0.9354161820127975
plus_both,Morgan+Physical,8,4,349,108,78,19,7.674852706026147,10.277546564401787,0.5730711065002364,0.8843312174837354
plus_both,Morgan,9,0,389,68,77,20,9.872007392883301,17.598002881008338,0.1776076775296016,0.7566212274031847
plus_both,Physical,9,0,389,68,77,20,9.356487724865184,13.599563085522778,0.5088635233979297,0.9396418121942264
plus_both,Morgan+Physical,9,0,389,68,77,20,4.746265960244571,6.967646900947664,0.8710787386274427,0.9344684699711162
plus_both,Morgan,9,1,351,106,77,20,13.192489055417619,17.479404123300643,-0.4505420380820542,0.751295310237066
plus_both,Physical,9,1,351,106,77,20,4.273185995569769,6.081572188071863,0.824406350498154,0.8667941176150599
plus_both,Morgan+Physical,9,1,351,106,77,20,8.519956765444773,10.10896974681758,0.5148334322250809,0.8723275252488917
plus_both,Morgan,9,2,359,98,78,19,6.476206584323181,17.416933767468908,0.10253416671490678,0.6649451981336082
plus_both,Physical,9,2,359,98,78,19,3.907540929218215,16.1529710906384,0.22806744878760354,0.9027719471961602
plus_both,Morgan+Physical,9,2,359,98,78,19,4.725768089154301,16.581833773657078,0.18653356552789613,0.7958160197344147
plus_both,Morgan,9,3,366,91,78,19,13.56390558754722,24.391372783054692,-2.5749084907470885,0.29690745033829374
plus_both,Physical,9,3,366,91,78,19,7.271984263037378,10.516321213634479,0.33546152945915686,0.9052629154573986
plus_both,Morgan+Physical,9,3,366,91,78,19,7.419180526696509,13.487003730906189,-0.09300814215361752,0.6172845082187421
plus_both,Morgan,9,4,363,94,78,19,16.74775615171067,20.779215943209792,0.11983941321159719,0.5144819550393203
plus_both,Physical,9,4,363,94,78,19,14.862404442710064,17.435138018568704,0.3803386859758352,0.5892797983753197
plus_both,Morgan+Physical,9,4,363,94,78,19,15.438594926533803,18.664776996862713,0.28985143275113057,0.6210972993173771
placebo_shuffled_target,Morgan,0,0,328,129,77,20,12.803205352381035,18.357910739430068,-0.027381780897312913,0.09479881730694831
placebo_shuffled_target,Physical,0,0,328,129,77,20,12.696744577227452,18.28641691718305,-0.019395204946506928,0.09995761304479296
placebo_shuffled_target,Morgan+Physical,0,0,328,129,77,20,12.6132819964505,18.10240838826288,0.0010170668025080154,0.11639230323264022
placebo_shuffled_target,Morgan,0,1,321,136,77,20,14.074604691943,21.109949087313694,-0.02638488235869052,0.061636947656372176
placebo_shuffled_target,Physical,0,1,321,136,77,20,14.326567707611533,20.267467272193922,0.05390480740582859,0.033577870056320756
placebo_shuffled_target,Morgan+Physical,0,1,321,136,77,20,14.105555911389517,20.575826097859572,0.024897126337034337,0.05207283556829297
placebo_shuffled_target,Morgan,0,2,385,72,78,19,11.943237664582993,17.879929334022354,-0.07985686911883794,0.07997278996176138
placebo_shuffled_target,Physical,0,2,385,72,78,19,12.957753398831684,18.05680018127855,-0.10132673869608899,0.11440049453958956
placebo_shuffled_target,Morgan+Physical,0,2,385,72,78,19,12.237716781446668,17.765031656821883,-0.06602298950756236,0.11127693154874752
placebo_shuffled_target,Morgan,0,3,411,46,78,19,16.935689497275973,20.215800751273235,-0.5900428099020572,-0.1317297251162135
placebo_shuffled_target,Physical,0,3,411,46,78,19,14.738284431822404,17.45947309159221,-0.18601228171172002,0.023130775777035605
placebo_shuffled_target,Morgan+Physical,0,3,411,46,78,19,15.089488560087785,17.638341900408513,-0.21043767782490552,-0.17960367073933525
placebo_shuffled_target,Morgan,0,4,383,74,78,19,14.083821229363519,16.94914220348366,-0.14801235181743544,0.154362948509115
placebo_shuffled_target,Physical,0,4,383,74,78,19,14.22936969571088,16.48656182732802,-0.08620376826703224,0.031569210793623126
placebo_shuffled_target,Morgan+Physical,0,4,383,74,78,19,14.091257272355364,16.28471690526773,-0.059769802098856406,0.08785861834628196
placebo_shuffled_target,Morgan,1,0,355,102,77,20,12.82730971295226,16.843254060813667,-0.038689385601958115,0.12816139558952414
placebo_shuffled_target,Physical,1,0,355,102,77,20,12.723255828932219,16.479859675209923,0.005646713907336065,0.022234144032077706
placebo_shuffled_target,Morgan+Physical,1,0,355,102,77,20,12.67532930501302,16.57568185473781,-0.0059502422628272544,0.027207869816577215
placebo_shuffled_target,Morgan,1,1,379,78,77,20,14.970333600479517,24.363060235129133,-0.06730433648820133,0.07744156330177866
placebo_shuffled_target,Physical,1,1,379,78,77,20,15.841393244640644,24.03775972707171,-0.038992890139974756,-0.019806994271451103
placebo_shuffled_target,Morgan+Physical,1,1,379,78,77,20,15.258686385834526,24.043421670278494,-0.03948240427288363,0.04297648276579428
placebo_shuffled_target,Morgan,1,2,365,92,78,19,14.065768244220902,19.110374524061967,-0.06048435887778325,0.024586939575603338
placebo_shuffled_target,Physical,1,2,365,92,78,19,13.624756235305123,18.522377086893986,0.003770692887439475,0.10055175754782524
placebo_shuffled_target,Morgan+Physical,1,2,365,92,78,19,13.807059455805243,18.601345819071266,-0.004742109630298419,0.10070651208041134
placebo_shuffled_target,Morgan,1,3,346,111,78,19,12.409657480353278,16.182494655115022,-0.07257511968367103,0.12096484175008426
placebo_shuffled_target,Physical,1,3,346,111,78,19,13.737746493324076,17.85323692520806,-0.305481467045704,-0.1606427051404588
placebo_shuffled_target,Morgan+Physical,1,3,346,111,78,19,13.008703123515364,16.752188003179448,-0.14942291378289863,-0.12485402842577377
placebo_shuffled_target,Morgan,1,4,383,74,78,19,13.762725192586538,17.817465526664265,-0.12345939005489548,0.10391654969730564
placebo_shuffled_target,Physical,1,4,383,74,78,19,12.668173021034036,16.063842789827163,0.08680312938841228,0.18967846602863325
placebo_shuffled_target,Morgan+Physical,1,4,383,74,78,19,13.13655627139942,16.51962186152267,0.03424775124145896,0.23587629117931452
placebo_shuffled_target,Morgan,2,0,383,74,77,20,12.659998581674937,16.143707125916563,-0.03805772943552754,-0.009573647720938477
placebo_shuffled_target,Physical,2,0,383,74,77,20,13.68904924374142,17.7989143238949,-0.26183332065157083,-0.09177158337451488
placebo_shuffled_target,Morgan+Physical,2,0,383,74,77,20,13.096445894313502,16.74712425306953,-0.11710874440969965,-0.050503276458887456
placebo_shuffled_target,Morgan,2,1,341,116,77,20,14.380238927788568,19.412888684428168,-0.1245197719324398,-0.0768934944174677
placebo_shuffled_target,Physical,2,1,341,116,77,20,14.497092484585991,19.7220557324524,-0.16062288802980995,0.0149823478428986
placebo_shuffled_target,Morgan+Physical,2,1,341,116,77,20,14.285375978022607,19.390938180553306,-0.12197818002237182,-0.06958348272481574
placebo_shuffled_target,Morgan,2,2,380,77,78,19,11.935337248146752,14.476147270355662,0.018201959714478688,0.19704643806324973
placebo_shuffled_target,Physical,2,2,380,77,78,19,12.445307720903669,15.170761446170404,-0.07827847107563524,0.05416979848654702
placebo_shuffled_target,Morgan+Physical,2,2,380,77,78,19,12.02053898469603,14.617122957525336,-0.0010135954595786867,0.130394113638607
placebo_shuffled_target,Morgan,2,3,358,99,78,19,15.322399598031092,22.799532006805965,-0.1639394976241193,-0.17906194799690697
placebo_shuffled_target,Physical,2,3,358,99,78,19,14.781283278817844,21.40255633047357,-0.025675161286377923,0.08604276131949799
placebo_shuffled_target,Morgan+Physical,2,3,358,99,78,19,14.882611868209066,21.878823928352958,-0.07183142849662172,-0.04447668862794261
placebo_shuffled_target,Morgan,2,4,366,91,78,19,14.229307030579285,20.07026954069761,-0.09256169815469328,0.22800184816435423
placebo_shuffled_target,Physical,2,4,366,91,78,19,13.856832884166007,19.04219253703377,0.016502035535339576,0.1300278525100305
placebo_shuffled_target,Morgan+Physical,2,4,366,91,78,19,13.988944239455002,19.136412285292106,0.006745366916499851,0.18619694450619087
placebo_shuffled_target,Morgan,3,0,348,109,77,20,12.266126903036977,17.53774374171117,-0.04756572175837226,0.05336398679690313
placebo_shuffled_target,Physical,3,0,348,109,77,20,12.093016073202431,17.048205229391826,0.010100354143235957,0.11805606389472403
placebo_shuffled_target,Morgan+Physical,3,0,348,109,77,20,12.130710175008513,17.239996203865356,-0.012297515360990108,0.11840044061847874
placebo_shuffled_target,Morgan,3,1,417,40,77,20,14.216077269775392,17.7970693400792,-0.7304720527525184,0.07924528442619688
placebo_shuffled_target,Physical,3,1,417,40,77,20,12.764148392898559,15.638005431636723,-0.33607341957233183,0.020738516603889846
placebo_shuffled_target,Morgan+Physical,3,1,417,40,77,20,13.170721578819274,15.90901300414042,-0.3827831488786271,-0.013606719038751257
placebo_shuffled_target,Morgan,3,2,295,162,78,19,14.231738500053499,21.707909236148076,-0.028043687496293934,0.033353846340534773
placebo_shuffled_target,Physical,3,2,295,162,78,19,15.267588345374591,21.734953625740168,-0.03060682082301014,-0.0813942937390761
placebo_shuffled_target,Morgan+Physical,3,2,295,162,78,19,14.65061312621317,21.475266327304016,-0.006126744811419282,-0.03362392820381199
placebo_shuffled_target,Morgan,3,3,366,91,78,19,14.419340021657417,18.178890793487373,-0.07398214884434018,-0.05785822045434218
placebo_shuffled_target,Physical,3,3,366,91,78,19,14.046427389207775,17.503162899852533,0.004375968058354607,0.022423377709995702
placebo_shuffled_target,Morgan+Physical,3,3,366,91,78,19,14.202610036325977,17.61527148037218,-0.008418914426550517,-0.019856606425737396
placebo_shuffled_target,Morgan,3,4,402,55,78,19,12.320318538735128,14.499004614061974,-0.126808737055359,0.01946272955416971
placebo_shuffled_target,Physical,3,4,402,55,78,19,13.217883315069024,14.878019600563038,-0.1864900011792079,0.07780873274327486
placebo_shuffled_target,Morgan+Physical,3,4,402,55,78,19,12.757206535755502,14.370029000807662,-0.10685089058666986,0.0942390418899943
placebo_shuffled_target,Morgan,4,0,398,59,77,20,12.821724961077159,16.826906667198696,-0.05686988240291391,0.26918722219889774
placebo_shuffled_target,Physical,4,0,398,59,77,20,14.404613578382591,18.862759809861384,-0.32807750172876804,-0.10859512833594483
placebo_shuffled_target,Morgan+Physical,4,0,398,59,77,20,13.035764221036233,17.336850885242395,-0.12189801062405281,0.03453430798352383
placebo_shuffled_target,Morgan,4,1,340,117,77,20,14.29668048892551,22.049425044956457,-0.04656547577455372,-0.17529776469632624
placebo_shuffled_target,Physical,4,1,340,117,77,20,14.936493177182452,22.0247999638869,-0.04422914559660751,-0.07537097807497083
placebo_shuffled_target,Morgan+Physical,4,1,340,117,77,20,14.584337746070796,21.954454079517266,-0.03756938806150867,-0.1534418120809854
placebo_shuffled_target,Morgan,4,2,346,111,78,19,13.006109141114383,16.117083866759327,-0.13216274187569876,-0.09522867784998182
placebo_shuffled_target,Physical,4,2,346,111,78,19,13.881941293609895,17.005744772368086,-0.2604546958342604,-0.14489341388357538
placebo_shuffled_target,Morgan+Physical,4,2,346,111,78,19,13.36990405556619,16.370208939535306,-0.1680041129836003,-0.16719112979900824
placebo_shuffled_target,Morgan,4,3,384,73,78,19,13.444081091538521,19.484197779930287,-0.12989661063897096,-0.07613603363396182
placebo_shuffled_target,Physical,4,3,384,73,78,19,13.804566846727344,19.097064083468286,-0.08544258973598229,0.071334086730974
placebo_shuffled_target,Morgan+Physical,4,3,384,73,78,19,13.274927626685573,18.944656423631457,-0.06818657144787599,-0.03818517560746564
placebo_shuffled_target,Morgan,4,4,360,97,78,19,14.547643958004038,19.328312598969354,-0.10117297392365643,0.08401138269446055
placebo_shuffled_target,Physical,4,4,360,97,78,19,13.927973716481002,18.24866908464187,0.018410161280737025,0.11300916206736562
placebo_shuffled_target,Morgan+Physical,4,4,360,97,78,19,14.109653586535895,18.406231917545956,0.0013864794545420667,0.08170223545067128
placebo_shuffled_target,Morgan,5,0,394,63,77,20,12.56885984591045,14.811352332777075,0.01729607803995259,0.21766050106967003
placebo_shuffled_target,Physical,5,0,394,63,77,20,12.77853751004658,15.615825831172623,-0.09235342872990682,0.1185545885558649
placebo_shuffled_target,Morgan+Physical,5,0,394,63,77,20,12.617732157820445,14.965764355319147,-0.0033005922805180443,0.22737816252892412
placebo_shuffled_target,Morgan,5,1,376,81,77,20,12.866503251516086,15.05344078848683,-0.261859844755463,-0.06310276764766048
placebo_shuffled_target,Physical,5,1,376,81,77,20,13.136452771297503,15.185335854283245,-0.28406901478660496,-0.23042506945463911
placebo_shuffled_target,Morgan+Physical,5,1,376,81,77,20,12.906664896722484,14.95703995175237,-0.2457499271577146,-0.18068100806778598
placebo_shuffled_target,Morgan,5,2,346,111,78,19,13.409652857283858,18.956008957482947,-0.12118961932116368,-0.08884577948329338
placebo_shuffled_target,Physical,5,2,346,111,78,19,13.781297484622991,18.81094002407645,-0.10409452201319569,-0.05998199054751244
placebo_shuffled_target,Morgan+Physical,5,2,346,111,78,19,13.502459470621744,18.74252232669328,-0.09607767315967397,-0.07238190226776252
placebo_shuffled_target,Morgan,5,3,329,128,78,19,14.556335763978957,23.05252332913296,-0.037322247158917854,-0.04238440310059376
placebo_shuffled_target,Physical,5,3,329,128,78,19,14.270734712231159,22.236678055818096,0.034801655086220795,0.026255837003325493
placebo_shuffled_target,Morgan+Physical,5,3,329,128,78,19,14.362032281804085,22.532775273682592,0.00892590965233675,0.012801389068641563
placebo_shuffled_target,Morgan,5,4,383,74,78,19,15.07012331318211,19.77235774103839,-0.3096906195654119,-0.1782579530283045
placebo_shuffled_target,Physical,5,4,383,74,78,19,13.583730130582243,17.600627302587327,-0.03778667795905499,-0.030200391050173667
placebo_shuffled_target,Morgan+Physical,5,4,383,74,78,19,14.145465005410685,18.126648029340636,-0.10074520396671738,-0.12046056813090872
placebo_shuffled_target,Morgan,6,0,414,43,77,20,13.39374419626635,15.614479639754204,-0.13575519198039587,-0.19401767595006533
placebo_shuffled_target,Physical,6,0,414,43,77,20,13.305189766923771,15.601184033697189,-0.13382184230023086,-0.15931360336946052
placebo_shuffled_target,Morgan+Physical,6,0,414,43,77,20,13.125356496695586,15.442769660248807,-0.11091309665494808,-0.16551375309717564
placebo_shuffled_target,Morgan,6,1,397,60,77,20,15.005006424153645,19.004582522058886,-0.07479750291282516,0.09455435544230816
placebo_shuffled_target,Physical,6,1,397,60,77,20,15.16454978925069,18.45944003410723,-0.014021180217628881,0.07067760957308683
placebo_shuffled_target,Morgan+Physical,6,1,397,60,77,20,15.029726359507242,18.504064407527256,-0.01892975318696455,0.08981424687583524
placebo_shuffled_target,Morgan,6,2,331,126,78,19,12.061833367653497,14.629290862081564,-0.055964100004641804,0.25459322610355756
placebo_shuffled_target,Physical,6,2,331,126,78,19,12.304559169878281,15.045951791130248,-0.11697109883429113,-0.04716891969001561
placebo_shuffled_target,Morgan+Physical,6,2,331,126,78,19,12.08268900303916,14.475142276851843,-0.03382799061245789,0.15464149364282623
placebo_shuffled_target,Morgan,6,3,333,124,78,19,13.353125775626395,21.958083558338334,-0.03569237189124497,-0.0026438922943129205
placebo_shuffled_target,Physical,6,3,333,124,78,19,14.420334240402713,21.351985757746707,0.02069391512393237,0.00939488726184733
placebo_shuffled_target,Morgan+Physical,6,3,333,124,78,19,13.625023150364044,21.42770401486494,0.013735983598059498,0.03357752599096469
placebo_shuffled_target,Morgan,6,4,353,104,78,19,13.61488427575625,19.65096939618595,-0.023043912218705165,0.176798015245421
placebo_shuffled_target,Physical,6,4,353,104,78,19,15.261388689654426,20.21240758132417,-0.08233676557550873,-0.055111756899331635
placebo_shuffled_target,Morgan+Physical,6,4,353,104,78,19,14.35503643302624,19.657731964942872,-0.023748161977355187,0.034258370665956904
placebo_shuffled_target,Morgan,7,0,343,114,77,20,13.017717927738659,16.393998541689474,-0.08337328116183018,-0.06415944615909575
placebo_shuffled_target,Physical,7,0,343,114,77,20,12.81422454824615,16.209230689253857,-0.05909067115971367,-0.017819656062663114
placebo_shuffled_target,Morgan+Physical,7,0,343,114,77,20,12.846241701935888,16.100947022878767,-0.044987699436268125,-0.025111265583129604
placebo_shuffled_target,Morgan,7,1,380,77,77,20,15.965221018605414,21.958479753428477,-0.07801827774228398,0.000525134530528013
placebo_shuffled_target,Physical,7,1,380,77,77,20,15.127461326896372,20.756244791819704,0.03679405710479178,0.19556111756451783
placebo_shuffled_target,Morgan+Physical,7,1,380,77,77,20,15.417480649081142,21.121636481425014,0.0025831214218883236,0.18376411087742744
placebo_shuffled_target,Morgan,7,2,377,80,78,19,12.575155459804535,14.81176934156126,-0.11339421875348688,-0.030103877662087646
placebo_shuffled_target,Physical,7,2,377,80,78,19,12.564588509864809,14.46786400117143,-0.06229201431054365,0.0051252590884440655
placebo_shuffled_target,Morgan+Physical,7,2,377,80,78,19,12.444546384162901,14.485224284851475,-0.06484287530806099,-0.02577876310389029
placebo_shuffled_target,Morgan,7,3,379,78,78,19,11.856662398779454,17.202764823842614,-0.113497464904184,-0.01764298748653075
placebo_shuffled_target,Physical,7,3,379,78,78,19,12.85628414171268,17.16868773885748,-0.10909036341628808,0.006181707340820539
placebo_shuffled_target,Morgan+Physical,7,3,379,78,78,19,12.188631350371532,16.97123144636779,-0.08372586986755559,-0.00926937127576083
placebo_shuffled_target,Morgan,7,4,349,108,78,19,13.83091486118458,22.17153964455941,-0.011339935948937896,0.2141432024952392
placebo_shuffled_target,Physical,7,4,349,108,78,19,14.456921218589503,22.15561523201758,-0.00988769483086438,-0.05246223195335205
placebo_shuffled_target,Morgan+Physical,7,4,349,108,78,19,14.11879523030034,22.04937782256109,-0.0002259792066590105,-0.002193584383508373
placebo_shuffled_target,Morgan,8,0,321,136,77,20,12.33930597784379,17.162159951981884,-0.03275214336214671,0.05286990853854511
placebo_shuffled_target,Physical,8,0,321,136,77,20,12.813720473424125,17.89820219120018,-0.12323605145418526,-0.06467734673350715
placebo_shuffled_target,Morgan+Physical,8,0,321,136,77,20,12.513230217507308,17.459498733873318,-0.06884752541012329,-0.019143155532862246
placebo_shuffled_target,Morgan,8,1,375,82,77,20,11.913190724554296,15.098185154633283,-0.049603611628251,0.03131014875122778
placebo_shuffled_target,Physical,8,1,375,82,77,20,11.334866314883348,15.340829755158701,-0.08361129491450159,0.08848524038238664
placebo_shuffled_target,Morgan+Physical,8,1,375,82,77,20,11.383201924319385,14.931606729358515,-0.026570803112096586,0.10730701771215406
placebo_shuffled_target,Morgan,8,2,377,80,78,19,15.104793043838502,23.3906226487255,-0.03105403415177954,-0.12235562624685954
placebo_shuffled_target,Physical,8,2,377,80,78,19,15.430988026844025,22.686206265879296,0.03011193916439381,-0.05733179874874718
placebo_shuffled_target,Morgan+Physical,8,2,377,80,78,19,15.223405898796083,22.949890770761098,0.007434659025837842,-0.08027392075726593
placebo_shuffled_target,Morgan,8,3,406,51,78,19,15.41159630961699,20.280614923535126,-0.19279625316962234,-0.0871302339265349
placebo_shuffled_target,Physical,8,3,406,51,78,19,16.27871929844875,20.34505814908809,-0.20038870189075486,-0.15069611210416184
placebo_shuffled_target,Morgan+Physical,8,3,406,51,78,19,15.647462927156337,19.55209955217857,-0.10864072478934461,-0.12846634162402257
placebo_shuffled_target,Morgan,8,4,349,108,78,19,13.746006147624827,18.501635999959774,-0.015461304498926243,0.11574338650884913
placebo_shuffled_target,Physical,8,4,349,108,78,19,14.505398245239258,18.666718234937182,-0.03366320706830428,0.15518706600586485
placebo_shuffled_target,Morgan+Physical,8,4,349,108,78,19,14.059217680853385,18.32208981479152,0.0041518307925120235,0.14906217157579413
placebo_shuffled_target,Morgan,9,0,389,68,77,20,13.352984682105571,15.271804083763428,-0.08287456817879191,0.11227642136663739
placebo_shuffled_target,Physical,9,0,389,68,77,20,14.462335791105382,16.64776191301724,-0.2867944485186795,0.17126458060770033
placebo_shuffled_target,Morgan+Physical,9,0,389,68,77,20,13.738450341078813,15.49323761148703,-0.11450450709257831,0.1549992293768014
placebo_shuffled_target,Morgan,9,1,351,106,77,20,14.58078210571577,20.33478230476243,-0.09929706935699789,-0.07794907187171586
placebo_shuffled_target,Physical,9,1,351,106,77,20,14.41484092957119,20.052788748396058,-0.06901936562193423,-0.008878799972201352
placebo_shuffled_target,Morgan+Physical,9,1,351,106,77,20,14.437293830295777,19.974202660494335,-0.06065689446122713,-0.06876648265322481
placebo_shuffled_target,Morgan,9,2,359,98,78,19,14.20013954101874,23.709990739463713,-0.007601885025653843,0.10402928638327245
placebo_shuffled_target,Physical,9,2,359,98,78,19,14.736399389165761,23.057906887441675,0.04705910527283719,0.1282684470072281
placebo_shuffled_target,Morgan+Physical,9,2,359,98,78,19,14.36063164864365,23.284684816840603,0.028222297484283287,0.1815603298925459
placebo_shuffled_target,Morgan,9,3,366,91,78,19,11.835763250376942,15.32663557614198,-0.0805186162513487,0.057482186970368644
placebo_shuffled_target,Physical,9,3,366,91,78,19,11.963384864602562,15.289608603833376,-0.07530416387364935,0.09526217377675542
placebo_shuffled_target,Morgan+Physical,9,3,366,91,78,19,11.788404217274426,15.093998390124094,-0.04796599331099416,0.11364134379699024
placebo_shuffled_target,Morgan,9,4,363,94,78,19,13.550795696875387,16.346850783847035,-0.041521024457806366,0.18387237054676617
placebo_shuffled_target,Physical,9,4,363,94,78,19,13.656867403931313,17.214959217261136,-0.15507940599323877,-0.06811496712522294
placebo_shuffled_target,Morgan+Physical,9,4,363,94,78,19,13.511684894285809,16.56018032295735,-0.06888250170796684,-0.03199846458200497
baseline_features_shuffled_target,Morgan,0,0,328,129,77,20,12.803205352381035,18.357910739430068,-0.027381780897312913,0.09479881730694831
baseline_features_shuffled_target,Physical,0,0,328,129,77,20,13.92121694101733,18.724559551213062,-0.06882984886682286,0.03533250119323364
baseline_features_shuffled_target,Morgan+Physical,0,0,328,129,77,20,13.013957277709014,18.089194928083913,0.0024749063771922764,0.0736913408184359
baseline_features_shuffled_target,Morgan,0,1,321,136,77,20,14.074604691943,21.109949087313694,-0.02638488235869052,0.061636947656372176
baseline_features_shuffled_target,Physical,0,1,321,136,77,20,14.086077016089943,20.36916213544509,0.044386656853438344,0.05830412058681996
baseline_features_shuffled_target,Morgan+Physical,0,1,321,136,77,20,14.058837973134658,20.67099002558022,0.015856496993153057,0.053249271573325686
baseline_features_shuffled_target,Morgan,0,2,385,72,78,19,11.943237664582993,17.879929334022354,-0.07985686911883794,0.07997278996176138
baseline_features_shuffled_target,Physical,0,2,385,72,78,19,11.61662582783169,17.359094241426952,-0.01786157800941046,0.1238037206266036
baseline_features_shuffled_target,Morgan+Physical,0,2,385,72,78,19,11.673875423685708,17.520139700000737,-0.036835190192739065,0.10379339521652181
baseline_features_shuffled_target,Morgan,0,3,411,46,78,19,16.935689497275973,20.215800751273235,-0.5900428099020572,-0.1317297251162135
baseline_features_shuffled_target,Physical,0,3,411,46,78,19,15.350731362749185,18.291046817640474,-0.3016794334787305,-0.09351265501304232
baseline_features_shuffled_target,Morgan+Physical,0,3,411,46,78,19,15.460747367062778,18.17281123245109,-0.2849053908375745,-0.2519646537851418
baseline_features_shuffled_target,Morgan,0,4,383,74,78,19,14.083821229363519,16.94914220348366,-0.14801235181743544,0.154362948509115
baseline_features_shuffled_target,Physical,0,4,383,74,78,19,13.601919894549393,15.764747794680446,0.0068263963380735815,0.032917526282614844
baseline_features_shuffled_target,Morgan+Physical,0,4,383,74,78,19,13.730213576338482,16.049865946952234,-0.029423155084713493,0.0823716436790585
baseline_features_shuffled_target,Morgan,1,0,355,102,77,20,12.82730971295226,16.843254060813667,-0.038689385601958115,0.12816139558952414
baseline_features_shuffled_target,Physical,1,0,355,102,77,20,12.233486014497046,16.734510669134668,-0.025320711055361933,0.0796983913326326
baseline_features_shuffled_target,Morgan+Physical,1,0,355,102,77,20,12.456601928785737,16.68191061970341,-0.018885248253359688,0.08371822898052773
baseline_features_shuffled_target,Morgan,1,1,379,78,77,20,14.970333600479517,24.363060235129133,-0.06730433648820133,0.07744156330177866
baseline_features_shuffled_target,Physical,1,1,379,78,77,20,16.26985399776361,24.098101108821346,-0.044215752607164704,-0.12626446143055992
baseline_features_shuffled_target,Morgan+Physical,1,1,379,78,77,20,15.386314149827227,24.004150293716464,-0.036089495625162726,-0.08809856176135071
baseline_features_shuffled_target,Morgan,1,2,365,92,78,19,14.065768244220902,19.110374524061967,-0.06048435887778325,0.024586939575603338
baseline_features_shuffled_target,Physical,1,2,365,92,78,19,13.967339004284407,18.68639211409402,-0.013950576011768412,0.08416325254695615
baseline_features_shuffled_target,Morgan+Physical,1,2,365,92,78,19,13.879640566220493,18.595403184412483,-0.0041002354795081075,0.08342816851717212
baseline_features_shuffled_target,Morgan,1,3,346,111,78,19,12.409657480353278,16.182494655115022,-0.07257511968367103,0.12096484175008426
baseline_features_shuffled_target,Physical,1,3,346,111,78,19,13.518596248413639,17.691914833926887,-0.28199536248267476,-0.2501477733838068
baseline_features_shuffled_target,Morgan+Physical,1,3,346,111,78,19,12.838128998517561,16.709444557488244,-0.14356485899528426,-0.16530204727931072
baseline_features_shuffled_target,Morgan,1,4,383,74,78,19,13.762725192586538,17.817465526664265,-0.12345939005489548,0.10391654969730564
baseline_features_shuffled_target,Physical,1,4,383,74,78,19,13.146175207680368,16.316350968118567,0.05786833397453561,0.11903949279455493
baseline_features_shuffled_target,Morgan+Physical,1,4,383,74,78,19,13.339691539430362,16.597540128448255,0.02511591907942745,0.22055133379255698
baseline_features_shuffled_target,Morgan,2,0,383,74,77,20,12.659998581674937,16.143707125916563,-0.03805772943552754,-0.009573647720938477
baseline_features_shuffled_target,Physical,2,0,383,74,77,20,13.045024807203136,17.053863992793122,-0.15840535505290632,-0.05020680873679243
baseline_features_shuffled_target,Morgan+Physical,2,0,383,74,77,20,12.809509237464699,16.411376740964318,-0.07276599079818746,-0.038822448208343484
baseline_features_shuffled_target,Morgan,2,1,341,116,77,20,14.380238927788568,19.412888684428168,-0.1245197719324398,-0.0768934944174677
baseline_features_shuffled_target,Physical,2,1,341,116,77,20,13.813962339348627,18.898731503294997,-0.06574199020447247,0.04021214035808908
baseline_features_shuffled_target,Morgan+Physical,2,1,341,116,77,20,13.974947448743622,18.997348598915178,-0.07689348959475795,-0.008316163638772594
baseline_features_shuffled_target,Morgan,2,2,380,77,78,19,11.935337248146752,14.476147270355662,0.018201959714478688,0.19704643806324973
baseline_features_shuffled_target,Physical,2,2,380,77,78,19,12.848493365672718,15.529557304505822,-0.12988521771587402,-0.06906632813977114
baseline_features_shuffled_target,Morgan+Physical,2,2,380,77,78,19,12.186566521955218,14.70489308170414,-0.01307108004346813,0.010232292954893975
baseline_features_shuffled_target,Morgan,2,3,358,99,78,19,15.322399598031092,22.799532006805965,-0.1639394976241193,-0.17906194799690697
baseline_features_shuffled_target,Physical,2,3,358,99,78,19,14.239981276248201,21.12466627640334,0.000786588865868576,0.11991786445875718
baseline_features_shuffled_target,Morgan+Physical,2,3,358,99,78,19,14.547690021722968,21.673036046402515,-0.051763384462629514,-0.10788025584015634
baseline_features_shuffled_target,Morgan,2,4,366,91,78,19,14.229307030579285,20.07026954069761,-0.09256169815469328,0.22800184816435423
baseline_features_shuffled_target,Physical,2,4,366,91,78,19,14.497913863733311,19.438039645186706,-0.024812675708023813,0.06968638189147715
baseline_features_shuffled_target,Morgan+Physical,2,4,366,91,78,19,14.272202342207352,19.224947201564106,-0.002466510115015863,0.12891820672003412
baseline_features_shuffled_target,Morgan,3,0,348,109,77,20,12.266126903036977,17.53774374171117,-0.04756572175837226,0.05336398679690313
baseline_features_shuffled_target,Physical,3,0,348,109,77,20,12.416148259812102,17.746487200700987,-0.07265148798711318,0.09414515029132244
baseline_features_shuffled_target,Morgan+Physical,3,0,348,109,77,20,12.177956797216574,17.461048556469013,-0.03842343165241213,0.0658969514644155
baseline_features_shuffled_target,Morgan,3,1,417,40,77,20,14.216077269775392,17.7970693400792,-0.7304720527525184,0.07924528442619688
baseline_features_shuffled_target,Physical,3,1,417,40,77,20,12.839792402488708,15.513189398502488,-0.3148305741129669,-0.011165321823981986
baseline_features_shuffled_target,Morgan+Physical,3,1,417,40,77,20,13.185134709579467,15.980120599810208,-0.39517186550148065,-0.006474010133233253
baseline_features_shuffled_target,Morgan,3,2,295,162,78,19,14.231738500053499,21.707909236148076,-0.028043687496293934,0.033353846340534773
baseline_features_shuffled_target,Physical,3,2,295,162,78,19,15.265415718455372,21.875674214015337,-0.04399512459401311,-0.12012880207463465
baseline_features_shuffled_target,Morgan+Physical,3,2,295,162,78,19,14.647981635011272,21.56588280737386,-0.014635511643739108,-0.07932946122253011
baseline_features_shuffled_target,Morgan,3,3,366,91,78,19,14.419340021657417,18.178890793487373,-0.07398214884434018,-0.05785822045434218
baseline_features_shuffled_target,Physical,3,3,366,91,78,19,14.234380711062922,17.662185169983736,-0.013797389477776534,0.09343505137326463
baseline_features_shuffled_target,Morgan+Physical,3,3,366,91,78,19,14.305154129195998,17.62380256882452,-0.009395906937112342,0.013974203997724843
baseline_features_shuffled_target,Morgan,3,4,402,55,78,19,12.320318538735128,14.499004614061974,-0.126808737055359,0.01946272955416971
baseline_features_shuffled_target,Physical,3,4,402,55,78,19,12.10745219671076,14.014227465183856,-0.05271825529090646,0.09315502967993924
baseline_features_shuffled_target,Morgan+Physical,3,4,402,55,78,19,12.09990094382546,14.05955159609851,-0.059538566512443936,0.10502560067256554
baseline_features_shuffled_target,Morgan,4,0,398,59,77,20,12.821724961077159,16.826906667198696,-0.05686988240291391,0.26918722219889774
baseline_features_shuffled_target,Physical,4,0,398,59,77,20,14.283800758206644,18.87084840069516,-0.3292167389164733,-0.15622487256897563
baseline_features_shuffled_target,Morgan+Physical,4,0,398,59,77,20,12.964216082401599,17.222907477715157,-0.10719951624482493,0.007830306171563073
baseline_features_shuffled_target,Morgan,4,1,340,117,77,20,14.29668048892551,22.049425044956457,-0.04656547577455372,-0.17529776469632624
baseline_features_shuffled_target,Physical,4,1,340,117,77,20,14.336326276026016,21.63549993755359,-0.0076407797521931275,-0.08368951437167285
baseline_features_shuffled_target,Morgan+Physical,4,1,340,117,77,20,14.300740897036821,21.78936472617562,-0.02202378316284448,-0.14556715782974292
baseline_features_shuffled_target,Morgan,4,2,346,111,78,19,13.006109141114383,16.117083866759327,-0.13216274187569876,-0.09522867784998182
baseline_features_shuffled_target,Physical,4,2,346,111,78,19,14.18369344523662,17.269218791893447,-0.2998143003381424,-0.10645012447628144
baseline_features_shuffled_target,Morgan+Physical,4,2,346,111,78,19,13.515148020921314,16.470039816448825,-0.18229329114414305,-0.11991347713026171
baseline_features_shuffled_target,Morgan,4,3,384,73,78,19,13.444081091538521,19.484197779930287,-0.12989661063897096,-0.07613603363396182
baseline_features_shuffled_target,Physical,4,3,384,73,78,19,13.144242107610834,18.776934129466685,-0.04935639289554761,0.16725699417773945
baseline_features_shuffled_target,Morgan+Physical,4,3,384,73,78,19,12.877386412278268,18.81009657659098,-0.05306625900862216,0.10117746203219459
baseline_features_shuffled_target,Morgan,4,4,360,97,78,19,14.547643958004038,19.328312598969354,-0.10117297392365643,0.08401138269446055
baseline_features_shuffled_target,Physical,4,4,360,97,78,19,15.244258875405222,18.967916232701057,-0.060490807207348674,0.1174368818503813
baseline_features_shuffled_target,Morgan+Physical,4,4,360,97,78,19,14.7378905093604,18.585670679028624,-0.018179004471374327,0.14392625521709929
baseline_features_shuffled_target,Morgan,5,0,394,63,77,20,12.56885984591045,14.811352332777075,0.01729607803995259,0.21766050106967003
baseline_features_shuffled_target,Physical,5,0,394,63,77,20,13.010680885503858,15.645124369986709,-0.09645623867357278,0.03209008262347373
baseline_features_shuffled_target,Morgan+Physical,5,0,394,63,77,20,12.732789331049844,14.986628237036058,-0.006099959640982089,0.11162919214182121
baseline_features_shuffled_target,Morgan,5,1,376,81,77,20,12.866503251516086,15.05344078848683,-0.261859844755463,-0.06310276764766048
baseline_features_shuffled_target,Physical,5,1,376,81,77,20,13.086048453418119,15.652803481478665,-0.3643438217986974,-0.1478748467215265
baseline_features_shuffled_target,Morgan+Physical,5,1,376,81,77,20,12.926751001504025,15.187516056277328,-0.2844377561594249,-0.1546453205244109
baseline_features_shuffled_target,Morgan,5,2,346,111,78,19,13.409652857283858,18.956008957482947,-0.12118961932116368,-0.08884577948329338
baseline_features_shuffled_target,Physical,5,2,346,111,78,19,14.779464348691649,19.157852476313806,-0.14519358610864597,-0.057678734714983845
baseline_features_shuffled_target,Morgan+Physical,5,2,346,111,78,19,13.899227886605477,18.575509366885445,-0.07663060396300936,-0.09377082691196093
baseline_features_shuffled_target,Morgan,5,3,329,128,78,19,14.556335763978957,23.05252332913296,-0.037322247158917854,-0.04238440310059376
baseline_features_shuffled_target,Physical,5,3,329,128,78,19,14.377133702087402,22.5607574604023,0.006462862861263519,0.022366093069917707
baseline_features_shuffled_target,Morgan+Physical,5,3,329,128,78,19,14.366014738428593,22.69549728800789,-0.005439997797167528,0.007703190753144345
baseline_features_shuffled_target,Morgan,5,4,383,74,78,19,15.07012331318211,19.77235774103839,-0.3096906195654119,-0.1782579530283045
baseline_features_shuffled_target,Physical,5,4,383,74,78,19,13.49264790818498,17.370286839963622,-0.010801268162761613,0.028688147610253338
baseline_features_shuffled_target,Morgan+Physical,5,4,383,74,78,19,14.245521808830468,18.104363664429382,-0.09804042039110694,-0.0465978542320549
baseline_features_shuffled_target,Morgan,6,0,414,43,77,20,13.39374419626635,15.614479639754204,-0.13575519198039587,-0.19401767595006533
baseline_features_shuffled_target,Physical,6,0,414,43,77,20,14.88541756024028,17.457424292493638,-0.4196785937614915,-0.32490296804868146
baseline_features_shuffled_target,Morgan+Physical,6,0,414,43,77,20,13.917854083677781,16.32538469222539,-0.2415280811666567,-0.307512304178261
baseline_features_shuffled_target,Morgan,6,1,397,60,77,20,15.005006424153645,19.004582522058886,-0.07479750291282516,0.09455435544230816
baseline_features_shuffled_target,Physical,6,1,397,60,77,20,15.057880679651896,18.53510763123935,-0.02235142274399715,0.09812952977192348
baseline_features_shuffled_target,Morgan+Physical,6,1,397,60,77,20,15.019386879170735,18.53617589487754,-0.02246927178427849,0.11403941951952558
baseline_features_shuffled_target,Morgan,6,2,331,126,78,19,12.061833367653497,14.629290862081564,-0.055964100004641804,0.25459322610355756
baseline_features_shuffled_target,Physical,6,2,331,126,78,19,12.835876019117569,15.660094373886576,-0.21001667162320503,0.00481519124672993
baseline_features_shuffled_target,Morgan+Physical,6,2,331,126,78,19,12.333146163020057,14.765026591864924,-0.07565022174974567,0.07795192729549914
baseline_features_shuffled_target,Morgan,6,3,333,124,78,19,13.353125775626395,21.958083558338334,-0.03569237189124497,-0.0026438922943129205
baseline_features_shuffled_target,Physical,6,3,333,124,78,19,13.982466535888179,21.31304987741726,0.02426223699549135,0.10222287768305771
baseline_features_shuffled_target,Morgan+Physical,6,3,333,124,78,19,13.459047883630566,21.44968294681954,0.011711674598224975,0.08613585009135476
baseline_features_shuffled_target,Morgan,6,4,353,104,78,19,13.61488427575625,19.65096939618595,-0.023043912218705165,0.176798015245421
baseline_features_shuffled_target,Physical,6,4,353,104,78,19,16.278208820736225,20.99598603923686,-0.16788173786025795,-0.08349397401152363
baseline_features_shuffled_target,Morgan+Physical,6,4,353,104,78,19,14.736999150155874,19.810247758029487,-0.039695420351103294,-0.06685934364649962
baseline_features_shuffled_target,Morgan,7,0,343,114,77,20,13.017717927738659,16.393998541689474,-0.08337328116183018,-0.06415944615909575
baseline_features_shuffled_target,Physical,7,0,343,114,77,20,12.305233654330072,15.535043056094569,0.02717827915748383,0.0538688714472933
baseline_features_shuffled_target,Morgan+Physical,7,0,343,114,77,20,12.56855899419952,15.745301221474636,0.000666874948757834,0.007132117785583548
baseline_features_shuffled_target,Morgan,7,1,380,77,77,20,15.965221018605414,21.958479753428477,-0.07801827774228398,0.000525134530528013
baseline_features_shuffled_target,Physical,7,1,380,77,77,20,14.952016539536514,20.967234815001536,0.01711229285627458,0.18670305488401281
baseline_features_shuffled_target,Morgan+Physical,7,1,380,77,77,20,15.336484521444742,21.229736381962265,-0.007652503732016314,0.17883854002707086
baseline_features_shuffled_target,Morgan,7,2,377,80,78,19,12.575155459804535,14.81176934156126,-0.11339421875348688,-0.030103877662087646
baseline_features_shuffled_target,Physical,7,2,377,80,78,19,13.104823302097321,15.952311697746508,-0.29146409064514245,-0.1326421425631814
baseline_features_shuffled_target,Morgan+Physical,7,2,377,80,78,19,12.647028868980408,15.131118536350925,-0.1619224643435031,-0.12497144124243505
baseline_features_shuffled_target,Morgan,7,3,379,78,78,19,11.856662398779454,17.202764823842614,-0.113497464904184,-0.01764298748653075
baseline_features_shuffled_target,Physical,7,3,379,78,78,19,11.880212418165941,17.04846907654732,-0.0936125880421168,-0.034315395054863536
baseline_features_shuffled_target,Morgan+Physical,7,3,379,78,78,19,11.80254373420911,17.00200494439657,-0.08765961768159225,-0.019974252075995114
baseline_features_shuffled_target,Morgan,7,4,349,108,78,19,13.83091486118458,22.17153964455941,-0.011339935948937896,0.2141432024952392
baseline_features_shuffled_target,Physical,7,4,349,108,78,19,15.410567555604162,22.37411734207683,-0.029905256451928652,-0.04668121045780542
baseline_features_shuffled_target,Morgan+Physical,7,4,349,108,78,19,14.346673310597739,22.00349332234148,0.003932606689556972,-0.007086798274235531
baseline_features_shuffled_target,Morgan,8,0,321,136,77,20,12.33930597784379,17.162159951981884,-0.03275214336214671,0.05286990853854511
baseline_features_shuffled_target,Physical,8,0,321,136,77,20,13.192327364495222,18.16412216275433,-0.1568606327644173,-0.04728042183442265
baseline_features_shuffled_target,Morgan+Physical,8,0,321,136,77,20,12.623861259595087,17.497151671836555,-0.07346262305788875,0.005429542410796179
baseline_features_shuffled_target,Morgan,8,1,375,82,77,20,11.913190724554296,15.098185154633283,-0.049603611628251,0.03131014875122778
baseline_features_shuffled_target,Physical,8,1,375,82,77,20,11.8316075025605,15.474687283554758,-0.10260405503597769,0.015606878567385398
baseline_features_shuffled_target,Morgan+Physical,8,1,375,82,77,20,11.28930772392459,14.741737483579067,-0.0006291921450731763,0.1357536867565311
baseline_features_shuffled_target,Morgan,8,2,377,80,78,19,15.104793043838502,23.3906226487255,-0.03105403415177954,-0.12235562624685954
baseline_features_shuffled_target,Physical,8,2,377,80,78,19,15.267758930908204,22.553569089206366,0.04141988107924599,-0.04149598841076362
baseline_features_shuffled_target,Morgan+Physical,8,2,377,80,78,19,15.141791046844483,22.87619723606138,0.01379880354402041,-0.0322433458336041
baseline_features_shuffled_target,Morgan,8,3,406,51,78,19,15.41159630961699,20.280614923535126,-0.19279625316962234,-0.0871302339265349
baseline_features_shuffled_target,Physical,8,3,406,51,78,19,16.22699344264012,19.682235856877618,-0.12344778352909325,-0.20970554161251098
baseline_features_shuffled_target,Morgan+Physical,8,3,406,51,78,19,15.481334413296569,19.476632279593563,-0.10009896954769437,-0.07091283992142437
baseline_features_shuffled_target,Morgan,8,4,349,108,78,19,13.746006147624827,18.501635999959774,-0.015461304498926243,0.11574338650884913
baseline_features_shuffled_target,Physical,8,4,349,108,78,19,14.774114718642059,19.012004451702445,-0.07225709469496722,0.03191062821905999
baseline_features_shuffled_target,Morgan+Physical,8,4,349,108,78,19,14.202105991250496,18.507525579029856,-0.016107905863954164,0.06090335852703862
baseline_features_shuffled_target,Morgan,9,0,389,68,77,20,13.352984682105571,15.271804083763428,-0.08287456817879191,0.11227642136663739
baseline_features_shuffled_target,Physical,9,0,389,68,77,20,12.89400250448339,15.541812714012131,-0.12150395274946368,0.05304947723474046
baseline_features_shuffled_target,Morgan+Physical,9,0,389,68,77,20,13.0533073662253,15.175941092182393,-0.06932256233511436,0.12043820327814951
baseline_features_shuffled_target,Morgan,9,1,351,106,77,20,14.58078210571577,20.33478230476243,-0.09929706935699789,-0.07794907187171586
baseline_features_shuffled_target,Physical,9,1,351,106,77,20,14.559758376283465,20.024384651279174,-0.06599305091859642,-0.04523983581116228
baseline_features_shuffled_target,Morgan+Physical,9,1,351,106,77,20,14.36442874865262,19.964664514437864,-0.059644159678537756,-0.09025751171432331
baseline_features_shuffled_target,Morgan,9,2,359,98,78,19,14.20013954101874,23.709990739463713,-0.007601885025653843,0.10402928638327245
baseline_features_shuffled_target,Physical,9,2,359,98,78,19,14.790317832650944,23.041772059672034,0.04839228419066999,0.12029453525484232
baseline_features_shuffled_target,Morgan+Physical,9,2,359,98,78,19,14.256746421907385,23.23407351268606,0.032442194429090465,0.12949914721338412
baseline_features_shuffled_target,Morgan,9,3,366,91,78,19,11.835763250376942,15.32663557614198,-0.0805186162513487,0.057482186970368644
baseline_features_shuffled_target,Physical,9,3,366,91,78,19,12.336121132698477,15.100214730596964,-0.04882936360224277,0.10652579707040628
baseline_features_shuffled_target,Morgan+Physical,9,3,366,91,78,19,11.877650038629891,14.83764746840626,-0.012671733955940567,0.15879156181544907
baseline_features_shuffled_target,Morgan,9,4,363,94,78,19,13.550795696875387,16.346850783847035,-0.041521024457806366,0.18387237054676617
baseline_features_shuffled_target,Physical,9,4,363,94,78,19,13.387467519930576,16.49030881496257,-0.059881769259555684,-0.028578892423400525
baseline_features_shuffled_target,Morgan+Physical,9,4,363,94,78,19,13.377093147651182,16.306793424809683,-0.03642286031669295,-0.03013588910838212
lever4_features_shuffled_target,Morgan,0,0,328,129,77,20,12.803205352381035,18.357910739430068,-0.027381780897312913,0.09479881730694831
lever4_features_shuffled_target,Physical,0,0,328,129,77,20,14.129662308046798,18.791192660681617,-0.07645044754639385,0.03922229378540103
lever4_features_shuffled_target,Morgan+Physical,0,0,328,129,77,20,13.199387224845001,18.06523618853941,0.005115556429238555,0.08374610860870024
lever4_features_shuffled_target,Morgan,0,1,321,136,77,20,14.074604691943,21.109949087313694,-0.02638488235869052,0.061636947656372176
lever4_features_shuffled_target,Physical,0,1,321,136,77,20,14.230563436384761,20.29616164154067,0.05122397687974778,0.053980957381333856
lever4_features_shuffled_target,Morgan+Physical,0,1,321,136,77,20,14.124444770577373,20.618325694128107,0.020864794690217625,0.04956214897218655
lever4_features_shuffled_target,Morgan,0,2,385,72,78,19,11.943237664582993,17.879929334022354,-0.07985686911883794,0.07997278996176138
lever4_features_shuffled_target,Physical,0,2,385,72,78,19,11.948968849860298,17.108845217450952,0.011273911086416066,0.16764748239909988
lever4_features_shuffled_target,Morgan+Physical,0,2,385,72,78,19,11.786169655736286,17.35488970549005,-0.017368566422512943,0.12578848461036782
lever4_features_shuffled_target,Morgan,0,3,411,46,78,19,16.935689497275973,20.215800751273235,-0.5900428099020572,-0.1317297251162135
lever4_features_shuffled_target,Physical,0,3,411,46,78,19,15.219801900979746,17.963477899874654,-0.2554741305081887,-0.10204754019280414
lever4_features_shuffled_target,Morgan+Physical,0,3,411,46,78,19,15.454375371385659,18.018315489855972,-0.2631510694387793,-0.22697846818641887
lever4_features_shuffled_target,Morgan,0,4,383,74,78,19,14.083821229363519,16.94914220348366,-0.14801235181743544,0.154362948509115
lever4_features_shuffled_target,Physical,0,4,383,74,78,19,13.7521576094715,15.765991181798018,0.006669724251785358,0.018775071847300925
lever4_features_shuffled_target,Morgan+Physical,0,4,383,74,78,19,13.82052362668424,16.051821839206863,-0.029674068514751184,0.05765940935655503
lever4_features_shuffled_target,Morgan,1,0,355,102,77,20,12.82730971295226,16.843254060813667,-0.038689385601958115,0.12816139558952414
lever4_features_shuffled_target,Physical,1,0,355,102,77,20,12.184061648200544,16.145764302695913,0.045554991220345564,0.22691010402807435
lever4_features_shuffled_target,Morgan+Physical,1,0,355,102,77,20,12.431249519946531,16.37380537647322,0.01840363285720714,0.1774003803417286
lever4_features_shuffled_target,Morgan,1,1,379,78,77,20,14.970333600479517,24.363060235129133,-0.06730433648820133,0.07744156330177866
lever4_features_shuffled_target,Physical,1,1,379,78,77,20,16.037412258950262,24.008051661820048,-0.03642631196280943,-0.14103849360606197
lever4_features_shuffled_target,Morgan+Physical,1,1,379,78,77,20,15.291846008613785,23.987150109938312,-0.03462245976325251,-0.0632556249410614
lever4_features_shuffled_target,Morgan,1,2,365,92,78,19,14.065768244220902,19.110374524061967,-0.06048435887778325,0.024586939575603338
lever4_features_shuffled_target,Physical,1,2,365,92,78,19,14.197311555464372,18.643100761476727,-0.009257915721552878,0.0717831687946649
lever4_features_shuffled_target,Morgan+Physical,1,2,365,92,78,19,14.067409056638636,18.576146586423587,-0.002021706409705226,0.07592286862275004
lever4_features_shuffled_target,Morgan,1,3,346,111,78,19,12.409657480353278,16.182494655115022,-0.07257511968367103,0.12096484175008426
lever4_features_shuffled_target,Physical,1,3,346,111,78,19,13.28665127586846,17.461049445161663,-0.24875562727949418,-0.2102281227476852
lever4_features_shuffled_target,Morgan+Physical,1,3,346,111,78,19,12.68440927003053,16.55557084879385,-0.12260014585748613,-0.14599657047002682
lever4_features_shuffled_target,Morgan,1,4,383,74,78,19,13.762725192586538,17.817465526664265,-0.12345939005489548,0.10391654969730564
lever4_features_shuffled_target,Physical,1,4,383,74,78,19,12.989872078741952,16.33436743122874,0.05578658767089495,0.17661337276357103
lever4_features_shuffled_target,Morgan+Physical,1,4,383,74,78,19,13.176675427077011,16.64127094811943,0.019971946761249915,0.19387365360051542
lever4_features_shuffled_target,Morgan,2,0,383,74,77,20,12.659998581674937,16.143707125916563,-0.03805772943552754,-0.009573647720938477
lever4_features_shuffled_target,Physical,2,0,383,74,77,20,12.806071927168563,16.482995893701666,-0.0821495101322256,0.03040276490084478
lever4_features_shuffled_target,Morgan+Physical,2,0,383,74,77,20,12.697302546444455,16.167926742419116,-0.04117476062253278,0.007604397071737383
lever4_features_shuffled_target,Morgan,2,1,341,116,77,20,14.380238927788568,19.412888684428168,-0.1245197719324398,-0.0768934944174677
lever4_features_shuffled_target,Physical,2,1,341,116,77,20,14.216302148042875,19.240699857514734,-0.10465966630480694,0.03416682529754415
lever4_features_shuffled_target,Morgan+Physical,2,1,341,116,77,20,14.205517049144875,19.198477766005187,-0.09981682098747502,-0.04208587959241615
lever4_features_shuffled_target,Morgan,2,2,380,77,78,19,11.935337248146752,14.476147270355662,0.018201959714478688,0.19704643806324973
lever4_features_shuffled_target,Physical,2,2,380,77,78,19,12.611405806282342,15.333928653576256,-0.10159777987795038,-0.064501049787233
lever4_features_shuffled_target,Morgan+Physical,2,2,380,77,78,19,12.1359561307595,14.659554376953535,-0.006833629462618562,0.06497604984703466
lever4_features_shuffled_target,Morgan,2,3,358,99,78,19,15.322399598031092,22.799532006805965,-0.1639394976241193,-0.17906194799690697
lever4_features_shuffled_target,Physical,2,3,358,99,78,19,14.021724152474453,20.93548725746367,0.01860308768679919,0.10809079014727178
lever4_features_shuffled_target,Morgan+Physical,2,3,358,99,78,19,14.49722091221665,21.56242582439339,-0.04105524774148228,-0.040837463394893296
lever4_features_shuffled_target,Morgan,2,4,366,91,78,19,14.229307030579285,20.07026954069761,-0.09256169815469328,0.22800184816435423
lever4_features_shuffled_target,Physical,2,4,366,91,78,19,14.345523669584507,19.16413344324496,0.0038656095965446946,0.09741212077224747
lever4_features_shuffled_target,Morgan+Physical,2,4,366,91,78,19,14.172239221526764,19.148960103674835,0.005442378181229945,0.15531705937220633
lever4_features_shuffled_target,Morgan,3,0,348,109,77,20,12.266126903036977,17.53774374171117,-0.04756572175837226,0.05336398679690313
lever4_features_shuffled_target,Physical,3,0,348,109,77,20,12.684087953647998,17.392174338347875,-0.030247571306549315,-0.00910271448194892
lever4_features_shuffled_target,Morgan+Physical,3,0,348,109,77,20,12.223352257432852,17.262724429879686,-0.014968385178688592,0.053974070839286084
lever4_features_shuffled_target,Morgan,3,1,417,40,77,20,14.216077269775392,17.7970693400792,-0.7304720527525184,0.07924528442619688
lever4_features_shuffled_target,Physical,3,1,417,40,77,20,13.0574921190567,15.777989283290745,-0.3601002431178173,-0.09534087271290537
lever4_features_shuffled_target,Morgan+Physical,3,1,417,40,77,20,13.432520483238221,16.077153344639292,-0.41216652665865605,-0.10913527063494975
lever4_features_shuffled_target,Morgan,3,2,295,162,78,19,14.231738500053499,21.707909236148076,-0.028043687496293934,0.033353846340534773
lever4_features_shuffled_target,Physical,3,2,295,162,78,19,15.12218762626177,21.715657195647857,-0.028777674564316236,-0.11413088856935118
lever4_features_shuffled_target,Morgan+Physical,3,2,295,162,78,19,14.549136515299478,21.471403334554598,-0.005764811162470185,-0.07135388923262492
lever4_features_shuffled_target,Morgan,3,3,366,91,78,19,14.419340021657417,18.178890793487373,-0.07398214884434018,-0.05785822045434218
lever4_features_shuffled_target,Physical,3,3,366,91,78,19,13.736903738420086,17.085654918732498,0.05130729159946279,0.1381875791788706
lever4_features_shuffled_target,Morgan+Physical,3,3,366,91,78,19,14.045135686182716,17.46791178378454,0.008382274373278542,0.10606205601239535
lever4_features_shuffled_target,Morgan,3,4,402,55,78,19,12.320318538735128,14.499004614061974,-0.126808737055359,0.01946272955416971
lever4_features_shuffled_target,Physical,3,4,402,55,78,19,11.90554394642223,13.821741491057978,-0.02399859739344512,0.10024659985994015
lever4_features_shuffled_target,Morgan+Physical,3,4,402,55,78,19,12.055747210138493,13.947039429861508,-0.042648414216447605,0.10770176215999347
lever4_features_shuffled_target,Morgan,4,0,398,59,77,20,12.821724961077159,16.826906667198696,-0.05686988240291391,0.26918722219889774
lever4_features_shuffled_target,Physical,4,0,398,59,77,20,14.319242544762565,18.67178864987479,-0.30132207192020566,-0.13666632182257502
lever4_features_shuffled_target,Morgan+Physical,4,0,398,59,77,20,13.080969854555292,17.166126182143437,-0.09991101520570833,0.019632761283938736
lever4_features_shuffled_target,Morgan,4,1,340,117,77,20,14.29668048892551,22.049425044956457,-0.04656547577455372,-0.17529776469632624
lever4_features_shuffled_target,Physical,4,1,340,117,77,20,14.658233292747564,21.62328817325771,-0.006503611760158012,-0.09478262499753494
lever4_features_shuffled_target,Morgan+Physical,4,1,340,117,77,20,14.404085197461775,21.73451965366537,-0.01688527408370666,-0.13817482092551192
lever4_features_shuffled_target,Morgan,4,2,346,111,78,19,13.006109141114383,16.117083866759327,-0.13216274187569876,-0.09522867784998182
lever4_features_shuffled_target,Physical,4,2,346,111,78,19,13.482274633541625,16.6040017167837,-0.20160427915160262,-0.05501292580131637
lever4_features_shuffled_target,Morgan+Physical,4,2,346,111,78,19,13.121398110274583,16.192181524151945,-0.14273796162159869,-0.060456009456164125
lever4_features_shuffled_target,Morgan,4,3,384,73,78,19,13.444081091538521,19.484197779930287,-0.12989661063897096,-0.07613603363396182
lever4_features_shuffled_target,Physical,4,3,384,73,78,19,13.829936763460342,18.554043552852317,-0.024591598940218784,0.1899591647308101
lever4_features_shuffled_target,Morgan+Physical,4,3,384,73,78,19,12.852244469796794,18.475129372048666,-0.015894534027177665,0.06303906287504434
lever4_features_shuffled_target,Morgan,4,4,360,97,78,19,14.547643958004038,19.328312598969354,-0.10117297392365643,0.08401138269446055
lever4_features_shuffled_target,Physical,4,4,360,97,78,19,15.126454076374486,19.060872842058984,-0.07091063239907425,0.1636316037156095
lever4_features_shuffled_target,Morgan+Physical,4,4,360,97,78,19,14.613673524660719,18.402000085460738,0.0018456151379103725,0.15492059902102362
lever4_features_shuffled_target,Morgan,5,0,394,63,77,20,12.56885984591045,14.811352332777075,0.01729607803995259,0.21766050106967003
lever4_features_shuffled_target,Physical,5,0,394,63,77,20,12.393475206109908,15.227402511799648,-0.03868753236972955,0.0714193526132442
lever4_features_shuffled_target,Morgan+Physical,5,0,394,63,77,20,12.423387501012408,14.76992033603838,0.022786250432855426,0.166516819435192
lever4_features_shuffled_target,Morgan,5,1,376,81,77,20,12.866503251516086,15.05344078848683,-0.261859844755463,-0.06310276764766048
lever4_features_shuffled_target,Physical,5,1,376,81,77,20,12.572409307107808,14.608961756212125,-0.18844275486711282,0.007423855838659594
lever4_features_shuffled_target,Morgan+Physical,5,1,376,81,77,20,12.633774202963746,14.676601451229054,-0.1994732443373468,-0.08321282314278047
lever4_features_shuffled_target,Morgan,5,2,346,111,78,19,13.409652857283858,18.956008957482947,-0.12118961932116368,-0.08884577948329338
lever4_features_shuffled_target,Physical,5,2,346,111,78,19,14.689951511651117,19.138502287146846,-0.14288137272689383,-0.052943796732377424
lever4_features_shuffled_target,Morgan+Physical,5,2,346,111,78,19,13.892097738345036,18.648088591944376,-0.0850603779996979,-0.0972622893696986
lever4_features_shuffled_target,Morgan,5,3,329,128,78,19,14.556335763978957,23.05252332913296,-0.037322247158917854,-0.04238440310059376
lever4_features_shuffled_target,Physical,5,3,329,128,78,19,14.400953064012526,22.29363409337985,0.029850890690081622,0.029043650332781605
lever4_features_shuffled_target,Morgan+Physical,5,3,329,128,78,19,14.406187080788612,22.57085681671706,0.0055731470381916726,0.0060658881346246285
lever4_features_shuffled_target,Morgan,5,4,383,74,78,19,15.07012331318211,19.77235774103839,-0.3096906195654119,-0.1782579530283045
lever4_features_shuffled_target,Physical,5,4,383,74,78,19,13.324188606159106,17.324555454444315,-0.005485927853941419,-0.026658184158006932
lever4_features_shuffled_target,Morgan+Physical,5,4,383,74,78,19,14.052708991798196,18.03829648648573,-0.09004101570122724,-0.0585946294729941
lever4_features_shuffled_target,Morgan,6,0,414,43,77,20,13.39374419626635,15.614479639754204,-0.13575519198039587,-0.19401767595006533
lever4_features_shuffled_target,Physical,6,0,414,43,77,20,13.560957897913735,16.028325169340928,-0.19675703268874933,-0.16566497626126625
lever4_features_shuffled_target,Morgan+Physical,6,0,414,43,77,20,13.409018872212258,15.727025496828023,-0.15218676197921632,-0.1378399140685935
lever4_features_shuffled_target,Morgan,6,1,397,60,77,20,15.005006424153645,19.004582522058886,-0.07479750291282516,0.09455435544230816
lever4_features_shuffled_target,Physical,6,1,397,60,77,20,14.233320905253095,17.962910088213818,0.03979630399580325,0.07765806324354035
lever4_features_shuffled_target,Morgan+Physical,6,1,397,60,77,20,14.520164136454264,18.22611818269036,0.011450672028977982,0.19642594649924136
lever4_features_shuffled_target,Morgan,6,2,331,126,78,19,12.061833367653497,14.629290862081564,-0.055964100004641804,0.25459322610355756
lever4_features_shuffled_target,Physical,6,2,331,126,78,19,12.628459309096563,15.4031465017822,-0.1706349775655127,0.05082293282050864
lever4_features_shuffled_target,Morgan+Physical,6,2,331,126,78,19,12.210371088227772,14.621725479044402,-0.05487222107344558,0.11096423088829828
lever4_features_shuffled_target,Morgan,6,3,333,124,78,19,13.353125775626395,21.958083558338334,-0.03569237189124497,-0.0026438922943129205
lever4_features_shuffled_target,Physical,6,3,333,124,78,19,14.296411575514268,21.135891746299432,0.04041585718811891,0.0713938811363673
lever4_features_shuffled_target,Morgan+Physical,6,3,333,124,78,19,13.576438368286622,21.323526143966795,0.023302768384356742,0.045259960159620416
lever4_features_shuffled_target,Morgan,6,4,353,104,78,19,13.61488427575625,19.65096939618595,-0.023043912218705165,0.176798015245421
lever4_features_shuffled_target,Physical,6,4,353,104,78,19,15.544583305678735,20.3344581283177,-0.09544738876632852,-0.08908968272934491
lever4_features_shuffled_target,Morgan+Physical,6,4,353,104,78,19,14.508842504674472,19.65838554525494,-0.02381623827095014,-0.028333826058735138
lever4_features_shuffled_target,Morgan,7,0,343,114,77,20,13.017717927738659,16.393998541689474,-0.08337328116183018,-0.06415944615909575
lever4_features_shuffled_target,Physical,7,0,343,114,77,20,12.630247416820861,16.01213529376805,-0.033491331508335165,-0.026315049923084328
lever4_features_shuffled_target,Morgan+Physical,7,0,343,114,77,20,12.661747370843722,15.896322576877559,-0.01859530619555061,-0.006900480938629353
lever4_features_shuffled_target,Morgan,7,1,380,77,77,20,15.965221018605414,21.958479753428477,-0.07801827774228398,0.000525134530528013
lever4_features_shuffled_target,Physical,7,1,380,77,77,20,14.975836222661005,21.078003209310904,0.006699810914437276,0.1368716438653073
lever4_features_shuffled_target,Morgan+Physical,7,1,380,77,77,20,15.302503951233705,21.263800374893332,-0.010888738494698957,0.09250080354894483
lever4_features_shuffled_target,Morgan,7,2,377,80,78,19,12.575155459804535,14.81176934156126,-0.11339421875348688,-0.030103877662087646
lever4_features_shuffled_target,Physical,7,2,377,80,78,19,12.966208348102569,15.177222543003586,-0.16901392857216946,-0.06731176840375871
lever4_features_shuffled_target,Morgan+Physical,7,2,377,80,78,19,12.59280644256592,14.764815492601354,-0.10634640684592633,-0.07992026309517544
lever4_features_shuffled_target,Morgan,7,3,379,78,78,19,11.856662398779454,17.202764823842614,-0.113497464904184,-0.01764298748653075
lever4_features_shuffled_target,Physical,7,3,379,78,78,19,12.381980451120231,16.948869311192958,-0.08087180966196672,0.04195805043239216
lever4_features_shuffled_target,Morgan+Physical,7,3,379,78,78,19,11.922274271330224,16.8239497339693,-0.06499765720500084,-0.0063348554172670555
lever4_features_shuffled_target,Morgan,7,4,349,108,78,19,13.83091486118458,22.17153964455941,-0.011339935948937896,0.2141432024952392
lever4_features_shuffled_target,Physical,7,4,349,108,78,19,16.24908695538839,23.073170148680667,-0.09526696605942608,-0.09513113682036278
lever4_features_shuffled_target,Morgan+Physical,7,4,349,108,78,19,14.701340814519813,22.216753684819412,-0.015468958129395194,-0.04801789184331296
lever4_features_shuffled_target,Morgan,8,0,321,136,77,20,12.33930597784379,17.162159951981884,-0.03275214336214671,0.05286990853854511
lever4_features_shuffled_target,Physical,8,0,321,136,77,20,13.081039656493244,17.967300964452257,-0.13192564533218754,-0.06250489267552316
lever4_features_shuffled_target,Morgan+Physical,8,0,321,136,77,20,12.619875300934737,17.460724801317763,-0.0689976471504079,0.001385703066449843
lever4_features_shuffled_target,Morgan,8,1,375,82,77,20,11.913190724554296,15.098185154633283,-0.049603611628251,0.03131014875122778
lever4_features_shuffled_target,Physical,8,1,375,82,77,20,12.254944440162474,15.696930922688974,-0.1345021326609257,-0.03470075970496773
lever4_features_shuffled_target,Morgan+Physical,8,1,375,82,77,20,11.569061341188013,14.7406977806381,-0.0004880526860402412,0.10576974652534918
lever4_features_shuffled_target,Morgan,8,2,377,80,78,19,15.104793043838502,23.3906226487255,-0.03105403415177954,-0.12235562624685954
lever4_features_shuffled_target,Physical,8,2,377,80,78,19,15.500679577575685,22.60902052998533,0.03670045126734689,0.06103456359908016
lever4_features_shuffled_target,Morgan+Physical,8,2,377,80,78,19,15.258251465545655,22.873929924943162,0.013994283072871427,0.013761544543694102
lever4_features_shuffled_target,Morgan,8,3,406,51,78,19,15.41159630961699,20.280614923535126,-0.19279625316962234,-0.0871302339265349
lever4_features_shuffled_target,Physical,8,3,406,51,78,19,15.089852979353363,18.76228160320362,-0.020881487000835364,-0.04941709669872094
lever4_features_shuffled_target,Morgan+Physical,8,3,406,51,78,19,14.94025764094334,19.0145899117318,-0.04852298461562188,0.11026600000891877
lever4_features_shuffled_target,Morgan,8,4,349,108,78,19,13.746006147624827,18.501635999959774,-0.015461304498926243,0.11574338650884913
lever4_features_shuffled_target,Physical,8,4,349,108,78,19,14.66521393093533,19.19550828703638,-0.09305583470299417,0.04403596461797693
lever4_features_shuffled_target,Morgan+Physical,8,4,349,108,78,19,14.130291637872766,18.59693699163941,-0.025949426687772892,0.0807608468127947
lever4_features_shuffled_target,Morgan,9,0,389,68,77,20,13.352984682105571,15.271804083763428,-0.08287456817879191,0.11227642136663739
lever4_features_shuffled_target,Physical,9,0,389,68,77,20,12.805905306333655,14.926275150783272,-0.034428202216193915,0.1356616149171094
lever4_features_shuffled_target,Morgan+Physical,9,0,389,68,77,20,12.860870250387753,14.864353510270707,-0.025863355635336926,0.17149603612845815
lever4_features_shuffled_target,Morgan,9,1,351,106,77,20,14.58078210571577,20.33478230476243,-0.09929706935699789,-0.07794907187171586
lever4_features_shuffled_target,Physical,9,1,351,106,77,20,14.550464370439638,20.08102446000372,-0.0720319913306049,-0.0792876332178937
lever4_features_shuffled_target,Morgan+Physical,9,1,351,106,77,20,14.429538841895338,19.996112535755806,-0.06298505805316101,-0.0941092156416083
lever4_features_shuffled_target,Morgan,9,2,359,98,78,19,14.20013954101874,23.709990739463713,-0.007601885025653843,0.10402928638327245
lever4_features_shuffled_target,Physical,9,2,359,98,78,19,14.61214857554533,22.827383079672373,0.06601810706950173,0.16515099381046586
lever4_features_shuffled_target,Morgan+Physical,9,2,359,98,78,19,14.201363543078363,23.144241710088107,0.03990962657712205,0.15144663422316618
lever4_features_shuffled_target,Morgan,9,3,366,91,78,19,11.835763250376942,15.32663557614198,-0.0805186162513487,0.057482186970368644
lever4_features_shuffled_target,Physical,9,3,366,91,78,19,12.61097288140601,15.254051285612475,-0.07030855227967803,-0.05917390764327347
lever4_features_shuffled_target,Morgan+Physical,9,3,366,91,78,19,12.008459344680285,14.93160416266233,-0.025537458136379865,0.03860902035500721
lever4_features_shuffled_target,Morgan,9,4,363,94,78,19,13.550795696875387,16.346850783847035,-0.041521024457806366,0.18387237054676617
lever4_features_shuffled_target,Physical,9,4,363,94,78,19,12.430578671767863,15.869769260676454,0.0183852644725917,0.12859385905165033
lever4_features_shuffled_target,Morgan+Physical,9,4,363,94,78,19,12.882462480877814,15.929316993970062,0.011004867538596974,0.07862471336928492
no_information_floor,Morgan+Physical,0,0,328,129,77,20,13.189227358668935,18.145798734427718,-0.003777672487803141,nan
no_information_floor,Morgan+Physical,0,1,321,136,77,20,13.945906443100604,20.850050469744545,-0.001267445493470909,nan
no_information_floor,Morgan+Physical,0,2,385,72,78,19,12.13059151226551,17.228669741625787,-0.00262398863947344,nan
no_information_floor,Morgan+Physical,0,3,411,46,78,19,14.206023633767057,16.032272927365188,-3.941036166255074e-05,nan
no_information_floor,Morgan+Physical,0,4,383,74,78,19,13.212559146849198,15.945974396651794,-0.016139277587046363,nan
no_information_floor,Morgan+Physical,1,0,355,102,77,20,13.002812189450431,16.75900626979543,-0.028324590785119064,nan
no_information_floor,Morgan+Physical,1,1,379,78,77,20,15.111780686015836,24.20410838466315,-0.05342294604391129,nan
no_information_floor,Morgan+Physical,1,2,365,92,78,19,14.119818645026802,18.56459292777373,-0.0007756550320330291,nan
no_information_floor,Morgan+Physical,1,3,346,111,78,19,12.308571195646515,15.765882152731638,-0.018059886911317324,nan
no_information_floor,Morgan+Physical,1,4,383,74,78,19,13.281309898384023,16.862205451451448,-0.006223085751330348,nan
no_information_floor,Morgan+Physical,2,0,383,74,77,20,12.856661955401881,16.152646183720044,-0.039207629767526786,nan
no_information_floor,Morgan+Physical,2,1,341,116,77,20,13.70035254019618,18.725580152074734,-0.04630266364512625,nan
no_information_floor,Morgan+Physical,2,2,380,77,78,19,12.211875550239235,14.68322386806037,-0.010087545390351282,nan
no_information_floor,Morgan+Physical,2,3,358,99,78,19,13.868609636589358,21.16743546377808,-0.003263539683518335,nan
no_information_floor,Morgan+Physical,2,4,366,91,78,19,14.037432964630998,19.209598914565074,-0.0008665055211067862,nan
no_information_floor,Morgan+Physical,3,0,348,109,77,20,12.54707442159654,17.253059376848043,-0.01383218246927087,nan
no_information_floor,Morgan+Physical,3,1,417,40,77,20,11.91416581294964,13.874647283046208,-0.05174754663294534,nan
no_information_floor,Morgan+Physical,3,2,295,162,78,19,13.917958285415358,21.533094407345338,-0.011552588020611099,nan
no_information_floor,Morgan+Physical,3,3,366,91,78,19,14.47010633579535,17.678784764706347,-0.01570389580483167,nan
no_information_floor,Morgan+Physical,3,4,402,55,78,19,12.187223375848035,13.942491764514575,-0.04196857918126029,nan
no_information_floor,Morgan+Physical,4,0,398,59,77,20,12.908945192062005,16.369973275592,-0.00025076247567490384,nan
no_information_floor,Morgan+Physical,4,1,340,117,77,20,14.263850194067372,21.556677599767493,-0.0003120910234997165,nan
no_information_floor,Morgan+Physical,4,2,346,111,78,19,12.48854190959746,15.22736515436433,-0.01061432915473759,nan
no_information_floor,Morgan+Physical,4,3,384,73,78,19,12.967011619577626,18.414604385522317,-0.00924924508038294,nan
no_information_floor,Morgan+Physical,4,4,360,97,78,19,13.92893082760596,18.419052448190747,-5.137696059476227e-06,nan
no_information_floor,Morgan+Physical,5,0,394,63,77,20,13.167707844653934,15.079993278755872,-0.018674791578760397,nan
no_information_floor,Morgan+Physical,5,1,376,81,77,20,12.451342545967954,13.930831364336402,-0.08067133804285165,nan
no_information_floor,Morgan+Physical,5,2,346,111,78,19,13.041508171119098,17.92663346956979,-0.0027270608005924846,nan
no_information_floor,Morgan+Physical,5,3,329,128,78,19,14.204246807085866,22.668905127071543,-0.0030852436168891106,nan
no_information_floor,Morgan+Physical,5,4,383,74,78,19,13.626550482675889,17.493685559220832,-0.02521376812556575,nan
no_information_floor,Morgan+Physical,6,0,414,43,77,20,12.82977400292102,14.656396238008384,-0.0006543663829363666,nan
no_information_floor,Morgan+Physical,6,1,397,60,77,20,15.060647659109994,18.764770389207545,-0.04784366098556703,nan
no_information_floor,Morgan+Physical,6,2,331,126,78,19,12.220717184577762,14.61082749372903,-0.05330035490058371,nan
no_information_floor,Morgan+Physical,6,3,333,124,78,19,13.530860321127578,21.578605368412504,-0.00020415914920213218,nan
no_information_floor,Morgan+Physical,6,4,353,104,78,19,14.176357088690347,19.437769326941645,-0.0009656282207062272,nan
no_information_floor,Morgan+Physical,7,0,343,114,77,20,12.5867585586415,15.7621015804961,-0.0014668552512981936,nan
no_information_floor,Morgan+Physical,7,1,380,77,77,20,15.506069084757351,21.343024357646286,-0.01843544441428069,nan
no_information_floor,Morgan+Physical,7,2,377,80,78,19,12.718551418435014,14.457634959844299,-0.0607904260173624,nan
no_information_floor,Morgan+Physical,7,3,379,78,78,19,11.76485681347676,16.49554592437298,-0.023825906571647737,nan
no_information_floor,Morgan+Physical,7,4,349,108,78,19,14.38231623474477,22.127581897276638,-0.0073337048866566334,nan
no_information_floor,Morgan+Physical,8,0,321,136,77,20,12.61192314870808,16.902810417778124,-0.0017746906822011521,nan
no_information_floor,Morgan+Physical,8,1,375,82,77,20,11.840520704390244,14.737468542763184,-4.974778694344373e-05,nan
no_information_floor,Morgan+Physical,8,2,377,80,78,19,14.95612518766578,23.142234833561943,-0.00927252984907323,nan
no_information_floor,Morgan+Physical,8,3,406,51,78,19,14.644332461122382,18.59635928422699,-0.0029052036385628366,nan
no_information_floor,Morgan+Physical,8,4,349,108,78,19,13.756230625066328,18.362967973199186,-0.00029677213843926076,nan
no_information_floor,Morgan+Physical,9,0,389,68,77,20,12.511690866475123,14.738318820376216,-0.008540540076270586,nan
no_information_floor,Morgan+Physical,9,1,351,106,77,20,14.166521879804336,19.449540375745247,-0.005668160984636517,nan
no_information_floor,Morgan+Physical,9,2,359,98,78,19,14.477803726905805,23.62358485585981,-0.0002712967014544265,nan
no_information_floor,Morgan+Physical,9,3,366,91,78,19,11.866763876778958,14.744692081224285,-2.3040337131963184e-05,nan
no_information_floor,Morgan+Physical,9,4,363,94,78,19,13.357872767715849,16.049569034601177,-0.0039835447434388715,nan
no_information_floor_real_labels,Morgan+Physical,0,0,328,129,77,20,15.018556435526563,17.981824488904355,-0.8534256248994327,nan
no_information_floor_real_labels,Morgan+Physical,0,1,321,136,77,20,15.35463141973612,18.62009170104264,-0.4894779642098488,nan
no_information_floor_real_labels,Morgan+Physical,0,2,385,72,78,19,11.455430492063492,12.039248127293872,-0.7920547918089911,nan
no_information_floor_real_labels,Morgan+Physical,0,3,411,46,78,19,14.086409694276945,27.325204038778505,-0.0024809324889623063,nan
no_information_floor_real_labels,Morgan+Physical,0,4,383,74,78,19,16.16624524874744,23.05331977488437,-0.1002987135162201,nan
no_information_floor_real_labels,Morgan+Physical,1,0,355,102,77,20,13.562477591273128,14.688025844225916,-1.0747332702102965,nan
no_information_floor_real_labels,Morgan+Physical,1,1,379,78,77,20,12.318268010283473,24.77543843032655,-0.003665495676375974,nan
no_information_floor_real_labels,Morgan+Physical,1,2,365,92,78,19,16.77615886956522,18.987326656564548,-0.2628674980676273,nan
no_information_floor_real_labels,Morgan+Physical,1,3,346,111,78,19,13.70993762276728,19.219192051935494,-0.000466970586494142,nan
no_information_floor_real_labels,Morgan+Physical,1,4,383,74,78,19,12.291644653164912,15.181154434079318,-0.14282306511242826,nan
no_information_floor_real_labels,Morgan+Physical,2,0,383,74,77,20,18.39618276197869,23.96372740732386,-0.17458926873227765,nan
no_information_floor_real_labels,Morgan+Physical,2,1,341,116,77,20,14.133869410456061,15.433929377694016,-2.2027641529336477,nan
no_information_floor_real_labels,Morgan+Physical,2,2,380,77,78,19,13.793657542720435,25.51953319624981,-0.17290701696455724,nan
no_information_floor_real_labels,Morgan+Physical,2,3,358,99,78,19,12.345891799559842,14.370440896938298,-1.893115432209791,nan
no_information_floor_real_labels,Morgan+Physical,2,4,366,91,78,19,16.831432602534072,19.455831235035703,-0.4827983073748263,nan
no_information_floor_real_labels,Morgan+Physical,3,0,348,109,77,20,13.287000698618579,19.921245727581734,-0.000674848668488659,nan
no_information_floor_real_labels,Morgan+Physical,3,1,417,40,77,20,16.913198556354917,25.189571420612374,-0.05139142433022692,nan
no_information_floor_real_labels,Morgan+Physical,3,2,295,162,78,19,11.746314016321408,14.553426485158878,-0.0005834584420927325,nan
no_information_floor_real_labels,Morgan+Physical,3,3,366,91,78,19,16.511260832282474,21.699287245918363,-0.0032209930069262427,nan
no_information_floor_real_labels,Morgan+Physical,3,4,402,55,78,19,10.791135253731342,12.113611688718157,-0.1221322871226258,nan
no_information_floor_real_labels,Morgan+Physical,4,0,398,59,77,20,9.154664761945323,22.588665860821077,-0.0028648881087107725,nan
no_information_floor_real_labels,Morgan+Physical,4,1,340,117,77,20,13.075013846153848,14.502117692836874,-1.201496762329529,nan
no_information_floor_real_labels,Morgan+Physical,4,2,346,111,78,19,16.777544778940793,21.07712301255561,-0.10056930290385946,nan
no_information_floor_real_labels,Morgan+Physical,4,3,384,73,78,19,14.005005966752282,19.67738662907032,-0.09465546007778025,nan
no_information_floor_real_labels,Morgan+Physical,4,4,360,97,78,19,15.15720320332188,18.377788622852385,-0.3182914095143228,nan
no_information_floor_real_labels,Morgan+Physical,5,0,394,63,77,20,9.319280490693739,17.176984752000287,-0.003051115047773445,nan
no_information_floor_real_labels,Morgan+Physical,5,1,376,81,77,20,14.984482092198581,16.778488724279978,-0.018436328742106767,nan
no_information_floor_real_labels,Morgan+Physical,5,2,346,111,78,19,18.176202275165338,23.919058585835625,-0.0326460122067469,nan
no_information_floor_real_labels,Morgan+Physical,5,3,329,128,78,19,9.193235669642858,10.737741057436946,-0.01303668522701118,nan
no_information_floor_real_labels,Morgan+Physical,5,4,383,74,78,19,15.37125954696211,21.733289728973386,-0.011901287595315724,nan
no_information_floor_real_labels,Morgan+Physical,6,0,414,43,77,20,13.347961084147848,21.746995913026772,-0.022663611257179417,nan
no_information_floor_real_labels,Morgan+Physical,6,1,397,60,77,20,17.681295736356002,25.465611328687007,-0.04989154663345907,nan
no_information_floor_real_labels,Morgan+Physical,6,2,331,126,78,19,14.81537049201554,16.5445235327764,-1.590596207990492,nan
no_information_floor_real_labels,Morgan+Physical,6,3,333,124,78,19,11.072021089799478,12.040300898870276,-0.015068150581596607,nan
no_information_floor_real_labels,Morgan+Physical,6,4,353,104,78,19,16.03150115602528,23.548676089188195,-0.29271108264621626,nan
no_information_floor_real_labels,Morgan+Physical,7,0,343,114,77,20,12.350415094880056,14.042936929714422,-0.14304421594716055,nan
no_information_floor_real_labels,Morgan+Physical,7,1,380,77,77,20,19.968211021872868,24.430770163894117,-0.3822693036904745,nan
no_information_floor_real_labels,Morgan+Physical,7,2,377,80,78,19,14.474930637267903,15.816566549454608,-1.0024048648994324,nan
no_information_floor_real_labels,Morgan+Physical,7,3,379,78,78,19,12.923010429605577,21.68507619711339,-0.11280792240882653,nan
no_information_floor_real_labels,Morgan+Physical,7,4,349,108,78,19,12.54258089886448,19.690815014896206,-0.3075361534143233,nan
no_information_floor_real_labels,Morgan+Physical,8,0,321,136,77,20,13.565431119662819,18.948421808208007,-0.034513166753693314,nan
no_information_floor_real_labels,Morgan+Physical,8,1,375,82,77,20,13.010868617886176,15.42556816876023,-0.015937087408492978,nan
no_information_floor_real_labels,Morgan+Physical,8,2,377,80,78,19,11.457855618700266,13.369328171735237,-0.7895187093369274,nan
no_information_floor_real_labels,Morgan+Physical,8,3,406,51,78,19,18.2255530831643,30.01715566895229,-0.17827519558027016,nan
no_information_floor_real_labels,Morgan+Physical,8,4,349,108,78,19,13.541787037037041,16.935333211779657,-0.1592153775966323,nan
no_information_floor_real_labels,Morgan+Physical,9,0,389,68,77,20,12.6786163269318,19.556308200388546,-0.01560779211974972,nan
no_information_floor_real_labels,Morgan+Physical,9,1,351,106,77,20,14.304660683760682,17.662953399685023,-0.4811659482633863,nan
no_information_floor_real_labels,Morgan+Physical,9,2,359,98,78,19,11.101832393837755,19.051833167488283,-0.07386098210358982,nan
no_information_floor_real_labels,Morgan+Physical,9,3,366,91,78,19,11.644725700474387,12.920604251609554,-0.0031320146638191826,nan
no_information_floor_real_labels,Morgan+Physical,9,4,363,94,78,19,19.190721530390952,23.228541958739648,-0.09988557127940823,nan
