protocol,representation,repeat,fold,train_rows,test_rows,train_compounds,test_compounds,extra_columns,mae,rmse,r2,spearman
room_baseline,Morgan,0,0,328,129,77,20,0,15.80106188420732,19.79736735084448,-1.2465833595490716,-0.2692634868251015
room_baseline,Physical,0,0,328,129,77,20,0,18.707810244005778,22.068834615700332,-1.7916852659006017,0.5341175799905006
room_baseline,Morgan+Physical,0,0,328,129,77,20,0,8.309259865930837,9.80603209563924,0.44881895349169376,0.5057784148328935
room_baseline,Morgan,0,1,321,136,77,20,0,13.270327840625537,17.482831436499804,-0.31308848270569967,-0.022933490707184263
room_baseline,Physical,0,1,321,136,77,20,0,3.428869516310972,5.53189024207353,0.8685327553259132,0.8481192909406743
room_baseline,Morgan+Physical,0,1,321,136,77,20,0,7.839173476376252,10.562870067864445,0.5206703138537356,0.36187862555591604
room_baseline,Morgan,0,2,385,72,78,19,0,6.268117459636264,8.857746930671421,0.02993889940388106,0.0495327547692496
room_baseline,Physical,0,2,385,72,78,19,0,8.945496932856242,12.393051971798998,-0.8989306106858601,0.22511629796957838
room_baseline,Morgan+Physical,0,2,385,72,78,19,0,5.9120675322002825,9.694086800105929,-0.1618936053547555,0.2204951900098126
room_baseline,Morgan,0,3,411,46,78,19,0,9.867929656318998,26.08893468095654,0.08617721016724211,0.5992786766114082
room_baseline,Physical,0,3,411,46,78,19,0,8.52724353242957,24.42468719819851,0.19904647897859884,0.7093651627132864
room_baseline,Morgan+Physical,0,3,411,46,78,19,0,8.169022655818775,24.957106263192273,0.16374688167566387,0.8192838059082257
room_baseline,Morgan,0,4,383,74,78,19,0,16.23708513894571,23.56896636951814,-0.15007120440533428,0.26297376646379506
room_baseline,Physical,0,4,383,74,78,19,0,8.52862388536711,12.198760840372474,0.6919117820505831,0.8885283237138828
room_baseline,Morgan+Physical,0,4,383,74,78,19,0,10.953391586412998,17.163096858912656,0.3901332403782234,0.8242179464778916
room_baseline,Morgan,1,0,355,102,77,20,0,7.422386764436608,9.0745583131983,0.20807070838327002,0.8218613040372529
room_baseline,Physical,1,0,355,102,77,20,0,7.04940995862624,11.172940600748136,-0.20052275194450497,0.45330834802895514
room_baseline,Morgan+Physical,1,0,355,102,77,20,0,5.323196221063651,8.653252333709396,0.2798977770127249,0.8844221581548171
room_baseline,Morgan,1,1,379,78,77,20,0,10.373795394035241,24.03312431702561,0.05557654826417158,0.40165403100884084
room_baseline,Physical,1,1,379,78,77,20,0,6.941951966878452,22.07595653208704,0.20313388925174014,0.9072576085729132
room_baseline,Morgan+Physical,1,1,379,78,77,20,0,8.330839296297905,22.788814896817318,0.1508395106870407,0.8926405144919384
room_baseline,Morgan,1,2,365,92,78,19,0,14.909710118003515,17.71454997500406,-0.09923459961854486,0.8444538729664535
room_baseline,Physical,1,2,365,92,78,19,0,5.952657193681468,7.184900104319601,0.8191695301957583,0.9033169763385194
room_baseline,Morgan+Physical,1,2,365,92,78,19,0,6.146600221302198,7.485837694162419,0.8037042235431462,0.8910273553841033
room_baseline,Morgan,1,3,346,111,78,19,0,10.381847117738465,17.313417386600925,0.18810830258250388,0.772040636346388
room_baseline,Physical,1,3,346,111,78,19,0,12.390877646475436,19.19254141529826,0.00230573652928201,0.857834551477673
room_baseline,Morgan+Physical,1,3,346,111,78,19,0,9.50064488737089,15.602429666865754,0.34064854435863023,0.8601742936215496
room_baseline,Morgan,1,4,383,74,78,19,0,11.551480190586398,15.450778074813183,-0.1837775780761315,0.6054307253727218
room_baseline,Physical,1,4,383,74,78,19,0,17.986117296244647,24.43612783567078,-1.9609711599257271,0.7715392730034066
room_baseline,Morgan+Physical,1,4,383,74,78,19,0,8.056639739887137,11.466379079982838,0.3480384381588497,0.8388769668295742
room_baseline,Morgan,2,0,383,74,77,20,0,17.0548245483151,24.08207313108728,-0.18621941806634967,0.03218028789198679
room_baseline,Physical,2,0,383,74,77,20,0,12.318566374552958,16.161945691322707,0.4657253439628576,0.5604453163651264
room_baseline,Morgan+Physical,2,0,383,74,77,20,0,14.44714931040171,19.95309391764664,0.18567497605988703,0.43272261444424415
room_baseline,Morgan,2,1,341,116,77,20,0,6.299133330141264,7.992154460880511,0.14118488551702402,0.8904115261760212
room_baseline,Physical,2,1,341,116,77,20,0,7.081787087315526,10.811716704867901,-0.571669613704519,0.48270185857859105
room_baseline,Morgan+Physical,2,1,341,116,77,20,0,5.255862817961593,8.095500783212591,0.11883065531420267,0.8434360254481522
room_baseline,Morgan,2,2,380,77,78,19,0,9.717596913622572,23.713034818400796,-0.012727050664265604,0.6241040273746519
room_baseline,Physical,2,2,380,77,78,19,0,8.122421236508853,22.943890392270447,0.051904138113807896,0.7917222422455337
room_baseline,Morgan+Physical,2,2,380,77,78,19,0,8.169152891481078,23.017357738389933,0.04582272791077724,0.7870890362398834
room_baseline,Morgan,2,3,358,99,78,19,0,5.3638431406194504,6.41748197316443,0.42302779635107035,0.689508755078189
room_baseline,Physical,2,3,358,99,78,19,0,4.0920089546434815,7.604578632275814,0.18983050655130274,0.8221678324435785
room_baseline,Morgan+Physical,2,3,358,99,78,19,0,4.124234310311983,6.129200778756852,0.4737001183476688,0.7657110639530829
room_baseline,Morgan,2,4,366,91,78,19,0,15.364694404099014,18.23121267895863,-0.30200788879157603,0.6883674255525745
room_baseline,Physical,2,4,366,91,78,19,0,7.1942846869583965,8.494688593258948,0.7173314922828956,0.9150183847732065
room_baseline,Morgan+Physical,2,4,366,91,78,19,0,6.720492051847687,8.335912811713536,0.7277995568988198,0.9120164691866892
room_baseline,Morgan,3,0,348,109,77,20,0,9.850515186288819,18.62346037511424,0.12545782623629465,0.6104419011502987
room_baseline,Physical,3,0,348,109,77,20,0,6.33476714062822,16.882261648034888,0.28134367387228976,0.8240705581056469
room_baseline,Morgan+Physical,3,0,348,109,77,20,0,7.382438313531436,16.9771623857329,0.2732413583080485,0.799641532919014
room_baseline,Morgan,3,1,417,40,77,20,0,12.151753050231934,23.505476467129622,0.08449442878266733,0.6081145035610794
room_baseline,Physical,3,1,417,40,77,20,0,11.658883573436736,17.199779592082653,0.5098052712018711,0.6949646064590004
room_baseline,Morgan+Physical,3,1,417,40,77,20,0,11.366380926990509,17.99321860611051,0.4635359964598702,0.7709888256813365
room_baseline,Morgan,3,2,295,162,78,19,0,10.85950156441206,13.008316903320488,0.20059838194627222,0.5823115628924441
room_baseline,Physical,3,2,295,162,78,19,0,8.724482455851707,13.980304977004574,0.07667180586555189,0.7464286114446615
room_baseline,Morgan+Physical,3,2,295,162,78,19,0,8.258940378222054,9.702795837841885,0.5552493489777315,0.7715114745236148
room_baseline,Morgan,3,3,366,91,78,19,0,11.824455937027144,18.861687747531708,0.24200424139319576,0.7630677558307558
room_baseline,Physical,3,3,366,91,78,19,0,8.951035437162629,15.392625945399512,0.4951863317808033,0.9282659722429973
room_baseline,Morgan+Physical,3,3,366,91,78,19,0,9.947930633679064,16.184287445187696,0.4419246501328634,0.9112729109891047
room_baseline,Morgan,3,4,402,55,78,19,0,10.476464447515315,15.382098398837563,-0.809372282324345,0.18214316351441348
room_baseline,Physical,3,4,402,55,78,19,0,6.651674338227706,8.37549994800185,0.46356359515819456,0.8940890474516655
room_baseline,Morgan+Physical,3,4,402,55,78,19,0,6.152776605232932,9.560961384937615,0.3009634386546969,0.6609907677791698
room_baseline,Morgan,4,0,398,59,77,20,0,10.275598775443386,21.91928107986351,0.055691551084629975,0.24109108692760567
room_baseline,Physical,4,0,398,59,77,20,0,9.6338510679148,21.66995500197766,0.07705189431622717,0.7635762893376479
room_baseline,Morgan+Physical,4,0,398,59,77,20,0,7.367958848791607,20.76110020778039,0.15284672698561508,0.7777122280480024
room_baseline,Morgan,4,1,340,117,77,20,0,7.534073092740051,11.860218700221338,-0.4724501317174197,0.4417181414495794
room_baseline,Physical,4,1,340,117,77,20,0,4.368143005120693,6.028716956868658,0.6195435164154892,0.6524600224875374
room_baseline,Morgan+Physical,4,1,340,117,77,20,0,5.248253312015371,8.327235673182049,0.27413323425208047,0.5329591929565134
room_baseline,Morgan,4,2,346,111,78,19,0,13.628407963259583,20.004464658648356,0.008600713012182903,0.5976345029663745
room_baseline,Physical,4,2,346,111,78,19,0,22.290187128757786,30.89386425046601,-1.3644993701883092,0.7212588631456919
room_baseline,Morgan+Physical,4,2,346,111,78,19,0,13.483369948117367,19.685150000519208,0.03999788070518251,0.7168053829421622
room_baseline,Morgan,4,3,384,73,78,19,0,6.7408485747245885,15.66387906156617,0.30634862332241797,0.6533266904597351
room_baseline,Physical,4,3,384,73,78,19,0,6.020985156208195,8.533581397247502,0.7941242091207202,0.8329416320338915
room_baseline,Morgan+Physical,4,3,384,73,78,19,0,5.583846388704482,11.023311985278,0.6564683082558735,0.9092831780346011
room_baseline,Morgan,4,4,360,97,78,19,0,13.21303199697278,17.750742231435936,-0.22986644536605394,0.6568263533135187
room_baseline,Physical,4,4,360,97,78,19,0,8.923509608868471,9.764522731354534,0.6278423424696626,0.82975004653168
room_baseline,Morgan+Physical,4,4,360,97,78,19,0,6.88338522889442,7.7816083439547405,0.7636456198969277,0.9064151711915784
room_baseline,Morgan,5,0,394,63,77,20,0,7.254420235648988,16.439888323483142,0.08118742397029144,0.7334547289529771
room_baseline,Physical,5,0,394,63,77,20,0,6.15921705636524,9.493350578018632,0.69361447527967,0.5938887027167242
room_baseline,Morgan+Physical,5,0,394,63,77,20,0,6.175525371430413,12.4927186909845,0.4694294671458614,0.6895904282952904
room_baseline,Morgan,5,1,376,81,77,20,0,9.172393744631167,11.83284381052476,0.4934684910716626,0.8023833752067941
room_baseline,Physical,5,1,376,81,77,20,0,9.665134623690005,15.312702334051366,0.15173434684256193,0.8063537571851271
room_baseline,Morgan+Physical,5,1,376,81,77,20,0,7.098237754878291,10.968299715807344,0.5647820283798219,0.8145519798435091
room_baseline,Morgan,5,2,346,111,78,19,0,15.031620462487023,22.43039536883135,0.09189270466542254,0.47149653428813326
room_baseline,Physical,5,2,346,111,78,19,0,7.9320690605754685,16.499691344581393,0.5086228610872109,0.8993854236832184
room_baseline,Morgan+Physical,5,2,346,111,78,19,0,11.16449009153074,18.970940414208428,0.3504074625179693,0.8163152297440893
room_baseline,Morgan,5,3,329,128,78,19,0,6.0287598174572,8.74038531179953,0.3287868187874422,0.8442322922595502
room_baseline,Physical,5,3,329,128,78,19,0,10.514898349183799,14.48069779833603,-0.8423761371739784,0.9126052215265522
room_baseline,Morgan+Physical,5,3,329,128,78,19,0,3.9969469678282734,4.87998151710268,0.790764354225227,0.9048072888412921
room_baseline,Morgan,5,4,383,74,78,19,0,12.516003713968637,20.629905716388055,0.0882375642346862,0.6334981469037098
room_baseline,Physical,5,4,383,74,78,19,0,8.799968504364426,15.219818981817795,0.5037435282746545,0.7523926117075952
room_baseline,Morgan+Physical,5,4,383,74,78,19,0,10.585976308461781,17.282975215642136,0.3600821516849575,0.744159915864457
room_baseline,Morgan,6,0,414,43,77,20,0,11.0422242153079,20.548884462955137,0.08691594692311233,0.5194802158142786
room_baseline,Physical,6,0,414,43,77,20,0,10.216209004734838,13.777945788860961,0.5895094150297561,0.7070613952196215
room_baseline,Morgan+Physical,6,0,414,43,77,20,0,10.43162505358319,16.341192954398274,0.4225667692274564,0.7093334434047746
room_baseline,Morgan,6,1,397,60,77,20,0,13.966465471013388,23.608422842093464,0.09766006923418924,0.8408078806650149
room_baseline,Physical,6,1,397,60,77,20,0,7.724932819747924,13.256177561094793,0.7155061702836527,0.8356132200502165
room_baseline,Morgan+Physical,6,1,397,60,77,20,0,10.340416638437908,18.09045656612645,0.47017154151920093,0.8776822348962082
room_baseline,Morgan,6,2,331,126,78,19,0,15.740486170438736,19.218832892251406,-2.49578905194409,-0.5192273686056881
room_baseline,Physical,6,2,331,126,78,19,0,6.058384596827673,8.247012783243838,0.35629848364798866,0.901846129454554
room_baseline,Morgan+Physical,6,2,331,126,78,19,0,10.32898287956601,12.412702833795828,-0.45822289716764764,0.7269783746779054
room_baseline,Morgan,6,3,333,124,78,19,0,6.7340923874270535,9.077997580810711,0.422967006833706,0.8493674724113045
room_baseline,Physical,6,3,333,124,78,19,0,11.792290883882583,16.023600408792138,-0.7977973360043358,0.8044252113274851
room_baseline,Morgan+Physical,6,3,333,124,78,19,0,5.193559699876848,6.753503913217428,0.6806412409989151,0.8564731704751966
room_baseline,Morgan,6,4,353,104,78,19,0,15.48650596010208,23.2741685374006,-0.2627484084872047,0.2879003521272135
room_baseline,Physical,6,4,353,104,78,19,0,9.625787739904844,17.748763480152675,0.26564732006379244,0.8284759765692045
room_baseline,Morgan+Physical,6,4,353,104,78,19,0,11.277058686811008,19.724605371788368,0.0930462805520541,0.7404054947622619
room_baseline,Morgan,7,0,343,114,77,20,0,5.619109242302075,8.464374171458367,0.5847239869889165,0.9099401094819854
room_baseline,Physical,7,0,343,114,77,20,0,4.6436903450413745,7.683688574886021,0.6577947655646348,0.9269442320664649
room_baseline,Morgan+Physical,7,0,343,114,77,20,0,3.418817673612896,6.076806377384515,0.7859585238850064,0.9350437171685037
room_baseline,Morgan,7,1,380,77,77,20,0,18.662115705613967,24.250664021400894,-0.3619639650613853,0.5207328803931845
room_baseline,Physical,7,1,380,77,77,20,0,4.5572484268584805,8.392875195515195,0.8368677306476782,0.9504519194651178
room_baseline,Morgan+Physical,7,1,380,77,77,20,0,11.430764838082451,15.234352423773469,0.462515005855742,0.6984848567704732
room_baseline,Morgan,7,2,377,80,78,19,0,8.500720731601714,10.204867163487597,0.1664298053639257,0.7306705192333308
room_baseline,Physical,7,2,377,80,78,19,0,9.966273387596607,17.301159359502662,-1.3959507049769626,0.7093514149205459
room_baseline,Morgan+Physical,7,2,377,80,78,19,0,8.790723446235656,12.39067518569513,-0.228902450992845,0.7065875286360318
room_baseline,Morgan,7,3,379,78,78,19,0,7.380298582376334,19.28050336423922,0.12029909270614592,0.36258667435947456
room_baseline,Physical,7,3,379,78,78,19,0,8.571237016468537,18.079183226553344,0.22650783972006017,0.4829866889643582
room_baseline,Morgan+Physical,7,3,379,78,78,19,0,7.6808675830899755,18.20822836501134,0.21542640627275345,0.4578195664742614
room_baseline,Morgan,7,4,349,108,78,19,0,13.510199314258715,20.434073694614103,-0.4081088632485337,0.7830831304933195
room_baseline,Physical,7,4,349,108,78,19,0,13.719010704817595,20.902581121650506,-0.47341862955232283,0.864094403644815
room_baseline,Morgan+Physical,7,4,349,108,78,19,0,8.469483029330219,14.03528490900231,0.33569306304944324,0.8652615622642431
room_baseline,Morgan,8,0,321,136,77,20,0,8.401872533820656,16.22021713993842,0.241940556590863,0.663524753428235
room_baseline,Physical,8,0,321,136,77,20,0,7.1286246810296,14.86852296403729,0.36302030209643177,0.7956485233907937
room_baseline,Morgan+Physical,8,0,321,136,77,20,0,4.52445478927388,14.11285493972012,0.426121849631656,0.814779456708211
room_baseline,Morgan,8,1,375,82,77,20,0,10.659687834070718,12.767035486422492,0.304071524234966,0.5221556873692655
room_baseline,Physical,8,1,375,82,77,20,0,6.927960593112852,8.754253807181236,0.6727928813187256,0.8586899025890479
room_baseline,Morgan+Physical,8,1,375,82,77,20,0,5.837141502246392,8.702765643386709,0.6766305013816338,0.8870548052641064
room_baseline,Morgan,8,2,377,80,78,19,0,4.967265239295959,5.7639260575267945,0.667375773836971,0.8376032487957459
room_baseline,Physical,8,2,377,80,78,19,0,3.5654472019052506,4.789216811593219,0.7703607751669884,0.8975162845859209
room_baseline,Morgan+Physical,8,2,377,80,78,19,0,4.198869341192245,4.774358786060338,0.7717834264866437,0.8925254618727461
room_baseline,Morgan,8,3,406,51,78,19,0,17.606692211824303,29.3595783018521,-0.12721636982644902,0.41105938332601916
room_baseline,Physical,8,3,406,51,78,19,0,11.805470121196672,18.969915965075106,0.5294145725659654,0.6988137227208994
room_baseline,Morgan+Physical,8,3,406,51,78,19,0,13.75130773447074,23.59585822369546,0.27191980721869446,0.719028941985849
room_baseline,Morgan,8,4,349,108,78,19,0,13.178153026439523,17.44241166153482,-0.2296731940218506,0.41322385157165115
room_baseline,Physical,8,4,349,108,78,19,0,5.93237174212491,8.98349949602199,0.6738121823612417,0.8793266753673494
room_baseline,Morgan+Physical,8,4,349,108,78,19,0,7.967854383980785,10.403494443673758,0.5625432514581624,0.8595435240257073
room_baseline,Morgan,9,0,389,68,77,20,0,9.872007392883301,17.598002881008338,0.1776076775296016,0.7566212274031847
room_baseline,Physical,9,0,389,68,77,20,0,5.307263039504781,7.121995510728184,0.8653036989613,0.8812710002864316
room_baseline,Morgan+Physical,9,0,389,68,77,20,0,6.7105848470295175,11.21243382188993,0.666149474735175,0.9213995325860296
room_baseline,Morgan,9,1,351,106,77,20,0,13.192489055417619,17.479404123300643,-0.4505420380820542,0.751295310237066
room_baseline,Physical,9,1,351,106,77,20,0,8.087346746120812,10.000404923791304,0.5251983238964839,0.9425562093992721
room_baseline,Morgan+Physical,9,1,351,106,77,20,0,4.42342320532169,6.0895937630237515,0.8239428300447731,0.9287941672867402
room_baseline,Morgan,9,2,359,98,78,19,0,6.476206584323181,17.416933767468908,0.10253416671490678,0.6649451981336082
room_baseline,Physical,9,2,359,98,78,19,0,6.197939206321872,16.329128479890866,0.21113890965718185,0.8835701283162948
room_baseline,Morgan+Physical,9,2,359,98,78,19,0,4.953953104587477,16.4179597333431,0.20253267857030888,0.7767574455065677
room_baseline,Morgan,9,3,366,91,78,19,0,13.56390558754722,24.391372783054692,-2.5749084907470885,0.29690745033829374
room_baseline,Physical,9,3,366,91,78,19,0,18.29727022062532,25.48678907916737,-2.9032169549970277,0.6847787330647529
room_baseline,Morgan+Physical,9,3,366,91,78,19,0,12.849823528294827,18.302320793090132,-1.0128192079977518,0.6278549038137965
room_baseline,Morgan,9,4,363,94,78,19,0,16.74775615171067,20.779215943209792,0.11983941321159719,0.5144819550393203
room_baseline,Physical,9,4,363,94,78,19,0,27.45948037417797,30.29179981481371,-0.8704829788387554,0.06850408855664057
room_baseline,Morgan+Physical,9,4,363,94,78,19,0,21.84339985549602,24.497248006059944,-0.2233147217606426,0.07300069256386349
room_plus_null_block_two_columns,Morgan,0,0,328,129,77,20,2,15.80106188420732,19.79736735084448,-1.2465833595490716,-0.2692634868251015
room_plus_null_block_two_columns,Physical,0,0,328,129,77,20,2,16.60122063836386,19.955117698035306,-1.2825286718283961,0.47134973421821885
room_plus_null_block_two_columns,Morgan+Physical,0,0,328,129,77,20,2,8.6159552250352,10.454636691065408,0.3734935524495827,0.4731850359032589
room_plus_null_block_two_columns,Morgan,0,1,321,136,77,20,2,13.270327840625537,17.482831436499804,-0.31308848270569967,-0.022933490707184263
room_plus_null_block_two_columns,Physical,0,1,321,136,77,20,2,3.6227073552356046,5.794121652027895,0.8557732988452762,0.9651881235555545
room_plus_null_block_two_columns,Morgan+Physical,0,1,321,136,77,20,2,7.968240081944185,10.668535604789701,0.5110324105601424,0.4811688300857637
room_plus_null_block_two_columns,Morgan,0,2,385,72,78,19,2,6.268117459636264,8.857746930671421,0.02993889940388106,0.0495327547692496
room_plus_null_block_two_columns,Physical,0,2,385,72,78,19,2,9.357179048517017,12.729949220272745,-1.0035763465757457,0.23593490751189644
room_plus_null_block_two_columns,Morgan+Physical,0,2,385,72,78,19,2,6.112148155297173,9.712454951641101,-0.1663008398439514,0.22418697625509718
room_plus_null_block_two_columns,Morgan,0,3,411,46,78,19,2,9.867929656318998,26.08893468095654,0.08617721016724211,0.5992786766114082
room_plus_null_block_two_columns,Physical,0,3,411,46,78,19,2,8.462132448859835,24.456876017059823,0.1969339658293887,0.6754672303215472
room_plus_null_block_two_columns,Morgan+Physical,0,3,411,46,78,19,2,8.258289723106055,24.971333856127266,0.1627931444745545,0.8221960821704073
room_plus_null_block_two_columns,Morgan,0,4,383,74,78,19,2,16.23708513894571,23.56896636951814,-0.15007120440533428,0.26297376646379506
room_plus_null_block_two_columns,Physical,0,4,383,74,78,19,2,8.751765565646403,11.931644637875733,0.7052564726138582,0.8205274058819219
room_plus_null_block_two_columns,Morgan+Physical,0,4,383,74,78,19,2,10.950716536399224,16.85668040717856,0.4117150174068501,0.817468838901398
room_plus_null_block_two_columns,Morgan,1,0,355,102,77,20,2,7.422386764436608,9.0745583131983,0.20807070838327002,0.8218613040372529
room_plus_null_block_two_columns,Physical,1,0,355,102,77,20,2,7.521641720521215,12.714163021867142,-0.5545724490190784,0.8169161444608525
room_plus_null_block_two_columns,Morgan+Physical,1,0,355,102,77,20,2,5.524829957341213,9.207153178747038,0.18475873849278046,0.8842968939593661
room_plus_null_block_two_columns,Morgan,1,1,379,78,77,20,2,10.373795394035241,24.03312431702561,0.05557654826417158,0.40165403100884084
room_plus_null_block_two_columns,Physical,1,1,379,78,77,20,2,7.156081221292936,21.958198891397053,0.21161250715423463,0.9077475207318507
room_plus_null_block_two_columns,Morgan+Physical,1,1,379,78,77,20,2,8.357433584830456,22.749700731130496,0.15375196578392403,0.8524571267082074
room_plus_null_block_two_columns,Morgan,1,2,365,92,78,19,2,14.909710118003515,17.71454997500406,-0.09923459961854486,0.8444538729664535
room_plus_null_block_two_columns,Physical,1,2,365,92,78,19,2,6.042788209251734,7.209361661251247,0.8179361310766647,0.9052019447153176
room_plus_null_block_two_columns,Morgan+Physical,1,2,365,92,78,19,2,6.17459280155016,7.437735329489029,0.8062188262779126,0.9138254797888885
room_plus_null_block_two_columns,Morgan,1,3,346,111,78,19,2,10.381847117738465,17.313417386600925,0.18810830258250388,0.772040636346388
room_plus_null_block_two_columns,Physical,1,3,346,111,78,19,2,11.827881520008395,18.192150161029687,0.10360264489188697,0.8818080457927724
room_plus_null_block_two_columns,Morgan+Physical,1,3,346,111,78,19,2,9.205949634600113,15.27242344719248,0.36824539528181754,0.8726440557292557
room_plus_null_block_two_columns,Morgan,1,4,383,74,78,19,2,11.551480190586398,15.450778074813183,-0.1837775780761315,0.6054307253727218
room_plus_null_block_two_columns,Physical,1,4,383,74,78,19,2,14.645237559524743,19.073385541201837,-0.803951991409966,0.7630811106652237
room_plus_null_block_two_columns,Morgan+Physical,1,4,383,74,78,19,2,6.315198486946724,10.14912315322937,0.4892287483956539,0.7957820340712972
room_plus_null_block_two_columns,Morgan,2,0,383,74,77,20,2,17.0548245483151,24.08207313108728,-0.18621941806634967,0.03218028789198679
room_plus_null_block_two_columns,Physical,2,0,383,74,77,20,2,11.795035546824481,15.820860441843706,0.48803828363185475,0.6778026276642193
room_plus_null_block_two_columns,Morgan+Physical,2,0,383,74,77,20,2,14.169835265294667,19.791430920022655,0.19881708986925206,0.4395618355303585
room_plus_null_block_two_columns,Morgan,2,1,341,116,77,20,2,6.299133330141264,7.992154460880511,0.14118488551702402,0.8904115261760212
room_plus_null_block_two_columns,Physical,2,1,341,116,77,20,2,6.8143266671016285,10.842914924309852,-0.5807530996883832,0.49480909849459476
room_plus_null_block_two_columns,Morgan+Physical,2,1,341,116,77,20,2,5.223575549158556,8.197978313514751,0.09638075484918918,0.8333332627815551
room_plus_null_block_two_columns,Morgan,2,2,380,77,78,19,2,9.717596913622572,23.713034818400796,-0.012727050664265604,0.6241040273746519
room_plus_null_block_two_columns,Physical,2,2,380,77,78,19,2,8.42246642670074,23.31752323962628,0.020773925874369437,0.7638150666321033
room_plus_null_block_two_columns,Morgan+Physical,2,2,380,77,78,19,2,8.216419616302886,23.188885393682682,0.031548489619389386,0.7853410528069473
room_plus_null_block_two_columns,Morgan,2,3,358,99,78,19,2,5.3638431406194504,6.41748197316443,0.42302779635107035,0.689508755078189
room_plus_null_block_two_columns,Physical,2,3,358,99,78,19,2,4.010926981461651,7.3302437631184665,0.24722981372405417,0.8326879565412725
room_plus_null_block_two_columns,Morgan+Physical,2,3,358,99,78,19,2,4.0701004616014895,6.012337213702366,0.49357838033630375,0.7649070095445216
room_plus_null_block_two_columns,Morgan,2,4,366,91,78,19,2,15.364694404099014,18.23121267895863,-0.30200788879157603,0.6883674255525745
room_plus_null_block_two_columns,Physical,2,4,366,91,78,19,2,10.850327174343906,12.808002796462697,0.35739318324302616,0.8818637456016063
room_plus_null_block_two_columns,Morgan+Physical,2,4,366,91,78,19,2,4.958819363269176,6.846325663092566,0.8163894599398678,0.8922472838077797
room_plus_null_block_two_columns,Morgan,3,0,348,109,77,20,2,9.850515186288819,18.62346037511424,0.12545782623629465,0.6104419011502987
room_plus_null_block_two_columns,Physical,3,0,348,109,77,20,2,6.142642132893834,16.80374241964947,0.2880130547355193,0.8250352350584291
room_plus_null_block_two_columns,Morgan+Physical,3,0,348,109,77,20,2,7.29893000540077,16.970980035099377,0.2737705702640153,0.7942790639756068
room_plus_null_block_two_columns,Morgan,3,1,417,40,77,20,2,12.151753050231934,23.505476467129622,0.08449442878266733,0.6081145035610794
room_plus_null_block_two_columns,Physical,3,1,417,40,77,20,2,11.419181849384307,16.802381298398416,0.5321953380190958,0.7475719118773234
room_plus_null_block_two_columns,Morgan+Physical,3,1,417,40,77,20,2,11.176153454208373,17.687242639693366,0.48162608317453703,0.7800403586870334
room_plus_null_block_two_columns,Morgan,3,2,295,162,78,19,2,10.85950156441206,13.008316903320488,0.20059838194627222,0.5823115628924441
room_plus_null_block_two_columns,Physical,3,2,295,162,78,19,2,9.463722945505307,13.565347227486953,0.13067006334100628,0.6988900303083946
room_plus_null_block_two_columns,Morgan+Physical,3,2,295,162,78,19,2,7.588854920997147,9.210485034360852,0.5992368251242775,0.759869921985364
room_plus_null_block_two_columns,Morgan,3,3,366,91,78,19,2,11.824455937027144,18.861687747531708,0.24200424139319576,0.7630677558307558
room_plus_null_block_two_columns,Physical,3,3,366,91,78,19,2,8.779755865294067,15.248910042728042,0.5045688849122831,0.9261417358608899
room_plus_null_block_two_columns,Morgan+Physical,3,3,366,91,78,19,2,9.859591257753477,16.18767649810464,0.4416908993512543,0.9065130053488062
room_plus_null_block_two_columns,Morgan,3,4,402,55,78,19,2,10.476464447515315,15.382098398837563,-0.809372282324345,0.18214316351441348
room_plus_null_block_two_columns,Physical,3,4,402,55,78,19,2,6.815762493367282,8.693420441433197,0.42206615194078767,0.9263910562452322
room_plus_null_block_two_columns,Morgan+Physical,3,4,402,55,78,19,2,6.146781192232999,9.456184854834097,0.31620067207733094,0.6669564540878915
room_plus_null_block_two_columns,Morgan,4,0,398,59,77,20,2,10.275598775443386,21.91928107986351,0.055691551084629975,0.24109108692760567
room_plus_null_block_two_columns,Physical,4,0,398,59,77,20,2,10.018718091447475,21.984125415829944,0.05009614604355905,0.7522434060024592
room_plus_null_block_two_columns,Morgan+Physical,4,0,398,59,77,20,2,7.547766796241373,20.826170472885252,0.14752804211947457,0.7642962332509257
room_plus_null_block_two_columns,Morgan,4,1,340,117,77,20,2,7.534073092740051,11.860218700221338,-0.4724501317174197,0.4417181414495794
room_plus_null_block_two_columns,Physical,4,1,340,117,77,20,2,4.532445599264813,6.388298472285189,0.5728055535124601,0.6715320824433731
room_plus_null_block_two_columns,Morgan+Physical,4,1,340,117,77,20,2,5.2746990790186175,8.578426891472658,0.22968117864754212,0.5444325543744014
room_plus_null_block_two_columns,Morgan,4,2,346,111,78,19,2,13.628407963259583,20.004464658648356,0.008600713012182903,0.5976345029663745
room_plus_null_block_two_columns,Physical,4,2,346,111,78,19,2,22.936898516091357,31.751112198566634,-1.497540964134898,0.7387760103257274
room_plus_null_block_two_columns,Morgan+Physical,4,2,346,111,78,19,2,13.9012309038798,19.794813898747293,0.029271945688286616,0.7179822728717185
room_plus_null_block_two_columns,Morgan,4,3,384,73,78,19,2,6.7408485747245885,15.66387906156617,0.30634862332241797,0.6533266904597351
room_plus_null_block_two_columns,Physical,4,3,384,73,78,19,2,6.148819236969621,9.196339849188064,0.7609038218305094,0.8488103803598815
room_plus_null_block_two_columns,Morgan+Physical,4,3,384,73,78,19,2,5.596624973432985,11.567472220015118,0.6217146345870856,0.9067183158388754
room_plus_null_block_two_columns,Morgan,4,4,360,97,78,19,2,13.21303199697278,17.750742231435936,-0.22986644536605394,0.6568263533135187
room_plus_null_block_two_columns,Physical,4,4,360,97,78,19,2,10.557906734112612,12.131015387657724,0.42559365949690564,0.8450560416307779
room_plus_null_block_two_columns,Morgan+Physical,4,4,360,97,78,19,2,5.49253489630001,6.485039659019553,0.8358464835057532,0.9002623815126776
room_plus_null_block_two_columns,Morgan,5,0,394,63,77,20,2,7.254420235648988,16.439888323483142,0.08118742397029144,0.7334547289529771
room_plus_null_block_two_columns,Physical,5,0,394,63,77,20,2,5.966188994483343,8.74071792901914,0.7402692225190939,0.5885187437110563
room_plus_null_block_two_columns,Morgan+Physical,5,0,394,63,77,20,2,6.081107370406863,12.079788402980592,0.5039244086638122,0.6797694451847752
room_plus_null_block_two_columns,Morgan,5,1,376,81,77,20,2,9.172393744631167,11.83284381052476,0.4934684910716626,0.8023833752067941
room_plus_null_block_two_columns,Physical,5,1,376,81,77,20,2,10.217092317143193,16.024551755520005,0.07103365139892448,0.8078976625347967
room_plus_null_block_two_columns,Morgan+Physical,5,1,376,81,77,20,2,7.208360299673196,11.070033965774932,0.5566710331882962,0.8151488858750777
room_plus_null_block_two_columns,Morgan,5,2,346,111,78,19,2,15.031620462487023,22.43039536883135,0.09189270466542254,0.47149653428813326
room_plus_null_block_two_columns,Physical,5,2,346,111,78,19,2,7.958037581281232,16.76149486562976,0.49290561243365916,0.9162915583209369
room_plus_null_block_two_columns,Morgan+Physical,5,2,346,111,78,19,2,11.276307279621845,19.109170589355127,0.34090657074110486,0.8327631807221936
room_plus_null_block_two_columns,Morgan,5,3,329,128,78,19,2,6.0287598174572,8.74038531179953,0.3287868187874422,0.8442322922595502
room_plus_null_block_two_columns,Physical,5,3,329,128,78,19,2,9.421134188424052,12.291535829710218,-0.32742998131931866,0.910920578272169
room_plus_null_block_two_columns,Morgan+Physical,5,3,329,128,78,19,2,3.4712881232678887,4.185467716234885,0.8460827439704379,0.903301346094204
room_plus_null_block_two_columns,Morgan,5,4,383,74,78,19,2,12.516003713968637,20.629905716388055,0.0882375642346862,0.6334981469037098
room_plus_null_block_two_columns,Physical,5,4,383,74,78,19,2,8.843708330463718,15.249782533928839,0.501787625420629,0.7270291163958881
room_plus_null_block_two_columns,Morgan+Physical,5,4,383,74,78,19,2,10.594031879425048,17.234897187318094,0.3636374649824745,0.7162635870458419
room_plus_null_block_two_columns,Morgan,6,0,414,43,77,20,2,11.0422242153079,20.548884462955137,0.08691594692311233,0.5194802158142786
room_plus_null_block_two_columns,Physical,6,0,414,43,77,20,2,9.321354539538538,11.746150092689502,0.7016504760233113,0.7268626951946157
room_plus_null_block_two_columns,Morgan+Physical,6,0,414,43,77,20,2,9.945037274116693,15.086454738359908,0.5078373574698719,0.7016036002298561
room_plus_null_block_two_columns,Morgan,6,1,397,60,77,20,2,13.966465471013388,23.608422842093464,0.09766006923418924,0.8408078806650149
room_plus_null_block_two_columns,Physical,6,1,397,60,77,20,2,7.789210984293619,13.535405527273499,0.7033947934849608,0.829818282905868
room_plus_null_block_two_columns,Morgan+Physical,6,1,397,60,77,20,2,10.417133077367147,18.230070273670155,0.4619620468347728,0.8532209136811216
room_plus_null_block_two_columns,Morgan,6,2,331,126,78,19,2,15.740486170438736,19.218832892251406,-2.49578905194409,-0.5192273686056881
room_plus_null_block_two_columns,Physical,6,2,331,126,78,19,2,7.426831438900175,10.911377439256139,-0.12680912281046264,0.8912734136052038
room_plus_null_block_two_columns,Morgan+Physical,6,2,331,126,78,19,2,11.01281928669763,12.6826858576466,-0.5223470411463269,0.7049037600614702
room_plus_null_block_two_columns,Morgan,6,3,333,124,78,19,2,6.7340923874270535,9.077997580810711,0.422967006833706,0.8493674724113045
room_plus_null_block_two_columns,Physical,6,3,333,124,78,19,2,11.042741746874777,15.279423141232988,-0.6346863520026957,0.8061325890295454
room_plus_null_block_two_columns,Morgan+Physical,6,3,333,124,78,19,2,5.201519156474452,6.5971789717704326,0.6952546747587202,0.8462529794372449
room_plus_null_block_two_columns,Morgan,6,4,353,104,78,19,2,15.48650596010208,23.2741685374006,-0.2627484084872047,0.2879003521272135
room_plus_null_block_two_columns,Physical,6,4,353,104,78,19,2,9.145784715748567,17.151395585046593,0.3142474874005705,0.8500312796085883
room_plus_null_block_two_columns,Morgan+Physical,6,4,353,104,78,19,2,11.253546423696374,19.511635665230624,0.11252559670681872,0.7710866551520772
room_plus_null_block_two_columns,Morgan,7,0,343,114,77,20,2,5.619109242302075,8.464374171458367,0.5847239869889165,0.9099401094819854
room_plus_null_block_two_columns,Physical,7,0,343,114,77,20,2,4.8434801620818035,7.732123225494434,0.6534669403718829,0.9086554654924057
room_plus_null_block_two_columns,Morgan+Physical,7,0,343,114,77,20,2,3.581878805541993,6.220808749569855,0.7756940266254728,0.9184135971820113
room_plus_null_block_two_columns,Morgan,7,1,380,77,77,20,2,18.662115705613967,24.250664021400894,-0.3619639650613853,0.5207328803931845
room_plus_null_block_two_columns,Physical,7,1,380,77,77,20,2,6.953111736941648,10.136201724999312,0.762059243686687,0.9524169949712947
room_plus_null_block_two_columns,Morgan+Physical,7,1,380,77,77,20,2,9.93418498665946,14.411419005535262,0.5190146616791713,0.7196230099796723
room_plus_null_block_two_columns,Morgan,7,2,377,80,78,19,2,8.500720731601714,10.204867163487597,0.1664298053639257,0.7306705192333308
room_plus_null_block_two_columns,Physical,7,2,377,80,78,19,2,9.913192405209541,15.874709253159441,-1.017153859337537,0.7043363707009475
room_plus_null_block_two_columns,Morgan+Physical,7,2,377,80,78,19,2,8.77386255703926,11.961793153404813,-0.14530206064585105,0.7168385651783625
room_plus_null_block_two_columns,Morgan,7,3,379,78,78,19,2,7.380298582376334,19.28050336423922,0.12029909270614592,0.36258667435947456
room_plus_null_block_two_columns,Physical,7,3,379,78,78,19,2,8.592601729795016,18.035286987631665,0.23025935623936677,0.3882573778651044
room_plus_null_block_two_columns,Morgan+Physical,7,3,379,78,78,19,2,7.733531752988374,18.140311606434555,0.22126841532109753,0.34782480256920184
room_plus_null_block_two_columns,Morgan,7,4,349,108,78,19,2,13.510199314258715,20.434073694614103,-0.4081088632485337,0.7830831304933195
room_plus_null_block_two_columns,Physical,7,4,349,108,78,19,2,13.367357274090804,19.872779973174207,-0.33181398145879903,0.8491928561176181
room_plus_null_block_two_columns,Morgan+Physical,7,4,349,108,78,19,2,8.123930717326976,14.345587406100723,0.30599437040467303,0.8612619026889456
room_plus_null_block_two_columns,Morgan,8,0,321,136,77,20,2,8.401872533820656,16.22021713993842,0.241940556590863,0.663524753428235
room_plus_null_block_two_columns,Physical,8,0,321,136,77,20,2,6.780988386664671,14.766398912327006,0.3717404079762574,0.7959196295599555
room_plus_null_block_two_columns,Morgan+Physical,8,0,321,136,77,20,2,4.62637823749991,14.254352710927337,0.4145565704334083,0.9460098629571597
room_plus_null_block_two_columns,Morgan,8,1,375,82,77,20,2,10.659687834070718,12.767035486422492,0.304071524234966,0.5221556873692655
room_plus_null_block_two_columns,Physical,8,1,375,82,77,20,2,7.568493791562522,9.433733557535861,0.620027918249378,0.8676669344173308
room_plus_null_block_two_columns,Morgan+Physical,8,1,375,82,77,20,2,5.826374968604112,8.629056735436484,0.6820849227164143,0.877977987510531
room_plus_null_block_two_columns,Morgan,8,2,377,80,78,19,2,4.967265239295959,5.7639260575267945,0.667375773836971,0.8376032487957459
room_plus_null_block_two_columns,Physical,8,2,377,80,78,19,2,3.743351810750961,4.893909461763103,0.7602111766255887,0.9062683070249664
room_plus_null_block_two_columns,Morgan+Physical,8,2,377,80,78,19,2,4.287821518955231,4.847702554902868,0.764717836700173,0.8902590979353624
room_plus_null_block_two_columns,Morgan,8,3,406,51,78,19,2,17.606692211824303,29.3595783018521,-0.12721636982644902,0.41105938332601916
room_plus_null_block_two_columns,Physical,8,3,406,51,78,19,2,11.724694322473862,18.386214496291974,0.5579287159982634,0.6711316206643916
room_plus_null_block_two_columns,Morgan+Physical,8,3,406,51,78,19,2,13.586482566160313,23.25847140490252,0.29259195020031825,0.7169801021954824
room_plus_null_block_two_columns,Morgan,8,4,349,108,78,19,2,13.178153026439523,17.44241166153482,-0.2296731940218506,0.41322385157165115
room_plus_null_block_two_columns,Physical,8,4,349,108,78,19,2,9.404836177402071,11.906281650747767,0.4270338763583048,0.8789322472002309
room_plus_null_block_two_columns,Morgan+Physical,8,4,349,108,78,19,2,6.086814402756866,8.624860643575998,0.6993364264975831,0.8578608206575843
room_plus_null_block_two_columns,Morgan,9,0,389,68,77,20,2,9.872007392883301,17.598002881008338,0.1776076775296016,0.7566212274031847
room_plus_null_block_two_columns,Physical,9,0,389,68,77,20,2,5.173490452149335,7.156932765690814,0.8639789405986322,0.8869440470918459
room_plus_null_block_two_columns,Morgan+Physical,9,0,389,68,77,20,2,6.62059911624123,11.22280572700806,0.6655315415420641,0.9042384877515414
room_plus_null_block_two_columns,Morgan,9,1,351,106,77,20,2,13.192489055417619,17.479404123300643,-0.4505420380820542,0.751295310237066
room_plus_null_block_two_columns,Physical,9,1,351,106,77,20,2,7.085159941439358,8.504843213125525,0.6565925628030362,0.9459541490014972
room_plus_null_block_two_columns,Morgan+Physical,9,1,351,106,77,20,2,4.89398926644955,6.556161506444328,0.7959313177828,0.941634981317386
room_plus_null_block_two_columns,Morgan,9,2,359,98,78,19,2,6.476206584323181,17.416933767468908,0.10253416671490678,0.6649451981336082
room_plus_null_block_two_columns,Physical,9,2,359,98,78,19,2,6.4684561367268465,16.54375954003189,0.19026494449631215,0.8743045738103571
room_plus_null_block_two_columns,Morgan+Physical,9,2,359,98,78,19,2,5.1250929871228275,16.513625049946246,0.19321212584907277,0.7781440020548115
room_plus_null_block_two_columns,Morgan,9,3,366,91,78,19,2,13.56390558754722,24.391372783054692,-2.5749084907470885,0.29690745033829374
room_plus_null_block_two_columns,Physical,9,3,366,91,78,19,2,18.52168444608835,25.995952880311574,-3.0607282242660805,0.664008402372532
room_plus_null_block_two_columns,Morgan+Physical,9,3,366,91,78,19,2,12.971772485423664,18.66658242359364,-1.0937367040586352,0.6233533451187744
room_plus_null_block_two_columns,Morgan,9,4,363,94,78,19,2,16.74775615171067,20.779215943209792,0.11983941321159719,0.5144819550393203
room_plus_null_block_two_columns,Physical,9,4,363,94,78,19,2,21.91584484959055,24.95811034233388,-0.26977568125889073,0.22595656527150423
room_plus_null_block_two_columns,Morgan+Physical,9,4,363,94,78,19,2,19.08120136673298,22.06595312600233,0.007457785981235809,0.24271673969570282
room_plus_nbs_alpha,Morgan,0,0,328,129,77,20,2,15.80106188420732,19.79736735084448,-1.2465833595490716,-0.2692634868251015
room_plus_nbs_alpha,Physical,0,0,328,129,77,20,2,16.60122063836386,19.955117698035306,-1.2825286718283961,0.47134973421821885
room_plus_nbs_alpha,Morgan+Physical,0,0,328,129,77,20,2,8.6159552250352,10.454636691065408,0.3734935524495827,0.4731850359032589
room_plus_nbs_alpha,Morgan,0,1,321,136,77,20,2,13.270327840625537,17.482831436499804,-0.31308848270569967,-0.022933490707184263
room_plus_nbs_alpha,Physical,0,1,321,136,77,20,2,3.6227073552356046,5.794121652027895,0.8557732988452762,0.9651881235555545
room_plus_nbs_alpha,Morgan+Physical,0,1,321,136,77,20,2,7.968240081944185,10.668535604789701,0.5110324105601424,0.4811688300857637
room_plus_nbs_alpha,Morgan,0,2,385,72,78,19,2,6.268117459636264,8.857746930671421,0.02993889940388106,0.0495327547692496
room_plus_nbs_alpha,Physical,0,2,385,72,78,19,2,9.357179048517017,12.729949220272745,-1.0035763465757457,0.23593490751189644
room_plus_nbs_alpha,Morgan+Physical,0,2,385,72,78,19,2,6.112148155297173,9.712454951641101,-0.1663008398439514,0.22418697625509718
room_plus_nbs_alpha,Morgan,0,3,411,46,78,19,2,9.867929656318998,26.08893468095654,0.08617721016724211,0.5992786766114082
room_plus_nbs_alpha,Physical,0,3,411,46,78,19,2,8.462132448859835,24.456876017059823,0.1969339658293887,0.6754672303215472
room_plus_nbs_alpha,Morgan+Physical,0,3,411,46,78,19,2,8.258289723106055,24.971333856127266,0.1627931444745545,0.8221960821704073
room_plus_nbs_alpha,Morgan,0,4,383,74,78,19,2,16.23708513894571,23.56896636951814,-0.15007120440533428,0.26297376646379506
room_plus_nbs_alpha,Physical,0,4,383,74,78,19,2,8.751765565646403,11.931644637875733,0.7052564726138582,0.8205274058819219
room_plus_nbs_alpha,Morgan+Physical,0,4,383,74,78,19,2,10.950716536399224,16.85668040717856,0.4117150174068501,0.817468838901398
room_plus_nbs_alpha,Morgan,1,0,355,102,77,20,2,7.422386764436608,9.0745583131983,0.20807070838327002,0.8218613040372529
room_plus_nbs_alpha,Physical,1,0,355,102,77,20,2,7.521641720521215,12.714163021867142,-0.5545724490190784,0.8169161444608525
room_plus_nbs_alpha,Morgan+Physical,1,0,355,102,77,20,2,5.524829957341213,9.207153178747038,0.18475873849278046,0.8842968939593661
room_plus_nbs_alpha,Morgan,1,1,379,78,77,20,2,10.373795394035241,24.03312431702561,0.05557654826417158,0.40165403100884084
room_plus_nbs_alpha,Physical,1,1,379,78,77,20,2,7.156081221292936,21.958198891397053,0.21161250715423463,0.9077475207318507
room_plus_nbs_alpha,Morgan+Physical,1,1,379,78,77,20,2,8.357433584830456,22.749700731130496,0.15375196578392403,0.8524571267082074
room_plus_nbs_alpha,Morgan,1,2,365,92,78,19,2,14.909710118003515,17.71454997500406,-0.09923459961854486,0.8444538729664535
room_plus_nbs_alpha,Physical,1,2,365,92,78,19,2,6.042788209251734,7.209361661251247,0.8179361310766647,0.9052019447153176
room_plus_nbs_alpha,Morgan+Physical,1,2,365,92,78,19,2,6.17459280155016,7.437735329489029,0.8062188262779126,0.9138254797888885
room_plus_nbs_alpha,Morgan,1,3,346,111,78,19,2,10.381847117738465,17.313417386600925,0.18810830258250388,0.772040636346388
room_plus_nbs_alpha,Physical,1,3,346,111,78,19,2,11.827881520008395,18.192150161029687,0.10360264489188697,0.8818080457927724
room_plus_nbs_alpha,Morgan+Physical,1,3,346,111,78,19,2,9.205949634600113,15.27242344719248,0.36824539528181754,0.8726440557292557
room_plus_nbs_alpha,Morgan,1,4,383,74,78,19,2,11.551480190586398,15.450778074813183,-0.1837775780761315,0.6054307253727218
room_plus_nbs_alpha,Physical,1,4,383,74,78,19,2,14.645237559524743,19.073385541201837,-0.803951991409966,0.7630811106652237
room_plus_nbs_alpha,Morgan+Physical,1,4,383,74,78,19,2,6.315198486946724,10.14912315322937,0.4892287483956539,0.7957820340712972
room_plus_nbs_alpha,Morgan,2,0,383,74,77,20,2,17.0548245483151,24.08207313108728,-0.18621941806634967,0.03218028789198679
room_plus_nbs_alpha,Physical,2,0,383,74,77,20,2,11.795035546824481,15.820860441843706,0.48803828363185475,0.6778026276642193
room_plus_nbs_alpha,Morgan+Physical,2,0,383,74,77,20,2,14.169835265294667,19.791430920022655,0.19881708986925206,0.4395618355303585
room_plus_nbs_alpha,Morgan,2,1,341,116,77,20,2,6.299133330141264,7.992154460880511,0.14118488551702402,0.8904115261760212
room_plus_nbs_alpha,Physical,2,1,341,116,77,20,2,6.8143266671016285,10.842914924309852,-0.5807530996883832,0.49480909849459476
room_plus_nbs_alpha,Morgan+Physical,2,1,341,116,77,20,2,5.223575549158556,8.197978313514751,0.09638075484918918,0.8333332627815551
room_plus_nbs_alpha,Morgan,2,2,380,77,78,19,2,9.717596913622572,23.713034818400796,-0.012727050664265604,0.6241040273746519
room_plus_nbs_alpha,Physical,2,2,380,77,78,19,2,8.42246642670074,23.31752323962628,0.020773925874369437,0.7638150666321033
room_plus_nbs_alpha,Morgan+Physical,2,2,380,77,78,19,2,8.216419616302886,23.188885393682682,0.031548489619389386,0.7853410528069473
room_plus_nbs_alpha,Morgan,2,3,358,99,78,19,2,5.3638431406194504,6.41748197316443,0.42302779635107035,0.689508755078189
room_plus_nbs_alpha,Physical,2,3,358,99,78,19,2,4.010926981461651,7.3302437631184665,0.24722981372405417,0.8326879565412725
room_plus_nbs_alpha,Morgan+Physical,2,3,358,99,78,19,2,4.0701004616014895,6.012337213702366,0.49357838033630375,0.7649070095445216
room_plus_nbs_alpha,Morgan,2,4,366,91,78,19,2,15.364694404099014,18.23121267895863,-0.30200788879157603,0.6883674255525745
room_plus_nbs_alpha,Physical,2,4,366,91,78,19,2,10.850327174343906,12.808002796462697,0.35739318324302616,0.8818637456016063
room_plus_nbs_alpha,Morgan+Physical,2,4,366,91,78,19,2,4.958819363269176,6.846325663092566,0.8163894599398678,0.8922472838077797
room_plus_nbs_alpha,Morgan,3,0,348,109,77,20,2,9.850515186288819,18.62346037511424,0.12545782623629465,0.6104419011502987
room_plus_nbs_alpha,Physical,3,0,348,109,77,20,2,6.142642132893834,16.80374241964947,0.2880130547355193,0.8250352350584291
room_plus_nbs_alpha,Morgan+Physical,3,0,348,109,77,20,2,7.29893000540077,16.970980035099377,0.2737705702640153,0.7942790639756068
room_plus_nbs_alpha,Morgan,3,1,417,40,77,20,2,12.151753050231934,23.505476467129622,0.08449442878266733,0.6081145035610794
room_plus_nbs_alpha,Physical,3,1,417,40,77,20,2,11.419181849384307,16.802381298398416,0.5321953380190958,0.7475719118773234
room_plus_nbs_alpha,Morgan+Physical,3,1,417,40,77,20,2,11.176153454208373,17.687242639693366,0.48162608317453703,0.7800403586870334
room_plus_nbs_alpha,Morgan,3,2,295,162,78,19,2,10.85950156441206,13.008316903320488,0.20059838194627222,0.5823115628924441
room_plus_nbs_alpha,Physical,3,2,295,162,78,19,2,9.463722945505307,13.565347227486953,0.13067006334100628,0.6988900303083946
room_plus_nbs_alpha,Morgan+Physical,3,2,295,162,78,19,2,7.588854920997147,9.210485034360852,0.5992368251242775,0.759869921985364
room_plus_nbs_alpha,Morgan,3,3,366,91,78,19,2,11.824455937027144,18.861687747531708,0.24200424139319576,0.7630677558307558
room_plus_nbs_alpha,Physical,3,3,366,91,78,19,2,8.779755865294067,15.248910042728042,0.5045688849122831,0.9261417358608899
room_plus_nbs_alpha,Morgan+Physical,3,3,366,91,78,19,2,9.859591257753477,16.18767649810464,0.4416908993512543,0.9065130053488062
room_plus_nbs_alpha,Morgan,3,4,402,55,78,19,2,10.476464447515315,15.382098398837563,-0.809372282324345,0.18214316351441348
room_plus_nbs_alpha,Physical,3,4,402,55,78,19,2,6.815762493367282,8.693420441433197,0.42206615194078767,0.9263910562452322
room_plus_nbs_alpha,Morgan+Physical,3,4,402,55,78,19,2,6.146781192232999,9.456184854834097,0.31620067207733094,0.6669564540878915
room_plus_nbs_alpha,Morgan,4,0,398,59,77,20,2,10.275598775443386,21.91928107986351,0.055691551084629975,0.24109108692760567
room_plus_nbs_alpha,Physical,4,0,398,59,77,20,2,10.018718091447475,21.984125415829944,0.05009614604355905,0.7522434060024592
room_plus_nbs_alpha,Morgan+Physical,4,0,398,59,77,20,2,7.547766796241373,20.826170472885252,0.14752804211947457,0.7642962332509257
room_plus_nbs_alpha,Morgan,4,1,340,117,77,20,2,7.534073092740051,11.860218700221338,-0.4724501317174197,0.4417181414495794
room_plus_nbs_alpha,Physical,4,1,340,117,77,20,2,4.532445599264813,6.388298472285189,0.5728055535124601,0.6715320824433731
room_plus_nbs_alpha,Morgan+Physical,4,1,340,117,77,20,2,5.2746990790186175,8.578426891472658,0.22968117864754212,0.5444325543744014
room_plus_nbs_alpha,Morgan,4,2,346,111,78,19,2,13.628407963259583,20.004464658648356,0.008600713012182903,0.5976345029663745
room_plus_nbs_alpha,Physical,4,2,346,111,78,19,2,22.936898516091357,31.751112198566634,-1.497540964134898,0.7387760103257274
room_plus_nbs_alpha,Morgan+Physical,4,2,346,111,78,19,2,13.9012309038798,19.794813898747293,0.029271945688286616,0.7179822728717185
room_plus_nbs_alpha,Morgan,4,3,384,73,78,19,2,6.7408485747245885,15.66387906156617,0.30634862332241797,0.6533266904597351
room_plus_nbs_alpha,Physical,4,3,384,73,78,19,2,6.148819236969621,9.196339849188064,0.7609038218305094,0.8488103803598815
room_plus_nbs_alpha,Morgan+Physical,4,3,384,73,78,19,2,5.596624973432985,11.567472220015118,0.6217146345870856,0.9067183158388754
room_plus_nbs_alpha,Morgan,4,4,360,97,78,19,2,13.21303199697278,17.750742231435936,-0.22986644536605394,0.6568263533135187
room_plus_nbs_alpha,Physical,4,4,360,97,78,19,2,10.557906734112612,12.131015387657724,0.42559365949690564,0.8450560416307779
room_plus_nbs_alpha,Morgan+Physical,4,4,360,97,78,19,2,5.49253489630001,6.485039659019553,0.8358464835057532,0.9002623815126776
room_plus_nbs_alpha,Morgan,5,0,394,63,77,20,2,7.254420235648988,16.439888323483142,0.08118742397029144,0.7334547289529771
room_plus_nbs_alpha,Physical,5,0,394,63,77,20,2,5.966188994483343,8.74071792901914,0.7402692225190939,0.5885187437110563
room_plus_nbs_alpha,Morgan+Physical,5,0,394,63,77,20,2,6.081107370406863,12.079788402980592,0.5039244086638122,0.6797694451847752
room_plus_nbs_alpha,Morgan,5,1,376,81,77,20,2,9.172393744631167,11.83284381052476,0.4934684910716626,0.8023833752067941
room_plus_nbs_alpha,Physical,5,1,376,81,77,20,2,10.217092317143193,16.024551755520005,0.07103365139892448,0.8078976625347967
room_plus_nbs_alpha,Morgan+Physical,5,1,376,81,77,20,2,7.208360299673196,11.070033965774932,0.5566710331882962,0.8151488858750777
room_plus_nbs_alpha,Morgan,5,2,346,111,78,19,2,15.031620462487023,22.43039536883135,0.09189270466542254,0.47149653428813326
room_plus_nbs_alpha,Physical,5,2,346,111,78,19,2,7.958037581281232,16.76149486562976,0.49290561243365916,0.9162915583209369
room_plus_nbs_alpha,Morgan+Physical,5,2,346,111,78,19,2,11.276307279621845,19.109170589355127,0.34090657074110486,0.8327631807221936
room_plus_nbs_alpha,Morgan,5,3,329,128,78,19,2,6.0287598174572,8.74038531179953,0.3287868187874422,0.8442322922595502
room_plus_nbs_alpha,Physical,5,3,329,128,78,19,2,9.421134188424052,12.291535829710218,-0.32742998131931866,0.910920578272169
room_plus_nbs_alpha,Morgan+Physical,5,3,329,128,78,19,2,3.4712881232678887,4.185467716234885,0.8460827439704379,0.903301346094204
room_plus_nbs_alpha,Morgan,5,4,383,74,78,19,2,12.516003713968637,20.629905716388055,0.0882375642346862,0.6334981469037098
room_plus_nbs_alpha,Physical,5,4,383,74,78,19,2,8.843708330463718,15.249782533928839,0.501787625420629,0.7270291163958881
room_plus_nbs_alpha,Morgan+Physical,5,4,383,74,78,19,2,10.594031879425048,17.234897187318094,0.3636374649824745,0.7162635870458419
room_plus_nbs_alpha,Morgan,6,0,414,43,77,20,2,11.0422242153079,20.548884462955137,0.08691594692311233,0.5194802158142786
room_plus_nbs_alpha,Physical,6,0,414,43,77,20,2,9.321354539538538,11.746150092689502,0.7016504760233113,0.7268626951946157
room_plus_nbs_alpha,Morgan+Physical,6,0,414,43,77,20,2,9.945037274116693,15.086454738359908,0.5078373574698719,0.7016036002298561
room_plus_nbs_alpha,Morgan,6,1,397,60,77,20,2,13.966465471013388,23.608422842093464,0.09766006923418924,0.8408078806650149
room_plus_nbs_alpha,Physical,6,1,397,60,77,20,2,7.789210984293619,13.535405527273499,0.7033947934849608,0.829818282905868
room_plus_nbs_alpha,Morgan+Physical,6,1,397,60,77,20,2,10.417133077367147,18.230070273670155,0.4619620468347728,0.8532209136811216
room_plus_nbs_alpha,Morgan,6,2,331,126,78,19,2,15.740486170438736,19.218832892251406,-2.49578905194409,-0.5192273686056881
room_plus_nbs_alpha,Physical,6,2,331,126,78,19,2,7.426831438900175,10.911377439256139,-0.12680912281046264,0.8912734136052038
room_plus_nbs_alpha,Morgan+Physical,6,2,331,126,78,19,2,11.01281928669763,12.6826858576466,-0.5223470411463269,0.7049037600614702
room_plus_nbs_alpha,Morgan,6,3,333,124,78,19,2,6.7340923874270535,9.077997580810711,0.422967006833706,0.8493674724113045
room_plus_nbs_alpha,Physical,6,3,333,124,78,19,2,11.042741746874777,15.279423141232988,-0.6346863520026957,0.8061325890295454
room_plus_nbs_alpha,Morgan+Physical,6,3,333,124,78,19,2,5.201519156474452,6.5971789717704326,0.6952546747587202,0.8462529794372449
room_plus_nbs_alpha,Morgan,6,4,353,104,78,19,2,15.48650596010208,23.2741685374006,-0.2627484084872047,0.2879003521272135
room_plus_nbs_alpha,Physical,6,4,353,104,78,19,2,9.145784715748567,17.151395585046593,0.3142474874005705,0.8500312796085883
room_plus_nbs_alpha,Morgan+Physical,6,4,353,104,78,19,2,11.253546423696374,19.511635665230624,0.11252559670681872,0.7710866551520772
room_plus_nbs_alpha,Morgan,7,0,343,114,77,20,2,5.619109242302075,8.464374171458367,0.5847239869889165,0.9099401094819854
room_plus_nbs_alpha,Physical,7,0,343,114,77,20,2,4.8434801620818035,7.732123225494434,0.6534669403718829,0.9086554654924057
room_plus_nbs_alpha,Morgan+Physical,7,0,343,114,77,20,2,3.581878805541993,6.220808749569855,0.7756940266254728,0.9184135971820113
room_plus_nbs_alpha,Morgan,7,1,380,77,77,20,2,18.662115705613967,24.250664021400894,-0.3619639650613853,0.5207328803931845
room_plus_nbs_alpha,Physical,7,1,380,77,77,20,2,6.953111736941648,10.136201724999312,0.762059243686687,0.9524169949712947
room_plus_nbs_alpha,Morgan+Physical,7,1,380,77,77,20,2,9.93418498665946,14.411419005535262,0.5190146616791713,0.7196230099796723
room_plus_nbs_alpha,Morgan,7,2,377,80,78,19,2,8.500720731601714,10.204867163487597,0.1664298053639257,0.7306705192333308
room_plus_nbs_alpha,Physical,7,2,377,80,78,19,2,9.913192405209541,15.874709253159441,-1.017153859337537,0.7043363707009475
room_plus_nbs_alpha,Morgan+Physical,7,2,377,80,78,19,2,8.77386255703926,11.961793153404813,-0.14530206064585105,0.7168385651783625
room_plus_nbs_alpha,Morgan,7,3,379,78,78,19,2,7.380298582376334,19.28050336423922,0.12029909270614592,0.36258667435947456
room_plus_nbs_alpha,Physical,7,3,379,78,78,19,2,8.592601729795016,18.035286987631665,0.23025935623936677,0.3882573778651044
room_plus_nbs_alpha,Morgan+Physical,7,3,379,78,78,19,2,7.733531752988374,18.140311606434555,0.22126841532109753,0.34782480256920184
room_plus_nbs_alpha,Morgan,7,4,349,108,78,19,2,13.510199314258715,20.434073694614103,-0.4081088632485337,0.7830831304933195
room_plus_nbs_alpha,Physical,7,4,349,108,78,19,2,13.367357274090804,19.872779973174207,-0.33181398145879903,0.8491928561176181
room_plus_nbs_alpha,Morgan+Physical,7,4,349,108,78,19,2,8.123930717326976,14.345587406100723,0.30599437040467303,0.8612619026889456
room_plus_nbs_alpha,Morgan,8,0,321,136,77,20,2,8.401872533820656,16.22021713993842,0.241940556590863,0.663524753428235
room_plus_nbs_alpha,Physical,8,0,321,136,77,20,2,6.780988386664671,14.766398912327006,0.3717404079762574,0.7959196295599555
room_plus_nbs_alpha,Morgan+Physical,8,0,321,136,77,20,2,4.62637823749991,14.254352710927337,0.4145565704334083,0.9460098629571597
room_plus_nbs_alpha,Morgan,8,1,375,82,77,20,2,10.659687834070718,12.767035486422492,0.304071524234966,0.5221556873692655
room_plus_nbs_alpha,Physical,8,1,375,82,77,20,2,7.568493791562522,9.433733557535861,0.620027918249378,0.8676669344173308
room_plus_nbs_alpha,Morgan+Physical,8,1,375,82,77,20,2,5.826374968604112,8.629056735436484,0.6820849227164143,0.877977987510531
room_plus_nbs_alpha,Morgan,8,2,377,80,78,19,2,4.967265239295959,5.7639260575267945,0.667375773836971,0.8376032487957459
room_plus_nbs_alpha,Physical,8,2,377,80,78,19,2,3.743351810750961,4.893909461763103,0.7602111766255887,0.9062683070249664
room_plus_nbs_alpha,Morgan+Physical,8,2,377,80,78,19,2,4.287821518955231,4.847702554902868,0.764717836700173,0.8902590979353624
room_plus_nbs_alpha,Morgan,8,3,406,51,78,19,2,17.606692211824303,29.3595783018521,-0.12721636982644902,0.41105938332601916
room_plus_nbs_alpha,Physical,8,3,406,51,78,19,2,11.724694322473862,18.386214496291974,0.5579287159982634,0.6711316206643916
room_plus_nbs_alpha,Morgan+Physical,8,3,406,51,78,19,2,13.586482566160313,23.25847140490252,0.29259195020031825,0.7169801021954824
room_plus_nbs_alpha,Morgan,8,4,349,108,78,19,2,13.178153026439523,17.44241166153482,-0.2296731940218506,0.41322385157165115
room_plus_nbs_alpha,Physical,8,4,349,108,78,19,2,9.404836177402071,11.906281650747767,0.4270338763583048,0.8789322472002309
room_plus_nbs_alpha,Morgan+Physical,8,4,349,108,78,19,2,6.086814402756866,8.624860643575998,0.6993364264975831,0.8578608206575843
room_plus_nbs_alpha,Morgan,9,0,389,68,77,20,2,9.872007392883301,17.598002881008338,0.1776076775296016,0.7566212274031847
room_plus_nbs_alpha,Physical,9,0,389,68,77,20,2,5.173490452149335,7.156932765690814,0.8639789405986322,0.8869440470918459
room_plus_nbs_alpha,Morgan+Physical,9,0,389,68,77,20,2,6.62059911624123,11.22280572700806,0.6655315415420641,0.9042384877515414
room_plus_nbs_alpha,Morgan,9,1,351,106,77,20,2,13.192489055417619,17.479404123300643,-0.4505420380820542,0.751295310237066
room_plus_nbs_alpha,Physical,9,1,351,106,77,20,2,7.085159941439358,8.504843213125525,0.6565925628030362,0.9459541490014972
room_plus_nbs_alpha,Morgan+Physical,9,1,351,106,77,20,2,4.89398926644955,6.556161506444328,0.7959313177828,0.941634981317386
room_plus_nbs_alpha,Morgan,9,2,359,98,78,19,2,6.476206584323181,17.416933767468908,0.10253416671490678,0.6649451981336082
room_plus_nbs_alpha,Physical,9,2,359,98,78,19,2,6.4684561367268465,16.54375954003189,0.19026494449631215,0.8743045738103571
room_plus_nbs_alpha,Morgan+Physical,9,2,359,98,78,19,2,5.1250929871228275,16.513625049946246,0.19321212584907277,0.7781440020548115
room_plus_nbs_alpha,Morgan,9,3,366,91,78,19,2,13.56390558754722,24.391372783054692,-2.5749084907470885,0.29690745033829374
room_plus_nbs_alpha,Physical,9,3,366,91,78,19,2,18.52168444608835,25.995952880311574,-3.0607282242660805,0.664008402372532
room_plus_nbs_alpha,Morgan+Physical,9,3,366,91,78,19,2,12.971772485423664,18.66658242359364,-1.0937367040586352,0.6233533451187744
room_plus_nbs_alpha,Morgan,9,4,363,94,78,19,2,16.74775615171067,20.779215943209792,0.11983941321159719,0.5144819550393203
room_plus_nbs_alpha,Physical,9,4,363,94,78,19,2,21.91584484959055,24.95811034233388,-0.26977568125889073,0.22595656527150423
room_plus_nbs_alpha,Morgan+Physical,9,4,363,94,78,19,2,19.08120136673298,22.06595312600233,0.007457785981235809,0.24271673969570282
room_plus_null_block_one_column,Morgan,0,0,328,129,77,20,1,15.80106188420732,19.79736735084448,-1.2465833595490716,-0.2692634868251015
room_plus_null_block_one_column,Physical,0,0,328,129,77,20,1,16.813679123220517,20.427336532842467,-1.3918345880833192,0.48585321269410253
room_plus_null_block_one_column,Morgan+Physical,0,0,328,129,77,20,1,8.535087613837662,10.36632537467007,0.3840331688776798,0.41707650303906135
room_plus_null_block_one_column,Morgan,0,1,321,136,77,20,1,13.270327840625537,17.482831436499804,-0.31308848270569967,-0.022933490707184263
room_plus_null_block_one_column,Physical,0,1,321,136,77,20,1,3.307021989244573,5.668658822778344,0.8619516914738538,0.9670836093591461
room_plus_null_block_one_column,Morgan+Physical,0,1,321,136,77,20,1,7.8439917722477634,10.53989806460443,0.5227529276829894,0.47916723566212377
room_plus_null_block_one_column,Morgan,0,2,385,72,78,19,1,6.268117459636264,8.857746930671421,0.02993889940388106,0.0495327547692496
room_plus_null_block_one_column,Physical,0,2,385,72,78,19,1,9.308423866356744,12.474671633249033,-0.9240253896162816,0.27305215729869864
room_plus_null_block_one_column,Morgan+Physical,0,2,385,72,78,19,1,6.0877703721576255,9.560169080170072,-0.13001367683276088,0.2217969105618593
room_plus_null_block_one_column,Morgan,0,3,411,46,78,19,1,9.867929656318998,26.08893468095654,0.08617721016724211,0.5992786766114082
room_plus_null_block_one_column,Physical,0,3,411,46,78,19,1,8.64191753669407,24.633851440126524,0.18526958418277717,0.6733595915539675
room_plus_null_block_one_column,Morgan+Physical,0,3,411,46,78,19,1,8.260939575195316,25.063599218273414,0.1565950055277604,0.8572200793375411
room_plus_null_block_one_column,Morgan,0,4,383,74,78,19,1,16.23708513894571,23.56896636951814,-0.15007120440533428,0.26297376646379506
room_plus_null_block_one_column,Physical,0,4,383,74,78,19,1,8.272585540751896,10.820278722864392,0.7576067329170907,0.8878564146191391
room_plus_null_block_one_column,Morgan+Physical,0,4,383,74,78,19,1,10.458074043537863,16.165934297771763,0.45894019079309956,0.8240674307013334
room_plus_null_block_one_column,Morgan,1,0,355,102,77,20,1,7.422386764436608,9.0745583131983,0.20807070838327002,0.8218613040372529
room_plus_null_block_one_column,Physical,1,0,355,102,77,20,1,7.349175742852453,12.395551005962899,-0.47763472544244334,0.6088409281625867
room_plus_null_block_one_column,Morgan+Physical,1,0,355,102,77,20,1,5.603825435743144,9.115596223958578,0.20089182255084503,0.8844449334630808
room_plus_null_block_one_column,Morgan,1,1,379,78,77,20,1,10.373795394035241,24.03312431702561,0.05557654826417158,0.40165403100884084
room_plus_null_block_one_column,Physical,1,1,379,78,77,20,1,6.892910518652109,22.17913817842821,0.19566747598397694,0.9076966789902198
room_plus_null_block_one_column,Morgan+Physical,1,1,379,78,77,20,1,8.253264741830092,22.813449133562212,0.14900266863864964,0.8842332152275425
room_plus_null_block_one_column,Morgan,1,2,365,92,78,19,1,14.909710118003515,17.71454997500406,-0.09923459961854486,0.8444538729664535
room_plus_null_block_one_column,Physical,1,2,365,92,78,19,1,6.206499899428823,7.51990205836421,0.8019136678259919,0.9209838864307536
room_plus_null_block_one_column,Morgan+Physical,1,2,365,92,78,19,1,6.071421061971914,7.405299454243712,0.8079052956897623,0.9278338332021424
room_plus_null_block_one_column,Morgan,1,3,346,111,78,19,1,10.381847117738465,17.313417386600925,0.18810830258250388,0.772040636346388
room_plus_null_block_one_column,Physical,1,3,346,111,78,19,1,11.90387342549573,18.71638477214659,0.051196163806513484,0.8887103473661541
room_plus_null_block_one_column,Morgan+Physical,1,3,346,111,78,19,1,9.471266706566336,15.427033057067794,0.3553895785255854,0.8729671534681277
room_plus_null_block_one_column,Morgan,1,4,383,74,78,19,1,11.551480190586398,15.450778074813183,-0.1837775780761315,0.6054307253727218
room_plus_null_block_one_column,Physical,1,4,383,74,78,19,1,16.3881599169293,21.87012519822106,-1.3717665454216417,0.8016379021469927
room_plus_null_block_one_column,Morgan+Physical,1,4,383,74,78,19,1,7.211556487212312,10.698595985507888,0.4324253691963327,0.8765048976741162
room_plus_null_block_one_column,Morgan,2,0,383,74,77,20,1,17.0548245483151,24.08207313108728,-0.18621941806634967,0.03218028789198679
room_plus_null_block_one_column,Physical,2,0,383,74,77,20,1,11.845681760020902,15.878192955186083,0.484321009740071,0.7580306956685804
room_plus_null_block_one_column,Morgan+Physical,2,0,383,74,77,20,1,14.214236989053262,19.842532689289452,0.19467441614029224,0.4715568811756496
room_plus_null_block_one_column,Morgan,2,1,341,116,77,20,1,6.299133330141264,7.992154460880511,0.14118488551702402,0.8904115261760212
room_plus_null_block_one_column,Physical,2,1,341,116,77,20,1,7.015778300489228,11.187245326197019,-0.682744831794281,0.49018267126733556
room_plus_null_block_one_column,Morgan+Physical,2,1,341,116,77,20,1,5.450282066312329,8.328331809786091,0.06741595552528212,0.7930997731890564
room_plus_null_block_one_column,Morgan,2,2,380,77,78,19,1,9.717596913622572,23.713034818400796,-0.012727050664265604,0.6241040273746519
room_plus_null_block_one_column,Physical,2,2,380,77,78,19,1,8.672319656471153,23.279665337500823,0.023951051526527656,0.7651654052482375
room_plus_null_block_one_column,Morgan+Physical,2,2,380,77,78,19,1,8.131948891181452,23.153733067515343,0.03448244003910872,0.7830110567634218
room_plus_null_block_one_column,Morgan,2,3,358,99,78,19,1,5.3638431406194504,6.41748197316443,0.42302779635107035,0.689508755078189
room_plus_null_block_one_column,Physical,2,3,358,99,78,19,1,3.94864569385413,7.267936310433009,0.25997259677096507,0.8359471815906775
room_plus_null_block_one_column,Morgan+Physical,2,3,358,99,78,19,1,4.034170853978938,5.943337534581416,0.5051354235956074,0.7782367240364528
room_plus_null_block_one_column,Morgan,2,4,366,91,78,19,1,15.364694404099014,18.23121267895863,-0.30200788879157603,0.6883674255525745
room_plus_null_block_one_column,Physical,2,4,366,91,78,19,1,7.748014164935101,8.99597809952252,0.6829853884916763,0.8909861916281656
room_plus_null_block_one_column,Morgan+Physical,2,4,366,91,78,19,1,6.478507438827346,8.070312098942203,0.7448690410959776,0.902860111501156
room_plus_null_block_one_column,Morgan,3,0,348,109,77,20,1,9.850515186288819,18.62346037511424,0.12545782623629465,0.6104419011502987
room_plus_null_block_one_column,Physical,3,0,348,109,77,20,1,6.295412146353066,16.971693385615257,0.27370951698068713,0.7994963178920611
room_plus_null_block_one_column,Morgan+Physical,3,0,348,109,77,20,1,7.359871990294849,17.022950225424637,0.26931589874203055,0.7681644523536817
room_plus_null_block_one_column,Morgan,3,1,417,40,77,20,1,12.151753050231934,23.505476467129622,0.08449442878266733,0.6081145035610794
room_plus_null_block_one_column,Physical,3,1,417,40,77,20,1,11.47213410320282,17.503242680793697,0.4923552464871943,0.7288040235480113
room_plus_null_block_one_column,Morgan+Physical,3,1,417,40,77,20,1,11.194820615673065,17.528610517636885,0.49088269861793776,0.7791019642705678
room_plus_null_block_one_column,Morgan,3,2,295,162,78,19,1,10.85950156441206,13.008316903320488,0.20059838194627222,0.5823115628924441
room_plus_null_block_one_column,Physical,3,2,295,162,78,19,1,11.25671924168151,15.253715978838525,-0.09919341331678666,0.7429043262200059
room_plus_null_block_one_column,Morgan+Physical,3,2,295,162,78,19,1,7.428329084523519,9.15096955871647,0.6043993219522003,0.7933904062726901
room_plus_null_block_one_column,Morgan,3,3,366,91,78,19,1,11.824455937027144,18.861687747531708,0.24200424139319576,0.7630677558307558
room_plus_null_block_one_column,Physical,3,3,366,91,78,19,1,8.863075178217626,15.808664158079521,0.46752892564250326,0.9107574511127186
room_plus_null_block_one_column,Morgan+Physical,3,3,366,91,78,19,1,9.991903959052117,16.274669098632092,0.435674067365582,0.8896837333253712
room_plus_null_block_one_column,Morgan,3,4,402,55,78,19,1,10.476464447515315,15.382098398837563,-0.809372282324345,0.18214316351441348
room_plus_null_block_one_column,Physical,3,4,402,55,78,19,1,6.431871093463551,8.194400121198203,0.48651105861529975,0.9209346358409135
room_plus_null_block_one_column,Morgan+Physical,3,4,402,55,78,19,1,6.085768041931153,9.385233055696338,0.3264235637225328,0.6596084746100757
room_plus_null_block_one_column,Morgan,4,0,398,59,77,20,1,10.275598775443386,21.91928107986351,0.055691551084629975,0.24109108692760567
room_plus_null_block_one_column,Physical,4,0,398,59,77,20,1,10.008199193210928,22.040793321912318,0.045192749774831786,0.749263651393414
room_plus_null_block_one_column,Morgan+Physical,4,0,398,59,77,20,1,7.481211401923228,20.8833694470754,0.14283899169171754,0.7492047516487875
room_plus_null_block_one_column,Morgan,4,1,340,117,77,20,1,7.534073092740051,11.860218700221338,-0.4724501317174197,0.4417181414495794
room_plus_null_block_one_column,Physical,4,1,340,117,77,20,1,4.9481397575254515,7.518917069433918,0.4082124967848457,0.6452284067491165
room_plus_null_block_one_column,Morgan+Physical,4,1,340,117,77,20,1,5.518494037671212,9.263269916821171,0.10177768935997111,0.5378903937768581
room_plus_null_block_one_column,Morgan,4,2,346,111,78,19,1,13.628407963259583,20.004464658648356,0.008600713012182903,0.5976345029663745
room_plus_null_block_one_column,Physical,4,2,346,111,78,19,1,22.126140777041464,30.264511465111553,-1.2691440703488581,0.7491512296854659
room_plus_null_block_one_column,Morgan+Physical,4,2,346,111,78,19,1,13.682591409817256,19.614815538498075,0.04684574388212703,0.7221909088036308
room_plus_null_block_one_column,Morgan,4,3,384,73,78,19,1,6.7408485747245885,15.66387906156617,0.30634862332241797,0.6533266904597351
room_plus_null_block_one_column,Physical,4,3,384,73,78,19,1,6.347897359200046,9.379973095721052,0.7512599053409721,0.829550799597269
room_plus_null_block_one_column,Morgan+Physical,4,3,384,73,78,19,1,5.737289377688054,11.596672299499112,0.6198023923379747,0.911818109252579
room_plus_null_block_one_column,Morgan,4,4,360,97,78,19,1,13.21303199697278,17.750742231435936,-0.22986644536605394,0.6568263533135187
room_plus_null_block_one_column,Physical,4,4,360,97,78,19,1,11.738292813232265,13.353472935271807,0.30399336619383255,0.8221565810483663
room_plus_null_block_one_column,Morgan+Physical,4,4,360,97,78,19,1,5.459056041442241,6.478515483874059,0.8361766056434718,0.8867030476679644
room_plus_null_block_one_column,Morgan,5,0,394,63,77,20,1,7.254420235648988,16.439888323483142,0.08118742397029144,0.7334547289529771
room_plus_null_block_one_column,Physical,5,0,394,63,77,20,1,6.416412981245252,9.403075905784076,0.6994137650206447,0.5895022726509555
room_plus_null_block_one_column,Morgan+Physical,5,0,394,63,77,20,1,6.262161107260083,12.425030961870503,0.4751633387922294,0.7035494543609411
room_plus_null_block_one_column,Morgan,5,1,376,81,77,20,1,9.172393744631167,11.83284381052476,0.4934684910716626,0.8023833752067941
room_plus_null_block_one_column,Physical,5,1,376,81,77,20,1,10.502915087532703,16.371130863945567,0.030415727871055176,0.8049773898208411
room_plus_null_block_one_column,Morgan+Physical,5,1,376,81,77,20,1,7.301862316093915,11.12840924119676,0.5519831188996176,0.8170156460265119
room_plus_null_block_one_column,Morgan,5,2,346,111,78,19,1,15.031620462487023,22.43039536883135,0.09189270466542254,0.47149653428813326
room_plus_null_block_one_column,Physical,5,2,346,111,78,19,1,8.403842599079029,17.11974283320721,0.47099743198739885,0.913139222740605
room_plus_null_block_one_column,Morgan+Physical,5,2,346,111,78,19,1,11.40380507293976,19.32744407357065,0.3257636580638865,0.8171982667905592
room_plus_null_block_one_column,Morgan,5,3,329,128,78,19,1,6.0287598174572,8.74038531179953,0.3287868187874422,0.8442322922595502
room_plus_null_block_one_column,Physical,5,3,329,128,78,19,1,9.183209315526486,11.776652538672652,-0.21854912704809926,0.8872894514781365
room_plus_null_block_one_column,Morgan+Physical,5,3,329,128,78,19,1,3.3597791552424425,4.105009506030294,0.8519434402763933,0.8952062453455484
room_plus_null_block_one_column,Morgan,5,4,383,74,78,19,1,12.516003713968637,20.629905716388055,0.0882375642346862,0.6334981469037098
room_plus_null_block_one_column,Physical,5,4,383,74,78,19,1,8.798513521606857,15.381004861187447,0.4931766350036014,0.7512460977105612
room_plus_null_block_one_column,Morgan+Physical,5,4,383,74,78,19,1,10.519351759317757,17.355098113932048,0.3547301763017817,0.7365507439528574
room_plus_null_block_one_column,Morgan,6,0,414,43,77,20,1,11.0422242153079,20.548884462955137,0.08691594692311233,0.5194802158142786
room_plus_null_block_one_column,Physical,6,0,414,43,77,20,1,10.147309977597969,13.386395609683394,0.6125090458168974,0.7148778993855105
room_plus_null_block_one_column,Morgan+Physical,6,0,414,43,77,20,1,10.361312475958535,16.148496478701958,0.4361047405258768,0.7066857604780209
room_plus_null_block_one_column,Morgan,6,1,397,60,77,20,1,13.966465471013388,23.608422842093464,0.09766006923418924,0.8408078806650149
room_plus_null_block_one_column,Physical,6,1,397,60,77,20,1,7.663578650538126,13.629824845237515,0.6992422854864654,0.8438224472334851
room_plus_null_block_one_column,Morgan+Physical,6,1,397,60,77,20,1,10.516425117238363,18.27586566105029,0.4592554632057363,0.8546299704897932
room_plus_null_block_one_column,Morgan,6,2,331,126,78,19,1,15.740486170438736,19.218832892251406,-2.49578905194409,-0.5192273686056881
room_plus_null_block_one_column,Physical,6,2,331,126,78,19,1,6.832530119172352,9.522349840275881,0.14181787869597817,0.760326745913309
room_plus_null_block_one_column,Morgan+Physical,6,2,331,126,78,19,1,10.737625422874327,12.502931232068848,-0.4794997009453916,0.5692406269938564
room_plus_null_block_one_column,Morgan,6,3,333,124,78,19,1,6.7340923874270535,9.077997580810711,0.422967006833706,0.8493674724113045
room_plus_null_block_one_column,Physical,6,3,333,124,78,19,1,11.688214873316978,16.066320542927382,-0.807396242810551,0.8064771685881691
room_plus_null_block_one_column,Morgan+Physical,6,3,333,124,78,19,1,5.40854229255184,6.871682280431463,0.6693666459702892,0.8281985686164487
room_plus_null_block_one_column,Morgan,6,4,353,104,78,19,1,15.48650596010208,23.2741685374006,-0.2627484084872047,0.2879003521272135
room_plus_null_block_one_column,Physical,6,4,353,104,78,19,1,9.851469498748779,17.7584283396751,0.26484733781124514,0.6209469669266964
room_plus_null_block_one_column,Morgan+Physical,6,4,353,104,78,19,1,11.373371536516043,19.745253473015996,0.09114645303387336,0.7442851966520216
room_plus_null_block_one_column,Morgan,7,0,343,114,77,20,1,5.619109242302075,8.464374171458367,0.5847239869889165,0.9099401094819854
room_plus_null_block_one_column,Physical,7,0,343,114,77,20,1,4.655511309352674,7.510104294511552,0.6730818172736921,0.9098742095173439
room_plus_null_block_one_column,Morgan+Physical,7,0,343,114,77,20,1,3.5248161006860568,6.299774667275355,0.7699632775551526,0.9194646616598942
room_plus_null_block_one_column,Morgan,7,1,380,77,77,20,1,18.662115705613967,24.250664021400894,-0.3619639650613853,0.5207328803931845
room_plus_null_block_one_column,Physical,7,1,380,77,77,20,1,6.05977131033563,8.904665179028934,0.8163658131079842,0.9341964853671779
room_plus_null_block_one_column,Morgan+Physical,7,1,380,77,77,20,1,12.16811174734537,15.953706807412608,0.4105573448084435,0.7015964736660858
room_plus_null_block_one_column,Morgan,7,2,377,80,78,19,1,8.500720731601714,10.204867163487597,0.1664298053639257,0.7306705192333308
room_plus_null_block_one_column,Physical,7,2,377,80,78,19,1,10.286788043127059,16.83151275291788,-1.2676382119177254,0.6944384458810589
room_plus_null_block_one_column,Morgan+Physical,7,2,377,80,78,19,1,8.993720516786576,12.377966270615145,-0.22638281310650132,0.7069360186458183
room_plus_null_block_one_column,Morgan,7,3,379,78,78,19,1,7.380298582376334,19.28050336423922,0.12029909270614592,0.36258667435947456
room_plus_null_block_one_column,Physical,7,3,379,78,78,19,1,8.843503387290758,18.19757861649918,0.21634391101640493,0.44117785839738066
room_plus_null_block_one_column,Morgan+Physical,7,3,379,78,78,19,1,7.74705699444893,18.199647879894343,0.21616568037486739,0.4143563021508607
room_plus_null_block_one_column,Morgan,7,4,349,108,78,19,1,13.510199314258715,20.434073694614103,-0.4081088632485337,0.7830831304933195
room_plus_null_block_one_column,Physical,7,4,349,108,78,19,1,12.30610401393749,18.285267046568897,-0.12753215572483922,0.8530555764117806
room_plus_null_block_one_column,Morgan+Physical,7,4,349,108,78,19,1,7.741182987707632,14.121129228377717,0.3275419816996501,0.8610729441053908
room_plus_null_block_one_column,Morgan,8,0,321,136,77,20,1,8.401872533820656,16.22021713993842,0.241940556590863,0.663524753428235
room_plus_null_block_one_column,Physical,8,0,321,136,77,20,1,7.152027957865771,14.947156372079991,0.35626504717669716,0.7836665429968231
room_plus_null_block_one_column,Morgan+Physical,8,0,321,136,77,20,1,4.5275370130538946,14.212134773949572,0.418019317931995,0.9370948080335896
room_plus_null_block_one_column,Morgan,8,1,375,82,77,20,1,10.659687834070718,12.767035486422492,0.304071524234966,0.5221556873692655
room_plus_null_block_one_column,Physical,8,1,375,82,77,20,1,7.745825946394756,9.65730711194648,0.601804304148823,0.8706896853747377
room_plus_null_block_one_column,Morgan+Physical,8,1,375,82,77,20,1,5.724579528302448,8.553333971611341,0.6876400565105998,0.8863620341368019
room_plus_null_block_one_column,Morgan,8,2,377,80,78,19,1,4.967265239295959,5.7639260575267945,0.667375773836971,0.8376032487957459
room_plus_null_block_one_column,Physical,8,2,377,80,78,19,1,3.8780079598999024,4.967059984842627,0.7529892324896796,0.9065576300808025
room_plus_null_block_one_column,Morgan+Physical,8,2,377,80,78,19,1,4.355149846849441,4.920742623157026,0.7575744577546119,0.9003612946349769
room_plus_null_block_one_column,Morgan,8,3,406,51,78,19,1,17.606692211824303,29.3595783018521,-0.12721636982644902,0.41105938332601916
room_plus_null_block_one_column,Physical,8,3,406,51,78,19,1,11.660140089296824,18.11269002771536,0.5709839203137075,0.6868779335119303
room_plus_null_block_one_column,Morgan+Physical,8,3,406,51,78,19,1,13.50858775808297,23.195377341351925,0.2964247652286427,0.6967254831665344
room_plus_null_block_one_column,Morgan,8,4,349,108,78,19,1,13.178153026439523,17.44241166153482,-0.2296731940218506,0.41322385157165115
room_plus_null_block_one_column,Physical,8,4,349,108,78,19,1,6.710480663529148,9.58106850497027,0.6289738393241531,0.8646000372435368
room_plus_null_block_one_column,Morgan+Physical,8,4,349,108,78,19,1,7.700482843999508,10.156559115883962,0.5830635705565836,0.8590307580300776
room_plus_null_block_one_column,Morgan,9,0,389,68,77,20,1,9.872007392883301,17.598002881008338,0.1776076775296016,0.7566212274031847
room_plus_null_block_one_column,Physical,9,0,389,68,77,20,1,5.039736285013311,7.392068810696052,0.8548943642670449,0.9383233491146434
room_plus_null_block_one_column,Morgan+Physical,9,0,389,68,77,20,1,6.624953436234418,11.496456243138162,0.6490217051610443,0.9176923984572701
room_plus_null_block_one_column,Morgan,9,1,351,106,77,20,1,13.192489055417619,17.479404123300643,-0.4505420380820542,0.751295310237066
room_plus_null_block_one_column,Physical,9,1,351,106,77,20,1,7.320071064751103,9.175886451500292,0.6002641179150441,0.9442187379766248
room_plus_null_block_one_column,Morgan+Physical,9,1,351,106,77,20,1,4.539084216423754,6.19344377367405,0.8178867808090059,0.9328786510755454
room_plus_null_block_one_column,Morgan,9,2,359,98,78,19,1,6.476206584323181,17.416933767468908,0.10253416671490678,0.6649451981336082
room_plus_null_block_one_column,Physical,9,2,359,98,78,19,1,6.4056712932820234,16.53485922664495,0.19113596261428134,0.8766213094219263
room_plus_null_block_one_column,Morgan+Physical,9,2,359,98,78,19,1,5.094014541454705,16.530722491458544,0.19154063951125,0.7477825721979315
room_plus_null_block_one_column,Morgan,9,3,366,91,78,19,1,13.56390558754722,24.391372783054692,-2.5749084907470885,0.29690745033829374
room_plus_null_block_one_column,Physical,9,3,366,91,78,19,1,18.61420558302198,26.359881356987223,-3.1752198086813292,0.7032689769319783
room_plus_null_block_one_column,Morgan+Physical,9,3,366,91,78,19,1,13.030972140139067,18.619359001648654,-1.0831564764905104,0.6219168253848386
room_plus_null_block_one_column,Morgan,9,4,363,94,78,19,1,16.74775615171067,20.779215943209792,0.11983941321159719,0.5144819550393203
room_plus_null_block_one_column,Physical,9,4,363,94,78,19,1,26.01775704370052,29.016550751575846,-0.7163077990729851,0.041902819543036963
room_plus_null_block_one_column,Morgan+Physical,9,4,363,94,78,19,1,21.146009481779057,23.951724742089908,-0.16943796387974763,0.11412497387264017
room_plus_emp_slope_leaky_all,Morgan,0,0,328,129,77,20,1,15.80106188420732,19.79736735084448,-1.2465833595490716,-0.2692634868251015
room_plus_emp_slope_leaky_all,Physical,0,0,328,129,77,20,1,7.458245642462442,10.333128644533593,0.38797195004451324,0.634279803558137
room_plus_emp_slope_leaky_all,Morgan+Physical,0,0,328,129,77,20,1,10.479538547249726,12.998574711912115,0.03150111800449007,0.5926406087574896
room_plus_emp_slope_leaky_all,Morgan,0,1,321,136,77,20,1,13.270327840625537,17.482831436499804,-0.31308848270569967,-0.022933490707184263
room_plus_emp_slope_leaky_all,Physical,0,1,321,136,77,20,1,4.7645198252509635,9.782758010255963,0.5888568365491478,0.9462401274285269
room_plus_emp_slope_leaky_all,Morgan+Physical,0,1,321,136,77,20,1,8.38171497736538,12.432689338824575,0.33595025341931206,0.6687180559735303
room_plus_emp_slope_leaky_all,Morgan,0,2,385,72,78,19,1,6.268117459636264,8.857746930671421,0.02993889940388106,0.0495327547692496
room_plus_emp_slope_leaky_all,Physical,0,2,385,72,78,19,1,7.488741890557609,12.991843680159871,-1.0868638994651367,0.2121691634113736
room_plus_emp_slope_leaky_all,Morgan+Physical,0,2,385,72,78,19,1,6.782318946011862,9.968808463313014,-0.22868075768843665,0.19295613248842772
room_plus_emp_slope_leaky_all,Morgan,0,3,411,46,78,19,1,9.867929656318998,26.08893468095654,0.08617721016724211,0.5992786766114082
room_plus_emp_slope_leaky_all,Physical,0,3,411,46,78,19,1,7.101602264362835,23.1914752397271,0.2778855344159007,0.9159627555912528
room_plus_emp_slope_leaky_all,Morgan+Physical,0,3,411,46,78,19,1,7.967883983197422,24.413518790339815,0.19977879791061515,0.8459063494340757
room_plus_emp_slope_leaky_all,Morgan,0,4,383,74,78,19,1,16.23708513894571,23.56896636951814,-0.15007120440533428,0.26297376646379506
room_plus_emp_slope_leaky_all,Physical,0,4,383,74,78,19,1,13.399100844827599,23.72778830082122,-0.16562317660119086,0.9708320286630244
room_plus_emp_slope_leaky_all,Morgan+Physical,0,4,383,74,78,19,1,5.338241549987793,7.69531304291033,0.8773983714023996,0.917795751738856
room_plus_emp_slope_leaky_all,Morgan,1,0,355,102,77,20,1,7.422386764436608,9.0745583131983,0.20807070838327002,0.8218613040372529
room_plus_emp_slope_leaky_all,Physical,1,0,355,102,77,20,1,3.1365017281176986,6.043393136916743,0.6487655473444084,0.9248690880275986
room_plus_emp_slope_leaky_all,Morgan+Physical,1,0,355,102,77,20,1,4.988185663395302,6.868446981518838,0.5463169899480551,0.869405668819636
room_plus_emp_slope_leaky_all,Morgan,1,1,379,78,77,20,1,10.373795394035241,24.03312431702561,0.05557654826417158,0.40165403100884084
room_plus_emp_slope_leaky_all,Physical,1,1,379,78,77,20,1,6.489371115348034,21.92360516398562,0.21409465776444025,0.902039274867728
room_plus_emp_slope_leaky_all,Morgan+Physical,1,1,379,78,77,20,1,7.877540990199554,22.671683950807772,0.15954618190397474,0.900437299496564
room_plus_emp_slope_leaky_all,Morgan,1,2,365,92,78,19,1,14.909710118003515,17.71454997500406,-0.09923459961854486,0.8444538729664535
room_plus_emp_slope_leaky_all,Physical,1,2,365,92,78,19,1,9.517505928039549,12.718341036656472,0.43338107670437187,0.6312880277401572
room_plus_emp_slope_leaky_all,Morgan+Physical,1,2,365,92,78,19,1,10.028552759170532,13.134280236290726,0.395713769165955,0.6253557428488542
room_plus_emp_slope_leaky_all,Morgan,1,3,346,111,78,19,1,10.381847117738465,17.313417386600925,0.18810830258250388,0.772040636346388
room_plus_emp_slope_leaky_all,Physical,1,3,346,111,78,19,1,9.814482046656565,16.804465976142875,0.23514002724228922,0.9307794569426716
room_plus_emp_slope_leaky_all,Morgan+Physical,1,3,346,111,78,19,1,5.952732162042566,7.398142525007993,0.8517557389144104,0.9144172843275178
room_plus_emp_slope_leaky_all,Morgan,1,4,383,74,78,19,1,11.551480190586398,15.450778074813183,-0.1837775780761315,0.6054307253727218
room_plus_emp_slope_leaky_all,Physical,1,4,383,74,78,19,1,6.377125927950884,9.212504226116021,0.5791524525048597,0.8886778437048758
room_plus_emp_slope_leaky_all,Morgan+Physical,1,4,383,74,78,19,1,5.141575438937625,9.34605423917421,0.5668622914328936,0.823289262948798
room_plus_emp_slope_leaky_all,Morgan,2,0,383,74,77,20,1,17.0548245483151,24.08207313108728,-0.18621941806634967,0.03218028789198679
room_plus_emp_slope_leaky_all,Physical,2,0,383,74,77,20,1,11.457161460805326,17.368443697266585,0.38298020443721714,0.8444885308218576
room_plus_emp_slope_leaky_all,Morgan+Physical,2,0,383,74,77,20,1,7.869595475744299,10.93671327155515,0.7553467778519256,0.6755610681905792
room_plus_emp_slope_leaky_all,Morgan,2,1,341,116,77,20,1,6.299133330141264,7.992154460880511,0.14118488551702402,0.8904115261760212
room_plus_emp_slope_leaky_all,Physical,2,1,341,116,77,20,1,4.691809249575384,8.526719991975344,0.02245683249825925,0.9150945895762279
room_plus_emp_slope_leaky_all,Morgan+Physical,2,1,341,116,77,20,1,5.469077750659809,7.727295617071048,0.1971637093557419,0.9157282179446559
room_plus_emp_slope_leaky_all,Morgan,2,2,380,77,78,19,1,9.717596913622572,23.713034818400796,-0.012727050664265604,0.6241040273746519
room_plus_emp_slope_leaky_all,Physical,2,2,380,77,78,19,1,7.7231432502052995,22.33272832826077,0.10174074977975334,0.8264072330740853
room_plus_emp_slope_leaky_all,Morgan+Physical,2,2,380,77,78,19,1,7.595968963325798,22.685755690689174,0.07311760372438136,0.8105208964136837
room_plus_emp_slope_leaky_all,Morgan,2,3,358,99,78,19,1,5.3638431406194504,6.41748197316443,0.42302779635107035,0.689508755078189
room_plus_emp_slope_leaky_all,Physical,2,3,358,99,78,19,1,4.016849939797141,6.714912475024666,0.3683066736763966,0.8651171229579592
room_plus_emp_slope_leaky_all,Morgan+Physical,2,3,358,99,78,19,1,3.7015628408258614,5.291934274431306,0.6076673430099826,0.8122888090484871
room_plus_emp_slope_leaky_all,Morgan,2,4,366,91,78,19,1,15.364694404099014,18.23121267895863,-0.30200788879157603,0.6883674255525745
room_plus_emp_slope_leaky_all,Physical,2,4,366,91,78,19,1,9.589546817129785,11.25990713734658,0.5033480803999083,0.5009715162173508
room_plus_emp_slope_leaky_all,Morgan+Physical,2,4,366,91,78,19,1,10.99019046816983,13.843057890151794,0.24933430224227326,0.5392578855671311
room_plus_emp_slope_leaky_all,Morgan,3,0,348,109,77,20,1,9.850515186288819,18.62346037511424,0.12545782623629465,0.6104419011502987
room_plus_emp_slope_leaky_all,Physical,3,0,348,109,77,20,1,4.262748972285559,15.894469934359563,0.3629814230673031,0.8786479621139581
room_plus_emp_slope_leaky_all,Morgan+Physical,3,0,348,109,77,20,1,6.524195002858572,16.469853512523994,0.31602619063337756,0.8554680309330578
room_plus_emp_slope_leaky_all,Morgan,3,1,417,40,77,20,1,12.151753050231934,23.505476467129622,0.08449442878266733,0.6081145035610794
room_plus_emp_slope_leaky_all,Physical,3,1,417,40,77,20,1,10.044234128618239,17.9022093723685,0.4689491141208887,0.8703834530349839
room_plus_emp_slope_leaky_all,Morgan+Physical,3,1,417,40,77,20,1,10.557377488517762,20.342530518361738,0.3143020896253339,0.8234549226508258
room_plus_emp_slope_leaky_all,Morgan,3,2,295,162,78,19,1,10.85950156441206,13.008316903320488,0.20059838194627222,0.5823115628924441
room_plus_emp_slope_leaky_all,Physical,3,2,295,162,78,19,1,7.617421926813949,9.57003184913224,0.5673371843398707,0.8602973868181933
room_plus_emp_slope_leaky_all,Morgan+Physical,3,2,295,162,78,19,1,8.024967683024466,10.288042400735641,0.49997893941779514,0.8116705037676634
room_plus_emp_slope_leaky_all,Morgan,3,3,366,91,78,19,1,11.824455937027144,18.861687747531708,0.24200424139319576,0.7630677558307558
room_plus_emp_slope_leaky_all,Physical,3,3,366,91,78,19,1,7.5071467039590365,16.88111699964216,0.3928331758249427,0.9778769294537802
room_plus_emp_slope_leaky_all,Morgan+Physical,3,3,366,91,78,19,1,4.158945414834493,5.4722228188517565,0.9361981577113808,0.908848063686045
room_plus_emp_slope_leaky_all,Morgan,3,4,402,55,78,19,1,10.476464447515315,15.382098398837563,-0.809372282324345,0.18214316351441348
room_plus_emp_slope_leaky_all,Physical,3,4,402,55,78,19,1,8.667252500681098,11.697718012539072,-0.04640319889394129,0.8581856731649083
room_plus_emp_slope_leaky_all,Morgan+Physical,3,4,402,55,78,19,1,7.087499633936103,10.544569106911721,0.14973473516361113,0.6971486292763729
room_plus_emp_slope_leaky_all,Morgan,4,0,398,59,77,20,1,10.275598775443386,21.91928107986351,0.055691551084629975,0.24109108692760567
room_plus_emp_slope_leaky_all,Physical,4,0,398,59,77,20,1,10.035720768556756,21.344925580986075,0.10453100412287497,0.7729977865815257
room_plus_emp_slope_leaky_all,Morgan+Physical,4,0,398,59,77,20,1,6.874284722538317,20.515370352972337,0.1727819795713076,0.797985355267371
room_plus_emp_slope_leaky_all,Morgan,4,1,340,117,77,20,1,7.534073092740051,11.860218700221338,-0.4724501317174197,0.4417181414495794
room_plus_emp_slope_leaky_all,Physical,4,1,340,117,77,20,1,2.4582743813708703,4.1174352731782236,0.8225366147300469,0.9192099824268806
room_plus_emp_slope_leaky_all,Morgan+Physical,4,1,340,117,77,20,1,4.66703754778218,7.356675483623183,0.43347588858441166,0.6153847177162549
room_plus_emp_slope_leaky_all,Morgan,4,2,346,111,78,19,1,13.628407963259583,20.004464658648356,0.008600713012182903,0.5976345029663745
room_plus_emp_slope_leaky_all,Physical,4,2,346,111,78,19,1,10.853103556809982,14.78874536642291,0.4581770487972878,0.8883331579304989
room_plus_emp_slope_leaky_all,Morgan+Physical,4,2,346,111,78,19,1,5.687360307140178,7.473087266646245,0.8616450052046448,0.8716814288708759
room_plus_emp_slope_leaky_all,Morgan,4,3,384,73,78,19,1,6.7408485747245885,15.66387906156617,0.30634862332241797,0.6533266904597351
room_plus_emp_slope_leaky_all,Physical,4,3,384,73,78,19,1,5.4425094491566695,13.177838894236992,0.5090570844679314,0.7181152594956398
room_plus_emp_slope_leaky_all,Morgan+Physical,4,3,384,73,78,19,1,5.485246700150999,14.022222390175175,0.44412606397830734,0.864966671883759
room_plus_emp_slope_leaky_all,Morgan,4,4,360,97,78,19,1,13.21303199697278,17.750742231435936,-0.22986644536605394,0.6568263533135187
room_plus_emp_slope_leaky_all,Physical,4,4,360,97,78,19,1,8.451813115011785,13.263681032513583,0.31332212166677176,0.8044416042043533
room_plus_emp_slope_leaky_all,Morgan+Physical,4,4,360,97,78,19,1,10.180241961803631,13.47793262888017,0.29095878537299813,0.7469431080434117
room_plus_emp_slope_leaky_all,Morgan,5,0,394,63,77,20,1,7.254420235648988,16.439888323483142,0.08118742397029144,0.7334547289529771
room_plus_emp_slope_leaky_all,Physical,5,0,394,63,77,20,1,5.444920236617799,12.370618678507874,0.4797500526450742,0.9059461953960899
room_plus_emp_slope_leaky_all,Morgan+Physical,5,0,394,63,77,20,1,5.381921642606221,14.061579092149685,0.3278017264079388,0.8943191300488506
room_plus_emp_slope_leaky_all,Morgan,5,1,376,81,77,20,1,9.172393744631167,11.83284381052476,0.4934684910716626,0.8023833752067941
room_plus_emp_slope_leaky_all,Physical,5,1,376,81,77,20,1,7.336978964826796,11.486095572745931,0.5227202009916829,0.8829647805599877
room_plus_emp_slope_leaky_all,Morgan+Physical,5,1,376,81,77,20,1,5.97095456672951,9.471357705627893,0.6754716215009284,0.8970017615603616
room_plus_emp_slope_leaky_all,Morgan,5,2,346,111,78,19,1,15.031620462487023,22.43039536883135,0.09189270466542254,0.47149653428813326
room_plus_emp_slope_leaky_all,Physical,5,2,346,111,78,19,1,7.843517033362861,16.119552278117837,0.5310038719169774,0.9298440015391037
room_plus_emp_slope_leaky_all,Morgan+Physical,5,2,346,111,78,19,1,11.204489050565153,18.904773130091527,0.3549308879928246,0.8381910728129155
room_plus_emp_slope_leaky_all,Morgan,5,3,329,128,78,19,1,6.0287598174572,8.74038531179953,0.3287868187874422,0.8442322922595502
room_plus_emp_slope_leaky_all,Physical,5,3,329,128,78,19,1,5.454069349136948,7.125437977269717,0.5539100410646495,0.938021700843639
room_plus_emp_slope_leaky_all,Morgan+Physical,5,3,329,128,78,19,1,2.2409166551947592,3.34962870593988,0.9014191271858836,0.9406871252648126
room_plus_emp_slope_leaky_all,Morgan,5,4,383,74,78,19,1,12.516003713968637,20.629905716388055,0.0882375642346862,0.6334981469037098
room_plus_emp_slope_leaky_all,Physical,5,4,383,74,78,19,1,12.090334783914926,26.603558407151525,-0.5162355322648586,0.802748083821291
room_plus_emp_slope_leaky_all,Morgan+Physical,5,4,383,74,78,19,1,7.056570732632198,13.560170805354701,0.606071384980117,0.7970408155946822
room_plus_emp_slope_leaky_all,Morgan,6,0,414,43,77,20,1,11.0422242153079,20.548884462955137,0.08691594692311233,0.5194802158142786
room_plus_emp_slope_leaky_all,Physical,6,0,414,43,77,20,1,10.40645394067986,19.931031613155394,0.14099871540568454,0.659440743810342
room_plus_emp_slope_leaky_all,Morgan+Physical,6,0,414,43,77,20,1,10.568011740396189,20.054449792336836,0.13032745491782283,0.6603489080297401
room_plus_emp_slope_leaky_all,Morgan,6,1,397,60,77,20,1,13.966465471013388,23.608422842093464,0.09766006923418924,0.8408078806650149
room_plus_emp_slope_leaky_all,Physical,6,1,397,60,77,20,1,16.201198028055828,33.435548542620786,-0.809893963374767,0.8197962009677188
room_plus_emp_slope_leaky_all,Morgan+Physical,6,1,397,60,77,20,1,7.277273117446899,15.57715023758692,0.6071631287513686,0.8263177821686858
room_plus_emp_slope_leaky_all,Morgan,6,2,331,126,78,19,1,15.740486170438736,19.218832892251406,-2.49578905194409,-0.5192273686056881
room_plus_emp_slope_leaky_all,Physical,6,2,331,126,78,19,1,4.8846594665345675,6.986055708386331,0.5380922110118185,0.9130137323003168
room_plus_emp_slope_leaky_all,Morgan+Physical,6,2,331,126,78,19,1,9.52412361192249,11.43460608579859,-0.23746696170354298,0.7830845041446868
room_plus_emp_slope_leaky_all,Morgan,6,3,333,124,78,19,1,6.7340923874270535,9.077997580810711,0.422967006833706,0.8493674724113045
room_plus_emp_slope_leaky_all,Physical,6,3,333,124,78,19,1,6.394669199309811,8.533690002968596,0.4900891591116002,0.9081027727109752
room_plus_emp_slope_leaky_all,Morgan+Physical,6,3,333,124,78,19,1,2.4606776631386054,4.084227294295864,0.8832006766119211,0.9126485402374186
room_plus_emp_slope_leaky_all,Morgan,6,4,353,104,78,19,1,15.48650596010208,23.2741685374006,-0.2627484084872047,0.2879003521272135
room_plus_emp_slope_leaky_all,Physical,6,4,353,104,78,19,1,9.233427936448319,17.038830656392584,0.32321916285964447,0.7175614354896306
room_plus_emp_slope_leaky_all,Morgan+Physical,6,4,353,104,78,19,1,11.275118267503887,19.538327062029296,0.11009585333905159,0.721387801016413
room_plus_emp_slope_leaky_all,Morgan,7,0,343,114,77,20,1,5.619109242302075,8.464374171458367,0.5847239869889165,0.9099401094819854
room_plus_emp_slope_leaky_all,Physical,7,0,343,114,77,20,1,3.8299156082019468,6.327804169172866,0.7679117251816548,0.9425750149096561
room_plus_emp_slope_leaky_all,Morgan+Physical,7,0,343,114,77,20,1,3.619588380994295,6.195375244455281,0.7775244076126457,0.9593369259531086
room_plus_emp_slope_leaky_all,Morgan,7,1,380,77,77,20,1,18.662115705613967,24.250664021400894,-0.3619639650613853,0.5207328803931845
room_plus_emp_slope_leaky_all,Physical,7,1,380,77,77,20,1,11.480169612636816,19.467883161023735,0.12228037313924345,0.5506829593018013
room_plus_emp_slope_leaky_all,Morgan+Physical,7,1,380,77,77,20,1,14.834524432293785,20.072405099115944,0.06692366647491532,0.44637146818908535
room_plus_emp_slope_leaky_all,Morgan,7,2,377,80,78,19,1,8.500720731601714,10.204867163487597,0.1664298053639257,0.7306705192333308
room_plus_emp_slope_leaky_all,Physical,7,2,377,80,78,19,1,4.920150993738174,7.61477522688063,0.535867860939615,0.7796080861851172
room_plus_emp_slope_leaky_all,Morgan+Physical,7,2,377,80,78,19,1,6.3672995551681515,8.475187494557321,0.4250552730284849,0.779560009712116
room_plus_emp_slope_leaky_all,Morgan,7,3,379,78,78,19,1,7.380298582376334,19.28050336423922,0.12029909270614592,0.36258667435947456
room_plus_emp_slope_leaky_all,Physical,7,3,379,78,78,19,1,5.688654011189388,17.071563502203627,0.3103243393199481,0.8753066485430613
room_plus_emp_slope_leaky_all,Morgan+Physical,7,3,379,78,78,19,1,6.3313697697331355,17.782779854049902,0.2516623289773172,0.5575005693881225
room_plus_emp_slope_leaky_all,Morgan,7,4,349,108,78,19,1,13.510199314258715,20.434073694614103,-0.4081088632485337,0.7830831304933195
room_plus_emp_slope_leaky_all,Physical,7,4,349,108,78,19,1,8.34698770763256,16.80596483122184,0.0475257963477812,0.928029570692902
room_plus_emp_slope_leaky_all,Morgan+Physical,7,4,349,108,78,19,1,3.8253642405757193,5.053201223628105,0.9138888266873841,0.9381844479802472
room_plus_emp_slope_leaky_all,Morgan,8,0,321,136,77,20,1,8.401872533820656,16.22021713993842,0.241940556590863,0.663524753428235
room_plus_emp_slope_leaky_all,Physical,8,0,321,136,77,20,1,7.299593771101447,14.93734208750048,0.3571101208126911,0.820405215641938
room_plus_emp_slope_leaky_all,Morgan+Physical,8,0,321,136,77,20,1,5.8325502011018635,14.41627788816388,0.40118009916918884,0.819358618513782
room_plus_emp_slope_leaky_all,Morgan,8,1,375,82,77,20,1,10.659687834070718,12.767035486422492,0.304071524234966,0.5221556873692655
room_plus_emp_slope_leaky_all,Physical,8,1,375,82,77,20,1,6.669412844175013,9.156019805501879,0.6420701462326875,0.8716821495171461
room_plus_emp_slope_leaky_all,Morgan+Physical,8,1,375,82,77,20,1,5.185681281258188,8.190987525495743,0.7135446055517193,0.8659783101453215
room_plus_emp_slope_leaky_all,Morgan,8,2,377,80,78,19,1,4.967265239295959,5.7639260575267945,0.667375773836971,0.8376032487957459
room_plus_emp_slope_leaky_all,Physical,8,2,377,80,78,19,1,2.0283950881099697,3.0510003640895853,0.9068030725828137,0.9275890849053654
room_plus_emp_slope_leaky_all,Morgan+Physical,8,2,377,80,78,19,1,3.3326279354667663,3.9254797964489394,0.8457225085975074,0.9120434393872339
room_plus_emp_slope_leaky_all,Morgan,8,3,406,51,78,19,1,17.606692211824303,29.3595783018521,-0.12721636982644902,0.41105938332601916
room_plus_emp_slope_leaky_all,Physical,8,3,406,51,78,19,1,20.8977011162253,39.326062411385735,-1.0224071337322487,0.5601269338048425
room_plus_emp_slope_leaky_all,Morgan+Physical,8,3,406,51,78,19,1,10.0485913289388,21.491496158795705,0.3959944053424632,0.6591769498713802
room_plus_emp_slope_leaky_all,Morgan,8,4,349,108,78,19,1,13.178153026439523,17.44241166153482,-0.2296731940218506,0.41322385157165115
room_plus_emp_slope_leaky_all,Physical,8,4,349,108,78,19,1,8.253519971927005,9.950489479796007,0.5998106458647292,0.9011649884053664
room_plus_emp_slope_leaky_all,Morgan+Physical,8,4,349,108,78,19,1,10.271225311597187,13.376011039535689,0.27684752217472,0.8503210119354027
room_plus_emp_slope_leaky_all,Morgan,9,0,389,68,77,20,1,9.872007392883301,17.598002881008338,0.1776076775296016,0.7566212274031847
room_plus_emp_slope_leaky_all,Physical,9,0,389,68,77,20,1,7.228041687909294,14.112839041773114,0.47109088062410576,0.9477920316924678
room_plus_emp_slope_leaky_all,Morgan+Physical,9,0,389,68,77,20,1,7.61536846183328,15.334449500706253,0.3755629582324771,0.9228501361216134
room_plus_emp_slope_leaky_all,Morgan,9,1,351,106,77,20,1,13.192489055417619,17.479404123300643,-0.4505420380820542,0.751295310237066
room_plus_emp_slope_leaky_all,Physical,9,1,351,106,77,20,1,7.401062467737018,9.025731931074729,0.613239659347182,0.7131311697230575
room_plus_emp_slope_leaky_all,Morgan+Physical,9,1,351,106,77,20,1,8.706019888823887,11.85122498397069,0.3331877669766893,0.6609021301834571
room_plus_emp_slope_leaky_all,Morgan,9,2,359,98,78,19,1,6.476206584323181,17.416933767468908,0.10253416671490678,0.6649451981336082
room_plus_emp_slope_leaky_all,Physical,9,2,359,98,78,19,1,3.2637853944973076,15.211459790071341,0.3154324468841765,0.9641759463987619
room_plus_emp_slope_leaky_all,Morgan+Physical,9,2,359,98,78,19,1,4.533733329243562,16.096749559975947,0.23343162635559966,0.8895270028149054
room_plus_emp_slope_leaky_all,Morgan,9,3,366,91,78,19,1,13.56390558754722,24.391372783054692,-2.5749084907470885,0.29690745033829374
room_plus_emp_slope_leaky_all,Physical,9,3,366,91,78,19,1,7.870824842091237,11.121037951394538,0.25683869702899587,0.8847461510523773
room_plus_emp_slope_leaky_all,Morgan+Physical,9,3,366,91,78,19,1,7.878356042342972,14.803625275499591,-0.3168266534912636,0.35819107284557344
room_plus_emp_slope_leaky_all,Morgan,9,4,363,94,78,19,1,16.74775615171067,20.779215943209792,0.11983941321159719,0.5144819550393203
room_plus_emp_slope_leaky_all,Physical,9,4,363,94,78,19,1,11.645667303474914,15.554933608853954,0.5067808528103461,0.8175777913220896
room_plus_emp_slope_leaky_all,Morgan+Physical,9,4,363,94,78,19,1,10.631835293530404,12.037138880573174,0.7046410421793396,0.8005699482639436
room_plus_emp_slope_leaky_room,Morgan,0,0,328,129,77,20,1,15.80106188420732,19.79736735084448,-1.2465833595490716,-0.2692634868251015
room_plus_emp_slope_leaky_room,Physical,0,0,328,129,77,20,1,18.925509298605515,23.19613674042195,-2.0841747319876314,0.2650721475879185
room_plus_emp_slope_leaky_room,Morgan+Physical,0,0,328,129,77,20,1,9.935593549210896,12.415333461123364,0.11646362981800151,0.2486075684198581
room_plus_emp_slope_leaky_room,Morgan,0,1,321,136,77,20,1,13.270327840625537,17.482831436499804,-0.31308848270569967,-0.022933490707184263
room_plus_emp_slope_leaky_room,Physical,0,1,321,136,77,20,1,4.607278963661194,7.973691206941136,0.7268575016479717,0.9565016860688664
room_plus_emp_slope_leaky_room,Morgan+Physical,0,1,321,136,77,20,1,7.892840782546997,10.639713573973868,0.5136708236716097,0.799952886544757
room_plus_emp_slope_leaky_room,Morgan,0,2,385,72,78,19,1,6.268117459636264,8.857746930671421,0.02993889940388106,0.0495327547692496
room_plus_emp_slope_leaky_room,Physical,0,2,385,72,78,19,1,6.298983593029447,11.486420253660283,-0.6312553797782294,0.062091559107958404
room_plus_emp_slope_leaky_room,Morgan+Physical,0,2,385,72,78,19,1,6.116361707072788,9.588297657041531,-0.13667306481904062,0.055583009935216435
room_plus_emp_slope_leaky_room,Morgan,0,3,411,46,78,19,1,9.867929656318998,26.08893468095654,0.08617721016724211,0.5992786766114082
room_plus_emp_slope_leaky_room,Physical,0,3,411,46,78,19,1,8.068562027848285,24.224603702988496,0.21211531996436772,0.9271814306485241
room_plus_emp_slope_leaky_room,Morgan+Physical,0,3,411,46,78,19,1,8.142667580397234,24.878679906592208,0.1689943840936481,0.8734416639358009
room_plus_emp_slope_leaky_room,Morgan,0,4,383,74,78,19,1,16.23708513894571,23.56896636951814,-0.15007120440533428,0.26297376646379506
room_plus_emp_slope_leaky_room,Physical,0,4,383,74,78,19,1,7.963006771867084,12.727941635653227,0.6646023567528003,0.9348477717268779
room_plus_emp_slope_leaky_room,Morgan+Physical,0,4,383,74,78,19,1,11.185596123933536,17.670864583357236,0.3535138074166585,0.7657556785108272
room_plus_emp_slope_leaky_room,Morgan,1,0,355,102,77,20,1,7.422386764436608,9.0745583131983,0.20807070838327002,0.8218613040372529
room_plus_emp_slope_leaky_room,Physical,1,0,355,102,77,20,1,5.031572913068884,11.065803379529257,-0.17760953598310492,0.9033370516679201
room_plus_emp_slope_leaky_room,Morgan+Physical,1,0,355,102,77,20,1,5.50830752876132,8.876650202037824,0.24223659542788845,0.9150777230779197
room_plus_emp_slope_leaky_room,Morgan,1,1,379,78,77,20,1,10.373795394035241,24.03312431702561,0.05557654826417158,0.40165403100884084
room_plus_emp_slope_leaky_room,Physical,1,1,379,78,77,20,1,6.183432126637972,22.88447402640501,0.1436956165873643,0.8662275764705377
room_plus_emp_slope_leaky_room,Morgan+Physical,1,1,379,78,77,20,1,7.892308405784216,23.118054798173016,0.12612588640440237,0.9295195311992964
room_plus_emp_slope_leaky_room,Morgan,1,2,365,92,78,19,1,14.909710118003515,17.71454997500406,-0.09923459961854486,0.8444538729664535
room_plus_emp_slope_leaky_room,Physical,1,2,365,92,78,19,1,7.252545989368271,8.509176770970015,0.7463673065156977,0.684713606049288
room_plus_emp_slope_leaky_room,Morgan+Physical,1,2,365,92,78,19,1,9.222643562151038,11.967525785878033,0.49830602453247796,0.7053079257907175
room_plus_emp_slope_leaky_room,Morgan,1,3,346,111,78,19,1,10.381847117738465,17.313417386600925,0.18810830258250388,0.772040636346388
room_plus_emp_slope_leaky_room,Physical,1,3,346,111,78,19,1,12.371318549099483,19.46576678753816,-0.02630284813321615,0.8415314231723489
room_plus_emp_slope_leaky_room,Morgan+Physical,1,3,346,111,78,19,1,9.88255279308697,16.292961351390826,0.2809939298517037,0.8420153273859925
room_plus_emp_slope_leaky_room,Morgan,1,4,383,74,78,19,1,11.551480190586398,15.450778074813183,-0.1837775780761315,0.6054307253727218
room_plus_emp_slope_leaky_room,Physical,1,4,383,74,78,19,1,13.300456078142735,17.840093284184906,-0.5782058262355732,0.8662706651699249
room_plus_emp_slope_leaky_room,Morgan+Physical,1,4,383,74,78,19,1,5.6296001527116095,9.71724671392038,0.531773640768916,0.8633248862645085
room_plus_emp_slope_leaky_room,Morgan,2,0,383,74,77,20,1,17.0548245483151,24.08207313108728,-0.18621941806634967,0.03218028789198679
room_plus_emp_slope_leaky_room,Physical,2,0,383,74,77,20,1,13.043099713615215,18.595915467439347,0.29268574003284753,0.5407758185072461
room_plus_emp_slope_leaky_room,Morgan+Physical,2,0,383,74,77,20,1,14.749813254233695,21.269197678443604,0.07470651876774248,0.27373299078080404
room_plus_emp_slope_leaky_room,Morgan,2,1,341,116,77,20,1,6.299133330141264,7.992154460880511,0.14118488551702402,0.8904115261760212
room_plus_emp_slope_leaky_room,Physical,2,1,341,116,77,20,1,5.135825600656969,9.703352390580308,-0.26594707299468334,0.8796801938129728
room_plus_emp_slope_leaky_room,Morgan+Physical,2,1,341,116,77,20,1,5.0313218105053075,8.15384403213681,0.10608393648841397,0.8819440056507244
room_plus_emp_slope_leaky_room,Morgan,2,2,380,77,78,19,1,9.717596913622572,23.713034818400796,-0.012727050664265604,0.6241040273746519
room_plus_emp_slope_leaky_room,Physical,2,2,380,77,78,19,1,8.576211705988102,23.533211020509018,0.0025743999048478683,0.7540449695859565
room_plus_emp_slope_leaky_room,Morgan+Physical,2,2,380,77,78,19,1,7.61102785382952,23.243580658832936,0.026974558560153072,0.7960908072804856
room_plus_emp_slope_leaky_room,Morgan,2,3,358,99,78,19,1,5.3638431406194504,6.41748197316443,0.42302779635107035,0.689508755078189
room_plus_emp_slope_leaky_room,Physical,2,3,358,99,78,19,1,4.873281145392524,9.08539896005063,-0.156414642267779,0.8424560200193524
room_plus_emp_slope_leaky_room,Morgan+Physical,2,3,358,99,78,19,1,4.12166769856925,6.225958466961566,0.4569522550656199,0.7808790132129194
room_plus_emp_slope_leaky_room,Morgan,2,4,366,91,78,19,1,15.364694404099014,18.23121267895863,-0.30200788879157603,0.6883674255525745
room_plus_emp_slope_leaky_room,Physical,2,4,366,91,78,19,1,9.913822114776778,11.347338188747912,0.4956053194879019,0.5440258658071399
room_plus_emp_slope_leaky_room,Morgan+Physical,2,4,366,91,78,19,1,11.112127781459263,13.957828367759719,0.2368354155620912,0.5705310175809659
room_plus_emp_slope_leaky_room,Morgan,3,0,348,109,77,20,1,9.850515186288819,18.62346037511424,0.12545782623629465,0.6104419011502987
room_plus_emp_slope_leaky_room,Physical,3,0,348,109,77,20,1,3.644830126827135,16.47474282045999,0.31562003584251797,0.8451840183816628
room_plus_emp_slope_leaky_room,Morgan+Physical,3,0,348,109,77,20,1,6.297371856143497,16.77817169633097,0.2901783067876411,0.8476827184349085
room_plus_emp_slope_leaky_room,Morgan,3,1,417,40,77,20,1,12.151753050231934,23.505476467129622,0.08449442878266733,0.6081145035610794
room_plus_emp_slope_leaky_room,Physical,3,1,417,40,77,20,1,10.516999306106566,16.30017271798761,0.5597419698762318,0.7635297896363553
room_plus_emp_slope_leaky_room,Morgan+Physical,3,1,417,40,77,20,1,10.781167992973327,17.602555899057876,0.4865781611105342,0.785120968294542
room_plus_emp_slope_leaky_room,Morgan,3,2,295,162,78,19,1,10.85950156441206,13.008316903320488,0.20059838194627222,0.5823115628924441
room_plus_emp_slope_leaky_room,Physical,3,2,295,162,78,19,1,9.141614021970017,14.210803010097449,0.045974364751579344,0.7661149621325933
room_plus_emp_slope_leaky_room,Morgan+Physical,3,2,295,162,78,19,1,8.460508833623814,10.354846445807961,0.49346421513060423,0.7536889408321227
room_plus_emp_slope_leaky_room,Morgan,3,3,366,91,78,19,1,11.824455937027144,18.861687747531708,0.24200424139319576,0.7630677558307558
room_plus_emp_slope_leaky_room,Physical,3,3,366,91,78,19,1,8.134600531492127,15.513806318004995,0.4872066268654299,0.9127423316851565
room_plus_emp_slope_leaky_room,Morgan+Physical,3,3,366,91,78,19,1,9.544263377397137,16.54076488803582,0.41706940347828436,0.870618714947961
room_plus_emp_slope_leaky_room,Morgan,3,4,402,55,78,19,1,10.476464447515315,15.382098398837563,-0.809372282324345,0.18214316351441348
room_plus_emp_slope_leaky_room,Physical,3,4,402,55,78,19,1,7.914185978707054,9.472036157915873,0.3139062594143276,0.8138916224622733
room_plus_emp_slope_leaky_room,Morgan+Physical,3,4,402,55,78,19,1,6.563932789273349,10.367862750656451,0.1779935193829596,0.5993234963798497
room_plus_emp_slope_leaky_room,Morgan,4,0,398,59,77,20,1,10.275598775443386,21.91928107986351,0.055691551084629975,0.24109108692760567
room_plus_emp_slope_leaky_room,Physical,4,0,398,59,77,20,1,7.997649211172329,20.894025843456834,0.14196398174574165,0.8199411895515543
room_plus_emp_slope_leaky_room,Morgan+Physical,4,0,398,59,77,20,1,6.550831495899265,20.618109187262935,0.1644759906750718,0.7338599719114427
room_plus_emp_slope_leaky_room,Morgan,4,1,340,117,77,20,1,7.534073092740051,11.860218700221338,-0.4724501317174197,0.4417181414495794
room_plus_emp_slope_leaky_room,Physical,4,1,340,117,77,20,1,3.7006411856111705,6.054573827647288,0.6162729995554768,0.6770429678121699
room_plus_emp_slope_leaky_room,Morgan+Physical,4,1,340,117,77,20,1,4.793207148472713,8.592148773736097,0.22721483411452392,0.5869301270883852
room_plus_emp_slope_leaky_room,Morgan,4,2,346,111,78,19,1,13.628407963259583,20.004464658648356,0.008600713012182903,0.5976345029663745
room_plus_emp_slope_leaky_room,Physical,4,2,346,111,78,19,1,18.09233195675687,24.51326844363403,-0.4886656836640433,0.6624311535142444
room_plus_emp_slope_leaky_room,Morgan+Physical,4,2,346,111,78,19,1,12.623203879567738,19.618456044551408,0.04649190054929919,0.6542014288882495
room_plus_emp_slope_leaky_room,Morgan,4,3,384,73,78,19,1,6.7408485747245885,15.66387906156617,0.30634862332241797,0.6533266904597351
room_plus_emp_slope_leaky_room,Physical,4,3,384,73,78,19,1,3.8261345460134013,7.063972406232812,0.8589280732149185,0.5597887461441883
room_plus_emp_slope_leaky_room,Morgan+Physical,4,3,384,73,78,19,1,4.5201501577403445,9.977231283571212,0.7185749905142726,0.7294576065417658
room_plus_emp_slope_leaky_room,Morgan,4,4,360,97,78,19,1,13.21303199697278,17.750742231435936,-0.22986644536605394,0.6568263533135187
room_plus_emp_slope_leaky_room,Physical,4,4,360,97,78,19,1,6.179564139946219,7.366381898110888,0.7881963798872862,0.8937325275334569
room_plus_emp_slope_leaky_room,Morgan+Physical,4,4,360,97,78,19,1,9.515001692506456,11.146718585039963,0.5150254020353758,0.9122931396510838
room_plus_emp_slope_leaky_room,Morgan,5,0,394,63,77,20,1,7.254420235648988,16.439888323483142,0.08118742397029144,0.7334547289529771
room_plus_emp_slope_leaky_room,Physical,5,0,394,63,77,20,1,6.495774879516117,8.130755906594315,0.7752544758700657,0.6336288944090965
room_plus_emp_slope_leaky_room,Morgan+Physical,5,0,394,63,77,20,1,6.065378203982399,11.484110561180378,0.5516430205885674,0.7497568244158925
room_plus_emp_slope_leaky_room,Morgan,5,1,376,81,77,20,1,9.172393744631167,11.83284381052476,0.4934684910716626,0.8023833752067941
room_plus_emp_slope_leaky_room,Physical,5,1,376,81,77,20,1,9.63116022718453,16.34359651759466,0.0336744421120736,0.8041732695503275
room_plus_emp_slope_leaky_room,Morgan+Physical,5,1,376,81,77,20,1,6.938564463919178,11.156579480509821,0.5497120455710374,0.8176318559177206
room_plus_emp_slope_leaky_room,Morgan,5,2,346,111,78,19,1,15.031620462487023,22.43039536883135,0.09189270466542254,0.47149653428813326
room_plus_emp_slope_leaky_room,Physical,5,2,346,111,78,19,1,6.09799701558431,15.440592978375333,0.5696802717967042,0.9513554754750964
room_plus_emp_slope_leaky_room,Morgan+Physical,5,2,346,111,78,19,1,10.445042491655778,18.29375194586532,0.3959555767771913,0.8385781599454815
room_plus_emp_slope_leaky_room,Morgan,5,3,329,128,78,19,1,6.0287598174572,8.74038531179953,0.3287868187874422,0.8442322922595502
room_plus_emp_slope_leaky_room,Physical,5,3,329,128,78,19,1,8.699266127538682,14.203612298330249,-0.77254364716199,0.9391251590784838
room_plus_emp_slope_leaky_room,Morgan+Physical,5,3,329,128,78,19,1,3.2987149714350696,4.653960938264488,0.8096973713885239,0.9205821978679426
room_plus_emp_slope_leaky_room,Morgan,5,4,383,74,78,19,1,12.516003713968637,20.629905716388055,0.0882375642346862,0.6334981469037098
room_plus_emp_slope_leaky_room,Physical,5,4,383,74,78,19,1,9.084797444755965,17.22353499346587,0.3644762389004177,0.7754919375089939
room_plus_emp_slope_leaky_room,Morgan+Physical,5,4,383,74,78,19,1,10.25556149518812,18.357396066319804,0.27804626875155347,0.767979739357043
room_plus_emp_slope_leaky_room,Morgan,6,0,414,43,77,20,1,11.0422242153079,20.548884462955137,0.08691594692311233,0.5194802158142786
room_plus_emp_slope_leaky_room,Physical,6,0,414,43,77,20,1,10.675403493038443,14.99430648017489,0.5138312673648687,0.665759997215768
room_plus_emp_slope_leaky_room,Morgan+Physical,6,0,414,43,77,20,1,10.622061904729799,15.904871519016638,0.45299085414734885,0.6974664576423885
room_plus_emp_slope_leaky_room,Morgan,6,1,397,60,77,20,1,13.966465471013388,23.608422842093464,0.09766006923418924,0.8408078806650149
room_plus_emp_slope_leaky_room,Physical,6,1,397,60,77,20,1,8.73960686518351,16.27518133459429,0.5711672960290518,0.8765272840278174
room_plus_emp_slope_leaky_room,Morgan+Physical,6,1,397,60,77,20,1,10.983645995839437,19.711444466209056,0.3709674372594396,0.8706057251141673
room_plus_emp_slope_leaky_room,Morgan,6,2,331,126,78,19,1,15.740486170438736,19.218832892251406,-2.49578905194409,-0.5192273686056881
room_plus_emp_slope_leaky_room,Physical,6,2,331,126,78,19,1,5.192026667946102,8.977299749028221,0.2372492392800336,0.7672767591489084
room_plus_emp_slope_leaky_room,Morgan+Physical,6,2,331,126,78,19,1,9.821877339547777,11.566161975002387,-0.26610503720226,0.6145771670230269
room_plus_emp_slope_leaky_room,Morgan,6,3,333,124,78,19,1,6.7340923874270535,9.077997580810711,0.422967006833706,0.8493674724113045
room_plus_emp_slope_leaky_room,Physical,6,3,333,124,78,19,1,8.804609233536258,12.69067859910908,-0.12769125120568137,0.8815472072564046
room_plus_emp_slope_leaky_room,Morgan+Physical,6,3,333,124,78,19,1,3.575479867873654,5.239553592863903,0.8077753432365318,0.880357036742164
room_plus_emp_slope_leaky_room,Morgan,6,4,353,104,78,19,1,15.48650596010208,23.2741685374006,-0.2627484084872047,0.2879003521272135
room_plus_emp_slope_leaky_room,Physical,6,4,353,104,78,19,1,9.351890659483397,17.372033834254232,0.2964907483285182,0.8478182935574127
room_plus_emp_slope_leaky_room,Morgan+Physical,6,4,353,104,78,19,1,11.123319491024018,19.466904990666364,0.11659002534632201,0.7686843639649733
room_plus_emp_slope_leaky_room,Morgan,7,0,343,114,77,20,1,5.619109242302075,8.464374171458367,0.5847239869889165,0.9099401094819854
room_plus_emp_slope_leaky_room,Physical,7,0,343,114,77,20,1,4.866232023058439,7.884893557291544,0.6396381485575788,0.913664356493038
room_plus_emp_slope_leaky_room,Morgan+Physical,7,0,343,114,77,20,1,3.489067377505386,6.136647534612199,0.7817222344846612,0.9426838296516186
room_plus_emp_slope_leaky_room,Morgan,7,1,380,77,77,20,1,18.662115705613967,24.250664021400894,-0.3619639650613853,0.5207328803931845
room_plus_emp_slope_leaky_room,Physical,7,1,380,77,77,20,1,3.6264869912878264,6.451302734030276,0.9036141699447723,0.9077157088956264
room_plus_emp_slope_leaky_room,Morgan+Physical,7,1,380,77,77,20,1,10.492120713766521,13.929746761014988,0.5506292608160689,0.6683593305414444
room_plus_emp_slope_leaky_room,Morgan,7,2,377,80,78,19,1,8.500720731601714,10.204867163487597,0.1664298053639257,0.7306705192333308
room_plus_emp_slope_leaky_room,Physical,7,2,377,80,78,19,1,8.479494331207276,15.440727497980143,-0.9083717662799868,0.7725442848628482
room_plus_emp_slope_leaky_room,Morgan+Physical,7,2,377,80,78,19,1,7.925333376989364,11.547594257592303,-0.0673589533857264,0.7786438464955981
room_plus_emp_slope_leaky_room,Morgan,7,3,379,78,78,19,1,7.380298582376334,19.28050336423922,0.12029909270614592,0.36258667435947456
room_plus_emp_slope_leaky_room,Physical,7,3,379,78,78,19,1,5.491786986508492,17.204038010017896,0.2995791096258722,0.8736680352411809
room_plus_emp_slope_leaky_room,Morgan+Physical,7,3,379,78,78,19,1,6.173969130624624,17.911591129572624,0.24078175220380182,0.5228573018425913
room_plus_emp_slope_leaky_room,Morgan,7,4,349,108,78,19,1,13.510199314258715,20.434073694614103,-0.4081088632485337,0.7830831304933195
room_plus_emp_slope_leaky_room,Physical,7,4,349,108,78,19,1,12.102386717019257,18.131608133120174,-0.10866151018859127,0.8179323396683806
room_plus_emp_slope_leaky_room,Morgan+Physical,7,4,349,108,78,19,1,7.30400039573952,15.62744806936938,0.17642633621759374,0.8783701457362406
room_plus_emp_slope_leaky_room,Morgan,8,0,321,136,77,20,1,8.401872533820656,16.22021713993842,0.241940556590863,0.663524753428235
room_plus_emp_slope_leaky_room,Physical,8,0,321,136,77,20,1,6.224834274031134,14.782531006529702,0.3703669276528784,0.910218267543087
room_plus_emp_slope_leaky_room,Morgan+Physical,8,0,321,136,77,20,1,5.2746602953405946,14.533867356816906,0.3913714520697137,0.8162421283311498
room_plus_emp_slope_leaky_room,Morgan,8,1,375,82,77,20,1,10.659687834070718,12.767035486422492,0.304071524234966,0.5221556873692655
room_plus_emp_slope_leaky_room,Physical,8,1,375,82,77,20,1,6.391741305868567,8.685560590441305,0.677907817137325,0.912704249380597
room_plus_emp_slope_leaky_room,Morgan+Physical,8,1,375,82,77,20,1,5.337363863276041,8.312177716090558,0.7050053660832729,0.8849603045402078
room_plus_emp_slope_leaky_room,Morgan,8,2,377,80,78,19,1,4.967265239295959,5.7639260575267945,0.667375773836971,0.8376032487957459
room_plus_emp_slope_leaky_room,Physical,8,2,377,80,78,19,1,2.6265052233219146,3.9907442176916614,0.8405498758849401,0.8898733338609142
room_plus_emp_slope_leaky_room,Morgan+Physical,8,2,377,80,78,19,1,3.6909599180793764,4.388579858579458,0.8071742244932406,0.8712602172687842
room_plus_emp_slope_leaky_room,Morgan,8,3,406,51,78,19,1,17.606692211824303,29.3595783018521,-0.12721636982644902,0.41105938332601916
room_plus_emp_slope_leaky_room,Physical,8,3,406,51,78,19,1,11.84607918772978,19.68994941600569,0.4930129559928349,0.7491398603603953
room_plus_emp_slope_leaky_room,Morgan+Physical,8,3,406,51,78,19,1,14.071830670375448,23.98094066183273,0.24796147453732664,0.6602850114031835
room_plus_emp_slope_leaky_room,Morgan,8,4,349,108,78,19,1,13.178153026439523,17.44241166153482,-0.2296731940218506,0.41322385157165115
room_plus_emp_slope_leaky_room,Physical,8,4,349,108,78,19,1,8.057107887285726,11.160814642505974,0.49653598772820307,0.8093621662733699
room_plus_emp_slope_leaky_room,Morgan+Physical,8,4,349,108,78,19,1,9.981371722857157,11.937740895782,0.42400204904247296,0.859653207259347
room_plus_emp_slope_leaky_room,Morgan,9,0,389,68,77,20,1,9.872007392883301,17.598002881008338,0.1776076775296016,0.7566212274031847
room_plus_emp_slope_leaky_room,Physical,9,0,389,68,77,20,1,7.208421185970305,9.731026094344381,0.7485396286150998,0.6890337851735658
room_plus_emp_slope_leaky_room,Morgan+Physical,9,0,389,68,77,20,1,7.408420212913961,11.768706907275224,0.6322016533728614,0.7358153942365203
room_plus_emp_slope_leaky_room,Morgan,9,1,351,106,77,20,1,13.192489055417619,17.479404123300643,-0.4505420380820542,0.751295310237066
room_plus_emp_slope_leaky_room,Physical,9,1,351,106,77,20,1,6.282491680685078,6.966848388073065,0.7695642843851271,0.9434230421850704
room_plus_emp_slope_leaky_room,Morgan+Physical,9,1,351,106,77,20,1,8.189203059142491,11.161721243779366,0.408520881310122,0.8479706500105226
room_plus_emp_slope_leaky_room,Morgan,9,2,359,98,78,19,1,6.476206584323181,17.416933767468908,0.10253416671490678,0.6649451981336082
room_plus_emp_slope_leaky_room,Physical,9,2,359,98,78,19,1,3.6538579393659325,15.702781745079049,0.2704959420133304,0.8597694896481274
room_plus_emp_slope_leaky_room,Morgan+Physical,9,2,359,98,78,19,1,4.743444910103934,16.33540503278137,0.2105323518787915,0.7715873353622621
room_plus_emp_slope_leaky_room,Morgan,9,3,366,91,78,19,1,13.56390558754722,24.391372783054692,-2.5749084907470885,0.29690745033829374
room_plus_emp_slope_leaky_room,Physical,9,3,366,91,78,19,1,10.06844533977383,13.504822815572867,-0.09589822377116697,0.6566345845941115
room_plus_emp_slope_leaky_room,Morgan+Physical,9,3,366,91,78,19,1,8.894634214720675,16.36262869975969,-0.6087871653624997,0.37948170447141544
room_plus_emp_slope_leaky_room,Morgan,9,4,363,94,78,19,1,16.74775615171067,20.779215943209792,0.11983941321159719,0.5144819550393203
room_plus_emp_slope_leaky_room,Physical,9,4,363,94,78,19,1,19.776712992347555,24.272923805567377,-0.20101322464870486,0.6053367254585205
room_plus_emp_slope_leaky_room,Morgan+Physical,9,4,363,94,78,19,1,17.992665729993455,21.704290849275058,0.03972680653224747,0.6923289593349335
room_plus_emp_slope_train_only,Morgan,0,0,328,129,77,20,1,15.80106188420732,19.79736735084448,-1.2465833595490716,-0.2692634868251015
room_plus_emp_slope_train_only,Physical,0,0,328,129,77,20,1,16.30881007246269,20.35203164676479,-1.37423221170942,0.26487851268718626
room_plus_emp_slope_train_only,Morgan+Physical,0,0,328,129,77,20,1,10.080094196644863,12.039856498615125,0.16909709834507958,0.23602129987226117
room_plus_emp_slope_train_only,Morgan,0,1,321,136,77,20,1,13.270327840625537,17.482831436499804,-0.31308848270569967,-0.022933490707184263
room_plus_emp_slope_train_only,Physical,0,1,321,136,77,20,1,5.327561353728349,7.221544895750389,0.7759573594042992,0.9327068051655992
room_plus_emp_slope_train_only,Morgan+Physical,0,1,321,136,77,20,1,8.891455561065674,11.53713314521529,0.4281708890093674,0.46017379267346326
room_plus_emp_slope_train_only,Morgan,0,2,385,72,78,19,1,6.268117459636264,8.857746930671421,0.02993889940388106,0.0495327547692496
room_plus_emp_slope_train_only,Physical,0,2,385,72,78,19,1,8.854561980756124,13.01759485950323,-1.095144858842474,0.12918613665697437
room_plus_emp_slope_train_only,Morgan+Physical,0,2,385,72,78,19,1,5.862267804336548,10.146995678125858,-0.27299736358705773,0.14883024663898167
room_plus_emp_slope_train_only,Morgan,0,3,411,46,78,19,1,9.867929656318998,26.08893468095654,0.08617721016724211,0.5992786766114082
room_plus_emp_slope_train_only,Physical,0,3,411,46,78,19,1,8.197950637983237,24.205342785773414,0.2133677118573909,0.8620850286205829
room_plus_emp_slope_train_only,Morgan+Physical,0,3,411,46,78,19,1,7.843266887996509,24.840812520941956,0.17152217590659857,0.8448718103517814
room_plus_emp_slope_train_only,Morgan,0,4,383,74,78,19,1,16.23708513894571,23.56896636951814,-0.15007120440533428,0.26297376646379506
room_plus_emp_slope_train_only,Physical,0,4,383,74,78,19,1,9.671112676729768,13.845552578379687,0.603115404568576,0.7829625291249739
room_plus_emp_slope_train_only,Morgan+Physical,0,4,383,74,78,19,1,11.939841242770632,18.291390099249174,0.3073129311215991,0.6457522257241186
room_plus_emp_slope_train_only,Morgan,1,0,355,102,77,20,1,7.422386764436608,9.0745583131983,0.20807070838327002,0.8218613040372529
room_plus_emp_slope_train_only,Physical,1,0,355,102,77,20,1,7.036924707816627,11.89154033280545,-0.3599146166632716,0.4507689011575391
room_plus_emp_slope_train_only,Morgan+Physical,1,0,355,102,77,20,1,5.603403203089096,9.304573141226651,0.1674154960882861,0.8957528740160678
room_plus_emp_slope_train_only,Morgan,1,1,379,78,77,20,1,10.373795394035241,24.03312431702561,0.05557654826417158,0.40165403100884084
room_plus_emp_slope_train_only,Physical,1,1,379,78,77,20,1,9.088326101260062,23.440978844753385,0.101541994328192,0.7667251984658638
room_plus_emp_slope_train_only,Morgan+Physical,1,1,379,78,77,20,1,9.388106939590651,23.505575501535205,0.09658338308128944,0.8348231714524512
room_plus_emp_slope_train_only,Morgan,1,2,365,92,78,19,1,14.909710118003515,17.71454997500406,-0.09923459961854486,0.8444538729664535
room_plus_emp_slope_train_only,Physical,1,2,365,92,78,19,1,8.415301576863165,10.518235087073137,0.6124605767675961,0.6522290783605875
room_plus_emp_slope_train_only,Morgan+Physical,1,2,365,92,78,19,1,10.916676220852397,13.563160474320446,0.3556053257112255,0.6707906634959876
room_plus_emp_slope_train_only,Morgan,1,3,346,111,78,19,1,10.381847117738465,17.313417386600925,0.18810830258250388,0.772040636346388
room_plus_emp_slope_train_only,Physical,1,3,346,111,78,19,1,11.987072499613717,18.723249971975644,0.05049999062603461,0.8084330922766259
room_plus_emp_slope_train_only,Morgan+Physical,1,3,346,111,78,19,1,9.637236725829528,16.295390537498495,0.28077951459309036,0.8188148769565743
room_plus_emp_slope_train_only,Morgan,1,4,383,74,78,19,1,11.551480190586398,15.450778074813183,-0.1837775780761315,0.6054307253727218
room_plus_emp_slope_train_only,Physical,1,4,383,74,78,19,1,14.36535059647947,18.420476444124102,-0.6825621632539252,0.8376491370715411
room_plus_emp_slope_train_only,Morgan+Physical,1,4,383,74,78,19,1,6.180128363531989,9.923189599445854,0.5117165783817123,0.8589049638189699
room_plus_emp_slope_train_only,Morgan,2,0,383,74,77,20,1,17.0548245483151,24.08207313108728,-0.18621941806634967,0.03218028789198679
room_plus_emp_slope_train_only,Physical,2,0,383,74,77,20,1,14.516843867333902,19.476446389974992,0.22411612378576662,0.48618478530382
room_plus_emp_slope_train_only,Morgan+Physical,2,0,383,74,77,20,1,15.687221830374227,21.66492263857095,0.03995503915664678,0.26302626548437896
room_plus_emp_slope_train_only,Morgan,2,1,341,116,77,20,1,6.299133330141264,7.992154460880511,0.14118488551702402,0.8904115261760212
room_plus_emp_slope_train_only,Physical,2,1,341,116,77,20,1,6.293102222015117,10.266647606087322,-0.41719382913161174,0.4626174405696493
room_plus_emp_slope_train_only,Morgan+Physical,2,1,341,116,77,20,1,4.944151400717373,8.28589639160037,0.07689535006521142,0.8478554806399401
room_plus_emp_slope_train_only,Morgan,2,2,380,77,78,19,1,9.717596913622572,23.713034818400796,-0.012727050664265604,0.6241040273746519
room_plus_emp_slope_train_only,Physical,2,2,380,77,78,19,1,9.563527591655781,23.946751051410928,-0.032788351800700166,0.7676013102028324
room_plus_emp_slope_train_only,Morgan+Physical,2,2,380,77,78,19,1,8.851150300063097,23.502192815939228,0.00520200239945412,0.7761005003161472
room_plus_emp_slope_train_only,Morgan,2,3,358,99,78,19,1,5.3638431406194504,6.41748197316443,0.42302779635107035,0.689508755078189
room_plus_emp_slope_train_only,Physical,2,3,358,99,78,19,1,6.158568797225182,8.518331866315888,-0.016563910922465563,0.7750720032734132
room_plus_emp_slope_train_only,Morgan+Physical,2,3,358,99,78,19,1,5.112849028431286,6.737668143538026,0.36401802196166977,0.7343019500668557
room_plus_emp_slope_train_only,Morgan,2,4,366,91,78,19,1,15.364694404099014,18.23121267895863,-0.30200788879157603,0.6883674255525745
room_plus_emp_slope_train_only,Physical,2,4,366,91,78,19,1,11.481785741973708,13.472735679238204,0.2889599234241984,0.5222939323038743
room_plus_emp_slope_train_only,Morgan+Physical,2,4,366,91,78,19,1,12.32052704435914,15.29781431816794,0.08327036441963287,0.5411332770895029
room_plus_emp_slope_train_only,Morgan,3,0,348,109,77,20,1,9.850515186288819,18.62346037511424,0.12545782623629465,0.6104419011502987
room_plus_emp_slope_train_only,Physical,3,0,348,109,77,20,1,5.979902505423171,16.935756238497497,0.27678206530379645,0.8312125350307484
room_plus_emp_slope_train_only,Morgan+Physical,3,0,348,109,77,20,1,7.130839492013914,17.262870888175392,0.24857430104260347,0.80379342670191
room_plus_emp_slope_train_only,Morgan,3,1,417,40,77,20,1,12.151753050231934,23.505476467129622,0.08449442878266733,0.6081145035610794
room_plus_emp_slope_train_only,Physical,3,1,417,40,77,20,1,11.706926814937592,16.99326265740671,0.5215060908853839,0.7215156007062298
room_plus_emp_slope_train_only,Morgan+Physical,3,1,417,40,77,20,1,11.288250586414337,17.821829994733488,0.4737071539377482,0.7784143519623916
room_plus_emp_slope_train_only,Morgan,3,2,295,162,78,19,1,10.85950156441206,13.008316903320488,0.20059838194627222,0.5823115628924441
room_plus_emp_slope_train_only,Physical,3,2,295,162,78,19,1,9.873285600977768,14.695073135689443,-0.020155345821431858,0.5940254571500513
room_plus_emp_slope_train_only,Morgan+Physical,3,2,295,162,78,19,1,9.07280710513268,10.976381603220545,0.43083104922520365,0.7271243877919021
room_plus_emp_slope_train_only,Morgan,3,3,366,91,78,19,1,11.824455937027144,18.861687747531708,0.24200424139319576,0.7630677558307558
room_plus_emp_slope_train_only,Physical,3,3,366,91,78,19,1,9.748195144158666,15.630241080695932,0.4794804723781144,0.903861660990277
room_plus_emp_slope_train_only,Morgan+Physical,3,3,366,91,78,19,1,10.23707692916367,16.760004921464922,0.401514052790671,0.9075236095840667
room_plus_emp_slope_train_only,Morgan,3,4,402,55,78,19,1,10.476464447515315,15.382098398837563,-0.809372282324345,0.18214316351441348
room_plus_emp_slope_train_only,Physical,3,4,402,55,78,19,1,7.923852825936059,10.246928710551815,0.19705796893309513,0.7263748507628193
room_plus_emp_slope_train_only,Morgan+Physical,3,4,402,55,78,19,1,6.854903020069469,11.372119825286005,0.011037971832583704,0.5736255308808631
room_plus_emp_slope_train_only,Morgan,4,0,398,59,77,20,1,10.275598775443386,21.91928107986351,0.055691551084629975,0.24109108692760567
room_plus_emp_slope_train_only,Physical,4,0,398,59,77,20,1,8.843733800079864,21.129470390590704,0.12251745335101416,0.7395110789887241
room_plus_emp_slope_train_only,Morgan+Physical,4,0,398,59,77,20,1,7.126893656326551,20.72924445444874,0.15544447000308403,0.7365777334422704
room_plus_emp_slope_train_only,Morgan,4,1,340,117,77,20,1,7.534073092740051,11.860218700221338,-0.4724501317174197,0.4417181414495794
room_plus_emp_slope_train_only,Physical,4,1,340,117,77,20,1,5.186240160797642,7.84557130986018,0.3556759402387142,0.5037613367268816
room_plus_emp_slope_train_only,Morgan+Physical,4,1,340,117,77,20,1,5.6865261101786295,9.362548678558221,0.08242118538812748,0.4986096948565125
room_plus_emp_slope_train_only,Morgan,4,2,346,111,78,19,1,13.628407963259583,20.004464658648356,0.008600713012182903,0.5976345029663745
room_plus_emp_slope_train_only,Physical,4,2,346,111,78,19,1,17.954009691936047,24.812111967178996,-0.5251838553916384,0.6356741985167229
room_plus_emp_slope_train_only,Morgan+Physical,4,2,346,111,78,19,1,12.552205172234611,19.935468051494066,0.015427711378805387,0.6324065620370185
room_plus_emp_slope_train_only,Morgan,4,3,384,73,78,19,1,6.7408485747245885,15.66387906156617,0.30634862332241797,0.6533266904597351
room_plus_emp_slope_train_only,Physical,4,3,384,73,78,19,1,4.546056901257659,7.059954790709296,0.8590884961484037,0.645689985367031
room_plus_emp_slope_train_only,Morgan+Physical,4,3,384,73,78,19,1,4.845024485841515,10.100577347070342,0.711573601412898,0.7797929092985533
room_plus_emp_slope_train_only,Morgan,4,4,360,97,78,19,1,13.21303199697278,17.750742231435936,-0.22986644536605394,0.6568263533135187
room_plus_emp_slope_train_only,Physical,4,4,360,97,78,19,1,6.852403758609417,8.131800107842205,0.7418938772798832,0.8331740030849855
room_plus_emp_slope_train_only,Morgan+Physical,4,4,360,97,78,19,1,9.721914428121035,11.801002596700194,0.4564209256129248,0.9001557598361118
room_plus_emp_slope_train_only,Morgan,5,0,394,63,77,20,1,7.254420235648988,16.439888323483142,0.08118742397029144,0.7334547289529771
room_plus_emp_slope_train_only,Physical,5,0,394,63,77,20,1,5.802744563935295,8.36427297019234,0.7621596144768231,0.6216396609260769
room_plus_emp_slope_train_only,Morgan+Physical,5,0,394,63,77,20,1,6.0659811356559645,11.802826135392563,0.526411416969476,0.6979121026694469
room_plus_emp_slope_train_only,Morgan,5,1,376,81,77,20,1,9.172393744631167,11.83284381052476,0.4934684910716626,0.8023833752067941
room_plus_emp_slope_train_only,Physical,5,1,376,81,77,20,1,12.27748760502191,17.793070122339117,-0.145328275366847,0.8031161339657266
room_plus_emp_slope_train_only,Morgan+Physical,5,1,376,81,77,20,1,8.17971352561668,11.869523678126159,0.4903232952606894,0.8166883908260874
room_plus_emp_slope_train_only,Morgan,5,2,346,111,78,19,1,15.031620462487023,22.43039536883135,0.09189270466542254,0.47149653428813326
room_plus_emp_slope_train_only,Physical,5,2,346,111,78,19,1,8.900855490590688,16.76691552012498,0.49257757153149306,0.9443394697016075
room_plus_emp_slope_train_only,Morgan+Physical,5,2,346,111,78,19,1,11.7352939946465,19.232721160875318,0.33235626582471245,0.8072353156456265
room_plus_emp_slope_train_only,Morgan,5,3,329,128,78,19,1,6.0287598174572,8.74038531179953,0.3287868187874422,0.8442322922595502
room_plus_emp_slope_train_only,Physical,5,3,329,128,78,19,1,9.457589863377809,12.81951872540423,-0.4439187687559669,0.825117465787446
room_plus_emp_slope_train_only,Morgan+Physical,5,3,329,128,78,19,1,3.7154492637395857,4.636280091125255,0.8111405808605722,0.8178754118979487
room_plus_emp_slope_train_only,Morgan,5,4,383,74,78,19,1,12.516003713968637,20.629905716388055,0.0882375642346862,0.6334981469037098
room_plus_emp_slope_train_only,Physical,5,4,383,74,78,19,1,9.758248084145622,16.69081266597743,0.403181640358235,0.7262876725964841
room_plus_emp_slope_train_only,Morgan+Physical,5,4,383,74,78,19,1,10.639396715525033,18.207554551364968,0.2897840052478089,0.7267327836295149
room_plus_emp_slope_train_only,Morgan,6,0,414,43,77,20,1,11.0422242153079,20.548884462955137,0.08691594692311233,0.5194802158142786
room_plus_emp_slope_train_only,Physical,6,0,414,43,77,20,1,12.171633374502493,16.441984192591732,0.4154216730637891,0.5059807170525176
room_plus_emp_slope_train_only,Morgan+Physical,6,0,414,43,77,20,1,11.370176468427792,16.50674063961712,0.41080790369812625,0.6075553052775706
room_plus_emp_slope_train_only,Morgan,6,1,397,60,77,20,1,13.966465471013388,23.608422842093464,0.09766006923418924,0.8408078806650149
room_plus_emp_slope_train_only,Physical,6,1,397,60,77,20,1,9.232821224594117,16.636782938071274,0.5519000174466118,0.8209029949914857
room_plus_emp_slope_train_only,Morgan+Physical,6,1,397,60,77,20,1,11.22325089556376,19.974796089646933,0.35404697643715544,0.86414214137624
room_plus_emp_slope_train_only,Morgan,6,2,331,126,78,19,1,15.740486170438736,19.218832892251406,-2.49578905194409,-0.5192273686056881
room_plus_emp_slope_train_only,Physical,6,2,331,126,78,19,1,6.5247281170073,8.94721905001793,0.24235225171068664,0.7649383721190272
room_plus_emp_slope_train_only,Morgan+Physical,6,2,331,126,78,19,1,10.447537432643344,12.304618077381726,-0.4329382416552132,0.6260108604300081
room_plus_emp_slope_train_only,Morgan,6,3,333,124,78,19,1,6.7340923874270535,9.077997580810711,0.422967006833706,0.8493674724113045
room_plus_emp_slope_train_only,Physical,6,3,333,124,78,19,1,9.8406928553612,12.21751424056387,-0.04516829764736685,0.7231336024465228
room_plus_emp_slope_train_only,Morgan+Physical,6,3,333,124,78,19,1,4.390518287892496,5.6105242148935535,0.7795919752544075,0.8118744980617973
room_plus_emp_slope_train_only,Morgan,6,4,353,104,78,19,1,15.48650596010208,23.2741685374006,-0.2627484084872047,0.2879003521272135
room_plus_emp_slope_train_only,Physical,6,4,353,104,78,19,1,10.980124614389862,18.487190395299706,0.20327158217572072,0.6554365401450826
room_plus_emp_slope_train_only,Morgan+Physical,6,4,353,104,78,19,1,11.937576879505745,20.23586618519654,0.04542055651112331,0.5213425292296251
room_plus_emp_slope_train_only,Morgan,7,0,343,114,77,20,1,5.619109242302075,8.464374171458367,0.5847239869889165,0.9099401094819854
room_plus_emp_slope_train_only,Physical,7,0,343,114,77,20,1,5.405160641466107,8.247022031622414,0.6057774623174487,0.8704988553180708
room_plus_emp_slope_train_only,Morgan+Physical,7,0,343,114,77,20,1,3.795511566510117,6.521473528319915,0.7534876900884402,0.9292814738923413
room_plus_emp_slope_train_only,Morgan,7,1,380,77,77,20,1,18.662115705613967,24.250664021400894,-0.3619639650613853,0.5207328803931845
room_plus_emp_slope_train_only,Physical,7,1,380,77,77,20,1,4.3172969867161335,6.5983247494057355,0.8991709395450831,0.9040996526418336
room_plus_emp_slope_train_only,Morgan+Physical,7,1,380,77,77,20,1,11.3260797111214,14.58998500367157,0.5070214323905422,0.6664336193606294
room_plus_emp_slope_train_only,Morgan,7,2,377,80,78,19,1,8.500720731601714,10.204867163487597,0.1664298053639257,0.7306705192333308
room_plus_emp_slope_train_only,Physical,7,2,377,80,78,19,1,10.56209232936859,15.579294324391823,-0.9427773424535688,0.713253924870435
room_plus_emp_slope_train_only,Morgan+Physical,7,2,377,80,78,19,1,9.100315223560333,12.01613850095572,-0.15573247482756702,0.7541207778456126
room_plus_emp_slope_train_only,Morgan,7,3,379,78,78,19,1,7.380298582376334,19.28050336423922,0.12029909270614592,0.36258667435947456
room_plus_emp_slope_train_only,Physical,7,3,379,78,78,19,1,7.638403712919185,17.784538365861668,0.25151431773147725,0.43188110222460097
room_plus_emp_slope_train_only,Morgan+Physical,7,3,379,78,78,19,1,7.109453136870556,18.215507777975684,0.21479895623050504,0.393412365956942
room_plus_emp_slope_train_only,Morgan,7,4,349,108,78,19,1,13.510199314258715,20.434073694614103,-0.4081088632485337,0.7830831304933195
room_plus_emp_slope_train_only,Physical,7,4,349,108,78,19,1,11.138403793193675,16.234282724606718,0.11122356414835644,0.8148585796649294
room_plus_emp_slope_train_only,Morgan+Physical,7,4,349,108,78,19,1,7.7887877979984985,15.70219929891951,0.16852864465428874,0.8408702736941355
room_plus_emp_slope_train_only,Morgan,8,0,321,136,77,20,1,8.401872533820656,16.22021713993842,0.241940556590863,0.663524753428235
room_plus_emp_slope_train_only,Physical,8,0,321,136,77,20,1,6.077124198520885,14.508221842581296,0.3935174495190621,0.7865924276903644
room_plus_emp_slope_train_only,Morgan+Physical,8,0,321,136,77,20,1,5.100812999343873,14.456214429822705,0.3978577546698767,0.7026248586704984
room_plus_emp_slope_train_only,Morgan,8,1,375,82,77,20,1,10.659687834070718,12.767035486422492,0.304071524234966,0.5221556873692655
room_plus_emp_slope_train_only,Physical,8,1,375,82,77,20,1,7.713537145015437,9.730053169665611,0.5957826942078526,0.8420927677451395
room_plus_emp_slope_train_only,Morgan+Physical,8,1,375,82,77,20,1,6.027921344995267,8.975588319774758,0.6560381108278626,0.8702879598262377
room_plus_emp_slope_train_only,Morgan,8,2,377,80,78,19,1,4.967265239295959,5.7639260575267945,0.667375773836971,0.8376032487957459
room_plus_emp_slope_train_only,Physical,8,2,377,80,78,19,1,5.324937826929093,5.9336733403561555,0.6474957614383973,0.8180729955042266
room_plus_emp_slope_train_only,Morgan+Physical,8,2,377,80,78,19,1,5.077400278625488,5.598472598904421,0.6861976515844768,0.797097073956101
room_plus_emp_slope_train_only,Morgan,8,3,406,51,78,19,1,17.606692211824303,29.3595783018521,-0.12721636982644902,0.41105938332601916
room_plus_emp_slope_train_only,Physical,8,3,406,51,78,19,1,13.035400278577615,21.21074400436422,0.41167207165799147,0.5350350710957755
room_plus_emp_slope_train_only,Morgan+Physical,8,3,406,51,78,19,1,14.64862493941363,24.718347936193787,0.20100043576840132,0.5961624876153692
room_plus_emp_slope_train_only,Morgan,8,4,349,108,78,19,1,13.178153026439523,17.44241166153482,-0.2296731940218506,0.41322385157165115
room_plus_emp_slope_train_only,Physical,8,4,349,108,78,19,1,9.060590902981934,11.3020099475334,0.48371677769218935,0.7910336545290946
room_plus_emp_slope_train_only,Morgan+Physical,8,4,349,108,78,19,1,10.725897707656577,13.602305154634289,0.25217209146460173,0.7907986162121079
room_plus_emp_slope_train_only,Morgan,9,0,389,68,77,20,1,9.872007392883301,17.598002881008338,0.1776076775296016,0.7566212274031847
room_plus_emp_slope_train_only,Physical,9,0,389,68,77,20,1,6.769015068951775,8.523592769860977,0.8070709334753983,0.8073124162144596
room_plus_emp_slope_train_only,Morgan+Physical,9,0,389,68,77,20,1,7.330961751601275,11.990643108114414,0.6181988502992943,0.8411586221822376
room_plus_emp_slope_train_only,Morgan,9,1,351,106,77,20,1,13.192489055417619,17.479404123300643,-0.4505420380820542,0.751295310237066
room_plus_emp_slope_train_only,Physical,9,1,351,106,77,20,1,6.748920458631694,8.499806688147702,0.656999170653974,0.9022435743305397
room_plus_emp_slope_train_only,Morgan+Physical,9,1,351,106,77,20,1,9.157279692020056,12.655225085770061,0.23964427419172463,0.8431950672190741
room_plus_emp_slope_train_only,Morgan,9,2,359,98,78,19,1,6.476206584323181,17.416933767468908,0.10253416671490678,0.6649451981336082
room_plus_emp_slope_train_only,Physical,9,2,359,98,78,19,1,6.684569112022556,16.471459380651613,0.19732694849741772,0.8454503129991667
room_plus_emp_slope_train_only,Morgan+Physical,9,2,359,98,78,19,1,5.105786209153155,16.60620624933371,0.18414049348011174,0.7627534847999371
room_plus_emp_slope_train_only,Morgan,9,3,366,91,78,19,1,13.56390558754722,24.391372783054692,-2.5749084907470885,0.29690745033829374
room_plus_emp_slope_train_only,Physical,9,3,366,91,78,19,1,12.107105818334308,15.441681717857028,-0.43278700867143605,0.6285502706131499
room_plus_emp_slope_train_only,Morgan+Physical,9,3,366,91,78,19,1,9.648073622488505,17.0118534531299,-0.7389844862591215,0.3638100821646332
room_plus_emp_slope_train_only,Morgan,9,4,363,94,78,19,1,16.74775615171067,20.779215943209792,0.11983941321159719,0.5144819550393203
room_plus_emp_slope_train_only,Physical,9,4,363,94,78,19,1,21.681170003428356,25.994597482722536,-0.3774308265933102,0.3695728274091816
room_plus_emp_slope_train_only,Morgan+Physical,9,4,363,94,78,19,1,18.974905777854108,22.57381522498645,-0.03875597776803241,0.4149172225111448
v10_frozen_baseline,Morgan,0,0,188,48,188,48,0,5.993565872971217,8.613302545046894,0.41842162736168664,0.6931639614198443
v10_frozen_baseline,Physical,0,0,188,48,188,48,0,5.715909544829528,8.273337306964645,0.4634251590435646,0.7177984041687021
v10_frozen_baseline,Morgan+Physical,0,0,188,48,188,48,0,5.17865752723217,7.00897491573397,0.614896154938025,0.7540912424412499
v10_frozen_baseline,Morgan,0,1,189,47,189,47,0,11.01289481827756,28.150510292218517,-0.024559267163039245,0.6819509118136183
v10_frozen_baseline,Physical,0,1,189,47,189,47,0,9.023581036214626,25.278647812932977,0.17382467352146513,0.8603393949997364
v10_frozen_baseline,Morgan+Physical,0,1,189,47,189,47,0,9.559324718183154,26.36220567752271,0.10147941677164873,0.8568455134135061
v10_frozen_baseline,Morgan,0,2,189,47,189,47,0,5.499058934881332,8.544232293993362,0.6363938477571548,0.8608888803233643
v10_frozen_baseline,Physical,0,2,189,47,189,47,0,5.886138012155574,10.69661220141154,0.43012759084955876,0.86221451286499
v10_frozen_baseline,Morgan+Physical,0,2,189,47,189,47,0,5.2159603721537495,8.186282255663398,0.6662213467637457,0.9049174644583923
v10_frozen_baseline,Morgan,0,3,189,47,189,47,0,7.934905550449451,16.452766738378042,0.0412642589109552,0.5958986055764721
v10_frozen_baseline,Physical,0,3,189,47,189,47,0,7.857717623243941,13.74759862591132,0.33061692848563795,0.8121187595541868
v10_frozen_baseline,Morgan+Physical,0,3,189,47,189,47,0,7.0036776493153665,13.574676873491772,0.3473504571203222,0.8133907667242134
v10_frozen_baseline,Morgan,0,4,189,47,189,47,0,7.954190813527209,14.482849896059143,0.48315238182321396,0.7936481716787447
v10_frozen_baseline,Physical,0,4,189,47,189,47,0,7.34215202745884,12.999758350908898,0.583586290855276,0.7487713224427318
v10_frozen_baseline,Morgan+Physical,0,4,189,47,189,47,0,7.123483233041966,13.214908813388828,0.5696886497531433,0.8150096849406105
v10_frozen_baseline,Morgan,1,0,188,48,188,48,0,5.332033122348785,6.805396562967332,0.7088534406218067,0.8121742550221634
v10_frozen_baseline,Physical,1,0,188,48,188,48,0,6.639210471717516,10.08529879559378,0.36058572693689217,0.729014574046529
v10_frozen_baseline,Morgan+Physical,1,0,188,48,188,48,0,5.182658647664389,6.611550956949725,0.7252033168582832,0.803213287673333
v10_frozen_baseline,Morgan,1,1,189,47,189,47,0,6.326608566771162,11.164377227186838,0.3143069033555064,0.795592010784255
v10_frozen_baseline,Physical,1,1,189,47,189,47,0,5.705997754279605,9.18950647997783,0.5354364310986952,0.8715813833592078
v10_frozen_baseline,Morgan+Physical,1,1,189,47,189,47,0,5.436031944843049,9.086933230691951,0.545749465918548,0.8976004640618508
v10_frozen_baseline,Morgan,1,2,189,47,189,47,0,6.893970471710853,9.751137412124512,0.4075673144256361,0.6046269772771476
v10_frozen_baseline,Physical,1,2,189,47,189,47,0,8.019092660209978,11.949947954876349,0.11026538733174684,0.6948050073731072
v10_frozen_baseline,Morgan+Physical,1,2,189,47,189,47,0,6.566328701733527,9.166160146667682,0.47651608733630857,0.7021479578546237
v10_frozen_baseline,Morgan,1,3,189,47,189,47,0,7.12969188722651,11.204406767490601,0.4948857026904717,0.7277305534317147
v10_frozen_baseline,Physical,1,3,189,47,189,47,0,5.880942765337355,10.839960148214438,0.5272110711608863,0.7906788494772706
v10_frozen_baseline,Morgan+Physical,1,3,189,47,189,47,0,5.888894683269743,9.821199668655789,0.611902354396977,0.8203527030933796
v10_frozen_baseline,Morgan,1,4,189,47,189,47,0,13.070934432983398,32.0820495944405,-0.009939409048749015,0.6083687780139161
v10_frozen_baseline,Physical,1,4,189,47,189,47,0,10.670815459778966,29.398446661561945,0.15195309098704501,0.8486600564385842
v10_frozen_baseline,Morgan+Physical,1,4,189,47,189,47,0,10.941473854714252,30.386816816040444,0.09397220094572789,0.8442080313434915
v10_frozen_baseline,Morgan,2,0,188,48,188,48,0,8.004194515275955,14.080639093352389,0.49509351954338454,0.7711439373205504
v10_frozen_baseline,Physical,2,0,188,48,188,48,0,8.408528487956524,13.039895763591511,0.5669735242899868,0.8034415384760926
v10_frozen_baseline,Morgan+Physical,2,0,188,48,188,48,0,7.139409185775121,12.486897786636845,0.6029224585054593,0.8558323834337512
v10_frozen_baseline,Morgan,2,1,189,47,189,47,0,6.9466684977754625,9.683068425641263,0.4238964227464924,0.696627970801191
v10_frozen_baseline,Physical,2,1,189,47,189,47,0,6.886424786303905,10.164893558589585,0.36513667270752903,0.7552253479493655
v10_frozen_baseline,Morgan+Physical,2,1,189,47,189,47,0,6.236931478135128,8.55437118247079,0.5503746883149496,0.7531221091581868
v10_frozen_baseline,Morgan,2,2,189,47,189,47,0,8.613308811147162,25.800717316144514,0.009023636018644643,0.6817209378013089
v10_frozen_baseline,Physical,2,2,189,47,189,47,0,7.012990673349258,24.032874981344463,0.1401727798633572,0.8782053138878361
v10_frozen_baseline,Morgan+Physical,2,2,189,47,189,47,0,7.155786440626104,24.629915902441514,0.0969213124474787,0.8299028677150787
v10_frozen_baseline,Morgan,2,3,189,47,189,47,0,8.77190074157715,16.975045760253348,0.2578940652737799,0.7641768860060723
v10_frozen_baseline,Physical,2,3,189,47,189,47,0,6.544446935572522,11.498889211101075,0.659469687708583,0.8741254697889563
v10_frozen_baseline,Morgan+Physical,2,3,189,47,189,47,0,7.396704562653886,13.59255567475023,0.5241761152155996,0.897979243530975
v10_frozen_baseline,Morgan,2,4,189,47,189,47,0,5.4262947284455,10.008936985391582,0.36862927567133097,0.7515197248076918
v10_frozen_baseline,Physical,2,4,189,47,189,47,0,4.52662886507562,7.197847864028746,0.6734769409927455,0.7931423288174057
v10_frozen_baseline,Morgan+Physical,2,4,189,47,189,47,0,4.665051897235627,8.069324350528413,0.58962312932274,0.851864702204538
v10_frozen_baseline,Morgan,3,0,188,48,188,48,0,4.789202849237124,6.420933859296809,0.44863581930360463,0.6706751059358197
v10_frozen_baseline,Physical,3,0,188,48,188,48,0,8.119152345554033,13.561205595737711,-1.4594542956509247,0.5366661246574994
v10_frozen_baseline,Morgan+Physical,3,0,188,48,188,48,0,5.965551550555229,8.927086137889738,-0.06576537528234261,0.6335016021925434
v10_frozen_baseline,Morgan,3,1,189,47,189,47,0,7.414888533774842,16.012242706386886,0.10702954999732817,0.7172888656280215
v10_frozen_baseline,Physical,3,1,189,47,189,47,0,6.085512397989312,10.087108326848877,0.6456225094123068,0.8814431503206307
v10_frozen_baseline,Morgan+Physical,3,1,189,47,189,47,0,6.34091483079626,12.004079759035937,0.4981308462134467,0.8993987049028678
v10_frozen_baseline,Morgan,3,2,189,47,189,47,0,6.121627179247269,11.266188960758509,0.46718100374988425,0.8005457191124377
v10_frozen_baseline,Physical,3,2,189,47,189,47,0,5.592451756903466,9.573130653567484,0.6152898805324867,0.8627927146574155
v10_frozen_baseline,Morgan+Physical,3,2,189,47,189,47,0,5.674683049222257,9.563425672138512,0.616069502619817,0.8894221043871605
v10_frozen_baseline,Morgan,3,3,189,47,189,47,0,10.335042719009072,27.018460740808976,0.0989160310370173,0.7042241307479826
v10_frozen_baseline,Physical,3,3,189,47,189,47,0,9.39245271333735,26.67820563152151,0.1214686008725403,0.7875108426000006
v10_frozen_baseline,Morgan+Physical,3,3,189,47,189,47,0,8.502295250263618,26.23121761996634,0.15066121315772663,0.8160161910142296
v10_frozen_baseline,Morgan,3,4,189,47,189,47,0,8.859290338905822,13.922766901998067,0.4690166343954052,0.829370069041915
v10_frozen_baseline,Physical,3,4,189,47,189,47,0,6.368121607045924,10.469856381277973,0.6997304726681629,0.9121133290759917
v10_frozen_baseline,Morgan+Physical,3,4,189,47,189,47,0,6.534196179394013,10.25639449198188,0.711849587796459,0.9162185618090753
v10_frozen_baseline,Morgan,4,0,188,48,188,48,0,7.253062725623448,11.880662915395828,0.5203799368861053,0.761083595123777
v10_frozen_baseline,Physical,4,0,188,48,188,48,0,8.429892499585947,15.652931250898646,0.16745570448210667,0.8820671501226997
v10_frozen_baseline,Morgan+Physical,4,0,188,48,188,48,0,6.5194034264087675,11.029407773175805,0.5866476786895112,0.8913556821512871
v10_frozen_baseline,Morgan,4,1,189,47,189,47,0,10.137016878858525,26.706642309709824,0.13727373508768614,0.7244063936087489
v10_frozen_baseline,Physical,4,1,189,47,189,47,0,9.393823955077314,25.966234167001968,0.18444664451349013,0.8485111303845042
v10_frozen_baseline,Morgan+Physical,4,1,189,47,189,47,0,8.829560187319492,25.726291445992846,0.19944935648112994,0.847908415838114
v10_frozen_baseline,Morgan,4,2,189,47,189,47,0,6.281916319664489,9.594846839702885,0.6213307927625638,0.7841050806016376
v10_frozen_baseline,Physical,4,2,189,47,189,47,0,5.963288403369011,9.875864878634406,0.5988247094230977,0.8162946686712155
v10_frozen_baseline,Morgan+Physical,4,2,189,47,189,47,0,5.30304687479709,8.661854656371466,0.6913930648563225,0.8635115213646667
v10_frozen_baseline,Morgan,4,3,189,47,189,47,0,6.669829788970947,15.843507487732879,0.15099931091960317,0.7753072299906704
v10_frozen_baseline,Physical,4,3,189,47,189,47,0,6.390943432008458,12.105348209365697,0.5043673035552523,0.7528547891324979
v10_frozen_baseline,Morgan+Physical,4,3,189,47,189,47,0,6.180173063026589,13.314288494313226,0.4004280568861751,0.8211147086031454
v10_frozen_baseline,Morgan,4,4,189,47,189,47,0,4.923360537062301,6.3874521284777055,0.701816680175178,0.7890993287611069
v10_frozen_baseline,Physical,4,4,189,47,189,47,0,5.922905564957476,8.519043992651962,0.46959238444260454,0.7258535460232992
v10_frozen_baseline,Morgan+Physical,4,4,189,47,189,47,0,4.943831279429984,6.8524258792474,0.656824146652277,0.7874302567541271
v10_frozen_baseline,Morgan,5,0,188,48,188,48,0,6.7484578336397805,11.798722019755207,0.2711851469887637,0.77422693514646
v10_frozen_baseline,Physical,5,0,188,48,188,48,0,6.779332780452569,10.53422997870731,0.4190311231549835,0.7755855296367249
v10_frozen_baseline,Morgan+Physical,5,0,188,48,188,48,0,6.2616532678524655,10.029492828831819,0.4733704543170729,0.8141554494138081
v10_frozen_baseline,Morgan,5,1,189,47,189,47,0,9.145270421697738,25.913546118819703,0.07777753729433434,0.7524655498337787
v10_frozen_baseline,Physical,5,1,189,47,189,47,0,9.443627308723775,24.207278562592197,0.1952260014224837,0.7570614938548
v10_frozen_baseline,Morgan+Physical,5,1,189,47,189,47,0,8.430813364921734,24.58676270472926,0.16979623200836802,0.8175773358563881
v10_frozen_baseline,Morgan,5,2,189,47,189,47,0,8.861388701321216,14.66257012896179,0.4379526646421549,0.6337111887643266
v10_frozen_baseline,Physical,5,2,189,47,189,47,0,6.099191799585868,10.384459822188674,0.7180834906896686,0.8483954914441855
v10_frozen_baseline,Morgan+Physical,5,2,189,47,189,47,0,6.530439321461128,11.324837529779868,0.6647130509579353,0.8444058990697803
v10_frozen_baseline,Morgan,5,3,189,47,189,47,0,4.663687631566473,6.405290968676441,0.6004813865562704,0.7907206655423015
v10_frozen_baseline,Physical,5,3,189,47,189,47,0,4.547639302030522,6.509328685563276,0.587397651976806,0.7575599884359642
v10_frozen_baseline,Morgan+Physical,5,3,189,47,189,47,0,4.087243764999064,5.550028498461137,0.7000494115833831,0.824029372146253
v10_frozen_baseline,Morgan,5,4,189,47,189,47,0,7.812970827321801,16.001627977304672,0.3146139666851204,0.6842199209709997
v10_frozen_baseline,Physical,5,4,189,47,189,47,0,6.595906477802356,12.619101330903536,0.5737506132657257,0.8459425865753457
v10_frozen_baseline,Morgan+Physical,5,4,189,47,189,47,0,6.928370748820203,13.622344880670042,0.5032811353538381,0.861586493987049
v10_frozen_baseline,Morgan,6,0,188,48,188,48,0,7.831469900433222,12.766211106060885,0.443486861879682,0.80924200645971
v10_frozen_baseline,Physical,6,0,188,48,188,48,0,8.279066437009972,13.849527878728637,0.3450301394821673,0.810888564403599
v10_frozen_baseline,Morgan+Physical,6,0,188,48,188,48,0,7.53530925415357,12.485884330008634,0.4676589062288796,0.8578950237900048
v10_frozen_baseline,Morgan,6,1,189,47,189,47,0,7.418921958598683,16.180022901032714,0.09511830342411753,0.6790233729515259
v10_frozen_baseline,Physical,6,1,189,47,189,47,0,7.687798535631058,13.492067726030855,0.37079731851828557,0.7697377933892132
v10_frozen_baseline,Morgan+Physical,6,1,189,47,189,47,0,6.6512884088881465,13.823217810214755,0.3395319066461926,0.8036194389181007
v10_frozen_baseline,Morgan,6,2,189,47,189,47,0,11.73813271271726,28.872112347565945,0.026265638294762694,0.7363520814032664
v10_frozen_baseline,Physical,6,2,189,47,189,47,0,9.100978479109418,26.416500993136985,0.1848567007394295,0.9027464585140216
v10_frozen_baseline,Morgan+Physical,6,2,189,47,189,47,0,9.902423886165213,27.39092002043122,0.12361160603561727,0.8621317687393192
v10_frozen_baseline,Morgan,6,3,189,47,189,47,0,5.707413463024383,7.101158081564474,0.2759734005940223,0.5299832337532262
v10_frozen_baseline,Physical,6,3,189,47,189,47,0,4.873231108969831,8.124472055894252,0.05226600555119776,0.6830297773923099
v10_frozen_baseline,Morgan+Physical,6,3,189,47,189,47,0,4.694557516787914,6.119363629402624,0.46233881852630454,0.6806972914873588
v10_frozen_baseline,Morgan,6,4,189,47,189,47,0,6.524949154630621,12.177132137683872,0.4476807568099297,0.8702027974266124
v10_frozen_baseline,Physical,6,4,189,47,189,47,0,6.347236287401077,9.443508496760598,0.6678250425925769,0.8173224252497496
v10_frozen_baseline,Morgan+Physical,6,4,189,47,189,47,0,5.406506887070675,9.823093476349799,0.6405845923579124,0.8910410226035578
v10_frozen_baseline,Morgan,7,0,188,48,188,48,0,7.34039174079895,17.29891230256489,0.248236997342695,0.767439340064178
v10_frozen_baseline,Physical,7,0,188,48,188,48,0,6.154544244408608,11.63332873414785,0.6600215766231101,0.8534169244965533
v10_frozen_baseline,Morgan+Physical,7,0,188,48,188,48,0,6.380974225203197,14.113009194695344,0.4996399774446024,0.8700844033925889
v10_frozen_baseline,Morgan,7,1,189,47,189,47,0,10.622026974682097,27.444079120579627,0.053092446386063474,0.6724691550046468
v10_frozen_baseline,Physical,7,1,189,47,189,47,0,10.00998674131353,26.12329091731626,0.1420419976577968,0.8427047501425511
v10_frozen_baseline,Morgan+Physical,7,1,189,47,189,47,0,9.379880474155506,26.12010566266276,0.1422512092858328,0.8666743755781684
v10_frozen_baseline,Morgan,7,2,189,47,189,47,0,5.843329719462293,8.064032255637251,0.2905029718974753,0.6390688430129606
v10_frozen_baseline,Physical,7,2,189,47,189,47,0,4.4746118442048415,6.1800629577890245,0.5832919724412029,0.7248547229026022
v10_frozen_baseline,Morgan+Physical,7,2,189,47,189,47,0,4.237442740095422,5.89366435396524,0.621019498486567,0.7487135022633925
v10_frozen_baseline,Morgan,7,3,189,47,189,47,0,8.046798203082796,12.04129953041608,0.28314496707125936,0.5828513098925089
v10_frozen_baseline,Physical,7,3,189,47,189,47,0,8.247452181389992,13.29116488181993,0.1266049815696637,0.5273778548713501
v10_frozen_baseline,Morgan+Physical,7,3,189,47,189,47,0,7.4478602399623135,11.398822372190194,0.35760139160580307,0.61877366971016
v10_frozen_baseline,Morgan,7,4,189,47,189,47,0,8.09036517379436,14.739472672165451,0.23083109163880422,0.7360171650347309
v10_frozen_baseline,Physical,7,4,189,47,189,47,0,7.833354827775345,14.444664159838545,0.2612921297742463,0.857853199167412
v10_frozen_baseline,Morgan+Physical,7,4,189,47,189,47,0,7.507964610371691,13.462879425798835,0.3582974859960838,0.8539793591496041
v10_frozen_baseline,Morgan,8,0,188,48,188,48,0,5.106541770076752,7.906630433783482,0.3022995232428438,0.7155873752452961
v10_frozen_baseline,Physical,8,0,188,48,188,48,0,6.480680175956088,12.840251288168899,-0.8400650920978847,0.7744001748462899
v10_frozen_baseline,Morgan+Physical,8,0,188,48,188,48,0,5.293964593585332,8.516830754006014,0.1904528013561959,0.8191835860511258
v10_frozen_baseline,Morgan,8,1,189,47,189,47,0,12.36255436099438,30.247703085500987,0.02869188422526303,0.768799332158205
v10_frozen_baseline,Physical,8,1,189,47,189,47,0,9.122232536494478,27.189273519216204,0.21518477013805437,0.9157030527289546
v10_frozen_baseline,Morgan+Physical,8,1,189,47,189,47,0,10.47564795670205,28.452532838979966,0.1405629313675748,0.8900323774283071
v10_frozen_baseline,Morgan,8,2,189,47,189,47,0,7.539722237363775,14.982698637115272,0.3841988988434033,0.674647950901448
v10_frozen_baseline,Physical,8,2,189,47,189,47,0,6.6460296492272235,11.774617649123083,0.6196757656581214,0.825267418328997
v10_frozen_baseline,Morgan+Physical,8,2,189,47,189,47,0,6.48139036633106,12.739652715146365,0.5547790917680138,0.8375831165076614
v10_frozen_baseline,Morgan,8,3,189,47,189,47,0,7.874186981282334,13.072558532773762,0.2809864980217719,0.7328880269029702
v10_frozen_baseline,Physical,8,3,189,47,189,47,0,10.202788742552412,15.406479353945768,0.0013284722397211013,0.7215749764513919
v10_frozen_baseline,Morgan+Physical,8,3,189,47,189,47,0,8.242436581469597,12.290338235847774,0.3644590690811971,0.7339481371052861
v10_frozen_baseline,Morgan,8,4,189,47,189,47,0,5.691791111235923,7.016981944993611,0.6114202274456992,0.6441032169991375
v10_frozen_baseline,Physical,8,4,189,47,189,47,0,4.542693714588247,6.345028455096225,0.6822784886415725,0.6819311939867014
v10_frozen_baseline,Morgan+Physical,8,4,189,47,189,47,0,4.696990842778632,5.935962471876561,0.7219251159580504,0.7383423436926502
v10_frozen_baseline,Morgan,9,0,188,48,188,48,0,6.776691028753916,12.525354176785381,0.33628717451983847,0.7724509042740799
v10_frozen_baseline,Physical,9,0,188,48,188,48,0,6.66682184167703,10.829948567623013,0.5038043325635013,0.7440497193827578
v10_frozen_baseline,Morgan+Physical,9,0,188,48,188,48,0,6.363367927948634,9.980416028604497,0.5785971488546783,0.7999348675640469
v10_frozen_baseline,Morgan,9,1,189,47,189,47,0,5.478912795306266,7.169779525036987,0.7076690172102627,0.7631989937315867
v10_frozen_baseline,Physical,9,1,189,47,189,47,0,4.597044726732945,7.673324808628985,0.6651653387760205,0.8900002894644452
v10_frozen_baseline,Morgan+Physical,9,1,189,47,189,47,0,3.825523050649115,5.562838043188268,0.8240229323741207,0.887604070305273
v10_frozen_baseline,Morgan,9,2,189,47,189,47,0,5.517583453482771,7.076101917139354,0.665328648245934,0.6890528325095958
v10_frozen_baseline,Physical,9,2,189,47,189,47,0,5.3074190917928155,8.438286663574747,0.5240745501306437,0.7916160753330842
v10_frozen_baseline,Morgan+Physical,9,2,189,47,189,47,0,5.078786348464642,7.120601896246618,0.661106069982141,0.7953165668107933
v10_frozen_baseline,Morgan,9,3,189,47,189,47,0,12.440958895086737,29.923791538592265,0.04798950686938963,0.6233555983780823
v10_frozen_baseline,Physical,9,3,189,47,189,47,0,10.486271346997198,28.93447865152555,0.10989791751679578,0.8354679236773851
v10_frozen_baseline,Morgan+Physical,9,3,189,47,189,47,0,10.837820221223222,29.052332558925617,0.10263214649970942,0.7807233098576238
v10_frozen_baseline,Morgan,9,4,189,47,189,47,0,7.972261432956127,13.475938386480006,0.32256270726743697,0.7746654515162407
v10_frozen_baseline,Physical,9,4,189,47,189,47,0,6.561096883140727,9.575244175670813,0.6579805670397225,0.8540371776573326
v10_frozen_baseline,Morgan+Physical,9,4,189,47,189,47,0,6.253213196109204,10.523751618571746,0.5868647555824007,0.8776849473182796
v10_frozen_plus_null_block,Morgan,0,0,188,48,188,48,2,5.993565872971217,8.613302545046894,0.41842162736168664,0.6931639614198443
v10_frozen_plus_null_block,Physical,0,0,188,48,188,48,2,5.807161551936467,8.274831720909583,0.46323129837632604,0.7434185528958368
v10_frozen_plus_null_block,Morgan+Physical,0,0,188,48,188,48,2,5.095370263322194,6.920726200452763,0.6245326484463389,0.749640405193702
v10_frozen_plus_null_block,Morgan,0,1,189,47,189,47,2,11.01289481827756,28.150510292218517,-0.024559267163039245,0.6819509118136183
v10_frozen_plus_null_block,Physical,0,1,189,47,189,47,2,8.972716016720714,25.158850615726468,0.18163671855361085,0.8691278081744651
v10_frozen_plus_null_block,Morgan+Physical,0,1,189,47,189,47,2,9.535958149638075,26.293932174408265,0.10612741261719383,0.8644773358001852
v10_frozen_plus_null_block,Morgan,0,2,189,47,189,47,2,5.499058934881332,8.544232293993362,0.6363938477571548,0.8608888803233643
v10_frozen_plus_null_block,Physical,0,2,189,47,189,47,2,5.991167747314941,10.7099003232289,0.42871083619284744,0.8470656259034404
v10_frozen_plus_null_block,Morgan+Physical,0,2,189,47,189,47,2,5.165156735156446,7.981546356617792,0.682707936294922,0.9001763468246572
v10_frozen_plus_null_block,Morgan,0,3,189,47,189,47,2,7.934905550449451,16.452766738378042,0.0412642589109552,0.5958986055764721
v10_frozen_plus_null_block,Physical,0,3,189,47,189,47,2,7.957496194190167,14.191685056797462,0.28667250130855226,0.7896273600478092
v10_frozen_plus_null_block,Morgan+Physical,0,3,189,47,189,47,2,7.179652525638011,13.954645414644478,0.31030250569757234,0.7944841146970013
v10_frozen_plus_null_block,Morgan,0,4,189,47,189,47,2,7.954190813527209,14.482849896059143,0.48315238182321396,0.7936481716787447
v10_frozen_plus_null_block,Physical,0,4,189,47,189,47,2,7.114113065317844,12.784682540357503,0.5972511055595779,0.7431627650468287
v10_frozen_plus_null_block,Morgan+Physical,0,4,189,47,189,47,2,7.023298850867089,13.037528978511338,0.5811630063969984,0.8221554116558742
v10_frozen_plus_null_block,Morgan,1,0,188,48,188,48,2,5.332033122348785,6.805396562967332,0.7088534406218067,0.8121742550221634
v10_frozen_plus_null_block,Physical,1,0,188,48,188,48,2,6.569816704956691,9.802510762296613,0.3959408837222098,0.731314118221788
v10_frozen_plus_null_block,Morgan+Physical,1,0,188,48,188,48,2,5.164214901892344,6.609568828879153,0.7253680590120231,0.8066871118665411
v10_frozen_plus_null_block,Morgan,1,1,189,47,189,47,2,6.326608566771162,11.164377227186838,0.3143069033555064,0.795592010784255
v10_frozen_plus_null_block,Physical,1,1,189,47,189,47,2,5.399072428703309,8.685228843666001,0.5850236899002799,0.8712922824625117
v10_frozen_plus_null_block,Morgan+Physical,1,1,189,47,189,47,2,5.3537711363041645,8.949202656155686,0.5594152523888634,0.8937843322254632
v10_frozen_plus_null_block,Morgan,1,2,189,47,189,47,2,6.893970471710853,9.751137412124512,0.4075673144256361,0.6046269772771476
v10_frozen_plus_null_block,Physical,1,2,189,47,189,47,2,8.127015885957755,12.279597626007638,0.06050011623656504,0.6925500855716965
v10_frozen_plus_null_block,Morgan+Physical,1,2,189,47,189,47,2,6.7241604821874725,9.346880035712008,0.45567059517231345,0.7154462146321734
v10_frozen_plus_null_block,Morgan,1,3,189,47,189,47,2,7.12969188722651,11.204406767490601,0.4948857026904717,0.7277305534317147
v10_frozen_plus_null_block,Physical,1,3,189,47,189,47,2,5.685251410301694,10.55558864728933,0.5516916356547015,0.8231756692378547
v10_frozen_plus_null_block,Morgan+Physical,1,3,189,47,189,47,2,5.777947676354267,9.77760888015284,0.6153398038648221,0.8217982075744434
v10_frozen_plus_null_block,Morgan,1,4,189,47,189,47,2,13.070934432983398,32.0820495944405,-0.009939409048749015,0.6083687780139161
v10_frozen_plus_null_block,Physical,1,4,189,47,189,47,2,10.72150578839728,29.225368557795683,0.16190914662082245,0.8561764624432863
v10_frozen_plus_null_block,Morgan+Physical,1,4,189,47,189,47,2,11.00083441973747,30.28806440578549,0.09985152971801825,0.8549044552732598
v10_frozen_plus_null_block,Morgan,2,0,188,48,188,48,2,8.004194515275955,14.080639093352389,0.49509351954338454,0.7711439373205504
v10_frozen_plus_null_block,Physical,2,0,188,48,188,48,2,8.608180459038415,13.416973237857016,0.5415675855139362,0.8162523082268093
v10_frozen_plus_null_block,Morgan+Physical,2,0,188,48,188,48,2,7.24531623237133,12.821132901146484,0.5813809239554182,0.8558323834337512
v10_frozen_plus_null_block,Morgan,2,1,189,47,189,47,2,6.9466684977754625,9.683068425641263,0.4238964227464924,0.696627970801191
v10_frozen_plus_null_block,Physical,2,1,189,47,189,47,2,7.141230899648463,10.396348547355535,0.335895791048305,0.7090656799259945
v10_frozen_plus_null_block,Morgan+Physical,2,1,189,47,189,47,2,6.5288215263042035,8.688377133423309,0.5361774084212786,0.7527752081406105
v10_frozen_plus_null_block,Morgan,2,2,189,47,189,47,2,8.613308811147162,25.800717316144514,0.009023636018644643,0.6817209378013089
v10_frozen_plus_null_block,Physical,2,2,189,47,189,47,2,7.069292150456854,23.87702940163261,0.15128803736172625,0.8781221091581869
v10_frozen_plus_null_block,Morgan+Physical,2,2,189,47,189,47,2,7.243616312879197,24.536088520341398,0.10378874258837001,0.8208834412580944
v10_frozen_plus_null_block,Morgan,2,3,189,47,189,47,2,8.77190074157715,16.975045760253348,0.2578940652737799,0.7641768860060723
v10_frozen_plus_null_block,Physical,2,3,189,47,189,47,2,6.784191944020858,12.640883167011758,0.5884725282343879,0.8740676496097138
v10_frozen_plus_null_block,Morgan+Physical,2,3,189,47,189,47,2,7.43156817667535,14.15985939753976,0.48362895779752413,0.8971119659150479
v10_frozen_plus_null_block,Morgan,2,4,189,47,189,47,2,5.4262947284455,10.008936985391582,0.36862927567133097,0.7515197248076918
v10_frozen_plus_null_block,Physical,2,4,189,47,189,47,2,4.604394565850116,7.762358316157917,0.6202516435782808,0.7757379516960206
v10_frozen_plus_null_block,Morgan+Physical,2,4,189,47,189,47,2,4.6355743415345545,8.414382237866207,0.5537759189260338,0.8405319470540533
v10_frozen_plus_null_block,Morgan,3,0,188,48,188,48,2,4.789202849237124,6.420933859296809,0.44863581930360463,0.6706751059358197
v10_frozen_plus_null_block,Physical,3,0,188,48,188,48,2,8.335748268858593,13.626761583503871,-1.4832901793960023,0.5271814359385003
v10_frozen_plus_null_block,Morgan+Physical,3,0,188,48,188,48,2,5.890560796229043,8.91074832453226,-0.061867946251574546,0.6108668521184889
v10_frozen_plus_null_block,Morgan,3,1,189,47,189,47,2,7.414888533774842,16.012242706386886,0.10702954999732817,0.7172888656280215
v10_frozen_plus_null_block,Physical,3,1,189,47,189,47,2,6.287642352530296,10.451933939965457,0.619525047734284,0.8748518404395843
v10_frozen_plus_null_block,Morgan+Physical,3,1,189,47,189,47,2,6.4266596378569885,12.237403889320246,0.4784315091622542,0.8898011100832562
v10_frozen_plus_null_block,Morgan,3,2,189,47,189,47,2,6.121627179247269,11.266188960758509,0.46718100374988425,0.8005457191124377
v10_frozen_plus_null_block,Physical,3,2,189,47,189,47,2,5.4359193357914055,9.220627414639713,0.643099969711557,0.8749927724775947
v10_frozen_plus_null_block,Morgan+Physical,3,2,189,47,189,47,2,5.6234315338946415,9.378675694057168,0.6307600571549232,0.8903472005108161
v10_frozen_plus_null_block,Morgan,3,3,189,47,189,47,2,10.335042719009072,27.018460740808976,0.0989160310370173,0.7042241307479826
v10_frozen_plus_null_block,Physical,3,3,189,47,189,47,2,9.427021979453714,26.640468602827834,0.12395225491283735,0.7858567756038025
v10_frozen_plus_null_block,Morgan+Physical,3,3,189,47,189,47,2,8.471625226284594,26.21856633456944,0.15148028578648298,0.8067304637792841
v10_frozen_plus_null_block,Morgan,3,4,189,47,189,47,2,8.859290338905822,13.922766901998067,0.4690166343954052,0.829370069041915
v10_frozen_plus_null_block,Physical,3,4,189,47,189,47,2,6.592983670948922,10.69650336410466,0.6865895479654511,0.9151199784016305
v10_frozen_plus_null_block,Morgan+Physical,3,4,189,47,189,47,2,6.592279338252292,10.365198411145789,0.7057035311342743,0.9148886976842736
v10_frozen_plus_null_block,Morgan,4,0,188,48,188,48,2,7.253062725623448,11.880662915395828,0.5203799368861053,0.761083595123777
v10_frozen_plus_null_block,Physical,4,0,188,48,188,48,2,8.66789719069004,17.047083432738958,0.012547605524830696,0.8791900771362695
v10_frozen_plus_null_block,Morgan+Physical,4,0,188,48,188,48,2,6.74837840270996,11.503464145338992,0.5503513640854671,0.8833763090755768
v10_frozen_plus_null_block,Morgan,4,1,189,47,189,47,2,10.137016878858525,26.706642309709824,0.13727373508768614,0.7244063936087489
v10_frozen_plus_null_block,Physical,4,1,189,47,189,47,2,9.376523494079267,25.797001225152254,0.1950426154363899,0.8483709638999418
v10_frozen_plus_null_block,Morgan+Physical,4,1,189,47,189,47,2,8.767666357162152,25.689043701527947,0.20176582867033432,0.8544997257191604
v10_frozen_plus_null_block,Morgan,4,2,189,47,189,47,2,6.281916319664489,9.594846839702885,0.6213307927625638,0.7841050806016376
v10_frozen_plus_null_block,Physical,4,2,189,47,189,47,2,6.055276522940778,9.785036469126483,0.6061700008399892,0.7857287423413053
v10_frozen_plus_null_block,Morgan+Physical,4,2,189,47,189,47,2,5.282854464916472,8.494600106024492,0.7031959828264296,0.8453554601815608
v10_frozen_plus_null_block,Morgan,4,3,189,47,189,47,2,6.669829788970947,15.843507487732879,0.15099931091960317,0.7753072299906704
v10_frozen_plus_null_block,Physical,4,3,189,47,189,47,2,6.546813968569167,12.52215927955737,0.4696484736100599,0.7447601980505111
v10_frozen_plus_null_block,Morgan+Physical,4,3,189,47,189,47,2,6.2253896964377535,13.375395912682258,0.3949118219988269,0.822617946345976
v10_frozen_plus_null_block,Morgan,4,4,189,47,189,47,2,4.923360537062301,6.3874521284777055,0.701816680175178,0.7890993287611069
v10_frozen_plus_null_block,Physical,4,4,189,47,189,47,2,5.883878155464822,8.391513564009742,0.485353965341194,0.7391731714368316
v10_frozen_plus_null_block,Morgan+Physical,4,4,189,47,189,47,2,4.822698386172032,6.749357791227711,0.6670699994504856,0.812870400154657
v10_frozen_plus_null_block,Morgan,5,0,188,48,188,48,2,6.7484578336397805,11.798722019755207,0.2711851469887637,0.77422693514646
v10_frozen_plus_null_block,Physical,5,0,188,48,188,48,2,6.979901962590218,11.10308681432792,0.35459140069846296,0.7977311588684265
v10_frozen_plus_null_block,Morgan+Physical,5,0,188,48,188,48,2,6.381338977328936,10.31929164675322,0.442497203718625,0.8231654363873208
v10_frozen_plus_null_block,Morgan,5,1,189,47,189,47,2,9.145270421697738,25.913546118819703,0.07777753729433434,0.7524655498337787
v10_frozen_plus_null_block,Physical,5,1,189,47,189,47,2,9.409724994862334,24.389996093670977,0.18303121682216195,0.7636463513357232
v10_frozen_plus_null_block,Morgan+Physical,5,1,189,47,189,47,2,8.40257772145373,24.714385687546223,0.16115515397441993,0.8249783188118067
v10_frozen_plus_null_block,Morgan,5,2,189,47,189,47,2,8.861388701321216,14.66257012896179,0.4379526646421549,0.6337111887643266
v10_frozen_plus_null_block,Physical,5,2,189,47,189,47,2,6.321118569978755,10.746132014765829,0.6981042274620151,0.8600751676707055
v10_frozen_plus_null_block,Morgan+Physical,5,2,189,47,189,47,2,6.637716674301473,11.467558889650931,0.6562088864359066,0.848511131802864
v10_frozen_plus_null_block,Morgan,5,3,189,47,189,47,2,4.663687631566473,6.405290968676441,0.6004813865562704,0.7907206655423015
v10_frozen_plus_null_block,Physical,5,3,189,47,189,47,2,4.009311953037343,5.5850704729744,0.6962497760291253,0.7760046256143395
v10_frozen_plus_null_block,Morgan+Physical,5,3,189,47,189,47,2,3.853534191253337,5.319070442826953,0.7244941812123191,0.8273250270867761
v10_frozen_plus_null_block,Morgan,5,4,189,47,189,47,2,7.812970827321801,16.001627977304672,0.3146139666851204,0.6842199209709997
v10_frozen_plus_null_block,Physical,5,4,189,47,189,47,2,6.793609241785901,13.013979066178592,0.5466567859423475,0.8580844731983259
v10_frozen_plus_null_block,Morgan+Physical,5,4,189,47,189,47,2,7.009064285132226,13.810375027770746,0.4894740100313473,0.8768501387604071
v10_frozen_plus_null_block,Morgan,6,0,188,48,188,48,2,7.831469900433222,12.766211106060885,0.443486861879682,0.80924200645971
v10_frozen_plus_null_block,Physical,6,0,188,48,188,48,2,8.331672921721141,14.14246237829522,0.317030291150594,0.7932475721396477
v10_frozen_plus_null_block,Morgan+Physical,6,0,188,48,188,48,2,7.564172654374441,12.559885737968196,0.4613300424224862,0.8549096250991823
v10_frozen_plus_null_block,Morgan,6,1,189,47,189,47,2,7.418921958598683,16.180022901032714,0.09511830342411753,0.6790233729515259
v10_frozen_plus_null_block,Physical,6,1,189,47,189,47,2,7.726048059727284,13.270893774283612,0.3912571327737484,0.7468416643287363
v10_frozen_plus_null_block,Morgan+Physical,6,1,189,47,189,47,2,6.72158292218472,13.875070783981949,0.33456758235356976,0.7819953170276503
v10_frozen_plus_null_block,Morgan,6,2,189,47,189,47,2,11.73813271271726,28.872112347565945,0.026265638294762694,0.7363520814032664
v10_frozen_plus_null_block,Physical,6,2,189,47,189,47,2,9.070257976337189,26.359238468514143,0.18838681039908833,0.9100318010985835
v10_frozen_plus_null_block,Morgan+Physical,6,2,189,47,189,47,2,9.857258773690083,27.366592030436074,0.1251676910268873,0.8620161317238624
v10_frozen_plus_null_block,Morgan,6,3,189,47,189,47,2,5.707413463024383,7.101158081564474,0.2759734005940223,0.5299832337532262
v10_frozen_plus_null_block,Physical,6,3,189,47,189,47,2,4.690642064277162,7.872976904561033,0.11003256606893042,0.6775946805435097
v10_frozen_plus_null_block,Morgan+Physical,6,3,189,47,189,47,2,4.660532568018487,6.029554861189308,0.4780046163807977,0.6615015469215044
v10_frozen_plus_null_block,Morgan,6,4,189,47,189,47,2,6.524949154630621,12.177132137683872,0.4476807568099297,0.8702027974266124
v10_frozen_plus_null_block,Physical,6,4,189,47,189,47,2,5.8031517388364104,8.524751881962505,0.7293153477636021,0.8262264754399352
v10_frozen_plus_null_block,Morgan+Physical,6,4,189,47,189,47,2,5.172172883662772,9.293405588521718,0.6783008452677478,0.8868202715393789
v10_frozen_plus_null_block,Morgan,7,0,188,48,188,48,2,7.34039174079895,17.29891230256489,0.248236997342695,0.767439340064178
v10_frozen_plus_null_block,Physical,7,0,188,48,188,48,2,6.231038077235222,11.386764116968724,0.6742803175941889,0.8476089670520546
v10_frozen_plus_null_block,Morgan+Physical,7,0,188,48,188,48,2,6.382432513793309,13.88015908618248,0.5160146209636235,0.8711156949499473
v10_frozen_plus_null_block,Morgan,7,1,189,47,189,47,2,10.622026974682097,27.444079120579627,0.053092446386063474,0.6724691550046468
v10_frozen_plus_null_block,Physical,7,1,189,47,189,47,2,10.112533521465545,25.964292829804,0.15245405060210349,0.8295221303804583
v10_frozen_plus_null_block,Morgan+Physical,7,1,189,47,189,47,2,9.313289495411324,26.023950224404995,0.1485548131893698,0.8604301572617946
v10_frozen_plus_null_block,Morgan,7,2,189,47,189,47,2,5.843329719462293,8.064032255637251,0.2905029718974753,0.6390688430129606
v10_frozen_plus_null_block,Physical,7,2,189,47,189,47,2,4.502047968519495,6.223771136988399,0.5773768364742711,0.7460680004625883
v10_frozen_plus_null_block,Morgan+Physical,7,2,189,47,189,47,2,4.296158697574696,5.891921647696077,0.621243587953239,0.7584272923923794
v10_frozen_plus_null_block,Morgan,7,3,189,47,189,47,2,8.046798203082796,12.04129953041608,0.28314496707125936,0.5828513098925089
v10_frozen_plus_null_block,Physical,7,3,189,47,189,47,2,8.472913365303203,14.004815726382558,0.03029548686314465,0.5368603642671292
v10_frozen_plus_null_block,Morgan+Physical,7,3,189,47,189,47,2,7.537833362985165,11.7235570821387,0.32047815316376227,0.6118354487827428
v10_frozen_plus_null_block,Morgan,7,4,189,47,189,47,2,8.09036517379436,14.739472672165451,0.23083109163880422,0.7360171650347309
v10_frozen_plus_null_block,Physical,7,4,189,47,189,47,2,7.8451365086941,14.797443007939137,0.22476891219839712,0.8797664135965049
v10_frozen_plus_null_block,Morgan+Physical,7,4,189,47,189,47,2,7.546166359442854,13.539379026262038,0.35098412375799115,0.8565233734896571
v10_frozen_plus_null_block,Morgan,8,0,188,48,188,48,2,5.106541770076752,7.906630433783482,0.3022995232428438,0.7155873752452961
v10_frozen_plus_null_block,Physical,8,0,188,48,188,48,2,6.1235290497819586,10.872672408937838,-0.31934612622206004,0.765769190141358
v10_frozen_plus_null_block,Morgan+Physical,8,0,188,48,188,48,2,5.047664149578412,7.7365995879248155,0.3319847442648898,0.8254804050811392
v10_frozen_plus_null_block,Morgan,8,1,189,47,189,47,2,12.36255436099438,30.247703085500987,0.02869188422526303,0.768799332158205
v10_frozen_plus_null_block,Physical,8,1,189,47,189,47,2,8.941416716815056,26.941142962506426,0.22944392656685342,0.9194033302497688
v10_frozen_plus_null_block,Morgan+Physical,8,1,189,47,189,47,2,10.366647369035762,28.28581659433642,0.15060508431465625,0.8932701202590194
v10_frozen_plus_null_block,Morgan,8,2,189,47,189,47,2,7.539722237363775,14.982698637115272,0.3841988988434033,0.674647950901448
v10_frozen_plus_null_block,Physical,8,2,189,47,189,47,2,6.5833152995008115,11.468197424522764,0.6392131547748353,0.8350390286209889
v10_frozen_plus_null_block,Morgan+Physical,8,2,189,47,189,47,2,6.416515991210938,12.558238010302194,0.56736884366462,0.8349812084417462
v10_frozen_plus_null_block,Morgan,8,3,189,47,189,47,2,7.874186981282334,13.072558532773762,0.2809864980217719,0.7328880269029702
v10_frozen_plus_null_block,Physical,8,3,189,47,189,47,2,9.738218897961556,13.913304147255266,0.1855275217851996,0.7052701572719614
v10_frozen_plus_null_block,Morgan+Physical,8,3,189,47,189,47,2,8.14382997269326,11.764753250828367,0.41765345728923353,0.7396143508626768
v10_frozen_plus_null_block,Morgan,8,4,189,47,189,47,2,5.691791111235923,7.016981944993611,0.6114202274456992,0.6441032169991375
v10_frozen_plus_null_block,Physical,8,4,189,47,189,47,2,4.426085690437479,6.427854002554988,0.6739295224513,0.7008181321768687
v10_frozen_plus_null_block,Morgan+Physical,8,4,189,47,189,47,2,4.7037232741497945,5.965099696417121,0.7191885030177343,0.7445289240195972
v10_frozen_plus_null_block,Morgan,9,0,188,48,188,48,2,6.776691028753916,12.525354176785381,0.33628717451983847,0.7724509042740799
v10_frozen_plus_null_block,Physical,9,0,188,48,188,48,2,6.777261043866475,11.562366022792057,0.43442056914896554,0.7437038645245331
v10_frozen_plus_null_block,Morgan+Physical,9,0,188,48,188,48,2,6.352534624814987,10.410885742213017,0.5414617807846525,0.8009118541033434
v10_frozen_plus_null_block,Morgan,9,1,189,47,189,47,2,5.478912795306266,7.169779525036987,0.7076690172102627,0.7631989937315867
v10_frozen_plus_null_block,Physical,9,1,189,47,189,47,2,4.765261854317847,8.09542478933436,0.6273144716157053,0.88286308973173
v10_frozen_plus_null_block,Morgan+Physical,9,1,189,47,189,47,2,3.9315987463768485,5.807499560688514,0.8082030857220559,0.8822849213691029
v10_frozen_plus_null_block,Morgan,9,2,189,47,189,47,2,5.517583453482771,7.076101917139354,0.665328648245934,0.6890528325095958
v10_frozen_plus_null_block,Physical,9,2,189,47,189,47,2,5.222742804466409,8.237265617435996,0.5464799208469528,0.7802255000032604
v10_frozen_plus_null_block,Morgan+Physical,9,2,189,47,189,47,2,5.0925805612117685,7.0278113298785705,0.6698809652181703,0.7962416896802208
v10_frozen_plus_null_block,Morgan,9,3,189,47,189,47,2,12.440958895086737,29.923791538592265,0.04798950686938963,0.6233555983780823
v10_frozen_plus_null_block,Physical,9,3,189,47,189,47,2,10.336951266869075,28.4298519048105,0.14067452101271005,0.8421752583819722
v10_frozen_plus_null_block,Morgan+Physical,9,3,189,47,189,47,2,10.750200175946823,28.78944136892398,0.11879902334588022,0.787892804815955
v10_frozen_plus_null_block,Morgan,9,4,189,47,189,47,2,7.972261432956127,13.475938386480006,0.32256270726743697,0.7746654515162407
v10_frozen_plus_null_block,Physical,9,4,189,47,189,47,2,6.5632500619036085,9.51841971728852,0.662027962551673,0.8312566856123127
v10_frozen_plus_null_block,Morgan+Physical,9,4,189,47,189,47,2,6.214827689215479,10.522949969806453,0.5869276944955152,0.8682605305585379
v10_frozen_plus_nbs_alpha,Morgan,0,0,188,48,188,48,2,5.993565872971217,8.613302545046894,0.41842162736168664,0.6931639614198443
v10_frozen_plus_nbs_alpha,Physical,0,0,188,48,188,48,2,5.717829706494013,8.221655685394094,0.470107938217601,0.7372106280023794
v10_frozen_plus_nbs_alpha,Morgan+Physical,0,0,188,48,188,48,2,5.109396165275574,6.961023090503501,0.6201474972664051,0.7560995470529484
v10_frozen_plus_nbs_alpha,Morgan,0,1,189,47,189,47,2,11.01289481827756,28.150510292218517,-0.024559267163039245,0.6819509118136183
v10_frozen_plus_nbs_alpha,Physical,0,1,189,47,189,47,2,8.860030687324038,25.21797354976317,0.17778591551486989,0.8682027120508093
v10_frozen_plus_nbs_alpha,Morgan+Physical,0,1,189,47,189,47,2,9.447342426170188,26.324148827402375,0.10407177808554968,0.8627428307123035
v10_frozen_plus_nbs_alpha,Morgan,0,2,189,47,189,47,2,5.499058934881332,8.544232293993362,0.6363938477571548,0.8608888803233643
v10_frozen_plus_nbs_alpha,Physical,0,2,189,47,189,47,2,5.882347768215424,10.663957246554913,0.4336017286668912,0.8494940734316276
v10_frozen_plus_nbs_alpha,Morgan+Physical,0,2,189,47,189,47,2,5.1307267040902,7.966109798454514,0.6839340548525993,0.8989043396546306
v10_frozen_plus_nbs_alpha,Morgan,0,3,189,47,189,47,2,7.934905550449451,16.452766738378042,0.0412642589109552,0.5958986055764721
v10_frozen_plus_nbs_alpha,Physical,0,3,189,47,189,47,2,8.009952205962323,13.973632589467053,0.30842437615114926,0.7977797696375245
v10_frozen_plus_nbs_alpha,Morgan+Physical,0,3,189,47,189,47,2,7.169510837149112,13.837962455468922,0.3217882137107648,0.8038507129490147
v10_frozen_plus_nbs_alpha,Morgan,0,4,189,47,189,47,2,7.954190813527209,14.482849896059143,0.48315238182321396,0.7936481716787447
v10_frozen_plus_nbs_alpha,Physical,0,4,189,47,189,47,2,7.070781084612583,12.787622979824395,0.5970658221270424,0.7589117956209719
v10_frozen_plus_nbs_alpha,Morgan+Physical,0,4,189,47,189,47,2,6.98511811002366,13.035519146669593,0.5812921301049335,0.8280766676872464
v10_frozen_plus_nbs_alpha,Morgan,1,0,188,48,188,48,2,5.332033122348785,6.805396562967332,0.7088534406218067,0.8121742550221634
v10_frozen_plus_nbs_alpha,Physical,1,0,188,48,188,48,2,6.2718455315311745,9.409179405826894,0.4434447471060854,0.762395853403138
v10_frozen_plus_nbs_alpha,Morgan+Physical,1,0,188,48,188,48,2,5.009776883093516,6.43630540700723,0.7395777574784436,0.8091296445023907
v10_frozen_plus_nbs_alpha,Morgan,1,1,189,47,189,47,2,6.326608566771162,11.164377227186838,0.3143069033555064,0.795592010784255
v10_frozen_plus_nbs_alpha,Physical,1,1,189,47,189,47,2,5.621124270865257,8.77361295664025,0.5765348095923664,0.8503035573623795
v10_frozen_plus_nbs_alpha,Morgan+Physical,1,1,189,47,189,47,2,5.442651700608273,9.063241622645275,0.5481150376680375,0.8815264542055512
v10_frozen_plus_nbs_alpha,Morgan,1,2,189,47,189,47,2,6.893970471710853,9.751137412124512,0.4075673144256361,0.6046269772771476
v10_frozen_plus_nbs_alpha,Physical,1,2,189,47,189,47,2,8.559610285418085,12.96222728610253,-0.04685787146970899,0.6822005726882991
v10_frozen_plus_nbs_alpha,Morgan+Physical,1,2,189,47,189,47,2,6.850417201736124,9.674614141452507,0.4168292085508266,0.7164291292635575
v10_frozen_plus_nbs_alpha,Morgan,1,3,189,47,189,47,2,7.12969188722651,11.204406767490601,0.4948857026904717,0.7277305534317147
v10_frozen_plus_nbs_alpha,Physical,1,3,189,47,189,47,2,5.74206731911923,10.509875837761884,0.5555661821841403,0.8115874992550197
v10_frozen_plus_nbs_alpha,Morgan+Physical,1,3,189,47,189,47,2,5.87008415072015,9.76892910448096,0.6160224415751127,0.8178664353859498
v10_frozen_plus_nbs_alpha,Morgan,1,4,189,47,189,47,2,13.070934432983398,32.0820495944405,-0.009939409048749015,0.6083687780139161
v10_frozen_plus_nbs_alpha,Physical,1,4,189,47,189,47,2,10.75216185585996,29.224433635444644,0.1619627669771616,0.8619583132161339
v10_frozen_plus_nbs_alpha,Morgan+Physical,1,4,189,47,189,47,2,11.032545196614366,30.293767424557384,0.0995125151899997,0.8533433555645908
v10_frozen_plus_nbs_alpha,Morgan,2,0,188,48,188,48,2,8.004194515275955,14.080639093352389,0.49509351954338454,0.7711439373205504
v10_frozen_plus_nbs_alpha,Physical,2,0,188,48,188,48,2,8.461564797953764,13.271505871779176,0.5514543823866603,0.8211697655351763
v10_frozen_plus_nbs_alpha,Morgan+Physical,2,0,188,48,188,48,2,7.167367223946254,12.74369500515135,0.5864224571254889,0.8588720620962927
v10_frozen_plus_nbs_alpha,Morgan,2,1,189,47,189,47,2,6.9466684977754625,9.683068425641263,0.4238964227464924,0.696627970801191
v10_frozen_plus_nbs_alpha,Physical,2,1,189,47,189,47,2,7.070308588636681,10.19267171023554,0.36166208122547117,0.7133441258094357
v10_frozen_plus_nbs_alpha,Morgan+Physical,2,1,189,47,189,47,2,6.481858791107825,8.669663100124133,0.5381733262560986,0.7437557816836264
v10_frozen_plus_nbs_alpha,Morgan,2,2,189,47,189,47,2,8.613308811147162,25.800717316144514,0.009023636018644643,0.6817209378013089
v10_frozen_plus_nbs_alpha,Physical,2,2,189,47,189,47,2,7.203434278812813,23.851981034600847,0.15306779794366332,0.8718778908418132
v10_frozen_plus_nbs_alpha,Morgan+Physical,2,2,189,47,189,47,2,7.311958946228027,24.517467476869637,0.10514854010908237,0.8274745605920444
v10_frozen_plus_nbs_alpha,Morgan,2,3,189,47,189,47,2,8.77190074157715,16.975045760253348,0.2578940652737799,0.7641768860060723
v10_frozen_plus_nbs_alpha,Physical,2,3,189,47,189,47,2,6.84081700820111,12.68613816926089,0.5855206753825126,0.8617270391852201
v10_frozen_plus_nbs_alpha,Morgan+Physical,2,3,189,47,189,47,2,7.504306032789514,14.144236069392846,0.48476780860052615,0.8896533784180743
v10_frozen_plus_nbs_alpha,Morgan,2,4,189,47,189,47,2,5.4262947284455,10.008936985391582,0.36862927567133097,0.7515197248076918
v10_frozen_plus_nbs_alpha,Physical,2,4,189,47,189,47,2,4.741220477392319,7.6722727441769605,0.6290147890990199,0.7722108187910223
v10_frozen_plus_nbs_alpha,Morgan+Physical,2,4,189,47,189,47,2,4.717588557287987,8.37395979779706,0.5580529151314616,0.8345186484027758
v10_frozen_plus_nbs_alpha,Morgan,3,0,188,48,188,48,2,4.789202849237124,6.420933859296809,0.44863581930360463,0.6706751059358197
v10_frozen_plus_nbs_alpha,Physical,3,0,188,48,188,48,2,8.275728049572308,13.485309491718446,-1.432002361177985,0.5139639030255035
v10_frozen_plus_nbs_alpha,Morgan+Physical,3,0,188,48,188,48,2,5.8561923259178785,8.835400653047904,-0.043985945255707426,0.6077186134990759
v10_frozen_plus_nbs_alpha,Morgan,3,1,189,47,189,47,2,7.414888533774842,16.012242706386886,0.10702954999732817,0.7172888656280215
v10_frozen_plus_nbs_alpha,Physical,3,1,189,47,189,47,2,6.381580327886215,10.230567899776773,0.6354708666179856,0.8599676225716929
v10_frozen_plus_nbs_alpha,Morgan+Physical,3,1,189,47,189,47,2,6.404301088454873,12.069080979541788,0.4926809606147038,0.8814754856614246
v10_frozen_plus_nbs_alpha,Morgan,3,2,189,47,189,47,2,6.121627179247269,11.266188960758509,0.46718100374988425,0.8005457191124377
v10_frozen_plus_nbs_alpha,Physical,3,2,189,47,189,47,2,5.46956857908533,9.334598762712291,0.634222533189648,0.8729112460248628
v10_frozen_plus_nbs_alpha,Morgan+Physical,3,2,189,47,189,47,2,5.65261448783063,9.451610322545454,0.6249948312473352,0.8907519300649155
v10_frozen_plus_nbs_alpha,Morgan,3,3,189,47,189,47,2,10.335042719009072,27.018460740808976,0.0989160310370173,0.7042241307479826
v10_frozen_plus_nbs_alpha,Physical,3,3,189,47,189,47,2,9.39623087485293,26.575261507892304,0.1282355592581711,0.78901416726282
v10_frozen_plus_nbs_alpha,Morgan+Physical,3,3,189,47,189,47,2,8.483863804878071,26.173152332422653,0.15441723528022933,0.8089621291348464
v10_frozen_plus_nbs_alpha,Morgan,3,4,189,47,189,47,2,8.859290338905822,13.922766901998067,0.4690166343954052,0.829370069041915
v10_frozen_plus_nbs_alpha,Physical,3,4,189,47,189,47,2,6.509854966532929,10.710405360749194,0.6857743540146617,0.912171149255331
v10_frozen_plus_nbs_alpha,Morgan+Physical,3,4,189,47,189,47,2,6.519275161889259,10.31512992536544,0.7085398280881181,0.9129806317660799
v10_frozen_plus_nbs_alpha,Morgan,4,0,188,48,188,48,2,7.253062725623448,11.880662915395828,0.5203799368861053,0.761083595123777
v10_frozen_plus_nbs_alpha,Physical,4,0,188,48,188,48,2,8.298948040445646,16.71170212118193,0.051019331212161734,0.8949082631793029
v10_frozen_plus_nbs_alpha,Morgan+Physical,4,0,188,48,188,48,2,6.6100393404165905,11.386520746272906,0.5594470868089397,0.8896186757674591
v10_frozen_plus_nbs_alpha,Morgan,4,1,189,47,189,47,2,10.137016878858525,26.706642309709824,0.13727373508768614,0.7244063936087489
v10_frozen_plus_nbs_alpha,Physical,4,1,189,47,189,47,2,9.56685191486034,25.713517867893632,0.20024413543446784,0.8336272444291802
v10_frozen_plus_nbs_alpha,Morgan+Physical,4,1,189,47,189,47,2,8.834316785122486,25.66114366120465,0.20349875980211973,0.8505102486858955
v10_frozen_plus_nbs_alpha,Morgan,4,2,189,47,189,47,2,6.281916319664489,9.594846839702885,0.6213307927625638,0.7841050806016376
v10_frozen_plus_nbs_alpha,Physical,4,2,189,47,189,47,2,6.26128493674258,9.751475930249578,0.6088668698961193,0.7559776797909226
v10_frozen_plus_nbs_alpha,Morgan+Physical,4,2,189,47,189,47,2,5.461489761027883,8.603393694846044,0.6955447334730381,0.837722975862548
v10_frozen_plus_nbs_alpha,Morgan,4,3,189,47,189,47,2,6.669829788970947,15.843507487732879,0.15099931091960317,0.7753072299906704
v10_frozen_plus_nbs_alpha,Physical,4,3,189,47,189,47,2,6.55540241745888,12.57580015724888,0.46509503312853584,0.7481136714987628
v10_frozen_plus_nbs_alpha,Morgan+Physical,4,3,189,47,189,47,2,6.235613805438102,13.398090011780612,0.39285676797552316,0.8219241443108233
v10_frozen_plus_nbs_alpha,Morgan,4,4,189,47,189,47,2,4.923360537062301,6.3874521284777055,0.701816680175178,0.7890993287611069
v10_frozen_plus_nbs_alpha,Physical,4,4,189,47,189,47,2,5.982300058567778,8.372184476977083,0.4877221153013156,0.7468994828364649
v10_frozen_plus_nbs_alpha,Morgan+Physical,4,4,189,47,189,47,2,4.832854033531027,6.733580732426455,0.6686246709159716,0.8114827559691734
v10_frozen_plus_nbs_alpha,Morgan,5,0,188,48,188,48,2,6.7484578336397805,11.798722019755207,0.2711851469887637,0.77422693514646
v10_frozen_plus_nbs_alpha,Physical,5,0,188,48,188,48,2,6.9857468042890245,11.114870607863264,0.3532207192614002,0.7948001197054073
v10_frozen_plus_nbs_alpha,Morgan+Physical,5,0,188,48,188,48,2,6.405150272957484,10.3473844126045,0.43945763190870024,0.8169778549717759
v10_frozen_plus_nbs_alpha,Morgan,5,1,189,47,189,47,2,9.145270421697738,25.913546118819703,0.07777753729433434,0.7524655498337787
v10_frozen_plus_nbs_alpha,Physical,5,1,189,47,189,47,2,9.543408550546525,24.428674188250604,0.18043803470664443,0.7526598820400139
v10_frozen_plus_nbs_alpha,Morgan+Physical,5,1,189,47,189,47,2,8.469163239499357,24.75194582253414,0.15860351722232557,0.8237062748663442
v10_frozen_plus_nbs_alpha,Morgan,5,2,189,47,189,47,2,8.861388701321216,14.66257012896179,0.4379526646421549,0.6337111887643266
v10_frozen_plus_nbs_alpha,Physical,5,2,189,47,189,47,2,6.343465752293201,10.77718694681078,0.6963568267290892,0.8622145143062561
v10_frozen_plus_nbs_alpha,Morgan+Physical,5,2,189,47,189,47,2,6.6122279137794,11.46528331785166,0.6563453136825759,0.8480485703681503
v10_frozen_plus_nbs_alpha,Morgan,5,3,189,47,189,47,2,4.663687631566473,6.405290968676441,0.6004813865562704,0.7907206655423015
v10_frozen_plus_nbs_alpha,Physical,5,3,189,47,189,47,2,4.085348180040399,5.6153755930699685,0.6929444780321127,0.7538955222716106
v10_frozen_plus_nbs_alpha,Morgan+Physical,5,3,189,47,189,47,2,3.9145789116392744,5.3292350702808955,0.7234402039038753,0.8120609410464584
v10_frozen_plus_nbs_alpha,Morgan,5,4,189,47,189,47,2,7.812970827321801,16.001627977304672,0.3146139666851204,0.6842199209709997
v10_frozen_plus_nbs_alpha,Physical,5,4,189,47,189,47,2,6.8687758074172,12.754268983571382,0.5645702928073324,0.8508325624421833
v10_frozen_plus_nbs_alpha,Morgan+Physical,5,4,189,47,189,47,2,7.0003752411537965,13.692649052054065,0.4981408276860665,0.8672525439407955
v10_frozen_plus_nbs_alpha,Morgan,6,0,188,48,188,48,2,7.831469900433222,12.766211106060885,0.443486861879682,0.80924200645971
v10_frozen_plus_nbs_alpha,Physical,6,0,188,48,188,48,2,8.450583611869812,14.22755151324392,0.30878729617869427,0.7895565337582671
v10_frozen_plus_nbs_alpha,Morgan+Physical,6,0,188,48,188,48,2,7.637236008071899,12.577047828524233,0.45985693687642537,0.8447592695503856
v10_frozen_plus_nbs_alpha,Morgan,6,1,189,47,189,47,2,7.418921958598683,16.180022901032714,0.09511830342411753,0.6790233729515259
v10_frozen_plus_nbs_alpha,Physical,6,1,189,47,189,47,2,7.081484195283119,12.459496013741065,0.46341998823625075,0.7865629791382001
v10_frozen_plus_nbs_alpha,Morgan+Physical,6,1,189,47,189,47,2,6.417333989407154,13.442203772466408,0.3754395359994226,0.8121187595541868
v10_frozen_plus_nbs_alpha,Morgan,6,2,189,47,189,47,2,11.73813271271726,28.872112347565945,0.026265638294762694,0.7363520814032664
v10_frozen_plus_nbs_alpha,Physical,6,2,189,47,189,47,2,9.185610130723992,26.400058320402856,0.1858711396452265,0.9112196818007962
v10_frozen_plus_nbs_alpha,Morgan+Physical,6,2,189,47,189,47,2,9.933196765136719,27.384059170905296,0.12405058478161635,0.8705732708676771
v10_frozen_plus_nbs_alpha,Morgan,6,3,189,47,189,47,2,5.707413463024383,7.101158081564474,0.2759734005940223,0.5299832337532262
v10_frozen_plus_nbs_alpha,Physical,6,3,189,47,189,47,2,4.795160434195337,7.983098932433962,0.08496188831548002,0.6943625325238508
v10_frozen_plus_nbs_alpha,Morgan+Physical,6,3,189,47,189,47,2,4.722873370353212,6.073667460027889,0.47033877523462464,0.6508629414994647
v10_frozen_plus_nbs_alpha,Morgan,6,4,189,47,189,47,2,6.524949154630621,12.177132137683872,0.4476807568099297,0.8702027974266124
v10_frozen_plus_nbs_alpha,Physical,6,4,189,47,189,47,2,5.8145841379774375,8.419594196144619,0.7359522584042906,0.8330490593518953
v10_frozen_plus_nbs_alpha,Morgan+Physical,6,4,189,47,189,47,2,5.2162477674281345,9.305552203861117,0.6774593648295402,0.893122488881783
v10_frozen_plus_nbs_alpha,Morgan,7,0,188,48,188,48,2,7.34039174079895,17.29891230256489,0.248236997342695,0.767439340064178
v10_frozen_plus_nbs_alpha,Physical,7,0,188,48,188,48,2,6.171423635443052,11.235095559861072,0.6828995226658496,0.849183086359442
v10_frozen_plus_nbs_alpha,Morgan+Physical,7,0,188,48,188,48,2,6.345736813704174,13.775691784889895,0.5232725171985526,0.8685646053080601
v10_frozen_plus_nbs_alpha,Morgan,7,1,189,47,189,47,2,10.622026974682097,27.444079120579627,0.053092446386063474,0.6724691550046468
v10_frozen_plus_nbs_alpha,Physical,7,1,189,47,189,47,2,10.186832864258136,25.997744957062405,0.15026870478942678,0.8307123034227567
v10_frozen_plus_nbs_alpha,Morgan+Physical,7,1,189,47,189,47,2,9.326961583466225,26.044550213920335,0.147206308921898,0.8561517113783534
v10_frozen_plus_nbs_alpha,Morgan,7,2,189,47,189,47,2,5.843329719462293,8.064032255637251,0.2905029718974753,0.6390688430129606
v10_frozen_plus_nbs_alpha,Physical,7,2,189,47,189,47,2,4.567628558848766,6.291985000087819,0.5680619877556257,0.7255406499363941
v10_frozen_plus_nbs_alpha,Morgan+Physical,7,2,189,47,189,47,2,4.345046584474279,5.978105855455645,0.610082012817088,0.7458803134757713
v10_frozen_plus_nbs_alpha,Morgan,7,3,189,47,189,47,2,8.046798203082796,12.04129953041608,0.28314496707125936,0.5828513098925089
v10_frozen_plus_nbs_alpha,Physical,7,3,189,47,189,47,2,8.142711709245724,13.535417570654198,0.09420913583520185,0.527262214512865
v10_frozen_plus_nbs_alpha,Morgan+Physical,7,3,189,47,189,47,2,7.324772684462527,11.507638059264945,0.3452778903445539,0.6291231825935574
v10_frozen_plus_nbs_alpha,Morgan,7,4,189,47,189,47,2,8.09036517379436,14.739472672165451,0.23083109163880422,0.7360171650347309
v10_frozen_plus_nbs_alpha,Physical,7,4,189,47,189,47,2,8.041113393588777,15.11437035089792,0.19120595028094933,0.8617848576929484
v10_frozen_plus_nbs_alpha,Morgan+Physical,7,4,189,47,189,47,2,7.713265740950564,13.70917782359933,0.3346032922194425,0.8551935478119022
v10_frozen_plus_nbs_alpha,Morgan,8,0,188,48,188,48,2,5.106541770076752,7.906630433783482,0.3022995232428438,0.7155873752452961
v10_frozen_plus_nbs_alpha,Physical,8,0,188,48,188,48,2,6.525874503926436,11.567594116146724,-0.49338650862663536,0.7608837271008303
v10_frozen_plus_nbs_alpha,Morgan+Physical,8,0,188,48,188,48,2,5.369177899436155,8.178894882216472,0.2534216473041747,0.8056452733992695
v10_frozen_plus_nbs_alpha,Morgan,8,1,189,47,189,47,2,12.36255436099438,30.247703085500987,0.02869188422526303,0.768799332158205
v10_frozen_plus_nbs_alpha,Physical,8,1,189,47,189,47,2,8.966589218845773,26.933534271550176,0.2298791044755939,0.9148936170212767
v10_frozen_plus_nbs_alpha,Morgan+Physical,8,1,189,47,189,47,2,10.388827327703922,28.27779969476884,0.15108649511057937,0.8926919518963922
v10_frozen_plus_nbs_alpha,Morgan,8,2,189,47,189,47,2,7.539722237363775,14.982698637115272,0.3841988988434033,0.674647950901448
v10_frozen_plus_nbs_alpha,Physical,8,2,189,47,189,47,2,6.590009568944891,11.447718549458932,0.6405005256820047,0.8381949065397297
v10_frozen_plus_nbs_alpha,Morgan+Physical,8,2,189,47,189,47,2,6.4174803659560835,12.562990752706465,0.5670413178559419,0.8399294617715842
v10_frozen_plus_nbs_alpha,Morgan,8,3,189,47,189,47,2,7.874186981282334,13.072558532773762,0.2809864980217719,0.7328880269029702
v10_frozen_plus_nbs_alpha,Physical,8,3,189,47,189,47,2,9.703656321586445,13.8599371039564,0.19176365759391634,0.7169494958331137
v10_frozen_plus_nbs_alpha,Morgan+Physical,8,3,189,47,189,47,2,8.100261540108539,11.708623458122021,0.42319696763726233,0.7492700416533323
v10_frozen_plus_nbs_alpha,Morgan,8,4,189,47,189,47,2,5.691791111235923,7.016981944993611,0.6114202274456992,0.6441032169991375
v10_frozen_plus_nbs_alpha,Physical,8,4,189,47,189,47,2,4.367892705897067,6.160351691683581,0.7005043735908525,0.7225836324056139
v10_frozen_plus_nbs_alpha,Morgan+Physical,8,4,189,47,189,47,2,4.579270926698726,5.8073776249692335,0.7338419503037084,0.7561504440730211
v10_frozen_plus_nbs_alpha,Morgan,9,0,188,48,188,48,2,6.776691028753916,12.525354176785381,0.33628717451983847,0.7724509042740799
v10_frozen_plus_nbs_alpha,Physical,9,0,188,48,188,48,2,6.87412692030271,11.314979860292352,0.4583637155893341,0.7367564046895355
v10_frozen_plus_nbs_alpha,Morgan+Physical,9,0,188,48,188,48,2,6.4850855221350985,10.337789680335492,0.5478780789310091,0.8023230568823274
v10_frozen_plus_nbs_alpha,Morgan,9,1,189,47,189,47,2,5.478912795306266,7.169779525036987,0.7076690172102627,0.7631989937315867
v10_frozen_plus_nbs_alpha,Physical,9,1,189,47,189,47,2,4.698415742208602,8.003253961051042,0.6357526163222584,0.8807493282278889
v10_frozen_plus_nbs_alpha,Morgan+Physical,9,1,189,47,189,47,2,3.927062263748493,5.773103567776483,0.8104682634025138,0.88945420906568
v10_frozen_plus_nbs_alpha,Morgan,9,2,189,47,189,47,2,5.517583453482771,7.076101917139354,0.665328648245934,0.6890528325095958
v10_frozen_plus_nbs_alpha,Physical,9,2,189,47,189,47,2,5.145474797512621,8.067892888379044,0.5649385263968227,0.789303268159516
v10_frozen_plus_nbs_alpha,Morgan+Physical,9,2,189,47,189,47,2,5.036725229385052,6.944665731464948,0.677645993603618,0.7977450143430401
v10_frozen_plus_nbs_alpha,Morgan,9,3,189,47,189,47,2,12.440958895086737,29.923791538592265,0.04798950686938963,0.6233555983780823
v10_frozen_plus_nbs_alpha,Physical,9,3,189,47,189,47,2,10.26517429312442,28.153514506210513,0.15729857501605937,0.8496097137901129
v10_frozen_plus_nbs_alpha,Morgan+Physical,9,3,189,47,189,47,2,10.722314246879739,28.63425952162038,0.1282731806293841,0.7973750400834251
v10_frozen_plus_nbs_alpha,Morgan,9,4,189,47,189,47,2,7.972261432956127,13.475938386480006,0.32256270726743697,0.7746654515162407
v10_frozen_plus_nbs_alpha,Physical,9,4,189,47,189,47,2,6.525578444882657,9.373896532380066,0.6722132619106993,0.8268624790249484
v10_frozen_plus_nbs_alpha,Morgan+Physical,9,4,189,47,189,47,2,6.187926910789978,10.394377658926535,0.5969600916414854,0.8602237579842795
v10_grouped_baseline,Morgan,0,0,188,48,188,48,0,10.186303300793966,19.032468632077997,0.10196626426883237,0.45654949102688075
v10_grouped_baseline,Physical,0,0,188,48,188,48,0,9.07109209822019,14.590828619927203,0.4722085881683351,0.5541593162578408
v10_grouped_baseline,Morgan+Physical,0,0,188,48,188,48,0,8.946834799186389,16.068849662200826,0.3598643982912969,0.5748249479238312
v10_grouped_baseline,Morgan,0,1,189,47,189,47,0,7.49424408403762,12.879155647074127,0.4407662642915995,0.5508286244071674
v10_grouped_baseline,Physical,0,1,189,47,189,47,0,7.857150809535574,12.110786714824284,0.5055034223017003,0.6896671739105619
v10_grouped_baseline,Morgan+Physical,0,1,189,47,189,47,0,7.377805187980166,11.599874604050738,0.5463455579422992,0.7140833287913673
v10_grouped_baseline,Morgan,0,2,189,47,189,47,0,6.381107158660889,11.252978997839294,0.45573425104403686,0.7364144600520165
v10_grouped_baseline,Physical,0,2,189,47,189,47,0,6.298491909047391,8.846141852093075,0.6636559212202622,0.8193460730202463
v10_grouped_baseline,Morgan+Physical,0,2,189,47,189,47,0,5.414462189613504,8.370778961350537,0.6988327549131028,0.8543840887037034
v10_grouped_baseline,Morgan,0,3,189,47,189,47,0,8.434132602853976,25.89296351334889,0.011351703948311864,0.7332022679078392
v10_grouped_baseline,Physical,0,3,189,47,189,47,0,7.991931791670778,24.62011996260748,0.10616237270043061,0.7594460990135443
v10_grouped_baseline,Morgan+Physical,0,3,189,47,189,47,0,7.598180783616733,25.06447169967173,0.0736066822354422,0.8583735657369683
v10_grouped_baseline,Morgan,0,4,189,47,189,47,0,5.896069895837662,7.865793634976052,0.6429272438166512,0.7566723790919159
v10_grouped_baseline,Physical,0,4,189,47,189,47,0,5.619870872590896,9.213811176357835,0.5100517226972894,0.852104532839963
v10_grouped_baseline,Morgan+Physical,0,4,189,47,189,47,0,5.052240194150235,7.1294035758385,0.7066554535528877,0.8485198889916744
v10_grouped_baseline,Morgan,1,0,188,48,188,48,0,7.406443528254826,13.993498084783937,0.5049324977701013,0.8619519736042969
v10_grouped_baseline,Physical,1,0,188,48,188,48,0,6.845500018994013,12.851927406989752,0.5824116625239325,0.9198284766305234
v10_grouped_baseline,Morgan+Physical,1,0,188,48,188,48,0,6.7088443802197775,12.950885508583369,0.5759561572213803,0.9496281835625522
v10_grouped_baseline,Morgan,1,1,189,47,189,47,0,6.074881020420155,8.815669576409352,0.4799261752438063,0.7248800112672884
v10_grouped_baseline,Physical,1,1,189,47,189,47,0,5.022863728405567,8.657992638543798,0.49836386495481844,0.8087431697369367
v10_grouped_baseline,Morgan+Physical,1,1,189,47,189,47,0,4.014423558758675,6.562781875436548,0.7117758754782084,0.8321142591071546
v10_grouped_baseline,Morgan,1,2,189,47,189,47,0,5.590146172641185,7.882726868001375,0.4316630101643175,0.7315127964440682
v10_grouped_baseline,Physical,1,2,189,47,189,47,0,5.775833557461678,9.65462388509103,0.14744248973993046,0.8170675300647549
v10_grouped_baseline,Morgan+Physical,1,2,189,47,189,47,0,5.209067391269765,6.908032117437621,0.5635227008355763,0.8092044403330251
v10_grouped_baseline,Morgan,1,3,189,47,189,47,0,10.230944485278838,29.46370836688404,-0.05097811135725849,0.6391788371596429
v10_grouped_baseline,Physical,1,3,189,47,189,47,0,9.447785192063515,27.20787156464679,0.10379369618635725,0.8062445807059037
v10_grouped_baseline,Morgan+Physical,1,3,189,47,189,47,0,9.331753195823506,28.14585201101014,0.040935851971878545,0.7817288246660798
v10_grouped_baseline,Morgan,1,4,189,47,189,47,0,7.946339781010404,13.543106226150286,0.3731834503674373,0.6515918446368555
v10_grouped_baseline,Physical,1,4,189,47,189,47,0,7.876237230787887,12.459695489931951,0.4694592565528274,0.758441258094357
v10_grouped_baseline,Morgan+Physical,1,4,189,47,189,47,0,7.596359226835535,11.847931724431394,0.5202787348498412,0.762372802960222
v10_grouped_baseline,Morgan,2,0,188,48,188,48,0,7.285313676754633,10.4234452749945,0.41699525853880426,0.7746165563102804
v10_grouped_baseline,Physical,2,0,188,48,188,48,0,6.18404702313741,10.417555102180383,0.41765397134073956,0.8688595789817531
v10_grouped_baseline,Morgan+Physical,2,0,188,48,188,48,0,6.2567499047120405,9.344911744519228,0.5314025576036445,0.8587635034091532
v10_grouped_baseline,Morgan,2,1,189,47,189,47,0,4.61310750084735,7.636272439679403,0.6942678710917574,0.8097730314493262
v10_grouped_baseline,Physical,2,1,189,47,189,47,0,7.006237364241416,12.328535609937544,0.20310474733506212,0.8040241684722
v10_grouped_baseline,Morgan+Physical,2,1,189,47,189,47,0,5.034242557769125,8.709569673965259,0.6022852964133727,0.8679136195121671
v10_grouped_baseline,Morgan,2,2,189,47,189,47,0,11.436545123023174,27.409460856977734,0.1239057077412018,0.6295321848613744
v10_grouped_baseline,Physical,2,2,189,47,189,47,0,8.326966814877125,25.309432405355487,0.2530101922388228,0.8390575310783464
v10_grouped_baseline,Morgan+Physical,2,2,189,47,189,47,0,9.47700214790182,26.01651660741164,0.21068899090259174,0.7706562590344032
v10_grouped_baseline,Morgan,2,3,189,47,189,47,0,6.530792517982645,11.341481989273916,0.2944093187354003,0.7262053322936035
v10_grouped_baseline,Physical,2,3,189,47,189,47,0,5.4817480023810194,8.200448731135607,0.6311171563833442,0.7959525874530211
v10_grouped_baseline,Morgan+Physical,2,3,189,47,189,47,0,5.5537630089455465,9.160546150144162,0.5396841220274899,0.826689023501763
v10_grouped_baseline,Morgan,2,4,189,47,189,47,0,7.3796019043942715,15.805370448687595,0.3023215828458955,0.8029724943030623
v10_grouped_baseline,Physical,2,4,189,47,189,47,0,5.662521814378779,10.16991273499464,0.7111446722400603,0.9007863089731731
v10_grouped_baseline,Morgan+Physical,2,4,189,47,189,47,0,6.173035003329337,12.557866925157175,0.5595691996436691,0.918940795559667
v10_grouped_baseline,Morgan,3,0,188,48,188,48,0,5.219242925469081,7.145157874339407,0.6362511184116292,0.7331723065147014
v10_grouped_baseline,Physical,3,0,188,48,188,48,0,4.507067168974877,7.525943166534733,0.5964476532453923,0.8058684691899748
v10_grouped_baseline,Morgan+Physical,3,0,188,48,188,48,0,4.463211285495758,6.389324382994873,0.7091373987968587,0.8338489931064431
v10_grouped_baseline,Morgan,3,1,189,47,189,47,0,9.609463715654739,27.454944159646818,-0.010578006313667121,0.5560792364876771
v10_grouped_baseline,Physical,3,1,189,47,189,47,0,8.170581027903456,24.940767834936636,0.1660339867182019,0.7338903185975575
v10_grouped_baseline,Morgan+Physical,3,1,189,47,189,47,0,8.394058171211405,25.912637385027573,0.09977317873602043,0.7261426385619416
v10_grouped_baseline,Morgan,3,2,189,47,189,47,0,8.103123423393736,12.249920052970577,0.4926223197971944,0.6083310245709029
v10_grouped_baseline,Physical,3,2,189,47,189,47,0,8.496829015183957,14.909119255170184,0.2484310544911532,0.8192304360047894
v10_grouped_baseline,Morgan+Physical,3,2,189,47,189,47,0,7.496939259387077,10.509343539257332,0.626564133255678,0.7898586340787231
v10_grouped_baseline,Morgan,3,3,189,47,189,47,0,6.822862358710106,11.393321414904003,0.5911478089103346,0.8389335843202479
v10_grouped_baseline,Physical,3,3,189,47,189,47,0,6.891782640169022,11.095353738396419,0.6122534552434321,0.8272672085790478
v10_grouped_baseline,Morgan+Physical,3,3,189,47,189,47,0,6.17927991587862,10.625399669822784,0.6444045621701326,0.8689870490286773
v10_grouped_baseline,Morgan,3,4,189,47,189,47,0,7.735474595090177,16.562295162145716,0.10245474258078513,0.7589578025579061
v10_grouped_baseline,Physical,3,4,189,47,189,47,0,7.659328683163257,14.265137033308955,0.33416409270326786,0.8272432932469935
v10_grouped_baseline,Morgan+Physical,3,4,189,47,189,47,0,6.53329471271596,13.734816980639769,0.3827500409834961,0.8687557816836262
v10_grouped_baseline,Morgan,4,0,188,48,188,48,0,6.012316294209161,10.432335616487613,0.5774286703805965,0.8160274001742626
v10_grouped_baseline,Physical,4,0,188,48,188,48,0,5.075513500022888,8.54290932142956,0.7166334904337559,0.8065356686332769
v10_grouped_baseline,Morgan+Physical,4,0,188,48,188,48,0,4.9034214696248375,8.571670061683802,0.7147223032801229,0.8448762483716891
v10_grouped_baseline,Morgan,4,1,189,47,189,47,0,7.503610176654571,13.018050050922477,0.37164995636126763,0.6461211616759126
v10_grouped_baseline,Physical,4,1,189,47,189,47,0,6.916368667886613,11.452504726297157,0.5136927602755491,0.7479472649473806
v10_grouped_baseline,Morgan+Physical,4,1,189,47,189,47,0,6.427012879554263,10.996708973585482,0.5516313500630238,0.7694931917986464
v10_grouped_baseline,Morgan,4,2,189,47,189,47,0,6.92674199759301,10.227635040267018,0.4467347539906309,0.5810463408395614
v10_grouped_baseline,Physical,4,2,189,47,189,47,0,5.866335523122422,9.8952854885767,0.48210752274091984,0.7900092506938021
v10_grouped_baseline,Morgan+Physical,4,2,189,47,189,47,0,5.707131160265333,8.873201313240001,0.5835684598305083,0.762604070305273
v10_grouped_baseline,Morgan,4,3,189,47,189,47,0,7.46849153031694,16.062433139938946,0.14698814929625248,0.8019096906240162
v10_grouped_baseline,Physical,4,3,189,47,189,47,0,6.119130828208111,11.472016415646621,0.5648771218800952,0.8829464315215709
v10_grouped_baseline,Morgan+Physical,4,3,189,47,189,47,0,6.229136745209389,12.87625864780172,0.45183439417312343,0.9132747456059205
v10_grouped_baseline,Morgan,4,4,189,47,189,47,0,9.151303945987783,26.63937881355135,0.09083882010006772,0.6610772235683483
v10_grouped_baseline,Physical,4,4,189,47,189,47,0,9.807210995450932,25.505141587535096,0.16661021295660894,0.8060823311748381
v10_grouped_baseline,Morgan+Physical,4,4,189,47,189,47,0,8.447616889385467,25.489983317497565,0.16760052257198643,0.8183395004625348
v10_grouped_baseline,Morgan,5,0,188,48,188,48,0,8.924526902135213,14.029940997008419,0.34738616217677565,0.7044431217672009
v10_grouped_baseline,Physical,5,0,188,48,188,48,0,6.669082765940826,10.07565917583139,0.6634175046862545,0.8460306693304638
v10_grouped_baseline,Morgan+Physical,5,0,188,48,188,48,0,6.977343945042293,10.485948535963768,0.6354475403350174,0.872496337386937
v10_grouped_baseline,Morgan,5,1,189,47,189,47,0,4.804887836569928,6.119863707732366,0.6869280896034863,0.8328321113817725
v10_grouped_baseline,Physical,5,1,189,47,189,47,0,5.837611484600636,9.397921269087215,0.2617147233007503,0.8291174008263591
v10_grouped_baseline,Morgan+Physical,5,1,189,47,189,47,0,5.037175159730303,7.126252986157334,0.57549474114216,0.876644214179167
v10_grouped_baseline,Morgan,5,2,189,47,189,47,0,9.336379221246595,14.730425622606678,0.3478830377762405,0.7261999350985163
v10_grouped_baseline,Physical,5,2,189,47,189,47,0,7.552499433517456,12.080570396687337,0.561398829341532,0.821577243293247
v10_grouped_baseline,Morgan+Physical,5,2,189,47,189,47,0,7.349800114164959,12.175392611960117,0.5544865142867548,0.8411193339500462
v10_grouped_baseline,Morgan,5,3,189,47,189,47,0,10.782642959416165,29.82481567220159,-0.025620493556662405,0.6604602763441119
v10_grouped_baseline,Physical,5,3,189,47,189,47,0,8.954320300045419,26.716808907504724,0.17699907754427635,0.7927026727719689
v10_grouped_baseline,Morgan+Physical,5,3,189,47,189,47,0,9.520643622483597,27.986479536471784,0.09691693916659605,0.8147677037786752
v10_grouped_baseline,Morgan,5,4,189,47,189,47,0,5.584966194315159,8.057595435130374,0.5315023276608664,0.5823356241705047
v10_grouped_baseline,Physical,5,4,189,47,189,47,0,8.022979832669522,14.471201250980652,-0.511143432399217,0.6848602240438091
v10_grouped_baseline,Morgan+Physical,5,4,189,47,189,47,0,5.882096047746375,8.721310041097528,0.4511420323822488,0.6723136078667296
v10_grouped_baseline,Morgan,6,0,188,48,188,48,0,5.203787251631419,7.562120538999563,0.46328551469432766,0.7220820674658319
v10_grouped_baseline,Physical,6,0,188,48,188,48,0,5.587891825894514,8.971667733385209,0.24455563274848913,0.7534131338930542
v10_grouped_baseline,Morgan+Physical,6,0,188,48,188,48,0,4.7414342186053595,6.925303832906421,0.5498743215035777,0.7800456022519981
v10_grouped_baseline,Morgan,6,1,189,47,189,47,0,8.443118255493488,17.13774165751341,0.29146518035745184,0.6360797176627314
v10_grouped_baseline,Physical,6,1,189,47,189,47,0,7.074347121258999,13.848660191443667,0.5373319263231168,0.8450419210425116
v10_grouped_baseline,Morgan+Physical,6,1,189,47,189,47,0,7.381863301662687,14.991256577433623,0.45783673426952076,0.8453310219392077
v10_grouped_baseline,Morgan,6,2,189,47,189,47,0,5.461415937756478,7.549895945565306,0.6348981326883657,0.7231865146261379
v10_grouped_baseline,Physical,6,2,189,47,189,47,0,5.7093616013303725,9.222754398346442,0.45517953944940337,0.775555041628122
v10_grouped_baseline,Morgan+Physical,6,2,189,47,189,47,0,5.364958746370356,7.829222724526176,0.6073827128769491,0.7954440333024977
v10_grouped_baseline,Morgan,6,3,189,47,189,47,0,11.278364953873005,28.677905612671562,0.05762085152342211,0.7190192611552225
v10_grouped_baseline,Physical,6,3,189,47,189,47,0,8.907027574579764,25.4803614153058,0.256053039669918,0.8290257299797631
v10_grouped_baseline,Morgan+Physical,6,3,189,47,189,47,0,9.444706586147877,26.815191599199597,0.1760656388599473,0.8516334200636024
v10_grouped_baseline,Morgan,6,4,189,47,189,47,0,7.32034344618777,10.814424367438075,0.47337678743539113,0.7220487449674706
v10_grouped_baseline,Physical,6,4,189,47,189,47,0,5.496838242405019,8.351710928510219,0.6859172456910245,0.8640240585311044
v10_grouped_baseline,Morgan+Physical,6,4,189,47,189,47,0,5.307638776316542,7.881311353083078,0.7203014903691121,0.8773380362719088
v10_grouped_baseline,Morgan,7,0,188,48,188,48,0,5.419301190137863,7.232774316415865,0.43199691396555173,0.7525387622968813
v10_grouped_baseline,Physical,7,0,188,48,188,48,0,6.00034982909759,8.854259614550127,0.1487730390100065,0.7269914509394908
v10_grouped_baseline,Morgan+Physical,7,0,188,48,188,48,0,4.608826311985652,6.868181733136359,0.4878178681531077,0.7982629939159376
v10_grouped_baseline,Morgan,7,1,189,47,189,47,0,7.263091286192549,11.173225192394973,0.5280998351099264,0.8153526875807937
v10_grouped_baseline,Physical,7,1,189,47,189,47,0,7.45847947002979,9.96916618517137,0.624326382630741,0.7248128128841865
v10_grouped_baseline,Morgan+Physical,7,1,189,47,189,47,0,6.254067651058766,8.746256640138919,0.7108405043692803,0.811054579093432
v10_grouped_baseline,Morgan,7,2,189,47,189,47,0,7.002878626105127,16.08376110510912,0.07371174405969816,0.5783064848475941
v10_grouped_baseline,Physical,7,2,189,47,189,47,0,5.94056916672321,10.930951033537706,0.5721546385873417,0.7807684553348557
v10_grouped_baseline,Morgan+Physical,7,2,189,47,189,47,0,6.095231172310037,13.095818130644773,0.38590409628636435,0.8072386679000926
v10_grouped_baseline,Morgan,7,3,189,47,189,47,0,10.720900740262294,27.144585754994075,0.16967263965332968,0.7789504149588702
v10_grouped_baseline,Physical,7,3,189,47,189,47,0,8.232555733879575,26.330139881117294,0.21875141353208039,0.9104628642967754
v10_grouped_baseline,Morgan+Physical,7,3,189,47,189,47,0,9.0866597842602,26.55213572108111,0.20552208251471882,0.8902573012857714
v10_grouped_baseline,Morgan,7,4,189,47,189,47,0,6.6921424428412255,12.04959655708241,0.45332769790928307,0.7638414476356871
v10_grouped_baseline,Physical,7,4,189,47,189,47,0,8.3392932448448,13.587734945086561,0.30485373917339975,0.7938651019536757
v10_grouped_baseline,Morgan+Physical,7,4,189,47,189,47,0,7.237838782144101,11.578058944461679,0.49527644832251194,0.8230651366589895
v10_grouped_baseline,Morgan,8,0,188,48,188,48,0,6.807824623028438,11.323577574216971,0.4368618815454828,0.7614188052163101
v10_grouped_baseline,Physical,8,0,188,48,188,48,0,6.0411182006796205,9.420878390352804,0.6102102616853717,0.7646755505299309
v10_grouped_baseline,Morgan+Physical,8,0,188,48,188,48,0,5.817855935931206,9.374786593769196,0.6140150363250807,0.8053625705601389
v10_grouped_baseline,Morgan,8,1,189,47,189,47,0,6.069519937474677,9.24690829143999,0.5239183419559537,0.8501838474627078
v10_grouped_baseline,Physical,8,1,189,47,189,47,0,5.683448839674605,10.003010773132242,0.44287862410430556,0.8927435675050593
v10_grouped_baseline,Morgan+Physical,8,1,189,47,189,47,0,4.833538625798328,7.601992581758074,0.6782317178866468,0.9093116710457565
v10_grouped_baseline,Morgan,8,2,189,47,189,47,0,8.186893413868354,13.373124148349122,0.4946689269455332,0.4449846776543925
v10_grouped_baseline,Physical,8,2,189,47,189,47,0,7.433478762281703,12.083561258499603,0.5874276227347803,0.7296906632607933
v10_grouped_baseline,Morgan+Physical,8,2,189,47,189,47,0,7.1209318889861395,11.784503833624777,0.607596515376371,0.6871729643529483
v10_grouped_baseline,Morgan,8,3,189,47,189,47,0,6.319469199890787,9.263113416220685,0.42004852946817905,0.7870094832635411
v10_grouped_baseline,Physical,8,3,189,47,189,47,0,4.897262982713415,7.107167486449615,0.6585942815959971,0.8694998569029962
v10_grouped_baseline,Morgan+Physical,8,3,189,47,189,47,0,5.128435828837942,6.994223869165404,0.6693589671835929,0.8912402443345381
v10_grouped_baseline,Morgan,8,4,189,47,189,47,0,10.283941697538658,29.142378813725145,0.03503342984775859,0.7127819978051961
v10_grouped_baseline,Physical,8,4,189,47,189,47,0,10.073752355973262,27.453190894102143,0.1436566498213936,0.840276372817955
v10_grouped_baseline,Morgan+Physical,8,4,189,47,189,47,0,9.143485584129168,28.001393551057113,0.10911517624676614,0.8422756706753007
v10_grouped_baseline,Morgan,9,0,188,48,188,48,0,7.646514333645502,12.665309447794188,0.36782835126305946,0.7318850568151355
v10_grouped_baseline,Physical,9,0,188,48,188,48,0,6.3440870739618935,9.914201340779961,0.6126363419420995,0.7915976880272935
v10_grouped_baseline,Morgan+Physical,9,0,188,48,188,48,0,6.2667979448636375,10.457244122920088,0.5690390718898493,0.8183027115125807
v10_grouped_baseline,Morgan,9,1,189,47,189,47,0,8.753222291353914,25.63036330524975,0.10466655031567751,0.7638110188298247
v10_grouped_baseline,Physical,9,1,189,47,189,47,0,8.378428006492776,24.28009888237262,0.19651793377850213,0.8987568676486349
v10_grouped_baseline,Morgan+Physical,9,1,189,47,189,47,0,8.048285656397393,24.611740080721045,0.17441855152815733,0.8938421524048024
v10_grouped_baseline,Morgan,9,2,189,47,189,47,0,10.347514496685596,20.950681063803394,0.17824737364933896,0.6448609470659646
v10_grouped_baseline,Physical,9,2,189,47,189,47,0,9.472809934721601,17.991147033202505,0.3940141053043401,0.791049953746531
v10_grouped_baseline,Morgan+Physical,9,2,189,47,189,47,0,9.211614848830855,18.538882683614105,0.3565542717019765,0.8098982423681776
v10_grouped_baseline,Morgan,9,3,189,47,189,47,0,5.300320157639523,7.490917995367148,0.6687919260981304,0.8115908774273544
v10_grouped_baseline,Physical,9,3,189,47,189,47,0,4.765372607900741,7.666156785302304,0.6531144384081868,0.8490315134169168
v10_grouped_baseline,Morgan+Physical,9,3,189,47,189,47,0,4.32190290475399,6.180155343023468,0.7745607075917934,0.8619832335888993
v10_grouped_baseline,Morgan,9,4,189,47,189,47,0,6.374788891358071,8.577482473115683,0.17389523460520373,0.7122075871390793
v10_grouped_baseline,Physical,9,4,189,47,189,47,0,5.8670677151091555,9.08843708010702,0.07254283942107786,0.7189731436036105
v10_grouped_baseline,Morgan+Physical,9,4,189,47,189,47,0,5.37395350836896,7.426962234950799,0.3806475213593724,0.7749992775925046
v10_grouped_plus_null_block,Morgan,0,0,188,48,188,48,2,10.186303300793966,19.032468632077997,0.10196626426883237,0.45654949102688075
v10_grouped_plus_null_block,Physical,0,0,188,48,188,48,2,9.059561042133966,14.74894630156022,0.46070748174295284,0.5585018322046159
v10_grouped_plus_null_block,Morgan+Physical,0,0,188,48,188,48,2,9.008530891474088,16.177612554293706,0.3511694855388703,0.5784074263528183
v10_grouped_plus_null_block,Morgan,0,1,189,47,189,47,2,7.49424408403762,12.879155647074127,0.4407662642915995,0.5508286244071674
v10_grouped_plus_null_block,Physical,0,1,189,47,189,47,2,7.722605477824111,11.994840853823828,0.5149264891300309,0.708580388089424
v10_grouped_plus_null_block,Morgan+Physical,0,1,189,47,189,47,2,7.341767646529828,11.576823099327038,0.5481467889512781,0.7179576168332347
v10_grouped_plus_null_block,Morgan,0,2,189,47,189,47,2,6.381107158660889,11.252978997839294,0.45573425104403686,0.7364144600520165
v10_grouped_plus_null_block,Physical,0,2,189,47,189,47,2,6.418098959719881,8.826919918331395,0.665116028814533,0.8009597875625909
v10_grouped_plus_null_block,Morgan+Physical,0,2,189,47,189,47,2,5.497496293088222,8.382266975976425,0.6980055468724202,0.8423000205884518
v10_grouped_plus_null_block,Morgan,0,3,189,47,189,47,2,8.434132602853976,25.89296351334889,0.011351703948311864,0.7332022679078392
v10_grouped_plus_null_block,Physical,0,3,189,47,189,47,2,8.140295264223788,24.75409657963986,0.09640781620518146,0.7503107747924449
v10_grouped_plus_null_block,Morgan+Physical,0,3,189,47,189,47,2,7.679952289662461,25.142084883066616,0.06786056825190745,0.8521291669022928
v10_grouped_plus_null_block,Morgan,0,4,189,47,189,47,2,5.896069895837662,7.865793634976052,0.6429272438166512,0.7566723790919159
v10_grouped_plus_null_block,Physical,0,4,189,47,189,47,2,5.636211926959423,8.848914130961228,0.5480903856883059,0.8494116970390545
v10_grouped_plus_null_block,Morgan+Physical,0,4,189,47,189,47,2,5.022893546765916,6.953891419903996,0.7209208254038801,0.8455134135060131
v10_grouped_plus_null_block,Morgan,1,0,188,48,188,48,2,7.406443528254826,13.993498084783937,0.5049324977701013,0.8619519736042969
v10_grouped_plus_null_block,Physical,1,0,188,48,188,48,2,6.730684148589769,12.843897988054376,0.5829332876754081,0.9210769160830491
v10_grouped_plus_null_block,Morgan+Physical,1,0,188,48,188,48,2,6.700187298297881,12.9407025363863,0.5766227261718719,0.9547305013250488
v10_grouped_plus_null_block,Morgan,1,1,189,47,189,47,2,6.074881020420155,8.815669576409352,0.4799261752438063,0.7248800112672884
v10_grouped_plus_null_block,Physical,1,1,189,47,189,47,2,5.001571793925509,8.795341116354171,0.4823219343641142,0.8074710154587863
v10_grouped_plus_null_block,Morgan+Physical,1,1,189,47,189,47,2,4.145059657092804,6.838692128517519,0.6870315968981506,0.8317913741209989
v10_grouped_plus_null_block,Morgan,1,2,189,47,189,47,2,5.590146172641185,7.882726868001375,0.4316630101643175,0.7315127964440682
v10_grouped_plus_null_block,Physical,1,2,189,47,189,47,2,5.722960019261787,9.57209460906842,0.16195578959575063,0.8019195189639223
v10_grouped_plus_null_block,Morgan+Physical,1,2,189,47,189,47,2,5.157055221655014,6.817109845578274,0.5749367592071922,0.8178769657724329
v10_grouped_plus_null_block,Morgan,1,3,189,47,189,47,2,10.230944485278838,29.46370836688404,-0.05097811135725849,0.6391788371596429
v10_grouped_plus_null_block,Physical,1,3,189,47,189,47,2,9.490961892675847,26.94040817158368,0.12132716601509175,0.804105234070353
v10_grouped_plus_null_block,Morgan+Physical,1,3,189,47,189,47,2,9.313574083531156,28.01299988965559,0.04996830206853242,0.7806302412586349
v10_grouped_plus_null_block,Morgan,1,4,189,47,189,47,2,7.946339781010404,13.543106226150286,0.3731834503674373,0.6515918446368555
v10_grouped_plus_null_block,Physical,1,4,189,47,189,47,2,7.876452922496389,12.904240001477215,0.43092599437711276,0.7584631843821602
v10_grouped_plus_null_block,Morgan+Physical,1,4,189,47,189,47,2,7.624890377450496,11.831825283533385,0.5215821438320205,0.7694264569842738
v10_grouped_plus_null_block,Morgan,2,0,188,48,188,48,2,7.285313676754633,10.4234452749945,0.41699525853880426,0.7746165563102804
v10_grouped_plus_null_block,Physical,2,0,188,48,188,48,2,6.005613377253215,10.400175644107069,0.4195953896578899,0.8778157750542208
v10_grouped_plus_null_block,Morgan+Physical,2,0,188,48,188,48,2,6.239446390032768,9.253433943507943,0.5405319008813695,0.8534440657418694
v10_grouped_plus_null_block,Morgan,2,1,189,47,189,47,2,4.61310750084735,7.636272439679403,0.6942678710917574,0.8097730314493262
v10_grouped_plus_null_block,Physical,2,1,189,47,189,47,2,7.384455779177077,12.870589857957698,0.13148933892650372,0.7707785265283258
v10_grouped_plus_null_block,Morgan+Physical,2,1,189,47,189,47,2,5.155981793099261,8.92001404381393,0.5828335938294151,0.8430516611889219
v10_grouped_plus_null_block,Morgan,2,2,189,47,189,47,2,11.436545123023174,27.409460856977734,0.1239057077412018,0.6295321848613744
v10_grouped_plus_null_block,Physical,2,2,189,47,189,47,2,8.54328998056777,25.27877561441096,0.25481872280339646,0.8253541485978607
v10_grouped_plus_null_block,Morgan+Physical,2,2,189,47,189,47,2,9.635821927845733,26.06280988135246,0.2078775230638935,0.7724486845909223
v10_grouped_plus_null_block,Morgan,2,3,189,47,189,47,2,6.530792517982645,11.341481989273916,0.2944093187354003,0.7262053322936035
v10_grouped_plus_null_block,Physical,2,3,189,47,189,47,2,5.7017686887944,8.499623050003544,0.6037105116379758,0.7736563650635625
v10_grouped_plus_null_block,Morgan+Physical,2,3,189,47,189,47,2,5.6780211619275684,9.284165940171626,0.5271765473742454,0.8118296670155445
v10_grouped_plus_null_block,Morgan,2,4,189,47,189,47,2,7.3796019043942715,15.805370448687595,0.3023215828458955,0.8029724943030623
v10_grouped_plus_null_block,Physical,2,4,189,47,189,47,2,5.668115756452845,9.854009324166041,0.7288111263923329,0.8986152471159883
v10_grouped_plus_null_block,Morgan+Physical,2,4,189,47,189,47,2,5.978552410401689,12.184269767781503,0.5853850654269703,0.9218316373728029
v10_grouped_plus_null_block,Morgan,3,0,188,48,188,48,2,5.219242925469081,7.145157874339407,0.6362511184116292,0.7331723065147014
v10_grouped_plus_null_block,Physical,3,0,188,48,188,48,2,4.539297142569224,7.478757643883368,0.6014921066926933,0.7893708314262723
v10_grouped_plus_null_block,Morgan+Physical,3,0,188,48,188,48,2,4.426395352824529,6.341055229458791,0.7135155327561433,0.851521155360133
v10_grouped_plus_null_block,Morgan,3,1,189,47,189,47,2,9.609463715654739,27.454944159646818,-0.010578006313667121,0.5560792364876771
v10_grouped_plus_null_block,Physical,3,1,189,47,189,47,2,8.204977904441508,25.047851356442965,0.15885732462743274,0.7336590445666437
v10_grouped_plus_null_block,Morgan+Physical,3,1,189,47,189,47,2,8.35639454910603,25.970385437990853,0.09575627587027447,0.7238298982528026
v10_grouped_plus_null_block,Morgan,3,2,189,47,189,47,2,8.103123423393736,12.249920052970577,0.4926223197971944,0.6083310245709029
v10_grouped_plus_null_block,Physical,3,2,189,47,189,47,2,8.337613181905544,14.367105157906622,0.3020836207480788,0.8059209578666617
v10_grouped_plus_null_block,Morgan+Physical,3,2,189,47,189,47,2,7.310861171560084,10.190593062258282,0.6488733698054108,0.7884131713855113
v10_grouped_plus_null_block,Morgan,3,3,189,47,189,47,2,6.822862358710106,11.393321414904003,0.5911478089103346,0.8389335843202479
v10_grouped_plus_null_block,Physical,3,3,189,47,189,47,2,7.0015107008507895,11.038594277720307,0.6162104254163001,0.7983348751156337
v10_grouped_plus_null_block,Morgan+Physical,3,3,189,47,189,47,2,6.273081568097053,10.537556624034336,0.6502598648694602,0.8748843663274746
v10_grouped_plus_null_block,Morgan,3,4,189,47,189,47,2,7.735474595090177,16.562295162145716,0.10245474258078513,0.7589578025579061
v10_grouped_plus_null_block,Physical,3,4,189,47,189,47,2,7.571441162291993,13.841700992206766,0.37310581252752095,0.8331406105457909
v10_grouped_plus_null_block,Morgan+Physical,3,4,189,47,189,47,2,6.266867733894511,13.621827654490364,0.3928638689899867,0.8664431082331177
v10_grouped_plus_null_block,Morgan,4,0,188,48,188,48,2,6.012316294209161,10.432335616487613,0.5774286703805965,0.8160274001742626
v10_grouped_plus_null_block,Physical,4,0,188,48,188,48,2,4.9855187967499095,8.375468509135272,0.7276325858457908,0.8202790002856409
v10_grouped_plus_null_block,Morgan+Physical,4,0,188,48,188,48,2,4.791903846557935,8.572186613642995,0.7146879190370822,0.8494355188884065
v10_grouped_plus_null_block,Morgan,4,1,189,47,189,47,2,7.503610176654571,13.018050050922477,0.37164995636126763,0.6461211616759126
v10_grouped_plus_null_block,Physical,4,1,189,47,189,47,2,7.124246979530821,11.451665784884694,0.5137640055357149,0.7666599211044676
v10_grouped_plus_null_block,Morgan+Physical,4,1,189,47,189,47,2,6.505453726748202,11.019930017603112,0.549735768226252,0.7818444650247582
v10_grouped_plus_null_block,Morgan,4,2,189,47,189,47,2,6.92674199759301,10.227635040267018,0.4467347539906309,0.5810463408395614
v10_grouped_plus_null_block,Physical,4,2,189,47,189,47,2,6.214089332341133,10.53085556095853,0.4134429517261513,0.7588679139362596
v10_grouped_plus_null_block,Morgan+Physical,4,2,189,47,189,47,2,5.809414405920151,9.131704222321739,0.5589512273238207,0.7481136714987628
v10_grouped_plus_null_block,Morgan,4,3,189,47,189,47,2,7.46849153031694,16.062433139938946,0.14698814929625248,0.8019096906240162
v10_grouped_plus_null_block,Physical,4,3,189,47,189,47,2,6.434320328164607,11.647010534278925,0.5515011482808609,0.8800994685307926
v10_grouped_plus_null_block,Morgan+Physical,4,3,189,47,189,47,2,6.323498126537241,12.914537696219815,0.4485703330403684,0.9081868640148011
v10_grouped_plus_null_block,Morgan,4,4,189,47,189,47,2,9.151303945987783,26.63937881355135,0.09083882010006772,0.6610772235683483
v10_grouped_plus_null_block,Physical,4,4,189,47,189,47,2,9.71750030107701,25.215372850062632,0.1854392398073148,0.8124421831637373
v10_grouped_plus_null_block,Morgan+Physical,4,4,189,47,189,47,2,8.400413571783837,25.37111651136035,0.17534583671972437,0.8270120259019427
v10_grouped_plus_null_block,Morgan,5,0,188,48,188,48,2,8.924526902135213,14.029940997008419,0.34738616217677565,0.7044431217672009
v10_grouped_plus_null_block,Physical,5,0,188,48,188,48,2,6.798635573550065,10.134049014343788,0.6595051167971786,0.8337087803314894
v10_grouped_plus_null_block,Morgan+Physical,5,0,188,48,188,48,2,6.811688384946187,10.54092364361491,0.6316150121966447,0.8681539392911951
v10_grouped_plus_null_block,Morgan,5,1,189,47,189,47,2,4.804887836569928,6.119863707732366,0.6869280896034863,0.8328321113817725
v10_grouped_plus_null_block,Physical,5,1,189,47,189,47,2,5.93422079795675,9.240980805831901,0.28616680620638535,0.813576968549079
v10_grouped_plus_null_block,Morgan+Physical,5,1,189,47,189,47,2,5.0661481862088475,7.086025769462506,0.5802738211885703,0.880189667040091
v10_grouped_plus_null_block,Morgan,5,2,189,47,189,47,2,9.336379221246595,14.730425622606678,0.3478830377762405,0.7261999350985163
v10_grouped_plus_null_block,Physical,5,2,189,47,189,47,2,7.6045637334052545,12.02346165415777,0.5655358453303874,0.835800185013876
v10_grouped_plus_null_block,Morgan+Physical,5,2,189,47,189,47,2,7.404166852910465,12.225384352669328,0.5508204774875862,0.8413506012950971
v10_grouped_plus_null_block,Morgan,5,3,189,47,189,47,2,10.782642959416165,29.82481567220159,-0.025620493556662405,0.6604602763441119
v10_grouped_plus_null_block,Physical,5,3,189,47,189,47,2,8.951220520672898,26.972800782835993,0.16115205840993996,0.8098762590155516
v10_grouped_plus_null_block,Morgan+Physical,5,3,189,47,189,47,2,9.527489852564385,28.126682250415495,0.08784599874379861,0.8048223453903471
v10_grouped_plus_null_block,Morgan,5,4,189,47,189,47,2,5.584966194315159,8.057595435130374,0.5315023276608664,0.5823356241705047
v10_grouped_plus_null_block,Physical,5,4,189,47,189,47,2,7.887838183017486,14.720608621587965,-0.5636806207746015,0.6855540461365508
v10_grouped_plus_null_block,Morgan+Physical,5,4,189,47,189,47,2,5.8465288391924926,8.817657607082769,0.43894816981262885,0.6804660174564449
v10_grouped_plus_null_block,Morgan,6,0,188,48,188,48,2,5.203787251631419,7.562120538999563,0.46328551469432766,0.7220820674658319
v10_grouped_plus_null_block,Physical,6,0,188,48,188,48,2,5.414693508625031,8.497676808205883,0.3222702589621741,0.7599272614286957
v10_grouped_plus_null_block,Morgan+Physical,6,0,188,48,188,48,2,4.69860934329033,6.736371210307821,0.5740995024324119,0.7932906354426376
v10_grouped_plus_null_block,Morgan,6,1,189,47,189,47,2,8.443118255493488,17.13774165751341,0.29146518035745184,0.6360797176627314
v10_grouped_plus_null_block,Physical,6,1,189,47,189,47,2,7.063737853638669,13.42293157791689,0.5653409094430283,0.8359063327069169
v10_grouped_plus_null_block,Morgan+Physical,6,1,189,47,189,47,2,7.311950003847161,14.762159526149732,0.4742808433698139,0.8352124905548463
v10_grouped_plus_null_block,Morgan,6,2,189,47,189,47,2,5.461415937756478,7.549895945565306,0.6348981326883657,0.7231865146261379
v10_grouped_plus_null_block,Physical,6,2,189,47,189,47,2,5.822628926427313,9.473014155906172,0.42521093880497063,0.776827012025902
v10_grouped_plus_null_block,Morgan+Physical,6,2,189,47,189,47,2,5.432560997301467,7.955155687596758,0.5946506425755456,0.7769426456984274
v10_grouped_plus_null_block,Morgan,6,3,189,47,189,47,2,11.278364953873005,28.677905612671562,0.05762085152342211,0.7190192611552225
v10_grouped_plus_null_block,Physical,6,3,189,47,189,47,2,9.114023253035038,25.37170308190235,0.26238447878316873,0.795062299774286
v10_grouped_plus_null_block,Morgan+Physical,6,3,189,47,189,47,2,9.556747962748751,26.76321339297233,0.17925674959292648,0.844150212835763
v10_grouped_plus_null_block,Morgan,6,4,189,47,189,47,2,7.32034344618777,10.814424367438075,0.47337678743539113,0.7220487449674706
v10_grouped_plus_null_block,Physical,6,4,189,47,189,47,2,5.512778126895174,8.153917170631448,0.7006179390887954,0.886672448684591
v10_grouped_plus_null_block,Morgan+Physical,6,4,189,47,189,47,2,5.303868551116294,7.832477838002141,0.7237568407433586,0.8821369724133724
v10_grouped_plus_null_block,Morgan,7,0,188,48,188,48,2,5.419301190137863,7.232774316415865,0.43199691396555173,0.7525387622968813
v10_grouped_plus_null_block,Physical,7,0,188,48,188,48,2,5.808567787905535,8.977067971843702,0.12499629028946824,0.748439285666324
v10_grouped_plus_null_block,Morgan+Physical,7,0,188,48,188,48,2,4.617742820779482,6.878353995500148,0.4862995888027356,0.7989686527572885
v10_grouped_plus_null_block,Morgan,7,1,189,47,189,47,2,7.263091286192549,11.173225192394973,0.5280998351099264,0.8153526875807937
v10_grouped_plus_null_block,Physical,7,1,189,47,189,47,2,7.187196408068881,9.49264778869195,0.6593818703707225,0.7501373192692596
v10_grouped_plus_null_block,Morgan+Physical,7,1,189,47,189,47,2,6.20087036356013,8.661123062104833,0.7164423006947764,0.8280527289546716
v10_grouped_plus_null_block,Morgan,7,2,189,47,189,47,2,7.002878626105127,16.08376110510912,0.07371174405969816,0.5783064848475941
v10_grouped_plus_null_block,Physical,7,2,189,47,189,47,2,5.938601820004242,10.841875051579674,0.5790992244579548,0.773091266837465
v10_grouped_plus_null_block,Morgan+Physical,7,2,189,47,189,47,2,6.0981701106538155,13.020632080917506,0.39293518122464766,0.813945420906568
v10_grouped_plus_null_block,Morgan,7,3,189,47,189,47,2,10.720900740262294,27.144585754994075,0.16967263965332968,0.7789504149588702
v10_grouped_plus_null_block,Physical,7,3,189,47,189,47,2,8.324165067709254,26.496731034789224,0.20883419839471318,0.9091907835769399
v10_grouped_plus_null_block,Morgan+Physical,7,3,189,47,189,47,2,9.118608198514897,26.63384405508198,0.2006248984065766,0.880370050618767
v10_grouped_plus_null_block,Morgan,7,4,189,47,189,47,2,6.6921424428412255,12.04959655708241,0.45332769790928307,0.7638414476356871
v10_grouped_plus_null_block,Physical,7,4,189,47,189,47,2,8.09980653326156,13.222211920765119,0.3417508830435698,0.7909161875576933
v10_grouped_plus_null_block,Morgan+Physical,7,4,189,47,189,47,2,7.063186286861339,11.526559931469865,0.49975646646330485,0.8165312675071076
v10_grouped_plus_null_block,Morgan,8,0,188,48,188,48,2,6.807824623028438,11.323577574216971,0.4368618815454828,0.7614188052163101
v10_grouped_plus_null_block,Physical,8,0,188,48,188,48,2,5.794782429556052,9.23159485617045,0.625716157733627,0.7673686495874946
v10_grouped_plus_null_block,Morgan+Physical,8,0,188,48,188,48,2,5.70888929728667,9.344087693011424,0.6165388085628012,0.8152409900130265
v10_grouped_plus_null_block,Morgan,8,1,189,47,189,47,2,6.069519937474677,9.24690829143999,0.5239183419559537,0.8501838474627078
v10_grouped_plus_null_block,Physical,8,1,189,47,189,47,2,5.795660287816474,10.279340752356223,0.41167287167096944,0.8847065625903442
v10_grouped_plus_null_block,Morgan+Physical,8,1,189,47,189,47,2,4.8076528916460415,7.690832673061273,0.6706671335144998,0.9135902406176638
v10_grouped_plus_null_block,Morgan,8,2,189,47,189,47,2,8.186893413868354,13.373124148349122,0.4946689269455332,0.4449846776543925
v10_grouped_plus_null_block,Physical,8,2,189,47,189,47,2,7.19298890016434,11.384915779385585,0.6337565251990667,0.7231360761600608
v10_grouped_plus_null_block,Morgan+Physical,8,2,189,47,189,47,2,6.945346700221933,11.322934247544127,0.6377334609423085,0.6824318467192131
v10_grouped_plus_null_block,Morgan,8,3,189,47,189,47,2,6.319469199890787,9.263113416220685,0.42004852946817905,0.7870094832635411
v10_grouped_plus_null_block,Physical,8,3,189,47,189,47,2,4.62676850197163,6.791620090277611,0.6882370805932847,0.8962705999370489
v10_grouped_plus_null_block,Morgan+Physical,8,3,189,47,189,47,2,5.114273134190985,7.053829579396361,0.6636994196866769,0.8922810075626437
v10_grouped_plus_null_block,Morgan,8,4,189,47,189,47,2,10.283941697538658,29.142378813725145,0.03503342984775859,0.7127819978051961
v10_grouped_plus_null_block,Physical,8,4,189,47,189,47,2,10.422654943458069,27.562118874694306,0.13684761923940092,0.8037928944412861
v10_grouped_plus_null_block,Morgan+Physical,8,4,189,47,189,47,2,9.32948557617512,28.074055431047316,0.10448559553921377,0.8212540837752862
v10_grouped_plus_null_block,Morgan,9,0,188,48,188,48,2,7.646514333645502,12.665309447794188,0.36782835126305946,0.7318850568151355
v10_grouped_plus_null_block,Physical,9,0,188,48,188,48,2,6.4265337925752,10.088169942027895,0.5989226067073659,0.7954730511637155
v10_grouped_plus_null_block,Morgan+Physical,9,0,188,48,188,48,2,6.392261418263118,10.566935640910051,0.5599505028141174,0.8162401283978634
v10_grouped_plus_null_block,Morgan,9,1,189,47,189,47,2,8.753222291353914,25.63036330524975,0.10466655031567751,0.7638110188298247
v10_grouped_plus_null_block,Physical,9,1,189,47,189,47,2,8.312811302647692,24.31445063003453,0.19424277514507404,0.897080082447798
v10_grouped_plus_null_block,Morgan+Physical,9,1,189,47,189,47,2,7.931210391689868,24.634127427087236,0.17291593660968452,0.8910089636171813
v10_grouped_plus_null_block,Morgan,9,2,189,47,189,47,2,10.347514496685596,20.950681063803394,0.17824737364933896,0.6448609470659646
v10_grouped_plus_null_block,Physical,9,2,189,47,189,47,2,9.947630430895218,18.971492520985723,0.3261739331777419,0.7927844588344126
v10_grouped_plus_null_block,Morgan+Physical,9,2,189,47,189,47,2,9.429998348747418,18.847486197736526,0.3349540124582725,0.8127890841813136
v10_grouped_plus_null_block,Morgan,9,3,189,47,189,47,2,5.300320157639523,7.490917995367148,0.6687919260981304,0.8115908774273544
v10_grouped_plus_null_block,Physical,9,3,189,47,189,47,2,4.9026643207631215,8.20720629008405,0.6024227468718522,0.8235277114662025
v10_grouped_plus_null_block,Morgan+Physical,9,3,189,47,189,47,2,4.537914028817035,6.416140594041419,0.757015498609261,0.8697889577996922
v10_grouped_plus_null_block,Morgan,9,4,189,47,189,47,2,6.374788891358071,8.577482473115683,0.17389523460520373,0.7122075871390793
v10_grouped_plus_null_block,Physical,9,4,189,47,189,47,2,5.88240128167335,9.524828197187052,-0.018661167217800534,0.7402139346631975
v10_grouped_plus_null_block,Morgan+Physical,9,4,189,47,189,47,2,5.216783101053442,7.400286118111776,0.38508870387783334,0.7874302567541271
v10_grouped_plus_nbs_alpha,Morgan,0,0,188,48,188,48,2,10.186303300793966,19.032468632077997,0.10196626426883237,0.45654949102688075
v10_grouped_plus_nbs_alpha,Physical,0,0,188,48,188,48,2,9.076252056701977,14.600257841409487,0.47152620469102613,0.5373863484134218
v10_grouped_plus_nbs_alpha,Morgan+Physical,0,0,188,48,188,48,2,9.010943831539153,16.078658588501824,0.3590826423431699,0.5773761068050796
v10_grouped_plus_nbs_alpha,Morgan,0,1,189,47,189,47,2,7.49424408403762,12.879155647074127,0.4407662642915995,0.5508286244071674
v10_grouped_plus_nbs_alpha,Physical,0,1,189,47,189,47,2,7.877306918716432,12.119461465396338,0.5047947696158883,0.6867174065615649
v10_grouped_plus_nbs_alpha,Morgan+Physical,0,1,189,47,189,47,2,7.391818623465681,11.59648420716106,0.5466107062976816,0.7068551794595249
v10_grouped_plus_nbs_alpha,Morgan,0,2,189,47,189,47,2,6.381107158660889,11.252978997839294,0.45573425104403686,0.7364144600520165
v10_grouped_plus_nbs_alpha,Physical,0,2,189,47,189,47,2,6.27611015806807,8.711410971712334,0.6738232558971529,0.8057009051963259
v10_grouped_plus_nbs_alpha,Morgan+Physical,0,2,189,47,189,47,2,5.422074820985185,8.375122307541002,0.6985201405261341,0.8487178749463126
v10_grouped_plus_nbs_alpha,Morgan,0,3,189,47,189,47,2,8.434132602853976,25.89296351334889,0.011351703948311864,0.7332022679078392
v10_grouped_plus_nbs_alpha,Physical,0,3,189,47,189,47,2,7.990185640375664,24.709035969233238,0.09969449294453103,0.7701425229433125
v10_grouped_plus_nbs_alpha,Morgan+Physical,0,3,189,47,189,47,2,7.622764463587009,25.11449895519564,0.06990493526206354,0.8585470212601537
v10_grouped_plus_nbs_alpha,Morgan,0,4,189,47,189,47,2,5.896069895837662,7.865793634976052,0.6429272438166512,0.7566723790919159
v10_grouped_plus_nbs_alpha,Physical,0,4,189,47,189,47,2,5.631193821959799,9.121958110415452,0.5197716812329038,0.839731729879741
v10_grouped_plus_nbs_alpha,Morgan+Physical,0,4,189,47,189,47,2,5.055276426631846,7.05621452011136,0.7126473738390862,0.8436632747456059
v10_grouped_plus_nbs_alpha,Morgan,1,0,188,48,188,48,2,7.406443528254826,13.993498084783937,0.5049324977701013,0.8619519736042969
v10_grouped_plus_nbs_alpha,Physical,1,0,188,48,188,48,2,6.687891659359136,12.800831263059422,0.5857255215971594,0.9269391535123007
v10_grouped_plus_nbs_alpha,Morgan+Physical,1,0,188,48,188,48,2,6.597195458054543,12.947390963682507,0.5761849663363459,0.9522336224199972
v10_grouped_plus_nbs_alpha,Morgan,1,1,189,47,189,47,2,6.074881020420155,8.815669576409352,0.4799261752438063,0.7248800112672884
v10_grouped_plus_nbs_alpha,Physical,1,1,189,47,189,47,2,5.592843506626373,9.539385071607116,0.3910310509023113,0.7992829468571098
v10_grouped_plus_nbs_alpha,Morgan+Physical,1,1,189,47,189,47,2,4.376427441958164,7.1225743781766155,0.6605089145310279,0.8138660820822425
v10_grouped_plus_nbs_alpha,Morgan,1,2,189,47,189,47,2,5.590146172641185,7.882726868001375,0.4316630101643175,0.7315127964440682
v10_grouped_plus_nbs_alpha,Physical,1,2,189,47,189,47,2,5.652014316047508,9.338612940775064,0.202340179976923,0.8172987974098057
v10_grouped_plus_nbs_alpha,Morgan+Physical,1,2,189,47,189,47,2,5.170406763539416,6.748325629752242,0.5834712083673395,0.8228492136910268
v10_grouped_plus_nbs_alpha,Morgan,1,3,189,47,189,47,2,10.230944485278838,29.46370836688404,-0.05097811135725849,0.6391788371596429
v10_grouped_plus_nbs_alpha,Physical,1,3,189,47,189,47,2,9.45683127121215,26.927177245935177,0.12219001858037082,0.8011564049240534
v10_grouped_plus_nbs_alpha,Morgan+Physical,1,3,189,47,189,47,2,9.309175945566055,28.01288138416103,0.049976340032229394,0.7739809206346261
v10_grouped_plus_nbs_alpha,Morgan,1,4,189,47,189,47,2,7.946339781010404,13.543106226150286,0.3731834503674373,0.6515918446368555
v10_grouped_plus_nbs_alpha,Physical,1,4,189,47,189,47,2,7.843566448008761,12.867489800648528,0.43416272957699986,0.7876965772432933
v10_grouped_plus_nbs_alpha,Morgan+Physical,1,4,189,47,189,47,2,7.629365352346541,11.814580000172736,0.5229757477167214,0.7772895467160037
v10_grouped_plus_nbs_alpha,Morgan,2,0,188,48,188,48,2,7.285313676754633,10.4234452749945,0.41699525853880426,0.7746165563102804
v10_grouped_plus_nbs_alpha,Physical,2,0,188,48,188,48,2,5.9906216868559525,10.472696889995063,0.41147275381792037,0.8806926137926496
v10_grouped_plus_nbs_alpha,Morgan+Physical,2,0,188,48,188,48,2,6.239166145086288,9.280223896649778,0.5378676040972559,0.8567551442898728
v10_grouped_plus_nbs_alpha,Morgan,2,1,189,47,189,47,2,4.61310750084735,7.636272439679403,0.6942678710917574,0.8097730314493262
v10_grouped_plus_nbs_alpha,Physical,2,1,189,47,189,47,2,7.379798614339625,12.896369888479466,0.12800656842057911,0.7703737969742265
v10_grouped_plus_nbs_alpha,Morgan+Physical,2,1,189,47,189,47,2,5.158097732625109,8.925273823857308,0.582341475667997,0.8420687465575378
v10_grouped_plus_nbs_alpha,Morgan,2,2,189,47,189,47,2,11.436545123023174,27.409460856977734,0.1239057077412018,0.6295321848613744
v10_grouped_plus_nbs_alpha,Physical,2,2,189,47,189,47,2,9.017214943686954,25.363489482001242,0.24981587262805982,0.8080714640131935
v10_grouped_plus_nbs_alpha,Morgan+Physical,2,2,189,47,189,47,2,9.836083079585624,26.10052888440502,0.2055830896891565,0.7482871270219482
v10_grouped_plus_nbs_alpha,Morgan,2,3,189,47,189,47,2,6.530792517982645,11.341481989273916,0.2944093187354003,0.7262053322936035
v10_grouped_plus_nbs_alpha,Physical,2,3,189,47,189,47,2,5.656736228431539,8.420641508882552,0.6110412205419039,0.7476943540087387
v10_grouped_plus_nbs_alpha,Morgan+Physical,2,3,189,47,189,47,2,5.658375846392044,9.243570644566272,0.5313023770693021,0.7892804490014385
v10_grouped_plus_nbs_alpha,Morgan,2,4,189,47,189,47,2,7.3796019043942715,15.805370448687595,0.3023215828458955,0.8029724943030623
v10_grouped_plus_nbs_alpha,Physical,2,4,189,47,189,47,2,5.469870309212866,9.5337111222177,0.7461542443976037,0.9070305272895468
v10_grouped_plus_nbs_alpha,Morgan+Physical,2,4,189,47,189,47,2,5.9053824130037995,12.085721945549995,0.5920648520378893,0.9203283996299724
v10_grouped_plus_nbs_alpha,Morgan,3,0,188,48,188,48,2,5.219242925469081,7.145157874339407,0.6362511184116292,0.7331723065147014
v10_grouped_plus_nbs_alpha,Physical,3,0,188,48,188,48,2,4.791373446528117,7.6837156292817,0.5793503078742156,0.7984365716675341
v10_grouped_plus_nbs_alpha,Morgan+Physical,3,0,188,48,188,48,2,4.5074073753198,6.415550214026923,0.7067447299395075,0.8391684307658905
v10_grouped_plus_nbs_alpha,Morgan,3,1,189,47,189,47,2,9.609463715654739,27.454944159646818,-0.010578006313667121,0.5560792364876771
v10_grouped_plus_nbs_alpha,Physical,3,1,189,47,189,47,2,8.099781750699309,24.976096743046725,0.1636696668804659,0.7425630947568291
v10_grouped_plus_nbs_alpha,Morgan+Physical,3,1,189,47,189,47,2,8.346495074495357,25.9336135393913,0.09831513033646122,0.7226735280982329
v10_grouped_plus_nbs_alpha,Morgan,3,2,189,47,189,47,2,8.103123423393736,12.249920052970577,0.4926223197971944,0.6083310245709029
v10_grouped_plus_nbs_alpha,Physical,3,2,189,47,189,47,2,8.362852304580365,14.413886636111613,0.29753117744230195,0.7984619391003539
v10_grouped_plus_nbs_alpha,Morgan+Physical,3,2,189,47,189,47,2,7.2821467947452625,10.196167422288992,0.6484891249288824,0.7895695415400809
v10_grouped_plus_nbs_alpha,Morgan,3,3,189,47,189,47,2,6.822862358710106,11.393321414904003,0.5911478089103346,0.8389335843202479
v10_grouped_plus_nbs_alpha,Physical,3,3,189,47,189,47,2,7.117528450008148,11.140269631272128,0.6091077720829483,0.7870027752081407
v10_grouped_plus_nbs_alpha,Morgan+Physical,3,3,189,47,189,47,2,6.2793675297351585,10.577505412974274,0.6476030480581962,0.8688714153561518
v10_grouped_plus_nbs_alpha,Morgan,3,4,189,47,189,47,2,7.735474595090177,16.562295162145716,0.10245474258078513,0.7589578025579061
v10_grouped_plus_nbs_alpha,Physical,3,4,189,47,189,47,2,7.378814566470208,12.981283208429586,0.4486205624038947,0.8228492136910268
v10_grouped_plus_nbs_alpha,Morgan+Physical,3,4,189,47,189,47,2,6.26321831204029,13.15480438424033,0.43378143460380414,0.8833256244218316
v10_grouped_plus_nbs_alpha,Morgan,4,0,188,48,188,48,2,6.012316294209161,10.432335616487613,0.5774286703805965,0.8160274001742626
v10_grouped_plus_nbs_alpha,Physical,4,0,188,48,188,48,2,4.957541417944431,8.504459865367057,0.7191784711407978,0.8278781969531892
v10_grouped_plus_nbs_alpha,Morgan+Physical,4,0,188,48,188,48,2,4.744420589502653,8.587087936526288,0.7136951215351304,0.8574685193226227
v10_grouped_plus_nbs_alpha,Morgan,4,1,189,47,189,47,2,7.503610176654571,13.018050050922477,0.37164995636126763,0.6461211616759126
v10_grouped_plus_nbs_alpha,Physical,4,1,189,47,189,47,2,7.046452685883705,11.34970886921466,0.5223836131339761,0.7614559545233225
v10_grouped_plus_nbs_alpha,Morgan+Physical,4,1,189,47,189,47,2,6.467301187880496,11.015126578863105,0.5501282108786818,0.7773344910363001
v10_grouped_plus_nbs_alpha,Morgan,4,2,189,47,189,47,2,6.92674199759301,10.227635040267018,0.4467347539906309,0.5810463408395614
v10_grouped_plus_nbs_alpha,Physical,4,2,189,47,189,47,2,6.310025362079701,10.836198865988436,0.37893525250876514,0.7464153561517115
v10_grouped_plus_nbs_alpha,Morgan+Physical,4,2,189,47,189,47,2,5.963853185629338,9.322024858742333,0.5403751946067308,0.7539315448658649
v10_grouped_plus_nbs_alpha,Morgan,4,3,189,47,189,47,2,7.46849153031694,16.062433139938946,0.14698814929625248,0.8019096906240162
v10_grouped_plus_nbs_alpha,Physical,4,3,189,47,189,47,2,6.202480444177668,10.784398223584454,0.6154753094575423,0.8880601344708816
v10_grouped_plus_nbs_alpha,Morgan+Physical,4,3,189,47,189,47,2,6.207141723267575,12.452672712182444,0.4873068125239213,0.9126965772432933
v10_grouped_plus_nbs_alpha,Morgan,4,4,189,47,189,47,2,9.151303945987783,26.63937881355135,0.09083882010006772,0.6610772235683483
v10_grouped_plus_nbs_alpha,Physical,4,4,189,47,189,47,2,9.487400564802455,25.05639702241625,0.19567801402982588,0.8207678075855689
v10_grouped_plus_nbs_alpha,Morgan+Physical,4,4,189,47,189,47,2,8.278230360477528,25.298908546188,0.1800332033312767,0.8317530064754858
v10_grouped_plus_nbs_alpha,Morgan,5,0,188,48,188,48,2,8.924526902135213,14.029940997008419,0.34738616217677565,0.7044431217672009
v10_grouped_plus_nbs_alpha,Physical,5,0,188,48,188,48,2,6.73866281495889,10.256512547436817,0.6512260657522004,0.8455964177357864
v10_grouped_plus_nbs_alpha,Morgan+Physical,5,0,188,48,188,48,2,6.816005931631724,10.573844933192042,0.6293103474766774,0.8728220172441176
v10_grouped_plus_nbs_alpha,Morgan,5,1,189,47,189,47,2,4.804887836569928,6.119863707732366,0.6869280896034863,0.8328321113817725
v10_grouped_plus_nbs_alpha,Physical,5,1,189,47,189,47,2,6.301326426152981,9.63319472483305,0.22428662248973086,0.7939169707305511
v10_grouped_plus_nbs_alpha,Morgan+Physical,5,1,189,47,189,47,2,5.122978202608799,7.2195621118351365,0.5643052599218142,0.8515091996342387
v10_grouped_plus_nbs_alpha,Morgan,5,2,189,47,189,47,2,9.336379221246595,14.730425622606678,0.3478830377762405,0.7261999350985163
v10_grouped_plus_nbs_alpha,Physical,5,2,189,47,189,47,2,7.5519270055243295,11.735184171266354,0.5861197286053297,0.8332562442183163
v10_grouped_plus_nbs_alpha,Morgan+Physical,5,2,189,47,189,47,2,7.384887432991187,12.115799912285597,0.5588369905361507,0.8354532839962997
v10_grouped_plus_nbs_alpha,Morgan,5,3,189,47,189,47,2,10.782642959416165,29.82481567220159,-0.025620493556662405,0.6604602763441119
v10_grouped_plus_nbs_alpha,Physical,5,3,189,47,189,47,2,8.940784992729347,26.937533694199765,0.16334422113736535,0.8121313764010727
v10_grouped_plus_nbs_alpha,Morgan+Physical,5,3,189,47,189,47,2,9.510564461833871,28.097346594645337,0.08974772900468997,0.8061522479655305
v10_grouped_plus_nbs_alpha,Morgan,5,4,189,47,189,47,2,5.584966194315159,8.057595435130374,0.5315023276608664,0.5823356241705047
v10_grouped_plus_nbs_alpha,Physical,5,4,189,47,189,47,2,8.087343448233096,15.018610890108159,-0.6276313731163989,0.6756092628072528
v10_grouped_plus_nbs_alpha,Morgan+Physical,5,4,189,47,189,47,2,5.948729245855454,8.964590498300547,0.42009422588403766,0.6665895756016104
v10_grouped_plus_nbs_alpha,Morgan,6,0,188,48,188,48,2,5.203787251631419,7.562120538999563,0.46328551469432766,0.7220820674658319
v10_grouped_plus_nbs_alpha,Physical,6,0,188,48,188,48,2,5.342899551252525,8.365107819853499,0.3432513158153896,0.7607208816951637
v10_grouped_plus_nbs_alpha,Morgan+Physical,6,0,188,48,188,48,2,4.6786455310583115,6.692450142368348,0.5796351306310956,0.7904679234511899
v10_grouped_plus_nbs_alpha,Morgan,6,1,189,47,189,47,2,8.443118255493488,17.13774165751341,0.29146518035745184,0.6360797176627314
v10_grouped_plus_nbs_alpha,Physical,6,1,189,47,189,47,2,6.9971704456654,13.350006453528284,0.5700509779673689,0.8346005959138612
v10_grouped_plus_nbs_alpha,Morgan+Physical,6,1,189,47,189,47,2,7.211427221906945,14.711692879944101,0.47786919804907213,0.8372361968317187
v10_grouped_plus_nbs_alpha,Morgan,6,2,189,47,189,47,2,5.461415937756478,7.549895945565306,0.6348981326883657,0.7231865146261379
v10_grouped_plus_nbs_alpha,Physical,6,2,189,47,189,47,2,5.767607601092724,9.448936773386588,0.42812908675128303,0.770315978466498
v10_grouped_plus_nbs_alpha,Morgan+Physical,6,2,189,47,189,47,2,5.398439121741437,7.92685700425527,0.5975293921723179,0.7839962997224793
v10_grouped_plus_nbs_alpha,Morgan,6,3,189,47,189,47,2,11.278364953873005,28.677905612671562,0.05762085152342211,0.7190192611552225
v10_grouped_plus_nbs_alpha,Physical,6,3,189,47,189,47,2,9.078942422136347,25.40876093311148,0.26022818612428256,0.8134485852319417
v10_grouped_plus_nbs_alpha,Morgan+Physical,6,3,189,47,189,47,2,9.578947449217452,26.78808638818229,0.17773048823553161,0.8417796540188955
v10_grouped_plus_nbs_alpha,Morgan,6,4,189,47,189,47,2,7.32034344618777,10.814424367438075,0.47337678743539113,0.7220487449674706
v10_grouped_plus_nbs_alpha,Physical,6,4,189,47,189,47,2,5.339827577566593,7.898532311179134,0.719077851711482,0.8749927724775947
v10_grouped_plus_nbs_alpha,Morgan+Physical,6,4,189,47,189,47,2,5.269276813815503,7.780342444187599,0.7274221211203838,0.8837558906297698
v10_grouped_plus_nbs_alpha,Morgan,7,0,188,48,188,48,2,5.419301190137863,7.232774316415865,0.43199691396555173,0.7525387622968813
v10_grouped_plus_nbs_alpha,Physical,7,0,188,48,188,48,2,5.58516073691845,8.756212157094938,0.1675207475795869,0.7657819030559627
v10_grouped_plus_nbs_alpha,Morgan+Physical,7,0,188,48,188,48,2,4.601867180665335,6.846452769938953,0.4910535373135161,0.8156109211311947
v10_grouped_plus_nbs_alpha,Morgan,7,1,189,47,189,47,2,7.263091286192549,11.173225192394973,0.5280998351099264,0.8153526875807937
v10_grouped_plus_nbs_alpha,Physical,7,1,189,47,189,47,2,7.312722050626228,9.65223662017011,0.6478327669973487,0.7663265014332331
v10_grouped_plus_nbs_alpha,Morgan+Physical,7,1,189,47,189,47,2,6.192637382669652,8.682130741903848,0.715065085853327,0.8244680851063831
v10_grouped_plus_nbs_alpha,Morgan,7,2,189,47,189,47,2,7.002878626105127,16.08376110510912,0.07371174405969816,0.5783064848475941
v10_grouped_plus_nbs_alpha,Physical,7,2,189,47,189,47,2,5.913337732672186,10.597858780924419,0.5978323008886053,0.7695643378660278
v10_grouped_plus_nbs_alpha,Morgan+Physical,7,2,189,47,189,47,2,6.084500699785923,12.88007204366886,0.4059711816067285,0.8067761332099908
v10_grouped_plus_nbs_alpha,Morgan,7,3,189,47,189,47,2,10.720900740262294,27.144585754994075,0.16967263965332968,0.7789504149588702
v10_grouped_plus_nbs_alpha,Physical,7,3,189,47,189,47,2,8.350287523103269,26.45985953012683,0.21103455863795395,0.9109254391039883
v10_grouped_plus_nbs_alpha,Morgan+Physical,7,3,189,47,189,47,2,9.098149165847452,26.609593480081017,0.20207992536304065,0.8781728838038771
v10_grouped_plus_nbs_alpha,Morgan,7,4,189,47,189,47,2,6.6921424428412255,12.04959655708241,0.45332769790928307,0.7638414476356871
v10_grouped_plus_nbs_alpha,Physical,7,4,189,47,189,47,2,7.994803140007183,13.134975489389749,0.3504081142037928,0.7932868834446596
v10_grouped_plus_nbs_alpha,Morgan+Physical,7,4,189,47,189,47,2,6.984801248282575,11.444298701087153,0.5068711319917836,0.830581977276199
v10_grouped_plus_nbs_alpha,Morgan,8,0,188,48,188,48,2,6.807824623028438,11.323577574216971,0.4368618815454828,0.7614188052163101
v10_grouped_plus_nbs_alpha,Physical,8,0,188,48,188,48,2,5.998958592216174,9.21226950638146,0.6272815633558357,0.7434867564046895
v10_grouped_plus_nbs_alpha,Morgan+Physical,8,0,188,48,188,48,2,5.702357353409131,9.366882281172686,0.614665645186148,0.7938558402084237
v10_grouped_plus_nbs_alpha,Morgan,8,1,189,47,189,47,2,6.069519937474677,9.24690829143999,0.5239183419559537,0.8501838474627078
v10_grouped_plus_nbs_alpha,Physical,8,1,189,47,189,47,2,5.907286256262598,10.36206292880251,0.4021657395663156,0.8889595563253327
v10_grouped_plus_nbs_alpha,Morgan+Physical,8,1,189,47,189,47,2,4.921697831864053,7.840530731219271,0.6577217745601691,0.9096585820921272
v10_grouped_plus_nbs_alpha,Morgan,8,2,189,47,189,47,2,8.186893413868354,13.373124148349122,0.4946689269455332,0.4449846776543925
v10_grouped_plus_nbs_alpha,Physical,8,2,189,47,189,47,2,7.260371601064154,11.317697509940237,0.6380684723577392,0.7333121335202728
v10_grouped_plus_nbs_alpha,Morgan+Physical,8,2,189,47,189,47,2,6.960900722503659,11.237246905146357,0.6431956849566387,0.6814292321924144
v10_grouped_plus_nbs_alpha,Morgan,8,3,189,47,189,47,2,6.319469199890787,9.263113416220685,0.42004852946817905,0.7870094832635411
v10_grouped_plus_nbs_alpha,Physical,8,3,189,47,189,47,2,4.689702526417184,6.823069752744791,0.6853430612352407,0.88453310353119
v10_grouped_plus_nbs_alpha,Morgan+Physical,8,3,189,47,189,47,2,5.1676082783557,7.092509595641505,0.6600010663117074,0.8903729416444499
v10_grouped_plus_nbs_alpha,Morgan,8,4,189,47,189,47,2,10.283941697538658,29.142378813725145,0.03503342984775859,0.7127819978051961
v10_grouped_plus_nbs_alpha,Physical,8,4,189,47,189,47,2,10.381077156058776,27.512614672042744,0.13994544326971226,0.817645698427382
v10_grouped_plus_nbs_alpha,Morgan+Physical,8,4,189,47,189,47,2,9.305234495398336,28.042996588053384,0.10646594753960137,0.8270120259019427
v10_grouped_plus_nbs_alpha,Morgan,9,0,188,48,188,48,2,7.646514333645502,12.665309447794188,0.36782835126305946,0.7318850568151355
v10_grouped_plus_nbs_alpha,Physical,9,0,188,48,188,48,2,6.502384640336037,10.019803063996921,0.6043403378144959,0.7777023912544612
v10_grouped_plus_nbs_alpha,Morgan+Physical,9,0,188,48,188,48,2,6.400997739394506,10.471614222350492,0.5678538252954428,0.8037560727035219
v10_grouped_plus_nbs_alpha,Morgan,9,1,189,47,189,47,2,8.753222291353914,25.63036330524975,0.10466655031567751,0.7638110188298247
v10_grouped_plus_nbs_alpha,Physical,9,1,189,47,189,47,2,8.303682640781807,24.303985889145963,0.19493620854110527,0.9004914730288112
v10_grouped_plus_nbs_alpha,Morgan+Physical,9,1,189,47,189,47,2,7.919368518277431,24.632917521288633,0.17299717912437373,0.8969066219097803
v10_grouped_plus_nbs_alpha,Morgan,9,2,189,47,189,47,2,10.347514496685596,20.950681063803394,0.17824737364933896,0.6448609470659646
v10_grouped_plus_nbs_alpha,Physical,9,2,189,47,189,47,2,9.872839468290449,18.989654408003176,0.32488317434771585,0.7974098057354302
v10_grouped_plus_nbs_alpha,Morgan+Physical,9,2,189,47,189,47,2,9.403312273861502,18.891700984107004,0.3318300566415454,0.8040009250693801
v10_grouped_plus_nbs_alpha,Morgan,9,3,189,47,189,47,2,5.300320157639523,7.490917995367148,0.6687919260981304,0.8115908774273544
v10_grouped_plus_nbs_alpha,Physical,9,3,189,47,189,47,2,4.865100465693372,7.5069550585204725,0.6673722628412418,0.812489160074538
v10_grouped_plus_nbs_alpha,Morgan+Physical,9,3,189,47,189,47,2,4.465154076271869,6.284955770592119,0.7668500744941582,0.8492049739549345
v10_grouped_plus_nbs_alpha,Morgan,9,4,189,47,189,47,2,6.374788891358071,8.577482473115683,0.17389523460520373,0.7122075871390793
v10_grouped_plus_nbs_alpha,Physical,9,4,189,47,189,47,2,5.774667509517262,9.662375622232922,-0.04829443887379692,0.7425267418328997
v10_grouped_plus_nbs_alpha,Morgan+Physical,9,4,189,47,189,47,2,5.391876579398298,7.494833623762231,0.3692758767372105,0.7806654913498953
