arm,feature,feature_kind,repeats,folds_ranked,top_3_folds,top_3_hit_rate,top_10_folds,top_10_hit_rate,top_20_folds,top_20_hit_rate,mean_rank,median_rank,rank_std,min_rank,max_rank,mean_importance,std_importance,mean_signed_importance,zero_importance_folds,repeats_resolved,repeats_positive_sign,repeats_negative_sign,repeats_zero_sign,sign_consistency,majority_sign,stability_label
hybrid,morgan_bit_0000,morgan_bit,10,50,0,0.0,0,0.0,0,0.0,74.48,74.0,4.077013713041266,65,84,0.0,0.0,0.0,50,0,0,0,10,0.0,zero,unstable
hybrid,morgan_bit_0001,morgan_bit,10,50,0,0.0,2,0.04,26,0.52,23.32,20.0,13.27332755904848,9,77,0.300961340825044,0.1953296935904603,0.06585239300889595,1,10,10,0,0,1.0,positive,unstable
hybrid,morgan_bit_0002,morgan_bit,10,50,0,0.0,0,0.0,0,0.0,58.36,58.0,13.315266671404379,23,80,0.02058261321887673,0.04123743405792999,0.0025110479486081423,10,10,10,0,0,1.0,positive,unstable
hybrid,morgan_bit_0003,morgan_bit,10,50,0,0.0,0,0.0,0,0.0,75.7,75.5,4.087062714548562,66,85,0.0,0.0,0.0,50,0,0,0,10,0.0,zero,unstable
hybrid,morgan_bit_0004,morgan_bit,10,50,0,0.0,0,0.0,0,0.0,76.7,76.5,4.087062714548562,67,86,0.0,0.0,0.0,50,0,0,0,10,0.0,zero,unstable
hybrid,morgan_bit_0005,morgan_bit,10,50,0,0.0,0,0.0,0,0.0,77.7,77.5,4.087062714548562,68,87,0.0,0.0,0.0,50,0,0,0,10,0.0,zero,unstable
hybrid,morgan_bit_0006,morgan_bit,10,50,0,0.0,0,0.0,0,0.0,78.7,78.5,4.087062714548562,69,88,0.0,0.0,0.0,50,0,0,0,10,0.0,zero,unstable
hybrid,morgan_bit_0007,morgan_bit,10,50,0,0.0,0,0.0,0,0.0,79.7,79.5,4.087062714548562,70,89,0.0,0.0,0.0,50,0,0,0,10,0.0,zero,unstable
hybrid,morgan_bit_0008,morgan_bit,10,50,0,0.0,0,0.0,0,0.0,57.22,54.0,13.507805755433802,36,86,0.016716461767431818,0.012333802700542651,-0.0019357847309231123,10,10,0,10,0,1.0,negative,unstable
hybrid,morgan_bit_0009,morgan_bit,10,50,0,0.0,0,0.0,0,0.0,80.9,80.5,4.067040241567645,71,90,0.0,0.0,0.0,50,0,0,0,10,0.0,zero,unstable
hybrid,morgan_bit_0010,morgan_bit,10,50,0,0.0,0,0.0,0,0.0,81.9,81.5,4.067040241567645,72,91,0.0,0.0,0.0,50,0,0,0,10,0.0,zero,unstable
hybrid,morgan_bit_0011,morgan_bit,10,50,0,0.0,0,0.0,0,0.0,82.9,82.5,4.067040241567645,73,92,0.0,0.0,0.0,50,0,0,0,10,0.0,zero,unstable
hybrid,morgan_bit_0012,morgan_bit,10,50,0,0.0,0,0.0,0,0.0,83.9,83.5,4.067040241567645,74,93,0.0,0.0,0.0,50,0,0,0,10,0.0,zero,unstable
hybrid,morgan_bit_0013,morgan_bit,10,50,0,0.0,0,0.0,0,0.0,68.14,68.0,13.557150383860623,38,94,0.00758837722330949,0.01231643538957503,-0.001395028047376193,13,10,0,10,0,1.0,negative,unstable
hybrid,morgan_bit_0014,morgan_bit,10,50,0,0.0,0,0.0,0,0.0,76.72,83.0,14.017540032809913,42,95,0.003714512056698674,0.007494167465408367,-3.965022140736376e-05,32,9,3,6,1,0.6666666666666666,negative,unstable
hybrid,morgan_bit_0015,morgan_bit,10,50,0,0.0,0,0.0,0,0.0,82.66,84.0,8.198083399708215,49,96,0.0007342356296389782,0.0025740672207532006,4.3756731825564754e-05,42,6,4,2,4,0.6666666666666666,positive,unstable
hybrid,morgan_bit_0016,morgan_bit,10,50,0,0.0,0,0.0,0,0.0,86.64,86.5,4.2366717780708525,77,97,0.0,0.0,0.0,50,0,0,0,10,0.0,zero,unstable
hybrid,morgan_bit_0017,morgan_bit,10,50,0,0.0,0,0.0,0,0.0,69.28,66.0,12.581229945389898,50,94,0.004941464154832611,0.004170934322019946,-0.0005673793738739953,12,10,0,10,0,1.0,negative,unstable
hybrid,morgan_bit_0018,morgan_bit,10,50,0,0.0,0,0.0,0,0.0,87.88,88.0,4.312487799450355,78,98,0.0,0.0,0.0,50,0,0,0,10,0.0,zero,unstable
hybrid,morgan_bit_0019,morgan_bit,10,50,0,0.0,0,0.0,0,0.0,88.88,89.0,4.312487799450355,79,99,0.0,0.0,0.0,50,0,0,0,10,0.0,zero,unstable
hybrid,morgan_bit_0020,morgan_bit,10,50,0,0.0,0,0.0,0,0.0,89.88,90.0,4.312487799450355,80,100,0.0,0.0,0.0,50,0,0,0,10,0.0,zero,unstable
hybrid,morgan_bit_0021,morgan_bit,10,50,0,0.0,0,0.0,0,0.0,90.88,91.0,4.312487799450355,81,101,0.0,0.0,0.0,50,0,0,0,10,0.0,zero,unstable
hybrid,morgan_bit_0022,morgan_bit,10,50,0,0.0,0,0.0,0,0.0,91.88,92.0,4.312487799450355,82,102,0.0,0.0,0.0,50,0,0,0,10,0.0,zero,unstable
hybrid,morgan_bit_0023,morgan_bit,10,50,0,0.0,0,0.0,0,0.0,92.88,93.0,4.312487799450355,83,103,0.0,0.0,0.0,50,0,0,0,10,0.0,zero,unstable
hybrid,morgan_bit_0024,morgan_bit,10,50,0,0.0,0,0.0,0,0.0,93.88,94.0,4.312487799450355,84,104,0.0,0.0,0.0,50,0,0,0,10,0.0,zero,unstable
hybrid,morgan_bit_0025,morgan_bit,10,50,0,0.0,0,0.0,0,0.0,94.88,95.0,4.312487799450355,85,105,0.0,0.0,0.0,50,0,0,0,10,0.0,zero,unstable
hybrid,morgan_bit_0026,morgan_bit,10,50,0,0.0,0,0.0,0,0.0,95.88,96.0,4.312487799450355,86,106,0.0,0.0,0.0,50,0,0,0,10,0.0,zero,unstable
hybrid,morgan_bit_0027,morgan_bit,10,50,0,0.0,0,0.0,0,0.0,96.88,97.0,4.312487799450355,87,107,0.0,0.0,0.0,50,0,0,0,10,0.0,zero,unstable
hybrid,morgan_bit_0028,morgan_bit,10,50,0,0.0,0,0.0,0,0.0,67.04,65.5,17.980669892857673,34,105,0.011174970050418285,0.015611513916327363,0.0014619445007035758,9,10,9,1,0,0.9,positive,unstable
hybrid,morgan_bit_0029,morgan_bit,10,50,0,0.0,0,0.0,0,0.0,98.06,98.0,4.3302919730000395,88,108,0.0,0.0,0.0,50,0,0,0,10,0.0,zero,unstable
hybrid,morgan_bit_0030,morgan_bit,10,50,0,0.0,0,0.0,0,0.0,99.06,99.0,4.3302919730000395,89,109,0.0,0.0,0.0,50,0,0,0,10,0.0,zero,unstable
hybrid,morgan_bit_0031,morgan_bit,10,50,0,0.0,0,0.0,0,0.0,100.06,100.0,4.3302919730000395,90,110,0.0,0.0,0.0,50,0,0,0,10,0.0,zero,unstable
hybrid,morgan_bit_0032,morgan_bit,10,50,0,0.0,0,0.0,0,0.0,101.06,101.0,4.3302919730000395,91,111,0.0,0.0,0.0,50,0,0,0,10,0.0,zero,unstable
hybrid,morgan_bit_0033,morgan_bit,10,50,0,0.0,0,0.0,0,0.0,102.06,102.0,4.3302919730000395,92,112,0.0,0.0,0.0,50,0,0,0,10,0.0,zero,unstable
hybrid,morgan_bit_0034,morgan_bit,10,50,0,0.0,0,0.0,0,0.0,85.94,93.5,17.304488034104015,55,111,0.0017259568202355787,0.0025194324369630957,-0.0002595437683737748,26,10,1,9,0,0.9,negative,unstable
hybrid,morgan_bit_0035,morgan_bit,10,50,0,0.0,0,0.0,0,0.0,103.58,103.0,4.204419443531158,94,113,0.0,0.0,0.0,50,0,0,0,10,0.0,zero,unstable
hybrid,morgan_bit_0036,morgan_bit,10,50,0,0.0,0,0.0,0,0.0,104.58,104.0,4.204419443531158,95,114,0.0,0.0,0.0,50,0,0,0,10,0.0,zero,unstable
hybrid,morgan_bit_0037,morgan_bit,10,50,0,0.0,0,0.0,0,0.0,105.58,105.0,4.204419443531158,96,115,0.0,0.0,0.0,50,0,0,0,10,0.0,zero,unstable
hybrid,morgan_bit_0038,morgan_bit,10,50,0,0.0,0,0.0,0,0.0,106.58,106.0,4.204419443531158,97,116,0.0,0.0,0.0,50,0,0,0,10,0.0,zero,unstable
hybrid,morgan_bit_0039,morgan_bit,10,50,0,0.0,0,0.0,0,0.0,107.58,107.0,4.204419443531158,98,117,0.0,0.0,0.0,50,0,0,0,10,0.0,zero,unstable
hybrid,morgan_bit_0040,morgan_bit,10,50,0,0.0,0,0.0,0,0.0,108.58,108.0,4.204419443531158,99,118,0.0,0.0,0.0,50,0,0,0,10,0.0,zero,unstable
hybrid,morgan_bit_0041,morgan_bit,10,50,0,0.0,0,0.0,0,0.0,109.58,109.0,4.204419443531158,100,119,0.0,0.0,0.0,50,0,0,0,10,0.0,zero,unstable
hybrid,morgan_bit_0042,morgan_bit,10,50,0,0.0,0,0.0,0,0.0,110.58,110.0,4.204419443531158,101,120,0.0,0.0,0.0,50,0,0,0,10,0.0,zero,unstable
hybrid,morgan_bit_0043,morgan_bit,10,50,0,0.0,0,0.0,0,0.0,111.58,111.0,4.204419443531158,102,121,0.0,0.0,0.0,50,0,0,0,10,0.0,zero,unstable
hybrid,morgan_bit_0044,morgan_bit,10,50,0,0.0,0,0.0,0,0.0,112.58,112.0,4.204419443531158,103,122,0.0,0.0,0.0,50,0,0,0,10,0.0,zero,unstable
hybrid,morgan_bit_0045,morgan_bit,10,50,0,0.0,0,0.0,0,0.0,113.58,113.0,4.204419443531158,104,123,0.0,0.0,0.0,50,0,0,0,10,0.0,zero,unstable
hybrid,morgan_bit_0046,morgan_bit,10,50,0,0.0,0,0.0,0,0.0,114.58,114.0,4.204419443531158,105,124,0.0,0.0,0.0,50,0,0,0,10,0.0,zero,unstable
hybrid,morgan_bit_0047,morgan_bit,10,50,0,0.0,0,0.0,0,0.0,115.58,115.0,4.204419443531158,106,125,0.0,0.0,0.0,50,0,0,0,10,0.0,zero,unstable
hybrid,morgan_bit_0048,morgan_bit,10,50,0,0.0,0,0.0,0,0.0,116.58,116.0,4.204419443531158,107,126,0.0,0.0,0.0,50,0,0,0,10,0.0,zero,unstable
hybrid,morgan_bit_0049,morgan_bit,10,50,0,0.0,0,0.0,0,0.0,117.58,117.0,4.204419443531158,108,127,0.0,0.0,0.0,50,0,0,0,10,0.0,zero,unstable
hybrid,morgan_bit_0050,morgan_bit,10,50,0,0.0,0,0.0,0,0.0,118.58,118.0,4.204419443531158,109,128,0.0,0.0,0.0,50,0,0,0,10,0.0,zero,unstable
hybrid,morgan_bit_0051,morgan_bit,10,50,0,0.0,0,0.0,0,0.0,119.58,119.0,4.204419443531158,110,129,0.0,0.0,0.0,50,0,0,0,10,0.0,zero,unstable
hybrid,morgan_bit_0052,morgan_bit,10,50,0,0.0,0,0.0,0,0.0,120.58,120.0,4.204419443531158,111,130,0.0,0.0,0.0,50,0,0,0,10,0.0,zero,unstable
hybrid,morgan_bit_0053,morgan_bit,10,50,0,0.0,0,0.0,0,0.0,121.58,121.0,4.204419443531158,112,131,0.0,0.0,0.0,50,0,0,0,10,0.0,zero,unstable
hybrid,morgan_bit_0054,morgan_bit,10,50,0,0.0,0,0.0,0,0.0,122.58,122.0,4.204419443531158,113,132,0.0,0.0,0.0,50,0,0,0,10,0.0,zero,unstable
hybrid,morgan_bit_0055,morgan_bit,10,50,0,0.0,0,0.0,0,0.0,123.58,123.0,4.204419443531158,114,133,0.0,0.0,0.0,50,0,0,0,10,0.0,zero,unstable
hybrid,morgan_bit_0056,morgan_bit,10,50,0,0.0,0,0.0,0,0.0,124.58,124.0,4.204419443531158,115,134,0.0,0.0,0.0,50,0,0,0,10,0.0,zero,unstable
hybrid,morgan_bit_0057,morgan_bit,10,50,0,0.0,0,0.0,0,0.0,125.58,125.0,4.204419443531158,116,135,0.0,0.0,0.0,50,0,0,0,10,0.0,zero,unstable
hybrid,morgan_bit_0058,morgan_bit,10,50,0,0.0,0,0.0,0,0.0,126.58,126.0,4.204419443531158,117,136,0.0,0.0,0.0,50,0,0,0,10,0.0,zero,unstable
hybrid,morgan_bit_0059,morgan_bit,10,50,0,0.0,0,0.0,0,0.0,127.58,127.0,4.204419443531158,118,137,0.0,0.0,0.0,50,0,0,0,10,0.0,zero,unstable
hybrid,morgan_bit_0060,morgan_bit,10,50,0,0.0,0,0.0,0,0.0,128.58,128.0,4.204419443531159,119,138,0.0,0.0,0.0,50,0,0,0,10,0.0,zero,unstable
hybrid,morgan_bit_0061,morgan_bit,10,50,0,0.0,0,0.0,0,0.0,129.58,129.0,4.204419443531159,120,139,0.0,0.0,0.0,50,0,0,0,10,0.0,zero,unstable
hybrid,morgan_bit_0062,morgan_bit,10,50,0,0.0,0,0.0,0,0.0,130.58,130.0,4.204419443531159,121,140,0.0,0.0,0.0,50,0,0,0,10,0.0,zero,unstable
hybrid,morgan_bit_0063,morgan_bit,10,50,0,0.0,0,0.0,0,0.0,131.58,131.0,4.204419443531159,122,141,0.0,0.0,0.0,50,0,0,0,10,0.0,zero,unstable
hybrid,morgan_bit_0064,morgan_bit,10,50,0,0.0,0,0.0,0,0.0,132.58,132.0,4.204419443531159,123,142,0.0,0.0,0.0,50,0,0,0,10,0.0,zero,unstable
hybrid,morgan_bit_0065,morgan_bit,10,50,0,0.0,0,0.0,0,0.0,133.58,133.0,4.204419443531159,124,143,0.0,0.0,0.0,50,0,0,0,10,0.0,zero,unstable
hybrid,morgan_bit_0066,morgan_bit,10,50,0,0.0,0,0.0,0,0.0,134.58,134.0,4.204419443531159,125,144,0.0,0.0,0.0,50,0,0,0,10,0.0,zero,unstable
hybrid,morgan_bit_0067,morgan_bit,10,50,0,0.0,0,0.0,0,0.0,135.58,135.0,4.204419443531159,126,145,0.0,0.0,0.0,50,0,0,0,10,0.0,zero,unstable
hybrid,morgan_bit_0068,morgan_bit,10,50,0,0.0,0,0.0,0,0.0,136.58,136.0,4.204419443531159,127,146,0.0,0.0,0.0,50,0,0,0,10,0.0,zero,unstable
hybrid,morgan_bit_0069,morgan_bit,10,50,0,0.0,0,0.0,0,0.0,137.58,137.0,4.204419443531159,128,147,0.0,0.0,0.0,50,0,0,0,10,0.0,zero,unstable
hybrid,morgan_bit_0070,morgan_bit,10,50,0,0.0,0,0.0,0,0.0,138.58,138.0,4.204419443531159,129,148,0.0,0.0,0.0,50,0,0,0,10,0.0,zero,unstable
hybrid,morgan_bit_0071,morgan_bit,10,50,0,0.0,0,0.0,0,0.0,139.58,139.0,4.204419443531159,130,149,0.0,0.0,0.0,50,0,0,0,10,0.0,zero,unstable
hybrid,morgan_bit_0072,morgan_bit,10,50,0,0.0,0,0.0,0,0.0,129.18,140.0,29.990263726205324,45,150,0.0019155329502864276,0.006246254712946241,0.0009626159120139803,43,6,5,1,4,0.8333333333333334,positive,unstable
hybrid,morgan_bit_0073,morgan_bit,10,50,0,0.0,0,0.0,0,0.0,141.44,141.0,4.300735580178378,132,151,0.0,0.0,0.0,50,0,0,0,10,0.0,zero,unstable
hybrid,morgan_bit_0074,morgan_bit,10,50,0,0.0,0,0.0,0,0.0,142.44,142.0,4.300735580178378,133,152,0.0,0.0,0.0,50,0,0,0,10,0.0,zero,unstable
hybrid,morgan_bit_0075,morgan_bit,10,50,0,0.0,0,0.0,0,0.0,143.44,143.0,4.300735580178378,134,153,0.0,0.0,0.0,50,0,0,0,10,0.0,zero,unstable
hybrid,morgan_bit_0076,morgan_bit,10,50,0,0.0,0,0.0,0,0.0,144.44,144.0,4.300735580178378,135,154,0.0,0.0,0.0,50,0,0,0,10,0.0,zero,unstable
hybrid,morgan_bit_0077,morgan_bit,10,50,0,0.0,0,0.0,0,0.0,145.44,145.0,4.300735580178378,136,155,0.0,0.0,0.0,50,0,0,0,10,0.0,zero,unstable
hybrid,morgan_bit_0078,morgan_bit,10,50,0,0.0,0,0.0,0,0.0,146.44,146.0,4.300735580178378,137,156,0.0,0.0,0.0,50,0,0,0,10,0.0,zero,unstable
hybrid,morgan_bit_0079,morgan_bit,10,50,0,0.0,0,0.0,0,0.0,142.66,147.0,18.90643989194568,68,156,0.00015520149620292813,0.0006219347605279829,4.64172026064914e-05,47,3,2,1,7,0.6666666666666666,positive,unstable
hybrid,morgan_bit_0080,morgan_bit,10,50,2,0.04,36,0.72,44,0.88,11.76,9.0,7.6253069526707575,3,39,0.737548465524397,0.47247674771898607,0.039962903930851994,0,10,10,0,0,1.0,positive,unstable
hybrid,morgan_bit_0081,morgan_bit,10,50,0,0.0,0,0.0,0,0.0,148.38,148.0,4.270879085535588,139,157,0.0,0.0,0.0,50,0,0,0,10,0.0,zero,unstable
hybrid,morgan_bit_0082,morgan_bit,10,50,0,0.0,0,0.0,0,0.0,149.38,149.0,4.270879085535588,140,158,0.0,0.0,0.0,50,0,0,0,10,0.0,zero,unstable
hybrid,morgan_bit_0083,morgan_bit,10,50,0,0.0,0,0.0,0,0.0,150.38,150.0,4.270879085535588,141,159,0.0,0.0,0.0,50,0,0,0,10,0.0,zero,unstable
hybrid,morgan_bit_0084,morgan_bit,10,50,0,0.0,0,0.0,0,0.0,151.38,151.0,4.270879085535588,142,160,0.0,0.0,0.0,50,0,0,0,10,0.0,zero,unstable
hybrid,morgan_bit_0085,morgan_bit,10,50,0,0.0,0,0.0,0,0.0,152.38,152.0,4.270879085535588,143,161,0.0,0.0,0.0,50,0,0,0,10,0.0,zero,unstable
hybrid,morgan_bit_0086,morgan_bit,10,50,0,0.0,0,0.0,0,0.0,153.38,153.0,4.270879085535588,144,162,0.0,0.0,0.0,50,0,0,0,10,0.0,zero,unstable
hybrid,morgan_bit_0087,morgan_bit,10,50,0,0.0,0,0.0,0,0.0,154.38,154.0,4.270879085535588,145,163,0.0,0.0,0.0,50,0,0,0,10,0.0,zero,unstable
hybrid,morgan_bit_0088,morgan_bit,10,50,0,0.0,0,0.0,0,0.0,155.38,155.0,4.270879085535588,146,164,0.0,0.0,0.0,50,0,0,0,10,0.0,zero,unstable
hybrid,morgan_bit_0089,morgan_bit,10,50,0,0.0,0,0.0,0,0.0,156.38,156.0,4.270879085535588,147,165,0.0,0.0,0.0,50,0,0,0,10,0.0,zero,unstable
hybrid,morgan_bit_0090,morgan_bit,10,50,0,0.0,0,0.0,0,0.0,157.38,157.0,4.270879085535588,148,166,0.0,0.0,0.0,50,0,0,0,10,0.0,zero,unstable
hybrid,morgan_bit_0091,morgan_bit,10,50,0,0.0,0,0.0,0,0.0,142.52,158.0,34.06071409847362,58,167,0.0006213080277963827,0.0018841228974138741,-0.00024303992528484857,41,7,0,7,3,1.0,negative,unstable
hybrid,morgan_bit_0092,morgan_bit,10,50,0,0.0,0,0.0,0,0.0,159.2,159.0,4.247448213519572,150,168,0.0,0.0,0.0,50,0,0,0,10,0.0,zero,unstable
hybrid,morgan_bit_0093,morgan_bit,10,50,0,0.0,0,0.0,0,0.0,160.2,160.0,4.247448213519572,151,169,0.0,0.0,0.0,50,0,0,0,10,0.0,zero,unstable
hybrid,morgan_bit_0094,morgan_bit,10,50,0,0.0,0,0.0,0,0.0,161.2,161.0,4.247448213519572,152,170,0.0,0.0,0.0,50,0,0,0,10,0.0,zero,unstable
hybrid,morgan_bit_0095,morgan_bit,10,50,0,0.0,0,0.0,0,0.0,162.2,162.0,4.247448213519572,153,171,0.0,0.0,0.0,50,0,0,0,10,0.0,zero,unstable
hybrid,morgan_bit_0096,morgan_bit,10,50,0,0.0,0,0.0,0,0.0,163.2,163.0,4.247448213519572,154,172,0.0,0.0,0.0,50,0,0,0,10,0.0,zero,unstable
hybrid,morgan_bit_0097,morgan_bit,10,50,0,0.0,0,0.0,0,0.0,164.2,164.0,4.247448213519572,155,173,0.0,0.0,0.0,50,0,0,0,10,0.0,zero,unstable
hybrid,morgan_bit_0098,morgan_bit,10,50,0,0.0,0,0.0,0,0.0,163.36,165.0,14.11868063443404,70,174,2.399310594950471e-05,0.00016965687918622078,9.657660459898078e-06,49,1,1,0,9,1.0,positive,unstable
hybrid,morgan_bit_0099,morgan_bit,10,50,0,0.0,0,0.0,0,0.0,166.18,166.0,4.265141096309543,157,175,0.0,0.0,0.0,50,0,0,0,10,0.0,zero,unstable
hybrid,morgan_bit_0100,morgan_bit,10,50,0,0.0,0,0.0,0,0.0,167.18,167.0,4.265141096309543,158,176,0.0,0.0,0.0,50,0,0,0,10,0.0,zero,unstable
hybrid,morgan_bit_0101,morgan_bit,10,50,0,0.0,0,0.0,0,0.0,168.18,168.0,4.265141096309543,159,177,0.0,0.0,0.0,50,0,0,0,10,0.0,zero,unstable
hybrid,morgan_bit_0102,morgan_bit,10,50,0,0.0,0,0.0,0,0.0,169.18,169.0,4.265141096309543,160,178,0.0,0.0,0.0,50,0,0,0,10,0.0,zero,unstable
hybrid,morgan_bit_0103,morgan_bit,10,50,0,0.0,0,0.0,0,0.0,170.18,170.0,4.265141096309543,161,179,0.0,0.0,0.0,50,0,0,0,10,0.0,zero,unstable
hybrid,morgan_bit_0104,morgan_bit,10,50,0,0.0,0,0.0,0,0.0,171.18,171.0,4.265141096309543,162,180,0.0,0.0,0.0,50,0,0,0,10,0.0,zero,unstable
hybrid,morgan_bit_0105,morgan_bit,10,50,0,0.0,0,0.0,0,0.0,172.18,172.0,4.265141096309543,163,181,0.0,0.0,0.0,50,0,0,0,10,0.0,zero,unstable
hybrid,morgan_bit_0106,morgan_bit,10,50,0,0.0,0,0.0,0,0.0,173.18,173.0,4.265141096309543,164,182,0.0,0.0,0.0,50,0,0,0,10,0.0,zero,unstable
hybrid,morgan_bit_0107,morgan_bit,10,50,0,0.0,0,0.0,0,0.0,174.18,174.0,4.265141096309543,165,183,0.0,0.0,0.0,50,0,0,0,10,0.0,zero,unstable
hybrid,morgan_bit_0108,morgan_bit,10,50,0,0.0,0,0.0,0,0.0,175.18,175.0,4.265141096309543,166,184,0.0,0.0,0.0,50,0,0,0,10,0.0,zero,unstable
hybrid,morgan_bit_0109,morgan_bit,10,50,0,0.0,0,0.0,0,0.0,176.18,176.0,4.265141096309543,167,185,0.0,0.0,0.0,50,0,0,0,10,0.0,zero,unstable
hybrid,morgan_bit_0110,morgan_bit,10,50,0,0.0,0,0.0,0,0.0,100.64,65.0,63.40628952257345,22,183,0.023143913654065713,0.04091744602637453,-0.0026189316344685898,20,10,0,10,0,1.0,negative,unstable
hybrid,morgan_bit_0111,morgan_bit,10,50,0,0.0,0,0.0,0,0.0,177.58,178.0,4.214116219351821,168,186,0.0,0.0,0.0,50,0,0,0,10,0.0,zero,unstable
hybrid,morgan_bit_0112,morgan_bit,10,50,0,0.0,0,0.0,0,0.0,178.58,179.0,4.214116219351821,169,187,0.0,0.0,0.0,50,0,0,0,10,0.0,zero,unstable
hybrid,morgan_bit_0113,morgan_bit,10,50,0,0.0,0,0.0,0,0.0,179.58,180.0,4.214116219351821,170,188,0.0,0.0,0.0,50,0,0,0,10,0.0,zero,unstable
hybrid,morgan_bit_0114,morgan_bit,10,50,4,0.08,35,0.7,47,0.94,9.08,7.0,5.017683016805949,2,24,0.9071836946080913,0.39623250090232476,-0.03310226564619002,0,10,0,10,0,1.0,negative,unstable
hybrid,morgan_bit_0115,morgan_bit,10,50,0,0.0,0,0.0,0,0.0,176.16,180.5,21.587373482606704,69,189,7.759361708679612e-05,0.00043453423714063545,-2.746526597460094e-05,48,2,0,2,8,1.0,negative,unstable
hybrid,morgan_bit_0116,morgan_bit,10,50,0,0.0,0,0.0,0,0.0,177.18,182.0,22.38229074012556,70,190,3.607301442186978e-05,0.00017906025103386176,-1.6081188886948963e-05,48,2,0,2,8,1.0,negative,unstable
hybrid,morgan_bit_0117,morgan_bit,10,50,0,0.0,0,0.0,0,0.0,182.5,183.0,4.210046293797536,173,191,0.0,0.0,0.0,50,0,0,0,10,0.0,zero,unstable
hybrid,morgan_bit_0118,morgan_bit,10,50,0,0.0,0,0.0,0,0.0,183.5,184.0,4.210046293797536,174,192,0.0,0.0,0.0,50,0,0,0,10,0.0,zero,unstable
hybrid,morgan_bit_0119,morgan_bit,10,50,0,0.0,0,0.0,1,0.02,125.1,180.5,72.7122508836814,12,192,0.037139115138182445,0.08197663330964526,-0.0018448919723172124,30,10,1,9,0,0.9,negative,unstable
hybrid,morgan_bit_0120,morgan_bit,10,50,0,0.0,0,0.0,0,0.0,185.1,185.0,4.1069875747043,175,193,0.0,0.0,0.0,50,0,0,0,10,0.0,zero,unstable
hybrid,morgan_bit_0121,morgan_bit,10,50,0,0.0,0,0.0,0,0.0,186.1,186.0,4.1069875747043,176,194,0.0,0.0,0.0,50,0,0,0,10,0.0,zero,unstable
hybrid,morgan_bit_0122,morgan_bit,10,50,0,0.0,0,0.0,0,0.0,187.1,187.0,4.1069875747043,177,195,0.0,0.0,0.0,50,0,0,0,10,0.0,zero,unstable
hybrid,morgan_bit_0123,morgan_bit,10,50,0,0.0,0,0.0,0,0.0,188.1,188.0,4.1069875747043,178,196,0.0,0.0,0.0,50,0,0,0,10,0.0,zero,unstable
hybrid,morgan_bit_0124,morgan_bit,10,50,0,0.0,0,0.0,0,0.0,189.1,189.0,4.1069875747043,179,197,0.0,0.0,0.0,50,0,0,0,10,0.0,zero,unstable
hybrid,morgan_bit_0125,morgan_bit,10,50,0,0.0,0,0.0,0,0.0,190.1,190.0,4.1069875747043,180,198,0.0,0.0,0.0,50,0,0,0,10,0.0,zero,unstable
hybrid,morgan_bit_0126,morgan_bit,10,50,0,0.0,0,0.0,24,0.48,54.0,21.0,68.39262402049042,16,196,0.23215345486222413,0.12135223408491522,-0.027888244271847423,10,10,0,10,0,1.0,negative,unstable
hybrid,morgan_bit_0127,morgan_bit,10,50,0,0.0,0,0.0,0,0.0,191.3,191.5,4.036820328841369,182,199,0.0,0.0,0.0,50,0,0,0,10,0.0,zero,unstable
hybrid,morgan_bit_0128,morgan_bit,10,50,0,0.0,0,0.0,0,0.0,192.3,192.5,4.036820328841369,183,200,0.0,0.0,0.0,50,0,0,0,10,0.0,zero,unstable
hybrid,morgan_bit_0129,morgan_bit,10,50,0,0.0,0,0.0,0,0.0,193.3,193.5,4.036820328841369,184,201,0.0,0.0,0.0,50,0,0,0,10,0.0,zero,unstable
hybrid,morgan_bit_0130,morgan_bit,10,50,0,0.0,0,0.0,0,0.0,194.3,194.5,4.036820328841369,185,202,0.0,0.0,0.0,50,0,0,0,10,0.0,zero,unstable
hybrid,morgan_bit_0131,morgan_bit,10,50,0,0.0,0,0.0,0,0.0,195.3,195.5,4.036820328841369,186,203,0.0,0.0,0.0,50,0,0,0,10,0.0,zero,unstable
hybrid,morgan_bit_0132,morgan_bit,10,50,0,0.0,0,0.0,0,0.0,196.3,196.5,4.036820328841369,187,204,0.0,0.0,0.0,50,0,0,0,10,0.0,zero,unstable
hybrid,morgan_bit_0133,morgan_bit,10,50,0,0.0,0,0.0,0,0.0,197.3,197.5,4.036820328841369,188,205,0.0,0.0,0.0,50,0,0,0,10,0.0,zero,unstable
hybrid,morgan_bit_0134,morgan_bit,10,50,0,0.0,0,0.0,0,0.0,198.3,198.5,4.036820328841369,189,206,0.0,0.0,0.0,50,0,0,0,10,0.0,zero,unstable
hybrid,morgan_bit_0135,morgan_bit,10,50,0,0.0,0,0.0,0,0.0,199.3,199.5,4.036820328841369,190,207,0.0,0.0,0.0,50,0,0,0,10,0.0,zero,unstable
hybrid,morgan_bit_0136,morgan_bit,10,50,0,0.0,1,0.02,16,0.32,46.62,25.0,57.4768418316349,9,201,0.1869482523774125,0.13489278877156224,0.012085924818189762,6,10,10,0,0,1.0,positive,unstable
hybrid,morgan_bit_0137,morgan_bit,10,50,0,0.0,0,0.0,0,0.0,200.42,201.0,4.000459157320289,191,208,0.0,0.0,0.0,50,0,0,0,10,0.0,zero,unstable
hybrid,morgan_bit_0138,morgan_bit,10,50,0,0.0,0,0.0,0,0.0,201.42,202.0,4.000459157320289,192,209,0.0,0.0,0.0,50,0,0,0,10,0.0,zero,unstable
hybrid,morgan_bit_0139,morgan_bit,10,50,0,0.0,0,0.0,0,0.0,202.42,203.0,4.000459157320289,193,210,0.0,0.0,0.0,50,0,0,0,10,0.0,zero,unstable
hybrid,morgan_bit_0140,morgan_bit,10,50,0,0.0,0,0.0,0,0.0,203.42,204.0,4.000459157320289,194,211,0.0,0.0,0.0,50,0,0,0,10,0.0,zero,unstable
hybrid,morgan_bit_0141,morgan_bit,10,50,0,0.0,0,0.0,0,0.0,204.42,205.0,4.000459157320289,195,212,0.0,0.0,0.0,50,0,0,0,10,0.0,zero,unstable
hybrid,morgan_bit_0142,morgan_bit,10,50,0,0.0,0,0.0,0,0.0,205.42,206.0,4.000459157320289,196,213,0.0,0.0,0.0,50,0,0,0,10,0.0,zero,unstable
hybrid,morgan_bit_0143,morgan_bit,10,50,0,0.0,0,0.0,0,0.0,206.42,207.0,4.000459157320289,197,214,0.0,0.0,0.0,50,0,0,0,10,0.0,zero,unstable
hybrid,morgan_bit_0144,morgan_bit,10,50,0,0.0,0,0.0,0,0.0,207.42,208.0,4.000459157320289,198,215,0.0,0.0,0.0,50,0,0,0,10,0.0,zero,unstable
hybrid,morgan_bit_0145,morgan_bit,10,50,0,0.0,0,0.0,0,0.0,208.42,209.0,4.000459157320289,199,216,0.0,0.0,0.0,50,0,0,0,10,0.0,zero,unstable
hybrid,morgan_bit_0146,morgan_bit,10,50,0,0.0,0,0.0,0,0.0,209.42,210.0,4.000459157320289,200,217,0.0,0.0,0.0,50,0,0,0,10,0.0,zero,unstable
hybrid,morgan_bit_0147,morgan_bit,10,50,0,0.0,0,0.0,0,0.0,162.22,208.5,74.87575831785257,34,218,0.009490523601386504,0.0208782463684746,0.0005355700174088731,35,10,10,0,0,1.0,positive,unstable
hybrid,morgan_bit_0148,morgan_bit,10,50,0,0.0,0,0.0,0,0.0,211.12,211.0,4.038791494332664,202,219,0.0,0.0,0.0,50,0,0,0,10,0.0,zero,unstable
hybrid,morgan_bit_0149,morgan_bit,10,50,0,0.0,0,0.0,0,0.0,212.12,212.0,4.038791494332664,203,220,0.0,0.0,0.0,50,0,0,0,10,0.0,zero,unstable
hybrid,morgan_bit_0150,morgan_bit,10,50,0,0.0,0,0.0,0,0.0,213.12,213.0,4.038791494332664,204,221,0.0,0.0,0.0,50,0,0,0,10,0.0,zero,unstable
hybrid,morgan_bit_0151,morgan_bit,10,50,0,0.0,0,0.0,0,0.0,214.12,214.0,4.038791494332664,205,222,0.0,0.0,0.0,50,0,0,0,10,0.0,zero,unstable
hybrid,morgan_bit_0152,morgan_bit,10,50,0,0.0,0,0.0,0,0.0,215.12,215.0,4.038791494332664,206,223,0.0,0.0,0.0,50,0,0,0,10,0.0,zero,unstable
hybrid,morgan_bit_0153,morgan_bit,10,50,0,0.0,0,0.0,0,0.0,216.12,216.0,4.038791494332664,207,224,0.0,0.0,0.0,50,0,0,0,10,0.0,zero,unstable
hybrid,morgan_bit_0154,morgan_bit,10,50,0,0.0,0,0.0,0,0.0,217.12,217.0,4.038791494332664,208,225,0.0,0.0,0.0,50,0,0,0,10,0.0,zero,unstable
hybrid,morgan_bit_0155,morgan_bit,10,50,0,0.0,0,0.0,0,0.0,218.12,218.0,4.038791494332664,209,226,0.0,0.0,0.0,50,0,0,0,10,0.0,zero,unstable
hybrid,morgan_bit_0156,morgan_bit,10,50,0,0.0,0,0.0,0,0.0,219.12,219.0,4.038791494332664,210,227,0.0,0.0,0.0,50,0,0,0,10,0.0,zero,unstable
hybrid,morgan_bit_0157,morgan_bit,10,50,0,0.0,0,0.0,0,0.0,220.12,220.0,4.038791494332664,211,228,0.0,0.0,0.0,50,0,0,0,10,0.0,zero,unstable
hybrid,morgan_bit_0158,morgan_bit,10,50,0,0.0,0,0.0,0,0.0,221.12,221.0,4.038791494332664,212,229,0.0,0.0,0.0,50,0,0,0,10,0.0,zero,unstable
hybrid,morgan_bit_0159,morgan_bit,10,50,0,0.0,0,0.0,0,0.0,222.12,222.0,4.038791494332664,213,230,0.0,0.0,0.0,50,0,0,0,10,0.0,zero,unstable
hybrid,morgan_bit_0160,morgan_bit,10,50,0,0.0,0,0.0,0,0.0,223.12,223.0,4.038791494332664,214,231,0.0,0.0,0.0,50,0,0,0,10,0.0,zero,unstable
hybrid,morgan_bit_0161,morgan_bit,10,50,0,0.0,0,0.0,0,0.0,224.12,224.0,4.038791494332664,215,232,0.0,0.0,0.0,50,0,0,0,10,0.0,zero,unstable
hybrid,morgan_bit_0162,morgan_bit,10,50,0,0.0,0,0.0,0,0.0,225.12,225.0,4.038791494332664,216,233,0.0,0.0,0.0,50,0,0,0,10,0.0,zero,unstable
hybrid,morgan_bit_0163,morgan_bit,10,50,0,0.0,0,0.0,0,0.0,226.12,226.0,4.038791494332664,217,234,0.0,0.0,0.0,50,0,0,0,10,0.0,zero,unstable
hybrid,morgan_bit_0164,morgan_bit,10,50,0,0.0,0,0.0,0,0.0,227.12,227.0,4.038791494332664,218,235,0.0,0.0,0.0,50,0,0,0,10,0.0,zero,unstable
hybrid,morgan_bit_0165,morgan_bit,10,50,0,0.0,0,0.0,0,0.0,228.12,228.0,4.038791494332664,219,236,0.0,0.0,0.0,50,0,0,0,10,0.0,zero,unstable
hybrid,morgan_bit_0166,morgan_bit,10,50,0,0.0,0,0.0,0,0.0,229.12,229.0,4.038791494332664,220,237,0.0,0.0,0.0,50,0,0,0,10,0.0,zero,unstable
hybrid,morgan_bit_0167,morgan_bit,10,50,0,0.0,0,0.0,0,0.0,230.12,230.0,4.038791494332664,221,238,0.0,0.0,0.0,50,0,0,0,10,0.0,zero,unstable
hybrid,morgan_bit_0168,morgan_bit,10,50,0,0.0,0,0.0,0,0.0,231.12,231.0,4.038791494332664,222,239,0.0,0.0,0.0,50,0,0,0,10,0.0,zero,unstable
hybrid,morgan_bit_0169,morgan_bit,10,50,0,0.0,0,0.0,0,0.0,232.12,232.0,4.038791494332664,223,240,0.0,0.0,0.0,50,0,0,0,10,0.0,zero,unstable
hybrid,morgan_bit_0170,morgan_bit,10,50,0,0.0,0,0.0,0,0.0,233.12,233.0,4.038791494332664,224,241,0.0,0.0,0.0,50,0,0,0,10,0.0,zero,unstable
hybrid,morgan_bit_0171,morgan_bit,10,50,0,0.0,0,0.0,0,0.0,234.12,234.0,4.038791494332664,225,242,0.0,0.0,0.0,50,0,0,0,10,0.0,zero,unstable
hybrid,morgan_bit_0172,morgan_bit,10,50,0,0.0,0,0.0,0,0.0,235.12,235.0,4.038791494332664,226,243,0.0,0.0,0.0,50,0,0,0,10,0.0,zero,unstable
hybrid,morgan_bit_0173,morgan_bit,10,50,0,0.0,0,0.0,0,0.0,236.12,236.0,4.038791494332664,227,244,0.0,0.0,0.0,50,0,0,0,10,0.0,zero,unstable
hybrid,morgan_bit_0174,morgan_bit,10,50,0,0.0,0,0.0,0,0.0,237.12,237.0,4.038791494332664,228,245,0.0,0.0,0.0,50,0,0,0,10,0.0,zero,unstable
hybrid,morgan_bit_0175,morgan_bit,10,50,0,0.0,0,0.0,0,0.0,238.12,238.0,4.038791494332664,229,246,0.0,0.0,0.0,50,0,0,0,10,0.0,zero,unstable
hybrid,morgan_bit_0176,morgan_bit,10,50,0,0.0,0,0.0,0,0.0,239.12,239.0,4.038791494332664,230,247,0.0,0.0,0.0,50,0,0,0,10,0.0,zero,unstable
hybrid,morgan_bit_0177,morgan_bit,10,50,0,0.0,0,0.0,0,0.0,240.12,240.0,4.038791494332664,231,248,0.0,0.0,0.0,50,0,0,0,10,0.0,zero,unstable
hybrid,morgan_bit_0178,morgan_bit,10,50,0,0.0,0,0.0,0,0.0,241.12,241.0,4.038791494332664,232,249,0.0,0.0,0.0,50,0,0,0,10,0.0,zero,unstable
hybrid,morgan_bit_0179,morgan_bit,10,50,0,0.0,0,0.0,0,0.0,242.12,242.0,4.038791494332664,233,250,0.0,0.0,0.0,50,0,0,0,10,0.0,zero,unstable
hybrid,morgan_bit_0180,morgan_bit,10,50,0,0.0,0,0.0,0,0.0,243.12,243.0,4.038791494332664,234,251,0.0,0.0,0.0,50,0,0,0,10,0.0,zero,unstable
hybrid,morgan_bit_0181,morgan_bit,10,50,0,0.0,0,0.0,0,0.0,244.12,244.0,4.038791494332664,235,252,0.0,0.0,0.0,50,0,0,0,10,0.0,zero,unstable
hybrid,morgan_bit_0182,morgan_bit,10,50,0,0.0,0,0.0,0,0.0,227.56,245.0,53.27332678685249,69,253,0.00019708226778852647,0.000624913075314622,-1.5977402276218667e-05,45,4,1,3,6,0.75,negative,unstable
hybrid,morgan_bit_0183,morgan_bit,10,50,0,0.0,0,0.0,0,0.0,246.02,246.0,4.043084294476792,237,254,0.0,0.0,0.0,50,0,0,0,10,0.0,zero,unstable
hybrid,morgan_bit_0184,morgan_bit,10,50,0,0.0,0,0.0,0,0.0,247.02,247.0,4.043084294476792,238,255,0.0,0.0,0.0,50,0,0,0,10,0.0,zero,unstable
hybrid,morgan_bit_0185,morgan_bit,10,50,0,0.0,0,0.0,0,0.0,248.02,248.0,4.043084294476792,239,256,0.0,0.0,0.0,50,0,0,0,10,0.0,zero,unstable
hybrid,morgan_bit_0186,morgan_bit,10,50,0,0.0,0,0.0,0,0.0,249.02,249.0,4.043084294476792,240,257,0.0,0.0,0.0,50,0,0,0,10,0.0,zero,unstable
hybrid,morgan_bit_0187,morgan_bit,10,50,0,0.0,0,0.0,0,0.0,250.02,250.0,4.043084294476792,241,258,0.0,0.0,0.0,50,0,0,0,10,0.0,zero,unstable
hybrid,morgan_bit_0188,morgan_bit,10,50,0,0.0,0,0.0,0,0.0,251.02,251.0,4.043084294476792,242,259,0.0,0.0,0.0,50,0,0,0,10,0.0,zero,unstable
hybrid,morgan_bit_0189,morgan_bit,10,50,0,0.0,0,0.0,0,0.0,252.02,252.0,4.043084294476792,243,260,0.0,0.0,0.0,50,0,0,0,10,0.0,zero,unstable
hybrid,morgan_bit_0190,morgan_bit,10,50,0,0.0,0,0.0,0,0.0,253.02,253.0,4.043084294476792,244,261,0.0,0.0,0.0,50,0,0,0,10,0.0,zero,unstable
hybrid,morgan_bit_0191,morgan_bit,10,50,0,0.0,0,0.0,0,0.0,238.5,254.0,53.48097124879358,54,262,0.0007215906718142626,0.0026057568679705096,0.00037581039203836555,46,4,4,0,6,1.0,positive,unstable
hybrid,morgan_bit_0192,morgan_bit,10,50,0,0.0,0,0.0,0,0.0,221.64,254.0,72.52241314354663,61,263,0.00056098955647528,0.0014951484919818313,0.00029436390474539716,41,7,7,0,3,1.0,positive,unstable
hybrid,morgan_bit_0193,morgan_bit,10,50,0,0.0,0,0.0,39,0.78,65.16,18.0,97.736288249638,12,264,0.28934588946493156,0.14944498525796668,-0.033307452654069564,10,10,0,10,0,1.0,negative,unstable
hybrid,morgan_bit_0194,morgan_bit,10,50,0,0.0,0,0.0,0,0.0,255.96,256.0,4.295037478157264,247,265,0.0,0.0,0.0,50,0,0,0,10,0.0,zero,unstable
hybrid,morgan_bit_0195,morgan_bit,10,50,0,0.0,0,0.0,0,0.0,256.96,257.0,4.295037478157264,248,266,0.0,0.0,0.0,50,0,0,0,10,0.0,zero,unstable
hybrid,morgan_bit_0196,morgan_bit,10,50,0,0.0,0,0.0,0,0.0,257.96,258.0,4.295037478157264,249,267,0.0,0.0,0.0,50,0,0,0,10,0.0,zero,unstable
hybrid,morgan_bit_0197,morgan_bit,10,50,0,0.0,0,0.0,0,0.0,258.96,259.0,4.295037478157264,250,268,0.0,0.0,0.0,50,0,0,0,10,0.0,zero,unstable
hybrid,morgan_bit_0198,morgan_bit,10,50,0,0.0,0,0.0,0,0.0,259.96,260.0,4.295037478157264,251,269,0.0,0.0,0.0,50,0,0,0,10,0.0,zero,unstable
hybrid,morgan_bit_0199,morgan_bit,10,50,0,0.0,0,0.0,0,0.0,260.96,261.0,4.295037478157264,252,270,0.0,0.0,0.0,50,0,0,0,10,0.0,zero,unstable
hybrid,morgan_bit_0200,morgan_bit,10,50,0,0.0,0,0.0,0,0.0,261.96,262.0,4.295037478157264,253,271,0.0,0.0,0.0,50,0,0,0,10,0.0,zero,unstable
hybrid,morgan_bit_0201,morgan_bit,10,50,0,0.0,0,0.0,0,0.0,262.96,263.0,4.295037478157264,254,272,0.0,0.0,0.0,50,0,0,0,10,0.0,zero,unstable
hybrid,morgan_bit_0202,morgan_bit,10,50,0,0.0,0,0.0,0,0.0,263.96,264.0,4.295037478157264,255,273,0.0,0.0,0.0,50,0,0,0,10,0.0,zero,unstable
hybrid,morgan_bit_0203,morgan_bit,10,50,0,0.0,0,0.0,0,0.0,264.96,265.0,4.295037478157264,256,274,0.0,0.0,0.0,50,0,0,0,10,0.0,zero,unstable
hybrid,morgan_bit_0204,morgan_bit,10,50,0,0.0,0,0.0,0,0.0,265.96,266.0,4.295037478157264,257,275,0.0,0.0,0.0,50,0,0,0,10,0.0,zero,unstable
hybrid,morgan_bit_0205,morgan_bit,10,50,0,0.0,0,0.0,0,0.0,262.94,267.0,27.42813243696318,75,275,2.305862051043972e-05,0.00016304906927739138,-9.902621182776112e-06,49,1,0,1,9,1.0,negative,unstable
hybrid,morgan_bit_0206,morgan_bit,10,50,0,0.0,0,0.0,0,0.0,267.94,268.0,4.254217595156455,259,276,0.0,0.0,0.0,50,0,0,0,10,0.0,zero,unstable
hybrid,morgan_bit_0207,morgan_bit,10,50,0,0.0,0,0.0,0,0.0,84.64,40.0,92.63770995724391,28,274,0.0457396530005703,0.03220510464085675,-0.004494831965062363,10,10,0,10,0,1.0,negative,unstable
hybrid,morgan_bit_0208,morgan_bit,10,50,0,0.0,0,0.0,0,0.0,269.14,269.0,4.213728776758375,260,277,0.0,0.0,0.0,50,0,0,0,10,0.0,zero,unstable
hybrid,morgan_bit_0209,morgan_bit,10,50,0,0.0,0,0.0,0,0.0,270.14,270.0,4.213728776758375,261,278,0.0,0.0,0.0,50,0,0,0,10,0.0,zero,unstable
hybrid,morgan_bit_0210,morgan_bit,10,50,0,0.0,0,0.0,0,0.0,271.14,271.0,4.213728776758375,262,279,0.0,0.0,0.0,50,0,0,0,10,0.0,zero,unstable
hybrid,morgan_bit_0211,morgan_bit,10,50,0,0.0,0,0.0,0,0.0,272.14,272.0,4.213728776758375,263,280,0.0,0.0,0.0,50,0,0,0,10,0.0,zero,unstable
hybrid,morgan_bit_0212,morgan_bit,10,50,0,0.0,0,0.0,0,0.0,273.14,273.0,4.213728776758375,264,281,0.0,0.0,0.0,50,0,0,0,10,0.0,zero,unstable
hybrid,morgan_bit_0213,morgan_bit,10,50,0,0.0,0,0.0,0,0.0,264.98,274.0,44.23291322358158,43,282,0.0007670161601218381,0.004395654375172629,-0.00019910282466764382,48,2,0,2,8,1.0,negative,unstable
hybrid,morgan_bit_0214,morgan_bit,10,50,0,0.0,0,0.0,0,0.0,275.1,275.0,4.156381864564616,266,283,0.0,0.0,0.0,50,0,0,0,10,0.0,zero,unstable
hybrid,morgan_bit_0215,morgan_bit,10,50,0,0.0,0,0.0,0,0.0,276.1,276.0,4.156381864564616,267,284,0.0,0.0,0.0,50,0,0,0,10,0.0,zero,unstable
hybrid,morgan_bit_0216,morgan_bit,10,50,0,0.0,0,0.0,0,0.0,277.1,277.0,4.156381864564616,268,285,0.0,0.0,0.0,50,0,0,0,10,0.0,zero,unstable
hybrid,morgan_bit_0217,morgan_bit,10,50,0,0.0,0,0.0,0,0.0,278.1,278.0,4.156381864564616,269,286,0.0,0.0,0.0,50,0,0,0,10,0.0,zero,unstable
hybrid,morgan_bit_0218,morgan_bit,10,50,0,0.0,0,0.0,0,0.0,279.1,279.0,4.156381864564616,270,287,0.0,0.0,0.0,50,0,0,0,10,0.0,zero,unstable
hybrid,morgan_bit_0219,morgan_bit,10,50,0,0.0,0,0.0,0,0.0,280.1,280.0,4.156381864564616,271,288,0.0,0.0,0.0,50,0,0,0,10,0.0,zero,unstable
hybrid,morgan_bit_0220,morgan_bit,10,50,0,0.0,0,0.0,0,0.0,281.1,281.0,4.156381864564616,272,289,0.0,0.0,0.0,50,0,0,0,10,0.0,zero,unstable
hybrid,morgan_bit_0221,morgan_bit,10,50,0,0.0,0,0.0,0,0.0,273.66,282.0,41.16101285915881,75,290,0.00011975853034643485,0.0006213638185012445,-3.906367258986376e-05,48,2,0,2,8,1.0,negative,unstable
hybrid,morgan_bit_0222,morgan_bit,10,50,0,0.0,1,0.02,3,0.06,38.74,39.0,11.909197268994948,9,69,0.08824047912005359,0.10834601671068424,0.0012953418770132287,0,10,5,5,0,0.5,zero,unstable
hybrid,morgan_bit_0223,morgan_bit,10,50,0,0.0,0,0.0,0,0.0,283.06,283.0,4.122660127952854,274,291,0.0,0.0,0.0,50,0,0,0,10,0.0,zero,unstable
hybrid,morgan_bit_0224,morgan_bit,10,50,0,0.0,0,0.0,0,0.0,284.06,284.0,4.122660127952854,275,292,0.0,0.0,0.0,50,0,0,0,10,0.0,zero,unstable
hybrid,morgan_bit_0225,morgan_bit,10,50,0,0.0,0,0.0,0,0.0,93.42,50.0,97.33763875483803,24,293,0.041855419128305156,0.05186922263084442,0.0012345129412094074,10,10,7,3,0,0.7,positive,unstable
hybrid,morgan_bit_0226,morgan_bit,10,50,0,0.0,0,0.0,0,0.0,285.26,285.0,4.114732118639471,276,294,0.0,0.0,0.0,50,0,0,0,10,0.0,zero,unstable
hybrid,morgan_bit_0227,morgan_bit,10,50,0,0.0,0,0.0,0,0.0,251.28,285.0,80.59777684684028,60,295,0.0005550632001096447,0.0016757026170376645,-0.00023731282817346331,42,6,3,3,4,0.5,zero,unstable
hybrid,morgan_bit_0228,morgan_bit,10,50,0,0.0,0,0.0,0,0.0,287.1,287.0,4.087062714548562,278,296,0.0,0.0,0.0,50,0,0,0,10,0.0,zero,unstable
hybrid,morgan_bit_0229,morgan_bit,10,50,0,0.0,0,0.0,0,0.0,288.1,288.0,4.087062714548562,279,297,0.0,0.0,0.0,50,0,0,0,10,0.0,zero,unstable
hybrid,morgan_bit_0230,morgan_bit,10,50,0,0.0,0,0.0,0,0.0,289.1,289.0,4.087062714548562,280,298,0.0,0.0,0.0,50,0,0,0,10,0.0,zero,unstable
hybrid,morgan_bit_0231,morgan_bit,10,50,0,0.0,0,0.0,0,0.0,290.1,290.0,4.087062714548562,281,299,0.0,0.0,0.0,50,0,0,0,10,0.0,zero,unstable
hybrid,morgan_bit_0232,morgan_bit,10,50,0,0.0,0,0.0,0,0.0,291.1,291.0,4.087062714548562,282,300,0.0,0.0,0.0,50,0,0,0,10,0.0,zero,unstable
hybrid,morgan_bit_0233,morgan_bit,10,50,0,0.0,0,0.0,0,0.0,292.1,292.0,4.087062714548562,283,301,0.0,0.0,0.0,50,0,0,0,10,0.0,zero,unstable
hybrid,morgan_bit_0234,morgan_bit,10,50,0,0.0,0,0.0,0,0.0,293.1,293.0,4.087062714548562,284,302,0.0,0.0,0.0,50,0,0,0,10,0.0,zero,unstable
hybrid,morgan_bit_0235,morgan_bit,10,50,0,0.0,0,0.0,0,0.0,294.1,294.0,4.087062714548562,285,303,0.0,0.0,0.0,50,0,0,0,10,0.0,zero,unstable
hybrid,morgan_bit_0236,morgan_bit,10,50,0,0.0,0,0.0,0,0.0,295.1,295.0,4.087062714548562,286,304,0.0,0.0,0.0,50,0,0,0,10,0.0,zero,unstable
hybrid,morgan_bit_0237,morgan_bit,10,50,0,0.0,0,0.0,0,0.0,296.1,296.0,4.087062714548562,287,305,0.0,0.0,0.0,50,0,0,0,10,0.0,zero,unstable
hybrid,morgan_bit_0238,morgan_bit,10,50,0,0.0,0,0.0,0,0.0,297.1,297.0,4.087062714548562,288,306,0.0,0.0,0.0,50,0,0,0,10,0.0,zero,unstable
hybrid,morgan_bit_0239,morgan_bit,10,50,0,0.0,0,0.0,0,0.0,298.1,298.0,4.087062714548562,289,307,0.0,0.0,0.0,50,0,0,0,10,0.0,zero,unstable
hybrid,morgan_bit_0240,morgan_bit,10,50,0,0.0,0,0.0,0,0.0,299.1,299.0,4.087062714548562,290,308,0.0,0.0,0.0,50,0,0,0,10,0.0,zero,unstable
hybrid,morgan_bit_0241,morgan_bit,10,50,0,0.0,0,0.0,0,0.0,290.86,300.0,45.72678846883378,67,309,0.00013267554484571522,0.000661722445864305,-1.2424522677791285e-05,48,2,1,1,8,0.5,zero,unstable
hybrid,morgan_bit_0242,morgan_bit,10,50,0,0.0,0,0.0,0,0.0,301.06,301.0,4.082866140148039,292,310,0.0,0.0,0.0,50,0,0,0,10,0.0,zero,unstable
hybrid,morgan_bit_0243,morgan_bit,10,50,0,0.0,0,0.0,0,0.0,302.06,302.0,4.082866140148039,293,311,0.0,0.0,0.0,50,0,0,0,10,0.0,zero,unstable
hybrid,morgan_bit_0244,morgan_bit,10,50,0,0.0,0,0.0,1,0.02,167.44,69.0,131.59215906174126,13,309,0.04002321539836529,0.07652552310647164,0.0015040393690494585,24,10,7,3,0,0.7,positive,unstable
hybrid,morgan_bit_0245,morgan_bit,10,50,0,0.0,0,0.0,0,0.0,298.44,303.0,37.07530120152328,43,312,0.0005214288777297537,0.0036870589534919998,8.67401482678072e-05,49,1,1,0,9,1.0,positive,unstable
hybrid,morgan_bit_0246,morgan_bit,10,50,0,0.0,0,0.0,0,0.0,304.52,304.0,4.082016308499655,296,313,0.0,0.0,0.0,50,0,0,0,10,0.0,zero,unstable
hybrid,morgan_bit_0247,morgan_bit,10,50,0,0.0,0,0.0,0,0.0,305.52,305.0,4.082016308499655,297,314,0.0,0.0,0.0,50,0,0,0,10,0.0,zero,unstable
hybrid,morgan_bit_0248,morgan_bit,10,50,0,0.0,0,0.0,0,0.0,306.52,306.0,4.082016308499655,298,315,0.0,0.0,0.0,50,0,0,0,10,0.0,zero,unstable
hybrid,morgan_bit_0249,morgan_bit,10,50,0,0.0,0,0.0,0,0.0,249.24,305.0,104.79300490753674,53,316,0.0012259148353091168,0.0025992787427199606,-0.0006765767208304045,38,9,0,9,1,1.0,negative,unstable
hybrid,morgan_bit_0250,morgan_bit,10,50,0,0.0,0,0.0,0,0.0,308.28,308.0,4.09599107141884,300,317,0.0,0.0,0.0,50,0,0,0,10,0.0,zero,unstable
hybrid,morgan_bit_0251,morgan_bit,10,50,0,0.0,0,0.0,0,0.0,309.28,309.0,4.09599107141884,301,318,0.0,0.0,0.0,50,0,0,0,10,0.0,zero,unstable
hybrid,morgan_bit_0252,morgan_bit,10,50,0,0.0,0,0.0,0,0.0,310.28,310.0,4.09599107141884,302,319,0.0,0.0,0.0,50,0,0,0,10,0.0,zero,unstable
hybrid,morgan_bit_0253,morgan_bit,10,50,0,0.0,0,0.0,0,0.0,311.28,311.0,4.09599107141884,303,320,0.0,0.0,0.0,50,0,0,0,10,0.0,zero,unstable
hybrid,morgan_bit_0254,morgan_bit,10,50,0,0.0,0,0.0,0,0.0,312.28,312.0,4.09599107141884,304,321,0.0,0.0,0.0,50,0,0,0,10,0.0,zero,unstable
hybrid,morgan_bit_0255,morgan_bit,10,50,0,0.0,0,0.0,0,0.0,313.28,313.0,4.09599107141884,305,322,0.0,0.0,0.0,50,0,0,0,10,0.0,zero,unstable
hybrid,morgan_bit_0256,morgan_bit,10,50,0,0.0,0,0.0,0,0.0,276.2,313.0,94.36965960021911,31,321,0.005631986099234674,0.01804381448606687,-0.00011433230424825837,43,6,1,5,4,0.8333333333333334,negative,unstable
hybrid,morgan_bit_0257,morgan_bit,10,50,0,0.0,0,0.0,0,0.0,315.14,315.0,4.0153277752703005,307,323,0.0,0.0,0.0,50,0,0,0,10,0.0,zero,unstable
hybrid,morgan_bit_0258,morgan_bit,10,50,0,0.0,0,0.0,0,0.0,316.14,316.0,4.0153277752703005,308,324,0.0,0.0,0.0,50,0,0,0,10,0.0,zero,unstable
hybrid,morgan_bit_0259,morgan_bit,10,50,0,0.0,0,0.0,0,0.0,317.14,317.0,4.0153277752703005,309,325,0.0,0.0,0.0,50,0,0,0,10,0.0,zero,unstable
hybrid,morgan_bit_0260,morgan_bit,10,50,0,0.0,0,0.0,0,0.0,318.14,318.0,4.0153277752703005,310,326,0.0,0.0,0.0,50,0,0,0,10,0.0,zero,unstable
hybrid,morgan_bit_0261,morgan_bit,10,50,0,0.0,0,0.0,0,0.0,319.14,319.0,4.0153277752703005,311,327,0.0,0.0,0.0,50,0,0,0,10,0.0,zero,unstable
hybrid,morgan_bit_0262,morgan_bit,10,50,0,0.0,0,0.0,0,0.0,320.14,320.0,4.0153277752703005,312,328,0.0,0.0,0.0,50,0,0,0,10,0.0,zero,unstable
hybrid,morgan_bit_0263,morgan_bit,10,50,0,0.0,0,0.0,0,0.0,321.14,321.0,4.0153277752703005,313,329,0.0,0.0,0.0,50,0,0,0,10,0.0,zero,unstable
hybrid,morgan_bit_0264,morgan_bit,10,50,0,0.0,0,0.0,0,0.0,322.14,322.0,4.0153277752703005,314,330,0.0,0.0,0.0,50,0,0,0,10,0.0,zero,unstable
hybrid,morgan_bit_0265,morgan_bit,10,50,0,0.0,0,0.0,0,0.0,323.14,323.0,4.0153277752703005,315,331,0.0,0.0,0.0,50,0,0,0,10,0.0,zero,unstable
hybrid,morgan_bit_0266,morgan_bit,10,50,0,0.0,0,0.0,0,0.0,324.14,324.0,4.0153277752703005,316,332,0.0,0.0,0.0,50,0,0,0,10,0.0,zero,unstable
hybrid,morgan_bit_0267,morgan_bit,10,50,0,0.0,0,0.0,0,0.0,325.14,325.0,4.0153277752703005,317,333,0.0,0.0,0.0,50,0,0,0,10,0.0,zero,unstable
hybrid,morgan_bit_0268,morgan_bit,10,50,0,0.0,0,0.0,0,0.0,326.14,326.0,4.0153277752703005,318,334,0.0,0.0,0.0,50,0,0,0,10,0.0,zero,unstable
hybrid,morgan_bit_0269,morgan_bit,10,50,0,0.0,0,0.0,0,0.0,327.14,327.0,4.0153277752703005,319,335,0.0,0.0,0.0,50,0,0,0,10,0.0,zero,unstable
hybrid,morgan_bit_0270,morgan_bit,10,50,0,0.0,0,0.0,0,0.0,328.14,328.0,4.0153277752703005,320,336,0.0,0.0,0.0,50,0,0,0,10,0.0,zero,unstable
hybrid,morgan_bit_0271,morgan_bit,10,50,0,0.0,0,0.0,0,0.0,329.14,329.0,4.0153277752703005,321,337,0.0,0.0,0.0,50,0,0,0,10,0.0,zero,unstable
hybrid,morgan_bit_0272,morgan_bit,10,50,0,0.0,0,0.0,0,0.0,330.14,330.0,4.0153277752703005,322,338,0.0,0.0,0.0,50,0,0,0,10,0.0,zero,unstable
hybrid,morgan_bit_0273,morgan_bit,10,50,0,0.0,0,0.0,0,0.0,331.14,331.0,4.0153277752703005,323,339,0.0,0.0,0.0,50,0,0,0,10,0.0,zero,unstable
hybrid,morgan_bit_0274,morgan_bit,10,50,0,0.0,0,0.0,0,0.0,332.14,332.0,4.0153277752703005,324,340,0.0,0.0,0.0,50,0,0,0,10,0.0,zero,unstable
hybrid,morgan_bit_0275,morgan_bit,10,50,0,0.0,0,0.0,0,0.0,333.14,333.0,4.0153277752703005,325,341,0.0,0.0,0.0,50,0,0,0,10,0.0,zero,unstable
hybrid,morgan_bit_0276,morgan_bit,10,50,0,0.0,0,0.0,0,0.0,286.44,332.0,102.08842905510289,66,342,0.0005329713145058787,0.001295620193533496,-0.0002029114548588922,41,7,0,7,3,1.0,negative,unstable
hybrid,morgan_bit_0277,morgan_bit,10,50,0,0.0,0,0.0,0,0.0,334.96,335.0,3.953608529958836,327,343,0.0,0.0,0.0,50,0,0,0,10,0.0,zero,unstable
hybrid,morgan_bit_0278,morgan_bit,10,50,0,0.0,0,0.0,0,0.0,335.96,336.0,3.953608529958836,328,344,0.0,0.0,0.0,50,0,0,0,10,0.0,zero,unstable
hybrid,morgan_bit_0279,morgan_bit,10,50,0,0.0,0,0.0,0,0.0,336.96,337.0,3.953608529958836,329,345,0.0,0.0,0.0,50,0,0,0,10,0.0,zero,unstable
hybrid,morgan_bit_0280,morgan_bit,10,50,0,0.0,0,0.0,0,0.0,337.96,338.0,3.953608529958836,330,346,0.0,0.0,0.0,50,0,0,0,10,0.0,zero,unstable
hybrid,morgan_bit_0281,morgan_bit,10,50,0,0.0,0,0.0,0,0.0,338.96,339.0,3.953608529958836,331,347,0.0,0.0,0.0,50,0,0,0,10,0.0,zero,unstable
hybrid,morgan_bit_0282,morgan_bit,10,50,0,0.0,0,0.0,0,0.0,339.96,340.0,3.953608529958836,332,348,0.0,0.0,0.0,50,0,0,0,10,0.0,zero,unstable
hybrid,morgan_bit_0283,morgan_bit,10,50,0,0.0,0,0.0,0,0.0,263.86,339.0,124.6464403905736,31,349,0.0029231617105340293,0.013795851844134616,-0.00025346749641938135,36,9,1,8,1,0.8888888888888888,negative,unstable
hybrid,morgan_bit_0284,morgan_bit,10,50,0,0.0,0,0.0,0,0.0,341.68,341.5,3.930207451553276,333,350,0.0,0.0,0.0,50,0,0,0,10,0.0,zero,unstable
hybrid,morgan_bit_0285,morgan_bit,10,50,0,0.0,0,0.0,0,0.0,342.68,342.5,3.930207451553276,334,351,0.0,0.0,0.0,50,0,0,0,10,0.0,zero,unstable
hybrid,morgan_bit_0286,morgan_bit,10,50,0,0.0,0,0.0,0,0.0,343.68,343.5,3.930207451553276,335,352,0.0,0.0,0.0,50,0,0,0,10,0.0,zero,unstable
hybrid,morgan_bit_0287,morgan_bit,10,50,0,0.0,0,0.0,0,0.0,344.68,344.5,3.930207451553276,336,353,0.0,0.0,0.0,50,0,0,0,10,0.0,zero,unstable
hybrid,morgan_bit_0288,morgan_bit,10,50,0,0.0,0,0.0,0,0.0,345.68,345.5,3.930207451553276,337,354,0.0,0.0,0.0,50,0,0,0,10,0.0,zero,unstable
hybrid,morgan_bit_0289,morgan_bit,10,50,0,0.0,0,0.0,0,0.0,346.68,346.5,3.930207451553276,338,355,0.0,0.0,0.0,50,0,0,0,10,0.0,zero,unstable
hybrid,morgan_bit_0290,morgan_bit,10,50,0,0.0,0,0.0,0,0.0,347.68,347.5,3.930207451553276,339,356,0.0,0.0,0.0,50,0,0,0,10,0.0,zero,unstable
hybrid,morgan_bit_0291,morgan_bit,10,50,0,0.0,0,0.0,0,0.0,348.68,348.5,3.930207451553276,340,357,0.0,0.0,0.0,50,0,0,0,10,0.0,zero,unstable
hybrid,morgan_bit_0292,morgan_bit,10,50,0,0.0,0,0.0,0,0.0,349.68,349.5,3.930207451553276,341,358,0.0,0.0,0.0,50,0,0,0,10,0.0,zero,unstable
hybrid,morgan_bit_0293,morgan_bit,10,50,0,0.0,0,0.0,0,0.0,350.68,350.5,3.930207451553276,342,359,0.0,0.0,0.0,50,0,0,0,10,0.0,zero,unstable
hybrid,morgan_bit_0294,morgan_bit,10,50,0,0.0,1,0.02,28,0.56,29.58,20.0,48.73673131829664,10,355,0.31542884563912876,0.20149709461979554,0.022517804303341445,1,10,10,0,0,1.0,positive,unstable
hybrid,morgan_bit_0295,morgan_bit,10,50,0,0.0,0,0.0,0,0.0,351.7,351.5,3.9499418750567115,343,360,0.0,0.0,0.0,50,0,0,0,10,0.0,zero,unstable
hybrid,morgan_bit_0296,morgan_bit,10,50,0,0.0,0,0.0,0,0.0,352.7,352.5,3.9499418750567115,344,361,0.0,0.0,0.0,50,0,0,0,10,0.0,zero,unstable
hybrid,morgan_bit_0297,morgan_bit,10,50,0,0.0,0,0.0,0,0.0,353.7,353.5,3.9499418750567115,345,362,0.0,0.0,0.0,50,0,0,0,10,0.0,zero,unstable
hybrid,morgan_bit_0298,morgan_bit,10,50,0,0.0,0,0.0,0,0.0,354.7,354.5,3.9499418750567115,346,363,0.0,0.0,0.0,50,0,0,0,10,0.0,zero,unstable
hybrid,morgan_bit_0299,morgan_bit,10,50,0,0.0,0,0.0,0,0.0,350.04,355.0,40.02956050577765,74,364,2.1982480560510487e-05,0.0001554396107163842,1.2819442792370484e-05,49,1,1,0,9,1.0,positive,unstable
hybrid,morgan_bit_0300,morgan_bit,10,50,0,0.0,0,0.0,0,0.0,356.68,356.5,3.9457546289444725,348,365,0.0,0.0,0.0,50,0,0,0,10,0.0,zero,unstable
hybrid,morgan_bit_0301,morgan_bit,10,50,0,0.0,0,0.0,0,0.0,357.68,357.5,3.9457546289444725,349,366,0.0,0.0,0.0,50,0,0,0,10,0.0,zero,unstable
hybrid,morgan_bit_0302,morgan_bit,10,50,0,0.0,0,0.0,0,0.0,358.68,358.5,3.9457546289444725,350,367,0.0,0.0,0.0,50,0,0,0,10,0.0,zero,unstable
hybrid,morgan_bit_0303,morgan_bit,10,50,0,0.0,0,0.0,0,0.0,359.68,359.5,3.9457546289444725,351,368,0.0,0.0,0.0,50,0,0,0,10,0.0,zero,unstable
hybrid,morgan_bit_0304,morgan_bit,10,50,0,0.0,0,0.0,0,0.0,360.68,360.5,3.9457546289444725,352,369,0.0,0.0,0.0,50,0,0,0,10,0.0,zero,unstable
hybrid,morgan_bit_0305,morgan_bit,10,50,0,0.0,0,0.0,0,0.0,361.68,361.5,3.9457546289444725,353,370,0.0,0.0,0.0,50,0,0,0,10,0.0,zero,unstable
hybrid,morgan_bit_0306,morgan_bit,10,50,0,0.0,0,0.0,0,0.0,362.68,362.5,3.9457546289444725,354,371,0.0,0.0,0.0,50,0,0,0,10,0.0,zero,unstable
hybrid,morgan_bit_0307,morgan_bit,10,50,0,0.0,0,0.0,0,0.0,363.68,363.5,3.9457546289444725,355,372,0.0,0.0,0.0,50,0,0,0,10,0.0,zero,unstable
hybrid,morgan_bit_0308,morgan_bit,10,50,0,0.0,0,0.0,0,0.0,364.68,364.5,3.9457546289444725,356,373,0.0,0.0,0.0,50,0,0,0,10,0.0,zero,unstable
hybrid,morgan_bit_0309,morgan_bit,10,50,0,0.0,0,0.0,0,0.0,365.68,365.5,3.9457546289444725,357,374,0.0,0.0,0.0,50,0,0,0,10,0.0,zero,unstable
hybrid,morgan_bit_0310,morgan_bit,10,50,0,0.0,0,0.0,0,0.0,348.56,366.0,72.63809086765674,59,375,0.000252211894814336,0.001022295417776584,-0.00014178253280161985,47,3,0,3,7,1.0,negative,unstable
hybrid,morgan_bit_0311,morgan_bit,10,50,0,0.0,0,0.0,0,0.0,367.62,367.0,3.9584061933860117,359,376,0.0,0.0,0.0,50,0,0,0,10,0.0,zero,unstable
hybrid,morgan_bit_0312,morgan_bit,10,50,0,0.0,0,0.0,0,0.0,108.88,44.0,132.80239117591526,33,377,0.0336026039689043,0.022935852274647936,-0.0038918520016189336,10,10,0,10,0,1.0,negative,unstable
hybrid,morgan_bit_0313,morgan_bit,10,50,0,0.0,0,0.0,0,0.0,368.82,368.5,4.124045962648915,360,378,0.0,0.0,0.0,50,0,0,0,10,0.0,zero,unstable
hybrid,morgan_bit_0314,morgan_bit,10,50,0,0.0,0,0.0,0,0.0,344.94,369.0,86.25813419200368,45,379,0.001102247385874796,0.004808046642820175,0.00017234377505879534,46,4,2,2,6,0.5,zero,unstable
hybrid,morgan_bit_0315,morgan_bit,10,50,0,0.0,0,0.0,0,0.0,370.74,370.0,4.193337767537104,361,380,0.0,0.0,0.0,50,0,0,0,10,0.0,zero,unstable
hybrid,morgan_bit_0316,morgan_bit,10,50,0,0.0,0,0.0,0,0.0,359.52,371.0,59.42968405551872,67,381,0.00018193358479997885,0.0010219691032038562,4.527226940686052e-05,48,2,1,1,8,0.5,zero,unstable
hybrid,morgan_bit_0317,morgan_bit,10,50,0,0.0,0,0.0,0,0.0,310.58,371.0,124.57390069630908,43,380,0.0014918372276259662,0.004445019048733696,0.00020857541717677009,40,6,4,2,4,0.6666666666666666,positive,unstable
hybrid,morgan_bit_0318,morgan_bit,10,50,0,0.0,0,0.0,0,0.0,373.5,373.0,4.056991948903693,364,382,0.0,0.0,0.0,50,0,0,0,10,0.0,zero,unstable
hybrid,morgan_bit_0319,morgan_bit,10,50,0,0.0,0,0.0,0,0.0,374.5,374.0,4.056991948903693,365,383,0.0,0.0,0.0,50,0,0,0,10,0.0,zero,unstable
hybrid,morgan_bit_0320,morgan_bit,10,50,0,0.0,0,0.0,0,0.0,375.5,375.0,4.056991948903693,366,384,0.0,0.0,0.0,50,0,0,0,10,0.0,zero,unstable
hybrid,morgan_bit_0321,morgan_bit,10,50,0,0.0,0,0.0,0,0.0,376.5,376.0,4.056991948903693,367,385,0.0,0.0,0.0,50,0,0,0,10,0.0,zero,unstable
hybrid,morgan_bit_0322,morgan_bit,10,50,0,0.0,0,0.0,0,0.0,377.5,377.0,4.056991948903693,368,386,0.0,0.0,0.0,50,0,0,0,10,0.0,zero,unstable
hybrid,morgan_bit_0323,morgan_bit,10,50,0,0.0,0,0.0,0,0.0,378.5,378.0,4.056991948903693,369,387,0.0,0.0,0.0,50,0,0,0,10,0.0,zero,unstable
hybrid,morgan_bit_0324,morgan_bit,10,50,0,0.0,0,0.0,0,0.0,379.5,379.0,4.056991948903693,370,388,0.0,0.0,0.0,50,0,0,0,10,0.0,zero,unstable
hybrid,morgan_bit_0325,morgan_bit,10,50,0,0.0,0,0.0,0,0.0,380.5,380.0,4.056991948903693,371,389,0.0,0.0,0.0,50,0,0,0,10,0.0,zero,unstable
hybrid,morgan_bit_0326,morgan_bit,10,50,0,0.0,0,0.0,0,0.0,381.5,381.0,4.056991948903693,372,390,0.0,0.0,0.0,50,0,0,0,10,0.0,zero,unstable
hybrid,morgan_bit_0327,morgan_bit,10,50,0,0.0,0,0.0,0,0.0,382.5,382.0,4.056991948903693,373,391,0.0,0.0,0.0,50,0,0,0,10,0.0,zero,unstable
hybrid,morgan_bit_0328,morgan_bit,10,50,0,0.0,0,0.0,0,0.0,383.5,383.0,4.056991948903693,374,392,0.0,0.0,0.0,50,0,0,0,10,0.0,zero,unstable
hybrid,morgan_bit_0329,morgan_bit,10,50,0,0.0,0,0.0,0,0.0,384.5,384.0,4.056991948903693,375,393,0.0,0.0,0.0,50,0,0,0,10,0.0,zero,unstable
hybrid,morgan_bit_0330,morgan_bit,10,50,0,0.0,0,0.0,0,0.0,385.5,385.0,4.056991948903693,376,394,0.0,0.0,0.0,50,0,0,0,10,0.0,zero,unstable
hybrid,morgan_bit_0331,morgan_bit,10,50,0,0.0,0,0.0,0,0.0,386.5,386.0,4.056991948903693,377,395,0.0,0.0,0.0,50,0,0,0,10,0.0,zero,unstable
hybrid,morgan_bit_0332,morgan_bit,10,50,0,0.0,0,0.0,0,0.0,387.5,387.0,4.056991948903693,378,396,0.0,0.0,0.0,50,0,0,0,10,0.0,zero,unstable
hybrid,morgan_bit_0333,morgan_bit,10,50,0,0.0,0,0.0,0,0.0,388.5,388.0,4.056991948903693,379,397,0.0,0.0,0.0,50,0,0,0,10,0.0,zero,unstable
hybrid,morgan_bit_0334,morgan_bit,10,50,0,0.0,0,0.0,0,0.0,389.5,389.0,4.056991948903693,380,398,0.0,0.0,0.0,50,0,0,0,10,0.0,zero,unstable
hybrid,morgan_bit_0335,morgan_bit,10,50,0,0.0,0,0.0,0,0.0,390.5,390.0,4.056991948903693,381,399,0.0,0.0,0.0,50,0,0,0,10,0.0,zero,unstable
hybrid,morgan_bit_0336,morgan_bit,10,50,0,0.0,0,0.0,0,0.0,391.5,391.0,4.056991948903693,382,400,0.0,0.0,0.0,50,0,0,0,10,0.0,zero,unstable
hybrid,morgan_bit_0337,morgan_bit,10,50,0,0.0,0,0.0,0,0.0,392.5,392.0,4.056991948903693,383,401,0.0,0.0,0.0,50,0,0,0,10,0.0,zero,unstable
hybrid,morgan_bit_0338,morgan_bit,10,50,0,0.0,0,0.0,0,0.0,393.5,393.0,4.056991948903693,384,402,0.0,0.0,0.0,50,0,0,0,10,0.0,zero,unstable
hybrid,morgan_bit_0339,morgan_bit,10,50,0,0.0,0,0.0,0,0.0,394.5,394.0,4.056991948903693,385,403,0.0,0.0,0.0,50,0,0,0,10,0.0,zero,unstable
hybrid,morgan_bit_0340,morgan_bit,10,50,0,0.0,0,0.0,0,0.0,395.5,395.0,4.056991948903693,386,404,0.0,0.0,0.0,50,0,0,0,10,0.0,zero,unstable
hybrid,morgan_bit_0341,morgan_bit,10,50,0,0.0,0,0.0,0,0.0,396.5,396.0,4.056991948903693,387,405,0.0,0.0,0.0,50,0,0,0,10,0.0,zero,unstable
hybrid,morgan_bit_0342,morgan_bit,10,50,0,0.0,0,0.0,0,0.0,397.5,397.0,4.056991948903693,388,406,0.0,0.0,0.0,50,0,0,0,10,0.0,zero,unstable
hybrid,morgan_bit_0343,morgan_bit,10,50,0,0.0,0,0.0,0,0.0,398.5,398.0,4.056991948903693,389,407,0.0,0.0,0.0,50,0,0,0,10,0.0,zero,unstable
hybrid,morgan_bit_0344,morgan_bit,10,50,0,0.0,0,0.0,0,0.0,120.54,50.0,142.87859981716747,41,408,0.019512241355016936,0.013007451361124748,-0.002138280856919662,10,10,0,10,0,1.0,negative,unstable
hybrid,morgan_bit_0345,morgan_bit,10,50,0,0.0,0,0.0,0,0.0,399.7,399.0,4.258245303082537,390,409,0.0,0.0,0.0,50,0,0,0,10,0.0,zero,unstable
hybrid,morgan_bit_0346,morgan_bit,10,50,0,0.0,0,0.0,0,0.0,400.7,400.0,4.258245303082537,391,410,0.0,0.0,0.0,50,0,0,0,10,0.0,zero,unstable
hybrid,morgan_bit_0347,morgan_bit,10,50,0,0.0,0,0.0,0,0.0,401.7,401.0,4.258245303082537,392,411,0.0,0.0,0.0,50,0,0,0,10,0.0,zero,unstable
hybrid,morgan_bit_0348,morgan_bit,10,50,0,0.0,0,0.0,0,0.0,402.7,402.0,4.258245303082537,393,412,0.0,0.0,0.0,50,0,0,0,10,0.0,zero,unstable
hybrid,morgan_bit_0349,morgan_bit,10,50,0,0.0,0,0.0,0,0.0,403.7,403.0,4.258245303082537,394,413,0.0,0.0,0.0,50,0,0,0,10,0.0,zero,unstable
hybrid,morgan_bit_0350,morgan_bit,10,50,0,0.0,0,0.0,0,0.0,357.54,403.0,117.55887973301562,64,412,0.00040917939944679196,0.0011390808476826719,-9.449025986895433e-05,43,3,0,3,7,1.0,negative,unstable
hybrid,morgan_bit_0351,morgan_bit,10,50,0,0.0,0,0.0,0,0.0,405.56,405.0,4.224128940518086,396,414,0.0,0.0,0.0,50,0,0,0,10,0.0,zero,unstable
hybrid,morgan_bit_0352,morgan_bit,10,50,0,0.0,0,0.0,0,0.0,406.56,406.0,4.224128940518086,397,415,0.0,0.0,0.0,50,0,0,0,10,0.0,zero,unstable
hybrid,morgan_bit_0353,morgan_bit,10,50,0,0.0,0,0.0,0,0.0,407.56,407.0,4.224128940518086,398,416,0.0,0.0,0.0,50,0,0,0,10,0.0,zero,unstable
hybrid,morgan_bit_0354,morgan_bit,10,50,0,0.0,0,0.0,0,0.0,408.56,408.0,4.224128940518086,399,417,0.0,0.0,0.0,50,0,0,0,10,0.0,zero,unstable
hybrid,morgan_bit_0355,morgan_bit,10,50,0,0.0,0,0.0,0,0.0,409.56,409.0,4.224128940518086,400,418,0.0,0.0,0.0,50,0,0,0,10,0.0,zero,unstable
hybrid,morgan_bit_0356,morgan_bit,10,50,0,0.0,0,0.0,0,0.0,410.56,410.0,4.224128940518086,401,419,0.0,0.0,0.0,50,0,0,0,10,0.0,zero,unstable
hybrid,morgan_bit_0357,morgan_bit,10,50,0,0.0,0,0.0,0,0.0,411.56,411.0,4.224128940518086,402,420,0.0,0.0,0.0,50,0,0,0,10,0.0,zero,unstable
hybrid,morgan_bit_0358,morgan_bit,10,50,0,0.0,0,0.0,0,0.0,412.56,412.0,4.224128940518086,403,421,0.0,0.0,0.0,50,0,0,0,10,0.0,zero,unstable
hybrid,morgan_bit_0359,morgan_bit,10,50,0,0.0,0,0.0,0,0.0,413.56,413.0,4.224128940518086,404,422,0.0,0.0,0.0,50,0,0,0,10,0.0,zero,unstable
hybrid,morgan_bit_0360,morgan_bit,10,50,0,0.0,0,0.0,0,0.0,414.56,414.0,4.224128940518086,405,423,0.0,0.0,0.0,50,0,0,0,10,0.0,zero,unstable
hybrid,morgan_bit_0361,morgan_bit,10,50,0,0.0,0,0.0,0,0.0,415.56,415.0,4.224128940518086,406,424,0.0,0.0,0.0,50,0,0,0,10,0.0,zero,unstable
hybrid,morgan_bit_0362,morgan_bit,10,50,0,0.0,0,0.0,0,0.0,416.56,416.0,4.224128940518086,407,425,0.0,0.0,0.0,50,0,0,0,10,0.0,zero,unstable
hybrid,morgan_bit_0363,morgan_bit,10,50,0,0.0,0,0.0,0,0.0,417.56,417.0,4.224128940518086,408,426,0.0,0.0,0.0,50,0,0,0,10,0.0,zero,unstable
hybrid,morgan_bit_0364,morgan_bit,10,50,0,0.0,0,0.0,0,0.0,418.56,418.0,4.224128940518086,409,427,0.0,0.0,0.0,50,0,0,0,10,0.0,zero,unstable
hybrid,morgan_bit_0365,morgan_bit,10,50,0,0.0,0,0.0,0,0.0,419.56,419.0,4.224128940518086,410,428,0.0,0.0,0.0,50,0,0,0,10,0.0,zero,unstable
hybrid,morgan_bit_0366,morgan_bit,10,50,0,0.0,0,0.0,0,0.0,420.56,420.0,4.224128940518086,411,429,0.0,0.0,0.0,50,0,0,0,10,0.0,zero,unstable
hybrid,morgan_bit_0367,morgan_bit,10,50,0,0.0,0,0.0,0,0.0,421.56,421.0,4.224128940518086,412,430,0.0,0.0,0.0,50,0,0,0,10,0.0,zero,unstable
hybrid,morgan_bit_0368,morgan_bit,10,50,0,0.0,0,0.0,0,0.0,422.56,422.0,4.224128940518086,413,431,0.0,0.0,0.0,50,0,0,0,10,0.0,zero,unstable
hybrid,morgan_bit_0369,morgan_bit,10,50,0,0.0,0,0.0,0,0.0,423.56,423.0,4.224128940518086,414,432,0.0,0.0,0.0,50,0,0,0,10,0.0,zero,unstable
hybrid,morgan_bit_0370,morgan_bit,10,50,0,0.0,0,0.0,0,0.0,424.56,424.0,4.224128940518086,415,433,0.0,0.0,0.0,50,0,0,0,10,0.0,zero,unstable
hybrid,morgan_bit_0371,morgan_bit,10,50,0,0.0,0,0.0,0,0.0,425.56,425.0,4.224128940518086,416,434,0.0,0.0,0.0,50,0,0,0,10,0.0,zero,unstable
hybrid,morgan_bit_0372,morgan_bit,10,50,0,0.0,0,0.0,0,0.0,426.56,426.0,4.224128940518086,417,435,0.0,0.0,0.0,50,0,0,0,10,0.0,zero,unstable
hybrid,morgan_bit_0373,morgan_bit,10,50,0,0.0,0,0.0,0,0.0,427.56,427.0,4.224128940518086,418,436,0.0,0.0,0.0,50,0,0,0,10,0.0,zero,unstable
hybrid,morgan_bit_0374,morgan_bit,10,50,0,0.0,0,0.0,0,0.0,428.56,428.0,4.224128940518086,419,437,0.0,0.0,0.0,50,0,0,0,10,0.0,zero,unstable
hybrid,morgan_bit_0375,morgan_bit,10,50,0,0.0,0,0.0,0,0.0,429.56,429.0,4.224128940518086,420,438,0.0,0.0,0.0,50,0,0,0,10,0.0,zero,unstable
hybrid,morgan_bit_0376,morgan_bit,10,50,0,0.0,0,0.0,0,0.0,430.56,430.0,4.224128940518086,421,439,0.0,0.0,0.0,50,0,0,0,10,0.0,zero,unstable
hybrid,morgan_bit_0377,morgan_bit,10,50,0,0.0,0,0.0,0,0.0,424.16,431.0,53.28987344932335,56,440,0.00025957280142437214,0.0018354568809876262,2.425604803692095e-05,49,1,1,0,9,1.0,positive,unstable
hybrid,morgan_bit_0378,morgan_bit,10,50,0,0.0,0,0.0,0,0.0,432.54,432.0,4.253258054907162,423,441,0.0,0.0,0.0,50,0,0,0,10,0.0,zero,unstable
hybrid,morgan_bit_0379,morgan_bit,10,50,0,0.0,0,0.0,0,0.0,433.54,433.0,4.253258054907162,424,442,0.0,0.0,0.0,50,0,0,0,10,0.0,zero,unstable
hybrid,morgan_bit_0380,morgan_bit,10,50,0,0.0,0,0.0,0,0.0,434.54,434.0,4.253258054907162,425,443,0.0,0.0,0.0,50,0,0,0,10,0.0,zero,unstable
hybrid,morgan_bit_0381,morgan_bit,10,50,0,0.0,0,0.0,0,0.0,435.54,435.0,4.253258054907162,426,444,0.0,0.0,0.0,50,0,0,0,10,0.0,zero,unstable
hybrid,morgan_bit_0382,morgan_bit,10,50,0,0.0,0,0.0,0,0.0,436.54,436.0,4.253258054907162,427,445,0.0,0.0,0.0,50,0,0,0,10,0.0,zero,unstable
hybrid,morgan_bit_0383,morgan_bit,10,50,0,0.0,0,0.0,0,0.0,430.04,437.0,52.41200984040017,68,446,8.616598173224096e-05,0.0006092854999046376,-1.9545202818941712e-05,49,1,0,1,9,1.0,negative,unstable
hybrid,morgan_bit_0384,morgan_bit,10,50,0,0.0,0,0.0,0,0.0,438.52,438.0,4.229343558848762,429,447,0.0,0.0,0.0,50,0,0,0,10,0.0,zero,unstable
hybrid,morgan_bit_0385,morgan_bit,10,50,0,0.0,0,0.0,0,0.0,439.52,439.0,4.229343558848762,430,448,0.0,0.0,0.0,50,0,0,0,10,0.0,zero,unstable
hybrid,morgan_bit_0386,morgan_bit,10,50,0,0.0,0,0.0,0,0.0,440.52,440.0,4.229343558848762,431,449,0.0,0.0,0.0,50,0,0,0,10,0.0,zero,unstable
hybrid,morgan_bit_0387,morgan_bit,10,50,0,0.0,0,0.0,0,0.0,441.52,441.0,4.229343558848762,432,450,0.0,0.0,0.0,50,0,0,0,10,0.0,zero,unstable
hybrid,morgan_bit_0388,morgan_bit,10,50,0,0.0,0,0.0,0,0.0,442.52,442.0,4.229343558848762,433,451,0.0,0.0,0.0,50,0,0,0,10,0.0,zero,unstable
hybrid,morgan_bit_0389,morgan_bit,10,50,0,0.0,0,0.0,2,0.04,44.36,37.0,57.910120366101175,13,440,0.09579021903461593,0.09575866415525855,-0.0034869054567488443,1,10,2,8,0,0.8,negative,unstable
hybrid,morgan_bit_0390,morgan_bit,10,50,0,0.0,0,0.0,0,0.0,443.54,443.0,4.214697316461498,434,452,0.0,0.0,0.0,50,0,0,0,10,0.0,zero,unstable
hybrid,morgan_bit_0391,morgan_bit,10,50,0,0.0,0,0.0,0,0.0,444.54,444.0,4.214697316461498,435,453,0.0,0.0,0.0,50,0,0,0,10,0.0,zero,unstable
hybrid,morgan_bit_0392,morgan_bit,10,50,0,0.0,0,0.0,0,0.0,413.06,444.0,111.04887873989432,24,454,0.007231228871675505,0.035913814032996594,0.0002340450214561813,46,3,2,1,7,0.6666666666666666,positive,unstable
hybrid,morgan_bit_0393,morgan_bit,10,50,0,0.0,0,0.0,0,0.0,446.46,446.0,4.200145770065119,437,455,0.0,0.0,0.0,50,0,0,0,10,0.0,zero,unstable
hybrid,morgan_bit_0394,morgan_bit,10,50,0,0.0,0,0.0,0,0.0,447.46,447.0,4.200145770065119,438,456,0.0,0.0,0.0,50,0,0,0,10,0.0,zero,unstable
hybrid,morgan_bit_0395,morgan_bit,10,50,0,0.0,0,0.0,0,0.0,448.46,448.0,4.200145770065119,439,457,0.0,0.0,0.0,50,0,0,0,10,0.0,zero,unstable
hybrid,morgan_bit_0396,morgan_bit,10,50,0,0.0,0,0.0,0,0.0,126.76,48.0,163.9248907149807,29,458,0.031881927964403985,0.030082219596732424,-0.0031209076411064453,10,10,0,10,0,1.0,negative,unstable
hybrid,morgan_bit_0397,morgan_bit,10,50,0,0.0,0,0.0,0,0.0,275.32,443.5,190.58925168314937,62,459,0.0011355537059611846,0.001401075750336343,-0.00011665028937025869,27,10,0,10,0,1.0,negative,unstable
hybrid,morgan_bit_0398,morgan_bit,10,50,0,0.0,0,0.0,0,0.0,450.2,449.0,4.2761798705987895,440,460,0.0,0.0,0.0,50,0,0,0,10,0.0,zero,unstable
hybrid,morgan_bit_0399,morgan_bit,10,50,0,0.0,0,0.0,0,0.0,451.2,450.0,4.2761798705987895,441,461,0.0,0.0,0.0,50,0,0,0,10,0.0,zero,unstable
hybrid,morgan_bit_0400,morgan_bit,10,50,0,0.0,0,0.0,0,0.0,452.2,451.0,4.2761798705987895,442,462,0.0,0.0,0.0,50,0,0,0,10,0.0,zero,unstable
hybrid,morgan_bit_0401,morgan_bit,10,50,0,0.0,0,0.0,0,0.0,453.2,452.0,4.2761798705987895,443,463,0.0,0.0,0.0,50,0,0,0,10,0.0,zero,unstable
hybrid,morgan_bit_0402,morgan_bit,10,50,0,0.0,0,0.0,0,0.0,454.2,453.0,4.2761798705987895,444,464,0.0,0.0,0.0,50,0,0,0,10,0.0,zero,unstable
hybrid,morgan_bit_0403,morgan_bit,10,50,0,0.0,0,0.0,0,0.0,455.2,454.0,4.2761798705987895,445,465,0.0,0.0,0.0,50,0,0,0,10,0.0,zero,unstable
hybrid,morgan_bit_0404,morgan_bit,10,50,0,0.0,0,0.0,0,0.0,456.2,455.0,4.2761798705987895,446,466,0.0,0.0,0.0,50,0,0,0,10,0.0,zero,unstable
hybrid,morgan_bit_0405,morgan_bit,10,50,0,0.0,0,0.0,0,0.0,457.2,456.0,4.2761798705987895,447,467,0.0,0.0,0.0,50,0,0,0,10,0.0,zero,unstable
hybrid,morgan_bit_0406,morgan_bit,10,50,0,0.0,0,0.0,0,0.0,458.2,457.0,4.2761798705987895,448,468,0.0,0.0,0.0,50,0,0,0,10,0.0,zero,unstable
hybrid,morgan_bit_0407,morgan_bit,10,50,0,0.0,0,0.0,0,0.0,459.2,458.0,4.2761798705987895,449,469,0.0,0.0,0.0,50,0,0,0,10,0.0,zero,unstable
hybrid,morgan_bit_0408,morgan_bit,10,50,0,0.0,0,0.0,0,0.0,460.2,459.0,4.2761798705987895,450,470,0.0,0.0,0.0,50,0,0,0,10,0.0,zero,unstable
hybrid,morgan_bit_0409,morgan_bit,10,50,0,0.0,0,0.0,0,0.0,461.2,460.0,4.2761798705987895,451,471,0.0,0.0,0.0,50,0,0,0,10,0.0,zero,unstable
hybrid,morgan_bit_0410,morgan_bit,10,50,0,0.0,0,0.0,0,0.0,462.2,461.0,4.2761798705987895,452,472,0.0,0.0,0.0,50,0,0,0,10,0.0,zero,unstable
hybrid,morgan_bit_0411,morgan_bit,10,50,0,0.0,0,0.0,0,0.0,463.2,462.0,4.2761798705987895,453,473,0.0,0.0,0.0,50,0,0,0,10,0.0,zero,unstable
hybrid,morgan_bit_0412,morgan_bit,10,50,0,0.0,0,0.0,0,0.0,464.2,463.0,4.2761798705987895,454,474,0.0,0.0,0.0,50,0,0,0,10,0.0,zero,unstable
hybrid,morgan_bit_0413,morgan_bit,10,50,0,0.0,0,0.0,0,0.0,390.32,464.0,161.61221412721886,34,475,0.004987799322050953,0.013514661188854436,-0.0003648034376060504,41,7,0,7,3,1.0,negative,unstable
hybrid,morgan_bit_0414,morgan_bit,10,50,0,0.0,0,0.0,0,0.0,466.02,465.0,4.297555071414064,456,476,0.0,0.0,0.0,50,0,0,0,10,0.0,zero,unstable
hybrid,morgan_bit_0415,morgan_bit,10,50,0,0.0,0,0.0,0,0.0,467.02,466.0,4.297555071414064,457,477,0.0,0.0,0.0,50,0,0,0,10,0.0,zero,unstable
hybrid,morgan_bit_0416,morgan_bit,10,50,0,0.0,0,0.0,0,0.0,468.02,467.0,4.297555071414064,458,478,0.0,0.0,0.0,50,0,0,0,10,0.0,zero,unstable
hybrid,morgan_bit_0417,morgan_bit,10,50,0,0.0,0,0.0,0,0.0,469.02,468.0,4.297555071414064,459,479,0.0,0.0,0.0,50,0,0,0,10,0.0,zero,unstable
hybrid,morgan_bit_0418,morgan_bit,10,50,0,0.0,0,0.0,0,0.0,470.02,469.0,4.297555071414064,460,480,0.0,0.0,0.0,50,0,0,0,10,0.0,zero,unstable
hybrid,morgan_bit_0419,morgan_bit,10,50,0,0.0,0,0.0,0,0.0,462.88,470.0,58.43665330064335,59,481,0.0001193495174988329,0.0008439285315476728,-1.3190165345120981e-05,49,1,0,1,9,1.0,negative,unstable
hybrid,morgan_bit_0420,morgan_bit,10,50,0,0.0,0,0.0,0,0.0,472.0,471.0,4.323641700120445,462,482,0.0,0.0,0.0,50,0,0,0,10,0.0,zero,unstable
hybrid,morgan_bit_0421,morgan_bit,10,50,0,0.0,0,0.0,0,0.0,473.0,472.0,4.323641700120445,463,483,0.0,0.0,0.0,50,0,0,0,10,0.0,zero,unstable
hybrid,morgan_bit_0422,morgan_bit,10,50,0,0.0,0,0.0,0,0.0,474.0,473.0,4.323641700120445,464,484,0.0,0.0,0.0,50,0,0,0,10,0.0,zero,unstable
hybrid,morgan_bit_0423,morgan_bit,10,50,0,0.0,0,0.0,0,0.0,475.0,474.0,4.323641700120445,465,485,0.0,0.0,0.0,50,0,0,0,10,0.0,zero,unstable
hybrid,morgan_bit_0424,morgan_bit,10,50,0,0.0,0,0.0,0,0.0,476.0,475.0,4.323641700120445,466,486,0.0,0.0,0.0,50,0,0,0,10,0.0,zero,unstable
hybrid,morgan_bit_0425,morgan_bit,10,50,0,0.0,0,0.0,0,0.0,477.0,476.0,4.323641700120445,467,487,0.0,0.0,0.0,50,0,0,0,10,0.0,zero,unstable
hybrid,morgan_bit_0426,morgan_bit,10,50,0,0.0,0,0.0,0,0.0,469.88,477.0,57.723351480336355,71,488,2.636186280780703e-05,0.00018640651956109788,-1.0460012681227084e-05,49,1,0,1,9,1.0,negative,unstable
hybrid,morgan_bit_0427,morgan_bit,10,50,7,0.14,40,0.8,40,0.8,100.12,6.0,190.47434237198672,2,485,0.9694131003969554,0.54056533927436,-0.006149229429018661,10,10,2,8,0,0.8,negative,stable
hybrid,morgan_bit_0428,morgan_bit,10,50,0,0.0,0,0.0,0,0.0,479.18,479.0,4.265141096309543,469,489,0.0,0.0,0.0,50,0,0,0,10,0.0,zero,unstable
hybrid,morgan_bit_0429,morgan_bit,10,50,0,0.0,0,0.0,0,0.0,480.18,480.0,4.265141096309543,470,490,0.0,0.0,0.0,50,0,0,0,10,0.0,zero,unstable
hybrid,morgan_bit_0430,morgan_bit,10,50,0,0.0,0,0.0,0,0.0,481.18,481.0,4.265141096309543,471,491,0.0,0.0,0.0,50,0,0,0,10,0.0,zero,unstable
hybrid,morgan_bit_0431,morgan_bit,10,50,0,0.0,0,0.0,0,0.0,482.18,482.0,4.265141096309543,472,492,0.0,0.0,0.0,50,0,0,0,10,0.0,zero,unstable
hybrid,morgan_bit_0432,morgan_bit,10,50,0,0.0,0,0.0,0,0.0,483.18,483.0,4.265141096309543,473,493,0.0,0.0,0.0,50,0,0,0,10,0.0,zero,unstable
hybrid,morgan_bit_0433,morgan_bit,10,50,0,0.0,0,0.0,0,0.0,484.18,484.0,4.265141096309543,474,494,0.0,0.0,0.0,50,0,0,0,10,0.0,zero,unstable
hybrid,morgan_bit_0434,morgan_bit,10,50,0,0.0,0,0.0,0,0.0,485.18,485.0,4.265141096309543,475,495,0.0,0.0,0.0,50,0,0,0,10,0.0,zero,unstable
hybrid,morgan_bit_0435,morgan_bit,10,50,0,0.0,0,0.0,0,0.0,486.18,486.0,4.265141096309543,476,496,0.0,0.0,0.0,50,0,0,0,10,0.0,zero,unstable
hybrid,morgan_bit_0436,morgan_bit,10,50,0,0.0,0,0.0,0,0.0,470.44,486.0,81.32403314732329,76,495,5.4465022728564766e-05,0.0002791812915346988,1.3085107996729722e-05,48,2,2,0,8,1.0,positive,unstable
hybrid,morgan_bit_0437,morgan_bit,10,50,0,0.0,0,0.0,0,0.0,488.14,488.0,4.194311015883202,478,497,0.0,0.0,0.0,50,0,0,0,10,0.0,zero,unstable
hybrid,morgan_bit_0438,morgan_bit,10,50,0,0.0,0,0.0,0,0.0,489.14,489.0,4.194311015883202,479,498,0.0,0.0,0.0,50,0,0,0,10,0.0,zero,unstable
hybrid,morgan_bit_0439,morgan_bit,10,50,0,0.0,0,0.0,0,0.0,490.14,490.0,4.194311015883202,480,499,0.0,0.0,0.0,50,0,0,0,10,0.0,zero,unstable
hybrid,morgan_bit_0440,morgan_bit,10,50,0,0.0,0,0.0,0,0.0,491.14,491.0,4.194311015883202,481,500,0.0,0.0,0.0,50,0,0,0,10,0.0,zero,unstable
hybrid,morgan_bit_0441,morgan_bit,10,50,0,0.0,0,0.0,0,0.0,337.22,489.5,208.3772373874471,46,500,0.0037411812161108897,0.007020920332185977,-0.0004172293133061667,32,9,0,9,1,1.0,negative,unstable
hybrid,morgan_bit_0442,morgan_bit,10,50,0,0.0,0,0.0,0,0.0,492.78,492.0,4.181055427735433,483,501,0.0,0.0,0.0,50,0,0,0,10,0.0,zero,unstable
hybrid,morgan_bit_0443,morgan_bit,10,50,0,0.0,0,0.0,0,0.0,493.78,493.0,4.181055427735433,484,502,0.0,0.0,0.0,50,0,0,0,10,0.0,zero,unstable
hybrid,morgan_bit_0444,morgan_bit,10,50,0,0.0,0,0.0,0,0.0,494.78,494.0,4.181055427735433,485,503,0.0,0.0,0.0,50,0,0,0,10,0.0,zero,unstable
hybrid,morgan_bit_0445,morgan_bit,10,50,0,0.0,0,0.0,0,0.0,495.78,495.0,4.181055427735433,486,504,0.0,0.0,0.0,50,0,0,0,10,0.0,zero,unstable
hybrid,morgan_bit_0446,morgan_bit,10,50,0,0.0,0,0.0,0,0.0,496.78,496.0,4.181055427735433,487,505,0.0,0.0,0.0,50,0,0,0,10,0.0,zero,unstable
hybrid,morgan_bit_0447,morgan_bit,10,50,0,0.0,0,0.0,0,0.0,497.78,497.0,4.181055427735433,488,506,0.0,0.0,0.0,50,0,0,0,10,0.0,zero,unstable
hybrid,morgan_bit_0448,morgan_bit,10,50,0,0.0,0,0.0,0,0.0,498.78,498.0,4.181055427735433,489,507,0.0,0.0,0.0,50,0,0,0,10,0.0,zero,unstable
hybrid,morgan_bit_0449,morgan_bit,10,50,0,0.0,0,0.0,0,0.0,499.78,499.0,4.181055427735433,490,508,0.0,0.0,0.0,50,0,0,0,10,0.0,zero,unstable
hybrid,morgan_bit_0450,morgan_bit,10,50,0,0.0,0,0.0,0,0.0,500.78,500.0,4.181055427735433,491,509,0.0,0.0,0.0,50,0,0,0,10,0.0,zero,unstable
hybrid,morgan_bit_0451,morgan_bit,10,50,0,0.0,0,0.0,0,0.0,501.78,501.0,4.181055427735433,492,510,0.0,0.0,0.0,50,0,0,0,10,0.0,zero,unstable
hybrid,morgan_bit_0452,morgan_bit,10,50,0,0.0,0,0.0,0,0.0,502.78,502.0,4.181055427735433,493,511,0.0,0.0,0.0,50,0,0,0,10,0.0,zero,unstable
hybrid,morgan_bit_0453,morgan_bit,10,50,0,0.0,0,0.0,0,0.0,503.78,503.0,4.181055427735433,494,512,0.0,0.0,0.0,50,0,0,0,10,0.0,zero,unstable
hybrid,morgan_bit_0454,morgan_bit,10,50,0,0.0,0,0.0,0,0.0,504.78,504.0,4.181055427735433,495,513,0.0,0.0,0.0,50,0,0,0,10,0.0,zero,unstable
hybrid,morgan_bit_0455,morgan_bit,10,50,0,0.0,0,0.0,0,0.0,505.78,505.0,4.181055427735433,496,514,0.0,0.0,0.0,50,0,0,0,10,0.0,zero,unstable
hybrid,morgan_bit_0456,morgan_bit,10,50,0,0.0,0,0.0,0,0.0,506.78,506.0,4.181055427735433,497,515,0.0,0.0,0.0,50,0,0,0,10,0.0,zero,unstable
hybrid,morgan_bit_0457,morgan_bit,10,50,0,0.0,0,0.0,0,0.0,507.78,507.0,4.181055427735433,498,516,0.0,0.0,0.0,50,0,0,0,10,0.0,zero,unstable
hybrid,morgan_bit_0458,morgan_bit,10,50,0,0.0,0,0.0,0,0.0,508.78,508.0,4.181055427735433,499,517,0.0,0.0,0.0,50,0,0,0,10,0.0,zero,unstable
hybrid,morgan_bit_0459,morgan_bit,10,50,0,0.0,0,0.0,0,0.0,509.78,509.0,4.181055427735433,500,518,0.0,0.0,0.0,50,0,0,0,10,0.0,zero,unstable
hybrid,morgan_bit_0460,morgan_bit,10,50,0,0.0,0,0.0,0,0.0,510.78,510.0,4.181055427735433,501,519,0.0,0.0,0.0,50,0,0,0,10,0.0,zero,unstable
hybrid,morgan_bit_0461,morgan_bit,10,50,0,0.0,0,0.0,0,0.0,511.78,511.0,4.181055427735433,502,520,0.0,0.0,0.0,50,0,0,0,10,0.0,zero,unstable
hybrid,morgan_bit_0462,morgan_bit,10,50,0,0.0,0,0.0,0,0.0,512.78,512.0,4.181055427735433,503,521,0.0,0.0,0.0,50,0,0,0,10,0.0,zero,unstable
hybrid,morgan_bit_0463,morgan_bit,10,50,0,0.0,0,0.0,0,0.0,287.64,291.0,226.91540813479278,48,522,0.004399287171364551,0.005823974671112578,-0.001214817109817267,25,10,0,10,0,1.0,negative,unstable
hybrid,morgan_bit_0464,morgan_bit,10,50,0,0.0,0,0.0,0,0.0,514.28,514.0,4.015480249316769,505,523,0.0,0.0,0.0,50,0,0,0,10,0.0,zero,unstable
hybrid,morgan_bit_0465,morgan_bit,10,50,0,0.0,0,0.0,0,0.0,515.28,515.0,4.015480249316769,506,524,0.0,0.0,0.0,50,0,0,0,10,0.0,zero,unstable
hybrid,morgan_bit_0466,morgan_bit,10,50,0,0.0,0,0.0,0,0.0,516.28,516.0,4.015480249316769,507,525,0.0,0.0,0.0,50,0,0,0,10,0.0,zero,unstable
hybrid,morgan_bit_0467,morgan_bit,10,50,0,0.0,0,0.0,0,0.0,517.28,517.0,4.015480249316769,508,526,0.0,0.0,0.0,50,0,0,0,10,0.0,zero,unstable
hybrid,morgan_bit_0468,morgan_bit,10,50,0,0.0,0,0.0,0,0.0,518.28,518.0,4.015480249316769,509,527,0.0,0.0,0.0,50,0,0,0,10,0.0,zero,unstable
hybrid,morgan_bit_0469,morgan_bit,10,50,0,0.0,0,0.0,0,0.0,187.7,63.0,208.20184966537073,43,523,0.008415700913961304,0.008016599884507244,-0.0005576268776609765,14,10,0,10,0,1.0,negative,unstable
hybrid,morgan_bit_0470,morgan_bit,10,50,0,0.0,0,0.0,0,0.0,519.56,519.0,3.9546407767924245,510,528,0.0,0.0,0.0,50,0,0,0,10,0.0,zero,unstable
hybrid,morgan_bit_0471,morgan_bit,10,50,0,0.0,0,0.0,0,0.0,520.56,520.0,3.9546407767924245,511,529,0.0,0.0,0.0,50,0,0,0,10,0.0,zero,unstable
hybrid,morgan_bit_0472,morgan_bit,10,50,0,0.0,0,0.0,0,0.0,521.56,521.0,3.9546407767924245,512,530,0.0,0.0,0.0,50,0,0,0,10,0.0,zero,unstable
hybrid,morgan_bit_0473,morgan_bit,10,50,0,0.0,0,0.0,0,0.0,155.48,56.0,196.42002474913033,22,527,0.01988805011942127,0.03032163695483119,-0.002747247248739283,11,10,2,8,0,0.8,negative,unstable
hybrid,morgan_bit_0474,morgan_bit,10,50,0,0.0,0,0.0,0,0.0,522.78,522.5,3.9033737369885873,513,531,0.0,0.0,0.0,50,0,0,0,10,0.0,zero,unstable
hybrid,morgan_bit_0475,morgan_bit,10,50,0,0.0,0,0.0,0,0.0,523.78,523.5,3.9033737369885873,514,532,0.0,0.0,0.0,50,0,0,0,10,0.0,zero,unstable
hybrid,morgan_bit_0476,morgan_bit,10,50,0,0.0,0,0.0,0,0.0,524.78,524.5,3.9033737369885873,515,533,0.0,0.0,0.0,50,0,0,0,10,0.0,zero,unstable
hybrid,morgan_bit_0477,morgan_bit,10,50,0,0.0,0,0.0,0,0.0,525.78,525.5,3.9033737369885873,516,534,0.0,0.0,0.0,50,0,0,0,10,0.0,zero,unstable
hybrid,morgan_bit_0478,morgan_bit,10,50,0,0.0,0,0.0,0,0.0,526.78,526.5,3.9033737369885873,517,535,0.0,0.0,0.0,50,0,0,0,10,0.0,zero,unstable
hybrid,morgan_bit_0479,morgan_bit,10,50,0,0.0,0,0.0,0,0.0,527.78,527.5,3.9033737369885873,518,536,0.0,0.0,0.0,50,0,0,0,10,0.0,zero,unstable
hybrid,morgan_bit_0480,morgan_bit,10,50,0,0.0,0,0.0,0,0.0,528.78,528.5,3.9033737369885873,519,537,0.0,0.0,0.0,50,0,0,0,10,0.0,zero,unstable
hybrid,morgan_bit_0481,morgan_bit,10,50,0,0.0,0,0.0,0,0.0,529.78,529.5,3.9033737369885873,520,538,0.0,0.0,0.0,50,0,0,0,10,0.0,zero,unstable
hybrid,morgan_bit_0482,morgan_bit,10,50,0,0.0,0,0.0,0,0.0,521.54,530.0,65.42146249589688,69,539,4.0200498141839825e-05,0.00028426044843172154,2.0485504144571702e-05,49,1,1,0,9,1.0,positive,unstable
hybrid,morgan_bit_0483,morgan_bit,10,50,0,0.0,0,0.0,0,0.0,531.76,531.0,3.90478513349653,522,540,0.0,0.0,0.0,50,0,0,0,10,0.0,zero,unstable
hybrid,morgan_bit_0484,morgan_bit,10,50,0,0.0,0,0.0,0,0.0,532.76,532.0,3.90478513349653,523,541,0.0,0.0,0.0,50,0,0,0,10,0.0,zero,unstable
hybrid,morgan_bit_0485,morgan_bit,10,50,0,0.0,0,0.0,0,0.0,533.76,533.0,3.90478513349653,524,542,0.0,0.0,0.0,50,0,0,0,10,0.0,zero,unstable
hybrid,morgan_bit_0486,morgan_bit,10,50,0,0.0,0,0.0,0,0.0,525.4,534.0,66.55333905053533,65,543,0.00011214902024192425,0.0007930133271649202,1.2836083646280697e-05,49,1,1,0,9,1.0,positive,unstable
hybrid,morgan_bit_0487,morgan_bit,10,50,0,0.0,0,0.0,0,0.0,535.74,535.0,3.9165269912856964,526,544,0.0,0.0,0.0,50,0,0,0,10,0.0,zero,unstable
hybrid,morgan_bit_0488,morgan_bit,10,50,0,0.0,0,0.0,0,0.0,536.74,536.0,3.9165269912856964,527,545,0.0,0.0,0.0,50,0,0,0,10,0.0,zero,unstable
hybrid,morgan_bit_0489,morgan_bit,10,50,0,0.0,0,0.0,0,0.0,537.74,537.0,3.9165269912856964,528,546,0.0,0.0,0.0,50,0,0,0,10,0.0,zero,unstable
hybrid,morgan_bit_0490,morgan_bit,10,50,0,0.0,0,0.0,0,0.0,538.74,538.0,3.9165269912856964,529,547,0.0,0.0,0.0,50,0,0,0,10,0.0,zero,unstable
hybrid,morgan_bit_0491,morgan_bit,10,50,0,0.0,0,0.0,0,0.0,539.74,539.0,3.9165269912856964,530,548,0.0,0.0,0.0,50,0,0,0,10,0.0,zero,unstable
hybrid,morgan_bit_0492,morgan_bit,10,50,0,0.0,0,0.0,0,0.0,540.74,540.0,3.9165269912856964,531,549,0.0,0.0,0.0,50,0,0,0,10,0.0,zero,unstable
hybrid,morgan_bit_0493,morgan_bit,10,50,0,0.0,0,0.0,0,0.0,541.74,541.0,3.9165269912856964,532,550,0.0,0.0,0.0,50,0,0,0,10,0.0,zero,unstable
hybrid,morgan_bit_0494,morgan_bit,10,50,0,0.0,0,0.0,0,0.0,542.74,542.0,3.9165269912856964,533,551,0.0,0.0,0.0,50,0,0,0,10,0.0,zero,unstable
hybrid,morgan_bit_0495,morgan_bit,10,50,0,0.0,0,0.0,0,0.0,543.74,543.0,3.9165269912856964,534,552,0.0,0.0,0.0,50,0,0,0,10,0.0,zero,unstable
hybrid,morgan_bit_0496,morgan_bit,10,50,0,0.0,0,0.0,0,0.0,544.74,544.0,3.9165269912856964,535,553,0.0,0.0,0.0,50,0,0,0,10,0.0,zero,unstable
hybrid,morgan_bit_0497,morgan_bit,10,50,0,0.0,0,0.0,0,0.0,545.74,545.0,3.9165269912856964,536,554,0.0,0.0,0.0,50,0,0,0,10,0.0,zero,unstable
hybrid,morgan_bit_0498,morgan_bit,10,50,0,0.0,0,0.0,0,0.0,546.74,546.0,3.9165269912856964,537,555,0.0,0.0,0.0,50,0,0,0,10,0.0,zero,unstable
hybrid,morgan_bit_0499,morgan_bit,10,50,0,0.0,0,0.0,0,0.0,547.74,547.0,3.9165269912856964,538,556,0.0,0.0,0.0,50,0,0,0,10,0.0,zero,unstable
hybrid,morgan_bit_0500,morgan_bit,10,50,0,0.0,0,0.0,0,0.0,173.72,47.0,223.2225063629086,25,551,0.038042375551145306,0.041717334819124194,0.0029011002426584023,13,10,10,0,0,1.0,positive,unstable
hybrid,morgan_bit_0501,morgan_bit,10,50,0,0.0,0,0.0,0,0.0,549.0,549.0,3.7688302737922625,540,557,0.0,0.0,0.0,50,0,0,0,10,0.0,zero,unstable
hybrid,morgan_bit_0502,morgan_bit,10,50,0,0.0,0,0.0,0,0.0,550.0,550.0,3.7688302737922625,541,558,0.0,0.0,0.0,50,0,0,0,10,0.0,zero,unstable
hybrid,morgan_bit_0503,morgan_bit,10,50,0,0.0,0,0.0,0,0.0,551.0,551.0,3.7688302737922625,542,559,0.0,0.0,0.0,50,0,0,0,10,0.0,zero,unstable
hybrid,morgan_bit_0504,morgan_bit,10,50,0,0.0,0,0.0,0,0.0,552.0,552.0,3.7688302737922625,543,560,0.0,0.0,0.0,50,0,0,0,10,0.0,zero,unstable
hybrid,morgan_bit_0505,morgan_bit,10,50,0,0.0,0,0.0,0,0.0,553.0,553.0,3.7688302737922625,544,561,0.0,0.0,0.0,50,0,0,0,10,0.0,zero,unstable
hybrid,morgan_bit_0506,morgan_bit,10,50,0,0.0,0,0.0,0,0.0,554.0,554.0,3.7688302737922625,545,562,0.0,0.0,0.0,50,0,0,0,10,0.0,zero,unstable
hybrid,morgan_bit_0507,morgan_bit,10,50,0,0.0,0,0.0,0,0.0,555.0,555.0,3.7688302737922625,546,563,0.0,0.0,0.0,50,0,0,0,10,0.0,zero,unstable
hybrid,morgan_bit_0508,morgan_bit,10,50,0,0.0,0,0.0,0,0.0,203.16,58.5,232.66761436759995,32,564,0.018009015519518605,0.021513111610769655,-0.0017897654588435712,15,10,1,9,0,0.9,negative,unstable
hybrid,morgan_bit_0509,morgan_bit,10,50,0,0.0,0,0.0,0,0.0,556.3,556.0,3.682556787042926,548,565,0.0,0.0,0.0,50,0,0,0,10,0.0,zero,unstable
hybrid,morgan_bit_0510,morgan_bit,10,50,0,0.0,0,0.0,0,0.0,557.3,557.0,3.682556787042926,549,566,0.0,0.0,0.0,50,0,0,0,10,0.0,zero,unstable
hybrid,morgan_bit_0511,morgan_bit,10,50,0,0.0,0,0.0,0,0.0,558.3,558.0,3.682556787042926,550,567,0.0,0.0,0.0,50,0,0,0,10,0.0,zero,unstable
hybrid,morgan_bit_0512,morgan_bit,10,50,0,0.0,0,0.0,0,0.0,559.3,559.0,3.682556787042926,551,568,0.0,0.0,0.0,50,0,0,0,10,0.0,zero,unstable
hybrid,morgan_bit_0513,morgan_bit,10,50,0,0.0,0,0.0,0,0.0,560.3,560.0,3.682556787042926,552,569,0.0,0.0,0.0,50,0,0,0,10,0.0,zero,unstable
hybrid,morgan_bit_0514,morgan_bit,10,50,0,0.0,0,0.0,0,0.0,561.3,561.0,3.682556787042926,553,570,0.0,0.0,0.0,50,0,0,0,10,0.0,zero,unstable
hybrid,morgan_bit_0515,morgan_bit,10,50,0,0.0,0,0.0,0,0.0,562.3,562.0,3.682556787042926,554,571,0.0,0.0,0.0,50,0,0,0,10,0.0,zero,unstable
hybrid,morgan_bit_0516,morgan_bit,10,50,0,0.0,0,0.0,0,0.0,563.3,563.0,3.682556787042926,555,572,0.0,0.0,0.0,50,0,0,0,10,0.0,zero,unstable
hybrid,morgan_bit_0517,morgan_bit,10,50,0,0.0,0,0.0,0,0.0,564.3,564.0,3.682556787042926,556,573,0.0,0.0,0.0,50,0,0,0,10,0.0,zero,unstable
hybrid,morgan_bit_0518,morgan_bit,10,50,0,0.0,0,0.0,0,0.0,565.3,565.0,3.682556787042926,557,574,0.0,0.0,0.0,50,0,0,0,10,0.0,zero,unstable
hybrid,morgan_bit_0519,morgan_bit,10,50,0,0.0,0,0.0,0,0.0,566.3,566.0,3.682556787042926,558,575,0.0,0.0,0.0,50,0,0,0,10,0.0,zero,unstable
hybrid,morgan_bit_0520,morgan_bit,10,50,0,0.0,0,0.0,0,0.0,567.3,567.0,3.682556787042926,559,576,0.0,0.0,0.0,50,0,0,0,10,0.0,zero,unstable
hybrid,morgan_bit_0521,morgan_bit,10,50,0,0.0,0,0.0,0,0.0,568.3,568.0,3.682556787042926,560,577,0.0,0.0,0.0,50,0,0,0,10,0.0,zero,unstable
hybrid,morgan_bit_0522,morgan_bit,10,50,0,0.0,0,0.0,0,0.0,569.3,569.0,3.682556787042926,561,578,0.0,0.0,0.0,50,0,0,0,10,0.0,zero,unstable
hybrid,morgan_bit_0523,morgan_bit,10,50,0,0.0,0,0.0,0,0.0,357.2,566.0,252.59518311047074,47,579,0.0028594954136563176,0.005030402136873477,-0.0010174215920176503,29,10,0,10,0,1.0,negative,unstable
hybrid,morgan_bit_0524,morgan_bit,10,50,0,0.0,0,0.0,0,0.0,529.88,571.0,141.05645707174364,54,580,0.0010307282565744016,0.0035429907522611295,0.0004106536923377499,46,4,4,0,6,1.0,positive,unstable
hybrid,morgan_bit_0525,morgan_bit,10,50,0,0.0,0,0.0,0,0.0,571.8,572.0,3.708787138784906,563,581,0.0,0.0,0.0,50,0,0,0,10,0.0,zero,unstable
hybrid,morgan_bit_0526,morgan_bit,10,50,0,0.0,0,0.0,0,0.0,572.8,573.0,3.708787138784906,564,582,0.0,0.0,0.0,50,0,0,0,10,0.0,zero,unstable
hybrid,morgan_bit_0527,morgan_bit,10,50,0,0.0,0,0.0,0,0.0,573.8,574.0,3.708787138784906,565,583,0.0,0.0,0.0,50,0,0,0,10,0.0,zero,unstable
hybrid,morgan_bit_0528,morgan_bit,10,50,0,0.0,0,0.0,0,0.0,574.8,575.0,3.708787138784906,566,584,0.0,0.0,0.0,50,0,0,0,10,0.0,zero,unstable
hybrid,morgan_bit_0529,morgan_bit,10,50,0,0.0,0,0.0,0,0.0,575.8,576.0,3.708787138784906,567,585,0.0,0.0,0.0,50,0,0,0,10,0.0,zero,unstable
hybrid,morgan_bit_0530,morgan_bit,10,50,0,0.0,0,0.0,0,0.0,576.8,577.0,3.708787138784906,568,586,0.0,0.0,0.0,50,0,0,0,10,0.0,zero,unstable
hybrid,morgan_bit_0531,morgan_bit,10,50,0,0.0,0,0.0,0,0.0,577.8,578.0,3.708787138784906,569,587,0.0,0.0,0.0,50,0,0,0,10,0.0,zero,unstable
hybrid,morgan_bit_0532,morgan_bit,10,50,0,0.0,0,0.0,0,0.0,578.8,579.0,3.708787138784906,570,588,0.0,0.0,0.0,50,0,0,0,10,0.0,zero,unstable
hybrid,morgan_bit_0533,morgan_bit,10,50,0,0.0,0,0.0,0,0.0,579.8,580.0,3.708787138784906,571,589,0.0,0.0,0.0,50,0,0,0,10,0.0,zero,unstable
hybrid,morgan_bit_0534,morgan_bit,10,50,0,0.0,0,0.0,0,0.0,580.8,581.0,3.708787138784906,572,590,0.0,0.0,0.0,50,0,0,0,10,0.0,zero,unstable
hybrid,morgan_bit_0535,morgan_bit,10,50,0,0.0,0,0.0,0,0.0,581.8,582.0,3.708787138784906,573,591,0.0,0.0,0.0,50,0,0,0,10,0.0,zero,unstable
hybrid,morgan_bit_0536,morgan_bit,10,50,0,0.0,0,0.0,0,0.0,582.8,583.0,3.708787138784906,574,592,0.0,0.0,0.0,50,0,0,0,10,0.0,zero,unstable
hybrid,morgan_bit_0537,morgan_bit,10,50,0,0.0,0,0.0,0,0.0,583.8,584.0,3.708787138784906,575,593,0.0,0.0,0.0,50,0,0,0,10,0.0,zero,unstable
hybrid,morgan_bit_0538,morgan_bit,10,50,0,0.0,0,0.0,0,0.0,584.8,585.0,3.708787138784906,576,594,0.0,0.0,0.0,50,0,0,0,10,0.0,zero,unstable
hybrid,morgan_bit_0539,morgan_bit,10,50,0,0.0,0,0.0,0,0.0,585.8,586.0,3.708787138784906,577,595,0.0,0.0,0.0,50,0,0,0,10,0.0,zero,unstable
hybrid,morgan_bit_0540,morgan_bit,10,50,0,0.0,0,0.0,0,0.0,586.8,587.0,3.708787138784906,578,596,0.0,0.0,0.0,50,0,0,0,10,0.0,zero,unstable
hybrid,morgan_bit_0541,morgan_bit,10,50,0,0.0,0,0.0,0,0.0,587.8,588.0,3.708787138784906,579,597,0.0,0.0,0.0,50,0,0,0,10,0.0,zero,unstable
hybrid,morgan_bit_0542,morgan_bit,10,50,0,0.0,0,0.0,0,0.0,588.8,589.0,3.708787138784906,580,598,0.0,0.0,0.0,50,0,0,0,10,0.0,zero,unstable
hybrid,morgan_bit_0543,morgan_bit,10,50,0,0.0,0,0.0,0,0.0,589.8,590.0,3.708787138784906,581,599,0.0,0.0,0.0,50,0,0,0,10,0.0,zero,unstable
hybrid,morgan_bit_0544,morgan_bit,10,50,0,0.0,0,0.0,0,0.0,590.8,591.0,3.708787138784906,582,600,0.0,0.0,0.0,50,0,0,0,10,0.0,zero,unstable
hybrid,morgan_bit_0545,morgan_bit,10,50,0,0.0,0,0.0,0,0.0,591.8,592.0,3.708787138784906,583,601,0.0,0.0,0.0,50,0,0,0,10,0.0,zero,unstable
hybrid,morgan_bit_0546,morgan_bit,10,50,0,0.0,0,0.0,0,0.0,592.8,593.0,3.708787138784906,584,602,0.0,0.0,0.0,50,0,0,0,10,0.0,zero,unstable
hybrid,morgan_bit_0547,morgan_bit,10,50,0,0.0,0,0.0,0,0.0,593.8,594.0,3.708787138784906,585,603,0.0,0.0,0.0,50,0,0,0,10,0.0,zero,unstable
hybrid,morgan_bit_0548,morgan_bit,10,50,0,0.0,0,0.0,0,0.0,594.8,595.0,3.708787138784906,586,604,0.0,0.0,0.0,50,0,0,0,10,0.0,zero,unstable
hybrid,morgan_bit_0549,morgan_bit,10,50,0,0.0,0,0.0,0,0.0,595.8,596.0,3.708787138784906,587,605,0.0,0.0,0.0,50,0,0,0,10,0.0,zero,unstable
hybrid,morgan_bit_0550,morgan_bit,10,50,0,0.0,0,0.0,0,0.0,596.8,597.0,3.708787138784906,588,606,0.0,0.0,0.0,50,0,0,0,10,0.0,zero,unstable
hybrid,morgan_bit_0551,morgan_bit,10,50,0,0.0,0,0.0,0,0.0,597.8,598.0,3.708787138784906,589,607,0.0,0.0,0.0,50,0,0,0,10,0.0,zero,unstable
hybrid,morgan_bit_0552,morgan_bit,10,50,0,0.0,0,0.0,8,0.16,140.42,28.0,231.3211470255681,15,605,0.14853374574394296,0.10632060037192895,-0.0009036313506490149,10,10,1,9,0,0.9,negative,unstable
hybrid,morgan_bit_0553,morgan_bit,10,50,0,0.0,0,0.0,0,0.0,599.0,599.0,3.7032803990902057,590,608,0.0,0.0,0.0,50,0,0,0,10,0.0,zero,unstable
hybrid,morgan_bit_0554,morgan_bit,10,50,0,0.0,0,0.0,0,0.0,600.0,600.0,3.7032803990902057,591,609,0.0,0.0,0.0,50,0,0,0,10,0.0,zero,unstable
hybrid,morgan_bit_0555,morgan_bit,10,50,0,0.0,0,0.0,0,0.0,601.0,601.0,3.7032803990902057,592,610,0.0,0.0,0.0,50,0,0,0,10,0.0,zero,unstable
hybrid,morgan_bit_0556,morgan_bit,10,50,0,0.0,0,0.0,0,0.0,602.0,602.0,3.7032803990902057,593,611,0.0,0.0,0.0,50,0,0,0,10,0.0,zero,unstable
hybrid,morgan_bit_0557,morgan_bit,10,50,0,0.0,0,0.0,0,0.0,603.0,603.0,3.7032803990902057,594,612,0.0,0.0,0.0,50,0,0,0,10,0.0,zero,unstable
hybrid,morgan_bit_0558,morgan_bit,10,50,0,0.0,0,0.0,0,0.0,604.0,604.0,3.7032803990902057,595,613,0.0,0.0,0.0,50,0,0,0,10,0.0,zero,unstable
hybrid,morgan_bit_0559,morgan_bit,10,50,0,0.0,0,0.0,0,0.0,605.0,605.0,3.7032803990902057,596,614,0.0,0.0,0.0,50,0,0,0,10,0.0,zero,unstable
hybrid,morgan_bit_0560,morgan_bit,10,50,0,0.0,0,0.0,0,0.0,606.0,606.0,3.7032803990902057,597,615,0.0,0.0,0.0,50,0,0,0,10,0.0,zero,unstable
hybrid,morgan_bit_0561,morgan_bit,10,50,0,0.0,0,0.0,0,0.0,528.94,605.0,195.49877707222288,26,616,0.006559582055337786,0.025984176026679216,0.00047342549576200174,43,6,6,0,4,1.0,positive,unstable
hybrid,morgan_bit_0562,morgan_bit,10,50,0,0.0,0,0.0,0,0.0,607.86,608.0,3.714340658934267,599,617,0.0,0.0,0.0,50,0,0,0,10,0.0,zero,unstable
hybrid,morgan_bit_0563,morgan_bit,10,50,0,0.0,0,0.0,0,0.0,608.86,609.0,3.714340658934267,600,618,0.0,0.0,0.0,50,0,0,0,10,0.0,zero,unstable
hybrid,morgan_bit_0564,morgan_bit,10,50,0,0.0,0,0.0,0,0.0,609.86,610.0,3.714340658934267,601,619,0.0,0.0,0.0,50,0,0,0,10,0.0,zero,unstable
hybrid,morgan_bit_0565,morgan_bit,10,50,0,0.0,0,0.0,0,0.0,610.86,611.0,3.714340658934267,602,620,0.0,0.0,0.0,50,0,0,0,10,0.0,zero,unstable
hybrid,morgan_bit_0566,morgan_bit,10,50,0,0.0,0,0.0,0,0.0,611.86,612.0,3.714340658934267,603,621,0.0,0.0,0.0,50,0,0,0,10,0.0,zero,unstable
hybrid,morgan_bit_0567,morgan_bit,10,50,0,0.0,0,0.0,0,0.0,612.86,613.0,3.714340658934267,604,622,0.0,0.0,0.0,50,0,0,0,10,0.0,zero,unstable
hybrid,morgan_bit_0568,morgan_bit,10,50,0,0.0,0,0.0,0,0.0,613.86,614.0,3.714340658934267,605,623,0.0,0.0,0.0,50,0,0,0,10,0.0,zero,unstable
hybrid,morgan_bit_0569,morgan_bit,10,50,0,0.0,0,0.0,0,0.0,614.86,615.0,3.714340658934267,606,624,0.0,0.0,0.0,50,0,0,0,10,0.0,zero,unstable
hybrid,morgan_bit_0570,morgan_bit,10,50,0,0.0,0,0.0,0,0.0,615.86,616.0,3.714340658934267,607,625,0.0,0.0,0.0,50,0,0,0,10,0.0,zero,unstable
hybrid,morgan_bit_0571,morgan_bit,10,50,0,0.0,0,0.0,0,0.0,616.86,617.0,3.714340658934267,608,626,0.0,0.0,0.0,50,0,0,0,10,0.0,zero,unstable
hybrid,morgan_bit_0572,morgan_bit,10,50,0,0.0,0,0.0,0,0.0,617.86,618.0,3.714340658934267,609,627,0.0,0.0,0.0,50,0,0,0,10,0.0,zero,unstable
hybrid,morgan_bit_0573,morgan_bit,10,50,0,0.0,0,0.0,0,0.0,618.86,619.0,3.714340658934267,610,628,0.0,0.0,0.0,50,0,0,0,10,0.0,zero,unstable
hybrid,morgan_bit_0574,morgan_bit,10,50,0,0.0,0,0.0,0,0.0,619.86,620.0,3.714340658934267,611,629,0.0,0.0,0.0,50,0,0,0,10,0.0,zero,unstable
hybrid,morgan_bit_0575,morgan_bit,10,50,0,0.0,0,0.0,0,0.0,620.86,621.0,3.714340658934267,612,630,0.0,0.0,0.0,50,0,0,0,10,0.0,zero,unstable
hybrid,morgan_bit_0576,morgan_bit,10,50,0,0.0,0,0.0,0,0.0,621.86,622.0,3.714340658934267,613,631,0.0,0.0,0.0,50,0,0,0,10,0.0,zero,unstable
hybrid,morgan_bit_0577,morgan_bit,10,50,0,0.0,0,0.0,0,0.0,622.86,623.0,3.714340658934267,614,632,0.0,0.0,0.0,50,0,0,0,10,0.0,zero,unstable
hybrid,morgan_bit_0578,morgan_bit,10,50,0,0.0,0,0.0,0,0.0,623.86,624.0,3.714340658934267,615,633,0.0,0.0,0.0,50,0,0,0,10,0.0,zero,unstable
hybrid,morgan_bit_0579,morgan_bit,10,50,0,0.0,0,0.0,0,0.0,624.86,625.0,3.714340658934267,616,634,0.0,0.0,0.0,50,0,0,0,10,0.0,zero,unstable
hybrid,morgan_bit_0580,morgan_bit,10,50,0,0.0,0,0.0,0,0.0,625.86,626.0,3.714340658934267,617,635,0.0,0.0,0.0,50,0,0,0,10,0.0,zero,unstable
hybrid,morgan_bit_0581,morgan_bit,10,50,0,0.0,0,0.0,0,0.0,626.86,627.0,3.714340658934267,618,636,0.0,0.0,0.0,50,0,0,0,10,0.0,zero,unstable
hybrid,morgan_bit_0582,morgan_bit,10,50,0,0.0,0,0.0,0,0.0,627.86,628.0,3.714340658934267,619,637,0.0,0.0,0.0,50,0,0,0,10,0.0,zero,unstable
hybrid,morgan_bit_0583,morgan_bit,10,50,0,0.0,0,0.0,0,0.0,628.86,629.0,3.714340658934267,620,638,0.0,0.0,0.0,50,0,0,0,10,0.0,zero,unstable
hybrid,morgan_bit_0584,morgan_bit,10,50,0,0.0,0,0.0,0,0.0,629.86,630.0,3.714340658934267,621,639,0.0,0.0,0.0,50,0,0,0,10,0.0,zero,unstable
hybrid,morgan_bit_0585,morgan_bit,10,50,0,0.0,0,0.0,0,0.0,630.86,631.0,3.714340658934267,622,640,0.0,0.0,0.0,50,0,0,0,10,0.0,zero,unstable
hybrid,morgan_bit_0586,morgan_bit,10,50,0,0.0,0,0.0,0,0.0,631.86,632.0,3.714340658934267,623,641,0.0,0.0,0.0,50,0,0,0,10,0.0,zero,unstable
hybrid,morgan_bit_0587,morgan_bit,10,50,0,0.0,0,0.0,0,0.0,632.86,633.0,3.714340658934267,624,642,0.0,0.0,0.0,50,0,0,0,10,0.0,zero,unstable
hybrid,morgan_bit_0588,morgan_bit,10,50,0,0.0,0,0.0,0,0.0,633.86,634.0,3.714340658934267,625,643,0.0,0.0,0.0,50,0,0,0,10,0.0,zero,unstable
hybrid,morgan_bit_0589,morgan_bit,10,50,0,0.0,0,0.0,0,0.0,310.4,52.0,302.0264213337526,21,642,0.0533365781504366,0.0645445631744894,0.0005612352207568067,23,10,6,4,0,0.6,positive,unstable
hybrid,morgan_bit_0590,morgan_bit,10,50,0,0.0,0,0.0,0,0.0,579.4,634.0,169.34375135342012,72,644,0.00010520761557431046,0.0003400606532406748,-4.490738721218655e-05,45,4,0,4,6,1.0,negative,unstable
hybrid,morgan_bit_0591,morgan_bit,10,50,0,0.0,1,0.02,19,0.38,24.56,22.5,9.947125520593826,10,58,0.24535869701355903,0.1489873108308661,0.013160546886812799,0,10,10,0,0,1.0,positive,unstable
hybrid,morgan_bit_0592,morgan_bit,10,50,0,0.0,0,0.0,0,0.0,601.98,635.0,135.98371601191138,65,645,0.00013734115968884545,0.0005773385386309272,7.061354166532597e-05,47,3,3,0,7,1.0,positive,unstable
hybrid,morgan_bit_0593,morgan_bit,10,50,0,0.0,0,0.0,0,0.0,637.16,637.0,3.6160639329728306,629,646,0.0,0.0,0.0,50,0,0,0,10,0.0,zero,unstable
hybrid,morgan_bit_0594,morgan_bit,10,50,0,0.0,0,0.0,0,0.0,638.16,638.0,3.6160639329728306,630,647,0.0,0.0,0.0,50,0,0,0,10,0.0,zero,unstable
hybrid,morgan_bit_0595,morgan_bit,10,50,0,0.0,0,0.0,0,0.0,639.16,639.0,3.6160639329728306,631,648,0.0,0.0,0.0,50,0,0,0,10,0.0,zero,unstable
hybrid,morgan_bit_0596,morgan_bit,10,50,0,0.0,0,0.0,0,0.0,640.16,640.0,3.6160639329728306,632,649,0.0,0.0,0.0,50,0,0,0,10,0.0,zero,unstable
hybrid,morgan_bit_0597,morgan_bit,10,50,0,0.0,0,0.0,0,0.0,641.16,641.0,3.6160639329728306,633,650,0.0,0.0,0.0,50,0,0,0,10,0.0,zero,unstable
hybrid,morgan_bit_0598,morgan_bit,10,50,0,0.0,0,0.0,0,0.0,642.16,642.0,3.6160639329728306,634,651,0.0,0.0,0.0,50,0,0,0,10,0.0,zero,unstable
hybrid,morgan_bit_0599,morgan_bit,10,50,0,0.0,0,0.0,0,0.0,643.16,643.0,3.6160639329728306,635,652,0.0,0.0,0.0,50,0,0,0,10,0.0,zero,unstable
hybrid,morgan_bit_0600,morgan_bit,10,50,0,0.0,0,0.0,0,0.0,446.62,641.0,276.5970981298928,51,651,0.001981178371124936,0.003519684848209982,0.00047230657098749494,33,10,10,0,0,1.0,positive,unstable
hybrid,morgan_bit_0601,morgan_bit,10,50,0,0.0,0,0.0,0,0.0,644.82,644.5,3.4504658070634875,637,653,0.0,0.0,0.0,50,0,0,0,10,0.0,zero,unstable
hybrid,morgan_bit_0602,morgan_bit,10,50,0,0.0,0,0.0,0,0.0,645.82,645.5,3.4504658070634875,638,654,0.0,0.0,0.0,50,0,0,0,10,0.0,zero,unstable
hybrid,morgan_bit_0603,morgan_bit,10,50,0,0.0,0,0.0,0,0.0,646.82,646.5,3.4504658070634875,639,655,0.0,0.0,0.0,50,0,0,0,10,0.0,zero,unstable
hybrid,morgan_bit_0604,morgan_bit,10,50,0,0.0,0,0.0,0,0.0,647.82,647.5,3.4504658070634875,640,656,0.0,0.0,0.0,50,0,0,0,10,0.0,zero,unstable
hybrid,morgan_bit_0605,morgan_bit,10,50,0,0.0,0,0.0,0,0.0,648.82,648.5,3.4504658070634875,641,657,0.0,0.0,0.0,50,0,0,0,10,0.0,zero,unstable
hybrid,morgan_bit_0606,morgan_bit,10,50,0,0.0,0,0.0,0,0.0,649.82,649.5,3.4504658070634875,642,658,0.0,0.0,0.0,50,0,0,0,10,0.0,zero,unstable
hybrid,morgan_bit_0607,morgan_bit,10,50,0,0.0,0,0.0,0,0.0,650.82,650.5,3.4504658070634875,643,659,0.0,0.0,0.0,50,0,0,0,10,0.0,zero,unstable
hybrid,morgan_bit_0608,morgan_bit,10,50,0,0.0,0,0.0,0,0.0,651.82,651.5,3.4504658070634875,644,660,0.0,0.0,0.0,50,0,0,0,10,0.0,zero,unstable
hybrid,morgan_bit_0609,morgan_bit,10,50,0,0.0,0,0.0,0,0.0,652.82,652.5,3.4504658070634875,645,661,0.0,0.0,0.0,50,0,0,0,10,0.0,zero,unstable
hybrid,morgan_bit_0610,morgan_bit,10,50,0,0.0,0,0.0,0,0.0,653.82,653.5,3.4504658070634875,646,662,0.0,0.0,0.0,50,0,0,0,10,0.0,zero,unstable
hybrid,morgan_bit_0611,morgan_bit,10,50,0,0.0,0,0.0,0,0.0,654.82,654.5,3.4504658070634875,647,663,0.0,0.0,0.0,50,0,0,0,10,0.0,zero,unstable
hybrid,morgan_bit_0612,morgan_bit,10,50,0,0.0,0,0.0,0,0.0,655.82,655.5,3.4504658070634875,648,664,0.0,0.0,0.0,50,0,0,0,10,0.0,zero,unstable
hybrid,morgan_bit_0613,morgan_bit,10,50,0,0.0,0,0.0,0,0.0,656.82,656.5,3.4504658070634875,649,665,0.0,0.0,0.0,50,0,0,0,10,0.0,zero,unstable
hybrid,morgan_bit_0614,morgan_bit,10,50,0,0.0,0,0.0,0,0.0,657.82,657.5,3.4504658070634875,650,666,0.0,0.0,0.0,50,0,0,0,10,0.0,zero,unstable
hybrid,morgan_bit_0615,morgan_bit,10,50,0,0.0,0,0.0,0,0.0,658.82,658.5,3.4504658070634875,651,667,0.0,0.0,0.0,50,0,0,0,10,0.0,zero,unstable
hybrid,morgan_bit_0616,morgan_bit,10,50,0,0.0,0,0.0,0,0.0,659.82,659.5,3.4504658070634875,652,668,0.0,0.0,0.0,50,0,0,0,10,0.0,zero,unstable
hybrid,morgan_bit_0617,morgan_bit,10,50,0,0.0,0,0.0,0,0.0,660.82,660.5,3.4504658070634875,653,669,0.0,0.0,0.0,50,0,0,0,10,0.0,zero,unstable
hybrid,morgan_bit_0618,morgan_bit,10,50,0,0.0,0,0.0,0,0.0,661.82,661.5,3.4504658070634875,654,670,0.0,0.0,0.0,50,0,0,0,10,0.0,zero,unstable
hybrid,morgan_bit_0619,morgan_bit,10,50,0,0.0,0,0.0,0,0.0,662.82,662.5,3.4504658070634875,655,671,0.0,0.0,0.0,50,0,0,0,10,0.0,zero,unstable
hybrid,morgan_bit_0620,morgan_bit,10,50,0,0.0,0,0.0,0,0.0,663.82,663.5,3.4504658070634875,656,672,0.0,0.0,0.0,50,0,0,0,10,0.0,zero,unstable
hybrid,morgan_bit_0621,morgan_bit,10,50,0,0.0,0,0.0,0,0.0,664.82,664.5,3.4504658070634875,657,673,0.0,0.0,0.0,50,0,0,0,10,0.0,zero,unstable
hybrid,morgan_bit_0622,morgan_bit,10,50,0,0.0,0,0.0,0,0.0,665.82,665.5,3.4504658070634875,658,674,0.0,0.0,0.0,50,0,0,0,10,0.0,zero,unstable
hybrid,morgan_bit_0623,morgan_bit,10,50,0,0.0,0,0.0,0,0.0,595.06,666.0,196.513219163807,64,675,0.00037433225241959175,0.0010293986995232802,-4.0794358030859215e-05,44,5,0,5,5,1.0,negative,unstable
hybrid,morgan_bit_0624,morgan_bit,10,50,0,0.0,0,0.0,0,0.0,667.7,667.0,3.483195811496174,660,676,0.0,0.0,0.0,50,0,0,0,10,0.0,zero,unstable
hybrid,morgan_bit_0625,morgan_bit,10,50,0,0.0,0,0.0,0,0.0,668.7,668.0,3.483195811496174,661,677,0.0,0.0,0.0,50,0,0,0,10,0.0,zero,unstable
hybrid,morgan_bit_0626,morgan_bit,10,50,0,0.0,0,0.0,0,0.0,669.7,669.0,3.483195811496174,662,678,0.0,0.0,0.0,50,0,0,0,10,0.0,zero,unstable
hybrid,morgan_bit_0627,morgan_bit,10,50,0,0.0,0,0.0,0,0.0,670.7,670.0,3.483195811496174,663,679,0.0,0.0,0.0,50,0,0,0,10,0.0,zero,unstable
hybrid,morgan_bit_0628,morgan_bit,10,50,0,0.0,0,0.0,0,0.0,671.7,671.0,3.483195811496174,664,680,0.0,0.0,0.0,50,0,0,0,10,0.0,zero,unstable
hybrid,morgan_bit_0629,morgan_bit,10,50,0,0.0,0,0.0,0,0.0,672.7,672.0,3.483195811496174,665,681,0.0,0.0,0.0,50,0,0,0,10,0.0,zero,unstable
hybrid,morgan_bit_0630,morgan_bit,10,50,0,0.0,0,0.0,0,0.0,673.7,673.0,3.483195811496174,666,682,0.0,0.0,0.0,50,0,0,0,10,0.0,zero,unstable
hybrid,morgan_bit_0631,morgan_bit,10,50,0,0.0,0,0.0,0,0.0,674.7,674.0,3.483195811496174,667,683,0.0,0.0,0.0,50,0,0,0,10,0.0,zero,unstable
hybrid,morgan_bit_0632,morgan_bit,10,50,0,0.0,0,0.0,0,0.0,675.7,675.0,3.483195811496174,668,684,0.0,0.0,0.0,50,0,0,0,10,0.0,zero,unstable
hybrid,morgan_bit_0633,morgan_bit,10,50,0,0.0,0,0.0,0,0.0,676.7,676.0,3.483195811496174,669,685,0.0,0.0,0.0,50,0,0,0,10,0.0,zero,unstable
hybrid,morgan_bit_0634,morgan_bit,10,50,0,0.0,0,0.0,0,0.0,677.7,677.0,3.483195811496174,670,686,0.0,0.0,0.0,50,0,0,0,10,0.0,zero,unstable
hybrid,morgan_bit_0635,morgan_bit,10,50,0,0.0,0,0.0,0,0.0,678.7,678.0,3.483195811496174,671,687,0.0,0.0,0.0,50,0,0,0,10,0.0,zero,unstable
hybrid,morgan_bit_0636,morgan_bit,10,50,0,0.0,0,0.0,0,0.0,679.7,679.0,3.483195811496174,672,688,0.0,0.0,0.0,50,0,0,0,10,0.0,zero,unstable
hybrid,morgan_bit_0637,morgan_bit,10,50,0,0.0,0,0.0,0,0.0,680.7,680.0,3.483195811496174,673,689,0.0,0.0,0.0,50,0,0,0,10,0.0,zero,unstable
hybrid,morgan_bit_0638,morgan_bit,10,50,0,0.0,0,0.0,0,0.0,681.7,681.0,3.483195811496174,674,690,0.0,0.0,0.0,50,0,0,0,10,0.0,zero,unstable
hybrid,morgan_bit_0639,morgan_bit,10,50,0,0.0,0,0.0,0,0.0,682.7,682.0,3.483195811496174,675,691,0.0,0.0,0.0,50,0,0,0,10,0.0,zero,unstable
hybrid,morgan_bit_0640,morgan_bit,10,50,0,0.0,0,0.0,0,0.0,683.7,683.0,3.483195811496174,676,692,0.0,0.0,0.0,50,0,0,0,10,0.0,zero,unstable
hybrid,morgan_bit_0641,morgan_bit,10,50,0,0.0,0,0.0,0,0.0,672.62,684.0,85.15721115821547,83,693,1.3199049065147304e-05,9.333137099179618e-05,-5.25728106381999e-06,49,1,0,1,9,1.0,negative,unstable
hybrid,morgan_bit_0642,morgan_bit,10,50,0,0.0,0,0.0,0,0.0,685.68,685.0,3.4725747666830844,678,694,0.0,0.0,0.0,50,0,0,0,10,0.0,zero,unstable
hybrid,morgan_bit_0643,morgan_bit,10,50,0,0.0,0,0.0,0,0.0,661.78,686.0,123.617958209302,61,695,0.0002425367902964106,0.0012184716614537289,-2.730971372733172e-05,48,2,0,2,8,1.0,negative,unstable
hybrid,morgan_bit_0644,morgan_bit,10,50,0,0.0,0,0.0,0,0.0,687.64,687.0,3.4978710726406606,680,696,0.0,0.0,0.0,50,0,0,0,10,0.0,zero,unstable
hybrid,morgan_bit_0645,morgan_bit,10,50,0,0.0,0,0.0,0,0.0,688.64,688.0,3.4978710726406606,681,697,0.0,0.0,0.0,50,0,0,0,10,0.0,zero,unstable
hybrid,morgan_bit_0646,morgan_bit,10,50,0,0.0,0,0.0,0,0.0,689.64,689.0,3.4978710726406606,682,698,0.0,0.0,0.0,50,0,0,0,10,0.0,zero,unstable
hybrid,morgan_bit_0647,morgan_bit,10,50,0,0.0,0,0.0,0,0.0,690.64,690.0,3.4978710726406606,683,699,0.0,0.0,0.0,50,0,0,0,10,0.0,zero,unstable
hybrid,morgan_bit_0648,morgan_bit,10,50,0,0.0,0,0.0,0,0.0,691.64,691.0,3.4978710726406606,684,700,0.0,0.0,0.0,50,0,0,0,10,0.0,zero,unstable
hybrid,morgan_bit_0649,morgan_bit,10,50,0,0.0,0,0.0,0,0.0,692.64,692.0,3.4978710726406606,685,701,0.0,0.0,0.0,50,0,0,0,10,0.0,zero,unstable
hybrid,morgan_bit_0650,morgan_bit,10,50,1,0.02,28,0.56,36,0.72,14.6,10.0,10.600346548050942,3,49,0.6695381288938289,0.4323584842294862,-0.015610525068347396,0,10,1,9,0,0.9,negative,unstable
hybrid,morgan_bit_0651,morgan_bit,10,50,0,0.0,0,0.0,0,0.0,693.64,693.0,3.4978710726406606,686,702,0.0,0.0,0.0,50,0,0,0,10,0.0,zero,unstable
hybrid,morgan_bit_0652,morgan_bit,10,50,0,0.0,0,0.0,0,0.0,619.48,694.0,206.06094204563536,58,703,0.00038304358585397694,0.0011604901888844538,6.75370070148196e-05,44,6,6,0,4,1.0,positive,unstable
hybrid,morgan_bit_0653,morgan_bit,10,50,0,0.0,0,0.0,0,0.0,695.52,695.0,3.55275116161075,688,704,0.0,0.0,0.0,50,0,0,0,10,0.0,zero,unstable
hybrid,morgan_bit_0654,morgan_bit,10,50,0,0.0,0,0.0,0,0.0,696.52,696.0,3.55275116161075,689,705,0.0,0.0,0.0,50,0,0,0,10,0.0,zero,unstable
hybrid,morgan_bit_0655,morgan_bit,10,50,0,0.0,0,0.0,0,0.0,697.52,697.0,3.55275116161075,690,706,0.0,0.0,0.0,50,0,0,0,10,0.0,zero,unstable
hybrid,morgan_bit_0656,morgan_bit,10,50,0,0.0,0,0.0,0,0.0,648.0,698.0,172.5144182084382,62,707,0.0002753087366504525,0.0011307849482912143,-8.950941209798972e-05,46,3,0,3,7,1.0,negative,unstable
hybrid,morgan_bit_0657,morgan_bit,10,50,0,0.0,0,0.0,0,0.0,699.44,699.0,3.5176522782987534,692,708,0.0,0.0,0.0,50,0,0,0,10,0.0,zero,unstable
hybrid,morgan_bit_0658,morgan_bit,10,50,0,0.0,0,0.0,0,0.0,700.44,700.0,3.5176522782987534,693,709,0.0,0.0,0.0,50,0,0,0,10,0.0,zero,unstable
hybrid,morgan_bit_0659,morgan_bit,10,50,0,0.0,0,0.0,0,0.0,701.44,701.0,3.5176522782987534,694,710,0.0,0.0,0.0,50,0,0,0,10,0.0,zero,unstable
hybrid,morgan_bit_0660,morgan_bit,10,50,0,0.0,0,0.0,0,0.0,702.44,702.0,3.5176522782987534,695,711,0.0,0.0,0.0,50,0,0,0,10,0.0,zero,unstable
hybrid,morgan_bit_0661,morgan_bit,10,50,0,0.0,0,0.0,0,0.0,703.44,703.0,3.5176522782987534,696,712,0.0,0.0,0.0,50,0,0,0,10,0.0,zero,unstable
hybrid,morgan_bit_0662,morgan_bit,10,50,0,0.0,0,0.0,0,0.0,704.44,704.0,3.5176522782987534,697,713,0.0,0.0,0.0,50,0,0,0,10,0.0,zero,unstable
hybrid,morgan_bit_0663,morgan_bit,10,50,0,0.0,0,0.0,0,0.0,705.44,705.0,3.5176522782987534,698,714,0.0,0.0,0.0,50,0,0,0,10,0.0,zero,unstable
hybrid,morgan_bit_0664,morgan_bit,10,50,0,0.0,0,0.0,0,0.0,706.44,706.0,3.5176522782987534,699,715,0.0,0.0,0.0,50,0,0,0,10,0.0,zero,unstable
hybrid,morgan_bit_0665,morgan_bit,10,50,0,0.0,0,0.0,0,0.0,707.44,707.0,3.5176522782987534,700,716,0.0,0.0,0.0,50,0,0,0,10,0.0,zero,unstable
hybrid,morgan_bit_0666,morgan_bit,10,50,0,0.0,0,0.0,0,0.0,708.44,708.0,3.5176522782987534,701,717,0.0,0.0,0.0,50,0,0,0,10,0.0,zero,unstable
hybrid,morgan_bit_0667,morgan_bit,10,50,0,0.0,0,0.0,0,0.0,709.44,709.0,3.5176522782987534,702,718,0.0,0.0,0.0,50,0,0,0,10,0.0,zero,unstable
hybrid,morgan_bit_0668,morgan_bit,10,50,0,0.0,0,0.0,0,0.0,710.44,710.0,3.5176522782987534,703,719,0.0,0.0,0.0,50,0,0,0,10,0.0,zero,unstable
hybrid,morgan_bit_0669,morgan_bit,10,50,0,0.0,0,0.0,0,0.0,711.44,711.0,3.5176522782987534,704,720,0.0,0.0,0.0,50,0,0,0,10,0.0,zero,unstable
hybrid,morgan_bit_0670,morgan_bit,10,50,0,0.0,0,0.0,0,0.0,712.44,712.0,3.5176522782987534,705,721,0.0,0.0,0.0,50,0,0,0,10,0.0,zero,unstable
hybrid,morgan_bit_0671,morgan_bit,10,50,0,0.0,0,0.0,0,0.0,713.44,713.0,3.5176522782987534,706,722,0.0,0.0,0.0,50,0,0,0,10,0.0,zero,unstable
hybrid,morgan_bit_0672,morgan_bit,10,50,0,0.0,0,0.0,0,0.0,714.44,714.0,3.5176522782987534,707,723,0.0,0.0,0.0,50,0,0,0,10,0.0,zero,unstable
hybrid,morgan_bit_0673,morgan_bit,10,50,0,0.0,0,0.0,0,0.0,611.68,714.5,239.49380631929947,63,723,0.000724023947307573,0.0018375153594543169,-0.00021914776976392672,42,7,0,7,3,1.0,negative,unstable
hybrid,morgan_bit_0674,morgan_bit,10,50,0,0.0,0,0.0,0,0.0,133.98,39.5,237.8012795832448,24,722,0.05767292560623221,0.04801739227458364,0.026297910827228252,7,10,10,0,0,1.0,positive,unstable
hybrid,morgan_bit_0675,morgan_bit,10,50,0,0.0,0,0.0,0,0.0,716.42,716.0,3.5056223063961185,709,724,0.0,0.0,0.0,50,0,0,0,10,0.0,zero,unstable
hybrid,morgan_bit_0676,morgan_bit,10,50,0,0.0,0,0.0,0,0.0,717.42,717.0,3.5056223063961185,710,725,0.0,0.0,0.0,50,0,0,0,10,0.0,zero,unstable
hybrid,morgan_bit_0677,morgan_bit,10,50,0,0.0,0,0.0,0,0.0,627.4,717.5,227.49397839081726,65,726,0.00039250267148276683,0.0010522884130513303,0.00010202280563297107,43,6,6,0,4,1.0,positive,unstable
hybrid,morgan_bit_0678,morgan_bit,10,50,0,0.0,0,0.0,0,0.0,719.28,719.0,3.481965196933057,712,727,0.0,0.0,0.0,50,0,0,0,10,0.0,zero,unstable
hybrid,morgan_bit_0679,morgan_bit,10,50,0,0.0,0,0.0,0,0.0,720.28,720.0,3.481965196933057,713,728,0.0,0.0,0.0,50,0,0,0,10,0.0,zero,unstable
hybrid,morgan_bit_0680,morgan_bit,10,50,0,0.0,0,0.0,0,0.0,721.28,721.0,3.481965196933057,714,729,0.0,0.0,0.0,50,0,0,0,10,0.0,zero,unstable
hybrid,morgan_bit_0681,morgan_bit,10,50,0,0.0,0,0.0,0,0.0,722.28,722.0,3.481965196933057,715,730,0.0,0.0,0.0,50,0,0,0,10,0.0,zero,unstable
hybrid,morgan_bit_0682,morgan_bit,10,50,0,0.0,0,0.0,0,0.0,723.28,723.0,3.481965196933057,716,731,0.0,0.0,0.0,50,0,0,0,10,0.0,zero,unstable
hybrid,morgan_bit_0683,morgan_bit,10,50,0,0.0,0,0.0,0,0.0,724.28,724.0,3.481965196933057,717,732,0.0,0.0,0.0,50,0,0,0,10,0.0,zero,unstable
hybrid,morgan_bit_0684,morgan_bit,10,50,0,0.0,0,0.0,0,0.0,725.28,725.0,3.481965196933057,718,733,0.0,0.0,0.0,50,0,0,0,10,0.0,zero,unstable
hybrid,morgan_bit_0685,morgan_bit,10,50,0,0.0,0,0.0,0,0.0,726.28,726.0,3.481965196933057,719,734,0.0,0.0,0.0,50,0,0,0,10,0.0,zero,unstable
hybrid,morgan_bit_0686,morgan_bit,10,50,0,0.0,0,0.0,0,0.0,727.28,727.0,3.481965196933057,720,735,0.0,0.0,0.0,50,0,0,0,10,0.0,zero,unstable
hybrid,morgan_bit_0687,morgan_bit,10,50,0,0.0,0,0.0,0,0.0,728.28,728.0,3.481965196933057,721,736,0.0,0.0,0.0,50,0,0,0,10,0.0,zero,unstable
hybrid,morgan_bit_0688,morgan_bit,10,50,0,0.0,0,0.0,0,0.0,729.28,729.0,3.481965196933057,722,737,0.0,0.0,0.0,50,0,0,0,10,0.0,zero,unstable
hybrid,morgan_bit_0689,morgan_bit,10,50,0,0.0,0,0.0,0,0.0,730.28,730.0,3.481965196933057,723,738,0.0,0.0,0.0,50,0,0,0,10,0.0,zero,unstable
hybrid,morgan_bit_0690,morgan_bit,10,50,0,0.0,0,0.0,0,0.0,704.98,731.0,130.7701660415349,69,739,5.8111151101706376e-05,0.0002877110981839618,-1.8109889802578884e-05,48,2,0,2,8,1.0,negative,unstable
hybrid,morgan_bit_0691,morgan_bit,10,50,0,0.0,0,0.0,0,0.0,492.08,729.5,323.9025325807826,40,740,0.0024105842275455973,0.005979033171826385,-0.000994446229637691,32,10,0,10,0,1.0,negative,unstable
hybrid,morgan_bit_0692,morgan_bit,10,50,0,0.0,0,0.0,0,0.0,732.88,733.0,3.606343617254779,725,741,0.0,0.0,0.0,50,0,0,0,10,0.0,zero,unstable
hybrid,morgan_bit_0693,morgan_bit,10,50,0,0.0,0,0.0,0,0.0,733.88,734.0,3.606343617254779,726,742,0.0,0.0,0.0,50,0,0,0,10,0.0,zero,unstable
hybrid,morgan_bit_0694,morgan_bit,10,50,0,0.0,0,0.0,0,0.0,666.36,734.0,207.72909752652293,34,743,0.003333319313537071,0.013009803068361256,0.000230170567469615,45,4,4,0,6,1.0,positive,unstable
hybrid,morgan_bit_0695,morgan_bit,10,50,0,0.0,3,0.06,36,0.72,18.58,17.0,6.925522156693829,8,40,0.36020159730967904,0.16463532738083925,0.0064541784645047685,0,10,10,0,0,1.0,positive,unstable
hybrid,morgan_bit_0696,morgan_bit,10,50,0,0.0,0,0.0,0,0.0,735.78,736.0,3.6213088174057195,728,744,0.0,0.0,0.0,50,0,0,0,10,0.0,zero,unstable
hybrid,morgan_bit_0697,morgan_bit,10,50,0,0.0,0,0.0,0,0.0,736.78,737.0,3.6213088174057195,729,745,0.0,0.0,0.0,50,0,0,0,10,0.0,zero,unstable
hybrid,morgan_bit_0698,morgan_bit,10,50,0,0.0,0,0.0,0,0.0,737.78,738.0,3.6213088174057195,730,746,0.0,0.0,0.0,50,0,0,0,10,0.0,zero,unstable
hybrid,morgan_bit_0699,morgan_bit,10,50,0,0.0,0,0.0,0,0.0,738.78,739.0,3.6213088174057195,731,747,0.0,0.0,0.0,50,0,0,0,10,0.0,zero,unstable
hybrid,morgan_bit_0700,morgan_bit,10,50,0,0.0,0,0.0,0,0.0,739.78,740.0,3.6213088174057195,732,748,0.0,0.0,0.0,50,0,0,0,10,0.0,zero,unstable
hybrid,morgan_bit_0701,morgan_bit,10,50,0,0.0,0,0.0,0,0.0,740.78,741.0,3.6213088174057195,733,749,0.0,0.0,0.0,50,0,0,0,10,0.0,zero,unstable
hybrid,morgan_bit_0702,morgan_bit,10,50,0,0.0,0,0.0,0,0.0,741.78,742.0,3.6213088174057195,734,750,0.0,0.0,0.0,50,0,0,0,10,0.0,zero,unstable
hybrid,morgan_bit_0703,morgan_bit,10,50,0,0.0,0,0.0,0,0.0,729.36,742.5,94.93107273927,72,751,7.531902424543707e-05,0.0005325859279630253,3.4704596708788885e-05,49,1,1,0,9,1.0,positive,unstable
hybrid,morgan_bit_0704,morgan_bit,10,50,0,0.0,0,0.0,0,0.0,743.76,743.5,3.6228301035493886,736,752,0.0,0.0,0.0,50,0,0,0,10,0.0,zero,unstable
hybrid,morgan_bit_0705,morgan_bit,10,50,0,0.0,0,0.0,0,0.0,744.76,744.5,3.6228301035493886,737,753,0.0,0.0,0.0,50,0,0,0,10,0.0,zero,unstable
hybrid,morgan_bit_0706,morgan_bit,10,50,0,0.0,0,0.0,0,0.0,745.76,745.5,3.6228301035493886,738,754,0.0,0.0,0.0,50,0,0,0,10,0.0,zero,unstable
hybrid,morgan_bit_0707,morgan_bit,10,50,0,0.0,0,0.0,0,0.0,746.76,746.5,3.6228301035493886,739,755,0.0,0.0,0.0,50,0,0,0,10,0.0,zero,unstable
hybrid,morgan_bit_0708,morgan_bit,10,50,0,0.0,0,0.0,0,0.0,747.76,747.5,3.6228301035493886,740,756,0.0,0.0,0.0,50,0,0,0,10,0.0,zero,unstable
hybrid,morgan_bit_0709,morgan_bit,10,50,0,0.0,0,0.0,0,0.0,748.76,748.5,3.6228301035493886,741,757,0.0,0.0,0.0,50,0,0,0,10,0.0,zero,unstable
hybrid,morgan_bit_0710,morgan_bit,10,50,0,0.0,0,0.0,0,0.0,749.76,749.5,3.6228301035493886,742,758,0.0,0.0,0.0,50,0,0,0,10,0.0,zero,unstable
hybrid,morgan_bit_0711,morgan_bit,10,50,0,0.0,0,0.0,0,0.0,750.76,750.5,3.6228301035493886,743,759,0.0,0.0,0.0,50,0,0,0,10,0.0,zero,unstable
hybrid,morgan_bit_0712,morgan_bit,10,50,0,0.0,0,0.0,0,0.0,751.76,751.5,3.6228301035493886,744,760,0.0,0.0,0.0,50,0,0,0,10,0.0,zero,unstable
hybrid,morgan_bit_0713,morgan_bit,10,50,0,0.0,0,0.0,0,0.0,752.76,752.5,3.6228301035493886,745,761,0.0,0.0,0.0,50,0,0,0,10,0.0,zero,unstable
hybrid,morgan_bit_0714,morgan_bit,10,50,0,0.0,0,0.0,0,0.0,753.76,753.5,3.6228301035493886,746,762,0.0,0.0,0.0,50,0,0,0,10,0.0,zero,unstable
hybrid,morgan_bit_0715,morgan_bit,10,50,0,0.0,0,0.0,0,0.0,344.82,60.0,353.0197826450743,29,762,0.020280598676258532,0.02814221614091893,0.0019270739050941108,21,10,10,0,0,1.0,positive,unstable
hybrid,morgan_bit_0716,morgan_bit,10,50,0,0.0,0,0.0,0,0.0,755.18,755.0,3.729036643117668,748,763,0.0,0.0,0.0,50,0,0,0,10,0.0,zero,unstable
hybrid,morgan_bit_0717,morgan_bit,10,50,0,0.0,0,0.0,0,0.0,756.18,756.0,3.729036643117668,749,764,0.0,0.0,0.0,50,0,0,0,10,0.0,zero,unstable
hybrid,morgan_bit_0718,morgan_bit,10,50,0,0.0,0,0.0,0,0.0,715.22,757.0,167.7016653806055,45,765,0.0008800888674924039,0.004703266652023149,0.00016604443463255104,47,3,3,0,7,1.0,positive,unstable
hybrid,morgan_bit_0719,morgan_bit,10,50,0,0.0,0,0.0,0,0.0,758.12,758.0,3.7287629945315315,751,766,0.0,0.0,0.0,50,0,0,0,10,0.0,zero,unstable
hybrid,morgan_bit_0720,morgan_bit,10,50,0,0.0,0,0.0,0,0.0,759.12,759.0,3.7287629945315315,752,767,0.0,0.0,0.0,50,0,0,0,10,0.0,zero,unstable
hybrid,morgan_bit_0721,morgan_bit,10,50,0,0.0,0,0.0,0,0.0,760.12,760.0,3.7287629945315315,753,768,0.0,0.0,0.0,50,0,0,0,10,0.0,zero,unstable
hybrid,morgan_bit_0722,morgan_bit,10,50,0,0.0,0,0.0,0,0.0,761.12,761.0,3.7287629945315315,754,769,0.0,0.0,0.0,50,0,0,0,10,0.0,zero,unstable
hybrid,morgan_bit_0723,morgan_bit,10,50,0,0.0,0,0.0,0,0.0,662.18,761.0,249.59949061303334,37,770,0.0029057973318654417,0.00802473973534861,0.0004623272027865977,43,7,7,0,3,1.0,positive,unstable
hybrid,morgan_bit_0724,morgan_bit,10,50,0,0.0,0,0.0,0,0.0,762.98,763.0,3.683886590024626,756,771,0.0,0.0,0.0,50,0,0,0,10,0.0,zero,unstable
hybrid,morgan_bit_0725,morgan_bit,10,50,0,0.0,0,0.0,0,0.0,182.42,38.0,292.95922193077604,31,771,0.0479022902483043,0.02659654877169227,-0.005639635621048336,10,10,0,10,0,1.0,negative,unstable
hybrid,morgan_bit_0726,morgan_bit,10,50,0,0.0,0,0.0,0,0.0,764.18,764.0,3.617925891322546,757,772,0.0,0.0,0.0,50,0,0,0,10,0.0,zero,unstable
hybrid,morgan_bit_0727,morgan_bit,10,50,0,0.0,0,0.0,0,0.0,765.18,765.0,3.617925891322546,758,773,0.0,0.0,0.0,50,0,0,0,10,0.0,zero,unstable
hybrid,morgan_bit_0728,morgan_bit,10,50,0,0.0,0,0.0,0,0.0,766.18,766.0,3.617925891322546,759,774,0.0,0.0,0.0,50,0,0,0,10,0.0,zero,unstable
hybrid,morgan_bit_0729,morgan_bit,10,50,0,0.0,0,0.0,0,0.0,767.18,767.0,3.617925891322546,760,775,0.0,0.0,0.0,50,0,0,0,10,0.0,zero,unstable
hybrid,morgan_bit_0730,morgan_bit,10,50,0,0.0,0,0.0,0,0.0,768.18,768.0,3.617925891322546,761,776,0.0,0.0,0.0,50,0,0,0,10,0.0,zero,unstable
hybrid,morgan_bit_0731,morgan_bit,10,50,0,0.0,0,0.0,0,0.0,769.18,769.0,3.617925891322546,762,777,0.0,0.0,0.0,50,0,0,0,10,0.0,zero,unstable
hybrid,morgan_bit_0732,morgan_bit,10,50,0,0.0,0,0.0,0,0.0,770.18,770.0,3.617925891322546,763,778,0.0,0.0,0.0,50,0,0,0,10,0.0,zero,unstable
hybrid,morgan_bit_0733,morgan_bit,10,50,0,0.0,0,0.0,0,0.0,771.18,771.0,3.617925891322546,764,779,0.0,0.0,0.0,50,0,0,0,10,0.0,zero,unstable
hybrid,morgan_bit_0734,morgan_bit,10,50,0,0.0,0,0.0,0,0.0,772.18,772.0,3.617925891322546,765,780,0.0,0.0,0.0,50,0,0,0,10,0.0,zero,unstable
hybrid,morgan_bit_0735,morgan_bit,10,50,0,0.0,0,0.0,0,0.0,773.18,773.0,3.617925891322546,766,781,0.0,0.0,0.0,50,0,0,0,10,0.0,zero,unstable
hybrid,morgan_bit_0736,morgan_bit,10,50,0,0.0,0,0.0,0,0.0,774.18,774.0,3.617925891322546,767,782,0.0,0.0,0.0,50,0,0,0,10,0.0,zero,unstable
hybrid,morgan_bit_0737,morgan_bit,10,50,0,0.0,0,0.0,0,0.0,775.18,775.0,3.617925891322546,768,783,0.0,0.0,0.0,50,0,0,0,10,0.0,zero,unstable
hybrid,morgan_bit_0738,morgan_bit,10,50,0,0.0,0,0.0,0,0.0,776.18,776.0,3.617925891322546,769,784,0.0,0.0,0.0,50,0,0,0,10,0.0,zero,unstable
hybrid,morgan_bit_0739,morgan_bit,10,50,0,0.0,0,0.0,0,0.0,777.18,777.0,3.617925891322546,770,785,0.0,0.0,0.0,50,0,0,0,10,0.0,zero,unstable
hybrid,morgan_bit_0740,morgan_bit,10,50,0,0.0,0,0.0,0,0.0,778.18,778.0,3.617925891322546,771,786,0.0,0.0,0.0,50,0,0,0,10,0.0,zero,unstable
hybrid,morgan_bit_0741,morgan_bit,10,50,0,0.0,0,0.0,0,0.0,779.18,779.0,3.617925891322546,772,787,0.0,0.0,0.0,50,0,0,0,10,0.0,zero,unstable
hybrid,morgan_bit_0742,morgan_bit,10,50,0,0.0,0,0.0,0,0.0,780.18,780.0,3.617925891322546,773,788,0.0,0.0,0.0,50,0,0,0,10,0.0,zero,unstable
hybrid,morgan_bit_0743,morgan_bit,10,50,0,0.0,0,0.0,0,0.0,781.18,781.0,3.617925891322546,774,789,0.0,0.0,0.0,50,0,0,0,10,0.0,zero,unstable
hybrid,morgan_bit_0744,morgan_bit,10,50,0,0.0,0,0.0,0,0.0,782.18,782.0,3.617925891322546,775,790,0.0,0.0,0.0,50,0,0,0,10,0.0,zero,unstable
hybrid,morgan_bit_0745,morgan_bit,10,50,0,0.0,0,0.0,0,0.0,783.18,783.0,3.617925891322546,776,791,0.0,0.0,0.0,50,0,0,0,10,0.0,zero,unstable
hybrid,morgan_bit_0746,morgan_bit,10,50,0,0.0,0,0.0,0,0.0,784.18,784.0,3.617925891322546,777,792,0.0,0.0,0.0,50,0,0,0,10,0.0,zero,unstable
hybrid,morgan_bit_0747,morgan_bit,10,50,0,0.0,0,0.0,0,0.0,785.18,785.0,3.617925891322546,778,793,0.0,0.0,0.0,50,0,0,0,10,0.0,zero,unstable
hybrid,morgan_bit_0748,morgan_bit,10,50,0,0.0,0,0.0,0,0.0,786.18,786.0,3.617925891322546,779,794,0.0,0.0,0.0,50,0,0,0,10,0.0,zero,unstable
hybrid,morgan_bit_0749,morgan_bit,10,50,0,0.0,0,0.0,0,0.0,787.18,787.0,3.617925891322546,780,795,0.0,0.0,0.0,50,0,0,0,10,0.0,zero,unstable
hybrid,morgan_bit_0750,morgan_bit,10,50,0,0.0,0,0.0,0,0.0,788.18,788.0,3.617925891322546,781,796,0.0,0.0,0.0,50,0,0,0,10,0.0,zero,unstable
hybrid,morgan_bit_0751,morgan_bit,10,50,0,0.0,0,0.0,0,0.0,789.18,789.0,3.617925891322546,782,797,0.0,0.0,0.0,50,0,0,0,10,0.0,zero,unstable
hybrid,morgan_bit_0752,morgan_bit,10,50,0,0.0,0,0.0,0,0.0,790.18,790.0,3.617925891322546,783,798,0.0,0.0,0.0,50,0,0,0,10,0.0,zero,unstable
hybrid,morgan_bit_0753,morgan_bit,10,50,0,0.0,0,0.0,0,0.0,791.18,791.0,3.617925891322546,784,799,0.0,0.0,0.0,50,0,0,0,10,0.0,zero,unstable
hybrid,morgan_bit_0754,morgan_bit,10,50,0,0.0,0,0.0,0,0.0,792.18,792.0,3.617925891322546,785,800,0.0,0.0,0.0,50,0,0,0,10,0.0,zero,unstable
hybrid,morgan_bit_0755,morgan_bit,10,50,0,0.0,0,0.0,0,0.0,793.18,793.0,3.617925891322546,786,801,0.0,0.0,0.0,50,0,0,0,10,0.0,zero,unstable
hybrid,morgan_bit_0756,morgan_bit,10,50,0,0.0,0,0.0,0,0.0,794.18,794.0,3.617925891322546,787,802,0.0,0.0,0.0,50,0,0,0,10,0.0,zero,unstable
hybrid,morgan_bit_0757,morgan_bit,10,50,0,0.0,0,0.0,0,0.0,765.96,794.5,144.27538293987988,61,803,0.00018953682142100684,0.0009379987367619929,-8.293533589723397e-05,48,2,0,2,8,1.0,negative,unstable
hybrid,morgan_bit_0758,morgan_bit,10,50,0,0.0,0,0.0,0,0.0,796.14,796.0,3.6027767069303644,789,804,0.0,0.0,0.0,50,0,0,0,10,0.0,zero,unstable
hybrid,morgan_bit_0759,morgan_bit,10,50,0,0.0,0,0.0,0,0.0,797.14,797.0,3.6027767069303644,790,805,0.0,0.0,0.0,50,0,0,0,10,0.0,zero,unstable
hybrid,morgan_bit_0760,morgan_bit,10,50,0,0.0,0,0.0,0,0.0,798.14,798.0,3.6027767069303644,791,806,0.0,0.0,0.0,50,0,0,0,10,0.0,zero,unstable
hybrid,morgan_bit_0761,morgan_bit,10,50,0,0.0,0,0.0,0,0.0,799.14,799.0,3.6027767069303644,792,807,0.0,0.0,0.0,50,0,0,0,10,0.0,zero,unstable
hybrid,morgan_bit_0762,morgan_bit,10,50,0,0.0,0,0.0,0,0.0,800.14,800.0,3.6027767069303644,793,808,0.0,0.0,0.0,50,0,0,0,10,0.0,zero,unstable
hybrid,morgan_bit_0763,morgan_bit,10,50,0,0.0,0,0.0,0,0.0,801.14,801.0,3.6027767069303644,794,809,0.0,0.0,0.0,50,0,0,0,10,0.0,zero,unstable
hybrid,morgan_bit_0764,morgan_bit,10,50,0,0.0,0,0.0,0,0.0,802.14,802.0,3.6027767069303644,795,810,0.0,0.0,0.0,50,0,0,0,10,0.0,zero,unstable
hybrid,morgan_bit_0765,morgan_bit,10,50,0,0.0,0,0.0,0,0.0,803.14,803.0,3.6027767069303644,796,811,0.0,0.0,0.0,50,0,0,0,10,0.0,zero,unstable
hybrid,morgan_bit_0766,morgan_bit,10,50,0,0.0,0,0.0,0,0.0,804.14,804.0,3.6027767069303644,797,812,0.0,0.0,0.0,50,0,0,0,10,0.0,zero,unstable
hybrid,morgan_bit_0767,morgan_bit,10,50,0,0.0,0,0.0,0,0.0,805.14,805.0,3.6027767069303644,798,813,0.0,0.0,0.0,50,0,0,0,10,0.0,zero,unstable
hybrid,morgan_bit_0768,morgan_bit,10,50,0,0.0,0,0.0,0,0.0,806.14,806.0,3.6027767069303644,799,814,0.0,0.0,0.0,50,0,0,0,10,0.0,zero,unstable
hybrid,morgan_bit_0769,morgan_bit,10,50,0,0.0,0,0.0,0,0.0,807.14,807.0,3.6027767069303644,800,815,0.0,0.0,0.0,50,0,0,0,10,0.0,zero,unstable
hybrid,morgan_bit_0770,morgan_bit,10,50,0,0.0,0,0.0,0,0.0,808.14,808.0,3.6027767069303644,801,816,0.0,0.0,0.0,50,0,0,0,10,0.0,zero,unstable
hybrid,morgan_bit_0771,morgan_bit,10,50,0,0.0,0,0.0,0,0.0,809.14,809.0,3.6027767069303644,802,817,0.0,0.0,0.0,50,0,0,0,10,0.0,zero,unstable
hybrid,morgan_bit_0772,morgan_bit,10,50,0,0.0,0,0.0,0,0.0,810.14,810.0,3.6027767069303644,803,818,0.0,0.0,0.0,50,0,0,0,10,0.0,zero,unstable
hybrid,morgan_bit_0773,morgan_bit,10,50,0,0.0,0,0.0,0,0.0,811.14,811.0,3.6027767069303644,804,819,0.0,0.0,0.0,50,0,0,0,10,0.0,zero,unstable
hybrid,morgan_bit_0774,morgan_bit,10,50,0,0.0,0,0.0,0,0.0,812.14,812.0,3.6027767069303644,805,820,0.0,0.0,0.0,50,0,0,0,10,0.0,zero,unstable
hybrid,morgan_bit_0775,morgan_bit,10,50,0,0.0,0,0.0,0,0.0,813.14,813.0,3.6027767069303644,806,821,0.0,0.0,0.0,50,0,0,0,10,0.0,zero,unstable
hybrid,morgan_bit_0776,morgan_bit,10,50,0,0.0,0,0.0,0,0.0,814.14,814.0,3.6027767069303644,807,822,0.0,0.0,0.0,50,0,0,0,10,0.0,zero,unstable
hybrid,morgan_bit_0777,morgan_bit,10,50,0,0.0,0,0.0,0,0.0,815.14,815.0,3.6027767069303644,808,823,0.0,0.0,0.0,50,0,0,0,10,0.0,zero,unstable
hybrid,morgan_bit_0778,morgan_bit,10,50,0,0.0,0,0.0,0,0.0,816.14,816.0,3.6027767069303644,809,824,0.0,0.0,0.0,50,0,0,0,10,0.0,zero,unstable
hybrid,morgan_bit_0779,morgan_bit,10,50,0,0.0,0,0.0,0,0.0,817.14,817.0,3.6027767069303644,810,825,0.0,0.0,0.0,50,0,0,0,10,0.0,zero,unstable
hybrid,morgan_bit_0780,morgan_bit,10,50,0,0.0,0,0.0,0,0.0,818.14,818.0,3.6027767069303644,811,826,0.0,0.0,0.0,50,0,0,0,10,0.0,zero,unstable
hybrid,morgan_bit_0781,morgan_bit,10,50,0,0.0,0,0.0,0,0.0,819.14,819.0,3.6027767069303644,812,827,0.0,0.0,0.0,50,0,0,0,10,0.0,zero,unstable
hybrid,morgan_bit_0782,morgan_bit,10,50,0,0.0,0,0.0,0,0.0,820.14,820.0,3.6027767069303644,813,828,0.0,0.0,0.0,50,0,0,0,10,0.0,zero,unstable
hybrid,morgan_bit_0783,morgan_bit,10,50,0,0.0,0,0.0,0,0.0,821.14,821.0,3.6027767069303644,814,829,0.0,0.0,0.0,50,0,0,0,10,0.0,zero,unstable
hybrid,morgan_bit_0784,morgan_bit,10,50,0,0.0,0,0.0,0,0.0,822.14,822.0,3.6027767069303644,815,830,0.0,0.0,0.0,50,0,0,0,10,0.0,zero,unstable
hybrid,morgan_bit_0785,morgan_bit,10,50,0,0.0,0,0.0,0,0.0,823.14,823.0,3.6027767069303644,816,831,0.0,0.0,0.0,50,0,0,0,10,0.0,zero,unstable
hybrid,morgan_bit_0786,morgan_bit,10,50,0,0.0,0,0.0,0,0.0,824.14,824.0,3.6027767069303644,817,832,0.0,0.0,0.0,50,0,0,0,10,0.0,zero,unstable
hybrid,morgan_bit_0787,morgan_bit,10,50,0,0.0,0,0.0,0,0.0,825.14,825.0,3.6027767069303644,818,833,0.0,0.0,0.0,50,0,0,0,10,0.0,zero,unstable
hybrid,morgan_bit_0788,morgan_bit,10,50,0,0.0,0,0.0,0,0.0,826.14,826.0,3.6027767069303644,819,834,0.0,0.0,0.0,50,0,0,0,10,0.0,zero,unstable
hybrid,morgan_bit_0789,morgan_bit,10,50,0,0.0,0,0.0,0,0.0,827.14,827.0,3.6027767069303644,820,835,0.0,0.0,0.0,50,0,0,0,10,0.0,zero,unstable
hybrid,morgan_bit_0790,morgan_bit,10,50,19,0.38,40,0.8,40,0.8,106.44,4.0,269.6089503752592,2,832,1.3256319845654818,0.6926377224739522,-0.12345108980184692,6,10,0,10,0,1.0,negative,stable
hybrid,morgan_bit_0791,morgan_bit,10,50,0,0.0,0,0.0,0,0.0,828.26,828.0,3.6242381324654054,821,836,0.0,0.0,0.0,50,0,0,0,10,0.0,zero,unstable
hybrid,morgan_bit_0792,morgan_bit,10,50,0,0.0,0,0.0,0,0.0,829.26,829.0,3.6242381324654054,822,837,0.0,0.0,0.0,50,0,0,0,10,0.0,zero,unstable
hybrid,morgan_bit_0793,morgan_bit,10,50,0,0.0,0,0.0,0,0.0,830.26,830.0,3.6242381324654054,823,838,0.0,0.0,0.0,50,0,0,0,10,0.0,zero,unstable
hybrid,morgan_bit_0794,morgan_bit,10,50,0,0.0,0,0.0,6,0.12,184.94,50.0,306.08764984519564,13,836,0.08366442414368264,0.14299707799443906,0.004747541269498737,9,10,10,0,0,1.0,positive,unstable
hybrid,morgan_bit_0795,morgan_bit,10,50,0,0.0,0,0.0,0,0.0,831.44,831.0,3.631832055813244,824,839,0.0,0.0,0.0,50,0,0,0,10,0.0,zero,unstable
hybrid,morgan_bit_0796,morgan_bit,10,50,0,0.0,0,0.0,0,0.0,832.44,832.0,3.631832055813244,825,840,0.0,0.0,0.0,50,0,0,0,10,0.0,zero,unstable
hybrid,morgan_bit_0797,morgan_bit,10,50,0,0.0,0,0.0,0,0.0,833.44,833.0,3.631832055813244,826,841,0.0,0.0,0.0,50,0,0,0,10,0.0,zero,unstable
hybrid,morgan_bit_0798,morgan_bit,10,50,0,0.0,0,0.0,0,0.0,834.44,834.0,3.631832055813244,827,842,0.0,0.0,0.0,50,0,0,0,10,0.0,zero,unstable
hybrid,morgan_bit_0799,morgan_bit,10,50,0,0.0,0,0.0,0,0.0,835.44,835.0,3.631832055813244,828,843,0.0,0.0,0.0,50,0,0,0,10,0.0,zero,unstable
hybrid,morgan_bit_0800,morgan_bit,10,50,0,0.0,0,0.0,0,0.0,836.44,836.0,3.631832055813244,829,844,0.0,0.0,0.0,50,0,0,0,10,0.0,zero,unstable
hybrid,morgan_bit_0801,morgan_bit,10,50,0,0.0,0,0.0,0,0.0,837.44,837.0,3.631832055813244,830,845,0.0,0.0,0.0,50,0,0,0,10,0.0,zero,unstable
hybrid,morgan_bit_0802,morgan_bit,10,50,0,0.0,0,0.0,0,0.0,823.14,838.0,108.02305309516113,75,846,1.4150428753984495e-05,0.00010005864128639546,-4.262268627381585e-06,49,1,0,1,9,1.0,negative,unstable
hybrid,morgan_bit_0803,morgan_bit,10,50,0,0.0,0,0.0,0,0.0,839.42,839.0,3.625814475706789,832,847,0.0,0.0,0.0,50,0,0,0,10,0.0,zero,unstable
hybrid,morgan_bit_0804,morgan_bit,10,50,0,0.0,0,0.0,0,0.0,840.42,840.0,3.625814475706789,833,848,0.0,0.0,0.0,50,0,0,0,10,0.0,zero,unstable
hybrid,morgan_bit_0805,morgan_bit,10,50,0,0.0,0,0.0,0,0.0,841.42,841.0,3.625814475706789,834,849,0.0,0.0,0.0,50,0,0,0,10,0.0,zero,unstable
hybrid,morgan_bit_0806,morgan_bit,10,50,0,0.0,0,0.0,0,0.0,842.42,842.0,3.625814475706789,835,850,0.0,0.0,0.0,50,0,0,0,10,0.0,zero,unstable
hybrid,morgan_bit_0807,morgan_bit,10,50,0,0.0,4,0.08,33,0.66,18.3,17.0,7.080441586597866,6,38,0.3777707015225284,0.2316563607188857,0.004412129997309636,0,10,8,2,0,0.8,positive,unstable
hybrid,morgan_bit_0808,morgan_bit,10,50,0,0.0,0,0.0,0,0.0,843.42,843.0,3.625814475706789,836,851,0.0,0.0,0.0,50,0,0,0,10,0.0,zero,unstable
hybrid,morgan_bit_0809,morgan_bit,10,50,0,0.0,0,0.0,0,0.0,844.42,844.0,3.625814475706789,837,852,0.0,0.0,0.0,50,0,0,0,10,0.0,zero,unstable
hybrid,morgan_bit_0810,morgan_bit,10,50,0,0.0,0,0.0,0,0.0,829.66,845.0,110.69126212219321,63,853,0.00021856019999683693,0.0015454539951525144,8.433413916620715e-05,49,1,1,0,9,1.0,positive,unstable
hybrid,morgan_bit_0811,morgan_bit,10,50,0,0.0,0,0.0,0,0.0,846.4,846.0,3.5970509462897633,839,854,0.0,0.0,0.0,50,0,0,0,10,0.0,zero,unstable
hybrid,morgan_bit_0812,morgan_bit,10,50,0,0.0,0,0.0,0,0.0,847.4,847.0,3.5970509462897633,840,855,0.0,0.0,0.0,50,0,0,0,10,0.0,zero,unstable
hybrid,morgan_bit_0813,morgan_bit,10,50,0,0.0,0,0.0,0,0.0,848.4,848.0,3.5970509462897633,841,856,0.0,0.0,0.0,50,0,0,0,10,0.0,zero,unstable
hybrid,morgan_bit_0814,morgan_bit,10,50,0,0.0,0,0.0,0,0.0,849.4,849.0,3.5970509462897633,842,857,0.0,0.0,0.0,50,0,0,0,10,0.0,zero,unstable
hybrid,morgan_bit_0815,morgan_bit,10,50,0,0.0,0,0.0,0,0.0,740.94,849.0,272.71966693785373,64,858,0.00032001985445194713,0.0008769191090757306,-0.00013797080877906215,43,7,0,7,3,1.0,negative,unstable
hybrid,morgan_bit_0816,morgan_bit,10,50,0,0.0,0,0.0,0,0.0,851.26,851.0,3.480616881754012,844,859,0.0,0.0,0.0,50,0,0,0,10,0.0,zero,unstable
hybrid,morgan_bit_0817,morgan_bit,10,50,0,0.0,0,0.0,0,0.0,852.26,852.0,3.480616881754012,845,860,0.0,0.0,0.0,50,0,0,0,10,0.0,zero,unstable
hybrid,morgan_bit_0818,morgan_bit,10,50,0,0.0,0,0.0,0,0.0,853.26,853.0,3.480616881754012,846,861,0.0,0.0,0.0,50,0,0,0,10,0.0,zero,unstable
hybrid,morgan_bit_0819,morgan_bit,10,50,0,0.0,0,0.0,0,0.0,854.26,854.0,3.480616881754012,847,862,0.0,0.0,0.0,50,0,0,0,10,0.0,zero,unstable
hybrid,morgan_bit_0820,morgan_bit,10,50,0,0.0,0,0.0,0,0.0,855.26,855.0,3.480616881754012,848,863,0.0,0.0,0.0,50,0,0,0,10,0.0,zero,unstable
hybrid,morgan_bit_0821,morgan_bit,10,50,0,0.0,0,0.0,0,0.0,856.26,856.0,3.480616881754012,849,864,0.0,0.0,0.0,50,0,0,0,10,0.0,zero,unstable
hybrid,morgan_bit_0822,morgan_bit,10,50,0,0.0,0,0.0,0,0.0,857.26,857.0,3.480616881754012,850,865,0.0,0.0,0.0,50,0,0,0,10,0.0,zero,unstable
hybrid,morgan_bit_0823,morgan_bit,10,50,0,0.0,0,0.0,0,0.0,858.26,858.0,3.480616881754012,851,866,0.0,0.0,0.0,50,0,0,0,10,0.0,zero,unstable
hybrid,morgan_bit_0824,morgan_bit,10,50,0,0.0,0,0.0,0,0.0,859.26,859.0,3.480616881754012,852,867,0.0,0.0,0.0,50,0,0,0,10,0.0,zero,unstable
hybrid,morgan_bit_0825,morgan_bit,10,50,0,0.0,0,0.0,0,0.0,860.26,860.0,3.480616881754012,853,868,0.0,0.0,0.0,50,0,0,0,10,0.0,zero,unstable
hybrid,morgan_bit_0826,morgan_bit,10,50,0,0.0,0,0.0,0,0.0,861.26,861.0,3.480616881754012,854,869,0.0,0.0,0.0,50,0,0,0,10,0.0,zero,unstable
hybrid,morgan_bit_0827,morgan_bit,10,50,0,0.0,0,0.0,0,0.0,862.26,862.0,3.480616881754012,855,870,0.0,0.0,0.0,50,0,0,0,10,0.0,zero,unstable
hybrid,morgan_bit_0828,morgan_bit,10,50,0,0.0,0,0.0,0,0.0,863.26,863.0,3.480616881754012,856,871,0.0,0.0,0.0,50,0,0,0,10,0.0,zero,unstable
hybrid,morgan_bit_0829,morgan_bit,10,50,0,0.0,0,0.0,0,0.0,864.26,864.0,3.480616881754012,857,872,0.0,0.0,0.0,50,0,0,0,10,0.0,zero,unstable
hybrid,morgan_bit_0830,morgan_bit,10,50,0,0.0,0,0.0,0,0.0,865.26,865.0,3.480616881754012,858,873,0.0,0.0,0.0,50,0,0,0,10,0.0,zero,unstable
hybrid,morgan_bit_0831,morgan_bit,10,50,0,0.0,0,0.0,0,0.0,866.26,866.0,3.480616881754012,859,874,0.0,0.0,0.0,50,0,0,0,10,0.0,zero,unstable
hybrid,morgan_bit_0832,morgan_bit,10,50,0,0.0,0,0.0,0,0.0,867.26,867.0,3.480616881754012,860,875,0.0,0.0,0.0,50,0,0,0,10,0.0,zero,unstable
hybrid,morgan_bit_0833,morgan_bit,10,50,0,0.0,0,0.0,0,0.0,868.26,868.0,3.480616881754012,861,876,0.0,0.0,0.0,50,0,0,0,10,0.0,zero,unstable
hybrid,morgan_bit_0834,morgan_bit,10,50,0,0.0,0,0.0,0,0.0,869.26,869.0,3.480616881754012,862,877,0.0,0.0,0.0,50,0,0,0,10,0.0,zero,unstable
hybrid,morgan_bit_0835,morgan_bit,10,50,0,0.0,0,0.0,0,0.0,870.26,870.0,3.480616881754012,863,878,0.0,0.0,0.0,50,0,0,0,10,0.0,zero,unstable
hybrid,morgan_bit_0836,morgan_bit,10,50,0,0.0,0,0.0,0,0.0,871.26,871.0,3.480616881754012,864,879,0.0,0.0,0.0,50,0,0,0,10,0.0,zero,unstable
hybrid,morgan_bit_0837,morgan_bit,10,50,0,0.0,0,0.0,0,0.0,872.26,872.0,3.480616881754012,865,880,0.0,0.0,0.0,50,0,0,0,10,0.0,zero,unstable
hybrid,morgan_bit_0838,morgan_bit,10,50,0,0.0,0,0.0,0,0.0,873.26,873.0,3.480616881754012,866,881,0.0,0.0,0.0,50,0,0,0,10,0.0,zero,unstable
hybrid,morgan_bit_0839,morgan_bit,10,50,0,0.0,0,0.0,0,0.0,874.26,874.0,3.480616881754012,867,882,0.0,0.0,0.0,50,0,0,0,10,0.0,zero,unstable
hybrid,morgan_bit_0840,morgan_bit,10,50,0,0.0,0,0.0,0,0.0,875.26,875.0,3.480616881754012,868,883,0.0,0.0,0.0,50,0,0,0,10,0.0,zero,unstable
hybrid,morgan_bit_0841,morgan_bit,10,50,0,0.0,0,0.0,1,0.02,151.66,34.0,294.90355462525747,19,880,0.10144993081886362,0.09052644858013005,0.00746184330921903,7,10,10,0,0,1.0,positive,unstable
hybrid,morgan_bit_0842,morgan_bit,10,50,0,0.0,0,0.0,0,0.0,876.4,876.0,3.440455593940656,870,884,0.0,0.0,0.0,50,0,0,0,10,0.0,zero,unstable
hybrid,morgan_bit_0843,morgan_bit,10,50,0,0.0,0,0.0,0,0.0,877.4,877.0,3.440455593940656,871,885,0.0,0.0,0.0,50,0,0,0,10,0.0,zero,unstable
hybrid,morgan_bit_0844,morgan_bit,10,50,0,0.0,0,0.0,0,0.0,878.4,878.0,3.440455593940656,872,886,0.0,0.0,0.0,50,0,0,0,10,0.0,zero,unstable
hybrid,morgan_bit_0845,morgan_bit,10,50,0,0.0,0,0.0,0,0.0,879.4,879.0,3.440455593940656,873,887,0.0,0.0,0.0,50,0,0,0,10,0.0,zero,unstable
hybrid,morgan_bit_0846,morgan_bit,10,50,0,0.0,0,0.0,0,0.0,880.4,880.0,3.440455593940656,874,888,0.0,0.0,0.0,50,0,0,0,10,0.0,zero,unstable
hybrid,morgan_bit_0847,morgan_bit,10,50,0,0.0,0,0.0,0,0.0,881.4,881.0,3.440455593940656,875,889,0.0,0.0,0.0,50,0,0,0,10,0.0,zero,unstable
hybrid,morgan_bit_0848,morgan_bit,10,50,0,0.0,0,0.0,0,0.0,882.4,882.0,3.440455593940656,876,890,0.0,0.0,0.0,50,0,0,0,10,0.0,zero,unstable
hybrid,morgan_bit_0849,morgan_bit,10,50,0,0.0,0,0.0,0,0.0,883.4,883.0,3.440455593940656,877,891,0.0,0.0,0.0,50,0,0,0,10,0.0,zero,unstable
hybrid,morgan_bit_0850,morgan_bit,10,50,0,0.0,0,0.0,0,0.0,884.4,884.0,3.440455593940656,878,892,0.0,0.0,0.0,50,0,0,0,10,0.0,zero,unstable
hybrid,morgan_bit_0851,morgan_bit,10,50,0,0.0,0,0.0,0,0.0,885.4,885.0,3.440455593940656,879,893,0.0,0.0,0.0,50,0,0,0,10,0.0,zero,unstable
hybrid,morgan_bit_0852,morgan_bit,10,50,0,0.0,0,0.0,0,0.0,886.4,886.0,3.440455593940656,880,894,0.0,0.0,0.0,50,0,0,0,10,0.0,zero,unstable
hybrid,morgan_bit_0853,morgan_bit,10,50,0,0.0,0,0.0,0,0.0,887.4,887.0,3.440455593940656,881,895,0.0,0.0,0.0,50,0,0,0,10,0.0,zero,unstable
hybrid,morgan_bit_0854,morgan_bit,10,50,0,0.0,0,0.0,0,0.0,424.12,69.0,415.40320417735865,43,895,0.0059173556862421066,0.0071488638728493285,-0.0006704565342421191,22,10,0,10,0,1.0,negative,unstable
hybrid,morgan_bit_0855,morgan_bit,10,50,0,0.0,0,0.0,0,0.0,888.84,888.0,3.4247597860049592,882,896,0.0,0.0,0.0,50,0,0,0,10,0.0,zero,unstable
hybrid,morgan_bit_0856,morgan_bit,10,50,0,0.0,0,0.0,0,0.0,889.84,889.0,3.4247597860049592,883,897,0.0,0.0,0.0,50,0,0,0,10,0.0,zero,unstable
hybrid,morgan_bit_0857,morgan_bit,10,50,0,0.0,0,0.0,0,0.0,890.84,890.0,3.4247597860049592,884,898,0.0,0.0,0.0,50,0,0,0,10,0.0,zero,unstable
hybrid,morgan_bit_0858,morgan_bit,10,50,0,0.0,0,0.0,0,0.0,891.84,891.0,3.4247597860049592,885,899,0.0,0.0,0.0,50,0,0,0,10,0.0,zero,unstable
hybrid,morgan_bit_0859,morgan_bit,10,50,0,0.0,0,0.0,0,0.0,892.84,892.0,3.4247597860049592,886,900,0.0,0.0,0.0,50,0,0,0,10,0.0,zero,unstable
hybrid,morgan_bit_0860,morgan_bit,10,50,0,0.0,0,0.0,0,0.0,893.84,893.0,3.4247597860049592,887,901,0.0,0.0,0.0,50,0,0,0,10,0.0,zero,unstable
hybrid,morgan_bit_0861,morgan_bit,10,50,0,0.0,0,0.0,0,0.0,894.84,894.0,3.4247597860049592,888,902,0.0,0.0,0.0,50,0,0,0,10,0.0,zero,unstable
hybrid,morgan_bit_0862,morgan_bit,10,50,0,0.0,0,0.0,0,0.0,895.84,895.0,3.4247597860049592,889,903,0.0,0.0,0.0,50,0,0,0,10,0.0,zero,unstable
hybrid,morgan_bit_0863,morgan_bit,10,50,0,0.0,0,0.0,0,0.0,896.84,896.0,3.4247597860049592,890,904,0.0,0.0,0.0,50,0,0,0,10,0.0,zero,unstable
hybrid,morgan_bit_0864,morgan_bit,10,50,0,0.0,0,0.0,0,0.0,897.84,897.0,3.4247597860049592,891,905,0.0,0.0,0.0,50,0,0,0,10,0.0,zero,unstable
hybrid,morgan_bit_0865,morgan_bit,10,50,0,0.0,0,0.0,0,0.0,898.84,898.0,3.4247597860049592,892,906,0.0,0.0,0.0,50,0,0,0,10,0.0,zero,unstable
hybrid,morgan_bit_0866,morgan_bit,10,50,0,0.0,0,0.0,0,0.0,899.84,899.0,3.4247597860049592,893,907,0.0,0.0,0.0,50,0,0,0,10,0.0,zero,unstable
hybrid,morgan_bit_0867,morgan_bit,10,50,0,0.0,0,0.0,0,0.0,900.84,900.0,3.4247597860049592,894,908,0.0,0.0,0.0,50,0,0,0,10,0.0,zero,unstable
hybrid,morgan_bit_0868,morgan_bit,10,50,0,0.0,0,0.0,0,0.0,901.84,901.0,3.4247597860049592,895,909,0.0,0.0,0.0,50,0,0,0,10,0.0,zero,unstable
hybrid,morgan_bit_0869,morgan_bit,10,50,0,0.0,0,0.0,0,0.0,902.84,902.0,3.4247597860049592,896,910,0.0,0.0,0.0,50,0,0,0,10,0.0,zero,unstable
hybrid,morgan_bit_0870,morgan_bit,10,50,0,0.0,0,0.0,0,0.0,903.84,903.0,3.4247597860049592,897,911,0.0,0.0,0.0,50,0,0,0,10,0.0,zero,unstable
hybrid,morgan_bit_0871,morgan_bit,10,50,0,0.0,0,0.0,0,0.0,904.84,904.0,3.4247597860049592,898,912,0.0,0.0,0.0,50,0,0,0,10,0.0,zero,unstable
hybrid,morgan_bit_0872,morgan_bit,10,50,0,0.0,0,0.0,0,0.0,905.84,905.0,3.4247597860049592,899,913,0.0,0.0,0.0,50,0,0,0,10,0.0,zero,unstable
hybrid,morgan_bit_0873,morgan_bit,10,50,0,0.0,0,0.0,0,0.0,906.84,906.0,3.4247597860049592,900,914,0.0,0.0,0.0,50,0,0,0,10,0.0,zero,unstable
hybrid,morgan_bit_0874,morgan_bit,10,50,0,0.0,0,0.0,0,0.0,907.84,907.0,3.4247597860049592,901,915,0.0,0.0,0.0,50,0,0,0,10,0.0,zero,unstable
hybrid,morgan_bit_0875,morgan_bit,10,50,0,0.0,0,0.0,0,0.0,908.84,908.0,3.4247597860049592,902,916,0.0,0.0,0.0,50,0,0,0,10,0.0,zero,unstable
hybrid,morgan_bit_0876,morgan_bit,10,50,0,0.0,0,0.0,0,0.0,909.84,909.0,3.4247597860049592,903,917,0.0,0.0,0.0,50,0,0,0,10,0.0,zero,unstable
hybrid,morgan_bit_0877,morgan_bit,10,50,0,0.0,0,0.0,0,0.0,910.84,910.0,3.4247597860049592,904,918,0.0,0.0,0.0,50,0,0,0,10,0.0,zero,unstable
hybrid,morgan_bit_0878,morgan_bit,10,50,0,0.0,0,0.0,0,0.0,911.84,911.0,3.4247597860049592,905,919,0.0,0.0,0.0,50,0,0,0,10,0.0,zero,unstable
hybrid,morgan_bit_0879,morgan_bit,10,50,0,0.0,0,0.0,0,0.0,912.84,912.0,3.4247597860049592,906,920,0.0,0.0,0.0,50,0,0,0,10,0.0,zero,unstable
hybrid,morgan_bit_0880,morgan_bit,10,50,0,0.0,0,0.0,0,0.0,913.84,913.0,3.4247597860049592,907,921,0.0,0.0,0.0,50,0,0,0,10,0.0,zero,unstable
hybrid,morgan_bit_0881,morgan_bit,10,50,0,0.0,13,0.26,35,0.7,106.28,15.0,271.7739186477298,5,915,0.48444712589975536,0.3614439774454,0.0009531303374368949,5,10,7,3,0,0.7,positive,unstable
hybrid,morgan_bit_0882,morgan_bit,10,50,0,0.0,0,0.0,0,0.0,914.94,915.0,3.377053419168605,909,922,0.0,0.0,0.0,50,0,0,0,10,0.0,zero,unstable
hybrid,morgan_bit_0883,morgan_bit,10,50,0,0.0,0,0.0,0,0.0,915.94,916.0,3.377053419168605,910,923,0.0,0.0,0.0,50,0,0,0,10,0.0,zero,unstable
hybrid,morgan_bit_0884,morgan_bit,10,50,0,0.0,0,0.0,0,0.0,916.94,917.0,3.377053419168605,911,924,0.0,0.0,0.0,50,0,0,0,10,0.0,zero,unstable
hybrid,morgan_bit_0885,morgan_bit,10,50,0,0.0,0,0.0,0,0.0,917.94,918.0,3.377053419168605,912,925,0.0,0.0,0.0,50,0,0,0,10,0.0,zero,unstable
hybrid,morgan_bit_0886,morgan_bit,10,50,0,0.0,0,0.0,0,0.0,918.94,919.0,3.377053419168605,913,926,0.0,0.0,0.0,50,0,0,0,10,0.0,zero,unstable
hybrid,morgan_bit_0887,morgan_bit,10,50,0,0.0,0,0.0,0,0.0,919.94,920.0,3.377053419168605,914,927,0.0,0.0,0.0,50,0,0,0,10,0.0,zero,unstable
hybrid,morgan_bit_0888,morgan_bit,10,50,0,0.0,0,0.0,0,0.0,920.94,921.0,3.377053419168605,915,928,0.0,0.0,0.0,50,0,0,0,10,0.0,zero,unstable
hybrid,morgan_bit_0889,morgan_bit,10,50,0,0.0,0,0.0,0,0.0,921.94,922.0,3.377053419168605,916,929,0.0,0.0,0.0,50,0,0,0,10,0.0,zero,unstable
hybrid,morgan_bit_0890,morgan_bit,10,50,0,0.0,0,0.0,0,0.0,905.9,922.5,119.51556127866823,78,930,1.1534110089647862e-05,8.15584745934218e-05,7.65487572347982e-07,49,1,1,0,9,1.0,positive,unstable
hybrid,morgan_bit_0891,morgan_bit,10,50,0,0.0,0,0.0,0,0.0,923.92,924.0,3.337113502806317,918,931,0.0,0.0,0.0,50,0,0,0,10,0.0,zero,unstable
hybrid,morgan_bit_0892,morgan_bit,10,50,0,0.0,0,0.0,0,0.0,837.96,924.5,264.0716476679025,45,932,0.0016856952332865228,0.0057808557799023455,0.00018022885769969382,45,5,5,0,5,1.0,positive,unstable
hybrid,morgan_bit_0893,morgan_bit,10,50,0,0.0,0,0.0,0,0.0,925.82,926.0,3.3968172377887473,919,933,0.0,0.0,0.0,50,0,0,0,10,0.0,zero,unstable
hybrid,morgan_bit_0894,morgan_bit,10,50,0,0.0,0,0.0,0,0.0,926.82,927.0,3.3968172377887473,920,934,0.0,0.0,0.0,50,0,0,0,10,0.0,zero,unstable
hybrid,morgan_bit_0895,morgan_bit,10,50,0,0.0,0,0.0,0,0.0,927.82,928.0,3.3968172377887473,921,935,0.0,0.0,0.0,50,0,0,0,10,0.0,zero,unstable
hybrid,morgan_bit_0896,morgan_bit,10,50,0,0.0,0,0.0,0,0.0,928.82,929.0,3.3968172377887473,922,936,0.0,0.0,0.0,50,0,0,0,10,0.0,zero,unstable
hybrid,morgan_bit_0897,morgan_bit,10,50,0,0.0,0,0.0,0,0.0,929.82,930.0,3.3968172377887473,923,937,0.0,0.0,0.0,50,0,0,0,10,0.0,zero,unstable
hybrid,morgan_bit_0898,morgan_bit,10,50,0,0.0,0,0.0,0,0.0,930.82,931.0,3.3968172377887473,924,938,0.0,0.0,0.0,50,0,0,0,10,0.0,zero,unstable
hybrid,morgan_bit_0899,morgan_bit,10,50,0,0.0,0,0.0,0,0.0,931.82,932.0,3.3968172377887473,925,939,0.0,0.0,0.0,50,0,0,0,10,0.0,zero,unstable
hybrid,morgan_bit_0900,morgan_bit,10,50,0,0.0,0,0.0,0,0.0,932.82,933.0,3.3968172377887473,926,940,0.0,0.0,0.0,50,0,0,0,10,0.0,zero,unstable
hybrid,morgan_bit_0901,morgan_bit,10,50,0,0.0,0,0.0,0,0.0,933.82,934.0,3.3968172377887473,927,941,0.0,0.0,0.0,50,0,0,0,10,0.0,zero,unstable
hybrid,morgan_bit_0902,morgan_bit,10,50,0,0.0,0,0.0,0,0.0,934.82,935.0,3.3968172377887473,928,942,0.0,0.0,0.0,50,0,0,0,10,0.0,zero,unstable
hybrid,morgan_bit_0903,morgan_bit,10,50,0,0.0,0,0.0,0,0.0,935.82,936.0,3.3968172377887473,929,943,0.0,0.0,0.0,50,0,0,0,10,0.0,zero,unstable
hybrid,morgan_bit_0904,morgan_bit,10,50,0,0.0,0,0.0,0,0.0,936.82,937.0,3.3968172377887473,930,944,0.0,0.0,0.0,50,0,0,0,10,0.0,zero,unstable
hybrid,morgan_bit_0905,morgan_bit,10,50,0,0.0,0,0.0,0,0.0,937.82,938.0,3.3968172377887473,931,945,0.0,0.0,0.0,50,0,0,0,10,0.0,zero,unstable
hybrid,morgan_bit_0906,morgan_bit,10,50,0,0.0,0,0.0,0,0.0,938.82,939.0,3.3968172377887473,932,946,0.0,0.0,0.0,50,0,0,0,10,0.0,zero,unstable
hybrid,morgan_bit_0907,morgan_bit,10,50,0,0.0,0,0.0,0,0.0,939.82,940.0,3.3968172377887473,933,947,0.0,0.0,0.0,50,0,0,0,10,0.0,zero,unstable
hybrid,morgan_bit_0908,morgan_bit,10,50,0,0.0,0,0.0,0,0.0,940.82,941.0,3.3968172377887473,934,948,0.0,0.0,0.0,50,0,0,0,10,0.0,zero,unstable
hybrid,morgan_bit_0909,morgan_bit,10,50,0,0.0,0,0.0,0,0.0,941.82,942.0,3.3968172377887473,935,949,0.0,0.0,0.0,50,0,0,0,10,0.0,zero,unstable
hybrid,morgan_bit_0910,morgan_bit,10,50,0,0.0,0,0.0,0,0.0,942.82,943.0,3.3968172377887473,936,950,0.0,0.0,0.0,50,0,0,0,10,0.0,zero,unstable
hybrid,morgan_bit_0911,morgan_bit,10,50,0,0.0,0,0.0,0,0.0,943.82,944.0,3.3968172377887473,937,951,0.0,0.0,0.0,50,0,0,0,10,0.0,zero,unstable
hybrid,morgan_bit_0912,morgan_bit,10,50,0,0.0,0,0.0,0,0.0,944.82,945.0,3.3968172377887473,938,952,0.0,0.0,0.0,50,0,0,0,10,0.0,zero,unstable
hybrid,morgan_bit_0913,morgan_bit,10,50,0,0.0,0,0.0,0,0.0,945.82,946.0,3.3968172377887473,939,953,0.0,0.0,0.0,50,0,0,0,10,0.0,zero,unstable
hybrid,morgan_bit_0914,morgan_bit,10,50,0,0.0,0,0.0,0,0.0,946.82,947.0,3.3968172377887473,940,954,0.0,0.0,0.0,50,0,0,0,10,0.0,zero,unstable
hybrid,morgan_bit_0915,morgan_bit,10,50,0,0.0,0,0.0,0,0.0,947.82,948.0,3.3968172377887473,941,955,0.0,0.0,0.0,50,0,0,0,10,0.0,zero,unstable
hybrid,morgan_bit_0916,morgan_bit,10,50,0,0.0,0,0.0,0,0.0,948.82,949.0,3.3968172377887473,942,956,0.0,0.0,0.0,50,0,0,0,10,0.0,zero,unstable
hybrid,morgan_bit_0917,morgan_bit,10,50,0,0.0,0,0.0,0,0.0,949.82,950.0,3.3968172377887473,943,957,0.0,0.0,0.0,50,0,0,0,10,0.0,zero,unstable
hybrid,morgan_bit_0918,morgan_bit,10,50,0,0.0,0,0.0,0,0.0,950.82,951.0,3.3968172377887473,944,958,0.0,0.0,0.0,50,0,0,0,10,0.0,zero,unstable
hybrid,morgan_bit_0919,morgan_bit,10,50,0,0.0,0,0.0,0,0.0,951.82,952.0,3.3968172377887473,945,959,0.0,0.0,0.0,50,0,0,0,10,0.0,zero,unstable
hybrid,morgan_bit_0920,morgan_bit,10,50,0,0.0,0,0.0,0,0.0,952.82,953.0,3.3968172377887473,946,960,0.0,0.0,0.0,50,0,0,0,10,0.0,zero,unstable
hybrid,morgan_bit_0921,morgan_bit,10,50,0,0.0,0,0.0,0,0.0,953.82,954.0,3.3968172377887473,947,961,0.0,0.0,0.0,50,0,0,0,10,0.0,zero,unstable
hybrid,morgan_bit_0922,morgan_bit,10,50,0,0.0,0,0.0,0,0.0,954.82,955.0,3.3968172377887473,948,962,0.0,0.0,0.0,50,0,0,0,10,0.0,zero,unstable
hybrid,morgan_bit_0923,morgan_bit,10,50,0,0.0,0,0.0,0,0.0,955.82,956.0,3.3968172377887473,949,963,0.0,0.0,0.0,50,0,0,0,10,0.0,zero,unstable
hybrid,morgan_bit_0924,morgan_bit,10,50,0,0.0,0,0.0,0,0.0,956.82,957.0,3.3968172377887473,950,964,0.0,0.0,0.0,50,0,0,0,10,0.0,zero,unstable
hybrid,morgan_bit_0925,morgan_bit,10,50,0,0.0,0,0.0,0,0.0,957.82,958.0,3.3968172377887473,951,965,0.0,0.0,0.0,50,0,0,0,10,0.0,zero,unstable
hybrid,morgan_bit_0926,morgan_bit,10,50,0,0.0,6,0.12,35,0.7,17.06,15.0,7.109665740298591,6,38,0.4203261295836387,0.21920792884737814,0.003714122132369766,0,10,8,2,0,0.8,positive,unstable
hybrid,morgan_bit_0927,morgan_bit,10,50,0,0.0,0,0.0,0,0.0,958.82,959.0,3.3968172377887473,952,966,0.0,0.0,0.0,50,0,0,0,10,0.0,zero,unstable
hybrid,morgan_bit_0928,morgan_bit,10,50,0,0.0,0,0.0,0,0.0,959.82,960.0,3.3968172377887473,953,967,0.0,0.0,0.0,50,0,0,0,10,0.0,zero,unstable
hybrid,morgan_bit_0929,morgan_bit,10,50,0,0.0,0,0.0,0,0.0,960.82,961.0,3.3968172377887473,954,968,0.0,0.0,0.0,50,0,0,0,10,0.0,zero,unstable
hybrid,morgan_bit_0930,morgan_bit,10,50,0,0.0,0,0.0,0,0.0,961.82,962.0,3.3968172377887473,955,969,0.0,0.0,0.0,50,0,0,0,10,0.0,zero,unstable
hybrid,morgan_bit_0931,morgan_bit,10,50,0,0.0,0,0.0,0,0.0,962.82,963.0,3.3968172377887473,956,970,0.0,0.0,0.0,50,0,0,0,10,0.0,zero,unstable
hybrid,morgan_bit_0932,morgan_bit,10,50,0,0.0,0,0.0,0,0.0,963.82,964.0,3.3968172377887473,957,971,0.0,0.0,0.0,50,0,0,0,10,0.0,zero,unstable
hybrid,morgan_bit_0933,morgan_bit,10,50,0,0.0,0,0.0,0,0.0,964.82,965.0,3.3968172377887473,958,972,0.0,0.0,0.0,50,0,0,0,10,0.0,zero,unstable
hybrid,morgan_bit_0934,morgan_bit,10,50,0,0.0,0,0.0,0,0.0,965.82,966.0,3.3968172377887473,959,973,0.0,0.0,0.0,50,0,0,0,10,0.0,zero,unstable
hybrid,morgan_bit_0935,morgan_bit,10,50,0,0.0,0,0.0,0,0.0,966.82,967.0,3.3968172377887473,960,974,0.0,0.0,0.0,50,0,0,0,10,0.0,zero,unstable
hybrid,morgan_bit_0936,morgan_bit,10,50,0,0.0,0,0.0,0,0.0,967.82,968.0,3.3968172377887473,961,975,0.0,0.0,0.0,50,0,0,0,10,0.0,zero,unstable
hybrid,morgan_bit_0937,morgan_bit,10,50,0,0.0,0,0.0,0,0.0,968.82,969.0,3.3968172377887473,962,976,0.0,0.0,0.0,50,0,0,0,10,0.0,zero,unstable
hybrid,morgan_bit_0938,morgan_bit,10,50,0,0.0,0,0.0,0,0.0,969.82,970.0,3.3968172377887473,963,977,0.0,0.0,0.0,50,0,0,0,10,0.0,zero,unstable
hybrid,morgan_bit_0939,morgan_bit,10,50,0,0.0,0,0.0,0,0.0,970.82,971.0,3.3968172377887473,964,978,0.0,0.0,0.0,50,0,0,0,10,0.0,zero,unstable
hybrid,morgan_bit_0940,morgan_bit,10,50,0,0.0,0,0.0,0,0.0,971.82,972.0,3.3968172377887473,965,979,0.0,0.0,0.0,50,0,0,0,10,0.0,zero,unstable
hybrid,morgan_bit_0941,morgan_bit,10,50,0,0.0,0,0.0,0,0.0,972.82,973.0,3.3968172377887473,966,980,0.0,0.0,0.0,50,0,0,0,10,0.0,zero,unstable
hybrid,morgan_bit_0942,morgan_bit,10,50,0,0.0,0,0.0,0,0.0,973.82,974.0,3.3968172377887473,967,981,0.0,0.0,0.0,50,0,0,0,10,0.0,zero,unstable
hybrid,morgan_bit_0943,morgan_bit,10,50,0,0.0,0,0.0,0,0.0,315.78,62.0,414.8932633822825,50,982,0.007735970386040478,0.006591646150227581,-0.0008388263819583134,14,10,0,10,0,1.0,negative,unstable
hybrid,morgan_bit_0944,morgan_bit,10,50,0,0.0,0,0.0,0,0.0,957.1,975.0,127.6268876412004,73,983,1.2333732938263103e-05,8.721266197989721e-05,-4.718512161660519e-06,49,1,0,1,9,1.0,negative,unstable
hybrid,morgan_bit_0945,morgan_bit,10,50,0,0.0,0,0.0,0,0.0,976.08,976.0,3.403719454133813,970,984,0.0,0.0,0.0,50,0,0,0,10,0.0,zero,unstable
hybrid,morgan_bit_0946,morgan_bit,10,50,0,0.0,0,0.0,0,0.0,977.08,977.0,3.403719454133813,971,985,0.0,0.0,0.0,50,0,0,0,10,0.0,zero,unstable
hybrid,morgan_bit_0947,morgan_bit,10,50,0,0.0,0,0.0,0,0.0,978.08,978.0,3.403719454133813,972,986,0.0,0.0,0.0,50,0,0,0,10,0.0,zero,unstable
hybrid,morgan_bit_0948,morgan_bit,10,50,0,0.0,0,0.0,0,0.0,979.08,979.0,3.403719454133813,973,987,0.0,0.0,0.0,50,0,0,0,10,0.0,zero,unstable
hybrid,morgan_bit_0949,morgan_bit,10,50,0,0.0,0,0.0,0,0.0,980.08,980.0,3.403719454133813,974,988,0.0,0.0,0.0,50,0,0,0,10,0.0,zero,unstable
hybrid,morgan_bit_0950,morgan_bit,10,50,0,0.0,0,0.0,0,0.0,832.34,979.5,343.6187736906309,30,989,0.003931619916668635,0.01571943519802392,0.000492651668987039,42,7,7,0,3,1.0,positive,unstable
hybrid,morgan_bit_0951,morgan_bit,10,50,0,0.0,0,0.0,0,0.0,981.92,982.0,3.3493221976503653,975,990,0.0,0.0,0.0,50,0,0,0,10,0.0,zero,unstable
hybrid,morgan_bit_0952,morgan_bit,10,50,0,0.0,0,0.0,0,0.0,982.92,983.0,3.3493221976503653,976,991,0.0,0.0,0.0,50,0,0,0,10,0.0,zero,unstable
hybrid,morgan_bit_0953,morgan_bit,10,50,0,0.0,0,0.0,0,0.0,983.92,984.0,3.3493221976503653,977,992,0.0,0.0,0.0,50,0,0,0,10,0.0,zero,unstable
hybrid,morgan_bit_0954,morgan_bit,10,50,0,0.0,0,0.0,0,0.0,984.92,985.0,3.3493221976503653,978,993,0.0,0.0,0.0,50,0,0,0,10,0.0,zero,unstable
hybrid,morgan_bit_0955,morgan_bit,10,50,0,0.0,0,0.0,0,0.0,985.92,986.0,3.3493221976503653,979,994,0.0,0.0,0.0,50,0,0,0,10,0.0,zero,unstable
hybrid,morgan_bit_0956,morgan_bit,10,50,0,0.0,0,0.0,0,0.0,986.92,987.0,3.3493221976503653,980,995,0.0,0.0,0.0,50,0,0,0,10,0.0,zero,unstable
hybrid,morgan_bit_0957,morgan_bit,10,50,0,0.0,0,0.0,0,0.0,987.92,988.0,3.3493221976503653,981,996,0.0,0.0,0.0,50,0,0,0,10,0.0,zero,unstable
hybrid,morgan_bit_0958,morgan_bit,10,50,0,0.0,0,0.0,0,0.0,988.92,989.0,3.3493221976503653,982,997,0.0,0.0,0.0,50,0,0,0,10,0.0,zero,unstable
hybrid,morgan_bit_0959,morgan_bit,10,50,0,0.0,0,0.0,0,0.0,615.38,986.5,463.0927482366656,39,996,0.007409602123683429,0.012692421349285514,0.000559129656586706,30,10,10,0,0,1.0,positive,unstable
hybrid,morgan_bit_0960,morgan_bit,10,50,0,0.0,0,0.0,0,0.0,990.52,990.0,3.3395588123619695,984,998,0.0,0.0,0.0,50,0,0,0,10,0.0,zero,unstable
hybrid,morgan_bit_0961,morgan_bit,10,50,0,0.0,0,0.0,0,0.0,991.52,991.0,3.3395588123619695,985,999,0.0,0.0,0.0,50,0,0,0,10,0.0,zero,unstable
hybrid,morgan_bit_0962,morgan_bit,10,50,0,0.0,0,0.0,0,0.0,715.0,990.0,427.5198050072878,62,1000,0.0010925337846766602,0.0018234683508414696,-0.00013256565623287453,35,8,0,8,2,1.0,negative,unstable
hybrid,morgan_bit_0963,morgan_bit,10,50,0,0.0,0,0.0,0,0.0,993.22,993.0,3.2719587842322047,987,1001,0.0,0.0,0.0,50,0,0,0,10,0.0,zero,unstable
hybrid,morgan_bit_0964,morgan_bit,10,50,0,0.0,0,0.0,0,0.0,994.22,994.0,3.2719587842322047,988,1002,0.0,0.0,0.0,50,0,0,0,10,0.0,zero,unstable
hybrid,morgan_bit_0965,morgan_bit,10,50,0,0.0,0,0.0,0,0.0,995.22,995.0,3.2719587842322047,989,1003,0.0,0.0,0.0,50,0,0,0,10,0.0,zero,unstable
hybrid,morgan_bit_0966,morgan_bit,10,50,0,0.0,0,0.0,0,0.0,996.22,996.0,3.2719587842322047,990,1004,0.0,0.0,0.0,50,0,0,0,10,0.0,zero,unstable
hybrid,morgan_bit_0967,morgan_bit,10,50,0,0.0,0,0.0,0,0.0,997.22,997.0,3.2719587842322047,991,1005,0.0,0.0,0.0,50,0,0,0,10,0.0,zero,unstable
hybrid,morgan_bit_0968,morgan_bit,10,50,0,0.0,0,0.0,0,0.0,998.22,998.0,3.2719587842322047,992,1006,0.0,0.0,0.0,50,0,0,0,10,0.0,zero,unstable
hybrid,morgan_bit_0969,morgan_bit,10,50,0,0.0,0,0.0,0,0.0,999.22,999.0,3.2719587842322047,993,1007,0.0,0.0,0.0,50,0,0,0,10,0.0,zero,unstable
hybrid,morgan_bit_0970,morgan_bit,10,50,0,0.0,0,0.0,0,0.0,1000.22,1000.0,3.2719587842322047,994,1008,0.0,0.0,0.0,50,0,0,0,10,0.0,zero,unstable
hybrid,morgan_bit_0971,morgan_bit,10,50,0,0.0,0,0.0,0,0.0,1001.22,1001.0,3.2719587842322047,995,1009,0.0,0.0,0.0,50,0,0,0,10,0.0,zero,unstable
hybrid,morgan_bit_0972,morgan_bit,10,50,0,0.0,0,0.0,0,0.0,1002.22,1002.0,3.2719587842322047,996,1010,0.0,0.0,0.0,50,0,0,0,10,0.0,zero,unstable
hybrid,morgan_bit_0973,morgan_bit,10,50,0,0.0,0,0.0,0,0.0,947.48,1002.5,221.75213594443315,77,1011,4.538200238651702e-05,0.00019029324429249985,1.8364653840753606e-05,47,3,3,0,7,1.0,positive,unstable
hybrid,morgan_bit_0974,morgan_bit,10,50,0,0.0,0,0.0,0,0.0,1004.16,1004.0,3.196681953245284,998,1012,0.0,0.0,0.0,50,0,0,0,10,0.0,zero,unstable
hybrid,morgan_bit_0975,morgan_bit,10,50,0,0.0,0,0.0,0,0.0,1005.16,1005.0,3.196681953245284,999,1013,0.0,0.0,0.0,50,0,0,0,10,0.0,zero,unstable
hybrid,morgan_bit_0976,morgan_bit,10,50,0,0.0,0,0.0,0,0.0,1006.16,1006.0,3.196681953245284,1000,1014,0.0,0.0,0.0,50,0,0,0,10,0.0,zero,unstable
hybrid,morgan_bit_0977,morgan_bit,10,50,0,0.0,0,0.0,0,0.0,1007.16,1007.0,3.196681953245284,1001,1015,0.0,0.0,0.0,50,0,0,0,10,0.0,zero,unstable
hybrid,morgan_bit_0978,morgan_bit,10,50,0,0.0,0,0.0,0,0.0,1008.16,1008.0,3.196681953245284,1002,1016,0.0,0.0,0.0,50,0,0,0,10,0.0,zero,unstable
hybrid,morgan_bit_0979,morgan_bit,10,50,0,0.0,0,0.0,0,0.0,1009.16,1009.0,3.196681953245284,1003,1017,0.0,0.0,0.0,50,0,0,0,10,0.0,zero,unstable
hybrid,morgan_bit_0980,morgan_bit,10,50,0,0.0,0,0.0,0,0.0,1010.16,1010.0,3.196681953245284,1004,1018,0.0,0.0,0.0,50,0,0,0,10,0.0,zero,unstable
hybrid,morgan_bit_0981,morgan_bit,10,50,0,0.0,0,0.0,0,0.0,199.1,46.0,357.32162668660175,27,1017,0.035701548934689124,0.029891538390794264,-0.0007699453089854119,8,10,3,7,0,0.7,negative,unstable
hybrid,morgan_bit_0982,morgan_bit,10,50,0,0.0,0,0.0,0,0.0,1011.32,1011.0,3.1196546119657516,1006,1019,0.0,0.0,0.0,50,0,0,0,10,0.0,zero,unstable
hybrid,morgan_bit_0983,morgan_bit,10,50,0,0.0,0,0.0,0,0.0,1012.32,1012.0,3.1196546119657516,1007,1020,0.0,0.0,0.0,50,0,0,0,10,0.0,zero,unstable
hybrid,morgan_bit_0984,morgan_bit,10,50,0,0.0,0,0.0,0,0.0,1013.32,1013.0,3.1196546119657516,1008,1021,0.0,0.0,0.0,50,0,0,0,10,0.0,zero,unstable
hybrid,morgan_bit_0985,morgan_bit,10,50,0,0.0,0,0.0,0,0.0,1014.32,1014.0,3.1196546119657516,1009,1022,0.0,0.0,0.0,50,0,0,0,10,0.0,zero,unstable
hybrid,morgan_bit_0986,morgan_bit,10,50,0,0.0,0,0.0,0,0.0,1015.32,1015.0,3.1196546119657516,1010,1023,0.0,0.0,0.0,50,0,0,0,10,0.0,zero,unstable
hybrid,morgan_bit_0987,morgan_bit,10,50,0,0.0,0,0.0,0,0.0,1016.32,1016.0,3.1196546119657516,1011,1024,0.0,0.0,0.0,50,0,0,0,10,0.0,zero,unstable
hybrid,morgan_bit_0988,morgan_bit,10,50,0,0.0,0,0.0,0,0.0,1017.32,1017.0,3.1196546119657516,1012,1025,0.0,0.0,0.0,50,0,0,0,10,0.0,zero,unstable
hybrid,morgan_bit_0989,morgan_bit,10,50,0,0.0,0,0.0,0,0.0,1018.32,1018.0,3.1196546119657516,1013,1026,0.0,0.0,0.0,50,0,0,0,10,0.0,zero,unstable
hybrid,morgan_bit_0990,morgan_bit,10,50,0,0.0,0,0.0,0,0.0,1019.32,1019.0,3.1196546119657516,1014,1027,0.0,0.0,0.0,50,0,0,0,10,0.0,zero,unstable
hybrid,morgan_bit_0991,morgan_bit,10,50,0,0.0,0,0.0,0,0.0,1020.32,1020.0,3.1196546119657516,1015,1028,0.0,0.0,0.0,50,0,0,0,10,0.0,zero,unstable
hybrid,morgan_bit_0992,morgan_bit,10,50,0,0.0,0,0.0,0,0.0,1021.32,1021.0,3.1196546119657516,1016,1029,0.0,0.0,0.0,50,0,0,0,10,0.0,zero,unstable
hybrid,morgan_bit_0993,morgan_bit,10,50,0,0.0,0,0.0,0,0.0,1022.32,1022.0,3.1196546119657516,1017,1030,0.0,0.0,0.0,50,0,0,0,10,0.0,zero,unstable
hybrid,morgan_bit_0994,morgan_bit,10,50,0,0.0,0,0.0,0,0.0,1023.32,1023.0,3.1196546119657516,1018,1031,0.0,0.0,0.0,50,0,0,0,10,0.0,zero,unstable
hybrid,morgan_bit_0995,morgan_bit,10,50,0,0.0,0,0.0,0,0.0,1024.32,1024.0,3.1196546119657516,1019,1032,0.0,0.0,0.0,50,0,0,0,10,0.0,zero,unstable
hybrid,morgan_bit_0996,morgan_bit,10,50,0,0.0,0,0.0,0,0.0,1025.32,1025.0,3.1196546119657516,1020,1033,0.0,0.0,0.0,50,0,0,0,10,0.0,zero,unstable
hybrid,morgan_bit_0997,morgan_bit,10,50,0,0.0,0,0.0,0,0.0,1026.32,1026.0,3.1196546119657516,1021,1034,0.0,0.0,0.0,50,0,0,0,10,0.0,zero,unstable
hybrid,morgan_bit_0998,morgan_bit,10,50,0,0.0,0,0.0,0,0.0,1027.32,1027.0,3.1196546119657516,1022,1035,0.0,0.0,0.0,50,0,0,0,10,0.0,zero,unstable
hybrid,morgan_bit_0999,morgan_bit,10,50,0,0.0,0,0.0,0,0.0,1028.32,1028.0,3.1196546119657516,1023,1036,0.0,0.0,0.0,50,0,0,0,10,0.0,zero,unstable
hybrid,morgan_bit_1000,morgan_bit,10,50,0,0.0,0,0.0,0,0.0,1029.32,1029.0,3.1196546119657516,1024,1037,0.0,0.0,0.0,50,0,0,0,10,0.0,zero,unstable
hybrid,morgan_bit_1001,morgan_bit,10,50,0,0.0,0,0.0,0,0.0,1030.32,1030.0,3.1196546119657516,1025,1038,0.0,0.0,0.0,50,0,0,0,10,0.0,zero,unstable
hybrid,morgan_bit_1002,morgan_bit,10,50,0,0.0,0,0.0,0,0.0,1031.32,1031.0,3.1196546119657516,1026,1039,0.0,0.0,0.0,50,0,0,0,10,0.0,zero,unstable
hybrid,morgan_bit_1003,morgan_bit,10,50,0,0.0,0,0.0,0,0.0,1032.32,1032.0,3.1196546119657516,1027,1040,0.0,0.0,0.0,50,0,0,0,10,0.0,zero,unstable
hybrid,morgan_bit_1004,morgan_bit,10,50,0,0.0,0,0.0,0,0.0,914.92,1032.0,323.5274861363626,39,1041,0.003451537293462753,0.01096982489866498,-0.0001401305302849065,44,6,0,6,4,1.0,negative,unstable
hybrid,morgan_bit_1005,morgan_bit,10,50,0,0.0,0,0.0,0,0.0,1034.2,1034.0,3.0970690555255427,1029,1042,0.0,0.0,0.0,50,0,0,0,10,0.0,zero,unstable
hybrid,morgan_bit_1006,morgan_bit,10,50,0,0.0,0,0.0,0,0.0,1035.2,1035.0,3.0970690555255427,1030,1043,0.0,0.0,0.0,50,0,0,0,10,0.0,zero,unstable
hybrid,morgan_bit_1007,morgan_bit,10,50,0,0.0,0,0.0,0,0.0,1036.2,1036.0,3.0970690555255427,1031,1044,0.0,0.0,0.0,50,0,0,0,10,0.0,zero,unstable
hybrid,morgan_bit_1008,morgan_bit,10,50,0,0.0,0,0.0,0,0.0,1037.2,1037.0,3.0970690555255427,1032,1045,0.0,0.0,0.0,50,0,0,0,10,0.0,zero,unstable
hybrid,morgan_bit_1009,morgan_bit,10,50,0,0.0,0,0.0,0,0.0,1038.2,1038.0,3.0970690555255427,1033,1046,0.0,0.0,0.0,50,0,0,0,10,0.0,zero,unstable
hybrid,morgan_bit_1010,morgan_bit,10,50,0,0.0,0,0.0,0,0.0,1039.2,1039.0,3.0970690555255427,1034,1047,0.0,0.0,0.0,50,0,0,0,10,0.0,zero,unstable
hybrid,morgan_bit_1011,morgan_bit,10,50,0,0.0,0,0.0,0,0.0,1040.2,1040.0,3.0970690555255427,1035,1048,0.0,0.0,0.0,50,0,0,0,10,0.0,zero,unstable
hybrid,morgan_bit_1012,morgan_bit,10,50,0,0.0,0,0.0,0,0.0,1021.74,1041.0,137.37789531962187,70,1049,3.6675281426402334e-05,0.0002593334019853413,1.8313563366108347e-05,49,1,1,0,9,1.0,positive,unstable
hybrid,morgan_bit_1013,morgan_bit,10,50,0,0.0,0,0.0,0,0.0,1042.18,1042.0,3.0884247355146566,1037,1050,0.0,0.0,0.0,50,0,0,0,10,0.0,zero,unstable
hybrid,morgan_bit_1014,morgan_bit,10,50,0,0.0,0,0.0,0,0.0,1043.18,1043.0,3.0884247355146566,1038,1051,0.0,0.0,0.0,50,0,0,0,10,0.0,zero,unstable
hybrid,morgan_bit_1015,morgan_bit,10,50,0,0.0,0,0.0,0,0.0,1044.18,1044.0,3.0884247355146566,1039,1052,0.0,0.0,0.0,50,0,0,0,10,0.0,zero,unstable
hybrid,morgan_bit_1016,morgan_bit,10,50,0,0.0,0,0.0,0,0.0,1045.18,1045.0,3.0884247355146566,1040,1053,0.0,0.0,0.0,50,0,0,0,10,0.0,zero,unstable
hybrid,morgan_bit_1017,morgan_bit,10,50,0,0.0,0,0.0,1,0.02,522.02,59.5,508.0136383353245,18,1054,0.042476299641837974,0.06412727676071166,0.0011992037260808927,24,10,7,3,0,0.7,positive,unstable
hybrid,morgan_bit_1018,morgan_bit,10,50,0,0.0,0,0.0,0,0.0,1046.66,1046.0,3.000748206017687,1042,1055,0.0,0.0,0.0,50,0,0,0,10,0.0,zero,unstable
hybrid,morgan_bit_1019,morgan_bit,10,50,0,0.0,0,0.0,0,0.0,1047.66,1047.0,3.000748206017687,1043,1056,0.0,0.0,0.0,50,0,0,0,10,0.0,zero,unstable
hybrid,morgan_bit_1020,morgan_bit,10,50,0,0.0,0,0.0,0,0.0,1048.66,1048.0,3.000748206017687,1044,1057,0.0,0.0,0.0,50,0,0,0,10,0.0,zero,unstable
hybrid,morgan_bit_1021,morgan_bit,10,50,0,0.0,0,0.0,0,0.0,1049.66,1049.0,3.000748206017687,1045,1058,0.0,0.0,0.0,50,0,0,0,10,0.0,zero,unstable
hybrid,morgan_bit_1022,morgan_bit,10,50,0,0.0,0,0.0,0,0.0,1050.66,1050.0,3.000748206017687,1046,1059,0.0,0.0,0.0,50,0,0,0,10,0.0,zero,unstable
hybrid,morgan_bit_1023,morgan_bit,10,50,0,0.0,0,0.0,0,0.0,1051.66,1051.0,3.000748206017687,1047,1060,0.0,0.0,0.0,50,0,0,0,10,0.0,zero,unstable
hybrid,morgan_bit_1024,morgan_bit,10,50,0,0.0,0,0.0,0,0.0,1052.66,1052.0,3.000748206017687,1048,1061,0.0,0.0,0.0,50,0,0,0,10,0.0,zero,unstable
hybrid,morgan_bit_1025,morgan_bit,10,50,0,0.0,0,0.0,0,0.0,1053.66,1053.0,3.000748206017687,1049,1062,0.0,0.0,0.0,50,0,0,0,10,0.0,zero,unstable
hybrid,morgan_bit_1026,morgan_bit,10,50,0,0.0,0,0.0,0,0.0,1054.66,1054.0,3.000748206017687,1050,1063,0.0,0.0,0.0,50,0,0,0,10,0.0,zero,unstable
hybrid,morgan_bit_1027,morgan_bit,10,50,0,0.0,0,0.0,0,0.0,1055.66,1055.0,3.000748206017687,1051,1064,0.0,0.0,0.0,50,0,0,0,10,0.0,zero,unstable
hybrid,morgan_bit_1028,morgan_bit,10,50,0,0.0,0,0.0,0,0.0,373.24,56.5,473.5010531634949,37,1063,0.01665174219371787,0.017628672374831324,0.000924464314521092,16,10,9,1,0,0.9,positive,unstable
hybrid,morgan_bit_1029,morgan_bit,10,50,0,0.0,0,0.0,0,0.0,1056.98,1056.0,3.0135070084199103,1052,1065,0.0,0.0,0.0,50,0,0,0,10,0.0,zero,unstable
hybrid,morgan_bit_1030,morgan_bit,10,50,0,0.0,0,0.0,0,0.0,1057.98,1057.0,3.0135070084199103,1053,1066,0.0,0.0,0.0,50,0,0,0,10,0.0,zero,unstable
hybrid,morgan_bit_1031,morgan_bit,10,50,0,0.0,0,0.0,0,0.0,1058.98,1058.0,3.0135070084199103,1054,1067,0.0,0.0,0.0,50,0,0,0,10,0.0,zero,unstable
hybrid,morgan_bit_1032,morgan_bit,10,50,0,0.0,0,0.0,0,0.0,1059.98,1059.0,3.0135070084199103,1055,1068,0.0,0.0,0.0,50,0,0,0,10,0.0,zero,unstable
hybrid,morgan_bit_1033,morgan_bit,10,50,0,0.0,0,0.0,0,0.0,1060.98,1060.0,3.0135070084199103,1056,1069,0.0,0.0,0.0,50,0,0,0,10,0.0,zero,unstable
hybrid,morgan_bit_1034,morgan_bit,10,50,0,0.0,0,0.0,0,0.0,1061.98,1061.0,3.0135070084199103,1057,1070,0.0,0.0,0.0,50,0,0,0,10,0.0,zero,unstable
hybrid,morgan_bit_1035,morgan_bit,10,50,0,0.0,0,0.0,0,0.0,1062.98,1062.0,3.0135070084199103,1058,1071,0.0,0.0,0.0,50,0,0,0,10,0.0,zero,unstable
hybrid,morgan_bit_1036,morgan_bit,10,50,0,0.0,0,0.0,0,0.0,1063.98,1063.0,3.0135070084199103,1059,1072,0.0,0.0,0.0,50,0,0,0,10,0.0,zero,unstable
hybrid,morgan_bit_1037,morgan_bit,10,50,0,0.0,0,0.0,0,0.0,1064.98,1064.0,3.0135070084199103,1060,1073,0.0,0.0,0.0,50,0,0,0,10,0.0,zero,unstable
hybrid,morgan_bit_1038,morgan_bit,10,50,0,0.0,0,0.0,0,0.0,1065.98,1065.0,3.0135070084199103,1061,1074,0.0,0.0,0.0,50,0,0,0,10,0.0,zero,unstable
hybrid,morgan_bit_1039,morgan_bit,10,50,0,0.0,0,0.0,0,0.0,1066.98,1066.0,3.0135070084199103,1062,1075,0.0,0.0,0.0,50,0,0,0,10,0.0,zero,unstable
hybrid,morgan_bit_1040,morgan_bit,10,50,0,0.0,0,0.0,0,0.0,1067.98,1067.0,3.0135070084199103,1063,1076,0.0,0.0,0.0,50,0,0,0,10,0.0,zero,unstable
hybrid,morgan_bit_1041,morgan_bit,10,50,0,0.0,0,0.0,0,0.0,1068.98,1068.0,3.0135070084199103,1064,1077,0.0,0.0,0.0,50,0,0,0,10,0.0,zero,unstable
hybrid,morgan_bit_1042,morgan_bit,10,50,0,0.0,0,0.0,0,0.0,1069.98,1069.0,3.0135070084199103,1065,1078,0.0,0.0,0.0,50,0,0,0,10,0.0,zero,unstable
hybrid,morgan_bit_1043,morgan_bit,10,50,0,0.0,0,0.0,0,0.0,1070.98,1070.0,3.0135070084199103,1066,1079,0.0,0.0,0.0,50,0,0,0,10,0.0,zero,unstable
hybrid,morgan_bit_1044,morgan_bit,10,50,0,0.0,0,0.0,0,0.0,1071.98,1071.0,3.0135070084199103,1067,1080,0.0,0.0,0.0,50,0,0,0,10,0.0,zero,unstable
hybrid,morgan_bit_1045,morgan_bit,10,50,0,0.0,0,0.0,0,0.0,1072.98,1072.0,3.0135070084199103,1068,1081,0.0,0.0,0.0,50,0,0,0,10,0.0,zero,unstable
hybrid,morgan_bit_1046,morgan_bit,10,50,0,0.0,0,0.0,0,0.0,1073.98,1073.0,3.0135070084199103,1069,1082,0.0,0.0,0.0,50,0,0,0,10,0.0,zero,unstable
hybrid,morgan_bit_1047,morgan_bit,10,50,0,0.0,0,0.0,0,0.0,1074.98,1074.0,3.0135070084199103,1070,1083,0.0,0.0,0.0,50,0,0,0,10,0.0,zero,unstable
hybrid,morgan_bit_1048,morgan_bit,10,50,0,0.0,0,0.0,0,0.0,1075.98,1075.0,3.0135070084199103,1071,1084,0.0,0.0,0.0,50,0,0,0,10,0.0,zero,unstable
hybrid,morgan_bit_1049,morgan_bit,10,50,0,0.0,0,0.0,0,0.0,1076.98,1076.0,3.0135070084199103,1072,1085,0.0,0.0,0.0,50,0,0,0,10,0.0,zero,unstable
hybrid,morgan_bit_1050,morgan_bit,10,50,0,0.0,0,0.0,0,0.0,704.06,1075.0,502.7958732965911,23,1082,0.020798018558338197,0.03775229246983694,0.000888131255679483,32,8,8,0,2,1.0,positive,unstable
hybrid,morgan_bit_1051,morgan_bit,10,50,0,0.0,0,0.0,0,0.0,1078.62,1078.0,2.912954878203399,1074,1086,0.0,0.0,0.0,50,0,0,0,10,0.0,zero,unstable
hybrid,morgan_bit_1052,morgan_bit,10,50,0,0.0,0,0.0,0,0.0,1079.62,1079.0,2.912954878203399,1075,1087,0.0,0.0,0.0,50,0,0,0,10,0.0,zero,unstable
hybrid,morgan_bit_1053,morgan_bit,10,50,0,0.0,0,0.0,0,0.0,1080.62,1080.0,2.912954878203399,1076,1088,0.0,0.0,0.0,50,0,0,0,10,0.0,zero,unstable
hybrid,morgan_bit_1054,morgan_bit,10,50,0,0.0,0,0.0,0,0.0,1081.62,1081.0,2.912954878203399,1077,1089,0.0,0.0,0.0,50,0,0,0,10,0.0,zero,unstable
hybrid,morgan_bit_1055,morgan_bit,10,50,0,0.0,0,0.0,0,0.0,893.28,1081.0,407.38424122687906,27,1090,0.016623118562581474,0.038886357547264015,0.0007345696436250979,41,8,6,2,2,0.75,positive,unstable
hybrid,morgan_bit_1056,morgan_bit,10,50,0,0.0,0,0.0,0,0.0,1083.44,1083.0,2.822359701688338,1079,1091,0.0,0.0,0.0,50,0,0,0,10,0.0,zero,unstable
hybrid,morgan_bit_1057,morgan_bit,10,50,0,0.0,0,0.0,3,0.06,126.38,46.5,285.30405477922915,12,1085,0.07004613147213673,0.12211085307211401,0.0064495250219902146,4,10,8,2,0,0.8,positive,unstable
hybrid,morgan_bit_1058,morgan_bit,10,50,0,0.0,0,0.0,0,0.0,1022.48,1084.0,247.52218948149738,49,1092,0.0008632511871471398,0.0034549123557796016,-3.4000079033809526e-05,47,3,0,3,7,1.0,negative,unstable
hybrid,morgan_bit_1059,morgan_bit,10,50,0,0.0,0,0.0,0,0.0,1085.46,1085.0,2.764276485772709,1081,1093,0.0,0.0,0.0,50,0,0,0,10,0.0,zero,unstable
hybrid,morgan_bit_1060,morgan_bit,10,50,0,0.0,0,0.0,0,0.0,1086.46,1086.0,2.764276485772709,1082,1094,0.0,0.0,0.0,50,0,0,0,10,0.0,zero,unstable
hybrid,morgan_bit_1061,morgan_bit,10,50,0,0.0,0,0.0,0,0.0,1087.46,1087.0,2.764276485772709,1083,1095,0.0,0.0,0.0,50,0,0,0,10,0.0,zero,unstable
hybrid,morgan_bit_1062,morgan_bit,10,50,0,0.0,0,0.0,0,0.0,1088.46,1088.0,2.764276485772709,1084,1096,0.0,0.0,0.0,50,0,0,0,10,0.0,zero,unstable
hybrid,morgan_bit_1063,morgan_bit,10,50,0,0.0,0,0.0,0,0.0,1089.46,1089.0,2.764276485772709,1085,1097,0.0,0.0,0.0,50,0,0,0,10,0.0,zero,unstable
hybrid,morgan_bit_1064,morgan_bit,10,50,0,0.0,0,0.0,0,0.0,1090.46,1090.0,2.764276485772709,1086,1098,0.0,0.0,0.0,50,0,0,0,10,0.0,zero,unstable
hybrid,morgan_bit_1065,morgan_bit,10,50,0,0.0,0,0.0,0,0.0,1091.46,1091.0,2.764276485772709,1087,1099,0.0,0.0,0.0,50,0,0,0,10,0.0,zero,unstable
hybrid,morgan_bit_1066,morgan_bit,10,50,0,0.0,0,0.0,0,0.0,1092.46,1092.0,2.764276485772709,1088,1100,0.0,0.0,0.0,50,0,0,0,10,0.0,zero,unstable
hybrid,morgan_bit_1067,morgan_bit,10,50,0,0.0,0,0.0,0,0.0,1093.46,1093.0,2.764276485772709,1089,1101,0.0,0.0,0.0,50,0,0,0,10,0.0,zero,unstable
hybrid,morgan_bit_1068,morgan_bit,10,50,0,0.0,0,0.0,0,0.0,1094.46,1094.0,2.764276485772709,1090,1102,0.0,0.0,0.0,50,0,0,0,10,0.0,zero,unstable
hybrid,morgan_bit_1069,morgan_bit,10,50,0,0.0,0,0.0,0,0.0,807.28,1094.0,466.70486413158545,60,1103,0.0011720489567847861,0.002226509792709733,-0.00024326691349414406,36,9,0,9,1,1.0,negative,unstable
hybrid,morgan_bit_1070,morgan_bit,10,50,0,0.0,0,0.0,0,0.0,1096.18,1096.0,2.7825256476071942,1091,1104,0.0,0.0,0.0,50,0,0,0,10,0.0,zero,unstable
hybrid,morgan_bit_1071,morgan_bit,10,50,0,0.0,0,0.0,0,0.0,1097.18,1097.0,2.7825256476071942,1092,1105,0.0,0.0,0.0,50,0,0,0,10,0.0,zero,unstable
hybrid,morgan_bit_1072,morgan_bit,10,50,0,0.0,0,0.0,0,0.0,1098.18,1098.0,2.7825256476071942,1093,1106,0.0,0.0,0.0,50,0,0,0,10,0.0,zero,unstable
hybrid,morgan_bit_1073,morgan_bit,10,50,0,0.0,0,0.0,0,0.0,825.94,1097.0,464.90628460947664,39,1107,0.006380271779068013,0.012128033580351406,0.0004975456508987988,37,10,10,0,0,1.0,positive,unstable
hybrid,morgan_bit_1074,morgan_bit,10,50,0,0.0,0,0.0,0,0.0,1099.92,1099.5,2.6942114820860072,1095,1108,0.0,0.0,0.0,50,0,0,0,10,0.0,zero,unstable
hybrid,morgan_bit_1075,morgan_bit,10,50,0,0.0,0,0.0,0,0.0,1100.92,1100.5,2.6942114820860072,1096,1109,0.0,0.0,0.0,50,0,0,0,10,0.0,zero,unstable
hybrid,morgan_bit_1076,morgan_bit,10,50,0,0.0,0,0.0,0,0.0,1101.92,1101.5,2.6942114820860072,1097,1110,0.0,0.0,0.0,50,0,0,0,10,0.0,zero,unstable
hybrid,morgan_bit_1077,morgan_bit,10,50,0,0.0,0,0.0,0,0.0,1102.92,1102.5,2.6942114820860072,1098,1111,0.0,0.0,0.0,50,0,0,0,10,0.0,zero,unstable
hybrid,morgan_bit_1078,morgan_bit,10,50,0,0.0,0,0.0,0,0.0,1103.92,1103.5,2.6942114820860072,1099,1112,0.0,0.0,0.0,50,0,0,0,10,0.0,zero,unstable
hybrid,morgan_bit_1079,morgan_bit,10,50,0,0.0,0,0.0,0,0.0,1104.92,1104.5,2.6942114820860072,1100,1113,0.0,0.0,0.0,50,0,0,0,10,0.0,zero,unstable
hybrid,morgan_bit_1080,morgan_bit,10,50,0,0.0,0,0.0,0,0.0,1105.92,1105.5,2.6942114820860072,1101,1114,0.0,0.0,0.0,50,0,0,0,10,0.0,zero,unstable
hybrid,morgan_bit_1081,morgan_bit,10,50,0,0.0,0,0.0,0,0.0,1106.92,1106.5,2.6942114820860072,1102,1115,0.0,0.0,0.0,50,0,0,0,10,0.0,zero,unstable
hybrid,morgan_bit_1082,morgan_bit,10,50,0,0.0,0,0.0,0,0.0,960.66,1107.0,368.08215642374057,50,1114,0.001622846751660374,0.004270020467053377,-0.0004976643267161102,43,7,0,7,3,1.0,negative,unstable
hybrid,morgan_bit_1083,morgan_bit,10,50,0,0.0,0,0.0,0,0.0,1108.78,1108.0,2.63640138159916,1104,1116,0.0,0.0,0.0,50,0,0,0,10,0.0,zero,unstable
hybrid,morgan_bit_1084,morgan_bit,10,50,0,0.0,0,0.0,0,0.0,1109.78,1109.0,2.63640138159916,1105,1117,0.0,0.0,0.0,50,0,0,0,10,0.0,zero,unstable
hybrid,morgan_bit_1085,morgan_bit,10,50,0,0.0,0,0.0,0,0.0,1110.78,1110.0,2.63640138159916,1106,1118,0.0,0.0,0.0,50,0,0,0,10,0.0,zero,unstable
hybrid,morgan_bit_1086,morgan_bit,10,50,0,0.0,0,0.0,0,0.0,1111.78,1111.0,2.63640138159916,1107,1119,0.0,0.0,0.0,50,0,0,0,10,0.0,zero,unstable
hybrid,morgan_bit_1087,morgan_bit,10,50,0,0.0,0,0.0,0,0.0,1112.78,1112.0,2.63640138159916,1108,1120,0.0,0.0,0.0,50,0,0,0,10,0.0,zero,unstable
hybrid,morgan_bit_1088,morgan_bit,10,50,0,0.0,0,0.0,0,0.0,292.62,35.0,464.7680962214448,24,1113,0.07812226395292597,0.06769532084023623,0.0020939179424773334,12,10,8,2,0,0.8,positive,unstable
hybrid,morgan_bit_1089,morgan_bit,10,50,0,0.0,0,0.0,0,0.0,1114.02,1113.0,2.4284873935040645,1110,1121,0.0,0.0,0.0,50,0,0,0,10,0.0,zero,unstable
hybrid,morgan_bit_1090,morgan_bit,10,50,0,0.0,0,0.0,0,0.0,1115.02,1114.0,2.4284873935040645,1111,1122,0.0,0.0,0.0,50,0,0,0,10,0.0,zero,unstable
hybrid,morgan_bit_1091,morgan_bit,10,50,0,0.0,0,0.0,0,0.0,1116.02,1115.0,2.4284873935040645,1112,1123,0.0,0.0,0.0,50,0,0,0,10,0.0,zero,unstable
hybrid,morgan_bit_1092,morgan_bit,10,50,0,0.0,0,0.0,0,0.0,1117.02,1116.0,2.4284873935040645,1113,1124,0.0,0.0,0.0,50,0,0,0,10,0.0,zero,unstable
hybrid,morgan_bit_1093,morgan_bit,10,50,0,0.0,0,0.0,0,0.0,1118.02,1117.0,2.4284873935040645,1114,1125,0.0,0.0,0.0,50,0,0,0,10,0.0,zero,unstable
hybrid,morgan_bit_1094,morgan_bit,10,50,0,0.0,0,0.0,0,0.0,1119.02,1118.0,2.4284873935040645,1115,1126,0.0,0.0,0.0,50,0,0,0,10,0.0,zero,unstable
hybrid,morgan_bit_1095,morgan_bit,10,50,0,0.0,0,0.0,0,0.0,1120.02,1119.0,2.4284873935040645,1116,1127,0.0,0.0,0.0,50,0,0,0,10,0.0,zero,unstable
hybrid,morgan_bit_1096,morgan_bit,10,50,0,0.0,0,0.0,0,0.0,1121.02,1120.0,2.4284873935040645,1117,1128,0.0,0.0,0.0,50,0,0,0,10,0.0,zero,unstable
hybrid,morgan_bit_1097,morgan_bit,10,50,0,0.0,0,0.0,0,0.0,1122.02,1121.0,2.4284873935040645,1118,1129,0.0,0.0,0.0,50,0,0,0,10,0.0,zero,unstable
hybrid,morgan_bit_1098,morgan_bit,10,50,0,0.0,0,0.0,0,0.0,1123.02,1122.0,2.4284873935040645,1119,1130,0.0,0.0,0.0,50,0,0,0,10,0.0,zero,unstable
hybrid,morgan_bit_1099,morgan_bit,10,50,0,0.0,0,0.0,0,0.0,1124.02,1123.0,2.4284873935040645,1120,1131,0.0,0.0,0.0,50,0,0,0,10,0.0,zero,unstable
hybrid,morgan_bit_1100,morgan_bit,10,50,0,0.0,0,0.0,0,0.0,1125.02,1124.0,2.4284873935040645,1121,1132,0.0,0.0,0.0,50,0,0,0,10,0.0,zero,unstable
hybrid,morgan_bit_1101,morgan_bit,10,50,0,0.0,0,0.0,0,0.0,1104.7,1125.0,150.77761025796252,60,1133,0.00014982221092979767,0.001059403013208212,1.5500315575321253e-05,49,1,1,0,9,1.0,positive,unstable
hybrid,morgan_bit_1102,morgan_bit,10,50,0,0.0,0,0.0,0,0.0,1127.0,1126.0,2.4327694808466287,1123,1134,0.0,0.0,0.0,50,0,0,0,10,0.0,zero,unstable
hybrid,morgan_bit_1103,morgan_bit,10,50,0,0.0,0,0.0,0,0.0,1128.0,1127.0,2.4327694808466287,1124,1135,0.0,0.0,0.0,50,0,0,0,10,0.0,zero,unstable
hybrid,morgan_bit_1104,morgan_bit,10,50,0,0.0,0,0.0,0,0.0,1129.0,1128.0,2.4327694808466287,1125,1136,0.0,0.0,0.0,50,0,0,0,10,0.0,zero,unstable
hybrid,morgan_bit_1105,morgan_bit,10,50,0,0.0,0,0.0,0,0.0,1130.0,1129.0,2.4327694808466287,1126,1137,0.0,0.0,0.0,50,0,0,0,10,0.0,zero,unstable
hybrid,morgan_bit_1106,morgan_bit,10,50,0,0.0,0,0.0,0,0.0,1131.0,1130.0,2.4327694808466287,1127,1138,0.0,0.0,0.0,50,0,0,0,10,0.0,zero,unstable
hybrid,morgan_bit_1107,morgan_bit,10,50,0,0.0,0,0.0,0,0.0,1132.0,1131.0,2.4327694808466287,1128,1139,0.0,0.0,0.0,50,0,0,0,10,0.0,zero,unstable
hybrid,morgan_bit_1108,morgan_bit,10,50,0,0.0,0,0.0,0,0.0,1133.0,1132.0,2.4327694808466287,1129,1140,0.0,0.0,0.0,50,0,0,0,10,0.0,zero,unstable
hybrid,morgan_bit_1109,morgan_bit,10,50,0,0.0,0,0.0,0,0.0,1134.0,1133.0,2.4327694808466287,1130,1141,0.0,0.0,0.0,50,0,0,0,10,0.0,zero,unstable
hybrid,morgan_bit_1110,morgan_bit,10,50,0,0.0,0,0.0,0,0.0,1135.0,1134.0,2.4327694808466287,1131,1142,0.0,0.0,0.0,50,0,0,0,10,0.0,zero,unstable
hybrid,morgan_bit_1111,morgan_bit,10,50,0,0.0,0,0.0,0,0.0,1136.0,1135.0,2.4327694808466287,1132,1143,0.0,0.0,0.0,50,0,0,0,10,0.0,zero,unstable
hybrid,morgan_bit_1112,morgan_bit,10,50,0,0.0,0,0.0,0,0.0,1137.0,1136.0,2.4327694808466287,1133,1144,0.0,0.0,0.0,50,0,0,0,10,0.0,zero,unstable
hybrid,morgan_bit_1113,morgan_bit,10,50,0,0.0,0,0.0,0,0.0,1138.0,1137.0,2.4327694808466287,1134,1145,0.0,0.0,0.0,50,0,0,0,10,0.0,zero,unstable
hybrid,morgan_bit_1114,morgan_bit,10,50,0,0.0,0,0.0,0,0.0,1139.0,1138.0,2.4327694808466287,1135,1146,0.0,0.0,0.0,50,0,0,0,10,0.0,zero,unstable
hybrid,morgan_bit_1115,morgan_bit,10,50,0,0.0,0,0.0,0,0.0,1140.0,1139.0,2.4327694808466287,1136,1147,0.0,0.0,0.0,50,0,0,0,10,0.0,zero,unstable
hybrid,morgan_bit_1116,morgan_bit,10,50,0,0.0,0,0.0,0,0.0,1141.0,1140.0,2.4327694808466287,1137,1148,0.0,0.0,0.0,50,0,0,0,10,0.0,zero,unstable
hybrid,morgan_bit_1117,morgan_bit,10,50,0,0.0,0,0.0,0,0.0,1142.0,1141.0,2.4327694808466287,1138,1149,0.0,0.0,0.0,50,0,0,0,10,0.0,zero,unstable
hybrid,morgan_bit_1118,morgan_bit,10,50,0,0.0,0,0.0,0,0.0,1143.0,1142.0,2.4327694808466287,1139,1150,0.0,0.0,0.0,50,0,0,0,10,0.0,zero,unstable
hybrid,morgan_bit_1119,morgan_bit,10,50,0,0.0,0,0.0,0,0.0,1144.0,1143.0,2.4327694808466287,1140,1151,0.0,0.0,0.0,50,0,0,0,10,0.0,zero,unstable
hybrid,morgan_bit_1120,morgan_bit,10,50,0,0.0,0,0.0,0,0.0,1145.0,1144.0,2.4327694808466287,1141,1152,0.0,0.0,0.0,50,0,0,0,10,0.0,zero,unstable
hybrid,morgan_bit_1121,morgan_bit,10,50,0,0.0,0,0.0,0,0.0,1146.0,1145.0,2.4327694808466287,1142,1153,0.0,0.0,0.0,50,0,0,0,10,0.0,zero,unstable
hybrid,morgan_bit_1122,morgan_bit,10,50,0,0.0,0,0.0,0,0.0,1147.0,1146.0,2.4327694808466287,1143,1154,0.0,0.0,0.0,50,0,0,0,10,0.0,zero,unstable
hybrid,morgan_bit_1123,morgan_bit,10,50,0,0.0,0,0.0,0,0.0,1148.0,1147.0,2.4327694808466287,1144,1155,0.0,0.0,0.0,50,0,0,0,10,0.0,zero,unstable
hybrid,morgan_bit_1124,morgan_bit,10,50,0,0.0,0,0.0,0,0.0,1149.0,1148.0,2.4327694808466287,1145,1156,0.0,0.0,0.0,50,0,0,0,10,0.0,zero,unstable
hybrid,morgan_bit_1125,morgan_bit,10,50,0,0.0,0,0.0,0,0.0,1150.0,1149.0,2.4327694808466287,1146,1157,0.0,0.0,0.0,50,0,0,0,10,0.0,zero,unstable
hybrid,morgan_bit_1126,morgan_bit,10,50,0,0.0,0,0.0,0,0.0,1151.0,1150.0,2.4327694808466287,1147,1158,0.0,0.0,0.0,50,0,0,0,10,0.0,zero,unstable
hybrid,morgan_bit_1127,morgan_bit,10,50,0,0.0,0,0.0,0,0.0,1152.0,1151.0,2.4327694808466287,1148,1159,0.0,0.0,0.0,50,0,0,0,10,0.0,zero,unstable
hybrid,morgan_bit_1128,morgan_bit,10,50,0,0.0,0,0.0,0,0.0,1153.0,1152.0,2.4327694808466287,1149,1160,0.0,0.0,0.0,50,0,0,0,10,0.0,zero,unstable
hybrid,morgan_bit_1129,morgan_bit,10,50,0,0.0,0,0.0,0,0.0,1154.0,1153.0,2.4327694808466287,1150,1161,0.0,0.0,0.0,50,0,0,0,10,0.0,zero,unstable
hybrid,morgan_bit_1130,morgan_bit,10,50,0,0.0,0,0.0,0,0.0,1089.08,1154.0,263.4944014430605,53,1162,0.0008500907885645977,0.0034384544870448715,-0.00038257097787766365,47,3,0,3,7,1.0,negative,unstable
hybrid,morgan_bit_1131,morgan_bit,10,50,0,0.0,0,0.0,0,0.0,1155.94,1155.0,2.436206485669129,1152,1163,0.0,0.0,0.0,50,0,0,0,10,0.0,zero,unstable
hybrid,morgan_bit_1132,morgan_bit,10,50,0,0.0,0,0.0,0,0.0,1156.94,1156.0,2.436206485669129,1153,1164,0.0,0.0,0.0,50,0,0,0,10,0.0,zero,unstable
hybrid,morgan_bit_1133,morgan_bit,10,50,0,0.0,0,0.0,0,0.0,1157.94,1157.0,2.436206485669129,1154,1165,0.0,0.0,0.0,50,0,0,0,10,0.0,zero,unstable
hybrid,morgan_bit_1134,morgan_bit,10,50,0,0.0,0,0.0,0,0.0,1158.94,1158.0,2.436206485669129,1155,1166,0.0,0.0,0.0,50,0,0,0,10,0.0,zero,unstable
hybrid,morgan_bit_1135,morgan_bit,10,50,0,0.0,0,0.0,0,0.0,1159.94,1159.0,2.436206485669129,1156,1167,0.0,0.0,0.0,50,0,0,0,10,0.0,zero,unstable
hybrid,morgan_bit_1136,morgan_bit,10,50,0,0.0,0,0.0,0,0.0,1160.94,1160.0,2.436206485669129,1157,1168,0.0,0.0,0.0,50,0,0,0,10,0.0,zero,unstable
hybrid,morgan_bit_1137,morgan_bit,10,50,0,0.0,0,0.0,0,0.0,1161.94,1161.0,2.436206485669129,1158,1169,0.0,0.0,0.0,50,0,0,0,10,0.0,zero,unstable
hybrid,morgan_bit_1138,morgan_bit,10,50,0,0.0,0,0.0,0,0.0,1162.94,1162.0,2.436206485669129,1159,1170,0.0,0.0,0.0,50,0,0,0,10,0.0,zero,unstable
hybrid,morgan_bit_1139,morgan_bit,10,50,0,0.0,0,0.0,0,0.0,1163.94,1163.0,2.436206485669129,1160,1171,0.0,0.0,0.0,50,0,0,0,10,0.0,zero,unstable
hybrid,morgan_bit_1140,morgan_bit,10,50,0,0.0,0,0.0,0,0.0,1164.94,1164.0,2.436206485669129,1161,1172,0.0,0.0,0.0,50,0,0,0,10,0.0,zero,unstable
hybrid,morgan_bit_1141,morgan_bit,10,50,0,0.0,0,0.0,0,0.0,1165.94,1165.0,2.436206485669129,1162,1173,0.0,0.0,0.0,50,0,0,0,10,0.0,zero,unstable
hybrid,morgan_bit_1142,morgan_bit,10,50,0,0.0,0,0.0,0,0.0,1166.94,1166.0,2.436206485669129,1163,1174,0.0,0.0,0.0,50,0,0,0,10,0.0,zero,unstable
hybrid,morgan_bit_1143,morgan_bit,10,50,0,0.0,0,0.0,0,0.0,471.2,59.0,550.1087462066579,25,1172,0.03266495735666305,0.04601333974785688,0.00024355696042823566,19,10,6,4,0,0.6,positive,unstable
hybrid,morgan_bit_1144,morgan_bit,10,50,0,0.0,0,0.0,0,0.0,1168.32,1168.0,2.280708804968584,1165,1175,0.0,0.0,0.0,50,0,0,0,10,0.0,zero,unstable
hybrid,morgan_bit_1145,morgan_bit,10,50,0,0.0,0,0.0,0,0.0,1169.32,1169.0,2.280708804968584,1166,1176,0.0,0.0,0.0,50,0,0,0,10,0.0,zero,unstable
hybrid,morgan_bit_1146,morgan_bit,10,50,0,0.0,0,0.0,0,0.0,1170.32,1170.0,2.280708804968584,1167,1177,0.0,0.0,0.0,50,0,0,0,10,0.0,zero,unstable
hybrid,morgan_bit_1147,morgan_bit,10,50,0,0.0,0,0.0,0,0.0,1171.32,1171.0,2.280708804968584,1168,1178,0.0,0.0,0.0,50,0,0,0,10,0.0,zero,unstable
hybrid,morgan_bit_1148,morgan_bit,10,50,0,0.0,0,0.0,0,0.0,1172.32,1172.0,2.280708804968584,1169,1179,0.0,0.0,0.0,50,0,0,0,10,0.0,zero,unstable
hybrid,morgan_bit_1149,morgan_bit,10,50,0,0.0,0,0.0,0,0.0,1173.32,1173.0,2.280708804968584,1170,1180,0.0,0.0,0.0,50,0,0,0,10,0.0,zero,unstable
hybrid,morgan_bit_1150,morgan_bit,10,50,0,0.0,0,0.0,0,0.0,1174.32,1174.0,2.280708804968584,1171,1181,0.0,0.0,0.0,50,0,0,0,10,0.0,zero,unstable
hybrid,morgan_bit_1151,morgan_bit,10,50,0,0.0,0,0.0,0,0.0,1175.32,1175.0,2.280708804968584,1172,1182,0.0,0.0,0.0,50,0,0,0,10,0.0,zero,unstable
hybrid,morgan_bit_1152,morgan_bit,10,50,0,0.0,0,0.0,0,0.0,612.22,620.5,569.3191526297182,32,1180,0.015345330468472222,0.022436360409730082,0.0008197792361830855,25,10,10,0,0,1.0,positive,unstable
hybrid,morgan_bit_1153,morgan_bit,10,50,0,0.0,0,0.0,0,0.0,1176.82,1176.5,2.2102728615374576,1173,1183,0.0,0.0,0.0,50,0,0,0,10,0.0,zero,unstable
hybrid,morgan_bit_1154,morgan_bit,10,50,0,0.0,0,0.0,0,0.0,1177.82,1177.5,2.2102728615374576,1174,1184,0.0,0.0,0.0,50,0,0,0,10,0.0,zero,unstable
hybrid,morgan_bit_1155,morgan_bit,10,50,0,0.0,0,0.0,21,0.42,275.3,23.5,483.8165974829719,11,1180,0.2149508765397307,0.1438695032408708,-0.011372388184573343,11,10,0,10,0,1.0,negative,unstable
hybrid,morgan_bit_1156,morgan_bit,10,50,0,0.0,0,0.0,0,0.0,1179.04,1179.0,2.069802317288552,1175,1185,0.0,0.0,0.0,50,0,0,0,10,0.0,zero,unstable
hybrid,morgan_bit_1157,morgan_bit,10,50,0,0.0,0,0.0,0,0.0,1180.04,1180.0,2.069802317288552,1176,1186,0.0,0.0,0.0,50,0,0,0,10,0.0,zero,unstable
hybrid,morgan_bit_1158,morgan_bit,10,50,0,0.0,0,0.0,0,0.0,1181.04,1181.0,2.069802317288552,1177,1187,0.0,0.0,0.0,50,0,0,0,10,0.0,zero,unstable
hybrid,morgan_bit_1159,morgan_bit,10,50,0,0.0,0,0.0,0,0.0,1182.04,1182.0,2.069802317288552,1178,1188,0.0,0.0,0.0,50,0,0,0,10,0.0,zero,unstable
hybrid,morgan_bit_1160,morgan_bit,10,50,0,0.0,0,0.0,0,0.0,1183.04,1183.0,2.069802317288552,1179,1189,0.0,0.0,0.0,50,0,0,0,10,0.0,zero,unstable
hybrid,morgan_bit_1161,morgan_bit,10,50,0,0.0,0,0.0,0,0.0,1184.04,1184.0,2.069802317288552,1180,1190,0.0,0.0,0.0,50,0,0,0,10,0.0,zero,unstable
hybrid,morgan_bit_1162,morgan_bit,10,50,0,0.0,0,0.0,0,0.0,1185.04,1185.0,2.069802317288552,1181,1191,0.0,0.0,0.0,50,0,0,0,10,0.0,zero,unstable
hybrid,morgan_bit_1163,morgan_bit,10,50,0,0.0,0,0.0,1,0.02,796.88,1185.0,547.9649042835961,16,1192,0.027392551505741793,0.07162220768908802,-0.0010888610434765856,33,10,2,8,0,0.8,negative,unstable
hybrid,morgan_bit_1164,morgan_bit,10,50,0,0.0,0,0.0,0,0.0,1186.7,1186.0,2.168889492955568,1183,1193,0.0,0.0,0.0,50,0,0,0,10,0.0,zero,unstable
hybrid,morgan_bit_1165,morgan_bit,10,50,0,0.0,0,0.0,0,0.0,1187.7,1187.0,2.168889492955568,1184,1194,0.0,0.0,0.0,50,0,0,0,10,0.0,zero,unstable
hybrid,morgan_bit_1166,morgan_bit,10,50,0,0.0,0,0.0,0,0.0,1188.7,1188.0,2.168889492955568,1185,1195,0.0,0.0,0.0,50,0,0,0,10,0.0,zero,unstable
hybrid,morgan_bit_1167,morgan_bit,10,50,0,0.0,0,0.0,0,0.0,1189.7,1189.0,2.168889492955568,1186,1196,0.0,0.0,0.0,50,0,0,0,10,0.0,zero,unstable
hybrid,morgan_bit_1168,morgan_bit,10,50,0,0.0,0,0.0,0,0.0,1190.7,1190.0,2.168889492955568,1187,1197,0.0,0.0,0.0,50,0,0,0,10,0.0,zero,unstable
hybrid,morgan_bit_1169,morgan_bit,10,50,0,0.0,0,0.0,0,0.0,1191.7,1191.0,2.168889492955568,1188,1198,0.0,0.0,0.0,50,0,0,0,10,0.0,zero,unstable
hybrid,morgan_bit_1170,morgan_bit,10,50,0,0.0,0,0.0,0,0.0,1192.7,1192.0,2.168889492955568,1189,1199,0.0,0.0,0.0,50,0,0,0,10,0.0,zero,unstable
hybrid,morgan_bit_1171,morgan_bit,10,50,0,0.0,0,0.0,0,0.0,559.28,69.5,567.8262539667196,48,1199,0.0051926482034307005,0.006106627802370708,-7.01490916661365e-05,22,10,4,6,0,0.6,negative,unstable
hybrid,morgan_bit_1172,morgan_bit,10,50,0,0.0,0,0.0,0,0.0,1194.14,1194.0,2.1666300363203943,1191,1200,0.0,0.0,0.0,50,0,0,0,10,0.0,zero,unstable
hybrid,morgan_bit_1173,morgan_bit,10,50,0,0.0,0,0.0,0,0.0,1195.14,1195.0,2.1666300363203943,1192,1201,0.0,0.0,0.0,50,0,0,0,10,0.0,zero,unstable
hybrid,morgan_bit_1174,morgan_bit,10,50,0,0.0,0,0.0,0,0.0,1196.14,1196.0,2.1666300363203943,1193,1202,0.0,0.0,0.0,50,0,0,0,10,0.0,zero,unstable
hybrid,morgan_bit_1175,morgan_bit,10,50,0,0.0,0,0.0,0,0.0,1197.14,1197.0,2.1666300363203943,1194,1203,0.0,0.0,0.0,50,0,0,0,10,0.0,zero,unstable
hybrid,morgan_bit_1176,morgan_bit,10,50,0,0.0,0,0.0,0,0.0,1198.14,1198.0,2.1666300363203943,1195,1204,0.0,0.0,0.0,50,0,0,0,10,0.0,zero,unstable
hybrid,morgan_bit_1177,morgan_bit,10,50,0,0.0,0,0.0,0,0.0,1199.14,1199.0,2.1666300363203943,1196,1205,0.0,0.0,0.0,50,0,0,0,10,0.0,zero,unstable
hybrid,morgan_bit_1178,morgan_bit,10,50,0,0.0,0,0.0,0,0.0,1200.14,1200.0,2.1666300363203943,1197,1206,0.0,0.0,0.0,50,0,0,0,10,0.0,zero,unstable
hybrid,morgan_bit_1179,morgan_bit,10,50,0,0.0,0,0.0,0,0.0,1201.14,1201.0,2.1666300363203943,1198,1207,0.0,0.0,0.0,50,0,0,0,10,0.0,zero,unstable
hybrid,morgan_bit_1180,morgan_bit,10,50,0,0.0,0,0.0,0,0.0,1202.14,1202.0,2.1666300363203943,1199,1208,0.0,0.0,0.0,50,0,0,0,10,0.0,zero,unstable
hybrid,morgan_bit_1181,morgan_bit,10,50,0,0.0,0,0.0,0,0.0,1203.14,1203.0,2.1666300363203943,1200,1209,0.0,0.0,0.0,50,0,0,0,10,0.0,zero,unstable
hybrid,morgan_bit_1182,morgan_bit,10,50,0,0.0,0,0.0,0,0.0,1204.14,1204.0,2.1666300363203943,1201,1210,0.0,0.0,0.0,50,0,0,0,10,0.0,zero,unstable
hybrid,morgan_bit_1183,morgan_bit,10,50,0,0.0,0,0.0,0,0.0,1205.14,1205.0,2.1666300363203943,1202,1211,0.0,0.0,0.0,50,0,0,0,10,0.0,zero,unstable
hybrid,morgan_bit_1184,morgan_bit,10,50,0,0.0,0,0.0,0,0.0,1206.14,1206.0,2.1666300363203943,1203,1212,0.0,0.0,0.0,50,0,0,0,10,0.0,zero,unstable
hybrid,morgan_bit_1185,morgan_bit,10,50,0,0.0,0,0.0,0,0.0,1207.14,1207.0,2.1666300363203943,1204,1213,0.0,0.0,0.0,50,0,0,0,10,0.0,zero,unstable
hybrid,morgan_bit_1186,morgan_bit,10,50,0,0.0,0,0.0,0,0.0,1208.14,1208.0,2.1666300363203943,1205,1214,0.0,0.0,0.0,50,0,0,0,10,0.0,zero,unstable
hybrid,morgan_bit_1187,morgan_bit,10,50,0,0.0,0,0.0,0,0.0,1209.14,1209.0,2.1666300363203943,1206,1215,0.0,0.0,0.0,50,0,0,0,10,0.0,zero,unstable
hybrid,morgan_bit_1188,morgan_bit,10,50,0,0.0,0,0.0,0,0.0,1210.14,1210.0,2.1666300363203943,1207,1216,0.0,0.0,0.0,50,0,0,0,10,0.0,zero,unstable
hybrid,morgan_bit_1189,morgan_bit,10,50,0,0.0,0,0.0,0,0.0,1211.14,1211.0,2.1666300363203943,1208,1217,0.0,0.0,0.0,50,0,0,0,10,0.0,zero,unstable
hybrid,morgan_bit_1190,morgan_bit,10,50,0,0.0,0,0.0,0,0.0,1212.14,1212.0,2.1666300363203943,1209,1218,0.0,0.0,0.0,50,0,0,0,10,0.0,zero,unstable
hybrid,morgan_bit_1191,morgan_bit,10,50,0,0.0,0,0.0,0,0.0,1213.14,1213.0,2.1666300363203943,1210,1219,0.0,0.0,0.0,50,0,0,0,10,0.0,zero,unstable
hybrid,morgan_bit_1192,morgan_bit,10,50,0,0.0,0,0.0,0,0.0,1214.14,1214.0,2.1666300363203943,1211,1220,0.0,0.0,0.0,50,0,0,0,10,0.0,zero,unstable
hybrid,morgan_bit_1193,morgan_bit,10,50,0,0.0,0,0.0,0,0.0,1215.14,1215.0,2.1666300363203943,1212,1221,0.0,0.0,0.0,50,0,0,0,10,0.0,zero,unstable
hybrid,morgan_bit_1194,morgan_bit,10,50,0,0.0,0,0.0,0,0.0,1216.14,1216.0,2.1666300363203943,1213,1222,0.0,0.0,0.0,50,0,0,0,10,0.0,zero,unstable
hybrid,morgan_bit_1195,morgan_bit,10,50,0,0.0,0,0.0,0,0.0,1217.14,1217.0,2.1666300363203943,1214,1223,0.0,0.0,0.0,50,0,0,0,10,0.0,zero,unstable
hybrid,morgan_bit_1196,morgan_bit,10,50,0,0.0,0,0.0,0,0.0,1218.14,1218.0,2.1666300363203943,1215,1224,0.0,0.0,0.0,50,0,0,0,10,0.0,zero,unstable
hybrid,morgan_bit_1197,morgan_bit,10,50,0,0.0,0,0.0,0,0.0,1219.14,1219.0,2.1666300363203943,1216,1225,0.0,0.0,0.0,50,0,0,0,10,0.0,zero,unstable
hybrid,morgan_bit_1198,morgan_bit,10,50,0,0.0,0,0.0,0,0.0,1220.14,1220.0,2.1666300363203943,1217,1226,0.0,0.0,0.0,50,0,0,0,10,0.0,zero,unstable
hybrid,morgan_bit_1199,morgan_bit,10,50,0,0.0,0,0.0,0,0.0,468.7,53.0,569.0676316464986,31,1224,0.02326923297880322,0.025067243075788566,0.0008424532550335865,18,10,8,2,0,0.8,positive,unstable
hybrid,morgan_bit_1200,morgan_bit,10,50,0,0.0,0,0.0,0,0.0,1221.5,1221.0,1.9820624179302297,1219,1227,0.0,0.0,0.0,50,0,0,0,10,0.0,zero,unstable
hybrid,morgan_bit_1201,morgan_bit,10,50,0,0.0,0,0.0,0,0.0,1222.5,1222.0,1.9820624179302297,1220,1228,0.0,0.0,0.0,50,0,0,0,10,0.0,zero,unstable
hybrid,morgan_bit_1202,morgan_bit,10,50,0,0.0,0,0.0,0,0.0,1223.5,1223.0,1.9820624179302297,1221,1229,0.0,0.0,0.0,50,0,0,0,10,0.0,zero,unstable
hybrid,morgan_bit_1203,morgan_bit,10,50,0,0.0,0,0.0,0,0.0,1224.5,1224.0,1.9820624179302297,1222,1230,0.0,0.0,0.0,50,0,0,0,10,0.0,zero,unstable
hybrid,morgan_bit_1204,morgan_bit,10,50,0,0.0,0,0.0,0,0.0,1225.5,1225.0,1.9820624179302297,1223,1231,0.0,0.0,0.0,50,0,0,0,10,0.0,zero,unstable
hybrid,morgan_bit_1205,morgan_bit,10,50,0,0.0,0,0.0,0,0.0,1226.5,1226.0,1.9820624179302297,1224,1232,0.0,0.0,0.0,50,0,0,0,10,0.0,zero,unstable
hybrid,morgan_bit_1206,morgan_bit,10,50,0,0.0,0,0.0,0,0.0,1227.5,1227.0,1.9820624179302297,1225,1233,0.0,0.0,0.0,50,0,0,0,10,0.0,zero,unstable
hybrid,morgan_bit_1207,morgan_bit,10,50,0,0.0,0,0.0,0,0.0,1228.5,1228.0,1.9820624179302297,1226,1234,0.0,0.0,0.0,50,0,0,0,10,0.0,zero,unstable
hybrid,morgan_bit_1208,morgan_bit,10,50,0,0.0,0,0.0,0,0.0,1229.5,1229.0,1.9820624179302297,1227,1235,0.0,0.0,0.0,50,0,0,0,10,0.0,zero,unstable
hybrid,morgan_bit_1209,morgan_bit,10,50,0,0.0,0,0.0,0,0.0,1230.5,1230.0,1.9820624179302297,1228,1236,0.0,0.0,0.0,50,0,0,0,10,0.0,zero,unstable
hybrid,morgan_bit_1210,morgan_bit,10,50,0,0.0,0,0.0,0,0.0,1231.5,1231.0,1.9820624179302297,1229,1237,0.0,0.0,0.0,50,0,0,0,10,0.0,zero,unstable
hybrid,morgan_bit_1211,morgan_bit,10,50,0,0.0,0,0.0,0,0.0,1232.5,1232.0,1.9820624179302297,1230,1238,0.0,0.0,0.0,50,0,0,0,10,0.0,zero,unstable
hybrid,morgan_bit_1212,morgan_bit,10,50,0,0.0,0,0.0,0,0.0,1233.5,1233.0,1.9820624179302297,1231,1239,0.0,0.0,0.0,50,0,0,0,10,0.0,zero,unstable
hybrid,morgan_bit_1213,morgan_bit,10,50,0,0.0,0,0.0,0,0.0,1234.5,1234.0,1.9820624179302297,1232,1240,0.0,0.0,0.0,50,0,0,0,10,0.0,zero,unstable
hybrid,morgan_bit_1214,morgan_bit,10,50,0,0.0,0,0.0,0,0.0,1235.5,1235.0,1.9820624179302297,1233,1241,0.0,0.0,0.0,50,0,0,0,10,0.0,zero,unstable
hybrid,morgan_bit_1215,morgan_bit,10,50,0,0.0,0,0.0,0,0.0,1236.5,1236.0,1.9820624179302297,1234,1242,0.0,0.0,0.0,50,0,0,0,10,0.0,zero,unstable
hybrid,morgan_bit_1216,morgan_bit,10,50,0,0.0,0,0.0,0,0.0,1237.5,1237.0,1.9820624179302297,1235,1243,0.0,0.0,0.0,50,0,0,0,10,0.0,zero,unstable
hybrid,morgan_bit_1217,morgan_bit,10,50,0,0.0,0,0.0,0,0.0,1238.5,1238.0,1.9820624179302297,1236,1244,0.0,0.0,0.0,50,0,0,0,10,0.0,zero,unstable
hybrid,morgan_bit_1218,morgan_bit,10,50,0,0.0,0,0.0,0,0.0,1239.5,1239.0,1.9820624179302297,1237,1245,0.0,0.0,0.0,50,0,0,0,10,0.0,zero,unstable
hybrid,morgan_bit_1219,morgan_bit,10,50,0,0.0,0,0.0,0,0.0,1240.5,1240.0,1.9820624179302297,1238,1246,0.0,0.0,0.0,50,0,0,0,10,0.0,zero,unstable
hybrid,morgan_bit_1220,morgan_bit,10,50,0,0.0,0,0.0,0,0.0,1241.5,1241.0,1.9820624179302297,1239,1247,0.0,0.0,0.0,50,0,0,0,10,0.0,zero,unstable
hybrid,morgan_bit_1221,morgan_bit,10,50,0,0.0,0,0.0,0,0.0,1242.5,1242.0,1.9820624179302297,1240,1248,0.0,0.0,0.0,50,0,0,0,10,0.0,zero,unstable
hybrid,morgan_bit_1222,morgan_bit,10,50,0,0.0,0,0.0,0,0.0,1243.5,1243.0,1.9820624179302297,1241,1249,0.0,0.0,0.0,50,0,0,0,10,0.0,zero,unstable
hybrid,morgan_bit_1223,morgan_bit,10,50,0,0.0,0,0.0,0,0.0,1244.5,1244.0,1.9820624179302297,1242,1250,0.0,0.0,0.0,50,0,0,0,10,0.0,zero,unstable
hybrid,morgan_bit_1224,morgan_bit,10,50,0,0.0,0,0.0,0,0.0,1245.5,1245.0,1.9820624179302297,1243,1251,0.0,0.0,0.0,50,0,0,0,10,0.0,zero,unstable
hybrid,morgan_bit_1225,morgan_bit,10,50,0,0.0,0,0.0,0,0.0,1246.5,1246.0,1.9820624179302297,1244,1252,0.0,0.0,0.0,50,0,0,0,10,0.0,zero,unstable
hybrid,morgan_bit_1226,morgan_bit,10,50,0,0.0,0,0.0,0,0.0,1247.5,1247.0,1.9820624179302297,1245,1253,0.0,0.0,0.0,50,0,0,0,10,0.0,zero,unstable
hybrid,morgan_bit_1227,morgan_bit,10,50,0,0.0,0,0.0,0,0.0,1248.5,1248.0,1.9820624179302297,1246,1254,0.0,0.0,0.0,50,0,0,0,10,0.0,zero,unstable
hybrid,morgan_bit_1228,morgan_bit,10,50,0,0.0,0,0.0,0,0.0,1249.5,1249.0,1.9820624179302297,1247,1255,0.0,0.0,0.0,50,0,0,0,10,0.0,zero,unstable
hybrid,morgan_bit_1229,morgan_bit,10,50,0,0.0,0,0.0,0,0.0,1250.5,1250.0,1.9820624179302297,1248,1256,0.0,0.0,0.0,50,0,0,0,10,0.0,zero,unstable
hybrid,morgan_bit_1230,morgan_bit,10,50,0,0.0,0,0.0,0,0.0,1251.5,1251.0,1.9820624179302297,1249,1257,0.0,0.0,0.0,50,0,0,0,10,0.0,zero,unstable
hybrid,morgan_bit_1231,morgan_bit,10,50,0,0.0,0,0.0,0,0.0,1252.5,1252.0,1.9820624179302297,1250,1258,0.0,0.0,0.0,50,0,0,0,10,0.0,zero,unstable
hybrid,morgan_bit_1232,morgan_bit,10,50,0,0.0,0,0.0,0,0.0,1253.5,1253.0,1.9820624179302297,1251,1259,0.0,0.0,0.0,50,0,0,0,10,0.0,zero,unstable
hybrid,morgan_bit_1233,morgan_bit,10,50,0,0.0,0,0.0,0,0.0,1254.5,1254.0,1.9820624179302297,1252,1260,0.0,0.0,0.0,50,0,0,0,10,0.0,zero,unstable
hybrid,morgan_bit_1234,morgan_bit,10,50,0,0.0,0,0.0,0,0.0,1255.5,1255.0,1.9820624179302297,1253,1261,0.0,0.0,0.0,50,0,0,0,10,0.0,zero,unstable
hybrid,morgan_bit_1235,morgan_bit,10,50,0,0.0,0,0.0,0,0.0,1256.5,1256.0,1.9820624179302297,1254,1262,0.0,0.0,0.0,50,0,0,0,10,0.0,zero,unstable
hybrid,morgan_bit_1236,morgan_bit,10,50,0,0.0,0,0.0,0,0.0,1257.5,1257.0,1.9820624179302297,1255,1263,0.0,0.0,0.0,50,0,0,0,10,0.0,zero,unstable
hybrid,morgan_bit_1237,morgan_bit,10,50,0,0.0,0,0.0,0,0.0,1258.5,1258.0,1.9820624179302297,1256,1264,0.0,0.0,0.0,50,0,0,0,10,0.0,zero,unstable
hybrid,morgan_bit_1238,morgan_bit,10,50,0,0.0,0,0.0,0,0.0,1212.08,1259.0,234.26592599358673,71,1265,4.733582724202606e-05,0.00023425418041128371,-2.1317219192848364e-05,48,2,0,2,8,1.0,negative,unstable
hybrid,morgan_bit_1239,morgan_bit,10,50,0,0.0,0,0.0,0,0.0,1260.46,1260.0,1.9505101373533966,1258,1266,0.0,0.0,0.0,50,0,0,0,10,0.0,zero,unstable
hybrid,morgan_bit_1240,morgan_bit,10,50,0,0.0,0,0.0,0,0.0,1261.46,1261.0,1.9505101373533966,1259,1267,0.0,0.0,0.0,50,0,0,0,10,0.0,zero,unstable
hybrid,morgan_bit_1241,morgan_bit,10,50,0,0.0,0,0.0,0,0.0,1262.46,1262.0,1.9505101373533966,1260,1268,0.0,0.0,0.0,50,0,0,0,10,0.0,zero,unstable
hybrid,morgan_bit_1242,morgan_bit,10,50,0,0.0,0,0.0,0,0.0,1263.46,1263.0,1.9505101373533966,1261,1269,0.0,0.0,0.0,50,0,0,0,10,0.0,zero,unstable
hybrid,morgan_bit_1243,morgan_bit,10,50,0,0.0,0,0.0,0,0.0,1264.46,1264.0,1.9505101373533966,1262,1270,0.0,0.0,0.0,50,0,0,0,10,0.0,zero,unstable
hybrid,morgan_bit_1244,morgan_bit,10,50,0,0.0,0,0.0,0,0.0,1265.46,1265.0,1.9505101373533966,1263,1271,0.0,0.0,0.0,50,0,0,0,10,0.0,zero,unstable
hybrid,morgan_bit_1245,morgan_bit,10,50,0,0.0,0,0.0,0,0.0,1266.46,1266.0,1.9505101373533966,1264,1272,0.0,0.0,0.0,50,0,0,0,10,0.0,zero,unstable
hybrid,morgan_bit_1246,morgan_bit,10,50,0,0.0,0,0.0,0,0.0,1267.46,1267.0,1.9505101373533966,1265,1273,0.0,0.0,0.0,50,0,0,0,10,0.0,zero,unstable
hybrid,morgan_bit_1247,morgan_bit,10,50,0,0.0,0,0.0,0,0.0,1268.46,1268.0,1.9505101373533966,1266,1274,0.0,0.0,0.0,50,0,0,0,10,0.0,zero,unstable
hybrid,morgan_bit_1248,morgan_bit,10,50,0,0.0,0,0.0,0,0.0,1269.46,1269.0,1.9505101373533966,1267,1275,0.0,0.0,0.0,50,0,0,0,10,0.0,zero,unstable
hybrid,morgan_bit_1249,morgan_bit,10,50,0,0.0,0,0.0,0,0.0,1270.46,1270.0,1.9505101373533966,1268,1276,0.0,0.0,0.0,50,0,0,0,10,0.0,zero,unstable
hybrid,morgan_bit_1250,morgan_bit,10,50,0,0.0,0,0.0,0,0.0,1271.46,1271.0,1.9505101373533966,1269,1277,0.0,0.0,0.0,50,0,0,0,10,0.0,zero,unstable
hybrid,morgan_bit_1251,morgan_bit,10,50,0,0.0,0,0.0,0,0.0,1272.46,1272.0,1.9505101373533966,1270,1278,0.0,0.0,0.0,50,0,0,0,10,0.0,zero,unstable
hybrid,morgan_bit_1252,morgan_bit,10,50,0,0.0,0,0.0,0,0.0,1273.46,1273.0,1.9505101373533966,1271,1279,0.0,0.0,0.0,50,0,0,0,10,0.0,zero,unstable
hybrid,morgan_bit_1253,morgan_bit,10,50,0,0.0,0,0.0,0,0.0,1274.46,1274.0,1.9505101373533966,1272,1280,0.0,0.0,0.0,50,0,0,0,10,0.0,zero,unstable
hybrid,morgan_bit_1254,morgan_bit,10,50,0,0.0,0,0.0,0,0.0,1275.46,1275.0,1.9505101373533966,1273,1281,0.0,0.0,0.0,50,0,0,0,10,0.0,zero,unstable
hybrid,morgan_bit_1255,morgan_bit,10,50,0,0.0,0,0.0,0,0.0,1276.46,1276.0,1.9505101373533966,1274,1282,0.0,0.0,0.0,50,0,0,0,10,0.0,zero,unstable
hybrid,morgan_bit_1256,morgan_bit,10,50,0,0.0,0,0.0,0,0.0,1277.46,1277.0,1.9505101373533966,1275,1283,0.0,0.0,0.0,50,0,0,0,10,0.0,zero,unstable
hybrid,morgan_bit_1257,morgan_bit,10,50,0,0.0,0,0.0,0,0.0,1278.46,1278.0,1.9505101373533966,1276,1284,0.0,0.0,0.0,50,0,0,0,10,0.0,zero,unstable
hybrid,morgan_bit_1258,morgan_bit,10,50,0,0.0,0,0.0,0,0.0,1279.46,1279.0,1.9505101373533966,1277,1285,0.0,0.0,0.0,50,0,0,0,10,0.0,zero,unstable
hybrid,morgan_bit_1259,morgan_bit,10,50,0,0.0,0,0.0,0,0.0,1280.46,1280.0,1.9505101373533966,1278,1286,0.0,0.0,0.0,50,0,0,0,10,0.0,zero,unstable
hybrid,morgan_bit_1260,morgan_bit,10,50,0,0.0,0,0.0,0,0.0,1281.46,1281.0,1.9505101373533966,1279,1287,0.0,0.0,0.0,50,0,0,0,10,0.0,zero,unstable
hybrid,morgan_bit_1261,morgan_bit,10,50,0,0.0,0,0.0,0,0.0,1282.46,1282.0,1.9505101373533966,1280,1288,0.0,0.0,0.0,50,0,0,0,10,0.0,zero,unstable
hybrid,morgan_bit_1262,morgan_bit,10,50,0,0.0,0,0.0,0,0.0,1283.46,1283.0,1.9505101373533966,1281,1289,0.0,0.0,0.0,50,0,0,0,10,0.0,zero,unstable
hybrid,morgan_bit_1263,morgan_bit,10,50,0,0.0,0,0.0,0,0.0,1284.46,1284.0,1.9505101373533966,1282,1290,0.0,0.0,0.0,50,0,0,0,10,0.0,zero,unstable
hybrid,morgan_bit_1264,morgan_bit,10,50,0,0.0,0,0.0,0,0.0,1285.46,1285.0,1.9505101373533966,1283,1291,0.0,0.0,0.0,50,0,0,0,10,0.0,zero,unstable
hybrid,morgan_bit_1265,morgan_bit,10,50,0,0.0,0,0.0,0,0.0,1187.56,1286.0,338.93423358208827,47,1292,0.0017042167062885833,0.005920632793601094,-2.4495986556347542e-05,46,4,2,2,6,0.5,zero,unstable
hybrid,morgan_bit_1266,morgan_bit,10,50,0,0.0,0,0.0,0,0.0,1287.38,1287.0,1.9886412138822376,1284,1293,0.0,0.0,0.0,50,0,0,0,10,0.0,zero,unstable
hybrid,morgan_bit_1267,morgan_bit,10,50,0,0.0,0,0.0,0,0.0,1288.38,1288.0,1.9886412138822376,1285,1294,0.0,0.0,0.0,50,0,0,0,10,0.0,zero,unstable
hybrid,morgan_bit_1268,morgan_bit,10,50,0,0.0,0,0.0,0,0.0,1289.38,1289.0,1.9886412138822376,1286,1295,0.0,0.0,0.0,50,0,0,0,10,0.0,zero,unstable
hybrid,morgan_bit_1269,morgan_bit,10,50,0,0.0,0,0.0,0,0.0,1290.38,1290.0,1.9886412138822376,1287,1296,0.0,0.0,0.0,50,0,0,0,10,0.0,zero,unstable
hybrid,morgan_bit_1270,morgan_bit,10,50,0,0.0,0,0.0,0,0.0,1291.38,1291.0,1.9886412138822376,1288,1297,0.0,0.0,0.0,50,0,0,0,10,0.0,zero,unstable
hybrid,morgan_bit_1271,morgan_bit,10,50,0,0.0,0,0.0,0,0.0,1292.38,1292.0,1.9886412138822376,1289,1298,0.0,0.0,0.0,50,0,0,0,10,0.0,zero,unstable
hybrid,morgan_bit_1272,morgan_bit,10,50,0,0.0,0,0.0,0,0.0,1293.38,1293.0,1.9886412138822376,1290,1299,0.0,0.0,0.0,50,0,0,0,10,0.0,zero,unstable
hybrid,morgan_bit_1273,morgan_bit,10,50,0,0.0,0,0.0,0,0.0,1294.38,1294.0,1.9886412138822376,1291,1300,0.0,0.0,0.0,50,0,0,0,10,0.0,zero,unstable
hybrid,morgan_bit_1274,morgan_bit,10,50,0,0.0,0,0.0,0,0.0,1295.38,1295.0,1.9886412138822376,1292,1301,0.0,0.0,0.0,50,0,0,0,10,0.0,zero,unstable
hybrid,morgan_bit_1275,morgan_bit,10,50,0,0.0,0,0.0,0,0.0,1296.38,1296.0,1.9886412138822376,1293,1302,0.0,0.0,0.0,50,0,0,0,10,0.0,zero,unstable
hybrid,morgan_bit_1276,morgan_bit,10,50,0,0.0,0,0.0,0,0.0,1297.38,1297.0,1.9886412138822376,1294,1303,0.0,0.0,0.0,50,0,0,0,10,0.0,zero,unstable
hybrid,morgan_bit_1277,morgan_bit,10,50,0,0.0,0,0.0,0,0.0,1298.38,1298.0,1.9886412138822376,1295,1304,0.0,0.0,0.0,50,0,0,0,10,0.0,zero,unstable
hybrid,morgan_bit_1278,morgan_bit,10,50,0,0.0,0,0.0,0,0.0,1299.38,1299.0,1.9886412138822376,1296,1305,0.0,0.0,0.0,50,0,0,0,10,0.0,zero,unstable
hybrid,morgan_bit_1279,morgan_bit,10,50,0,0.0,0,0.0,0,0.0,1300.38,1300.0,1.9886412138822376,1297,1306,0.0,0.0,0.0,50,0,0,0,10,0.0,zero,unstable
hybrid,morgan_bit_1280,morgan_bit,10,50,0,0.0,0,0.0,0,0.0,1301.38,1301.0,1.9886412138822376,1298,1307,0.0,0.0,0.0,50,0,0,0,10,0.0,zero,unstable
hybrid,morgan_bit_1281,morgan_bit,10,50,0,0.0,0,0.0,0,0.0,1302.38,1302.0,1.9886412138822376,1299,1308,0.0,0.0,0.0,50,0,0,0,10,0.0,zero,unstable
hybrid,morgan_bit_1282,morgan_bit,10,50,0,0.0,0,0.0,0,0.0,1303.38,1303.0,1.9886412138822376,1300,1309,0.0,0.0,0.0,50,0,0,0,10,0.0,zero,unstable
hybrid,morgan_bit_1283,morgan_bit,10,50,0,0.0,0,0.0,0,0.0,1304.38,1304.0,1.9886412138822376,1301,1310,0.0,0.0,0.0,50,0,0,0,10,0.0,zero,unstable
hybrid,morgan_bit_1284,morgan_bit,10,50,0,0.0,0,0.0,0,0.0,1305.38,1305.0,1.9886412138822376,1302,1311,0.0,0.0,0.0,50,0,0,0,10,0.0,zero,unstable
hybrid,morgan_bit_1285,morgan_bit,10,50,0,0.0,0,0.0,0,0.0,1306.38,1306.0,1.9886412138822376,1303,1312,0.0,0.0,0.0,50,0,0,0,10,0.0,zero,unstable
hybrid,morgan_bit_1286,morgan_bit,10,50,0,0.0,0,0.0,0,0.0,1307.38,1307.0,1.9886412138822376,1304,1313,0.0,0.0,0.0,50,0,0,0,10,0.0,zero,unstable
hybrid,morgan_bit_1287,morgan_bit,10,50,0,0.0,0,0.0,0,0.0,1308.38,1308.0,1.9886412138822376,1305,1314,0.0,0.0,0.0,50,0,0,0,10,0.0,zero,unstable
hybrid,morgan_bit_1288,morgan_bit,10,50,0,0.0,0,0.0,0,0.0,1309.38,1309.0,1.9886412138822376,1306,1315,0.0,0.0,0.0,50,0,0,0,10,0.0,zero,unstable
hybrid,morgan_bit_1289,morgan_bit,10,50,0,0.0,0,0.0,0,0.0,1310.38,1310.0,1.9886412138822376,1307,1316,0.0,0.0,0.0,50,0,0,0,10,0.0,zero,unstable
hybrid,morgan_bit_1290,morgan_bit,10,50,0,0.0,0,0.0,0,0.0,1311.38,1311.0,1.9886412138822376,1308,1317,0.0,0.0,0.0,50,0,0,0,10,0.0,zero,unstable
hybrid,morgan_bit_1291,morgan_bit,10,50,0,0.0,0,0.0,0,0.0,1312.38,1312.0,1.9886412138822376,1309,1318,0.0,0.0,0.0,50,0,0,0,10,0.0,zero,unstable
hybrid,morgan_bit_1292,morgan_bit,10,50,0,0.0,0,0.0,0,0.0,1313.38,1313.0,1.9886412138822376,1310,1319,0.0,0.0,0.0,50,0,0,0,10,0.0,zero,unstable
hybrid,morgan_bit_1293,morgan_bit,10,50,0,0.0,0,0.0,0,0.0,1314.38,1314.0,1.9886412138822376,1311,1320,0.0,0.0,0.0,50,0,0,0,10,0.0,zero,unstable
hybrid,morgan_bit_1294,morgan_bit,10,50,0,0.0,0,0.0,0,0.0,1315.38,1315.0,1.9886412138822376,1312,1321,0.0,0.0,0.0,50,0,0,0,10,0.0,zero,unstable
hybrid,morgan_bit_1295,morgan_bit,10,50,0,0.0,0,0.0,0,0.0,1316.38,1316.0,1.9886412138822376,1313,1322,0.0,0.0,0.0,50,0,0,0,10,0.0,zero,unstable
hybrid,morgan_bit_1296,morgan_bit,10,50,0,0.0,0,0.0,0,0.0,1317.38,1317.0,1.9886412138822376,1314,1323,0.0,0.0,0.0,50,0,0,0,10,0.0,zero,unstable
hybrid,morgan_bit_1297,morgan_bit,10,50,0,0.0,0,0.0,0,0.0,1318.38,1318.0,1.9886412138822376,1315,1324,0.0,0.0,0.0,50,0,0,0,10,0.0,zero,unstable
hybrid,morgan_bit_1298,morgan_bit,10,50,0,0.0,0,0.0,0,0.0,1319.38,1319.0,1.9886412138822376,1316,1325,0.0,0.0,0.0,50,0,0,0,10,0.0,zero,unstable
hybrid,morgan_bit_1299,morgan_bit,10,50,0,0.0,0,0.0,0,0.0,1320.38,1320.0,1.9886412138822376,1317,1326,0.0,0.0,0.0,50,0,0,0,10,0.0,zero,unstable
hybrid,morgan_bit_1300,morgan_bit,10,50,0,0.0,0,0.0,0,0.0,1321.38,1321.0,1.9886412138822376,1318,1327,0.0,0.0,0.0,50,0,0,0,10,0.0,zero,unstable
hybrid,morgan_bit_1301,morgan_bit,10,50,0,0.0,0,0.0,0,0.0,1322.38,1322.0,1.9886412138822376,1319,1328,0.0,0.0,0.0,50,0,0,0,10,0.0,zero,unstable
hybrid,morgan_bit_1302,morgan_bit,10,50,0,0.0,0,0.0,0,0.0,1323.38,1323.0,1.9886412138822376,1320,1329,0.0,0.0,0.0,50,0,0,0,10,0.0,zero,unstable
hybrid,morgan_bit_1303,morgan_bit,10,50,0,0.0,0,0.0,0,0.0,1324.38,1324.0,1.9886412138822376,1321,1330,0.0,0.0,0.0,50,0,0,0,10,0.0,zero,unstable
hybrid,morgan_bit_1304,morgan_bit,10,50,0,0.0,0,0.0,0,0.0,1325.38,1325.0,1.9886412138822376,1322,1331,0.0,0.0,0.0,50,0,0,0,10,0.0,zero,unstable
hybrid,morgan_bit_1305,morgan_bit,10,50,0,0.0,0,0.0,0,0.0,1326.38,1326.0,1.9886412138822376,1323,1332,0.0,0.0,0.0,50,0,0,0,10,0.0,zero,unstable
hybrid,morgan_bit_1306,morgan_bit,10,50,0,0.0,0,0.0,0,0.0,1327.38,1327.0,1.9886412138822376,1324,1333,0.0,0.0,0.0,50,0,0,0,10,0.0,zero,unstable
hybrid,morgan_bit_1307,morgan_bit,10,50,0,0.0,0,0.0,0,0.0,1328.38,1328.0,1.9886412138822376,1325,1334,0.0,0.0,0.0,50,0,0,0,10,0.0,zero,unstable
hybrid,morgan_bit_1308,morgan_bit,10,50,0,0.0,0,0.0,0,0.0,1329.38,1329.0,1.9886412138822376,1326,1335,0.0,0.0,0.0,50,0,0,0,10,0.0,zero,unstable
hybrid,morgan_bit_1309,morgan_bit,10,50,0,0.0,0,0.0,0,0.0,1330.38,1330.0,1.9886412138822376,1327,1336,0.0,0.0,0.0,50,0,0,0,10,0.0,zero,unstable
hybrid,morgan_bit_1310,morgan_bit,10,50,0,0.0,0,0.0,0,0.0,1331.38,1331.0,1.9886412138822376,1328,1337,0.0,0.0,0.0,50,0,0,0,10,0.0,zero,unstable
hybrid,morgan_bit_1311,morgan_bit,10,50,0,0.0,0,0.0,0,0.0,1332.38,1332.0,1.9886412138822376,1329,1338,0.0,0.0,0.0,50,0,0,0,10,0.0,zero,unstable
hybrid,morgan_bit_1312,morgan_bit,10,50,0,0.0,0,0.0,0,0.0,1333.38,1333.0,1.9886412138822376,1330,1339,0.0,0.0,0.0,50,0,0,0,10,0.0,zero,unstable
hybrid,morgan_bit_1313,morgan_bit,10,50,0,0.0,0,0.0,0,0.0,1334.38,1334.0,1.9886412138822376,1331,1340,0.0,0.0,0.0,50,0,0,0,10,0.0,zero,unstable
hybrid,morgan_bit_1314,morgan_bit,10,50,0,0.0,0,0.0,0,0.0,1335.38,1335.0,1.9886412138822376,1332,1341,0.0,0.0,0.0,50,0,0,0,10,0.0,zero,unstable
hybrid,morgan_bit_1315,morgan_bit,10,50,0,0.0,0,0.0,0,0.0,1336.38,1336.0,1.9886412138822376,1333,1342,0.0,0.0,0.0,50,0,0,0,10,0.0,zero,unstable
hybrid,morgan_bit_1316,morgan_bit,10,50,0,0.0,0,0.0,0,0.0,1337.38,1337.0,1.9886412138822376,1334,1343,0.0,0.0,0.0,50,0,0,0,10,0.0,zero,unstable
hybrid,morgan_bit_1317,morgan_bit,10,50,0,0.0,0,0.0,0,0.0,1338.38,1338.0,1.9886412138822376,1335,1344,0.0,0.0,0.0,50,0,0,0,10,0.0,zero,unstable
hybrid,morgan_bit_1318,morgan_bit,10,50,0,0.0,0,0.0,0,0.0,1339.38,1339.0,1.9886412138822376,1336,1345,0.0,0.0,0.0,50,0,0,0,10,0.0,zero,unstable
hybrid,morgan_bit_1319,morgan_bit,10,50,0,0.0,0,0.0,0,0.0,1340.38,1340.0,1.9886412138822376,1337,1346,0.0,0.0,0.0,50,0,0,0,10,0.0,zero,unstable
hybrid,morgan_bit_1320,morgan_bit,10,50,0,0.0,0,0.0,0,0.0,1341.38,1341.0,1.9886412138822376,1338,1347,0.0,0.0,0.0,50,0,0,0,10,0.0,zero,unstable
hybrid,morgan_bit_1321,morgan_bit,10,50,0,0.0,0,0.0,0,0.0,1342.38,1342.0,1.9886412138822376,1339,1348,0.0,0.0,0.0,50,0,0,0,10,0.0,zero,unstable
hybrid,morgan_bit_1322,morgan_bit,10,50,0,0.0,0,0.0,0,0.0,1343.38,1343.0,1.9886412138822376,1340,1349,0.0,0.0,0.0,50,0,0,0,10,0.0,zero,unstable
hybrid,morgan_bit_1323,morgan_bit,10,50,0,0.0,0,0.0,0,0.0,1344.38,1344.0,1.9886412138822376,1341,1350,0.0,0.0,0.0,50,0,0,0,10,0.0,zero,unstable
hybrid,morgan_bit_1324,morgan_bit,10,50,0,0.0,0,0.0,0,0.0,1345.38,1345.0,1.9886412138822376,1342,1351,0.0,0.0,0.0,50,0,0,0,10,0.0,zero,unstable
hybrid,morgan_bit_1325,morgan_bit,10,50,0,0.0,0,0.0,0,0.0,1346.38,1346.0,1.9886412138822376,1343,1352,0.0,0.0,0.0,50,0,0,0,10,0.0,zero,unstable
hybrid,morgan_bit_1326,morgan_bit,10,50,0,0.0,0,0.0,0,0.0,1347.38,1347.0,1.9886412138822376,1344,1353,0.0,0.0,0.0,50,0,0,0,10,0.0,zero,unstable
hybrid,morgan_bit_1327,morgan_bit,10,50,0,0.0,0,0.0,0,0.0,1348.38,1348.0,1.9886412138822376,1345,1354,0.0,0.0,0.0,50,0,0,0,10,0.0,zero,unstable
hybrid,morgan_bit_1328,morgan_bit,10,50,0,0.0,0,0.0,0,0.0,1349.38,1349.0,1.9886412138822376,1346,1355,0.0,0.0,0.0,50,0,0,0,10,0.0,zero,unstable
hybrid,morgan_bit_1329,morgan_bit,10,50,0,0.0,0,0.0,0,0.0,1350.38,1350.0,1.9886412138822376,1347,1356,0.0,0.0,0.0,50,0,0,0,10,0.0,zero,unstable
hybrid,morgan_bit_1330,morgan_bit,10,50,0,0.0,0,0.0,0,0.0,1351.38,1351.0,1.9886412138822376,1348,1357,0.0,0.0,0.0,50,0,0,0,10,0.0,zero,unstable
hybrid,morgan_bit_1331,morgan_bit,10,50,0,0.0,0,0.0,0,0.0,680.3,72.0,651.9303909880852,39,1358,0.005651851483090038,0.00788517442136432,-0.00013540064234026405,24,10,4,6,0,0.6,negative,unstable
hybrid,morgan_bit_1332,morgan_bit,10,50,0,0.0,0,0.0,0,0.0,1352.86,1353.0,1.9588626437662384,1350,1359,0.0,0.0,0.0,50,0,0,0,10,0.0,zero,unstable
hybrid,morgan_bit_1333,morgan_bit,10,50,0,0.0,0,0.0,0,0.0,1353.86,1354.0,1.9588626437662384,1351,1360,0.0,0.0,0.0,50,0,0,0,10,0.0,zero,unstable
hybrid,morgan_bit_1334,morgan_bit,10,50,0,0.0,0,0.0,0,0.0,1354.86,1355.0,1.9588626437662384,1352,1361,0.0,0.0,0.0,50,0,0,0,10,0.0,zero,unstable
hybrid,morgan_bit_1335,morgan_bit,10,50,0,0.0,0,0.0,0,0.0,1355.86,1356.0,1.9588626437662384,1353,1362,0.0,0.0,0.0,50,0,0,0,10,0.0,zero,unstable
hybrid,morgan_bit_1336,morgan_bit,10,50,0,0.0,0,0.0,0,0.0,1356.86,1357.0,1.9588626437662384,1354,1363,0.0,0.0,0.0,50,0,0,0,10,0.0,zero,unstable
hybrid,morgan_bit_1337,morgan_bit,10,50,0,0.0,0,0.0,0,0.0,1357.86,1358.0,1.9588626437662384,1355,1364,0.0,0.0,0.0,50,0,0,0,10,0.0,zero,unstable
hybrid,morgan_bit_1338,morgan_bit,10,50,0,0.0,0,0.0,0,0.0,1358.86,1359.0,1.9588626437662384,1356,1365,0.0,0.0,0.0,50,0,0,0,10,0.0,zero,unstable
hybrid,morgan_bit_1339,morgan_bit,10,50,0,0.0,0,0.0,0,0.0,1359.86,1360.0,1.9588626437662384,1357,1366,0.0,0.0,0.0,50,0,0,0,10,0.0,zero,unstable
hybrid,morgan_bit_1340,morgan_bit,10,50,0,0.0,0,0.0,0,0.0,1360.86,1361.0,1.9588626437662384,1358,1367,0.0,0.0,0.0,50,0,0,0,10,0.0,zero,unstable
hybrid,morgan_bit_1341,morgan_bit,10,50,0,0.0,0,0.0,0,0.0,1361.86,1362.0,1.9588626437662384,1359,1368,0.0,0.0,0.0,50,0,0,0,10,0.0,zero,unstable
hybrid,morgan_bit_1342,morgan_bit,10,50,0,0.0,0,0.0,0,0.0,1362.86,1363.0,1.9588626437662384,1360,1369,0.0,0.0,0.0,50,0,0,0,10,0.0,zero,unstable
hybrid,morgan_bit_1343,morgan_bit,10,50,0,0.0,0,0.0,0,0.0,1363.86,1364.0,1.9588626437662384,1361,1370,0.0,0.0,0.0,50,0,0,0,10,0.0,zero,unstable
hybrid,morgan_bit_1344,morgan_bit,10,50,0,0.0,0,0.0,0,0.0,1364.86,1365.0,1.9588626437662384,1362,1371,0.0,0.0,0.0,50,0,0,0,10,0.0,zero,unstable
hybrid,morgan_bit_1345,morgan_bit,10,50,0,0.0,0,0.0,0,0.0,1365.86,1366.0,1.9588626437662384,1363,1372,0.0,0.0,0.0,50,0,0,0,10,0.0,zero,unstable
hybrid,morgan_bit_1346,morgan_bit,10,50,0,0.0,0,0.0,0,0.0,1366.86,1367.0,1.9588626437662384,1364,1373,0.0,0.0,0.0,50,0,0,0,10,0.0,zero,unstable
hybrid,morgan_bit_1347,morgan_bit,10,50,0,0.0,0,0.0,0,0.0,1367.86,1368.0,1.9588626437662384,1365,1374,0.0,0.0,0.0,50,0,0,0,10,0.0,zero,unstable
hybrid,morgan_bit_1348,morgan_bit,10,50,0,0.0,0,0.0,0,0.0,1368.86,1369.0,1.9588626437662384,1366,1375,0.0,0.0,0.0,50,0,0,0,10,0.0,zero,unstable
hybrid,morgan_bit_1349,morgan_bit,10,50,0,0.0,0,0.0,0,0.0,1369.86,1370.0,1.9588626437662384,1367,1376,0.0,0.0,0.0,50,0,0,0,10,0.0,zero,unstable
hybrid,morgan_bit_1350,morgan_bit,10,50,0,0.0,0,0.0,0,0.0,1370.86,1371.0,1.9588626437662384,1368,1377,0.0,0.0,0.0,50,0,0,0,10,0.0,zero,unstable
hybrid,morgan_bit_1351,morgan_bit,10,50,0,0.0,0,0.0,0,0.0,1371.86,1372.0,1.9588626437662384,1369,1378,0.0,0.0,0.0,50,0,0,0,10,0.0,zero,unstable
hybrid,morgan_bit_1352,morgan_bit,10,50,0,0.0,0,0.0,0,0.0,1372.86,1373.0,1.9588626437662384,1370,1379,0.0,0.0,0.0,50,0,0,0,10,0.0,zero,unstable
hybrid,morgan_bit_1353,morgan_bit,10,50,0,0.0,0,0.0,0,0.0,1373.86,1374.0,1.9588626437662384,1371,1380,0.0,0.0,0.0,50,0,0,0,10,0.0,zero,unstable
hybrid,morgan_bit_1354,morgan_bit,10,50,0,0.0,0,0.0,0,0.0,1374.86,1375.0,1.9588626437662384,1372,1381,0.0,0.0,0.0,50,0,0,0,10,0.0,zero,unstable
hybrid,morgan_bit_1355,morgan_bit,10,50,0,0.0,0,0.0,0,0.0,1375.86,1376.0,1.9588626437662384,1373,1382,0.0,0.0,0.0,50,0,0,0,10,0.0,zero,unstable
hybrid,morgan_bit_1356,morgan_bit,10,50,0,0.0,0,0.0,0,0.0,1376.86,1377.0,1.9588626437662384,1374,1383,0.0,0.0,0.0,50,0,0,0,10,0.0,zero,unstable
hybrid,morgan_bit_1357,morgan_bit,10,50,0,0.0,0,0.0,0,0.0,1377.86,1378.0,1.9588626437662384,1375,1384,0.0,0.0,0.0,50,0,0,0,10,0.0,zero,unstable
hybrid,morgan_bit_1358,morgan_bit,10,50,0,0.0,0,0.0,0,0.0,1378.86,1379.0,1.9588626437662384,1376,1385,0.0,0.0,0.0,50,0,0,0,10,0.0,zero,unstable
hybrid,morgan_bit_1359,morgan_bit,10,50,0,0.0,0,0.0,0,0.0,1379.86,1380.0,1.9588626437662384,1377,1386,0.0,0.0,0.0,50,0,0,0,10,0.0,zero,unstable
hybrid,morgan_bit_1360,morgan_bit,10,50,0,0.0,0,0.0,0,0.0,1380.86,1381.0,1.9588626437662384,1378,1387,0.0,0.0,0.0,50,0,0,0,10,0.0,zero,unstable
hybrid,morgan_bit_1361,morgan_bit,10,50,0,0.0,0,0.0,0,0.0,1381.86,1382.0,1.9588626437662384,1379,1388,0.0,0.0,0.0,50,0,0,0,10,0.0,zero,unstable
hybrid,morgan_bit_1362,morgan_bit,10,50,0,0.0,0,0.0,0,0.0,536.26,65.5,640.7179904336275,47,1384,0.005983304897518566,0.00623838710497209,-0.0004438978604890194,18,10,2,8,0,0.8,negative,unstable
hybrid,morgan_bit_1363,morgan_bit,10,50,0,0.0,0,0.0,0,0.0,1383.22,1383.0,1.843798209331676,1380,1389,0.0,0.0,0.0,50,0,0,0,10,0.0,zero,unstable
hybrid,morgan_bit_1364,morgan_bit,10,50,0,0.0,0,0.0,0,0.0,1384.22,1384.0,1.843798209331676,1381,1390,0.0,0.0,0.0,50,0,0,0,10,0.0,zero,unstable
hybrid,morgan_bit_1365,morgan_bit,10,50,0,0.0,0,0.0,0,0.0,1385.22,1385.0,1.843798209331676,1382,1391,0.0,0.0,0.0,50,0,0,0,10,0.0,zero,unstable
hybrid,morgan_bit_1366,morgan_bit,10,50,0,0.0,0,0.0,0,0.0,1279.46,1386.0,365.1163756326221,49,1391,0.0011857002219762137,0.004129614821431765,6.346721144116363e-05,46,4,3,1,6,0.75,positive,unstable
hybrid,morgan_bit_1367,morgan_bit,10,50,0,0.0,0,0.0,0,0.0,1387.14,1387.0,1.7729256346847853,1384,1392,0.0,0.0,0.0,50,0,0,0,10,0.0,zero,unstable
hybrid,morgan_bit_1368,morgan_bit,10,50,0,0.0,0,0.0,0,0.0,1388.14,1388.0,1.7729256346847853,1385,1393,0.0,0.0,0.0,50,0,0,0,10,0.0,zero,unstable
hybrid,morgan_bit_1369,morgan_bit,10,50,0,0.0,0,0.0,0,0.0,1336.3,1389.0,261.5269330961801,63,1394,0.00011774329936324287,0.0006661510237881322,-3.108173702998418e-05,48,2,0,2,8,1.0,negative,unstable
hybrid,morgan_bit_1370,morgan_bit,10,50,0,0.0,0,0.0,0,0.0,1390.1,1390.0,1.7871422861709723,1387,1395,0.0,0.0,0.0,50,0,0,0,10,0.0,zero,unstable
hybrid,morgan_bit_1371,morgan_bit,10,50,0,0.0,0,0.0,0,0.0,1391.1,1391.0,1.7871422861709723,1388,1396,0.0,0.0,0.0,50,0,0,0,10,0.0,zero,unstable
hybrid,morgan_bit_1372,morgan_bit,10,50,0,0.0,0,0.0,0,0.0,1365.56,1392.0,187.68907854236386,65,1397,4.5689351930532875e-05,0.0003230725057809848,5.461010519733153e-06,49,1,1,0,9,1.0,positive,unstable
hybrid,morgan_bit_1373,morgan_bit,10,50,0,0.0,0,0.0,0,0.0,1393.08,1393.0,1.7938671031248299,1390,1398,0.0,0.0,0.0,50,0,0,0,10,0.0,zero,unstable
hybrid,morgan_bit_1374,morgan_bit,10,50,0,0.0,0,0.0,0,0.0,1394.08,1394.0,1.7938671031248299,1391,1399,0.0,0.0,0.0,50,0,0,0,10,0.0,zero,unstable
hybrid,morgan_bit_1375,morgan_bit,10,50,0,0.0,0,0.0,0,0.0,1395.08,1395.0,1.7938671031248299,1392,1400,0.0,0.0,0.0,50,0,0,0,10,0.0,zero,unstable
hybrid,morgan_bit_1376,morgan_bit,10,50,0,0.0,0,0.0,0,0.0,1396.08,1396.0,1.7938671031248299,1393,1401,0.0,0.0,0.0,50,0,0,0,10,0.0,zero,unstable
hybrid,morgan_bit_1377,morgan_bit,10,50,0,0.0,0,0.0,0,0.0,1397.08,1397.0,1.7938671031248299,1394,1402,0.0,0.0,0.0,50,0,0,0,10,0.0,zero,unstable
hybrid,morgan_bit_1378,morgan_bit,10,50,0,0.0,0,0.0,0,0.0,1398.08,1398.0,1.7938671031248299,1395,1403,0.0,0.0,0.0,50,0,0,0,10,0.0,zero,unstable
hybrid,morgan_bit_1379,morgan_bit,10,50,0,0.0,0,0.0,0,0.0,1399.08,1399.0,1.7938671031248299,1396,1404,0.0,0.0,0.0,50,0,0,0,10,0.0,zero,unstable
hybrid,morgan_bit_1380,morgan_bit,10,50,0,0.0,1,0.02,3,0.06,716.28,726.0,689.9956237660689,6,1402,0.0876333236302375,0.18031570107716752,0.0030129927477483202,25,10,6,4,0,0.6,positive,unstable
hybrid,morgan_bit_1381,morgan_bit,10,50,0,0.0,0,0.0,0,0.0,1373.9,1400.0,188.602513671651,67,1405,5.471685077370623e-05,0.00038690656227260067,-1.2173237283060322e-05,49,1,0,1,9,1.0,negative,unstable
hybrid,morgan_bit_1382,morgan_bit,10,50,0,0.0,0,0.0,0,0.0,1401.56,1401.0,1.6308255077520386,1399,1406,0.0,0.0,0.0,50,0,0,0,10,0.0,zero,unstable
hybrid,morgan_bit_1383,morgan_bit,10,50,0,0.0,0,0.0,0,0.0,1402.56,1402.0,1.6308255077520386,1400,1407,0.0,0.0,0.0,50,0,0,0,10,0.0,zero,unstable
hybrid,morgan_bit_1384,morgan_bit,10,50,0,0.0,0,0.0,0,0.0,1023.9,1403.0,614.5489220159941,37,1406,0.007767009470606978,0.014586791981247406,0.003685753361801579,36,7,7,0,3,1.0,positive,unstable
hybrid,morgan_bit_1385,morgan_bit,10,50,0,0.0,0,0.0,0,0.0,1404.28,1404.0,1.5654431464917398,1401,1408,0.0,0.0,0.0,50,0,0,0,10,0.0,zero,unstable
hybrid,morgan_bit_1386,morgan_bit,10,50,0,0.0,0,0.0,0,0.0,1405.28,1405.0,1.5654431464917398,1402,1409,0.0,0.0,0.0,50,0,0,0,10,0.0,zero,unstable
hybrid,morgan_bit_1387,morgan_bit,10,50,0,0.0,0,0.0,0,0.0,1406.28,1406.0,1.5654431464917398,1403,1410,0.0,0.0,0.0,50,0,0,0,10,0.0,zero,unstable
hybrid,morgan_bit_1388,morgan_bit,10,50,0,0.0,0,0.0,0,0.0,1407.28,1407.0,1.5654431464917398,1404,1411,0.0,0.0,0.0,50,0,0,0,10,0.0,zero,unstable
hybrid,morgan_bit_1389,morgan_bit,10,50,0,0.0,0,0.0,0,0.0,1408.28,1408.0,1.5654431464917398,1405,1412,0.0,0.0,0.0,50,0,0,0,10,0.0,zero,unstable
hybrid,morgan_bit_1390,morgan_bit,10,50,0,0.0,0,0.0,0,0.0,1409.28,1409.0,1.5654431464917398,1406,1413,0.0,0.0,0.0,50,0,0,0,10,0.0,zero,unstable
hybrid,morgan_bit_1391,morgan_bit,10,50,0,0.0,0,0.0,0,0.0,1410.28,1410.0,1.5654431464917398,1407,1414,0.0,0.0,0.0,50,0,0,0,10,0.0,zero,unstable
hybrid,morgan_bit_1392,morgan_bit,10,50,0,0.0,0,0.0,0,0.0,1411.28,1411.0,1.5654431464917398,1408,1415,0.0,0.0,0.0,50,0,0,0,10,0.0,zero,unstable
hybrid,morgan_bit_1393,morgan_bit,10,50,0,0.0,0,0.0,0,0.0,1412.28,1412.0,1.5654431464917398,1409,1416,0.0,0.0,0.0,50,0,0,0,10,0.0,zero,unstable
hybrid,morgan_bit_1394,morgan_bit,10,50,0,0.0,0,0.0,0,0.0,1413.28,1413.0,1.5654431464917398,1410,1417,0.0,0.0,0.0,50,0,0,0,10,0.0,zero,unstable
hybrid,morgan_bit_1395,morgan_bit,10,50,0,0.0,0,0.0,0,0.0,1414.28,1414.0,1.5654431464917398,1411,1418,0.0,0.0,0.0,50,0,0,0,10,0.0,zero,unstable
hybrid,morgan_bit_1396,morgan_bit,10,50,0,0.0,0,0.0,0,0.0,1415.28,1415.0,1.5654431464917398,1412,1419,0.0,0.0,0.0,50,0,0,0,10,0.0,zero,unstable
hybrid,morgan_bit_1397,morgan_bit,10,50,0,0.0,0,0.0,0,0.0,1416.28,1416.0,1.5654431464917398,1413,1420,0.0,0.0,0.0,50,0,0,0,10,0.0,zero,unstable
hybrid,morgan_bit_1398,morgan_bit,10,50,0,0.0,0,0.0,0,0.0,1417.28,1417.0,1.5654431464917398,1414,1421,0.0,0.0,0.0,50,0,0,0,10,0.0,zero,unstable
hybrid,morgan_bit_1399,morgan_bit,10,50,0,0.0,0,0.0,0,0.0,1418.28,1418.0,1.5654431464917398,1415,1422,0.0,0.0,0.0,50,0,0,0,10,0.0,zero,unstable
hybrid,morgan_bit_1400,morgan_bit,10,50,0,0.0,0,0.0,0,0.0,1419.28,1419.0,1.5654431464917398,1416,1423,0.0,0.0,0.0,50,0,0,0,10,0.0,zero,unstable
hybrid,morgan_bit_1401,morgan_bit,10,50,0,0.0,0,0.0,0,0.0,1420.28,1420.0,1.5654431464917398,1417,1424,0.0,0.0,0.0,50,0,0,0,10,0.0,zero,unstable
hybrid,morgan_bit_1402,morgan_bit,10,50,0,0.0,0,0.0,0,0.0,1421.28,1421.0,1.5654431464917398,1418,1425,0.0,0.0,0.0,50,0,0,0,10,0.0,zero,unstable
hybrid,morgan_bit_1403,morgan_bit,10,50,0,0.0,0,0.0,0,0.0,1422.28,1422.0,1.5654431464917398,1419,1426,0.0,0.0,0.0,50,0,0,0,10,0.0,zero,unstable
hybrid,morgan_bit_1404,morgan_bit,10,50,0,0.0,0,0.0,0,0.0,1423.28,1423.0,1.5654431464917398,1420,1427,0.0,0.0,0.0,50,0,0,0,10,0.0,zero,unstable
hybrid,morgan_bit_1405,morgan_bit,10,50,0,0.0,0,0.0,0,0.0,1424.28,1424.0,1.5654431464917398,1421,1428,0.0,0.0,0.0,50,0,0,0,10,0.0,zero,unstable
hybrid,morgan_bit_1406,morgan_bit,10,50,0,0.0,0,0.0,0,0.0,1425.28,1425.0,1.5654431464917398,1422,1429,0.0,0.0,0.0,50,0,0,0,10,0.0,zero,unstable
hybrid,morgan_bit_1407,morgan_bit,10,50,0,0.0,0,0.0,0,0.0,1426.28,1426.0,1.5654431464917398,1423,1430,0.0,0.0,0.0,50,0,0,0,10,0.0,zero,unstable
hybrid,morgan_bit_1408,morgan_bit,10,50,0,0.0,0,0.0,0,0.0,1427.28,1427.0,1.5654431464917398,1424,1431,0.0,0.0,0.0,50,0,0,0,10,0.0,zero,unstable
hybrid,morgan_bit_1409,morgan_bit,10,50,0,0.0,0,0.0,0,0.0,1428.28,1428.0,1.5654431464917398,1425,1432,0.0,0.0,0.0,50,0,0,0,10,0.0,zero,unstable
hybrid,morgan_bit_1410,morgan_bit,10,50,0,0.0,0,0.0,0,0.0,484.76,45.0,654.4035315008747,26,1432,0.037139320378452786,0.038081702205958266,-0.0020431989961842,16,10,0,10,0,1.0,negative,unstable
hybrid,morgan_bit_1411,morgan_bit,10,50,0,0.0,0,0.0,0,0.0,1429.6,1429.5,1.5907898179514348,1427,1433,0.0,0.0,0.0,50,0,0,0,10,0.0,zero,unstable
hybrid,morgan_bit_1412,morgan_bit,10,50,0,0.0,0,0.0,0,0.0,1430.6,1430.5,1.5907898179514348,1428,1434,0.0,0.0,0.0,50,0,0,0,10,0.0,zero,unstable
hybrid,morgan_bit_1413,morgan_bit,10,50,0,0.0,0,0.0,0,0.0,1431.6,1431.5,1.5907898179514348,1429,1435,0.0,0.0,0.0,50,0,0,0,10,0.0,zero,unstable
hybrid,morgan_bit_1414,morgan_bit,10,50,0,0.0,0,0.0,0,0.0,1432.6,1432.5,1.5907898179514348,1430,1436,0.0,0.0,0.0,50,0,0,0,10,0.0,zero,unstable
hybrid,morgan_bit_1415,morgan_bit,10,50,0,0.0,0,0.0,0,0.0,1433.6,1433.5,1.5907898179514348,1431,1437,0.0,0.0,0.0,50,0,0,0,10,0.0,zero,unstable
hybrid,morgan_bit_1416,morgan_bit,10,50,0,0.0,0,0.0,0,0.0,1434.6,1434.5,1.5907898179514348,1432,1438,0.0,0.0,0.0,50,0,0,0,10,0.0,zero,unstable
hybrid,morgan_bit_1417,morgan_bit,10,50,0,0.0,0,0.0,0,0.0,1435.6,1435.5,1.5907898179514348,1433,1439,0.0,0.0,0.0,50,0,0,0,10,0.0,zero,unstable
hybrid,morgan_bit_1418,morgan_bit,10,50,0,0.0,0,0.0,0,0.0,1436.6,1436.5,1.5907898179514348,1434,1440,0.0,0.0,0.0,50,0,0,0,10,0.0,zero,unstable
hybrid,morgan_bit_1419,morgan_bit,10,50,0,0.0,0,0.0,0,0.0,1437.6,1437.5,1.5907898179514348,1435,1441,0.0,0.0,0.0,50,0,0,0,10,0.0,zero,unstable
hybrid,morgan_bit_1420,morgan_bit,10,50,0,0.0,0,0.0,0,0.0,1438.6,1438.5,1.5907898179514348,1436,1442,0.0,0.0,0.0,50,0,0,0,10,0.0,zero,unstable
hybrid,morgan_bit_1421,morgan_bit,10,50,0,0.0,0,0.0,0,0.0,1439.6,1439.5,1.5907898179514348,1437,1443,0.0,0.0,0.0,50,0,0,0,10,0.0,zero,unstable
hybrid,morgan_bit_1422,morgan_bit,10,50,0,0.0,0,0.0,0,0.0,1440.6,1440.5,1.5907898179514348,1438,1444,0.0,0.0,0.0,50,0,0,0,10,0.0,zero,unstable
hybrid,morgan_bit_1423,morgan_bit,10,50,0,0.0,0,0.0,0,0.0,1441.6,1441.5,1.5907898179514348,1439,1445,0.0,0.0,0.0,50,0,0,0,10,0.0,zero,unstable
hybrid,morgan_bit_1424,morgan_bit,10,50,0,0.0,0,0.0,0,0.0,1442.6,1442.5,1.5907898179514348,1440,1446,0.0,0.0,0.0,50,0,0,0,10,0.0,zero,unstable
hybrid,morgan_bit_1425,morgan_bit,10,50,0,0.0,0,0.0,0,0.0,1443.6,1443.5,1.5907898179514348,1441,1447,0.0,0.0,0.0,50,0,0,0,10,0.0,zero,unstable
hybrid,morgan_bit_1426,morgan_bit,10,50,0,0.0,0,0.0,0,0.0,1444.6,1444.5,1.5907898179514348,1442,1448,0.0,0.0,0.0,50,0,0,0,10,0.0,zero,unstable
hybrid,morgan_bit_1427,morgan_bit,10,50,0,0.0,0,0.0,0,0.0,1445.6,1445.5,1.5907898179514348,1443,1449,0.0,0.0,0.0,50,0,0,0,10,0.0,zero,unstable
hybrid,morgan_bit_1428,morgan_bit,10,50,0,0.0,0,0.0,0,0.0,1446.6,1446.5,1.5907898179514348,1444,1450,0.0,0.0,0.0,50,0,0,0,10,0.0,zero,unstable
hybrid,morgan_bit_1429,morgan_bit,10,50,0,0.0,0,0.0,0,0.0,1447.6,1447.5,1.5907898179514348,1445,1451,0.0,0.0,0.0,50,0,0,0,10,0.0,zero,unstable
hybrid,morgan_bit_1430,morgan_bit,10,50,0,0.0,0,0.0,0,0.0,1448.6,1448.5,1.5907898179514348,1446,1452,0.0,0.0,0.0,50,0,0,0,10,0.0,zero,unstable
hybrid,morgan_bit_1431,morgan_bit,10,50,0,0.0,0,0.0,0,0.0,1449.6,1449.5,1.5907898179514348,1447,1453,0.0,0.0,0.0,50,0,0,0,10,0.0,zero,unstable
hybrid,morgan_bit_1432,morgan_bit,10,50,0,0.0,0,0.0,0,0.0,1450.6,1450.5,1.5907898179514348,1448,1454,0.0,0.0,0.0,50,0,0,0,10,0.0,zero,unstable
hybrid,morgan_bit_1433,morgan_bit,10,50,0,0.0,0,0.0,0,0.0,1451.6,1451.5,1.5907898179514348,1449,1455,0.0,0.0,0.0,50,0,0,0,10,0.0,zero,unstable
hybrid,morgan_bit_1434,morgan_bit,10,50,0,0.0,0,0.0,0,0.0,1424.38,1452.0,199.34974803298934,43,1456,0.0008725457962289035,0.006169830494092731,2.7936355927465864e-05,49,1,1,0,9,1.0,positive,unstable
hybrid,morgan_bit_1435,morgan_bit,10,50,0,0.0,0,0.0,0,0.0,1453.58,1453.5,1.5790723187223257,1451,1457,0.0,0.0,0.0,50,0,0,0,10,0.0,zero,unstable
hybrid,morgan_bit_1436,morgan_bit,10,50,0,0.0,0,0.0,0,0.0,1454.58,1454.5,1.5790723187223257,1452,1458,0.0,0.0,0.0,50,0,0,0,10,0.0,zero,unstable
hybrid,morgan_bit_1437,morgan_bit,10,50,0,0.0,0,0.0,0,0.0,1455.58,1455.5,1.5790723187223257,1453,1459,0.0,0.0,0.0,50,0,0,0,10,0.0,zero,unstable
hybrid,morgan_bit_1438,morgan_bit,10,50,0,0.0,0,0.0,0,0.0,1456.58,1456.5,1.5790723187223257,1454,1460,0.0,0.0,0.0,50,0,0,0,10,0.0,zero,unstable
hybrid,morgan_bit_1439,morgan_bit,10,50,0,0.0,0,0.0,0,0.0,1457.58,1457.5,1.5790723187223257,1455,1461,0.0,0.0,0.0,50,0,0,0,10,0.0,zero,unstable
hybrid,morgan_bit_1440,morgan_bit,10,50,0,0.0,0,0.0,0,0.0,1458.58,1458.5,1.5790723187223257,1456,1462,0.0,0.0,0.0,50,0,0,0,10,0.0,zero,unstable
hybrid,morgan_bit_1441,morgan_bit,10,50,0,0.0,0,0.0,0,0.0,1459.58,1459.5,1.5790723187223257,1457,1463,0.0,0.0,0.0,50,0,0,0,10,0.0,zero,unstable
hybrid,morgan_bit_1442,morgan_bit,10,50,0,0.0,0,0.0,0,0.0,1460.58,1460.5,1.5790723187223257,1458,1464,0.0,0.0,0.0,50,0,0,0,10,0.0,zero,unstable
hybrid,morgan_bit_1443,morgan_bit,10,50,0,0.0,0,0.0,0,0.0,1461.58,1461.5,1.5790723187223257,1459,1465,0.0,0.0,0.0,50,0,0,0,10,0.0,zero,unstable
hybrid,morgan_bit_1444,morgan_bit,10,50,0,0.0,0,0.0,1,0.02,727.34,69.5,713.2669194399435,19,1466,0.022325346804870153,0.0507374554681033,0.001790566471762917,24,10,10,0,0,1.0,positive,unstable
hybrid,morgan_bit_1445,morgan_bit,10,50,0,0.0,0,0.0,0,0.0,1463.06,1463.0,1.5440471601130132,1460,1467,0.0,0.0,0.0,50,0,0,0,10,0.0,zero,unstable
hybrid,morgan_bit_1446,morgan_bit,10,50,0,0.0,0,0.0,0,0.0,1464.06,1464.0,1.5440471601130132,1461,1468,0.0,0.0,0.0,50,0,0,0,10,0.0,zero,unstable
hybrid,morgan_bit_1447,morgan_bit,10,50,0,0.0,0,0.0,0,0.0,1465.06,1465.0,1.5440471601130132,1462,1469,0.0,0.0,0.0,50,0,0,0,10,0.0,zero,unstable
hybrid,morgan_bit_1448,morgan_bit,10,50,0,0.0,0,0.0,0,0.0,1466.06,1466.0,1.5440471601130132,1463,1470,0.0,0.0,0.0,50,0,0,0,10,0.0,zero,unstable
hybrid,morgan_bit_1449,morgan_bit,10,50,0,0.0,0,0.0,0,0.0,1467.06,1467.0,1.5440471601130132,1464,1471,0.0,0.0,0.0,50,0,0,0,10,0.0,zero,unstable
hybrid,morgan_bit_1450,morgan_bit,10,50,0,0.0,0,0.0,0,0.0,1468.06,1468.0,1.5440471601130132,1465,1472,0.0,0.0,0.0,50,0,0,0,10,0.0,zero,unstable
hybrid,morgan_bit_1451,morgan_bit,10,50,0,0.0,0,0.0,0,0.0,1469.06,1469.0,1.5440471601130132,1466,1473,0.0,0.0,0.0,50,0,0,0,10,0.0,zero,unstable
hybrid,morgan_bit_1452,morgan_bit,10,50,0,0.0,0,0.0,0,0.0,1470.06,1470.0,1.5440471601130132,1467,1474,0.0,0.0,0.0,50,0,0,0,10,0.0,zero,unstable
hybrid,morgan_bit_1453,morgan_bit,10,50,0,0.0,4,0.08,10,0.2,317.16,32.0,582.3746378195999,7,1472,0.16984656412791896,0.2328582912101121,-0.004501740085683024,10,10,0,10,0,1.0,negative,unstable
hybrid,morgan_bit_1454,morgan_bit,10,50,0,0.0,0,0.0,0,0.0,1471.26,1471.0,1.4541987063503463,1469,1475,0.0,0.0,0.0,50,0,0,0,10,0.0,zero,unstable
hybrid,morgan_bit_1455,morgan_bit,10,50,0,0.0,0,0.0,0,0.0,1472.26,1472.0,1.4541987063503463,1470,1476,0.0,0.0,0.0,50,0,0,0,10,0.0,zero,unstable
hybrid,morgan_bit_1456,morgan_bit,10,50,0,0.0,0,0.0,0,0.0,1473.26,1473.0,1.4541987063503463,1471,1477,0.0,0.0,0.0,50,0,0,0,10,0.0,zero,unstable
hybrid,morgan_bit_1457,morgan_bit,10,50,0,0.0,0,0.0,0,0.0,1474.26,1474.0,1.4541987063503463,1472,1478,0.0,0.0,0.0,50,0,0,0,10,0.0,zero,unstable
hybrid,morgan_bit_1458,morgan_bit,10,50,0,0.0,0,0.0,0,0.0,1475.26,1475.0,1.4541987063503463,1473,1479,0.0,0.0,0.0,50,0,0,0,10,0.0,zero,unstable
hybrid,morgan_bit_1459,morgan_bit,10,50,0,0.0,0,0.0,0,0.0,1476.26,1476.0,1.4541987063503463,1474,1480,0.0,0.0,0.0,50,0,0,0,10,0.0,zero,unstable
hybrid,morgan_bit_1460,morgan_bit,10,50,0,0.0,0,0.0,0,0.0,1477.26,1477.0,1.4541987063503463,1475,1481,0.0,0.0,0.0,50,0,0,0,10,0.0,zero,unstable
hybrid,morgan_bit_1461,morgan_bit,10,50,0,0.0,0,0.0,0,0.0,1478.26,1478.0,1.4541987063503463,1476,1482,0.0,0.0,0.0,50,0,0,0,10,0.0,zero,unstable
hybrid,morgan_bit_1462,morgan_bit,10,50,0,0.0,0,0.0,0,0.0,1479.26,1479.0,1.4541987063503463,1477,1483,0.0,0.0,0.0,50,0,0,0,10,0.0,zero,unstable
hybrid,morgan_bit_1463,morgan_bit,10,50,0,0.0,0,0.0,0,0.0,1480.26,1480.0,1.4541987063503463,1478,1484,0.0,0.0,0.0,50,0,0,0,10,0.0,zero,unstable
hybrid,morgan_bit_1464,morgan_bit,10,50,0,0.0,0,0.0,0,0.0,1481.26,1481.0,1.4541987063503463,1479,1485,0.0,0.0,0.0,50,0,0,0,10,0.0,zero,unstable
hybrid,morgan_bit_1465,morgan_bit,10,50,0,0.0,0,0.0,0,0.0,1482.26,1482.0,1.4541987063503463,1480,1486,0.0,0.0,0.0,50,0,0,0,10,0.0,zero,unstable
hybrid,morgan_bit_1466,morgan_bit,10,50,0,0.0,0,0.0,0,0.0,1483.26,1483.0,1.4541987063503463,1481,1487,0.0,0.0,0.0,50,0,0,0,10,0.0,zero,unstable
hybrid,morgan_bit_1467,morgan_bit,10,50,0,0.0,0,0.0,0,0.0,1484.26,1484.0,1.4541987063503463,1482,1488,0.0,0.0,0.0,50,0,0,0,10,0.0,zero,unstable
hybrid,morgan_bit_1468,morgan_bit,10,50,0,0.0,0,0.0,0,0.0,1485.26,1485.0,1.4541987063503463,1483,1489,0.0,0.0,0.0,50,0,0,0,10,0.0,zero,unstable
hybrid,morgan_bit_1469,morgan_bit,10,50,0,0.0,0,0.0,0,0.0,1486.26,1486.0,1.4541987063503463,1484,1490,0.0,0.0,0.0,50,0,0,0,10,0.0,zero,unstable
hybrid,morgan_bit_1470,morgan_bit,10,50,0,0.0,0,0.0,0,0.0,1487.26,1487.0,1.4541987063503463,1485,1491,0.0,0.0,0.0,50,0,0,0,10,0.0,zero,unstable
hybrid,morgan_bit_1471,morgan_bit,10,50,0,0.0,0,0.0,0,0.0,1488.26,1488.0,1.4541987063503463,1486,1492,0.0,0.0,0.0,50,0,0,0,10,0.0,zero,unstable
hybrid,morgan_bit_1472,morgan_bit,10,50,0,0.0,0,0.0,0,0.0,1489.26,1489.0,1.4541987063503463,1487,1493,0.0,0.0,0.0,50,0,0,0,10,0.0,zero,unstable
hybrid,morgan_bit_1473,morgan_bit,10,50,0,0.0,0,0.0,0,0.0,1490.26,1490.0,1.4541987063503463,1488,1494,0.0,0.0,0.0,50,0,0,0,10,0.0,zero,unstable
hybrid,morgan_bit_1474,morgan_bit,10,50,0,0.0,0,0.0,0,0.0,1491.26,1491.0,1.4541987063503463,1489,1495,0.0,0.0,0.0,50,0,0,0,10,0.0,zero,unstable
hybrid,morgan_bit_1475,morgan_bit,10,50,0,0.0,0,0.0,0,0.0,1492.26,1492.0,1.4541987063503463,1490,1496,0.0,0.0,0.0,50,0,0,0,10,0.0,zero,unstable
hybrid,morgan_bit_1476,morgan_bit,10,50,0,0.0,0,0.0,0,0.0,1493.26,1493.0,1.4541987063503463,1491,1497,0.0,0.0,0.0,50,0,0,0,10,0.0,zero,unstable
hybrid,morgan_bit_1477,morgan_bit,10,50,0,0.0,0,0.0,0,0.0,1494.26,1494.0,1.4541987063503463,1492,1498,0.0,0.0,0.0,50,0,0,0,10,0.0,zero,unstable
hybrid,morgan_bit_1478,morgan_bit,10,50,0,0.0,0,0.0,0,0.0,1495.26,1495.0,1.4541987063503463,1493,1499,0.0,0.0,0.0,50,0,0,0,10,0.0,zero,unstable
hybrid,morgan_bit_1479,morgan_bit,10,50,0,0.0,0,0.0,0,0.0,1496.26,1496.0,1.4541987063503463,1494,1500,0.0,0.0,0.0,50,0,0,0,10,0.0,zero,unstable
hybrid,morgan_bit_1480,morgan_bit,10,50,0,0.0,0,0.0,0,0.0,1497.26,1497.0,1.4541987063503463,1495,1501,0.0,0.0,0.0,50,0,0,0,10,0.0,zero,unstable
hybrid,morgan_bit_1481,morgan_bit,10,50,0,0.0,0,0.0,0,0.0,1498.26,1498.0,1.4541987063503463,1496,1502,0.0,0.0,0.0,50,0,0,0,10,0.0,zero,unstable
hybrid,morgan_bit_1482,morgan_bit,10,50,0,0.0,0,0.0,0,0.0,1499.26,1499.0,1.4541987063503463,1497,1503,0.0,0.0,0.0,50,0,0,0,10,0.0,zero,unstable
hybrid,morgan_bit_1483,morgan_bit,10,50,0,0.0,0,0.0,0,0.0,1500.26,1500.0,1.4541987063503463,1498,1504,0.0,0.0,0.0,50,0,0,0,10,0.0,zero,unstable
hybrid,morgan_bit_1484,morgan_bit,10,50,0,0.0,0,0.0,0,0.0,1501.26,1501.0,1.4541987063503463,1499,1505,0.0,0.0,0.0,50,0,0,0,10,0.0,zero,unstable
hybrid,morgan_bit_1485,morgan_bit,10,50,0,0.0,0,0.0,0,0.0,1502.26,1502.0,1.4541987063503463,1500,1506,0.0,0.0,0.0,50,0,0,0,10,0.0,zero,unstable
hybrid,morgan_bit_1486,morgan_bit,10,50,0,0.0,0,0.0,0,0.0,1503.26,1503.0,1.4541987063503463,1501,1507,0.0,0.0,0.0,50,0,0,0,10,0.0,zero,unstable
hybrid,morgan_bit_1487,morgan_bit,10,50,0,0.0,0,0.0,0,0.0,1504.26,1504.0,1.4541987063503463,1502,1508,0.0,0.0,0.0,50,0,0,0,10,0.0,zero,unstable
hybrid,morgan_bit_1488,morgan_bit,10,50,0,0.0,0,0.0,0,0.0,1505.26,1505.0,1.4541987063503463,1503,1509,0.0,0.0,0.0,50,0,0,0,10,0.0,zero,unstable
hybrid,morgan_bit_1489,morgan_bit,10,50,0,0.0,0,0.0,0,0.0,1506.26,1506.0,1.4541987063503463,1504,1510,0.0,0.0,0.0,50,0,0,0,10,0.0,zero,unstable
hybrid,morgan_bit_1490,morgan_bit,10,50,0,0.0,0,0.0,0,0.0,1507.26,1507.0,1.4541987063503463,1505,1511,0.0,0.0,0.0,50,0,0,0,10,0.0,zero,unstable
hybrid,morgan_bit_1491,morgan_bit,10,50,0,0.0,0,0.0,0,0.0,1508.26,1508.0,1.4541987063503463,1506,1512,0.0,0.0,0.0,50,0,0,0,10,0.0,zero,unstable
hybrid,morgan_bit_1492,morgan_bit,10,50,0,0.0,0,0.0,0,0.0,1509.26,1509.0,1.4541987063503463,1507,1513,0.0,0.0,0.0,50,0,0,0,10,0.0,zero,unstable
hybrid,morgan_bit_1493,morgan_bit,10,50,0,0.0,0,0.0,0,0.0,1510.26,1510.0,1.4541987063503463,1508,1514,0.0,0.0,0.0,50,0,0,0,10,0.0,zero,unstable
hybrid,morgan_bit_1494,morgan_bit,10,50,0,0.0,0,0.0,0,0.0,1511.26,1511.0,1.4541987063503463,1509,1515,0.0,0.0,0.0,50,0,0,0,10,0.0,zero,unstable
hybrid,morgan_bit_1495,morgan_bit,10,50,0,0.0,0,0.0,0,0.0,1512.26,1512.0,1.4541987063503463,1510,1516,0.0,0.0,0.0,50,0,0,0,10,0.0,zero,unstable
hybrid,morgan_bit_1496,morgan_bit,10,50,0,0.0,0,0.0,0,0.0,1513.26,1513.0,1.4541987063503463,1511,1517,0.0,0.0,0.0,50,0,0,0,10,0.0,zero,unstable
hybrid,morgan_bit_1497,morgan_bit,10,50,0,0.0,0,0.0,0,0.0,1514.26,1514.0,1.4541987063503463,1512,1518,0.0,0.0,0.0,50,0,0,0,10,0.0,zero,unstable
hybrid,morgan_bit_1498,morgan_bit,10,50,0,0.0,0,0.0,0,0.0,1515.26,1515.0,1.4541987063503463,1513,1519,0.0,0.0,0.0,50,0,0,0,10,0.0,zero,unstable
hybrid,morgan_bit_1499,morgan_bit,10,50,0,0.0,0,0.0,0,0.0,1516.26,1516.0,1.4541987063503463,1514,1520,0.0,0.0,0.0,50,0,0,0,10,0.0,zero,unstable
hybrid,morgan_bit_1500,morgan_bit,10,50,0,0.0,0,0.0,0,0.0,1517.26,1517.0,1.4541987063503463,1515,1521,0.0,0.0,0.0,50,0,0,0,10,0.0,zero,unstable
hybrid,morgan_bit_1501,morgan_bit,10,50,0,0.0,0,0.0,0,0.0,1373.24,1518.0,439.5701313876584,59,1522,0.0003794987773626364,0.0015794148311131587,-0.00015957845805366792,45,4,0,4,6,1.0,negative,unstable
hybrid,morgan_bit_1502,morgan_bit,10,50,0,0.0,0,0.0,0,0.0,1519.16,1519.0,1.503193878624675,1517,1523,0.0,0.0,0.0,50,0,0,0,10,0.0,zero,unstable
hybrid,morgan_bit_1503,morgan_bit,10,50,0,0.0,0,0.0,0,0.0,1520.16,1520.0,1.503193878624675,1518,1524,0.0,0.0,0.0,50,0,0,0,10,0.0,zero,unstable
hybrid,morgan_bit_1504,morgan_bit,10,50,0,0.0,0,0.0,0,0.0,1521.16,1521.0,1.503193878624675,1519,1525,0.0,0.0,0.0,50,0,0,0,10,0.0,zero,unstable
hybrid,morgan_bit_1505,morgan_bit,10,50,0,0.0,0,0.0,0,0.0,1522.16,1522.0,1.503193878624675,1520,1526,0.0,0.0,0.0,50,0,0,0,10,0.0,zero,unstable
hybrid,morgan_bit_1506,morgan_bit,10,50,0,0.0,0,0.0,0,0.0,1523.16,1523.0,1.503193878624675,1521,1527,0.0,0.0,0.0,50,0,0,0,10,0.0,zero,unstable
hybrid,morgan_bit_1507,morgan_bit,10,50,0,0.0,0,0.0,0,0.0,1524.16,1524.0,1.503193878624675,1522,1528,0.0,0.0,0.0,50,0,0,0,10,0.0,zero,unstable
hybrid,morgan_bit_1508,morgan_bit,10,50,0,0.0,0,0.0,0,0.0,1525.16,1525.0,1.503193878624675,1523,1529,0.0,0.0,0.0,50,0,0,0,10,0.0,zero,unstable
hybrid,morgan_bit_1509,morgan_bit,10,50,0,0.0,0,0.0,0,0.0,1526.16,1526.0,1.503193878624675,1524,1530,0.0,0.0,0.0,50,0,0,0,10,0.0,zero,unstable
hybrid,morgan_bit_1510,morgan_bit,10,50,0,0.0,0,0.0,0,0.0,1527.16,1527.0,1.503193878624675,1525,1531,0.0,0.0,0.0,50,0,0,0,10,0.0,zero,unstable
hybrid,morgan_bit_1511,morgan_bit,10,50,0,0.0,0,0.0,0,0.0,1528.16,1528.0,1.503193878624675,1526,1532,0.0,0.0,0.0,50,0,0,0,10,0.0,zero,unstable
hybrid,morgan_bit_1512,morgan_bit,10,50,0,0.0,0,0.0,0,0.0,1529.16,1529.0,1.503193878624675,1527,1533,0.0,0.0,0.0,50,0,0,0,10,0.0,zero,unstable
hybrid,morgan_bit_1513,morgan_bit,10,50,0,0.0,0,0.0,0,0.0,1530.16,1530.0,1.503193878624675,1528,1534,0.0,0.0,0.0,50,0,0,0,10,0.0,zero,unstable
hybrid,morgan_bit_1514,morgan_bit,10,50,0,0.0,0,0.0,0,0.0,1531.16,1531.0,1.503193878624675,1529,1535,0.0,0.0,0.0,50,0,0,0,10,0.0,zero,unstable
hybrid,morgan_bit_1515,morgan_bit,10,50,0,0.0,0,0.0,0,0.0,1532.16,1532.0,1.503193878624675,1530,1536,0.0,0.0,0.0,50,0,0,0,10,0.0,zero,unstable
hybrid,morgan_bit_1516,morgan_bit,10,50,0,0.0,0,0.0,0,0.0,1533.16,1533.0,1.503193878624675,1531,1537,0.0,0.0,0.0,50,0,0,0,10,0.0,zero,unstable
hybrid,morgan_bit_1517,morgan_bit,10,50,0,0.0,0,0.0,0,0.0,1534.16,1534.0,1.503193878624675,1532,1538,0.0,0.0,0.0,50,0,0,0,10,0.0,zero,unstable
hybrid,morgan_bit_1518,morgan_bit,10,50,0,0.0,0,0.0,0,0.0,1535.16,1535.0,1.503193878624675,1533,1539,0.0,0.0,0.0,50,0,0,0,10,0.0,zero,unstable
hybrid,morgan_bit_1519,morgan_bit,10,50,0,0.0,0,0.0,0,0.0,1536.16,1536.0,1.503193878624675,1534,1540,0.0,0.0,0.0,50,0,0,0,10,0.0,zero,unstable
hybrid,morgan_bit_1520,morgan_bit,10,50,0,0.0,0,0.0,0,0.0,1537.16,1537.0,1.503193878624675,1535,1541,0.0,0.0,0.0,50,0,0,0,10,0.0,zero,unstable
hybrid,morgan_bit_1521,morgan_bit,10,50,0,0.0,0,0.0,0,0.0,1538.16,1538.0,1.503193878624675,1536,1542,0.0,0.0,0.0,50,0,0,0,10,0.0,zero,unstable
hybrid,morgan_bit_1522,morgan_bit,10,50,0,0.0,0,0.0,0,0.0,1539.16,1539.0,1.503193878624675,1537,1543,0.0,0.0,0.0,50,0,0,0,10,0.0,zero,unstable
hybrid,morgan_bit_1523,morgan_bit,10,50,0,0.0,0,0.0,0,0.0,1540.16,1540.0,1.503193878624675,1538,1544,0.0,0.0,0.0,50,0,0,0,10,0.0,zero,unstable
hybrid,morgan_bit_1524,morgan_bit,10,50,0,0.0,0,0.0,0,0.0,1541.16,1541.0,1.503193878624675,1539,1545,0.0,0.0,0.0,50,0,0,0,10,0.0,zero,unstable
hybrid,morgan_bit_1525,morgan_bit,10,50,0,0.0,0,0.0,0,0.0,1542.16,1542.0,1.503193878624675,1540,1546,0.0,0.0,0.0,50,0,0,0,10,0.0,zero,unstable
hybrid,morgan_bit_1526,morgan_bit,10,50,0,0.0,0,0.0,0,0.0,1543.16,1543.0,1.503193878624675,1541,1547,0.0,0.0,0.0,50,0,0,0,10,0.0,zero,unstable
hybrid,morgan_bit_1527,morgan_bit,10,50,0,0.0,0,0.0,0,0.0,1544.16,1544.0,1.503193878624675,1542,1548,0.0,0.0,0.0,50,0,0,0,10,0.0,zero,unstable
hybrid,morgan_bit_1528,morgan_bit,10,50,0,0.0,0,0.0,0,0.0,1545.16,1545.0,1.503193878624675,1543,1549,0.0,0.0,0.0,50,0,0,0,10,0.0,zero,unstable
hybrid,morgan_bit_1529,morgan_bit,10,50,0,0.0,0,0.0,0,0.0,1546.16,1546.0,1.503193878624675,1544,1550,0.0,0.0,0.0,50,0,0,0,10,0.0,zero,unstable
hybrid,morgan_bit_1530,morgan_bit,10,50,0,0.0,0,0.0,0,0.0,1547.16,1547.0,1.503193878624675,1545,1551,0.0,0.0,0.0,50,0,0,0,10,0.0,zero,unstable
hybrid,morgan_bit_1531,morgan_bit,10,50,0,0.0,0,0.0,0,0.0,1548.16,1548.0,1.503193878624675,1546,1552,0.0,0.0,0.0,50,0,0,0,10,0.0,zero,unstable
hybrid,morgan_bit_1532,morgan_bit,10,50,0,0.0,0,0.0,0,0.0,1549.16,1549.0,1.503193878624675,1547,1553,0.0,0.0,0.0,50,0,0,0,10,0.0,zero,unstable
hybrid,morgan_bit_1533,morgan_bit,10,50,0,0.0,0,0.0,0,0.0,1550.16,1550.0,1.503193878624675,1548,1554,0.0,0.0,0.0,50,0,0,0,10,0.0,zero,unstable
hybrid,morgan_bit_1534,morgan_bit,10,50,0,0.0,0,0.0,0,0.0,1551.16,1551.0,1.503193878624675,1549,1555,0.0,0.0,0.0,50,0,0,0,10,0.0,zero,unstable
hybrid,morgan_bit_1535,morgan_bit,10,50,0,0.0,0,0.0,0,0.0,1552.16,1552.0,1.503193878624675,1550,1556,0.0,0.0,0.0,50,0,0,0,10,0.0,zero,unstable
hybrid,morgan_bit_1536,morgan_bit,10,50,0,0.0,0,0.0,0,0.0,1553.16,1553.0,1.503193878624675,1551,1557,0.0,0.0,0.0,50,0,0,0,10,0.0,zero,unstable
hybrid,morgan_bit_1537,morgan_bit,10,50,0,0.0,0,0.0,0,0.0,1554.16,1554.0,1.503193878624675,1552,1558,0.0,0.0,0.0,50,0,0,0,10,0.0,zero,unstable
hybrid,morgan_bit_1538,morgan_bit,10,50,0,0.0,0,0.0,0,0.0,1525.46,1555.0,210.18341941247022,69,1559,2.483150249513975e-05,0.00017558523801363993,1.0827789143686092e-05,49,1,1,0,9,1.0,positive,unstable
hybrid,morgan_bit_1539,morgan_bit,10,50,0,0.0,0,0.0,0,0.0,1556.14,1556.0,1.5254306852525958,1554,1560,0.0,0.0,0.0,50,0,0,0,10,0.0,zero,unstable
hybrid,morgan_bit_1540,morgan_bit,10,50,0,0.0,0,0.0,0,0.0,1557.14,1557.0,1.5254306852525958,1555,1561,0.0,0.0,0.0,50,0,0,0,10,0.0,zero,unstable
hybrid,morgan_bit_1541,morgan_bit,10,50,0,0.0,0,0.0,0,0.0,1558.14,1558.0,1.5254306852525958,1556,1562,0.0,0.0,0.0,50,0,0,0,10,0.0,zero,unstable
hybrid,morgan_bit_1542,morgan_bit,10,50,0,0.0,0,0.0,0,0.0,1559.14,1559.0,1.5254306852525958,1557,1563,0.0,0.0,0.0,50,0,0,0,10,0.0,zero,unstable
hybrid,morgan_bit_1543,morgan_bit,10,50,0,0.0,0,0.0,0,0.0,1560.14,1560.0,1.5254306852525958,1558,1564,0.0,0.0,0.0,50,0,0,0,10,0.0,zero,unstable
hybrid,morgan_bit_1544,morgan_bit,10,50,0,0.0,0,0.0,0,0.0,1561.14,1561.0,1.5254306852525958,1559,1565,0.0,0.0,0.0,50,0,0,0,10,0.0,zero,unstable
hybrid,morgan_bit_1545,morgan_bit,10,50,0,0.0,0,0.0,0,0.0,1562.14,1562.0,1.5254306852525958,1560,1566,0.0,0.0,0.0,50,0,0,0,10,0.0,zero,unstable
hybrid,morgan_bit_1546,morgan_bit,10,50,0,0.0,0,0.0,0,0.0,1563.14,1563.0,1.5254306852525958,1561,1567,0.0,0.0,0.0,50,0,0,0,10,0.0,zero,unstable
hybrid,morgan_bit_1547,morgan_bit,10,50,0,0.0,0,0.0,0,0.0,1564.14,1564.0,1.5254306852525958,1562,1568,0.0,0.0,0.0,50,0,0,0,10,0.0,zero,unstable
hybrid,morgan_bit_1548,morgan_bit,10,50,0,0.0,0,0.0,0,0.0,1565.14,1565.0,1.5254306852525958,1563,1569,0.0,0.0,0.0,50,0,0,0,10,0.0,zero,unstable
hybrid,morgan_bit_1549,morgan_bit,10,50,0,0.0,0,0.0,0,0.0,1566.14,1566.0,1.5254306852525958,1564,1570,0.0,0.0,0.0,50,0,0,0,10,0.0,zero,unstable
hybrid,morgan_bit_1550,morgan_bit,10,50,0,0.0,0,0.0,0,0.0,1567.14,1567.0,1.5254306852525958,1565,1571,0.0,0.0,0.0,50,0,0,0,10,0.0,zero,unstable
hybrid,morgan_bit_1551,morgan_bit,10,50,0,0.0,0,0.0,0,0.0,1568.14,1568.0,1.5254306852525958,1566,1572,0.0,0.0,0.0,50,0,0,0,10,0.0,zero,unstable
hybrid,morgan_bit_1552,morgan_bit,10,50,0,0.0,0,0.0,0,0.0,1569.14,1569.0,1.5254306852525958,1567,1573,0.0,0.0,0.0,50,0,0,0,10,0.0,zero,unstable
hybrid,morgan_bit_1553,morgan_bit,10,50,0,0.0,0,0.0,0,0.0,1570.14,1570.0,1.5254306852525958,1568,1574,0.0,0.0,0.0,50,0,0,0,10,0.0,zero,unstable
hybrid,morgan_bit_1554,morgan_bit,10,50,0,0.0,0,0.0,0,0.0,1571.14,1571.0,1.5254306852525958,1569,1575,0.0,0.0,0.0,50,0,0,0,10,0.0,zero,unstable
hybrid,morgan_bit_1555,morgan_bit,10,50,0,0.0,0,0.0,0,0.0,1572.14,1572.0,1.5254306852525958,1570,1576,0.0,0.0,0.0,50,0,0,0,10,0.0,zero,unstable
hybrid,morgan_bit_1556,morgan_bit,10,50,0,0.0,0,0.0,0,0.0,1573.14,1573.0,1.5254306852525958,1571,1577,0.0,0.0,0.0,50,0,0,0,10,0.0,zero,unstable
hybrid,morgan_bit_1557,morgan_bit,10,50,0,0.0,0,0.0,0,0.0,1574.14,1574.0,1.5254306852525958,1572,1578,0.0,0.0,0.0,50,0,0,0,10,0.0,zero,unstable
hybrid,morgan_bit_1558,morgan_bit,10,50,0,0.0,0,0.0,0,0.0,1575.14,1575.0,1.5254306852525958,1573,1579,0.0,0.0,0.0,50,0,0,0,10,0.0,zero,unstable
hybrid,morgan_bit_1559,morgan_bit,10,50,0,0.0,0,0.0,0,0.0,1576.14,1576.0,1.5254306852525958,1574,1580,0.0,0.0,0.0,50,0,0,0,10,0.0,zero,unstable
hybrid,morgan_bit_1560,morgan_bit,10,50,0,0.0,0,0.0,0,0.0,1577.14,1577.0,1.5254306852525958,1575,1581,0.0,0.0,0.0,50,0,0,0,10,0.0,zero,unstable
hybrid,morgan_bit_1561,morgan_bit,10,50,0,0.0,0,0.0,0,0.0,1578.14,1578.0,1.5254306852525958,1576,1582,0.0,0.0,0.0,50,0,0,0,10,0.0,zero,unstable
hybrid,morgan_bit_1562,morgan_bit,10,50,0,0.0,0,0.0,0,0.0,1579.14,1579.0,1.5254306852525958,1577,1583,0.0,0.0,0.0,50,0,0,0,10,0.0,zero,unstable
hybrid,morgan_bit_1563,morgan_bit,10,50,0,0.0,0,0.0,0,0.0,1580.14,1580.0,1.5254306852525958,1578,1584,0.0,0.0,0.0,50,0,0,0,10,0.0,zero,unstable
hybrid,morgan_bit_1564,morgan_bit,10,50,0,0.0,0,0.0,0,0.0,1581.14,1581.0,1.5254306852525958,1579,1585,0.0,0.0,0.0,50,0,0,0,10,0.0,zero,unstable
hybrid,morgan_bit_1565,morgan_bit,10,50,0,0.0,0,0.0,0,0.0,1582.14,1582.0,1.5254306852525958,1580,1586,0.0,0.0,0.0,50,0,0,0,10,0.0,zero,unstable
hybrid,morgan_bit_1566,morgan_bit,10,50,0,0.0,0,0.0,0,0.0,1583.14,1583.0,1.5254306852525958,1581,1587,0.0,0.0,0.0,50,0,0,0,10,0.0,zero,unstable
hybrid,morgan_bit_1567,morgan_bit,10,50,0,0.0,0,0.0,0,0.0,1584.14,1584.0,1.5254306852525958,1582,1588,0.0,0.0,0.0,50,0,0,0,10,0.0,zero,unstable
hybrid,morgan_bit_1568,morgan_bit,10,50,0,0.0,0,0.0,0,0.0,1585.14,1585.0,1.5254306852525958,1583,1589,0.0,0.0,0.0,50,0,0,0,10,0.0,zero,unstable
hybrid,morgan_bit_1569,morgan_bit,10,50,0,0.0,0,0.0,0,0.0,1586.14,1586.0,1.5254306852525958,1584,1590,0.0,0.0,0.0,50,0,0,0,10,0.0,zero,unstable
hybrid,morgan_bit_1570,morgan_bit,10,50,0,0.0,0,0.0,0,0.0,1434.1,1587.0,463.2275964603674,52,1591,0.0010114082301409249,0.0034614817295897304,9.801160089401698e-05,45,5,5,0,5,1.0,positive,unstable
hybrid,morgan_bit_1571,morgan_bit,10,50,0,0.0,0,0.0,0,0.0,1588.04,1588.0,1.4422205101855956,1586,1592,0.0,0.0,0.0,50,0,0,0,10,0.0,zero,unstable
hybrid,morgan_bit_1572,morgan_bit,10,50,0,0.0,0,0.0,0,0.0,1589.04,1589.0,1.4422205101855956,1587,1593,0.0,0.0,0.0,50,0,0,0,10,0.0,zero,unstable
hybrid,morgan_bit_1573,morgan_bit,10,50,0,0.0,0,0.0,0,0.0,1590.04,1590.0,1.4422205101855956,1588,1594,0.0,0.0,0.0,50,0,0,0,10,0.0,zero,unstable
hybrid,morgan_bit_1574,morgan_bit,10,50,0,0.0,0,0.0,0,0.0,1591.04,1591.0,1.4422205101855956,1589,1595,0.0,0.0,0.0,50,0,0,0,10,0.0,zero,unstable
hybrid,morgan_bit_1575,morgan_bit,10,50,0,0.0,0,0.0,0,0.0,1592.04,1592.0,1.4422205101855956,1590,1596,0.0,0.0,0.0,50,0,0,0,10,0.0,zero,unstable
hybrid,morgan_bit_1576,morgan_bit,10,50,0,0.0,0,0.0,0,0.0,1593.04,1593.0,1.4422205101855956,1591,1597,0.0,0.0,0.0,50,0,0,0,10,0.0,zero,unstable
hybrid,morgan_bit_1577,morgan_bit,10,50,0,0.0,0,0.0,0,0.0,1594.04,1594.0,1.4422205101855956,1592,1598,0.0,0.0,0.0,50,0,0,0,10,0.0,zero,unstable
hybrid,morgan_bit_1578,morgan_bit,10,50,0,0.0,0,0.0,0,0.0,1595.04,1595.0,1.4422205101855956,1593,1599,0.0,0.0,0.0,50,0,0,0,10,0.0,zero,unstable
hybrid,morgan_bit_1579,morgan_bit,10,50,0,0.0,0,0.0,0,0.0,1596.04,1596.0,1.4422205101855956,1594,1600,0.0,0.0,0.0,50,0,0,0,10,0.0,zero,unstable
hybrid,morgan_bit_1580,morgan_bit,10,50,0,0.0,0,0.0,0,0.0,1597.04,1597.0,1.4422205101855956,1595,1601,0.0,0.0,0.0,50,0,0,0,10,0.0,zero,unstable
hybrid,morgan_bit_1581,morgan_bit,10,50,0,0.0,0,0.0,0,0.0,1598.04,1598.0,1.4422205101855956,1596,1602,0.0,0.0,0.0,50,0,0,0,10,0.0,zero,unstable
hybrid,morgan_bit_1582,morgan_bit,10,50,0,0.0,0,0.0,0,0.0,1599.04,1599.0,1.4422205101855956,1597,1603,0.0,0.0,0.0,50,0,0,0,10,0.0,zero,unstable
hybrid,morgan_bit_1583,morgan_bit,10,50,0,0.0,0,0.0,0,0.0,1600.04,1600.0,1.4422205101855956,1598,1604,0.0,0.0,0.0,50,0,0,0,10,0.0,zero,unstable
hybrid,morgan_bit_1584,morgan_bit,10,50,0,0.0,0,0.0,0,0.0,1601.04,1601.0,1.4422205101855956,1599,1605,0.0,0.0,0.0,50,0,0,0,10,0.0,zero,unstable
hybrid,morgan_bit_1585,morgan_bit,10,50,0,0.0,0,0.0,0,0.0,1602.04,1602.0,1.4422205101855956,1600,1606,0.0,0.0,0.0,50,0,0,0,10,0.0,zero,unstable
hybrid,morgan_bit_1586,morgan_bit,10,50,0,0.0,0,0.0,0,0.0,1603.04,1603.0,1.4422205101855956,1601,1607,0.0,0.0,0.0,50,0,0,0,10,0.0,zero,unstable
hybrid,morgan_bit_1587,morgan_bit,10,50,0,0.0,0,0.0,0,0.0,1604.04,1604.0,1.4422205101855956,1602,1608,0.0,0.0,0.0,50,0,0,0,10,0.0,zero,unstable
hybrid,morgan_bit_1588,morgan_bit,10,50,0,0.0,0,0.0,0,0.0,1605.04,1605.0,1.4422205101855956,1603,1609,0.0,0.0,0.0,50,0,0,0,10,0.0,zero,unstable
hybrid,morgan_bit_1589,morgan_bit,10,50,0,0.0,0,0.0,0,0.0,1606.04,1606.0,1.4422205101855956,1604,1610,0.0,0.0,0.0,50,0,0,0,10,0.0,zero,unstable
hybrid,morgan_bit_1590,morgan_bit,10,50,0,0.0,0,0.0,0,0.0,1607.04,1607.0,1.4422205101855956,1605,1611,0.0,0.0,0.0,50,0,0,0,10,0.0,zero,unstable
hybrid,morgan_bit_1591,morgan_bit,10,50,0,0.0,0,0.0,0,0.0,1608.04,1608.0,1.4422205101855956,1606,1612,0.0,0.0,0.0,50,0,0,0,10,0.0,zero,unstable
hybrid,morgan_bit_1592,morgan_bit,10,50,0,0.0,0,0.0,0,0.0,1609.04,1609.0,1.4422205101855956,1607,1613,0.0,0.0,0.0,50,0,0,0,10,0.0,zero,unstable
hybrid,morgan_bit_1593,morgan_bit,10,50,0,0.0,0,0.0,0,0.0,1486.88,1610.0,421.6138885525572,68,1614,0.00020700027133971295,0.0007547447181778746,1.4191145740515537e-05,46,4,4,0,6,1.0,positive,unstable
hybrid,morgan_bit_1594,morgan_bit,10,50,0,0.0,0,0.0,0,0.0,1610.96,1611.0,1.4136362144974834,1609,1615,0.0,0.0,0.0,50,0,0,0,10,0.0,zero,unstable
hybrid,morgan_bit_1595,morgan_bit,10,50,0,0.0,0,0.0,0,0.0,1611.96,1612.0,1.4136362144974834,1610,1616,0.0,0.0,0.0,50,0,0,0,10,0.0,zero,unstable
hybrid,morgan_bit_1596,morgan_bit,10,50,0,0.0,0,0.0,0,0.0,1612.96,1613.0,1.4136362144974834,1611,1617,0.0,0.0,0.0,50,0,0,0,10,0.0,zero,unstable
hybrid,morgan_bit_1597,morgan_bit,10,50,0,0.0,0,0.0,0,0.0,1613.96,1614.0,1.4136362144974834,1612,1618,0.0,0.0,0.0,50,0,0,0,10,0.0,zero,unstable
hybrid,morgan_bit_1598,morgan_bit,10,50,0,0.0,0,0.0,0,0.0,1614.96,1615.0,1.4136362144974834,1613,1619,0.0,0.0,0.0,50,0,0,0,10,0.0,zero,unstable
hybrid,morgan_bit_1599,morgan_bit,10,50,0,0.0,0,0.0,0,0.0,1615.96,1616.0,1.4136362144974834,1614,1620,0.0,0.0,0.0,50,0,0,0,10,0.0,zero,unstable
hybrid,morgan_bit_1600,morgan_bit,10,50,0,0.0,0,0.0,0,0.0,1616.96,1617.0,1.4136362144974834,1615,1621,0.0,0.0,0.0,50,0,0,0,10,0.0,zero,unstable
hybrid,morgan_bit_1601,morgan_bit,10,50,0,0.0,0,0.0,0,0.0,1617.96,1618.0,1.4136362144974834,1616,1622,0.0,0.0,0.0,50,0,0,0,10,0.0,zero,unstable
hybrid,morgan_bit_1602,morgan_bit,10,50,0,0.0,0,0.0,0,0.0,1618.96,1619.0,1.4136362144974834,1617,1623,0.0,0.0,0.0,50,0,0,0,10,0.0,zero,unstable
hybrid,morgan_bit_1603,morgan_bit,10,50,0,0.0,0,0.0,0,0.0,1619.96,1620.0,1.4136362144974834,1618,1624,0.0,0.0,0.0,50,0,0,0,10,0.0,zero,unstable
hybrid,morgan_bit_1604,morgan_bit,10,50,0,0.0,0,0.0,0,0.0,1620.96,1621.0,1.4136362144974834,1619,1625,0.0,0.0,0.0,50,0,0,0,10,0.0,zero,unstable
hybrid,morgan_bit_1605,morgan_bit,10,50,0,0.0,0,0.0,0,0.0,1621.96,1622.0,1.4136362144974834,1620,1626,0.0,0.0,0.0,50,0,0,0,10,0.0,zero,unstable
hybrid,morgan_bit_1606,morgan_bit,10,50,0,0.0,0,0.0,0,0.0,1622.96,1623.0,1.4136362144974834,1621,1627,0.0,0.0,0.0,50,0,0,0,10,0.0,zero,unstable
hybrid,morgan_bit_1607,morgan_bit,10,50,0,0.0,0,0.0,0,0.0,1623.96,1624.0,1.4136362144974834,1622,1628,0.0,0.0,0.0,50,0,0,0,10,0.0,zero,unstable
hybrid,morgan_bit_1608,morgan_bit,10,50,0,0.0,0,0.0,0,0.0,1624.96,1625.0,1.4136362144974834,1623,1629,0.0,0.0,0.0,50,0,0,0,10,0.0,zero,unstable
hybrid,morgan_bit_1609,morgan_bit,10,50,0,0.0,0,0.0,0,0.0,1625.96,1626.0,1.4136362144974834,1624,1630,0.0,0.0,0.0,50,0,0,0,10,0.0,zero,unstable
hybrid,morgan_bit_1610,morgan_bit,10,50,0,0.0,0,0.0,0,0.0,1626.96,1627.0,1.4136362144974834,1625,1631,0.0,0.0,0.0,50,0,0,0,10,0.0,zero,unstable
hybrid,morgan_bit_1611,morgan_bit,10,50,0,0.0,0,0.0,0,0.0,1627.96,1628.0,1.4136362144974834,1626,1632,0.0,0.0,0.0,50,0,0,0,10,0.0,zero,unstable
hybrid,morgan_bit_1612,morgan_bit,10,50,0,0.0,0,0.0,0,0.0,1628.96,1629.0,1.4136362144974834,1627,1633,0.0,0.0,0.0,50,0,0,0,10,0.0,zero,unstable
hybrid,morgan_bit_1613,morgan_bit,10,50,0,0.0,0,0.0,0,0.0,1629.96,1630.0,1.4136362144974834,1628,1634,0.0,0.0,0.0,50,0,0,0,10,0.0,zero,unstable
hybrid,morgan_bit_1614,morgan_bit,10,50,0,0.0,0,0.0,0,0.0,1630.96,1631.0,1.4136362144974834,1629,1635,0.0,0.0,0.0,50,0,0,0,10,0.0,zero,unstable
hybrid,morgan_bit_1615,morgan_bit,10,50,0,0.0,0,0.0,0,0.0,1631.96,1632.0,1.4136362144974834,1630,1636,0.0,0.0,0.0,50,0,0,0,10,0.0,zero,unstable
hybrid,morgan_bit_1616,morgan_bit,10,50,0,0.0,0,0.0,0,0.0,1632.96,1633.0,1.4136362144974834,1631,1637,0.0,0.0,0.0,50,0,0,0,10,0.0,zero,unstable
hybrid,morgan_bit_1617,morgan_bit,10,50,0,0.0,0,0.0,0,0.0,1633.96,1634.0,1.4136362144974834,1632,1638,0.0,0.0,0.0,50,0,0,0,10,0.0,zero,unstable
hybrid,morgan_bit_1618,morgan_bit,10,50,0,0.0,0,0.0,0,0.0,1634.96,1635.0,1.4136362144974834,1633,1639,0.0,0.0,0.0,50,0,0,0,10,0.0,zero,unstable
hybrid,morgan_bit_1619,morgan_bit,10,50,0,0.0,0,0.0,0,0.0,1635.96,1636.0,1.4136362144974834,1634,1640,0.0,0.0,0.0,50,0,0,0,10,0.0,zero,unstable
hybrid,morgan_bit_1620,morgan_bit,10,50,0,0.0,0,0.0,0,0.0,1636.96,1637.0,1.4136362144974834,1635,1641,0.0,0.0,0.0,50,0,0,0,10,0.0,zero,unstable
hybrid,morgan_bit_1621,morgan_bit,10,50,0,0.0,0,0.0,0,0.0,1637.96,1638.0,1.4136362144974834,1636,1642,0.0,0.0,0.0,50,0,0,0,10,0.0,zero,unstable
hybrid,morgan_bit_1622,morgan_bit,10,50,0,0.0,0,0.0,0,0.0,1638.96,1639.0,1.4136362144974834,1637,1643,0.0,0.0,0.0,50,0,0,0,10,0.0,zero,unstable
hybrid,morgan_bit_1623,morgan_bit,10,50,0,0.0,0,0.0,0,0.0,1639.96,1640.0,1.4136362144974834,1638,1644,0.0,0.0,0.0,50,0,0,0,10,0.0,zero,unstable
hybrid,morgan_bit_1624,morgan_bit,10,50,0,0.0,0,0.0,0,0.0,1640.96,1641.0,1.4136362144974834,1639,1645,0.0,0.0,0.0,50,0,0,0,10,0.0,zero,unstable
hybrid,morgan_bit_1625,morgan_bit,10,50,0,0.0,0,0.0,0,0.0,1641.96,1642.0,1.4136362144974834,1640,1646,0.0,0.0,0.0,50,0,0,0,10,0.0,zero,unstable
hybrid,morgan_bit_1626,morgan_bit,10,50,0,0.0,0,0.0,0,0.0,1642.96,1643.0,1.4136362144974834,1641,1647,0.0,0.0,0.0,50,0,0,0,10,0.0,zero,unstable
hybrid,morgan_bit_1627,morgan_bit,10,50,0,0.0,0,0.0,0,0.0,1643.96,1644.0,1.4136362144974834,1642,1648,0.0,0.0,0.0,50,0,0,0,10,0.0,zero,unstable
hybrid,morgan_bit_1628,morgan_bit,10,50,0,0.0,0,0.0,0,0.0,1644.96,1645.0,1.4136362144974834,1643,1649,0.0,0.0,0.0,50,0,0,0,10,0.0,zero,unstable
hybrid,morgan_bit_1629,morgan_bit,10,50,0,0.0,0,0.0,0,0.0,1645.96,1646.0,1.4136362144974834,1644,1650,0.0,0.0,0.0,50,0,0,0,10,0.0,zero,unstable
hybrid,morgan_bit_1630,morgan_bit,10,50,0,0.0,0,0.0,0,0.0,1646.96,1647.0,1.4136362144974834,1645,1651,0.0,0.0,0.0,50,0,0,0,10,0.0,zero,unstable
hybrid,morgan_bit_1631,morgan_bit,10,50,0,0.0,0,0.0,0,0.0,1647.96,1648.0,1.4136362144974834,1646,1652,0.0,0.0,0.0,50,0,0,0,10,0.0,zero,unstable
hybrid,morgan_bit_1632,morgan_bit,10,50,0,0.0,0,0.0,0,0.0,1648.96,1649.0,1.4136362144974834,1647,1653,0.0,0.0,0.0,50,0,0,0,10,0.0,zero,unstable
hybrid,morgan_bit_1633,morgan_bit,10,50,0,0.0,0,0.0,0,0.0,1649.96,1650.0,1.4136362144974834,1648,1654,0.0,0.0,0.0,50,0,0,0,10,0.0,zero,unstable
hybrid,morgan_bit_1634,morgan_bit,10,50,0,0.0,0,0.0,0,0.0,1650.96,1651.0,1.4136362144974834,1649,1655,0.0,0.0,0.0,50,0,0,0,10,0.0,zero,unstable
hybrid,morgan_bit_1635,morgan_bit,10,50,0,0.0,0,0.0,0,0.0,1651.96,1652.0,1.4136362144974834,1650,1656,0.0,0.0,0.0,50,0,0,0,10,0.0,zero,unstable
hybrid,morgan_bit_1636,morgan_bit,10,50,0,0.0,0,0.0,0,0.0,1652.96,1653.0,1.4136362144974834,1651,1657,0.0,0.0,0.0,50,0,0,0,10,0.0,zero,unstable
hybrid,morgan_bit_1637,morgan_bit,10,50,0,0.0,0,0.0,0,0.0,1653.96,1654.0,1.4136362144974834,1652,1658,0.0,0.0,0.0,50,0,0,0,10,0.0,zero,unstable
hybrid,morgan_bit_1638,morgan_bit,10,50,0,0.0,0,0.0,0,0.0,1654.96,1655.0,1.4136362144974834,1653,1659,0.0,0.0,0.0,50,0,0,0,10,0.0,zero,unstable
hybrid,morgan_bit_1639,morgan_bit,10,50,0,0.0,0,0.0,0,0.0,1655.96,1656.0,1.4136362144974834,1654,1660,0.0,0.0,0.0,50,0,0,0,10,0.0,zero,unstable
hybrid,morgan_bit_1640,morgan_bit,10,50,0,0.0,0,0.0,0,0.0,1526.46,1657.0,446.44428360921694,21,1661,0.014743870236053695,0.0559403203302975,0.0008135809766039007,46,4,4,0,6,1.0,positive,unstable
hybrid,morgan_bit_1641,morgan_bit,10,50,0,0.0,0,0.0,0,0.0,1657.88,1658.0,1.3192453006417366,1656,1662,0.0,0.0,0.0,50,0,0,0,10,0.0,zero,unstable
hybrid,morgan_bit_1642,morgan_bit,10,50,0,0.0,0,0.0,0,0.0,1658.88,1659.0,1.3192453006417366,1657,1663,0.0,0.0,0.0,50,0,0,0,10,0.0,zero,unstable
hybrid,morgan_bit_1643,morgan_bit,10,50,0,0.0,0,0.0,0,0.0,1659.88,1660.0,1.3192453006417366,1658,1664,0.0,0.0,0.0,50,0,0,0,10,0.0,zero,unstable
hybrid,morgan_bit_1644,morgan_bit,10,50,0,0.0,0,0.0,0,0.0,1660.88,1661.0,1.3192453006417366,1659,1665,0.0,0.0,0.0,50,0,0,0,10,0.0,zero,unstable
hybrid,morgan_bit_1645,morgan_bit,10,50,0,0.0,0,0.0,0,0.0,1661.88,1662.0,1.3192453006417366,1660,1666,0.0,0.0,0.0,50,0,0,0,10,0.0,zero,unstable
hybrid,morgan_bit_1646,morgan_bit,10,50,0,0.0,0,0.0,0,0.0,1662.88,1663.0,1.3192453006417366,1661,1667,0.0,0.0,0.0,50,0,0,0,10,0.0,zero,unstable
hybrid,morgan_bit_1647,morgan_bit,10,50,0,0.0,0,0.0,0,0.0,1663.88,1664.0,1.3192453006417366,1662,1668,0.0,0.0,0.0,50,0,0,0,10,0.0,zero,unstable
hybrid,morgan_bit_1648,morgan_bit,10,50,0,0.0,0,0.0,0,0.0,1664.88,1665.0,1.3192453006417366,1663,1669,0.0,0.0,0.0,50,0,0,0,10,0.0,zero,unstable
hybrid,morgan_bit_1649,morgan_bit,10,50,0,0.0,0,0.0,0,0.0,1665.88,1666.0,1.3192453006417366,1664,1670,0.0,0.0,0.0,50,0,0,0,10,0.0,zero,unstable
hybrid,morgan_bit_1650,morgan_bit,10,50,0,0.0,0,0.0,0,0.0,1666.88,1667.0,1.3192453006417366,1665,1671,0.0,0.0,0.0,50,0,0,0,10,0.0,zero,unstable
hybrid,morgan_bit_1651,morgan_bit,10,50,0,0.0,0,0.0,0,0.0,1667.88,1668.0,1.3192453006417366,1666,1672,0.0,0.0,0.0,50,0,0,0,10,0.0,zero,unstable
hybrid,morgan_bit_1652,morgan_bit,10,50,0,0.0,0,0.0,0,0.0,1668.88,1669.0,1.3192453006417366,1667,1673,0.0,0.0,0.0,50,0,0,0,10,0.0,zero,unstable
hybrid,morgan_bit_1653,morgan_bit,10,50,0,0.0,0,0.0,0,0.0,1669.88,1670.0,1.3192453006417366,1668,1674,0.0,0.0,0.0,50,0,0,0,10,0.0,zero,unstable
hybrid,morgan_bit_1654,morgan_bit,10,50,0,0.0,0,0.0,0,0.0,1670.88,1671.0,1.3192453006417366,1669,1675,0.0,0.0,0.0,50,0,0,0,10,0.0,zero,unstable
hybrid,morgan_bit_1655,morgan_bit,10,50,0,0.0,0,0.0,0,0.0,1671.88,1672.0,1.3192453006417366,1670,1676,0.0,0.0,0.0,50,0,0,0,10,0.0,zero,unstable
hybrid,morgan_bit_1656,morgan_bit,10,50,0,0.0,0,0.0,0,0.0,1672.88,1673.0,1.3192453006417366,1671,1677,0.0,0.0,0.0,50,0,0,0,10,0.0,zero,unstable
hybrid,morgan_bit_1657,morgan_bit,10,50,0,0.0,0,0.0,0,0.0,1673.88,1674.0,1.3192453006417366,1672,1678,0.0,0.0,0.0,50,0,0,0,10,0.0,zero,unstable
hybrid,morgan_bit_1658,morgan_bit,10,50,0,0.0,0,0.0,0,0.0,1674.88,1675.0,1.3192453006417366,1673,1679,0.0,0.0,0.0,50,0,0,0,10,0.0,zero,unstable
hybrid,morgan_bit_1659,morgan_bit,10,50,0,0.0,0,0.0,0,0.0,1675.88,1676.0,1.3192453006417366,1674,1680,0.0,0.0,0.0,50,0,0,0,10,0.0,zero,unstable
hybrid,morgan_bit_1660,morgan_bit,10,50,0,0.0,0,0.0,0,0.0,1676.88,1677.0,1.3192453006417366,1675,1681,0.0,0.0,0.0,50,0,0,0,10,0.0,zero,unstable
hybrid,morgan_bit_1661,morgan_bit,10,50,0,0.0,0,0.0,0,0.0,1677.88,1678.0,1.3192453006417366,1676,1682,0.0,0.0,0.0,50,0,0,0,10,0.0,zero,unstable
hybrid,morgan_bit_1662,morgan_bit,10,50,0,0.0,0,0.0,0,0.0,1678.88,1679.0,1.3192453006417366,1677,1683,0.0,0.0,0.0,50,0,0,0,10,0.0,zero,unstable
hybrid,morgan_bit_1663,morgan_bit,10,50,0,0.0,0,0.0,0,0.0,1679.88,1680.0,1.3192453006417366,1678,1684,0.0,0.0,0.0,50,0,0,0,10,0.0,zero,unstable
hybrid,morgan_bit_1664,morgan_bit,10,50,0,0.0,0,0.0,0,0.0,1680.88,1681.0,1.3192453006417366,1679,1685,0.0,0.0,0.0,50,0,0,0,10,0.0,zero,unstable
hybrid,morgan_bit_1665,morgan_bit,10,50,0,0.0,0,0.0,0,0.0,1681.88,1682.0,1.3192453006417366,1680,1686,0.0,0.0,0.0,50,0,0,0,10,0.0,zero,unstable
hybrid,morgan_bit_1666,morgan_bit,10,50,0,0.0,0,0.0,0,0.0,1682.88,1683.0,1.3192453006417366,1681,1687,0.0,0.0,0.0,50,0,0,0,10,0.0,zero,unstable
hybrid,morgan_bit_1667,morgan_bit,10,50,0,0.0,0,0.0,0,0.0,1683.88,1684.0,1.3192453006417366,1682,1688,0.0,0.0,0.0,50,0,0,0,10,0.0,zero,unstable
hybrid,morgan_bit_1668,morgan_bit,10,50,0,0.0,0,0.0,0,0.0,1684.88,1685.0,1.3192453006417366,1683,1689,0.0,0.0,0.0,50,0,0,0,10,0.0,zero,unstable
hybrid,morgan_bit_1669,morgan_bit,10,50,0,0.0,0,0.0,0,0.0,1685.88,1686.0,1.3192453006417366,1684,1690,0.0,0.0,0.0,50,0,0,0,10,0.0,zero,unstable
hybrid,morgan_bit_1670,morgan_bit,10,50,0,0.0,0,0.0,0,0.0,1686.88,1687.0,1.3192453006417366,1685,1691,0.0,0.0,0.0,50,0,0,0,10,0.0,zero,unstable
hybrid,morgan_bit_1671,morgan_bit,10,50,0,0.0,0,0.0,0,0.0,1687.88,1688.0,1.3192453006417366,1686,1692,0.0,0.0,0.0,50,0,0,0,10,0.0,zero,unstable
hybrid,morgan_bit_1672,morgan_bit,10,50,0,0.0,0,0.0,0,0.0,1688.88,1689.0,1.3192453006417366,1687,1693,0.0,0.0,0.0,50,0,0,0,10,0.0,zero,unstable
hybrid,morgan_bit_1673,morgan_bit,10,50,0,0.0,0,0.0,0,0.0,1689.88,1690.0,1.3192453006417366,1688,1694,0.0,0.0,0.0,50,0,0,0,10,0.0,zero,unstable
hybrid,morgan_bit_1674,morgan_bit,10,50,0,0.0,0,0.0,0,0.0,1690.88,1691.0,1.3192453006417366,1689,1695,0.0,0.0,0.0,50,0,0,0,10,0.0,zero,unstable
hybrid,morgan_bit_1675,morgan_bit,10,50,0,0.0,0,0.0,0,0.0,1691.88,1692.0,1.3192453006417366,1690,1696,0.0,0.0,0.0,50,0,0,0,10,0.0,zero,unstable
hybrid,morgan_bit_1676,morgan_bit,10,50,0,0.0,0,0.0,0,0.0,1692.88,1693.0,1.3192453006417366,1691,1697,0.0,0.0,0.0,50,0,0,0,10,0.0,zero,unstable
hybrid,morgan_bit_1677,morgan_bit,10,50,0,0.0,0,0.0,0,0.0,1693.88,1694.0,1.3192453006417366,1692,1698,0.0,0.0,0.0,50,0,0,0,10,0.0,zero,unstable
hybrid,morgan_bit_1678,morgan_bit,10,50,0,0.0,0,0.0,0,0.0,1694.88,1695.0,1.3192453006417366,1693,1699,0.0,0.0,0.0,50,0,0,0,10,0.0,zero,unstable
hybrid,morgan_bit_1679,morgan_bit,10,50,0,0.0,0,0.0,0,0.0,1695.88,1696.0,1.3192453006417366,1694,1700,0.0,0.0,0.0,50,0,0,0,10,0.0,zero,unstable
hybrid,morgan_bit_1680,morgan_bit,10,50,0,0.0,0,0.0,0,0.0,1696.88,1697.0,1.3192453006417366,1695,1701,0.0,0.0,0.0,50,0,0,0,10,0.0,zero,unstable
hybrid,morgan_bit_1681,morgan_bit,10,50,0,0.0,0,0.0,0,0.0,1697.88,1698.0,1.3192453006417366,1696,1702,0.0,0.0,0.0,50,0,0,0,10,0.0,zero,unstable
hybrid,morgan_bit_1682,morgan_bit,10,50,0,0.0,0,0.0,0,0.0,1698.88,1699.0,1.3192453006417366,1697,1703,0.0,0.0,0.0,50,0,0,0,10,0.0,zero,unstable
hybrid,morgan_bit_1683,morgan_bit,10,50,0,0.0,0,0.0,0,0.0,1699.88,1700.0,1.3192453006417366,1698,1704,0.0,0.0,0.0,50,0,0,0,10,0.0,zero,unstable
hybrid,morgan_bit_1684,morgan_bit,10,50,0,0.0,0,0.0,0,0.0,1700.88,1701.0,1.3192453006417366,1699,1705,0.0,0.0,0.0,50,0,0,0,10,0.0,zero,unstable
hybrid,morgan_bit_1685,morgan_bit,10,50,0,0.0,0,0.0,0,0.0,1701.88,1702.0,1.3192453006417366,1700,1706,0.0,0.0,0.0,50,0,0,0,10,0.0,zero,unstable
hybrid,morgan_bit_1686,morgan_bit,10,50,0,0.0,0,0.0,0,0.0,1702.88,1703.0,1.3192453006417366,1701,1707,0.0,0.0,0.0,50,0,0,0,10,0.0,zero,unstable
hybrid,morgan_bit_1687,morgan_bit,10,50,0,0.0,0,0.0,0,0.0,1703.88,1704.0,1.3192453006417366,1702,1708,0.0,0.0,0.0,50,0,0,0,10,0.0,zero,unstable
hybrid,morgan_bit_1688,morgan_bit,10,50,0,0.0,0,0.0,0,0.0,1704.88,1705.0,1.3192453006417366,1703,1709,0.0,0.0,0.0,50,0,0,0,10,0.0,zero,unstable
hybrid,morgan_bit_1689,morgan_bit,10,50,0,0.0,0,0.0,0,0.0,1705.88,1706.0,1.3192453006417366,1704,1710,0.0,0.0,0.0,50,0,0,0,10,0.0,zero,unstable
hybrid,morgan_bit_1690,morgan_bit,10,50,0,0.0,0,0.0,0,0.0,1706.88,1707.0,1.3192453006417366,1705,1711,0.0,0.0,0.0,50,0,0,0,10,0.0,zero,unstable
hybrid,morgan_bit_1691,morgan_bit,10,50,0,0.0,0,0.0,0,0.0,1707.88,1708.0,1.3192453006417366,1706,1712,0.0,0.0,0.0,50,0,0,0,10,0.0,zero,unstable
hybrid,morgan_bit_1692,morgan_bit,10,50,0,0.0,0,0.0,0,0.0,1708.88,1709.0,1.3192453006417366,1707,1713,0.0,0.0,0.0,50,0,0,0,10,0.0,zero,unstable
hybrid,morgan_bit_1693,morgan_bit,10,50,0,0.0,0,0.0,0,0.0,1709.88,1710.0,1.3192453006417366,1708,1714,0.0,0.0,0.0,50,0,0,0,10,0.0,zero,unstable
hybrid,morgan_bit_1694,morgan_bit,10,50,0,0.0,0,0.0,0,0.0,1710.88,1711.0,1.3192453006417366,1709,1715,0.0,0.0,0.0,50,0,0,0,10,0.0,zero,unstable
hybrid,morgan_bit_1695,morgan_bit,10,50,0,0.0,0,0.0,0,0.0,1711.88,1712.0,1.3192453006417366,1710,1716,0.0,0.0,0.0,50,0,0,0,10,0.0,zero,unstable
hybrid,morgan_bit_1696,morgan_bit,10,50,0,0.0,0,0.0,0,0.0,1712.88,1713.0,1.3192453006417366,1711,1717,0.0,0.0,0.0,50,0,0,0,10,0.0,zero,unstable
hybrid,morgan_bit_1697,morgan_bit,10,50,0,0.0,0,0.0,0,0.0,1713.88,1714.0,1.3192453006417366,1712,1718,0.0,0.0,0.0,50,0,0,0,10,0.0,zero,unstable
hybrid,morgan_bit_1698,morgan_bit,10,50,0,0.0,0,0.0,0,0.0,1714.88,1715.0,1.3192453006417366,1713,1719,0.0,0.0,0.0,50,0,0,0,10,0.0,zero,unstable
hybrid,morgan_bit_1699,morgan_bit,10,50,0,0.0,0,0.0,0,0.0,1715.88,1716.0,1.3192453006417366,1714,1720,0.0,0.0,0.0,50,0,0,0,10,0.0,zero,unstable
hybrid,morgan_bit_1700,morgan_bit,10,50,0,0.0,0,0.0,0,0.0,1716.88,1717.0,1.3192453006417366,1715,1721,0.0,0.0,0.0,50,0,0,0,10,0.0,zero,unstable
hybrid,morgan_bit_1701,morgan_bit,10,50,0,0.0,0,0.0,0,0.0,1717.88,1718.0,1.3192453006417366,1716,1722,0.0,0.0,0.0,50,0,0,0,10,0.0,zero,unstable
hybrid,morgan_bit_1702,morgan_bit,10,50,0,0.0,0,0.0,0,0.0,1718.88,1719.0,1.3192453006417366,1717,1723,0.0,0.0,0.0,50,0,0,0,10,0.0,zero,unstable
hybrid,morgan_bit_1703,morgan_bit,10,50,0,0.0,0,0.0,0,0.0,1719.88,1720.0,1.3192453006417366,1718,1724,0.0,0.0,0.0,50,0,0,0,10,0.0,zero,unstable
hybrid,morgan_bit_1704,morgan_bit,10,50,0,0.0,0,0.0,0,0.0,1720.88,1721.0,1.3192453006417366,1719,1725,0.0,0.0,0.0,50,0,0,0,10,0.0,zero,unstable
hybrid,morgan_bit_1705,morgan_bit,10,50,0,0.0,0,0.0,0,0.0,1721.88,1722.0,1.3192453006417366,1720,1726,0.0,0.0,0.0,50,0,0,0,10,0.0,zero,unstable
hybrid,morgan_bit_1706,morgan_bit,10,50,0,0.0,0,0.0,0,0.0,1722.88,1723.0,1.3192453006417366,1721,1727,0.0,0.0,0.0,50,0,0,0,10,0.0,zero,unstable
hybrid,morgan_bit_1707,morgan_bit,10,50,0,0.0,0,0.0,0,0.0,1723.88,1724.0,1.3192453006417366,1722,1728,0.0,0.0,0.0,50,0,0,0,10,0.0,zero,unstable
hybrid,morgan_bit_1708,morgan_bit,10,50,0,0.0,0,0.0,0,0.0,1724.88,1725.0,1.3192453006417366,1723,1729,0.0,0.0,0.0,50,0,0,0,10,0.0,zero,unstable
hybrid,morgan_bit_1709,morgan_bit,10,50,0,0.0,0,0.0,0,0.0,1725.88,1726.0,1.3192453006417366,1724,1730,0.0,0.0,0.0,50,0,0,0,10,0.0,zero,unstable
hybrid,morgan_bit_1710,morgan_bit,10,50,0,0.0,0,0.0,0,0.0,1693.78,1727.0,233.89438485202274,73,1731,3.8531212110037556e-05,0.0002724568137034478,1.4546798829372241e-05,49,1,1,0,9,1.0,positive,unstable
hybrid,morgan_bit_1711,morgan_bit,10,50,0,0.0,0,0.0,0,0.0,1727.86,1728.0,1.3094632020606842,1726,1732,0.0,0.0,0.0,50,0,0,0,10,0.0,zero,unstable
hybrid,morgan_bit_1712,morgan_bit,10,50,0,0.0,0,0.0,0,0.0,1728.86,1729.0,1.3094632020606842,1727,1733,0.0,0.0,0.0,50,0,0,0,10,0.0,zero,unstable
hybrid,morgan_bit_1713,morgan_bit,10,50,0,0.0,0,0.0,0,0.0,1729.86,1730.0,1.3094632020606842,1728,1734,0.0,0.0,0.0,50,0,0,0,10,0.0,zero,unstable
hybrid,morgan_bit_1714,morgan_bit,10,50,0,0.0,0,0.0,0,0.0,1730.86,1731.0,1.3094632020606842,1729,1735,0.0,0.0,0.0,50,0,0,0,10,0.0,zero,unstable
hybrid,morgan_bit_1715,morgan_bit,10,50,0,0.0,0,0.0,0,0.0,1731.86,1732.0,1.3094632020606842,1730,1736,0.0,0.0,0.0,50,0,0,0,10,0.0,zero,unstable
hybrid,morgan_bit_1716,morgan_bit,10,50,0,0.0,0,0.0,0,0.0,1732.86,1733.0,1.3094632020606842,1731,1737,0.0,0.0,0.0,50,0,0,0,10,0.0,zero,unstable
hybrid,morgan_bit_1717,morgan_bit,10,50,0,0.0,0,0.0,0,0.0,1733.86,1734.0,1.3094632020606842,1732,1738,0.0,0.0,0.0,50,0,0,0,10,0.0,zero,unstable
hybrid,morgan_bit_1718,morgan_bit,10,50,0,0.0,0,0.0,0,0.0,1734.86,1735.0,1.3094632020606842,1733,1739,0.0,0.0,0.0,50,0,0,0,10,0.0,zero,unstable
hybrid,morgan_bit_1719,morgan_bit,10,50,0,0.0,0,0.0,0,0.0,1735.86,1736.0,1.3094632020606842,1734,1740,0.0,0.0,0.0,50,0,0,0,10,0.0,zero,unstable
hybrid,morgan_bit_1720,morgan_bit,10,50,0,0.0,0,0.0,0,0.0,1736.86,1737.0,1.3094632020606842,1735,1741,0.0,0.0,0.0,50,0,0,0,10,0.0,zero,unstable
hybrid,morgan_bit_1721,morgan_bit,10,50,0,0.0,0,0.0,0,0.0,1737.86,1738.0,1.3094632020606842,1736,1742,0.0,0.0,0.0,50,0,0,0,10,0.0,zero,unstable
hybrid,morgan_bit_1722,morgan_bit,10,50,0,0.0,0,0.0,4,0.08,437.4,27.0,738.130069838643,15,1739,0.1365510197797363,0.1065468629184861,0.004129840361441265,12,10,9,1,0,0.9,positive,unstable
hybrid,morgan_bit_1723,morgan_bit,10,50,0,0.0,0,0.0,0,0.0,1739.1,1739.0,1.1473127431577865,1737,1743,0.0,0.0,0.0,50,0,0,0,10,0.0,zero,unstable
hybrid,morgan_bit_1724,morgan_bit,10,50,0,0.0,0,0.0,0,0.0,1740.1,1740.0,1.1473127431577865,1738,1744,0.0,0.0,0.0,50,0,0,0,10,0.0,zero,unstable
hybrid,morgan_bit_1725,morgan_bit,10,50,0,0.0,0,0.0,0,0.0,1741.1,1741.0,1.1473127431577865,1739,1745,0.0,0.0,0.0,50,0,0,0,10,0.0,zero,unstable
hybrid,morgan_bit_1726,morgan_bit,10,50,0,0.0,0,0.0,0,0.0,1742.1,1742.0,1.1473127431577865,1740,1746,0.0,0.0,0.0,50,0,0,0,10,0.0,zero,unstable
hybrid,morgan_bit_1727,morgan_bit,10,50,0,0.0,0,0.0,0,0.0,1743.1,1743.0,1.1473127431577865,1741,1747,0.0,0.0,0.0,50,0,0,0,10,0.0,zero,unstable
hybrid,morgan_bit_1728,morgan_bit,10,50,0,0.0,0,0.0,0,0.0,1744.1,1744.0,1.1473127431577865,1742,1748,0.0,0.0,0.0,50,0,0,0,10,0.0,zero,unstable
hybrid,morgan_bit_1729,morgan_bit,10,50,0,0.0,0,0.0,0,0.0,1745.1,1745.0,1.1473127431577865,1743,1749,0.0,0.0,0.0,50,0,0,0,10,0.0,zero,unstable
hybrid,morgan_bit_1730,morgan_bit,10,50,0,0.0,0,0.0,0,0.0,1746.1,1746.0,1.1473127431577865,1744,1750,0.0,0.0,0.0,50,0,0,0,10,0.0,zero,unstable
hybrid,morgan_bit_1731,morgan_bit,10,50,0,0.0,0,0.0,0,0.0,1747.1,1747.0,1.1473127431577865,1745,1751,0.0,0.0,0.0,50,0,0,0,10,0.0,zero,unstable
hybrid,morgan_bit_1732,morgan_bit,10,50,0,0.0,0,0.0,0,0.0,1748.1,1748.0,1.1473127431577865,1746,1752,0.0,0.0,0.0,50,0,0,0,10,0.0,zero,unstable
hybrid,morgan_bit_1733,morgan_bit,10,50,0,0.0,0,0.0,0,0.0,1749.1,1749.0,1.1473127431577865,1747,1753,0.0,0.0,0.0,50,0,0,0,10,0.0,zero,unstable
hybrid,morgan_bit_1734,morgan_bit,10,50,0,0.0,0,0.0,0,0.0,1750.1,1750.0,1.1473127431577865,1748,1754,0.0,0.0,0.0,50,0,0,0,10,0.0,zero,unstable
hybrid,morgan_bit_1735,morgan_bit,10,50,0,0.0,0,0.0,0,0.0,1751.1,1751.0,1.1473127431577865,1749,1755,0.0,0.0,0.0,50,0,0,0,10,0.0,zero,unstable
hybrid,morgan_bit_1736,morgan_bit,10,50,0,0.0,0,0.0,0,0.0,1752.1,1752.0,1.1473127431577865,1750,1756,0.0,0.0,0.0,50,0,0,0,10,0.0,zero,unstable
hybrid,morgan_bit_1737,morgan_bit,10,50,0,0.0,0,0.0,0,0.0,1753.1,1753.0,1.1473127431577865,1751,1757,0.0,0.0,0.0,50,0,0,0,10,0.0,zero,unstable
hybrid,morgan_bit_1738,morgan_bit,10,50,0,0.0,0,0.0,0,0.0,1480.84,1754.0,632.0877735484113,35,1758,0.005293030199579294,0.01546717116897635,0.0002554654918194147,42,7,7,0,3,1.0,positive,unstable
hybrid,morgan_bit_1739,morgan_bit,10,50,0,0.0,0,0.0,0,0.0,1754.94,1755.0,1.0768434597167287,1753,1759,0.0,0.0,0.0,50,0,0,0,10,0.0,zero,unstable
hybrid,morgan_bit_1740,morgan_bit,10,50,0,0.0,0,0.0,0,0.0,1755.94,1756.0,1.0768434597167287,1754,1760,0.0,0.0,0.0,50,0,0,0,10,0.0,zero,unstable
hybrid,morgan_bit_1741,morgan_bit,10,50,0,0.0,0,0.0,0,0.0,1756.94,1757.0,1.0768434597167287,1755,1761,0.0,0.0,0.0,50,0,0,0,10,0.0,zero,unstable
hybrid,morgan_bit_1742,morgan_bit,10,50,0,0.0,0,0.0,0,0.0,1757.94,1758.0,1.0768434597167287,1756,1762,0.0,0.0,0.0,50,0,0,0,10,0.0,zero,unstable
hybrid,morgan_bit_1743,morgan_bit,10,50,0,0.0,0,0.0,0,0.0,1758.94,1759.0,1.0768434597167287,1757,1763,0.0,0.0,0.0,50,0,0,0,10,0.0,zero,unstable
hybrid,morgan_bit_1744,morgan_bit,10,50,0,0.0,0,0.0,0,0.0,1759.94,1760.0,1.0768434597167287,1758,1764,0.0,0.0,0.0,50,0,0,0,10,0.0,zero,unstable
hybrid,morgan_bit_1745,morgan_bit,10,50,0,0.0,0,0.0,0,0.0,1760.94,1761.0,1.0768434597167287,1759,1765,0.0,0.0,0.0,50,0,0,0,10,0.0,zero,unstable
hybrid,morgan_bit_1746,morgan_bit,10,50,0,0.0,0,0.0,0,0.0,1761.94,1762.0,1.0768434597167287,1760,1766,0.0,0.0,0.0,50,0,0,0,10,0.0,zero,unstable
hybrid,morgan_bit_1747,morgan_bit,10,50,0,0.0,0,0.0,0,0.0,1762.94,1763.0,1.0768434597167287,1761,1767,0.0,0.0,0.0,50,0,0,0,10,0.0,zero,unstable
hybrid,morgan_bit_1748,morgan_bit,10,50,0,0.0,0,0.0,0,0.0,1763.94,1764.0,1.0768434597167287,1762,1768,0.0,0.0,0.0,50,0,0,0,10,0.0,zero,unstable
hybrid,morgan_bit_1749,morgan_bit,10,50,0,0.0,0,0.0,0,0.0,1764.94,1765.0,1.0768434597167287,1763,1769,0.0,0.0,0.0,50,0,0,0,10,0.0,zero,unstable
hybrid,morgan_bit_1750,morgan_bit,10,50,0,0.0,0,0.0,0,0.0,1389.96,1765.0,714.6180072783856,49,1768,0.002993198893277939,0.005858001577910023,0.00013274515223588623,39,7,6,1,3,0.8571428571428571,positive,unstable
hybrid,morgan_bit_1751,morgan_bit,10,50,0,0.0,0,0.0,0,0.0,1766.72,1767.0,0.9484681527255905,1765,1770,0.0,0.0,0.0,50,0,0,0,10,0.0,zero,unstable
hybrid,morgan_bit_1752,morgan_bit,10,50,0,0.0,0,0.0,0,0.0,1767.72,1768.0,0.9484681527255905,1766,1771,0.0,0.0,0.0,50,0,0,0,10,0.0,zero,unstable
hybrid,morgan_bit_1753,morgan_bit,10,50,0,0.0,0,0.0,0,0.0,1768.72,1769.0,0.9484681527255905,1767,1772,0.0,0.0,0.0,50,0,0,0,10,0.0,zero,unstable
hybrid,morgan_bit_1754,morgan_bit,10,50,0,0.0,0,0.0,0,0.0,1769.72,1770.0,0.9484681527255905,1768,1773,0.0,0.0,0.0,50,0,0,0,10,0.0,zero,unstable
hybrid,morgan_bit_1755,morgan_bit,10,50,0,0.0,0,0.0,0,0.0,1770.72,1771.0,0.9484681527255905,1769,1774,0.0,0.0,0.0,50,0,0,0,10,0.0,zero,unstable
hybrid,morgan_bit_1756,morgan_bit,10,50,0,0.0,0,0.0,0,0.0,1771.72,1772.0,0.9484681527255905,1770,1775,0.0,0.0,0.0,50,0,0,0,10,0.0,zero,unstable
hybrid,morgan_bit_1757,morgan_bit,10,50,0,0.0,0,0.0,0,0.0,1772.72,1773.0,0.9484681527255905,1771,1776,0.0,0.0,0.0,50,0,0,0,10,0.0,zero,unstable
hybrid,morgan_bit_1758,morgan_bit,10,50,0,0.0,0,0.0,0,0.0,1773.72,1774.0,0.9484681527255905,1772,1777,0.0,0.0,0.0,50,0,0,0,10,0.0,zero,unstable
hybrid,morgan_bit_1759,morgan_bit,10,50,0,0.0,0,0.0,0,0.0,1774.72,1775.0,0.9484681527255905,1773,1778,0.0,0.0,0.0,50,0,0,0,10,0.0,zero,unstable
hybrid,morgan_bit_1760,morgan_bit,10,50,0,0.0,0,0.0,0,0.0,1775.72,1776.0,0.9484681527255905,1774,1779,0.0,0.0,0.0,50,0,0,0,10,0.0,zero,unstable
hybrid,morgan_bit_1761,morgan_bit,10,50,0,0.0,0,0.0,0,0.0,1776.72,1777.0,0.9484681527255905,1775,1780,0.0,0.0,0.0,50,0,0,0,10,0.0,zero,unstable
hybrid,morgan_bit_1762,morgan_bit,10,50,0,0.0,0,0.0,0,0.0,1777.72,1778.0,0.9484681527255905,1776,1781,0.0,0.0,0.0,50,0,0,0,10,0.0,zero,unstable
hybrid,morgan_bit_1763,morgan_bit,10,50,0,0.0,0,0.0,0,0.0,1778.72,1779.0,0.9484681527255905,1777,1782,0.0,0.0,0.0,50,0,0,0,10,0.0,zero,unstable
hybrid,morgan_bit_1764,morgan_bit,10,50,0,0.0,0,0.0,0,0.0,1779.72,1780.0,0.9484681527255905,1778,1783,0.0,0.0,0.0,50,0,0,0,10,0.0,zero,unstable
hybrid,morgan_bit_1765,morgan_bit,10,50,0,0.0,0,0.0,0,0.0,1780.72,1781.0,0.9484681527255905,1779,1784,0.0,0.0,0.0,50,0,0,0,10,0.0,zero,unstable
hybrid,morgan_bit_1766,morgan_bit,10,50,0,0.0,0,0.0,0,0.0,1781.72,1782.0,0.9484681527255905,1780,1785,0.0,0.0,0.0,50,0,0,0,10,0.0,zero,unstable
hybrid,morgan_bit_1767,morgan_bit,10,50,0,0.0,0,0.0,0,0.0,1782.72,1783.0,0.9484681527255905,1781,1786,0.0,0.0,0.0,50,0,0,0,10,0.0,zero,unstable
hybrid,morgan_bit_1768,morgan_bit,10,50,0,0.0,0,0.0,0,0.0,1783.72,1784.0,0.9484681527255905,1782,1787,0.0,0.0,0.0,50,0,0,0,10,0.0,zero,unstable
hybrid,morgan_bit_1769,morgan_bit,10,50,0,0.0,0,0.0,0,0.0,1784.72,1785.0,0.9484681527255905,1783,1788,0.0,0.0,0.0,50,0,0,0,10,0.0,zero,unstable
hybrid,morgan_bit_1770,morgan_bit,10,50,0,0.0,0,0.0,0,0.0,1785.72,1786.0,0.9484681527255905,1784,1789,0.0,0.0,0.0,50,0,0,0,10,0.0,zero,unstable
hybrid,morgan_bit_1771,morgan_bit,10,50,0,0.0,0,0.0,0,0.0,1786.72,1787.0,0.9484681527255905,1785,1790,0.0,0.0,0.0,50,0,0,0,10,0.0,zero,unstable
hybrid,morgan_bit_1772,morgan_bit,10,50,0,0.0,0,0.0,0,0.0,1787.72,1788.0,0.9484681527255905,1786,1791,0.0,0.0,0.0,50,0,0,0,10,0.0,zero,unstable
hybrid,morgan_bit_1773,morgan_bit,10,50,0,0.0,0,0.0,0,0.0,1788.72,1789.0,0.9484681527255905,1787,1792,0.0,0.0,0.0,50,0,0,0,10,0.0,zero,unstable
hybrid,morgan_bit_1774,morgan_bit,10,50,0,0.0,0,0.0,0,0.0,1789.72,1790.0,0.9484681527255905,1788,1793,0.0,0.0,0.0,50,0,0,0,10,0.0,zero,unstable
hybrid,morgan_bit_1775,morgan_bit,10,50,0,0.0,0,0.0,0,0.0,1790.72,1791.0,0.9484681527255905,1789,1794,0.0,0.0,0.0,50,0,0,0,10,0.0,zero,unstable
hybrid,morgan_bit_1776,morgan_bit,10,50,0,0.0,0,0.0,0,0.0,1791.72,1792.0,0.9484681527255905,1790,1795,0.0,0.0,0.0,50,0,0,0,10,0.0,zero,unstable
hybrid,morgan_bit_1777,morgan_bit,10,50,0,0.0,0,0.0,0,0.0,1792.72,1793.0,0.9484681527255905,1791,1796,0.0,0.0,0.0,50,0,0,0,10,0.0,zero,unstable
hybrid,morgan_bit_1778,morgan_bit,10,50,0,0.0,0,0.0,0,0.0,1793.72,1794.0,0.9484681527255905,1792,1797,0.0,0.0,0.0,50,0,0,0,10,0.0,zero,unstable
hybrid,morgan_bit_1779,morgan_bit,10,50,0,0.0,0,0.0,0,0.0,1794.72,1795.0,0.9484681527255905,1793,1798,0.0,0.0,0.0,50,0,0,0,10,0.0,zero,unstable
hybrid,morgan_bit_1780,morgan_bit,10,50,0,0.0,0,0.0,0,0.0,1795.72,1796.0,0.9484681527255905,1794,1799,0.0,0.0,0.0,50,0,0,0,10,0.0,zero,unstable
hybrid,morgan_bit_1781,morgan_bit,10,50,0,0.0,0,0.0,0,0.0,1796.72,1797.0,0.9484681527255905,1795,1800,0.0,0.0,0.0,50,0,0,0,10,0.0,zero,unstable
hybrid,morgan_bit_1782,morgan_bit,10,50,0,0.0,0,0.0,0,0.0,1797.72,1798.0,0.9484681527255905,1796,1801,0.0,0.0,0.0,50,0,0,0,10,0.0,zero,unstable
hybrid,morgan_bit_1783,morgan_bit,10,50,0,0.0,0,0.0,0,0.0,1798.72,1799.0,0.9484681527255905,1797,1802,0.0,0.0,0.0,50,0,0,0,10,0.0,zero,unstable
hybrid,morgan_bit_1784,morgan_bit,10,50,0,0.0,0,0.0,0,0.0,1799.72,1800.0,0.9484681527255905,1798,1803,0.0,0.0,0.0,50,0,0,0,10,0.0,zero,unstable
hybrid,morgan_bit_1785,morgan_bit,10,50,0,0.0,0,0.0,0,0.0,1800.72,1801.0,0.9484681527255905,1799,1804,0.0,0.0,0.0,50,0,0,0,10,0.0,zero,unstable
hybrid,morgan_bit_1786,morgan_bit,10,50,0,0.0,0,0.0,0,0.0,1801.72,1802.0,0.9484681527255905,1800,1805,0.0,0.0,0.0,50,0,0,0,10,0.0,zero,unstable
hybrid,morgan_bit_1787,morgan_bit,10,50,0,0.0,0,0.0,0,0.0,1802.72,1803.0,0.9484681527255905,1801,1806,0.0,0.0,0.0,50,0,0,0,10,0.0,zero,unstable
hybrid,morgan_bit_1788,morgan_bit,10,50,0,0.0,0,0.0,0,0.0,1803.72,1804.0,0.9484681527255905,1802,1807,0.0,0.0,0.0,50,0,0,0,10,0.0,zero,unstable
hybrid,morgan_bit_1789,morgan_bit,10,50,0,0.0,0,0.0,0,0.0,1804.72,1805.0,0.9484681527255905,1803,1808,0.0,0.0,0.0,50,0,0,0,10,0.0,zero,unstable
hybrid,morgan_bit_1790,morgan_bit,10,50,0,0.0,0,0.0,0,0.0,1805.72,1806.0,0.9484681527255905,1804,1809,0.0,0.0,0.0,50,0,0,0,10,0.0,zero,unstable
hybrid,morgan_bit_1791,morgan_bit,10,50,0,0.0,0,0.0,0,0.0,1806.72,1807.0,0.9484681527255905,1805,1810,0.0,0.0,0.0,50,0,0,0,10,0.0,zero,unstable
hybrid,morgan_bit_1792,morgan_bit,10,50,0,0.0,0,0.0,0,0.0,1807.72,1808.0,0.9484681527255905,1806,1811,0.0,0.0,0.0,50,0,0,0,10,0.0,zero,unstable
hybrid,morgan_bit_1793,morgan_bit,10,50,0,0.0,0,0.0,0,0.0,1808.72,1809.0,0.9484681527255905,1807,1812,0.0,0.0,0.0,50,0,0,0,10,0.0,zero,unstable
hybrid,morgan_bit_1794,morgan_bit,10,50,0,0.0,0,0.0,0,0.0,1809.72,1810.0,0.9484681527255905,1808,1813,0.0,0.0,0.0,50,0,0,0,10,0.0,zero,unstable
hybrid,morgan_bit_1795,morgan_bit,10,50,0,0.0,0,0.0,0,0.0,1810.72,1811.0,0.9484681527255905,1809,1814,0.0,0.0,0.0,50,0,0,0,10,0.0,zero,unstable
hybrid,morgan_bit_1796,morgan_bit,10,50,0,0.0,0,0.0,0,0.0,1811.72,1812.0,0.9484681527255905,1810,1815,0.0,0.0,0.0,50,0,0,0,10,0.0,zero,unstable
hybrid,morgan_bit_1797,morgan_bit,10,50,0,0.0,0,0.0,0,0.0,1812.72,1813.0,0.9484681527255905,1811,1816,0.0,0.0,0.0,50,0,0,0,10,0.0,zero,unstable
hybrid,morgan_bit_1798,morgan_bit,10,50,0,0.0,0,0.0,0,0.0,1813.72,1814.0,0.9484681527255905,1812,1817,0.0,0.0,0.0,50,0,0,0,10,0.0,zero,unstable
hybrid,morgan_bit_1799,morgan_bit,10,50,0,0.0,0,0.0,0,0.0,1814.72,1815.0,0.9484681527255905,1813,1818,0.0,0.0,0.0,50,0,0,0,10,0.0,zero,unstable
hybrid,morgan_bit_1800,morgan_bit,10,50,0,0.0,0,0.0,0,0.0,1815.72,1816.0,0.9484681527255905,1814,1819,0.0,0.0,0.0,50,0,0,0,10,0.0,zero,unstable
hybrid,morgan_bit_1801,morgan_bit,10,50,0,0.0,0,0.0,0,0.0,1816.72,1817.0,0.9484681527255905,1815,1820,0.0,0.0,0.0,50,0,0,0,10,0.0,zero,unstable
hybrid,morgan_bit_1802,morgan_bit,10,50,0,0.0,0,0.0,0,0.0,1782.84,1818.0,246.45588751295008,75,1821,4.8371581407973e-05,0.00034203873230294834,-2.6932471445974357e-05,49,1,0,1,9,1.0,negative,unstable
hybrid,morgan_bit_1803,morgan_bit,10,50,0,0.0,0,0.0,0,0.0,1818.7,1819.0,0.9313146293146642,1817,1822,0.0,0.0,0.0,50,0,0,0,10,0.0,zero,unstable
hybrid,morgan_bit_1804,morgan_bit,10,50,0,0.0,0,0.0,0,0.0,1819.7,1820.0,0.9313146293146642,1818,1823,0.0,0.0,0.0,50,0,0,0,10,0.0,zero,unstable
hybrid,morgan_bit_1805,morgan_bit,10,50,0,0.0,0,0.0,0,0.0,1820.7,1821.0,0.9313146293146642,1819,1824,0.0,0.0,0.0,50,0,0,0,10,0.0,zero,unstable
hybrid,morgan_bit_1806,morgan_bit,10,50,0,0.0,0,0.0,0,0.0,1821.7,1822.0,0.9313146293146642,1820,1825,0.0,0.0,0.0,50,0,0,0,10,0.0,zero,unstable
hybrid,morgan_bit_1807,morgan_bit,10,50,0,0.0,0,0.0,0,0.0,1822.7,1823.0,0.9313146293146642,1821,1826,0.0,0.0,0.0,50,0,0,0,10,0.0,zero,unstable
hybrid,morgan_bit_1808,morgan_bit,10,50,0,0.0,0,0.0,0,0.0,1823.7,1824.0,0.9313146293146642,1822,1827,0.0,0.0,0.0,50,0,0,0,10,0.0,zero,unstable
hybrid,morgan_bit_1809,morgan_bit,10,50,0,0.0,0,0.0,0,0.0,1824.7,1825.0,0.9313146293146642,1823,1828,0.0,0.0,0.0,50,0,0,0,10,0.0,zero,unstable
hybrid,morgan_bit_1810,morgan_bit,10,50,0,0.0,0,0.0,0,0.0,1825.7,1826.0,0.9313146293146642,1824,1829,0.0,0.0,0.0,50,0,0,0,10,0.0,zero,unstable
hybrid,morgan_bit_1811,morgan_bit,10,50,0,0.0,0,0.0,0,0.0,1826.7,1827.0,0.9313146293146642,1825,1830,0.0,0.0,0.0,50,0,0,0,10,0.0,zero,unstable
hybrid,morgan_bit_1812,morgan_bit,10,50,0,0.0,0,0.0,0,0.0,1827.7,1828.0,0.9313146293146642,1826,1831,0.0,0.0,0.0,50,0,0,0,10,0.0,zero,unstable
hybrid,morgan_bit_1813,morgan_bit,10,50,0,0.0,0,0.0,0,0.0,1828.7,1829.0,0.9313146293146642,1827,1832,0.0,0.0,0.0,50,0,0,0,10,0.0,zero,unstable
hybrid,morgan_bit_1814,morgan_bit,10,50,0,0.0,0,0.0,0,0.0,1829.7,1830.0,0.9313146293146642,1828,1833,0.0,0.0,0.0,50,0,0,0,10,0.0,zero,unstable
hybrid,morgan_bit_1815,morgan_bit,10,50,0,0.0,0,0.0,0,0.0,1830.7,1831.0,0.9313146293146642,1829,1834,0.0,0.0,0.0,50,0,0,0,10,0.0,zero,unstable
hybrid,morgan_bit_1816,morgan_bit,10,50,0,0.0,0,0.0,0,0.0,1831.7,1832.0,0.9313146293146642,1830,1835,0.0,0.0,0.0,50,0,0,0,10,0.0,zero,unstable
hybrid,morgan_bit_1817,morgan_bit,10,50,0,0.0,0,0.0,0,0.0,1832.7,1833.0,0.9313146293146642,1831,1836,0.0,0.0,0.0,50,0,0,0,10,0.0,zero,unstable
hybrid,morgan_bit_1818,morgan_bit,10,50,0,0.0,0,0.0,0,0.0,1833.7,1834.0,0.9313146293146642,1832,1837,0.0,0.0,0.0,50,0,0,0,10,0.0,zero,unstable
hybrid,morgan_bit_1819,morgan_bit,10,50,0,0.0,0,0.0,0,0.0,1834.7,1835.0,0.9313146293146642,1833,1838,0.0,0.0,0.0,50,0,0,0,10,0.0,zero,unstable
hybrid,morgan_bit_1820,morgan_bit,10,50,0,0.0,0,0.0,0,0.0,1835.7,1836.0,0.9313146293146642,1834,1839,0.0,0.0,0.0,50,0,0,0,10,0.0,zero,unstable
hybrid,morgan_bit_1821,morgan_bit,10,50,0,0.0,0,0.0,0,0.0,1836.7,1837.0,0.9313146293146642,1835,1840,0.0,0.0,0.0,50,0,0,0,10,0.0,zero,unstable
hybrid,morgan_bit_1822,morgan_bit,10,50,0,0.0,0,0.0,0,0.0,1837.7,1838.0,0.9313146293146642,1836,1841,0.0,0.0,0.0,50,0,0,0,10,0.0,zero,unstable
hybrid,morgan_bit_1823,morgan_bit,10,50,0,0.0,0,0.0,0,0.0,1838.7,1839.0,0.9313146293146642,1837,1842,0.0,0.0,0.0,50,0,0,0,10,0.0,zero,unstable
hybrid,morgan_bit_1824,morgan_bit,10,50,0,0.0,0,0.0,0,0.0,1839.7,1840.0,0.9313146293146642,1838,1843,0.0,0.0,0.0,50,0,0,0,10,0.0,zero,unstable
hybrid,morgan_bit_1825,morgan_bit,10,50,0,0.0,0,0.0,0,0.0,1840.7,1841.0,0.9313146293146642,1839,1844,0.0,0.0,0.0,50,0,0,0,10,0.0,zero,unstable
hybrid,morgan_bit_1826,morgan_bit,10,50,0,0.0,0,0.0,0,0.0,1841.7,1842.0,0.9313146293146642,1840,1845,0.0,0.0,0.0,50,0,0,0,10,0.0,zero,unstable
hybrid,morgan_bit_1827,morgan_bit,10,50,0,0.0,0,0.0,0,0.0,1842.7,1843.0,0.9313146293146642,1841,1846,0.0,0.0,0.0,50,0,0,0,10,0.0,zero,unstable
hybrid,morgan_bit_1828,morgan_bit,10,50,0,0.0,0,0.0,0,0.0,1843.7,1844.0,0.9313146293146642,1842,1847,0.0,0.0,0.0,50,0,0,0,10,0.0,zero,unstable
hybrid,morgan_bit_1829,morgan_bit,10,50,0,0.0,0,0.0,0,0.0,1844.7,1845.0,0.9313146293146642,1843,1848,0.0,0.0,0.0,50,0,0,0,10,0.0,zero,unstable
hybrid,morgan_bit_1830,morgan_bit,10,50,0,0.0,0,0.0,0,0.0,1845.7,1846.0,0.9313146293146642,1844,1849,0.0,0.0,0.0,50,0,0,0,10,0.0,zero,unstable
hybrid,morgan_bit_1831,morgan_bit,10,50,0,0.0,0,0.0,0,0.0,1846.7,1847.0,0.9313146293146642,1845,1850,0.0,0.0,0.0,50,0,0,0,10,0.0,zero,unstable
hybrid,morgan_bit_1832,morgan_bit,10,50,0,0.0,0,0.0,0,0.0,1847.7,1848.0,0.9313146293146642,1846,1851,0.0,0.0,0.0,50,0,0,0,10,0.0,zero,unstable
hybrid,morgan_bit_1833,morgan_bit,10,50,0,0.0,0,0.0,0,0.0,1848.7,1849.0,0.9313146293146642,1847,1852,0.0,0.0,0.0,50,0,0,0,10,0.0,zero,unstable
hybrid,morgan_bit_1834,morgan_bit,10,50,0,0.0,0,0.0,0,0.0,1849.7,1850.0,0.9313146293146642,1848,1853,0.0,0.0,0.0,50,0,0,0,10,0.0,zero,unstable
hybrid,morgan_bit_1835,morgan_bit,10,50,0,0.0,0,0.0,0,0.0,1850.7,1851.0,0.9313146293146642,1849,1854,0.0,0.0,0.0,50,0,0,0,10,0.0,zero,unstable
hybrid,morgan_bit_1836,morgan_bit,10,50,0,0.0,0,0.0,0,0.0,1851.7,1852.0,0.9313146293146642,1850,1855,0.0,0.0,0.0,50,0,0,0,10,0.0,zero,unstable
hybrid,morgan_bit_1837,morgan_bit,10,50,0,0.0,0,0.0,0,0.0,1852.7,1853.0,0.9313146293146642,1851,1856,0.0,0.0,0.0,50,0,0,0,10,0.0,zero,unstable
hybrid,morgan_bit_1838,morgan_bit,10,50,0,0.0,0,0.0,0,0.0,1853.7,1854.0,0.9313146293146642,1852,1857,0.0,0.0,0.0,50,0,0,0,10,0.0,zero,unstable
hybrid,morgan_bit_1839,morgan_bit,10,50,0,0.0,0,0.0,0,0.0,1854.7,1855.0,0.9313146293146642,1853,1858,0.0,0.0,0.0,50,0,0,0,10,0.0,zero,unstable
hybrid,morgan_bit_1840,morgan_bit,10,50,0,0.0,0,0.0,0,0.0,1855.7,1856.0,0.9313146293146642,1854,1859,0.0,0.0,0.0,50,0,0,0,10,0.0,zero,unstable
hybrid,morgan_bit_1841,morgan_bit,10,50,0,0.0,0,0.0,0,0.0,1856.7,1857.0,0.9313146293146642,1855,1860,0.0,0.0,0.0,50,0,0,0,10,0.0,zero,unstable
hybrid,morgan_bit_1842,morgan_bit,10,50,0,0.0,0,0.0,0,0.0,1857.7,1858.0,0.9313146293146642,1856,1861,0.0,0.0,0.0,50,0,0,0,10,0.0,zero,unstable
hybrid,morgan_bit_1843,morgan_bit,10,50,0,0.0,0,0.0,0,0.0,1858.7,1859.0,0.9313146293146642,1857,1862,0.0,0.0,0.0,50,0,0,0,10,0.0,zero,unstable
hybrid,morgan_bit_1844,morgan_bit,10,50,0,0.0,0,0.0,0,0.0,1320.86,1859.0,831.2131289352243,53,1863,0.0019459539914594554,0.003516985417197306,-0.00022620325463760908,35,8,0,8,2,1.0,negative,unstable
hybrid,morgan_bit_1845,morgan_bit,10,50,0,0.0,0,0.0,0,0.0,1860.4,1860.0,0.9258200997725514,1859,1864,0.0,0.0,0.0,50,0,0,0,10,0.0,zero,unstable
hybrid,morgan_bit_1846,morgan_bit,10,50,0,0.0,0,0.0,0,0.0,1861.4,1861.0,0.9258200997725514,1860,1865,0.0,0.0,0.0,50,0,0,0,10,0.0,zero,unstable
hybrid,morgan_bit_1847,morgan_bit,10,50,0,0.0,0,0.0,0,0.0,1862.4,1862.0,0.9258200997725514,1861,1866,0.0,0.0,0.0,50,0,0,0,10,0.0,zero,unstable
hybrid,morgan_bit_1848,morgan_bit,10,50,0,0.0,0,0.0,0,0.0,1863.4,1863.0,0.9258200997725514,1862,1867,0.0,0.0,0.0,50,0,0,0,10,0.0,zero,unstable
hybrid,morgan_bit_1849,morgan_bit,10,50,0,0.0,0,0.0,0,0.0,1864.4,1864.0,0.9258200997725514,1863,1868,0.0,0.0,0.0,50,0,0,0,10,0.0,zero,unstable
hybrid,morgan_bit_1850,morgan_bit,10,50,0,0.0,0,0.0,0,0.0,1865.4,1865.0,0.9258200997725514,1864,1869,0.0,0.0,0.0,50,0,0,0,10,0.0,zero,unstable
hybrid,morgan_bit_1851,morgan_bit,10,50,0,0.0,0,0.0,0,0.0,1866.4,1866.0,0.9258200997725514,1865,1870,0.0,0.0,0.0,50,0,0,0,10,0.0,zero,unstable
hybrid,morgan_bit_1852,morgan_bit,10,50,0,0.0,0,0.0,0,0.0,1867.4,1867.0,0.9258200997725514,1866,1871,0.0,0.0,0.0,50,0,0,0,10,0.0,zero,unstable
hybrid,morgan_bit_1853,morgan_bit,10,50,0,0.0,0,0.0,0,0.0,1868.4,1868.0,0.9258200997725514,1867,1872,0.0,0.0,0.0,50,0,0,0,10,0.0,zero,unstable
hybrid,morgan_bit_1854,morgan_bit,10,50,0,0.0,0,0.0,0,0.0,1869.4,1869.0,0.9258200997725514,1868,1873,0.0,0.0,0.0,50,0,0,0,10,0.0,zero,unstable
hybrid,morgan_bit_1855,morgan_bit,10,50,0,0.0,0,0.0,0,0.0,1870.4,1870.0,0.9258200997725514,1869,1874,0.0,0.0,0.0,50,0,0,0,10,0.0,zero,unstable
hybrid,morgan_bit_1856,morgan_bit,10,50,0,0.0,0,0.0,0,0.0,1871.4,1871.0,0.9258200997725514,1870,1875,0.0,0.0,0.0,50,0,0,0,10,0.0,zero,unstable
hybrid,morgan_bit_1857,morgan_bit,10,50,0,0.0,0,0.0,0,0.0,1872.4,1872.0,0.9258200997725514,1871,1876,0.0,0.0,0.0,50,0,0,0,10,0.0,zero,unstable
hybrid,morgan_bit_1858,morgan_bit,10,50,0,0.0,0,0.0,0,0.0,1873.4,1873.0,0.9258200997725514,1872,1877,0.0,0.0,0.0,50,0,0,0,10,0.0,zero,unstable
hybrid,morgan_bit_1859,morgan_bit,10,50,0,0.0,0,0.0,0,0.0,1874.4,1874.0,0.9258200997725514,1873,1878,0.0,0.0,0.0,50,0,0,0,10,0.0,zero,unstable
hybrid,morgan_bit_1860,morgan_bit,10,50,0,0.0,0,0.0,0,0.0,1875.4,1875.0,0.9258200997725514,1874,1879,0.0,0.0,0.0,50,0,0,0,10,0.0,zero,unstable
hybrid,morgan_bit_1861,morgan_bit,10,50,0,0.0,0,0.0,0,0.0,1876.4,1876.0,0.9258200997725514,1875,1880,0.0,0.0,0.0,50,0,0,0,10,0.0,zero,unstable
hybrid,morgan_bit_1862,morgan_bit,10,50,0,0.0,0,0.0,0,0.0,1877.4,1877.0,0.9258200997725514,1876,1881,0.0,0.0,0.0,50,0,0,0,10,0.0,zero,unstable
hybrid,morgan_bit_1863,morgan_bit,10,50,0,0.0,0,0.0,0,0.0,1878.4,1878.0,0.9258200997725514,1877,1882,0.0,0.0,0.0,50,0,0,0,10,0.0,zero,unstable
hybrid,morgan_bit_1864,morgan_bit,10,50,0,0.0,0,0.0,0,0.0,1879.4,1879.0,0.9258200997725514,1878,1883,0.0,0.0,0.0,50,0,0,0,10,0.0,zero,unstable
hybrid,morgan_bit_1865,morgan_bit,10,50,0,0.0,0,0.0,0,0.0,1880.4,1880.0,0.9258200997725514,1879,1884,0.0,0.0,0.0,50,0,0,0,10,0.0,zero,unstable
hybrid,morgan_bit_1866,morgan_bit,10,50,0,0.0,0,0.0,0,0.0,1881.4,1881.0,0.9258200997725514,1880,1885,0.0,0.0,0.0,50,0,0,0,10,0.0,zero,unstable
hybrid,morgan_bit_1867,morgan_bit,10,50,0,0.0,0,0.0,0,0.0,1882.4,1882.0,0.9258200997725514,1881,1886,0.0,0.0,0.0,50,0,0,0,10,0.0,zero,unstable
hybrid,morgan_bit_1868,morgan_bit,10,50,0,0.0,0,0.0,0,0.0,1883.4,1883.0,0.9258200997725514,1882,1887,0.0,0.0,0.0,50,0,0,0,10,0.0,zero,unstable
hybrid,morgan_bit_1869,morgan_bit,10,50,0,0.0,0,0.0,0,0.0,1884.4,1884.0,0.9258200997725514,1883,1888,0.0,0.0,0.0,50,0,0,0,10,0.0,zero,unstable
hybrid,morgan_bit_1870,morgan_bit,10,50,0,0.0,0,0.0,0,0.0,1885.4,1885.0,0.9258200997725514,1884,1889,0.0,0.0,0.0,50,0,0,0,10,0.0,zero,unstable
hybrid,morgan_bit_1871,morgan_bit,10,50,0,0.0,0,0.0,0,0.0,1886.4,1886.0,0.9258200997725514,1885,1890,0.0,0.0,0.0,50,0,0,0,10,0.0,zero,unstable
hybrid,morgan_bit_1872,morgan_bit,10,50,0,0.0,0,0.0,0,0.0,1887.4,1887.0,0.9258200997725514,1886,1891,0.0,0.0,0.0,50,0,0,0,10,0.0,zero,unstable
hybrid,morgan_bit_1873,morgan_bit,10,50,0,0.0,0,0.0,0,0.0,1372.72,1888.0,834.7767155940318,36,1889,0.009298646904456843,0.018203488543665835,-0.00033159118516978684,36,10,4,6,0,0.6,negative,unstable
hybrid,morgan_bit_1874,morgan_bit,10,50,0,0.0,0,0.0,0,0.0,1889.12,1889.0,0.7461465632686054,1888,1892,0.0,0.0,0.0,50,0,0,0,10,0.0,zero,unstable
hybrid,morgan_bit_1875,morgan_bit,10,50,0,0.0,0,0.0,0,0.0,1890.12,1890.0,0.7461465632686054,1889,1893,0.0,0.0,0.0,50,0,0,0,10,0.0,zero,unstable
hybrid,morgan_bit_1876,morgan_bit,10,50,0,0.0,0,0.0,0,0.0,1891.12,1891.0,0.7461465632686054,1890,1894,0.0,0.0,0.0,50,0,0,0,10,0.0,zero,unstable
hybrid,morgan_bit_1877,morgan_bit,10,50,0,0.0,0,0.0,0,0.0,1892.12,1892.0,0.7461465632686054,1891,1895,0.0,0.0,0.0,50,0,0,0,10,0.0,zero,unstable
hybrid,morgan_bit_1878,morgan_bit,10,50,0,0.0,0,0.0,0,0.0,1893.12,1893.0,0.7461465632686054,1892,1896,0.0,0.0,0.0,50,0,0,0,10,0.0,zero,unstable
hybrid,morgan_bit_1879,morgan_bit,10,50,0,0.0,0,0.0,0,0.0,1894.12,1894.0,0.7461465632686054,1893,1897,0.0,0.0,0.0,50,0,0,0,10,0.0,zero,unstable
hybrid,morgan_bit_1880,morgan_bit,10,50,0,0.0,0,0.0,0,0.0,1895.12,1895.0,0.7461465632686054,1894,1898,0.0,0.0,0.0,50,0,0,0,10,0.0,zero,unstable
hybrid,morgan_bit_1881,morgan_bit,10,50,0,0.0,0,0.0,0,0.0,1896.12,1896.0,0.7461465632686054,1895,1899,0.0,0.0,0.0,50,0,0,0,10,0.0,zero,unstable
hybrid,morgan_bit_1882,morgan_bit,10,50,0,0.0,0,0.0,0,0.0,1897.12,1897.0,0.7461465632686054,1896,1900,0.0,0.0,0.0,50,0,0,0,10,0.0,zero,unstable
hybrid,morgan_bit_1883,morgan_bit,10,50,0,0.0,0,0.0,0,0.0,1898.12,1898.0,0.7461465632686054,1897,1901,0.0,0.0,0.0,50,0,0,0,10,0.0,zero,unstable
hybrid,morgan_bit_1884,morgan_bit,10,50,0,0.0,0,0.0,0,0.0,1899.12,1899.0,0.7461465632686054,1898,1902,0.0,0.0,0.0,50,0,0,0,10,0.0,zero,unstable
hybrid,morgan_bit_1885,morgan_bit,10,50,0,0.0,0,0.0,0,0.0,1900.12,1900.0,0.7461465632686054,1899,1903,0.0,0.0,0.0,50,0,0,0,10,0.0,zero,unstable
hybrid,morgan_bit_1886,morgan_bit,10,50,0,0.0,0,0.0,0,0.0,1901.12,1901.0,0.7461465632686054,1900,1904,0.0,0.0,0.0,50,0,0,0,10,0.0,zero,unstable
hybrid,morgan_bit_1887,morgan_bit,10,50,0,0.0,0,0.0,0,0.0,1902.12,1902.0,0.7461465632686054,1901,1905,0.0,0.0,0.0,50,0,0,0,10,0.0,zero,unstable
hybrid,morgan_bit_1888,morgan_bit,10,50,0,0.0,0,0.0,0,0.0,1903.12,1903.0,0.7461465632686054,1902,1906,0.0,0.0,0.0,50,0,0,0,10,0.0,zero,unstable
hybrid,morgan_bit_1889,morgan_bit,10,50,0,0.0,0,0.0,0,0.0,1904.12,1904.0,0.7461465632686054,1903,1907,0.0,0.0,0.0,50,0,0,0,10,0.0,zero,unstable
hybrid,morgan_bit_1890,morgan_bit,10,50,0,0.0,0,0.0,0,0.0,1905.12,1905.0,0.7461465632686054,1904,1908,0.0,0.0,0.0,50,0,0,0,10,0.0,zero,unstable
hybrid,morgan_bit_1891,morgan_bit,10,50,0,0.0,0,0.0,0,0.0,1906.12,1906.0,0.7461465632686054,1905,1909,0.0,0.0,0.0,50,0,0,0,10,0.0,zero,unstable
hybrid,morgan_bit_1892,morgan_bit,10,50,0,0.0,0,0.0,0,0.0,1907.12,1907.0,0.7461465632686054,1906,1910,0.0,0.0,0.0,50,0,0,0,10,0.0,zero,unstable
hybrid,morgan_bit_1893,morgan_bit,10,50,0,0.0,0,0.0,0,0.0,1908.12,1908.0,0.7461465632686054,1907,1911,0.0,0.0,0.0,50,0,0,0,10,0.0,zero,unstable
hybrid,morgan_bit_1894,morgan_bit,10,50,0,0.0,0,0.0,0,0.0,1909.12,1909.0,0.7461465632686054,1908,1912,0.0,0.0,0.0,50,0,0,0,10,0.0,zero,unstable
hybrid,morgan_bit_1895,morgan_bit,10,50,0,0.0,0,0.0,0,0.0,1910.12,1910.0,0.7461465632686054,1909,1913,0.0,0.0,0.0,50,0,0,0,10,0.0,zero,unstable
hybrid,morgan_bit_1896,morgan_bit,10,50,0,0.0,0,0.0,0,0.0,1911.12,1911.0,0.7461465632686054,1910,1914,0.0,0.0,0.0,50,0,0,0,10,0.0,zero,unstable
hybrid,morgan_bit_1897,morgan_bit,10,50,0,0.0,0,0.0,0,0.0,1912.12,1912.0,0.7461465632686054,1911,1915,0.0,0.0,0.0,50,0,0,0,10,0.0,zero,unstable
hybrid,morgan_bit_1898,morgan_bit,10,50,0,0.0,0,0.0,0,0.0,1913.12,1913.0,0.7461465632686054,1912,1916,0.0,0.0,0.0,50,0,0,0,10,0.0,zero,unstable
hybrid,morgan_bit_1899,morgan_bit,10,50,0,0.0,0,0.0,0,0.0,1914.12,1914.0,0.7461465632686054,1913,1917,0.0,0.0,0.0,50,0,0,0,10,0.0,zero,unstable
hybrid,morgan_bit_1900,morgan_bit,10,50,0,0.0,0,0.0,0,0.0,1915.12,1915.0,0.7461465632686054,1914,1918,0.0,0.0,0.0,50,0,0,0,10,0.0,zero,unstable
hybrid,morgan_bit_1901,morgan_bit,10,50,0,0.0,0,0.0,0,0.0,1916.12,1916.0,0.7461465632686054,1915,1919,0.0,0.0,0.0,50,0,0,0,10,0.0,zero,unstable
hybrid,morgan_bit_1902,morgan_bit,10,50,0,0.0,0,0.0,0,0.0,1917.12,1917.0,0.7461465632686054,1916,1920,0.0,0.0,0.0,50,0,0,0,10,0.0,zero,unstable
hybrid,morgan_bit_1903,morgan_bit,10,50,0,0.0,0,0.0,0,0.0,1918.12,1918.0,0.7461465632686054,1917,1921,0.0,0.0,0.0,50,0,0,0,10,0.0,zero,unstable
hybrid,morgan_bit_1904,morgan_bit,10,50,0,0.0,0,0.0,0,0.0,1919.12,1919.0,0.7461465632686054,1918,1922,0.0,0.0,0.0,50,0,0,0,10,0.0,zero,unstable
hybrid,morgan_bit_1905,morgan_bit,10,50,0,0.0,0,0.0,0,0.0,1920.12,1920.0,0.7461465632686054,1919,1923,0.0,0.0,0.0,50,0,0,0,10,0.0,zero,unstable
hybrid,morgan_bit_1906,morgan_bit,10,50,0,0.0,0,0.0,0,0.0,1921.12,1921.0,0.7461465632686054,1920,1924,0.0,0.0,0.0,50,0,0,0,10,0.0,zero,unstable
hybrid,morgan_bit_1907,morgan_bit,10,50,0,0.0,0,0.0,0,0.0,1922.12,1922.0,0.7461465632686054,1921,1925,0.0,0.0,0.0,50,0,0,0,10,0.0,zero,unstable
hybrid,morgan_bit_1908,morgan_bit,10,50,0,0.0,0,0.0,0,0.0,1923.12,1923.0,0.7461465632686054,1922,1926,0.0,0.0,0.0,50,0,0,0,10,0.0,zero,unstable
hybrid,morgan_bit_1909,morgan_bit,10,50,0,0.0,0,0.0,0,0.0,1924.12,1924.0,0.7461465632686054,1923,1927,0.0,0.0,0.0,50,0,0,0,10,0.0,zero,unstable
hybrid,morgan_bit_1910,morgan_bit,10,50,0,0.0,0,0.0,0,0.0,1925.12,1925.0,0.7461465632686054,1924,1928,0.0,0.0,0.0,50,0,0,0,10,0.0,zero,unstable
hybrid,morgan_bit_1911,morgan_bit,10,50,0,0.0,0,0.0,0,0.0,832.32,59.5,939.9461651974478,21,1926,0.04923540926497566,0.07665524078217596,8.522424309360354e-05,21,10,5,5,0,0.5,zero,unstable
hybrid,morgan_bit_1912,morgan_bit,10,50,0,0.0,0,0.0,0,0.0,1926.54,1927.0,0.6764251772429551,1925,1929,0.0,0.0,0.0,50,0,0,0,10,0.0,zero,unstable
hybrid,morgan_bit_1913,morgan_bit,10,50,0,0.0,0,0.0,0,0.0,1927.54,1928.0,0.6764251772429551,1926,1930,0.0,0.0,0.0,50,0,0,0,10,0.0,zero,unstable
hybrid,morgan_bit_1914,morgan_bit,10,50,0,0.0,0,0.0,0,0.0,1928.54,1929.0,0.6764251772429551,1927,1931,0.0,0.0,0.0,50,0,0,0,10,0.0,zero,unstable
hybrid,morgan_bit_1915,morgan_bit,10,50,0,0.0,0,0.0,0,0.0,1929.54,1930.0,0.6764251772429551,1928,1932,0.0,0.0,0.0,50,0,0,0,10,0.0,zero,unstable
hybrid,morgan_bit_1916,morgan_bit,10,50,0,0.0,0,0.0,0,0.0,1930.54,1931.0,0.6764251772429551,1929,1933,0.0,0.0,0.0,50,0,0,0,10,0.0,zero,unstable
hybrid,morgan_bit_1917,morgan_bit,10,50,0,0.0,0,0.0,0,0.0,988.1,1002.0,952.6418743768963,25,1932,0.02741745143691668,0.050018557051218014,-0.0005618659993088808,25,10,3,7,0,0.7,negative,unstable
hybrid,morgan_bit_1918,morgan_bit,10,50,0,0.0,0,0.0,0,0.0,1932.04,1932.0,0.5329930887479323,1931,1934,0.0,0.0,0.0,50,0,0,0,10,0.0,zero,unstable
hybrid,morgan_bit_1919,morgan_bit,10,50,0,0.0,0,0.0,0,0.0,1933.04,1933.0,0.5329930887479323,1932,1935,0.0,0.0,0.0,50,0,0,0,10,0.0,zero,unstable
hybrid,morgan_bit_1920,morgan_bit,10,50,0,0.0,0,0.0,0,0.0,1934.04,1934.0,0.5329930887479323,1933,1936,0.0,0.0,0.0,50,0,0,0,10,0.0,zero,unstable
hybrid,morgan_bit_1921,morgan_bit,10,50,0,0.0,0,0.0,0,0.0,1935.04,1935.0,0.5329930887479323,1934,1937,0.0,0.0,0.0,50,0,0,0,10,0.0,zero,unstable
hybrid,morgan_bit_1922,morgan_bit,10,50,0,0.0,0,0.0,0,0.0,1936.04,1936.0,0.5329930887479323,1935,1938,0.0,0.0,0.0,50,0,0,0,10,0.0,zero,unstable
hybrid,morgan_bit_1923,morgan_bit,10,50,0,0.0,0,0.0,0,0.0,1937.04,1937.0,0.5329930887479323,1936,1939,0.0,0.0,0.0,50,0,0,0,10,0.0,zero,unstable
hybrid,morgan_bit_1924,morgan_bit,10,50,0,0.0,0,0.0,0,0.0,1938.04,1938.0,0.5329930887479323,1937,1940,0.0,0.0,0.0,50,0,0,0,10,0.0,zero,unstable
hybrid,morgan_bit_1925,morgan_bit,10,50,0,0.0,0,0.0,0,0.0,1939.04,1939.0,0.5329930887479323,1938,1941,0.0,0.0,0.0,50,0,0,0,10,0.0,zero,unstable
hybrid,morgan_bit_1926,morgan_bit,10,50,0,0.0,0,0.0,0,0.0,1940.04,1940.0,0.5329930887479323,1939,1942,0.0,0.0,0.0,50,0,0,0,10,0.0,zero,unstable
hybrid,morgan_bit_1927,morgan_bit,10,50,0,0.0,0,0.0,0,0.0,1903.6,1941.0,264.6027442127121,70,1943,4.3737556074740574e-05,0.00030927122492975935,2.174052652079246e-05,49,1,1,0,9,1.0,positive,unstable
hybrid,morgan_bit_1928,morgan_bit,10,50,0,0.0,11,0.22,34,0.68,132.5,15.0,461.6159394022309,6,1941,0.41754290890856305,0.2773673530480141,-0.01751450875818938,3,10,0,10,0,1.0,negative,unstable
hybrid,morgan_bit_1929,morgan_bit,10,50,0,0.0,0,0.0,0,0.0,1942.08,1942.0,0.4444671196029727,1941,1944,0.0,0.0,0.0,50,0,0,0,10,0.0,zero,unstable
hybrid,morgan_bit_1930,morgan_bit,10,50,0,0.0,0,0.0,0,0.0,1943.08,1943.0,0.4444671196029727,1942,1945,0.0,0.0,0.0,50,0,0,0,10,0.0,zero,unstable
hybrid,morgan_bit_1931,morgan_bit,10,50,0,0.0,0,0.0,0,0.0,1944.08,1944.0,0.4444671196029727,1943,1946,0.0,0.0,0.0,50,0,0,0,10,0.0,zero,unstable
hybrid,morgan_bit_1932,morgan_bit,10,50,0,0.0,0,0.0,0,0.0,1945.08,1945.0,0.4444671196029727,1944,1947,0.0,0.0,0.0,50,0,0,0,10,0.0,zero,unstable
hybrid,morgan_bit_1933,morgan_bit,10,50,0,0.0,0,0.0,0,0.0,1946.08,1946.0,0.4444671196029727,1945,1948,0.0,0.0,0.0,50,0,0,0,10,0.0,zero,unstable
hybrid,morgan_bit_1934,morgan_bit,10,50,0,0.0,0,0.0,0,0.0,1947.08,1947.0,0.4444671196029727,1946,1949,0.0,0.0,0.0,50,0,0,0,10,0.0,zero,unstable
hybrid,morgan_bit_1935,morgan_bit,10,50,0,0.0,0,0.0,0,0.0,1948.08,1948.0,0.4444671196029727,1947,1950,0.0,0.0,0.0,50,0,0,0,10,0.0,zero,unstable
hybrid,morgan_bit_1936,morgan_bit,10,50,0,0.0,0,0.0,0,0.0,1949.08,1949.0,0.4444671196029727,1948,1951,0.0,0.0,0.0,50,0,0,0,10,0.0,zero,unstable
hybrid,morgan_bit_1937,morgan_bit,10,50,0,0.0,0,0.0,0,0.0,1950.08,1950.0,0.4444671196029727,1949,1952,0.0,0.0,0.0,50,0,0,0,10,0.0,zero,unstable
hybrid,morgan_bit_1938,morgan_bit,10,50,0,0.0,0,0.0,0,0.0,1951.08,1951.0,0.4444671196029727,1950,1953,0.0,0.0,0.0,50,0,0,0,10,0.0,zero,unstable
hybrid,morgan_bit_1939,morgan_bit,10,50,0,0.0,0,0.0,0,0.0,1952.08,1952.0,0.4444671196029727,1951,1954,0.0,0.0,0.0,50,0,0,0,10,0.0,zero,unstable
hybrid,morgan_bit_1940,morgan_bit,10,50,0,0.0,0,0.0,0,0.0,1953.08,1953.0,0.4444671196029727,1952,1955,0.0,0.0,0.0,50,0,0,0,10,0.0,zero,unstable
hybrid,morgan_bit_1941,morgan_bit,10,50,0,0.0,0,0.0,0,0.0,1954.08,1954.0,0.4444671196029727,1953,1956,0.0,0.0,0.0,50,0,0,0,10,0.0,zero,unstable
hybrid,morgan_bit_1942,morgan_bit,10,50,0,0.0,0,0.0,0,0.0,1955.08,1955.0,0.4444671196029727,1954,1957,0.0,0.0,0.0,50,0,0,0,10,0.0,zero,unstable
hybrid,morgan_bit_1943,morgan_bit,10,50,0,0.0,0,0.0,0,0.0,1956.08,1956.0,0.4444671196029727,1955,1958,0.0,0.0,0.0,50,0,0,0,10,0.0,zero,unstable
hybrid,morgan_bit_1944,morgan_bit,10,50,0,0.0,0,0.0,0,0.0,1957.08,1957.0,0.4444671196029727,1956,1959,0.0,0.0,0.0,50,0,0,0,10,0.0,zero,unstable
hybrid,morgan_bit_1945,morgan_bit,10,50,0,0.0,0,0.0,0,0.0,1958.08,1958.0,0.4444671196029727,1957,1960,0.0,0.0,0.0,50,0,0,0,10,0.0,zero,unstable
hybrid,morgan_bit_1946,morgan_bit,10,50,0,0.0,0,0.0,0,0.0,1959.08,1959.0,0.4444671196029727,1958,1961,0.0,0.0,0.0,50,0,0,0,10,0.0,zero,unstable
hybrid,morgan_bit_1947,morgan_bit,10,50,0,0.0,0,0.0,0,0.0,1960.08,1960.0,0.4444671196029727,1959,1962,0.0,0.0,0.0,50,0,0,0,10,0.0,zero,unstable
hybrid,morgan_bit_1948,morgan_bit,10,50,0,0.0,0,0.0,0,0.0,1961.08,1961.0,0.4444671196029727,1960,1963,0.0,0.0,0.0,50,0,0,0,10,0.0,zero,unstable
hybrid,morgan_bit_1949,morgan_bit,10,50,0,0.0,0,0.0,0,0.0,1962.08,1962.0,0.4444671196029727,1961,1964,0.0,0.0,0.0,50,0,0,0,10,0.0,zero,unstable
hybrid,morgan_bit_1950,morgan_bit,10,50,0,0.0,0,0.0,0,0.0,1963.08,1963.0,0.4444671196029727,1962,1965,0.0,0.0,0.0,50,0,0,0,10,0.0,zero,unstable
hybrid,morgan_bit_1951,morgan_bit,10,50,0,0.0,0,0.0,0,0.0,1849.84,1964.0,456.53116933176483,60,1966,0.00045924601357108226,0.0018702647897894428,-1.1674046510768078e-05,47,3,1,2,7,0.6666666666666666,negative,unstable
hybrid,morgan_bit_1952,morgan_bit,10,50,0,0.0,0,0.0,0,0.0,1965.02,1965.0,0.37742413753208304,1964,1967,0.0,0.0,0.0,50,0,0,0,10,0.0,zero,unstable
hybrid,morgan_bit_1953,morgan_bit,10,50,0,0.0,0,0.0,0,0.0,1966.02,1966.0,0.37742413753208304,1965,1968,0.0,0.0,0.0,50,0,0,0,10,0.0,zero,unstable
hybrid,morgan_bit_1954,morgan_bit,10,50,0,0.0,0,0.0,0,0.0,1967.02,1967.0,0.37742413753208304,1966,1969,0.0,0.0,0.0,50,0,0,0,10,0.0,zero,unstable
hybrid,morgan_bit_1955,morgan_bit,10,50,0,0.0,0,0.0,0,0.0,1968.02,1968.0,0.37742413753208304,1967,1970,0.0,0.0,0.0,50,0,0,0,10,0.0,zero,unstable
hybrid,morgan_bit_1956,morgan_bit,10,50,0,0.0,0,0.0,0,0.0,1969.02,1969.0,0.37742413753208304,1968,1971,0.0,0.0,0.0,50,0,0,0,10,0.0,zero,unstable
hybrid,morgan_bit_1957,morgan_bit,10,50,0,0.0,0,0.0,0,0.0,1970.02,1970.0,0.37742413753208304,1969,1972,0.0,0.0,0.0,50,0,0,0,10,0.0,zero,unstable
hybrid,morgan_bit_1958,morgan_bit,10,50,0,0.0,0,0.0,0,0.0,1971.02,1971.0,0.37742413753208304,1970,1973,0.0,0.0,0.0,50,0,0,0,10,0.0,zero,unstable
hybrid,morgan_bit_1959,morgan_bit,10,50,0,0.0,0,0.0,0,0.0,1972.02,1972.0,0.37742413753208304,1971,1974,0.0,0.0,0.0,50,0,0,0,10,0.0,zero,unstable
hybrid,morgan_bit_1960,morgan_bit,10,50,0,0.0,0,0.0,0,0.0,1973.02,1973.0,0.37742413753208304,1972,1975,0.0,0.0,0.0,50,0,0,0,10,0.0,zero,unstable
hybrid,morgan_bit_1961,morgan_bit,10,50,0,0.0,0,0.0,0,0.0,1974.02,1974.0,0.37742413753208304,1973,1976,0.0,0.0,0.0,50,0,0,0,10,0.0,zero,unstable
hybrid,morgan_bit_1962,morgan_bit,10,50,0,0.0,0,0.0,0,0.0,1975.02,1975.0,0.37742413753208304,1974,1977,0.0,0.0,0.0,50,0,0,0,10,0.0,zero,unstable
hybrid,morgan_bit_1963,morgan_bit,10,50,0,0.0,0,0.0,0,0.0,1976.02,1976.0,0.37742413753208304,1975,1978,0.0,0.0,0.0,50,0,0,0,10,0.0,zero,unstable
hybrid,morgan_bit_1964,morgan_bit,10,50,0,0.0,0,0.0,0,0.0,1977.02,1977.0,0.37742413753208304,1976,1979,0.0,0.0,0.0,50,0,0,0,10,0.0,zero,unstable
hybrid,morgan_bit_1965,morgan_bit,10,50,0,0.0,0,0.0,0,0.0,1978.02,1978.0,0.37742413753208304,1977,1980,0.0,0.0,0.0,50,0,0,0,10,0.0,zero,unstable
hybrid,morgan_bit_1966,morgan_bit,10,50,0,0.0,0,0.0,0,0.0,1979.02,1979.0,0.37742413753208304,1978,1981,0.0,0.0,0.0,50,0,0,0,10,0.0,zero,unstable
hybrid,morgan_bit_1967,morgan_bit,10,50,0,0.0,0,0.0,0,0.0,1980.02,1980.0,0.37742413753208304,1979,1982,0.0,0.0,0.0,50,0,0,0,10,0.0,zero,unstable
hybrid,morgan_bit_1968,morgan_bit,10,50,0,0.0,0,0.0,0,0.0,1981.02,1981.0,0.37742413753208304,1980,1983,0.0,0.0,0.0,50,0,0,0,10,0.0,zero,unstable
hybrid,morgan_bit_1969,morgan_bit,10,50,0,0.0,0,0.0,0,0.0,1982.02,1982.0,0.37742413753208304,1981,1984,0.0,0.0,0.0,50,0,0,0,10,0.0,zero,unstable
hybrid,morgan_bit_1970,morgan_bit,10,50,0,0.0,0,0.0,0,0.0,1983.02,1983.0,0.37742413753208304,1982,1985,0.0,0.0,0.0,50,0,0,0,10,0.0,zero,unstable
hybrid,morgan_bit_1971,morgan_bit,10,50,0,0.0,0,0.0,0,0.0,1984.02,1984.0,0.37742413753208304,1983,1986,0.0,0.0,0.0,50,0,0,0,10,0.0,zero,unstable
hybrid,morgan_bit_1972,morgan_bit,10,50,0,0.0,0,0.0,0,0.0,1985.02,1985.0,0.37742413753208304,1984,1987,0.0,0.0,0.0,50,0,0,0,10,0.0,zero,unstable
hybrid,morgan_bit_1973,morgan_bit,10,50,0,0.0,0,0.0,0,0.0,1986.02,1986.0,0.37742413753208304,1985,1988,0.0,0.0,0.0,50,0,0,0,10,0.0,zero,unstable
hybrid,morgan_bit_1974,morgan_bit,10,50,0,0.0,0,0.0,0,0.0,1987.02,1987.0,0.37742413753208304,1986,1989,0.0,0.0,0.0,50,0,0,0,10,0.0,zero,unstable
hybrid,morgan_bit_1975,morgan_bit,10,50,0,0.0,0,0.0,0,0.0,1988.02,1988.0,0.37742413753208304,1987,1990,0.0,0.0,0.0,50,0,0,0,10,0.0,zero,unstable
hybrid,morgan_bit_1976,morgan_bit,10,50,0,0.0,0,0.0,0,0.0,1989.02,1989.0,0.37742413753208304,1988,1991,0.0,0.0,0.0,50,0,0,0,10,0.0,zero,unstable
hybrid,morgan_bit_1977,morgan_bit,10,50,0,0.0,0,0.0,0,0.0,1951.76,1990.0,270.39785954955266,78,1992,4.4250208134581515e-05,0.00031289622240878714,-4.699807735039042e-06,49,1,0,1,9,1.0,negative,unstable
hybrid,morgan_bit_1978,morgan_bit,10,50,0,0.0,0,0.0,0,0.0,1991.0,1991.0,0.3499271061118826,1990,1993,0.0,0.0,0.0,50,0,0,0,10,0.0,zero,unstable
hybrid,morgan_bit_1979,morgan_bit,10,50,0,0.0,0,0.0,0,0.0,1992.0,1992.0,0.3499271061118826,1991,1994,0.0,0.0,0.0,50,0,0,0,10,0.0,zero,unstable
hybrid,morgan_bit_1980,morgan_bit,10,50,0,0.0,0,0.0,0,0.0,1993.0,1993.0,0.3499271061118826,1992,1995,0.0,0.0,0.0,50,0,0,0,10,0.0,zero,unstable
hybrid,morgan_bit_1981,morgan_bit,10,50,0,0.0,0,0.0,0,0.0,1994.0,1994.0,0.3499271061118826,1993,1996,0.0,0.0,0.0,50,0,0,0,10,0.0,zero,unstable
hybrid,morgan_bit_1982,morgan_bit,10,50,0,0.0,0,0.0,0,0.0,1995.0,1995.0,0.3499271061118826,1994,1997,0.0,0.0,0.0,50,0,0,0,10,0.0,zero,unstable
hybrid,morgan_bit_1983,morgan_bit,10,50,0,0.0,0,0.0,0,0.0,1996.0,1996.0,0.3499271061118826,1995,1998,0.0,0.0,0.0,50,0,0,0,10,0.0,zero,unstable
hybrid,morgan_bit_1984,morgan_bit,10,50,0,0.0,0,0.0,0,0.0,1997.0,1997.0,0.3499271061118826,1996,1999,0.0,0.0,0.0,50,0,0,0,10,0.0,zero,unstable
hybrid,morgan_bit_1985,morgan_bit,10,50,0,0.0,0,0.0,0,0.0,1998.0,1998.0,0.3499271061118826,1997,2000,0.0,0.0,0.0,50,0,0,0,10,0.0,zero,unstable
hybrid,morgan_bit_1986,morgan_bit,10,50,0,0.0,0,0.0,0,0.0,1999.0,1999.0,0.3499271061118826,1998,2001,0.0,0.0,0.0,50,0,0,0,10,0.0,zero,unstable
hybrid,morgan_bit_1987,morgan_bit,10,50,0,0.0,0,0.0,0,0.0,2000.0,2000.0,0.3499271061118826,1999,2002,0.0,0.0,0.0,50,0,0,0,10,0.0,zero,unstable
hybrid,morgan_bit_1988,morgan_bit,10,50,0,0.0,0,0.0,0,0.0,2001.0,2001.0,0.3499271061118826,2000,2003,0.0,0.0,0.0,50,0,0,0,10,0.0,zero,unstable
hybrid,morgan_bit_1989,morgan_bit,10,50,0,0.0,0,0.0,0,0.0,2002.0,2002.0,0.3499271061118826,2001,2004,0.0,0.0,0.0,50,0,0,0,10,0.0,zero,unstable
hybrid,morgan_bit_1990,morgan_bit,10,50,0,0.0,0,0.0,0,0.0,2003.0,2003.0,0.3499271061118826,2002,2005,0.0,0.0,0.0,50,0,0,0,10,0.0,zero,unstable
hybrid,morgan_bit_1991,morgan_bit,10,50,0,0.0,0,0.0,0,0.0,2004.0,2004.0,0.3499271061118826,2003,2006,0.0,0.0,0.0,50,0,0,0,10,0.0,zero,unstable
hybrid,morgan_bit_1992,morgan_bit,10,50,0,0.0,0,0.0,0,0.0,2005.0,2005.0,0.3499271061118826,2004,2007,0.0,0.0,0.0,50,0,0,0,10,0.0,zero,unstable
hybrid,morgan_bit_1993,morgan_bit,10,50,0,0.0,0,0.0,0,0.0,2006.0,2006.0,0.3499271061118826,2005,2008,0.0,0.0,0.0,50,0,0,0,10,0.0,zero,unstable
hybrid,morgan_bit_1994,morgan_bit,10,50,0,0.0,0,0.0,0,0.0,2007.0,2007.0,0.3499271061118826,2006,2009,0.0,0.0,0.0,50,0,0,0,10,0.0,zero,unstable
hybrid,morgan_bit_1995,morgan_bit,10,50,0,0.0,0,0.0,0,0.0,2008.0,2008.0,0.3499271061118826,2007,2010,0.0,0.0,0.0,50,0,0,0,10,0.0,zero,unstable
hybrid,morgan_bit_1996,morgan_bit,10,50,0,0.0,0,0.0,0,0.0,2009.0,2009.0,0.3499271061118826,2008,2011,0.0,0.0,0.0,50,0,0,0,10,0.0,zero,unstable
hybrid,morgan_bit_1997,morgan_bit,10,50,0,0.0,0,0.0,0,0.0,2010.0,2010.0,0.3499271061118826,2009,2012,0.0,0.0,0.0,50,0,0,0,10,0.0,zero,unstable
hybrid,morgan_bit_1998,morgan_bit,10,50,0,0.0,0,0.0,0,0.0,2011.0,2011.0,0.3499271061118826,2010,2013,0.0,0.0,0.0,50,0,0,0,10,0.0,zero,unstable
hybrid,morgan_bit_1999,morgan_bit,10,50,0,0.0,0,0.0,0,0.0,2012.0,2012.0,0.3499271061118826,2011,2014,0.0,0.0,0.0,50,0,0,0,10,0.0,zero,unstable
hybrid,morgan_bit_2000,morgan_bit,10,50,0,0.0,0,0.0,0,0.0,2013.0,2013.0,0.3499271061118826,2012,2015,0.0,0.0,0.0,50,0,0,0,10,0.0,zero,unstable
hybrid,morgan_bit_2001,morgan_bit,10,50,0,0.0,0,0.0,0,0.0,2014.0,2014.0,0.3499271061118826,2013,2016,0.0,0.0,0.0,50,0,0,0,10,0.0,zero,unstable
hybrid,morgan_bit_2002,morgan_bit,10,50,0,0.0,0,0.0,0,0.0,2015.0,2015.0,0.3499271061118826,2014,2017,0.0,0.0,0.0,50,0,0,0,10,0.0,zero,unstable
hybrid,morgan_bit_2003,morgan_bit,10,50,0,0.0,0,0.0,0,0.0,2016.0,2016.0,0.3499271061118826,2015,2018,0.0,0.0,0.0,50,0,0,0,10,0.0,zero,unstable
hybrid,morgan_bit_2004,morgan_bit,10,50,0,0.0,0,0.0,0,0.0,2017.0,2017.0,0.3499271061118826,2016,2019,0.0,0.0,0.0,50,0,0,0,10,0.0,zero,unstable
hybrid,morgan_bit_2005,morgan_bit,10,50,0,0.0,0,0.0,0,0.0,2018.0,2018.0,0.3499271061118826,2017,2020,0.0,0.0,0.0,50,0,0,0,10,0.0,zero,unstable
hybrid,morgan_bit_2006,morgan_bit,10,50,0,0.0,0,0.0,0,0.0,2019.0,2019.0,0.3499271061118826,2018,2021,0.0,0.0,0.0,50,0,0,0,10,0.0,zero,unstable
hybrid,morgan_bit_2007,morgan_bit,10,50,0,0.0,0,0.0,0,0.0,2020.0,2020.0,0.3499271061118826,2019,2022,0.0,0.0,0.0,50,0,0,0,10,0.0,zero,unstable
hybrid,morgan_bit_2008,morgan_bit,10,50,0,0.0,0,0.0,0,0.0,2021.0,2021.0,0.3499271061118826,2020,2023,0.0,0.0,0.0,50,0,0,0,10,0.0,zero,unstable
hybrid,morgan_bit_2009,morgan_bit,10,50,0,0.0,0,0.0,0,0.0,2022.0,2022.0,0.3499271061118826,2021,2024,0.0,0.0,0.0,50,0,0,0,10,0.0,zero,unstable
hybrid,morgan_bit_2010,morgan_bit,10,50,0,0.0,0,0.0,0,0.0,2023.0,2023.0,0.3499271061118826,2022,2025,0.0,0.0,0.0,50,0,0,0,10,0.0,zero,unstable
hybrid,morgan_bit_2011,morgan_bit,10,50,0,0.0,0,0.0,0,0.0,2024.0,2024.0,0.3499271061118826,2023,2026,0.0,0.0,0.0,50,0,0,0,10,0.0,zero,unstable
hybrid,morgan_bit_2012,morgan_bit,10,50,0,0.0,0,0.0,0,0.0,2025.0,2025.0,0.3499271061118826,2024,2027,0.0,0.0,0.0,50,0,0,0,10,0.0,zero,unstable
hybrid,morgan_bit_2013,morgan_bit,10,50,0,0.0,0,0.0,0,0.0,2026.0,2026.0,0.3499271061118826,2025,2028,0.0,0.0,0.0,50,0,0,0,10,0.0,zero,unstable
hybrid,morgan_bit_2014,morgan_bit,10,50,0,0.0,0,0.0,0,0.0,2027.0,2027.0,0.3499271061118826,2026,2029,0.0,0.0,0.0,50,0,0,0,10,0.0,zero,unstable
hybrid,morgan_bit_2015,morgan_bit,10,50,0,0.0,0,0.0,0,0.0,2028.0,2028.0,0.3499271061118826,2027,2030,0.0,0.0,0.0,50,0,0,0,10,0.0,zero,unstable
hybrid,morgan_bit_2016,morgan_bit,10,50,0,0.0,0,0.0,0,0.0,2029.0,2029.0,0.3499271061118826,2028,2031,0.0,0.0,0.0,50,0,0,0,10,0.0,zero,unstable
hybrid,morgan_bit_2017,morgan_bit,10,50,0,0.0,0,0.0,0,0.0,1990.46,2030.0,279.30147635463294,55,2030,0.000312137988840433,0.002207148885750011,-3.341095825786785e-05,49,1,0,1,9,1.0,negative,unstable
hybrid,morgan_bit_2018,morgan_bit,10,50,0,0.0,0,0.0,0,0.0,2030.98,2031.0,0.24660966430902956,2030,2032,0.0,0.0,0.0,50,0,0,0,10,0.0,zero,unstable
hybrid,morgan_bit_2019,morgan_bit,10,50,0,0.0,0,0.0,0,0.0,2031.98,2032.0,0.24660966430902956,2031,2033,0.0,0.0,0.0,50,0,0,0,10,0.0,zero,unstable
hybrid,morgan_bit_2020,morgan_bit,10,50,0,0.0,0,0.0,0,0.0,2032.98,2033.0,0.24660966430902956,2032,2034,0.0,0.0,0.0,50,0,0,0,10,0.0,zero,unstable
hybrid,morgan_bit_2021,morgan_bit,10,50,0,0.0,0,0.0,0,0.0,2033.98,2034.0,0.24660966430902956,2033,2035,0.0,0.0,0.0,50,0,0,0,10,0.0,zero,unstable
hybrid,morgan_bit_2022,morgan_bit,10,50,0,0.0,0,0.0,0,0.0,2034.98,2035.0,0.24660966430902956,2034,2036,0.0,0.0,0.0,50,0,0,0,10,0.0,zero,unstable
hybrid,morgan_bit_2023,morgan_bit,10,50,0,0.0,0,0.0,0,0.0,2035.98,2036.0,0.24660966430902956,2035,2037,0.0,0.0,0.0,50,0,0,0,10,0.0,zero,unstable
hybrid,morgan_bit_2024,morgan_bit,10,50,0,0.0,0,0.0,0,0.0,2036.98,2037.0,0.24660966430902956,2036,2038,0.0,0.0,0.0,50,0,0,0,10,0.0,zero,unstable
hybrid,morgan_bit_2025,morgan_bit,10,50,0,0.0,0,0.0,0,0.0,2037.98,2038.0,0.24660966430902956,2037,2039,0.0,0.0,0.0,50,0,0,0,10,0.0,zero,unstable
hybrid,morgan_bit_2026,morgan_bit,10,50,0,0.0,0,0.0,0,0.0,2038.98,2039.0,0.24660966430902956,2038,2040,0.0,0.0,0.0,50,0,0,0,10,0.0,zero,unstable
hybrid,morgan_bit_2027,morgan_bit,10,50,0,0.0,0,0.0,0,0.0,2039.98,2040.0,0.24660966430902956,2039,2041,0.0,0.0,0.0,50,0,0,0,10,0.0,zero,unstable
hybrid,morgan_bit_2028,morgan_bit,10,50,0,0.0,0,0.0,0,0.0,2040.98,2041.0,0.24660966430902956,2040,2042,0.0,0.0,0.0,50,0,0,0,10,0.0,zero,unstable
hybrid,morgan_bit_2029,morgan_bit,10,50,0,0.0,0,0.0,0,0.0,2041.98,2042.0,0.24660966430902956,2041,2043,0.0,0.0,0.0,50,0,0,0,10,0.0,zero,unstable
hybrid,morgan_bit_2030,morgan_bit,10,50,0,0.0,0,0.0,0,0.0,2042.98,2043.0,0.24660966430902956,2042,2044,0.0,0.0,0.0,50,0,0,0,10,0.0,zero,unstable
hybrid,morgan_bit_2031,morgan_bit,10,50,0,0.0,0,0.0,0,0.0,2043.98,2044.0,0.24660966430902956,2043,2045,0.0,0.0,0.0,50,0,0,0,10,0.0,zero,unstable
hybrid,morgan_bit_2032,morgan_bit,10,50,0,0.0,0,0.0,0,0.0,2044.98,2045.0,0.24660966430902956,2044,2046,0.0,0.0,0.0,50,0,0,0,10,0.0,zero,unstable
hybrid,morgan_bit_2033,morgan_bit,10,50,0,0.0,0,0.0,0,0.0,2045.98,2046.0,0.24660966430902956,2045,2047,0.0,0.0,0.0,50,0,0,0,10,0.0,zero,unstable
hybrid,morgan_bit_2034,morgan_bit,10,50,0,0.0,0,0.0,0,0.0,2046.98,2047.0,0.24660966430902956,2046,2048,0.0,0.0,0.0,50,0,0,0,10,0.0,zero,unstable
hybrid,morgan_bit_2035,morgan_bit,10,50,0,0.0,0,0.0,0,0.0,2047.98,2048.0,0.24660966430902956,2047,2049,0.0,0.0,0.0,50,0,0,0,10,0.0,zero,unstable
hybrid,morgan_bit_2036,morgan_bit,10,50,0,0.0,0,0.0,0,0.0,2048.98,2049.0,0.24660966430902956,2048,2050,0.0,0.0,0.0,50,0,0,0,10,0.0,zero,unstable
hybrid,morgan_bit_2037,morgan_bit,10,50,0,0.0,0,0.0,0,0.0,2049.98,2050.0,0.24660966430902956,2049,2051,0.0,0.0,0.0,50,0,0,0,10,0.0,zero,unstable
hybrid,morgan_bit_2038,morgan_bit,10,50,0,0.0,0,0.0,0,0.0,2050.98,2051.0,0.24660966430902956,2050,2052,0.0,0.0,0.0,50,0,0,0,10,0.0,zero,unstable
hybrid,morgan_bit_2039,morgan_bit,10,50,0,0.0,0,0.0,0,0.0,2051.98,2052.0,0.24660966430902956,2051,2053,0.0,0.0,0.0,50,0,0,0,10,0.0,zero,unstable
hybrid,morgan_bit_2040,morgan_bit,10,50,0,0.0,0,0.0,0,0.0,2052.98,2053.0,0.24660966430902956,2052,2054,0.0,0.0,0.0,50,0,0,0,10,0.0,zero,unstable
hybrid,morgan_bit_2041,morgan_bit,10,50,0,0.0,0,0.0,0,0.0,2053.98,2054.0,0.24660966430902956,2053,2055,0.0,0.0,0.0,50,0,0,0,10,0.0,zero,unstable
hybrid,morgan_bit_2042,morgan_bit,10,50,0,0.0,0,0.0,0,0.0,2054.98,2055.0,0.24660966430902956,2054,2056,0.0,0.0,0.0,50,0,0,0,10,0.0,zero,unstable
hybrid,morgan_bit_2043,morgan_bit,10,50,0,0.0,0,0.0,0,0.0,2055.98,2056.0,0.24660966430902956,2055,2057,0.0,0.0,0.0,50,0,0,0,10,0.0,zero,unstable
hybrid,morgan_bit_2044,morgan_bit,10,50,0,0.0,0,0.0,0,0.0,2056.98,2057.0,0.24660966430902956,2056,2058,0.0,0.0,0.0,50,0,0,0,10,0.0,zero,unstable
hybrid,morgan_bit_2045,morgan_bit,10,50,0,0.0,0,0.0,0,0.0,2057.98,2058.0,0.24660966430902956,2057,2059,0.0,0.0,0.0,50,0,0,0,10,0.0,zero,unstable
hybrid,morgan_bit_2046,morgan_bit,10,50,0,0.0,0,0.0,0,0.0,2019.22,2059.0,280.99853220620355,72,2059,6.777213328033329e-05,0.00047922135018002164,2.6463404369297074e-05,49,1,1,0,9,1.0,positive,unstable
hybrid,morgan_bit_2047,morgan_bit,10,50,0,0.0,0,0.0,0,0.0,2059.96,2060.0,0.1979486637221574,2059,2060,0.0,0.0,0.0,50,0,0,0,10,0.0,zero,unstable
hybrid,T_K,physical,10,50,0,0.0,0,0.0,0,0.0,126.66,46.0,398.7935689203687,27,2060,0.038853806672727136,0.03108025700305931,0.0011800115450604377,2,10,8,2,0,0.8,positive,unstable
hybrid,formal_charge,physical,10,50,0,0.0,0,0.0,0,0.0,2061.0,2061.0,0.0,2061,2061,0.0,0.0,0.0,50,0,0,0,10,0.0,zero,unstable
hybrid,heavy_atom_count,physical,10,50,0,0.0,3,0.06,23,0.46,21.18,21.0,6.585977682988026,7,35,0.2997232108639664,0.16899924124631008,0.023411620027246664,0,10,7,3,0,0.7,positive,unstable
hybrid,hbd,physical,10,50,0,0.0,35,0.7,50,1.0,9.8,10.0,2.5634797778466227,4,16,0.7088500771365992,0.18109070771139962,-0.04477809175547107,0,10,0,10,0,1.0,negative,unstable
hybrid,hba,physical,10,50,0,0.0,0,0.0,4,0.08,34.84,33.5,10.859698947230987,11,65,0.11343760846357234,0.11863782275597881,0.012045972148113633,0,10,7,3,0,0.7,positive,unstable
hybrid,tpsa_A2,physical,10,50,14,0.28,50,1.0,50,1.0,4.02,4.0,1.6719779316969565,1,8,1.6260979313902137,0.5251511390793019,0.02000831123079836,0,10,8,2,0,0.8,positive,stable
hybrid,molecular_volume_A3,physical,10,50,26,0.52,46,0.92,50,1.0,4.9,3.0,3.91360786622935,1,17,1.5283306650580957,0.6123380351820574,-0.13234181431434078,0,10,0,10,0,1.0,negative,stable
hybrid,dipole_D,physical,10,50,0,0.0,18,0.36,47,0.94,11.98,11.5,4.382199615420064,4,26,0.6039065797204181,0.24256933175654027,0.2589961243794403,0,10,10,0,0,1.0,positive,unstable
hybrid,polarizability_A3,physical,10,50,1,0.02,18,0.36,38,0.76,13.98,12.0,6.705130536403008,1,28,0.5766527902436315,0.4344967002330386,-0.018011781486692163,0,10,3,7,0,0.7,negative,unstable
hybrid,mu_sq_over_Vm,physical,10,50,47,0.94,50,1.0,50,1.0,1.64,1.0,1.0451052090383932,1,5,2.6479457367765553,0.6518104114716712,0.051193070097047946,0,10,10,0,0,1.0,positive,stable
hybrid,alpha_over_Vm,physical,10,50,0,0.0,0,0.0,7,0.14,28.22,28.5,7.429368089150089,13,50,0.16265183319597604,0.0986892378682032,-0.004091775374947546,0,10,6,4,0,0.6,positive,unstable
hybrid,total_energy_hartree,physical,10,50,29,0.58,50,1.0,50,1.0,3.16,3.0,1.7304004491116252,1,9,1.9112076329724539,0.6535173038569037,-0.17793204139169436,0,10,0,10,0,1.0,negative,stable
hybrid,homo_lumo_gap_ev,physical,10,50,0,0.0,3,0.06,33,0.66,18.0,18.0,5.18238775634773,4,31,0.3711347282111243,0.16357781356477002,0.006719494383782407,0,10,6,4,0,0.6,positive,unstable
knowledge_block_crosscheck,donor_count,knowledge,10,50,29,0.58,50,1.0,50,1.0,3.6,3.0,1.2777531299998799,1,7,0.37579535902391903,0.22036547447614097,-0.001422504124587868,0,10,5,5,0,0.5,zero,unstable
knowledge_block_crosscheck,acceptor_count,knowledge,10,50,4,0.08,50,1.0,50,1.0,5.5,6.0,1.5016997172591886,2,8,0.14073782581426753,0.1637399710188261,-0.014902385483047445,4,10,2,8,0,0.8,negative,stable
knowledge_block_crosscheck,has_1_donor,knowledge,10,50,1,0.02,50,1.0,50,1.0,6.92,7.0,1.4546196641551834,3,9,0.05803364639683989,0.11059441289973294,-0.00021578767550397757,25,10,5,5,0,0.5,zero,unstable
knowledge_block_crosscheck,has_2_donors,knowledge,10,50,0,0.0,50,1.0,50,1.0,8.22,8.0,0.8640200300021394,6,10,0.005611702801340422,0.012601629943172859,-0.0002293529305316804,36,9,4,5,1,0.5555555555555556,negative,unstable
knowledge_block_crosscheck,has_3plus_donors,knowledge,10,50,0,0.0,50,1.0,50,1.0,8.94,9.0,0.9563962973323457,6,10,0.002137249408981277,0.005228772652999079,-8.874453082838537e-05,41,6,3,3,4,0.5,zero,unstable
knowledge_block_crosscheck,donor_acceptor_pair_density,knowledge,10,50,49,0.98,50,1.0,50,1.0,1.16,1.0,0.5480950312357394,1,4,1.4775898047014593,0.5130470027515704,-0.30736612696931437,0,10,0,10,0,1.0,negative,stable
knowledge_block_crosscheck,ring_count,knowledge,10,50,0,0.0,50,1.0,50,1.0,8.86,10.0,1.7843995159865578,5,10,0.025365480193838334,0.054782721101698933,-0.0009970391485463691,34,10,6,4,0,0.6,positive,unstable
knowledge_block_crosscheck,double_bond_count,knowledge,10,50,8,0.16,50,1.0,50,1.0,4.8,5.0,1.4568627181693672,2,8,0.20467255713799454,0.23041855274114073,-0.03727619634313007,0,10,0,10,0,1.0,negative,stable
knowledge_block_crosscheck,rotatable_bond_count,knowledge,10,50,17,0.34,50,1.0,50,1.0,4.44,4.0,1.7975039382886662,2,10,0.26990763363154896,0.23234645095547987,-0.02209566973575131,1,10,0,10,0,1.0,negative,stable
knowledge_block_crosscheck,heteroatom_over_carbon,knowledge,10,50,42,0.84,50,1.0,50,1.0,2.56,2.0,1.0528871870107588,1,6,0.7210484873234276,0.41799459527332455,0.015108836988276619,0,10,7,3,0,0.7,positive,unstable
