arm,representation,repeat,fold,train_rows,test_rows,train_compounds,test_compounds,mae,rmse,r2,spearman
baseline_hybrid,Morgan,0,0,328,129,77,20,15.80106188420732,19.79736735084448,-1.2465833595490716,-0.2692634868251015
baseline_hybrid,Physical,0,0,328,129,77,20,18.707810244005778,22.068834615700332,-1.7916852659006017,0.5341175799905006
baseline_hybrid,Morgan+Physical,0,0,328,129,77,20,8.309259865930837,9.80603209563924,0.44881895349169376,0.5057784148328935
baseline_hybrid,Morgan,0,1,321,136,77,20,13.270327840625537,17.482831436499804,-0.31308848270569967,-0.022933490707184263
baseline_hybrid,Physical,0,1,321,136,77,20,3.428869516310972,5.53189024207353,0.8685327553259132,0.8481192909406743
baseline_hybrid,Morgan+Physical,0,1,321,136,77,20,7.839173476376252,10.562870067864445,0.5206703138537356,0.36187862555591604
baseline_hybrid,Morgan,0,2,385,72,78,19,6.268117459636264,8.857746930671421,0.02993889940388106,0.0495327547692496
baseline_hybrid,Physical,0,2,385,72,78,19,8.945496932856242,12.393051971798998,-0.8989306106858601,0.22511629796957838
baseline_hybrid,Morgan+Physical,0,2,385,72,78,19,5.9120675322002825,9.694086800105929,-0.1618936053547555,0.2204951900098126
baseline_hybrid,Morgan,0,3,411,46,78,19,9.867929656318998,26.08893468095654,0.08617721016724211,0.5992786766114082
baseline_hybrid,Physical,0,3,411,46,78,19,8.52724353242957,24.42468719819851,0.19904647897859884,0.7093651627132864
baseline_hybrid,Morgan+Physical,0,3,411,46,78,19,8.169022655818775,24.957106263192273,0.16374688167566387,0.8192838059082257
baseline_hybrid,Morgan,0,4,383,74,78,19,16.23708513894571,23.56896636951814,-0.15007120440533428,0.26297376646379506
baseline_hybrid,Physical,0,4,383,74,78,19,8.52862388536711,12.198760840372474,0.6919117820505831,0.8885283237138828
baseline_hybrid,Morgan+Physical,0,4,383,74,78,19,10.953391586412998,17.163096858912656,0.3901332403782234,0.8242179464778916
baseline_hybrid,Morgan,1,0,355,102,77,20,7.422386764436608,9.0745583131983,0.20807070838327002,0.8218613040372529
baseline_hybrid,Physical,1,0,355,102,77,20,7.04940995862624,11.172940600748136,-0.20052275194450497,0.45330834802895514
baseline_hybrid,Morgan+Physical,1,0,355,102,77,20,5.323196221063651,8.653252333709396,0.2798977770127249,0.8844221581548171
baseline_hybrid,Morgan,1,1,379,78,77,20,10.373795394035241,24.03312431702561,0.05557654826417158,0.40165403100884084
baseline_hybrid,Physical,1,1,379,78,77,20,6.941951966878452,22.07595653208704,0.20313388925174014,0.9072576085729132
baseline_hybrid,Morgan+Physical,1,1,379,78,77,20,8.330839296297905,22.788814896817318,0.1508395106870407,0.8926405144919384
baseline_hybrid,Morgan,1,2,365,92,78,19,14.909710118003515,17.71454997500406,-0.09923459961854486,0.8444538729664535
baseline_hybrid,Physical,1,2,365,92,78,19,5.952657193681468,7.184900104319601,0.8191695301957583,0.9033169763385194
baseline_hybrid,Morgan+Physical,1,2,365,92,78,19,6.146600221302198,7.485837694162419,0.8037042235431462,0.8910273553841033
baseline_hybrid,Morgan,1,3,346,111,78,19,10.381847117738465,17.313417386600925,0.18810830258250388,0.772040636346388
baseline_hybrid,Physical,1,3,346,111,78,19,12.390877646475436,19.19254141529826,0.00230573652928201,0.857834551477673
baseline_hybrid,Morgan+Physical,1,3,346,111,78,19,9.50064488737089,15.602429666865754,0.34064854435863023,0.8601742936215496
baseline_hybrid,Morgan,1,4,383,74,78,19,11.551480190586398,15.450778074813183,-0.1837775780761315,0.6054307253727218
baseline_hybrid,Physical,1,4,383,74,78,19,17.986117296244647,24.43612783567078,-1.9609711599257271,0.7715392730034066
baseline_hybrid,Morgan+Physical,1,4,383,74,78,19,8.056639739887137,11.466379079982838,0.3480384381588497,0.8388769668295742
baseline_hybrid,Morgan,2,0,383,74,77,20,17.0548245483151,24.08207313108728,-0.18621941806634967,0.03218028789198679
baseline_hybrid,Physical,2,0,383,74,77,20,12.318566374552958,16.161945691322707,0.4657253439628576,0.5604453163651264
baseline_hybrid,Morgan+Physical,2,0,383,74,77,20,14.44714931040171,19.95309391764664,0.18567497605988703,0.43272261444424415
baseline_hybrid,Morgan,2,1,341,116,77,20,6.299133330141264,7.992154460880511,0.14118488551702402,0.8904115261760212
baseline_hybrid,Physical,2,1,341,116,77,20,7.081787087315526,10.811716704867901,-0.571669613704519,0.48270185857859105
baseline_hybrid,Morgan+Physical,2,1,341,116,77,20,5.255862817961593,8.095500783212591,0.11883065531420267,0.8434360254481522
baseline_hybrid,Morgan,2,2,380,77,78,19,9.717596913622572,23.713034818400796,-0.012727050664265604,0.6241040273746519
baseline_hybrid,Physical,2,2,380,77,78,19,8.122421236508853,22.943890392270447,0.051904138113807896,0.7917222422455337
baseline_hybrid,Morgan+Physical,2,2,380,77,78,19,8.169152891481078,23.017357738389933,0.04582272791077724,0.7870890362398834
baseline_hybrid,Morgan,2,3,358,99,78,19,5.3638431406194504,6.41748197316443,0.42302779635107035,0.689508755078189
baseline_hybrid,Physical,2,3,358,99,78,19,4.0920089546434815,7.604578632275814,0.18983050655130274,0.8221678324435785
baseline_hybrid,Morgan+Physical,2,3,358,99,78,19,4.124234310311983,6.129200778756852,0.4737001183476688,0.7657110639530829
baseline_hybrid,Morgan,2,4,366,91,78,19,15.364694404099014,18.23121267895863,-0.30200788879157603,0.6883674255525745
baseline_hybrid,Physical,2,4,366,91,78,19,7.1942846869583965,8.494688593258948,0.7173314922828956,0.9150183847732065
baseline_hybrid,Morgan+Physical,2,4,366,91,78,19,6.720492051847687,8.335912811713536,0.7277995568988198,0.9120164691866892
baseline_hybrid,Morgan,3,0,348,109,77,20,9.850515186288819,18.62346037511424,0.12545782623629465,0.6104419011502987
baseline_hybrid,Physical,3,0,348,109,77,20,6.33476714062822,16.882261648034888,0.28134367387228976,0.8240705581056469
baseline_hybrid,Morgan+Physical,3,0,348,109,77,20,7.382438313531436,16.9771623857329,0.2732413583080485,0.799641532919014
baseline_hybrid,Morgan,3,1,417,40,77,20,12.151753050231934,23.505476467129622,0.08449442878266733,0.6081145035610794
baseline_hybrid,Physical,3,1,417,40,77,20,11.658883573436736,17.199779592082653,0.5098052712018711,0.6949646064590004
baseline_hybrid,Morgan+Physical,3,1,417,40,77,20,11.366380926990509,17.99321860611051,0.4635359964598702,0.7709888256813365
baseline_hybrid,Morgan,3,2,295,162,78,19,10.85950156441206,13.008316903320488,0.20059838194627222,0.5823115628924441
baseline_hybrid,Physical,3,2,295,162,78,19,8.724482455851707,13.980304977004574,0.07667180586555189,0.7464286114446615
baseline_hybrid,Morgan+Physical,3,2,295,162,78,19,8.258940378222054,9.702795837841885,0.5552493489777315,0.7715114745236148
baseline_hybrid,Morgan,3,3,366,91,78,19,11.824455937027144,18.861687747531708,0.24200424139319576,0.7630677558307558
baseline_hybrid,Physical,3,3,366,91,78,19,8.951035437162629,15.392625945399512,0.4951863317808033,0.9282659722429973
baseline_hybrid,Morgan+Physical,3,3,366,91,78,19,9.947930633679064,16.184287445187696,0.4419246501328634,0.9112729109891047
baseline_hybrid,Morgan,3,4,402,55,78,19,10.476464447515315,15.382098398837563,-0.809372282324345,0.18214316351441348
baseline_hybrid,Physical,3,4,402,55,78,19,6.651674338227706,8.37549994800185,0.46356359515819456,0.8940890474516655
baseline_hybrid,Morgan+Physical,3,4,402,55,78,19,6.152776605232932,9.560961384937615,0.3009634386546969,0.6609907677791698
baseline_hybrid,Morgan,4,0,398,59,77,20,10.275598775443386,21.91928107986351,0.055691551084629975,0.24109108692760567
baseline_hybrid,Physical,4,0,398,59,77,20,9.6338510679148,21.66995500197766,0.07705189431622717,0.7635762893376479
baseline_hybrid,Morgan+Physical,4,0,398,59,77,20,7.367958848791607,20.76110020778039,0.15284672698561508,0.7777122280480024
baseline_hybrid,Morgan,4,1,340,117,77,20,7.534073092740051,11.860218700221338,-0.4724501317174197,0.4417181414495794
baseline_hybrid,Physical,4,1,340,117,77,20,4.368143005120693,6.028716956868658,0.6195435164154892,0.6524600224875374
baseline_hybrid,Morgan+Physical,4,1,340,117,77,20,5.248253312015371,8.327235673182049,0.27413323425208047,0.5329591929565134
baseline_hybrid,Morgan,4,2,346,111,78,19,13.628407963259583,20.004464658648356,0.008600713012182903,0.5976345029663745
baseline_hybrid,Physical,4,2,346,111,78,19,22.290187128757786,30.89386425046601,-1.3644993701883092,0.7212588631456919
baseline_hybrid,Morgan+Physical,4,2,346,111,78,19,13.483369948117367,19.685150000519208,0.03999788070518251,0.7168053829421622
baseline_hybrid,Morgan,4,3,384,73,78,19,6.7408485747245885,15.66387906156617,0.30634862332241797,0.6533266904597351
baseline_hybrid,Physical,4,3,384,73,78,19,6.020985156208195,8.533581397247502,0.7941242091207202,0.8329416320338915
baseline_hybrid,Morgan+Physical,4,3,384,73,78,19,5.583846388704482,11.023311985278,0.6564683082558735,0.9092831780346011
baseline_hybrid,Morgan,4,4,360,97,78,19,13.21303199697278,17.750742231435936,-0.22986644536605394,0.6568263533135187
baseline_hybrid,Physical,4,4,360,97,78,19,8.923509608868471,9.764522731354534,0.6278423424696626,0.82975004653168
baseline_hybrid,Morgan+Physical,4,4,360,97,78,19,6.88338522889442,7.7816083439547405,0.7636456198969277,0.9064151711915784
baseline_hybrid,Morgan,5,0,394,63,77,20,7.254420235648988,16.439888323483142,0.08118742397029144,0.7334547289529771
baseline_hybrid,Physical,5,0,394,63,77,20,6.15921705636524,9.493350578018632,0.69361447527967,0.5938887027167242
baseline_hybrid,Morgan+Physical,5,0,394,63,77,20,6.175525371430413,12.4927186909845,0.4694294671458614,0.6895904282952904
baseline_hybrid,Morgan,5,1,376,81,77,20,9.172393744631167,11.83284381052476,0.4934684910716626,0.8023833752067941
baseline_hybrid,Physical,5,1,376,81,77,20,9.665134623690005,15.312702334051366,0.15173434684256193,0.8063537571851271
baseline_hybrid,Morgan+Physical,5,1,376,81,77,20,7.098237754878291,10.968299715807344,0.5647820283798219,0.8145519798435091
baseline_hybrid,Morgan,5,2,346,111,78,19,15.031620462487023,22.43039536883135,0.09189270466542254,0.47149653428813326
baseline_hybrid,Physical,5,2,346,111,78,19,7.9320690605754685,16.499691344581393,0.5086228610872109,0.8993854236832184
baseline_hybrid,Morgan+Physical,5,2,346,111,78,19,11.16449009153074,18.970940414208428,0.3504074625179693,0.8163152297440893
baseline_hybrid,Morgan,5,3,329,128,78,19,6.0287598174572,8.74038531179953,0.3287868187874422,0.8442322922595502
baseline_hybrid,Physical,5,3,329,128,78,19,10.514898349183799,14.48069779833603,-0.8423761371739784,0.9126052215265522
baseline_hybrid,Morgan+Physical,5,3,329,128,78,19,3.9969469678282734,4.87998151710268,0.790764354225227,0.9048072888412921
baseline_hybrid,Morgan,5,4,383,74,78,19,12.516003713968637,20.629905716388055,0.0882375642346862,0.6334981469037098
baseline_hybrid,Physical,5,4,383,74,78,19,8.799968504364426,15.219818981817795,0.5037435282746545,0.7523926117075952
baseline_hybrid,Morgan+Physical,5,4,383,74,78,19,10.585976308461781,17.282975215642136,0.3600821516849575,0.744159915864457
baseline_hybrid,Morgan,6,0,414,43,77,20,11.0422242153079,20.548884462955137,0.08691594692311233,0.5194802158142786
baseline_hybrid,Physical,6,0,414,43,77,20,10.216209004734838,13.777945788860961,0.5895094150297561,0.7070613952196215
baseline_hybrid,Morgan+Physical,6,0,414,43,77,20,10.43162505358319,16.341192954398274,0.4225667692274564,0.7093334434047746
baseline_hybrid,Morgan,6,1,397,60,77,20,13.966465471013388,23.608422842093464,0.09766006923418924,0.8408078806650149
baseline_hybrid,Physical,6,1,397,60,77,20,7.724932819747924,13.256177561094793,0.7155061702836527,0.8356132200502165
baseline_hybrid,Morgan+Physical,6,1,397,60,77,20,10.340416638437908,18.09045656612645,0.47017154151920093,0.8776822348962082
baseline_hybrid,Morgan,6,2,331,126,78,19,15.740486170438736,19.218832892251406,-2.49578905194409,-0.5192273686056881
baseline_hybrid,Physical,6,2,331,126,78,19,6.058384596827673,8.247012783243838,0.35629848364798866,0.901846129454554
baseline_hybrid,Morgan+Physical,6,2,331,126,78,19,10.32898287956601,12.412702833795828,-0.45822289716764764,0.7269783746779054
baseline_hybrid,Morgan,6,3,333,124,78,19,6.7340923874270535,9.077997580810711,0.422967006833706,0.8493674724113045
baseline_hybrid,Physical,6,3,333,124,78,19,11.792290883882583,16.023600408792138,-0.7977973360043358,0.8044252113274851
baseline_hybrid,Morgan+Physical,6,3,333,124,78,19,5.193559699876848,6.753503913217428,0.6806412409989151,0.8564731704751966
baseline_hybrid,Morgan,6,4,353,104,78,19,15.48650596010208,23.2741685374006,-0.2627484084872047,0.2879003521272135
baseline_hybrid,Physical,6,4,353,104,78,19,9.625787739904844,17.748763480152675,0.26564732006379244,0.8284759765692045
baseline_hybrid,Morgan+Physical,6,4,353,104,78,19,11.277058686811008,19.724605371788368,0.0930462805520541,0.7404054947622619
baseline_hybrid,Morgan,7,0,343,114,77,20,5.619109242302075,8.464374171458367,0.5847239869889165,0.9099401094819854
baseline_hybrid,Physical,7,0,343,114,77,20,4.6436903450413745,7.683688574886021,0.6577947655646348,0.9269442320664649
baseline_hybrid,Morgan+Physical,7,0,343,114,77,20,3.418817673612896,6.076806377384515,0.7859585238850064,0.9350437171685037
baseline_hybrid,Morgan,7,1,380,77,77,20,18.662115705613967,24.250664021400894,-0.3619639650613853,0.5207328803931845
baseline_hybrid,Physical,7,1,380,77,77,20,4.5572484268584805,8.392875195515195,0.8368677306476782,0.9504519194651178
baseline_hybrid,Morgan+Physical,7,1,380,77,77,20,11.430764838082451,15.234352423773469,0.462515005855742,0.6984848567704732
baseline_hybrid,Morgan,7,2,377,80,78,19,8.500720731601714,10.204867163487597,0.1664298053639257,0.7306705192333308
baseline_hybrid,Physical,7,2,377,80,78,19,9.966273387596607,17.301159359502662,-1.3959507049769626,0.7093514149205459
baseline_hybrid,Morgan+Physical,7,2,377,80,78,19,8.790723446235656,12.39067518569513,-0.228902450992845,0.7065875286360318
baseline_hybrid,Morgan,7,3,379,78,78,19,7.380298582376334,19.28050336423922,0.12029909270614592,0.36258667435947456
baseline_hybrid,Physical,7,3,379,78,78,19,8.571237016468537,18.079183226553344,0.22650783972006017,0.4829866889643582
baseline_hybrid,Morgan+Physical,7,3,379,78,78,19,7.6808675830899755,18.20822836501134,0.21542640627275345,0.4578195664742614
baseline_hybrid,Morgan,7,4,349,108,78,19,13.510199314258715,20.434073694614103,-0.4081088632485337,0.7830831304933195
baseline_hybrid,Physical,7,4,349,108,78,19,13.719010704817595,20.902581121650506,-0.47341862955232283,0.864094403644815
baseline_hybrid,Morgan+Physical,7,4,349,108,78,19,8.469483029330219,14.03528490900231,0.33569306304944324,0.8652615622642431
baseline_hybrid,Morgan,8,0,321,136,77,20,8.401872533820656,16.22021713993842,0.241940556590863,0.663524753428235
baseline_hybrid,Physical,8,0,321,136,77,20,7.1286246810296,14.86852296403729,0.36302030209643177,0.7956485233907937
baseline_hybrid,Morgan+Physical,8,0,321,136,77,20,4.52445478927388,14.11285493972012,0.426121849631656,0.814779456708211
baseline_hybrid,Morgan,8,1,375,82,77,20,10.659687834070718,12.767035486422492,0.304071524234966,0.5221556873692655
baseline_hybrid,Physical,8,1,375,82,77,20,6.927960593112852,8.754253807181236,0.6727928813187256,0.8586899025890479
baseline_hybrid,Morgan+Physical,8,1,375,82,77,20,5.837141502246392,8.702765643386709,0.6766305013816338,0.8870548052641064
baseline_hybrid,Morgan,8,2,377,80,78,19,4.967265239295959,5.7639260575267945,0.667375773836971,0.8376032487957459
baseline_hybrid,Physical,8,2,377,80,78,19,3.5654472019052506,4.789216811593219,0.7703607751669884,0.8975162845859209
baseline_hybrid,Morgan+Physical,8,2,377,80,78,19,4.198869341192245,4.774358786060338,0.7717834264866437,0.8925254618727461
baseline_hybrid,Morgan,8,3,406,51,78,19,17.606692211824303,29.3595783018521,-0.12721636982644902,0.41105938332601916
baseline_hybrid,Physical,8,3,406,51,78,19,11.805470121196672,18.969915965075106,0.5294145725659654,0.6988137227208994
baseline_hybrid,Morgan+Physical,8,3,406,51,78,19,13.75130773447074,23.59585822369546,0.27191980721869446,0.719028941985849
baseline_hybrid,Morgan,8,4,349,108,78,19,13.178153026439523,17.44241166153482,-0.2296731940218506,0.41322385157165115
baseline_hybrid,Physical,8,4,349,108,78,19,5.93237174212491,8.98349949602199,0.6738121823612417,0.8793266753673494
baseline_hybrid,Morgan+Physical,8,4,349,108,78,19,7.967854383980785,10.403494443673758,0.5625432514581624,0.8595435240257073
baseline_hybrid,Morgan,9,0,389,68,77,20,9.872007392883301,17.598002881008338,0.1776076775296016,0.7566212274031847
baseline_hybrid,Physical,9,0,389,68,77,20,5.307263039504781,7.121995510728184,0.8653036989613,0.8812710002864316
baseline_hybrid,Morgan+Physical,9,0,389,68,77,20,6.7105848470295175,11.21243382188993,0.666149474735175,0.9213995325860296
baseline_hybrid,Morgan,9,1,351,106,77,20,13.192489055417619,17.479404123300643,-0.4505420380820542,0.751295310237066
baseline_hybrid,Physical,9,1,351,106,77,20,8.087346746120812,10.000404923791304,0.5251983238964839,0.9425562093992721
baseline_hybrid,Morgan+Physical,9,1,351,106,77,20,4.42342320532169,6.0895937630237515,0.8239428300447731,0.9287941672867402
baseline_hybrid,Morgan,9,2,359,98,78,19,6.476206584323181,17.416933767468908,0.10253416671490678,0.6649451981336082
baseline_hybrid,Physical,9,2,359,98,78,19,6.197939206321872,16.329128479890866,0.21113890965718185,0.8835701283162948
baseline_hybrid,Morgan+Physical,9,2,359,98,78,19,4.953953104587477,16.4179597333431,0.20253267857030888,0.7767574455065677
baseline_hybrid,Morgan,9,3,366,91,78,19,13.56390558754722,24.391372783054692,-2.5749084907470885,0.29690745033829374
baseline_hybrid,Physical,9,3,366,91,78,19,18.29727022062532,25.48678907916737,-2.9032169549970277,0.6847787330647529
baseline_hybrid,Morgan+Physical,9,3,366,91,78,19,12.849823528294827,18.302320793090132,-1.0128192079977518,0.6278549038137965
baseline_hybrid,Morgan,9,4,363,94,78,19,16.74775615171067,20.779215943209792,0.11983941321159719,0.5144819550393203
baseline_hybrid,Physical,9,4,363,94,78,19,27.45948037417797,30.29179981481371,-0.8704829788387554,0.06850408855664057
baseline_hybrid,Morgan+Physical,9,4,363,94,78,19,21.84339985549602,24.497248006059944,-0.2233147217606426,0.07300069256386349
full_table_hybrid,Morgan,0,0,1653,129,128,20,17.47119507527906,21.599442123461703,-1.6741928464324176,-0.3389326315754284
full_table_hybrid,Physical,0,0,1653,129,128,20,11.635613090692566,15.437525346938905,-0.36603875823843013,0.8727486867236889
full_table_hybrid,Morgan+Physical,0,0,1653,129,128,20,5.898501155646272,7.445241749738719,0.6822648498071175,0.8508696994055867
full_table_hybrid,Morgan,0,1,1553,136,128,20,8.33815480550878,13.630667307011283,0.20181293205702455,0.7940381050725369
full_table_hybrid,Physical,0,1,1553,136,128,20,5.256422599851383,8.273600036875205,0.7059240583891696,0.8592268736139844
full_table_hybrid,Morgan+Physical,0,1,1553,136,128,20,6.33003382507773,10.582606583965164,0.5188774041240343,0.8561945648542104
full_table_hybrid,Morgan,0,2,1835,72,129,19,3.8953298016442193,7.523825755223635,0.3001096400921619,0.4804325077725105
full_table_hybrid,Physical,0,2,1835,72,129,19,5.844287859471638,7.748610007989896,0.2576646199434047,0.4321602511879392
full_table_hybrid,Morgan+Physical,0,2,1835,72,129,19,4.494545117886861,6.659763331412902,0.45163447282308244,0.5378750599821194
full_table_hybrid,Morgan,0,3,1893,46,129,19,9.54016445707238,26.493798269268716,0.057594647238111474,0.37135174671795407
full_table_hybrid,Physical,0,3,1893,46,129,19,8.476484379022018,26.332366031187423,0.06904420307725445,0.8301612856691286
full_table_hybrid,Morgan+Physical,0,3,1893,46,129,19,8.632127795820649,26.177039777453533,0.07999463540179341,0.6182144400201053
full_table_hybrid,Morgan,0,4,1762,74,129,19,16.570041819552863,24.599387208943835,-0.25283025704663187,0.26163837946915003
full_table_hybrid,Physical,0,4,1762,74,129,19,5.270747636363055,7.788930427141498,0.8743972044882325,0.9560502260434683
full_table_hybrid,Morgan+Physical,0,4,1762,74,129,19,9.272857715664426,14.481046425279732,0.5658462586083975,0.9289094287381723
full_table_hybrid,Morgan,1,0,1664,102,128,20,4.061681527425728,5.936864287685523,0.6610390579126553,0.8792497340377264
full_table_hybrid,Physical,1,0,1664,102,128,20,6.572898620747586,10.216083253542521,-0.003700781190031366,0.3690027579891376
full_table_hybrid,Morgan+Physical,1,0,1664,102,128,20,4.656646018712661,6.79308538629485,0.5562181233856525,0.8093446070757401
full_table_hybrid,Morgan,1,1,1812,78,128,20,10.206111941270095,25.133449965704234,-0.03288152650790077,0.605727164687546
full_table_hybrid,Physical,1,1,1812,78,128,20,7.22989639654502,23.352313988261844,0.10832592529498286,0.8694604822447098
full_table_hybrid,Morgan+Physical,1,1,1812,78,128,20,8.378857123111823,24.07419460266784,0.052345933495379526,0.8269048572466428
full_table_hybrid,Morgan,1,2,1759,92,129,19,16.043514008024463,19.882768361800753,-0.3847897742976718,0.6753004774027536
full_table_hybrid,Physical,1,2,1759,92,129,19,12.613784016588461,17.135793497177332,-0.0285811989966811,0.9108183958492914
full_table_hybrid,Morgan+Physical,1,2,1759,92,129,19,3.398312002638112,5.461297898936717,0.8955227156461149,0.9316384519465142
full_table_hybrid,Morgan,1,3,1661,111,129,19,10.44820604380702,18.97567303669437,0.024725476872247576,0.656604993229969
full_table_hybrid,Physical,1,3,1661,111,129,19,4.33188854038479,7.156572556905788,0.8612788566250928,0.9635756216469016
full_table_hybrid,Morgan+Physical,1,3,1661,111,129,19,7.111756866022058,12.761143515728316,0.5589257665157066,0.9582302169674858
full_table_hybrid,Morgan,1,4,1800,74,129,19,10.934886412646318,13.861888977107574,0.047172610216992816,0.7028953893055729
full_table_hybrid,Physical,1,4,1800,74,129,19,10.858225586092152,14.806156029939684,-0.08706132268681932,0.8634419944502129
full_table_hybrid,Morgan+Physical,1,4,1800,74,129,19,5.15474143363334,9.241211505726213,0.5765255420672379,0.8688440075608992
full_table_hybrid,Morgan,2,0,1723,74,128,20,17.24000975439329,25.3771062461447,-0.31722960531288713,0.17948806865882874
full_table_hybrid,Physical,2,0,1723,74,128,20,5.380516306805997,7.341612993968476,0.889754654728966,0.9221409320859011
full_table_hybrid,Morgan+Physical,2,0,1723,74,128,20,9.518534557915764,13.084520198110141,0.6498187480124455,0.9767142831696296
full_table_hybrid,Morgan,2,1,1652,116,128,20,4.345384510730875,7.067101035838278,0.32848681822890524,0.4050934568313955
full_table_hybrid,Physical,2,1,1652,116,128,20,6.04222271078044,10.858608547380816,-0.5853322550872035,0.45827252356265336
full_table_hybrid,Morgan+Physical,2,1,1652,116,128,20,4.768311287814174,7.848072538383084,0.1718710661591898,0.4191657038205586
full_table_hybrid,Morgan,2,2,1804,77,129,19,11.273527882315896,25.704363125664496,-0.18995853465471968,0.4193823054762153
full_table_hybrid,Physical,2,2,1804,77,129,19,10.325675465472333,24.55319380160544,-0.08576069521207708,0.7093491043233153
full_table_hybrid,Morgan+Physical,2,2,1804,77,129,19,8.349676360489486,24.3791176303606,-0.07041971218015708,0.7213945894698621
full_table_hybrid,Morgan,2,3,1733,99,129,19,5.5689828933253445,6.578818662105816,0.39365275646004916,0.7077235034032305
full_table_hybrid,Physical,2,3,1733,99,129,19,3.5018017904570615,5.103329106865358,0.6351345601809624,0.823584271044055
full_table_hybrid,Morgan+Physical,2,3,1733,99,129,19,3.7581066475473275,4.813064766079472,0.6754594352150255,0.8527677550211353
full_table_hybrid,Morgan,2,4,1784,91,129,19,16.75804614987216,20.927002151521158,-0.7155229749702035,0.7397401819298796
full_table_hybrid,Physical,2,4,1784,91,129,19,12.006259905720807,15.670085013031855,0.03811045135562663,0.8964380167137957
full_table_hybrid,Morgan+Physical,2,4,1784,91,129,19,5.4569481793917145,7.98366540748595,0.7503180452003871,0.8925397449713889
full_table_hybrid,Morgan,3,0,1718,109,128,20,9.567075030349594,19.26871888882347,0.06380637190401284,0.6862748159889919
full_table_hybrid,Physical,3,0,1718,109,128,20,7.2366849262027575,17.127984261594428,0.2602712304141096,0.8480252924401739
full_table_hybrid,Morgan+Physical,3,0,1718,109,128,20,5.378445460454259,16.78735412627658,0.2894011456453339,0.8258378831394357
full_table_hybrid,Morgan,3,1,1887,40,128,20,12.083034221029282,24.73894672116281,-0.014110511076221854,0.6859894802506552
full_table_hybrid,Physical,3,1,1887,40,128,20,10.851404683685304,17.136232106977673,0.5134207938788866,0.825562184227519
full_table_hybrid,Morgan+Physical,3,1,1887,40,128,20,10.42813814136982,19.042662424034955,0.39913319673567593,0.8306472028140693
full_table_hybrid,Morgan,3,2,1531,162,129,19,11.094489757005666,14.804231048588164,-0.03536746788332579,0.6860336491936398
full_table_hybrid,Physical,3,2,1531,162,129,19,9.664907345710565,14.889121443276727,-0.0472755163242089,0.9332113920608137
full_table_hybrid,Morgan+Physical,3,2,1531,162,129,19,3.145310191670171,4.194849591004081,0.9168704187013865,0.9104336027576161
full_table_hybrid,Morgan,3,3,1708,91,129,19,11.984843242821329,21.035791897240948,0.05719168238226058,0.7258112358487827
full_table_hybrid,Physical,3,3,1708,91,129,19,4.083577325472989,5.641199894373477,0.9321970402899978,0.9740597911322407
full_table_hybrid,Morgan+Physical,3,3,1708,91,129,19,7.348393797033961,11.561318700963515,0.7152128298928959,0.8978801003879135
full_table_hybrid,Morgan,3,4,1852,55,129,19,10.50629147110818,13.202897163235026,-0.33301563681860347,-0.2146051261487779
full_table_hybrid,Physical,3,4,1852,55,129,19,5.3330555768182935,7.19481507566724,0.6041450912933342,0.9220225336060477
full_table_hybrid,Morgan+Physical,3,4,1852,55,129,19,3.9540144335743297,4.842788033630066,0.8206556563753643,0.9325832403774745
full_table_hybrid,Morgan,4,0,1897,59,128,20,11.257906172348283,23.769107496073154,-0.1104193299238454,0.46703923423204724
full_table_hybrid,Physical,4,0,1897,59,128,20,8.510414914470608,22.664001827651518,-0.0095653974400709,0.44617139205411804
full_table_hybrid,Morgan+Physical,4,0,1897,59,128,20,9.792006729934176,23.11894439372421,-0.05050292159547176,0.4404570992626674
full_table_hybrid,Morgan,4,1,1588,117,128,20,5.301050474650065,6.486712090108719,0.5595420580920425,0.7970666808957926
full_table_hybrid,Physical,4,1,1588,117,128,20,3.403351748485076,4.762349531712954,0.7625906960190889,0.9359558092415332
full_table_hybrid,Morgan+Physical,4,1,1588,117,128,20,4.01402742152157,5.000681789344444,0.738233756939084,0.9632269418667486
full_table_hybrid,Morgan,4,2,1598,111,129,19,14.234926721019573,21.323378211557642,-0.12643660490913167,0.6379752900299078
full_table_hybrid,Physical,4,2,1598,111,129,19,7.70404188496014,9.561286836523802,0.7735212657684365,0.8957041805474597
full_table_hybrid,Morgan+Physical,4,2,1598,111,129,19,6.790604353360013,12.234537734044078,0.6291742665545508,0.8864234741047974
full_table_hybrid,Morgan,4,3,1819,73,129,19,6.070686247530375,17.285264130784586,0.15531525607223973,0.8981458008569964
full_table_hybrid,Physical,4,3,1819,73,129,19,6.350987217660145,11.447208854065423,0.6295395729567467,0.8922959652482465
full_table_hybrid,Morgan+Physical,4,3,1819,73,129,19,5.431367386770902,13.45427038723461,0.4882440361025505,0.9788265977941284
full_table_hybrid,Morgan,4,4,1794,97,129,19,14.325231920615915,19.91740180494016,-0.5484254021752453,0.6449690545389399
full_table_hybrid,Physical,4,4,1794,97,129,19,9.410688265869297,11.747007326692401,0.4613838178521371,0.8635288061836538
full_table_hybrid,Morgan+Physical,4,4,1794,97,129,19,5.013007727160897,6.113130188771313,0.8541346267373602,0.9484288979170876
full_table_hybrid,Morgan,5,0,1883,63,128,20,9.13262897237142,18.682330821092076,-0.18656441879165753,0.7505029801787344
full_table_hybrid,Physical,5,0,1883,63,128,20,4.738327231028724,10.571643757417716,0.6200606769984143,0.8577288360096719
full_table_hybrid,Morgan+Physical,5,0,1883,63,128,20,6.256627985030886,14.112983887594856,0.3228780440390292,0.8694098265715531
full_table_hybrid,Morgan,5,1,1719,81,128,20,10.380718049847637,13.888525149372503,0.3021847422763012,0.8006549315732668
full_table_hybrid,Physical,5,1,1719,81,128,20,8.108532691023084,11.710457851636955,0.5038923173308114,0.8544455181845593
full_table_hybrid,Morgan+Physical,5,1,1719,81,128,20,7.190404234012558,10.350561545552482,0.612424758745908,0.8856691949074698
full_table_hybrid,Morgan,5,2,1560,111,129,19,15.848912415427817,24.513484238142006,-0.08460947942957553,0.6751759848375167
full_table_hybrid,Physical,5,2,1560,111,129,19,4.10869600222201,16.064545755206048,0.5341992249150127,0.9379990642819964
full_table_hybrid,Morgan+Physical,5,2,1560,111,129,19,9.6439612214207,18.599755495722782,0.3755786015686644,0.8902384293142842
full_table_hybrid,Morgan,5,3,1680,128,129,19,5.5755393881917,7.449488118356971,0.5124129268971024,0.91616691391942
full_table_hybrid,Physical,5,3,1680,128,129,19,6.733910511124134,8.16451747794796,0.4143200380469415,0.9182532527324517
full_table_hybrid,Morgan+Physical,5,3,1680,128,129,19,3.0754650173962115,3.765803859513301,0.8754009555054485,0.9236441663948964
full_table_hybrid,Morgan,5,4,1854,74,129,19,10.97655154297803,22.104767378190218,-0.046788895749129145,0.32537059419629527
full_table_hybrid,Physical,5,4,1854,74,129,19,2.929099643501076,7.788242579217835,0.8700530324862181,0.8372816084118805
full_table_hybrid,Morgan+Physical,5,4,1854,74,129,19,6.719442380905152,12.421961268650847,0.6694268693210419,0.8026941865332491
full_table_hybrid,Morgan,6,0,1885,43,128,20,10.49600611939541,22.08465501875225,-0.054667337882587264,0.3959154539596447
full_table_hybrid,Physical,6,0,1885,43,128,20,9.07061427812798,14.407968963487786,0.5511101496312467,0.807168790165743
full_table_hybrid,Morgan+Physical,6,0,1885,43,128,20,9.24244235956946,17.716519736118265,0.32127931984827696,0.833656913231517
full_table_hybrid,Morgan,6,1,1866,60,128,20,14.972013125864667,27.170486516903768,-0.19517377823251292,0.2763675045714083
full_table_hybrid,Physical,6,1,1866,60,128,20,5.96777197303772,9.444119144475446,0.8556026772722098,0.8677082565419929
full_table_hybrid,Morgan+Physical,6,1,1866,60,128,20,9.833855971654257,17.40340037223601,0.5096519538684192,0.7732062046495403
full_table_hybrid,Morgan,6,2,1580,126,129,19,8.151230286056277,9.280591938152641,0.1848405801037758,0.8034657249989497
full_table_hybrid,Physical,6,2,1580,126,129,19,5.366238935291958,9.087201940236444,0.2184593797188883,0.799996692950516
full_table_hybrid,Morgan+Physical,6,2,1580,126,129,19,6.4199954501439676,8.16149033588827,0.3695797742996706,0.7965302524524276
full_table_hybrid,Morgan,6,3,1699,124,129,19,7.1772979597091675,9.778766193914286,0.33044131891568573,0.6010303344265859
full_table_hybrid,Physical,6,3,1699,124,129,19,5.256992039214412,6.238552077887447,0.7274864320171994,0.8601287184052379
full_table_hybrid,Morgan+Physical,6,3,1699,124,129,19,3.6042445133609156,5.534625770771002,0.7855149422254575,0.9231627207848366
full_table_hybrid,Morgan,6,4,1666,104,129,19,16.103036410959685,25.022874918756035,-0.4596303669267625,0.13436148342531418
full_table_hybrid,Physical,6,4,1666,104,129,19,6.011109628920189,16.811988972968816,0.3411194719577626,0.8994841721765927
full_table_hybrid,Morgan+Physical,6,4,1666,104,129,19,10.774790503579654,19.777283547375863,0.08819543922402662,0.8185196938422488
full_table_hybrid,Morgan,7,0,1659,114,128,20,7.5136832342783615,11.176993828353902,0.27590231007145594,0.4447981000088264
full_table_hybrid,Physical,7,0,1659,114,128,20,4.794379249392057,8.040245708884896,0.6252981980910595,0.9281270342555697
full_table_hybrid,Morgan+Physical,7,0,1659,114,128,20,4.280903030743516,7.086585932463993,0.7089140421921304,0.9046947242007111
full_table_hybrid,Morgan,7,1,1806,77,128,20,18.722069678665758,25.52008118865596,-0.5082816625565079,0.39691592991358277
full_table_hybrid,Physical,7,1,1806,77,128,20,16.385802968954113,20.58565851536836,0.01859588183763916,0.882067325477054
full_table_hybrid,Morgan+Physical,7,1,1806,77,128,20,5.905320149409306,13.527765655137888,0.5761906926229066,0.8487337875920127
full_table_hybrid,Morgan,7,2,1724,80,129,19,7.1251459592914586,9.061810651836375,0.3427093835996182,0.5901298444022282
full_table_hybrid,Physical,7,2,1724,80,129,19,5.46051488165617,8.781806391421398,0.3827015562860244,0.7652536046301588
full_table_hybrid,Morgan+Physical,7,2,1724,80,129,19,6.228674721107483,8.231295112370795,0.45766977297705835,0.7663154490897646
full_table_hybrid,Morgan,7,3,1746,78,129,19,6.217144198565363,19.620280469659118,0.08902024335722336,0.6927171167763528
full_table_hybrid,Physical,7,3,1746,78,129,19,7.249192811903342,19.416544255209406,0.10784117082272016,0.7281491752903015
full_table_hybrid,Morgan+Physical,7,3,1746,78,129,19,5.744464097082677,19.1381817894913,0.13323841533566494,0.7325649077353185
full_table_hybrid,Morgan,7,4,1761,108,129,19,14.260067944138136,21.28200048530773,-0.5273944880866361,0.6656557518162227
full_table_hybrid,Physical,7,4,1761,108,129,19,7.952635412357472,11.060434944023456,0.5874555652929574,0.9237952077596719
full_table_hybrid,Morgan+Physical,7,4,1761,108,129,19,6.525241383658516,12.48765606860152,0.47411815308088123,0.8854758996307538
full_table_hybrid,Morgan,8,0,1540,136,128,20,5.990877626834196,15.538575896023016,0.30431544534464583,0.8197814260598245
full_table_hybrid,Physical,8,0,1540,136,128,20,7.443381084890926,16.062033740633378,0.2566540109725771,0.8140076618822012
full_table_hybrid,Morgan+Physical,8,0,1540,136,128,20,4.474249239304487,14.652186938372756,0.3814214780723254,0.9541119214897334
full_table_hybrid,Morgan,8,1,1795,82,128,20,10.667803686449938,13.989501273832621,0.1644182606072263,0.681769742598772
full_table_hybrid,Physical,8,1,1795,82,128,20,7.1930409218448546,10.27158025369281,0.5495371257675827,0.8587143250010347
full_table_hybrid,Morgan+Physical,8,1,1795,82,128,20,5.121151387499367,8.555854912258845,0.6874559044775344,0.9255636948413121
full_table_hybrid,Morgan,8,2,1732,80,129,19,6.475752363214492,7.380552396389646,0.45462552111616705,0.7830067687596108
full_table_hybrid,Physical,8,2,1732,80,129,19,4.600601178178787,6.906769754679483,0.5223970148619035,0.9066818543933813
full_table_hybrid,Morgan+Physical,8,2,1732,80,129,19,5.295652070293427,6.117907675872803,0.6252661601892706,0.9021793283897258
full_table_hybrid,Morgan,8,3,1877,51,129,19,18.208193244709687,32.08667865357949,-0.3463475674618701,0.2089273708442154
full_table_hybrid,Physical,8,3,1877,51,129,19,7.71627532824348,13.287140702800146,0.7691282854697121,0.8287955671281804
full_table_hybrid,Morgan+Physical,8,3,1877,51,129,19,12.163759700139362,22.096923209927425,0.3614847515237878,0.7683405893732834
full_table_hybrid,Morgan,8,4,1752,108,129,19,13.964183670750371,18.88475769547927,-0.4414496444479612,-0.003147534837402245
full_table_hybrid,Physical,8,4,1752,108,129,19,10.435857832820329,14.425577125627091,0.15890890362536214,0.9107907178078904
full_table_hybrid,Morgan+Physical,8,4,1752,108,129,19,4.258936949235421,6.5521280298254645,0.8264832552117233,0.8914712403983162
full_table_hybrid,Morgan,9,0,1899,68,128,20,11.96990836878384,20.20173356085808,-0.0837511122666823,0.5302122418444041
full_table_hybrid,Physical,9,0,1899,68,128,20,5.261495364076951,11.781684584962749,0.6313900433656826,0.9022270440768859
full_table_hybrid,Morgan+Physical,9,0,1899,68,128,20,7.835389217713301,15.136947921083177,0.3915443730127034,0.9532457861883314
full_table_hybrid,Morgan,9,1,1762,106,128,20,14.406097493729499,18.855628328706967,-0.687948107287655,0.5224911989975167
full_table_hybrid,Physical,9,1,1762,106,128,20,13.005518333471047,18.155015574494826,-0.5648413893889199,0.9340739693031646
full_table_hybrid,Morgan+Physical,9,1,1762,106,128,20,3.356312532748816,5.576265632668881,0.8523736165969349,0.9327567198036735
full_table_hybrid,Morgan,9,2,1767,98,129,19,5.995046431467486,18.117955746514955,0.028835246105209267,0.6225619570675552
full_table_hybrid,Physical,9,2,1767,98,129,19,6.989458872623834,17.886929360147263,0.053444448480088,0.8527467087438599
full_table_hybrid,Morgan+Physical,9,2,1767,98,129,19,6.366505826233845,17.782259975644582,0.06449000068714517,0.8537760217149863
full_table_hybrid,Morgan,9,3,1658,91,129,19,8.657386952960675,11.142160305736457,0.254013021311036,0.5854070643057084
full_table_hybrid,Physical,9,3,1658,91,129,19,6.121279949717261,8.9213682641084,0.5217495627866471,0.8841027488903165
full_table_hybrid,Morgan+Physical,9,3,1658,91,129,19,4.0762280412451775,7.058532371937321,0.7006210481790052,0.8663805041224628
full_table_hybrid,Morgan,9,4,1610,94,129,19,12.755436560756605,20.862813817152773,0.11274313347461928,0.6012013484063777
full_table_hybrid,Physical,9,4,1610,94,129,19,8.877452434848216,11.502433258225741,0.7302986947292793,0.46472756243245766
full_table_hybrid,Morgan+Physical,9,4,1610,94,129,19,10.207325998736442,13.809718080397058,0.6112474687888304,0.5515452908907253
full_table_lever4,Morgan,0,0,1653,129,128,20,17.47119507527906,21.599442123461703,-1.6741928464324176,-0.3389326315754284
full_table_lever4,Physical,0,0,1653,129,128,20,6.751349338294925,9.68955662493934,0.4618349817519882,0.8969666684665987
full_table_lever4,Morgan+Physical,0,0,1653,129,128,20,8.409798145028049,10.195608284376062,0.4041541247182707,0.8793796920087158
full_table_lever4,Morgan,0,1,1553,136,128,20,8.33815480550878,13.630667307011283,0.20181293205702455,0.7940381050725369
full_table_lever4,Physical,0,1,1553,136,128,20,3.5995797399745264,4.661116058992163,0.9066637635583229,0.9341722945952547
full_table_lever4,Morgan+Physical,0,1,1553,136,128,20,4.484692258206536,8.036214740599835,0.7225571621080278,0.927865151843005
full_table_lever4,Morgan,0,2,1835,72,129,19,3.8953298016442193,7.523825755223635,0.3001096400921619,0.4804325077725105
full_table_lever4,Physical,0,2,1835,72,129,19,4.586757418187458,7.741030662139934,0.2591161486230059,0.5526005024353242
full_table_lever4,Morgan+Physical,0,2,1835,72,129,19,4.037564080429076,6.5314681017111385,0.4725586506340168,0.5559851988193917
full_table_lever4,Morgan,0,3,1893,46,129,19,9.54016445707238,26.493798269268716,0.057594647238111474,0.37135174671795407
full_table_lever4,Physical,0,3,1893,46,129,19,7.189131787217179,25.34264720155447,0.1377101989842905,0.696628620092035
full_table_lever4,Morgan+Physical,0,3,1893,46,129,19,7.898805921367975,25.78490690101299,0.10735160336830607,0.6437412581511106
full_table_lever4,Morgan,0,4,1762,74,129,19,16.570041819552863,24.599387208943835,-0.25283025704663187,0.26163837946915003
full_table_lever4,Physical,0,4,1762,74,129,19,6.288853792235916,9.801286546060528,0.8011114284023355,0.8783644153301211
full_table_lever4,Morgan+Physical,0,4,1762,74,129,19,10.396625195999146,15.42210510152029,0.5075853409456272,0.9344834657398452
full_table_lever4,Morgan,1,0,1664,102,128,20,4.061681527425728,5.936864287685523,0.6610390579126553,0.8792497340377264
full_table_lever4,Physical,1,0,1664,102,128,20,7.295955644095179,11.36885011792144,-0.24299246854522782,0.6143858956356162
full_table_lever4,Morgan+Physical,1,0,1664,102,128,20,5.212876659498029,7.266795472486186,0.49216656692657745,0.9120415190739906
full_table_lever4,Morgan,1,1,1812,78,128,20,10.206111941270095,25.133449965704234,-0.03288152650790077,0.605727164687546
full_table_lever4,Physical,1,1,1812,78,128,20,7.40800843036456,23.072555202787584,0.1295623166216331,0.853689597043375
full_table_lever4,Morgan+Physical,1,1,1812,78,128,20,8.53731729476244,23.91460190251778,0.06486866814256875,0.7753323518772702
full_table_lever4,Morgan,1,2,1759,92,129,19,16.043514008024463,19.882768361800753,-0.3847897742976718,0.6753004774027536
full_table_lever4,Physical,1,2,1759,92,129,19,4.127398286135301,6.277790067923935,0.8619476768755381,0.9174036667357702
full_table_lever4,Morgan+Physical,1,2,1759,92,129,19,8.352224980395773,10.353945948071571,0.6244723418123259,0.9161224146566341
full_table_lever4,Morgan,1,3,1661,111,129,19,10.44820604380702,18.97567303669437,0.024725476872247576,0.656604993229969
full_table_lever4,Physical,1,3,1661,111,129,19,2.7265562359354516,4.044080106521376,0.9557032359402752,0.9628419316767172
full_table_lever4,Morgan+Physical,1,3,1661,111,129,19,6.290840457431689,10.390540337107534,0.7075788588416161,0.9522636224713095
full_table_lever4,Morgan,1,4,1800,74,129,19,10.934886412646318,13.861888977107574,0.047172610216992816,0.7028953893055729
full_table_lever4,Physical,1,4,1800,74,129,19,8.186942646722537,11.030389081632658,0.39667535760047457,0.8751475186254778
full_table_lever4,Morgan+Physical,1,4,1800,74,129,19,4.587990132306074,8.813030702318011,0.6148588111442076,0.8717691529933111
full_table_lever4,Morgan,2,0,1723,74,128,20,17.24000975439329,25.3771062461447,-0.31722960531288713,0.17948806865882874
full_table_lever4,Physical,2,0,1723,74,128,20,4.4544297995376585,6.59788279214178,0.91095972764035,0.9073989639921367
full_table_lever4,Morgan+Physical,2,0,1723,74,128,20,9.783946910709691,13.15389171747722,0.6460957222670853,0.85366199753851
full_table_lever4,Morgan,2,1,1652,116,128,20,4.345384510730875,7.067101035838278,0.32848681822890524,0.4050934568313955
full_table_lever4,Physical,2,1,1652,116,128,20,4.397318844810025,9.467298523818771,-0.20510277010882572,0.8090931524369479
full_table_lever4,Morgan+Physical,2,1,1652,116,128,20,4.005039718923898,7.24535260434971,0.2941848220138916,0.7809000620634283
full_table_lever4,Morgan,2,2,1804,77,129,19,11.273527882315896,25.704363125664496,-0.18995853465471968,0.4193823054762153
full_table_lever4,Physical,2,2,1804,77,129,19,10.303890207464043,24.248233225647265,-0.05895701960194821,0.7785247211435585
full_table_lever4,Morgan+Physical,2,2,1804,77,129,19,8.535750675350041,24.35890113207743,-0.06864514707832114,0.7474186176475313
full_table_lever4,Morgan,2,3,1733,99,129,19,5.5689828933253445,6.578818662105816,0.39365275646004916,0.7077235034032305
full_table_lever4,Physical,2,3,1733,99,129,19,2.97331043748952,5.119170144543953,0.6328659164961763,0.8389504815635648
full_table_lever4,Morgan+Physical,2,3,1733,99,129,19,3.8532891578847717,4.801339632239763,0.6770387393422095,0.822786839926786
full_table_lever4,Morgan,2,4,1784,91,129,19,16.75804614987216,20.927002151521158,-0.7155229749702035,0.7397401819298796
full_table_lever4,Physical,2,4,1784,91,129,19,3.912516478947231,6.08995730768068,0.8547182719240565,0.9111574006094368
full_table_lever4,Morgan+Physical,2,4,1784,91,129,19,10.158675427782667,11.923021170782013,0.4431283215710573,0.9431140240125186
full_table_lever4,Morgan,3,0,1718,109,128,20,9.567075030349594,19.26871888882347,0.06380637190401284,0.6862748159889919
full_table_lever4,Physical,3,0,1718,109,128,20,4.625930774790212,16.179209035114653,0.33995344080283807,0.7879519180794173
full_table_lever4,Morgan+Physical,3,0,1718,109,128,20,5.798460125928405,16.78989140468883,0.2891863263982837,0.8561035075083283
full_table_lever4,Morgan,3,1,1887,40,128,20,12.083034221029282,24.73894672116281,-0.014110511076221854,0.6859894802506552
full_table_lever4,Physical,3,1,1887,40,128,20,9.95913392291069,16.38168231865622,0.5553279087976204,0.6511014813104281
full_table_lever4,Morgan+Physical,3,1,1887,40,128,20,9.374822002387045,16.031392003156878,0.5741414794681928,0.7320889377650083
full_table_lever4,Morgan,3,2,1531,162,129,19,11.094489757005666,14.804231048588164,-0.03536746788332579,0.6860336491936398
full_table_lever4,Physical,3,2,1531,162,129,19,3.9430556609448093,6.049645871143511,0.8271048892749467,0.9070175568153102
full_table_lever4,Morgan+Physical,3,2,1531,162,129,19,6.728818936204322,8.816370342725095,0.6328001831133787,0.8912052339149591
full_table_lever4,Morgan,3,3,1708,91,129,19,11.984843242821329,21.035791897240948,0.05719168238226058,0.7258112358487827
full_table_lever4,Physical,3,3,1708,91,129,19,3.062431895547385,4.597871965887441,0.9549578180219169,0.9769936830785606
full_table_lever4,Morgan+Physical,3,3,1708,91,129,19,6.906873030241243,10.858977758951577,0.7487630219331335,0.9552011101983353
full_table_lever4,Morgan,3,4,1852,55,129,19,10.50629147110818,13.202897163235026,-0.33301563681860347,-0.2146051261487779
full_table_lever4,Physical,3,4,1852,55,129,19,4.971683643956964,7.201460406613808,0.6034135084273298,0.9254316251079077
full_table_lever4,Morgan+Physical,3,4,1852,55,129,19,3.827696770554976,4.813116505929349,0.8228465920841652,0.9279820272243469
full_table_lever4,Morgan,4,0,1897,59,128,20,11.257906172348283,23.769107496073154,-0.1104193299238454,0.46703923423204724
full_table_lever4,Physical,4,0,1897,59,128,20,7.823324448666331,21.944085322392198,0.05355314986969928,0.7109999543548936
full_table_lever4,Morgan+Physical,4,0,1897,59,128,20,9.136629690267274,22.66324348115867,-0.00949783765291401,0.603508803098749
full_table_lever4,Morgan,4,1,1588,117,128,20,5.301050474650065,6.486712090108719,0.5595420580920425,0.7970666808957926
full_table_lever4,Physical,4,1,1588,117,128,20,2.5682872006043,3.1475878472501813,0.8962923197317485,0.9261147564311709
full_table_lever4,Morgan+Physical,4,1,1588,117,128,20,3.2860017981348286,4.238212015396257,0.8119728526716983,0.9238133955285567
full_table_lever4,Morgan,4,2,1598,111,129,19,14.234926721019573,21.323378211557642,-0.12643660490913167,0.6379752900299078
full_table_lever4,Physical,4,2,1598,111,129,19,9.439211145077955,13.011330090888677,0.5805906340842741,0.8927428947227968
full_table_lever4,Morgan+Physical,4,2,1598,111,129,19,7.705341411844889,12.162188089930408,0.6335470974175861,0.9280076932599555
full_table_lever4,Morgan,4,3,1819,73,129,19,6.070686247530375,17.285264130784586,0.15531525607223973,0.8981458008569964
full_table_lever4,Physical,4,3,1819,73,129,19,4.305369694074865,7.92101594427998,0.8226201085372699,0.9626980304768057
full_table_lever4,Morgan+Physical,4,3,1819,73,129,19,4.649034933108499,11.864446394280382,0.6020417001978275,0.979737226659053
full_table_lever4,Morgan,4,4,1794,97,129,19,14.325231920615915,19.91740180494016,-0.5484254021752453,0.6449690545389399
full_table_lever4,Physical,4,4,1794,97,129,19,2.778936291527503,4.112662768481819,0.9339806693220066,0.8959576745760192
full_table_lever4,Morgan+Physical,4,4,1794,97,129,19,7.7755811758139695,9.926957922326118,0.6153574900108127,0.9078550856472781
full_table_lever4,Morgan,5,0,1883,63,128,20,9.13262897237142,18.682330821092076,-0.18656441879165753,0.7505029801787344
full_table_lever4,Physical,5,0,1883,63,128,20,4.985279319490705,8.5602960033123,0.7508810474000953,0.8606120739769096
full_table_lever4,Morgan+Physical,5,0,1883,63,128,20,6.166158074454655,12.549078237115815,0.4646314457398034,0.895210391209066
full_table_lever4,Morgan,5,1,1719,81,128,20,10.380718049847637,13.888525149372503,0.3021847422763012,0.8006549315732668
full_table_lever4,Physical,5,1,1719,81,128,20,6.526048171158777,10.095526975183976,0.6312889196622795,0.860683206630163
full_table_lever4,Morgan+Physical,5,1,1719,81,128,20,6.942217016300154,9.692736223011222,0.6601236152550234,0.8463452261022344
full_table_lever4,Morgan,5,2,1560,111,129,19,15.848912415427817,24.513484238142006,-0.08460947942957553,0.6751759848375167
full_table_lever4,Physical,5,2,1560,111,129,19,3.672901828405707,15.693792849781863,0.5554515105879025,0.9422566349935139
full_table_lever4,Morgan+Physical,5,2,1560,111,129,19,9.575866961350998,18.48673645702996,0.38314398024626706,0.9481765437906706
full_table_lever4,Morgan,5,3,1680,128,129,19,5.5755393881917,7.449488118356971,0.5124129268971024,0.91616691391942
full_table_lever4,Physical,5,3,1680,128,129,19,8.511408907461165,13.022855077672286,-0.4900873737069986,0.9129335827718142
full_table_lever4,Morgan+Physical,5,3,1680,128,129,19,4.032945975351334,5.08645085522872,0.7726845131251429,0.9396525784044263
full_table_lever4,Morgan,5,4,1854,74,129,19,10.97655154297803,22.104767378190218,-0.046788895749129145,0.32537059419629527
full_table_lever4,Physical,5,4,1854,74,129,19,3.904154187640629,9.44080862186013,0.8090561842297452,0.8070802286253269
full_table_lever4,Morgan+Physical,5,4,1854,74,129,19,6.025504957353747,11.043384774511916,0.7387287533554849,0.7447078508467451
full_table_lever4,Morgan,6,0,1885,43,128,20,10.49600611939541,22.08465501875225,-0.054667337882587264,0.3959154539596447
full_table_lever4,Physical,6,0,1885,43,128,20,9.61181099798513,15.825136508461295,0.45846168761878514,0.7517707727824677
full_table_lever4,Morgan+Physical,6,0,1885,43,128,20,9.498347310443258,16.971988744025925,0.377126681960139,0.7348940543719891
full_table_lever4,Morgan,6,1,1866,60,128,20,14.972013125864667,27.170486516903768,-0.19517377823251292,0.2763675045714083
full_table_lever4,Physical,6,1,1866,60,128,20,3.495002098910014,7.49229205346686,0.9091205641532533,0.8047423754112389
full_table_lever4,Morgan+Physical,6,1,1866,60,128,20,8.236904528299966,14.803047266791332,0.6452368699369251,0.795630155831606
full_table_lever4,Morgan,6,2,1580,126,129,19,8.151230286056277,9.280591938152641,0.1848405801037758,0.8034657249989497
full_table_lever4,Physical,6,2,1580,126,129,19,3.7812894811055013,7.23807291986399,0.504165085180759,0.926105787315073
full_table_lever4,Morgan+Physical,6,2,1580,126,129,19,5.556410129413909,7.108092036448729,0.5218135324307893,0.9149356333871638
full_table_lever4,Morgan,6,3,1699,124,129,19,7.1772979597091675,9.778766193914286,0.33044131891568573,0.6010303344265859
full_table_lever4,Physical,6,3,1699,124,129,19,7.229232983353829,9.83706388887692,0.322434157294046,0.8833413594871137
full_table_lever4,Morgan+Physical,6,3,1699,124,129,19,3.686327771026858,4.99324700757646,0.8254231628118247,0.9412476559128621
full_table_lever4,Morgan,6,4,1666,104,129,19,16.103036410959685,25.022874918756035,-0.4596303669267625,0.13436148342531418
full_table_lever4,Physical,6,4,1666,104,129,19,7.216203478359076,17.479085270984942,0.28779358334480953,0.8921408975332574
full_table_lever4,Morgan+Physical,6,4,1666,104,129,19,9.081865971973125,18.37531495101226,0.2128852276311629,0.8978399724310445
full_table_lever4,Morgan,7,0,1659,114,128,20,7.5136832342783615,11.176993828353902,0.27590231007145594,0.4447981000088264
full_table_lever4,Physical,7,0,1659,114,128,20,3.145290047849689,5.20938481394119,0.8427031523688088,0.9349045675588233
full_table_lever4,Morgan+Physical,7,0,1659,114,128,20,3.926326641497696,6.689076719076145,0.7406540360028713,0.8987314429092296
full_table_lever4,Morgan,7,1,1806,77,128,20,18.722069678665758,25.52008118865596,-0.5082816625565079,0.39691592991358277
full_table_lever4,Physical,7,1,1806,77,128,20,9.228180408552095,11.588170017548391,0.6890088255988953,0.9293755238902563
full_table_lever4,Morgan+Physical,7,1,1806,77,128,20,8.769451070463504,13.152984430105215,0.5993483278584077,0.9346390366504309
full_table_lever4,Morgan,7,2,1724,80,129,19,7.1251459592914586,9.061810651836375,0.3427093835996182,0.5901298444022282
full_table_lever4,Physical,7,2,1724,80,129,19,6.144293560013772,10.577828517772796,0.10438674995215558,0.8250617456489354
full_table_lever4,Morgan+Physical,7,2,1724,80,129,19,6.180199704751969,8.37202383629438,0.43896703772920365,0.818265335728324
full_table_lever4,Morgan,7,3,1746,78,129,19,6.217144198565363,19.620280469659118,0.08902024335722336,0.6927171167763528
full_table_lever4,Physical,7,3,1746,78,129,19,3.479424578667666,18.265824078077017,0.21045507754733195,0.8777496984309531
full_table_lever4,Morgan+Physical,7,3,1746,78,129,19,4.466244267464663,18.73821380015754,0.1690886648292067,0.945001899744249
full_table_lever4,Morgan,7,4,1761,108,129,19,14.260067944138136,21.28200048530773,-0.5273944880866361,0.6656557518162227
full_table_lever4,Physical,7,4,1761,108,129,19,7.149781862470838,9.48603478564237,0.6965439871308927,0.9297920048602346
full_table_lever4,Morgan+Physical,7,4,1761,108,129,19,6.432308203414635,11.029274878067357,0.58977677672412,0.9255598672984007
full_table_lever4,Morgan,8,0,1540,136,128,20,5.990877626834196,15.538575896023016,0.30431544534464583,0.8197814260598245
full_table_lever4,Physical,8,0,1540,136,128,20,4.006834730456857,14.362561242934209,0.40563432352192175,0.8928044570940442
full_table_lever4,Morgan+Physical,8,0,1540,136,128,20,3.536337350306791,14.36608231516766,0.4053428628309418,0.8917674360619391
full_table_lever4,Morgan,8,1,1795,82,128,20,10.667803686449938,13.989501273832621,0.1644182606072263,0.681769742598772
full_table_lever4,Physical,8,1,1795,82,128,20,6.946389174897728,9.68038911657145,0.5998985681684084,0.8784746169377766
full_table_lever4,Morgan+Physical,8,1,1795,82,128,20,4.73888362504773,7.931702817758247,0.731392989198774,0.9159963868898955
full_table_lever4,Morgan,8,2,1732,80,129,19,6.475752363214492,7.380552396389646,0.45462552111616705,0.7830067687596108
full_table_lever4,Physical,8,2,1732,80,129,19,3.320036048111916,4.914403691566327,0.7581986436713517,0.9084603060242153
full_table_lever4,Morgan+Physical,8,2,1732,80,129,19,4.473219505319595,5.139562005331746,0.7355343357387296,0.8821322371623644
full_table_lever4,Morgan,8,3,1877,51,129,19,18.208193244709687,32.08667865357949,-0.3463475674618701,0.2089273708442154
full_table_lever4,Physical,8,3,1877,51,129,19,7.40737712501077,10.42323174899502,0.8579267065394414,0.46779553864970475
full_table_lever4,Morgan+Physical,8,3,1877,51,129,19,12.111171623828364,19.26155713635346,0.5148339010409384,0.7175013518671154
full_table_lever4,Morgan,8,4,1752,108,129,19,13.964183670750371,18.88475769547927,-0.4414496444479612,-0.003147534837402245
full_table_lever4,Physical,8,4,1752,108,129,19,5.451846112286604,8.001734109224998,0.7412115593869008,0.929109386010162
full_table_lever4,Morgan+Physical,8,4,1752,108,129,19,6.415537737228253,8.81531003992515,0.6859116528158609,0.9180697610996144
full_table_lever4,Morgan,9,0,1899,68,128,20,11.96990836878384,20.20173356085808,-0.0837511122666823,0.5302122418444041
full_table_lever4,Physical,9,0,1899,68,128,20,4.326197637557984,9.2363046657078,0.7734579749701025,0.9293905484897209
full_table_lever4,Morgan+Physical,9,0,1899,68,128,20,7.260080801122328,13.7455259886711,0.4982642983485246,0.9661107833902882
full_table_lever4,Morgan,9,1,1762,106,128,20,14.406097493729499,18.855628328706967,-0.687948107287655,0.5224911989975167
full_table_lever4,Physical,9,1,1762,106,128,20,5.766066407203675,7.136204448830219,0.7582248615691342,0.8644829693653657
full_table_lever4,Morgan+Physical,9,1,1762,106,128,20,7.480080369049648,8.836068405078285,0.629323365257503,0.9191229307428059
full_table_lever4,Morgan,9,2,1767,98,129,19,5.995046431467486,18.117955746514955,0.028835246105209267,0.6225619570675552
full_table_lever4,Physical,9,2,1767,98,129,19,5.183719767800157,17.335552752226032,0.11090143145436193,0.08772860060525366
full_table_lever4,Morgan+Physical,9,2,1767,98,129,19,5.127966188384076,17.547062087943463,0.08907347407159849,0.6573268673360305
full_table_lever4,Morgan,9,3,1658,91,129,19,8.657386952960675,11.142160305736457,0.254013021311036,0.5854070643057084
full_table_lever4,Physical,9,3,1658,91,129,19,8.524529393337795,12.45019126076722,0.06858229685997308,0.8895835932049654
full_table_lever4,Morgan+Physical,9,3,1658,91,129,19,4.209662179365052,6.8951436776707515,0.7143204965530017,0.8812337181972169
full_table_lever4,Morgan,9,4,1610,94,129,19,12.755436560756605,20.862813817152773,0.11274313347461928,0.6012013484063777
full_table_lever4,Physical,9,4,1610,94,129,19,5.146746460999833,10.598522927852683,0.7710217184903727,0.8312338032054484
full_table_lever4,Morgan+Physical,9,4,1610,94,129,19,8.245325964323003,12.49119674447551,0.6819380611583734,0.7265831648423721
full_table_lever4_lever8,Morgan,0,0,1653,129,128,20,17.47119507527906,21.599442123461703,-1.6741928464324176,-0.3389326315754284
full_table_lever4_lever8,Physical,0,0,1653,129,128,20,6.167861953143926,7.699348024835335,0.660206117098944,0.8849459383331304
full_table_lever4_lever8,Morgan+Physical,0,0,1653,129,128,20,11.5445922516224,14.011160362264222,-0.1252677228847887,0.6056484042229775
full_table_lever4_lever8,Morgan,0,1,1553,136,128,20,8.33815480550878,13.630667307011283,0.20181293205702455,0.7940381050725369
full_table_lever4_lever8,Physical,0,1,1553,136,128,20,3.4042466184279494,5.6844881199203785,0.8611796362922357,0.918760045745052
full_table_lever4_lever8,Morgan+Physical,0,1,1553,136,128,20,5.69505517128215,8.052499177478987,0.721431612798209,0.8747245815538323
full_table_lever4_lever8,Morgan,0,2,1835,72,129,19,3.8953298016442193,7.523825755223635,0.3001096400921619,0.4804325077725105
full_table_lever4_lever8,Physical,0,2,1835,72,129,19,5.574771428298949,10.054514583208585,-0.24989856698109403,0.46423755882364176
full_table_lever4_lever8,Morgan+Physical,0,2,1835,72,129,19,4.689502141931322,7.428523434357083,0.31772799933869345,0.4784917509557662
full_table_lever4_lever8,Morgan,0,3,1893,46,129,19,9.54016445707238,26.493798269268716,0.057594647238111474,0.37135174671795407
full_table_lever4_lever8,Physical,0,3,1893,46,129,19,7.104817142403647,24.48679539505329,0.19496789844597795,0.8711569144970852
full_table_lever4_lever8,Morgan+Physical,0,3,1893,46,129,19,7.847231949184254,25.325193973793397,0.13889749073567603,0.6589270445329782
full_table_lever4_lever8,Morgan,0,4,1762,74,129,19,16.570041819552863,24.599387208943835,-0.25283025704663187,0.26163837946915003
full_table_lever4_lever8,Physical,0,4,1762,74,129,19,11.138189596775158,20.10024283439487,0.1635379061245954,0.9135141785990488
full_table_lever4_lever8,Morgan+Physical,0,4,1762,74,129,19,9.076147542031777,12.41381916075425,0.6809531323001647,0.9496914518393533
full_table_lever4_lever8,Morgan,1,0,1664,102,128,20,4.061681527425728,5.936864287685523,0.6610390579126553,0.8792497340377264
full_table_lever4_lever8,Physical,1,0,1664,102,128,20,4.7348666518454445,7.815588135288585,0.4125664521191067,0.857098437676149
full_table_lever4_lever8,Morgan+Physical,1,0,1664,102,128,20,4.032792030700982,5.912068309154949,0.6638645617138406,0.8833629803568808
full_table_lever4_lever8,Morgan,1,1,1812,78,128,20,10.206111941270095,25.133449965704234,-0.03288152650790077,0.605727164687546
full_table_lever4_lever8,Physical,1,1,1812,78,128,20,6.778353450194138,23.65517163250713,0.08504759325037214,0.8730494574097115
full_table_lever4_lever8,Morgan+Physical,1,1,1812,78,128,20,8.133337654021826,24.18607487844622,0.04351737969716618,0.8100607239285662
full_table_lever4_lever8,Morgan,1,2,1759,92,129,19,16.043514008024463,19.882768361800753,-0.3847897742976718,0.6753004774027536
full_table_lever4_lever8,Physical,1,2,1759,92,129,19,7.24300543044961,14.230356535660496,0.2906481517576278,0.771454475488179
full_table_lever4_lever8,Morgan+Physical,1,2,1759,92,129,19,8.369148694909137,10.189804720571429,0.6362844537665173,0.7721418632326225
full_table_lever4_lever8,Morgan,1,3,1661,111,129,19,10.44820604380702,18.97567303669437,0.024725476872247576,0.656604993229969
full_table_lever4_lever8,Physical,1,3,1661,111,129,19,5.13256762646512,10.78179188310735,0.6851422472963007,0.9527457597479302
full_table_lever4_lever8,Morgan+Physical,1,3,1661,111,129,19,7.422623986232176,14.491233935648085,0.43122141415542736,0.9465361640169696
full_table_lever4_lever8,Morgan,1,4,1800,74,129,19,10.934886412646318,13.861888977107574,0.047172610216992816,0.7028953893055729
full_table_lever4_lever8,Physical,1,4,1800,74,129,19,3.5173530092754883,7.5770167452077315,0.7153141414802355,0.9239039653300041
full_table_lever4_lever8,Morgan+Physical,1,4,1800,74,129,19,6.357452472119719,9.50948167352112,0.5515819434841833,0.9171360933733134
full_table_lever4_lever8,Morgan,2,0,1723,74,128,20,17.24000975439329,25.3771062461447,-0.31722960531288713,0.17948806865882874
full_table_lever4_lever8,Physical,2,0,1723,74,128,20,13.15317249881229,22.01404227124554,0.008764427086115911,0.8444611698484699
full_table_lever4_lever8,Morgan+Physical,2,0,1723,74,128,20,10.65806948471688,13.848409130922521,0.6077372591669277,0.820555582250558
full_table_lever4_lever8,Morgan,2,1,1652,116,128,20,4.345384510730875,7.067101035838278,0.32848681822890524,0.4050934568313955
full_table_lever4_lever8,Physical,2,1,1652,116,128,20,2.7282638482126695,5.492283654496894,0.5944187596199402,0.8089458358322409
full_table_lever4_lever8,Morgan+Physical,2,1,1652,116,128,20,3.3077673647650356,5.912733163491038,0.5299451891912823,0.7888485815996567
full_table_lever4_lever8,Morgan,2,2,1804,77,129,19,11.273527882315896,25.704363125664496,-0.18995853465471968,0.4193823054762153
full_table_lever4_lever8,Physical,2,2,1804,77,129,19,8.278505176990063,24.10808181877093,-0.046751148129539066,0.7521632827153831
full_table_lever4_lever8,Morgan+Physical,2,2,1804,77,129,19,9.515887090806837,24.58429046534011,-0.08851267251467254,0.6858656302550521
full_table_lever4_lever8,Morgan,2,3,1733,99,129,19,5.5689828933253445,6.578818662105816,0.39365275646004916,0.7077235034032305
full_table_lever4_lever8,Physical,2,3,1733,99,129,19,3.291855628454806,5.639225682674416,0.5544827469737592,0.8068936373220883
full_table_lever4_lever8,Morgan+Physical,2,3,1733,99,129,19,3.5597763921641343,4.936403870333909,0.658613027286175,0.8136142899561875
full_table_lever4_lever8,Morgan,2,4,1784,91,129,19,16.75804614987216,20.927002151521158,-0.7155229749702035,0.7397401819298796
full_table_lever4_lever8,Physical,2,4,1784,91,129,19,5.81961542079213,8.258955371806442,0.7328022852318957,0.8961756719812128
full_table_lever4_lever8,Morgan+Physical,2,4,1784,91,129,19,9.296541430630528,11.034631380055686,0.5230222062993221,0.9008667239270124
full_table_lever4_lever8,Morgan,3,0,1718,109,128,20,9.567075030349594,19.26871888882347,0.06380637190401284,0.6862748159889919
full_table_lever4_lever8,Physical,3,0,1718,109,128,20,4.735074082432316,16.278811920337457,0.331801632572552,0.8054201370185234
full_table_lever4_lever8,Morgan+Physical,3,0,1718,109,128,20,7.041222917098297,17.194012079167628,0.2545569771824422,0.7367200057929324
full_table_lever4_lever8,Morgan,3,1,1887,40,128,20,12.083034221029282,24.73894672116281,-0.014110511076221854,0.6859894802506552
full_table_lever4_lever8,Physical,3,1,1887,40,128,20,9.450997276520727,13.785597406189234,0.6850989882219164,0.7065511770845997
full_table_lever4_lever8,Morgan+Physical,3,1,1887,40,128,20,9.599907977199555,14.966487942262116,0.6288387114185452,0.7923929657135141
full_table_lever4_lever8,Morgan,3,2,1531,162,129,19,11.094489757005666,14.804231048588164,-0.03536746788332579,0.6860336491936398
full_table_lever4_lever8,Physical,3,2,1531,162,129,19,4.962011339724505,6.547686662765975,0.7974657003919134,0.9117556813517302
full_table_lever4_lever8,Morgan+Physical,3,2,1531,162,129,19,7.764838443624237,10.43408286129057,0.4856824207891419,0.85165745624292
full_table_lever4_lever8,Morgan,3,3,1708,91,129,19,11.984843242821329,21.035791897240948,0.05719168238226058,0.7258112358487827
full_table_lever4_lever8,Physical,3,3,1708,91,129,19,6.3123971916534085,10.910263317584876,0.7463842979403776,0.9433304943141094
full_table_lever4_lever8,Morgan+Physical,3,3,1708,91,129,19,8.626600860813687,15.675723598263149,0.4764467400426402,0.9565154237050723
full_table_lever4_lever8,Morgan,3,4,1852,55,129,19,10.50629147110818,13.202897163235026,-0.33301563681860347,-0.2146051261487779
full_table_lever4_lever8,Physical,3,4,1852,55,129,19,13.003867188167225,23.026446194862878,-3.0546240736364405,0.9450213924387891
full_table_lever4_lever8,Morgan+Physical,3,4,1852,55,129,19,5.604085395335805,7.057589441509275,0.6191012529037618,0.9360241802612178
full_table_lever4_lever8,Morgan,4,0,1897,59,128,20,11.257906172348283,23.769107496073154,-0.1104193299238454,0.46703923423204724
full_table_lever4_lever8,Physical,4,0,1897,59,128,20,6.5039498594575,22.236328703525047,0.028176415774140096,0.6344692566317288
full_table_lever4_lever8,Morgan+Physical,4,0,1897,59,128,20,8.601976102602684,22.658355571032637,-0.009062436374273952,0.5771034589098161
full_table_lever4_lever8,Morgan,4,1,1588,117,128,20,5.301050474650065,6.486712090108719,0.5595420580920425,0.7970666808957926
full_table_lever4_lever8,Physical,4,1,1588,117,128,20,2.389356063070705,3.4509887540678443,0.8753356466984646,0.9474607768167499
full_table_lever4_lever8,Morgan+Physical,4,1,1588,117,128,20,3.3603550018675716,4.499092416327257,0.7881126503670803,0.9267061328071822
full_table_lever4_lever8,Morgan,4,2,1598,111,129,19,14.234926721019573,21.323378211557642,-0.12643660490913167,0.6379752900299078
full_table_lever4_lever8,Physical,4,2,1598,111,129,19,8.020570382632005,14.096047154331274,0.5077458086927058,0.8894986445631083
full_table_lever4_lever8,Morgan+Physical,4,2,1598,111,129,19,7.2168161596830895,10.767665760771985,0.7127646633763851,0.8950082592708172
full_table_lever4_lever8,Morgan,4,3,1819,73,129,19,6.070686247530375,17.285264130784586,0.15531525607223973,0.8981458008569964
full_table_lever4_lever8,Physical,4,3,1819,73,129,19,2.476377358350362,6.528004335226076,0.8795231848783329,0.9712448101272169
full_table_lever4_lever8,Morgan+Physical,4,3,1819,73,129,19,4.137917717021786,10.232917528007214,0.7039660242766765,0.9733347161001277
full_table_lever4_lever8,Morgan,4,4,1794,97,129,19,14.325231920615915,19.91740180494016,-0.5484254021752453,0.6449690545389399
full_table_lever4_lever8,Physical,4,4,1794,97,129,19,9.116263774871827,14.668783229296253,0.16012800651569037,0.8504717253938222
full_table_lever4_lever8,Morgan+Physical,4,4,1794,97,129,19,11.245806979464502,14.406729850269217,0.18986808218659956,0.882842747370524
full_table_lever4_lever8,Morgan,5,0,1883,63,128,20,9.13262897237142,18.682330821092076,-0.18656441879165753,0.7505029801787344
full_table_lever4_lever8,Physical,5,0,1883,63,128,20,5.287919979307387,8.194496072727569,0.7717169282953521,0.4516348842352071
full_table_lever4_lever8,Morgan+Physical,5,0,1883,63,128,20,6.07142296055385,10.90163643985209,0.5959709484961137,0.7314852301946204
full_table_lever4_lever8,Morgan,5,1,1719,81,128,20,10.380718049847637,13.888525149372503,0.3021847422763012,0.8006549315732668
full_table_lever4_lever8,Physical,5,1,1719,81,128,20,14.453556872200672,23.04397727771434,-0.921069507106868,0.8894557439764865
full_table_lever4_lever8,Morgan+Physical,5,1,1719,81,128,20,8.761418627477575,11.16006245176098,0.5494308509965353,0.8915025741648126
full_table_lever4_lever8,Morgan,5,2,1560,111,129,19,15.848912415427817,24.513484238142006,-0.08460947942957553,0.6751759848375167
full_table_lever4_lever8,Physical,5,2,1560,111,129,19,5.227567121774485,16.553891986898872,0.5053892611437645,0.9600797535895848
full_table_lever4_lever8,Morgan+Physical,5,2,1560,111,129,19,8.636218061619664,17.89672679465496,0.42188994394625146,0.9399899013089679
full_table_lever4_lever8,Morgan,5,3,1680,128,129,19,5.5755393881917,7.449488118356971,0.5124129268971024,0.91616691391942
full_table_lever4_lever8,Physical,5,3,1680,128,129,19,3.175152055609226,4.5082589881775,0.8214264904858084,0.9045186021262525
full_table_lever4_lever8,Morgan+Physical,5,3,1680,128,129,19,3.5768267258286475,4.659194365267526,0.8092691362150545,0.9545625876231181
full_table_lever4_lever8,Morgan,5,4,1854,74,129,19,10.97655154297803,22.104767378190218,-0.046788895749129145,0.32537059419629527
full_table_lever4_lever8,Physical,5,4,1854,74,129,19,6.027455141686104,12.685535208686364,0.6552495837201939,0.8271803520771388
full_table_lever4_lever8,Morgan+Physical,5,4,1854,74,129,19,8.168420167433249,17.051181126681968,0.3771318204579901,0.7813746827192037
full_table_lever4_lever8,Morgan,6,0,1885,43,128,20,10.49600611939541,22.08465501875225,-0.054667337882587264,0.3959154539596447
full_table_lever4_lever8,Physical,6,0,1885,43,128,20,5.467215322849362,8.191879300051347,0.85488866191549,0.8904171769438892
full_table_lever4_lever8,Morgan+Physical,6,0,1885,43,128,20,7.436647537763728,12.315728634562788,0.6720146244938487,0.8610532005166885
full_table_lever4_lever8,Morgan,6,1,1866,60,128,20,14.972013125864667,27.170486516903768,-0.19517377823251292,0.2763675045714083
full_table_lever4_lever8,Physical,6,1,1866,60,128,20,7.878981541697184,14.875524109976942,0.6417544712785141,0.7761443577768027
full_table_lever4_lever8,Morgan+Physical,6,1,1866,60,128,20,11.125495885594686,20.557533207233252,0.315807629198548,0.7132756039564531
full_table_lever4_lever8,Morgan,6,2,1580,126,129,19,8.151230286056277,9.280591938152641,0.1848405801037758,0.8034657249989497
full_table_lever4_lever8,Physical,6,2,1580,126,129,19,3.613929692256261,5.383170121094887,0.7257368837507816,0.9214723320657171
full_table_lever4_lever8,Morgan+Physical,6,2,1580,126,129,19,5.521049427020363,6.77360957212407,0.5657583085067741,0.926726013608294
full_table_lever4_lever8,Morgan,6,3,1699,124,129,19,7.1772979597091675,9.778766193914286,0.33044131891568573,0.6010303344265859
full_table_lever4_lever8,Physical,6,3,1699,124,129,19,4.760327049726055,10.063006935629886,0.29095130128243096,0.9108691550235019
full_table_lever4_lever8,Morgan+Physical,6,3,1699,124,129,19,3.1641472763369163,3.9070946630065926,0.8931121386612407,0.9277558934803851
full_table_lever4_lever8,Morgan,6,4,1666,104,129,19,16.103036410959685,25.022874918756035,-0.4596303669267625,0.13436148342531418
full_table_lever4_lever8,Physical,6,4,1666,104,129,19,7.3050554184407455,17.2768917969148,0.3041755152501918,0.894772571231422
full_table_lever4_lever8,Morgan+Physical,6,4,1666,104,129,19,8.849064194573621,18.081773751807628,0.23783229667949946,0.8971519149556044
full_table_lever4_lever8,Morgan,7,0,1659,114,128,20,7.5136832342783615,11.176993828353902,0.27590231007145594,0.4447981000088264
full_table_lever4_lever8,Physical,7,0,1659,114,128,20,9.118881319434182,18.73061267308618,-1.0335324462528717,0.9250664132512153
full_table_lever4_lever8,Morgan+Physical,7,0,1659,114,128,20,5.355693555677982,8.387825677739427,0.59220121096291,0.8572222475993618
full_table_lever4_lever8,Morgan,7,1,1806,77,128,20,18.722069678665758,25.52008118865596,-0.5082816625565079,0.39691592991358277
full_table_lever4_lever8,Physical,7,1,1806,77,128,20,3.760845197405133,7.496178646107034,0.8698637753143881,0.8739687585528342
full_table_lever4_lever8,Morgan+Physical,7,1,1806,77,128,20,10.599075925455466,14.601317417969444,0.5062553168655788,0.8368732199726187
full_table_lever4_lever8,Morgan,7,2,1724,80,129,19,7.1251459592914586,9.061810651836375,0.3427093835996182,0.5901298444022282
full_table_lever4_lever8,Physical,7,2,1724,80,129,19,3.616865106210709,5.10496285063672,0.7914008003698384,0.8664237850870341
full_table_lever4_lever8,Morgan+Physical,7,2,1724,80,129,19,5.095044462070465,6.591173338301319,0.6522613754977824,0.8742224427292492
full_table_lever4_lever8,Morgan,7,3,1746,78,129,19,6.217144198565363,19.620280469659118,0.08902024335722336,0.6927171167763528
full_table_lever4_lever8,Physical,7,3,1746,78,129,19,3.9663530642934948,18.175757896847955,0.21822214854574284,0.9339736833612465
full_table_lever4_lever8,Morgan+Physical,7,3,1746,78,129,19,4.805661260434666,18.712846417286066,0.17133688108909073,0.9437889830462936
full_table_lever4_lever8,Morgan,7,4,1761,108,129,19,14.260067944138136,21.28200048530773,-0.5273944880866361,0.6656557518162227
full_table_lever4_lever8,Physical,7,4,1761,108,129,19,5.140623368369209,8.248064656874918,0.7705804439684235,0.9276895643024452
full_table_lever4_lever8,Morgan+Physical,7,4,1761,108,129,19,8.482462728659312,13.531010607000123,0.38257133196278015,0.8873885235590443
full_table_lever4_lever8,Morgan,8,0,1540,136,128,20,5.990877626834196,15.538575896023016,0.30431544534464583,0.8197814260598245
full_table_lever4_lever8,Physical,8,0,1540,136,128,20,2.900961489340838,13.601700751565046,0.4669396670531235,0.9508752357611393
full_table_lever4_lever8,Morgan+Physical,8,0,1540,136,128,20,4.06898561707104,14.199710357065014,0.41903642199341695,0.9292136240867284
full_table_lever4_lever8,Morgan,8,1,1795,82,128,20,10.667803686449938,13.989501273832621,0.1644182606072263,0.681769742598772
full_table_lever4_lever8,Physical,8,1,1795,82,128,20,11.455611781056103,19.241609311369984,-0.5807648152042655,0.9035026021995194
full_table_lever4_lever8,Morgan+Physical,8,1,1795,82,128,20,7.186101385587365,9.662646955618834,0.6013638313350944,0.9106756802913061
full_table_lever4_lever8,Morgan,8,2,1732,80,129,19,6.475752363214492,7.380552396389646,0.45462552111616705,0.7830067687596108
full_table_lever4_lever8,Physical,8,2,1732,80,129,19,3.0930577400302885,3.9267898822807834,0.8456195145721824,0.9490447122961245
full_table_lever4_lever8,Morgan+Physical,8,2,1732,80,129,19,3.9443946314430236,4.721240849498537,0.7768333019335807,0.920176881556642
full_table_lever4_lever8,Morgan,8,3,1877,51,129,19,18.208193244709687,32.08667865357949,-0.3463475674618701,0.2089273708442154
full_table_lever4_lever8,Physical,8,3,1877,51,129,19,10.574112277461033,16.34334988845532,0.6507070523393197,0.6940295661479687
full_table_lever4_lever8,Morgan+Physical,8,3,1877,51,129,19,13.717590677747538,22.329285705418148,0.3479853987475008,0.6988355197009123
full_table_lever4_lever8,Morgan,8,4,1752,108,129,19,13.964183670750371,18.88475769547927,-0.4414496444479612,-0.003147534837402245
full_table_lever4_lever8,Physical,8,4,1752,108,129,19,4.789267212673469,6.398363851413255,0.834531813203388,0.8950130439759244
full_table_lever4_lever8,Morgan+Physical,8,4,1752,108,129,19,9.168663382212323,12.059022629667462,0.41223886991245673,0.8549808173422343
full_table_lever4_lever8,Morgan,9,0,1899,68,128,20,11.96990836878384,20.20173356085808,-0.0837511122666823,0.5302122418444041
full_table_lever4_lever8,Physical,9,0,1899,68,128,20,12.026396236503828,21.565091638394144,-0.23496569612320695,0.9451314330154782
full_table_lever4_lever8,Morgan+Physical,9,0,1899,68,128,20,6.355867711179395,10.353753904181875,0.7153259011115287,0.9563852761691192
full_table_lever4_lever8,Morgan,9,1,1762,106,128,20,14.406097493729499,18.855628328706967,-0.687948107287655,0.5224911989975167
full_table_lever4_lever8,Physical,9,1,1762,106,128,20,5.980507533703211,7.212753621236768,0.7530100581791618,0.9275700498994275
full_table_lever4_lever8,Morgan+Physical,9,1,1762,106,128,20,7.536804310996577,8.940713538674558,0.6204915646641596,0.8918705302608768
full_table_lever4_lever8,Morgan,9,2,1767,98,129,19,5.995046431467486,18.117955746514955,0.028835246105209267,0.6225619570675552
full_table_lever4_lever8,Physical,9,2,1767,98,129,19,3.8812537674573004,16.80329330361062,0.16465988168151857,0.7970423410185837
full_table_lever4_lever8,Morgan+Physical,9,2,1767,98,129,19,4.405397184986971,17.23592451653033,0.12109144826495233,0.7776550153434081
full_table_lever4_lever8,Morgan,9,3,1658,91,129,19,8.657386952960675,11.142160305736457,0.254013021311036,0.5854070643057084
full_table_lever4_lever8,Physical,9,3,1658,91,129,19,3.2485785970528562,6.685188117631465,0.731453369834171,0.8318237408729413
full_table_lever4_lever8,Morgan+Physical,9,3,1658,91,129,19,5.399291458302592,7.602350260870289,0.6527132679584995,0.8307907502853797
full_table_lever4_lever8,Morgan,9,4,1610,94,129,19,12.755436560756605,20.862813817152773,0.11274313347461928,0.6012013484063777
full_table_lever4_lever8,Physical,9,4,1610,94,129,19,7.623549990516013,11.40907258195751,0.7346590434848687,0.8158603757031974
full_table_lever4_lever8,Morgan+Physical,9,4,1610,94,129,19,9.800407431850028,15.522107533418449,0.5088603686381439,0.8074492133751997
full_table_plus_nbs_hybrid,Morgan,0,0,2015,129,470,20,16.180334198145903,20.139240662727072,-1.3248441137894762,-0.08809666086747867
full_table_plus_nbs_hybrid,Physical,0,0,2015,129,470,20,9.316422482217007,10.742587333288615,0.3385067143375401,0.6773740152850513
full_table_plus_nbs_hybrid,Morgan+Physical,0,0,2015,129,470,20,10.32769702639321,13.447486615138827,-0.03654914001051712,0.6215705293959736
full_table_plus_nbs_hybrid,Morgan,0,1,1912,136,470,20,7.95408770010331,13.693125485840202,0.19448129847832896,0.6242797635358746
full_table_plus_nbs_hybrid,Physical,0,1,1912,136,470,20,4.164549196821101,8.56577169022037,0.684787493183638,0.9278248771158912
full_table_plus_nbs_hybrid,Morgan+Physical,0,1,1912,136,470,20,5.375099238580816,10.705483753335917,0.5076396803109431,0.8964835157134178
full_table_plus_nbs_hybrid,Morgan,0,2,2195,72,471,19,4.63972960591846,7.7103563875065495,0.2649761042377393,0.4459490091438048
full_table_plus_nbs_hybrid,Physical,0,2,2195,72,471,19,5.588475558683608,6.910477321289951,0.409569688046725,0.4720939612361073
full_table_plus_nbs_hybrid,Morgan+Physical,0,2,2195,72,471,19,4.680268311691283,6.464554849508603,0.48331030170605305,0.4719254645692374
full_table_plus_nbs_hybrid,Morgan,0,3,2251,46,471,19,8.931504811286924,26.940658422249523,0.025536211931298514,0.5240357352633894
full_table_plus_nbs_hybrid,Physical,0,3,2251,46,471,19,8.431892053956568,25.993414108012754,0.09285659974011651,0.840234990445869
full_table_plus_nbs_hybrid,Morgan+Physical,0,3,2251,46,471,19,8.172733312358025,26.243413305246207,0.07532325789224392,0.6374057537540778
full_table_plus_nbs_hybrid,Morgan,0,4,2120,74,471,19,16.97620757402575,25.989283846234763,-0.39840278748475133,0.35123790221028495
full_table_plus_nbs_hybrid,Physical,0,4,2120,74,471,19,12.71938105032225,18.250427866554283,0.31041190150992537,0.9343989358659623
full_table_plus_nbs_hybrid,Morgan+Physical,0,4,2120,74,471,19,6.152044366533434,9.079702523043736,0.829318324953226,0.9297438118773905
full_table_plus_nbs_hybrid,Morgan,1,0,2023,102,470,20,4.147549080635519,5.644890903858512,0.6935592467847143,0.46109020341627865
full_table_plus_nbs_hybrid,Physical,1,0,2023,102,470,20,5.933758980911855,9.223803548973281,0.1818074804109603,0.8565545305883928
full_table_plus_nbs_hybrid,Morgan+Physical,1,0,2023,102,470,20,4.6637316244461955,6.421273971016979,0.6034683882766649,0.43956126246058896
full_table_plus_nbs_hybrid,Morgan,1,1,2171,78,470,20,10.479045528319922,25.72536235331509,-0.08210473742324753,0.48758469079427263
full_table_plus_nbs_hybrid,Physical,1,1,2171,78,470,20,7.310516778609447,22.9836314708126,0.13625887955556049,0.8691603653968673
full_table_plus_nbs_hybrid,Morgan+Physical,1,1,2171,78,470,20,8.354896012629975,24.170055659055915,0.04478397883339391,0.8503638435230361
full_table_plus_nbs_hybrid,Morgan,1,2,2118,92,471,19,16.84955171037757,21.035276231792622,-0.5499817369458126,0.6290379117498511
full_table_plus_nbs_hybrid,Physical,1,2,2118,92,471,19,8.602479366074439,10.29846858660608,0.6284857817986417,0.7362254593773576
full_table_plus_nbs_hybrid,Morgan+Physical,1,2,2118,92,471,19,10.616052355413853,13.868973163936968,0.32621900376460633,0.7290669582177987
full_table_plus_nbs_hybrid,Morgan,1,3,2021,111,471,19,10.607580292895893,19.511523791808358,-0.031133455422113876,0.6552077151631311
full_table_plus_nbs_hybrid,Physical,1,3,2021,111,471,19,4.138270445938797,5.569844303364218,0.9159730474895901,0.9348972726825061
full_table_plus_nbs_hybrid,Morgan+Physical,1,3,2021,111,471,19,6.957491557710664,11.597154983704469,0.6357199190400837,0.9539725372919949
full_table_plus_nbs_hybrid,Morgan,1,4,2160,74,471,19,9.36533645258723,12.317605430283022,0.24764644588618168,0.6405266740166798
full_table_plus_nbs_hybrid,Physical,1,4,2160,74,471,19,15.165447791073774,20.35555846578231,-1.0546386075229521,0.8696868976482398
full_table_plus_nbs_hybrid,Morgan+Physical,1,4,2160,74,471,19,8.820514415534769,11.814563359122404,0.30784278261045617,0.847045668361355
full_table_plus_nbs_hybrid,Morgan,2,0,2082,74,470,20,17.49818110657357,26.48787728018901,-0.43506508592478266,0.3738701942161478
full_table_plus_nbs_hybrid,Physical,2,0,2082,74,470,20,13.140894256185582,17.843747765797023,0.3487474477222845,0.9038633069118093
full_table_plus_nbs_hybrid,Morgan+Physical,2,0,2082,74,470,20,6.5602875912186915,8.899984022229132,0.8379848074880762,0.9330902741279637
full_table_plus_nbs_hybrid,Morgan,2,1,2012,116,470,20,4.507641404513655,7.161223852750746,0.31048067786867084,0.18841349361854653
full_table_plus_nbs_hybrid,Physical,2,1,2012,116,470,20,4.790746674552458,8.834905484261764,-0.04948384371184966,0.8108034993474994
full_table_plus_nbs_hybrid,Morgan+Physical,2,1,2012,116,470,20,3.969441774417614,7.122351803946644,0.31794596149573584,0.8035296101400741
full_table_plus_nbs_hybrid,Morgan,2,2,2164,77,471,19,11.524804496913761,26.131487455655996,-0.2298337161093318,0.4765844730258233
full_table_plus_nbs_hybrid,Physical,2,2,2164,77,471,19,8.22743221837824,23.771295991267095,-0.01770955491230275,0.7451187464419317
full_table_plus_nbs_hybrid,Morgan+Physical,2,2,2164,77,471,19,9.416868593191172,24.514525261544232,-0.08234348435091854,0.7646467940175807
full_table_plus_nbs_hybrid,Morgan,2,3,2093,99,471,19,6.246451617161915,7.321411815020987,0.24904269258684653,0.6643948478130044
full_table_plus_nbs_hybrid,Physical,2,3,2093,99,471,19,3.0440009650779496,4.322806960019069,0.7382074639440144,0.8719801806084988
full_table_plus_nbs_hybrid,Morgan+Physical,2,3,2093,99,471,19,3.7201795245160962,4.5717778601171,0.7071833171568741,0.879587438098411
full_table_plus_nbs_hybrid,Morgan,2,4,2142,91,471,19,16.72722405012361,20.7921438059422,-0.6934837794590238,0.7715801781441313
full_table_plus_nbs_hybrid,Physical,2,4,2142,91,471,19,9.147208364801092,11.880994684728238,0.4470471460358162,0.8473230824402658
full_table_plus_nbs_hybrid,Morgan+Physical,2,4,2142,91,471,19,12.829073598128096,16.18305188739559,-0.025896041260473845,0.8724397953122284
full_table_plus_nbs_hybrid,Morgan,3,0,2077,109,470,20,9.610353538429193,19.47918751014731,0.04324293999709916,0.7369571363832909
full_table_plus_nbs_hybrid,Physical,3,0,2077,109,470,20,6.568166344882371,17.150600033609905,0.25831646658644114,0.8425993095100023
full_table_plus_nbs_hybrid,Morgan+Physical,3,0,2077,109,470,20,7.82159436579713,17.951086992950238,0.18746607578498764,0.8256989961787151
full_table_plus_nbs_hybrid,Morgan,3,1,2247,40,470,20,11.941094984674454,25.274340354018744,-0.0584796984552034,0.6783142228239876
full_table_plus_nbs_hybrid,Physical,3,1,2247,40,470,20,11.246904071664812,19.52431469307219,0.3683529508887379,0.8168988192282113
full_table_plus_nbs_hybrid,Morgan+Physical,3,1,2247,40,470,20,10.854810688114167,21.65610289560335,0.22288823124148105,0.8033387696640771
full_table_plus_nbs_hybrid,Morgan,3,2,1892,162,471,19,11.262419105374372,15.028250604224063,-0.06693917894992629,0.6319528822511021
full_table_plus_nbs_hybrid,Physical,3,2,1892,162,471,19,5.002541359757788,6.698442409442368,0.7880319221181613,0.9220275781842177
full_table_plus_nbs_hybrid,Morgan+Physical,3,2,1892,162,471,19,7.872839505346321,10.37017041670088,0.49196387744871317,0.8916313230053704
full_table_plus_nbs_hybrid,Morgan,3,3,2067,91,471,19,12.044785331105663,21.1782209894161,0.04438133171188885,0.5634633941153315
full_table_plus_nbs_hybrid,Physical,3,3,2067,91,471,19,4.486944596477131,6.288896598219952,0.9157335725508727,0.9523035993994997
full_table_plus_nbs_hybrid,Morgan+Physical,3,3,2067,91,471,19,7.926054341921965,12.156563205085476,0.6851328895678102,0.9493369215197505
full_table_plus_nbs_hybrid,Morgan,3,4,2210,55,471,19,10.215712416015625,13.448700298115954,-0.38311214148135475,0.21070285868004385
full_table_plus_nbs_hybrid,Physical,3,4,2210,55,471,19,10.934977644200414,17.039389709796826,-1.2202651101539281,0.8894904770964642
full_table_plus_nbs_hybrid,Morgan+Physical,3,4,2210,55,471,19,3.087844633249456,3.9594494206945465,0.8801145820321071,0.9060374419234176
full_table_plus_nbs_hybrid,Morgan,4,0,2255,59,470,20,11.50074671295942,24.244130642216824,-0.15524605714755402,0.596213747573188
full_table_plus_nbs_hybrid,Physical,4,0,2255,59,470,20,6.382428738674876,22.19119152710685,0.03211779047995733,0.673516444190411
full_table_plus_nbs_hybrid,Morgan+Physical,4,0,2255,59,470,20,8.785802439317862,22.991621528318806,-0.038963923011533064,0.6828267749619623
full_table_plus_nbs_hybrid,Morgan,4,1,1947,117,470,20,5.230964835348537,6.220214138161303,0.5949898824208656,0.6582263828141247
full_table_plus_nbs_hybrid,Physical,4,1,1947,117,470,20,3.437502378262251,5.12064077143713,0.7255243513864131,0.927796159914975
full_table_plus_nbs_hybrid,Morgan+Physical,4,1,1947,117,470,20,3.8087806375069904,4.85061729994898,0.7537086137746276,0.9429009028136315
full_table_plus_nbs_hybrid,Morgan,4,2,1958,111,471,19,14.179478717302201,21.775224421370847,-0.17468118913655473,0.6472835349720453
full_table_plus_nbs_hybrid,Physical,4,2,1958,111,471,19,15.710870372765344,21.627220622547185,-0.15876709974094827,0.8728772122009881
full_table_plus_nbs_hybrid,Morgan+Physical,4,2,1958,111,471,19,6.608524554189047,8.414436481453647,0.824593853492859,0.8785170261161445
full_table_plus_nbs_hybrid,Morgan,4,3,2179,73,471,19,6.780802764375242,17.816546043323847,0.1025926154592337,0.8786763885731819
full_table_plus_nbs_hybrid,Physical,4,3,2179,73,471,19,7.078074654323107,13.31534173126078,0.4987582430926404,0.8686046757681913
full_table_plus_nbs_hybrid,Morgan+Physical,4,3,2179,73,471,19,6.246622478699357,15.053877535504148,0.35932265490663606,0.870685996876262
full_table_plus_nbs_hybrid,Morgan,4,4,2154,97,471,19,14.886246402386538,20.245563681628315,-0.5998698863097598,0.6933766156633655
full_table_plus_nbs_hybrid,Physical,4,4,2154,97,471,19,8.908718707094486,10.728014461079596,0.5507753091755789,0.9146429529711885
full_table_plus_nbs_hybrid,Morgan+Physical,4,4,2154,97,471,19,11.636183800844805,15.17839417715469,0.10075802220222918,0.8745613645991811
full_table_plus_nbs_hybrid,Morgan,5,0,2242,63,470,20,9.68970940320454,19.153602795786018,-0.24718293110294765,0.7417668396929106
full_table_plus_nbs_hybrid,Physical,5,0,2242,63,470,20,6.082930537874737,12.552321657703134,0.4643546684729558,0.8250608375088091
full_table_plus_nbs_hybrid,Morgan+Physical,5,0,2242,63,470,20,7.025808451334635,15.458256222657978,0.18763686334293128,0.859497948688131
full_table_plus_nbs_hybrid,Morgan,5,1,2078,81,470,20,10.630370335482374,14.662554665400938,0.22223662111917042,0.7139211323458766
full_table_plus_nbs_hybrid,Physical,5,1,2078,81,470,20,12.361420599346395,17.358226660331955,-0.09003115725221145,0.8301631427595245
full_table_plus_nbs_hybrid,Morgan+Physical,5,1,2078,81,470,20,7.3794191637957525,10.655316005523355,0.5892657961379961,0.8458926472866009
full_table_plus_nbs_hybrid,Morgan,5,2,1921,111,471,19,15.684290761570285,24.905931092051297,-0.11961542088106536,0.7151951388067619
full_table_plus_nbs_hybrid,Physical,5,2,1921,111,471,19,8.207872997198706,18.19792133003051,0.4022674950072218,0.8830270685962565
full_table_plus_nbs_hybrid,Morgan+Physical,5,2,1921,111,471,19,11.74096142631462,21.178441165632016,0.19043581134240228,0.820951747559051
full_table_plus_nbs_hybrid,Morgan,5,3,2039,128,471,19,7.147419546175003,8.86123489417084,0.31009734304003767,0.8630872727328915
full_table_plus_nbs_hybrid,Physical,5,3,2039,128,471,19,7.977392735618353,9.723305937326032,0.16933249612005696,0.8966435710716816
full_table_plus_nbs_hybrid,Morgan+Physical,5,3,2039,128,471,19,4.211525919723511,5.117314666895198,0.7699175119100883,0.9150083484575118
full_table_plus_nbs_hybrid,Morgan,5,4,2213,74,471,19,11.569542623545674,22.725098569657135,-0.10636584605793553,0.3097815249306061
full_table_plus_nbs_hybrid,Physical,5,4,2213,74,471,19,7.348255383336866,13.810854676550871,0.5913718136213806,0.7360522574442724
full_table_plus_nbs_hybrid,Morgan+Physical,5,4,2213,74,471,19,4.866697198068774,7.313887249853123,0.8854002339043573,0.6560178496319821
full_table_plus_nbs_hybrid,Morgan,6,0,2243,43,470,20,10.349307708385378,22.572188195487513,-0.10174625357973399,0.453732103139413
full_table_plus_nbs_hybrid,Physical,6,0,2243,43,470,20,9.886762057104775,16.797362350700435,0.3898783458507663,0.7526538288016922
full_table_plus_nbs_hybrid,Morgan+Physical,6,0,2243,43,470,20,9.859777486135792,19.10060889196334,0.2110877835313607,0.7241017566082693
full_table_plus_nbs_hybrid,Morgan,6,1,2224,60,470,20,15.190844935735068,27.4015996473038,-0.21559263405170448,0.5110267439960364
full_table_plus_nbs_hybrid,Physical,6,1,2224,60,470,20,10.269344815635682,16.865365632710553,0.5395020002442569,0.8362078058864427
full_table_plus_nbs_hybrid,Morgan+Physical,6,1,2224,60,470,20,6.7900541951497395,11.123479761224342,0.7996831122042629,0.824023239234264
full_table_plus_nbs_hybrid,Morgan,6,2,1941,126,471,19,7.692532337358265,8.74936870920607,0.27548958329909434,0.8107124436282093
full_table_plus_nbs_hybrid,Physical,6,2,1941,126,471,19,4.388876497059778,7.166953856582436,0.5138610558810358,0.9178264760231296
full_table_plus_nbs_hybrid,Morgan+Physical,6,2,1941,126,471,19,5.544070878031899,7.031837798646275,0.5320182839795828,0.9214185414694022
full_table_plus_nbs_hybrid,Morgan,6,3,2058,124,471,19,8.487609407843316,11.265516652467891,0.11136636362982721,0.7342313925086105
full_table_plus_nbs_hybrid,Physical,6,3,2058,124,471,19,11.474142315037017,14.721534014920907,-0.5174928511695611,0.8627475628020781
full_table_plus_nbs_hybrid,Morgan+Physical,6,3,2058,124,471,19,4.671831773007302,5.63593202781917,0.7775911760720269,0.8740634965827332
full_table_plus_nbs_hybrid,Morgan,6,4,2027,104,471,19,16.596617044636652,25.48723886483659,-0.5143074477729597,0.48379165056959944
full_table_plus_nbs_hybrid,Physical,6,4,2027,104,471,19,10.95067005154243,19.937908949525283,0.0733244664018744,0.8263806403651497
full_table_plus_nbs_hybrid,Morgan+Physical,6,4,2027,104,471,19,13.522525256381401,22.471143680026753,-0.17711483548871532,0.6628271607673185
full_table_plus_nbs_hybrid,Morgan,7,0,2020,114,470,20,7.580425450790138,11.774157625326486,0.196461239291168,0.46496867670193104
full_table_plus_nbs_hybrid,Physical,7,0,2020,114,470,20,6.496708778394733,10.939789529643082,0.30631057629313496,0.9340097562419015
full_table_plus_nbs_hybrid,Morgan+Physical,7,0,2020,114,470,20,3.9127950129391857,6.829717950148221,0.7296336255314242,0.908682010079637
full_table_plus_nbs_hybrid,Morgan,7,1,2163,77,470,20,18.438345460718327,25.81369351636801,-0.5431873209322031,0.3566127945079714
full_table_plus_nbs_hybrid,Physical,7,1,2163,77,470,20,10.791248092601828,15.556203833803261,0.4395645509297782,0.7897748108194139
full_table_plus_nbs_hybrid,Morgan+Physical,7,1,2163,77,470,20,14.371207571847098,20.31648338328935,0.04409348358346976,0.6891959542664787
full_table_plus_nbs_hybrid,Morgan,7,2,2082,80,471,19,6.6787318283653265,8.684168266394545,0.3963517785300025,0.7063049574574098
full_table_plus_nbs_hybrid,Physical,7,2,2082,80,471,19,5.582550071105957,8.275687229235674,0.4518043274269603,0.80381126887253
full_table_plus_nbs_hybrid,Morgan+Physical,7,2,2082,80,471,19,5.796199154243469,7.936082914001839,0.49587311509718124,0.7434833456418637
full_table_plus_nbs_hybrid,Morgan,7,3,2106,78,471,19,7.02830171334291,20.165795305125982,0.037658947192383274,0.4961583436564218
full_table_plus_nbs_hybrid,Physical,7,3,2106,78,471,19,7.513307095562862,19.672007038481116,0.08421052896238812,0.6860623411138946
full_table_plus_nbs_hybrid,Morgan+Physical,7,3,2106,78,471,19,6.834325239167825,19.65399598270682,0.08588669595106257,0.6973998286858092
full_table_plus_nbs_hybrid,Morgan,7,4,2122,108,471,19,14.517296345463503,21.534587372961656,-0.5638656145761691,0.5188197115074242
full_table_plus_nbs_hybrid,Physical,7,4,2122,108,471,19,12.912319783599287,20.026548448966288,-0.35250392077141246,0.944256599770131
full_table_plus_nbs_hybrid,Morgan+Physical,7,4,2122,108,471,19,7.250054008271959,8.609943453731312,0.7500075343706344,0.9410263611633902
full_table_plus_nbs_hybrid,Morgan,8,0,1899,136,470,20,6.475933708583607,16.162155121055513,0.2473579544073169,0.841755451035371
full_table_plus_nbs_hybrid,Physical,8,0,1899,136,470,20,6.025483903380001,15.327833481003353,0.323057966041688,0.8080417070852
full_table_plus_nbs_hybrid,Morgan+Physical,8,0,1899,136,470,20,5.220059902948492,15.2838974645001,0.32693320511933777,0.8033546902227569
full_table_plus_nbs_hybrid,Morgan,8,1,2156,82,470,20,10.864041686807958,14.868203858724211,0.05615323783180015,0.5797627762594884
full_table_plus_nbs_hybrid,Physical,8,1,2156,82,470,20,8.53819325461597,13.971353249590855,0.16658478841063973,0.9331729079244703
full_table_plus_nbs_hybrid,Morgan+Physical,8,1,2156,82,470,20,5.09305067914265,8.783146577319599,0.6706294711047142,0.9374016396180894
full_table_plus_nbs_hybrid,Morgan,8,2,2090,80,471,19,5.880574873695373,6.816997410848719,0.5347318395395197,0.7894592305501357
full_table_plus_nbs_hybrid,Physical,8,2,2090,80,471,19,4.763340419301987,6.167257603734304,0.6191962173496378,0.8952889567370549
full_table_plus_nbs_hybrid,Morgan+Physical,8,2,2090,80,471,19,5.012124025592804,5.8770290548276725,0.6541938194579675,0.9112214301374416
full_table_plus_nbs_hybrid,Morgan,8,3,2237,51,471,19,19.28291029290592,33.38239083221182,-0.4572784247795607,0.2158118297634683
full_table_plus_nbs_hybrid,Physical,8,3,2237,51,471,19,7.231733489092659,14.22726244808413,0.7353021912002746,0.7599620084227958
full_table_plus_nbs_hybrid,Morgan+Physical,8,3,2237,51,471,19,10.641612467260922,20.21495907322364,0.4656160656440663,0.7600528043616755
full_table_plus_nbs_hybrid,Morgan,8,4,2111,108,471,19,14.257635453718683,19.006183983221263,-0.46004586799012714,0.6727078545851644
full_table_plus_nbs_hybrid,Physical,8,4,2111,108,471,19,8.643910515167095,11.834633279426045,0.43390899846700737,0.8510526959992742
full_table_plus_nbs_hybrid,Morgan+Physical,8,4,2111,108,471,19,11.05441016236058,14.976477642148932,0.0934411403554799,0.8351264809633375
full_table_plus_nbs_hybrid,Morgan,9,0,2258,68,470,20,12.732865904415354,21.340437967892516,-0.2093692857641427,0.2833967011242263
full_table_plus_nbs_hybrid,Physical,9,0,2258,68,470,20,6.212510195283328,12.301375169672317,0.59815404030315,0.9109364198074782
full_table_plus_nbs_hybrid,Morgan+Physical,9,0,2258,68,470,20,8.318780299298904,16.055628110728538,0.3154473140836994,0.81857768204468
full_table_plus_nbs_hybrid,Morgan,9,1,2122,106,470,20,14.655274233944011,18.983428715132657,-0.7109069263300494,0.5805188290294712
full_table_plus_nbs_hybrid,Physical,9,1,2122,106,470,20,6.644134990620164,8.284381155260123,0.6741653869410138,0.9303173829415315
full_table_plus_nbs_hybrid,Morgan+Physical,9,1,2122,106,470,20,10.193381355429594,13.452677484624934,0.14079947464780207,0.849755781139981
full_table_plus_nbs_hybrid,Morgan,9,2,2126,98,471,19,6.761014053951965,18.506913758072212,-0.01331045962418087,0.7109837540414187
full_table_plus_nbs_hybrid,Physical,9,2,2126,98,471,19,7.4461242630861255,17.98299953026033,0.0432492989780614,0.8498131508412546
full_table_plus_nbs_hybrid,Morgan+Physical,9,2,2126,98,471,19,7.008922276578631,18.061405943524022,0.034888188208222704,0.8383735588745151
full_table_plus_nbs_hybrid,Morgan,9,3,2017,91,471,19,6.857940089765275,8.407377267538676,0.5752694362277131,0.8141567923929143
full_table_plus_nbs_hybrid,Physical,9,3,2017,91,471,19,11.757224942243806,17.224115145648003,-0.7826508154093572,0.9238179704655872
full_table_plus_nbs_hybrid,Morgan+Physical,9,3,2017,91,471,19,5.855683992034577,7.771609101571382,0.6370771285953509,0.9104271506126319
full_table_plus_nbs_hybrid,Morgan,9,4,1970,94,471,19,11.484603966351775,20.881700377043437,0.11113598546131287,0.5744566779440234
full_table_plus_nbs_hybrid,Physical,9,4,1970,94,471,19,9.0140479047897,15.799605444120996,0.4911426081110424,0.802063586201198
full_table_plus_nbs_hybrid,Morgan+Physical,9,4,1970,94,471,19,5.9812193692633455,8.4124666393546,0.8557385429420495,0.6966557015843621
full_table_plus_nbs_lever4,Morgan,0,0,2015,129,470,20,16.180334198145903,20.139240662727072,-1.3248441137894762,-0.08809666086747867
full_table_plus_nbs_lever4,Physical,0,0,2015,129,470,20,7.970670446292376,9.506935284608662,0.48192965970592927,0.7216917149477379
full_table_plus_nbs_lever4,Morgan+Physical,0,0,2015,129,470,20,10.287901419883552,13.337203207366644,-0.01961728842236199,0.6412930583166708
full_table_plus_nbs_lever4,Morgan,0,1,1912,136,470,20,7.95408770010331,13.693125485840202,0.19448129847832896,0.6242797635358746
full_table_plus_nbs_lever4,Physical,0,1,1912,136,470,20,3.1725747049780453,7.230337149800579,0.7754114820371183,0.9412008129283941
full_table_plus_nbs_lever4,Morgan+Physical,0,1,1912,136,470,20,5.071186637390362,10.035890390791058,0.5673046077973835,0.9258272201518708
full_table_plus_nbs_lever4,Morgan,0,2,2195,72,471,19,4.63972960591846,7.7103563875065495,0.2649761042377393,0.4459490091438048
full_table_plus_nbs_lever4,Physical,0,2,2195,72,471,19,4.871033228429159,6.549096725659897,0.4697076490113069,0.42166289308134297
full_table_plus_nbs_lever4,Morgan+Physical,0,2,2195,72,471,19,4.4937036558575105,6.432598437104022,0.48840600851623983,0.46007282158497
full_table_plus_nbs_lever4,Morgan,0,3,2251,46,471,19,8.931504811286924,26.940658422249523,0.025536211931298514,0.5240357352633894
full_table_plus_nbs_lever4,Physical,0,3,2251,46,471,19,7.714509320963982,25.11904486072545,0.15285932048030593,0.8792263076460942
full_table_plus_nbs_lever4,Morgan+Physical,0,3,2251,46,471,19,7.647672887553338,25.898303463262817,0.09948298168980885,0.6893528504373666
full_table_plus_nbs_lever4,Morgan,0,4,2120,74,471,19,16.97620757402575,25.989283846234763,-0.39840278748475133,0.35123790221028495
full_table_plus_nbs_lever4,Physical,0,4,2120,74,471,19,12.49268537262994,18.308830341309296,0.30599139248179175,0.9393127903470565
full_table_plus_nbs_lever4,Morgan+Physical,0,4,2120,74,471,19,5.779655334788142,7.610079167004473,0.8800992207327079,0.9413045284204115
full_table_plus_nbs_lever4,Morgan,1,0,2023,102,470,20,4.147549080635519,5.644890903858512,0.6935592467847143,0.46109020341627865
full_table_plus_nbs_lever4,Physical,1,0,2023,102,470,20,6.147209496284934,9.237215889203513,0.17942628160298957,0.8710254749886505
full_table_plus_nbs_lever4,Morgan+Physical,1,0,2023,102,470,20,4.854211341887829,6.43548576959591,0.6017112093465827,0.9036083557180054
full_table_plus_nbs_lever4,Morgan,1,1,2171,78,470,20,10.479045528319922,25.72536235331509,-0.08210473742324753,0.48758469079427263
full_table_plus_nbs_lever4,Physical,1,1,2171,78,470,20,7.45950545334058,23.281321511611008,0.11373917297025793,0.8254783418463694
full_table_plus_nbs_lever4,Morgan+Physical,1,1,2171,78,470,20,8.63328759798001,24.322480220021976,0.03269815817309052,0.7484849237769211
full_table_plus_nbs_lever4,Morgan,1,2,2118,92,471,19,16.84955171037757,21.035276231792622,-0.5499817369458126,0.6290379117498511
full_table_plus_nbs_lever4,Physical,1,2,2118,92,471,19,5.094830843013266,7.133767928196374,0.8217341738988969,0.7406653625566726
full_table_plus_nbs_lever4,Morgan+Physical,1,2,2118,92,471,19,8.418096887090934,10.996908825911742,0.5763849405270762,0.7548614917029519
full_table_plus_nbs_lever4,Morgan,1,3,2021,111,471,19,10.607580292895893,19.511523791808358,-0.031133455422113876,0.6552077151631311
full_table_plus_nbs_lever4,Physical,1,3,2021,111,471,19,3.0252144895965984,4.342481590896944,0.9489249883597227,0.9294718700707983
full_table_plus_nbs_lever4,Morgan+Physical,1,3,2021,111,471,19,6.1489120880814285,10.267434346230452,0.7144669586470797,0.9269152787085866
full_table_plus_nbs_lever4,Morgan,1,4,2160,74,471,19,9.36533645258723,12.317605430283022,0.24764644588618168,0.6405266740166798
full_table_plus_nbs_lever4,Physical,1,4,2160,74,471,19,10.087145314422816,12.834726575201483,0.18314938064098985,0.8966579814027176
full_table_plus_nbs_lever4,Morgan+Physical,1,4,2160,74,471,19,6.212976370631037,9.546091814855318,0.5481226068216456,0.8699563799802819
full_table_plus_nbs_lever4,Morgan,2,0,2082,74,470,20,17.49818110657357,26.48787728018901,-0.43506508592478266,0.3738701942161478
full_table_plus_nbs_lever4,Physical,2,0,2082,74,470,20,9.902417881069699,15.024015761615608,0.538311190355173,0.931125936209159
full_table_plus_nbs_lever4,Morgan+Physical,2,0,2082,74,470,20,6.047719528384854,8.356822666804037,0.857156770603434,0.9006191730762075
full_table_plus_nbs_lever4,Morgan,2,1,2012,116,470,20,4.507641404513655,7.161223852750746,0.31048067786867084,0.18841349361854653
full_table_plus_nbs_lever4,Physical,2,1,2012,116,470,20,3.873975628752544,6.403336967516905,0.44870423677141225,0.8191355513167805
full_table_plus_nbs_lever4,Morgan+Physical,2,1,2012,116,470,20,3.6917794875769774,6.319328966899587,0.4630746982263121,0.7609052464439768
full_table_plus_nbs_lever4,Morgan,2,2,2164,77,471,19,11.524804496913761,26.131487455655996,-0.2298337161093318,0.4765844730258233
full_table_plus_nbs_lever4,Physical,2,2,2164,77,471,19,9.013321991957627,23.71070546351962,-0.012528098075249128,0.7970590492912131
full_table_plus_nbs_lever4,Morgan+Physical,2,2,2164,77,471,19,9.432325945668406,24.478561621767025,-0.07917014457657667,0.7640819331372934
full_table_plus_nbs_lever4,Morgan,2,3,2093,99,471,19,6.246451617161915,7.321411815020987,0.24904269258684653,0.6643948478130044
full_table_plus_nbs_lever4,Physical,2,3,2093,99,471,19,3.1663239607069236,4.409750454397412,0.7275708323618485,0.8568668667142717
full_table_plus_nbs_lever4,Morgan+Physical,2,3,2093,99,471,19,3.9656317984918155,4.774837087067027,0.6805942772359642,0.8431398537756565
full_table_plus_nbs_lever4,Morgan,2,4,2142,91,471,19,16.72722405012361,20.7921438059422,-0.6934837794590238,0.7715801781441313
full_table_plus_nbs_lever4,Physical,2,4,2142,91,471,19,3.512296384119725,6.048310287588498,0.8566985361446768,0.9076064830137713
full_table_plus_nbs_lever4,Morgan+Physical,2,4,2142,91,471,19,9.861520973540925,11.85875540708665,0.44911528311148474,0.9410460882977923
full_table_plus_nbs_lever4,Morgan,3,0,2077,109,470,20,9.610353538429193,19.47918751014731,0.04324293999709916,0.7369571363832909
full_table_plus_nbs_lever4,Physical,3,0,2077,109,470,20,3.897677508460928,16.225913667163336,0.3361372188596884,0.7987714321380731
full_table_plus_nbs_lever4,Morgan+Physical,3,0,2077,109,470,20,6.439143670584302,17.32703133504075,0.24297831382716994,0.7868075464001364
full_table_plus_nbs_lever4,Morgan,3,1,2247,40,470,20,11.941094984674454,25.274340354018744,-0.0584796984552034,0.6783142228239876
full_table_plus_nbs_lever4,Physical,3,1,2247,40,470,20,9.847447543478012,15.374058489389082,0.6083483761686339,0.6577565708713609
full_table_plus_nbs_lever4,Morgan+Physical,3,1,2247,40,470,20,10.386063490962982,18.982286406343906,0.4029373322214135,0.7814920231440836
full_table_plus_nbs_lever4,Morgan,3,2,1892,162,471,19,11.262419105374372,15.028250604224063,-0.06693917894992629,0.6319528822511021
full_table_plus_nbs_lever4,Physical,3,2,1892,162,471,19,3.872445317388464,4.890224219531313,0.8870255201499575,0.9018446357511181
full_table_plus_nbs_lever4,Morgan+Physical,3,2,1892,162,471,19,7.2205520988370155,9.223049135020458,0.5981427105037809,0.8934739089381529
full_table_plus_nbs_lever4,Morgan,3,3,2067,91,471,19,12.044785331105663,21.1782209894161,0.04438133171188885,0.5634633941153315
full_table_plus_nbs_lever4,Physical,3,3,2067,91,471,19,4.234309819449959,5.755747103036334,0.9294155425406849,0.961621008863655
full_table_plus_nbs_lever4,Morgan+Physical,3,3,2067,91,471,19,7.454144729622643,11.130564264142608,0.736038834885071,0.9563837042762108
full_table_plus_nbs_lever4,Morgan,3,4,2210,55,471,19,10.215712416015625,13.448700298115954,-0.38311214148135475,0.21070285868004385
full_table_plus_nbs_lever4,Physical,3,4,2210,55,471,19,6.442104585794623,9.480198170515639,0.3127233419572639,0.9480973481135145
full_table_plus_nbs_lever4,Morgan+Physical,3,4,2210,55,471,19,2.8560675657182175,3.807866657735665,0.8891182103824389,0.9476599834044322
full_table_plus_nbs_lever4,Morgan,4,0,2255,59,470,20,11.50074671295942,24.244130642216824,-0.15524605714755402,0.596213747573188
full_table_plus_nbs_lever4,Physical,4,0,2255,59,470,20,6.1927804311332055,22.0656223085493,0.04304035452866706,0.7803183914487803
full_table_plus_nbs_lever4,Morgan+Physical,4,0,2255,59,470,20,8.55765026849003,22.8547379408014,-0.02662953807508006,0.6713815912746413
full_table_plus_nbs_lever4,Morgan,4,1,1947,117,470,20,5.230964835348537,6.220214138161303,0.5949898824208656,0.6582263828141247
full_table_plus_nbs_lever4,Physical,4,1,1947,117,470,20,3.462766959527171,4.448761083111344,0.7928268991735059,0.9281715080794745
full_table_plus_nbs_lever4,Morgan+Physical,4,1,1947,117,470,20,3.798781421639206,4.79491952045952,0.7593322793323444,0.9066909873330905
full_table_plus_nbs_lever4,Morgan,4,2,1958,111,471,19,14.179478717302201,21.775224421370847,-0.17468118913655473,0.6472835349720453
full_table_plus_nbs_lever4,Physical,4,2,1958,111,471,19,17.180311922927373,23.13911450160394,-0.32644181797368876,0.8900716942731663
full_table_plus_nbs_lever4,Morgan+Physical,4,2,1958,111,471,19,6.52563905737937,8.290263183209614,0.8297326524053057,0.894515694611518
full_table_plus_nbs_lever4,Morgan,4,3,2179,73,471,19,6.780802764375242,17.816546043323847,0.1025926154592337,0.8786763885731819
full_table_plus_nbs_lever4,Physical,4,3,2179,73,471,19,5.121542359997474,11.274366579596697,0.6406423347700001,0.8956522505347105
full_table_plus_nbs_lever4,Morgan+Physical,4,3,2179,73,471,19,5.477147152030631,14.13739866672412,0.43495684276476054,0.942571901496771
full_table_plus_nbs_lever4,Morgan,4,4,2154,97,471,19,14.886246402386538,20.245563681628315,-0.5998698863097598,0.6933766156633655
full_table_plus_nbs_lever4,Physical,4,4,2154,97,471,19,2.8772731624485295,4.31571693656183,0.9273006007705348,0.9080234179218721
full_table_plus_nbs_lever4,Morgan+Physical,4,4,2154,97,471,19,8.667555371707248,10.944525735158159,0.5324599579770914,0.9033067461589036
full_table_plus_nbs_lever4,Morgan,5,0,2242,63,470,20,9.68970940320454,19.153602795786018,-0.24718293110294765,0.7417668396929106
full_table_plus_nbs_lever4,Physical,5,0,2242,63,470,20,6.003247343789964,11.569567354026523,0.544945469794044,0.7877807193317647
full_table_plus_nbs_lever4,Morgan+Physical,5,0,2242,63,470,20,7.032951845986504,14.967237411336416,0.23842531446464832,0.8588047674569985
full_table_plus_nbs_lever4,Morgan,5,1,2078,81,470,20,10.630370335482374,14.662554665400938,0.22223662111917042,0.7139211323458766
full_table_plus_nbs_lever4,Physical,5,1,2078,81,470,20,9.306454334456832,13.34875402580075,0.35537126178647416,0.8515958915685791
full_table_plus_nbs_lever4,Morgan+Physical,5,1,2078,81,470,20,6.143087634767133,9.552841595955723,0.6698636429416837,0.8661725344564657
full_table_plus_nbs_lever4,Morgan,5,2,1921,111,471,19,15.684290761570285,24.905931092051297,-0.11961542088106536,0.7151951388067619
full_table_plus_nbs_lever4,Physical,5,2,1921,111,471,19,8.3788856705358,18.544848478874574,0.3792597801652239,0.9367546696248369
full_table_plus_nbs_lever4,Morgan+Physical,5,2,1921,111,471,19,11.906866631293768,21.285277897065228,0.18224735707521766,0.8641914177694765
full_table_plus_nbs_lever4,Morgan,5,3,2039,128,471,19,7.147419546175003,8.86123489417084,0.31009734304003767,0.8630872727328915
full_table_plus_nbs_lever4,Physical,5,3,2039,128,471,19,4.934466341610253,5.671339533487857,0.7174010027140094,0.9055823957365006
full_table_plus_nbs_lever4,Morgan+Physical,5,3,2039,128,471,19,3.914052756804228,4.673975333636723,0.8080570559797698,0.9019037213158769
full_table_plus_nbs_lever4,Morgan,5,4,2213,74,471,19,11.569542623545674,22.725098569657135,-0.10636584605793553,0.3097815249306061
full_table_plus_nbs_lever4,Physical,5,4,2213,74,471,19,7.345936728245502,15.988388337911728,0.45235820464155807,0.8086636487197629
full_table_plus_nbs_lever4,Morgan+Physical,5,4,2213,74,471,19,4.282993533430873,6.592890419333105,0.906880866960083,0.6653108348887219
full_table_plus_nbs_lever4,Morgan,6,0,2243,43,470,20,10.349307708385378,22.572188195487513,-0.10174625357973399,0.453732103139413
full_table_plus_nbs_lever4,Physical,6,0,2243,43,470,20,8.18492568279976,13.05801170669259,0.6312870726588768,0.7503231703106328
full_table_plus_nbs_lever4,Morgan+Physical,6,0,2243,43,470,20,8.675991871722909,16.544390007943978,0.4081171231945414,0.800190849120043
full_table_plus_nbs_lever4,Morgan,6,1,2224,60,470,20,15.190844935735068,27.4015996473038,-0.21559263405170448,0.5110267439960364
full_table_plus_nbs_lever4,Physical,6,1,2224,60,470,20,10.716343176587424,19.212126953258974,0.4024322902453781,0.9198312752231153
full_table_plus_nbs_lever4,Morgan+Physical,6,1,2224,60,470,20,5.9273606870015465,9.981183081091059,0.8387126635830289,0.8332455029847663
full_table_plus_nbs_lever4,Morgan,6,2,1941,126,471,19,7.692532337358265,8.74936870920607,0.27548958329909434,0.8107124436282093
full_table_plus_nbs_lever4,Physical,6,2,1941,126,471,19,3.7810021278926302,6.1641384145363585,0.6403865214441209,0.9239797853175368
full_table_plus_nbs_lever4,Morgan+Physical,6,2,1941,126,471,19,5.285457781461687,6.53825798279104,0.5954098530193729,0.9099656708299666
full_table_plus_nbs_lever4,Morgan,6,3,2058,124,471,19,8.487609407843316,11.265516652467891,0.11136636362982721,0.7342313925086105
full_table_plus_nbs_lever4,Physical,6,3,2058,124,471,19,9.383286532005185,12.49116257995087,-0.09251206637672138,0.8606250378040634
full_table_plus_nbs_lever4,Morgan+Physical,6,3,2058,124,471,19,3.782808265596821,4.515162548390963,0.8572528980901042,0.8740984070755878
full_table_plus_nbs_lever4,Morgan,6,4,2027,104,471,19,16.596617044636652,25.48723886483659,-0.5143074477729597,0.48379165056959944
full_table_plus_nbs_lever4,Physical,6,4,2027,104,471,19,10.440312207263066,19.315768281588017,0.13025397279270667,0.8623446169145659
full_table_plus_nbs_lever4,Morgan+Physical,6,4,2027,104,471,19,13.336580579615372,21.977363047390103,-0.12595139900083963,0.7527854373912126
full_table_plus_nbs_lever4,Morgan,7,0,2020,114,470,20,7.580425450790138,11.774157625326486,0.196461239291168,0.46496867670193104
full_table_plus_nbs_lever4,Physical,7,0,2020,114,470,20,5.322348511096888,9.2639537960156,0.502560921239483,0.9486669409553905
full_table_plus_nbs_lever4,Morgan+Physical,7,0,2020,114,470,20,3.5366331771181345,6.7142401150025135,0.7386991174221275,0.8951381328897641
full_table_plus_nbs_lever4,Morgan,7,1,2163,77,470,20,18.438345460718327,25.81369351636801,-0.5431873209322031,0.3566127945079714
full_table_plus_nbs_lever4,Physical,7,1,2163,77,470,20,7.737476355143956,12.15770870235746,0.6576882437835405,0.879021617032502
full_table_plus_nbs_lever4,Morgan+Physical,7,1,2163,77,470,20,12.876864411688471,17.973016498687453,0.2518988996023426,0.8453571357790052
full_table_plus_nbs_lever4,Morgan,7,2,2082,80,471,19,6.6787318283653265,8.684168266394545,0.3963517785300025,0.7063049574574098
full_table_plus_nbs_lever4,Physical,7,2,2082,80,471,19,5.258591346786022,7.905202376674895,0.49978875485602703,0.8015382860017672
full_table_plus_nbs_lever4,Morgan+Physical,7,2,2082,80,471,19,5.460090900883675,7.363653199718395,0.5659756262967937,0.7987977581548401
full_table_plus_nbs_lever4,Morgan,7,3,2106,78,471,19,7.02830171334291,20.165795305125982,0.037658947192383274,0.4961583436564218
full_table_plus_nbs_lever4,Physical,7,3,2106,78,471,19,3.888157295565483,18.825170159895034,0.16135893412371938,0.8957271286417299
full_table_plus_nbs_lever4,Morgan+Physical,7,3,2106,78,471,19,4.9552275099495136,19.266262315713952,0.12159814972553007,0.8870403036734343
full_table_plus_nbs_lever4,Morgan,7,4,2122,108,471,19,14.517296345463503,21.534587372961656,-0.5638656145761691,0.5188197115074242
full_table_plus_nbs_lever4,Physical,7,4,2122,108,471,19,11.53279422597532,17.861080482360222,-0.07582535709220051,0.9386832328605903
full_table_plus_nbs_lever4,Morgan+Physical,7,4,2122,108,471,19,5.368601434160161,6.195712678712341,0.8705479714053641,0.9222909772442942
full_table_plus_nbs_lever4,Morgan,8,0,1899,136,470,20,6.475933708583607,16.162155121055513,0.2473579544073169,0.841755451035371
full_table_plus_nbs_lever4,Physical,8,0,1899,136,470,20,3.599622402174332,14.426845089456995,0.40030190166883983,0.918989572908118
full_table_plus_nbs_lever4,Morgan+Physical,8,0,1899,136,470,20,3.908002640920527,14.756928451333632,0.37254602077356813,0.9224533631475463
full_table_plus_nbs_lever4,Morgan,8,1,2156,82,470,20,10.864041686807958,14.868203858724211,0.05615323783180015,0.5797627762594884
full_table_plus_nbs_lever4,Physical,8,1,2156,82,470,20,7.868179895871791,12.142718358419568,0.3704701608443476,0.9343688870679805
full_table_plus_nbs_lever4,Morgan+Physical,8,1,2156,82,470,20,5.040118197260601,8.27038578425625,0.7079642545297309,0.9407318431422269
full_table_plus_nbs_lever4,Morgan,8,2,2090,80,471,19,5.880574873695373,6.816997410848719,0.5347318395395197,0.7894592305501357
full_table_plus_nbs_lever4,Physical,8,2,2090,80,471,19,4.697671914825439,6.308657346686575,0.6015342897176597,0.8214290079689497
full_table_plus_nbs_lever4,Morgan+Physical,8,2,2090,80,471,19,4.987016496429443,6.143277594822492,0.6221518016426912,0.8107912412069312
full_table_plus_nbs_lever4,Morgan,8,3,2237,51,471,19,19.28291029290592,33.38239083221182,-0.4572784247795607,0.2158118297634683
full_table_plus_nbs_lever4,Physical,8,3,2237,51,471,19,9.840520966623345,15.559669722551796,0.6834018238416748,0.5205162867866612
full_table_plus_nbs_lever4,Morgan+Physical,8,3,2237,51,471,19,11.347029100829479,19.39870729211294,0.5079001413538891,0.753893844101369
full_table_plus_nbs_lever4,Morgan,8,4,2111,108,471,19,14.257635453718683,19.006183983221263,-0.46004586799012714,0.6727078545851644
full_table_plus_nbs_lever4,Physical,8,4,2111,108,471,19,5.7842590353577235,8.104136532470745,0.7345454707802475,0.8857288361554787
full_table_plus_nbs_lever4,Morgan+Physical,8,4,2111,108,471,19,9.391160780094289,12.602769625371085,0.3580390121244943,0.8693789743617257
full_table_plus_nbs_lever4,Morgan,9,0,2258,68,470,20,12.732865904415354,21.340437967892516,-0.2093692857641427,0.2833967011242263
full_table_plus_nbs_lever4,Physical,9,0,2258,68,470,20,5.366577774188097,11.25690748390201,0.6634958133140443,0.938307637060943
full_table_plus_nbs_lever4,Morgan+Physical,9,0,2258,68,470,20,7.338511861296261,14.94107335851864,0.407189517566776,0.9588660196404992
full_table_plus_nbs_lever4,Morgan,9,1,2122,106,470,20,14.655274233944011,18.983428715132657,-0.7109069263300494,0.5805188290294712
full_table_plus_nbs_lever4,Physical,9,1,2122,106,470,20,4.175832835755258,6.140420181317675,0.8209916647745774,0.8780724083999286
full_table_plus_nbs_lever4,Morgan+Physical,9,1,2122,106,470,20,9.076205577706391,11.129235025341423,0.4119588738733332,0.9243809877051776
full_table_plus_nbs_lever4,Morgan,9,2,2126,98,471,19,6.761014053951965,18.506913758072212,-0.01331045962418087,0.7109837540414187
full_table_plus_nbs_lever4,Physical,9,2,2126,98,471,19,5.474834308141593,17.339590850577164,0.11048717461828428,0.12008224672819333
full_table_plus_nbs_lever4,Morgan+Physical,9,2,2126,98,471,19,5.872537949799519,17.74480808494166,0.06842647696404891,0.658232615757205
full_table_plus_nbs_lever4,Morgan,9,3,2017,91,471,19,6.857940089765275,8.407377267538676,0.5752694362277131,0.8141567923929143
full_table_plus_nbs_lever4,Physical,9,3,2017,91,471,19,11.864769370943424,17.780715818831077,-0.8997258120374556,0.922113574416997
full_table_plus_nbs_lever4,Morgan+Physical,9,3,2017,91,471,19,5.81254562665583,7.6695639612221935,0.6465452770704607,0.9184335454488088
full_table_plus_nbs_lever4,Morgan,9,4,1970,94,471,19,11.484603966351775,20.881700377043437,0.11113598546131287,0.5744566779440234
full_table_plus_nbs_lever4,Physical,9,4,1970,94,471,19,7.801761757806008,17.56919588707822,0.3707729644833392,0.8290560710027182
full_table_plus_nbs_lever4,Morgan+Physical,9,4,1970,94,471,19,4.324975006493101,7.092176186059746,0.8974672427760724,0.8011709994410743
full_table_label_placebo,Morgan,0,0,1653,129,128,20,19.753537283490793,23.353748640057525,-2.1262295031072163,-0.03176963083862011
full_table_label_placebo,Physical,0,0,1653,129,128,20,11.939117468486462,14.219475961379443,-0.1589770523435341,0.6836092704616744
full_table_label_placebo,Morgan+Physical,0,0,1653,129,128,20,15.570841523577078,18.59134675544145,-0.9812047320694066,0.573681799145112
full_table_label_placebo,Morgan,0,1,1553,136,128,20,10.037380235268088,15.033251426318955,0.029095992986608477,0.006942191462980107
full_table_label_placebo,Physical,0,1,1553,136,128,20,6.822802090577518,10.882646191472086,0.49120894030574924,0.6778443151227115
full_table_label_placebo,Morgan+Physical,0,1,1553,136,128,20,8.312909973301608,12.845522875030856,0.29111787528316624,0.6450164798662436
full_table_label_placebo,Morgan,0,2,1835,72,129,19,5.2939983984417385,8.763728820675361,0.050422502239114264,0.36996946353760096
full_table_label_placebo,Physical,0,2,1835,72,129,19,5.29760003267924,8.847466642455997,0.03218929574952856,0.18961631352596628
full_table_label_placebo,Morgan+Physical,0,2,1835,72,129,19,5.080183761575487,8.5094910936386,0.10471825428283466,0.1929026709118303
full_table_label_placebo,Morgan,0,3,1893,46,129,19,9.922148849155592,27.886721255479557,-0.044105071403304885,0.5182293603535242
full_table_label_placebo,Physical,0,3,1893,46,129,19,11.107296030127484,27.05909049356914,0.016949826898832288,0.6445104985646226
full_table_label_placebo,Morgan+Physical,0,3,1893,46,129,19,9.774670322584072,27.255286160829563,0.002642664531783856,0.6362157994859001
full_table_label_placebo,Morgan,0,4,1762,74,129,19,17.377143672897752,25.340347114908454,-0.329440103587741,0.4528189393304476
full_table_label_placebo,Physical,0,4,1762,74,129,19,12.376179141643627,19.77752370614381,0.1901818917389021,0.8347627770163393
full_table_label_placebo,Morgan+Physical,0,4,1762,74,129,19,14.739256362560376,22.339860202036792,-0.033247964503853034,0.8658636224102352
full_table_label_placebo,Morgan,1,0,1664,102,128,20,6.937812784112671,8.927286110340235,0.23356677600342923,0.3190393178096174
full_table_label_placebo,Physical,1,0,1664,102,128,20,5.734882786201029,7.054675194172369,0.5213815219022331,0.3537233126453992
full_table_label_placebo,Morgan+Physical,1,0,1664,102,128,20,5.7903916612064155,7.416264525065998,0.4710606963638301,0.31037051336521654
full_table_label_placebo,Morgan,1,1,1812,78,128,20,11.172309063110353,25.594788293506483,-0.0711477509145908,0.6175401707260556
full_table_label_placebo,Physical,1,1,1812,78,128,20,10.057514789049195,23.664315537134875,0.08434010698390515,0.6826105155212032
full_table_label_placebo,Morgan+Physical,1,1,1812,78,128,20,10.475953045826447,24.48365925056798,0.019835542515602156,0.7783052430027615
full_table_label_placebo,Morgan,1,2,1759,92,129,19,18.326847032629924,23.47012583488416,-0.9295719544411492,0.3147835509805633
full_table_label_placebo,Physical,1,2,1759,92,129,19,13.41418672578231,16.971299062238234,-0.00892832581743952,0.6298510161902974
full_table_label_placebo,Morgan+Physical,1,2,1759,92,129,19,14.591718051495757,19.372852741796745,-0.3146716466080488,0.640503318269101
full_table_label_placebo,Morgan,1,3,1661,111,129,19,12.8757167687081,20.533758961816247,-0.14200872417272015,-0.11988654281415248
full_table_label_placebo,Physical,1,3,1661,111,129,19,11.060234511140015,16.1712718034821,0.29169410603645884,0.46491558899129526
full_table_label_placebo,Morgan+Physical,1,3,1661,111,129,19,11.934640403486371,18.245661375813185,0.0983214815783775,0.3130250653353053
full_table_label_placebo,Morgan,1,4,1800,74,129,19,15.144780032080572,18.24318799776078,-0.6503302783123988,-0.25034580051620975
full_table_label_placebo,Physical,1,4,1800,74,129,19,8.721188842051737,11.734194460801168,0.3172275911933805,0.7807585847529388
full_table_label_placebo,Morgan+Physical,1,4,1800,74,129,19,11.773579449937149,14.723922319103337,-0.0750197312402534,0.5629140620981404
full_table_label_placebo,Morgan,2,0,1723,74,128,20,20.195085563820502,27.221238667633273,-0.5156295145119334,0.47557294588785076
full_table_label_placebo,Physical,2,0,1723,74,128,20,14.546658329995648,20.966767135055147,0.1008332667681483,0.7199243270725935
full_table_label_placebo,Morgan+Physical,2,0,1723,74,128,20,17.332955501820333,23.90100671237499,-0.16844876782650808,0.7221228414421613
full_table_label_placebo,Morgan,2,1,1652,116,128,20,5.144084091193101,9.056487990674919,-0.10278683469235061,-0.2696153702871429
full_table_label_placebo,Physical,2,1,1652,116,128,20,6.463275152166957,9.257201056355774,-0.15220918810174155,0.17115381700808244
full_table_label_placebo,Morgan+Physical,2,1,1652,116,128,20,5.590810530195565,8.980521960723294,-0.08436402283353184,-0.13175619942455555
full_table_label_placebo,Morgan,2,2,1804,77,129,19,16.079508101624324,28.570564804321144,-0.4701301499108719,-0.01760973427466558
full_table_label_placebo,Physical,2,2,1804,77,129,19,12.038058471877852,24.388787958546015,-0.0712690753989571,0.5391417825478937
full_table_label_placebo,Morgan+Physical,2,2,1804,77,129,19,13.795894638061522,26.327444489172283,-0.24834763824819617,0.5291739645005984
full_table_label_placebo,Morgan,2,3,1733,99,129,19,7.9053484818121404,9.238969567816534,-0.1958388247750944,0.5586782198882793
full_table_label_placebo,Physical,2,3,1733,99,129,19,6.178338099747474,7.451776556796645,0.22206157339829746,0.5569756379060149
full_table_label_placebo,Morgan+Physical,2,3,1733,99,129,19,6.995920338070031,8.053911561062918,0.0912607446957101,0.5337971586736147
full_table_label_placebo,Morgan,2,4,1784,91,129,19,19.33488482624096,23.47572593403418,-1.158840526567198,-0.1883325443261443
full_table_label_placebo,Physical,2,4,1784,91,129,19,15.103723398061902,18.41629198608879,-0.32857747400473336,0.7449512202736974
full_table_label_placebo,Morgan+Physical,2,4,1784,91,129,19,17.145698147784223,20.779121177854,-0.6913631031803649,0.5872976181090054
full_table_label_placebo,Morgan,3,0,1718,109,128,20,13.150886303948921,22.033083247356043,-0.224082107540563,0.2973056423877377
full_table_label_placebo,Physical,3,0,1718,109,128,20,10.044721422695893,20.171993740754125,-0.02602430489473595,0.6599316157583996
full_table_label_placebo,Morgan+Physical,3,0,1718,109,128,20,11.514834406427507,20.977267531248202,-0.10957798948579334,0.5190927284365285
full_table_label_placebo,Morgan,3,1,1887,40,128,20,15.489410961532593,26.07021048568398,-0.12619073136744463,0.4803897518377625
full_table_label_placebo,Physical,3,1,1887,40,128,20,11.728908771896362,19.851991741975766,0.3469731393123807,0.9012081459261576
full_table_label_placebo,Morgan+Physical,3,1,1887,40,128,20,13.520511926078797,22.65970095830445,0.14919267191910723,0.8128912508916926
full_table_label_placebo,Morgan,3,2,1531,162,129,19,14.39344664143692,18.17493173441675,-0.5605165633180478,-0.4022229631031894
full_table_label_placebo,Physical,3,2,1531,162,129,19,10.121132021830995,12.395098174224549,0.27419033370027446,0.4036205473065791
full_table_label_placebo,Morgan+Physical,3,2,1531,162,129,19,12.153212737387198,15.080180540691789,-0.074325509237124,0.32036586537736267
full_table_label_placebo,Morgan,3,3,1708,91,129,19,14.093417153461164,22.120131630375333,-0.0425120601166018,0.4247567522374178
full_table_label_placebo,Physical,3,3,1708,91,129,19,10.71003607786409,17.679668742699896,0.33403114256934274,0.8157689999312666
full_table_label_placebo,Morgan+Physical,3,3,1708,91,129,19,12.07914356530158,19.7673355512874,0.16746606908901718,0.7832902341580777
full_table_label_placebo,Morgan,3,4,1852,55,129,19,9.520498549521706,12.337116391131316,-0.16392256158250107,0.16012781166821008
full_table_label_placebo,Physical,3,4,1852,55,129,19,4.669775466303045,6.202313084297119,0.7058261036439923,0.8004542573410313
full_table_label_placebo,Morgan+Physical,3,4,1852,55,129,19,5.921294490961248,7.438092176408109,0.5769225532081641,0.8068990220328489
full_table_label_placebo,Morgan,4,0,1897,59,128,20,11.611904470670023,23.883785795538977,-0.12116001004048238,0.05492426146540939
full_table_label_placebo,Physical,4,0,1897,59,128,20,10.942397589473401,23.45290791217851,-0.08107210257901754,-0.009484407049286062
full_table_label_placebo,Morgan+Physical,4,0,1897,59,128,20,11.22685073904264,23.609857472416802,-0.09558983573148483,0.005655298613238894
full_table_label_placebo,Morgan,4,1,1588,117,128,20,7.121720820641151,9.259442230655367,0.1025198468939369,0.3969400295210082
full_table_label_placebo,Physical,4,1,1588,117,128,20,5.876415840811444,7.578882837865,0.39873546648745883,0.6886858206405976
full_table_label_placebo,Morgan+Physical,4,1,1588,117,128,20,6.491709547395625,8.181976628056907,0.2992361829049547,0.6460188845189404
full_table_label_placebo,Morgan,4,2,1598,111,129,19,18.35977602552809,23.98512772343998,-0.42520981918592593,-0.2093601137546303
full_table_label_placebo,Physical,4,2,1598,111,129,19,15.173005872791736,21.17704141731861,-0.11102877449373749,0.13606795491089216
full_table_label_placebo,Morgan+Physical,4,2,1598,111,129,19,16.406581580854535,22.30540195808415,-0.23257922287840582,0.12212250968370023
full_table_label_placebo,Morgan,4,3,1819,73,129,19,8.282475219810173,18.069728384583406,0.07690614720045574,0.37823978553037135
full_table_label_placebo,Physical,4,3,1819,73,129,19,6.527092770803791,14.302825940901968,0.4216558901733304,0.3493124355634055
full_table_label_placebo,Morgan+Physical,4,3,1819,73,129,19,7.258150822030682,16.06818032774189,0.2700787557643416,0.443856487026328
full_table_label_placebo,Morgan,4,4,1794,97,129,19,17.012351130062772,21.619364067793555,-0.8243608674787435,0.28296725651814875
full_table_label_placebo,Physical,4,4,1794,97,129,19,13.45088596627147,17.400573283247958,-0.18182189509538493,0.6629107126573709
full_table_label_placebo,Morgan+Physical,4,4,1794,97,129,19,14.967626533901567,19.377494087141503,-0.46561581949147435,0.7036410821401511
full_table_label_placebo,Morgan,5,0,1883,63,128,20,13.354241826980834,20.81689569365075,-0.4731980557040907,-0.08087052368757512
full_table_label_placebo,Physical,5,0,1883,63,128,20,7.943288884844099,15.146989642672803,0.22002288272405612,0.38800860444102747
full_table_label_placebo,Morgan+Physical,5,0,1883,63,128,20,10.569086848546588,17.753315916517177,-0.07149011154080798,0.1064591517193387
full_table_label_placebo,Morgan,5,1,1719,81,128,20,13.125307044474283,16.43175263897691,0.023221753735925166,0.47962265088665806
full_table_label_placebo,Physical,5,1,1719,81,128,20,13.258608031058603,15.143567539626028,0.17036971057546557,0.34836846819643785
full_table_label_placebo,Morgan+Physical,5,1,1719,81,128,20,10.326527907251428,13.62218059574247,0.3286925464820314,0.6573473565780416
full_table_label_placebo,Morgan,5,2,1560,111,129,19,18.904526067081488,26.705871437133048,-0.2872912435343442,-0.09158123063078376
full_table_label_placebo,Physical,5,2,1560,111,129,19,16.55884723462354,23.828188530212376,-0.024814737864151226,0.3860697528073995
full_table_label_placebo,Morgan+Physical,5,2,1560,111,129,19,17.696461800498618,25.173617538032957,-0.143811784074944,-0.12641692215450462
full_table_label_placebo,Morgan,5,3,1680,128,129,19,9.886636479723453,13.630343589021644,-0.6323486579829012,0.3398640066330903
full_table_label_placebo,Physical,5,3,1680,128,129,19,5.320756938433647,7.313374111948152,0.5300681294162042,0.8727480131167384
full_table_label_placebo,Morgan+Physical,5,3,1680,128,129,19,7.412022683548928,10.294243990968274,0.06891734872950805,0.793708438494808
full_table_label_placebo,Morgan,5,4,1854,74,129,19,12.542058088560363,22.443186717314497,-0.07908648787437311,0.20120342200353808
full_table_label_placebo,Physical,5,4,1854,74,129,19,10.256179723584973,16.194521012521342,0.43814606881250895,0.5946668269204277
full_table_label_placebo,Morgan+Physical,5,4,1854,74,129,19,10.867525713740168,19.07913441969317,0.22016172875426643,0.6228329893300568
full_table_label_placebo,Morgan,6,0,1885,43,128,20,11.28388660217995,22.472971660504772,-0.09208204164162437,0.5790956486816105
full_table_label_placebo,Physical,6,0,1885,43,128,20,12.580820185284281,19.761279872368203,0.15556855883447762,0.28536925205522
full_table_label_placebo,Morgan+Physical,6,0,1885,43,128,20,11.699762734346612,20.918419772624723,0.053780258139752846,0.38745995050809595
full_table_label_placebo,Morgan,6,1,1866,60,128,20,17.60040909614563,28.092210839687105,-0.27763871933345885,0.43237160770998445
full_table_label_placebo,Physical,6,1,1866,60,128,20,13.574397266133627,21.904881044047965,0.2231842463373669,0.8209089717680186
full_table_label_placebo,Morgan+Physical,6,1,1866,60,128,20,15.101675415420534,24.785220890029187,0.005461010245486175,0.6421628915911705
full_table_label_placebo,Morgan,6,2,1580,126,129,19,8.585328180149626,10.023324316349662,0.04914397633814094,0.22233277563757514
full_table_label_placebo,Physical,6,2,1580,126,129,19,5.923301396615163,7.789859918539783,0.4256845591156462,0.7196437558305051
full_table_label_placebo,Morgan+Physical,6,2,1580,126,129,19,7.092991483706521,8.688163790031847,0.28559054107093806,0.6183358235948505
full_table_label_placebo,Morgan,6,3,1699,124,129,19,10.827330552550285,14.582626114964455,-0.4889907587015174,0.4412039615415078
full_table_label_placebo,Physical,6,3,1699,124,129,19,5.535946460317796,7.008018125123483,0.6561168050082867,0.7674509762306579
full_table_label_placebo,Morgan+Physical,6,3,1699,124,129,19,7.0225623129444745,9.390516694633508,0.38255326490145436,0.7675015671089671
full_table_label_placebo,Morgan,6,4,1666,104,129,19,18.550416925838178,26.921805234972847,-0.6895725152033108,-0.2109155708547982
full_table_label_placebo,Physical,6,4,1666,104,129,19,17.044856713702863,24.761853716182944,-0.4293374976680806,0.3350482671671126
full_table_label_placebo,Morgan+Physical,6,4,1666,104,129,19,17.591118123315667,25.727336543527333,-0.5429723205007739,-0.037081181615556735
full_table_label_placebo,Morgan,7,0,1659,114,128,20,9.892019107698138,13.17937032396443,-0.006784364554444089,-0.2410958149896246
full_table_label_placebo,Physical,7,0,1659,114,128,20,9.318251369690476,11.918177704591361,0.17668343586248025,0.1177002132796652
full_table_label_placebo,Morgan+Physical,7,0,1659,114,128,20,7.91838882527937,11.046281517022111,0.29273958103448117,0.045965126859781956
full_table_label_placebo,Morgan,7,1,1806,77,128,20,21.02230489973589,27.33092192467413,-0.7299235490118938,0.13355623971467456
full_table_label_placebo,Physical,7,1,1806,77,128,20,17.858660981017277,23.257032524354923,-0.2526419391968129,0.3142048297912815
full_table_label_placebo,Morgan+Physical,7,1,1806,77,128,20,18.912433780026127,25.147470465312008,-0.4645593005442883,0.3484802258558868
full_table_label_placebo,Morgan,7,2,1724,80,129,19,9.5264725831604,11.884681144647265,-0.1305832180836275,0.6915213449587535
full_table_label_placebo,Physical,7,2,1724,80,129,19,8.437211076841354,10.44232763895705,0.12718521013971495,0.53476165088989
full_table_label_placebo,Morgan+Physical,7,2,1724,80,129,19,8.825502283916475,10.831599154818448,0.060898303526181974,0.7291402335375176
full_table_label_placebo,Morgan,7,3,1746,78,129,19,7.029878586926582,19.91150941559401,0.06177571333503007,0.3198423783885721
full_table_label_placebo,Physical,7,3,1746,78,129,19,7.672061398468018,19.6057611047315,0.0903680277066643,0.39465436027278095
full_table_label_placebo,Morgan+Physical,7,3,1746,78,129,19,7.1346420776523685,19.637550758084245,0.08741580070714106,0.4272455342028965
full_table_label_placebo,Morgan,7,4,1761,108,129,19,18.023734260135228,24.099359576484662,-0.9585620033950761,-0.5130538261554788
full_table_label_placebo,Physical,7,4,1761,108,129,19,11.2825129865717,16.444607697463685,0.0880451101517129,0.7137256785432395
full_table_label_placebo,Morgan+Physical,7,4,1761,108,129,19,14.574625244140623,20.087163397448403,-0.36070363869059263,0.601616112002741
full_table_label_placebo,Morgan,8,0,1540,136,128,20,11.343214834437651,19.427414601672407,-0.08747667788005908,-0.03441021268623641
full_table_label_placebo,Physical,8,0,1540,136,128,20,9.054869282251246,17.23492796371956,0.14412787951061512,0.43718155372530565
full_table_label_placebo,Morgan+Physical,8,0,1540,136,128,20,9.97546153825872,18.1835022531489,0.04732448363181174,0.3737469193768934
full_table_label_placebo,Morgan,8,1,1795,82,128,20,14.561005637058162,17.481188307399815,-0.30474721416501094,0.05864701036648488
full_table_label_placebo,Physical,8,1,1795,82,128,20,9.39296585413863,12.698355560168938,0.3115388422259816,0.7695933560092835
full_table_label_placebo,Morgan+Physical,8,1,1795,82,128,20,8.550574408792635,11.930524099190906,0.3922800117265014,0.6882354368090646
full_table_label_placebo,Morgan,8,2,1732,80,129,19,7.823558130512238,8.914695015791262,0.2043353648980546,0.486616567663542
full_table_label_placebo,Physical,8,2,1732,80,129,19,7.375601791629791,8.365798190607883,0.2993004426098318,0.2543456764391731
full_table_label_placebo,Morgan+Physical,8,2,1732,80,129,19,7.50381068731308,8.351922984232292,0.30162282433054455,0.6507030889224125
full_table_label_placebo,Morgan,8,3,1877,51,129,19,17.731434514812396,32.376082403197,-0.37074368500491794,0.6124604962542859
full_table_label_placebo,Physical,8,3,1877,51,129,19,15.881465088489009,27.813038767614614,-0.011590035084299677,0.505107797916994
full_table_label_placebo,Morgan+Physical,8,3,1877,51,129,19,15.789609846376905,29.916660599154113,-0.17039885751314454,0.5967973210545722
full_table_label_placebo,Morgan,8,4,1752,108,129,19,15.454788905285024,20.86299828458539,-0.7592602346744353,0.4902598213634033
full_table_label_placebo,Physical,8,4,1752,108,129,19,10.871693866270562,15.033806517845406,0.0864873727268739,0.8332101714413335
full_table_label_placebo,Morgan+Physical,8,4,1752,108,129,19,13.052550898340016,17.86232916726076,-0.28959344853209745,0.8295395976341511
full_table_label_placebo,Morgan,9,0,1899,68,128,20,12.195173208236694,19.81378550753651,-0.04252671542980546,0.6866098261456277
full_table_label_placebo,Physical,9,0,1899,68,128,20,9.108076929989984,15.01425290539098,0.4013682702802842,0.8960439735392907
full_table_label_placebo,Morgan+Physical,9,0,1899,68,128,20,8.184250989465154,15.78481805825445,0.33834524308290703,0.936344733998667
full_table_label_placebo,Morgan,9,1,1762,106,128,20,16.821618472117297,21.725354824019508,-1.2408399020124268,-0.1465247958029165
full_table_label_placebo,Physical,9,1,1762,106,128,20,12.871739544058745,17.123238248314397,-0.39203088679619924,0.5999088345821683
full_table_label_placebo,Morgan+Physical,9,1,1762,106,128,20,14.679175280445026,19.285392749869,-0.7657696520046888,0.5376258439896542
full_table_label_placebo,Morgan,9,2,1767,98,129,19,8.185153659104328,19.16908292391579,-0.08711927364312788,0.5001149195717659
full_table_label_placebo,Physical,9,2,1767,98,129,19,5.776840499613237,17.93301631648833,0.04856042803080518,0.7368353547202624
full_table_label_placebo,Morgan+Physical,9,2,1767,98,129,19,6.9702223559632595,18.337131471867075,0.005196462917871458,0.6381148587111771
full_table_label_placebo,Morgan,9,3,1658,91,129,19,12.701137709025287,15.557136807637367,-0.4542925642585436,-0.16424547252776783
full_table_label_placebo,Physical,9,3,1658,91,129,19,7.87081411915538,9.270796342741134,0.48355209097895413,0.8092928241892935
full_table_label_placebo,Morgan+Physical,9,3,1658,91,129,19,9.981786700117508,12.13368954826956,0.11533631572219338,0.6955374648679828
full_table_label_placebo,Morgan,9,4,1610,94,129,19,13.541246615535655,21.817491696489167,0.02968388761869656,0.7830065781080136
full_table_label_placebo,Physical,9,4,1610,94,129,19,14.905428779342326,19.374837682049584,0.2347915628815087,0.07815087471363588
full_table_label_placebo,Morgan+Physical,9,4,1610,94,129,19,14.039090838801606,20.22075493902202,0.16651394881172532,0.20362907467304234
