protocol,representation,repeat,fold,train_rows,test_rows,train_compounds,test_compounds,mae,rmse,r2,spearman
paired_base,Morgan,0,0,328,129,77,20,15.80106188420732,19.79736735084448,-1.2465833595490716,-0.2692634868251015
paired_base,Physical,0,0,328,129,77,20,18.707810244005778,22.068834615700332,-1.7916852659006017,0.5341175799905006
paired_base,Morgan+Physical,0,0,328,129,77,20,8.309259865930837,9.80603209563924,0.44881895349169376,0.5057784148328935
paired_base,Morgan,0,1,321,136,77,20,13.270327840625537,17.482831436499804,-0.31308848270569967,-0.022933490707184263
paired_base,Physical,0,1,321,136,77,20,3.428869516310972,5.53189024207353,0.8685327553259132,0.8481192909406743
paired_base,Morgan+Physical,0,1,321,136,77,20,7.839173476376252,10.562870067864445,0.5206703138537356,0.36187862555591604
paired_base,Morgan,0,2,385,72,78,19,6.268117459636264,8.857746930671421,0.02993889940388106,0.0495327547692496
paired_base,Physical,0,2,385,72,78,19,8.945496932856242,12.393051971798998,-0.8989306106858601,0.22511629796957838
paired_base,Morgan+Physical,0,2,385,72,78,19,5.9120675322002825,9.694086800105929,-0.1618936053547555,0.2204951900098126
paired_base,Morgan,0,3,411,46,78,19,9.867929656318998,26.08893468095654,0.08617721016724211,0.5992786766114082
paired_base,Physical,0,3,411,46,78,19,8.52724353242957,24.42468719819851,0.19904647897859884,0.7093651627132864
paired_base,Morgan+Physical,0,3,411,46,78,19,8.169022655818775,24.957106263192273,0.16374688167566387,0.8192838059082257
paired_base,Morgan,0,4,383,74,78,19,16.23708513894571,23.56896636951814,-0.15007120440533428,0.26297376646379506
paired_base,Physical,0,4,383,74,78,19,8.52862388536711,12.198760840372474,0.6919117820505831,0.8885283237138828
paired_base,Morgan+Physical,0,4,383,74,78,19,10.953391586412998,17.163096858912656,0.3901332403782234,0.8242179464778916
paired_base,Morgan,1,0,355,102,77,20,7.422386764436608,9.0745583131983,0.20807070838327002,0.8218613040372529
paired_base,Physical,1,0,355,102,77,20,7.04940995862624,11.172940600748136,-0.20052275194450497,0.45330834802895514
paired_base,Morgan+Physical,1,0,355,102,77,20,5.323196221063651,8.653252333709396,0.2798977770127249,0.8844221581548171
paired_base,Morgan,1,1,379,78,77,20,10.373795394035241,24.03312431702561,0.05557654826417158,0.40165403100884084
paired_base,Physical,1,1,379,78,77,20,6.941951966878452,22.07595653208704,0.20313388925174014,0.9072576085729132
paired_base,Morgan+Physical,1,1,379,78,77,20,8.330839296297905,22.788814896817318,0.1508395106870407,0.8926405144919384
paired_base,Morgan,1,2,365,92,78,19,14.909710118003515,17.71454997500406,-0.09923459961854486,0.8444538729664535
paired_base,Physical,1,2,365,92,78,19,5.952657193681468,7.184900104319601,0.8191695301957583,0.9033169763385194
paired_base,Morgan+Physical,1,2,365,92,78,19,6.146600221302198,7.485837694162419,0.8037042235431462,0.8910273553841033
paired_base,Morgan,1,3,346,111,78,19,10.381847117738465,17.313417386600925,0.18810830258250388,0.772040636346388
paired_base,Physical,1,3,346,111,78,19,12.390877646475436,19.19254141529826,0.00230573652928201,0.857834551477673
paired_base,Morgan+Physical,1,3,346,111,78,19,9.50064488737089,15.602429666865754,0.34064854435863023,0.8601742936215496
paired_base,Morgan,1,4,383,74,78,19,11.551480190586398,15.450778074813183,-0.1837775780761315,0.6054307253727218
paired_base,Physical,1,4,383,74,78,19,17.986117296244647,24.43612783567078,-1.9609711599257271,0.7715392730034066
paired_base,Morgan+Physical,1,4,383,74,78,19,8.056639739887137,11.466379079982838,0.3480384381588497,0.8388769668295742
paired_base,Morgan,2,0,383,74,77,20,17.0548245483151,24.08207313108728,-0.18621941806634967,0.03218028789198679
paired_base,Physical,2,0,383,74,77,20,12.318566374552958,16.161945691322707,0.4657253439628576,0.5604453163651264
paired_base,Morgan+Physical,2,0,383,74,77,20,14.44714931040171,19.95309391764664,0.18567497605988703,0.43272261444424415
paired_base,Morgan,2,1,341,116,77,20,6.299133330141264,7.992154460880511,0.14118488551702402,0.8904115261760212
paired_base,Physical,2,1,341,116,77,20,7.081787087315526,10.811716704867901,-0.571669613704519,0.48270185857859105
paired_base,Morgan+Physical,2,1,341,116,77,20,5.255862817961593,8.095500783212591,0.11883065531420267,0.8434360254481522
paired_base,Morgan,2,2,380,77,78,19,9.717596913622572,23.713034818400796,-0.012727050664265604,0.6241040273746519
paired_base,Physical,2,2,380,77,78,19,8.122421236508853,22.943890392270447,0.051904138113807896,0.7917222422455337
paired_base,Morgan+Physical,2,2,380,77,78,19,8.169152891481078,23.017357738389933,0.04582272791077724,0.7870890362398834
paired_base,Morgan,2,3,358,99,78,19,5.3638431406194504,6.41748197316443,0.42302779635107035,0.689508755078189
paired_base,Physical,2,3,358,99,78,19,4.0920089546434815,7.604578632275814,0.18983050655130274,0.8221678324435785
paired_base,Morgan+Physical,2,3,358,99,78,19,4.124234310311983,6.129200778756852,0.4737001183476688,0.7657110639530829
paired_base,Morgan,2,4,366,91,78,19,15.364694404099014,18.23121267895863,-0.30200788879157603,0.6883674255525745
paired_base,Physical,2,4,366,91,78,19,7.1942846869583965,8.494688593258948,0.7173314922828956,0.9150183847732065
paired_base,Morgan+Physical,2,4,366,91,78,19,6.720492051847687,8.335912811713536,0.7277995568988198,0.9120164691866892
paired_base,Morgan,3,0,348,109,77,20,9.850515186288819,18.62346037511424,0.12545782623629465,0.6104419011502987
paired_base,Physical,3,0,348,109,77,20,6.33476714062822,16.882261648034888,0.28134367387228976,0.8240705581056469
paired_base,Morgan+Physical,3,0,348,109,77,20,7.382438313531436,16.9771623857329,0.2732413583080485,0.799641532919014
paired_base,Morgan,3,1,417,40,77,20,12.151753050231934,23.505476467129622,0.08449442878266733,0.6081145035610794
paired_base,Physical,3,1,417,40,77,20,11.658883573436736,17.199779592082653,0.5098052712018711,0.6949646064590004
paired_base,Morgan+Physical,3,1,417,40,77,20,11.366380926990509,17.99321860611051,0.4635359964598702,0.7709888256813365
paired_base,Morgan,3,2,295,162,78,19,10.85950156441206,13.008316903320488,0.20059838194627222,0.5823115628924441
paired_base,Physical,3,2,295,162,78,19,8.724482455851707,13.980304977004574,0.07667180586555189,0.7464286114446615
paired_base,Morgan+Physical,3,2,295,162,78,19,8.258940378222054,9.702795837841885,0.5552493489777315,0.7715114745236148
paired_base,Morgan,3,3,366,91,78,19,11.824455937027144,18.861687747531708,0.24200424139319576,0.7630677558307558
paired_base,Physical,3,3,366,91,78,19,8.951035437162629,15.392625945399512,0.4951863317808033,0.9282659722429973
paired_base,Morgan+Physical,3,3,366,91,78,19,9.947930633679064,16.184287445187696,0.4419246501328634,0.9112729109891047
paired_base,Morgan,3,4,402,55,78,19,10.476464447515315,15.382098398837563,-0.809372282324345,0.18214316351441348
paired_base,Physical,3,4,402,55,78,19,6.651674338227706,8.37549994800185,0.46356359515819456,0.8940890474516655
paired_base,Morgan+Physical,3,4,402,55,78,19,6.152776605232932,9.560961384937615,0.3009634386546969,0.6609907677791698
paired_base,Morgan,4,0,398,59,77,20,10.275598775443386,21.91928107986351,0.055691551084629975,0.24109108692760567
paired_base,Physical,4,0,398,59,77,20,9.6338510679148,21.66995500197766,0.07705189431622717,0.7635762893376479
paired_base,Morgan+Physical,4,0,398,59,77,20,7.367958848791607,20.76110020778039,0.15284672698561508,0.7777122280480024
paired_base,Morgan,4,1,340,117,77,20,7.534073092740051,11.860218700221338,-0.4724501317174197,0.4417181414495794
paired_base,Physical,4,1,340,117,77,20,4.368143005120693,6.028716956868658,0.6195435164154892,0.6524600224875374
paired_base,Morgan+Physical,4,1,340,117,77,20,5.248253312015371,8.327235673182049,0.27413323425208047,0.5329591929565134
paired_base,Morgan,4,2,346,111,78,19,13.628407963259583,20.004464658648356,0.008600713012182903,0.5976345029663745
paired_base,Physical,4,2,346,111,78,19,22.290187128757786,30.89386425046601,-1.3644993701883092,0.7212588631456919
paired_base,Morgan+Physical,4,2,346,111,78,19,13.483369948117367,19.685150000519208,0.03999788070518251,0.7168053829421622
paired_base,Morgan,4,3,384,73,78,19,6.7408485747245885,15.66387906156617,0.30634862332241797,0.6533266904597351
paired_base,Physical,4,3,384,73,78,19,6.020985156208195,8.533581397247502,0.7941242091207202,0.8329416320338915
paired_base,Morgan+Physical,4,3,384,73,78,19,5.583846388704482,11.023311985278,0.6564683082558735,0.9092831780346011
paired_base,Morgan,4,4,360,97,78,19,13.21303199697278,17.750742231435936,-0.22986644536605394,0.6568263533135187
paired_base,Physical,4,4,360,97,78,19,8.923509608868471,9.764522731354534,0.6278423424696626,0.82975004653168
paired_base,Morgan+Physical,4,4,360,97,78,19,6.88338522889442,7.7816083439547405,0.7636456198969277,0.9064151711915784
paired_base,Morgan,5,0,394,63,77,20,7.254420235648988,16.439888323483142,0.08118742397029144,0.7334547289529771
paired_base,Physical,5,0,394,63,77,20,6.15921705636524,9.493350578018632,0.69361447527967,0.5938887027167242
paired_base,Morgan+Physical,5,0,394,63,77,20,6.175525371430413,12.4927186909845,0.4694294671458614,0.6895904282952904
paired_base,Morgan,5,1,376,81,77,20,9.172393744631167,11.83284381052476,0.4934684910716626,0.8023833752067941
paired_base,Physical,5,1,376,81,77,20,9.665134623690005,15.312702334051366,0.15173434684256193,0.8063537571851271
paired_base,Morgan+Physical,5,1,376,81,77,20,7.098237754878291,10.968299715807344,0.5647820283798219,0.8145519798435091
paired_base,Morgan,5,2,346,111,78,19,15.031620462487023,22.43039536883135,0.09189270466542254,0.47149653428813326
paired_base,Physical,5,2,346,111,78,19,7.9320690605754685,16.499691344581393,0.5086228610872109,0.8993854236832184
paired_base,Morgan+Physical,5,2,346,111,78,19,11.16449009153074,18.970940414208428,0.3504074625179693,0.8163152297440893
paired_base,Morgan,5,3,329,128,78,19,6.0287598174572,8.74038531179953,0.3287868187874422,0.8442322922595502
paired_base,Physical,5,3,329,128,78,19,10.514898349183799,14.48069779833603,-0.8423761371739784,0.9126052215265522
paired_base,Morgan+Physical,5,3,329,128,78,19,3.9969469678282734,4.87998151710268,0.790764354225227,0.9048072888412921
paired_base,Morgan,5,4,383,74,78,19,12.516003713968637,20.629905716388055,0.0882375642346862,0.6334981469037098
paired_base,Physical,5,4,383,74,78,19,8.799968504364426,15.219818981817795,0.5037435282746545,0.7523926117075952
paired_base,Morgan+Physical,5,4,383,74,78,19,10.585976308461781,17.282975215642136,0.3600821516849575,0.744159915864457
paired_base,Morgan,6,0,414,43,77,20,11.0422242153079,20.548884462955137,0.08691594692311233,0.5194802158142786
paired_base,Physical,6,0,414,43,77,20,10.216209004734838,13.777945788860961,0.5895094150297561,0.7070613952196215
paired_base,Morgan+Physical,6,0,414,43,77,20,10.43162505358319,16.341192954398274,0.4225667692274564,0.7093334434047746
paired_base,Morgan,6,1,397,60,77,20,13.966465471013388,23.608422842093464,0.09766006923418924,0.8408078806650149
paired_base,Physical,6,1,397,60,77,20,7.724932819747924,13.256177561094793,0.7155061702836527,0.8356132200502165
paired_base,Morgan+Physical,6,1,397,60,77,20,10.340416638437908,18.09045656612645,0.47017154151920093,0.8776822348962082
paired_base,Morgan,6,2,331,126,78,19,15.740486170438736,19.218832892251406,-2.49578905194409,-0.5192273686056881
paired_base,Physical,6,2,331,126,78,19,6.058384596827673,8.247012783243838,0.35629848364798866,0.901846129454554
paired_base,Morgan+Physical,6,2,331,126,78,19,10.32898287956601,12.412702833795828,-0.45822289716764764,0.7269783746779054
paired_base,Morgan,6,3,333,124,78,19,6.7340923874270535,9.077997580810711,0.422967006833706,0.8493674724113045
paired_base,Physical,6,3,333,124,78,19,11.792290883882583,16.023600408792138,-0.7977973360043358,0.8044252113274851
paired_base,Morgan+Physical,6,3,333,124,78,19,5.193559699876848,6.753503913217428,0.6806412409989151,0.8564731704751966
paired_base,Morgan,6,4,353,104,78,19,15.48650596010208,23.2741685374006,-0.2627484084872047,0.2879003521272135
paired_base,Physical,6,4,353,104,78,19,9.625787739904844,17.748763480152675,0.26564732006379244,0.8284759765692045
paired_base,Morgan+Physical,6,4,353,104,78,19,11.277058686811008,19.724605371788368,0.0930462805520541,0.7404054947622619
paired_base,Morgan,7,0,343,114,77,20,5.619109242302075,8.464374171458367,0.5847239869889165,0.9099401094819854
paired_base,Physical,7,0,343,114,77,20,4.6436903450413745,7.683688574886021,0.6577947655646348,0.9269442320664649
paired_base,Morgan+Physical,7,0,343,114,77,20,3.418817673612896,6.076806377384515,0.7859585238850064,0.9350437171685037
paired_base,Morgan,7,1,380,77,77,20,18.662115705613967,24.250664021400894,-0.3619639650613853,0.5207328803931845
paired_base,Physical,7,1,380,77,77,20,4.5572484268584805,8.392875195515195,0.8368677306476782,0.9504519194651178
paired_base,Morgan+Physical,7,1,380,77,77,20,11.430764838082451,15.234352423773469,0.462515005855742,0.6984848567704732
paired_base,Morgan,7,2,377,80,78,19,8.500720731601714,10.204867163487597,0.1664298053639257,0.7306705192333308
paired_base,Physical,7,2,377,80,78,19,9.966273387596607,17.301159359502662,-1.3959507049769626,0.7093514149205459
paired_base,Morgan+Physical,7,2,377,80,78,19,8.790723446235656,12.39067518569513,-0.228902450992845,0.7065875286360318
paired_base,Morgan,7,3,379,78,78,19,7.380298582376334,19.28050336423922,0.12029909270614592,0.36258667435947456
paired_base,Physical,7,3,379,78,78,19,8.571237016468537,18.079183226553344,0.22650783972006017,0.4829866889643582
paired_base,Morgan+Physical,7,3,379,78,78,19,7.6808675830899755,18.20822836501134,0.21542640627275345,0.4578195664742614
paired_base,Morgan,7,4,349,108,78,19,13.510199314258715,20.434073694614103,-0.4081088632485337,0.7830831304933195
paired_base,Physical,7,4,349,108,78,19,13.719010704817595,20.902581121650506,-0.47341862955232283,0.864094403644815
paired_base,Morgan+Physical,7,4,349,108,78,19,8.469483029330219,14.03528490900231,0.33569306304944324,0.8652615622642431
paired_base,Morgan,8,0,321,136,77,20,8.401872533820656,16.22021713993842,0.241940556590863,0.663524753428235
paired_base,Physical,8,0,321,136,77,20,7.1286246810296,14.86852296403729,0.36302030209643177,0.7956485233907937
paired_base,Morgan+Physical,8,0,321,136,77,20,4.52445478927388,14.11285493972012,0.426121849631656,0.814779456708211
paired_base,Morgan,8,1,375,82,77,20,10.659687834070718,12.767035486422492,0.304071524234966,0.5221556873692655
paired_base,Physical,8,1,375,82,77,20,6.927960593112852,8.754253807181236,0.6727928813187256,0.8586899025890479
paired_base,Morgan+Physical,8,1,375,82,77,20,5.837141502246392,8.702765643386709,0.6766305013816338,0.8870548052641064
paired_base,Morgan,8,2,377,80,78,19,4.967265239295959,5.7639260575267945,0.667375773836971,0.8376032487957459
paired_base,Physical,8,2,377,80,78,19,3.5654472019052506,4.789216811593219,0.7703607751669884,0.8975162845859209
paired_base,Morgan+Physical,8,2,377,80,78,19,4.198869341192245,4.774358786060338,0.7717834264866437,0.8925254618727461
paired_base,Morgan,8,3,406,51,78,19,17.606692211824303,29.3595783018521,-0.12721636982644902,0.41105938332601916
paired_base,Physical,8,3,406,51,78,19,11.805470121196672,18.969915965075106,0.5294145725659654,0.6988137227208994
paired_base,Morgan+Physical,8,3,406,51,78,19,13.75130773447074,23.59585822369546,0.27191980721869446,0.719028941985849
paired_base,Morgan,8,4,349,108,78,19,13.178153026439523,17.44241166153482,-0.2296731940218506,0.41322385157165115
paired_base,Physical,8,4,349,108,78,19,5.93237174212491,8.98349949602199,0.6738121823612417,0.8793266753673494
paired_base,Morgan+Physical,8,4,349,108,78,19,7.967854383980785,10.403494443673758,0.5625432514581624,0.8595435240257073
paired_base,Morgan,9,0,389,68,77,20,9.872007392883301,17.598002881008338,0.1776076775296016,0.7566212274031847
paired_base,Physical,9,0,389,68,77,20,5.307263039504781,7.121995510728184,0.8653036989613,0.8812710002864316
paired_base,Morgan+Physical,9,0,389,68,77,20,6.7105848470295175,11.21243382188993,0.666149474735175,0.9213995325860296
paired_base,Morgan,9,1,351,106,77,20,13.192489055417619,17.479404123300643,-0.4505420380820542,0.751295310237066
paired_base,Physical,9,1,351,106,77,20,8.087346746120812,10.000404923791304,0.5251983238964839,0.9425562093992721
paired_base,Morgan+Physical,9,1,351,106,77,20,4.42342320532169,6.0895937630237515,0.8239428300447731,0.9287941672867402
paired_base,Morgan,9,2,359,98,78,19,6.476206584323181,17.416933767468908,0.10253416671490678,0.6649451981336082
paired_base,Physical,9,2,359,98,78,19,6.197939206321872,16.329128479890866,0.21113890965718185,0.8835701283162948
paired_base,Morgan+Physical,9,2,359,98,78,19,4.953953104587477,16.4179597333431,0.20253267857030888,0.7767574455065677
paired_base,Morgan,9,3,366,91,78,19,13.56390558754722,24.391372783054692,-2.5749084907470885,0.29690745033829374
paired_base,Physical,9,3,366,91,78,19,18.29727022062532,25.48678907916737,-2.9032169549970277,0.6847787330647529
paired_base,Morgan+Physical,9,3,366,91,78,19,12.849823528294827,18.302320793090132,-1.0128192079977518,0.6278549038137965
paired_base,Morgan,9,4,363,94,78,19,16.74775615171067,20.779215943209792,0.11983941321159719,0.5144819550393203
paired_base,Physical,9,4,363,94,78,19,27.45948037417797,30.29179981481371,-0.8704829788387554,0.06850408855664057
paired_base,Morgan+Physical,9,4,363,94,78,19,21.84339985549602,24.497248006059944,-0.2233147217606426,0.07300069256386349
paired_plus_coverage,Morgan,0,0,455,129,127,20,14.859325592218445,18.550845777419475,-0.9725820831849428,0.07910510430988846
paired_plus_coverage,Physical,0,0,455,129,127,20,13.188091285764708,14.914903018370877,-0.2751125548151665,0.8622919414476168
paired_plus_coverage,Morgan+Physical,0,0,455,129,127,20,5.325738413729409,7.210267467407827,0.7020040203397947,0.8415103063572611
paired_plus_coverage,Morgan,0,1,448,136,127,20,9.285565352765252,13.853869792674871,0.1754582424792519,0.11223424200243105
paired_plus_coverage,Physical,0,1,448,136,127,20,5.420622874669467,8.712025097365608,0.6739316188940552,0.8185447894760572
paired_plus_coverage,Morgan+Physical,0,1,448,136,127,20,6.889859936141968,10.912536723945847,0.4884101869880707,0.7490400413979058
paired_plus_coverage,Morgan,0,2,512,72,128,19,5.803462332280477,9.196919825792532,-0.04577283040713409,0.2273651228107897
paired_plus_coverage,Physical,0,2,512,72,128,19,6.152437755987379,8.13401727695981,0.18198223674247505,0.4336728923387838
paired_plus_coverage,Morgan+Physical,0,2,512,72,128,19,5.6848585045920474,7.561106145714165,0.29315657396026373,0.32583597762248045
paired_plus_coverage,Morgan,0,3,538,46,128,19,9.451884034529975,25.63955086674925,0.11738740528125102,0.5590237029902182
paired_plus_coverage,Physical,0,3,538,46,128,19,8.61182025627468,25.494398572410457,0.1273525253634219,0.8905703633657146
paired_plus_coverage,Morgan+Physical,0,3,538,46,128,19,8.514312843156898,25.27490502787458,0.14231392597750125,0.7148304837748747
paired_plus_coverage,Morgan,0,4,510,74,128,19,15.233183075060458,23.729643945163744,-0.16580550009500628,0.4812513585562831
paired_plus_coverage,Physical,0,4,510,74,128,19,4.702628751052651,7.0481614559254675,0.8971521198834098,0.9295566650288546
paired_plus_coverage,Morgan+Physical,0,4,510,74,128,19,7.454542512281263,10.78726855879437,0.7590834483415562,0.9267840509587233
paired_plus_coverage,Morgan,1,0,482,102,127,20,5.1832212219462654,6.519593518355048,0.5912324106039373,0.8977212479005726
paired_plus_coverage,Physical,1,0,482,102,127,20,6.400980133273553,10.213903869851853,-0.0032725905154402657,0.858631579227654
paired_plus_coverage,Morgan+Physical,1,0,482,102,127,20,4.63031752761392,7.222829702164069,0.49829299378737635,0.857468799303724
paired_plus_coverage,Morgan,1,1,506,78,127,20,10.328321146799723,24.708191803359185,0.0017754996806504941,0.7710576280060091
paired_plus_coverage,Physical,1,1,506,78,127,20,6.553748773251068,21.79874069036666,0.22302131055643248,0.9112482295926194
paired_plus_coverage,Morgan+Physical,1,1,506,78,127,20,7.950724930328956,23.01184003886795,0.13413738259964714,0.8881867360436119
paired_plus_coverage,Morgan,1,2,492,92,128,19,15.500926795378975,18.534462732424736,-0.20334496445309513,0.7067009132202317
paired_plus_coverage,Physical,1,2,492,92,128,19,10.308739207682404,13.958643237618062,0.31747815357777665,0.9141818242134164
paired_plus_coverage,Morgan+Physical,1,2,492,92,128,19,4.1980363296011225,5.540108394096571,0.8924855924962908,0.9302252420821536
paired_plus_coverage,Morgan,1,3,473,111,128,19,10.253353148568642,18.712911653073142,0.05154826203407403,0.6391101911121512
paired_plus_coverage,Physical,1,3,473,111,128,19,3.7936202704042996,5.55018982197611,0.916565018188962,0.9437141448891287
paired_plus_coverage,Morgan+Physical,1,3,473,111,128,19,5.379560545789015,9.072231263695613,0.7770739981071436,0.9357571245436347
paired_plus_coverage,Morgan,1,4,510,74,128,19,8.830632349890632,11.466377261318675,0.34803864497200765,0.724148520562163
paired_plus_coverage,Physical,1,4,510,74,128,19,23.803477800987864,34.97885739559078,-5.0670928063487155,0.8400997941794521
paired_plus_coverage,Morgan+Physical,1,4,510,74,128,19,11.771300664334685,15.954889036667366,-0.26228370728113437,0.8489318774885057
paired_plus_coverage,Morgan,2,0,510,74,127,20,16.610758314293527,24.86166813949752,-0.26426413339260146,0.3175030676803439
paired_plus_coverage,Physical,2,0,510,74,127,20,5.518979216131262,7.409364533691967,0.8877104835629915,0.9586346920875479
paired_plus_coverage,Morgan+Physical,2,0,510,74,127,20,10.472603385931478,13.968161510624915,0.6009238412736713,0.9478565098033449
paired_plus_coverage,Morgan,2,1,468,116,127,20,4.062682266327431,6.419405248773868,0.4459339656289638,0.7625434391641835
paired_plus_coverage,Physical,2,1,468,116,127,20,4.575448453975545,7.458688177938724,0.25200818771070355,0.82854139487151
paired_plus_coverage,Morgan+Physical,2,1,468,116,127,20,3.097830536151755,6.23928661869114,0.47659024219699986,0.8398500732221791
paired_plus_coverage,Morgan,2,2,507,77,128,19,9.045719328298198,24.27091938615595,-0.06093942440036382,0.704261563024953
paired_plus_coverage,Physical,2,2,507,77,128,19,10.657313907672831,23.255210580416875,0.02600060873882193,0.7007147428919297
paired_plus_coverage,Morgan+Physical,2,2,507,77,128,19,7.605069278865666,23.175861819344792,0.032636007038913895,0.8016048344706688
paired_plus_coverage,Morgan,2,3,485,99,128,19,5.86287034484401,6.692941967924558,0.3724335831619109,0.7355087276954776
paired_plus_coverage,Physical,2,3,485,99,128,19,3.1768810322385854,5.396593413233138,0.591995480261015,0.8163666635332473
paired_plus_coverage,Morgan+Physical,2,3,485,99,128,19,3.763362070457382,4.998941572962371,0.6499083941733956,0.7829354169864832
paired_plus_coverage,Morgan,2,4,493,91,128,19,16.094836226997792,19.455352422675915,-0.482725324276684,0.722082860719022
paired_plus_coverage,Physical,2,4,493,91,128,19,15.50118005115383,21.402953019365565,-0.7944439482252503,0.8807535205545838
paired_plus_coverage,Morgan+Physical,2,4,493,91,128,19,4.307568773458292,6.6161178492018236,0.8285296771047205,0.8829707702222332
paired_plus_coverage,Morgan,3,0,475,109,127,20,8.773282689309776,18.091745466188062,0.17468272191191914,0.4168963894564053
paired_plus_coverage,Physical,3,0,475,109,127,20,5.814629062918567,16.94746781203449,0.2757814665067747,0.838202986202996
paired_plus_coverage,Morgan+Physical,3,0,475,109,127,20,5.053349152878228,16.704722761115537,0.2963794033952706,0.8182594352804435
paired_plus_coverage,Morgan,3,1,544,40,127,20,11.739520831966399,23.516347035179308,0.08364744600488339,0.7014500639113481
paired_plus_coverage,Physical,3,1,544,40,127,20,10.536071761703493,17.6998437450909,0.48088719906980615,0.8019563498360981
paired_plus_coverage,Morgan+Physical,3,1,544,40,127,20,10.276907695865631,18.818388986727467,0.41320317359333725,0.8177473328145866
paired_plus_coverage,Morgan,3,2,422,162,128,19,11.061315706686328,13.560631638365352,0.13127435163617296,0.5517239726734495
paired_plus_coverage,Physical,3,2,422,162,128,19,10.578839162850086,16.731685262801985,-0.32251978878743315,0.8856727945005984
paired_plus_coverage,Morgan+Physical,3,2,422,162,128,19,5.262710465352329,6.327539206847513,0.8108560320389921,0.7789586950416386
paired_plus_coverage,Morgan,3,3,493,91,128,19,10.564661070067016,19.73100966285421,0.17052310696606898,0.8684994082351153
paired_plus_coverage,Physical,3,3,493,91,128,19,4.303476436162257,5.8355894088387705,0.927443699878949,0.932316824298077
paired_plus_coverage,Morgan+Physical,3,3,493,91,128,19,6.460728892282338,9.994727084911977,0.7871627919278468,0.9397695910990245
paired_plus_coverage,Morgan,3,4,529,55,128,19,9.216687310105756,11.52053426670583,-0.014943818316660806,0.6021401286833207
paired_plus_coverage,Physical,3,4,529,55,128,19,2.9013033875288525,4.375441136676756,0.8536002099495793,0.9066751905176273
paired_plus_coverage,Morgan+Physical,3,4,529,55,128,19,4.463463197751132,5.619857618499448,0.7584831765206121,0.9223896812820652
paired_plus_coverage,Morgan,4,0,525,59,127,20,10.906348949884965,23.061721038154207,-0.0453090073910154,0.32363777188370396
paired_plus_coverage,Physical,4,0,525,59,127,20,6.938797620288396,22.423873371884703,0.011714261405339488,0.7121979414740579
paired_plus_coverage,Morgan+Physical,4,0,525,59,127,20,7.860400134135101,22.28556087005959,0.023868335373049665,0.6200651950855074
paired_plus_coverage,Morgan,4,1,467,117,127,20,5.8228110076486965,7.334554540258712,0.43687775301926424,0.6780033792439839
paired_plus_coverage,Physical,4,1,467,117,127,20,3.6200782650378636,5.083016512402235,0.7295429906157891,0.9357816889856752
paired_plus_coverage,Morgan+Physical,4,1,467,117,127,20,4.195596704346746,5.445998762087122,0.6895366945981918,0.849168663965402
paired_plus_coverage,Morgan,4,2,473,111,128,19,13.053548966464481,20.413071053778033,-0.03231307825151286,0.6184797756081117
paired_plus_coverage,Physical,4,2,473,111,128,19,16.044139830859073,24.874277713288315,-0.5328360027798065,0.7886448166016877
paired_plus_coverage,Morgan+Physical,4,2,473,111,128,19,11.774612665172954,15.855833919246642,0.37716514108567556,0.7922205920478157
paired_plus_coverage,Morgan,4,3,511,73,128,19,7.427179520154978,16.370535886258786,0.24235039312016804,0.8400443040539517
paired_plus_coverage,Physical,4,3,511,73,128,19,6.888005133816967,12.586141832181111,0.5521548732443722,0.8552576016259695
paired_plus_coverage,Morgan+Physical,4,3,511,73,128,19,6.613471945728668,14.03412758714788,0.44318176316131497,0.8714976907200515
paired_plus_coverage,Morgan,4,4,487,97,128,19,13.58356345166865,18.488533719208565,-0.33422740651419414,0.7167874499205642
paired_plus_coverage,Physical,4,4,487,97,128,19,10.355444939288896,13.271400906881185,0.3125225533370506,0.9106522631286763
paired_plus_coverage,Morgan+Physical,4,4,487,97,128,19,4.250510496237843,5.666836669019491,0.8746552037013678,0.9560003280316652
paired_plus_coverage,Morgan,5,0,521,63,127,20,8.215906000046504,17.361763885588676,-0.024747567548945026,0.8661866486779219
paired_plus_coverage,Physical,5,0,521,63,127,20,5.274946429903545,11.247729948269292,0.5699103751984719,0.8494281568136895
paired_plus_coverage,Morgan+Physical,5,0,521,63,127,20,6.143231744614859,14.01532930649787,0.33221629444163203,0.8590601753025822
paired_plus_coverage,Morgan,5,1,503,81,127,20,9.966622877671982,13.276700864802407,0.3623115623121421,0.7378017804104804
paired_plus_coverage,Physical,5,1,503,81,127,20,6.5972437300128695,10.199449546772318,0.6236588827306921,0.8746144390307806
paired_plus_coverage,Morgan+Physical,5,1,503,81,127,20,6.610332867149071,9.897360009546563,0.6456218494161232,0.9111930470000983
paired_plus_coverage,Morgan,5,2,473,111,128,19,14.892580934387757,23.615613884586708,-0.006611264632973235,0.6737085298914348
paired_plus_coverage,Physical,5,2,473,111,128,19,10.475911389918972,19.554791917382637,0.30980834321333395,0.9401397543267743
paired_plus_coverage,Morgan+Physical,5,2,473,111,128,19,5.791968668603296,16.18564641436867,0.5271499877697768,0.9442090582769758
paired_plus_coverage,Morgan,5,3,456,128,128,19,5.23790662778616,6.325012616233952,0.6485026042164901,0.6186999319419751
paired_plus_coverage,Physical,5,3,456,128,128,19,10.414929243314266,14.75061827966137,-0.9117001235357198,0.9002310332540742
paired_plus_coverage,Morgan+Physical,5,3,456,128,128,19,4.5522168157875535,6.6081649059724255,0.6163271537256098,0.9180409216541883
paired_plus_coverage,Morgan,5,4,510,74,128,19,11.66780825986089,21.917323593667113,-0.029111067087717934,0.3362043617365406
paired_plus_coverage,Physical,5,4,510,74,128,19,4.81982517250164,9.420543755827197,0.809875033139451,0.7860351529536095
paired_plus_coverage,Morgan+Physical,5,4,510,74,128,19,6.732366780822341,11.417034922043324,0.7207495586965378,0.8057029291304718
paired_plus_coverage,Morgan,6,0,541,43,127,20,11.004773466065872,21.2608715738853,0.022545870844081328,0.5284308861020912
paired_plus_coverage,Physical,6,0,541,43,127,20,8.646094296987666,13.641153180036268,0.5976199605981634,0.7197575316269945
paired_plus_coverage,Morgan+Physical,6,0,541,43,127,20,9.448504907120105,17.102153839985696,0.3675359062085938,0.7305872167093451
paired_plus_coverage,Morgan,6,1,524,60,127,20,14.211919486745199,25.736934248893956,-0.0723828312697472,0.3505462421454897
paired_plus_coverage,Physical,6,1,524,60,127,20,5.156430194282533,8.331327726160904,0.8876263044970186,0.8410738338977757
paired_plus_coverage,Morgan+Physical,6,1,524,60,127,20,7.975449475987753,13.298501358230242,0.7136866290368655,0.9228158799627687
paired_plus_coverage,Morgan,6,2,458,126,128,19,10.489642150806244,12.194114087652057,-0.40731625710969,-0.19739949857121522
paired_plus_coverage,Physical,6,2,458,126,128,19,4.3846311778447,8.417353707101947,0.32943273153175834,0.9582286096587331
paired_plus_coverage,Morgan+Physical,6,2,458,126,128,19,6.938195947544159,8.93289902400049,0.2447755416882823,0.7998713471984782
paired_plus_coverage,Morgan,6,3,460,124,128,19,5.426762643063453,8.019222276005626,0.5497175472970917,0.8200152720159878
paired_plus_coverage,Physical,6,3,460,124,128,19,10.401629425082668,14.608368318556796,-0.4942523260185274,0.8168066710244342
paired_plus_coverage,Morgan+Physical,6,3,460,124,128,19,6.720990406547054,8.15473016918529,0.5343713324068289,0.8183050450470031
paired_plus_coverage,Morgan,6,4,480,104,128,19,15.658743938083648,24.12222107930965,-0.35644774187059425,0.5386765393300476
paired_plus_coverage,Physical,6,4,480,104,128,19,4.718436768545738,16.036434690737458,0.4005069952245638,0.9074432442455493
paired_plus_coverage,Morgan+Physical,6,4,480,104,128,19,8.676652668040349,18.168699616605164,0.2304866306013832,0.8579443576797102
paired_plus_coverage,Morgan,7,0,470,114,127,20,6.854165221478647,10.025417626152834,0.4174246756591563,0.6643201359034563
paired_plus_coverage,Physical,7,0,470,114,127,20,4.0830324619427065,7.437268320658962,0.6793922324297953,0.9116230890581882
paired_plus_coverage,Morgan+Physical,7,0,470,114,127,20,4.499713117110939,7.065700344709792,0.7106272910315008,0.883857503687093
paired_plus_coverage,Morgan,7,1,507,77,127,20,17.38546491221639,23.69459735210625,-0.3002205136836009,0.5053928194261879
paired_plus_coverage,Physical,7,1,507,77,127,20,17.18455392064677,21.975182581360166,-0.11836439418082456,0.8915492563979062
paired_plus_coverage,Morgan+Physical,7,1,507,77,127,20,4.972087268779804,12.493985605910417,0.6384899708739609,0.8555109471569392
paired_plus_coverage,Morgan,7,2,504,80,128,19,7.8824078363037104,9.310857515750392,0.30608411872108565,0.7502343389103723
paired_plus_coverage,Physical,7,2,504,80,128,19,4.834444337830543,7.104904585757738,0.5959417619323715,0.8085749325346024
paired_plus_coverage,Morgan+Physical,7,2,504,80,128,19,6.027248178110122,7.768561599174766,0.5169315285865621,0.7997064626303788
paired_plus_coverage,Morgan,7,3,506,78,128,19,6.778815155788324,19.049214355020943,0.14127829257235613,0.8182542969003143
paired_plus_coverage,Physical,7,3,506,78,128,19,7.924398861553485,19.44955832761116,0.10480470500981642,0.6792650974075849
paired_plus_coverage,Morgan+Physical,7,3,506,78,128,19,5.433888676605226,18.63538379722308,0.17818325340881114,0.6940143289247515
paired_plus_coverage,Morgan,7,4,476,108,128,19,13.793030853977907,20.542462854322935,-0.4230866422679951,0.7613626003574747
paired_plus_coverage,Physical,7,4,476,108,128,19,14.094661465309285,23.448301180301108,-0.8541680316439599,0.8749024218293243
paired_plus_coverage,Morgan+Physical,7,4,476,108,128,19,9.055334765187016,12.097167743310255,0.5064925342539459,0.8703940957092244
paired_plus_coverage,Morgan,8,0,448,136,127,20,5.13346900916941,14.955315231566962,0.3555620938751801,0.7934386536039676
paired_plus_coverage,Physical,8,0,448,136,127,20,5.425559008037343,15.087005385846183,0.34416283234202705,0.8170112282436635
paired_plus_coverage,Morgan+Physical,8,0,448,136,127,20,3.262962458515167,14.343223097684287,0.4072337864197042,0.9564081964176899
paired_plus_coverage,Morgan,8,1,502,82,127,20,10.952256837524788,13.270463197842178,0.24810596407729513,0.6695231611755442
paired_plus_coverage,Physical,8,1,502,82,127,20,5.5702246492609175,8.93878050688275,0.6588534193830965,0.8254997898242492
paired_plus_coverage,Morgan+Physical,8,1,502,82,127,20,5.613413605858408,8.692015758022128,0.6774288770349008,0.8790629617277954
paired_plus_coverage,Morgan,8,2,504,80,128,19,6.078194532403947,6.59740996958634,0.5642232853940046,0.8314623561649443
paired_plus_coverage,Physical,8,2,504,80,128,19,4.345796285209656,6.136071763345784,0.6230376849781357,0.8151315444365583
paired_plus_coverage,Morgan+Physical,8,2,504,80,128,19,4.855631846961975,5.677513917838746,0.6772743452596908,0.8183382083054097
paired_plus_coverage,Morgan,8,3,533,51,128,19,18.27814345617855,31.78639414986599,-0.32126578534665295,-0.057286904847955615
paired_plus_coverage,Physical,8,3,533,51,128,19,8.065299547382429,14.650463920523014,0.7193206805974206,0.7522981085902838
paired_plus_coverage,Morgan+Physical,8,3,533,51,128,19,12.701896159003763,22.61294937979666,0.33131422984490244,0.7389851151835166
paired_plus_coverage,Morgan,8,4,476,108,128,19,14.251352850172255,19.01985782852871,-0.4621474600810185,0.39996147567304446
paired_plus_coverage,Physical,8,4,476,108,128,19,3.6636211136005548,7.246861578073194,0.7877358878462936,0.8936261675232928
paired_plus_coverage,Morgan+Physical,8,4,476,108,128,19,8.111144034173753,10.895406179961554,0.5201964109631052,0.8671634907406658
paired_plus_coverage,Morgan,9,0,516,68,127,20,11.647129226235784,19.671060860800257,-0.027561543604452066,0.5235033943154896
paired_plus_coverage,Physical,9,0,516,68,127,20,7.0190324813618385,12.736866225349278,0.5691982555085742,0.7529832631962208
paired_plus_coverage,Morgan+Physical,9,0,516,68,127,20,8.34595720762365,15.6891992563762,0.346337101021016,0.7163777784281208
paired_plus_coverage,Morgan,9,1,478,106,127,20,13.627257328897151,17.551814104784505,-0.46258492891863634,0.6858401002491199
paired_plus_coverage,Physical,9,1,478,106,127,20,2.82892353723634,4.313068824335162,0.9116818731477256,0.9352266956697931
paired_plus_coverage,Morgan+Physical,9,1,478,106,127,20,6.9007892426544775,8.848200474210657,0.6283047760770457,0.9348686358415496
paired_plus_coverage,Morgan,9,2,486,98,128,19,6.220852375209574,17.733758040614106,0.06958633437786366,0.6350775090489436
paired_plus_coverage,Physical,9,2,486,98,128,19,6.761838018246088,17.15885818537885,0.12893353745900427,0.8573460439186398
paired_plus_coverage,Morgan+Physical,9,2,486,98,128,19,6.2122693275763075,17.188358889760284,0.12593576639169446,0.7579977982877708
paired_plus_coverage,Morgan,9,3,493,91,128,19,6.96794888997843,8.48440416655677,0.5674511726194962,0.7955399464848402
paired_plus_coverage,Physical,9,3,493,91,128,19,15.621194214155594,25.007759298366338,-2.7578721719407677,0.9035334298221752
paired_plus_coverage,Morgan+Physical,9,3,493,91,128,19,8.026579580794115,11.284540913359422,0.234825950380668,0.8713827978166889
paired_plus_coverage,Morgan,9,4,490,94,128,19,13.861667283305717,20.31524062446488,0.15870647626027534,0.38982276157390916
paired_plus_coverage,Physical,9,4,490,94,128,19,11.472108032616147,13.234796939977604,0.64294249246332,0.3323126067944003
paired_plus_coverage,Morgan+Physical,9,4,490,94,128,19,12.101495100857347,14.452847479970671,0.5741953071325951,0.4463453851377255
paired_plus_new_xtb,Morgan,0,0,432,129,116,20,14.30725103742023,17.8482081851431,-0.8259837163848673,0.32922125758089116
paired_plus_new_xtb,Physical,0,0,432,129,116,20,24.240068502500076,28.49897611157737,-3.655498262468859,0.7183740699186987
paired_plus_new_xtb,Morgan+Physical,0,0,432,129,116,20,7.633124561161957,10.223627570766562,0.4008746505826041,0.7240962988937053
paired_plus_new_xtb,Morgan,0,1,425,136,116,20,10.642127026714999,14.784140351325805,0.061006458447068646,-0.11743737763562338
paired_plus_new_xtb,Physical,0,1,425,136,116,20,5.486853047191395,6.503088917090382,0.8183188643471189,0.7525233828122259
paired_plus_new_xtb,Morgan+Physical,0,1,425,136,116,20,7.543416365500057,9.854771388935681,0.5827814979570847,0.4987153373464917
paired_plus_new_xtb,Morgan,0,2,489,72,117,19,5.256075243610805,8.404075166920274,0.1267624355532132,0.2468208066105562
paired_plus_new_xtb,Physical,0,2,489,72,117,19,5.883687250010173,7.049579125898951,0.3855607753700169,0.3717541961150773
paired_plus_new_xtb,Morgan+Physical,0,2,489,72,117,19,5.235928548897637,6.487412622298317,0.47964995511445496,0.3417954887456078
paired_plus_new_xtb,Morgan,0,3,515,46,117,19,9.681898476890895,25.591565217763737,0.12068801735437429,0.5543563566129982
paired_plus_new_xtb,Physical,0,3,515,46,117,19,7.622735238572826,24.435222826997936,0.19835534472532934,0.8844334151895263
paired_plus_new_xtb,Morgan+Physical,0,3,515,46,117,19,7.9853457232350875,24.74853863829751,0.17766568513181635,0.6925143085887362
paired_plus_new_xtb,Morgan,0,4,487,74,117,19,16.608831657364306,24.463999022071977,-0.23907774774854818,0.15228528501527724
paired_plus_new_xtb,Physical,0,4,487,74,117,19,5.857354609547177,8.295995633537316,0.8575112141496654,0.9338378277606415
paired_plus_new_xtb,Morgan+Physical,0,4,487,74,117,19,8.544489808630042,11.3223844317209,0.7345886755076092,0.8969453224460947
paired_plus_new_xtb,Morgan,1,0,459,102,116,20,5.469311557418223,6.7337126851881965,0.5639416781339435,0.9218452907967178
paired_plus_new_xtb,Physical,1,0,459,102,116,20,7.827146027239629,13.196140229078752,-0.6746700720855157,0.4531033702545808
paired_plus_new_xtb,Morgan+Physical,1,0,459,102,116,20,5.386982915422027,8.888749625619413,0.24016943071722419,0.872476508970443
paired_plus_new_xtb,Morgan,1,1,483,78,116,20,10.230982653745993,24.673540140911033,0.004573428681412861,0.7101647872506788
paired_plus_new_xtb,Physical,1,1,483,78,116,20,6.148142634091988,20.866375216239973,0.2880650362772066,0.8763920122404731
paired_plus_new_xtb,Morgan+Physical,1,1,483,78,116,20,7.730772930835822,22.411675301068772,0.17871301502527592,0.8910260004677695
paired_plus_new_xtb,Morgan,1,2,469,92,117,19,14.847706613499186,17.530487305588917,-0.076510125980221,0.867358069677468
paired_plus_new_xtb,Physical,1,2,469,92,117,19,11.853375084462375,16.24967147883296,0.07504775137878483,0.9198365282877605
paired_plus_new_xtb,Morgan+Physical,1,2,469,92,117,19,3.358807809829713,4.941995580821161,0.914447077932016,0.9327592468787952
paired_plus_new_xtb,Morgan,1,3,450,111,117,19,10.267485532310417,18.76317752818456,0.04644603224670585,0.7314858862074718
paired_plus_new_xtb,Physical,1,3,450,111,117,19,6.191664167373245,8.209497070689991,0.8174568221797396,0.9188892999565184
paired_plus_new_xtb,Morgan+Physical,1,3,450,111,117,19,5.109261356298774,8.781571106271597,0.7911295767615296,0.9307970378403089
paired_plus_new_xtb,Morgan,1,4,487,74,117,19,9.933558936660353,13.625454228304422,0.0793991346810996,0.7114931442965234
paired_plus_new_xtb,Physical,1,4,487,74,117,19,23.742322362178083,34.115266481229455,-4.771210783393964,0.8375448211592593
paired_plus_new_xtb,Morgan+Physical,1,4,487,74,117,19,12.116861367612273,16.01703854056765,-0.2721368752713482,0.8322686196663887
paired_plus_new_xtb,Morgan,2,0,487,74,116,20,17.356673943706202,25.487679642968125,-0.32873350694025505,0.11183409923684294
paired_plus_new_xtb,Physical,2,0,487,74,116,20,8.036860577254426,11.014775874582986,0.7518418078654368,0.9655826112459598
paired_plus_new_xtb,Morgan+Physical,2,0,487,74,116,20,9.634026915479092,11.332377565341165,0.7373246264550085,0.9691159547495967
paired_plus_new_xtb,Morgan,2,1,445,116,116,20,3.739154724252635,6.3734767945055015,0.4538338760459809,0.7299677025843784
paired_plus_new_xtb,Physical,2,1,445,116,116,20,5.477333945050733,12.174769306603737,-0.9929363252933154,0.8257606629978788
paired_plus_new_xtb,Morgan+Physical,2,1,445,116,116,20,4.184181539140898,8.454365765587285,0.03897649997907082,0.8091178864601271
paired_plus_new_xtb,Morgan,2,2,484,77,117,19,9.751512893577676,24.430708304335795,-0.07495491373470231,0.6502759148279668
paired_plus_new_xtb,Physical,2,2,484,77,117,19,12.935352681147588,24.11221025559551,-0.047109684825733966,0.7662875803841297
paired_plus_new_xtb,Morgan+Physical,2,2,484,77,117,19,8.48599386636313,23.24702943431537,0.026685791068554066,0.7898503485332601
paired_plus_new_xtb,Morgan,2,3,462,99,117,19,5.9470421746456275,6.782752875362508,0.3554782694947026,0.7457659035321645
paired_plus_new_xtb,Physical,2,3,462,99,117,19,3.596008849180588,5.120543789994716,0.6326688612269338,0.8548481701011276
paired_plus_new_xtb,Morgan+Physical,2,3,462,99,117,19,3.8680994269130213,4.752119174300304,0.6836264097337401,0.8287916449747479
paired_plus_new_xtb,Morgan,2,4,470,91,117,19,16.303371337555266,19.48486823241245,-0.4872276365224346,0.7420728507112435
paired_plus_new_xtb,Physical,2,4,470,91,117,19,17.127574154906217,21.059422865630605,-0.7373024458221094,0.8716399722882896
paired_plus_new_xtb,Morgan+Physical,2,4,470,91,117,19,3.8373458509340383,6.595044865791465,0.8296202371126895,0.8782917212912378
paired_plus_new_xtb,Morgan,3,0,452,109,116,20,8.540980538408471,18.103002894632734,0.17365530962322095,0.5696455984399557
paired_plus_new_xtb,Physical,3,0,452,109,116,20,7.487469968764279,17.603012585309592,0.21867090258081034,0.8540875811706826
paired_plus_new_xtb,Morgan+Physical,3,0,452,109,116,20,4.721047652869268,16.527810457233848,0.3112039522263238,0.8358817998817135
paired_plus_new_xtb,Morgan,3,1,521,40,116,20,11.678490205669402,23.05664535777797,0.11912332010697191,0.6730116266310117
paired_plus_new_xtb,Physical,3,1,521,40,116,20,10.961964387321473,16.622322420648004,0.5421678594635702,0.795000797809859
paired_plus_new_xtb,Morgan+Physical,3,1,521,40,116,20,9.986581887626647,17.36102144025719,0.500571386641991,0.8273347153372403
paired_plus_new_xtb,Morgan,3,2,399,162,117,19,10.524800615013971,12.882132307742989,0.21603203495385181,0.7464847549974428
paired_plus_new_xtb,Physical,3,2,399,162,117,19,12.033963214130166,17.299189415996302,-0.4137555210135315,0.8821342567631101
paired_plus_new_xtb,Morgan+Physical,3,2,399,162,117,19,4.785795320802854,6.957830655581346,0.7712977091847968,0.8503842073775854
paired_plus_new_xtb,Morgan,3,3,470,91,117,19,10.825677213614325,20.011408932297712,0.1467800385000655,0.800296979323489
paired_plus_new_xtb,Physical,3,3,470,91,117,19,4.81617665599781,6.163969537969961,0.9190481755100425,0.9370000807192631
paired_plus_new_xtb,Morgan+Physical,3,3,470,91,117,19,6.912468488135703,10.333584828129512,0.7724862275583573,0.9535032396350266
paired_plus_new_xtb,Morgan,3,4,506,55,117,19,9.206176333487772,11.889007133027869,-0.08090602579471673,0.09098250870371521
paired_plus_new_xtb,Physical,3,4,506,55,117,19,2.620292734119762,4.513165628561754,0.8442387920083934,0.9005639996647903
paired_plus_new_xtb,Morgan+Physical,3,4,506,55,117,19,5.106515087205366,6.753281574317238,0.6512401531886169,0.8903059293046711
paired_plus_new_xtb,Morgan,4,0,502,59,116,20,11.119967187978455,23.03612271717163,-0.04298972646774968,0.3556012641503676
paired_plus_new_xtb,Physical,4,0,502,59,116,20,11.64505586068105,23.92551871608488,-0.1250815122881297,0.7903926569986995
paired_plus_new_xtb,Morgan+Physical,4,0,502,59,116,20,8.356121129537033,21.63721851996892,0.07983835622401825,0.7585005524795858
paired_plus_new_xtb,Morgan,4,1,444,117,116,20,5.7771203443191395,7.377041215812229,0.43033489142368353,0.6774274611379664
paired_plus_new_xtb,Physical,4,1,444,117,116,20,3.6478907951394106,4.665086162306513,0.7721890793296763,0.9171265460797484
paired_plus_new_xtb,Morgan+Physical,4,1,444,117,116,20,4.032947860402165,5.074987369455219,0.7303967446420527,0.8655807893950773
paired_plus_new_xtb,Morgan,4,2,450,111,117,19,13.048154065223212,20.68586412046219,-0.06008837022375624,0.6144930725213986
paired_plus_new_xtb,Physical,4,2,450,111,117,19,19.07313668189521,26.028700391992654,-0.6784163585883709,0.7428428253971884
paired_plus_new_xtb,Morgan+Physical,4,2,450,111,117,19,12.65090082393337,17.59935132464969,0.2326596131146369,0.7341459472738038
paired_plus_new_xtb,Morgan,4,3,488,73,117,19,7.453135144931323,16.283096120342503,0.2504224291229127,0.8418592256696796
paired_plus_new_xtb,Physical,4,3,488,73,117,19,5.850461984182384,8.670039469403633,0.7874873636744606,0.8926354000817674
paired_plus_new_xtb,Morgan+Physical,4,3,488,73,117,19,6.168782067682972,11.444141215181693,0.6297380993491877,0.9086053953589309
paired_plus_new_xtb,Morgan,4,4,464,97,117,19,13.652765435484266,18.41923388159701,-0.32424408834859775,0.6543314626950517
paired_plus_new_xtb,Physical,4,4,464,97,117,19,16.411622335178336,21.512156630836753,-0.8063122225270063,0.858924918580631
paired_plus_new_xtb,Morgan+Physical,4,4,464,97,117,19,4.202361161812065,5.319835494530061,0.8895358580281671,0.9349850428718441
paired_plus_new_xtb,Morgan,5,0,498,63,116,20,8.374570550343348,17.389264873802166,-0.02799653357909304,0.8474049729819512
paired_plus_new_xtb,Physical,5,0,498,63,116,20,4.6167603576599605,6.46583597101791,0.8578723514813862,0.8354267264288332
paired_plus_new_xtb,Morgan+Physical,5,0,498,63,116,20,5.636610133216495,11.09962124049711,0.5811625339699455,0.8095965014084947
paired_plus_new_xtb,Morgan,5,1,480,81,116,20,9.951364583107276,13.001365550280877,0.38848637156335886,0.7580409343421476
paired_plus_new_xtb,Physical,5,1,480,81,116,20,9.991131261623051,16.006709691458013,0.07310116006480949,0.7419677580730136
paired_plus_new_xtb,Morgan+Physical,5,1,480,81,116,20,8.581366905363108,12.033806444360396,0.4761170725650061,0.8264066599401216
paired_plus_new_xtb,Morgan,5,2,450,111,117,19,15.117809724464758,23.52377346380726,0.0012028738914084958,0.7080223511156137
paired_plus_new_xtb,Physical,5,2,450,111,117,19,6.903269391842405,16.015223930354757,0.5370550636867585,0.9421924120715662
paired_plus_new_xtb,Morgan+Physical,5,2,450,111,117,19,7.696587496148187,16.566966600812744,0.5046076445573373,0.9367636725096825
paired_plus_new_xtb,Morgan,5,3,433,128,117,19,5.278978041243553,6.332942405502809,0.6476206937153833,0.6183515387075308
paired_plus_new_xtb,Physical,5,3,433,128,117,19,13.032915044228734,17.58910803258677,-1.7182346998388276,0.8951003193869576
paired_plus_new_xtb,Morgan+Physical,5,3,433,128,117,19,5.188775849479437,7.211462726031324,0.5430738161709676,0.9076401068421508
paired_plus_new_xtb,Morgan,5,4,487,74,117,19,11.929664959881755,22.104040878144694,-0.04672008890125312,0.4471967436332921
paired_plus_new_xtb,Physical,5,4,487,74,117,19,6.860271194509559,12.40664020720919,0.6702418143614749,0.7490787287238049
paired_plus_new_xtb,Morgan+Physical,5,4,487,74,117,19,5.8168422120068515,9.748744326363184,0.7963968136329309,0.802487228471528
paired_plus_new_xtb,Morgan,6,0,518,43,116,20,11.192138791283895,21.136952715204366,0.03390683612913181,0.5300238020007698
paired_plus_new_xtb,Physical,6,0,518,43,116,20,8.955240644055744,12.505446454291677,0.6618318829571791,0.7273583590069885
paired_plus_new_xtb,Morgan+Physical,6,0,518,43,116,20,9.176165500995724,14.615046459118176,0.5381141498918656,0.6918386723790964
paired_plus_new_xtb,Morgan,6,1,501,60,116,20,14.411334606234233,25.882517449593166,-0.08454919725670629,0.44831460086219543
paired_plus_new_xtb,Physical,6,1,501,60,116,20,6.23255286954244,9.611400056471398,0.8504420392217806,0.8159438660891105
paired_plus_new_xtb,Morgan+Physical,6,1,501,60,116,20,7.778628501637777,12.401687763069015,0.7510008800556021,0.8972958683078494
paired_plus_new_xtb,Morgan,6,2,435,126,117,19,12.185269073292567,14.351031793063886,-0.9492046997707015,-0.4272448140404967
paired_plus_new_xtb,Physical,6,2,435,126,117,19,3.937037947597201,7.616786863220043,0.4509210393462755,0.7875371097500383
paired_plus_new_xtb,Morgan+Physical,6,2,435,126,117,19,7.578918508123975,9.34052038977088,0.17427897625888333,0.5056551035971775
paired_plus_new_xtb,Morgan,6,3,437,124,117,19,5.380092581853559,7.851140665914908,0.5683954272055991,0.8637068272589089
paired_plus_new_xtb,Physical,6,3,437,124,117,19,9.7432424204611,13.601794954728026,-0.29542706839417066,0.8349336514685738
paired_plus_new_xtb,Morgan+Physical,6,3,437,124,117,19,6.260823672897584,7.588122634217404,0.5968290774772222,0.8502564038738022
paired_plus_new_xtb,Morgan,6,4,457,104,117,19,16.028568868238008,24.078657033211005,-0.3515527537840033,0.5436046223097302
paired_plus_new_xtb,Physical,6,4,457,104,117,19,7.4452298577609435,18.028167396237237,0.24234473775003995,0.6538398257842644
paired_plus_new_xtb,Morgan+Physical,6,4,457,104,117,19,9.29713496223303,18.028184280631326,0.242343318575729,0.8594839614538674
paired_plus_new_xtb,Morgan,7,0,447,114,116,20,6.761073501031441,9.807018684663698,0.44253045671868774,0.77464323274153
paired_plus_new_xtb,Physical,7,0,447,114,116,20,3.880352587830393,7.831986180532379,0.644457956119762,0.9252516509058254
paired_plus_new_xtb,Morgan+Physical,7,0,447,114,116,20,4.627209305224502,7.284530144703282,0.6924255689144219,0.9093302734256768
paired_plus_new_xtb,Morgan,7,1,484,77,116,20,18.011177121150034,24.18428881467492,-0.3545186493986381,0.5543428157731268
paired_plus_new_xtb,Physical,7,1,484,77,116,20,18.02521927494198,22.766046497203355,-0.20031044311648882,0.8949605162039214
paired_plus_new_xtb,Morgan+Physical,7,1,484,77,116,20,5.792438043074174,11.716731062417926,0.6820701752217757,0.8672852955196368
paired_plus_new_xtb,Morgan,7,2,481,80,117,19,8.324387316093445,9.588651742937357,0.2640597488994444,0.5963811156957952
paired_plus_new_xtb,Physical,7,2,481,80,117,19,6.359253354654312,10.806091119990327,0.06531619829373281,0.8023021123584443
paired_plus_new_xtb,Morgan+Physical,7,2,481,80,117,19,6.675681184396742,9.018839991123906,0.3489282832912438,0.8014489126793116
paired_plus_new_xtb,Morgan,7,3,483,78,117,19,6.731499499762121,18.989320304276806,0.1466697448884725,0.8054996233819105
paired_plus_new_xtb,Physical,7,3,483,78,117,19,7.352125627332835,18.151911199017093,0.22027219680861154,0.6743311907790666
paired_plus_new_xtb,Morgan+Physical,7,3,483,78,117,19,5.3583557839378955,18.081226173185733,0.2263330207068719,0.6999192703684568
paired_plus_new_xtb,Morgan,7,4,453,108,117,19,13.72485475010342,20.835530936722623,-0.4639810831011091,0.7065012660912577
paired_plus_new_xtb,Physical,7,4,453,108,117,19,13.35758904819135,19.56583216062559,-0.2909902698133682,0.9071712001419725
paired_plus_new_xtb,Morgan+Physical,7,4,453,108,117,19,7.071459653359873,9.824102129330061,0.6745291794526642,0.9203611965945775
paired_plus_new_xtb,Morgan,8,0,425,136,116,20,4.799797642982707,14.757391582995899,0.37250663610549795,0.8334648995047211
paired_plus_new_xtb,Physical,8,0,425,136,116,20,6.81812929628877,15.268199675698828,0.3283150822916103,0.8156668900738155
paired_plus_new_xtb,Morgan+Physical,8,0,425,136,116,20,3.948707655233495,14.152554033384831,0.42288870003153667,0.94955570509787
paired_plus_new_xtb,Morgan,8,1,479,82,116,20,10.836257569202331,12.89842073905354,0.2896742563589202,0.814042211701806
paired_plus_new_xtb,Physical,8,1,479,82,116,20,13.287328509499156,19.60585626896242,-0.6411795814775358,0.7633844230592682
paired_plus_new_xtb,Morgan+Physical,8,1,479,82,116,20,6.825073985640363,9.672318654456735,0.6005654127366882,0.7804342010652705
paired_plus_new_xtb,Morgan,8,2,481,80,117,19,5.821829632530212,6.298477857963012,0.6028191604943518,0.8139583944928959
paired_plus_new_xtb,Physical,8,2,481,80,117,19,4.439846445140839,6.383487159245883,0.5920254672082012,0.8529364237324907
paired_plus_new_xtb,Morgan+Physical,8,2,481,80,117,19,4.9205080118274696,5.614031666883057,0.6844510120940178,0.8463061037029107
paired_plus_new_xtb,Morgan,8,3,510,51,117,19,18.191102674671246,31.992004957855766,-0.33841432783821435,-0.01292545763978943
paired_plus_new_xtb,Physical,8,3,510,51,117,19,5.694533170961866,7.538836450579365,0.9256781855515819,0.7648392776013729
paired_plus_new_xtb,Morgan+Physical,8,3,510,51,117,19,9.308861691493613,15.899686286770692,0.6694137613768465,0.8125015661996814
paired_plus_new_xtb,Morgan,8,4,453,108,117,19,14.113308754567745,18.738301716739265,-0.41917873995794763,0.34948094849054306
paired_plus_new_xtb,Physical,8,4,453,108,117,19,11.833408484405943,16.518028893705853,-0.10279067331815783,0.884270031101468
paired_plus_new_xtb,Morgan+Physical,8,4,453,108,117,19,3.9197971170566692,6.783882217746043,0.8139913076378922,0.8445011379142843
paired_plus_new_xtb,Morgan,9,0,493,68,116,20,11.067215245415184,19.14265987663759,0.026901407858548,0.5338068508318371
paired_plus_new_xtb,Physical,9,0,493,68,116,20,6.3882128591537475,9.119742795827127,0.779139801313631,0.7433179968405254
paired_plus_new_xtb,Morgan+Physical,9,0,493,68,116,20,7.634669879632838,13.301793247776473,0.5301354663576284,0.7244739600697025
paired_plus_new_xtb,Morgan,9,1,455,106,116,20,13.686978468265174,17.47016866335451,-0.4490096192747166,0.7196305780185206
paired_plus_new_xtb,Physical,9,1,455,106,116,20,20.34915915377635,26.64290504852778,-2.370080128065854,0.9138638656407743
paired_plus_new_xtb,Morgan+Physical,9,1,455,106,116,20,5.918385788323745,8.00517369468404,0.69575840300884,0.909628562378989
paired_plus_new_xtb,Morgan,9,2,463,98,117,19,5.683521380202623,17.57376260486692,0.08629913909004294,0.620395592109724
paired_plus_new_xtb,Physical,9,2,463,98,117,19,6.662883825091928,16.261935129748984,0.21761778094175455,0.8417388585289378
paired_plus_new_xtb,Morgan+Physical,9,2,463,98,117,19,5.717704006296275,16.479963179278204,0.19649793489011735,0.7480555047589812
paired_plus_new_xtb,Morgan,9,3,470,91,117,19,9.855262615376567,14.32116997277866,-0.23239361725632768,0.2798516766005742
paired_plus_new_xtb,Physical,9,3,470,91,117,19,18.274282102998587,29.44694751202755,-4.210423289024485,0.899507885493045
paired_plus_new_xtb,Morgan+Physical,9,3,470,91,117,19,10.935111560784645,14.982701491880722,-0.3488780754145273,0.6860317363228109
paired_plus_new_xtb,Morgan,9,4,467,94,117,19,15.426966007987488,20.751019550518738,0.12222646338989518,0.3317401162892314
paired_plus_new_xtb,Physical,9,4,467,94,117,19,17.76954703154868,22.826107612612493,-0.06210468641196987,0.22811735439189362
paired_plus_new_xtb,Morgan+Physical,9,4,467,94,117,19,16.039700160395846,18.982122055785293,0.2654977550336911,0.26376782545479965
paired_plus_v03_block,Morgan,0,0,351,129,88,20,15.816456210942231,19.970942707546424,-1.2861503353057588,-0.27079717810618303
paired_plus_v03_block,Physical,0,0,351,129,88,20,7.650863402462745,10.056256271137382,0.4203306751437579,0.6592708052988177
paired_plus_v03_block,Morgan+Physical,0,0,351,129,88,20,9.81150916012313,12.613845590085658,0.0879835431589353,0.5221892542259043
paired_plus_v03_block,Morgan,0,1,344,136,88,20,11.58754821206822,15.523142222026923,-0.03521301756212014,-0.00971842443966951
paired_plus_v03_block,Physical,0,1,344,136,88,20,6.248918939410938,10.967285246919198,0.48326398719954244,0.9126011633409266
paired_plus_v03_block,Morgan+Physical,0,1,344,136,88,20,8.529772045404771,12.89777577214114,0.2853389773905275,0.479712248119645
paired_plus_v03_block,Morgan,0,2,408,72,89,19,4.1434994128757054,7.644157268703904,0.277543370798767,0.24172928450697778
paired_plus_v03_block,Physical,0,2,408,72,89,19,7.104689743444654,9.432281315539955,-0.09998317770399523,0.4847119190614942
paired_plus_v03_block,Morgan+Physical,0,2,408,72,89,19,5.415466930792066,7.578797989481463,0.2898448908417187,0.4004255133164695
paired_plus_v03_block,Morgan,0,3,434,46,89,19,9.641226438605269,24.942524445535312,0.16472380007363263,0.6566514193892726
paired_plus_v03_block,Physical,0,3,434,46,89,19,9.134329869145931,26.204490926247583,0.07806405451165688,0.8450924062529833
paired_plus_v03_block,Morgan+Physical,0,3,434,46,89,19,8.691963762946752,25.278324652368774,0.14208182518703072,0.8473823779862113
paired_plus_v03_block,Morgan,0,4,406,74,89,19,14.12518459181502,21.88540448166128,0.008362797739139838,0.7268949504730426
paired_plus_v03_block,Physical,0,4,406,74,89,19,8.521352335600984,13.01135111567112,0.6494996552465047,0.9043192110458044
paired_plus_v03_block,Morgan+Physical,0,4,406,74,89,19,8.758752278411455,16.03156155750433,0.46789748679410403,0.9134912269393629
paired_plus_v03_block,Morgan,1,0,378,102,88,20,6.681787085424683,7.9823436596754505,0.3872317454565928,0.859287578085535
paired_plus_v03_block,Physical,1,0,378,102,88,20,6.773763570703243,10.732140167826865,-0.10766411883839977,0.869687429039535
paired_plus_v03_block,Morgan+Physical,1,0,378,102,88,20,5.14233249132493,8.00823840630587,0.3832496528666809,0.8766043004695645
paired_plus_v03_block,Morgan,1,1,402,78,88,20,9.490173699849446,23.643371358432375,0.08596020520628711,0.8903931445543269
paired_plus_v03_block,Physical,1,1,402,78,88,20,6.800323586653685,22.927518228060155,0.1404712817703352,0.8868445189259172
paired_plus_v03_block,Morgan+Physical,1,1,402,78,88,20,7.651799997482301,23.08165199001935,0.12887580857939163,0.8869716240918388
paired_plus_v03_block,Morgan,1,2,388,92,89,19,15.138942186687304,18.20644749361737,-0.161129256773634,0.8131636671214391
paired_plus_v03_block,Physical,1,2,388,92,89,19,6.261546625220257,7.9720621093693165,0.7773762524382392,0.6936917318456363
paired_plus_v03_block,Morgan+Physical,1,2,388,92,89,19,8.552338006973267,10.930587028941032,0.5814791343446346,0.7111130148225474
paired_plus_v03_block,Morgan,1,3,369,111,89,19,9.831704021742537,17.15008592007144,0.2033545086834393,0.7982751561932571
paired_plus_v03_block,Physical,1,3,369,111,89,19,6.503265838987333,8.866397060193787,0.7870749025374234,0.8900615235021494
paired_plus_v03_block,Morgan+Physical,1,3,369,111,89,19,6.364116087643736,11.810483355669055,0.6221948740007126,0.8997276769421552
paired_plus_v03_block,Morgan,1,4,406,74,89,19,10.08245882797241,13.188897873664926,0.13744576622570315,0.6355305380785488
paired_plus_v03_block,Physical,1,4,406,74,89,19,20.17075398499257,28.575360980109018,-3.049047309810814,0.8300925591636792
paired_plus_v03_block,Morgan+Physical,1,4,406,74,89,19,9.408352801348714,12.670007770106212,0.20398149677329658,0.842075796452572
paired_plus_v03_block,Morgan,2,0,406,74,88,20,15.090901119805414,22.74001924340043,-0.057691326463894965,0.6116217627699613
paired_plus_v03_block,Physical,2,0,406,74,88,20,8.881353207053108,12.27782836872976,0.6916667196222022,0.9184974980538518
paired_plus_v03_block,Morgan+Physical,2,0,406,74,88,20,11.784950943411749,17.09566099559847,0.4022093999207258,0.8862835924357858
paired_plus_v03_block,Morgan,2,1,364,116,88,20,4.570697751406964,6.685273409064752,0.3990888141031639,0.8105859059344954
paired_plus_v03_block,Physical,2,1,364,116,88,20,5.962234901691305,9.484285309434567,-0.2094311827659303,0.4803408599521169
paired_plus_v03_block,Morgan+Physical,2,1,364,116,88,20,4.850907941884007,7.459817359480227,0.25178169145251694,0.8352437226213024
paired_plus_v03_block,Morgan,2,2,403,77,89,19,9.541085026233228,23.612680246228003,-0.004173380866652643,0.5936284379762905
paired_plus_v03_block,Physical,2,2,403,77,89,19,8.396565286611581,23.208321202837947,0.029924390269400858,0.7951641043086288
paired_plus_v03_block,Morgan+Physical,2,2,403,77,89,19,8.437242073455415,23.105071478599545,0.03853658079836775,0.8049606785825432
paired_plus_v03_block,Morgan,2,3,381,99,89,19,5.262947590344361,6.334518969430906,0.43784916740269353,0.676986190713154
paired_plus_v03_block,Physical,2,3,381,99,89,19,2.9486084828309345,5.5550229588838,0.5676879981253027,0.7872107406427719
paired_plus_v03_block,Morgan+Physical,2,3,381,99,89,19,3.8960739973511362,5.347747427880798,0.5993479666296877,0.7530521902759965
paired_plus_v03_block,Morgan,2,4,389,91,89,19,15.394367568173251,18.760238317736153,-0.3786664366120229,0.6916170483185097
paired_plus_v03_block,Physical,2,4,389,91,89,19,6.271168347054785,7.685365401550488,0.7686276047542634,0.9173870499899383
paired_plus_v03_block,Morgan+Physical,2,4,389,91,89,19,7.3691331510439015,8.546288600097453,0.7138869877932692,0.9108657274380283
paired_plus_v03_block,Morgan,3,0,371,109,88,20,9.269243902104929,18.56628935517662,0.13081899150098586,0.6697979065979597
paired_plus_v03_block,Physical,3,0,371,109,88,20,7.0568139661421485,17.176196535441388,0.2561009556836432,0.8297924165020515
paired_plus_v03_block,Morgan+Physical,3,0,371,109,88,20,8.077838717455382,17.35238612734541,0.2407611802955555,0.8117756557662653
paired_plus_v03_block,Morgan,3,1,440,40,88,20,12.769089325571061,23.699024267392392,0.06935552175178639,0.6287531315258521
paired_plus_v03_block,Physical,3,1,440,40,88,20,11.347514017772674,18.23204354139588,0.44920045572031586,0.7463626091960769
paired_plus_v03_block,Morgan+Physical,3,1,440,40,88,20,11.580292102718353,19.67869736488429,0.35832433811811015,0.8053131460562374
paired_plus_v03_block,Morgan,3,2,318,162,89,19,10.861247954013026,13.44264495234026,0.14632559139260448,0.5802632717238883
paired_plus_v03_block,Physical,3,2,318,162,89,19,4.605591337401778,6.530204005025675,0.7985458103342251,0.8897059361966441
paired_plus_v03_block,Morgan+Physical,3,2,318,162,89,19,5.818155119917127,6.897872956750577,0.7752223177478639,0.848007303725135
paired_plus_v03_block,Morgan,3,3,389,91,89,19,11.250248006514664,18.68202989808747,0.2563753127405095,0.8061622966144248
paired_plus_v03_block,Physical,3,3,389,91,89,19,7.590202118221743,11.825991047976144,0.7020243570344071,0.9048623747424667
paired_plus_v03_block,Morgan+Physical,3,3,389,91,89,19,8.95841025430868,14.543897437349337,0.5493210432961884,0.8951201148913571
paired_plus_v03_block,Morgan,3,4,425,55,89,19,6.808160520180443,8.630194344113475,0.4304420552686973,0.8620858929777201
paired_plus_v03_block,Physical,3,4,425,55,89,19,4.726362728179237,6.448814475748307,0.6819784655385899,0.9341027970833361
paired_plus_v03_block,Morgan+Physical,3,4,425,55,89,19,3.4020926102461386,4.454428327766242,0.8482667662391673,0.9425420606420157
paired_plus_v03_block,Morgan,4,0,421,59,88,20,9.91688899327941,21.73897931418351,0.07116288182289177,0.6093198099397562
paired_plus_v03_block,Physical,4,0,421,59,88,20,6.754461342698437,21.863577986045144,0.060484962423797306,0.7158257367349444
paired_plus_v03_block,Morgan+Physical,4,0,421,59,88,20,7.677005370705815,21.492465680235313,0.09210892331559917,0.6836650445247632
paired_plus_v03_block,Morgan,4,1,363,117,88,20,5.730277407338721,7.097802013837044,0.4726451283585481,0.8030959998849477
paired_plus_v03_block,Physical,4,1,363,117,88,20,3.3954419317268307,4.5865112472970715,0.7797985745078744,0.856709165833322
paired_plus_v03_block,Morgan+Physical,4,1,363,117,88,20,4.0512509389476286,5.204617082132759,0.7164479666345626,0.8414466455028683
paired_plus_v03_block,Morgan,4,2,369,111,89,19,13.028281058419717,19.694933318462134,0.03904342114311854,0.5742774286040849
paired_plus_v03_block,Physical,4,2,369,111,89,19,18.480905749461886,27.38829360343472,-0.8583379016457788,0.7196965196094167
paired_plus_v03_block,Morgan+Physical,4,2,369,111,89,19,12.431511919739869,18.054837405881152,0.19242679959896103,0.7140315256126013
paired_plus_v03_block,Morgan,4,3,407,73,89,19,6.819516940370324,15.835903221648605,0.291029299092853,0.6699628093528662
paired_plus_v03_block,Physical,4,3,407,73,89,19,7.7427179807689095,13.643368899609897,0.4737575791752284,0.7939029956878227
paired_plus_v03_block,Morgan+Physical,4,3,407,73,89,19,6.710869039174955,14.231406497092934,0.42741725355829674,0.8735094945034899
paired_plus_v03_block,Morgan,4,4,383,97,89,19,13.61725309871398,18.444920675467234,-0.32794014906416,0.648977546491816
paired_plus_v03_block,Physical,4,4,383,97,89,19,7.473889591865933,8.26504807399867,0.7333659029905146,0.8475660324615859
paired_plus_v03_block,Morgan+Physical,4,4,383,97,89,19,7.074777463814646,8.159520906721223,0.7401311425496846,0.9207931644209755
paired_plus_v03_block,Morgan,5,0,417,63,88,20,7.391866961040194,16.618768784958505,0.06108366265973364,0.748625476031271
paired_plus_v03_block,Physical,5,0,417,63,88,20,7.093960159513686,14.741787886074695,0.2611955190926637,0.54920043177044
paired_plus_v03_block,Morgan+Physical,5,0,417,63,88,20,6.669383893512545,15.50682768676284,0.18252378248449352,0.6989933833534022
paired_plus_v03_block,Morgan,5,1,399,81,88,20,9.54161997661826,12.149897422840361,0.46596044588226304,0.8041712200894607
paired_plus_v03_block,Physical,5,1,399,81,88,20,8.913290135145774,13.14876568146474,0.3745419679528005,0.8248661422517369
paired_plus_v03_block,Morgan+Physical,5,1,399,81,88,20,6.443930483179916,9.619617380020081,0.665232107249977,0.8707921019092244
paired_plus_v03_block,Morgan,5,2,369,111,89,19,14.603435747009826,22.63576824254181,0.07518730092278825,0.768816574681181
paired_plus_v03_block,Physical,5,2,369,111,89,19,9.092398471257667,17.934073692226736,0.41947462577647077,0.9095035544313749
paired_plus_v03_block,Morgan+Physical,5,2,369,111,89,19,11.589113556166637,19.958547347477882,0.2810127906485431,0.8532771861384915
paired_plus_v03_block,Morgan,5,3,352,128,89,19,5.914514979159832,8.636384358231838,0.3446651802910987,0.8438897055790132
paired_plus_v03_block,Physical,5,3,352,128,89,19,10.485534831944108,15.685587213654367,-1.1617271799926838,0.8962393318525501
paired_plus_v03_block,Morgan+Physical,5,3,352,128,89,19,4.926743157494068,5.768905054545418,0.7075941196385757,0.8912858919301521
paired_plus_v03_block,Morgan,5,4,406,74,89,19,12.225341692589422,20.814340249985328,0.0718620972593087,0.7902148154903702
paired_plus_v03_block,Physical,5,4,406,74,89,19,7.811015082849038,13.682056291005832,0.5989579099682261,0.7978077259983571
paired_plus_v03_block,Morgan+Physical,5,4,406,74,89,19,9.727398542558825,16.136075030546113,0.4421942093403495,0.7880257418503028
paired_plus_v03_block,Morgan,6,0,437,43,88,20,11.102996594806049,20.8031739092555,0.06417755615812604,0.5608842807658833
paired_plus_v03_block,Physical,6,0,437,43,88,20,10.209881996953209,16.03832571329816,0.44377268085947696,0.6841894434890811
paired_plus_v03_block,Morgan+Physical,6,0,437,43,88,20,10.382833185151565,18.065435616123956,0.2942820987997551,0.6917629374395912
paired_plus_v03_block,Morgan,6,1,420,60,88,20,13.429133487129212,23.711059007769947,0.08979728015404831,0.8181582046060105
paired_plus_v03_block,Physical,6,1,420,60,88,20,7.763471475664774,14.261754560427363,0.6707072700702683,0.8820284377544697
paired_plus_v03_block,Morgan+Physical,6,1,420,60,88,20,10.326768160247804,18.62736570019425,0.4382551389750645,0.8813040706114261
paired_plus_v03_block,Morgan,6,2,354,126,89,19,14.844714558301652,17.91859981964292,-2.0387805461856554,-0.4596167895624413
paired_plus_v03_block,Physical,6,2,354,126,89,19,6.730995326983738,9.77206562158674,0.09621746193084257,0.8868624646973771
paired_plus_v03_block,Morgan+Physical,6,2,354,126,89,19,10.225712659611775,12.128041781900897,-0.39210683451820927,0.7436690703459301
paired_plus_v03_block,Morgan,6,3,356,124,89,19,6.431781452720396,8.635730354955296,0.47782188408994364,0.8080687186290455
paired_plus_v03_block,Physical,6,3,356,124,89,19,12.382921872649653,17.3710803148487,-1.1128768112956657,0.8120994956560341
paired_plus_v03_block,Morgan+Physical,6,3,356,124,89,19,5.769611617906632,7.365567903466877,0.6201317503991488,0.8506712222437897
paired_plus_v03_block,Morgan,6,4,376,104,89,19,15.242435649509428,23.56431093961692,-0.2944282113615171,0.6423080188032417
paired_plus_v03_block,Physical,6,4,376,104,89,19,10.347953628361042,19.124058567085992,0.14743282024565096,0.8413245741363529
paired_plus_v03_block,Morgan+Physical,6,4,376,104,89,19,12.583759986038208,21.0055753057256,-0.028578971427506872,0.6954734436746164
paired_plus_v03_block,Morgan,7,0,366,114,88,20,5.9748753951357125,8.918503295952103,0.5389679751412483,0.9187144939464781
paired_plus_v03_block,Physical,7,0,366,114,88,20,6.136129342008893,9.70438854423306,0.4541372074134711,0.919076504373445
paired_plus_v03_block,Morgan+Physical,7,0,366,114,88,20,3.9974711222866124,6.440683306067375,0.7595576135436349,0.9335427950318493
paired_plus_v03_block,Morgan,7,1,403,77,88,20,17.82792720591558,23.635781002497758,-0.29377353267845585,0.444972327040864
paired_plus_v03_block,Physical,7,1,403,77,88,20,6.824360059589534,12.790348837287516,0.6211361865655618,0.8771064225417935
paired_plus_v03_block,Morgan+Physical,7,1,403,77,88,20,9.804311125817238,15.402889311877136,0.4505568838076288,0.6671213733537776
paired_plus_v03_block,Morgan,7,2,400,80,89,19,8.573827514038086,9.962991258507731,0.20547610268493588,0.7855579709801777
paired_plus_v03_block,Physical,7,2,400,80,89,19,5.978839755163192,10.037670755123937,0.19352045197419276,0.8072713651797607
paired_plus_v03_block,Morgan+Physical,7,2,400,80,89,19,6.924601570949553,8.88165655928003,0.368584240912469,0.815661847305772
paired_plus_v03_block,Morgan,7,3,402,78,89,19,5.879087101370005,18.12182832229907,0.22285451644569176,0.7231191291961708
paired_plus_v03_block,Physical,7,3,402,78,89,19,8.55156588545726,19.176745935549647,0.12974178248398038,0.687258982360144
paired_plus_v03_block,Morgan+Physical,7,3,402,78,89,19,6.867833488793005,18.196872473652395,0.21640472816319456,0.685421220880137
paired_plus_v03_block,Morgan,7,4,372,108,89,19,13.62717404528017,20.3028752168171,-0.3900851771056164,0.8181559379108988
paired_plus_v03_block,Physical,7,4,372,108,89,19,16.121715605983027,24.821259375645706,-1.077657457765441,0.8604777589785345
paired_plus_v03_block,Morgan+Physical,7,4,372,108,89,19,9.984682217633281,14.867738639388772,0.2545540534996623,0.8589564067823653
paired_plus_v03_block,Morgan,8,0,344,136,88,20,7.376777184340533,15.520434564581173,0.3059389244653179,0.736821141788431
paired_plus_v03_block,Physical,8,0,344,136,88,20,4.8747037042673895,14.955284386463449,0.35556475215862193,0.8007633610610266
paired_plus_v03_block,Morgan+Physical,8,0,344,136,88,20,4.9641098266489365,14.474206193360107,0.3963580062355826,0.7934363340917574
paired_plus_v03_block,Morgan,8,1,398,82,88,20,9.746559225460146,11.595773183330612,0.4259048210735761,0.8997965100742168
paired_plus_v03_block,Physical,8,1,398,82,88,20,6.676572696028919,9.074419483330974,0.6484216050032954,0.9174103433371936
paired_plus_v03_block,Morgan+Physical,8,1,398,82,88,20,5.430633372382188,7.903607531941237,0.733292511995726,0.9371991678897515
paired_plus_v03_block,Morgan,8,2,400,80,89,19,5.560707600650787,6.373126756592346,0.593348678266183,0.8056657717670496
paired_plus_v03_block,Physical,8,2,400,80,89,19,4.139978536543846,5.934829459920656,0.6473583838897047,0.8274277743095977
paired_plus_v03_block,Morgan+Physical,8,2,400,80,89,19,4.802246135053634,5.605229283550242,0.6854397509522236,0.8697894917349502
paired_plus_v03_block,Morgan,8,3,429,51,89,19,17.634326446907192,29.900803397132098,-0.16915845620288872,0.35356163260402934
paired_plus_v03_block,Physical,8,3,429,51,89,19,12.704964576571596,22.582628052940265,0.33310628677309606,0.7613119902034411
paired_plus_v03_block,Morgan+Physical,8,3,429,51,89,19,14.278605938855339,25.958944493126776,0.11878532707726386,0.7336658853148631
paired_plus_v03_block,Morgan,8,4,372,108,89,19,13.378006965566565,18.130107997826887,-0.32854853182593824,0.3071974881975007
paired_plus_v03_block,Physical,8,4,372,108,89,19,4.958948352796061,9.29986158836714,0.650433656823208,0.8852987406059627
paired_plus_v03_block,Morgan+Physical,8,4,372,108,89,19,8.759079323980542,11.623187728457737,0.45395662029188844,0.8624959812795413
paired_plus_v03_block,Morgan,9,0,412,68,88,20,10.161826334785014,18.147167676601747,0.1254795241076586,0.7124901315800334
paired_plus_v03_block,Physical,9,0,412,68,88,20,7.422408369933857,13.747396283744832,0.4981277509870763,0.9375409145283826
paired_plus_v03_block,Morgan+Physical,9,0,412,68,88,20,7.717754698585062,15.487832832646427,0.36300857908690565,0.8370571026476716
paired_plus_v03_block,Morgan,9,1,374,106,88,20,13.238325554109968,17.422322523921988,-0.44108358489277677,0.7233776961618151
paired_plus_v03_block,Physical,9,1,374,106,88,20,2.580298790625806,3.7673915240925298,0.932615721039373,0.9444034633741084
paired_plus_v03_block,Morgan+Physical,9,1,374,106,88,20,6.858903763249235,8.900696648619967,0.6238811735150678,0.8991457409906148
paired_plus_v03_block,Morgan,9,2,382,98,89,19,5.537188773112394,16.924335876585097,0.15258178548055323,0.6826885707800432
paired_plus_v03_block,Physical,9,2,382,98,89,19,6.705256372261048,16.8251662815441,0.16248372875234252,0.8886985730556889
paired_plus_v03_block,Morgan+Physical,9,2,382,98,89,19,5.424501818232633,16.494199867874016,0.1951090786643196,0.8181311734416282
paired_plus_v03_block,Morgan,9,3,389,91,89,19,7.294185387836499,9.138740893489945,0.4981601205923175,0.7800307981009391
paired_plus_v03_block,Physical,9,3,389,91,89,19,13.624856604235305,20.096382298891854,-1.4267677203445297,0.8295965638731765
paired_plus_v03_block,Morgan+Physical,9,3,389,91,89,19,7.044287462721605,9.752739774237169,0.42846120526820675,0.8709353735144256
paired_plus_v03_block,Morgan,9,4,386,94,89,19,15.983449697762346,20.373482905664023,0.15387570975157605,0.6049535364131481
paired_plus_v03_block,Physical,9,4,386,94,89,19,10.27828422512298,15.38070816820158,0.5177677309115362,0.9310196804927855
paired_plus_v03_block,Morgan+Physical,9,4,386,94,89,19,12.957857533783608,17.385692539835794,0.383848380485193,0.7908807416061766
arm_b_dose_25,Morgan,0,0,356,129,90,20,16.429933400945142,20.73220332449167,-1.463760981737221,-0.2693320394120856
arm_b_dose_25,Physical,0,0,356,129,90,20,18.257146544345588,22.126133767172238,-1.80620065468158,0.5352939967904585
arm_b_dose_25,Morgan+Physical,0,0,356,129,90,20,8.32358704884847,10.055723120435879,0.4203921379598202,0.5573420405928351
arm_b_dose_25,Morgan,0,1,349,136,90,20,11.162978021722681,15.135715979843988,0.01581579501012198,0.010338698076343153
arm_b_dose_25,Physical,0,1,349,136,90,20,4.002063643584531,7.397261455949585,0.764921782088688,0.9370450065960759
arm_b_dose_25,Morgan+Physical,0,1,349,136,90,20,7.343496736683564,10.739939039851878,0.5044652855775917,0.701175407517899
arm_b_dose_25,Morgan,0,2,413,72,91,19,4.42353223025004,7.935061486401488,0.22150980675646537,0.23333333083948754
arm_b_dose_25,Physical,0,2,413,72,91,19,7.380405839474995,10.065266611391866,-0.2525732123119224,0.3208345033869912
arm_b_dose_25,Morgan+Physical,0,2,413,72,91,19,5.826782014825609,8.37390541432674,0.13302084524230984,0.2870677713462617
arm_b_dose_25,Morgan,0,3,439,46,91,19,9.694511007557747,25.998013784406055,0.09253552339013504,0.5926322167923332
arm_b_dose_25,Physical,0,3,439,46,91,19,8.334139659632806,24.92919458695908,0.16561634312622153,0.8637909531423484
arm_b_dose_25,Morgan+Physical,0,3,439,46,91,19,8.061803214985394,25.17492353576122,0.14908610768718278,0.8194685496476568
arm_b_dose_25,Morgan,0,4,411,74,91,19,14.538087356315822,22.550306180750876,-0.05280646263304023,0.6949441553837591
arm_b_dose_25,Physical,0,4,411,74,91,19,8.096728916457923,11.840448439612262,0.7097448339476833,0.9152668366940789
arm_b_dose_25,Morgan+Physical,0,4,411,74,91,19,9.52015697418007,16.153109971427323,0.4597982884711609,0.9453753728392815
arm_b_dose_25,Morgan,1,0,383,102,90,20,4.485441328116024,6.273077077701109,0.621560323282,0.8932704069648949
arm_b_dose_25,Physical,1,0,383,102,90,20,6.993603114391774,10.518996775612449,-0.06410395961386306,0.44968707401500774
arm_b_dose_25,Morgan+Physical,1,0,383,102,90,20,5.290697043841494,7.79048818715995,0.41633350715989825,0.8717135361436051
arm_b_dose_25,Morgan,1,1,407,78,90,20,9.894887150183457,24.409397744130487,0.025772408477059194,0.7171880637079776
arm_b_dose_25,Physical,1,1,407,78,90,20,7.288062484539717,22.726319071140242,0.15549058343610123,0.9043574871250972
arm_b_dose_25,Morgan+Physical,1,1,407,78,90,20,7.876757077638675,23.28650790651519,0.11334426320388002,0.9087246982714632
arm_b_dose_25,Morgan,1,2,393,92,91,19,15.535467644732933,18.846021712092664,-0.24414075378299782,0.5313953554730135
arm_b_dose_25,Physical,1,2,393,92,91,19,6.647525994995366,8.221313425369624,0.763237698610302,0.9142293368033534
arm_b_dose_25,Morgan+Physical,1,2,393,92,91,19,5.958700473163439,7.114622415497925,0.8226897448683748,0.9308349869863456
arm_b_dose_25,Morgan,1,3,374,111,91,19,9.868405616774,17.722792861421706,0.14926005372263562,0.7762749606386091
arm_b_dose_25,Physical,1,3,374,111,91,19,11.758880440672451,18.246279251677517,0.09826041118846218,0.8626996826699989
arm_b_dose_25,Morgan+Physical,1,3,374,111,91,19,8.915884622364215,15.596103486330163,0.3411831188843496,0.8620522432807163
arm_b_dose_25,Morgan,1,4,411,74,91,19,10.93272864047901,15.353003939695345,-0.16884284637999225,0.632586721537141
arm_b_dose_25,Physical,1,4,411,74,91,19,16.140501667435107,22.469958573779483,-1.503651889464233,0.8164330934700907
arm_b_dose_25,Morgan+Physical,1,4,411,74,91,19,7.240579015886462,10.924831684081997,0.40816736463881054,0.8386398351508216
arm_b_dose_25,Morgan,2,0,411,74,90,20,15.772592203455744,23.427287027642148,-0.12259029724478632,0.5435058707645835
arm_b_dose_25,Physical,2,0,411,74,90,20,8.195805470266599,11.030616892773871,0.751127511861243,0.8884835117218527
arm_b_dose_25,Morgan+Physical,2,0,411,74,90,20,11.617021699241432,16.627458512874153,0.43450465663648574,0.8360502698404475
arm_b_dose_25,Morgan,2,1,369,116,90,20,3.9798683695365646,7.064623107790712,0.3289576391844089,0.7922700441281985
arm_b_dose_25,Physical,2,1,369,116,90,20,5.190704928628329,8.00715263819266,0.1379585346165706,0.460702343117472
arm_b_dose_25,Morgan+Physical,2,1,369,116,90,20,4.045474025660548,6.948912267039487,0.3507595071394565,0.8269325313535797
arm_b_dose_25,Morgan,2,2,408,77,91,19,10.223431521824429,24.409189146001122,-0.07306205520306452,0.5406122096407474
arm_b_dose_25,Physical,2,2,408,77,91,19,8.531209029953201,23.00280885789455,0.04702858515173047,0.7886771835056318
arm_b_dose_25,Morgan+Physical,2,2,408,77,91,19,8.564309931965617,23.355813856683717,0.017555234388607954,0.7828786706245852
arm_b_dose_25,Morgan,2,3,386,99,91,19,5.488878944212017,6.342195674039314,0.43648581816310195,0.7300414083041048
arm_b_dose_25,Physical,2,3,386,99,91,19,3.6293230000967935,6.596887262555908,0.3903175403209359,0.8187284015175971
arm_b_dose_25,Morgan+Physical,2,3,386,99,91,19,3.816098665302932,5.385639039388198,0.5936501900071602,0.7615777217590722
arm_b_dose_25,Morgan,2,4,394,91,91,19,16.07139423361977,19.562548883115667,-0.49910958506738945,0.6452489011232861
arm_b_dose_25,Physical,2,4,394,91,91,19,9.02814925300682,10.81145627399511,0.5421208234270691,0.8836816836787125
arm_b_dose_25,Morgan+Physical,2,4,394,91,91,19,6.0873009871598125,7.805122775238948,0.7613606932973481,0.9064632320143392
arm_b_dose_25,Morgan,3,0,376,109,90,20,10.20504367162022,19.6383200412374,0.027546898262650332,0.6886966489069638
arm_b_dose_25,Physical,3,0,376,109,90,20,6.549610976371416,17.156336909545495,0.25782019729602124,0.8429932887757515
arm_b_dose_25,Morgan+Physical,3,0,376,109,90,20,8.274995576162075,17.66420328248198,0.2132294283523659,0.8166594855881129
arm_b_dose_25,Morgan,3,1,445,40,90,20,13.497543605232238,23.918685382375298,0.05202368619409692,0.6541594807120193
arm_b_dose_25,Physical,3,1,445,40,90,20,11.177932618856431,17.212617995929772,0.5090732075595532,0.7457911745353925
arm_b_dose_25,Morgan+Physical,3,1,445,40,90,20,11.41596149506569,18.68791394032755,0.42131193628156427,0.769329590598244
arm_b_dose_25,Morgan,3,2,323,162,91,19,11.03635967754788,13.908173703132551,0.08617503568798046,0.5836574739512116
arm_b_dose_25,Physical,3,2,323,162,91,19,7.007278082291873,11.470743555384779,0.3784072402301858,0.7588241405402398
arm_b_dose_25,Morgan+Physical,3,2,323,162,91,19,7.678098317826824,9.29089096452539,0.5922090975873167,0.7695973901164324
arm_b_dose_25,Morgan,3,3,394,91,91,19,11.36484380748036,19.061076726544446,0.22589382327016116,0.7631382833187743
arm_b_dose_25,Physical,3,3,394,91,91,19,8.199310434203095,13.4227224986936,0.6161275919168201,0.9239333029870648
arm_b_dose_25,Morgan+Physical,3,3,394,91,91,19,9.215813779986036,15.710438002428544,0.4741253207163376,0.9027301631397571
arm_b_dose_25,Morgan,3,4,430,55,91,19,7.590237793740012,9.862929903696484,0.2561101108607716,0.7494922837817987
arm_b_dose_25,Physical,3,4,430,55,91,19,6.23050125336179,8.12152705613363,0.4956033963130436,0.923990231267332
arm_b_dose_25,Morgan+Physical,3,4,430,55,91,19,3.7446004067244094,5.531297799102286,0.76603502649551,0.9171515176939192
arm_b_dose_25,Morgan,4,0,426,59,90,20,10.383438618417514,22.410222793599637,0.012917137053283456,0.45469402032401285
arm_b_dose_25,Physical,4,0,426,59,90,20,9.406843370114345,22.083790536988026,0.0414638370946383,0.783775154316757
arm_b_dose_25,Morgan+Physical,4,0,426,59,90,20,7.148346738847635,21.19471708644872,0.11708984606508299,0.7743737549326248
arm_b_dose_25,Morgan,4,1,368,117,90,20,5.565019979177622,7.2849415418152095,0.4444702229175549,0.715403154782445
arm_b_dose_25,Physical,4,1,368,117,90,20,4.51800495451968,5.642211677237041,0.6667624358665556,0.618189970260141
arm_b_dose_25,Morgan+Physical,4,1,368,117,90,20,4.260774013105865,5.751761377265807,0.6536964681390807,0.6578081764375302
arm_b_dose_25,Morgan,4,2,374,111,91,19,13.818998261542792,20.610745452005307,-0.05240313766917626,0.5801055236994592
arm_b_dose_25,Physical,4,2,374,111,91,19,19.431547451005535,26.234818011729892,-0.7051038957248199,0.7066368618335771
arm_b_dose_25,Morgan+Physical,4,2,374,111,91,19,12.272079991741009,18.743467297860057,0.12964866358011995,0.6842164696072369
arm_b_dose_25,Morgan,4,3,412,73,91,19,6.515710739950937,15.815381959151857,0.29286557541599834,0.8408104714356582
arm_b_dose_25,Physical,4,3,412,73,91,19,6.816210556087755,11.99696661381546,0.5931020419955555,0.8465378842182331
arm_b_dose_25,Morgan+Physical,4,3,412,73,91,19,6.180868766136692,13.414139892060401,0.49129234588467907,0.868236660660746
arm_b_dose_25,Morgan,4,4,388,97,91,19,14.047590263524004,18.954634527604263,-0.40234783380856,0.6922949031340914
arm_b_dose_25,Physical,4,4,388,97,91,19,8.351382570561674,9.486397609407579,0.6487409155205421,0.8620905604388454
arm_b_dose_25,Morgan+Physical,4,4,388,97,91,19,6.265035692863857,7.352265181661392,0.7890073904329781,0.8974087824945158
arm_b_dose_25,Morgan,5,0,422,63,90,20,7.492862977224683,16.754718836460412,0.04565919532164109,0.7715512375904819
arm_b_dose_25,Physical,5,0,422,63,90,20,6.588761461621239,11.441402469953433,0.554971596222319,0.5979817794194419
arm_b_dose_25,Morgan+Physical,5,0,422,63,90,20,6.347649261898465,13.774266458042897,0.3549904203953774,0.6956538265524225
arm_b_dose_25,Morgan,5,1,404,81,90,20,9.541564745924209,12.359721874770628,0.4473558232759437,0.8390819069727747
arm_b_dose_25,Physical,5,1,404,81,90,20,9.635658740488687,13.834238699183793,0.3076292193245622,0.8120439386348797
arm_b_dose_25,Morgan+Physical,5,1,404,81,90,20,6.690829744183574,10.072931575139304,0.6329375411028221,0.8491437743935006
arm_b_dose_25,Morgan,5,2,374,111,91,19,14.753923071698711,23.28711398729359,0.021198457361400913,0.6959136503561095
arm_b_dose_25,Physical,5,2,374,111,91,19,7.1011801178432155,15.79579595329696,0.5496539715399689,0.941330154750998
arm_b_dose_25,Morgan+Physical,5,2,374,111,91,19,10.63153926751489,18.98728141332208,0.34928790148779965,0.8866552563233041
arm_b_dose_25,Morgan,5,3,357,128,91,19,6.732468257474899,9.374947007142271,0.22778725973875014,0.775703343044339
arm_b_dose_25,Physical,5,3,357,128,91,19,11.09323961122632,16.582548622219765,-1.416027527731456,0.8993964664042151
arm_b_dose_25,Morgan+Physical,5,3,357,128,91,19,4.574835844177008,5.554899130109741,0.7288861691099731,0.9018364153194275
arm_b_dose_25,Morgan,5,4,411,74,91,19,11.647550579895842,20.458876719193412,0.10329254589154813,0.6641684778994362
arm_b_dose_25,Physical,5,4,411,74,91,19,7.580992181829503,13.630093579165019,0.6019983392334008,0.771337956690093
arm_b_dose_25,Morgan+Physical,5,4,411,74,91,19,9.126028462332648,16.418987702169026,0.4224627982167537,0.7959171734357808
arm_b_dose_25,Morgan,6,0,442,43,90,20,11.091067145236703,20.66473998163779,0.07659090574203697,0.4828562763739286
arm_b_dose_25,Physical,6,0,442,43,90,20,9.452428266037343,13.3428559524044,0.6150255987042372,0.7088759390969922
arm_b_dose_25,Morgan+Physical,6,0,442,43,90,20,10.06574451987688,16.48660375524903,0.41224455997245557,0.7072865311617972
arm_b_dose_25,Morgan,6,1,425,60,90,20,13.42997539367676,23.931803985589234,0.0727707987048053,0.899643180017123
arm_b_dose_25,Physical,6,1,425,60,90,20,8.815411496225995,15.16203815507171,0.6278214010367904,0.833885883016805
arm_b_dose_25,Morgan+Physical,6,1,425,60,90,20,10.793210169219972,19.190211296014734,0.40379482752755824,0.9063225973211614
arm_b_dose_25,Morgan,6,2,359,126,91,19,13.61480414434766,16.516176467310284,-1.5817264586234043,-0.40209314995100764
arm_b_dose_25,Physical,6,2,359,126,91,19,4.265893531938584,7.060814207074606,0.528153471035016,0.9598577745853876
arm_b_dose_25,Morgan+Physical,6,2,359,126,91,19,8.655019217161149,10.720897316985255,-0.087811058758416,0.41527292400949717
arm_b_dose_25,Morgan,6,3,361,124,91,19,6.687914030924152,8.879383889735735,0.44794012150125173,0.8723666390554886
arm_b_dose_25,Physical,6,3,361,124,91,19,9.72395021245095,12.948661467567138,-0.1740058845456225,0.8001136476201242
arm_b_dose_25,Morgan+Physical,6,3,361,124,91,19,4.585280138034205,5.964054675878272,0.7509401324882508,0.8201732717624316
arm_b_dose_25,Morgan,6,4,381,104,91,19,15.951530606164198,24.446450272302208,-0.3931571023306033,0.22923217842439833
arm_b_dose_25,Physical,6,4,381,104,91,19,10.62812271821022,18.49771183072658,0.20236445547755233,0.6264007775037793
arm_b_dose_25,Morgan+Physical,6,4,381,104,91,19,12.101434617010264,20.885377068671712,-0.0168411685454819,0.4617352083839843
arm_b_dose_25,Morgan,7,0,371,114,90,20,6.140382330757276,9.15650712918316,0.5140329593310868,0.8411944654508003
arm_b_dose_25,Physical,7,0,371,114,90,20,5.052011280273973,8.349834092079156,0.5958869899984084,0.9287279341984342
arm_b_dose_25,Morgan+Physical,7,0,371,114,90,20,3.6744586796141507,6.366383476762775,0.7650731102540965,0.9346580645211199
arm_b_dose_25,Morgan,7,1,408,77,90,20,18.686746968554214,24.779763185160828,-0.42204274437360345,0.5296328797289915
arm_b_dose_25,Physical,7,1,408,77,90,20,4.92818805466689,9.906936608261676,0.7727012142244155,0.922168064172865
arm_b_dose_25,Morgan+Physical,7,1,408,77,90,20,10.957352805893144,15.504785466840895,0.44326327480791516,0.725855564368636
arm_b_dose_25,Morgan,7,2,405,80,91,19,7.9544214767074575,9.603599223092889,0.26176348728887844,0.7853949430277961
arm_b_dose_25,Physical,7,2,405,80,91,19,8.654254037961959,13.54151204569544,-0.4677827740269682,0.6927080127290153
arm_b_dose_25,Morgan+Physical,7,2,405,80,91,19,7.939166800365447,10.926608701140994,0.04435135822509262,0.726151036771636
arm_b_dose_25,Morgan,7,3,407,78,91,19,6.151098198030913,18.700525680805733,0.17242772302633225,0.4659523682767494
arm_b_dose_25,Physical,7,3,407,78,91,19,7.856174394789475,17.920382114558148,0.24003632271830921,0.4635021922868212
arm_b_dose_25,Morgan+Physical,7,3,407,78,91,19,6.714110171622253,17.951229414669072,0.23741773968083524,0.4264199174120213
arm_b_dose_25,Morgan,7,4,377,108,91,19,14.217650266046876,21.087417255871504,-0.49959196409062545,0.7355174827503037
arm_b_dose_25,Physical,7,4,377,108,91,19,14.724780729399786,22.05924386205017,-0.6409961611239272,0.8488427635663229
arm_b_dose_25,Morgan+Physical,7,4,377,108,91,19,8.88697735616896,15.139491107988512,0.22705449490665386,0.8666971233024964
arm_b_dose_25,Morgan,8,0,349,136,90,20,6.127869107885922,15.488813702377582,0.3087641614336897,0.8937678028774084
arm_b_dose_25,Physical,8,0,349,136,90,20,5.8723544272815476,14.84663606662852,0.3648942270558897,0.7931963052998943
arm_b_dose_25,Morgan+Physical,8,0,349,136,90,20,4.702995527211357,14.370249635045656,0.4049978159514943,0.9332493902238802
arm_b_dose_25,Morgan,8,1,403,82,90,20,9.686882694575612,11.747337883852152,0.41079910636287886,0.8902856371855501
arm_b_dose_25,Physical,8,1,403,82,90,20,8.613792226424797,10.813189696011525,0.5007798345010526,0.8581357518242076
arm_b_dose_25,Morgan+Physical,8,1,403,82,90,20,5.395431018509283,8.251864195739033,0.7092708221655846,0.87072921373383
arm_b_dose_25,Morgan,8,2,405,80,91,19,5.049823875675202,6.054997226300161,0.6329333125483907,0.7786603502371074
arm_b_dose_25,Physical,8,2,405,80,91,19,4.269869246659279,6.072117160986196,0.6308546851232766,0.8035528441236354
arm_b_dose_25,Morgan+Physical,8,2,405,80,91,19,4.57351213341713,5.698461878238336,0.6748884713990362,0.8536520898395602
arm_b_dose_25,Morgan,8,3,434,51,91,19,17.86464857452991,30.40195402440927,-0.2086781080386333,0.22643971690685133
arm_b_dose_25,Physical,8,3,434,51,91,19,12.917721607881433,21.512381048396655,0.3948199203891084,0.7472792634210462
arm_b_dose_25,Morgan+Physical,8,3,434,51,91,19,14.330966524385936,25.619999915646602,0.14164704176286136,0.7235906877542103
arm_b_dose_25,Morgan,8,4,377,108,91,19,14.00867265849643,18.69281680767294,-0.4122973403663148,0.32365522783443007
arm_b_dose_25,Physical,8,4,377,108,91,19,6.51958814931799,8.979841728209484,0.674077752900301,0.8880714095657295
arm_b_dose_25,Morgan+Physical,8,4,377,108,91,19,7.342294891428064,9.971079204701256,0.5981527749258073,0.8658960790465808
arm_b_dose_25,Morgan,9,0,417,68,90,20,9.845189915488747,17.980357905502785,0.1414829138471897,0.7489067034052933
arm_b_dose_25,Physical,9,0,417,68,90,20,5.992628026261049,9.6201702557602,0.7542362672313363,0.8482490723023627
arm_b_dose_25,Morgan+Physical,9,0,417,68,90,20,6.91674611562841,12.998264604732633,0.5513341387134508,0.9467660755131643
arm_b_dose_25,Morgan,9,1,379,106,90,20,13.700625108466957,18.23110013142684,-0.5779848365939204,0.7641179108336741
arm_b_dose_25,Physical,9,1,379,106,90,20,11.10657484954258,14.519963674084325,-0.0009402016958901527,0.9204404743116463
arm_b_dose_25,Morgan+Physical,9,1,379,106,90,20,6.016293111621208,7.605389460237389,0.7253876972689837,0.92164118939529
arm_b_dose_25,Morgan,9,2,387,98,91,19,5.559263319661666,17.381981538603434,0.106132613675193,0.6548324586897786
arm_b_dose_25,Physical,9,2,387,98,91,19,6.269426265817761,16.178697520626734,0.22560661565144347,0.8783616188500867
arm_b_dose_25,Morgan+Physical,9,2,387,98,91,19,5.6030559220450264,16.5618351023464,0.1884945594484876,0.8023419897338625
arm_b_dose_25,Morgan,9,3,394,91,91,19,8.128894991911165,9.864908412521636,0.415238788822594,0.7189946654528984
arm_b_dose_25,Physical,9,3,394,91,91,19,14.525541584481042,19.81262944680914,-1.3587215558118833,0.7148239490466716
arm_b_dose_25,Morgan+Physical,9,3,394,91,91,19,7.161830771063502,9.233614131682518,0.4876863997349319,0.7991564593040167
arm_b_dose_25,Morgan,9,4,391,94,91,19,15.530288843666238,20.491304609946702,0.14406098442803095,0.3593272474205204
arm_b_dose_25,Physical,9,4,391,94,91,19,24.883791257233312,27.93135939497026,-0.5903318260543013,0.20658852004873607
arm_b_dose_25,Morgan+Physical,9,4,391,94,91,19,19.86202648128753,23.24075343822316,-0.10104231719815893,0.023101665268454422
arm_b_dose_50,Morgan,0,0,386,129,102,20,16.936293253403303,21.557920492806314,-1.6639212735518782,-0.2573002782503045
arm_b_dose_50,Physical,0,0,386,129,102,20,14.950598133442012,19.33781875790325,-1.143495743028149,0.6935904712746759
arm_b_dose_50,Morgan+Physical,0,0,386,129,102,20,6.991231379841648,8.771758743369595,0.5589569212346837,0.6565978111154831
arm_b_dose_50,Morgan,0,1,379,136,102,20,9.482377652886335,13.89776956866612,0.17022439094817232,0.04094935316512386
arm_b_dose_50,Physical,0,1,379,136,102,20,3.9037813013469473,7.615449619100945,0.7508496220945224,0.9033958920813532
arm_b_dose_50,Morgan+Physical,0,1,379,136,102,20,6.466412846105239,10.316066531046982,0.5428078970385544,0.786866748109812
arm_b_dose_50,Morgan,0,2,443,72,103,19,4.840966254531013,7.836629378866707,0.24070389969658734,0.22621868737024886
arm_b_dose_50,Physical,0,2,443,72,103,19,7.447300642522175,10.26445244825519,-0.3026391535291755,0.3551067254283305
arm_b_dose_50,Morgan+Physical,0,2,443,72,103,19,5.919260343106588,8.302988371910105,0.14764323417693048,0.31551000871390217
arm_b_dose_50,Morgan,0,3,469,46,103,19,9.335950017472973,25.588685115343335,0.12088592366001305,0.6397217575859685
arm_b_dose_50,Physical,0,3,469,46,103,19,8.349492516807887,24.76454746880385,0.17660147130599657,0.8573440580885752
arm_b_dose_50,Morgan+Physical,0,3,469,46,103,19,8.117187004379605,24.930852242927703,0.1655053754791016,0.8520129717941087
arm_b_dose_50,Morgan,0,4,441,74,103,19,14.965925392621017,23.446557071107033,-0.13815605916230123,0.5217454825286679
arm_b_dose_50,Physical,0,4,441,74,103,19,7.624186235408268,11.037518189753037,0.7477759349478623,0.9450956856625844
arm_b_dose_50,Morgan+Physical,0,4,441,74,103,19,8.386167418924282,15.3572315029809,0.5117193450198567,0.9543336640465007
arm_b_dose_50,Morgan,1,0,413,102,102,20,5.279531664515475,6.742183443094884,0.5628438980692148,0.8697894584681708
arm_b_dose_50,Physical,1,0,413,102,102,20,6.911774030490948,10.475895890996078,-0.055401635430213814,0.44500351231534874
arm_b_dose_50,Morgan+Physical,1,0,413,102,102,20,5.347339420797311,7.6711844232821305,0.4340731974641793,0.8768374668945331
arm_b_dose_50,Morgan,1,1,437,78,102,20,9.562960142165942,24.379696492990547,0.028141838005843134,0.8578517387147386
arm_b_dose_50,Physical,1,1,437,78,102,20,6.827238792584738,22.404518985638926,0.17923742476116378,0.9102522182433268
arm_b_dose_50,Morgan+Physical,1,1,437,78,102,20,7.633517445472326,23.16464697845192,0.12259992110541695,0.9211828043330004
arm_b_dose_50,Morgan,1,2,423,92,103,19,15.616296486813088,19.103741378082976,-0.2784007074228132,0.56247524541906
arm_b_dose_50,Physical,1,2,423,92,103,19,4.861670035030531,6.5186016679366805,0.8511533622608776,0.9083140220144402
arm_b_dose_50,Morgan+Physical,1,2,423,92,103,19,6.725880925717562,8.303744190523062,0.758466115907521,0.9285464639043786
arm_b_dose_50,Morgan,1,3,404,111,103,19,9.659391527035,18.19091511139912,0.10372435207136732,0.7653554947407392
arm_b_dose_50,Physical,1,3,404,111,103,19,11.559933292048685,19.305521116795024,-0.009474982516994634,0.8563453109903677
arm_b_dose_50,Morgan+Physical,1,3,404,111,103,19,9.07807220879632,15.970170813404525,0.30920111993323995,0.8687959542460734
arm_b_dose_50,Morgan,1,4,441,74,103,19,10.763412551776781,14.63141096710036,-0.061553333301053836,0.6461422962689145
arm_b_dose_50,Physical,1,4,441,74,103,19,20.76766683707366,29.67669449759772,-3.3671735637104003,0.8404661078615266
arm_b_dose_50,Morgan+Physical,1,4,441,74,103,19,9.672061345383929,13.249997334415143,0.12943544225263237,0.838528519742676
arm_b_dose_50,Morgan,2,0,441,74,102,20,15.934047627480998,24.19873343083301,-0.19774001259767737,0.384447058264263
arm_b_dose_50,Physical,2,0,441,74,102,20,7.297121898670713,10.008774687613398,0.7951013425874903,0.8950130030490657
arm_b_dose_50,Morgan+Physical,2,0,441,74,102,20,10.818465014438113,16.13230360258622,0.46768333763421654,0.8837598331067698
arm_b_dose_50,Morgan,2,1,399,116,102,20,3.71163316927285,6.607376903028363,0.41301080995161366,0.8184614624462649
arm_b_dose_50,Physical,2,1,399,116,102,20,4.830229382580724,7.879990732203117,0.1651213502072595,0.6826322411415343
arm_b_dose_50,Morgan+Physical,2,1,399,116,102,20,3.9451489069050756,6.763597354484179,0.3849259098873884,0.8307176353788552
arm_b_dose_50,Morgan,2,2,438,77,103,19,9.75959754200725,24.576337937207033,-0.08780856209321031,0.5182329595265049
arm_b_dose_50,Physical,2,2,438,77,103,19,8.41647170733167,23.068231872919895,0.04160012430019133,0.7929135399484054
arm_b_dose_50,Morgan+Physical,2,2,438,77,103,19,8.390458232631932,23.46702678828029,0.00817678196973426,0.7857382112234573
arm_b_dose_50,Morgan,2,3,416,99,103,19,5.1469761552984075,6.065162312143053,0.4846403274441593,0.7460427843522959
arm_b_dose_50,Physical,2,3,416,99,103,19,3.482984406180334,6.778584644217612,0.35627018691308787,0.8438048483846042
arm_b_dose_50,Morgan+Physical,2,3,416,99,103,19,3.602767398687806,5.279411299102448,0.6095219990198376,0.8337416049274536
arm_b_dose_50,Morgan,2,4,424,91,103,19,16.519681847876242,20.20203953762232,-0.5987219370604133,0.24940653118505107
arm_b_dose_50,Physical,2,4,424,91,103,19,4.553214901431575,7.023100389685552,0.806785260624524,0.8763145445635676
arm_b_dose_50,Morgan+Physical,2,4,424,91,103,19,8.602455794282012,10.68658543411212,0.5526366262602784,0.8908909889414648
arm_b_dose_50,Morgan,3,0,406,109,102,20,11.132031026528734,20.43823041345462,-0.05328665325101922,0.47201926936158006
arm_b_dose_50,Physical,3,0,406,109,102,20,6.843319441842596,17.264299550625527,0.248449921023828,0.8490197522374076
arm_b_dose_50,Morgan+Physical,3,0,406,109,102,20,8.913945036007943,18.202195332516805,0.16457485953244055,0.8095531157279925
arm_b_dose_50,Morgan,3,1,475,40,102,20,12.721991732692718,23.45403617811526,0.08849709941337869,0.6339676259777957
arm_b_dose_50,Physical,3,1,475,40,102,20,11.620610231781006,17.72443650489461,0.4794436512449721,0.6934833870370228
arm_b_dose_50,Morgan+Physical,3,1,475,40,102,20,11.150027665519714,18.483255509529265,0.43391739742983926,0.7716753070823952
arm_b_dose_50,Morgan,3,2,353,162,103,19,11.1121406020035,14.52984953504525,0.0026558608361000324,0.5429866937301475
arm_b_dose_50,Physical,3,2,353,162,103,19,6.577476675290236,8.79415271354183,0.6346485695597897,0.882437554015589
arm_b_dose_50,Morgan+Physical,3,2,353,162,103,19,4.719625886997176,5.6767605763179585,0.8477616874314379,0.8415778805836479
arm_b_dose_50,Morgan,3,3,424,91,103,19,10.660418949387099,19.250269343717285,0.21045062419290317,0.7727137089837477
arm_b_dose_50,Physical,3,3,424,91,103,19,8.634840635622464,13.9625719264258,0.5846286668314133,0.9019787600536755
arm_b_dose_50,Morgan+Physical,3,3,424,91,103,19,9.087675892806839,15.803967175313128,0.4678452883524845,0.9125569233136438
arm_b_dose_50,Morgan,3,4,460,55,103,19,8.032764877119586,10.489585338155557,0.1585788897615913,0.7925728476116259
arm_b_dose_50,Physical,3,4,460,55,103,19,4.288775782645485,5.785045334710682,0.7440764236741428,0.9443824842734561
arm_b_dose_50,Morgan+Physical,3,4,460,55,103,19,3.382854285994096,4.754434679029606,0.8271399904137031,0.9045624095316522
arm_b_dose_50,Morgan,4,0,456,59,102,20,10.577406663926983,22.66836482828168,-0.009954133592841474,0.5818991805408014
arm_b_dose_50,Physical,4,0,456,59,102,20,9.288760933407284,21.773203506540597,0.06823599895551935,0.7652088687405463
arm_b_dose_50,Morgan+Physical,4,0,456,59,102,20,7.058658783346918,21.247578124527728,0.11268028041220723,0.7005816390118892
arm_b_dose_50,Morgan,4,1,398,117,102,20,5.484186853859405,7.0220926309281495,0.4838352900788646,0.6887202864929403
arm_b_dose_50,Physical,4,1,398,117,102,20,3.72767580358652,5.0079241991383325,0.7374749839059047,0.8801354125403419
arm_b_dose_50,Morgan+Physical,4,1,398,117,102,20,3.9774106765264525,5.216890447433165,0.7151090627313039,0.8122644657181536
arm_b_dose_50,Morgan,4,2,404,111,103,19,12.560170584993104,20.250148344601893,-0.01590045056625944,0.6171312834122735
arm_b_dose_50,Physical,4,2,404,111,103,19,21.897313517823093,31.712909413947727,-1.4915345213563516,0.7284271554001108
arm_b_dose_50,Morgan+Physical,4,2,404,111,103,19,13.698997493139043,20.41455450545327,-0.03246312350491598,0.6802836757177556
arm_b_dose_50,Morgan,4,3,442,73,103,19,6.796152024130625,16.10291729815883,0.26691938622073785,0.8229655147767728
arm_b_dose_50,Physical,4,3,442,73,103,19,6.722858406607745,10.185315156411713,0.706713851037462,0.8389488942661936
arm_b_dose_50,Morgan+Physical,4,3,442,73,103,19,6.187350165829593,12.389013084222764,0.5660736402231406,0.8684917358631024
arm_b_dose_50,Morgan,4,4,418,97,103,19,14.143775079353567,19.33484621713272,-0.4591715797251221,0.5322767068286727
arm_b_dose_50,Physical,4,4,418,97,103,19,6.211053529129814,7.657837617224238,0.7711045162210708,0.8807880826806179
arm_b_dose_50,Morgan+Physical,4,4,418,97,103,19,7.90265988410871,9.337077454849345,0.659711838136795,0.9232224048765295
arm_b_dose_50,Morgan,5,0,452,63,102,20,7.221848222641718,16.87946258820969,0.03139560459642088,0.8134767846279393
arm_b_dose_50,Physical,5,0,452,63,102,20,5.622906084787278,9.791051372178359,0.6740973714295918,0.6453313618438526
arm_b_dose_50,Morgan+Physical,5,0,452,63,102,20,5.8025647231207955,12.951818354306717,0.42971664667290954,0.8732545420929974
arm_b_dose_50,Morgan,5,1,434,81,102,20,9.965397029415177,12.857279471637217,0.40196531926660406,0.761581470021623
arm_b_dose_50,Physical,5,1,434,81,102,20,9.63470275851591,13.474411325827688,0.3431778300122421,0.8229720882904427
arm_b_dose_50,Morgan+Physical,5,1,434,81,102,20,6.943883638226544,10.27673963634689,0.6179335445296268,0.854359435857825
arm_b_dose_50,Morgan,5,2,404,111,103,19,14.7158558427113,23.883227434361505,-0.02955448738203259,0.6754371117469622
arm_b_dose_50,Physical,5,2,404,111,103,19,8.10117362110997,16.49047505414083,0.5091716482778008,0.9027778477314827
arm_b_dose_50,Morgan+Physical,5,2,404,111,103,19,11.018296653181197,19.795765952463597,0.29269304578085376,0.8426864570313766
arm_b_dose_50,Morgan,5,3,387,128,103,19,6.609712040799856,8.8372952376017,0.3138200121441199,0.8468286823074815
arm_b_dose_50,Physical,5,3,387,128,103,19,12.501665076750516,19.56286342155721,-2.3625144960241475,0.9026188217411704
arm_b_dose_50,Morgan+Physical,5,3,387,128,103,19,5.515041380959749,7.041711219925832,0.5643319208365096,0.903586687462882
arm_b_dose_50,Morgan,5,4,441,74,103,19,11.716326861871254,21.163022861871497,0.040505230994524744,0.6880186392304773
arm_b_dose_50,Physical,5,4,441,74,103,19,8.555900476185052,14.802620345358285,0.5305769505617649,0.7540834427906888
arm_b_dose_50,Morgan+Physical,5,4,441,74,103,19,9.447131352141097,16.982653693092967,0.382128282165086,0.7948153804021243
arm_b_dose_50,Morgan,6,0,472,43,102,20,10.550228071966837,20.653853525948232,0.07756357747780351,0.5863826835587764
arm_b_dose_50,Physical,6,0,472,43,102,20,8.918263072479602,12.4792461700278,0.6632473972909617,0.720239274693509
arm_b_dose_50,Morgan+Physical,6,0,472,43,102,20,9.461017806119697,16.073953161421286,0.44129873551696863,0.7159981180812235
arm_b_dose_50,Morgan,6,1,455,60,102,20,13.45846896909078,24.701605374849333,0.012160052210035688,0.8068042095565721
arm_b_dose_50,Physical,6,1,455,60,102,20,8.830513120714823,15.180081277213668,0.6269350743439357,0.8345545296103837
arm_b_dose_50,Morgan+Physical,6,1,455,60,102,20,10.83614155108134,19.68127567528698,0.3728914595634236,0.9089971836954761
arm_b_dose_50,Morgan,6,2,389,126,103,19,12.040363646601119,14.142890708054713,-0.8930738974964816,-0.4093585633381138
arm_b_dose_50,Physical,6,2,389,126,103,19,4.90355592799111,7.264047962208477,0.5005999255374177,0.9428609643804404
arm_b_dose_50,Morgan+Physical,6,2,389,126,103,19,7.973504686494856,9.683724010061226,0.11248438361669144,0.7400360099855687
arm_b_dose_50,Morgan,6,3,391,124,103,19,7.164682771485851,9.07587427663338,0.4232369062840039,0.8451154719057771
arm_b_dose_50,Physical,6,3,391,124,103,19,12.795633623879954,18.474438398842175,-1.3898080007001923,0.8256034290543948
arm_b_dose_50,Morgan+Physical,6,3,391,124,103,19,6.259236555763983,7.977473366759542,0.5543937780700234,0.8311811406754566
arm_b_dose_50,Morgan,6,4,411,104,103,19,16.139405656929014,24.90662666019471,-0.446099919239775,0.24440892954766885
arm_b_dose_50,Physical,6,4,411,104,103,19,10.0056272685205,18.397818667810377,0.21095613370526023,0.6237489703233966
arm_b_dose_50,Morgan+Physical,6,4,411,104,103,19,11.856203136595214,21.02445224279993,-0.03042849419924587,0.4521934280498422
arm_b_dose_50,Morgan,7,0,401,114,102,20,5.970151999169066,9.119555628465076,0.5179473292164345,0.8139640309474906
arm_b_dose_50,Physical,7,0,401,114,102,20,5.348043315265053,8.68676211176621,0.5626158946351614,0.9211549858917704
arm_b_dose_50,Morgan+Physical,7,0,401,114,102,20,3.662882212668972,6.587185874508323,0.7484947955515873,0.9207215319817061
arm_b_dose_50,Morgan,7,1,438,77,102,20,19.25690598247578,25.50443076734769,-0.5064322949756406,0.49751549082151386
arm_b_dose_50,Physical,7,1,438,77,102,20,4.329467344606076,8.06622471710411,0.849318830837414,0.9075601693583969
arm_b_dose_50,Morgan+Physical,7,1,438,77,102,20,11.278891582439474,15.519751400982285,0.4421879801593541,0.6738338523269044
arm_b_dose_50,Morgan,7,2,435,80,103,19,7.307561354026793,8.8595138015605,0.37172866735751164,0.7857556544168827
arm_b_dose_50,Physical,7,2,435,80,103,19,7.836094913110733,13.031934884058236,-0.35939374819837955,0.7459513465042041
arm_b_dose_50,Morgan+Physical,7,2,435,80,103,19,7.282883380041122,9.997783816103858,0.1999171724781783,0.7550237683415956
arm_b_dose_50,Morgan,7,3,437,78,103,19,6.283096229294998,18.706351609255787,0.17191200192022182,0.5126932603267024
arm_b_dose_50,Physical,7,3,437,78,103,19,7.808091074147346,18.09005386921511,0.22557739008004174,0.674173725673901
arm_b_dose_50,Morgan+Physical,7,3,437,78,103,19,6.762354611260831,18.091163984072008,0.22548234067564132,0.43579780063756013
arm_b_dose_50,Morgan,7,4,407,108,103,19,14.527152009363524,21.45190807157546,-0.5518801420780399,0.6639025978889426
arm_b_dose_50,Physical,7,4,407,108,103,19,14.183191474843907,21.089256853212063,-0.49985361450358945,0.8505769571845632
arm_b_dose_50,Morgan+Physical,7,4,407,108,103,19,8.434890905733461,14.812612225014492,0.2600717155554736,0.8680468661747608
arm_b_dose_50,Morgan,8,0,379,136,102,20,6.126776023472057,15.613004659210564,0.29763491680832543,0.8980504137573921
arm_b_dose_50,Physical,8,0,379,136,102,20,5.722420976708917,14.596895244960784,0.3860812221886242,0.8191694360082303
arm_b_dose_50,Morgan+Physical,8,0,379,136,102,20,4.79713007997064,14.320743377229416,0.40909038121292407,0.9373912613339478
arm_b_dose_50,Morgan,8,1,433,82,102,20,9.827705116789284,12.0338754324822,0.3817053347168986,0.8188500218852728
arm_b_dose_50,Physical,8,1,433,82,102,20,6.401482690596231,8.897605128417885,0.6619890791188107,0.8580374507338464
arm_b_dose_50,Morgan+Physical,8,1,433,82,102,20,4.867032498667648,7.742638349950577,0.7440457031010053,0.9213433529265368
arm_b_dose_50,Morgan,8,2,435,80,103,19,5.634479278335571,6.3582586170877295,0.5952438534769847,0.8087603948250913
arm_b_dose_50,Physical,8,2,435,80,103,19,4.036060085473061,5.658747399286936,0.679404301281555,0.8281140306014289
arm_b_dose_50,Morgan+Physical,8,2,435,80,103,19,4.724195983467102,5.5023992131661945,0.6968753403829171,0.8439963905057019
arm_b_dose_50,Morgan,8,3,464,51,103,19,17.969641904045552,31.30857038672312,-0.281840930306438,0.1873621452229794
arm_b_dose_50,Physical,8,3,464,51,103,19,11.943713002073999,20.017516265068885,0.4760039171608371,0.7182369547467525
arm_b_dose_50,Morgan+Physical,8,3,464,51,103,19,14.150357706182142,25.291463297008278,0.16351997474293722,0.7129364801847891
arm_b_dose_50,Morgan,8,4,407,108,103,19,14.067837721400789,19.021428071721736,-0.4623888942589991,0.04079166290818527
arm_b_dose_50,Physical,8,4,407,108,103,19,6.38615466066643,8.83846921013095,0.6842591685699578,0.8947584646041703
arm_b_dose_50,Morgan+Physical,8,4,407,108,103,19,7.2391675901589565,9.609239436222316,0.6267887973246188,0.8700761942148251
arm_b_dose_50,Morgan,9,0,447,68,102,20,10.231871093525607,18.28659123552823,0.11199013063234176,0.749215284365209
arm_b_dose_50,Physical,9,0,447,68,102,20,6.349899486597846,10.136280544765487,0.7271590691055252,0.8718408975642318
arm_b_dose_50,Morgan+Physical,9,0,447,68,102,20,7.116737369032467,13.52985493589126,0.5138855187970649,0.9438459147315649
arm_b_dose_50,Morgan,9,1,409,106,102,20,13.873907275793686,18.45237620831079,-0.6165222020141983,0.4948263261675825
arm_b_dose_50,Physical,9,1,409,106,102,20,6.324862779401383,7.594144444541034,0.72619915781585,0.9357666584781661
arm_b_dose_50,Morgan+Physical,9,1,409,106,102,20,5.56236022567749,7.420771609709117,0.7385580923502764,0.9202648476214156
arm_b_dose_50,Morgan,9,2,417,98,103,19,5.641944389133062,17.42377323774348,0.10182917510423417,0.6676658131128443
arm_b_dose_50,Physical,9,2,417,98,103,19,6.7745872079927105,16.44104041294385,0.20028891310237062,0.8808638909171602
arm_b_dose_50,Morgan+Physical,9,2,417,98,103,19,5.851137659680114,16.69633095259303,0.17526084664582442,0.8050074337285809
arm_b_dose_50,Morgan,9,3,424,91,103,19,7.238287133735405,8.573600340070877,0.5583086321721427,0.7938813672128193
arm_b_dose_50,Physical,9,3,424,91,103,19,12.941882213597559,18.78624733559538,-1.1206671722745067,0.8822313034053543
arm_b_dose_50,Morgan+Physical,9,3,424,91,103,19,6.469015529092643,8.376912008247468,0.578341995549785,0.891668557514358
arm_b_dose_50,Morgan,9,4,421,94,103,19,14.655322749831827,20.338277152942933,0.15679741981790596,0.33366846574695064
arm_b_dose_50,Physical,9,4,421,94,103,19,20.948606194094392,24.34272538104164,-0.20793065697129842,0.19090726914722453
arm_b_dose_50,Morgan+Physical,9,4,421,94,103,19,17.411500115966795,21.275975177053155,0.07725318629197397,0.2768632288570804
arm_b_dose_75,Morgan,0,0,421,129,115,20,16.64008686251973,20.81634390837693,-1.4837996575264647,-0.3724823051852113
arm_b_dose_75,Physical,0,0,421,129,115,20,25.056186890713004,30.149384495050217,-4.210321895906073,0.7024054732905987
arm_b_dose_75,Morgan+Physical,0,0,421,129,115,20,6.1037857105935265,8.89179341356399,0.5468036720412344,0.6968972360579786
arm_b_dose_75,Morgan,0,1,414,136,115,20,10.351371448505626,14.525161031419225,0.09361572301305554,0.025069889901161803
arm_b_dose_75,Physical,0,1,414,136,115,20,5.207025868432662,7.183543569363454,0.7783090768269769,0.9557685719667139
arm_b_dose_75,Morgan+Physical,0,1,414,136,115,20,7.139089115131602,10.222612130688654,0.5510538852001075,0.7215434394480954
arm_b_dose_75,Morgan,0,2,478,72,116,19,4.384030148379008,7.9453758972569375,0.21948464629455355,0.2535982631855182
arm_b_dose_75,Physical,0,2,478,72,116,19,6.215048514662848,7.23560010523099,0.3527058735626394,0.37306847011666266
arm_b_dose_75,Morgan+Physical,0,2,478,72,116,19,5.001813368988037,6.660373033075567,0.4515340624446884,0.3829760741286132
arm_b_dose_75,Morgan,0,3,504,46,116,19,9.246104402873826,25.570336976629413,0.12214619349963862,0.5530669701335
arm_b_dose_75,Physical,0,3,504,46,116,19,8.188748624511385,25.111261231574694,0.15338424547731866,0.8695559650654342
arm_b_dose_75,Morgan+Physical,0,3,504,46,116,19,8.241670220333596,25.144107831331247,0.1511679779710533,0.6965436179973447
arm_b_dose_75,Morgan,0,4,476,74,116,19,15.551221081147066,23.687901287689083,-0.16170758630535675,0.43539377445510546
arm_b_dose_75,Physical,0,4,476,74,116,19,5.432604142813812,8.606565458535231,0.846643069052628,0.9391849862937933
arm_b_dose_75,Morgan+Physical,0,4,476,74,116,19,7.391738601278357,10.08285563821066,0.7895200389739655,0.9047181180603495
arm_b_dose_75,Morgan,1,0,448,102,115,20,5.701475992898378,6.809599229532311,0.5540578525540767,0.9018831702394144
arm_b_dose_75,Physical,1,0,448,102,115,20,6.385898648441537,10.208363106874641,-0.0021843899758395846,0.8747084891802975
arm_b_dose_75,Morgan+Physical,1,0,448,102,115,20,4.9141108124602075,7.4460385970834215,0.4668051065134148,0.8867907902142544
arm_b_dose_75,Morgan,1,1,472,78,115,20,10.007003559656388,24.556789931764996,0.01397145618712381,0.7892184910766114
arm_b_dose_75,Physical,1,1,472,78,115,20,6.2768292128548255,21.43439957305081,0.24877688642357254,0.9174286077087432
arm_b_dose_75,Morgan+Physical,1,1,472,78,115,20,7.682413167910454,22.67298344173703,0.1594498332237787,0.872352709465113
arm_b_dose_75,Morgan,1,2,458,92,116,19,15.502789156291797,18.943488591171022,-0.25704279622610593,0.7338883093788501
arm_b_dose_75,Physical,1,2,458,92,116,19,12.729597362497577,17.60474472000416,-0.08564942298995337,0.9105629486132124
arm_b_dose_75,Morgan+Physical,1,2,458,92,116,19,3.1892636868850053,4.851971536811032,0.9175355757711703,0.9343271623467173
arm_b_dose_75,Morgan,1,3,439,111,116,19,10.294021011469384,18.383867079862338,0.08460982909109216,0.7280500962985924
arm_b_dose_75,Physical,1,3,439,111,116,19,4.962290604242548,7.02620609818058,0.8662868033003581,0.9325591274444259
arm_b_dose_75,Morgan+Physical,1,3,439,111,116,19,5.560818376537703,9.991729151917232,0.7295955662985005,0.9307871109368454
arm_b_dose_75,Morgan,1,4,476,74,116,19,10.490032091295397,14.350123433678291,-0.021129149459558683,0.7222230488219386
arm_b_dose_75,Physical,1,4,476,74,116,19,22.98984942745518,33.47462531209781,-4.556493998441433,0.8339926759018912
arm_b_dose_75,Morgan+Physical,1,4,476,74,116,19,11.513418118760393,15.355975449148948,-0.16929533941597974,0.8340522404253996
arm_b_dose_75,Morgan,2,0,476,74,115,20,16.441021726614462,24.6382194935438,-0.24164066289480357,0.34378630506140606
arm_b_dose_75,Physical,2,0,476,74,115,20,8.099473457368388,10.056816824173403,0.7931295938682912,0.9624468068919831
arm_b_dose_75,Morgan+Physical,2,0,476,74,115,20,10.054140568455876,12.35188906323963,0.6879357260833634,0.94173176915969
arm_b_dose_75,Morgan,2,1,434,116,115,20,3.481192748332846,6.460037308888933,0.4388977708951859,0.7756019514697551
arm_b_dose_75,Physical,2,1,434,116,115,20,4.9672857978163085,9.019235209218385,-0.09373312992476923,0.8055291898243973
arm_b_dose_75,Morgan+Physical,2,1,434,116,115,20,3.8510100656049002,7.031363745413169,0.3352611332262583,0.8124715156306345
arm_b_dose_75,Morgan,2,2,473,77,116,19,10.738080645969935,24.723752670483254,-0.10089757032773394,0.5693125219867771
arm_b_dose_75,Physical,2,2,473,77,116,19,13.006904609977425,24.467051854278292,-0.0781555361634294,0.7722589668328821
arm_b_dose_75,Morgan+Physical,2,2,473,77,116,19,8.520597353254047,23.49784711600613,0.005569856917726379,0.7400081003821888
arm_b_dose_75,Morgan,2,3,451,99,116,19,5.854025856873482,6.68742588014292,0.3734675933027888,0.6427789698799523
arm_b_dose_75,Physical,2,3,451,99,116,19,3.6879722515048403,5.1995179908635745,0.6212507803893287,0.8270629619579362
arm_b_dose_75,Morgan+Physical,2,3,451,99,116,19,3.791404987516307,4.672052532102611,0.6941975146239394,0.8003859103222913
arm_b_dose_75,Morgan,2,4,459,91,116,19,16.854916113884894,20.374339612256218,-0.6261087349197545,0.7193114031574445
arm_b_dose_75,Physical,2,4,459,91,116,19,19.01141349553538,24.113857918505843,-1.2778016127176484,0.8816017004733747
arm_b_dose_75,Morgan+Physical,2,4,459,91,116,19,4.527922554770668,6.689693139115603,0.824694761306717,0.8920998834231496
arm_b_dose_75,Morgan,3,0,441,109,115,20,9.549159522499297,18.886815439635836,0.10054907637834931,0.4988510682306247
arm_b_dose_75,Physical,3,0,441,109,115,20,8.00484932901575,17.741813933538012,0.20630062234669333,0.856972133530753
arm_b_dose_75,Morgan+Physical,3,0,441,109,115,20,4.9153893267640285,16.519873166928633,0.3118653660818058,0.8134674094116583
arm_b_dose_75,Morgan,3,1,510,40,115,20,13.486549523735045,24.001734025764804,0.04542927496177085,0.5701840100883792
arm_b_dose_75,Physical,3,1,510,40,115,20,10.006286455011368,16.626278631599874,0.5419499000195886,0.7844734758241999
arm_b_dose_75,Morgan+Physical,3,1,510,40,115,20,10.539278358364104,17.718965237007218,0.4797649775280779,0.7527035219746218
arm_b_dose_75,Morgan,3,2,388,162,116,19,11.371864262390138,14.123144843843278,0.05770772155782189,0.5598933319406226
arm_b_dose_75,Physical,3,2,388,162,116,19,9.133348798708269,12.408548089549287,0.27261432763242555,0.8912022090983764
arm_b_dose_75,Morgan+Physical,3,2,388,162,116,19,4.317786827214559,5.570623559593594,0.8534011953451763,0.8388548293743604
arm_b_dose_75,Morgan,3,3,459,91,116,19,10.602952041676279,19.64234965391134,0.1779607599999462,0.8070627260544474
arm_b_dose_75,Physical,3,3,459,91,116,19,4.342741148233938,5.792514344272484,0.9285108868366083,0.9442180998035657
arm_b_dose_75,Morgan+Physical,3,3,459,91,116,19,6.6963944731156895,10.23002587563256,0.7770234774205246,0.9563467844510105
arm_b_dose_75,Morgan,3,4,495,55,116,19,8.228142365689365,10.596105830317532,0.14140305835998568,0.6757649225914995
arm_b_dose_75,Physical,3,4,495,55,116,19,2.324029461470171,3.468479883512539,0.9080026912750049,0.9186793154071284
arm_b_dose_75,Morgan+Physical,3,4,495,55,116,19,4.525966642353405,5.899023718374821,0.7338925413671973,0.9100945473043336
arm_b_dose_75,Morgan,4,0,491,59,115,20,10.833475018064856,22.856643342800524,-0.02680072564425373,0.5279244879089985
arm_b_dose_75,Physical,4,0,491,59,115,20,12.89098348303973,25.432720826252854,-0.2712966772596035,0.7613354062146181
arm_b_dose_75,Morgan+Physical,4,0,491,59,115,20,8.757008844181641,22.064100661542145,0.043172333998982015,0.7944677592428084
arm_b_dose_75,Morgan,4,1,433,117,115,20,5.704569427239833,7.461961914777317,0.4171440200055986,0.662074696890711
arm_b_dose_75,Physical,4,1,433,117,115,20,3.811311726963663,5.052902780811846,0.7327380793165129,0.9214795116174621
arm_b_dose_75,Morgan+Physical,4,1,433,117,115,20,4.265165491619926,5.52361069458595,0.6806247010453382,0.8537926562933965
arm_b_dose_75,Morgan,4,2,439,111,116,19,13.60216609316989,21.015447275680692,-0.09413776952959041,0.5992613638672305
arm_b_dose_75,Physical,4,2,439,111,116,19,23.49924435253315,35.60124089175852,-2.1399664394213485,0.7704671599868584
arm_b_dose_75,Morgan+Physical,4,2,439,111,116,19,14.526165342258762,19.78129639430689,0.03059727670982848,0.7668412444389846
arm_b_dose_75,Morgan,4,3,477,73,116,19,7.466698372911427,16.349395562654994,0.24430593276971035,0.8375996700115007
arm_b_dose_75,Physical,4,3,477,73,116,19,6.588924236459601,10.587886111101593,0.6830716189514935,0.8396303460826078
arm_b_dose_75,Morgan+Physical,4,3,477,73,116,19,6.441363378869671,12.829427683286859,0.5346741535895538,0.872949138603336
arm_b_dose_75,Morgan,4,4,453,97,116,19,14.213660581254466,19.192485718821843,-0.43776322204665497,0.6191899064539798
arm_b_dose_75,Physical,4,4,453,97,116,19,12.10641689219917,15.784444279387973,0.027513657963512905,0.9018504722260039
arm_b_dose_75,Morgan+Physical,4,4,453,97,116,19,3.837383252448642,5.446372175206934,0.884218399536906,0.9091920271761686
arm_b_dose_75,Morgan,5,0,487,63,115,20,8.726639258975075,17.605689471080268,-0.05374440039973605,0.5301764118719406
arm_b_dose_75,Physical,5,0,487,63,115,20,5.856083219104343,9.113028923598094,0.7176715121106482,0.651854497170042
arm_b_dose_75,Morgan+Physical,5,0,487,63,115,20,6.70506100445702,12.79809655160422,0.4431734055856654,0.7389262738944343
arm_b_dose_75,Morgan,5,1,469,81,115,20,10.201484548742975,13.282930497859413,0.3617129953930911,0.8012432978606612
arm_b_dose_75,Physical,5,1,469,81,115,20,7.560344557783338,10.895200911027795,0.5705637633111422,0.8258159351122448
arm_b_dose_75,Morgan+Physical,5,1,469,81,115,20,7.661579228587209,10.514853246612077,0.6000233548853158,0.8950581512112259
arm_b_dose_75,Morgan,5,2,439,111,116,19,15.008131190377998,23.85923493199427,-0.027486996190593027,0.6786430680290555
arm_b_dose_75,Physical,5,2,439,111,116,19,9.879147208730338,18.497072266894317,0.38245402733262235,0.9414742019064143
arm_b_dose_75,Morgan+Physical,5,2,439,111,116,19,5.758269620724239,15.600106098908231,0.5607432830332184,0.9359463923173142
arm_b_dose_75,Morgan,5,3,422,128,116,19,5.650237075668574,7.646665557654345,0.486259846436934,0.8738457171873233
arm_b_dose_75,Physical,5,3,422,128,116,19,14.004762638124824,19.319916172531528,-2.2795163084535783,0.9047168300720657
arm_b_dose_75,Morgan+Physical,5,3,422,128,116,19,5.436287082123756,6.81025589959048,0.5925013430747892,0.9221731866816149
arm_b_dose_75,Morgan,5,4,476,74,116,19,11.797083858129138,21.602582226560344,0.00023358622075708713,0.6193036135503157
arm_b_dose_75,Physical,5,4,476,74,116,19,6.755099040572708,11.059725234933541,0.7379549958338396,0.7465027989988436
arm_b_dose_75,Morgan+Physical,5,4,476,74,116,19,6.996162130098085,11.211800268252892,0.730699032243377,0.7611491287132288
arm_b_dose_75,Morgan,6,0,507,43,115,20,10.076665931169376,20.588126418375975,0.08342520590711833,0.6771030366454198
arm_b_dose_75,Physical,6,0,507,43,115,20,7.897170301348664,11.539693347778828,0.7120462135612082,0.7282671782810497
arm_b_dose_75,Morgan+Physical,6,0,507,43,115,20,8.690927636434866,15.060144491779289,0.5095524892852799,0.7936264310739518
arm_b_dose_75,Morgan,6,1,490,60,115,20,14.117938769086203,25.57993762872875,-0.05933955466005303,0.5718625460443668
arm_b_dose_75,Physical,6,1,490,60,115,20,5.474056650861105,8.48937002018045,0.8833224898602662,0.8145260287861081
arm_b_dose_75,Morgan+Physical,6,1,490,60,115,20,7.812608299001058,12.662564253226485,0.740415025620824,0.8891280504923647
arm_b_dose_75,Morgan,6,2,424,126,116,19,12.0221562869844,14.164200845952806,-0.8987830639637744,-0.4840538816402786
arm_b_dose_75,Physical,6,2,424,126,116,19,5.833382619860817,8.847268067754715,0.25918533755598994,0.9552985443801979
arm_b_dose_75,Morgan+Physical,6,2,424,126,116,19,8.333919142635287,10.31849760085206,-0.007683463718640038,0.4364034362671496
arm_b_dose_75,Morgan,6,3,426,124,116,19,5.8932850463128865,8.070340417123836,0.543958643638887,0.8386954124114228
arm_b_dose_75,Physical,6,3,426,124,116,19,8.846989268475193,11.559934789141877,0.06431150685571563,0.8263469511934484
arm_b_dose_75,Morgan+Physical,6,3,426,124,116,19,5.436247139826128,6.527413253984064,0.7016660088172626,0.8525779799682925
arm_b_dose_75,Morgan,6,4,446,104,116,19,16.558746567657177,24.978614909826117,-0.45447139788336677,0.5233922176763681
arm_b_dose_75,Physical,6,4,446,104,116,19,10.11255768158326,19.993940848510253,0.06810863853490068,0.6085767137090118
arm_b_dose_75,Morgan+Physical,6,4,446,104,116,19,11.486169544701209,19.742190969622673,0.09142835888271716,0.5174130694412232
arm_b_dose_75,Morgan,7,0,436,114,115,20,6.5347087132771815,9.540409965693616,0.4724286359887756,0.7683928218022541
arm_b_dose_75,Physical,7,0,436,114,115,20,4.273001544564231,7.77078707444936,0.6499926552268431,0.9134731851614565
arm_b_dose_75,Morgan+Physical,7,0,436,114,115,20,4.608856775598358,7.3047302981326,0.6907173832017934,0.9159638398969846
arm_b_dose_75,Morgan,7,1,473,77,115,20,18.98025926485929,25.411438737788515,-0.49546707777499077,0.34484640631157076
arm_b_dose_75,Physical,7,1,473,77,115,20,21.322290109361923,27.527386526898777,-0.7548835772838547,0.8972438594611736
arm_b_dose_75,Morgan+Physical,7,1,473,77,115,20,7.037869484839502,13.159595912711467,0.5989454432774388,0.8624710175675994
arm_b_dose_75,Morgan,7,2,470,80,116,19,8.00435301481247,9.377688655446468,0.29608683883432585,0.7575320576328266
arm_b_dose_75,Physical,7,2,470,80,116,19,5.736576392636299,8.906696897878733,0.36501888070371624,0.8010163043913007
arm_b_dose_75,Morgan+Physical,7,2,470,80,116,19,6.31596321187973,8.07418780602246,0.4781746662943025,0.7912706010141662
arm_b_dose_75,Morgan,7,3,472,78,116,19,6.055673982156607,18.87147682561747,0.15722803549606956,0.7368710817139559
arm_b_dose_75,Physical,7,3,472,78,116,19,7.896030198988303,18.221755266219983,0.21426025310004382,0.6727302955432175
arm_b_dose_75,Morgan+Physical,7,3,472,78,116,19,6.277335343127129,18.154289439503312,0.22006786551933566,0.6496091692680863
arm_b_dose_75,Morgan,7,4,442,108,116,19,14.942232170281587,21.794366629282205,-0.6018241105103663,0.6618290018396217
arm_b_dose_75,Physical,7,4,442,108,116,19,10.962736272741246,14.758348069034588,0.26548305530762273,0.9012440640427318
arm_b_dose_75,Morgan+Physical,7,4,442,108,116,19,5.469454851574368,8.640026122599435,0.748257562699767,0.899990155928649
arm_b_dose_75,Morgan,8,0,414,136,115,20,5.996597198228275,15.235323440388916,0.33120457775902157,0.7369933101022448
arm_b_dose_75,Physical,8,0,414,136,115,20,6.333106865377988,15.643365823626075,0.29490061213794705,0.8158461351631286
arm_b_dose_75,Morgan+Physical,8,0,414,136,115,20,3.3721981333957,14.36455383203636,0.40546939350653677,0.9570597765396524
arm_b_dose_75,Morgan,8,1,468,82,115,20,10.600915700452852,12.697876751855587,0.31159075992657315,0.8270308171817825
arm_b_dose_75,Physical,8,1,468,82,115,20,10.721542807224552,14.930859285121166,0.048181632729226154,0.7729414735110631
arm_b_dose_75,Morgan+Physical,8,1,468,82,115,20,6.085943651484048,8.77696389513013,0.6710930126271227,0.7974075226676585
arm_b_dose_75,Morgan,8,2,470,80,116,19,6.188194836626052,6.990007069064069,0.5108159306938148,0.8208971196308488
arm_b_dose_75,Physical,8,2,470,80,116,19,4.4394285796260835,6.362951794592466,0.5946461132393728,0.778028420444542
arm_b_dose_75,Morgan+Physical,8,2,470,80,116,19,5.137787791738511,6.040685897533285,0.6346664277639193,0.8383291206118784
arm_b_dose_75,Morgan,8,3,499,51,116,19,17.804276199864404,31.56314501765867,-0.30277135752635176,0.16994956687547963
arm_b_dose_75,Physical,8,3,499,51,116,19,6.364264704535988,11.095351956543775,0.839013363615494,0.8306920325094702
arm_b_dose_75,Morgan+Physical,8,3,499,51,116,19,11.500379538311677,20.659461239315846,0.4418567926056377,0.8196058400939853
arm_b_dose_75,Morgan,8,4,442,108,116,19,14.145847037174084,18.787850309611407,-0.4266939651854542,0.4032633291216191
arm_b_dose_75,Physical,8,4,442,108,116,19,11.536504126177896,16.16929106724677,-0.056716769414810964,0.9249387460660455
arm_b_dose_75,Morgan+Physical,8,4,442,108,116,19,3.890211398937084,6.604114464204812,0.8237188701173778,0.8755592355650028
arm_b_dose_75,Morgan,9,0,482,68,115,20,10.741918536298416,18.820665797796117,0.059362596200575934,0.707369022884082
arm_b_dose_75,Physical,9,0,482,68,115,20,6.679665426871356,11.07591950127628,0.6742294210302318,0.8978901715978186
arm_b_dose_75,Morgan+Physical,9,0,482,68,115,20,7.936781492317425,14.481145723340038,0.44312448111565983,0.88133142010443
arm_b_dose_75,Morgan,9,1,444,106,115,20,14.46978463745117,19.102805738496265,-0.7324926123225364,0.6233561862204413
arm_b_dose_75,Physical,9,1,444,106,115,20,20.244392297492837,26.729516040506592,-2.39202671498482,0.9124983079644164
arm_b_dose_75,Morgan+Physical,9,1,444,106,115,20,5.445976258547801,7.763807658108843,0.7138283497072757,0.908305264464664
arm_b_dose_75,Morgan,9,2,452,98,116,19,5.510745675775956,17.398120529488867,0.10447194974922425,0.6731641684775954
arm_b_dose_75,Physical,9,2,452,98,116,19,6.701877533254819,16.27874177724305,0.21599976723161918,0.8831974032762071
arm_b_dose_75,Morgan+Physical,9,2,452,98,116,19,5.643870973766093,16.480104261397006,0.19648417754639003,0.8354978511029248
arm_b_dose_75,Morgan,9,3,459,91,116,19,7.709283805139563,9.164917091203826,0.49528115220368296,0.8242215757676051
arm_b_dose_75,Physical,9,3,459,91,116,19,14.31954897391267,21.68215979939345,-1.8248638673993294,0.8320581833025844
arm_b_dose_75,Morgan+Physical,9,3,459,91,116,19,7.304108392028808,9.835986837004258,0.4186625254690799,0.8569021835879544
arm_b_dose_75,Morgan,9,4,456,94,116,19,15.236948987538762,20.81239836656793,0.1170261039145204,0.5726328793068972
arm_b_dose_75,Physical,9,4,456,94,116,19,8.307303125973966,10.307147754207602,0.7834388206589529,0.4406437964293511
arm_b_dose_75,Morgan+Physical,9,4,456,94,116,19,11.186156383741663,13.281208141019794,0.6404338746301013,0.4138916200281979
arm_c_mean_row_only,Morgan,0,0,378,129,127,20,15.263971991368965,19.044443335072675,-1.0789508404670154,0.02746918852754862
arm_c_mean_row_only,Physical,0,0,378,129,127,20,16.057049207465592,18.669055012384366,-0.9978014554357468,0.739263789129392
arm_c_mean_row_only,Morgan+Physical,0,0,378,129,127,20,6.1896012585662135,7.932444477664767,0.6393202697020188,0.7481315083762989
arm_c_mean_row_only,Morgan,0,1,371,136,127,20,10.554589008768868,14.623101100433102,0.08135140159605547,0.07812827763980852
arm_c_mean_row_only,Physical,0,1,371,136,127,20,5.884455877152611,8.739085636599567,0.6719028621695324,0.8001797470985915
arm_c_mean_row_only,Morgan+Physical,0,1,371,136,127,20,7.755106885337829,11.331848914301396,0.44833935537907377,0.46504462284258075
arm_c_mean_row_only,Morgan,0,2,435,72,128,19,5.197339175203111,8.398878084873974,0.12784212223836933,0.2549470107626251
arm_c_mean_row_only,Physical,0,2,435,72,128,19,6.683097455427382,8.007604551526715,0.20721068369519247,0.4719225146376352
arm_c_mean_row_only,Morgan+Physical,0,2,435,72,128,19,5.775005801179674,7.540727421699558,0.296961613910684,0.3746514463859446
arm_c_mean_row_only,Morgan,0,3,461,46,128,19,9.29111037785074,25.480649817658787,0.1282934835081183,0.5112444352342262
arm_c_mean_row_only,Physical,0,3,461,46,128,19,8.015695532881695,24.722079751000173,0.17942307536893454,0.8889574628963377
arm_c_mean_row_only,Morgan+Physical,0,3,461,46,128,19,8.094353536439979,24.85241984739879,0.17074775202000503,0.7086520974332091
arm_c_mean_row_only,Morgan,0,4,433,74,128,19,14.55524505992168,22.413613210509975,-0.04008157378840771,0.6512730446390118
arm_c_mean_row_only,Physical,0,4,433,74,128,19,3.6594761408377985,5.559815290958434,0.9360022974564848,0.9365455305638157
arm_c_mean_row_only,Morgan+Physical,0,4,433,74,128,19,8.211472685948964,12.066948723129064,0.6985338249126876,0.9031804625970334
arm_c_mean_row_only,Morgan,1,0,405,102,127,20,5.748300850198781,7.170979720961356,0.5054702717634787,0.8869554277909997
arm_c_mean_row_only,Physical,1,0,405,102,127,20,5.829280462556724,9.636297046813942,0.10699112861823679,0.8851166846724174
arm_c_mean_row_only,Morgan+Physical,1,0,405,102,127,20,4.693046187673831,7.374271945568822,0.4770336878401875,0.8864717455945326
arm_c_mean_row_only,Morgan,1,1,429,78,127,20,10.044323786643591,24.243666961041654,0.03895678755807108,0.8373409468079964
arm_c_mean_row_only,Physical,1,1,429,78,127,20,7.054439362910834,22.444645357172657,0.17629482942456032,0.9037653750966514
arm_c_mean_row_only,Morgan+Physical,1,1,429,78,127,20,8.069821473200872,23.139325441436284,0.12451706456151146,0.9275164149644
arm_c_mean_row_only,Morgan,1,2,415,92,128,19,14.67134087330362,17.369682120103697,-0.0568512932842824,0.8234271272158428
arm_c_mean_row_only,Physical,1,2,415,92,128,19,11.817830991910851,15.40839026441417,0.1683421683920565,0.8758839049172115
arm_c_mean_row_only,Morgan+Physical,1,2,415,92,128,19,4.068067489748416,6.1946996261683624,0.8655779087337896,0.9080891290497338
arm_c_mean_row_only,Morgan,1,3,396,111,128,19,9.890272899400864,17.973392639796096,0.12503108135384844,0.7466391646917724
arm_c_mean_row_only,Physical,1,3,396,111,128,19,4.412523031839593,5.794730067463002,0.9090507917264733,0.9110603848651133
arm_c_mean_row_only,Morgan+Physical,1,3,396,111,128,19,5.330976984811045,9.172045189360558,0.7721416890298145,0.9174467050051897
arm_c_mean_row_only,Morgan,1,4,433,74,128,19,9.745519562179975,12.791044632727058,0.18870008743871303,0.7005590711496174
arm_c_mean_row_only,Physical,1,4,433,74,128,19,21.88770401665971,31.45129131590095,-3.9050830271370556,0.8264875459398415
arm_c_mean_row_only,Morgan+Physical,1,4,433,74,128,19,10.9700585942655,14.504293919984601,-0.043188003750001425,0.8358391761306494
arm_c_mean_row_only,Morgan,2,0,433,74,127,20,16.24377059875282,23.84869463469244,-0.16333960297114136,0.4529653251381728
arm_c_mean_row_only,Physical,2,0,433,74,127,20,6.533691663902901,8.372222338261247,0.8566298321502241,0.9339903634487365
arm_c_mean_row_only,Morgan+Physical,2,0,433,74,127,20,11.010234963088163,14.502784498935394,0.569790422447163,0.8773380995416857
arm_c_mean_row_only,Morgan,2,1,391,116,127,20,3.621489898780297,6.364894814012461,0.4553037272714684,0.7993047973353303
arm_c_mean_row_only,Physical,2,1,391,116,127,20,4.7170525897108275,7.647872609601557,0.21358238586332667,0.6844216753911934
arm_c_mean_row_only,Morgan+Physical,2,1,391,116,127,20,3.771403944443012,6.556913811189497,0.4219426978155786,0.8323858353704982
arm_c_mean_row_only,Morgan,2,2,430,77,128,19,9.727856040558258,24.08906684366352,-0.04510057321701977,0.6736503960170012
arm_c_mean_row_only,Physical,2,2,430,77,128,19,10.538411001725631,23.371833576010125,0.01620705727098848,0.7638942637592071
arm_c_mean_row_only,Morgan+Physical,2,2,430,77,128,19,7.536435560944795,23.127583469055537,0.036662100576980716,0.7913244444720337
arm_c_mean_row_only,Morgan,2,3,408,99,128,19,5.665764414207381,6.499049533041782,0.40826770809745183,0.6716121857042398
arm_c_mean_row_only,Physical,2,3,408,99,128,19,3.646206141392872,5.332426378345946,0.6016403772575336,0.8199279017146437
arm_c_mean_row_only,Morgan+Physical,2,3,408,99,128,19,3.8678568390432035,4.913922562169694,0.6617154271872947,0.7321041023452451
arm_c_mean_row_only,Morgan,2,4,416,91,128,19,15.98322225834773,19.12304453490304,-0.43250640894621717,0.7003334835085795
arm_c_mean_row_only,Physical,2,4,416,91,128,19,8.600438813764969,10.48004167284168,0.5697622438112415,0.9044483167671086
arm_c_mean_row_only,Morgan+Physical,2,4,416,91,128,19,5.986559148012936,7.665267162176567,0.7698361607900155,0.9107224104751888
arm_c_mean_row_only,Morgan,3,0,398,109,127,20,8.366562741354844,17.733119323010197,0.2070783574813706,0.4022149726420354
arm_c_mean_row_only,Physical,3,0,398,109,127,20,8.225966016667918,17.629863639130683,0.2162854574451577,0.8408216233999335
arm_c_mean_row_only,Morgan+Physical,3,0,398,109,127,20,4.883877259231707,16.4634041284634,0.3165617565500948,0.8102483517177627
arm_c_mean_row_only,Morgan,3,1,467,40,127,20,13.146563137149808,23.535188228016903,0.0821785025893047,0.534329314765926
arm_c_mean_row_only,Physical,3,1,467,40,127,20,10.315241053533555,17.605596555720524,0.4864007693295508,0.7886092094614231
arm_c_mean_row_only,Morgan+Physical,3,1,467,40,127,20,10.853226851892472,18.461743513422284,0.4352343169758074,0.7938728704542527
arm_c_mean_row_only,Morgan,3,2,345,162,128,19,10.774613886171508,12.894695627496182,0.21450215733278366,0.6943219555025032
arm_c_mean_row_only,Physical,3,2,345,162,128,19,6.5305219621870245,8.329677472522077,0.6722224705920778,0.8795909943061206
arm_c_mean_row_only,Morgan+Physical,3,2,345,162,128,19,5.07316231728542,6.190453689673639,0.8189628249974491,0.8379666318915913
arm_c_mean_row_only,Morgan,3,3,416,91,128,19,11.096066662346136,19.247447430895676,0.21068208861161142,0.8578287469514504
arm_c_mean_row_only,Physical,3,3,416,91,128,19,5.543201520362267,7.750103161036832,0.8720263253377502,0.9219477574445851
arm_c_mean_row_only,Morgan+Physical,3,3,416,91,128,19,7.503196666893592,10.597552039499911,0.7607142757454098,0.9262574008555676
arm_c_mean_row_only,Morgan,3,4,452,55,128,19,7.666289064658426,9.53901100561881,0.30416949781326175,0.7545634643445237
arm_c_mean_row_only,Physical,3,4,452,55,128,19,3.7054527350769035,4.88476079629392,0.8175334059185152,0.9225234042360491
arm_c_mean_row_only,Morgan+Physical,3,4,452,55,128,19,4.000026030323376,5.341908786441461,0.7817824382072496,0.9403229186507468
arm_c_mean_row_only,Morgan,4,0,448,59,127,20,10.746917392148813,22.68468142532605,-0.011408578632874145,0.5186398504149956
arm_c_mean_row_only,Physical,4,0,448,59,127,20,11.043740288459649,23.381659434048856,-0.07451362001019657,0.7781908442071722
arm_c_mean_row_only,Morgan+Physical,4,0,448,59,127,20,8.196487901202703,21.598127733340206,0.08316016489993039,0.7611420155586809
arm_c_mean_row_only,Morgan,4,1,390,117,127,20,5.326446379908374,7.393482779214709,0.42779278215303795,0.5064479844791197
arm_c_mean_row_only,Physical,4,1,390,117,127,20,3.703433889244928,4.885933442958099,0.7501091848793876,0.884607016186849
arm_c_mean_row_only,Morgan+Physical,4,1,390,117,127,20,3.9857065767571864,5.290990434226961,0.7069584835303373,0.8200125609555414
arm_c_mean_row_only,Morgan,4,2,396,111,128,19,12.91390901549743,19.83624586929459,0.025204085573290347,0.6206730968487318
arm_c_mean_row_only,Physical,4,2,396,111,128,19,19.57476525673909,29.134458984867525,-1.1028517224491963,0.7973939852544786
arm_c_mean_row_only,Morgan+Physical,4,2,396,111,128,19,12.601949290170754,17.684616807265215,0.22520636788826875,0.7871078146446986
arm_c_mean_row_only,Morgan,4,3,434,73,128,19,7.5269324231395975,16.148877253190715,0.26272878736990535,0.6847397067327661
arm_c_mean_row_only,Physical,4,3,434,73,128,19,6.668292884779629,10.872975821411066,0.6657745979358585,0.8954931926868853
arm_c_mean_row_only,Morgan+Physical,4,3,434,73,128,19,6.511702237252013,12.823589423239435,0.5350975668898655,0.8528647718756742
arm_c_mean_row_only,Morgan,4,4,410,97,128,19,13.565494578764609,18.282121316775505,-0.30460215316299544,0.7048669915317481
arm_c_mean_row_only,Physical,4,4,410,97,128,19,8.329289250403335,10.402164821643,0.5776501155907678,0.9362879730548438
arm_c_mean_row_only,Morgan+Physical,4,4,410,97,128,19,5.081522113446108,6.180431420252423,0.8509051984057359,0.9434111282974843
arm_c_mean_row_only,Morgan,5,0,444,63,127,20,8.002738327752976,17.007785372539274,0.016612376441343835,0.7068453355153308
arm_c_mean_row_only,Physical,5,0,444,63,127,20,6.714299356309194,11.97112341532534,0.5128092645072279,0.6760384173978766
arm_c_mean_row_only,Morgan+Physical,5,0,444,63,127,20,6.639478619651189,14.123473128744736,0.3218711506780624,0.7345291974893734
arm_c_mean_row_only,Morgan,5,1,426,81,127,20,9.749636327446831,12.741911930165669,0.4126494227831201,0.7873216347037696
arm_c_mean_row_only,Physical,5,1,426,81,127,20,7.301176268457483,11.060038614182178,0.5574712526612134,0.8670918616994803
arm_c_mean_row_only,Morgan+Physical,5,1,426,81,127,20,6.718962617530352,9.897231896044147,0.6456310236468614,0.8930447655842128
arm_c_mean_row_only,Morgan,5,2,396,111,128,19,14.343264614054362,22.878877764440848,0.055215535992426346,0.6802086737701267
arm_c_mean_row_only,Physical,5,2,396,111,128,19,6.525530239767813,15.646614748681587,0.558120263733588,0.9306736558641664
arm_c_mean_row_only,Morgan+Physical,5,2,396,111,128,19,7.291775424768946,16.38453056089256,0.5154581281709907,0.9285611852354905
arm_c_mean_row_only,Morgan,5,3,379,128,128,19,5.260206501615048,7.053677321322306,0.5628499861961888,0.8673075374875836
arm_c_mean_row_only,Physical,5,3,379,128,128,19,11.72615552662611,17.453280579403224,-1.6764150320408282,0.912268478912469
arm_c_mean_row_only,Morgan+Physical,5,3,379,128,128,19,5.211344245958328,6.794581957810964,0.5943749173680954,0.9283604934415786
arm_c_mean_row_only,Morgan,5,4,433,74,128,19,11.607644819156542,20.9692111346053,0.057998933984583334,0.6981541373395845
arm_c_mean_row_only,Physical,5,4,433,74,128,19,5.9037522784825915,10.429490172131157,0.7669691777493467,0.7917624804870651
arm_c_mean_row_only,Morgan+Physical,5,4,433,74,128,19,6.778471158362723,10.820002600941134,0.749191679778269,0.8056223304903435
arm_c_mean_row_only,Morgan,6,0,464,43,127,20,11.251384810159372,20.87968878767148,0.05728091407940861,0.5139429367379198
arm_c_mean_row_only,Physical,6,0,464,43,127,20,9.237075315608534,13.74895166476977,0.5912352589445611,0.7334074219334424
arm_c_mean_row_only,Morgan+Physical,6,0,464,43,127,20,10.062190375305885,16.8499406415735,0.38605282140990127,0.7113204822465029
arm_c_mean_row_only,Morgan,6,1,447,60,127,20,13.543131867472333,24.292908833504676,0.044577934771105165,0.8515621765516974
arm_c_mean_row_only,Physical,6,1,447,60,127,20,5.236764404678345,8.667733160289526,0.8783681556618432,0.84898615192179
arm_c_mean_row_only,Morgan+Physical,6,1,447,60,127,20,7.954729498926799,12.781048375148405,0.7355344038189315,0.8937297531420964
arm_c_mean_row_only,Morgan,6,2,381,126,128,19,12.185549937342085,14.550977941784113,-1.0038977674293648,-0.431398608406266
arm_c_mean_row_only,Physical,6,2,381,126,128,19,4.912038568181842,8.758227416824875,0.2740217116438244,0.8092987809820783
arm_c_mean_row_only,Morgan+Physical,6,2,381,126,128,19,8.17099553122142,10.408538297236957,-0.025346576481157346,0.5279676509912822
arm_c_mean_row_only,Morgan,6,3,383,124,128,19,5.344184981850655,7.148657365142356,0.6421759853801181,0.9022002077242108
arm_c_mean_row_only,Physical,6,3,383,124,128,19,11.054464003965931,15.451952724702673,-0.6718113209001146,0.8105472228189802
arm_c_mean_row_only,Morgan+Physical,6,3,383,124,128,19,6.561972052900252,8.01634045298939,0.5500411201148936,0.8658980277721549
arm_c_mean_row_only,Morgan,6,4,403,104,128,19,15.770230992358279,23.811443664725832,-0.3217214378198814,0.6118890995259969
arm_c_mean_row_only,Physical,6,4,403,104,128,19,8.984650611702111,17.66059586582371,0.2729250450276588,0.8461448466410645
arm_c_mean_row_only,Morgan+Physical,6,4,403,104,128,19,11.539614847591107,20.198916128473336,0.0489034380140444,0.6818558606616307
arm_c_mean_row_only,Morgan,7,0,393,114,127,20,6.255552136652094,9.376301861599703,0.4904224329581258,0.7945686295350032
arm_c_mean_row_only,Physical,7,0,393,114,127,20,4.234439158068205,7.628115918674626,0.6627268973265108,0.8955826504213794
arm_c_mean_row_only,Morgan+Physical,7,0,393,114,127,20,4.390352895348532,7.111692042976841,0.7068478902753421,0.9149401449992194
arm_c_mean_row_only,Morgan,7,1,430,77,127,20,17.44334782657376,23.457502898941982,-0.2743299930824721,0.47440866024780354
arm_c_mean_row_only,Physical,7,1,430,77,127,20,14.018190772638695,17.58178966585314,0.2841129472527084,0.9122757532691339
arm_c_mean_row_only,Morgan+Physical,7,1,430,77,127,20,5.45138799266072,12.239035006869669,0.6530932889184295,0.8903178667039614
arm_c_mean_row_only,Morgan,7,2,427,80,128,19,8.20745974002838,9.730459995893295,0.2421308852721915,0.7596480353843125
arm_c_mean_row_only,Physical,7,2,427,80,128,19,5.382155171439647,7.6870714653054915,0.5270128925797997,0.8161215437810148
arm_c_mean_row_only,Morgan+Physical,7,2,427,80,128,19,6.3882449966526025,8.0661097483068,0.4792182948515308,0.8101010784395296
arm_c_mean_row_only,Morgan,7,3,429,78,128,19,6.243276999034393,18.900575793004464,0.15462699887032483,0.45747549678200766
arm_c_mean_row_only,Physical,7,3,429,78,128,19,7.730272948080208,18.108531124332057,0.22399458529956062,0.6854260595592823
arm_c_mean_row_only,Morgan+Physical,7,3,429,78,128,19,6.268153586887458,18.040419246687186,0.22982120734986144,0.44081187169138
arm_c_mean_row_only,Morgan,7,4,399,108,128,19,13.330760365062288,20.042007698806493,-0.35459282452642715,0.7354722441188841
arm_c_mean_row_only,Physical,7,4,399,108,128,19,16.098801789142467,26.65469940957284,-1.3959287563553557,0.8542239153274848
arm_c_mean_row_only,Morgan+Physical,7,4,399,108,128,19,10.440498316093725,13.866565679077556,0.35156843519935876,0.8553713588808435
arm_c_mean_row_only,Morgan,8,0,371,136,127,20,6.318222644014919,15.350502437336349,0.32105417117789836,0.7644605840495142
arm_c_mean_row_only,Physical,8,0,371,136,127,20,7.224508775127635,15.218033306305168,0.33272171009844265,0.9626797857019369
arm_c_mean_row_only,Morgan+Physical,8,0,371,136,127,20,4.140866232726153,14.271996145009137,0.4131063993437657,0.9650133155205505
arm_c_mean_row_only,Morgan,8,1,425,82,127,20,10.18742483516414,12.146709826720034,0.3700562236501501,0.8667309925506879
arm_c_mean_row_only,Physical,8,1,425,82,127,20,5.464708469419712,8.73122954326586,0.6745117704790556,0.8872438829813476
arm_c_mean_row_only,Morgan+Physical,8,1,425,82,127,20,6.166011080212477,8.772282024771412,0.6714438148364497,0.9046196616044756
arm_c_mean_row_only,Morgan,8,2,427,80,128,19,5.463153679618836,6.318859791850646,0.6002444394106936,0.8349196303626003
arm_c_mean_row_only,Physical,8,2,427,80,128,19,4.673987845954895,6.657233930792218,0.5562843858574709,0.8471017421064603
arm_c_mean_row_only,Morgan+Physical,8,2,427,80,128,19,4.886295266160966,5.8580389630693155,0.6564249744980796,0.8309719817435913
arm_c_mean_row_only,Morgan,8,3,456,51,128,19,17.852378377877027,30.88601050644511,-0.2474733887318732,0.29801500480593857
arm_c_mean_row_only,Physical,8,3,456,51,128,19,7.674804170795516,13.156134398619722,0.77365846171445,0.7963343255481595
arm_c_mean_row_only,Morgan+Physical,8,3,456,51,128,19,11.801838408975039,21.256326355746406,0.409140695492313,0.765269384366744
arm_c_mean_row_only,Morgan,8,4,399,108,128,19,13.273252673043144,17.514351573924607,-0.23983750067762188,0.37581428047488435
arm_c_mean_row_only,Physical,8,4,399,108,128,19,5.532747902004807,8.973504290692329,0.6745376235931932,0.900987302330333
arm_c_mean_row_only,Morgan+Physical,8,4,399,108,128,19,6.9671505607322395,9.592189963049119,0.6281119841413865,0.8661508092124066
arm_c_mean_row_only,Morgan,9,0,439,68,127,20,10.724069510291606,18.603611015656803,0.08093383336867599,0.6954556032681137
arm_c_mean_row_only,Physical,9,0,439,68,127,20,7.620677803909079,12.689404169141895,0.572402912034572,0.7382435418060583
arm_c_mean_row_only,Morgan+Physical,9,0,439,68,127,20,8.34854507968005,15.172118295068515,0.3887136210227875,0.7351696883517431
arm_c_mean_row_only,Morgan,9,1,401,106,127,20,13.343216553957955,17.32209682125357,-0.4245509817570434,0.7299311699171954
arm_c_mean_row_only,Physical,9,1,401,106,127,20,7.860342892160956,13.153646458626152,0.1785721893390828,0.7050962693936347
arm_c_mean_row_only,Morgan+Physical,9,1,401,106,127,20,8.544778948873843,10.813787524182064,0.4448213749800848,0.659296200079707
arm_c_mean_row_only,Morgan,9,2,409,98,128,19,5.5557472745077945,17.262615655818394,0.11836722716148662,0.6226567451758416
arm_c_mean_row_only,Physical,9,2,409,98,128,19,6.782520260406027,16.218358158957617,0.22180524895687803,0.8621857633973212
arm_c_mean_row_only,Morgan+Physical,9,2,409,98,128,19,5.846381931678616,16.44433464039799,0.19996841098365503,0.720880729681669
arm_c_mean_row_only,Morgan,9,3,416,91,128,19,7.963932415348934,10.597183981675492,0.3252026155562454,0.60779390719552
arm_c_mean_row_only,Physical,9,3,416,91,128,19,17.983294729541736,28.236646696649156,-3.790917381716942,0.8612956247349779
arm_c_mean_row_only,Morgan+Physical,9,3,416,91,128,19,9.946987349714343,13.77415451287796,-0.140045914827843,0.8447610518320268
arm_c_mean_row_only,Morgan,9,4,413,94,128,19,14.8967462451042,19.8710886004736,0.1950907397155871,0.33311714465408065
arm_c_mean_row_only,Physical,9,4,413,94,128,19,18.65138384683487,20.15783792377508,0.17169267436719604,0.31964746925021953
arm_c_mean_row_only,Morgan+Physical,9,4,413,94,128,19,16.371773899224465,18.50450373700881,0.3019950712886589,0.3058980910449353
arm_c_nearest_real_row,Morgan,0,0,378,129,127,20,15.293308743262475,19.066029743858113,-1.083666390870106,0.02746918852754862
arm_c_nearest_real_row,Physical,0,0,378,129,127,20,16.43780122387317,19.117824875368,-1.095002822215068,0.7566707242668653
arm_c_nearest_real_row,Morgan+Physical,0,0,378,129,127,20,6.379417659552523,8.098092366451736,0.6240993243749237,0.7640895455610683
arm_c_nearest_real_row,Morgan,0,1,371,136,127,20,10.684969583163543,14.72371176136871,0.06866684191368821,0.016545778247294272
arm_c_nearest_real_row,Physical,0,1,371,136,127,20,5.853854694747924,8.652809293347598,0.6783491409620548,0.7688422307273425
arm_c_nearest_real_row,Morgan+Physical,0,1,371,136,127,20,7.811460980291927,11.369487063688354,0.4446686449183509,0.3606372608271301
arm_c_nearest_real_row,Morgan,0,2,435,72,128,19,5.107451167827183,8.352774274071994,0.1373908833725953,0.2552841976569018
arm_c_nearest_real_row,Physical,0,2,435,72,128,19,6.774106568951077,8.147076006065735,0.17935356091888377,0.406936300157514
arm_c_nearest_real_row,Morgan+Physical,0,2,435,72,128,19,5.775313172531128,7.551446709446533,0.2949614283397102,0.3222161760553245
arm_c_nearest_real_row,Morgan,0,3,461,46,128,19,9.384257800807124,25.560732327667637,0.12280554297606039,0.509049849444909
arm_c_nearest_real_row,Physical,0,3,461,46,128,19,8.055787528867308,24.738294894144495,0.17834629412420577,0.8932917264892013
arm_c_nearest_real_row,Morgan+Physical,0,3,461,46,128,19,8.075174658733864,24.9017425865099,0.1674529759695329,0.7241935283161917
arm_c_nearest_real_row,Morgan,0,4,433,74,128,19,14.601607240889267,22.431468781207293,-0.04173937408980488,0.6311600691560392
arm_c_nearest_real_row,Physical,0,4,433,74,128,19,4.153120319128294,6.024322462137516,0.9248619229008403,0.9365925282426804
arm_c_nearest_real_row,Morgan+Physical,0,4,433,74,128,19,8.489402069304182,12.620651064910067,0.6702330136572652,0.9032799614248127
arm_c_nearest_real_row,Morgan,1,0,405,102,127,20,5.84871127422557,7.263864718758271,0.4925761104741926,0.8830230213872882
arm_c_nearest_real_row,Physical,1,0,405,102,127,20,5.7908660660650195,9.589799365920149,0.1155883443311796,0.8740651945431577
arm_c_nearest_real_row,Morgan+Physical,1,0,405,102,127,20,4.639477680124021,7.33745314789158,0.48224285889506247,0.8761789882711716
arm_c_nearest_real_row,Morgan,1,1,429,78,127,20,9.99632739561619,24.25620892269108,0.037962178540067115,0.8477112849327004
arm_c_nearest_real_row,Physical,1,1,429,78,127,20,6.99762865682113,22.523937420768124,0.17046460572902244,0.9054279781051539
arm_c_nearest_real_row,Morgan+Physical,1,1,429,78,127,20,8.004862507483654,23.184457824605534,0.12109854094461703,0.9193185524248483
arm_c_nearest_real_row,Morgan,1,2,415,92,128,19,14.783788404630577,17.495515529520475,-0.07221932462217984,0.8221004604181771
arm_c_nearest_real_row,Physical,1,2,415,92,128,19,12.140340665278227,15.916628362021463,0.11257370265001465,0.8744892413722868
arm_c_nearest_real_row,Morgan+Physical,1,2,415,92,128,19,4.058373484031015,6.205362858401985,0.865114736108608,0.9096818983700435
arm_c_nearest_real_row,Morgan,1,3,396,111,128,19,9.898702726188866,17.979092115143306,0.12447607712462794,0.7449522859530369
arm_c_nearest_real_row,Physical,1,3,396,111,128,19,4.305675910368911,5.689929262419606,0.9123107739975526,0.9116627007729153
arm_c_nearest_real_row,Morgan+Physical,1,3,396,111,128,19,5.358135293269803,9.270245503363553,0.7672364492459345,0.9176858598509343
arm_c_nearest_real_row,Morgan,1,4,433,74,128,19,9.559759084753086,12.668926817746005,0.204117316954324,0.6995661350102015
arm_c_nearest_real_row,Physical,1,4,433,74,128,19,24.557796839069677,35.67280772425307,-5.310212526975339,0.8188632869307751
arm_c_nearest_real_row,Morgan+Physical,1,4,433,74,128,19,12.335341526237695,16.449230958743385,-0.34171599559590793,0.8322057401966414
arm_c_nearest_real_row,Morgan,2,0,433,74,127,20,16.16986817221358,23.701409528169343,-0.14901483510091884,0.45245888577432214
arm_c_nearest_real_row,Physical,2,0,433,74,127,20,6.832097178697327,8.778641423751534,0.8423725291768864,0.9078614366991533
arm_c_nearest_real_row,Morgan+Physical,2,0,433,74,127,20,11.086229615758947,14.652784596959057,0.5608452163107925,0.8774271754283322
arm_c_nearest_real_row,Morgan,2,1,391,116,127,20,3.6111355566485175,6.287152235515558,0.4685286054662632,0.7993047973353303
arm_c_nearest_real_row,Physical,2,1,391,116,127,20,4.649236265764565,7.4577169459859425,0.25220297430919436,0.8282149587954081
arm_c_nearest_real_row,Morgan+Physical,2,1,391,116,127,20,3.5781985426277947,6.42535372663001,0.44490665034302557,0.8323187266092593
arm_c_nearest_real_row,Morgan,2,2,430,77,128,19,9.535558266082369,24.040325805977645,-0.04087560657105005,0.6567583658826932
arm_c_nearest_real_row,Physical,2,2,430,77,128,19,10.626326619433119,23.480570848161847,0.007031584521827727,0.7586016627793571
arm_c_nearest_real_row,Morgan+Physical,2,2,430,77,128,19,7.605550006618747,23.162734509208004,0.033731568514672405,0.7913244444720337
arm_c_nearest_real_row,Morgan,2,3,408,99,128,19,5.665537439720076,6.498835086218716,0.4083067578126147,0.6716121857042398
arm_c_nearest_real_row,Physical,2,3,408,99,128,19,3.4322236502368044,5.089525817503832,0.6371056390920974,0.8246216891410071
arm_c_nearest_real_row,Morgan+Physical,2,3,408,99,128,19,3.873902454114202,4.83166907205065,0.6729456434644616,0.7710379244098019
arm_c_nearest_real_row,Morgan,2,4,416,91,128,19,15.984006231035504,19.123352024845047,-0.4325524774321401,0.7003334835085795
arm_c_nearest_real_row,Physical,2,4,416,91,128,19,8.082149427036661,9.966901665053618,0.610862712150577,0.9125677321540356
arm_c_nearest_real_row,Morgan+Physical,2,4,416,91,128,19,6.175340745443825,7.786791410335939,0.7624803290012052,0.9145414240366287
arm_c_nearest_real_row,Morgan,3,0,398,109,127,20,8.180100986459713,17.669718365407103,0.21273806372643822,0.41212563892484994
arm_c_nearest_real_row,Physical,3,0,398,109,127,20,8.392013193851437,17.683128629012312,0.21154264045047644,0.8454387728293903
arm_c_nearest_real_row,Morgan+Physical,3,0,398,109,127,20,5.009687234952033,16.461927369181332,0.316684359202156,0.8180096949304694
arm_c_nearest_real_row,Morgan,3,1,467,40,127,20,13.151745725250242,23.577092998849327,0.07890720180888999,0.5371599486071723
arm_c_nearest_real_row,Physical,3,1,467,40,127,20,10.347160002422333,17.306835115931126,0.5036841030615506,0.7966926888432684
arm_c_nearest_real_row,Morgan+Physical,3,1,467,40,127,20,10.92112221069336,18.54267495643599,0.4302718944319457,0.8004524466952896
arm_c_nearest_real_row,Morgan,3,2,345,162,128,19,10.773503821040967,12.894409642641781,0.21453699925562741,0.6943219555025032
arm_c_nearest_real_row,Physical,3,2,345,162,128,19,4.886073208106005,6.667401326950449,0.7899919219916259,0.8602026133296959
arm_c_nearest_real_row,Morgan+Physical,3,2,345,162,128,19,5.702647708266459,6.966351291908481,0.770737223499872,0.8391331126045687
arm_c_nearest_real_row,Morgan,3,3,416,91,128,19,10.994701803488258,19.193293577390687,0.2151174273163361,0.8551518851758434
arm_c_nearest_real_row,Physical,3,3,416,91,128,19,5.338949942796309,7.0854301466497756,0.8930358817770987,0.9186964698305322
arm_c_nearest_real_row,Morgan+Physical,3,3,416,91,128,19,7.161522113724593,10.222757759931385,0.777340200659479,0.9385730491873184
arm_c_nearest_real_row,Morgan,3,4,452,55,128,19,7.640770942072089,9.474847653290405,0.31349890546805115,0.7545634643445237
arm_c_nearest_real_row,Physical,3,4,452,55,128,19,3.601441583069541,4.706973418486803,0.8305739233288416,0.9245576344548717
arm_c_nearest_real_row,Morgan+Physical,3,4,452,55,128,19,4.137498019625577,5.479091378619489,0.7704306789739516,0.9317500912999945
arm_c_nearest_real_row,Morgan,4,0,448,59,127,20,10.936383044226698,22.75061655604774,-0.017296628994897034,0.10920365678861034
arm_c_nearest_real_row,Physical,4,0,448,59,127,20,11.603676275253296,23.857369687222796,-0.11868131540685711,0.7922410759189646
arm_c_nearest_real_row,Morgan+Physical,4,0,448,59,127,20,8.451783097024691,21.659058602712644,0.07797984110745215,0.7693365986299994
arm_c_nearest_real_row,Morgan,4,1,390,117,127,20,5.405334390601785,7.5339452943120335,0.4058444952684471,0.5158293873113518
arm_c_nearest_real_row,Physical,4,1,390,117,127,20,3.486439358803513,4.670845180173148,0.7716262700163846,0.8885563576959866
arm_c_nearest_real_row,Morgan+Physical,4,1,390,117,127,20,3.9400608662114593,5.206324921433984,0.7162618469829307,0.8040617902038433
arm_c_nearest_real_row,Morgan,4,2,396,111,128,19,12.926826946512858,19.843112145715462,0.02452912150312514,0.6206730968487318
arm_c_nearest_real_row,Physical,4,2,396,111,128,19,19.76581555390057,30.389989558251568,-1.2879990331281514,0.7969827223676014
arm_c_nearest_real_row,Morgan+Physical,4,2,396,111,128,19,12.740436312474431,17.79475746788192,0.2155254092685649,0.7993956333080084
arm_c_nearest_real_row,Morgan,4,3,434,73,128,19,7.39084233394257,16.11703626415674,0.2656332990311916,0.6844492824833448
arm_c_nearest_real_row,Physical,4,3,434,73,128,19,6.489492091406207,11.278760849803641,0.6403621554079417,0.8943857584104142
arm_c_nearest_real_row,Morgan+Physical,4,3,434,73,128,19,6.3573577971576,13.14990803505957,0.5111360179785791,0.90778415338913
arm_c_nearest_real_row,Morgan,4,4,410,97,128,19,13.493586324908069,18.14661225159704,-0.28533412197443475,0.6973597089918472
arm_c_nearest_real_row,Physical,4,4,410,97,128,19,7.439945701599121,9.147959533890036,0.6733569759634834,0.9336324740863418
arm_c_nearest_real_row,Morgan+Physical,4,4,410,97,128,19,5.459425233152724,6.6869821316483975,0.825463909676959,0.9465390757310862
arm_c_nearest_real_row,Morgan,5,0,444,63,127,20,7.906102259499686,16.989632875738337,0.018710405561482624,0.6797754880928798
arm_c_nearest_real_row,Physical,5,0,444,63,127,20,6.390074349357968,11.742118132167597,0.5312707069892936,0.7025570586851663
arm_c_nearest_real_row,Morgan+Physical,5,0,444,63,127,20,6.349253270346021,14.02969367957154,0.3308467640279368,0.8075225933121962
arm_c_nearest_real_row,Morgan,5,1,426,81,127,20,9.800584435130931,12.836729330199946,0.4038755018710828,0.7846136818406387
arm_c_nearest_real_row,Physical,5,1,426,81,127,20,7.337930499851556,11.071084394635546,0.5565868947588686,0.8662165337979804
arm_c_nearest_real_row,Morgan+Physical,5,1,426,81,127,20,6.806861892945089,10.007404427874079,0.6376976889161681,0.8894525108196156
arm_c_nearest_real_row,Morgan,5,2,396,111,128,19,14.28112669240316,22.831960587944874,0.05908645747087182,0.7588224088385644
arm_c_nearest_real_row,Physical,5,2,396,111,128,19,7.21396888984749,16.022397280014808,0.5366402571704769,0.9310231969279888
arm_c_nearest_real_row,Morgan+Physical,5,2,396,111,128,19,6.864754759007359,16.13222545985667,0.530266133111402,0.9335761989307942
arm_c_nearest_real_row,Morgan,5,3,379,128,128,19,5.455237928462029,6.545041534577245,0.6236220839501456,0.5984118325894969
arm_c_nearest_real_row,Physical,5,3,379,128,128,19,11.471083172957599,16.52107822747148,-1.398148623443927,0.9156910651905056
arm_c_nearest_real_row,Morgan+Physical,5,3,379,128,128,19,4.897113997626304,6.938573522297976,0.577000641744325,0.9251037503330672
arm_c_nearest_real_row,Morgan,5,4,433,74,128,19,11.63572244706025,20.895464602633165,0.06461312210257053,0.6981541373395845
arm_c_nearest_real_row,Physical,5,4,433,74,128,19,5.897879278182983,10.484002826046664,0.7645268096976114,0.7888391502401211
arm_c_nearest_real_row,Morgan+Physical,5,4,433,74,128,19,6.835216569488113,10.992020043183556,0.7411535385043839,0.7923412108405212
arm_c_nearest_real_row,Morgan,6,0,464,43,127,20,11.265785465329191,20.92284814754103,0.05337959123043634,0.5033234974133964
arm_c_nearest_real_row,Physical,6,0,464,43,127,20,9.257433889167253,13.921602757827324,0.5809047563640413,0.7105640802024298
arm_c_nearest_real_row,Morgan+Physical,6,0,464,43,127,20,10.06695398960557,16.96543824823886,0.3776073965924047,0.6917296693050052
arm_c_nearest_real_row,Morgan,6,1,447,60,127,20,13.578153367106122,24.275616491761706,0.045937640581279915,0.8515621765516974
arm_c_nearest_real_row,Physical,6,1,447,60,127,20,4.904289551798502,8.403912753469069,0.8856597081494577,0.8480389025808868
arm_c_nearest_real_row,Morgan+Physical,6,1,447,60,127,20,8.052712414169312,12.979120123801128,0.7272738824036247,0.8785180431381815
arm_c_nearest_real_row,Morgan,6,2,381,126,128,19,13.06734653683617,15.724388521705281,-1.3401232341182325,-0.452459501361843
arm_c_nearest_real_row,Physical,6,2,381,126,128,19,4.601269194833059,8.584558846730394,0.30252738452240346,0.8112011042918736
arm_c_nearest_real_row,Morgan+Physical,6,2,381,126,128,19,8.453104095749628,10.713252218596402,-0.08626017041462641,0.38102077244740634
arm_c_nearest_real_row,Morgan,6,3,383,124,128,19,5.4838520080074185,7.509813387851299,0.6051075677992996,0.8192534705399573
arm_c_nearest_real_row,Physical,6,3,383,124,128,19,11.510746590632777,16.51145869107045,-0.9089361614204134,0.8290465533353762
arm_c_nearest_real_row,Morgan+Physical,6,3,383,124,128,19,6.7904046568593674,8.162540295635058,0.5334790011664148,0.8638758465435267
arm_c_nearest_real_row,Morgan,6,4,403,104,128,19,15.628033318670711,23.754124740788146,-0.31536579913752427,0.6170570449515933
arm_c_nearest_real_row,Physical,6,4,403,104,128,19,8.80843374835968,17.59964644815274,0.27793487899664704,0.8387691392848166
arm_c_nearest_real_row,Morgan+Physical,6,4,403,104,128,19,11.543515039925209,20.166170361459418,0.05198470644853026,0.7423954055547275
arm_c_nearest_real_row,Morgan,7,0,393,114,127,20,6.256842985032734,9.376788200527121,0.4903695690810189,0.7945686295350032
arm_c_nearest_real_row,Physical,7,0,393,114,127,20,4.513424763006913,7.7493535695409195,0.6519207837842382,0.9024751532116847
arm_c_nearest_real_row,Morgan+Physical,7,0,393,114,127,20,4.376043313023082,7.025408143363613,0.7139181804845596,0.9143146615403467
arm_c_nearest_real_row,Morgan,7,1,430,77,127,20,17.55510462248171,23.563861452178777,-0.2859120580043417,0.521562072877887
arm_c_nearest_real_row,Physical,7,1,430,77,127,20,14.196784590882142,17.872624901643658,0.26023287216830016,0.8925982776551331
arm_c_nearest_real_row,Morgan+Physical,7,1,430,77,127,20,5.366531067588112,12.390521879273061,0.6444525686574343,0.8733972915295387
arm_c_nearest_real_row,Morgan,7,2,427,80,128,19,8.2820501845932,9.772560600539915,0.23555858074389735,0.7591551087490233
arm_c_nearest_real_row,Physical,7,2,427,80,128,19,5.351699050173759,7.479330397040107,0.5522321552768539,0.8181884500459559
arm_c_nearest_real_row,Morgan+Physical,7,2,427,80,128,19,6.375539724216461,8.095846738734053,0.4753713282850254,0.8084547635657104
arm_c_nearest_real_row,Morgan,7,3,429,78,128,19,6.166737604851357,18.758317768450652,0.16730476201016165,0.45747549678200766
arm_c_nearest_real_row,Physical,7,3,429,78,128,19,7.722209252710586,18.083085287000713,0.22617391546693877,0.6790509793735356
arm_c_nearest_real_row,Morgan+Physical,7,3,429,78,128,19,6.260756546544784,17.966117769293636,0.23615227723582666,0.4680961654904596
arm_c_nearest_real_row,Morgan,7,4,399,108,128,19,13.321166313136063,20.034844420955174,-0.35362469888999715,0.7354722441188841
arm_c_nearest_real_row,Physical,7,4,399,108,128,19,14.528025028211097,23.72792933281956,-0.8986547583269835,0.8831449498761736
arm_c_nearest_real_row,Morgan+Physical,7,4,399,108,128,19,9.548049316830102,12.476770179234341,0.4750346095200898,0.8688882531950921
arm_c_nearest_real_row,Morgan,8,0,371,136,127,20,6.613341161750345,15.475133234361287,0.30998468790849854,0.7380426674723654
arm_c_nearest_real_row,Physical,8,0,371,136,127,20,7.361336035383449,15.406051914078736,0.3161314233752798,0.9680844513705233
arm_c_nearest_real_row,Morgan+Physical,8,0,371,136,127,20,4.428129819881215,14.352044544717815,0.4065044296047279,0.9150749352282289
arm_c_nearest_real_row,Morgan,8,1,425,82,127,20,10.13905616021133,12.070079168258289,0.37797947788001096,0.8534574938209343
arm_c_nearest_real_row,Physical,8,1,425,82,127,20,5.3982410936876635,8.70144943363871,0.6767283070489583,0.8911136454726968
arm_c_nearest_real_row,Morgan+Physical,8,1,425,82,127,20,6.152476965793516,8.717033210033051,0.675569349564931,0.9055135222362803
arm_c_nearest_real_row,Morgan,8,2,427,80,128,19,5.646401674995422,6.501106100955221,0.5768526908566836,0.8025469719663669
arm_c_nearest_real_row,Physical,8,2,427,80,128,19,4.678320287046432,6.66586140462197,0.5551335699360507,0.8537079518813873
arm_c_nearest_real_row,Morgan+Physical,8,2,427,80,128,19,5.012100396928787,5.968684224706161,0.6433236764245097,0.8448835986783826
arm_c_nearest_real_row,Morgan,8,3,456,51,128,19,17.929245414883482,30.955611231226733,-0.2531020134353361,0.11715546058606363
arm_c_nearest_real_row,Physical,8,3,456,51,128,19,7.7640248348759675,13.872107901257102,0.7483525252263279,0.782131420723977
arm_c_nearest_real_row,Morgan+Physical,8,3,456,51,128,19,12.001121789296468,21.676423661598356,0.3855551315808591,0.7919335899654264
arm_c_nearest_real_row,Morgan,8,4,399,108,128,19,13.257770938414113,17.486866680295407,-0.23594925352381035,0.37655260940032204
arm_c_nearest_real_row,Physical,8,4,399,108,128,19,5.679910515078791,9.145738621697243,0.6619241003628238,0.9017340621821197
arm_c_nearest_real_row,Morgan+Physical,8,4,399,108,128,19,6.923864030202229,9.477679870367059,0.6369380697668312,0.8709843335374579
arm_c_nearest_real_row,Morgan,9,0,439,68,127,20,10.782066303926356,18.66248311642907,0.07510776350377968,0.6954556032681137
arm_c_nearest_real_row,Physical,9,0,439,68,127,20,7.427317307219786,12.514056765598259,0.5841386877196333,0.8932476761128317
arm_c_nearest_real_row,Morgan+Physical,9,0,439,68,127,20,8.287865701451022,15.115216507514665,0.3932901819300436,0.7757061307805246
arm_c_nearest_real_row,Morgan,9,1,401,106,127,20,13.159732327515224,16.96050055608124,-0.36569715219031584,0.7421877648694911
arm_c_nearest_real_row,Physical,9,1,401,106,127,20,6.291342610413174,11.69598505469908,0.350542581107277,0.7223242887356773
arm_c_nearest_real_row,Morgan+Physical,9,1,401,106,127,20,7.079905597182939,8.84727938298372,0.6283821584534652,0.7143428615612711
arm_c_nearest_real_row,Morgan,9,2,409,98,128,19,5.815695738095652,17.307172503571135,0.11381015716017873,0.6502456682723889
arm_c_nearest_real_row,Physical,9,2,409,98,128,19,6.813009082330977,16.210747997223645,0.22253538432815123,0.8614832710551515
arm_c_nearest_real_row,Morgan+Physical,9,2,409,98,128,19,5.982875366389995,16.490838717557935,0.19543708290221617,0.7160153197562728
arm_c_nearest_real_row,Morgan,9,3,416,91,128,19,7.8652233613033085,10.47866966440074,0.340211500728931,0.60779390719552
arm_c_nearest_real_row,Physical,9,3,416,91,128,19,18.27156997897054,28.769871570852366,-3.973570612794079,0.855930679949241
arm_c_nearest_real_row,Morgan+Physical,9,3,416,91,128,19,10.101601499583486,14.053191955332496,-0.18670397940520345,0.8416770200342836
arm_c_nearest_real_row,Morgan,9,4,413,94,128,19,14.78786379759768,19.815253053911086,0.1996077953842359,0.3332959514950114
arm_c_nearest_real_row,Physical,9,4,413,94,128,19,18.608677560181313,20.020519150839455,0.18293938943131016,0.09185096907423132
arm_c_nearest_real_row,Morgan+Physical,9,4,413,94,128,19,16.299763253459524,18.302487321916843,0.3171523270892501,0.34736790079817104
arm_a_reference_base,Morgan,0,0,328,129,77,20,15.80106188420732,19.79736735084448,-1.2465833595490716,-0.2692634868251015
arm_a_reference_base,Physical,0,0,328,129,77,20,18.707810244005778,22.068834615700332,-1.7916852659006017,0.5341175799905006
arm_a_reference_base,Morgan+Physical,0,0,328,129,77,20,8.309259865930837,9.80603209563924,0.44881895349169376,0.5057784148328935
arm_a_reference_base,Morgan,0,1,321,136,77,20,13.270327840625537,17.482831436499804,-0.31308848270569967,-0.022933490707184263
arm_a_reference_base,Physical,0,1,321,136,77,20,3.428869516310972,5.53189024207353,0.8685327553259132,0.8481192909406743
arm_a_reference_base,Morgan+Physical,0,1,321,136,77,20,7.839173476376252,10.562870067864445,0.5206703138537356,0.36187862555591604
arm_a_reference_base,Morgan,0,2,385,72,78,19,6.268117459636264,8.857746930671421,0.02993889940388106,0.0495327547692496
arm_a_reference_base,Physical,0,2,385,72,78,19,8.945496932856242,12.393051971798998,-0.8989306106858601,0.22511629796957838
arm_a_reference_base,Morgan+Physical,0,2,385,72,78,19,5.9120675322002825,9.694086800105929,-0.1618936053547555,0.2204951900098126
arm_a_reference_base,Morgan,0,3,411,46,78,19,9.867929656318998,26.08893468095654,0.08617721016724211,0.5992786766114082
arm_a_reference_base,Physical,0,3,411,46,78,19,8.52724353242957,24.42468719819851,0.19904647897859884,0.7093651627132864
arm_a_reference_base,Morgan+Physical,0,3,411,46,78,19,8.169022655818775,24.957106263192273,0.16374688167566387,0.8192838059082257
arm_a_reference_base,Morgan,0,4,383,74,78,19,16.23708513894571,23.56896636951814,-0.15007120440533428,0.26297376646379506
arm_a_reference_base,Physical,0,4,383,74,78,19,8.52862388536711,12.198760840372474,0.6919117820505831,0.8885283237138828
arm_a_reference_base,Morgan+Physical,0,4,383,74,78,19,10.953391586412998,17.163096858912656,0.3901332403782234,0.8242179464778916
arm_a_reference_base,Morgan,1,0,355,102,77,20,7.422386764436608,9.0745583131983,0.20807070838327002,0.8218613040372529
arm_a_reference_base,Physical,1,0,355,102,77,20,7.04940995862624,11.172940600748136,-0.20052275194450497,0.45330834802895514
arm_a_reference_base,Morgan+Physical,1,0,355,102,77,20,5.323196221063651,8.653252333709396,0.2798977770127249,0.8844221581548171
arm_a_reference_base,Morgan,1,1,379,78,77,20,10.373795394035241,24.03312431702561,0.05557654826417158,0.40165403100884084
arm_a_reference_base,Physical,1,1,379,78,77,20,6.941951966878452,22.07595653208704,0.20313388925174014,0.9072576085729132
arm_a_reference_base,Morgan+Physical,1,1,379,78,77,20,8.330839296297905,22.788814896817318,0.1508395106870407,0.8926405144919384
arm_a_reference_base,Morgan,1,2,365,92,78,19,14.909710118003515,17.71454997500406,-0.09923459961854486,0.8444538729664535
arm_a_reference_base,Physical,1,2,365,92,78,19,5.952657193681468,7.184900104319601,0.8191695301957583,0.9033169763385194
arm_a_reference_base,Morgan+Physical,1,2,365,92,78,19,6.146600221302198,7.485837694162419,0.8037042235431462,0.8910273553841033
arm_a_reference_base,Morgan,1,3,346,111,78,19,10.381847117738465,17.313417386600925,0.18810830258250388,0.772040636346388
arm_a_reference_base,Physical,1,3,346,111,78,19,12.390877646475436,19.19254141529826,0.00230573652928201,0.857834551477673
arm_a_reference_base,Morgan+Physical,1,3,346,111,78,19,9.50064488737089,15.602429666865754,0.34064854435863023,0.8601742936215496
arm_a_reference_base,Morgan,1,4,383,74,78,19,11.551480190586398,15.450778074813183,-0.1837775780761315,0.6054307253727218
arm_a_reference_base,Physical,1,4,383,74,78,19,17.986117296244647,24.43612783567078,-1.9609711599257271,0.7715392730034066
arm_a_reference_base,Morgan+Physical,1,4,383,74,78,19,8.056639739887137,11.466379079982838,0.3480384381588497,0.8388769668295742
arm_a_reference_base,Morgan,2,0,383,74,77,20,17.0548245483151,24.08207313108728,-0.18621941806634967,0.03218028789198679
arm_a_reference_base,Physical,2,0,383,74,77,20,12.318566374552958,16.161945691322707,0.4657253439628576,0.5604453163651264
arm_a_reference_base,Morgan+Physical,2,0,383,74,77,20,14.44714931040171,19.95309391764664,0.18567497605988703,0.43272261444424415
arm_a_reference_base,Morgan,2,1,341,116,77,20,6.299133330141264,7.992154460880511,0.14118488551702402,0.8904115261760212
arm_a_reference_base,Physical,2,1,341,116,77,20,7.081787087315526,10.811716704867901,-0.571669613704519,0.48270185857859105
arm_a_reference_base,Morgan+Physical,2,1,341,116,77,20,5.255862817961593,8.095500783212591,0.11883065531420267,0.8434360254481522
arm_a_reference_base,Morgan,2,2,380,77,78,19,9.717596913622572,23.713034818400796,-0.012727050664265604,0.6241040273746519
arm_a_reference_base,Physical,2,2,380,77,78,19,8.122421236508853,22.943890392270447,0.051904138113807896,0.7917222422455337
arm_a_reference_base,Morgan+Physical,2,2,380,77,78,19,8.169152891481078,23.017357738389933,0.04582272791077724,0.7870890362398834
arm_a_reference_base,Morgan,2,3,358,99,78,19,5.3638431406194504,6.41748197316443,0.42302779635107035,0.689508755078189
arm_a_reference_base,Physical,2,3,358,99,78,19,4.0920089546434815,7.604578632275814,0.18983050655130274,0.8221678324435785
arm_a_reference_base,Morgan+Physical,2,3,358,99,78,19,4.124234310311983,6.129200778756852,0.4737001183476688,0.7657110639530829
arm_a_reference_base,Morgan,2,4,366,91,78,19,15.364694404099014,18.23121267895863,-0.30200788879157603,0.6883674255525745
arm_a_reference_base,Physical,2,4,366,91,78,19,7.1942846869583965,8.494688593258948,0.7173314922828956,0.9150183847732065
arm_a_reference_base,Morgan+Physical,2,4,366,91,78,19,6.720492051847687,8.335912811713536,0.7277995568988198,0.9120164691866892
arm_a_reference_base,Morgan,3,0,348,109,77,20,9.850515186288819,18.62346037511424,0.12545782623629465,0.6104419011502987
arm_a_reference_base,Physical,3,0,348,109,77,20,6.33476714062822,16.882261648034888,0.28134367387228976,0.8240705581056469
arm_a_reference_base,Morgan+Physical,3,0,348,109,77,20,7.382438313531436,16.9771623857329,0.2732413583080485,0.799641532919014
arm_a_reference_base,Morgan,3,1,417,40,77,20,12.151753050231934,23.505476467129622,0.08449442878266733,0.6081145035610794
arm_a_reference_base,Physical,3,1,417,40,77,20,11.658883573436736,17.199779592082653,0.5098052712018711,0.6949646064590004
arm_a_reference_base,Morgan+Physical,3,1,417,40,77,20,11.366380926990509,17.99321860611051,0.4635359964598702,0.7709888256813365
arm_a_reference_base,Morgan,3,2,295,162,78,19,10.85950156441206,13.008316903320488,0.20059838194627222,0.5823115628924441
arm_a_reference_base,Physical,3,2,295,162,78,19,8.724482455851707,13.980304977004574,0.07667180586555189,0.7464286114446615
arm_a_reference_base,Morgan+Physical,3,2,295,162,78,19,8.258940378222054,9.702795837841885,0.5552493489777315,0.7715114745236148
arm_a_reference_base,Morgan,3,3,366,91,78,19,11.824455937027144,18.861687747531708,0.24200424139319576,0.7630677558307558
arm_a_reference_base,Physical,3,3,366,91,78,19,8.951035437162629,15.392625945399512,0.4951863317808033,0.9282659722429973
arm_a_reference_base,Morgan+Physical,3,3,366,91,78,19,9.947930633679064,16.184287445187696,0.4419246501328634,0.9112729109891047
arm_a_reference_base,Morgan,3,4,402,55,78,19,10.476464447515315,15.382098398837563,-0.809372282324345,0.18214316351441348
arm_a_reference_base,Physical,3,4,402,55,78,19,6.651674338227706,8.37549994800185,0.46356359515819456,0.8940890474516655
arm_a_reference_base,Morgan+Physical,3,4,402,55,78,19,6.152776605232932,9.560961384937615,0.3009634386546969,0.6609907677791698
arm_a_reference_base,Morgan,4,0,398,59,77,20,10.275598775443386,21.91928107986351,0.055691551084629975,0.24109108692760567
arm_a_reference_base,Physical,4,0,398,59,77,20,9.6338510679148,21.66995500197766,0.07705189431622717,0.7635762893376479
arm_a_reference_base,Morgan+Physical,4,0,398,59,77,20,7.367958848791607,20.76110020778039,0.15284672698561508,0.7777122280480024
arm_a_reference_base,Morgan,4,1,340,117,77,20,7.534073092740051,11.860218700221338,-0.4724501317174197,0.4417181414495794
arm_a_reference_base,Physical,4,1,340,117,77,20,4.368143005120693,6.028716956868658,0.6195435164154892,0.6524600224875374
arm_a_reference_base,Morgan+Physical,4,1,340,117,77,20,5.248253312015371,8.327235673182049,0.27413323425208047,0.5329591929565134
arm_a_reference_base,Morgan,4,2,346,111,78,19,13.628407963259583,20.004464658648356,0.008600713012182903,0.5976345029663745
arm_a_reference_base,Physical,4,2,346,111,78,19,22.290187128757786,30.89386425046601,-1.3644993701883092,0.7212588631456919
arm_a_reference_base,Morgan+Physical,4,2,346,111,78,19,13.483369948117367,19.685150000519208,0.03999788070518251,0.7168053829421622
arm_a_reference_base,Morgan,4,3,384,73,78,19,6.7408485747245885,15.66387906156617,0.30634862332241797,0.6533266904597351
arm_a_reference_base,Physical,4,3,384,73,78,19,6.020985156208195,8.533581397247502,0.7941242091207202,0.8329416320338915
arm_a_reference_base,Morgan+Physical,4,3,384,73,78,19,5.583846388704482,11.023311985278,0.6564683082558735,0.9092831780346011
arm_a_reference_base,Morgan,4,4,360,97,78,19,13.21303199697278,17.750742231435936,-0.22986644536605394,0.6568263533135187
arm_a_reference_base,Physical,4,4,360,97,78,19,8.923509608868471,9.764522731354534,0.6278423424696626,0.82975004653168
arm_a_reference_base,Morgan+Physical,4,4,360,97,78,19,6.88338522889442,7.7816083439547405,0.7636456198969277,0.9064151711915784
arm_a_reference_base,Morgan,5,0,394,63,77,20,7.254420235648988,16.439888323483142,0.08118742397029144,0.7334547289529771
arm_a_reference_base,Physical,5,0,394,63,77,20,6.15921705636524,9.493350578018632,0.69361447527967,0.5938887027167242
arm_a_reference_base,Morgan+Physical,5,0,394,63,77,20,6.175525371430413,12.4927186909845,0.4694294671458614,0.6895904282952904
arm_a_reference_base,Morgan,5,1,376,81,77,20,9.172393744631167,11.83284381052476,0.4934684910716626,0.8023833752067941
arm_a_reference_base,Physical,5,1,376,81,77,20,9.665134623690005,15.312702334051366,0.15173434684256193,0.8063537571851271
arm_a_reference_base,Morgan+Physical,5,1,376,81,77,20,7.098237754878291,10.968299715807344,0.5647820283798219,0.8145519798435091
arm_a_reference_base,Morgan,5,2,346,111,78,19,15.031620462487023,22.43039536883135,0.09189270466542254,0.47149653428813326
arm_a_reference_base,Physical,5,2,346,111,78,19,7.9320690605754685,16.499691344581393,0.5086228610872109,0.8993854236832184
arm_a_reference_base,Morgan+Physical,5,2,346,111,78,19,11.16449009153074,18.970940414208428,0.3504074625179693,0.8163152297440893
arm_a_reference_base,Morgan,5,3,329,128,78,19,6.0287598174572,8.74038531179953,0.3287868187874422,0.8442322922595502
arm_a_reference_base,Physical,5,3,329,128,78,19,10.514898349183799,14.48069779833603,-0.8423761371739784,0.9126052215265522
arm_a_reference_base,Morgan+Physical,5,3,329,128,78,19,3.9969469678282734,4.87998151710268,0.790764354225227,0.9048072888412921
arm_a_reference_base,Morgan,5,4,383,74,78,19,12.516003713968637,20.629905716388055,0.0882375642346862,0.6334981469037098
arm_a_reference_base,Physical,5,4,383,74,78,19,8.799968504364426,15.219818981817795,0.5037435282746545,0.7523926117075952
arm_a_reference_base,Morgan+Physical,5,4,383,74,78,19,10.585976308461781,17.282975215642136,0.3600821516849575,0.744159915864457
arm_a_reference_base,Morgan,6,0,414,43,77,20,11.0422242153079,20.548884462955137,0.08691594692311233,0.5194802158142786
arm_a_reference_base,Physical,6,0,414,43,77,20,10.216209004734838,13.777945788860961,0.5895094150297561,0.7070613952196215
arm_a_reference_base,Morgan+Physical,6,0,414,43,77,20,10.43162505358319,16.341192954398274,0.4225667692274564,0.7093334434047746
arm_a_reference_base,Morgan,6,1,397,60,77,20,13.966465471013388,23.608422842093464,0.09766006923418924,0.8408078806650149
arm_a_reference_base,Physical,6,1,397,60,77,20,7.724932819747924,13.256177561094793,0.7155061702836527,0.8356132200502165
arm_a_reference_base,Morgan+Physical,6,1,397,60,77,20,10.340416638437908,18.09045656612645,0.47017154151920093,0.8776822348962082
arm_a_reference_base,Morgan,6,2,331,126,78,19,15.740486170438736,19.218832892251406,-2.49578905194409,-0.5192273686056881
arm_a_reference_base,Physical,6,2,331,126,78,19,6.058384596827673,8.247012783243838,0.35629848364798866,0.901846129454554
arm_a_reference_base,Morgan+Physical,6,2,331,126,78,19,10.32898287956601,12.412702833795828,-0.45822289716764764,0.7269783746779054
arm_a_reference_base,Morgan,6,3,333,124,78,19,6.7340923874270535,9.077997580810711,0.422967006833706,0.8493674724113045
arm_a_reference_base,Physical,6,3,333,124,78,19,11.792290883882583,16.023600408792138,-0.7977973360043358,0.8044252113274851
arm_a_reference_base,Morgan+Physical,6,3,333,124,78,19,5.193559699876848,6.753503913217428,0.6806412409989151,0.8564731704751966
arm_a_reference_base,Morgan,6,4,353,104,78,19,15.48650596010208,23.2741685374006,-0.2627484084872047,0.2879003521272135
arm_a_reference_base,Physical,6,4,353,104,78,19,9.625787739904844,17.748763480152675,0.26564732006379244,0.8284759765692045
arm_a_reference_base,Morgan+Physical,6,4,353,104,78,19,11.277058686811008,19.724605371788368,0.0930462805520541,0.7404054947622619
arm_a_reference_base,Morgan,7,0,343,114,77,20,5.619109242302075,8.464374171458367,0.5847239869889165,0.9099401094819854
arm_a_reference_base,Physical,7,0,343,114,77,20,4.6436903450413745,7.683688574886021,0.6577947655646348,0.9269442320664649
arm_a_reference_base,Morgan+Physical,7,0,343,114,77,20,3.418817673612896,6.076806377384515,0.7859585238850064,0.9350437171685037
arm_a_reference_base,Morgan,7,1,380,77,77,20,18.662115705613967,24.250664021400894,-0.3619639650613853,0.5207328803931845
arm_a_reference_base,Physical,7,1,380,77,77,20,4.5572484268584805,8.392875195515195,0.8368677306476782,0.9504519194651178
arm_a_reference_base,Morgan+Physical,7,1,380,77,77,20,11.430764838082451,15.234352423773469,0.462515005855742,0.6984848567704732
arm_a_reference_base,Morgan,7,2,377,80,78,19,8.500720731601714,10.204867163487597,0.1664298053639257,0.7306705192333308
arm_a_reference_base,Physical,7,2,377,80,78,19,9.966273387596607,17.301159359502662,-1.3959507049769626,0.7093514149205459
arm_a_reference_base,Morgan+Physical,7,2,377,80,78,19,8.790723446235656,12.39067518569513,-0.228902450992845,0.7065875286360318
arm_a_reference_base,Morgan,7,3,379,78,78,19,7.380298582376334,19.28050336423922,0.12029909270614592,0.36258667435947456
arm_a_reference_base,Physical,7,3,379,78,78,19,8.571237016468537,18.079183226553344,0.22650783972006017,0.4829866889643582
arm_a_reference_base,Morgan+Physical,7,3,379,78,78,19,7.6808675830899755,18.20822836501134,0.21542640627275345,0.4578195664742614
arm_a_reference_base,Morgan,7,4,349,108,78,19,13.510199314258715,20.434073694614103,-0.4081088632485337,0.7830831304933195
arm_a_reference_base,Physical,7,4,349,108,78,19,13.719010704817595,20.902581121650506,-0.47341862955232283,0.864094403644815
arm_a_reference_base,Morgan+Physical,7,4,349,108,78,19,8.469483029330219,14.03528490900231,0.33569306304944324,0.8652615622642431
arm_a_reference_base,Morgan,8,0,321,136,77,20,8.401872533820656,16.22021713993842,0.241940556590863,0.663524753428235
arm_a_reference_base,Physical,8,0,321,136,77,20,7.1286246810296,14.86852296403729,0.36302030209643177,0.7956485233907937
arm_a_reference_base,Morgan+Physical,8,0,321,136,77,20,4.52445478927388,14.11285493972012,0.426121849631656,0.814779456708211
arm_a_reference_base,Morgan,8,1,375,82,77,20,10.659687834070718,12.767035486422492,0.304071524234966,0.5221556873692655
arm_a_reference_base,Physical,8,1,375,82,77,20,6.927960593112852,8.754253807181236,0.6727928813187256,0.8586899025890479
arm_a_reference_base,Morgan+Physical,8,1,375,82,77,20,5.837141502246392,8.702765643386709,0.6766305013816338,0.8870548052641064
arm_a_reference_base,Morgan,8,2,377,80,78,19,4.967265239295959,5.7639260575267945,0.667375773836971,0.8376032487957459
arm_a_reference_base,Physical,8,2,377,80,78,19,3.5654472019052506,4.789216811593219,0.7703607751669884,0.8975162845859209
arm_a_reference_base,Morgan+Physical,8,2,377,80,78,19,4.198869341192245,4.774358786060338,0.7717834264866437,0.8925254618727461
arm_a_reference_base,Morgan,8,3,406,51,78,19,17.606692211824303,29.3595783018521,-0.12721636982644902,0.41105938332601916
arm_a_reference_base,Physical,8,3,406,51,78,19,11.805470121196672,18.969915965075106,0.5294145725659654,0.6988137227208994
arm_a_reference_base,Morgan+Physical,8,3,406,51,78,19,13.75130773447074,23.59585822369546,0.27191980721869446,0.719028941985849
arm_a_reference_base,Morgan,8,4,349,108,78,19,13.178153026439523,17.44241166153482,-0.2296731940218506,0.41322385157165115
arm_a_reference_base,Physical,8,4,349,108,78,19,5.93237174212491,8.98349949602199,0.6738121823612417,0.8793266753673494
arm_a_reference_base,Morgan+Physical,8,4,349,108,78,19,7.967854383980785,10.403494443673758,0.5625432514581624,0.8595435240257073
arm_a_reference_base,Morgan,9,0,389,68,77,20,9.872007392883301,17.598002881008338,0.1776076775296016,0.7566212274031847
arm_a_reference_base,Physical,9,0,389,68,77,20,5.307263039504781,7.121995510728184,0.8653036989613,0.8812710002864316
arm_a_reference_base,Morgan+Physical,9,0,389,68,77,20,6.7105848470295175,11.21243382188993,0.666149474735175,0.9213995325860296
arm_a_reference_base,Morgan,9,1,351,106,77,20,13.192489055417619,17.479404123300643,-0.4505420380820542,0.751295310237066
arm_a_reference_base,Physical,9,1,351,106,77,20,8.087346746120812,10.000404923791304,0.5251983238964839,0.9425562093992721
arm_a_reference_base,Morgan+Physical,9,1,351,106,77,20,4.42342320532169,6.0895937630237515,0.8239428300447731,0.9287941672867402
arm_a_reference_base,Morgan,9,2,359,98,78,19,6.476206584323181,17.416933767468908,0.10253416671490678,0.6649451981336082
arm_a_reference_base,Physical,9,2,359,98,78,19,6.197939206321872,16.329128479890866,0.21113890965718185,0.8835701283162948
arm_a_reference_base,Morgan+Physical,9,2,359,98,78,19,4.953953104587477,16.4179597333431,0.20253267857030888,0.7767574455065677
arm_a_reference_base,Morgan,9,3,366,91,78,19,13.56390558754722,24.391372783054692,-2.5749084907470885,0.29690745033829374
arm_a_reference_base,Physical,9,3,366,91,78,19,18.29727022062532,25.48678907916737,-2.9032169549970277,0.6847787330647529
arm_a_reference_base,Morgan+Physical,9,3,366,91,78,19,12.849823528294827,18.302320793090132,-1.0128192079977518,0.6278549038137965
arm_a_reference_base,Morgan,9,4,363,94,78,19,16.74775615171067,20.779215943209792,0.11983941321159719,0.5144819550393203
arm_a_reference_base,Physical,9,4,363,94,78,19,27.45948037417797,30.29179981481371,-0.8704829788387554,0.06850408855664057
arm_a_reference_base,Morgan+Physical,9,4,363,94,78,19,21.84339985549602,24.497248006059944,-0.2233147217606426,0.07300069256386349
arm_a_label_placebo,Morgan,0,0,455,129,127,20,15.436673001370687,19.137250544104834,-1.0992624602405567,0.16006729592750418
arm_a_label_placebo,Physical,0,0,455,129,127,20,7.694831442248914,9.92411580977814,0.43546444219042135,0.6544140211177304
arm_a_label_placebo,Morgan+Physical,0,0,455,129,127,20,11.366666524547014,13.928360090981231,-0.11200726985032361,0.5744035528533482
arm_a_label_placebo,Morgan,0,1,448,136,127,20,10.645278549519707,15.09740555624214,0.020791680707746507,0.035535671664229315
arm_a_label_placebo,Physical,0,1,448,136,127,20,5.460461281400567,10.44883035988578,0.5309643988153787,0.6917100803474276
arm_a_label_placebo,Morgan+Physical,0,1,448,136,127,20,7.836250396661196,12.051233817548566,0.3760734351339442,0.6697704507568121
arm_a_label_placebo,Morgan,0,2,512,72,128,19,3.6632181376139323,6.925032310032659,0.4070799159907146,0.499643539939238
arm_a_label_placebo,Physical,0,2,512,72,128,19,6.019463726870218,8.451506528894257,0.11687777195407045,0.3572605257734452
arm_a_label_placebo,Morgan+Physical,0,2,512,72,128,19,4.557101848051283,6.950849736712332,0.40265070768982003,0.37880027696306456
arm_a_label_placebo,Morgan,0,3,538,46,128,19,10.376580328236457,25.66787320571882,0.1154363992082813,0.5975230079799545
arm_a_label_placebo,Physical,0,3,538,46,128,19,9.021287381047788,26.277321774138876,0.07293221002911576,0.7547972021322003
arm_a_label_placebo,Morgan+Physical,0,3,538,46,128,19,9.22799970494146,25.76017771486359,0.10906298306172502,0.9097527005210841
arm_a_label_placebo,Morgan,0,4,510,74,128,19,15.722250590098614,23.765876351634137,-0.16936831684686804,0.3274673699672464
arm_a_label_placebo,Physical,0,4,510,74,128,19,8.711616926096326,14.23758917393549,0.5803216452872197,0.9016496685606653
arm_a_label_placebo,Morgan+Physical,0,4,510,74,128,19,11.779961584097373,18.54573042830899,0.2879154847362644,0.8439782654190888
arm_a_label_placebo,Morgan,1,0,482,102,127,20,4.16405742337096,5.9772278903892255,0.6564143288604414,0.8630952807590861
arm_a_label_placebo,Physical,1,0,482,102,127,20,5.782623202634324,8.096506718468513,0.3695788477111297,0.44556044214106155
arm_a_label_placebo,Morgan+Physical,1,0,482,102,127,20,4.577700801804487,6.4786254530391965,0.5963535278555108,0.4186085729096324
arm_a_label_placebo,Morgan,1,1,506,78,127,20,10.359097706189276,24.493201469680496,0.01907137842362494,0.7549580804057314
arm_a_label_placebo,Physical,1,1,506,78,127,20,8.088456539942424,23.085304418396667,0.12860009430599129,0.8883024449614997
arm_a_label_placebo,Morgan+Physical,1,1,506,78,127,20,9.035007476763605,23.671690211136262,0.08376931123105635,0.8384737837146767
arm_a_label_placebo,Morgan,1,2,492,92,128,19,16.817913226417875,20.18100844452116,-0.4266448412488957,0.21113978067749262
arm_a_label_placebo,Physical,1,2,492,92,128,19,5.737305832904319,6.6260291226616275,0.8462069100197172,0.9066131172683585
arm_a_label_placebo,Morgan+Physical,1,2,492,92,128,19,6.914301760051561,8.010694988082491,0.7752133401307398,0.9094789719143782
arm_a_label_placebo,Morgan,1,3,473,111,128,19,9.391677347970221,17.855578615034045,0.13646417691463286,0.8892836377331061
arm_a_label_placebo,Physical,1,3,473,111,128,19,6.183459839609507,9.105919081760991,0.7754153468728859,0.7924781833695873
arm_a_label_placebo,Morgan+Physical,1,3,473,111,128,19,7.110904081341167,12.517309426061262,0.575620420276256,0.8862993927944589
arm_a_label_placebo,Morgan,1,4,510,74,128,19,9.758312431438547,12.925024658808516,0.17161512431499548,0.5923628623098484
arm_a_label_placebo,Physical,1,4,510,74,128,19,11.419557330157307,14.62238548087184,-0.0602440843231522,0.8095414966921384
arm_a_label_placebo,Morgan+Physical,1,4,510,74,128,19,6.059786881111763,9.593868664899905,0.5435881220237129,0.815692169836395
arm_a_label_placebo,Morgan,2,0,510,74,127,20,16.89399852562569,24.40108510271046,-0.2178549521530213,0.4158328459914828
arm_a_label_placebo,Physical,2,0,510,74,127,20,9.092638321083689,12.35965789788711,0.6875430512224123,0.8105072832121013
arm_a_label_placebo,Morgan+Physical,2,0,510,74,127,20,12.526777507324217,17.522112126977763,0.37201365934639785,0.8285465777373308
arm_a_label_placebo,Morgan,2,1,468,116,127,20,3.951746697024641,6.705561839619233,0.3954359958761061,0.8110935143266748
arm_a_label_placebo,Physical,2,1,468,116,127,20,3.9305427699812525,5.996450747336589,0.5165400715562485,0.7458180125671052
arm_a_label_placebo,Morgan+Physical,2,1,468,116,127,20,2.5711308926878296,5.646038918689834,0.5713925885600093,0.7494097477257295
arm_a_label_placebo,Morgan,2,2,507,77,128,19,9.789988325540122,24.359829685799493,-0.06872662147131448,0.5632855164351669
arm_a_label_placebo,Physical,2,2,507,77,128,19,10.413447626683618,23.363679240859238,0.01689342001577787,0.7665849338144324
arm_a_label_placebo,Morgan+Physical,2,2,507,77,128,19,9.54349063476959,23.637246009695996,-0.006263877793401207,0.7972695086899304
arm_a_label_placebo,Morgan,2,3,485,99,128,19,5.465105383639866,6.739702828349285,0.36363384802134047,0.6825435228443402
arm_a_label_placebo,Physical,2,3,485,99,128,19,4.981451825197779,6.353731695688878,0.4344339659933618,0.6928659116037879
arm_a_label_placebo,Morgan+Physical,2,3,485,99,128,19,4.93265536179976,5.887563891469148,0.5143796894206356,0.7213702045445247
arm_a_label_placebo,Morgan,2,4,493,91,128,19,16.714375954428874,20.39444928908738,-0.6293202902039794,0.4969179235626299
arm_a_label_placebo,Physical,2,4,493,91,128,19,5.550718083559813,7.904633432421294,0.7552368856521172,0.8210618507532045
arm_a_label_placebo,Morgan+Physical,2,4,493,91,128,19,10.323157158652505,11.936669033470233,0.4418527291047831,0.7523930831777764
arm_a_label_placebo,Morgan,3,0,475,109,127,20,10.970573285290081,19.95020213524741,-0.0035860127757942895,0.4693083848794652
arm_a_label_placebo,Physical,3,0,475,109,127,20,9.421613255408051,19.558354125807544,0.03545030133117344,0.5142903553901322
arm_a_label_placebo,Morgan+Physical,3,0,475,109,127,20,10.135470914914194,19.61774956834825,0.02958305445751319,0.5329608394212972
arm_a_label_placebo,Morgan,3,1,544,40,127,20,14.076163228416442,24.296946258668346,0.02180315050110715,0.4835933068687297
arm_a_label_placebo,Physical,3,1,544,40,127,20,13.616644825363158,18.75759836760601,0.41698820808182124,0.6151969385345856
arm_a_label_placebo,Morgan+Physical,3,1,544,40,127,20,12.746616758728027,20.37710504298253,0.311969260259907,0.6703900724769621
arm_a_label_placebo,Morgan,3,2,422,162,128,19,11.088334415633591,14.233272278060932,0.042955083647118975,0.687677320403532
arm_a_label_placebo,Physical,3,2,422,162,128,19,3.2780220045537134,4.5116124617187205,0.9038417875935358,0.8546157647819916
arm_a_label_placebo,Morgan+Physical,3,2,422,162,128,19,6.65550479188142,7.951148370402858,0.7013362449168652,0.8676667877036051
arm_a_label_placebo,Morgan,3,3,493,91,128,19,11.12221671015142,19.640674972445307,0.17810092604097127,0.8094802230878115
arm_a_label_placebo,Physical,3,3,493,91,128,19,6.665882516848384,8.921046880177634,0.8304345694601343,0.886221748383114
arm_a_label_placebo,Morgan+Physical,3,3,493,91,128,19,8.617205181800925,13.638612634859491,0.6036799325941127,0.8587017175470169
arm_a_label_placebo,Morgan,3,4,529,55,128,19,8.571576274602716,10.327624781913157,0.18436159883615755,0.8229482960068939
arm_a_label_placebo,Physical,3,4,529,55,128,19,6.264033758483888,7.618109075987725,0.5561960779870403,0.8250502391791553
arm_a_label_placebo,Morgan+Physical,3,4,529,55,128,19,4.472099410117409,6.022762111879804,0.7226116724800015,0.8622956127026127
arm_a_label_placebo,Morgan,4,0,525,59,127,20,10.51334062401723,22.890781762887592,-0.029870251789065883,0.5543325965689079
arm_a_label_placebo,Physical,4,0,525,59,127,20,7.09023597704354,21.154940855860612,0.12040066015897766,0.6846639719435172
arm_a_label_placebo,Morgan+Physical,4,0,525,59,127,20,8.74862682911501,21.844570011025734,0.062117862168945326,0.628008212116956
arm_a_label_placebo,Morgan,4,1,467,117,127,20,5.546612961543157,6.902715470868791,0.5012359477154317,0.7788243570831405
arm_a_label_placebo,Physical,4,1,467,117,127,20,5.182937349607028,7.664220410246154,0.38511886034029685,0.7781567177119325
arm_a_label_placebo,Morgan+Physical,4,1,467,117,127,20,5.064742711004274,6.856773133018902,0.5078530916962649,0.8183380680341277
arm_a_label_placebo,Morgan,4,2,473,111,128,19,12.749815230993322,19.906834711929243,0.01825396524776035,0.6849039698622922
arm_a_label_placebo,Physical,4,2,473,111,128,19,12.597784568420616,16.836758677813375,0.2977177219491649,0.8147315725220866
arm_a_label_placebo,Morgan+Physical,4,2,473,111,128,19,8.923372930970062,15.228821088976279,0.42545069460582663,0.8207015598898417
arm_a_label_placebo,Morgan,4,3,511,73,128,19,8.960412444211359,17.244879916865557,0.15925758297475168,0.574631877810074
arm_a_label_placebo,Physical,4,3,511,73,128,19,6.855629534452254,12.142993027562316,0.5831362786686931,0.4442946966853661
arm_a_label_placebo,Morgan+Physical,4,3,511,73,128,19,7.4180896321962955,14.408273968029542,0.41309673501896227,0.5197030128742698
arm_a_label_placebo,Morgan,4,4,487,97,128,19,13.876185456973989,19.17039744798425,-0.434455737102589,0.6863061063515995
arm_a_label_placebo,Physical,4,4,487,97,128,19,8.305672651782476,10.04636119141348,0.6060487398141734,0.849405858423153
arm_a_label_placebo,Morgan+Physical,4,4,487,97,128,19,10.940733059676653,14.158336680590596,0.21756298256471684,0.8672308036033938
arm_a_label_placebo,Morgan,5,0,521,63,127,20,7.699398707435245,17.209527059994898,-0.006855335524287964,0.8265876059847396
arm_a_label_placebo,Physical,5,0,521,63,127,20,5.778115696619428,11.814143980839306,0.5255027240503515,0.7252235869282618
arm_a_label_placebo,Morgan+Physical,5,0,521,63,127,20,6.372920329139347,14.277407929799962,0.3070084465434304,0.8071806498663756
arm_a_label_placebo,Morgan,5,1,503,81,127,20,9.748151701430332,13.208092078957872,0.36888518113746904,0.7549548853207856
arm_a_label_placebo,Physical,5,1,503,81,127,20,8.719249900026673,12.452411355597906,0.4390358342017582,0.8588065810919033
arm_a_label_placebo,Morgan+Physical,5,1,503,81,127,20,6.623695084804958,10.571195266126782,0.5957254597688981,0.8238241343825214
arm_a_label_placebo,Morgan,5,2,473,111,128,19,15.19768923433046,23.674942405363353,-0.011675352706450148,0.6780151034641966
arm_a_label_placebo,Physical,5,2,473,111,128,19,7.905877725326951,16.785203003424108,0.4914700882038564,0.8354347578691729
arm_a_label_placebo,Morgan+Physical,5,2,473,111,128,19,11.18949476525659,19.740056684959523,0.2966684522039499,0.8109362910319172
arm_a_label_placebo,Morgan,5,3,456,128,128,19,6.087894002723694,8.147347441013816,0.4167808258479164,0.7914333070387951
arm_a_label_placebo,Physical,5,3,456,128,128,19,7.578719108092786,10.48765564854694,0.03360169827693438,0.8607538039515209
arm_a_label_placebo,Morgan+Physical,5,3,456,128,128,19,3.975108158874512,4.5549628484376825,0.8177074174442744,0.8618506640755802
arm_a_label_placebo,Morgan,5,4,510,74,128,19,12.68142904343476,21.51003832262883,0.008781092864261986,0.64373522789312
arm_a_label_placebo,Physical,5,4,510,74,128,19,6.6284205783122285,10.176456677825158,0.7781392966877911,0.6303133280613096
arm_a_label_placebo,Morgan+Physical,5,4,510,74,128,19,9.153740769051216,14.887669328332633,0.5251672806178169,0.6797275676053377
arm_a_label_placebo,Morgan,6,0,541,43,127,20,10.88064633089997,21.323556901714753,0.016773543099571686,0.3036516794467108
arm_a_label_placebo,Physical,6,0,541,43,127,20,9.365979077627491,15.621139082796295,0.4723333388316404,0.7329535807069985
arm_a_label_placebo,Morgan+Physical,6,0,541,43,127,20,9.821707945180494,18.26736933719059,0.2784170273291149,0.6846194900907167
arm_a_label_placebo,Morgan,6,1,524,60,127,20,14.672485728327434,25.203562164012638,-0.028395290601135104,0.7298311646784318
arm_a_label_placebo,Physical,6,1,524,60,127,20,9.158429427846272,13.221878319346548,0.7169764732718802,0.818965663542037
arm_a_label_placebo,Morgan+Physical,6,1,524,60,127,20,11.209879124704997,18.286511194027533,0.45862532174320436,0.8410015568233412
arm_a_label_placebo,Morgan,6,2,458,126,128,19,11.401073255254355,13.320821998336543,-0.6793965115237173,-0.2775414938898782
arm_a_label_placebo,Physical,6,2,458,126,128,19,4.435659038047183,8.28082980244725,0.3510086417911683,0.7321741315458901
arm_a_label_placebo,Morgan+Physical,6,2,458,126,128,19,7.4786669593568815,9.430586227855658,0.1582781957524152,0.4609514710152637
arm_a_label_placebo,Morgan,6,3,460,124,128,19,6.45635473207043,8.67186925335884,0.4734423060430014,0.8132985927379894
arm_a_label_placebo,Physical,6,3,460,124,128,19,9.243097553794613,12.741766571824968,-0.13678886101823062,0.7437602674217343
arm_a_label_placebo,Morgan+Physical,6,3,460,124,128,19,4.826607262014574,6.106674731831672,0.7388860367316314,0.7994735222519769
arm_a_label_placebo,Morgan,6,4,480,104,128,19,15.984390193833573,24.53177412202488,-0.40289896400696246,0.41706332883817976
arm_a_label_placebo,Physical,6,4,480,104,128,19,9.590789958114625,17.68274990538666,0.27109976682926296,0.7894831087257639
arm_a_label_placebo,Morgan+Physical,6,4,480,104,128,19,12.400343719596863,20.453093895623546,0.024816141195779573,0.7724759389533643
arm_a_label_placebo,Morgan,7,0,470,114,127,20,6.318232820290014,9.594787136282584,0.46639753381596827,0.8311690865272594
arm_a_label_placebo,Physical,7,0,470,114,127,20,5.635550851734898,9.858422963364804,0.4366710976415471,0.878629148938585
arm_a_label_placebo,Morgan+Physical,7,0,470,114,127,20,3.8151163717704915,7.179214269189418,0.7012547763643443,0.9120534929489724
arm_a_label_placebo,Morgan,7,1,507,77,127,20,19.042131772425268,24.81222788276934,-0.42577130539159236,0.4522896285437472
arm_a_label_placebo,Physical,7,1,507,77,127,20,5.847625665738985,12.59147012974403,0.6328265867672414,0.8655005534103543
arm_a_label_placebo,Morgan+Physical,7,1,507,77,127,20,11.73997309964663,16.5967223093608,0.3620847231847394,0.6291478932163875
arm_a_label_placebo,Morgan,7,2,504,80,128,19,7.130010327682494,9.01131436718717,0.35001438231385007,0.7455844293856005
arm_a_label_placebo,Physical,7,2,504,80,128,19,5.91740749417305,8.350453026261405,0.44185435509936943,0.711257878627149
arm_a_label_placebo,Morgan+Physical,7,2,504,80,128,19,6.258727695331573,8.225405778653041,0.45844554909459667,0.7395131511242349
arm_a_label_placebo,Morgan,7,3,506,78,128,19,6.783719938851382,18.89095427241929,0.15548747037484978,0.4049083958409321
arm_a_label_placebo,Physical,7,3,506,78,128,19,6.492825876271175,17.656015279609843,0.2622933543517302,0.6687091308203671
arm_a_label_placebo,Morgan+Physical,7,3,506,78,128,19,6.11431545270871,18.02666072501237,0.23099551275262487,0.35996814996537024
arm_a_label_placebo,Morgan,7,4,476,108,128,19,13.999900481612592,20.837415324190623,-0.4642459030728179,0.81035385019454
arm_a_label_placebo,Physical,7,4,476,108,128,19,12.3489070214872,17.10216688533758,0.013655558299452197,0.8318423965154217
arm_a_label_placebo,Morgan+Physical,7,4,476,108,128,19,8.634001809296784,14.187402286975885,0.3212152316505885,0.8262261314905216
arm_a_label_placebo,Morgan,8,0,448,136,127,20,5.937174382591247,15.579367085463872,0.3006580897761416,0.8732150943786963
arm_a_label_placebo,Physical,8,0,448,136,127,20,5.716222076505773,15.090818836055524,0.34383124653001496,0.903044397280141
arm_a_label_placebo,Morgan+Physical,8,0,448,136,127,20,5.105512609341566,15.027495611535052,0.34932644800031243,0.9015236165333921
arm_a_label_placebo,Morgan,8,1,502,82,127,20,10.75466766688277,12.978863122379732,0.2807865827893742,0.7447134826936105
arm_a_label_placebo,Physical,8,1,502,82,127,20,6.458240844034334,9.786516206062904,0.5910777748371328,0.8036002008587716
arm_a_label_placebo,Morgan+Physical,8,1,502,82,127,20,6.979399241522811,10.042368723413594,0.5694170760555276,0.8334928758930924
arm_a_label_placebo,Morgan,8,2,504,80,128,19,5.674891082057954,6.430861032314588,0.5859475820743179,0.8174881989184747
arm_a_label_placebo,Physical,8,2,504,80,128,19,5.708188822278975,7.153984567631236,0.4875953367817394,0.7481676796140434
arm_a_label_placebo,Morgan+Physical,8,2,504,80,128,19,5.558329925785065,6.414185472121644,0.5880921173225301,0.7888406344316898
arm_a_label_placebo,Morgan,8,3,533,51,128,19,17.515771808399872,30.76267588645177,-0.23753041052706814,0.23228037862253434
arm_a_label_placebo,Physical,8,3,533,51,128,19,12.82259706624349,21.938303131021595,0.37061885768351444,0.6880420559399628
arm_a_label_placebo,Morgan+Physical,8,3,533,51,128,19,14.402160256479299,26.042710113198915,0.11308905623880561,0.7239544728662045
arm_a_label_placebo,Morgan,8,4,476,108,128,19,13.556535400390624,18.318451866359705,-0.35629505056377875,0.25201650849348467
arm_a_label_placebo,Physical,8,4,476,108,128,19,6.933593469831677,9.668064478194868,0.6222054245411863,0.8641615560270135
arm_a_label_placebo,Morgan+Physical,8,4,476,108,128,19,10.10666526307,13.560024694811526,0.25681385873806384,0.8203245502068043
arm_a_label_placebo,Morgan,9,0,516,68,127,20,11.32715105640187,18.876743305653406,0.05374885372531213,0.7188009172280588
arm_a_label_placebo,Physical,9,0,516,68,127,20,6.535312682207893,12.198651711818622,0.6048373020332158,0.9531048585666385
arm_a_label_placebo,Morgan+Physical,9,0,516,68,127,20,8.48299462453057,15.216764414810143,0.38511073327834666,0.9282577582769285
arm_a_label_placebo,Morgan,9,1,478,106,127,20,14.3889663942445,18.9331603365264,-0.7018579133352423,0.6012874814352167
arm_a_label_placebo,Physical,9,1,478,106,127,20,6.752846185936118,8.712504553114478,0.6396179851770046,0.8662094422716884
arm_a_label_placebo,Morgan+Physical,9,1,478,106,127,20,7.669464645025864,9.624811327726519,0.5601936224304997,0.8765435626935612
arm_a_label_placebo,Morgan,9,2,486,98,128,19,5.375381959393558,17.37917994764906,0.10642073375672201,0.8395593679891132
arm_a_label_placebo,Physical,9,2,486,98,128,19,6.76496713325345,16.931860059045142,0.15182813149318408,0.7172584334029685
arm_a_label_placebo,Morgan+Physical,9,2,486,98,128,19,5.906216656027035,17.026754937649155,0.14229430449281033,0.7846690123205455
arm_a_label_placebo,Morgan,9,3,493,91,128,19,7.596562942971031,8.828258958592047,0.5316801462452578,0.7633552294615776
arm_a_label_placebo,Physical,9,3,493,91,128,19,6.949154777993004,9.381903737290067,0.4710990013854195,0.8212649516606317
arm_a_label_placebo,Morgan+Physical,9,3,493,91,128,19,4.09553133564708,6.799877044141197,0.7221601335587244,0.8712328634547903
arm_a_label_placebo,Morgan,9,4,490,94,128,19,14.464607538328778,20.455126495573552,0.14708069685571634,0.6517484449909756
arm_a_label_placebo,Physical,9,4,490,94,128,19,7.426470383445253,11.805762210777534,0.7158866327452114,0.571058408081434
arm_a_label_placebo,Morgan+Physical,9,4,490,94,128,19,10.668494839428842,15.436577183370327,0.5142580389585608,0.475513143577855
