seed,arm,repeat,r2,mae,rmse,spearman,auc_gt15,auc_gt30,mae_lt20,mae_20_60,mae_gt60
42,lever4_physical_frozen,0,0.6346999258753652,5.4415507357188755,11.072966302046076,0.9012123777176358,0.9265389082462253,0.9522626112759645,3.4299361873254814,6.77364106690378,31.706593378507176
42,lever4_physical_frozen,1,0.5491791000901385,5.711628607520556,12.30101983746591,0.884513263206448,0.9329074719318622,0.9496043521266074,3.7384210482945326,7.063999068427807,30.894996528625484
42,lever4_physical_frozen,2,0.5771407060643752,4.996746323925912,11.913436058470824,0.9026818241592409,0.9328590785907859,0.9497527200791296,3.478597207223626,5.406604330952963,32.376518047039326
42,lever4_physical_frozen,3,0.6742140043652796,4.580942519374322,10.456956559951319,0.9126078204441239,0.9323461091753774,0.9616345202769535,3.0471709715331157,6.006449165390477,19.405070615915154
42,lever4_physical_frozen,4,0.6441548289053556,5.237783347902193,10.928728485505202,0.9081688087439884,0.9243128145567171,0.9669386745796241,2.8222617163474246,7.586322975297409,27.27020616971529
42,lever4_physical_frozen,5,0.5533288232284802,5.752171448545394,12.244274645231185,0.9132902398092816,0.939808362369338,0.9646142433234421,3.0004307755339705,8.639436615961248,28.162701844435468
42,lever4_physical_frozen,6,0.5794289631987954,6.009541630530576,11.881158199660062,0.9114318416060218,0.939624467673248,0.964490603363007,3.6302140018308635,8.703653245220764,22.879079475402825
42,lever4_physical_frozen,7,0.6210470315102561,5.698573304151872,11.277991288403623,0.9129310387844053,0.9275648470770422,0.9599406528189911,3.0573731915507434,8.51894447072347,26.58577245272123
42,lever4_physical_frozen,8,0.6732057580402784,5.13503705259344,10.473125215857635,0.9163561094997705,0.9359465737514518,0.9508160237388724,2.7174980589012776,7.730894207162567,24.071725416917065
42,lever4_physical_frozen,9,0.5741887975229527,5.8488301047914035,11.954946571655768,0.8788660886770716,0.8934765776229191,0.9563550939663699,3.678446619623519,8.049688484099416,24.4946270106389
42,lever4_physical_retuned,0,0.5294223778478364,5.671856553560001,12.567668986595313,0.8952526012632943,0.9189895470383276,0.9392185954500494,3.2476784193801884,7.836684544927424,30.221785850524903
42,lever4_physical_retuned,1,0.47311742508458465,6.289390649547451,13.298296628193919,0.9001197248835594,0.9444444444444444,0.9421612265084075,3.8929535060155183,7.790812400586677,38.664111736004166
42,lever4_physical_retuned,2,0.5895463586043903,4.803904061244989,11.737379712370272,0.8949205078855743,0.9200735578784359,0.9532146389713155,2.826859361321371,5.681126881269975,36.10034298236553
42,lever4_physical_retuned,3,0.7044652703748454,4.118818206067826,9.959633564835919,0.9162249077607391,0.9256097560975609,0.9694238377843719,3.221136773794167,4.411899157946038,19.6645691710252
42,lever4_physical_retuned,4,0.6662573645892286,5.1537923563707215,10.583880887589963,0.9169397951107082,0.9319783197831978,0.9596686449060337,2.5994638959697327,7.675678184879187,27.9650599523691
42,lever4_physical_retuned,5,0.5799749118103616,5.6611961773038075,11.873444154141986,0.9260450494043392,0.9428958575300038,0.9625370919881306,2.9027055122256535,8.260870347502738,31.866785213763894
42,lever4_physical_retuned,6,0.6467071669263248,4.886401784642427,10.889464207761026,0.9255045780164096,0.9475900116144018,0.9682245301681505,2.7890778558521885,7.190214716639664,20.65749735025259
42,lever4_physical_retuned,7,0.6690687328291471,5.262144280687579,10.53920856917736,0.9255717773523444,0.9313588850174217,0.9708456973293769,2.7221896848325833,7.742280744610411,28.294822411170376
42,lever4_physical_retuned,8,0.658498674666507,4.953620053517364,10.706198588386211,0.9137181435157913,0.9384146341463415,0.9552670623145401,2.6749140464527037,7.185688041039669,25.528062978891224
42,lever4_physical_retuned,9,0.46979387445315424,7.444730190951392,13.340173209603343,0.8870391217038353,0.900232288037166,0.9637240356083087,4.569944255456686,10.61485579362349,28.905849541884205
42,lever4_plus_response_frozen,0,0.4475638296889901,6.763776388832943,13.616959665027144,0.8077254995137476,0.8750193573364305,0.9287091988130564,5.355764370567841,6.6439431866270136,38.50284034729004
42,lever4_plus_response_frozen,1,0.39055286337679285,6.272628430936801,14.302340675841991,0.873363969495734,0.9332946186604723,0.920042037586548,4.608928799831841,6.030001142282197,45.05768225449781
42,lever4_plus_response_frozen,2,0.5612341602905657,6.027105615607665,12.135439294173036,0.8506427372123657,0.9059523809523811,0.955192878338279,4.092702612620801,7.153078317538174,33.251178078284624
42,lever4_plus_response_frozen,3,0.5728050730272828,5.931227421273664,11.974355331949514,0.8713792720014494,0.9080720092915214,0.9449802176063303,4.299787616728642,6.154351796421859,38.11247231116663
42,lever4_plus_response_frozen,4,0.4760639456827832,6.2378556314515965,13.261060018999112,0.8241133206222091,0.882326751838947,0.9394658753709199,5.074388900013312,6.280401252469151,30.66763952401968
42,lever4_plus_response_frozen,5,0.4747713056879952,6.176713423921514,13.277408594851487,0.8294806923647979,0.8976964769647696,0.9435459940652818,4.187613823850626,6.730300051325018,41.83955918532152
42,lever4_plus_response_frozen,6,0.5852890322075621,5.933019600502366,11.798094180705109,0.8677337292542647,0.9087591947348046,0.959322453016815,4.331145548699766,6.1898840548891005,37.05149848351112
42,lever4_plus_response_frozen,7,0.48131302017836664,5.477475007798594,13.194464569453867,0.8230552903372786,0.8792198993418505,0.9536102868447082,4.776087912105847,4.277720547577829,35.757973902775696
42,lever4_plus_response_frozen,8,0.5419831427918667,6.552310756425586,12.398804986164393,0.8529760636393001,0.9059233449477352,0.9452645895153313,4.5963848843061115,7.653588599095199,34.5517318549523
42,lever4_plus_response_frozen,9,0.4260283656615449,6.100284111954671,13.879835312077102,0.8091654017242492,0.8849399922570654,0.9221439169139466,5.784131406143079,4.043917252003063,38.985448482219994
42,lever4_plus_response_retuned,0,0.4522370219424414,6.313643119412345,13.559242754570175,0.8101886913762262,0.8828590785907858,0.9266073194856577,5.161139746308685,5.726302980827564,38.50284034729004
42,lever4_plus_response_retuned,1,0.4803042762363746,5.914258136471888,13.207288653875503,0.8555113199386052,0.9332946186604723,0.9356577645895154,3.74604529557546,5.9035643974073,52.58316964076115
42,lever4_plus_response_retuned,2,0.5095306541818805,6.498905177711303,12.83054288863784,0.8428195599869098,0.8957801006581494,0.9585311572700296,4.4516098349242395,7.845474380030777,33.34594227424034
42,lever4_plus_response_retuned,3,0.5799696548460851,6.04480529220147,11.873518456937475,0.8649508062562085,0.8886469221835075,0.948269040553907,4.622689634659743,6.1985684960105205,34.61398527878982
42,lever4_plus_response_retuned,4,0.23083077002780128,6.858488500214206,16.067564398269493,0.8180932731414272,0.8762679055361982,0.9357072205736895,5.884088587851439,6.76858539507317,28.91168756925143
42,lever4_plus_response_retuned,5,0.4263513700734596,6.061176781936662,13.875929301141756,0.8316267553667878,0.9011227255129695,0.9446834817012858,4.301878267405384,6.087956483736905,43.478533301720255
42,lever4_plus_response_retuned,6,0.5638628457298902,6.199386784377151,12.099032431261467,0.8482546692381207,0.8942315137437089,0.9535608308605341,4.509149703953788,6.360000346513229,40.43591814481295
42,lever4_plus_response_retuned,7,0.21065912611647775,5.825931453405418,16.276888712349926,0.8423867074307284,0.8964769647696478,0.9536102868447082,5.175603569155594,4.671935312721946,34.42984244713416
42,lever4_plus_response_retuned,8,0.3713484572043477,7.273312736109561,14.525934814777251,0.8073487016171615,0.8920441347270616,0.9011498516320475,4.949814972633171,8.280488913195061,44.355759412325355
42,lever4_plus_response_retuned,9,0.25244672241312394,7.197871061906293,15.840182212644608,0.7995637142353577,0.8690282617111885,0.9338278931750741,6.426073529193973,5.738544340838808,42.28405726212721
1234,lever4_physical_frozen,0,0.48145908354933775,6.70963528067232,13.19260664382131,0.9141098272274643,0.9371854432830042,0.9620672601384768,2.5672897040605713,12.544223422796076,21.556356236384467
1234,lever4_physical_frozen,1,0.5470685429913282,6.605839023932492,12.329780360571323,0.9048170715765842,0.9266260162601626,0.9698194856577647,3.5078758174119624,10.167875822494969,27.88242847442627
1234,lever4_physical_frozen,2,0.4345014645601537,7.490157906443639,13.777005771025024,0.9243241356684979,0.9370402632597754,0.9656033630069238,3.0333205433729984,13.258905093476267,29.922030093853287
1234,lever4_physical_frozen,3,0.6099598979358711,5.597346072395458,11.441783577468604,0.9098211726841777,0.9336430507162214,0.9619683481701286,3.220739303596113,7.933246512811833,26.955016520573544
1234,lever4_physical_frozen,4,0.6230079394090585,5.864442283257082,11.2487742256286,0.9295488092720197,0.9440669763840495,0.9674703264094956,2.438041689818461,9.734120231767134,30.28512721135066
1234,lever4_physical_frozen,5,0.6203388079820944,4.929303122073701,11.28852506310963,0.9143769497891882,0.947173828881146,0.9447082096933729,3.0663733461472984,6.08298822035356,30.26771591186523
1234,lever4_physical_frozen,6,0.5904469914530288,5.697845935789229,11.724495340190487,0.8747804588008266,0.902632597754549,0.9426557863501484,4.129191156327579,6.649152519503507,27.289314947861893
1234,lever4_physical_frozen,7,0.6127565572900503,6.088916575403276,11.400689935128435,0.8674358678246914,0.9291908633372048,0.9534124629080118,4.146357814082347,8.152501783336293,21.587557736910302
1234,lever4_physical_frozen,8,0.5591687593747858,5.434646258138244,12.163968315603704,0.9224884045024111,0.93721447928765,0.9644040553907023,2.877774765081371,7.391061875453141,35.47761315859281
1234,lever4_physical_frozen,9,0.5747868586913524,6.167494556191442,11.946548129403977,0.8997217563415583,0.9317750677506774,0.9679525222551929,3.302989292579295,9.540906476708614,24.827802376380337
1234,lever4_physical_retuned,0,0.6176805622918037,5.597982194682399,11.32797514542487,0.9165442274399569,0.9440185830429733,0.9577645895153313,2.638134915674818,9.399532647473883,20.870410358722395
1234,lever4_physical_retuned,1,0.5928932166191894,5.935531000331653,11.689428193485643,0.9142553940637496,0.9366918312040263,0.9702893175074184,3.3236413517036576,8.556434296948982,28.725390079204853
1234,lever4_physical_retuned,2,0.5300148091282505,6.391056036899659,12.559755493988073,0.9356584707202624,0.9429055361982192,0.9647131552917904,2.623269346309922,10.935946931133849,29.56840135427622
1234,lever4_physical_retuned,3,0.5966886113246692,5.484061659003493,11.634811217196955,0.9055099391694955,0.9305071622144793,0.9594708209693373,3.3141500841746443,7.463306845508921,26.932513474684495
1234,lever4_physical_retuned,4,0.589059387253919,6.1965156615089905,11.744340392882812,0.9272683392916616,0.9524099883855981,0.9452027695351138,2.4151553918403703,10.878941619456898,27.919533521212063
1234,lever4_physical_retuned,5,0.5468979771043442,5.657714477533053,12.33210172944121,0.9151361587973816,0.9478900503290748,0.9293768545994066,3.2011899840827316,6.716802680784284,44.936236026470475
1234,lever4_physical_retuned,6,0.5073481555305075,6.229603844228447,12.859057983669386,0.8903777804687679,0.9100464576074332,0.9538452027695351,4.174445267169774,8.190408671801018,25.44933049422044
1234,lever4_physical_retuned,7,0.5917404130759306,5.877443003026932,11.705966959915802,0.9267083382614189,0.9406504065040651,0.9735410484668645,3.429400666179725,8.013237040109347,31.308042684701775
1234,lever4_physical_retuned,8,0.4308852035855101,6.522951659068017,13.820986302704492,0.9334871270408358,0.9443766937669377,0.9634767556874382,2.5539505157693574,10.788810626914286,37.56022775796744
1234,lever4_physical_retuned,9,0.4611941690334882,6.64998574063683,13.447923861666983,0.892708339378838,0.9273712737127372,0.963996043521266,3.5253343382398543,10.116606315890223,29.710396998478817
1234,lever4_plus_response_frozen,0,0.48871935920661835,6.405011149835231,13.099923892087988,0.8403271053440211,0.9014324428958574,0.9338526211671613,4.438483800363302,7.342330265253242,36.712970877427324
1234,lever4_plus_response_frozen,1,0.48096658463954445,6.338294006250996,13.198870182682338,0.8368857555078559,0.8944831591173055,0.9517556874381801,4.499146738037602,7.131450480374422,35.742237821725695
1234,lever4_plus_response_frozen,2,0.5044489270280059,7.046068056706067,12.896839896983716,0.8764442534308164,0.9118950832365467,0.9340751730959447,3.580964941760648,10.402578322624437,38.810650763878456
1234,lever4_plus_response_frozen,3,0.5959428274335619,5.468712519043602,11.645563513601756,0.8723212617710866,0.9042198993418505,0.9707467853610288,3.866967518312461,5.853368183667733,34.962456406813395
1234,lever4_plus_response_frozen,4,0.43081187289866363,6.498004971008968,13.821876694045047,0.82581698345664,0.8804394115369725,0.9487636003956479,4.873402046257211,7.619004054722641,27.136417832007773
1234,lever4_plus_response_frozen,5,0.5723339473522855,5.55562329347406,11.98095638377423,0.8444842625104838,0.8986740224545101,0.9499258160237387,4.466160861524903,5.187737718154445,33.606480096670296
1234,lever4_plus_response_frozen,6,0.5168648115451365,6.447268141298858,12.7342517968377,0.7847214577389935,0.8495741385985288,0.9341740850642929,6.034840820396178,4.671515663794316,37.836989781306336
1234,lever4_plus_response_frozen,7,0.5752312409319184,6.680890318616538,11.94030394140189,0.8090282234305727,0.9002710027100271,0.9391196834817013,5.679130919142967,6.3616424677993315,32.232180152306185
1234,lever4_plus_response_frozen,8,0.554798936354336,6.108007559337825,12.224108463361073,0.8580161546335249,0.8968447541618273,0.9641444114737883,4.3438605000652455,6.232270179702297,42.392138111407945
1234,lever4_plus_response_frozen,9,0.49414935351417,6.853447947437612,13.030175128253552,0.8255851495931918,0.9070654277971351,0.9523244312561819,4.664165787386057,7.581833255652225,44.59392077812781
1234,lever4_plus_response_retuned,0,0.39884018915182196,6.482083599971879,14.20476547033645,0.8195526487601982,0.9012098335269066,0.926211671612265,4.322862009582793,7.665630328924007,37.80036155700684
1234,lever4_plus_response_retuned,1,0.45854179619637503,6.385195281608298,13.480983191121865,0.8346869075664811,0.8953735965931089,0.9561819980217606,4.504086806364709,7.217991191424746,36.18657524108887
1234,lever4_plus_response_retuned,2,0.5044876451882268,6.793736343227862,12.89633606226851,0.8910255390560468,0.9262001548586914,0.9497774480712166,3.7372185665023974,9.007959440150405,44.28770932124211
1234,lever4_plus_response_retuned,3,0.6197177978497775,5.502207878255698,11.297753586142916,0.8712469014171885,0.9047231900890438,0.9687190900098912,3.8303302419398593,6.619814226046476,27.198270427997297
1234,lever4_plus_response_retuned,4,0.304032686289086,5.946744784402494,15.283876499679918,0.8385026239095795,0.8900503290747193,0.9432245301681503,5.222318110509346,4.608728976671624,38.47656403761644
1234,lever4_plus_response_retuned,5,0.39627565056406355,6.2448221798253645,14.23503188214069,0.8203395339350587,0.8901084010840108,0.9432739861523245,4.970840556663869,4.620715403608843,54.20009071350098
1234,lever4_plus_response_retuned,6,0.3269798410751197,7.7245716683587675,15.029797680209226,0.6608439970244179,0.8008710801393727,0.8540059347181009,6.1497535277830835,6.4440796323834055,57.774990680401146
1234,lever4_plus_response_retuned,7,0.5622460565649299,6.781907126160169,12.121437641244654,0.8037959819591566,0.8895276809910957,0.9470573689416419,5.704627161467904,6.591942162900983,32.313086286691515
1234,lever4_plus_response_retuned,8,0.5184544481700635,5.640637166363656,12.713285086083168,0.8412968742677244,0.8938250096786682,0.9598911968348169,4.587415063291023,4.788261026417126,39.06302407778227
1234,lever4_plus_response_retuned,9,0.5252869518329375,6.874883926266559,12.622770396171084,0.8331768865604298,0.9124080526519551,0.9478981206726013,4.294188520930848,8.275096606121641,44.488647458003115
2026,lever4_physical_frozen,0,0.5438583725993407,6.13859668735045,12.373397126669,0.9107347121583041,0.9278358497870692,0.9629451038575668,3.2670329604339603,7.7623075736305935,47.15813388531024
2026,lever4_physical_frozen,1,0.530522770357221,6.262330226119978,12.55296635069464,0.9159678820894863,0.9309717382888116,0.9644040553907022,2.910086889776551,10.473773725382486,24.75369280008169
2026,lever4_physical_frozen,2,0.5735347928433092,5.2632249874601635,11.964123867968482,0.8979568042391316,0.9180991095625242,0.9636993076162215,3.441282281807657,5.807018672041459,37.46292167370136
2026,lever4_physical_frozen,3,0.6004733997805778,5.608611623355274,11.5800903514319,0.9055464479470006,0.9238869531552458,0.9600148367952522,3.523559038176314,6.266348775320341,42.00884556110089
2026,lever4_physical_frozen,4,0.6497648091827691,5.140206959161153,10.842239302364444,0.8991934481089786,0.9163859852884243,0.9634767556874382,3.2002187341364654,6.813929371966736,25.531939010620118
2026,lever4_physical_frozen,5,0.6303377664515688,5.510246057199608,11.138882934617643,0.9132665604629694,0.9264034068912117,0.9637982195845697,3.091634609390177,7.7688630245324335,28.750307159423826
2026,lever4_physical_frozen,6,0.608174333394737,5.3443238375685045,11.467943342360908,0.9148128285902605,0.9308555942702285,0.9680143422354105,2.874401215427221,7.018680967897358,37.101207304734444
2026,lever4_physical_frozen,7,0.5813874516837674,5.75435507658969,11.853462207458616,0.8865120202791662,0.9342818428184282,0.944090009891197,3.778598773413081,7.728615457384514,23.099204750061027
2026,lever4_physical_frozen,8,0.6137814398235739,5.435142923028057,11.385593347381509,0.9093291376394135,0.928668215253581,0.9537091988130565,3.427245657798739,6.783543874705921,31.413387536268967
2026,lever4_physical_frozen,9,0.5162092968458811,7.166094879946469,12.742887743774107,0.9121896312781641,0.9355981416957027,0.9577893175074184,3.843220099382435,11.227136875083229,26.93610523223877
2026,lever4_physical_retuned,0,0.5078056289214268,5.389021206259112,12.85308617699247,0.9145958786718423,0.9408439798683701,0.9718100890207716,2.764391409511908,6.0644564041600075,53.14478317847618
2026,lever4_physical_retuned,1,0.5129474873718276,6.669156076781693,12.78577307342831,0.9213895191190715,0.9279326364692219,0.9741592482690405,2.9507584986598516,10.753036986194958,34.63781563392052
2026,lever4_physical_retuned,2,0.5265347164205032,5.793864844846664,12.606170252876057,0.8927859276504727,0.910152922957801,0.9562314540059348,3.2080612969426525,7.5594900634303235,38.879328598609334
2026,lever4_physical_retuned,3,0.5495552808058433,6.135072846134111,12.295886565952035,0.9199806794124005,0.9269357336430506,0.9663452027695352,2.9983891630942505,8.845668634726783,39.04941457308256
2026,lever4_physical_retuned,4,0.5599009982258147,6.471796062778581,12.153861690741708,0.9138984142569304,0.9274680603948896,0.9653808110781403,3.387855111864288,10.020700818657152,27.61412226163424
2026,lever4_physical_retuned,5,0.6128404174935793,5.4843450118907535,11.399455419783518,0.9183273096101874,0.9252226093689508,0.9715875370919882,3.3161594146710742,6.881306515456692,34.286278360806975
2026,lever4_physical_retuned,6,0.5114704493567188,6.515840214362197,12.805145498699535,0.9217176670669438,0.9352787456445992,0.9701162215628091,2.7845737579956875,10.300122602104418,38.563282318115235
2026,lever4_physical_retuned,7,0.5566082428306091,5.771065082594123,12.199243658057862,0.9057766321868488,0.9271196283391405,0.9589020771513354,3.3985764941455474,7.686151320301404,32.381456386859604
2026,lever4_physical_retuned,8,0.5742859502803901,6.343630359456168,11.953582678133847,0.900207759799405,0.9273325590398761,0.9597675568743818,3.6650530345440933,8.881636131425335,31.61687045757587
2026,lever4_physical_retuned,9,0.34876024009541173,8.290155477765206,14.784599071563024,0.9086761755726115,0.9230352303523036,0.9750741839762611,3.5669693924882675,14.829639613573478,26.65585050729605
2026,lever4_plus_response_frozen,0,0.478812121786341,6.206059454294534,13.226235499077175,0.805609646570605,0.881068524970964,0.9487388724035608,4.9447696608276095,5.2972557435006795,44.81009519723746
2026,lever4_plus_response_frozen,1,0.5658920734296791,5.555597242901926,12.070852859505353,0.8662817989353795,0.9031939605110336,0.9554401582591494,3.758634982953088,6.639689847356622,30.36153499603271
2026,lever4_plus_response_frozen,2,0.5462811535093048,5.3487532330763,12.340492934812556,0.8876475635049391,0.9084010840108401,0.9404302670623146,4.232876948201716,4.835531069391424,35.811148655231186
2026,lever4_plus_response_frozen,3,0.481665676710206,6.603510123677494,13.189978332589956,0.83499517541407,0.8904374758033295,0.934322453016815,5.032809679238104,5.973505194877855,48.309374527564415
2026,lever4_plus_response_frozen,4,0.45047780555626415,7.292300798947189,13.580998989812988,0.7882845784423197,0.8501161440185832,0.93026706231454,5.443147971342901,8.627329283743194,30.033373022813066
2026,lever4_plus_response_frozen,5,0.3325762958141453,7.299406760718847,14.967177584516044,0.8148628047231343,0.8956833139759969,0.9207715133531158,4.14957869430624,10.003432911682127,40.57923103919396
2026,lever4_plus_response_frozen,6,0.5049026004355355,6.3360161282927105,12.890935063595935,0.8220243777078948,0.8889663182346109,0.9236646884272997,4.511064507492913,7.638238374374852,28.97408009749192
2026,lever4_plus_response_frozen,7,0.5195888431546973,6.147951557460509,12.69830167449364,0.8294502525574955,0.8973964382500969,0.933704253214639,4.956043063462096,4.9275761598066845,47.217521591186525
2026,lever4_plus_response_frozen,8,0.5517947519993873,6.7097557665114955,12.26528281659605,0.865767691674415,0.9056910569105692,0.9378832838773492,4.890643653691473,8.131124467976887,27.7102514384343
2026,lever4_plus_response_frozen,9,0.4469486688403801,6.5848248906443985,13.624539083502038,0.8279644620899222,0.9031165311653117,0.9346686449060336,5.025517847817534,6.4463973589348065,41.806917789165794
2026,lever4_plus_response_retuned,0,0.29426781118963774,6.102766613399581,15.390724394041335,0.8161549161593776,0.8917344173441735,0.9382294757665678,5.39806820334267,4.123689686122084,46.345731952373804
2026,lever4_plus_response_retuned,1,0.5198870182527313,5.988980584160202,12.694360357784868,0.8598083355842386,0.8871660859465738,0.9520771513353115,4.068625421094996,7.3441290822347005,30.002795069767874
2026,lever4_plus_response_retuned,2,0.5706093689741862,4.943674100359326,12.005088893164361,0.8903509433170016,0.9133855981416957,0.9351384767556875,3.805712862782085,4.661684507520271,32.94517164670505
2026,lever4_plus_response_retuned,3,0.4799859442473261,6.753524708028914,13.211333000067969,0.8206352333685544,0.8719899341850561,0.9346439169139465,5.186394015310417,6.140069731695001,48.172719659071696
2026,lever4_plus_response_retuned,4,0.37033634706024166,7.112051707561335,14.537623272017859,0.7944269555264676,0.8695993031358885,0.9318991097922849,5.375266355315178,8.072805833989923,32.19195035494291
2026,lever4_plus_response_retuned,5,0.4438978846597087,5.992425578491077,13.662065766637548,0.8317895325814785,0.904355400696864,0.9405291790306627,4.2191825111897785,6.717044979164816,34.85185747586763
2026,lever4_plus_response_retuned,6,0.435269044144185,6.162974524782878,13.767652484844188,0.8175195877553314,0.883391405342625,0.9264094955489615,4.7284935892286954,6.755933783421372,29.423120935880213
2026,lever4_plus_response_retuned,7,0.4967636109965359,6.249745787993082,12.996461265767117,0.8441392608974382,0.8956349206349206,0.9398862512363997,4.532368759625343,6.053249917972449,45.60128497783955
2026,lever4_plus_response_retuned,8,0.6061508120707668,6.016020246222515,11.49751739345214,0.8746753072974851,0.9087495160665893,0.949925816023739,4.419193991296282,6.946232419285629,28.47982921306903
2026,lever4_plus_response_retuned,9,0.4518027682465071,6.62388103107661,13.564616415242048,0.807556438586878,0.8911149825783973,0.9295252225519288,5.225733277622619,6.2175221023559555,41.78791537358211
31337,lever4_physical_frozen,0,0.5685742306838039,6.14305787401404,12.033504900932849,0.9096098196463299,0.9340301974448315,0.9603239366963403,3.5129868173601975,8.959941063528351,26.83568083836482
31337,lever4_physical_frozen,1,0.5932611880129178,5.577029532019617,11.684144140542012,0.8914456685417906,0.9368370112272552,0.9611152324431256,3.576103955262434,6.906738417238177,31.64289644388052
31337,lever4_physical_frozen,2,0.5911340696838138,5.9205804335832495,11.71465653204937,0.8975400656209327,0.9274487030584592,0.9541543026706231,3.6884063153260755,6.928058165394175,41.039253760117745
31337,lever4_physical_frozen,3,0.6346636916839292,5.664893470205477,11.073515453360832,0.909854068972438,0.9296747967479675,0.9652077151335312,3.2235238658545438,7.3839604045983505,36.24151465782752
31337,lever4_physical_frozen,4,0.6615813744560153,4.882447873334821,10.657767128923538,0.8997068276670245,0.9179636082075107,0.9634396636993077,3.7108501115685466,5.425128617396499,23.13886731661283
31337,lever4_physical_frozen,5,0.6198875185801815,5.725395064032823,11.295232199434048,0.914967831642955,0.9337979094076655,0.9564540059347182,3.404024129714146,8.094441256621389,25.476923440786507
31337,lever4_physical_frozen,6,0.5889374140059276,6.187251069212732,11.746083210479972,0.9012767026130325,0.927255129694154,0.955576162215628,3.1707516940739677,9.679590869695492,26.60011711414044
31337,lever4_physical_frozen,7,0.6448276817374043,5.724672105088266,10.918391257587235,0.9205872574199825,0.9336624080526519,0.9742952522255193,3.378316255829651,7.375725141814261,35.12540524996244
31337,lever4_physical_frozen,8,0.5031575589620864,6.792589162526286,12.91363305119661,0.9044962536524894,0.9371854432830042,0.9536721068249259,3.22339077785492,11.11114569937966,28.58062921964205
31337,lever4_physical_frozen,9,0.5793001992049197,6.31504568364183,11.882976855925042,0.9196606629418895,0.9423925667828106,0.9624752720079129,3.3257882906393506,9.953398497887813,24.290014783419092
31337,lever4_physical_retuned,0,0.6341409116383223,5.22728566086116,11.081435475689927,0.9056941984199492,0.9259485094850949,0.9632542037586548,2.9723161494527837,6.831187117050633,33.26518976945143
31337,lever4_physical_retuned,1,0.5337248735539086,5.977123882605221,12.510083900147379,0.9187389899402002,0.9375629113433991,0.9684965380811078,2.6716049941732205,8.909242346145168,39.70329491248497
31337,lever4_physical_retuned,2,0.44227084354210455,7.009460795192759,13.682037374993035,0.8719878252886865,0.9170828493999226,0.9440405539070228,4.39996262465747,8.6965516887318,41.600229421762315
31337,lever4_physical_retuned,3,0.690636041761423,4.619469713827337,10.189994649606449,0.9152274988648527,0.9241385985288424,0.969782393669634,2.767076690979141,5.460439166629676,33.70083076477051
31337,lever4_physical_retuned,4,0.6343810248718497,5.015902370273581,11.077798507110144,0.899223554462521,0.9173441734417345,0.9628832838773492,3.8767381089667863,5.161237231075403,27.619485206604004
31337,lever4_physical_retuned,5,0.6455740723222863,5.304717081836059,10.906912786459605,0.9114324783833868,0.9361207897793264,0.9565776458951534,3.5985493298640647,6.653212599690756,24.806181878309985
31337,lever4_physical_retuned,6,0.6615058507603595,4.981107364357545,10.658956290804444,0.9433717544556869,0.9544715447154473,0.9646389713155291,2.258769100359025,7.283621558264531,34.182456107506376
31337,lever4_physical_retuned,7,0.631427415515623,4.9012066913782535,11.122453840919166,0.9221447343216668,0.9418505613627566,0.9719708209693372,3.11779762650124,5.057829643388228,41.188002231304466
31337,lever4_physical_retuned,8,0.4093194523419412,6.949649982344129,14.08041426440015,0.9114189167032741,0.9431475029036006,0.9510385756676558,2.9578307182562225,11.124850937398273,39.62729745131273
31337,lever4_physical_retuned,9,0.6150231236163186,5.572285396075676,11.367276402948384,0.9048602797608478,0.9344560588463028,0.9401088031651831,3.204357193417976,7.19239046274821,35.828795591501084
31337,lever4_plus_response_frozen,0,0.5145629525524327,6.101883236242916,12.764551412174079,0.812383951477473,0.8915989159891599,0.9314045499505439,4.834648248082096,6.3543181722005215,30.094713795001685
31337,lever4_plus_response_frozen,1,0.33616322380815944,7.664925820355405,14.92690443142901,0.8477679285199713,0.9126306620209059,0.9499752720079129,4.453366066427744,10.31597642988725,42.94198895674485
31337,lever4_plus_response_frozen,2,0.32372774576207797,7.537376224277588,15.066066601742303,0.7594435311313557,0.8643921796360821,0.9233679525222551,6.181768529997521,6.462398343265419,50.27475292205811
31337,lever4_plus_response_frozen,3,0.5443210116145971,6.280775440458302,12.367120711468438,0.8626889771742438,0.9131823461091755,0.9559470820969337,4.180442821243177,6.763940401944246,45.22466637244591
31337,lever4_plus_response_frozen,4,0.5747863150427053,6.028488381509593,11.94655576642412,0.8830098452510955,0.9083914053426249,0.9501236399604351,4.156568336474238,6.152574262815532,44.62783623915452
31337,lever4_plus_response_frozen,5,0.2759988362176192,7.968753267259994,15.588658038428498,0.8085533122470246,0.8807588075880759,0.9183728981206727,5.379964905866943,9.827688592113148,39.933955130943886
31337,lever4_plus_response_frozen,6,0.6126741446133486,5.437529871651547,11.401903011047121,0.8289815824310173,0.8898180410375531,0.9435212660731949,4.109599202612327,5.630805103602555,31.483856286268967
31337,lever4_plus_response_frozen,7,0.5885602601304003,5.941824804518217,11.751470547179387,0.8522929094076837,0.8964382500967867,0.9513353115727003,4.010456078408628,6.215103276755594,43.92343454801119
31337,lever4_plus_response_frozen,8,0.3786264440781275,8.121388471276347,14.441605641651423,0.8491185213893722,0.9145760743321719,0.9296983184965381,4.324199291247296,13.302936073534415,23.849113614008978
31337,lever4_plus_response_frozen,9,0.5855688262836227,5.742002364349532,11.794113584477182,0.8826702472476917,0.9145954316686024,0.943879821958457,3.9118120988773355,6.833172706326572,31.17123141362117
31337,lever4_plus_response_retuned,0,0.4772829316324577,6.5732868177562525,13.245624491102223,0.8095129668839517,0.8585946573751452,0.9413946587537092,5.051620673888968,6.2509525998202236,43.3217483637883
31337,lever4_plus_response_retuned,1,0.34593425085253204,7.211555515674701,14.81664248502446,0.846474822388513,0.9139082462253194,0.942198318496538,4.154209104492433,9.391722991111061,45.1555566905095
31337,lever4_plus_response_retuned,2,0.32370637395525825,7.003057985736672,15.06630466157624,0.7787457621916929,0.877177700348432,0.9149851632047478,6.272653923610564,4.924483256761955,49.06056287912223
31337,lever4_plus_response_retuned,3,0.4786867479680965,5.8499283186574065,13.227826215212135,0.8468712204954173,0.8994773519163763,0.9440900098911967,4.209225900860857,5.054568061551181,51.15688347156231
31337,lever4_plus_response_retuned,4,0.5461671118810019,5.80773892487023,12.342043720610544,0.8826300698996071,0.9173248161053039,0.9440158259149357,3.8672867667301407,5.882998481195623,46.49761010390062
31337,lever4_plus_response_retuned,5,0.29322581544394344,7.757377130843314,15.4020822110575,0.8074051499787989,0.8855013550135502,0.9209446092977249,4.925888821736818,9.005995634090539,52.677622146606446
31337,lever4_plus_response_retuned,6,0.450091408522473,6.046874596118885,13.585772896698806,0.8156078495279808,0.8704219899341851,0.9405786350148367,4.764810135149119,6.067767209232214,33.2967748612624
31337,lever4_plus_response_retuned,7,0.5041605384194701,6.384259332607862,12.9005920437913,0.8115831471823994,0.8694734804490902,0.9287339268051434,4.433077239780084,6.723704335623077,43.95128844041091
31337,lever4_plus_response_retuned,8,0.4436672483979257,7.065172519682336,13.664898556741688,0.8343898763546136,0.9083817266744096,0.9125618199802177,4.754420435434703,9.637513669331867,24.008521889906664
31337,lever4_plus_response_retuned,9,0.4458310946674756,5.946598306089272,13.638297976870666,0.7984316265814577,0.8603755323267518,0.9238625123639961,4.492096070547617,4.719227867496374,52.740617235623866
7,lever4_physical_frozen,0,0.6193815544674308,5.6594499658118815,11.302747187618372,0.8959878785270181,0.9317847464188929,0.9463897131552916,3.6579018388409086,7.4434515840934985,25.97265461261456
7,lever4_physical_frozen,1,0.6059770221852389,5.877232554056181,11.500053810836462,0.8868743154404027,0.9160472319008905,0.9499752720079129,3.0785163200033865,9.107011842577386,24.948636145958535
7,lever4_physical_frozen,2,0.6021889792026105,5.83241729343239,11.555200972949194,0.8691632165058817,0.9261711188540457,0.9510509396636992,3.8945915815439536,7.295759732101902,28.84794585007888
7,lever4_physical_frozen,3,0.421122088805278,7.218882323795378,13.939031101757916,0.8834115223607611,0.9197444831591173,0.9196587537091988,3.6056953028098486,10.868337819556034,38.4434224818303
7,lever4_physical_frozen,4,0.6449534379137305,4.834539704024567,10.91645814424082,0.9250264240427404,0.9378048780487804,0.9695103857566766,2.554098649390983,6.880799222541577,27.804557679983287
7,lever4_physical_frozen,5,0.5945611658720481,5.657281010045275,11.665457351668968,0.9058261587737946,0.9345528455284553,0.9618076162215627,3.6169610346786607,7.191992114119097,29.966661083514868
7,lever4_physical_frozen,6,0.5737405441466784,5.812976549130029,11.96123742961637,0.9203900009314975,0.9347851335656213,0.963402571711177,3.144733337734318,8.578745365165942,27.973592036320614
7,lever4_physical_frozen,7,0.5909703925520988,5.826828779654388,11.717001101969473,0.9178930981599676,0.9358691444057298,0.9758778437190899,2.9353494275201775,9.189757236365114,25.199101386437047
7,lever4_physical_frozen,8,0.5444605415530668,5.919884922796204,12.365227146315629,0.8935022484813366,0.9179055361982191,0.9599035608308606,3.456789094071474,8.474915727233888,26.35247365217942
7,lever4_physical_frozen,9,0.5409037323307206,6.580248496673466,12.413406549070826,0.8769802558884341,0.9207123499806427,0.9484174085064293,3.90622349362076,9.774395082462195,23.42784766564002
7,lever4_physical_retuned,0,0.6985658410009536,4.262043209753058,10.058548884591211,0.9163592992927326,0.929965156794425,0.9580860534124629,2.8684076078697944,5.019028055873062,24.563722695570725
7,lever4_physical_retuned,1,0.6602714774913974,5.475920014221726,10.678373402848184,0.9160476153199065,0.9359465737514517,0.9707344213649852,3.549924721818602,7.393398904881333,22.47350998511681
7,lever4_physical_retuned,2,0.6072730407854041,5.2800859527214765,11.481125270555076,0.9061352496259067,0.9290166473093302,0.9734668644906034,3.1080168930317593,7.141491569888952,28.270496785090526
7,lever4_physical_retuned,3,0.3986159393304789,6.96483146893758,14.207414615417347,0.8634206029853099,0.8889759969028262,0.9175939663699307,3.2498588970154243,10.909398967534845,36.62819379953237
7,lever4_physical_retuned,4,0.7015963746334516,4.33119546685776,10.007858255082239,0.9210914821075631,0.9315331010452962,0.9736399604352127,2.768009219426391,5.450510580814246,23.672885407667895
7,lever4_physical_retuned,5,0.5586527259934215,5.971713012570688,12.171085753346075,0.9053099024964819,0.9309330236159505,0.9448565776458951,3.140688415377901,8.996056636740946,28.34395644554725
7,lever4_physical_retuned,6,0.4953288006395228,6.295742020471602,13.014975610916604,0.9261319957724334,0.9445702671312426,0.9642433234421365,2.8902173006889043,10.435440862805915,26.84121031541091
7,lever4_physical_retuned,7,0.6462133986671497,5.105688435567694,10.89707120384355,0.9303792178105447,0.939856755710414,0.9739119683481702,2.8634488059536785,6.422652481818922,36.51228759178749
7,lever4_physical_retuned,8,0.5789843379383802,6.155602030627795,11.887436886414244,0.9157128737052439,0.9254548974061169,0.9725519287833828,3.1902193833439325,8.74444257253011,36.93891504434439
7,lever4_physical_retuned,9,0.6052748615067105,5.889638340422632,11.510295969062673,0.8957042726316594,0.9027680991095626,0.9601384767556874,3.006063487146166,8.947938605614864,28.95870297945463
7,lever4_plus_response_frozen,0,0.46610219083442905,7.41191668969219,13.38653468021217,0.8056573900635132,0.8561169183120403,0.9353857566765579,5.815516130852376,7.650137721853546,38.64955404428336
7,lever4_plus_response_frozen,1,0.4808734396734987,7.284269836176366,13.200054454375282,0.8144726988299741,0.879965156794425,0.9320598417408507,5.082449619390562,8.801261964971369,35.28458823864276
7,lever4_plus_response_frozen,2,0.5483545753709269,6.981019260121185,12.312263617046618,0.8561988329292275,0.9180797522260936,0.9326162215628091,5.548199125157565,7.846566284595836,26.74575453831599
7,lever4_plus_response_frozen,3,0.4705239170502139,6.554043631091379,13.330985981358603,0.8496539923315719,0.9087301587301587,0.9229723046488625,3.6503962510682517,9.773005021020138,28.014735145568842
7,lever4_plus_response_frozen,4,0.5852909596483027,5.824089221698669,11.798066763834598,0.8696217661795992,0.888240418118467,0.9397378832838773,3.4979432493144205,7.128267478665438,39.19372875213623
7,lever4_plus_response_frozen,5,0.5695949139288021,5.5149252427184186,12.019261813419588,0.8317075941172154,0.8767131242741,0.9584075173095944,4.294716727609122,5.012087407614969,38.08464974330021
7,lever4_plus_response_frozen,6,0.4789654517242211,6.875735902778909,13.224289821588773,0.8630704310959315,0.8992063492063492,0.9620178041543027,3.8033422504769603,10.19434574284409,30.693213239816526
7,lever4_plus_response_frozen,7,0.5754393882542052,5.690848334114358,11.937378059043276,0.8629406216611488,0.9185636856368563,0.9530415430267062,3.9263304015678493,6.531409265922778,32.89145982889029
7,lever4_plus_response_frozen,8,0.484838604147683,7.292802852556492,13.149545849730679,0.8219535347266257,0.8774293457220286,0.9397626112759644,4.618075671782134,8.96978879325173,43.41174156188965
7,lever4_plus_response_frozen,9,0.5696222859687772,6.143260806196116,12.018879618882067,0.8347686707946659,0.897406116918312,0.9474035608308606,4.2082861990736555,6.899308831186006,38.07479859572191
7,lever4_plus_response_retuned,0,0.4157950167010148,7.546714795587318,14.003020566876076,0.6973107469501595,0.804965156794425,0.916839762611276,7.6112439304491275,4.770773311684349,41.39492373539852
7,lever4_plus_response_retuned,1,0.48555865111392016,6.750851165382334,13.140353001167682,0.8546657058290144,0.897173828881146,0.9418150346191889,4.597482079719625,8.56633856122566,29.922739979670595
7,lever4_plus_response_retuned,2,0.5783505113849925,6.802444206424104,11.89638161245733,0.8382360543572698,0.9036875725900116,0.9426310583580613,5.56916736236791,7.526981772867837,24.07440890092116
7,lever4_plus_response_retuned,3,0.4839947007734535,6.397390397615411,13.160311801283852,0.8460194698110525,0.9107046070460705,0.9181256181998022,3.6126243815182097,9.416116049980396,27.848158539992106
7,lever4_plus_response_retuned,4,0.6606921348566674,4.1957213981642605,10.671760287548803,0.915434370645047,0.9271002710027101,0.9656033630069238,2.7268122755149102,4.234599548247367,35.227317587045526
7,lever4_plus_response_retuned,5,0.5621413297108153,5.9690971148678305,12.122887501531965,0.8356900004571021,0.8775648470770423,0.9562067260138477,4.335613330533701,6.341468728221546,36.29991708608774
7,lever4_plus_response_retuned,6,0.3962005791438854,7.576798191319888,14.235916897663104,0.8456465474583543,0.880652342237708,0.96162215628091,4.02839748966217,10.294376864300354,49.238591631375826
7,lever4_plus_response_retuned,7,0.5240960360769281,5.317594049993219,12.638593891948247,0.8473028374935867,0.9014905149051491,0.952868447082097,4.073141549211318,4.157597852117365,46.74848792442909
7,lever4_plus_response_retuned,8,0.43355727641076003,7.319931614190233,13.788502405886724,0.8100008620064861,0.8836430507162215,0.9392927794263105,4.759211875465967,8.85449183247884,42.79980631314791
7,lever4_plus_response_retuned,9,0.5746570910309091,5.71395206336708,11.94837092977076,0.8545507889281487,0.9002516453735967,0.9511869436201781,3.956690032474696,6.091567400152033,38.63468868255615
42,grid_fixed_deep_d3_n200_lr05,0,0.5542924746111092,5.241127590210161,12.231059573827466,0.8923567011311512,0.9164246999612853,0.9339762611275965,3.4901015249365805,6.186644239298503,30.82005259880653
42,grid_fixed_deep_d3_n200_lr05,1,0.5420105834549696,5.47723451389438,12.398433562578907,0.9135185381154783,0.9438250096786681,0.9534619188921859,2.8983532802283722,7.314715010348234,37.50212545835055
42,grid_fixed_deep_d3_n200_lr05,2,0.5263746595152083,5.567721294261841,12.608300856928487,0.8994903511758613,0.9397406116918312,0.9380316518298715,3.0230382141069527,7.453992573177454,36.23939962827242
42,grid_fixed_deep_d3_n200_lr05,3,0.6907845418976446,4.266048518934771,10.187548667795419,0.9197554142916028,0.929345722028649,0.9710311572700296,3.136806402378287,4.957753142894399,19.721993716313285
42,grid_fixed_deep_d3_n200_lr05,4,0.6765815132750513,4.892153511763725,10.418891572632926,0.9183640245059799,0.9338946960898181,0.9539935707220574,2.644302100585883,6.902687291139545,27.616189674964314
42,grid_fixed_deep_d3_n200_lr05,5,0.6299270191006408,5.097989862724404,11.145069658611996,0.933573724964096,0.9495934959349593,0.9617210682492582,2.5638649560843576,7.338536644721754,31.04649985680213
42,grid_fixed_deep_d3_n200_lr05,6,0.5387580164317936,6.353964962657369,12.442381511279073,0.9115335764769007,0.9267518389469609,0.9669881305637983,3.5356361009478827,9.597121252163975,25.67650070483868
42,grid_fixed_deep_d3_n200_lr05,7,0.6188130251022653,5.900877050150365,11.311185488419042,0.9357864021224501,0.9470770421989935,0.9736646884272997,2.841841034067079,8.826452899955981,34.42018730163574
42,grid_fixed_deep_d3_n200_lr05,8,0.6713642987150898,4.5352310870676025,10.502591374323327,0.9120810120775124,0.930149051490515,0.963019287833828,2.8344131790260945,5.618573379100453,27.287286330003006
42,grid_fixed_deep_d3_n200_lr05,9,0.5410404966605558,6.700034972762895,12.411557440503968,0.9221320873106712,0.9277971351142084,0.9695598417408507,3.6989560135910415,9.757195983701763,32.30537826538086
42,grid_fixed_deep_d3_n400_lr05,0,0.502789307245596,6.07692120565861,12.918417854488041,0.8833142456779212,0.9111885404568332,0.9288328387734917,3.619546979091057,8.129901831239644,32.7588908973107
42,grid_fixed_deep_d3_n400_lr05,1,0.45034664994736673,6.496029807627237,13.582619595805351,0.9144438434863109,0.9465931087882307,0.9508160237388723,2.9755169225852725,9.886380534917658,39.02027787868793
42,grid_fixed_deep_d3_n400_lr05,2,0.4782311260776956,6.225579202410575,13.233605438049755,0.8891443288136048,0.9337979094076655,0.9322947576656777,3.0922576452491786,8.909313541805384,39.40869831378643
42,grid_fixed_deep_d3_n400_lr05,3,0.6741300938124579,4.61736063541788,10.458303137958232,0.9162704509636769,0.9330139372822299,0.9657517309594461,3.078066313518948,5.897754158528646,21.401836365919845
42,grid_fixed_deep_d3_n400_lr05,4,0.6482894914506716,5.298927182961929,10.865051028211777,0.9184412159529367,0.9369241192411925,0.9516320474777448,2.765168712148632,7.963339548885462,25.859740489079403
42,grid_fixed_deep_d3_n400_lr05,5,0.5278512635937674,6.1669235287637525,12.58863129927675,0.9192055552978227,0.9511807975222609,0.9452027695351137,2.613820194457406,10.015425438667066,33.575617000873265
42,grid_fixed_deep_d3_n400_lr05,6,0.4849163846321749,6.703189338786586,13.14855313495852,0.9161047108489464,0.9378435927216415,0.9657517309594461,3.114826109585779,11.277668224727748,25.65429124391996
42,grid_fixed_deep_d3_n400_lr05,7,0.5382149287769807,6.4628879790949245,12.449704474187401,0.9377408705603504,0.9535617499032133,0.9718348170128586,2.6271615329739695,10.503427942495636,37.49970217191256
42,grid_fixed_deep_d3_n400_lr05,8,0.670095802873167,4.3523418703085905,10.522841247306623,0.9182000820869308,0.9337591947348045,0.9634767556874381,2.8337702977625527,5.009889697265625,28.597424738957333
42,grid_fixed_deep_d3_n400_lr05,9,0.46291792147307576,6.96015859957288,13.42639527003352,0.9250732726069277,0.9378048780487805,0.9650098911968349,2.973854712159899,11.436809464703185,35.69334258739765
42,grid_fixed_deep_d4_n200_lr05,0,0.5442817424484243,5.189348562548448,12.367653582270256,0.9001325796097639,0.9268389469608981,0.9405786350148369,3.172621966760287,5.838372354495887,40.2337942974384
42,grid_fixed_deep_d4_n200_lr05,1,0.5259958537375283,5.4007505708179435,12.613341911749298,0.9257584559457223,0.9469125048393341,0.9666172106824926,2.538735669096807,6.788242050309614,49.21352468343881
42,grid_fixed_deep_d4_n200_lr05,2,0.5545447236888659,4.943803408986432,12.227597987501813,0.8973441083004722,0.9261904761904762,0.9602621167161227,3.03028519177618,5.563856332027551,38.140945739746094
42,grid_fixed_deep_d4_n200_lr05,3,0.6792883406114223,4.29237508697827,10.37519988700629,0.9216986225997098,0.9340495547812621,0.9686943620178041,2.814343700094189,4.309713693607215,35.79313561366154
42,grid_fixed_deep_d4_n200_lr05,4,0.6530323850592652,4.5443067769171215,10.791543568909061,0.9369738817748055,0.9423828881145955,0.9628585558852621,2.2968597252380207,5.262301832164417,43.66496395404522
42,grid_fixed_deep_d4_n200_lr05,5,0.6262947262253745,5.246266296326786,11.199630934217485,0.9199223840866579,0.9484998064266357,0.9503956478733927,2.411805063949366,7.813155092921401,33.4984226344182
42,grid_fixed_deep_d4_n200_lr05,6,0.6234736119326311,5.6354225072909125,11.241824657932279,0.9289979536787006,0.9459446380178087,0.9612759643916914,2.7422079741273557,8.415745622854523,32.43954102149376
42,grid_fixed_deep_d4_n200_lr05,7,0.674594232877653,4.951332949131938,10.450852562410327,0.9317432967965327,0.9392663569492838,0.9712166172106826,2.541974934049217,6.735969242812648,34.00870969919058
42,grid_fixed_deep_d4_n200_lr05,8,0.598755992685193,5.624849208609582,11.604952779568888,0.9115175805073237,0.9401955090979481,0.9555885262116716,2.6620375888015038,7.7854553220806695,41.788267147357644
42,grid_fixed_deep_d4_n200_lr05,9,0.5988527633115978,5.611203769082168,11.603553274219289,0.9255971203391936,0.940689121176926,0.9723541048466864,2.87380621773942,7.230062865101208,43.81290884458102
42,grid_fixed_deep_d4_n400_lr05,0,0.5238112822301613,5.631872867700922,12.642374434158189,0.8854592998837945,0.9237030584591561,0.9368694362017804,3.7309382357167347,6.121929853312175,40.20890053675725
42,grid_fixed_deep_d4_n400_lr05,1,0.4939508155331278,5.722803710173976,13.032731941112473,0.9214075470739486,0.945876887340302,0.964490603363007,2.636664391993177,7.4526274954131155,50.00064564924973
42,grid_fixed_deep_d4_n400_lr05,2,0.5405145095202206,5.168843467583604,12.418667490732467,0.8909570425305968,0.9257065427797135,0.9556627101879327,3.2020543926822835,5.830053135265003,38.98688629297109
42,grid_fixed_deep_d4_n400_lr05,3,0.6660056859751927,4.567906617386064,10.58787084001454,0.9155721213296028,0.9295005807200929,0.9721562809099901,2.9188522646884167,4.831630259935784,36.611888415996845
42,grid_fixed_deep_d4_n400_lr05,4,0.6228772737526278,4.956042307199858,11.250723472420635,0.9249434667228114,0.9340301974448316,0.9605588526211672,2.3756886251363447,6.153955431065415,45.13012014242319
42,grid_fixed_deep_d4_n400_lr05,5,0.6075576326919461,5.501519017743502,11.47696458409154,0.9168205551260366,0.9462156407278359,0.9454747774480712,2.547211976848042,8.392652901666814,32.21033236870399
42,grid_fixed_deep_d4_n400_lr05,6,0.5957428042662627,5.900738572490701,11.648445648168263,0.9220011009600364,0.94045683313976,0.9582096933728981,2.655994286630555,9.273351274247604,32.73170472365159
42,grid_fixed_deep_d4_n400_lr05,7,0.6549331993696209,5.422993507711465,10.761942979675414,0.9277315540531242,0.9390243902439025,0.9707467853610287,2.7222743410100905,7.759675120636913,33.72669976747953
42,grid_fixed_deep_d4_n400_lr05,8,0.5757715668880201,6.006017432181778,11.932707209045242,0.9089138714330363,0.9421796360820751,0.9507912957467853,2.757499006921228,8.65351601784446,42.121353894747216
42,grid_fixed_deep_d4_n400_lr05,9,0.5810382671561921,5.874433457323905,11.858404943688175,0.9206287429628358,0.9397793263646922,0.9718842729970327,3.1115118563276725,7.4457142739035875,45.227802068270165
42,grid_fixed_frozen_d2_n200_lr05,0,0.6346999258753652,5.4415507357188755,11.072966302046076,0.9012123777176358,0.9265389082462253,0.9522626112759645,3.4299361873254814,6.77364106690378,31.706593378507176
42,grid_fixed_frozen_d2_n200_lr05,1,0.5491791000901385,5.711628607520556,12.30101983746591,0.884513263206448,0.9329074719318622,0.9496043521266074,3.7384210482945326,7.063999068427807,30.894996528625484
42,grid_fixed_frozen_d2_n200_lr05,2,0.5771407060643752,4.996746323925912,11.913436058470824,0.9026818241592409,0.9328590785907859,0.9497527200791296,3.478597207223626,5.406604330952963,32.376518047039326
42,grid_fixed_frozen_d2_n200_lr05,3,0.6742140043652796,4.580942519374322,10.456956559951319,0.9126078204441239,0.9323461091753774,0.9616345202769535,3.0471709715331157,6.006449165390477,19.405070615915154
42,grid_fixed_frozen_d2_n200_lr05,4,0.6441548289053556,5.237783347902193,10.928728485505202,0.9081688087439884,0.9243128145567171,0.9669386745796241,2.8222617163474246,7.586322975297409,27.27020616971529
42,grid_fixed_frozen_d2_n200_lr05,5,0.5533288232284802,5.752171448545394,12.244274645231185,0.9132902398092816,0.939808362369338,0.9646142433234421,3.0004307755339705,8.639436615961248,28.162701844435468
42,grid_fixed_frozen_d2_n200_lr05,6,0.5794289631987954,6.009541630530576,11.881158199660062,0.9114318416060218,0.939624467673248,0.964490603363007,3.6302140018308635,8.703653245220764,22.879079475402825
42,grid_fixed_frozen_d2_n200_lr05,7,0.6210470315102561,5.698573304151872,11.277991288403623,0.9129310387844053,0.9275648470770422,0.9599406528189911,3.0573731915507434,8.51894447072347,26.58577245272123
42,grid_fixed_frozen_d2_n200_lr05,8,0.6732057580402784,5.13503705259344,10.473125215857635,0.9163561094997705,0.9359465737514518,0.9508160237388724,2.7174980589012776,7.730894207162567,24.071725416917065
42,grid_fixed_frozen_d2_n200_lr05,9,0.5741887975229527,5.8488301047914035,11.954946571655768,0.8788660886770716,0.8934765776229191,0.9563550939663699,3.678446619623519,8.049688484099416,24.4946270106389
42,grid_fixed_slow_d2_n400_lr02,0,0.6434159107950843,5.145409402761563,10.940069439676424,0.907575660682215,0.9296554394115369,0.9505192878338279,2.9931930540929814,6.536092529296876,33.68430520277757
42,grid_fixed_slow_d2_n400_lr02,1,0.5421818120728047,5.797140498205304,12.396115643178193,0.8808642234569758,0.9239256678281068,0.9452274975272008,3.9284057490580575,6.775141849402225,33.48996911855844
42,grid_fixed_slow_d2_n400_lr02,2,0.5632504201080162,4.883352150595934,12.10752420731156,0.8980522479217874,0.9283004258614015,0.9548095944609297,3.7816365585023615,4.579191434779312,32.3883650970459
42,grid_fixed_slow_d2_n400_lr02,3,0.653668670105501,5.215149178832741,10.781644015727514,0.8984543990126272,0.9279907084785134,0.9526829871414441,3.265248758781187,7.264264797372529,21.055006112318775
42,grid_fixed_slow_d2_n400_lr02,4,0.61394596828252,5.659020263091992,11.38316796721586,0.9111013769535324,0.9294812233836623,0.964824431256182,2.9770145055371633,8.124988471198806,31.920162726182202
42,grid_fixed_slow_d2_n400_lr02,5,0.5307729695267158,5.790730415118611,12.549620969791324,0.9057543333212138,0.9322590011614402,0.9663204747774481,3.1031257425803185,8.88676917706114,24.17498487032377
42,grid_fixed_slow_d2_n400_lr02,6,0.6264034960261221,5.494591742378419,11.198000946144202,0.8926778962705293,0.924467673248161,0.9615850642927795,3.9180485958430245,6.601909098908398,25.275220515911393
42,grid_fixed_slow_d2_n400_lr02,7,0.646068146812929,5.338057465656956,10.89930794396219,0.903457301321724,0.9193379790940767,0.9601632047477745,2.986794088065171,7.552005322774251,27.69967945979192
42,grid_fixed_slow_d2_n400_lr02,8,0.6812671119059772,4.885762347702009,10.343143189627733,0.9103976265364244,0.9369918699186992,0.9485163204747775,2.8942021074237623,6.43601520505963,27.95142277644231
42,grid_fixed_slow_d2_n400_lr02,9,0.6270295742406246,5.553050721717936,11.188614129034425,0.8776448669549999,0.890611691831204,0.9509643916913947,4.455917986306769,5.684884436913693,27.425933042672966
1234,grid_fixed_deep_d3_n200_lr05,0,0.545938074112475,6.328367116173259,12.345157683551797,0.9268063197851982,0.9421989934185055,0.9694362017804155,2.721590291902686,10.124053247902609,35.55933036510761
1234,grid_fixed_deep_d3_n200_lr05,1,0.6112802449820898,5.692691678124142,11.422401042501416,0.930735425178233,0.9433410762679055,0.9752596439169139,2.654626527690136,9.139872531913989,27.141563685490535
1234,grid_fixed_deep_d3_n200_lr05,2,0.49131382544663027,6.796274797937238,13.066644188133772,0.9211449764125548,0.9402439024390243,0.9686696340257172,3.4748333053331817,10.791069042136453,27.376361424372746
1234,grid_fixed_deep_d3_n200_lr05,3,0.6021109905369075,5.185284857289337,11.556333584284024,0.9224498115934775,0.9350561362756484,0.9706973293768546,2.857788919654901,7.278013790986031,28.575368898831883
1234,grid_fixed_deep_d3_n200_lr05,4,0.6047200471482356,5.941237297753599,11.518382399853536,0.9250292805552268,0.9449090205187766,0.9547230464886252,2.339496082200901,10.18991298795758,29.31464577894944
1234,grid_fixed_deep_d3_n200_lr05,5,0.5782341751590705,5.3743889550847195,11.898022649298182,0.9169572684235193,0.9430700735578784,0.9371661721068251,2.999159682003418,6.303340812960538,44.55992054279034
1234,grid_fixed_deep_d3_n200_lr05,6,0.4095814443804464,7.615830621405337,14.077291285664936,0.8525593849012858,0.9022454510259389,0.8937190900098912,4.155811479395932,10.674005352644485,43.057869849571816
1234,grid_fixed_deep_d3_n200_lr05,7,0.6135914485164997,5.674525821229029,11.388393443001831,0.9222981400108335,0.9374177313201704,0.9707715133531157,3.617806777657129,7.403913358653676,27.86496193519005
1234,grid_fixed_deep_d3_n200_lr05,8,0.4473869168973532,6.329690839349091,13.619139845871466,0.932299663082423,0.9464092140921408,0.9617210682492582,2.476847957096715,10.42322635424065,37.06121423868033
1234,grid_fixed_deep_d3_n200_lr05,9,0.4400483336985256,6.973980629739657,13.709271229212092,0.9152450253629751,0.9396341463414634,0.9699183976261129,3.1220626145575467,11.853301583769827,27.71222438518818
1234,grid_fixed_deep_d3_n400_lr05,0,0.48088923069667144,7.132967134449164,13.199853690277616,0.9081543607939926,0.9249322493224933,0.9656280909990108,3.0068742071899632,11.72845273247921,37.35795198293833
1234,grid_fixed_deep_d3_n400_lr05,1,0.5418595744939116,6.518809892736806,12.400477409223106,0.9297386677115683,0.9527680991095625,0.9716369930761622,2.7405532295797204,11.11193830723618,29.308611479539138
1234,grid_fixed_deep_d3_n400_lr05,2,0.3542681174459289,7.77907387176547,14.721945750032459,0.9218472375290978,0.9433410762679054,0.9661473788328387,3.3167459906755123,13.593920648332073,29.743670847966122
1234,grid_fixed_deep_d3_n400_lr05,3,0.5054608392701165,6.156267048989593,12.883665534194257,0.92761856256228,0.9439411536972513,0.9724777448071217,2.7430029777291685,10.085291830166904,29.541773740328274
1234,grid_fixed_deep_d3_n400_lr05,4,0.4666294405946293,7.397343762116715,13.379923124142767,0.9200964889862137,0.9444638017808751,0.9448813056379821,2.42367501535149,13.660160701219965,34.650327254075265
1234,grid_fixed_deep_d3_n400_lr05,5,0.549742225595997,5.884348318225852,12.293334765049991,0.9120451451960263,0.9432249322493226,0.931973293768546,3.126834492790469,7.469233859252929,44.94898239722618
1234,grid_fixed_deep_d3_n400_lr05,6,0.28451630534073413,8.426313916699934,15.496690827000123,0.7998456652659552,0.8772357723577235,0.8561325420375864,4.09697352855614,12.690265067811445,47.22123917506291
1234,grid_fixed_deep_d3_n400_lr05,7,0.5524474523648982,6.224204641466788,12.256348883686874,0.9218325665810584,0.936411149825784,0.9654302670623145,3.3746966263477773,9.15360771262429,30.198145370483395
1234,grid_fixed_deep_d3_n400_lr05,8,0.3555393308366189,7.331022198275392,14.707447507960271,0.9219264300033876,0.9487611304684476,0.951211671612265,2.976134653004335,12.33899533141165,37.230872826209435
1234,grid_fixed_deep_d3_n400_lr05,9,0.29159433272832813,8.100608164987877,15.419848668138679,0.9156260127685278,0.9435346496322106,0.9708704253214638,3.0573372671582626,14.910121956380209,29.908516235351563
1234,grid_fixed_deep_d4_n200_lr05,0,0.6161390897256158,5.505750617443645,11.35078878708562,0.9233768906694799,0.944696089818041,0.9689910979228487,2.54624162672077,8.46261054165002,31.491990688030537
1234,grid_fixed_deep_d4_n200_lr05,1,0.6373287786432764,4.993025794124228,11.033051503263234,0.9254638825189707,0.9525164537359659,0.9756058358061326,2.533509040191678,7.095947007982659,31.087116106473484
1234,grid_fixed_deep_d4_n200_lr05,2,0.6114667549950745,5.502450155402753,11.419660446295241,0.9233758933749243,0.9303329461866047,0.9693620178041544,2.7091949529178847,7.6897828089858535,37.687705051715554
1234,grid_fixed_deep_d4_n200_lr05,3,0.6458372608219428,4.967420590427157,10.902862423758446,0.933149159759315,0.9495741385985288,0.9781651829871415,2.493746001355298,6.979680263681125,32.51606399536133
1234,grid_fixed_deep_d4_n200_lr05,4,0.5966662906067193,5.4860621740125834,11.635133169110317,0.9075839853533847,0.9359659310878823,0.9496290801186944,2.285413923923534,7.853203103776412,44.13241666353666
1234,grid_fixed_deep_d4_n200_lr05,5,0.6141828902240793,5.315313311258646,11.379674497471196,0.9242290835345012,0.946225319396051,0.9384767556874382,2.6335535683393307,7.376166423959443,36.71302136347844
1234,grid_fixed_deep_d4_n200_lr05,6,0.5083083510177868,6.530294707320232,12.846520497268015,0.8939274648174641,0.9163472706155633,0.9418150346191889,3.511813595657349,9.038564415949041,39.47581226348877
1234,grid_fixed_deep_d4_n200_lr05,7,0.6107997661203023,5.677417239337896,11.429458218387925,0.9285692419322904,0.9419957413859853,0.9747279920870425,3.479810487378985,7.373987863621568,31.308042684701775
1234,grid_fixed_deep_d4_n200_lr05,8,0.5596078968811703,4.7190042827992675,12.157908189678745,0.9300939317088752,0.9521873790166473,0.952274975272008,2.068176373287324,6.192106169544567,42.91278700901913
1234,grid_fixed_deep_d4_n200_lr05,9,0.5763694607289582,5.803894557290776,11.924295458273038,0.9182046907473096,0.9456155632984902,0.9706726013847676,2.7502500981659703,9.131961703491212,29.098950324425328
1234,grid_fixed_deep_d4_n400_lr05,0,0.5975309360616916,5.701419080027073,11.622655086779133,0.915902166412009,0.9414246999612853,0.9697823936696339,2.579284332477474,8.907059336853028,32.02026155618521
1234,grid_fixed_deep_d4_n400_lr05,1,0.6208261376568613,5.263436308482899,11.281277812362763,0.9235548998744328,0.9515679442508711,0.9753956478733927,2.692748319707618,7.536255856277004,31.587030422504135
1234,grid_fixed_deep_d4_n400_lr05,2,0.5917571010675837,5.948939053921356,11.705727711308437,0.9199484878066402,0.9331591173054588,0.970301681503462,3.090021074376807,8.340867394927054,36.9466267483051
1234,grid_fixed_deep_d4_n400_lr05,3,0.6146894069153807,5.272988625980768,11.372202190030457,0.9261445089700449,0.9413472706155632,0.9788081107814045,2.5814715346015737,7.5816217018358625,33.735204855111924
1234,grid_fixed_deep_d4_n400_lr05,4,0.5479756378285345,5.95604273709796,12.317427624527875,0.8734456001028413,0.916066589237321,0.9280909990108802,2.3220279879297236,8.959604174203584,45.82546411367563
1234,grid_fixed_deep_d4_n400_lr05,5,0.6002901296579928,5.564426416215793,11.582746046009252,0.9209235383238206,0.9470383275261325,0.9339268051434224,2.727617746179232,7.843854279304273,37.51550499549278
1234,grid_fixed_deep_d4_n400_lr05,6,0.48349614048751177,6.705479408549053,13.166667961523455,0.8804609280956368,0.9002710027100271,0.9395647873392681,3.52451056272076,9.465354163476194,39.944785056480995
1234,grid_fixed_deep_d4_n400_lr05,7,0.5717175445069475,6.11045658758919,11.989587459828819,0.9329855903980051,0.9456833139759969,0.9749258160237388,3.3627849517264417,8.679222732220275,32.47614678309514
1234,grid_fixed_deep_d4_n400_lr05,8,0.5340519975727351,5.0068303396014615,12.505694788754813,0.929060542906227,0.9520712349980643,0.94933234421365,2.188325385921984,6.767555089129823,43.148622524554916
1234,grid_fixed_deep_d4_n400_lr05,9,0.5349440377730831,6.330775653517992,12.493718208985035,0.9177134679218514,0.9468544328300426,0.9718842729970327,2.9546372295438434,10.05129781854803,31.565888196505032
1234,grid_fixed_frozen_d2_n200_lr05,0,0.48145908354933775,6.70963528067232,13.19260664382131,0.9141098272274643,0.9371854432830042,0.9620672601384768,2.5672897040605713,12.544223422796076,21.556356236384467
1234,grid_fixed_frozen_d2_n200_lr05,1,0.5470685429913282,6.605839023932492,12.329780360571323,0.9048170715765842,0.9266260162601626,0.9698194856577647,3.5078758174119624,10.167875822494969,27.88242847442627
1234,grid_fixed_frozen_d2_n200_lr05,2,0.4345014645601537,7.490157906443639,13.777005771025024,0.9243241356684979,0.9370402632597754,0.9656033630069238,3.0333205433729984,13.258905093476267,29.922030093853287
1234,grid_fixed_frozen_d2_n200_lr05,3,0.6099598979358711,5.597346072395458,11.441783577468604,0.9098211726841777,0.9336430507162214,0.9619683481701286,3.220739303596113,7.933246512811833,26.955016520573544
1234,grid_fixed_frozen_d2_n200_lr05,4,0.6230079394090585,5.864442283257082,11.2487742256286,0.9295488092720197,0.9440669763840495,0.9674703264094956,2.438041689818461,9.734120231767134,30.28512721135066
1234,grid_fixed_frozen_d2_n200_lr05,5,0.6203388079820944,4.929303122073701,11.28852506310963,0.9143769497891882,0.947173828881146,0.9447082096933729,3.0663733461472984,6.08298822035356,30.26771591186523
1234,grid_fixed_frozen_d2_n200_lr05,6,0.5904469914530288,5.697845935789229,11.724495340190487,0.8747804588008266,0.902632597754549,0.9426557863501484,4.129191156327579,6.649152519503507,27.289314947861893
1234,grid_fixed_frozen_d2_n200_lr05,7,0.6127565572900503,6.088916575403276,11.400689935128435,0.8674358678246914,0.9291908633372048,0.9534124629080118,4.146357814082347,8.152501783336293,21.587557736910302
1234,grid_fixed_frozen_d2_n200_lr05,8,0.5591687593747858,5.434646258138244,12.163968315603704,0.9224884045024111,0.93721447928765,0.9644040553907023,2.877774765081371,7.391061875453141,35.47761315859281
1234,grid_fixed_frozen_d2_n200_lr05,9,0.5747868586913524,6.167494556191442,11.946548129403977,0.8997217563415583,0.9317750677506774,0.9679525222551929,3.302989292579295,9.540906476708614,24.827802376380337
1234,grid_fixed_slow_d2_n400_lr02,0,0.5246712896622919,6.362924847747502,12.63095307009003,0.9101793006899513,0.9346205962059622,0.9624876360039565,2.5960937999408134,11.423953178544476,22.96878544440636
1234,grid_fixed_slow_d2_n400_lr02,1,0.6024755702464287,5.596021106976816,11.55103792367579,0.8938657313173042,0.9195896244676732,0.9632047477744807,3.7229824565732943,6.760710734419388,31.011713025019716
1234,grid_fixed_slow_d2_n400_lr02,2,0.5176727001634751,6.800961672501845,12.723600366637148,0.9225329399133124,0.9425764614789005,0.9682121661721069,3.041671491849619,11.574732812499999,26.890940311138444
1234,grid_fixed_slow_d2_n400_lr02,3,0.6333239326672624,5.415568279026541,11.093801235588368,0.9103784630668648,0.9355400696864111,0.9663946587537092,3.216471807859551,7.609007882690427,24.77175142141489
1234,grid_fixed_slow_d2_n400_lr02,4,0.6418785856916313,5.7139776846927,10.963626793622758,0.9252414316856327,0.9396147890050329,0.9656033630069238,2.4745107062345935,9.21711958581173,30.774967938936673
1234,grid_fixed_slow_d2_n400_lr02,5,0.6586504545840377,4.664880109210859,10.70381914442183,0.9060565530204283,0.9439605110336817,0.9483803165182987,3.0611285379126763,5.697907710266113,25.972351972139794
1234,grid_fixed_slow_d2_n400_lr02,6,0.6210093872556361,5.2272438129648755,11.278551438432794,0.8628528913462543,0.8789198606271776,0.9441023738872403,4.1753498029589915,5.477176813114051,24.630281025813176
1234,grid_fixed_slow_d2_n400_lr02,7,0.6456137244010925,5.877741098463029,10.906302653525719,0.8621917391525362,0.9249709639953543,0.9529920870425321,4.36010114845604,7.04775233080315,23.59848669198843
1234,grid_fixed_slow_d2_n400_lr02,8,0.551577857764221,5.234887245898841,12.268250148401972,0.9126708291773628,0.9325880758807588,0.9635385756676558,2.9402426931501546,7.042219066642994,31.542277999291056
1234,grid_fixed_slow_d2_n400_lr02,9,0.5811166283365368,6.265369016466037,11.857295913924816,0.8989983805924442,0.927177700348432,0.9671612265084075,3.311206577147617,9.849825893748891,24.171210233248193
2026,grid_fixed_deep_d3_n200_lr05,0,0.4439627370432,6.547045444776672,13.661269111367599,0.9291544944383366,0.9508710801393727,0.9706478733926805,2.690517565812962,9.55652839087284,51.116783300546494
2026,grid_fixed_deep_d3_n200_lr05,1,0.4479411553639071,7.3346515764130435,13.612308533894188,0.9231034132464054,0.9307588075880758,0.9733184965380811,2.955317611546397,12.425974076057202,36.70126417306753
2026,grid_fixed_deep_d3_n200_lr05,2,0.5515085072090847,5.379599852297176,12.2691987824962,0.9059796395033415,0.9240708478513358,0.9603239366963403,3.1352824749147423,6.603389137083113,38.01339341383714
2026,grid_fixed_deep_d3_n200_lr05,3,0.5454784747263361,6.152539364145976,12.35140395915934,0.926167041902793,0.9364401858304298,0.9630069238377844,3.043989006112622,8.941269448621345,37.47139212975135
2026,grid_fixed_deep_d3_n200_lr05,4,0.6085583103610678,5.653380958484341,11.462322851152551,0.9127085119981788,0.9313492063492064,0.9652077151335312,3.3100305391165343,7.721007241497618,29.702337135901818
2026,grid_fixed_deep_d3_n200_lr05,5,0.6111102864401267,5.364261024648137,11.42489785729862,0.9167505131998227,0.9198509485094851,0.9710187932739862,2.9404191616527324,7.176419059198554,34.38316903040959
2026,grid_fixed_deep_d3_n200_lr05,6,0.5182448073294041,6.458938443192414,12.716052149084492,0.9302245846108053,0.94675764614789,0.970091493570722,2.6183762408331046,10.564961092446067,36.768409007145806
2026,grid_fixed_deep_d3_n200_lr05,7,0.49453081564114676,5.927883941621426,13.025261172153392,0.9103134179567121,0.9349206349206348,0.9576904055390703,3.12238548894807,8.350843373662775,35.38525025000939
2026,grid_fixed_deep_d3_n200_lr05,8,0.5399827065185017,6.826734059192983,12.425852020995968,0.9171887591666976,0.9282713898567557,0.9565529179030663,3.499255223816082,11.249779989300354,22.10088918245756
2026,grid_fixed_deep_d3_n200_lr05,9,0.5448307347702223,6.295910345533942,12.360201836773216,0.9326283575089382,0.938966318234611,0.9743323442136499,2.6289344690272287,10.85187868411902,27.169102166982796
2026,grid_fixed_deep_d3_n400_lr05,0,0.3333871720347156,7.456263326198486,14.95808274953373,0.9279387988313756,0.9548199767711962,0.9719337289812067,2.828432323961976,11.851443943185517,50.99165162013127
2026,grid_fixed_deep_d3_n400_lr05,1,0.33167618301683266,8.160664290172152,14.977266834266633,0.9219251650794753,0.9346496322106078,0.9691147378832838,3.0652899089673773,14.272055209119392,39.9475835770827
2026,grid_fixed_deep_d3_n400_lr05,2,0.4830466638614901,6.26541698074825,13.172395723683065,0.8800762103201337,0.9100271002710028,0.9496785361028685,3.3812442992505036,8.653738839952872,37.85088400914119
2026,grid_fixed_deep_d3_n400_lr05,3,0.39854673223584425,7.285048468974007,14.208232084374037,0.9210747644805887,0.937020905923345,0.963427299703264,3.194496927265181,11.871491410596443,36.86203268197867
2026,grid_fixed_deep_d3_n400_lr05,4,0.5280800770922638,6.7529603022179305,12.585580567999418,0.9131463853817579,0.9238288811459543,0.9648367952522254,3.391809128454748,10.337965683954412,33.38644410940317
2026,grid_fixed_deep_d3_n400_lr05,5,0.5404613645620947,5.997422767143584,12.4193856532149,0.9227868809174113,0.9317363530778165,0.9681503461918892,2.808175854189063,8.822131031521883,38.591501620366024
2026,grid_fixed_deep_d3_n400_lr05,6,0.4887139101671759,6.859930252741558,13.099993698967122,0.922989426159294,0.9392276422764227,0.9678783382789318,2.7929027662629977,11.347199990521055,37.190788867657
2026,grid_fixed_deep_d3_n400_lr05,7,0.38017240358270565,6.960267275069673,14.423629304157936,0.9088073215919187,0.9361595044521873,0.9510385756676558,3.2045132677362647,11.124152311197916,34.715216281597435
2026,grid_fixed_deep_d3_n400_lr05,8,0.48692490571575675,6.996143248135507,13.122892309485591,0.9198741177587672,0.9388792102206736,0.9485905044510387,2.9068068520211656,12.69595246924198,22.41586117377648
2026,grid_fixed_deep_d3_n400_lr05,9,0.35998475976438205,8.026495282264392,14.656634437335184,0.9240884833475945,0.9339527680991095,0.9776706231454007,3.179951056561487,14.648022590452252,27.998328599196217
2026,grid_fixed_deep_d4_n200_lr05,0,0.5290195118769112,5.365150663019176,12.57304748607641,0.9189902581363686,0.9473480449090205,0.9709446092977251,2.4619014676380497,6.550718317806359,52.625755468515244
2026,grid_fixed_deep_d4_n200_lr05,1,0.5678518729983736,5.942880677421286,12.043574836295278,0.9227364156423906,0.934998064266357,0.9734668644906033,2.8677349171242663,8.71367779337565,36.772430138221154
2026,grid_fixed_deep_d4_n200_lr05,2,0.5574356138195351,5.4545454577258585,12.187856421984751,0.912948301125405,0.9252903600464577,0.9599406528189911,2.7976740387513903,7.0490928542628435,42.23660741659312
2026,grid_fixed_deep_d4_n200_lr05,3,0.5771335289009139,5.296899546618055,11.913537161031877,0.9196287022181893,0.9355594270228418,0.9638724035608309,2.6769629470131986,6.628564400551535,44.62286957667424
2026,grid_fixed_deep_d4_n200_lr05,4,0.6747476427902165,4.646617985519058,10.448388787109032,0.9155999662016315,0.9306329849012775,0.9689663699307616,2.936378442395528,6.09720137976444,22.939738945594197
2026,grid_fixed_deep_d4_n200_lr05,5,0.6785076736718438,4.548433603693504,10.387819716000191,0.9229826695883672,0.9291908633372048,0.9736152324431256,2.7839649175449765,5.74698798014323,27.204225243788493
2026,grid_fixed_deep_d4_n200_lr05,6,0.5947373019052564,5.241759816372828,11.662923146238706,0.9203010941119675,0.9400600077429346,0.9729970326409496,2.5204995574620295,7.256836349071157,38.06822015028733
2026,grid_fixed_deep_d4_n200_lr05,7,0.5377385488435062,5.773053198253289,12.456124409551993,0.9114690413192622,0.942063492063492,0.9573689416419388,3.118490431625339,7.442381422840466,41.556426646892845
2026,grid_fixed_deep_d4_n200_lr05,8,0.5965168299487305,5.765244467686293,11.637288745927604,0.9196740723526742,0.9306426635694929,0.9559099901088032,2.818493656389243,8.649344370431612,32.4011669599093
2026,grid_fixed_deep_d4_n200_lr05,9,0.6355133728804083,5.3119704870072075,11.060630838912314,0.9291043477359494,0.9463511420828494,0.9797477744807122,3.022104545143839,6.978412750521574,33.305018510084885
2026,grid_fixed_deep_d4_n400_lr05,0,0.5107328588841005,5.4804653678891535,12.814808569191026,0.9149637579998484,0.9449864498644986,0.970276953511375,2.519904862513525,6.694358541222774,53.61154286017784
2026,grid_fixed_deep_d4_n400_lr05,1,0.5474996727824237,6.179724192304465,12.323910817710633,0.9212714516702686,0.9327526132404181,0.9733926805143422,2.946036815698412,9.223548381967255,36.946477021437424
2026,grid_fixed_deep_d4_n400_lr05,2,0.5417929693344574,5.65556368435148,12.401378776699536,0.9008781701461114,0.9109272164150213,0.958630069238378,2.9194817528821067,7.429739292167894,41.85770857590896
2026,grid_fixed_deep_d4_n400_lr05,3,0.5290668425258944,5.917902083921369,12.572415713143446,0.9155527658368217,0.929732868757259,0.9658753709198813,2.879292617587018,7.984838579258774,44.896942035968486
2026,grid_fixed_deep_d4_n400_lr05,4,0.6717313911854718,4.636610902945103,10.49672393593323,0.9142571167794546,0.928890824622532,0.9704500494559842,2.938374959494888,6.0868107122247865,22.67698472536527
2026,grid_fixed_deep_d4_n400_lr05,5,0.6714914639071441,4.703200006432648,10.500559195123543,0.9258303849374467,0.9353852109949671,0.9730217606330367,2.7995131837883136,6.26284785567775,25.763717575073237
2026,grid_fixed_deep_d4_n400_lr05,6,0.5789214301794297,5.4634448632449395,11.88832495798654,0.9126783247242869,0.9378435927216415,0.9708951533135509,2.6456769403072067,7.600047548374985,38.818660821181076
2026,grid_fixed_deep_d4_n400_lr05,7,0.5001656160850448,6.183455613560165,12.952457089524126,0.9073162144483999,0.94159891598916,0.9560089020771514,3.1158770039470216,8.560175526520702,41.85235149383546
2026,grid_fixed_deep_d4_n400_lr05,8,0.5617851079297331,5.836582209923743,12.127817812277323,0.9075829817689944,0.9259581881533101,0.9509149357072206,2.5906942640882926,9.04423515842322,34.78581300882193
2026,grid_fixed_deep_d4_n400_lr05,9,0.6163152298635497,5.661141314015128,11.34818425135789,0.9244195786615178,0.9445025164537358,0.9788575667655787,3.0156729659744315,8.014176496933446,32.57151546184833
2026,grid_fixed_frozen_d2_n200_lr05,0,0.5438583725993407,6.13859668735045,12.373397126669,0.9107347121583041,0.9278358497870692,0.9629451038575668,3.2670329604339603,7.7623075736305935,47.15813388531024
2026,grid_fixed_frozen_d2_n200_lr05,1,0.530522770357221,6.262330226119978,12.55296635069464,0.9159678820894863,0.9309717382888116,0.9644040553907022,2.910086889776551,10.473773725382486,24.75369280008169
2026,grid_fixed_frozen_d2_n200_lr05,2,0.5735347928433092,5.2632249874601635,11.964123867968482,0.8979568042391316,0.9180991095625242,0.9636993076162215,3.441282281807657,5.807018672041459,37.46292167370136
2026,grid_fixed_frozen_d2_n200_lr05,3,0.6004733997805778,5.608611623355274,11.5800903514319,0.9055464479470006,0.9238869531552458,0.9600148367952522,3.523559038176314,6.266348775320341,42.00884556110089
2026,grid_fixed_frozen_d2_n200_lr05,4,0.6497648091827691,5.140206959161153,10.842239302364444,0.8991934481089786,0.9163859852884243,0.9634767556874382,3.2002187341364654,6.813929371966736,25.531939010620118
2026,grid_fixed_frozen_d2_n200_lr05,5,0.6303377664515688,5.510246057199608,11.138882934617643,0.9132665604629694,0.9264034068912117,0.9637982195845697,3.091634609390177,7.7688630245324335,28.750307159423826
2026,grid_fixed_frozen_d2_n200_lr05,6,0.608174333394737,5.3443238375685045,11.467943342360908,0.9148128285902605,0.9308555942702285,0.9680143422354105,2.874401215427221,7.018680967897358,37.101207304734444
2026,grid_fixed_frozen_d2_n200_lr05,7,0.5813874516837674,5.75435507658969,11.853462207458616,0.8865120202791662,0.9342818428184282,0.944090009891197,3.778598773413081,7.728615457384514,23.099204750061027
2026,grid_fixed_frozen_d2_n200_lr05,8,0.6137814398235739,5.435142923028057,11.385593347381509,0.9093291376394135,0.928668215253581,0.9537091988130565,3.427245657798739,6.783543874705921,31.413387536268967
2026,grid_fixed_frozen_d2_n200_lr05,9,0.5162092968458811,7.166094879946469,12.742887743774107,0.9121896312781641,0.9355981416957027,0.9577893175074184,3.843220099382435,11.227136875083229,26.93610523223877
2026,grid_fixed_slow_d2_n400_lr02,0,0.5500023828399507,5.906421231242875,12.28978273065568,0.913400907033392,0.9305942702284166,0.9649604352126607,3.117766553926913,7.357848935722584,47.33327382601225
2026,grid_fixed_slow_d2_n400_lr02,1,0.5688644171346042,6.071717165042702,12.02945722029331,0.9200253183674699,0.9282810685249709,0.9744930761622157,3.0235314040429446,9.633704320086855,26.280636144784783
2026,grid_fixed_slow_d2_n400_lr02,2,0.5760760395965794,5.499215151561596,11.928424332737036,0.8980167503079072,0.9160278745644599,0.9577893175074184,3.25812279914897,6.724389435369318,38.04621588193453
2026,grid_fixed_slow_d2_n400_lr02,3,0.6108447520245373,5.492546049802768,11.428797659469327,0.9017493941944004,0.9211382113821137,0.9613501483679525,3.5981244804837633,5.703848506673177,43.467831623370834
2026,grid_fixed_slow_d2_n400_lr02,4,0.6349449042005106,5.494586086995398,11.069252791055549,0.89863838170002,0.9212930700735579,0.962240356083086,3.3984719157546395,7.780483802934126,21.467103829017052
2026,grid_fixed_slow_d2_n400_lr02,5,0.6615453683388589,4.9588059566799965,10.658334081473274,0.9134866806771945,0.9250677506775067,0.9708209693372898,3.3871647756640804,6.234072140919078,22.502572810833268
2026,grid_fixed_slow_d2_n400_lr02,6,0.6115190419307375,5.2234074999229545,11.418892018948602,0.9062353090110049,0.9276422764227642,0.9622527200791297,3.121389143892924,6.185968364045114,38.11883663470928
2026,grid_fixed_slow_d2_n400_lr02,7,0.5922679901452059,5.772425016676821,11.698400945040968,0.8698921045829375,0.9094463801780875,0.944164193867458,4.080852736500839,7.177000442967272,24.24886508061335
2026,grid_fixed_slow_d2_n400_lr02,8,0.5902148449801334,6.170737170783446,11.727817760723898,0.9072377111613918,0.9280197444831592,0.9560830860534124,3.68538452507101,8.817201017807468,25.92049512423002
2026,grid_fixed_slow_d2_n400_lr02,9,0.601369148124373,6.285978755175634,11.567101645150567,0.9107724345635702,0.9281262098335268,0.9581849653808111,3.61163001043559,9.187645150433164,26.85277449094332
31337,grid_fixed_deep_d3_n200_lr05,0,0.5418063920753338,6.23510545773429,12.401197132047905,0.9214045996144858,0.9290553619821912,0.9739737883283877,2.9723627181284913,8.96603485551314,41.59678805131178
31337,grid_fixed_deep_d3_n200_lr05,1,0.5537710231126116,5.73426328480276,12.238212291279275,0.9201689963378153,0.9388211382113821,0.9698318496538081,2.7532620831126553,8.705136378710199,32.003899806096
31337,grid_fixed_deep_d3_n200_lr05,2,0.5105713896853752,6.269497438080369,12.816922982775509,0.8954569386806022,0.9227351916376305,0.9470573689416418,3.627669291294877,7.95075068507339,41.62821029956524
31337,grid_fixed_deep_d3_n200_lr05,3,0.6376834887280345,5.434164199996297,11.027654753013472,0.9295673042553894,0.9355594270228417,0.9775346191889219,2.703802975726794,7.7045347584117545,35.21567492558406
31337,grid_fixed_deep_d3_n200_lr05,4,0.598582807673816,4.733379974744367,11.607456975296842,0.9136668597402512,0.9327526132404181,0.9670994065281899,3.006879678178193,5.885011619614111,27.16986930847168
31337,grid_fixed_deep_d3_n200_lr05,5,0.6536492564244278,4.962839961826316,10.7819461952405,0.9342615091206392,0.9494773519163763,0.9608555885262118,2.528423435519092,7.6730567595048385,22.810258363577034
31337,grid_fixed_deep_d3_n200_lr05,6,0.6490258489437669,4.884785218167294,10.853671280493925,0.9408058993973594,0.9584397986837011,0.9684223541048467,2.3677298897320056,6.831536224873862,34.19590218177208
31337,grid_fixed_deep_d3_n200_lr05,7,0.6212465738909669,5.188439698623557,11.275021614399988,0.9248755519134435,0.9366821525358111,0.9759767556874381,2.7874255874070473,6.396597393521396,41.38358718872071
31337,grid_fixed_deep_d3_n200_lr05,8,0.46655224993893074,6.561785130175501,13.380891276261533,0.9212144782534544,0.946980255516841,0.9585558852621167,2.8668567831973277,10.488758522634795,36.01827736487756
31337,grid_fixed_deep_d3_n200_lr05,9,0.5961372616165324,5.493770225251698,11.642761226891242,0.9155757267407721,0.9324525745257451,0.9663452027695351,2.952372901250231,8.039540864701705,27.724362370417673
31337,grid_fixed_deep_d3_n400_lr05,0,0.45144432453779104,7.122052795892794,13.56905036401353,0.9200564069506555,0.9359078590785908,0.9676310583580613,2.9708420830978888,11.292838352827594,43.27652756324181
31337,grid_fixed_deep_d3_n400_lr05,1,0.45847506203161137,6.745748101675421,13.481813924157999,0.9216912030741274,0.9399051490514905,0.9709322453016815,2.795611943960429,11.323587573010993,33.41840004260723
31337,grid_fixed_deep_d3_n400_lr05,2,0.4288430921953861,6.86478180425239,13.845760496372254,0.8868396740938794,0.9251258226867983,0.9482690405539071,3.1828182913575804,10.226366989875563,43.21910984039307
31337,grid_fixed_deep_d3_n400_lr05,3,0.5613061458146617,6.46690712504172,12.134443761120876,0.9230451024575296,0.9327719705768487,0.9679154302670623,2.808293873254783,10.38704346933076,35.23079946664664
31337,grid_fixed_deep_d3_n400_lr05,4,0.5434646649434074,5.497012934608126,12.378735874724196,0.9144358996170603,0.9352109949670926,0.9664688427299702,3.01805475252172,7.7707182256987615,29.84070214785062
31337,grid_fixed_deep_d3_n400_lr05,5,0.5877987944587764,5.8443802346154845,11.762339945686767,0.9189850842502615,0.9361788617886179,0.9534124629080118,2.786597997384157,9.640182184438995,23.291605039743278
31337,grid_fixed_deep_d3_n400_lr05,6,0.6021370294790724,5.453444129429072,11.555955439100298,0.943292416057758,0.9660472319008904,0.9645153313550939,2.2940035025255487,8.475759348366475,34.8997459587684
31337,grid_fixed_deep_d3_n400_lr05,7,0.5742953009604889,5.779521952366818,11.953451399002338,0.9275774221703768,0.9410956252419668,0.9762858555885262,2.7335552528590537,8.166648714377663,40.85250606243427
31337,grid_fixed_deep_d3_n400_lr05,8,0.40069132770737115,7.280221192612679,14.182878392902692,0.9235726979049957,0.9506387921022067,0.9601137487636004,2.8305893241107083,12.235628196993739,39.88061623793382
31337,grid_fixed_deep_d3_n400_lr05,9,0.5053339663692358,6.451727439739136,12.885318065809622,0.9066489007061369,0.923509485094851,0.9628585558852621,3.09552301313995,10.397794506466028,28.396340440603407
31337,grid_fixed_deep_d4_n200_lr05,0,0.6341409116383223,5.22728566086116,11.081435475689927,0.9056941984199492,0.9259485094850949,0.9632542037586548,2.9723161494527837,6.831187117050633,33.26518976945143
31337,grid_fixed_deep_d4_n200_lr05,1,0.5557776948115749,5.547172756455337,12.210663939516538,0.9183782651775746,0.9452671312427411,0.9719337289812068,2.52589354613082,7.999358469460228,39.264577143742486
31337,grid_fixed_deep_d4_n200_lr05,2,0.5410940378233542,5.857606052407613,12.410833467479755,0.8913477953152904,0.935801393728223,0.949975272007913,4.031988373569365,6.097102571707061,41.998406568673936
31337,grid_fixed_deep_d4_n200_lr05,3,0.6123426749713208,5.086999881225436,11.4067807856815,0.9153694121343162,0.9337979094076655,0.9524233432245302,2.495813511056524,6.451254739287404,43.38230339637169
31337,grid_fixed_deep_d4_n200_lr05,4,0.6294883095434823,4.922001465158609,11.15167376187565,0.9148398454383474,0.9335269066976384,0.9591864490603363,2.882440323993314,5.570947675670277,40.457496361365685
31337,grid_fixed_deep_d4_n200_lr05,5,0.6250569250622144,5.075803471288368,11.218163527705599,0.9104321424041444,0.9232094463801781,0.9712660731948566,3.259683110282652,5.471457686730586,39.03077540764442
31337,grid_fixed_deep_d4_n200_lr05,6,0.6388375627953207,5.498684734475701,11.010077744166479,0.9418385933160742,0.9548199767711962,0.954723046488625,2.1810894486994044,8.735993863469904,35.61045999967135
31337,grid_fixed_deep_d4_n200_lr05,7,0.6452464752755157,4.667204927354976,10.911952269846662,0.9359456299999566,0.9510065814943864,0.9761993076162216,2.586550184923671,5.229459704682322,42.18494607191819
31337,grid_fixed_deep_d4_n200_lr05,8,0.38407688206233326,6.711219649448687,14.378128168053163,0.9040261455560815,0.9460027100271002,0.9337784371909,2.8023511884378958,11.465572321943801,30.25784346947303
31337,grid_fixed_deep_d4_n200_lr05,9,0.6342835133628197,5.514161419916716,11.079275647122508,0.924268041055805,0.9498161053039101,0.9551434223541049,2.7403229504250963,7.973643917939157,33.82849379025973
31337,grid_fixed_deep_d4_n400_lr05,0,0.6164176750483282,5.411680902097272,11.34666914763767,0.9058186314015466,0.9266356949283778,0.9613501483679525,2.9091973478873743,7.389589768380831,34.01460003192608
31337,grid_fixed_deep_d4_n400_lr05,1,0.5201633398479345,5.717033487856507,12.690706810716627,0.9149111728334455,0.9435733643050717,0.9662710187932739,2.4883764812890607,8.542599333375874,39.1460288972121
31337,grid_fixed_deep_d4_n400_lr05,2,0.5225445487628131,5.82415661152462,12.659178573033644,0.892416058778653,0.9381049167634533,0.9497032640949554,3.700060727937486,6.464365798534048,43.28479012415959
31337,grid_fixed_deep_d4_n400_lr05,3,0.5808661653791739,5.63326203658924,11.86084030097775,0.907561165431158,0.931223383662408,0.9456726013847675,2.5550358536570563,7.852148926613548,43.53393651228684
31337,grid_fixed_deep_d4_n400_lr05,4,0.6170372769682092,4.9893540563322105,11.337501286019926,0.9144163975134422,0.9350561362756485,0.9589268051434224,2.92168179989367,5.739982911450936,39.83756932185246
31337,grid_fixed_deep_d4_n400_lr05,5,0.597679473066353,5.435433740910754,11.62051013472619,0.9072624102700813,0.9208091366627953,0.9704005934718101,3.3329879668564613,6.166564898219254,41.27741297208346
31337,grid_fixed_deep_d4_n400_lr05,6,0.6190472547720343,5.763730046704498,11.307709736962728,0.940450453903463,0.9531358885017421,0.9540553907022749,2.159863846249461,9.550422392087995,35.04637873429518
31337,grid_fixed_deep_d4_n400_lr05,7,0.6171748477805927,5.167174702936752,11.3354647309372,0.9337878637119355,0.9497483546264034,0.9757789317507418,2.607255663557702,6.530485931766394,42.80341002831092
31337,grid_fixed_deep_d4_n400_lr05,8,0.3756851649100851,6.845975488896693,14.475745046149951,0.903703024147521,0.9461285327138986,0.9336300692383779,2.927126193939127,11.70024873227206,29.33858073014479
31337,grid_fixed_deep_d4_n400_lr05,9,0.6166890727122946,5.655637534638454,11.342654358375064,0.9224421225570106,0.9472706155632986,0.9556627101879328,2.8426136457830173,8.244042971108177,33.174619686420144
31337,grid_fixed_frozen_d2_n200_lr05,0,0.5685742306838039,6.14305787401404,12.033504900932849,0.9096098196463299,0.9340301974448315,0.9603239366963403,3.5129868173601975,8.959941063528351,26.83568083836482
31337,grid_fixed_frozen_d2_n200_lr05,1,0.5932611880129178,5.577029532019617,11.684144140542012,0.8914456685417906,0.9368370112272552,0.9611152324431256,3.576103955262434,6.906738417238177,31.64289644388052
31337,grid_fixed_frozen_d2_n200_lr05,2,0.5911340696838138,5.9205804335832495,11.71465653204937,0.8975400656209327,0.9274487030584592,0.9541543026706231,3.6884063153260755,6.928058165394175,41.039253760117745
31337,grid_fixed_frozen_d2_n200_lr05,3,0.6346636916839292,5.664893470205477,11.073515453360832,0.909854068972438,0.9296747967479675,0.9652077151335312,3.2235238658545438,7.3839604045983505,36.24151465782752
31337,grid_fixed_frozen_d2_n200_lr05,4,0.6615813744560153,4.882447873334821,10.657767128923538,0.8997068276670245,0.9179636082075107,0.9634396636993077,3.7108501115685466,5.425128617396499,23.13886731661283
31337,grid_fixed_frozen_d2_n200_lr05,5,0.6198875185801815,5.725395064032823,11.295232199434048,0.914967831642955,0.9337979094076655,0.9564540059347182,3.404024129714146,8.094441256621389,25.476923440786507
31337,grid_fixed_frozen_d2_n200_lr05,6,0.5889374140059276,6.187251069212732,11.746083210479972,0.9012767026130325,0.927255129694154,0.955576162215628,3.1707516940739677,9.679590869695492,26.60011711414044
31337,grid_fixed_frozen_d2_n200_lr05,7,0.6448276817374043,5.724672105088266,10.918391257587235,0.9205872574199825,0.9336624080526519,0.9742952522255193,3.378316255829651,7.375725141814261,35.12540524996244
31337,grid_fixed_frozen_d2_n200_lr05,8,0.5031575589620864,6.792589162526286,12.91363305119661,0.9044962536524894,0.9371854432830042,0.9536721068249259,3.22339077785492,11.11114569937966,28.58062921964205
31337,grid_fixed_frozen_d2_n200_lr05,9,0.5793001992049197,6.31504568364183,11.882976855925042,0.9196606629418895,0.9423925667828106,0.9624752720079129,3.3257882906393506,9.953398497887813,24.290014783419092
31337,grid_fixed_slow_d2_n400_lr02,0,0.6135132855862684,5.155114147088366,11.389545209944169,0.9023267432206944,0.9249516066589236,0.9555390702274975,3.4171540854296123,6.389975224812826,26.78117409926194
31337,grid_fixed_slow_d2_n400_lr02,1,0.541077106547462,6.196761982571625,12.411062413412749,0.8863713346417145,0.921564072783585,0.9609174085064293,3.7163807299730856,8.344820745803371,32.16573687039889
31337,grid_fixed_slow_d2_n400_lr02,2,0.5762279745801783,5.640324565237032,11.926286558583476,0.8976166709834021,0.9251838946960899,0.9614243323442137,4.040359355845571,5.303333750915528,44.2552305485652
31337,grid_fixed_slow_d2_n400_lr02,3,0.6481362127521504,4.932856116202791,10.867418315274456,0.916702041801417,0.9405923344947735,0.9678907022749752,3.2877338565938534,5.137143559958718,37.64683167090783
31337,grid_fixed_slow_d2_n400_lr02,4,0.6422429117453484,4.990890905280248,10.958048585888884,0.8978939313829675,0.9169183120402632,0.9573936696340256,3.8540022984647586,5.3415357069998075,24.939777752802925
31337,grid_fixed_slow_d2_n400_lr02,5,0.5776275375608537,5.75561282191262,11.90657620430046,0.9037348838070021,0.9295780100658149,0.9472304648862512,3.5271169400433235,7.381294843823982,32.94890647007868
31337,grid_fixed_slow_d2_n400_lr02,6,0.624015376732012,5.7505385803583255,11.233734099803721,0.898162869238189,0.9213317847464189,0.9591493570722057,3.406900236581235,8.378132834602125,22.69838826986459
31337,grid_fixed_slow_d2_n400_lr02,7,0.6404081030294888,5.3021323265207565,10.986112613937562,0.9088660905179968,0.9331978319783197,0.9656651829871414,3.4410778666093615,5.829884628064705,38.544829600407525
31337,grid_fixed_slow_d2_n400_lr02,8,0.44781335625081164,7.235660692453113,13.613884036493797,0.895871436211781,0.9327913279132791,0.9312314540059348,3.293954257254515,12.466155160753651,25.44369978097769
31337,grid_fixed_slow_d2_n400_lr02,9,0.6485601591796419,5.404977609722212,10.860869485965178,0.9147903128723883,0.935269066976384,0.9595697329376855,3.381291515487342,7.262214866684422,25.26376783224252
7,grid_fixed_deep_d3_n200_lr05,0,0.6104355280223283,5.622007203086921,11.434805171197555,0.9124396851587604,0.9265001935733642,0.9553907022749754,3.6370219554344643,7.165314138516513,28.634717953021713
7,grid_fixed_deep_d3_n200_lr05,1,0.677772512154879,4.881853840130695,10.399689928607323,0.9207752317910379,0.9359659310878823,0.967359050445104,2.8185467113606992,7.002215835386334,22.251312279334435
7,grid_fixed_deep_d3_n200_lr05,2,0.6224257327407652,5.466665532257615,11.257456881675788,0.8968495804363743,0.9199380565234223,0.960435212660732,3.265407938238438,7.6515515008637385,24.977795063899116
7,grid_fixed_deep_d3_n200_lr05,3,0.38679357621620236,7.357056421543513,14.346383829286106,0.8856978515522776,0.9029519938056523,0.9492952522255194,3.3750659821497324,12.930522965679746,22.076545099111705
7,grid_fixed_deep_d3_n200_lr05,4,0.6098862627102493,5.085701313326228,11.442863567128665,0.9115954473924107,0.9345818815331011,0.9493570722057368,2.614273037050172,6.670014857575388,38.017759334857644
7,grid_fixed_deep_d3_n200_lr05,5,0.588568098261457,5.816823926003955,11.751358610975833,0.93169182514578,0.9448122338366242,0.963921859545005,3.0558403773028195,9.021060881227434,24.402617193368762
7,grid_fixed_deep_d3_n200_lr05,6,0.4025437816731722,6.983152249697011,14.160941898038217,0.9334792444209613,0.944996128532714,0.9688921859545006,2.7409835767092416,12.35689581488407,29.821411596444936
7,grid_fixed_deep_d3_n200_lr05,7,0.6086496825912315,5.36044972135164,11.460984977395983,0.916233487609396,0.9263840495547813,0.9704253214638972,3.156616388130598,7.195158233457623,29.371418603750378
7,grid_fixed_deep_d3_n200_lr05,8,0.5857282610492935,5.730864172429893,11.791844724483191,0.9262392495290729,0.9342431281455672,0.9764836795252226,3.2906737456124144,7.4280987462361665,36.55928143427922
7,grid_fixed_deep_d3_n200_lr05,9,0.63123391939176,5.389296708883957,11.125373034325568,0.9028883718894347,0.9029616724738676,0.9626854599406528,2.9443167833079404,8.19266093495687,22.281166088397683
7,grid_fixed_deep_d3_n400_lr05,0,0.513927632785184,6.436214774744298,12.772901537326621,0.9227310944298844,0.941715060007743,0.9597181008902078,3.5413360659846096,9.510511635335286,29.544843832162712
7,grid_fixed_deep_d3_n400_lr05,1,0.6530882404110724,5.580307108753296,10.790674914750726,0.9193047617836131,0.9416569879984513,0.9707467853610287,3.303177879876031,8.056322956709428,23.024648642906772
7,grid_fixed_deep_d3_n400_lr05,2,0.5584707401067067,6.154984136044525,12.173594817840081,0.8936579470066804,0.9252032520325203,0.9568991097922849,3.6642060080248657,8.627714085573137,28.226265370295604
7,grid_fixed_deep_d3_n400_lr05,3,0.26298963617669535,8.612837878100606,15.728086737445407,0.8857170752326332,0.9021002710027101,0.9474159248269041,3.5636409945413456,16.037374065561004,22.741873230567343
7,grid_fixed_deep_d3_n400_lr05,4,0.4947106495307405,6.517662503474797,13.022943927274607,0.8839656205998874,0.9292102206736353,0.9136993076162215,2.6742201404240658,10.150090239368787,42.89995810875526
7,grid_fixed_deep_d3_n400_lr05,5,0.4971682365138229,6.737215014646185,12.991235334711023,0.9215302650412421,0.9433604336043361,0.947700296735905,3.2163145873002086,10.883757315248431,29.671964216965893
7,grid_fixed_deep_d3_n400_lr05,6,0.19887977189192174,8.436095971068502,16.39788917587476,0.925857176468259,0.9377274487030585,0.9658259149357072,2.6772704290790625,16.234139545833703,33.05418338482197
7,grid_fixed_deep_d3_n400_lr05,7,0.5673124164242781,5.842955081844371,12.051089573615856,0.9115728575402364,0.9266356949283778,0.9706726013847675,3.2459546852191115,8.307894466099595,30.29280987079327
7,grid_fixed_deep_d3_n400_lr05,8,0.5632019953103229,6.222035720238217,12.108195402186732,0.9222212610757123,0.9373596593108788,0.9759643916913947,3.5860608231148667,8.417033368567264,34.93452682201679
7,grid_fixed_deep_d3_n400_lr05,9,0.5641089120538034,6.1062790741854105,12.09561884398989,0.8895742567161213,0.8988288811459543,0.9497279920870425,3.051950982477742,10.076946756582547,21.25992291964017
7,grid_fixed_deep_d4_n200_lr05,0,0.669111283174455,4.63993467418896,10.53853099436899,0.9155926528149222,0.930952380952381,0.9665430267062315,2.794796889635038,5.686050311279296,30.961808656545788
7,grid_fixed_deep_d4_n200_lr05,1,0.6450147100867771,5.497568591507509,10.915516149522134,0.9091698793788032,0.9317266744096012,0.9729723046488625,3.491494932871036,6.791080458346281,32.133344955444336
7,grid_fixed_deep_d4_n200_lr05,2,0.6561068301265542,4.509771462779973,10.743625794099163,0.9115258572565387,0.9280391018195896,0.973788328387735,2.897795359962491,5.574668263891971,25.5892607322106
7,grid_fixed_deep_d4_n200_lr05,3,0.41017474215002836,6.8367828902232475,14.070216537856304,0.8967500993533867,0.9316589237320945,0.9482566765578635,3.1572613158199347,11.012735294966264,32.802503849909854
7,grid_fixed_deep_d4_n200_lr05,4,0.6426577157522827,4.727635420772795,10.951694049617375,0.9122403877147971,0.9273809523809523,0.9519535113748764,2.5890007401959276,5.547645374922318,40.21820722433237
7,grid_fixed_deep_d4_n200_lr05,5,0.6620808903287885,4.380543932858974,10.649898635005425,0.9210126763032982,0.9457026713124275,0.9544510385756677,2.5423972585817562,5.400996853036592,30.878097032400277
7,grid_fixed_deep_d4_n200_lr05,6,0.4688268345965272,6.3097563094493445,13.352333199508918,0.9133581743134893,0.9312330623306233,0.9665182987141444,2.5456016154521,9.328748180088851,48.77633330711952
7,grid_fixed_deep_d4_n200_lr05,7,0.6743134925613733,4.207357694591047,10.45535977065462,0.9283699463688572,0.9379210220673635,0.9718100890207716,2.7206138111692857,4.388087595390552,33.821289220956665
7,grid_fixed_deep_d4_n200_lr05,8,0.6211377578476074,5.3376985304665086,11.276641157678656,0.9297094891350927,0.9386953155245839,0.9822453016815035,2.7322135976671063,7.561442654835094,33.03096897125244
7,grid_fixed_deep_d4_n200_lr05,9,0.636223589204939,5.349297299791415,11.04984955039991,0.9195480663174664,0.9406600851722803,0.9529426310583581,2.5438088838574537,8.414270431102405,26.657812790503872
7,grid_fixed_deep_d4_n400_lr05,0,0.6620994629597038,4.497183863582485,10.649605962367419,0.9156040259236726,0.9318815331010454,0.9680761622156281,2.704157462661907,5.369087541106253,31.911819176307095
7,grid_fixed_deep_d4_n400_lr05,1,0.6446376573372621,5.418694232576984,10.92131164750363,0.9106883245747173,0.9335849787069299,0.9731701285855588,3.444716335658002,6.716024919128418,31.31717653714693
7,grid_fixed_deep_d4_n400_lr05,2,0.6249633344216113,5.03273544229328,11.219563539695688,0.9054302895955956,0.9258614014711576,0.9736399604352127,3.012266889121353,6.875037549475468,25.012033799978404
7,grid_fixed_deep_d4_n400_lr05,3,0.3978248897841793,7.105082903255403,14.21675563077805,0.8902868264709494,0.9238482384823847,0.9476755687438181,3.2407300409307442,11.566335559775611,33.41644907731276
7,grid_fixed_deep_d4_n400_lr05,4,0.604175219820142,5.346053204804218,11.526317748596316,0.8974314301750588,0.9242934572202864,0.9296735905044511,2.595455542497122,7.097489846801758,42.14833796281081
7,grid_fixed_deep_d4_n400_lr05,5,0.6503983219707079,4.651314999976711,10.832429028723332,0.9160495542108047,0.9472706155632985,0.9543026706231454,2.684343087565241,5.865954571856874,31.448979169405423
7,grid_fixed_deep_d4_n400_lr05,6,0.41827487091936955,6.887625984607755,13.973268698957028,0.9113391066374665,0.9322686798296554,0.966295746785361,2.7208007152081564,10.432646079138552,51.31962095113901
7,grid_fixed_deep_d4_n400_lr05,7,0.6603599716591695,4.449223257797959,10.676982534477249,0.9268725262256947,0.9384823848238483,0.972032640949555,2.794510187365487,4.884425685212107,34.4381883445153
7,grid_fixed_deep_d4_n400_lr05,8,0.5937817082937527,5.836082455941582,11.67666540867652,0.9197788789860651,0.9394502516453737,0.9820474777448072,3.145649326255689,8.186262104057544,33.74771332080548
7,grid_fixed_deep_d4_n400_lr05,9,0.6108659665840466,5.629018754727721,11.428486138278535,0.917713940569563,0.9385598141695704,0.9483432245301682,2.698179119380555,8.917914556838527,26.78566882500282
7,grid_fixed_frozen_d2_n200_lr05,0,0.6193815544674308,5.6594499658118815,11.302747187618372,0.8959878785270181,0.9317847464188929,0.9463897131552916,3.6579018388409086,7.4434515840934985,25.97265461261456
7,grid_fixed_frozen_d2_n200_lr05,1,0.6059770221852389,5.877232554056181,11.500053810836462,0.8868743154404027,0.9160472319008905,0.9499752720079129,3.0785163200033865,9.107011842577386,24.948636145958535
7,grid_fixed_frozen_d2_n200_lr05,2,0.6021889792026105,5.83241729343239,11.555200972949194,0.8691632165058817,0.9261711188540457,0.9510509396636992,3.8945915815439536,7.295759732101902,28.84794585007888
7,grid_fixed_frozen_d2_n200_lr05,3,0.421122088805278,7.218882323795378,13.939031101757916,0.8834115223607611,0.9197444831591173,0.9196587537091988,3.6056953028098486,10.868337819556034,38.4434224818303
7,grid_fixed_frozen_d2_n200_lr05,4,0.6449534379137305,4.834539704024567,10.91645814424082,0.9250264240427404,0.9378048780487804,0.9695103857566766,2.554098649390983,6.880799222541577,27.804557679983287
7,grid_fixed_frozen_d2_n200_lr05,5,0.5945611658720481,5.657281010045275,11.665457351668968,0.9058261587737946,0.9345528455284553,0.9618076162215627,3.6169610346786607,7.191992114119097,29.966661083514868
7,grid_fixed_frozen_d2_n200_lr05,6,0.5737405441466784,5.812976549130029,11.96123742961637,0.9203900009314975,0.9347851335656213,0.963402571711177,3.144733337734318,8.578745365165942,27.973592036320614
7,grid_fixed_frozen_d2_n200_lr05,7,0.5909703925520988,5.826828779654388,11.717001101969473,0.9178930981599676,0.9358691444057298,0.9758778437190899,2.9353494275201775,9.189757236365114,25.199101386437047
7,grid_fixed_frozen_d2_n200_lr05,8,0.5444605415530668,5.919884922796204,12.365227146315629,0.8935022484813366,0.9179055361982191,0.9599035608308606,3.456789094071474,8.474915727233888,26.35247365217942
7,grid_fixed_frozen_d2_n200_lr05,9,0.5409037323307206,6.580248496673466,12.413406549070826,0.8769802558884341,0.9207123499806427,0.9484174085064293,3.90622349362076,9.774395082462195,23.42784766564002
7,grid_fixed_slow_d2_n400_lr02,0,0.6449401752621227,5.21103512816039,10.916662032750923,0.9036274607434086,0.9349206349206349,0.949357072205737,3.542630089173539,6.488719016335226,24.800816999582143
7,grid_fixed_slow_d2_n400_lr02,1,0.6464564487858209,5.662427769059362,10.89332743644393,0.888638474374396,0.917634533488192,0.9520400593471811,3.4162889024082306,7.781288238895301,26.97479440542368
7,grid_fixed_slow_d2_n400_lr02,2,0.6053197656965341,6.027231573623056,11.509641241044175,0.8711200944106607,0.9286875725900117,0.9496290801186945,4.043976779535492,7.926307442173813,24.487275361281174
7,grid_fixed_slow_d2_n400_lr02,3,0.4532936344190399,6.545725255789058,13.546158828402904,0.883144199327696,0.9297522260936896,0.9169386745796242,3.4871140448769187,9.816942042911414,30.668937407273503
7,grid_fixed_slow_d2_n400_lr02,4,0.6697496408075696,4.581361770473539,10.528360506329761,0.9191881942361964,0.9391114982578397,0.9659990108803165,2.715601184110334,5.626181500567811,31.362280857379616
7,grid_fixed_slow_d2_n400_lr02,5,0.5741299584809842,6.278199184906289,11.955772516700074,0.9013458073066805,0.9363917924893534,0.9609915924826905,3.558484000223495,8.983357060657848,30.31277511009803
7,grid_fixed_slow_d2_n400_lr02,6,0.5403448838802372,6.284096302698414,12.420959543568706,0.9174066816472914,0.9347464188927603,0.9560459940652819,3.2397395298562,9.623050083923339,29.241647511995758
7,grid_fixed_slow_d2_n400_lr02,7,0.643290169199425,5.130131227347376,10.94199815800716,0.9062206934845616,0.935191637630662,0.969782393669634,3.184151713204059,6.7691965877648546,26.090323533278244
7,grid_fixed_slow_d2_n400_lr02,8,0.5433616317755747,6.782548302857713,12.380132643298628,0.8937221944989309,0.9233643050716221,0.9538822947576657,3.9381526149500914,10.148152612767074,25.110370286794804
7,grid_fixed_slow_d2_n400_lr02,9,0.5791783019709019,6.415059838725034,11.884698269980493,0.8721042557111633,0.9264227642276422,0.9469831849653808,4.011287189904354,8.948444238512442,25.8492246891902
42,lever4_physical_retuned_shuffled_target,0,-0.1318660207167135,13.525227767035487,19.491111650291224,-0.2968914623668225,0.32446767324816106,0.4202027695351137,8.133189495225038,18.295699412351667,68.69837056380051
42,lever4_physical_retuned_shuffled_target,1,-0.10304885193720348,13.020646050811033,19.241391295251532,-0.1659256778368947,0.4077332559039876,0.4431256181998021,7.177698850940991,18.157606375676938,73.21940106318547
42,lever4_physical_retuned_shuffled_target,2,-0.15590348122508013,13.076838220200822,19.696990884507272,-0.20382530006100055,0.4832752613240418,0.3394906033630069,6.96549964466054,18.44682404137814,76.07805376493015
42,lever4_physical_retuned_shuffled_target,3,-0.04947485711123467,12.313689607775665,18.768307800854917,0.27872557918119284,0.7218350754936121,0.5201285855588527,6.331269186274484,17.849716128586277,70.44068358201247
42,lever4_physical_retuned_shuffled_target,4,-0.027101713973239017,12.841438282965528,18.56717475591839,-0.07160547805133304,0.4569008904374758,0.5051186943620178,7.782151320195899,17.059056249398896,67.89021506382868
42,lever4_physical_retuned_shuffled_target,5,-0.07640642105089657,12.638935786216955,19.007597984813234,-0.09169023290545315,0.44205381339527683,0.478202274975272,7.148296744030367,17.13925311713941,73.3570844914363
42,lever4_physical_retuned_shuffled_target,6,-0.08441869353343745,13.041720366723123,19.07820872232625,-0.18184381743554462,0.433855981416957,0.4222057368941642,7.495606177478639,18.14172994088838,67.33897260225737
42,lever4_physical_retuned_shuffled_target,7,-0.18843616845047295,13.712634504415231,19.97225159509523,-0.4382803268307511,0.3255420054200542,0.2490108803165183,7.582376437513562,19.322388277412184,74.07668282142052
42,lever4_physical_retuned_shuffled_target,8,-0.1334501847736589,13.14411011225594,19.50474679860461,-0.3105596024251316,0.3625048393341076,0.3227992087042532,7.30797062044752,18.24842444559733,73.61111420558049
42,lever4_physical_retuned_shuffled_target,9,-0.08547264161327206,12.950448612164054,19.0874775399561,-0.11809814146189489,0.4025164537359659,0.4887240356083086,7.616567644688323,17.26128234511867,72.70931199587308
42,lever4_morgan_frozen,0,-0.08609455726847082,11.670169854815795,19.092944790260024,0.28379894242367854,0.6788617886178862,0.4971562809099901,4.8987398476593125,18.28719981310295,73.01009515322171
42,lever4_morgan_retuned,0,0.021087676598922966,10.892274971424161,18.126376482299978,0.49620424351672154,0.7653019744483159,0.7193372898120673,4.791505537570694,16.474080940200345,70.97817398658165
